Timestamp,Time,Roll,Pitch,Yaw,Velocity_Increment_X,Velocity_Increment_Y,Velocity_Increment_Z,Acc_X,Acc_Y,Acc_Z,Gyro_X,Gyro_Y,Gyro_Z,Mag_X,Mag_Y,Mag_Z,Pressure
1764077388243396210,2025-11-25 18:59:48.237,0.638362,0.835734,61.376762,0.008361,0.015699,0.978689,0.093097,0.118017,9.811675,0.004003,0.000241,0.005926,0.146581,0.843608,-1.214817,100350.0000
1764077388339148691,2025-11-25 18:59:48.337,0.635844,0.839350,61.346760,0.009337,0.015687,0.978945,0.102830,0.111883,9.806207,0.002704,-0.002153,0.008378,0.147056,0.844067,-1.215794,100351.0000
1764077388439221377,2025-11-25 18:59:48.436,0.630183,0.838772,61.318871,0.009158,0.015912,0.978920,0.078321,0.116745,9.814828,-0.008366,-0.000410,0.005415,0.148025,0.843147,-1.214350,100350.0000
1764077388539430654,2025-11-25 18:59:48.536,0.628490,0.837399,61.290470,0.008999,0.015584,0.979017,0.109189,0.104033,9.813745,-0.004232,0.001042,0.007578,0.148492,0.844054,-1.216778,100346.0000
1764077388640571080,2025-11-25 18:59:48.636,0.629881,0.832490,61.258526,0.009007,0.015218,0.978911,0.108003,0.105269,9.820560,0.003177,0.000903,0.007839,0.149963,0.842719,-1.212445,100341.0000
1764077388738949080,2025-11-25 18:59:48.736,0.628158,0.826910,61.230244,0.008467,0.015397,0.979115,0.084179,0.104711,9.796361,0.000386,-0.000639,0.008810,0.147537,0.844069,-1.215801,100342.0000
1764077388838495154,2025-11-25 18:59:48.836,0.632493,0.821329,61.202698,0.008529,0.015388,0.978918,0.085345,0.090830,9.804011,-0.002661,0.002327,0.006534,0.150456,0.845109,-1.212489,100350.0000
1764077388938633636,2025-11-25 18:59:48.936,0.632198,0.819771,61.178284,0.008344,0.015345,0.978540,0.081851,0.094577,9.792053,-0.000010,0.000506,0.004949,0.149954,0.843166,-1.213897,100338.0000
1764077389038331173,2025-11-25 18:59:49.036,0.636533,0.823424,61.156147,0.008310,0.015484,0.978406,0.098373,0.086587,9.789591,0.008436,-0.002085,0.005834,0.151405,0.845551,-1.214436,100346.0000
1764077389138503247,2025-11-25 18:59:49.136,0.635973,0.825601,61.131260,0.008632,0.015726,0.978542,0.084395,0.120666,9.784558,0.001813,-0.000162,0.008158,0.152834,0.845516,-1.216383,100350.0000
1764077389237740006,2025-11-25 18:59:49.236,0.635790,0.829872,61.105080,0.008766,0.016038,0.978774,0.089447,0.164521,9.789977,-0.000041,-0.001682,0.007873,0.149954,0.845524,-1.215377,100344.0000
1764077389339965691,2025-11-25 18:59:49.337,0.632619,0.832797,61.081295,0.008860,0.015626,0.978921,0.077420,0.186377,9.765587,0.005003,-0.001078,0.006081,0.151887,0.845553,-1.214443,100349.0000
1764077389438542543,2025-11-25 18:59:49.436,0.631547,0.835306,61.054161,0.008901,0.015614,0.979083,0.075518,0.192630,9.763776,0.008051,-0.002962,0.007980,0.152373,0.845098,-1.213480,100342.0000
1764077389538678172,2025-11-25 18:59:49.536,0.627912,0.834484,61.028000,0.008981,0.015451,0.979043,0.084191,0.219515,9.756496,-0.000719,0.004073,0.007867,0.152831,0.842681,-1.214895,100346.0000
1764077389638826580,2025-11-25 18:59:49.636,0.627074,0.835171,61.006474,0.008964,0.015230,0.978915,0.089138,0.220770,9.771460,-0.003813,0.003597,0.007045,0.153343,0.846535,-1.213517,100346.0000
1764077389738549746,2025-11-25 18:59:49.736,0.626821,0.834026,60.983528,0.009031,0.015279,0.978868,0.081382,0.192813,9.791387,0.006526,0.000307,0.005591,0.154290,0.845086,-1.214472,100344.0000
1764077389838439691,2025-11-25 18:59:49.836,0.629450,0.832007,60.959801,0.008841,0.015361,0.978661,0.088130,0.155474,9.783739,0.008983,-0.002660,0.004738,0.155233,0.842681,-1.215412,100345.0000
1764077389938761820,2025-11-25 18:59:49.936,0.629238,0.828643,60.934769,0.008720,0.015212,0.978672,0.097517,0.120535,9.800343,0.002621,-0.003573,0.003976,0.154287,0.843663,-1.213968,100344.0000
1764077390038526024,2025-11-25 18:59:50.036,0.624969,0.829111,60.911777,0.008747,0.015773,0.978564,0.110390,0.105165,9.811049,-0.001976,-0.000954,0.005826,0.155247,0.844135,-1.214471,100347.0000
1764077390138428135,2025-11-25 18:59:50.136,0.626931,0.830661,60.890202,0.008665,0.015845,0.978666,0.097280,0.077838,9.793836,-0.000710,0.001086,0.003473,0.153320,0.845061,-1.215420,100347.0000
1764077390237770246,2025-11-25 18:59:50.236,0.629737,0.830385,60.867046,0.008427,0.015698,0.978815,0.106784,0.086082,9.796208,0.000530,-0.003667,0.007377,0.152837,0.845526,-1.215902,100352.0000
1764077390338892931,2025-11-25 18:59:50.336,0.626292,0.834473,60.846039,0.008675,0.015492,0.978791,0.089771,0.133149,9.795566,0.002583,-0.000078,0.007725,0.158138,0.844158,-1.214033,100341.0000
1764077390438514468,2025-11-25 18:59:50.436,0.623729,0.836003,60.825958,0.008657,0.015569,0.979004,0.090016,0.165622,9.773447,-0.002342,-0.002436,0.004528,0.156214,0.846507,-1.215485,100342.0000
1764077390538965690,2025-11-25 18:59:50.536,0.621469,0.836390,60.804401,0.009108,0.015696,0.978982,0.061058,0.191368,9.774426,0.000984,0.003929,0.007301,0.155729,0.844137,-1.214478,100348.0000
1764077390638551672,2025-11-25 18:59:50.636,0.622986,0.835150,60.783085,0.008781,0.015227,0.979087,0.055095,0.220558,9.772954,0.001443,0.001333,0.007071,0.155730,0.843670,-1.213990,100352.0000
1764077390738359820,2025-11-25 18:59:50.736,0.620026,0.834135,60.760933,0.008555,0.015321,0.978575,0.061189,0.210519,9.768527,0.002158,-0.001697,0.004415,0.157639,0.843637,-1.215944,100345.0000
1764077390839386986,2025-11-25 18:59:50.836,0.620350,0.833648,60.741199,0.008631,0.015230,0.978945,0.085744,0.196768,9.781280,-0.001720,-0.003279,0.002482,0.155737,0.845103,-1.214011,100342.0000
1764077390938869968,2025-11-25 18:59:50.936,0.621671,0.834495,60.720909,0.008495,0.015437,0.978207,0.097660,0.174460,9.779328,-0.000016,-0.002803,0.003348,0.156712,0.843725,-1.211597,100351.0000
1764077391037900745,2025-11-25 18:59:51.036,0.619486,0.837382,60.701313,0.008493,0.015282,0.978678,0.104257,0.116003,9.802531,0.006196,-0.001591,0.004151,0.158135,0.842735,-1.213529,100346.0000
1764077391137811468,2025-11-25 18:59:51.136,0.617841,0.839668,60.682125,0.008960,0.015541,0.978845,0.087201,0.090440,9.797852,0.003298,-0.004548,0.003369,0.159093,0.842729,-1.214025,100350.0000
1764077391237696893,2025-11-25 18:59:51.236,0.619921,0.839754,60.662983,0.009402,0.015384,0.978906,0.100257,0.088707,9.808382,-0.000335,0.001320,0.005488,0.158131,0.845083,-1.215491,100350.0000
1764077391338442653,2025-11-25 18:59:51.336,0.618624,0.838814,60.641438,0.009054,0.015561,0.979093,0.090882,0.091754,9.790341,-0.001460,0.002889,0.006418,0.160059,0.844157,-1.214542,100340.0000
1764077391438835190,2025-11-25 18:59:51.436,0.620399,0.836834,60.618980,0.008855,0.015298,0.979037,0.077093,0.133158,9.772416,0.002403,0.001659,0.005722,0.158127,0.842715,-1.214492,100348.0000
1764077391538425245,2025-11-25 18:59:51.536,0.624593,0.830102,60.596680,0.008601,0.015519,0.978979,0.080498,0.168717,9.776011,0.006485,0.001385,0.006423,0.159093,0.844142,-1.215009,100341.0000
1764077391638249301,2025-11-25 18:59:51.636,0.623407,0.828310,60.579166,0.008375,0.015535,0.978641,0.059121,0.200741,9.750237,0.005487,0.001403,0.004855,0.160543,0.840866,-1.212091,100344.0000
1764077391738896967,2025-11-25 18:59:51.736,0.626961,0.830030,60.562279,0.008283,0.015534,0.978412,0.051042,0.208662,9.763342,-0.005059,0.003497,0.005562,0.161029,0.844181,-1.213594,100343.0000
1764077391838828875,2025-11-25 18:59:51.836,0.626130,0.833350,60.546082,0.008295,0.015465,0.978612,0.074144,0.223727,9.773672,-0.004268,-0.000753,0.004271,0.161515,0.845139,-1.213615,100348.0000
1764077391938647837,2025-11-25 18:59:51.936,0.622512,0.839760,60.529446,0.008465,0.015847,0.978636,0.084377,0.219587,9.782703,0.001456,-0.003130,0.002715,0.160546,0.846059,-1.215060,100350.0000
1764077392038540671,2025-11-25 18:59:52.036,0.621751,0.840134,60.512203,0.008850,0.015393,0.979134,0.108021,0.175652,9.792377,0.000154,-0.003111,0.002344,0.160999,0.843632,-1.216956,100348.0000
1764077392138299597,2025-11-25 18:59:52.136,0.618473,0.839190,60.495075,0.009090,0.015634,0.979093,0.108873,0.121564,9.803405,0.000620,-0.002298,0.004504,0.162470,0.845123,-1.214593,100355.0000
1764077392237859152,2025-11-25 18:59:52.236,0.617901,0.834810,60.474686,0.009111,0.015084,0.979038,0.104959,0.095431,9.811591,0.006997,-0.001262,0.002185,0.161014,0.844140,-1.215519,100345.0000
1764077392338482948,2025-11-25 18:59:52.336,0.619754,0.830129,60.455753,0.008491,0.015060,0.979344,0.110997,0.075246,9.805084,0.002739,0.001301,0.007184,0.160512,0.840784,-1.215942,100345.0000
1764077392439475374,2025-11-25 18:59:52.436,0.622623,0.824543,60.437012,0.008475,0.015528,0.978819,0.058340,0.086808,9.785758,-0.003127,0.000420,0.003477,0.162496,0.848019,-1.213192,100352.0000
1764077392538979596,2025-11-25 18:59:52.536,0.620906,0.823890,60.418583,0.008168,0.015774,0.978568,0.077810,0.128946,9.801428,-0.000850,-0.001161,0.005489,0.163435,0.844192,-1.213629,100344.0000
1764077392638612819,2025-11-25 18:59:52.636,0.618703,0.828820,60.400497,0.008450,0.015660,0.978756,0.101329,0.182214,9.768010,0.008897,-0.001196,0.005575,0.163422,0.843216,-1.214578,100344.0000
1764077392739026948,2025-11-25 18:59:52.736,0.613606,0.832354,60.382896,0.008528,0.016068,0.978511,0.073595,0.224480,9.767927,0.001296,0.002057,0.008054,0.163901,0.842741,-1.214577,100352.0000
1764077392839358578,2025-11-25 18:59:52.836,0.608769,0.832389,60.364216,0.009082,0.015737,0.978923,0.077161,0.226296,9.765101,0.002385,0.000798,0.004174,0.164879,0.845144,-1.214147,100352.0000
1764077392938508485,2025-11-25 18:59:52.936,0.601830,0.831444,60.345966,0.009026,0.015684,0.978920,0.073783,0.217520,9.768984,-0.001624,-0.003912,0.004524,0.164403,0.844684,-1.213170,100343.0000
1764077393038080207,2025-11-25 18:59:53.036,0.600914,0.826938,60.323383,0.009101,0.015436,0.978737,0.099322,0.195331,9.782600,0.002550,-0.000979,0.003545,0.164395,0.843719,-1.213636,100353.0000
1764077393138496003,2025-11-25 18:59:53.136,0.602233,0.821888,60.304436,0.008849,0.015297,0.979075,0.080855,0.138457,9.792253,0.000642,0.001237,0.005412,0.163420,0.842739,-1.214570,100352.0000
1764077393237753411,2025-11-25 18:59:53.236,0.607576,0.820079,60.288216,0.008624,0.015348,0.979077,0.112259,0.105605,9.811857,-0.001455,0.000480,0.001610,0.164383,0.843688,-1.215080,100346.0000
1764077393338398522,2025-11-25 18:59:53.336,0.613218,0.817767,60.269993,0.008797,0.015414,0.979140,0.107031,0.096366,9.810094,-0.000047,-0.000982,0.000653,0.166316,0.842304,-1.213161,100348.0000
1764077393438444466,2025-11-25 18:59:53.436,0.612656,0.819956,60.250320,0.008503,0.015920,0.978771,0.097493,0.076444,9.809184,-0.000398,0.000150,0.004208,0.165842,0.845148,-1.214161,100348.0000
1764077393538435929,2025-11-25 18:59:53.536,0.607499,0.822480,60.229713,0.008420,0.015794,0.978892,0.076461,0.124186,9.799017,0.003030,-0.002229,0.007545,0.166324,0.844683,-1.213679,100352.0000
1764077393638425392,2025-11-25 18:59:53.636,0.596666,0.824030,60.211143,0.008523,0.015779,0.978294,0.079008,0.162509,9.773326,0.000190,0.001218,0.005660,0.166312,0.843707,-1.214628,100351.0000
1764077393738434096,2025-11-25 18:59:53.736,0.592316,0.829209,60.193577,0.008939,0.015185,0.978530,0.086710,0.192569,9.768107,-0.002809,-0.000105,0.004647,0.166320,0.844672,-1.214161,100348.0000
1764077393839691188,2025-11-25 18:59:53.836,0.588963,0.825081,60.177334,0.009083,0.015207,0.978919,0.077192,0.206870,9.774798,0.003545,-0.001785,0.001706,0.167284,0.844209,-1.213686,100350.0000
1764077393938509929,2025-11-25 18:59:53.936,0.586393,0.825464,60.160034,0.009004,0.014932,0.978822,0.061375,0.213938,9.767821,0.004244,-0.001361,0.006878,0.167288,0.846577,-1.214686,100349.0000
1764077394038465077,2025-11-25 18:59:54.036,0.587619,0.823707,60.144939,0.008570,0.015222,0.979066,0.093048,0.196999,9.788596,0.000184,0.000351,0.003717,0.167285,0.845154,-1.214182,100348.0000
1764077394138387336,2025-11-25 18:59:54.136,0.591228,0.824050,60.128048,0.008572,0.015069,0.979365,0.089669,0.144059,9.791639,0.000205,-0.001304,0.002914,0.168726,0.844683,-1.214196,100346.0000
1764077394237679003,2025-11-25 18:59:54.236,0.598906,0.828486,60.107010,0.008489,0.015880,0.979099,0.121233,0.125422,9.810147,0.004242,-0.000574,0.009042,0.167761,0.845614,-1.215159,100350.0000
1764077394338331318,2025-11-25 18:59:54.336,0.599209,0.829547,60.085358,0.008748,0.015697,0.978804,0.124851,0.098972,9.804624,0.003056,-0.000626,0.006856,0.169200,0.844665,-1.215166,100348.0000
1764077394439055725,2025-11-25 18:59:54.436,0.595506,0.832509,60.064301,0.009069,0.015911,0.978809,0.090996,0.088426,9.805354,-0.001905,0.002138,0.004411,0.169215,0.844706,-1.213241,100344.0000
1764077394538636632,2025-11-25 18:59:54.536,0.587979,0.831199,60.046776,0.009128,0.015491,0.978530,0.078651,0.108373,9.792843,0.002512,-0.000375,0.003354,0.166800,0.845142,-1.214657,100350.0000
1764077394638173428,2025-11-25 18:59:54.636,0.574766,0.829740,60.033554,0.008782,0.015781,0.978730,0.082725,0.133896,9.798460,0.002811,0.001037,0.007047,0.170662,0.844723,-1.212781,100350.0000
1764077394738515465,2025-11-25 18:59:54.736,0.575036,0.823168,60.018669,0.009083,0.015270,0.978864,0.073552,0.193235,9.774226,0.000548,0.000977,0.006568,0.169688,0.844687,-1.214211,100345.0000
1764077394839120928,2025-11-25 18:59:54.836,0.572139,0.820729,60.003887,0.008461,0.015190,0.978961,0.066457,0.226836,9.765722,-0.000621,0.002633,0.003714,0.170652,0.845637,-1.214721,100351.0000
1764077394938724817,2025-11-25 18:59:54.936,0.579983,0.818437,59.988583,0.008540,0.015168,0.978859,0.065313,0.225461,9.767138,0.000201,0.004325,0.002797,0.172564,0.844670,-1.215697,100352.0000
1764077395038207262,2025-11-25 18:59:55.036,0.586982,0.820148,59.974354,0.008552,0.015865,0.978930,0.097306,0.211379,9.780949,0.004140,-0.002192,0.001856,0.169684,0.844677,-1.214692,100352.0000
1764077395138355187,2025-11-25 18:59:55.136,0.592808,0.824299,59.957615,0.008698,0.015925,0.978725,0.107297,0.170365,9.780154,0.006279,-0.004076,0.004236,0.172573,0.844223,-1.214246,100350.0000
1764077395237688132,2025-11-25 18:59:55.236,0.594293,0.825310,59.939808,0.008926,0.015623,0.978614,0.114658,0.120940,9.802054,0.001896,-0.002727,0.006133,0.173057,0.844703,-1.214260,100343.0000
1764077395339164984,2025-11-25 18:59:55.336,0.591435,0.825344,59.923229,0.009236,0.015637,0.978852,0.117885,0.091303,9.807558,0.000406,-0.002837,0.003274,0.171613,0.846109,-1.215224,100349.0000
1764077395439180539,2025-11-25 18:59:55.436,0.586658,0.828585,59.907154,0.009277,0.015717,0.978861,0.104850,0.084506,9.816231,0.002181,0.000655,0.005681,0.170645,0.846562,-1.216180,100344.0000
1764077395538336946,2025-11-25 18:59:55.536,0.581941,0.828782,59.891171,0.008783,0.014922,0.979005,0.102370,0.097308,9.818357,0.006550,-0.000566,0.003693,0.171609,0.844686,-1.214721,100352.0000
1764077395638813354,2025-11-25 18:59:55.636,0.578718,0.825504,59.875851,0.008886,0.015200,0.978856,0.080099,0.129998,9.786861,-0.003226,0.002656,0.008116,0.171128,0.843271,-1.213729,100352.0000
1764077395738415446,2025-11-25 18:59:55.736,0.576402,0.822778,59.859097,0.008802,0.015446,0.978982,0.085333,0.191052,9.770479,0.001010,0.004273,0.006918,0.174027,0.845673,-1.213808,100358.0000
1764077395838711094,2025-11-25 18:59:55.836,0.578200,0.819539,59.843380,0.008618,0.015744,0.978934,0.072338,0.214238,9.779177,0.002867,-0.002577,0.008181,0.173523,0.841839,-1.214224,100352.0000
1764077395938647613,2025-11-25 18:59:55.936,0.581603,0.819124,59.823948,0.008454,0.015857,0.978756,0.065612,0.222758,9.777413,0.000014,-0.002329,0.005225,0.174505,0.845664,-1.214296,100347.0000
1764077396038223835,2025-11-25 18:59:56.036,0.580411,0.820924,59.809189,0.008718,0.015952,0.978674,0.096011,0.228230,9.773746,-0.004451,0.000998,0.003423,0.176427,0.845196,-1.214318,100355.0000
1764077396138542353,2025-11-25 18:59:56.136,0.576784,0.821323,59.789368,0.008812,0.015921,0.978459,0.110724,0.178734,9.798130,-0.001626,0.004567,0.002371,0.173536,0.845173,-1.214756,100354.0000
1764077396237739446,2025-11-25 18:59:56.236,0.576126,0.822927,59.773491,0.008562,0.015418,0.978591,0.088221,0.132056,9.791820,0.002643,-0.000626,0.001736,0.174007,0.844676,-1.215719,100350.0000
1764077396338826372,2025-11-25 18:59:56.336,0.572864,0.818917,59.756943,0.008672,0.015472,0.979039,0.089564,0.079779,9.813654,0.001649,0.002110,0.004855,0.174513,0.846630,-1.213829,100350.0000
1764077396438773261,2025-11-25 18:59:56.436,0.572504,0.817855,59.742325,0.008562,0.015160,0.978826,0.087897,0.088685,9.809778,0.002154,0.005441,0.005081,0.174491,0.843744,-1.214749,100350.0000
1764077396538774335,2025-11-25 18:59:56.536,0.572262,0.813948,59.724636,0.008888,0.015457,0.979022,0.084446,0.108332,9.802610,-0.004332,-0.001684,0.003786,0.176427,0.845196,-1.214318,100348.0000
1764077396638466057,2025-11-25 18:59:56.636,0.573182,0.811411,59.709991,0.008576,0.015571,0.978853,0.073398,0.144232,9.782333,0.003146,0.003204,0.001198,0.174990,0.845677,-1.213822,100348.0000
1764077396738767927,2025-11-25 18:59:56.736,0.573864,0.812225,59.695812,0.008273,0.015627,0.978782,0.075691,0.203931,9.763038,0.001843,-0.003145,0.006150,0.176427,0.845196,-1.214318,100350.0000
1764077396838670446,2025-11-25 18:59:56.836,0.568595,0.808422,59.680691,0.008689,0.015651,0.978845,0.055591,0.222571,9.767873,-0.000758,-0.002773,0.003980,0.175951,0.844736,-1.213340,100347.0000
1764077396940254149,2025-11-25 18:59:56.936,0.567959,0.807049,59.665897,0.008886,0.015766,0.978757,0.078291,0.222327,9.768545,0.001334,-0.000102,0.002005,0.176886,0.844669,-1.216724,100347.0000
1764077397038327112,2025-11-25 18:59:57.036,0.567488,0.805229,59.648201,0.008779,0.015498,0.978921,0.095325,0.207829,9.782272,0.002944,-0.000299,0.003734,0.177869,0.845670,-1.214827,100347.0000
1764077397138372723,2025-11-25 18:59:57.136,0.566574,0.806038,59.633541,0.008801,0.015445,0.978802,0.097498,0.150116,9.795066,0.005379,-0.002178,-0.000173,0.177382,0.843767,-1.214310,100351.0000
1764077397237853186,2025-11-25 18:59:57.236,0.569599,0.807141,59.619972,0.008806,0.015285,0.978971,0.114412,0.124846,9.800430,0.002333,0.001646,0.003259,0.175458,0.844703,-1.214777,100346.0000
1764077397338690797,2025-11-25 18:59:57.336,0.569479,0.806832,59.607349,0.008867,0.015538,0.979220,0.108587,0.055065,9.817916,0.002876,-0.001268,0.002731,0.176915,0.846631,-1.214347,100354.0000
1764077397439291371,2025-11-25 18:59:57.436,0.572317,0.807705,59.593052,0.008849,0.015213,0.978882,0.088749,0.070016,9.797345,0.000580,-0.002462,0.004392,0.178342,0.847064,-1.216782,100349.0000
1764077397538447575,2025-11-25 18:59:57.536,0.567394,0.806994,59.578197,0.008835,0.015618,0.978897,0.079425,0.115198,9.780031,0.001335,0.004729,0.006152,0.177863,0.843769,-1.214317,100352.0000
1764077397638182445,2025-11-25 18:59:57.636,0.562030,0.801748,59.564865,0.008461,0.015448,0.978779,0.082782,0.146849,9.790211,-0.003220,0.002664,0.005233,0.176916,0.843806,-1.212377,100346.0000
1764077397738495834,2025-11-25 18:59:57.736,0.557901,0.801390,59.553322,0.008714,0.015771,0.978885,0.070852,0.193681,9.763137,-0.005917,-0.000376,0.000733,0.176414,0.844220,-1.215265,100350.0000
1764077397838610445,2025-11-25 18:59:57.836,0.554143,0.800322,59.542347,0.008517,0.015720,0.978638,0.066805,0.233011,9.768598,0.003158,-0.000281,0.003507,0.177888,0.845721,-1.212421,100354.0000
1764077397938604649,2025-11-25 18:59:57.936,0.551944,0.803157,59.530468,0.009008,0.015455,0.978568,0.080722,0.227852,9.786991,0.004425,-0.001347,0.005215,0.178335,0.844218,-1.215775,100352.0000
1764077398038330834,2025-11-25 18:59:58.036,0.549864,0.803954,59.519859,0.008447,0.015617,0.978888,0.092037,0.191951,9.783212,0.002174,0.000459,0.002970,0.178846,0.844770,-1.212420,100348.0000
1764077398138433889,2025-11-25 18:59:58.136,0.551651,0.806996,59.506912,0.008746,0.015446,0.978771,0.107182,0.147352,9.803343,-0.003935,-0.000433,0.002264,0.178348,0.843781,-1.213842,100345.0000
1764077398237685186,2025-11-25 18:59:58.236,0.552255,0.805355,59.492664,0.008725,0.015513,0.978802,0.088984,0.110478,9.804580,-0.000526,0.003574,0.001474,0.178360,0.843812,-1.212398,100348.0000
1764077398338953797,2025-11-25 18:59:58.336,0.552131,0.801803,59.479496,0.008818,0.015526,0.979056,0.096724,0.086870,9.802288,0.005898,-0.000641,0.003614,0.179817,0.845739,-1.211967,100350.0000
1764077398439319889,2025-11-25 18:59:58.436,0.551099,0.801669,59.468933,0.008774,0.015467,0.979005,0.091742,0.095327,9.797025,-0.000756,-0.003899,0.006272,0.178337,0.843751,-1.215286,100350.0000
1764077398538419741,2025-11-25 18:59:58.536,0.550238,0.801115,59.458923,0.009025,0.015478,0.979002,0.089646,0.127460,9.789577,-0.002521,0.000888,0.004600,0.179300,0.843288,-1.214812,100347.0000
1764077398638708778,2025-11-25 18:59:58.636,0.552344,0.800990,59.448029,0.008489,0.015327,0.978913,0.077967,0.158730,9.769529,-0.000244,0.001395,0.005563,0.179318,0.845219,-1.213879,100351.0000
1764077398738398556,2025-11-25 18:59:58.736,0.553666,0.800043,59.437954,0.008722,0.015864,0.978759,0.076352,0.204211,9.767828,-0.001456,0.001351,0.004005,0.179317,0.846632,-1.214863,100345.0000
1764077398838557889,2025-11-25 18:59:58.836,0.553104,0.800922,59.425426,0.008708,0.016007,0.978797,0.065422,0.229768,9.771228,0.003422,0.000401,0.005830,0.180768,0.846658,-1.213922,100349.0000
1764077398938718500,2025-11-25 18:59:58.936,0.549592,0.803575,59.414814,0.008360,0.015981,0.978728,0.077749,0.225779,9.787154,0.002360,0.000214,0.003216,0.179785,0.842355,-1.213842,100348.0000
1764077399038200759,2025-11-25 18:59:59.036,0.542339,0.806731,59.406609,0.008676,0.015976,0.978847,0.088426,0.205481,9.780427,-0.001509,0.002185,0.002075,0.182676,0.844736,-1.214884,100346.0000
1764077399138071259,2025-11-25 18:59:59.136,0.535787,0.809842,59.398808,0.008803,0.015669,0.978933,0.097876,0.153985,9.790529,-0.003299,-0.004308,0.002940,0.180270,0.844725,-1.214848,100344.0000
1764077399237798092,2025-11-25 18:59:59.236,0.532882,0.810102,59.388992,0.009066,0.015147,0.978748,0.105388,0.101612,9.806567,-0.002296,-0.001616,-0.001892,0.180756,0.844270,-1.213885,100354.0000
1764077399338443333,2025-11-25 18:59:59.336,0.529956,0.806707,59.377880,0.009045,0.015009,0.978650,0.105354,0.088088,9.800185,0.005207,-0.002311,0.002352,0.183148,0.843773,-1.215358,100354.0000
1764077399438575314,2025-11-25 18:59:59.436,0.535676,0.808709,59.367466,0.008705,0.015093,0.978819,0.093914,0.069264,9.803919,0.008860,-0.003886,0.006093,0.180760,0.844280,-1.213404,100352.0000
1764077399538430518,2025-11-25 18:59:59.536,0.541579,0.806868,59.356071,0.008653,0.015288,0.978821,0.078010,0.131483,9.811120,0.001218,-0.001837,0.004767,0.182671,0.843781,-1.214869,100348.0000
1764077399638298092,2025-11-25 18:59:59.636,0.549501,0.806158,59.344700,0.008478,0.015765,0.978915,0.080144,0.152273,9.773111,0.003173,-0.000316,0.007633,0.180273,0.846148,-1.215352,100345.0000
1764077399738324814,2025-11-25 18:59:59.736,0.550258,0.809087,59.338493,0.008337,0.016125,0.978489,0.061993,0.210353,9.764693,0.004238,0.000085,0.005083,0.183652,0.845249,-1.213461,100349.0000
1764077399838497555,2025-11-25 18:59:59.836,0.541779,0.811009,59.330372,0.008886,0.015953,0.978949,0.077812,0.221422,9.755211,0.001495,0.000798,0.004536,0.181708,0.845189,-1.215840,100350.0000
1764077399938591981,2025-11-25 18:59:59.936,0.533025,0.816442,59.322830,0.009192,0.015860,0.978928,0.085293,0.223273,9.769614,-0.000094,-0.002802,0.002917,0.183631,0.843307,-1.214876,100354.0000
1764077400038374944,2025-11-25 19:00:00.036,0.524440,0.814729,59.316299,0.009376,0.015556,0.979011,0.093463,0.195531,9.797437,0.000297,-0.001164,0.003437,0.183645,0.846173,-1.214920,100344.0000
1764077400138440036,2025-11-25 19:00:00.136,0.517414,0.806836,59.309879,0.009052,0.015161,0.979086,0.094184,0.147261,9.807030,0.004076,0.000231,0.001595,0.181230,0.842839,-1.213870,100353.0000
1764077400237703203,2025-11-25 19:00:00.236,0.520531,0.800192,59.304737,0.008636,0.014972,0.979007,0.094064,0.089351,9.817435,0.007743,-0.002071,-0.001311,0.182677,0.845681,-1.215380,100345.0000
1764077400338588295,2025-11-25 19:00:00.336,0.525467,0.795746,59.298725,0.008681,0.015111,0.979045,0.111969,0.084743,9.821327,0.001712,0.000383,0.003203,0.183166,0.844291,-1.213440,100352.0000
1764077400439149462,2025-11-25 19:00:00.436,0.531629,0.791614,59.293541,0.008289,0.015646,0.978747,0.094049,0.099182,9.799967,0.002644,-0.002111,0.003312,0.181224,0.843764,-1.215329,100348.0000
1764077400539732684,2025-11-25 19:00:00.536,0.537511,0.791819,59.286465,0.008562,0.015666,0.978870,0.090141,0.118089,9.774267,0.001651,-0.000864,0.002608,0.184122,0.843807,-1.213928,100350.0000
1764077400638322943,2025-11-25 19:00:00.636,0.534151,0.792837,59.280525,0.008481,0.015886,0.978737,0.076601,0.168421,9.784329,-0.001535,-0.001158,0.008578,0.183138,0.843274,-1.216313,100348.0000
1764077400738140314,2025-11-25 19:00:00.736,0.529453,0.765449,59.274963,0.008719,0.016435,0.979665,0.064407,0.400184,9.808183,0.001841,0.010985,0.007288,0.182176,0.843270,-1.216299,100350.0000
1764077400838465351,2025-11-25 19:00:00.836,0.526911,0.687342,59.273502,0.005857,0.015550,0.979321,-0.081637,0.345572,9.746542,0.003616,0.013365,0.001423,0.183642,0.844750,-1.214417,100344.0000
1764077400939874906,2025-11-25 19:00:00.937,0.524300,0.532771,59.279812,0.000944,0.015419,0.980851,-0.243061,0.257697,9.684394,-0.000571,0.033798,-0.000944,0.186051,0.843826,-1.213475,100350.0000
1764077401038446128,2025-11-25 19:00:01.036,0.518959,0.228109,59.300331,-0.010144,0.015206,0.982502,-0.188952,0.224197,9.669206,-0.000946,0.066825,-0.003015,0.190857,0.844305,-1.214516,100346.0000
1764077401138525980,2025-11-25 19:00:01.136,0.517045,-0.219220,59.332527,-0.028808,0.014912,0.980646,-0.172150,0.172780,9.882149,0.002713,0.081166,-0.002972,0.192781,0.844314,-1.214545,100349.0000
1764077401237705221,2025-11-25 19:00:01.236,0.522608,-0.644949,59.374542,-0.057223,0.014646,0.977001,-0.811724,-0.111887,9.528829,0.006603,0.052286,-0.012613,0.196160,0.845772,-1.214135,100351.0000
1764077401339442721,2025-11-25 19:00:01.336,0.534756,-0.803560,59.431007,-0.074394,0.015635,0.973558,-0.602473,0.233389,9.724092,0.002559,-0.003327,-0.010381,0.196636,0.843874,-1.213632,100347.0000
1764077401438466998,2025-11-25 19:00:01.436,0.549254,-0.641441,59.499371,-0.072795,0.014102,0.971611,-0.301281,-0.075611,9.818653,-0.000123,-0.051790,-0.007227,0.193728,0.841920,-1.215004,100345.0000
1764077401538547554,2025-11-25 19:00:01.536,0.565228,-0.251682,59.585724,-0.057992,0.017502,0.972927,-0.137177,-0.018128,9.890518,0.004430,-0.076950,-0.016737,0.190349,0.842819,-1.216894,100348.0000
1764077401638555646,2025-11-25 19:00:01.636,0.566046,0.179463,59.694569,-0.036820,0.017018,0.973486,-0.216821,-0.035365,9.858014,0.002994,-0.065784,-0.016040,0.184099,0.843746,-1.216816,100350.0000
1764077401738200739,2025-11-25 19:00:01.736,0.562664,0.473106,59.828510,-0.016111,0.018501,0.979971,0.079864,0.240641,9.957230,-0.000585,-0.030900,-0.013946,0.182168,0.843250,-1.217262,100347.0000
1764077401838893498,2025-11-25 19:00:01.836,0.547103,0.526824,59.983788,-0.008254,0.017517,0.983344,-0.195325,0.362618,9.943395,-0.002527,0.013320,-0.032408,0.178338,0.845641,-1.216278,100346.0000
1764077401938466794,2025-11-25 19:00:01.936,0.542024,0.379978,60.157822,-0.008494,0.015597,0.986303,-0.047450,0.155299,9.878382,-0.002575,0.039505,-0.027611,0.177364,0.843248,-1.216228,100346.0000
1764077402038099035,2025-11-25 19:00:02.036,0.549978,0.114063,60.332413,-0.021132,0.017071,0.984807,-0.470107,0.091617,9.979214,0.002584,0.045077,-0.037383,0.176898,0.844700,-1.215280,100348.0000
1764077402138127831,2025-11-25 19:00:02.136,0.566760,-0.163594,60.504253,-0.032510,0.016585,0.980822,-0.477165,0.077878,9.768027,0.004785,0.036183,-0.031712,0.175932,0.844685,-1.215747,100349.0000
1764077402237849350,2025-11-25 19:00:02.236,0.576701,-0.313563,60.677822,-0.042708,0.016893,0.977312,-0.476355,0.044602,9.674837,-0.003810,0.006371,-0.028014,0.178808,0.841842,-1.215264,100352.0000
1764077402338183609,2025-11-25 19:00:02.336,0.577382,-0.284946,60.850735,-0.043126,0.018699,0.973847,-0.402678,-0.216844,9.749063,-0.005202,-0.019078,-0.037451,0.174967,0.844203,-1.215726,100346.0000
1764077402438389442,2025-11-25 19:00:02.436,0.575105,-0.122483,61.025837,-0.034130,0.019321,0.972533,-0.042579,0.091482,9.928114,-0.002967,-0.035424,-0.040990,0.171586,0.843212,-1.216624,100351.0000
1764077402538635831,2025-11-25 19:00:02.536,0.565334,0.069712,61.202572,-0.021513,0.016044,0.972946,-0.223938,0.087509,9.710896,0.003055,-0.035805,-0.025430,0.168720,0.844195,-1.214671,100345.0000
1764077402638723183,2025-11-25 19:00:02.636,0.567400,0.413236,61.367870,-0.010320,0.015565,0.972162,-0.007782,0.264612,9.732883,0.003732,-0.083963,-0.013188,0.159571,0.842721,-1.214513,100349.0000
1764077402738811683,2025-11-25 19:00:02.737,0.574029,1.017556,61.509979,0.013244,0.018881,0.977613,0.174572,0.358407,9.733373,-0.002703,-0.116161,-0.019931,0.154776,0.844631,-1.213509,100347.0000
1764077402838534090,2025-11-25 19:00:02.836,0.576863,1.624249,61.640205,0.045349,0.017720,0.984849,0.676563,0.194913,9.895778,0.005535,-0.092945,-0.018136,0.145622,0.843614,-1.214322,100343.0000
1764077402938834016,2025-11-25 19:00:02.936,0.560878,1.948916,61.768524,0.071229,0.018266,0.990463,0.895705,0.273177,9.918707,-0.000496,-0.024083,-0.018107,0.141300,0.842202,-1.212310,100346.0000
1764077403038417460,2025-11-25 19:00:03.036,0.545395,1.871668,61.898037,0.075414,0.017000,0.989736,0.645915,0.226657,9.860133,0.000079,0.045876,-0.026763,0.140814,0.843603,-1.213769,100350.0000
1764077403138528775,2025-11-25 19:00:03.136,0.533192,1.469679,62.031082,0.058682,0.015532,0.985132,0.369552,0.191099,9.794326,-0.001202,0.087319,-0.024349,0.142755,0.844597,-1.212368,100350.0000
1764077403237759534,2025-11-25 19:00:03.236,0.539945,0.948877,62.149792,0.032485,0.014133,0.978702,0.183791,0.130492,9.793708,0.001055,0.086972,-0.020723,0.146135,0.846056,-1.211959,100349.0000
1764077403338548294,2025-11-25 19:00:03.336,0.554547,0.534927,62.251854,0.007190,0.014422,0.973118,-0.048440,0.156809,9.721385,0.001739,0.050267,-0.016872,0.147548,0.843155,-1.213862,100354.0000
1764077403438348682,2025-11-25 19:00:03.436,0.570492,0.374404,62.338120,-0.007051,0.014946,0.970116,-0.103185,0.090788,9.706165,0.007371,0.001548,-0.011370,0.152360,0.843177,-1.213933,100346.0000
1764077403538302293,2025-11-25 19:00:03.536,0.586462,0.471257,62.416401,-0.006434,0.015480,0.970013,-0.009735,0.101202,9.728374,0.003772,-0.036151,-0.009000,0.145630,0.843634,-1.213359,100343.0000
1764077403638149775,2025-11-25 19:00:03.636,0.595523,0.731603,62.484478,0.005666,0.016370,0.972234,0.191381,0.124228,9.754365,-0.001681,-0.050512,-0.007203,0.145630,0.842222,-1.212374,100346.0000
1764077403738408442,2025-11-25 19:00:03.736,0.592454,1.010899,62.549000,0.021167,0.016954,0.976372,0.317027,0.163783,9.791745,-0.004297,-0.041454,-0.006787,0.138420,0.845035,-1.213274,100358.0000
1764077403838744293,2025-11-25 19:00:03.836,0.587443,1.189486,62.612953,0.032211,0.016006,0.980558,0.344698,0.197989,9.795876,0.001379,-0.021234,-0.010334,0.138888,0.844061,-1.214229,100349.0000
1764077403938503923,2025-11-25 19:00:03.936,0.581674,1.217828,62.670696,0.035370,0.015231,0.983544,0.326198,0.226584,9.811361,0.004910,0.005956,-0.007894,0.138896,0.844082,-1.213267,100352.0000
1764077404038409719,2025-11-25 19:00:04.036,0.579510,1.118142,62.726582,0.031244,0.015435,0.985057,0.252847,0.207357,9.833783,0.003815,0.020087,-0.010409,0.136471,0.844020,-1.215638,100353.0000
1764077404138338589,2025-11-25 19:00:04.136,0.582355,0.962922,62.787689,0.022738,0.015470,0.983956,0.171418,0.194030,9.822104,0.000238,0.024820,-0.012323,0.140333,0.843600,-1.213762,100354.0000
1764077404237739275,2025-11-25 19:00:04.236,0.578156,0.822099,62.848061,0.014259,0.015167,0.981294,0.113326,0.163327,9.813652,-0.004147,0.018725,-0.011383,0.140332,0.842655,-1.213266,100354.0000
1764077404339059997,2025-11-25 19:00:04.336,0.576719,0.748262,62.903118,0.009357,0.015055,0.977709,0.111908,0.099327,9.782944,0.002702,0.005719,-0.009425,0.138406,0.844527,-1.214711,100354.0000
1764077404438559645,2025-11-25 19:00:04.436,0.587432,0.749850,62.947243,0.008175,0.014540,0.975156,0.114668,0.073220,9.771925,0.007584,-0.004294,-0.007102,0.137452,0.844075,-1.213245,100354.0000
1764077404538478571,2025-11-25 19:00:04.536,0.600319,0.806695,62.985363,0.010274,0.014382,0.974305,0.121049,0.071618,9.764063,0.007796,-0.015592,-0.003587,0.140331,0.843123,-1.213755,100353.0000
1764077404638463830,2025-11-25 19:00:04.636,0.614861,0.871810,63.020905,0.013869,0.015816,0.975088,0.148522,0.108974,9.760342,0.000333,-0.009559,-0.003363,0.136001,0.844049,-1.214187,100349.0000
1764077404739571163,2025-11-25 19:00:04.736,0.624141,0.916111,63.062195,0.016956,0.016370,0.977159,0.169509,0.156515,9.766458,0.002258,-0.007661,-0.003566,0.134564,0.845943,-1.214676,100352.0000
1764077404838687830,2025-11-25 19:00:04.836,0.619960,0.923956,63.107677,0.019043,0.016631,0.979108,0.170466,0.204965,9.787419,0.004482,-0.001747,-0.004816,0.136011,0.843601,-1.212735,100350.0000
1764077404938664459,2025-11-25 19:00:04.936,0.612879,0.898003,63.152122,0.018738,0.016055,0.980921,0.185888,0.248329,9.805077,0.001160,0.005877,-0.004131,0.133576,0.843987,-1.216558,100350.0000
1764077405038380237,2025-11-25 19:00:05.036,0.600521,0.847696,63.199104,0.017410,0.015412,0.981461,0.169150,0.230004,9.797118,-0.004694,0.007870,-0.006627,0.135529,0.843599,-1.212728,100348.0000
1764077405138242515,2025-11-25 19:00:05.136,0.595094,0.797390,63.253597,0.014669,0.014990,0.981283,0.135180,0.193586,9.803415,-0.000599,0.010716,-0.009958,0.135531,0.843132,-1.212239,100349.0000
1764077405237787959,2025-11-25 19:00:05.236,0.600064,0.766854,63.309597,0.012287,0.014943,0.979985,0.125728,0.149007,9.812498,0.002510,0.004191,-0.009431,0.135031,0.844024,-1.215135,100350.0000
1764077405338720348,2025-11-25 19:00:05.336,0.605138,0.760979,63.367588,0.010959,0.014939,0.978724,0.107407,0.098089,9.796030,0.004855,-0.000053,-0.009328,0.132624,0.842123,-1.214108,100346.0000
1764077405438524922,2025-11-25 19:00:05.436,0.612939,0.779426,63.429501,0.011188,0.015059,0.977456,0.128958,0.093593,9.798569,0.000809,-0.006127,-0.009335,0.135034,0.843089,-1.214158,100352.0000
1764077405538590996,2025-11-25 19:00:05.536,0.618775,0.806060,63.497784,0.011959,0.015545,0.977115,0.142073,0.096465,9.788043,0.001393,-0.005821,-0.008147,0.131662,0.842118,-1.214093,100351.0000
1764077405638647940,2025-11-25 19:00:05.636,0.616962,0.832838,63.569370,0.013708,0.015859,0.977024,0.160081,0.103621,9.792328,-0.002015,-0.007688,-0.010728,0.131667,0.844019,-1.214604,100348.0000
1764077405738420311,2025-11-25 19:00:05.736,0.614402,0.849155,63.648743,0.014805,0.015884,0.978026,0.163326,0.180942,9.779181,0.003818,-0.000336,-0.011174,0.129246,0.841609,-1.215013,100344.0000
1764077405838606366,2025-11-25 19:00:05.836,0.610766,0.849102,63.736492,0.015535,0.015522,0.979078,0.147679,0.196436,9.780103,0.001508,0.002671,-0.012619,0.126848,0.842564,-1.214511,100350.0000
1764077405938492607,2025-11-25 19:00:05.936,0.611518,0.825903,63.826992,0.015253,0.015013,0.979511,0.125964,0.222786,9.769235,0.001798,0.008730,-0.013325,0.127820,0.842121,-1.213074,100348.0000
1764077406038381273,2025-11-25 19:00:06.036,0.615605,0.791863,63.920223,0.013863,0.015491,0.980064,0.126811,0.226453,9.783502,-0.003443,0.005371,-0.014064,0.126851,0.843042,-1.214518,100346.0000
1764077406138091773,2025-11-25 19:00:06.136,0.622336,0.758730,64.014198,0.011927,0.015197,0.979699,0.103073,0.196677,9.780506,0.001099,0.006404,-0.014601,0.126846,0.844444,-1.215985,100344.0000
1764077406237916422,2025-11-25 19:00:06.236,0.627384,0.735842,64.109001,0.010679,0.015971,0.978901,0.124057,0.147159,9.808819,0.001818,0.000755,-0.015918,0.125887,0.841147,-1.213512,100356.0000
1764077406338174940,2025-11-25 19:00:06.336,0.626735,0.735874,64.206154,0.009881,0.016271,0.978407,0.112223,0.109959,9.801299,0.006814,-0.007633,-0.017382,0.121560,0.841138,-1.212966,100356.0000
1764077406438730458,2025-11-25 19:00:06.436,0.626803,0.751660,64.295898,0.010370,0.015821,0.978092,0.127796,0.084778,9.804823,0.004429,-0.004279,-0.011827,0.122058,0.842126,-1.211544,100355.0000
1764077406538473532,2025-11-25 19:00:06.536,0.628129,0.773710,64.390144,0.011616,0.015622,0.978269,0.118677,0.112203,9.793701,-0.001795,-0.005416,-0.016909,0.120116,0.842544,-1.213930,100352.0000
1764077406638769329,2025-11-25 19:00:06.636,0.627831,0.795977,64.485809,0.012753,0.015262,0.978368,0.141054,0.111727,9.770030,0.002344,-0.005789,-0.010671,0.121061,0.842030,-1.215863,100344.0000
1764077406738392792,2025-11-25 19:00:06.736,0.632452,0.802753,64.584824,0.013178,0.015615,0.979177,0.113921,0.194992,9.776431,0.004674,0.002085,-0.013257,0.117236,0.841606,-1.212428,100348.0000
1764077406838192551,2025-11-25 19:00:06.836,0.635727,0.797431,64.680763,0.012768,0.015948,0.979266,0.115641,0.210665,9.781383,-0.000281,0.001243,-0.015460,0.116734,0.839663,-1.213836,100351.0000
1764077406938570625,2025-11-25 19:00:06.936,0.633079,0.783163,64.776009,0.012394,0.015836,0.979524,0.106048,0.225311,9.758256,-0.003607,0.006539,-0.013352,0.114342,0.842518,-1.213844,100346.0000
1764077407038278291,2025-11-25 19:00:07.036,0.626723,0.768052,64.874657,0.011333,0.015831,0.979264,0.110517,0.218094,9.781276,-0.001652,0.002108,-0.016261,0.115318,0.842086,-1.211926,100347.0000
1764077407138485162,2025-11-25 19:00:07.136,0.621342,0.761458,64.970406,0.010987,0.015457,0.978807,0.105240,0.194233,9.792212,0.004119,0.002012,-0.017618,0.112394,0.840090,-1.215224,100348.0000
1764077407237705458,2025-11-25 19:00:07.236,0.624065,0.763347,65.066772,0.010472,0.015512,0.978611,0.115658,0.119089,9.807876,-0.001069,-0.004677,-0.017290,0.112902,0.840164,-1.211861,100352.0000
1764077407338138773,2025-11-25 19:00:07.336,0.627560,0.764128,65.160286,0.010439,0.015012,0.978455,0.120544,0.104885,9.801551,0.000985,0.002062,-0.018671,0.112911,0.844900,-1.213860,100356.0000
1764077407438641421,2025-11-25 19:00:07.436,0.640133,0.770398,65.255577,0.011167,0.015180,0.978514,0.124450,0.061589,9.790085,0.002724,-0.003012,-0.015957,0.109071,0.843023,-1.211367,100341.0000
1764077407538165050,2025-11-25 19:00:07.536,0.646626,0.774249,65.348160,0.011460,0.015832,0.978536,0.092998,0.098254,9.798079,0.003561,-0.000981,-0.013989,0.108086,0.842957,-1.214241,100344.0000
1764077407638401365,2025-11-25 19:00:07.636,0.654829,0.771299,65.442184,0.011834,0.015962,0.978599,0.133395,0.143657,9.782773,0.005554,-0.000394,-0.012345,0.107600,0.842000,-1.214219,100351.0000
1764077407738841513,2025-11-25 19:00:07.736,0.654313,0.763265,65.541023,0.011944,0.016485,0.978859,0.109509,0.177446,9.772544,0.001154,0.001667,-0.014833,0.105186,0.841969,-1.215146,100351.0000
1764077407838434458,2025-11-25 19:00:07.836,0.652176,0.752306,65.641434,0.011843,0.015809,0.979097,0.091868,0.220098,9.766118,-0.004528,0.003265,-0.015825,0.107120,0.841530,-1.213723,100350.0000
1764077407939143217,2025-11-25 19:00:07.936,0.646062,0.740827,65.739105,0.011121,0.015511,0.978891,0.074486,0.230823,9.783560,-0.003354,0.002042,-0.016772,0.104233,0.840572,-1.213185,100348.0000
1764077408038166383,2025-11-25 19:00:08.036,0.646069,0.733405,65.838127,0.010558,0.015713,0.979113,0.099236,0.213848,9.776934,0.000815,0.001854,-0.016472,0.103269,0.841035,-1.213659,100345.0000
1764077408138523976,2025-11-25 19:00:08.136,0.650614,0.735083,65.938461,0.009605,0.015193,0.979104,0.096848,0.172342,9.788395,-0.000646,-0.002348,-0.018911,0.101829,0.841039,-1.213156,100348.0000
1764077408237925568,2025-11-25 19:00:08.236,0.651352,0.741021,66.038033,0.009836,0.015653,0.978954,0.105710,0.131722,9.800202,0.001697,-0.005353,-0.013072,0.100392,0.841520,-1.212661,100344.0000
1764077408338315346,2025-11-25 19:00:08.336,0.654567,0.755947,66.135246,0.010071,0.015481,0.978589,0.126346,0.089755,9.807767,-0.001848,-0.004841,-0.015040,0.098916,0.839542,-1.215498,100342.0000
1764077408438579531,2025-11-25 19:00:08.436,0.656865,0.773734,66.227097,0.010550,0.015604,0.978314,0.131638,0.066975,9.804569,0.005267,-0.005284,-0.007814,0.094628,0.841047,-1.211124,100348.0000
1764077408538489402,2025-11-25 19:00:08.536,0.655705,0.783672,66.322769,0.011476,0.015369,0.978493,0.112779,0.098885,9.785772,0.003055,0.000909,-0.015669,0.094114,0.840019,-1.214472,100356.0000
1764077408638415216,2025-11-25 19:00:08.636,0.661974,0.785137,66.414307,0.011806,0.015799,0.978828,0.118520,0.139720,9.791626,0.005043,0.001306,-0.012707,0.093168,0.840055,-1.212532,100344.0000
1764077408738518624,2025-11-25 19:00:08.736,0.668177,0.770560,66.510323,0.011626,0.015572,0.979438,0.103949,0.189334,9.783867,0.000643,0.007216,-0.013382,0.095084,0.841456,-1.214508,100344.0000
1764077408838709920,2025-11-25 19:00:08.836,0.678114,0.753250,66.604935,0.011092,0.015434,0.979206,0.104226,0.228358,9.775604,-0.000349,0.001726,-0.015993,0.091243,0.840046,-1.212504,100345.0000
1764077408938528698,2025-11-25 19:00:08.936,0.683940,0.731605,66.696777,0.010530,0.015606,0.979156,0.073654,0.232823,9.772941,0.005540,0.001429,-0.012649,0.092679,0.838620,-1.212503,100348.0000
1764077409038071698,2025-11-25 19:00:09.036,0.682279,0.713384,66.788666,0.009822,0.016007,0.978765,0.093502,0.213229,9.771234,-0.004022,0.003998,-0.018390,0.093166,0.840522,-1.213021,100346.0000
1764077409138570457,2025-11-25 19:00:09.136,0.677568,0.705259,66.881241,0.008946,0.015742,0.978609,0.094010,0.181964,9.786214,-0.002813,0.001833,-0.018814,0.090750,0.840014,-1.213941,100352.0000
1764077409237690827,2025-11-25 19:00:09.236,0.672511,0.708743,66.972878,0.009072,0.015254,0.978205,0.113464,0.124004,9.793461,0.003173,-0.002794,-0.014764,0.088355,0.840501,-1.212950,100345.0000
1764077409339319790,2025-11-25 19:00:09.336,0.669128,0.724904,67.062149,0.009505,0.015228,0.978652,0.114915,0.099190,9.804893,-0.003203,-0.004082,-0.015941,0.086898,0.837161,-1.212396,100344.0000
1764077409438617309,2025-11-25 19:00:09.436,0.677209,0.738865,67.149452,0.010421,0.015237,0.978902,0.131544,0.071266,9.811090,0.003279,-0.004266,-0.012509,0.086425,0.840949,-1.213891,100348.0000
1764077409538632771,2025-11-25 19:00:09.536,0.682032,0.751378,67.239029,0.010817,0.015396,0.979077,0.101524,0.099507,9.801985,0.007859,-0.003987,-0.012728,0.086428,0.840014,-1.212914,100350.0000
1764077409638623290,2025-11-25 19:00:09.636,0.689416,0.755052,67.328377,0.010972,0.015570,0.979041,0.108234,0.132453,9.785457,0.004903,-0.003310,-0.010999,0.082586,0.840018,-1.211895,100346.0000
1764077409739386086,2025-11-25 19:00:09.736,0.694203,0.751456,67.414345,0.011029,0.015929,0.978966,0.092019,0.183485,9.780681,0.001742,-0.003651,-0.010708,0.082086,0.838552,-1.213310,100352.0000
1764077409838642401,2025-11-25 19:00:09.836,0.697696,0.740272,67.498428,0.011210,0.015991,0.979059,0.108328,0.223335,9.769711,0.003281,0.000625,-0.010611,0.081607,0.839027,-1.213310,100346.0000
1764077409938548456,2025-11-25 19:00:09.936,0.699002,0.727677,67.580978,0.010674,0.015865,0.979080,0.085933,0.230050,9.773742,0.006395,0.005194,-0.013921,0.081597,0.838529,-1.214265,100351.0000
1764077410038445030,2025-11-25 19:00:10.036,0.697464,0.710291,67.662338,0.009799,0.015585,0.979175,0.098118,0.213311,9.775656,-0.002270,0.001934,-0.015554,0.080168,0.837618,-1.211823,100353.0000
1764077410138367401,2025-11-25 19:00:10.136,0.695912,0.703255,67.742386,0.009651,0.015131,0.978914,0.115819,0.190374,9.780656,-0.004226,0.001894,-0.015544,0.079196,0.837116,-1.212764,100346.0000
1764077410237699697,2025-11-25 19:00:10.236,0.702218,0.699738,67.820152,0.009271,0.014947,0.978352,0.089221,0.144318,9.794542,0.005675,-0.003141,-0.016465,0.082085,0.839019,-1.213798,100339.0000
1764077410339550364,2025-11-25 19:00:10.336,0.706867,0.701947,67.899254,0.009555,0.015001,0.978098,0.100741,0.117856,9.807793,0.004154,-0.002030,-0.013564,0.077760,0.837130,-1.211779,100356.0000
1764077410438613012,2025-11-25 19:00:10.436,0.709755,0.712053,67.976830,0.009627,0.016015,0.978420,0.111212,0.091733,9.783416,0.000796,-0.003900,-0.010300,0.077267,0.837097,-1.213216,100347.0000
1764077410539294141,2025-11-25 19:00:10.536,0.712742,0.719207,68.052292,0.010246,0.016107,0.978823,0.123259,0.097329,9.799579,0.000364,-0.000382,-0.010332,0.073405,0.835159,-1.213612,100345.0000
1764077410638250919,2025-11-25 19:00:10.636,0.711457,0.725583,68.124527,0.010683,0.015858,0.979023,0.111451,0.093175,9.796977,0.003829,-0.000769,-0.008467,0.074851,0.838001,-1.215121,100348.0000
1764077410738365567,2025-11-25 19:00:10.736,0.709443,0.719470,68.193077,0.010684,0.015402,0.979246,0.106227,0.127976,9.796965,0.002048,0.001214,-0.011235,0.075340,0.838023,-1.214165,100349.0000
1764077410840039734,2025-11-25 19:00:10.836,0.713304,0.704731,68.262001,0.010284,0.014892,0.979170,0.088790,0.154245,9.775569,0.006006,0.006231,-0.012858,0.072936,0.837545,-1.213641,100350.0000
1764077410938741030,2025-11-25 19:00:10.936,0.720462,0.696896,68.331932,0.009539,0.015070,0.978681,0.081450,0.200148,9.762248,0.004892,0.001997,-0.007713,0.072455,0.836130,-1.212649,100354.0000
1764077411038424196,2025-11-25 19:00:11.036,0.729690,0.689401,68.400696,0.009302,0.015306,0.978709,0.066530,0.227716,9.773810,-0.000358,-0.002688,-0.008457,0.073408,0.836582,-1.214115,100345.0000
1764077411138159715,2025-11-25 19:00:11.136,0.730828,0.688949,68.468704,0.009163,0.015720,0.978590,0.082233,0.242372,9.763209,-0.000621,-0.002081,-0.013575,0.070025,0.835113,-1.215006,100345.0000
1764077411237793937,2025-11-25 19:00:11.236,0.727375,0.693582,68.537094,0.009399,0.016284,0.978531,0.094063,0.186479,9.780110,0.002832,-0.004333,-0.013667,0.068116,0.837503,-1.214533,100352.0000
1764077411339358863,2025-11-25 19:00:11.336,0.725868,0.698853,68.605553,0.009968,0.015572,0.978652,0.083288,0.178646,9.783616,0.000750,-0.001859,-0.011245,0.067634,0.837968,-1.215014,100347.0000
1764077411438523270,2025-11-25 19:00:11.436,0.724591,0.701750,68.674019,0.010330,0.015525,0.978777,0.124170,0.134453,9.800671,-0.001197,0.001132,-0.014066,0.068103,0.835582,-1.214985,100345.0000
1764077411538406122,2025-11-25 19:00:11.536,0.724615,0.700040,68.739021,0.010255,0.015194,0.979032,0.100018,0.094737,9.799260,0.000916,-0.003504,-0.013917,0.065219,0.836992,-1.215445,100344.0000
1764077411638802511,2025-11-25 19:00:11.636,0.723246,0.694055,68.800949,0.010121,0.015202,0.978859,0.112096,0.084496,9.801512,0.001198,-0.000422,-0.009102,0.067159,0.838454,-1.214533,100344.0000
1764077411738387196,2025-11-25 19:00:11.736,0.729043,0.689986,68.860542,0.009465,0.015812,0.978853,0.088310,0.085864,9.806009,0.004642,0.001580,-0.008502,0.063302,0.836059,-1.213958,100343.0000
1764077411838585455,2025-11-25 19:00:11.836,0.733401,0.686489,68.921303,0.009150,0.015451,0.979072,0.088247,0.118407,9.799316,-0.002553,-0.001818,-0.008862,0.064271,0.837496,-1.213994,100346.0000
1764077411938664529,2025-11-25 19:00:11.936,0.737162,0.685935,68.979874,0.009504,0.015737,0.978806,0.065564,0.167890,9.777225,0.000527,-0.001527,-0.006410,0.063807,0.837067,-1.211573,100350.0000
1764077412037947233,2025-11-25 19:00:12.036,0.735160,0.686436,69.040253,0.009449,0.015788,0.978854,0.071444,0.199403,9.756391,-0.002006,0.000477,-0.007376,0.064250,0.834142,-1.214424,100343.0000
1764077412138396825,2025-11-25 19:00:12.136,0.735695,0.686174,69.098717,0.010131,0.015533,0.978822,0.091216,0.232764,9.770088,-0.003639,0.000317,-0.008632,0.061841,0.834121,-1.214870,100344.0000
1764077412237676122,2025-11-25 19:00:12.236,0.736118,0.680536,69.158821,0.009969,0.015465,0.978756,0.098761,0.222993,9.772838,-0.004197,-0.002439,-0.010730,0.061371,0.835562,-1.214404,100344.0000
1764077412338896751,2025-11-25 19:00:12.336,0.738603,0.678938,69.216827,0.009942,0.015321,0.978893,0.097819,0.187524,9.775185,0.003886,-0.001243,-0.011549,0.060908,0.836078,-1.212479,100340.0000
1764077412438563233,2025-11-25 19:00:12.436,0.738685,0.677073,69.276268,0.009353,0.015492,0.978938,0.094018,0.146768,9.810021,0.000219,0.001571,-0.010646,0.060910,0.836556,-1.212486,100348.0000
1764077412538436362,2025-11-25 19:00:12.536,0.739603,0.669167,69.330193,0.009713,0.015288,0.978687,0.116209,0.117555,9.817098,-0.006905,0.001910,-0.010137,0.060883,0.835072,-1.214871,100350.0000
1764077412638409844,2025-11-25 19:00:12.636,0.741506,0.672130,69.384399,0.009451,0.015521,0.979069,0.102704,0.102271,9.808765,0.002771,0.000523,-0.008169,0.057532,0.836988,-1.213887,100343.0000
1764077412738099158,2025-11-25 19:00:12.736,0.743092,0.670546,69.438736,0.009343,0.015265,0.978872,0.095528,0.087883,9.800447,0.007172,-0.002300,-0.007712,0.057038,0.835065,-1.214333,100342.0000
1764077412838432825,2025-11-25 19:00:12.836,0.747315,0.671110,69.495148,0.009452,0.015022,0.978790,0.090100,0.101350,9.798897,0.002562,-0.001484,-0.007630,0.056554,0.834585,-1.214318,100351.0000
1764077412938503621,2025-11-25 19:00:12.936,0.751504,0.673628,69.549675,0.009717,0.015428,0.978763,0.096334,0.167962,9.788193,0.002987,-0.008350,-0.003857,0.057054,0.836051,-1.212903,100347.0000
1764077413038436621,2025-11-25 19:00:13.036,0.759253,0.677200,69.600204,0.009633,0.015374,0.978509,0.078599,0.186460,9.780014,0.000260,-0.004560,-0.006975,0.055619,0.837010,-1.212415,100343.0000
1764077413138366991,2025-11-25 19:00:13.136,0.764335,0.672402,69.650032,0.009615,0.015389,0.978818,0.081484,0.223332,9.768674,0.004181,0.001752,-0.006177,0.055582,0.830312,-1.212794,100349.0000
1764077413237825640,2025-11-25 19:00:13.236,0.767231,0.668727,69.700577,0.009470,0.015783,0.978920,0.081699,0.252903,9.780376,-0.005055,-0.000824,-0.007394,0.054633,0.832229,-1.212327,100343.0000
1764077413338921269,2025-11-25 19:00:13.336,0.768672,0.666422,69.750854,0.009353,0.015419,0.978891,0.106052,0.199151,9.782356,-0.002991,-0.002515,-0.011772,0.054144,0.832206,-1.213283,100348.0000
1764077413438566325,2025-11-25 19:00:13.436,0.768446,0.667588,69.798180,0.009184,0.015254,0.978730,0.094102,0.167168,9.785011,-0.003825,-0.000616,-0.010653,0.051744,0.834096,-1.213758,100353.0000
1764077413538231176,2025-11-25 19:00:13.536,0.767214,0.669883,69.850998,0.009787,0.015234,0.978756,0.106457,0.127288,9.806640,0.000996,0.000321,-0.011442,0.057034,0.835054,-1.214814,100345.0000
1764077413638679491,2025-11-25 19:00:13.637,0.763263,0.668417,69.902672,0.009760,0.015842,0.978963,0.107706,0.109475,9.813176,0.006063,0.000158,-0.008790,0.051760,0.834137,-1.211833,100346.0000
1764077413738906324,2025-11-25 19:00:13.737,0.763970,0.662677,69.951912,0.009989,0.015689,0.979055,0.109965,0.098622,9.809476,0.003001,-0.000121,-0.009659,0.051255,0.831716,-1.213233,100349.0000
1764077413838609954,2025-11-25 19:00:13.837,0.766059,0.662915,70.003510,0.009629,0.015640,0.978603,0.102831,0.098815,9.796281,-0.000806,-0.001114,-0.006593,0.049814,0.834545,-1.214700,100345.0000
1764077413938740510,2025-11-25 19:00:13.937,0.764935,0.659124,70.049400,0.009182,0.015165,0.978891,0.094300,0.096230,9.801876,-0.000169,0.000927,-0.006076,0.051257,0.833606,-1.214225,100350.0000
1764077414038157806,2025-11-25 19:00:14.036,0.767070,0.658774,70.095451,0.009190,0.014976,0.978825,0.104833,0.117751,9.810312,0.002276,0.000091,-0.004698,0.050788,0.834580,-1.213270,100347.0000
1764077414140784824,2025-11-25 19:00:14.136,0.775421,0.658962,70.143356,0.009527,0.015087,0.978592,0.092694,0.118852,9.786064,0.005962,-0.001569,-0.006408,0.050783,0.832679,-1.212759,100343.0000
1764077414238475380,2025-11-25 19:00:14.237,0.784689,0.658944,70.190201,0.009467,0.015125,0.978558,0.073438,0.148126,9.770665,0.005653,-0.003861,-0.005418,0.049340,0.833618,-1.213234,100348.0000
1764077414339169269,2025-11-25 19:00:14.337,0.787083,0.660854,70.237831,0.009205,0.015507,0.978515,0.083129,0.185018,9.770194,0.001164,-0.000400,-0.007046,0.048384,0.834101,-1.212745,100347.0000
1764077414440489954,2025-11-25 19:00:14.436,0.792362,0.664784,70.284439,0.009507,0.015943,0.978963,0.085981,0.202385,9.779878,-0.000801,0.002724,-0.002939,0.046915,0.829786,-1.213140,100350.0000
1764077414538350509,2025-11-25 19:00:14.536,0.797545,0.663594,70.329025,0.009741,0.016195,0.979020,0.070675,0.229409,9.773089,0.002342,-0.002407,-0.006723,0.047417,0.831729,-1.211732,100344.0000
1764077414641272342,2025-11-25 19:00:14.637,0.791998,0.660442,70.374390,0.010031,0.015884,0.979078,0.078833,0.216504,9.757795,0.003412,0.002339,-0.007404,0.046446,0.834530,-1.214650,100342.0000
1764077414746337916,2025-11-25 19:00:14.741,0.785055,0.658267,70.419930,0.009972,0.015584,0.979125,0.091695,0.226468,9.762446,0.004324,-0.002610,-0.005946,0.045954,0.833084,-1.215102,100342.0000
1764077414850297194,2025-11-25 19:00:14.830,0.780439,0.653058,70.465027,0.009386,0.015250,0.978862,0.096446,0.217075,9.773933,-0.001564,0.001473,-0.007890,0.046459,0.833148,-1.212221,100346.0000
1764077414942748176,2025-11-25 19:00:14.936,0.781073,0.648535,70.511223,0.009094,0.014887,0.979021,0.083303,0.216579,9.764723,0.000316,-0.001931,-0.006507,0.044024,0.829762,-1.213579,100345.0000
1764077415038360638,2025-11-25 19:00:15.035,0.786141,0.648416,70.558090,0.009236,0.015028,0.978632,0.087468,0.213627,9.773919,0.006677,-0.005734,-0.005476,0.045963,0.832637,-1.213651,100348.0000
1764077415139716342,2025-11-25 19:00:15.136,0.791466,0.648617,70.599045,0.009345,0.015233,0.978734,0.095126,0.221260,9.788062,0.003843,0.000060,-0.006363,0.043579,0.834568,-1.212201,100348.0000
1764077415238504157,2025-11-25 19:00:15.236,0.794649,0.650730,70.642982,0.009567,0.015329,0.978921,0.087554,0.223980,9.772348,-0.000447,-0.001342,-0.010068,0.041172,0.833611,-1.211669,100352.0000
1764077415340057472,2025-11-25 19:00:15.336,0.798930,0.650923,70.686089,0.009509,0.015583,0.978756,0.098213,0.219165,9.782664,0.002745,-0.001708,-0.007914,0.042123,0.833585,-1.213127,100345.0000
1764077415440355972,2025-11-25 19:00:15.436,0.800528,0.652047,70.731628,0.009371,0.015807,0.978852,0.085309,0.231695,9.776296,0.008684,-0.000692,-0.007833,0.040673,0.830733,-1.212099,100343.0000
1764077415540426249,2025-11-25 19:00:15.536,0.796076,0.645472,70.776367,0.009558,0.015747,0.979123,0.095620,0.219549,9.777921,-0.001031,-0.003215,-0.004769,0.042111,0.834967,-1.215556,100351.0000
1764077415639635805,2025-11-25 19:00:15.637,0.792929,0.644594,70.819992,0.009471,0.015178,0.979001,0.084732,0.191489,9.773350,-0.001791,-0.002985,-0.007301,0.043072,0.832614,-1.214089,100351.0000
1764077415738976453,2025-11-25 19:00:15.736,0.784949,0.644203,70.864998,0.009353,0.015248,0.978714,0.094869,0.186997,9.780554,-0.002717,-0.002204,-0.010253,0.039216,0.831163,-1.214011,100349.0000
1764077415839083342,2025-11-25 19:00:15.836,0.782756,0.640902,70.907158,0.009091,0.014962,0.978654,0.083250,0.167533,9.791239,-0.000201,-0.003122,-0.004744,0.041162,0.831701,-1.211640,100349.0000
1764077415938881490,2025-11-25 19:00:15.936,0.782030,0.645681,70.952583,0.009267,0.015423,0.978470,0.107838,0.145972,9.791958,0.003917,-0.002530,-0.007682,0.039705,0.831186,-1.213055,100343.0000
1764077416038972545,2025-11-25 19:00:16.036,0.780196,0.646616,70.995972,0.009309,0.015831,0.978569,0.106931,0.129991,9.816019,0.003413,0.000290,-0.005103,0.037758,0.829704,-1.214930,100354.0000
1764077416138885212,2025-11-25 19:00:16.136,0.780171,0.645991,71.040695,0.009458,0.015403,0.978750,0.101895,0.093553,9.806406,0.002745,0.000763,-0.007994,0.037772,0.830212,-1.213493,100354.0000
1764077416238000693,2025-11-25 19:00:16.236,0.783329,0.642502,71.085358,0.009504,0.014903,0.978762,0.108883,0.093284,9.803545,-0.003320,0.000098,-0.005211,0.038729,0.831619,-1.214974,100351.0000
1764077416340089860,2025-11-25 19:00:16.336,0.789163,0.637842,71.129326,0.009552,0.015238,0.978620,0.099503,0.078426,9.795763,0.005691,-0.002376,-0.003300,0.037318,0.832639,-1.211597,100344.0000
1764077416439417064,2025-11-25 19:00:16.436,0.794750,0.633518,71.172226,0.009272,0.015354,0.979084,0.102863,0.097406,9.810987,0.004395,-0.001360,-0.006636,0.035856,0.831169,-1.212998,100356.0000
1764077416540626175,2025-11-25 19:00:16.536,0.800871,0.629398,71.215439,0.009057,0.015339,0.978946,0.082915,0.130872,9.778762,-0.001128,-0.000446,-0.003689,0.035359,0.831126,-1.214916,100346.0000
1764077416638795860,2025-11-25 19:00:16.636,0.804623,0.630796,71.260414,0.008799,0.015371,0.978872,0.074828,0.186311,9.760190,-0.001034,-0.002894,-0.009421,0.034411,0.831630,-1.213466,100348.0000
1764077416739358989,2025-11-25 19:00:16.736,0.808019,0.636928,71.306183,0.008899,0.015629,0.978726,0.073055,0.205479,9.759844,0.002974,0.000490,-0.006466,0.033910,0.829219,-1.214385,100352.0000
1764077416838867952,2025-11-25 19:00:16.836,0.809089,0.642255,71.352066,0.009299,0.015326,0.978492,0.068121,0.230181,9.773131,0.001668,-0.004250,-0.006604,0.033460,0.833069,-1.212992,100344.0000
1764077416938818415,2025-11-25 19:00:16.936,0.802663,0.642900,71.400276,0.009467,0.015563,0.978900,0.108084,0.220010,9.770844,0.000725,-0.001185,-0.008425,0.032475,0.830178,-1.213896,100350.0000
1764077417038632008,2025-11-25 19:00:17.036,0.796594,0.641944,71.448624,0.009694,0.015290,0.978933,0.095694,0.212088,9.785790,-0.000260,0.000475,-0.007855,0.032947,0.828269,-1.213874,100346.0000
1764077417139247045,2025-11-25 19:00:17.136,0.792665,0.635482,71.494926,0.009491,0.015463,0.978937,0.106454,0.182694,9.795773,-0.001218,0.001869,-0.006997,0.032971,0.831634,-1.212963,100345.0000
1764077417238049341,2025-11-25 19:00:17.236,0.791659,0.626755,71.540771,0.009326,0.015152,0.978926,0.095295,0.124313,9.810854,0.002763,-0.004842,-0.007316,0.031513,0.830174,-1.213882,100350.0000
1764077417339487322,2025-11-25 19:00:17.336,0.797229,0.620628,71.586494,0.009457,0.015037,0.978894,0.103238,0.090672,9.800449,0.005142,0.000235,-0.009191,0.031047,0.831625,-1.212934,100348.0000
1764077417439822470,2025-11-25 19:00:17.436,0.803930,0.619166,71.633453,0.008847,0.015336,0.978794,0.104513,0.077825,9.809244,0.001288,0.002526,-0.009837,0.032009,0.829271,-1.211468,100354.0000
1764077417538850285,2025-11-25 19:00:17.536,0.808953,0.617789,71.680763,0.008884,0.015341,0.978635,0.109031,0.078370,9.793001,0.001345,0.001240,-0.008646,0.030557,0.830657,-1.213394,100348.0000
1764077417638600693,2025-11-25 19:00:17.636,0.818077,0.616761,71.728523,0.008781,0.015413,0.978586,0.089837,0.146940,9.780479,0.006577,-0.001036,-0.005822,0.031050,0.829277,-1.210972,100346.0000
1764077417739900341,2025-11-25 19:00:17.736,0.822130,0.618675,71.777695,0.009133,0.015294,0.978633,0.087689,0.150806,9.779846,-0.001458,-0.002824,-0.005864,0.029107,0.830163,-1.213847,100354.0000
1764077417839996989,2025-11-25 19:00:17.836,0.820079,0.622298,71.825447,0.009664,0.015492,0.978820,0.083898,0.213971,9.763597,-0.006650,0.001171,-0.005497,0.027669,0.831112,-1.213840,100347.0000
1764077417938230618,2025-11-25 19:00:17.936,0.819987,0.622926,71.873978,0.009823,0.015322,0.979081,0.093925,0.214817,9.770167,-0.004180,0.000723,-0.008555,0.027673,0.829709,-1.212374,100347.0000
1764077418039252952,2025-11-25 19:00:18.036,0.822204,0.620573,71.922256,0.009776,0.015515,0.979134,0.083752,0.220165,9.774984,0.002760,-0.001185,-0.007598,0.027194,0.830185,-1.212374,100344.0000
1764077418138721155,2025-11-25 19:00:18.136,0.818690,0.614358,71.971519,0.009225,0.015784,0.978864,0.086746,0.187863,9.784467,-0.001616,-0.001999,-0.010287,0.027661,0.827321,-1.212337,100350.0000
1764077418238537859,2025-11-25 19:00:18.236,0.815219,0.612596,72.018852,0.009453,0.015553,0.978879,0.103488,0.149282,9.800686,-0.002392,0.002591,-0.009333,0.026707,0.828282,-1.211856,100350.0000
1764077418341330007,2025-11-25 19:00:18.336,0.812124,0.608089,72.069229,0.009192,0.014913,0.978786,0.101324,0.118587,9.810184,-0.000559,-0.001756,-0.011279,0.023811,0.828716,-1.213265,100352.0000
1764077418438762396,2025-11-25 19:00:18.436,0.820269,0.609375,72.116364,0.008901,0.014951,0.978654,0.109091,0.094837,9.798455,0.004919,-0.000968,-0.009770,0.022848,0.830125,-1.214236,100343.0000
1764077418538726377,2025-11-25 19:00:18.536,0.826932,0.609080,72.163620,0.008940,0.015113,0.978604,0.099271,0.090792,9.810665,0.004427,-0.001659,-0.006303,0.025246,0.827757,-1.213753,100346.0000
1764077418641206025,2025-11-25 19:00:18.637,0.834504,0.609743,72.211563,0.009194,0.015494,0.978709,0.095540,0.120699,9.803674,0.004766,0.003590,-0.006385,0.024291,0.829186,-1.213761,100348.0000
1764077418740071581,2025-11-25 19:00:18.736,0.844599,0.609594,72.262314,0.009025,0.015974,0.979117,0.078807,0.129926,9.781660,0.001036,-0.001571,-0.008377,0.022837,0.828681,-1.214695,100346.0000
1764077418839272970,2025-11-25 19:00:18.836,0.846046,0.608793,72.312469,0.009349,0.015781,0.979031,0.075307,0.167118,9.781878,0.003170,-0.001867,-0.010748,0.022863,0.829220,-1.211814,100338.0000
1764077418940034821,2025-11-25 19:00:18.936,0.847741,0.606596,72.364204,0.009121,0.015619,0.978826,0.085102,0.211609,9.764854,0.002746,-0.002444,-0.007758,0.020407,0.825306,-1.215571,100344.0000
1764077419041614544,2025-11-25 19:00:19.036,0.845500,0.607439,72.413460,0.009457,0.015270,0.978649,0.079262,0.222763,9.769513,-0.006277,-0.004039,-0.006069,0.019966,0.827296,-1.211742,100342.0000
1764077419139211877,2025-11-25 19:00:19.136,0.844491,0.608591,72.463699,0.009147,0.015116,0.978761,0.088559,0.216617,9.788564,-0.000270,-0.001535,-0.006595,0.019954,0.826321,-1.212690,100343.0000
1764077419238172655,2025-11-25 19:00:19.236,0.840315,0.609712,72.513107,0.009357,0.015382,0.978841,0.084122,0.189795,9.784005,-0.002085,0.000057,-0.010241,0.020927,0.827768,-1.212245,100351.0000
1764077419340169062,2025-11-25 19:00:19.336,0.839291,0.605284,72.563278,0.009203,0.015230,0.978791,0.104382,0.145612,9.796393,0.003130,-0.004165,-0.009081,0.019978,0.827327,-1.210298,100349.0000
1764077419440793340,2025-11-25 19:00:19.436,0.838764,0.601394,72.613632,0.009201,0.014668,0.978747,0.114692,0.115762,9.804739,0.001732,0.000203,-0.010936,0.017056,0.824865,-1.213107,100347.0000
1764077419539354802,2025-11-25 19:00:19.536,0.845572,0.598592,72.662987,0.009028,0.015257,0.978851,0.090476,0.085627,9.804447,0.002453,0.000995,-0.006360,0.016602,0.827291,-1.211211,100344.0000
1764077419638997451,2025-11-25 19:00:19.636,0.850347,0.595304,72.713966,0.009192,0.015120,0.978796,0.108686,0.092714,9.805545,0.008302,0.002999,-0.008817,0.017067,0.828665,-1.214128,100348.0000
1764077419740276562,2025-11-25 19:00:19.736,0.855542,0.595572,72.762329,0.009356,0.015607,0.978799,0.103721,0.095260,9.792748,-0.000145,-0.000963,-0.006606,0.017065,0.826775,-1.213136,100346.0000
1764077419838879043,2025-11-25 19:00:19.836,0.859168,0.597048,72.806114,0.009206,0.015942,0.979072,0.091885,0.134115,9.792970,-0.004092,0.001398,-0.004137,0.017072,0.827263,-1.212662,100344.0000
1764077419941464895,2025-11-25 19:00:19.936,0.860225,0.599047,72.853477,0.009018,0.015865,0.979147,0.087000,0.162409,9.777955,-0.000977,-0.000738,-0.006920,0.016102,0.827238,-1.213611,100347.0000
1764077420038659265,2025-11-25 19:00:20.036,0.858106,0.600504,72.902519,0.009093,0.015260,0.978689,0.092311,0.188714,9.766814,-0.004157,0.000847,-0.009650,0.014655,0.825809,-1.213086,100344.0000
1764077420138770580,2025-11-25 19:00:20.136,0.859020,0.602045,72.949997,0.009146,0.015462,0.978655,0.088129,0.216647,9.766430,0.004303,0.001376,-0.004492,0.015149,0.826787,-1.212145,100360.0000
1764077420238451969,2025-11-25 19:00:20.236,0.854264,0.600572,73.003738,0.009313,0.015406,0.978662,0.078178,0.208883,9.768505,0.002554,0.004346,-0.007355,0.012730,0.824855,-1.212561,100347.0000
1764077420339595932,2025-11-25 19:00:20.336,0.859094,0.598196,73.056931,0.009613,0.015180,0.978717,0.089650,0.193224,9.777973,0.000991,-0.000992,-0.011130,0.013207,0.824847,-1.213050,100347.0000
1764077420438478395,2025-11-25 19:00:20.436,0.858468,0.592707,73.105515,0.008963,0.014954,0.979000,0.089376,0.150048,9.786311,-0.005978,-0.000527,-0.008746,0.013684,0.824839,-1.213538,100348.0000
1764077420538884728,2025-11-25 19:00:20.536,0.860294,0.585876,73.154617,0.008948,0.015082,0.978763,0.102355,0.127252,9.803814,0.000476,-0.001223,-0.012299,0.011770,0.827686,-1.214035,100349.0000
1764077420640922098,2025-11-25 19:00:20.636,0.859587,0.586100,73.202538,0.008932,0.015309,0.978653,0.123996,0.090208,9.791198,0.005565,-0.004087,-0.007537,0.009382,0.826781,-1.211097,100351.0000
1764077420742502024,2025-11-25 19:00:20.736,0.860072,0.585646,73.252663,0.008973,0.015277,0.978782,0.117981,0.089069,9.808836,0.005117,0.002728,-0.008171,0.008876,0.823883,-1.212490,100345.0000
1764077420842354505,2025-11-25 19:00:20.836,0.864736,0.590406,73.301765,0.008918,0.015421,0.978779,0.090560,0.093803,9.795870,0.005276,-0.004266,-0.006126,0.008882,0.824371,-1.212016,100347.0000
1764077420938497968,2025-11-25 19:00:20.936,0.870430,0.596421,73.350525,0.009240,0.015292,0.978549,0.078572,0.121670,9.795008,0.004641,-0.003415,-0.007528,0.008901,0.826779,-1.211090,100348.0000
1764077421038775802,2025-11-25 19:00:21.036,0.873246,0.599496,73.399971,0.009495,0.015420,0.978794,0.084443,0.153063,9.783237,-0.003355,-0.000183,-0.005430,0.006964,0.825795,-1.212010,100341.0000
1764077421140959635,2025-11-25 19:00:21.136,0.873618,0.596138,73.449211,0.009474,0.015592,0.978852,0.084959,0.204010,9.773917,-0.005278,-0.001606,-0.006672,0.007934,0.824875,-1.210565,100346.0000
1764077421238094968,2025-11-25 19:00:21.236,0.873665,0.585810,73.497253,0.009529,0.015517,0.978912,0.077692,0.212264,9.762404,-0.001160,-0.000400,-0.008831,0.006464,0.825742,-1.214409,100352.0000
1764077421339338653,2025-11-25 19:00:21.337,0.867743,0.580472,73.548180,0.009301,0.015392,0.978894,0.090503,0.208087,9.767464,0.003287,-0.000399,-0.010239,0.006467,0.823394,-1.212447,100342.0000
1764077421438505079,2025-11-25 19:00:21.436,0.864389,0.575186,73.598427,0.009389,0.015033,0.978799,0.218119,-0.001264,9.808493,0.002181,-0.004064,-0.008470,0.006952,0.824819,-1.212958,100347.0000
1764077421538801524,2025-11-25 19:00:21.536,0.857539,0.688909,73.708908,0.008498,0.017976,0.975801,0.182848,0.279315,9.781727,-0.006157,-0.033248,-0.027717,0.001628,0.820943,-1.214265,100344.0000
1764077421638248338,2025-11-25 19:00:21.636,0.833254,0.838411,73.931183,0.017171,0.016580,0.978635,0.130316,0.162264,9.744909,-0.001483,-0.026303,-0.046053,-0.000264,0.824319,-1.212362,100346.0000
1764077421740553949,2025-11-25 19:00:21.736,0.807824,1.038265,74.300797,0.026299,0.018338,0.976854,0.182828,0.000174,9.611516,-0.006539,-0.041759,-0.086458,-0.006998,0.822409,-1.210789,100346.0000
1764077421840168597,2025-11-25 19:00:21.836,0.777024,1.269644,74.982979,0.036038,0.018567,0.979510,0.655820,-0.096985,10.055153,-0.014219,-0.045031,-0.147388,-0.017623,0.817544,-1.212485,100346.0000
1764077421939808949,2025-11-25 19:00:21.936,0.737053,1.226236,76.210884,0.046092,0.022818,0.982539,0.762354,0.503426,9.837334,-0.010186,0.037401,-0.259904,-0.031542,0.818986,-1.208931,100353.0000
1764077422038311708,2025-11-25 19:00:22.036,0.729166,0.974999,77.781563,0.028851,0.009686,0.979817,0.082796,0.331281,9.940261,-0.003375,0.048191,-0.291679,-0.049863,0.809848,-1.207559,100350.0000
1764077422138480505,2025-11-25 19:00:22.136,0.758682,0.660201,79.477783,0.016948,0.008733,0.979251,0.086570,-0.118225,9.682657,0.012222,0.055665,-0.291953,-0.067713,0.806342,-1.211095,100350.0000
1764077422238235134,2025-11-25 19:00:22.236,0.803566,0.406245,81.273224,-0.002096,0.015450,0.979809,-0.432484,-0.084872,9.751364,0.003928,0.029717,-0.330279,-0.087486,0.795765,-1.209680,100355.0000
1764077422339673430,2025-11-25 19:00:22.336,0.831755,0.305968,83.212616,-0.007742,0.017651,0.979201,0.116232,0.103232,9.995188,0.000740,-0.007619,-0.343692,-0.112562,0.786546,-1.210615,100350.0000
1764077422439060745,2025-11-25 19:00:22.436,0.845032,0.356027,85.268150,-0.006115,0.019366,0.978645,0.151141,0.070312,9.656333,-0.004401,-0.025355,-0.371239,-0.137168,0.776832,-1.212513,100349.0000
1764077422538782375,2025-11-25 19:00:22.536,0.863206,0.508083,87.357346,0.001724,0.012224,0.975532,0.123812,0.084051,9.664274,0.008330,-0.037280,-0.349955,-0.160811,0.761938,-1.210974,100345.0000
1764077422638930301,2025-11-25 19:00:22.636,0.881411,0.665300,89.408028,0.011392,0.016458,0.976903,0.351906,-0.112978,9.634754,0.002522,-0.025269,-0.354820,-0.185418,0.750333,-1.211880,100352.0000
1764077422738426523,2025-11-25 19:00:22.736,0.911898,0.745415,91.401901,0.018665,0.016144,0.977827,0.323576,-0.058167,9.860394,-0.000755,-0.005856,-0.344950,-0.209989,0.736939,-1.206980,100346.0000
1764077422839010226,2025-11-25 19:00:22.836,0.927039,0.719165,93.364441,0.018556,0.019475,0.978077,0.112907,-0.193716,9.772310,-0.007127,0.014314,-0.354550,-0.232216,0.721981,-1.208832,100342.0000
1764077422938952467,2025-11-25 19:00:22.936,0.906260,0.622669,95.344345,0.012388,0.019371,0.979080,0.053046,0.259745,9.644628,-0.008543,0.010194,-0.355386,-0.253959,0.708915,-1.211684,100348.0000
1764077423040186782,2025-11-25 19:00:23.037,0.855973,0.527769,97.384636,0.008013,0.017540,0.980599,0.165858,0.029413,9.741322,-0.014315,0.004408,-0.359516,-0.273283,0.694010,-1.211654,100344.0000
1764077423139209319,2025-11-25 19:00:23.136,0.807618,0.473216,99.477257,0.004372,0.015955,0.981640,0.054705,0.085268,9.817054,-0.003904,0.001438,-0.364545,-0.294998,0.678190,-1.209167,100349.0000
1764077423238355819,2025-11-25 19:00:23.236,0.789624,0.476014,101.573929,0.003983,0.010421,0.980514,0.041498,0.157330,9.710231,0.004006,-0.008005,-0.356305,-0.315772,0.660433,-1.208109,100349.0000
1764077423341044634,2025-11-25 19:00:23.336,0.813459,0.520717,103.625351,0.005891,0.012537,0.978411,0.104918,-0.143651,9.714104,0.012680,-0.010345,-0.347161,-0.335115,0.641708,-1.208020,100346.0000
1764077423438598337,2025-11-25 19:00:23.436,0.864207,0.567373,105.628784,0.009639,0.015411,0.976824,0.024906,0.145447,9.783267,-0.001846,-0.005240,-0.354502,-0.355884,0.623493,-1.205992,100348.0000
1764077423538702004,2025-11-25 19:00:23.536,0.909588,0.578847,107.619682,0.011170,0.018975,0.976802,0.059747,0.372400,9.823870,-0.004864,-0.006242,-0.354243,-0.371387,0.605232,-1.207411,100344.0000
1764077423638745226,2025-11-25 19:00:23.636,0.911221,0.553344,109.651314,0.010101,0.018655,0.978146,0.025646,0.344677,9.817788,-0.012486,0.003176,-0.365814,-0.391717,0.583137,-1.208220,100352.0000
1764077423743212670,2025-11-25 19:00:23.741,0.863262,0.518757,111.740547,0.009250,0.018874,0.979050,0.176852,0.002615,9.721567,-0.014735,-0.000965,-0.375587,-0.405761,0.562565,-1.206255,100345.0000
1764077423839455485,2025-11-25 19:00:23.836,0.809236,0.508392,113.855652,0.006778,0.014275,0.980025,0.182380,-0.078795,9.768287,-0.006852,-0.007680,-0.367226,-0.423208,0.538115,-1.206106,100348.0000
1764077423940087522,2025-11-25 19:00:23.936,0.784584,0.529327,115.935577,0.007487,0.013517,0.980776,0.087011,0.209017,9.889873,-0.011054,-0.009446,-0.363930,-0.439174,0.520370,-1.205600,100346.0000
1764077424040008948,2025-11-25 19:00:24.036,0.810778,0.562498,117.965950,0.007804,0.010619,0.978819,0.263587,0.379620,9.931361,0.003057,-0.009843,-0.349052,-0.455646,0.496900,-1.204518,100347.0000
1764077424140392485,2025-11-25 19:00:24.136,0.864394,0.592380,119.967934,0.009688,0.013250,0.977802,0.386985,0.200036,9.994566,0.005618,-0.013701,-0.334392,-0.468746,0.474401,-1.203501,100345.0000
1764077424238280855,2025-11-25 19:00:24.236,0.901716,0.600698,121.986389,0.010723,0.017791,0.977209,0.121989,0.240326,9.830881,0.008563,-0.006518,-0.339786,-0.483784,0.449028,-1.202411,100347.0000
1764077424340055300,2025-11-25 19:00:24.336,0.897622,0.588693,124.033844,0.010582,0.021832,0.977670,0.058800,0.364748,9.797919,-0.000309,-0.005817,-0.352966,-0.496415,0.426968,-1.203333,100352.0000
1764077424438785818,2025-11-25 19:00:24.436,0.852270,0.564763,126.095306,0.009661,0.018829,0.979230,0.083294,0.540921,9.845144,-0.010881,-0.003858,-0.351530,-0.507591,0.403532,-1.201848,100348.0000
1764077424540425559,2025-11-25 19:00:24.536,0.801555,0.546419,128.156845,0.008180,0.015455,0.979829,-0.027884,0.451831,9.956775,-0.014506,-0.004413,-0.359338,-0.517835,0.378607,-1.203243,100348.0000
1764077424638957299,2025-11-25 19:00:24.636,0.777995,0.535427,130.212891,0.008674,0.011299,0.979475,0.409330,0.324160,10.035895,0.001081,-0.004714,-0.352271,-0.527095,0.354214,-1.202253,100346.0000
1764077424738451522,2025-11-25 19:00:24.736,0.798907,0.537195,132.253448,0.007360,0.010624,0.978622,-0.017300,0.046877,9.707476,0.015463,-0.007333,-0.346912,-0.535407,0.328373,-1.202218,100350.0000
1764077424838745873,2025-11-25 19:00:24.836,0.863121,0.543331,134.215683,0.008135,0.012884,0.978278,-0.054975,-0.084392,9.731856,0.014700,-0.012563,-0.329493,-0.542755,0.304426,-1.203189,100344.0000
1764077424938915503,2025-11-25 19:00:24.936,0.933732,0.559012,136.057556,0.011050,0.016368,0.977977,0.081334,-0.003467,9.789165,0.008140,-0.007186,-0.317777,-0.549596,0.279607,-1.200302,100344.0000
1764077425038955021,2025-11-25 19:00:25.036,0.969124,0.536649,137.801697,0.013574,0.018456,0.980208,0.365932,-0.101417,9.823329,-0.001358,0.009043,-0.292912,-0.555006,0.255232,-1.199369,100348.0000
1764077425139811818,2025-11-25 19:00:25.136,0.949829,0.451778,139.455521,0.008265,0.021334,0.978647,0.091414,-0.102816,9.737913,-0.011770,0.005397,-0.280901,-0.558014,0.235573,-1.201915,100346.0000
1764077425238217818,2025-11-25 19:00:25.236,0.900343,0.548000,140.985107,0.003329,0.016985,0.975013,-0.051984,0.270274,9.677851,-0.011148,-0.044421,-0.245415,-0.562916,0.215987,-1.200581,100344.0000
1764077425341550225,2025-11-25 19:00:25.336,0.866354,0.866942,142.368851,0.014974,0.014896,0.976091,0.393390,0.358824,9.835949,-0.005692,-0.068329,-0.221750,-0.569710,0.197419,-1.195863,100347.0000
1764077425440371151,2025-11-25 19:00:25.436,0.876631,1.418797,143.509384,0.035675,0.005402,0.971516,1.066416,0.328597,9.749766,0.007354,-0.139431,-0.147329,-0.577447,0.181256,-1.190205,100348.0000
1764077425538698521,2025-11-25 19:00:25.536,0.905468,2.537086,144.208115,0.072805,0.012431,0.969915,0.179792,0.048262,9.251910,-0.000955,-0.222677,-0.099528,-0.587471,0.174351,-1.175504,100348.0000
1764077425641060466,2025-11-25 19:00:25.636,0.914623,3.729867,144.513138,0.142237,0.010700,0.977210,2.367119,-0.005597,9.972239,0.002940,-0.168263,-0.017729,-0.596993,0.169390,-1.159396,100348.0000
1764077425738984984,2025-11-25 19:00:25.736,0.884659,4.398593,144.569366,0.181010,0.015947,0.978267,1.248966,-0.061733,9.749004,0.002338,-0.058778,0.009373,-0.602675,0.170076,-1.148246,100343.0000
1764077425838729854,2025-11-25 19:00:25.836,0.827514,4.324698,144.363480,0.199571,0.011213,0.977933,2.627100,0.026837,10.051403,-0.008300,0.067995,0.055266,-0.602677,0.170543,-1.148735,100346.0000
1764077425938655243,2025-11-25 19:00:25.936,0.777989,3.673009,144.004456,0.169769,0.012542,0.972070,0.836975,-0.188141,9.507710,-0.004610,0.137910,0.067533,-0.598873,0.175154,-1.157530,100348.0000
1764077426038550539,2025-11-25 19:00:26.036,0.777743,2.813099,143.605453,0.130413,0.011436,0.970276,0.924542,0.141215,9.644901,0.010462,0.146433,0.074067,-0.587371,0.182157,-1.167919,100355.0000
1764077426139008928,2025-11-25 19:00:26.136,0.831029,2.206499,143.190170,0.088675,0.013411,0.968910,1.085639,0.154798,9.606371,0.011519,0.063906,0.074885,-0.581655,0.185800,-1.177691,100350.0000
1764077426238255410,2025-11-25 19:00:26.236,0.923230,2.187858,142.705582,0.066968,0.016933,0.967213,0.307582,0.379240,9.444785,0.021254,-0.049486,0.093295,-0.582103,0.191073,-1.176802,100345.0000
1764077426338740780,2025-11-25 19:00:26.336,1.001508,2.775590,142.131897,0.081446,0.022904,0.971520,1.126727,0.413888,9.594571,0.017236,-0.148748,0.116490,-0.585391,0.197868,-1.171078,100342.0000
1764077426438539095,2025-11-25 19:00:26.436,1.031453,3.719188,141.459259,0.120507,0.028796,0.972029,1.675354,0.571961,9.929824,0.006311,-0.153807,0.127082,-0.589571,0.209557,-1.159636,100348.0000
1764077426538519687,2025-11-25 19:00:26.536,1.018331,4.663788,140.716888,0.155982,0.031366,0.970986,2.540794,0.974906,9.727128,0.007210,-0.144557,0.133794,-0.599532,0.217430,-1.146607,100352.0000
1764077426638994039,2025-11-25 19:00:26.636,0.992103,5.206648,139.942307,0.187961,0.030296,0.972129,2.696221,0.394784,9.878801,0.009213,-0.049791,0.132744,-0.601360,0.226162,-1.139971,100346.0000
1764077426738701557,2025-11-25 19:00:26.736,0.964694,5.141817,139.145706,0.183659,0.032196,0.969128,0.179553,0.034483,9.499268,0.009098,0.049699,0.134680,-0.598905,0.237617,-1.141145,100343.0000
1764077426838806835,2025-11-25 19:00:26.836,0.965136,4.578382,138.352264,0.158241,0.034987,0.970051,2.419590,0.435259,9.956080,0.010047,0.129243,0.137461,-0.590720,0.247095,-1.146707,100346.0000
1764077426938526687,2025-11-25 19:00:26.936,0.981730,3.841289,137.599304,0.104479,0.033223,0.971436,1.291533,0.643850,9.836640,0.006359,0.112861,0.122263,-0.584021,0.256455,-1.157544,100348.0000
1764077427038672279,2025-11-25 19:00:27.036,1.009330,3.320957,136.892914,0.067291,0.033963,0.974710,-0.475808,0.263617,9.887300,0.011934,0.073143,0.112664,-0.579251,0.264382,-1.167849,100342.0000
1764077427138445909,2025-11-25 19:00:27.136,1.021901,3.251630,136.222610,0.044124,0.034859,0.977293,1.615995,0.728679,9.693965,0.007534,-0.018578,0.119322,-0.575359,0.272998,-1.168037,100348.0000
1764077427238034724,2025-11-25 19:00:27.236,0.997920,3.572349,135.588104,0.046852,0.033367,0.978946,-0.508491,0.654181,9.678912,0.007257,-0.081816,0.102587,-0.575275,0.281231,-1.162867,100342.0000
1764077427338426464,2025-11-25 19:00:27.336,0.944084,4.100927,134.991638,0.079459,0.029261,0.977690,2.289948,0.592924,9.818388,-0.000866,-0.089346,0.111358,-0.576157,0.288981,-1.157674,100348.0000
1764077427440895761,2025-11-25 19:00:27.436,0.884349,4.520362,134.453552,0.096488,0.027572,0.975377,-0.041556,-0.203977,9.840417,-0.000347,-0.047489,0.100899,-0.580377,0.298678,-1.150055,100344.0000
1764077427540093001,2025-11-25 19:00:27.536,0.841763,4.654232,134.048141,0.113730,0.024535,0.975415,1.096987,0.223716,10.057029,0.003457,0.007015,0.061107,-0.579861,0.303488,-1.148691,100346.0000
1764077427638526298,2025-11-25 19:00:27.636,0.833827,4.481490,133.805374,0.108139,0.020664,0.973480,0.918351,0.077602,10.007139,0.007970,0.055559,0.030348,-0.576985,0.308186,-1.153139,100348.0000
1764077427739827038,2025-11-25 19:00:27.736,0.841935,4.149754,133.712997,0.087114,0.016705,0.973981,0.562529,0.129349,9.401127,0.009279,0.068988,0.012111,-0.572678,0.309557,-1.157076,100350.0000
1764077427840829001,2025-11-25 19:00:27.836,0.852567,3.829385,133.704727,0.064572,0.014817,0.974905,0.186712,0.233893,9.185297,0.003207,0.032290,0.003065,-0.570318,0.306620,-1.160919,100345.0000
1764077427940467927,2025-11-25 19:00:27.936,0.850943,3.652089,133.724960,0.058385,0.014204,0.980799,-0.032574,-0.244649,9.741916,-0.005854,0.014292,-0.008902,-0.570326,0.308013,-1.162866,100353.0000
1764077428038398705,2025-11-25 19:00:28.036,0.839552,3.619693,133.824905,0.056630,0.013517,0.982256,2.498007,-0.216314,10.786655,-0.000712,-0.008914,-0.024344,-0.567928,0.306591,-1.162880,100351.0000
1764077428138970779,2025-11-25 19:00:28.136,0.822417,3.692344,134.043137,0.062160,0.009181,0.979626,1.036459,0.243777,9.586915,-0.001977,0.000226,-0.047249,-0.568407,0.306121,-1.162384,100345.0000
1764077428238054186,2025-11-25 19:00:28.236,0.803239,3.790832,134.344162,0.058491,0.008063,0.972507,-0.352012,0.532703,9.204769,-0.008092,-0.030834,-0.068388,-0.572261,0.299020,-1.158366,100341.0000
1764077428339420760,2025-11-25 19:00:28.336,0.800924,3.836529,134.729584,0.072203,0.003012,0.973876,0.897061,-0.108994,9.567112,-0.007066,-0.001330,-0.076133,-0.573716,0.297570,-1.158805,100347.0000
1764077428441557390,2025-11-25 19:00:28.436,0.806206,3.781928,135.189468,0.070974,0.001431,0.975828,1.503343,0.081395,9.972951,-0.010843,0.007226,-0.087779,-0.574244,0.292730,-1.161613,100348.0000
1764077428539246834,2025-11-25 19:00:28.536,0.823740,3.616014,135.744171,0.072891,0.001619,0.977376,1.890152,0.162272,9.770971,0.001244,0.038276,-0.104022,-0.575740,0.284572,-1.162911,100345.0000
1764077428638824038,2025-11-25 19:00:28.636,0.848206,3.437838,136.378922,0.056429,0.000119,0.979172,1.454666,0.460721,9.887677,0.005213,0.034426,-0.113575,-0.576300,0.273990,-1.166112,100348.0000
1764077428740037556,2025-11-25 19:00:28.736,0.876480,3.320720,137.076523,0.045776,0.000645,0.978344,-1.117836,0.518799,9.818462,-0.002648,0.015888,-0.126401,-0.576317,0.268289,-1.164580,100351.0000
1764077428839115964,2025-11-25 19:00:28.836,0.900931,3.282991,137.843384,0.043697,-0.000009,0.977931,0.992595,0.244549,9.861682,-0.009623,-0.007205,-0.139058,-0.578795,0.257718,-1.166791,100350.0000
1764077428938442797,2025-11-25 19:00:28.936,0.903400,3.288210,138.682892,0.051571,-0.001600,0.978352,0.255641,-0.230585,9.593529,-0.007146,0.007787,-0.145728,-0.578854,0.246721,-1.167103,100354.0000
1764077429038689982,2025-11-25 19:00:29.036,0.879756,3.347995,139.609772,0.045034,0.000804,0.976533,0.507982,0.330146,9.709814,-0.011363,-0.022525,-0.174836,-0.585665,0.232350,-1.167266,100350.0000
1764077429138977630,2025-11-25 19:00:29.137,0.857550,3.394852,140.581833,0.059680,-0.010900,0.976267,-0.110993,-0.262434,9.727379,-0.005694,-0.004315,-0.153944,-0.585212,0.221437,-1.163735,100344.0000
1764077429238488389,2025-11-25 19:00:29.236,0.843592,3.422358,141.595642,0.056532,-0.003625,0.978837,0.840790,0.126655,9.644708,-0.020377,-0.011682,-0.193372,-0.589624,0.208947,-1.165887,100343.0000
1764077429339376537,2025-11-25 19:00:29.336,0.840870,3.427428,142.660812,0.058832,-0.011900,0.976954,-0.408711,0.010015,9.737408,-0.007764,0.000014,-0.176342,-0.591603,0.195594,-1.164209,100348.0000
1764077429439989630,2025-11-25 19:00:29.436,0.827236,3.418288,143.806580,0.060847,-0.001760,0.979073,2.132905,0.003315,10.109856,-0.019396,0.007181,-0.211846,-0.594557,0.180793,-1.162977,100350.0000
1764077429539407000,2025-11-25 19:00:29.536,0.813166,3.382403,144.994293,0.051450,-0.015536,0.977110,-0.602066,0.037843,9.708431,-0.009184,-0.001925,-0.210751,-0.592726,0.165943,-1.165185,100349.0000
1764077429638754389,2025-11-25 19:00:29.636,0.814749,3.341949,146.234879,0.058843,-0.014522,0.976370,0.858510,-0.828110,9.685675,-0.006116,0.012644,-0.215238,-0.595692,0.149222,-1.164405,100349.0000
1764077429740128889,2025-11-25 19:00:29.736,0.832982,3.316489,147.519653,0.045377,-0.011412,0.974892,0.119893,0.906536,9.584887,-0.002204,-0.010713,-0.219601,-0.595770,0.130633,-1.162194,100345.0000
1764077429840331315,2025-11-25 19:00:29.836,0.850786,3.335212,148.834366,0.053118,-0.012662,0.979451,0.228967,-0.717488,9.722024,-0.012420,-0.000307,-0.232749,-0.598265,0.115773,-1.163857,100346.0000
1764077429939548648,2025-11-25 19:00:29.936,0.872281,3.286679,150.157562,0.047592,-0.014899,0.981880,-0.215447,0.293751,9.525863,-0.011703,0.013766,-0.233341,-0.597863,0.099067,-1.163126,100346.0000
1764077430038466278,2025-11-25 19:00:30.036,0.896631,2.853274,151.457825,0.057572,-0.013661,0.986498,0.607767,-0.077133,9.906853,-0.008689,0.127912,-0.229766,-0.591742,0.080831,-1.168236,100346.0000
1764077430138727129,2025-11-25 19:00:30.136,0.905355,1.997543,152.715012,0.022989,-0.013141,0.983213,-0.186026,-0.304458,9.665344,-0.001041,0.173265,-0.219451,-0.583736,0.064382,-1.179661,100346.0000
1764077430238152204,2025-11-25 19:00:30.236,0.880397,1.129650,153.949997,-0.021340,-0.006545,0.977310,-0.913723,-0.395926,9.677558,-0.014758,0.114141,-0.220406,-0.574305,0.046476,-1.192529,100342.0000
1764077430339263537,2025-11-25 19:00:30.336,0.815316,0.930676,155.231903,-0.047421,-0.005530,0.971609,0.978585,-0.217582,9.612144,-0.017264,-0.041280,-0.213856,-0.572016,0.029209,-1.196152,100347.0000
1764077430439663518,2025-11-25 19:00:30.436,0.744628,1.668646,156.561386,-0.023903,-0.013488,0.970078,-0.234566,-0.903702,9.676027,-0.015850,-0.187582,-0.227490,-0.577800,0.012658,-1.186664,100341.0000
1764077430540123092,2025-11-25 19:00:30.536,0.715888,3.051248,157.905334,0.033242,-0.013720,0.968886,1.077792,0.330258,9.830318,-0.010113,-0.264219,-0.234841,-0.584467,-0.003216,-1.167542,100347.0000
1764077430639043222,2025-11-25 19:00:30.636,0.729826,4.309339,159.244949,0.107628,-0.018823,0.976844,0.938825,-0.634047,9.835579,-0.002118,-0.178425,-0.228736,-0.594543,-0.020629,-1.152680,100352.0000
1764077430739387814,2025-11-25 19:00:30.736,0.772166,4.822002,160.510895,0.150268,-0.018511,0.980124,2.865893,0.062651,9.926415,-0.012568,-0.016460,-0.203895,-0.599368,-0.036241,-1.144184,100348.0000
1764077430838655314,2025-11-25 19:00:30.836,0.819349,4.454597,161.697128,0.139474,-0.016577,0.977917,2.054142,-0.451822,10.030322,-0.007898,0.125903,-0.203888,-0.592264,-0.052064,-1.148381,100342.0000
1764077430938864703,2025-11-25 19:00:30.936,0.872323,3.598453,162.785141,0.085185,-0.012710,0.975755,1.510708,0.276675,9.705433,0.002886,0.169244,-0.185572,-0.582815,-0.068506,-1.159828,100348.0000
1764077431038869870,2025-11-25 19:00:31.036,0.926356,2.766011,163.825882,0.019452,-0.009728,0.978775,0.803434,0.414996,9.779464,0.002692,0.104904,-0.168529,-0.569956,-0.079638,-1.169479,100355.0000
1764077431138472703,2025-11-25 19:00:31.136,0.989389,2.481709,164.802902,-0.033928,-0.004849,0.981577,0.303249,-0.123520,9.698272,0.001822,-0.010908,-0.168869,-0.564307,-0.093140,-1.176580,100351.0000
1764077431238839814,2025-11-25 19:00:31.236,1.074785,2.957376,165.694260,-0.048775,-0.009568,0.979466,-0.443843,-0.100502,10.048007,0.015728,-0.141911,-0.144177,-0.563352,-0.106825,-1.168680,100348.0000
1764077431338348777,2025-11-25 19:00:31.336,1.208447,3.939642,166.586533,-0.014552,-0.004207,0.981619,-0.047310,-0.382312,9.535372,0.020364,-0.190560,-0.172519,-0.570520,-0.118514,-1.154911,100350.0000
1764077431439024481,2025-11-25 19:00:31.436,1.424150,4.854351,167.541641,0.054059,-0.005338,0.985576,0.574781,0.670425,10.364549,0.039973,-0.100382,-0.134137,-0.576264,-0.131660,-1.142586,100350.0000
1764077431538931592,2025-11-25 19:00:31.536,1.669697,5.083853,168.534668,0.100278,0.007370,0.979549,0.044478,-0.332602,9.336162,0.035750,0.043796,-0.200537,-0.572919,-0.145376,-1.136647,100339.0000
1764077431638781443,2025-11-25 19:00:31.636,1.784640,4.326645,169.494492,0.067755,0.030250,0.983287,0.432534,0.068814,10.338192,-0.007300,0.183710,-0.130264,-0.562963,-0.158919,-1.146701,100345.0000
1764077431739183277,2025-11-25 19:00:31.736,1.690879,2.929271,170.341339,0.066144,0.014899,0.984259,2.589257,-0.075780,10.759245,-0.002513,0.303788,-0.093586,-0.547739,-0.168262,-1.162675,100346.0000
1764077431841133277,2025-11-25 19:00:31.836,1.568272,1.093750,171.105331,-0.004145,0.021967,0.975727,-0.084532,0.348995,9.528314,-0.033705,0.311216,-0.129859,-0.528248,-0.177282,-1.186903,100348.0000
1764077431940012795,2025-11-25 19:00:31.936,1.305447,-0.520453,171.823914,-0.112660,0.025971,0.980430,-1.355787,-2.140060,9.317079,-0.051813,0.262563,-0.156958,-0.509716,-0.183937,-1.212118,100358.0000
1764077432030597091,2025-11-25 19:00:32.028,1.033758,-1.447054,172.628189,-0.198297,0.002436,0.971452,-2.196053,-1.029600,9.381611,-0.038439,0.063649,-0.144245,-0.493483,-0.190796,-1.223810,100352.0000
1764077432138425832,2025-11-25 19:00:32.136,0.837613,-1.350533,173.598953,-0.208302,-0.000028,0.975732,-1.366984,-1.231101,9.694496,-0.009737,-0.119443,-0.178242,-0.490181,-0.201798,-1.225136,100346.0000
1764077432238195221,2025-11-25 19:00:32.236,0.754365,-0.357854,174.658325,-0.165283,0.009910,0.965472,-1.696321,0.015943,9.042260,-0.012410,-0.211663,-0.189305,-0.492561,-0.212581,-1.214822,100354.0000
1764077432339163499,2025-11-25 19:00:32.336,0.707178,1.059343,175.781219,-0.112725,0.008295,0.959141,-1.422304,1.141292,9.197123,-0.013556,-0.298743,-0.211908,-0.498731,-0.224641,-1.196247,100351.0000
1764077432441216128,2025-11-25 19:00:32.436,0.671418,2.721476,176.896881,-0.044152,0.004030,0.962370,-0.044041,-0.071220,9.625199,-0.014547,-0.300078,-0.197421,-0.508274,-0.238618,-1.177112,100350.0000
1764077432538939943,2025-11-25 19:00:32.536,0.687257,4.195898,178.064545,0.018100,0.002053,0.968747,0.707581,0.035030,9.915418,-0.004184,-0.232168,-0.197017,-0.514449,-0.251633,-1.158522,100346.0000
1764077432640153535,2025-11-25 19:00:32.636,0.808100,4.947783,179.340622,0.060810,0.000949,0.984528,0.403789,-0.427896,9.106692,0.010898,-0.068091,-0.233700,-0.510576,-0.265224,-1.146813,100352.0000
1764077432738466406,2025-11-25 19:00:32.736,0.985587,4.855456,180.648941,0.072731,0.010473,0.989375,0.029916,0.616614,9.695260,0.017039,0.082911,-0.235059,-0.506333,-0.281934,-1.147102,100352.0000
1764077432838564332,2025-11-25 19:00:32.836,1.135211,4.079066,182.026108,0.057447,0.020076,0.993161,0.523171,-0.012087,10.317965,0.001993,0.169596,-0.244151,-0.488681,-0.298278,-1.155781,100350.0000
1764077432938901980,2025-11-25 19:00:32.936,1.129222,3.082435,183.479202,0.010231,0.038640,0.986424,-0.250080,0.509894,9.778366,-0.035063,0.156700,-0.255807,-0.470569,-0.314204,-1.167363,100351.0000
1764077433041496646,2025-11-25 19:00:33.036,0.915871,2.347741,184.971786,-0.011496,0.031961,0.983831,-0.271332,0.860164,9.813740,-0.053383,0.088978,-0.260864,-0.451946,-0.327221,-1.177070,100352.0000
1764077433140074202,2025-11-25 19:00:33.136,0.742597,1.939871,186.564590,-0.009731,0.009347,0.981754,-0.633920,-0.087851,9.583234,-0.021351,0.039800,-0.288197,-0.437163,-0.341647,-1.184773,100348.0000
1764077433238239757,2025-11-25 19:00:33.236,0.787237,1.770654,188.308197,-0.000424,-0.002937,0.978316,-0.095037,0.377598,9.538289,0.017087,0.006409,-0.317382,-0.421419,-0.362198,-1.188544,100354.0000
1764077433339596609,2025-11-25 19:00:33.336,1.081816,1.741792,190.149963,0.006522,-0.001249,0.973835,0.385506,-0.097369,9.837931,0.052401,-0.015854,-0.325306,-0.404665,-0.385447,-1.184583,100349.0000
1764077433442083535,2025-11-25 19:00:33.440,1.486265,1.736296,191.956253,0.023748,0.014868,0.970588,0.268967,-0.008753,9.778337,0.061361,0.001355,-0.305055,-0.391743,-0.405369,-1.180617,100351.0000
1764077433538667794,2025-11-25 19:00:33.536,1.808329,1.622692,193.681931,0.033757,0.037518,0.973072,0.131715,0.718767,9.753189,0.040191,0.023950,-0.300284,-0.376429,-0.427202,-1.177138,100350.0000
1764077433640344405,2025-11-25 19:00:33.636,1.936149,1.380197,195.405289,0.037370,0.050516,0.976667,0.066909,0.364042,9.623396,-0.006056,0.036567,-0.299534,-0.357744,-0.442413,-1.177662,100352.0000
1764077433740641331,2025-11-25 19:00:33.736,1.820776,1.132322,197.185730,0.031473,0.054132,0.981860,0.383238,0.312540,9.797720,-0.042458,0.025611,-0.316323,-0.338126,-0.458170,-1.181563,100358.0000
1764077433839854627,2025-11-25 19:00:33.836,1.563105,0.978048,198.986069,0.026328,0.037188,0.983168,0.297624,0.501706,9.799188,-0.053184,0.001128,-0.308259,-0.318026,-0.474391,-1.184983,100352.0000
1764077433940439961,2025-11-25 19:00:33.936,1.298285,0.996018,200.742218,0.018242,0.021504,0.977725,0.451520,1.033488,9.921152,-0.033973,-0.036384,-0.298832,-0.304140,-0.484878,-1.186953,100346.0000
1764077434038428479,2025-11-25 19:00:34.036,1.101726,1.162975,202.450241,0.033440,0.011292,0.978596,0.841384,-0.584328,9.871959,-0.017168,-0.033248,-0.286866,-0.287853,-0.497722,-1.187960,100348.0000
1764077434139137831,2025-11-25 19:00:34.136,1.052909,1.355149,204.111435,0.039563,-0.001801,0.970733,0.268321,-0.131434,9.656825,0.006180,-0.037543,-0.279233,-0.272048,-0.512926,-1.187479,100350.0000
1764077434237932960,2025-11-25 19:00:34.236,1.148216,1.443204,205.728699,0.051537,0.001549,0.973338,0.112954,0.475082,9.457033,0.019905,-0.010255,-0.283363,-0.254289,-0.522390,-1.187114,100354.0000
1764077434338784646,2025-11-25 19:00:34.336,1.310349,1.376621,207.315643,0.050822,0.009445,0.978305,0.722628,0.043151,9.928749,0.012445,0.002152,-0.279228,-0.237966,-0.535610,-1.183300,100350.0000
1764077434440839608,2025-11-25 19:00:34.436,1.480040,1.181522,208.849167,0.048006,0.017714,0.988197,0.580323,0.335875,10.007899,0.023523,0.047170,-0.263699,-0.219773,-0.549909,-1.185758,100351.0000
1764077434540343127,2025-11-25 19:00:34.536,1.578202,0.972053,210.285599,0.017369,0.030663,0.982768,0.003218,0.161808,9.831183,0.006935,0.022623,-0.241099,-0.201067,-0.560821,-1.186348,100351.0000
1764077434638542164,2025-11-25 19:00:34.636,1.554333,0.920466,211.589828,0.009640,0.033208,0.977414,-0.201853,0.269681,9.589705,-0.017958,-0.019737,-0.220602,-0.184250,-0.566935,-1.185539,100346.0000
1764077434741157053,2025-11-25 19:00:34.736,1.450130,1.047306,212.748505,0.009566,0.022777,0.973760,0.143092,0.402116,9.819366,-0.022914,-0.043478,-0.190233,-0.172269,-0.575022,-1.186555,100358.0000
1764077434840461219,2025-11-25 19:00:34.836,1.329920,1.241966,213.816055,0.022219,0.015635,0.973717,0.479133,0.061332,9.911261,-0.018859,-0.036996,-0.172650,-0.158817,-0.579728,-1.186200,100348.0000
1764077434939709164,2025-11-25 19:00:34.936,1.259523,1.335739,214.875793,0.033219,0.013976,0.976923,-0.058477,0.033673,9.385866,-0.013296,-0.007215,-0.191330,-0.147786,-0.584486,-1.187734,100347.0000
1764077435038820034,2025-11-25 19:00:35.036,1.273399,1.276340,215.925964,0.027973,0.007004,0.978750,-0.578840,0.641418,9.579839,0.011433,0.013020,-0.185923,-0.135308,-0.591584,-1.187328,100352.0000
1764077435139130849,2025-11-25 19:00:35.136,1.327744,1.160952,216.961639,0.021356,0.015486,0.979663,0.098877,0.315497,9.436303,0.007863,0.009166,-0.182367,-0.122327,-0.595794,-1.186010,100353.0000
1764077435238371738,2025-11-25 19:00:35.236,1.373573,1.048336,217.970352,0.017402,0.019733,0.981384,-0.434765,0.955464,9.506499,0.002996,0.015214,-0.171333,-0.109852,-0.602903,-1.186085,100350.0000
1764077435339343978,2025-11-25 19:00:35.336,1.394058,0.979688,218.953247,0.012627,0.021025,0.980473,-0.087587,0.213582,9.514986,-0.002940,0.003740,-0.172096,-0.096903,-0.606728,-1.189107,100354.0000
1764077435439141460,2025-11-25 19:00:35.436,1.409295,0.956448,219.896118,0.013321,0.022840,0.979627,-0.478829,0.472248,9.334207,0.003609,-0.008106,-0.163039,-0.085861,-0.613812,-1.187717,100348.0000
1764077435541289237,2025-11-25 19:00:35.536,1.423463,0.955581,220.802460,0.015608,0.022241,0.979482,0.160949,0.117991,10.021614,-0.004373,-0.015366,-0.150617,-0.075775,-0.615698,-1.188799,100349.0000
1764077435640907700,2025-11-25 19:00:35.636,1.418651,0.972384,221.704224,0.017922,0.023961,0.978445,-0.492916,0.515351,9.618702,-0.004846,-0.008362,-0.166890,-0.064723,-0.623230,-1.185957,100351.0000
1764077435740819497,2025-11-25 19:00:35.736,1.370105,0.980597,222.634766,0.018994,0.021448,0.978401,0.761800,0.025282,9.954519,-0.007867,0.003556,-0.161868,-0.052726,-0.624203,-1.189490,100356.0000
1764077435840002663,2025-11-25 19:00:35.836,1.320843,0.971170,223.586929,0.018055,0.019004,0.976854,0.385063,-0.063560,9.646913,-0.014004,0.007037,-0.176042,-0.040687,-0.628366,-1.185751,100352.0000
1764077435938645311,2025-11-25 19:00:35.936,1.328405,0.923657,224.524948,0.016629,0.011198,0.975507,-0.591899,0.199230,9.639800,0.009229,0.009172,-0.151267,-0.025812,-0.634062,-1.187328,100352.0000
1764077436038848126,2025-11-25 19:00:36.036,1.395910,0.780950,225.433685,0.026059,0.016785,0.977808,0.814718,0.360379,10.000945,0.009922,0.017508,-0.162762,-0.015234,-0.635448,-1.187462,100351.0000
1764077436138345681,2025-11-25 19:00:36.136,1.474523,0.582315,226.320938,0.017561,0.020333,0.980519,0.498009,0.360372,9.654139,0.008549,0.034264,-0.160557,-0.002744,-0.637800,-1.188574,100353.0000
1764077436238593941,2025-11-25 19:00:36.236,1.502379,0.424395,227.239090,0.010159,0.032764,0.981158,-0.239032,0.710607,10.131966,-0.002804,0.027923,-0.159631,0.011666,-0.643457,-1.188218,100358.0000
1764077436339501478,2025-11-25 19:00:36.336,1.409899,0.362422,228.247421,0.005640,0.033465,0.984076,0.322065,-0.054696,9.987562,-0.024107,-0.009978,-0.179736,0.024670,-0.642423,-1.187462,100351.0000
1764077436438707404,2025-11-25 19:00:36.436,1.292914,0.342939,229.274185,0.003815,0.022620,0.980129,-0.079226,0.462832,9.531366,-0.020374,0.003180,-0.176604,0.038118,-0.645726,-1.188572,100352.0000
1764077436539924626,2025-11-25 19:00:36.536,1.246664,0.291566,230.259064,0.003726,0.013268,0.977157,0.379641,0.388022,9.953339,-0.001816,0.018920,-0.180965,0.050599,-0.647632,-1.191135,100354.0000
1764077436638281700,2025-11-25 19:00:36.636,1.271530,0.234502,231.271545,0.000441,0.012883,0.969492,0.171998,-0.286704,9.414600,0.016665,0.006750,-0.186614,0.064059,-0.649960,-1.191297,100347.0000
1764077436738474922,2025-11-25 19:00:36.736,1.333305,0.177129,232.344337,0.005867,0.017198,0.973966,-0.567717,0.709459,9.745090,0.016145,-0.000645,-0.188501,0.079949,-0.653629,-1.187622,100344.0000
1764077436841341144,2025-11-25 19:00:36.836,1.387710,0.071096,233.443092,0.010039,0.025358,0.980531,-0.038771,0.231366,9.837974,0.009935,0.008673,-0.194408,0.095329,-0.654545,-1.189280,100348.0000
1764077436938878496,2025-11-25 19:00:36.936,1.396704,-0.054486,234.525352,0.005906,0.029430,0.986767,-0.247943,0.149319,9.944893,-0.000861,0.006718,-0.182362,0.109267,-0.656881,-1.189931,100353.0000
1764077437038813403,2025-11-25 19:00:37.036,1.338334,-0.179016,235.651443,0.003723,0.031148,0.984542,-0.282494,0.083373,9.541473,-0.013793,0.010256,-0.202623,0.126118,-0.657720,-1.188239,100348.0000
1764077437138519199,2025-11-25 19:00:37.136,1.257437,-0.258637,236.857620,-0.001768,0.026917,0.980202,0.051438,0.575505,9.945941,-0.008744,0.013315,-0.231546,0.143409,-0.659136,-1.191362,100347.0000
1764077437238325366,2025-11-25 19:00:37.236,1.197647,-0.283664,238.115257,-0.002025,0.014750,0.971181,0.064161,0.119370,9.668615,-0.007211,-0.005972,-0.214376,0.160248,-0.658593,-1.192099,100352.0000
1764077437339172440,2025-11-25 19:00:37.336,1.181139,-0.318995,239.381508,-0.000213,0.014775,0.971642,0.052937,0.294827,9.736966,0.002366,-0.001036,-0.210521,0.176608,-0.657574,-1.192838,100346.0000
1764077437441174496,2025-11-25 19:00:37.436,1.195576,-0.353789,240.604095,-0.006277,0.019462,0.976044,-0.402110,0.864820,9.612398,-0.002050,-0.002210,-0.198455,0.193424,-0.663221,-1.192517,100345.0000
1764077437540235625,2025-11-25 19:00:37.536,1.197036,-0.326602,241.761856,-0.013466,0.024835,0.980133,0.006716,0.485059,9.982421,-0.011587,-0.028019,-0.199972,0.206919,-0.661686,-1.190813,100353.0000
1764077437638668958,2025-11-25 19:00:37.636,1.166063,-0.227463,242.898506,-0.010307,0.020701,0.982932,0.049083,0.325696,9.985185,0.003006,-0.020159,-0.192133,0.219921,-0.656414,-1.193011,100348.0000
1764077437740109255,2025-11-25 19:00:37.736,1.132190,-0.127735,244.027992,-0.009826,0.018626,0.980220,-0.404779,0.134537,9.455788,0.000982,-0.024627,-0.191893,0.239159,-0.658706,-1.192778,100349.0000
1764077437839084958,2025-11-25 19:00:37.836,1.133893,-0.070982,245.193985,0.007538,0.023965,0.977900,0.654885,-0.019610,10.189909,-0.001971,-0.008448,-0.218511,0.247355,-0.655326,-1.192950,100352.0000
1764077437938652736,2025-11-25 19:00:37.936,1.147336,-0.163531,246.412285,0.013345,0.017928,0.979274,0.074351,-0.268993,9.673269,0.004490,0.030413,-0.220134,0.268069,-0.654226,-1.190863,100351.0000
1764077438040842977,2025-11-25 19:00:38.036,1.167389,-0.344712,247.602211,-0.003818,0.017597,0.978679,-0.560269,0.536579,9.515318,0.019607,0.022862,-0.219096,0.285414,-0.651729,-1.189712,100356.0000
1764077438138544014,2025-11-25 19:00:38.136,1.155789,-0.441891,248.746132,-0.016678,0.024744,0.976997,-0.028468,0.759641,9.632089,-0.003581,0.000951,-0.183440,0.304632,-0.652659,-1.192870,100346.0000
1764077438238034477,2025-11-25 19:00:38.236,1.123089,-0.457254,249.809204,-0.015766,0.023029,0.980975,1.119891,1.709635,10.085860,-0.006780,-0.003034,-0.182629,0.314770,-0.649697,-1.190656,100344.0000
1764077438340515847,2025-11-25 19:00:38.336,1.081308,-0.339245,250.843842,-0.020344,0.016758,0.975371,0.091416,-1.507238,9.607471,-0.009773,-0.030216,-0.164849,0.328741,-0.645346,-1.191410,100352.0000
1764077438438550236,2025-11-25 19:00:38.436,1.048012,-0.141823,251.876892,-0.010315,0.020593,0.976450,-0.190145,0.622291,10.034534,0.001910,-0.036457,-0.187570,0.337903,-0.641951,-1.191115,100346.0000
1764077438538792606,2025-11-25 19:00:38.536,1.091545,0.026310,252.588165,0.009442,0.002891,0.978448,0.577085,-0.407899,9.941727,0.011574,-0.017173,-0.089765,0.347522,-0.640505,-1.192723,100348.0000
1764077438638559606,2025-11-25 19:00:38.636,1.207886,0.015766,252.969414,0.019640,0.014263,0.981461,0.088900,0.511246,9.865501,0.022830,0.027838,-0.043592,0.351871,-0.642792,-1.188900,100351.0000
1764077438738677550,2025-11-25 19:00:38.736,1.293353,-0.196374,253.119377,0.007881,0.024687,0.981520,-0.185589,0.210328,9.694692,0.008641,0.040469,-0.014377,0.352353,-0.641845,-1.189403,100352.0000
1764077438838622809,2025-11-25 19:00:38.836,1.269891,-0.383391,253.083611,-0.010020,0.029103,0.978600,-0.113007,0.199979,9.847183,-0.013388,0.019893,0.019590,0.354758,-0.642779,-1.188942,100346.0000
1764077438940639680,2025-11-25 19:00:38.936,1.154907,-0.370947,252.867378,-0.016058,0.025466,0.978694,-0.045530,0.142488,9.834727,-0.022331,-0.024796,0.056268,0.353305,-0.642339,-1.190373,100344.0000
1764077439039051291,2025-11-25 19:00:39.036,1.029512,-0.207645,252.465431,-0.005866,0.016421,0.978609,0.069657,0.220316,9.802067,-0.014467,-0.034414,0.088199,0.347028,-0.641483,-1.193664,100341.0000
1764077439138546532,2025-11-25 19:00:39.136,0.978224,-0.050036,251.893318,0.009591,0.008476,0.978445,0.130583,0.022813,9.777079,0.006352,-0.023656,0.116923,0.336439,-0.642953,-1.193004,100352.0000
1764077439238031698,2025-11-25 19:00:39.236,1.005265,-0.008934,251.205101,0.015248,0.011038,0.978438,0.182528,0.234283,9.765877,0.014930,0.006278,0.130070,0.329676,-0.645412,-1.194794,100354.0000
1764077439338512198,2025-11-25 19:00:39.336,1.048788,-0.046695,250.461861,0.010236,0.018952,0.977419,0.012502,0.241304,9.763163,0.005542,0.014016,0.133739,0.319087,-0.649241,-1.192653,100353.0000
1764077439441355217,2025-11-25 19:00:39.436,1.047446,-0.094367,249.730240,0.003305,0.024621,0.978367,-0.017805,0.204230,9.759256,-0.002120,0.008162,0.128318,0.312353,-0.647381,-1.193546,100348.0000
1764077439538791939,2025-11-25 19:00:39.536,1.007727,-0.118820,249.005119,0.001112,0.021062,0.980053,0.069860,0.088252,9.836513,0.001525,0.004623,0.129316,0.300797,-0.652168,-1.191376,100349.0000
1764077439638926642,2025-11-25 19:00:39.636,0.993184,-0.140675,248.253265,0.003327,0.018239,0.980306,-0.013314,-0.223409,9.799847,-0.008611,0.007565,0.134096,0.292598,-0.653669,-1.192677,100350.0000
1764077439739023531,2025-11-25 19:00:39.736,1.019949,-0.199776,247.430725,0.001367,0.014866,0.978892,0.156111,0.227741,9.879557,0.007278,0.011453,0.149656,0.282969,-0.651842,-1.194490,100350.0000
1764077439839934735,2025-11-25 19:00:39.836,1.078114,-0.276668,246.536530,0.001786,0.014950,0.979962,0.291981,-0.003841,10.008364,0.015286,0.020517,0.162702,0.271415,-0.657097,-1.191832,100343.0000
1764077439938943309,2025-11-25 19:00:39.936,1.117620,-0.346903,245.612984,-0.005789,0.021503,0.978320,-0.215134,0.198981,9.726427,0.006295,0.015538,0.160959,0.258896,-0.658119,-1.192114,100345.0000
1764077440038869679,2025-11-25 19:00:40.036,1.092443,-0.345474,244.720543,-0.013329,0.026131,0.975322,-0.321703,0.280536,9.672080,-0.012184,-0.007927,0.153781,0.249290,-0.656231,-1.191038,100350.0000
1764077440138254438,2025-11-25 19:00:40.136,1.021185,-0.232452,243.884064,-0.012098,0.022860,0.975027,0.000395,0.093319,9.796449,-0.014329,-0.028354,0.151365,0.233379,-0.659220,-1.193166,100353.0000
1764077440238257531,2025-11-25 19:00:40.236,0.964626,-0.072200,243.082176,-0.000981,0.016538,0.978187,0.127189,0.094908,9.873813,-0.000642,-0.026512,0.143695,0.223773,-0.656387,-1.192586,100353.0000
1764077440340666031,2025-11-25 19:00:40.336,0.970776,0.036229,242.276550,0.006072,0.014448,0.979698,-0.038858,0.218714,9.715610,0.007759,-0.009135,0.145203,0.209321,-0.659328,-1.192810,100344.0000
1764077440443224383,2025-11-25 19:00:40.436,1.019079,0.046417,241.459061,0.007915,0.016751,0.981535,0.048080,0.291164,9.812075,0.007972,0.009459,0.146250,0.201139,-0.659842,-1.192682,100346.0000
1764077440538498975,2025-11-25 19:00:40.536,1.069251,0.023538,240.649002,-0.001084,0.029613,0.982526,2.348612,4.216465,10.687582,0.004439,0.015616,0.097436,0.192969,-0.657968,-1.192591,100346.0000
1764077440638715660,2025-11-25 19:00:40.636,1.087460,0.074723,239.877327,-0.010788,0.007830,0.977744,-0.363798,-1.150814,9.620494,0.010070,-0.006388,0.134388,0.179501,-0.659431,-1.190925,100351.0000
1764077440740443882,2025-11-25 19:00:40.736,1.064142,0.214694,239.121239,-0.009089,0.026007,0.976873,-0.678796,0.922067,9.548777,-0.004768,-0.026397,0.128836,0.167456,-0.660471,-1.192177,100352.0000
1764077440840227586,2025-11-25 19:00:40.836,1.045735,0.370932,238.388863,-0.000544,0.018583,0.973838,0.053714,-0.167961,9.678806,-0.007605,-0.031298,0.127326,0.156383,-0.661009,-1.192487,100344.0000
1764077440938843993,2025-11-25 19:00:40.936,1.046867,0.496499,237.655258,0.008183,0.017863,0.977507,0.363875,0.070261,10.007057,-0.001342,-0.016917,0.127268,0.145341,-0.657694,-1.191413,100348.0000
1764077441038814327,2025-11-25 19:00:41.036,1.044929,0.556611,236.947830,0.011176,0.019340,0.978827,0.037286,0.009888,9.745662,0.002389,-0.002075,0.127701,0.135708,-0.658236,-1.192225,100346.0000
1764077441138663308,2025-11-25 19:00:41.136,1.034377,0.544079,236.264153,0.011838,0.022105,0.981426,0.050088,0.387780,9.769789,0.002878,0.005302,0.118618,0.127040,-0.655937,-1.194541,100348.0000
1764077441238434845,2025-11-25 19:00:41.236,1.007788,0.471196,235.602982,0.011674,0.020923,0.982667,0.313213,0.140215,9.930772,-0.003564,0.014392,0.115891,0.117908,-0.655480,-1.193450,100348.0000
1764077441338965252,2025-11-25 19:00:41.336,0.967275,0.365264,234.947701,0.005869,0.018105,0.981349,0.114806,0.208678,9.857421,-0.012106,0.026314,0.116228,0.111662,-0.655956,-1.191906,100349.0000
1764077441440564438,2025-11-25 19:00:41.436,0.917053,0.305760,234.304520,-0.002404,0.018003,0.976679,-0.209595,0.236763,9.657519,-0.005178,0.009838,0.111193,0.102502,-0.655102,-1.194674,100349.0000
1764077441540685660,2025-11-25 19:00:41.536,0.875100,0.337462,233.695961,-0.006669,0.016563,0.975028,-0.203429,0.249542,9.702683,0.001978,-0.013361,0.105188,0.095773,-0.653700,-1.194597,100354.0000
1764077441639971197,2025-11-25 19:00:41.636,0.881888,0.433561,233.136177,0.000213,0.012672,0.977147,0.069901,0.088960,9.801527,0.008807,-0.024013,0.095858,0.086183,-0.649413,-1.193076,100352.0000
1764077441738714697,2025-11-25 19:00:41.736,0.952921,0.517171,232.612465,0.008178,0.011269,0.979852,0.145640,0.147202,9.830540,0.020644,-0.009463,0.087367,0.078973,-0.649426,-1.192007,100346.0000
1764077441838622752,2025-11-25 19:00:41.836,1.062199,0.533099,232.094025,0.011216,0.017705,0.980335,0.142720,0.276503,9.806134,0.018166,0.002162,0.090260,0.069845,-0.648958,-1.190435,100354.0000
1764077441938968771,2025-11-25 19:00:41.936,1.120813,0.511841,231.563461,0.009751,0.026208,0.979179,0.247087,0.103144,9.849216,0.004495,0.008222,0.094577,0.066922,-0.652366,-1.192748,100352.0000
1764077442038660993,2025-11-25 19:00:42.036,1.082326,0.491511,231.035721,0.008186,0.029111,0.977689,0.177556,0.226526,9.826874,-0.016817,0.008591,0.089204,0.058786,-0.649933,-1.188812,100351.0000
1764077442138861233,2025-11-25 19:00:42.136,0.968512,0.490697,230.552811,0.004842,0.022827,0.977064,-0.271303,0.321331,9.637340,-0.027099,0.000188,0.093044,0.050618,-0.646169,-1.189713,100350.0000
1764077442238230400,2025-11-25 19:00:42.236,0.862181,0.496936,230.128784,0.006833,0.015795,0.977867,-0.006253,0.042376,9.697999,-0.015330,-0.004455,0.069227,0.047232,-0.645757,-1.192077,100346.0000
1764077442343854326,2025-11-25 19:00:42.336,0.813843,0.514983,229.748962,0.008656,0.009248,0.979056,0.205232,0.174939,9.879536,0.003584,-0.002699,0.065228,0.040469,-0.644446,-1.196332,100348.0000
1764077442438882307,2025-11-25 19:00:42.436,0.825401,0.541105,229.385406,0.008116,0.010566,0.979242,0.064876,0.197744,9.778354,0.014219,-0.005248,0.065736,0.038102,-0.641997,-1.192963,100350.0000
1764077442538525789,2025-11-25 19:00:42.536,0.888568,0.565228,229.013687,0.008018,0.012233,0.980262,0.016448,0.261620,9.742054,0.014493,-0.001984,0.064037,0.032309,-0.642074,-1.195285,100350.0000
1764077442638572752,2025-11-25 19:00:42.636,0.959495,0.575816,228.627396,0.008591,0.018759,0.979601,0.160734,0.282097,9.799346,0.005072,-0.000158,0.064622,0.027037,-0.642514,-1.192311,100354.0000
1764077442738801344,2025-11-25 19:00:42.736,0.988547,0.575592,228.253845,0.008664,0.022425,0.978635,0.101141,0.257205,9.792206,0.006308,0.002053,0.064357,0.022219,-0.641611,-1.193699,100349.0000
1764077442838521881,2025-11-25 19:00:42.836,0.954043,0.557356,227.910278,0.008490,0.023566,0.976722,0.011165,0.233075,9.732623,-0.005997,0.006247,0.053960,0.018372,-0.642563,-1.192665,100352.0000
1764077442938921603,2025-11-25 19:00:42.936,0.882474,0.524884,227.599609,0.007425,0.019149,0.977408,0.011974,0.099308,9.767812,-0.016800,0.004897,0.050892,0.013102,-0.638755,-1.192163,100349.0000
1764077443038572437,2025-11-25 19:00:43.036,0.822981,0.485822,227.307709,0.005959,0.014758,0.978407,0.076720,0.046068,9.817085,-0.006937,0.005455,0.048092,0.009730,-0.637368,-1.193580,100352.0000
1764077443138754103,2025-11-25 19:00:43.136,0.799905,0.476733,227.016510,0.004286,0.012879,0.979241,0.090146,0.065924,9.832201,0.003512,-0.008076,0.057286,0.006834,-0.634576,-1.196469,100346.0000
1764077443238372362,2025-11-25 19:00:43.236,0.829824,0.501207,226.722610,0.004746,0.012473,0.979778,0.092178,0.107594,9.796865,0.015818,-0.005503,0.057208,0.003473,-0.635516,-1.194961,100356.0000
1764077443339007029,2025-11-25 19:00:43.336,0.884792,0.539786,226.429413,0.006899,0.016025,0.978866,0.093239,0.170173,9.797576,0.006207,-0.004854,0.052768,-0.001322,-0.635964,-1.192476,100349.0000
1764077443441477047,2025-11-25 19:00:43.436,0.910484,0.571964,226.150391,0.008748,0.020527,0.978956,0.073694,0.245507,9.777748,-0.001092,-0.001235,0.049463,-0.007100,-0.634588,-1.193856,100352.0000
1764077443538563270,2025-11-25 19:00:43.536,0.881235,0.588599,225.904022,0.009663,0.022101,0.977896,0.060005,0.277433,9.753575,-0.006879,0.002851,0.038202,-0.009493,-0.633623,-1.192873,100343.0000
1764077443638594788,2025-11-25 19:00:43.636,0.816920,0.584467,225.689758,0.009360,0.018974,0.977747,0.032859,0.202868,9.745187,-0.007710,0.001172,0.033682,-0.009496,-0.634101,-1.192865,100348.0000
1764077443738843084,2025-11-25 19:00:43.736,0.761300,0.575420,225.495453,0.009254,0.013906,0.978035,0.058013,0.170881,9.762814,-0.009346,-0.003192,0.034076,-0.011903,-0.629874,-1.195784,100354.0000
1764077443838651251,2025-11-25 19:00:43.836,0.744575,0.561165,225.300323,0.009661,0.011294,0.979404,0.129520,0.112284,9.826839,0.000182,0.002817,0.031664,-0.014789,-0.630354,-1.195252,100347.0000
1764077443938757899,2025-11-25 19:00:43.936,0.776084,0.538697,225.086594,0.009457,0.012964,0.979977,0.110625,0.116693,9.817824,0.010216,0.003567,0.036084,-0.019591,-0.629410,-1.194715,100351.0000
1764077444039012899,2025-11-25 19:00:44.036,0.810066,0.515307,224.867554,0.007481,0.017171,0.979458,0.027454,0.110015,9.737069,0.001369,0.004564,0.034208,-0.021030,-0.630819,-1.193227,100347.0000
1764077444138241751,2025-11-25 19:00:44.136,0.806788,0.506727,224.669785,0.006732,0.019457,0.978297,0.095672,0.101589,9.806419,-0.003775,-0.000757,0.033473,-0.022478,-0.629423,-1.194672,100348.0000
1764077444238338825,2025-11-25 19:00:44.236,0.787927,0.502769,224.513504,0.013467,0.013389,0.978658,0.103728,0.105778,9.801215,0.003199,0.003882,0.026879,-0.026800,-0.628477,-1.194141,100346.0000
1764077444338675677,2025-11-25 19:00:44.336,0.791182,0.469574,224.384140,0.013566,0.012422,0.978664,0.078873,0.146194,9.795301,0.009748,0.007127,0.025113,-0.028260,-0.629469,-1.195549,100350.0000
1764077444439020936,2025-11-25 19:00:44.436,0.819941,0.425843,224.253220,0.012409,0.014598,0.979171,0.113609,0.137549,9.793696,0.009209,0.006462,0.027662,-0.026794,-0.625631,-1.195147,100348.0000
1764077444540885010,2025-11-25 19:00:44.536,0.862938,0.379230,224.126907,0.009601,0.017613,0.978770,0.072536,0.252364,9.797415,0.008161,0.005873,0.022131,-0.030634,-0.627041,-1.193143,100347.0000
1764077444640631269,2025-11-25 19:00:44.636,0.891928,0.347315,224.013702,0.007072,0.019965,0.978390,0.043410,0.267012,9.756647,0.003442,0.003921,0.019836,-0.031114,-0.627510,-1.192647,100348.0000
1764077444738533065,2025-11-25 19:00:44.736,0.889413,0.355446,223.928619,0.004569,0.020897,0.977266,0.061280,0.246803,9.778628,-0.000039,-0.006485,0.013065,-0.033509,-0.626078,-1.192152,100349.0000
1764077444838576843,2025-11-25 19:00:44.836,0.847488,0.397171,223.865875,0.005413,0.019564,0.977496,0.046841,0.261808,9.766971,-0.003555,-0.008314,0.011154,-0.032075,-0.625624,-1.193625,100351.0000
1764077444938917954,2025-11-25 19:00:44.936,0.788529,0.452058,223.819305,0.007626,0.016530,0.978824,0.076346,0.152621,9.799197,-0.011471,-0.011156,0.007562,-0.032573,-0.625200,-1.196033,100345.0000
1764077445038492195,2025-11-25 19:00:45.036,0.740441,0.494500,223.781540,0.010834,0.012986,0.979992,0.147773,0.091572,9.825293,-0.007745,-0.000830,0.002573,-0.034489,-0.626601,-1.194056,100344.0000
1764077445138554361,2025-11-25 19:00:45.136,0.735174,0.502169,223.749130,0.012641,0.011450,0.980743,0.134103,0.078854,9.807402,0.000680,0.000857,0.005224,-0.035437,-0.626097,-1.192605,100348.0000
1764077445238861158,2025-11-25 19:00:45.236,0.770786,0.469789,223.717621,0.011310,0.012113,0.979772,0.092332,0.099613,9.805299,0.014780,0.006016,0.006551,-0.035920,-0.624219,-1.194072,100350.0000
1764077445339203176,2025-11-25 19:00:45.336,0.821411,0.425601,223.686981,0.008784,0.016829,0.978505,0.059332,0.285041,9.759009,0.012694,0.007324,0.006638,-0.034964,-0.624702,-1.194560,100348.0000
1764077445438414102,2025-11-25 19:00:45.436,0.864000,0.385237,223.657654,0.004683,0.018598,0.977066,-0.061277,0.098261,9.676748,0.000935,0.003823,0.007056,-0.036898,-0.624264,-1.195983,100346.0000
1764077445539019491,2025-11-25 19:00:45.536,0.878485,0.369612,223.643173,0.004968,0.019687,0.978128,0.092638,0.221713,9.806074,-0.001017,0.002236,0.005353,-0.035919,-0.624686,-1.193583,100354.0000
1764077445641071472,2025-11-25 19:00:45.636,0.854581,0.380338,223.648132,0.006114,0.019055,0.978798,0.174184,0.276849,9.807466,-0.007269,-0.001289,-0.001478,-0.036903,-0.627577,-1.194488,100350.0000
1764077445739083176,2025-11-25 19:00:45.736,0.837072,0.392879,223.675171,0.009165,0.014555,0.978828,0.038023,0.262475,9.734232,-0.000112,-0.000830,-0.006432,-0.035438,-0.624684,-1.193590,100350.0000
1764077445839518657,2025-11-25 19:00:45.836,0.832645,0.407483,223.724823,0.007708,0.014105,0.978541,0.043879,0.194504,9.779538,0.000885,-0.003413,-0.011770,-0.035458,-0.623322,-1.196982,100350.0000
1764077445938829379,2025-11-25 19:00:45.936,0.847440,0.411781,223.783997,0.009516,0.015061,0.978343,0.126406,0.162857,9.794308,-0.004433,0.001103,-0.016066,-0.034487,-0.624710,-1.195049,100348.0000
1764077446038284602,2025-11-25 19:00:46.036,0.868576,0.401746,223.849854,0.009774,0.017864,0.977329,0.109303,0.167288,9.804210,0.004640,0.002152,-0.013798,-0.032089,-0.626133,-1.195062,100355.0000
1764077446138419472,2025-11-25 19:00:46.136,0.876998,0.374982,223.921722,0.008632,0.019093,0.978345,0.070002,0.157454,9.796943,-0.000925,0.007346,-0.015764,-0.031605,-0.628011,-1.193596,100344.0000
1764077446238376009,2025-11-25 19:00:46.236,0.859744,0.353610,224.011826,0.006291,0.018940,0.978831,0.104626,0.063121,9.786027,-0.001641,0.002821,-0.014170,-0.031603,-0.627533,-1.193603,100354.0000
1764077446338887175,2025-11-25 19:00:46.336,0.833737,0.349545,224.122269,0.006442,0.015108,0.980120,0.119196,0.044560,9.818429,0.004576,-0.003353,-0.020740,-0.029690,-0.627555,-1.195076,100348.0000
1764077446439090361,2025-11-25 19:00:46.436,0.821373,0.368135,224.248398,0.005358,0.013084,0.979283,0.053189,0.091199,9.785632,-0.003025,-0.000695,-0.019388,-0.028740,-0.628526,-1.196038,100349.0000
1764077446538815638,2025-11-25 19:00:46.536,0.831717,0.402444,224.373764,0.006262,0.012855,0.978246,0.047902,0.152320,9.764920,0.000599,-0.007165,-0.017682,-0.027768,-0.626611,-1.196082,100347.0000
1764077446638467286,2025-11-25 19:00:46.636,0.865044,0.441103,224.491531,0.008798,0.014212,0.977922,0.061587,0.210670,9.756145,0.015155,-0.010088,-0.019954,-0.027300,-0.629943,-1.195556,100350.0000
1764077446738731786,2025-11-25 19:00:46.736,0.908842,0.463885,224.597351,0.010655,0.016495,0.978176,0.089773,0.276220,9.763094,0.009475,-0.000443,-0.015175,-0.025842,-0.628483,-1.194637,100350.0000
1764077446838493453,2025-11-25 19:00:46.836,0.932955,0.461895,224.696198,0.010244,0.019501,0.979108,0.097385,0.271673,9.767216,-0.000284,0.001670,-0.017310,-0.024873,-0.630348,-1.192696,100343.0000
1764077446938740786,2025-11-25 19:00:46.936,0.922894,0.438437,224.808029,0.009934,0.019852,0.979263,0.077379,0.282813,9.790293,-0.005545,0.001537,-0.022904,-0.023440,-0.630840,-1.193673,100342.0000
1764077447038714397,2025-11-25 19:00:47.036,0.884015,0.411621,224.933243,0.007478,0.018875,0.978830,0.080656,0.154218,9.781527,-0.006217,0.001521,-0.024347,-0.021037,-0.631307,-1.193701,100350.0000
1764077447138792082,2025-11-25 19:00:47.136,0.827133,0.402735,225.068542,0.006186,0.016849,0.978400,0.075175,0.076560,9.791817,-0.006276,-0.001645,-0.023015,-0.021035,-0.629416,-1.194693,100348.0000
1764077447238248360,2025-11-25 19:00:47.236,0.776617,0.412165,225.202545,0.005385,0.014208,0.977688,0.058440,0.061277,9.780821,-0.007426,-0.002229,-0.022475,-0.018155,-0.628479,-1.196195,100347.0000
1764077447339272490,2025-11-25 19:00:47.336,0.758496,0.436356,225.329712,0.006665,0.012592,0.977886,0.103610,0.069777,9.798518,-0.001857,-0.002106,-0.019760,-0.017673,-0.632247,-1.193736,100341.0000
1764077447438864823,2025-11-25 19:00:47.436,0.766047,0.460613,225.446259,0.007766,0.012745,0.978250,0.075137,0.118463,9.779197,0.008754,-0.006274,-0.013744,-0.016712,-0.630830,-1.194735,100360.0000
1764077447538844767,2025-11-25 19:00:47.536,0.788147,0.483437,225.555161,0.007752,0.014990,0.978538,0.082809,0.165212,9.774653,0.013587,-0.005560,-0.016431,-0.012392,-0.632254,-1.195259,100355.0000
1764077447638760082,2025-11-25 19:00:47.636,0.805613,0.501153,225.671951,0.006969,0.017164,0.979057,0.065891,0.234769,9.775870,0.002041,-0.002395,-0.019093,-0.013821,-0.630807,-1.194296,100360.0000
1764077447738756156,2025-11-25 19:00:47.736,0.803400,0.523154,225.808563,0.005979,0.017978,0.979645,0.066829,0.250759,9.787514,-0.001748,-0.002419,-0.023663,-0.009977,-0.632690,-1.193843,100346.0000
1764077447838816249,2025-11-25 19:00:47.836,0.788547,0.544989,225.958267,0.006237,0.015688,0.979791,0.063160,0.172237,9.780278,-0.000563,-0.005386,-0.026246,-0.010953,-0.632258,-1.195761,100348.0000
1764077447939023341,2025-11-25 19:00:47.936,0.791026,0.544923,226.110352,0.010607,0.012354,0.979724,0.107625,0.211588,9.788013,0.006095,0.000374,-0.025706,-0.009020,-0.633641,-1.193842,100352.0000
1764077448040424119,2025-11-25 19:00:48.036,0.819877,0.518595,226.258209,0.009674,0.013352,0.978859,0.103459,0.119455,9.803709,0.008311,0.003213,-0.024352,-0.006141,-0.634594,-1.194352,100346.0000
1764077448138912156,2025-11-25 19:00:48.136,0.854113,0.474333,226.395905,0.007881,0.016453,0.978226,0.087601,0.130556,9.788854,0.005548,0.011028,-0.027105,-0.001319,-0.633129,-1.193964,100345.0000
1764077448238408119,2025-11-25 19:00:48.236,0.864492,0.436300,226.539612,0.006059,0.019005,0.977684,0.084086,0.133019,9.810196,-0.001600,0.003823,-0.027391,-0.002770,-0.635514,-1.193424,100351.0000
1764077448338780452,2025-11-25 19:00:48.336,0.846199,0.419021,226.692673,0.004546,0.019090,0.977828,0.041329,0.108331,9.799068,-0.000997,0.003767,-0.023802,0.001070,-0.635049,-1.194932,100352.0000
1764077448438540359,2025-11-25 19:00:48.436,0.804608,0.429280,226.855225,0.004256,0.017554,0.978089,0.035306,0.127063,9.797049,-0.006302,-0.005204,-0.027013,0.003466,-0.638362,-1.193954,100354.0000
1764077448538809285,2025-11-25 19:00:48.536,0.764202,0.457592,227.016495,0.006263,0.014258,0.978477,0.074146,0.131540,9.773851,-0.006960,-0.007128,-0.023293,0.004911,-0.635052,-1.195952,100347.0000
1764077448638772211,2025-11-25 19:00:48.636,0.751615,0.485757,227.179550,0.009006,0.011887,0.979118,0.094917,0.197343,9.773378,0.003342,-0.002609,-0.026681,0.004438,-0.636447,-1.193998,100350.0000
1764077448741286100,2025-11-25 19:00:48.736,0.775430,0.485422,227.334259,0.010294,0.012353,0.979589,0.082417,0.213338,9.773748,0.006554,0.000508,-0.027069,0.006822,-0.636964,-1.196432,100350.0000
1764077448838975526,2025-11-25 19:00:48.836,0.815925,0.462022,227.487579,0.009836,0.013952,0.979762,0.076885,0.248407,9.789325,0.011349,0.002351,-0.025902,0.011640,-0.636455,-1.196029,100349.0000
1764077448938937766,2025-11-25 19:00:48.936,0.858591,0.427290,227.636444,0.008199,0.016190,0.979406,0.072561,0.204361,9.792428,0.003408,0.005288,-0.029862,0.010202,-0.636919,-1.195038,100351.0000
1764077449038881581,2025-11-25 19:00:49.036,0.889353,0.393392,227.793564,0.007558,0.017852,0.978929,0.104882,0.145525,9.793847,0.001023,0.006583,-0.030346,0.016433,-0.641667,-1.195058,100348.0000
1764077449138442600,2025-11-25 19:00:49.136,0.887072,0.376458,227.962769,0.006509,0.018618,0.978029,0.047373,0.120579,9.788330,-0.004018,0.002582,-0.031219,0.015978,-0.638773,-1.193650,100348.0000
1764077449238237896,2025-11-25 19:00:49.236,0.868469,0.375144,228.142258,0.006553,0.017491,0.977801,0.090660,0.091504,9.799434,0.001992,-0.000257,-0.030166,0.019352,-0.640628,-1.191745,100351.0000
1764077449341684137,2025-11-25 19:00:49.336,0.843138,0.389702,228.322617,0.006580,0.016035,0.978268,0.072679,0.074053,9.794470,-0.009210,-0.005266,-0.031079,0.021268,-0.639227,-1.193721,100346.0000
1764077449438701248,2025-11-25 19:00:49.436,0.825223,0.410797,228.501953,0.007494,0.014338,0.978171,0.088225,0.112196,9.800379,-0.000338,-0.003217,-0.028055,0.024140,-0.640667,-1.194705,100344.0000
1764077449538806618,2025-11-25 19:00:49.536,0.816602,0.426509,228.678726,0.008852,0.014028,0.978850,0.072767,0.161727,9.779096,-0.000954,-0.003216,-0.027449,0.023658,-0.643972,-1.192721,100348.0000
1764077449638754896,2025-11-25 19:00:49.636,0.818943,0.432024,228.851318,0.009816,0.014968,0.978619,0.075175,0.188213,9.775764,-0.000900,-0.000943,-0.029964,0.027974,-0.642104,-1.195702,100346.0000
1764077449738567155,2025-11-25 19:00:49.736,0.823815,0.428317,229.025803,0.010551,0.015982,0.978702,0.084371,0.242259,9.769638,-0.000345,0.002804,-0.032717,0.027997,-0.640630,-1.193799,100346.0000
1764077449838800544,2025-11-25 19:00:49.836,0.826557,0.415133,229.209579,0.009740,0.016434,0.979316,0.094491,0.218256,9.774590,0.001938,0.001835,-0.031899,0.032312,-0.643009,-1.194308,100346.0000
1764077449938959062,2025-11-25 19:00:49.936,0.824774,0.393788,229.400116,0.008935,0.016110,0.979686,0.074191,0.176169,9.793977,0.000750,0.000886,-0.030343,0.037137,-0.641066,-1.193927,100355.0000
1764077450038936210,2025-11-25 19:00:50.036,0.821138,0.376369,229.593979,0.007834,0.015631,0.978840,0.068056,0.142984,9.787973,0.000670,0.002045,-0.033440,0.037134,-0.643902,-1.192438,100351.0000
1764077450138809192,2025-11-25 19:00:50.136,0.821389,0.365662,229.783798,0.007148,0.015007,0.978261,0.084174,0.093327,9.800655,0.002083,0.000567,-0.033464,0.040940,-0.644942,-1.197294,100348.0000
1764077450238107636,2025-11-25 19:00:50.236,0.832159,0.370858,229.971725,0.006583,0.015013,0.978039,0.095456,0.068613,9.806325,0.007690,-0.002223,-0.032006,0.041432,-0.644909,-1.195857,100351.0000
1764077450338959340,2025-11-25 19:00:50.336,0.843816,0.393428,230.164536,0.006692,0.014796,0.978242,0.097809,0.069686,9.803751,0.002527,-0.002562,-0.032412,0.045290,-0.646284,-1.193967,100352.0000
1764077450438555006,2025-11-25 19:00:50.436,0.856152,0.420866,230.357452,0.007509,0.015318,0.978316,0.108399,0.128581,9.774319,-0.004632,-0.004992,-0.029177,0.047703,-0.643427,-1.195009,100348.0000
1764077450538577580,2025-11-25 19:00:50.536,0.865456,0.443517,230.550781,0.008969,0.016527,0.978606,0.095421,0.194069,9.789584,0.000964,-0.002912,-0.029188,0.050580,-0.645325,-1.195023,100349.0000
1764077450638667951,2025-11-25 19:00:50.636,0.862525,0.444162,230.743347,0.010152,0.017588,0.978623,0.075010,0.215084,9.762183,-0.001842,0.001587,-0.031417,0.052018,-0.644862,-1.196014,100354.0000
1764077450738807562,2025-11-25 19:00:50.736,0.839489,0.432326,230.941177,0.009312,0.017675,0.978617,0.075485,0.232423,9.768997,-0.004946,0.000692,-0.032680,0.052020,-0.646742,-1.194541,100345.0000
1764077450838682654,2025-11-25 19:00:50.836,0.805900,0.416692,231.137878,0.007504,0.016513,0.978658,0.045949,0.210972,9.765010,-0.009070,0.004967,-0.035228,0.058277,-0.646236,-1.194641,100344.0000
1764077450939151432,2025-11-25 19:00:50.936,0.781658,0.410572,231.327408,0.006810,0.014059,0.978873,0.091120,0.157982,9.792845,0.002331,0.003940,-0.033596,0.060211,-0.645262,-1.194202,100350.0000
1764077451038822728,2025-11-25 19:00:51.036,0.774549,0.406652,231.509842,0.008069,0.012258,0.979090,0.092014,0.132706,9.805006,0.005509,-0.001949,-0.034486,0.061652,-0.644787,-1.194712,100349.0000
1764077451139210247,2025-11-25 19:00:51.136,0.797288,0.414471,231.685181,0.006653,0.012888,0.979056,0.086858,0.080167,9.818598,0.002355,0.000704,-0.026510,0.065964,-0.650002,-1.193733,100349.0000
1764077451238374172,2025-11-25 19:00:51.236,0.831062,0.426574,231.864700,0.006533,0.015204,0.978964,0.079830,0.085312,9.821119,0.007204,-0.002782,-0.032231,0.065500,-0.646661,-1.193777,100351.0000
1764077451339509450,2025-11-25 19:00:51.336,0.856834,0.449930,232.054642,0.006998,0.017064,0.978851,0.096227,0.095279,9.819985,0.004428,-0.005334,-0.031407,0.068387,-0.648060,-1.192835,100348.0000
1764077451438963432,2025-11-25 19:00:51.436,0.863930,0.474733,232.241158,0.008424,0.017075,0.978995,0.078601,0.127612,9.790421,0.006407,-0.005240,-0.027707,0.071729,-0.649529,-1.195270,100350.0000
1764077451538778857,2025-11-25 19:00:51.536,0.859415,0.483805,232.415520,0.009840,0.016700,0.978505,0.089941,0.161224,9.761420,-0.000339,0.001734,-0.024389,0.074149,-0.649010,-1.193868,100349.0000
1764077451638957172,2025-11-25 19:00:51.636,0.849655,0.467954,232.583229,0.009250,0.016787,0.978050,0.061722,0.188017,9.754930,-0.006916,0.003027,-0.025511,0.075097,-0.651872,-1.193839,100353.0000
1764077451740294320,2025-11-25 19:00:51.736,0.834771,0.431808,232.748222,0.007987,0.016204,0.978201,0.050357,0.243628,9.750081,-0.000184,0.005180,-0.024631,0.077009,-0.650481,-1.196296,100347.0000
1764077451838762302,2025-11-25 19:00:51.836,0.810241,0.406603,232.919273,0.005722,0.015387,0.977718,0.043742,0.220598,9.762065,-0.002474,0.000126,-0.028410,0.077536,-0.646586,-1.192992,100346.0000
1764077451939938376,2025-11-25 19:00:51.936,0.801019,0.414593,233.094063,0.004944,0.013267,0.978393,0.035836,0.174448,9.781402,-0.001040,-0.004607,-0.031984,0.081825,-0.650449,-1.195886,100352.0000
1764077452038489042,2025-11-25 19:00:52.036,0.803560,0.447767,233.265854,0.006382,0.012842,0.979264,0.086879,0.135947,9.815946,-0.000965,-0.006845,-0.034373,0.083757,-0.650420,-1.194951,100346.0000
1764077452138740135,2025-11-25 19:00:52.136,0.818360,0.485008,233.432396,0.008606,0.013674,0.979810,0.116342,0.106262,9.806107,0.006606,-0.004232,-0.029492,0.085192,-0.651379,-1.195440,100347.0000
1764077452238176024,2025-11-25 19:00:52.236,0.840395,0.502843,233.589561,0.010179,0.015446,0.979324,0.122076,0.103142,9.795974,0.011401,-0.005348,-0.026939,0.088081,-0.653246,-1.194009,100344.0000
1764077452340865413,2025-11-25 19:00:52.336,0.855753,0.493117,233.734444,0.010171,0.016840,0.978877,0.108976,0.099069,9.809486,0.005526,0.005081,-0.023184,0.088093,-0.652271,-1.193061,100348.0000
1764077452439090098,2025-11-25 19:00:52.436,0.858940,0.464533,233.877907,0.008855,0.017151,0.978719,0.091559,0.123306,9.783802,0.000098,0.007852,-0.023840,0.090960,-0.653254,-1.195014,100349.0000
1764077452540064042,2025-11-25 19:00:52.536,0.848305,0.433516,234.020454,0.007874,0.016427,0.978195,0.068929,0.142678,9.771577,0.001245,0.001777,-0.022328,0.093382,-0.650845,-1.194605,100352.0000
1764077452639472283,2025-11-25 19:00:52.636,0.829469,0.405891,234.164818,0.007171,0.015367,0.978287,0.050045,0.189622,9.768497,-0.000126,0.004990,-0.023544,0.093842,-0.652784,-1.196027,100353.0000
1764077452738766412,2025-11-25 19:00:52.736,0.819853,0.388914,234.302895,0.006233,0.014104,0.978367,0.035672,0.209750,9.755732,0.007164,0.001641,-0.020400,0.097692,-0.653234,-1.195595,100343.0000
1764077452838796968,2025-11-25 19:00:52.836,0.822487,0.385741,234.427925,0.005780,0.013676,0.978361,0.050808,0.220408,9.766290,0.003973,-0.001526,-0.018985,0.098177,-0.650864,-1.196602,100348.0000
1764077452938696690,2025-11-25 19:00:52.936,0.836358,0.393314,234.538002,0.006248,0.014236,0.978165,0.053624,0.226442,9.766001,0.003320,-0.005452,-0.015925,0.100116,-0.652704,-1.193713,100344.0000
1764077453038795468,2025-11-25 19:00:53.036,0.860345,0.408002,234.637138,0.007321,0.014750,0.978231,0.093257,0.192406,9.797992,-0.003446,-0.001073,-0.019600,0.102514,-0.652714,-1.194710,100354.0000
1764077453138840542,2025-11-25 19:00:53.136,0.879652,0.418524,234.729424,0.008227,0.015629,0.978901,0.099006,0.117571,9.808390,0.005488,-0.003358,-0.018387,0.102021,-0.652747,-1.196148,100355.0000
1764077453238106042,2025-11-25 19:00:53.236,0.888340,0.423194,234.821907,0.008620,0.016431,0.979403,0.101997,0.111222,9.806817,0.001098,-0.003546,-0.016213,0.103482,-0.652222,-1.194251,100350.0000
1764077453338952930,2025-11-25 19:00:53.336,0.887793,0.418713,234.911926,0.008794,0.015445,0.979603,0.112369,0.070317,9.812607,0.001889,-0.000333,-0.010652,0.104442,-0.652695,-1.194258,100348.0000
1764077453441439782,2025-11-25 19:00:53.436,0.887904,0.405643,234.996811,0.009144,0.015525,0.979161,0.084185,0.106679,9.812936,-0.000790,0.004551,-0.012704,0.106852,-0.652674,-1.193812,100355.0000
1764077453538689412,2025-11-25 19:00:53.536,0.883193,0.377774,235.072121,0.009009,0.015742,0.978438,0.066356,0.141360,9.773846,0.003603,0.002568,-0.009176,0.107805,-0.653636,-1.194293,100344.0000
1764077453638801449,2025-11-25 19:00:53.636,0.871730,0.345469,235.137642,0.007801,0.016113,0.977753,0.027397,0.204351,9.757631,0.005840,0.003668,-0.008818,0.106819,-0.654646,-1.196671,100346.0000
1764077453740244856,2025-11-25 19:00:53.736,0.859960,0.320360,235.187912,0.005891,0.014607,0.977710,0.027169,0.199179,9.746099,0.001287,0.000907,-0.005200,0.109246,-0.654107,-1.194307,100350.0000
1764077453838876597,2025-11-25 19:00:53.836,0.857513,0.322523,235.230949,0.004842,0.014276,0.978302,-0.015995,0.345896,9.713017,0.007843,-0.004183,-0.000891,0.109253,-0.653619,-1.193833,100348.0000
1764077453938986060,2025-11-25 19:00:53.936,0.864915,0.354436,235.273720,0.004632,0.013999,0.978943,0.053886,0.218292,9.792084,-0.002807,-0.005681,-0.009122,0.109737,-0.652194,-1.194344,100350.0000
1764077454038848449,2025-11-25 19:00:54.036,0.879974,0.400013,235.312134,0.007550,0.014934,0.979302,0.103268,0.159755,9.780387,0.008960,-0.004289,-0.006534,0.108293,-0.653145,-1.193826,100343.0000
1764077454138485208,2025-11-25 19:00:54.136,0.894268,0.435092,235.353516,0.009348,0.015047,0.979277,0.124291,0.115278,9.804635,-0.002238,-0.004194,-0.005819,0.108764,-0.653641,-1.194788,100347.0000
1764077454238051430,2025-11-25 19:00:54.236,0.906156,0.440094,235.390793,0.010934,0.015024,0.979069,0.139715,0.099487,9.825312,0.002662,0.002956,-0.005573,0.111166,-0.653641,-1.195306,100348.0000
1764077454339885467,2025-11-25 19:00:54.336,0.916931,0.420173,235.423836,0.010827,0.015095,0.979080,0.119076,0.001692,9.808252,-0.003656,0.007783,-0.004581,0.109720,-0.654125,-1.195277,100346.0000
1764077454440967337,2025-11-25 19:00:54.436,0.925715,0.374655,235.450241,0.009406,0.015985,0.978581,0.062273,0.135768,9.788404,-0.000123,0.009820,-0.000849,0.110191,-0.654621,-1.196240,100346.0000
1764077454538984893,2025-11-25 19:00:54.536,0.920026,0.324512,235.471344,0.007754,0.016583,0.977995,0.052672,0.188986,9.773650,0.000864,0.007570,0.000412,0.113094,-0.653622,-1.194853,100349.0000
1764077454638722485,2025-11-25 19:00:54.636,0.907162,0.286012,235.487274,0.005397,0.016342,0.977835,0.041270,0.205076,9.767220,0.005168,0.004665,-0.001640,0.111651,-0.655041,-1.193847,100350.0000
1764077454738757374,2025-11-25 19:00:54.736,0.889007,0.275368,235.502449,0.004211,0.015583,0.977621,0.033243,0.242167,9.742908,-0.004668,-0.001286,-0.000170,0.114534,-0.653626,-1.195355,100350.0000
1764077454838808226,2025-11-25 19:00:54.836,0.875306,0.299261,235.511360,0.004351,0.014405,0.978332,0.037471,0.234808,9.766264,0.001889,-0.005664,-0.002825,0.115979,-0.651729,-1.196369,100350.0000
1764077454938782652,2025-11-25 19:00:54.936,0.870345,0.347343,235.514854,0.005650,0.013774,0.979313,0.087488,0.168678,9.791486,0.006378,-0.008750,-0.004715,0.111654,-0.654563,-1.193854,100352.0000
1764077455038913300,2025-11-25 19:00:55.036,0.882112,0.399361,235.507629,0.008092,0.013533,0.979990,0.086744,0.133325,9.814151,0.003175,-0.008421,-0.000201,0.112137,-0.652671,-1.194853,100352.0000
1764077455138765985,2025-11-25 19:00:55.136,0.911075,0.436587,235.498299,0.010345,0.014525,0.979862,0.114789,0.112681,9.810114,0.009743,-0.004287,-0.000046,0.108286,-0.654578,-1.193804,100344.0000
1764077455238028022,2025-11-25 19:00:55.236,0.934078,0.439755,235.490852,0.011934,0.015725,0.979102,0.126589,0.099861,9.811380,0.008979,0.000492,0.003233,0.110213,-0.654092,-1.193840,100351.0000
1764077455338806744,2025-11-25 19:00:55.336,0.951500,0.405280,235.481636,0.011807,0.017050,0.978203,0.118689,0.092746,9.807743,-0.002184,0.008128,0.004684,0.108778,-0.653133,-1.193352,100347.0000
1764077455438666263,2025-11-25 19:00:55.436,0.946295,0.338706,235.468536,0.009177,0.017541,0.977216,0.067720,0.136881,9.762374,0.005023,0.014754,0.004254,0.111161,-0.656009,-1.194306,100351.0000
1764077455538965281,2025-11-25 19:00:55.536,0.920955,0.278516,235.452957,0.005003,0.017071,0.977187,0.021246,0.166502,9.768106,-0.002051,0.008481,0.008690,0.113581,-0.654077,-1.193890,100348.0000
1764077455638875614,2025-11-25 19:00:55.636,0.897210,0.255211,235.431595,0.002408,0.014897,0.977593,-0.016618,0.202062,9.764609,-0.001497,-0.000714,0.005611,0.111654,-0.652205,-1.195335,100350.0000
1764077455739914299,2025-11-25 19:00:55.736,0.885435,0.281178,235.406860,0.002053,0.013212,0.978703,0.016423,0.198919,9.761882,-0.002234,-0.008058,0.004718,0.110228,-0.652639,-1.192899,100348.0000
1764077455838639670,2025-11-25 19:00:55.836,0.888715,0.345139,235.376640,0.004650,0.012759,0.979756,0.051109,0.181090,9.787766,0.005715,-0.015093,0.004833,0.109240,-0.654595,-1.194781,100346.0000
1764077455940998781,2025-11-25 19:00:55.936,0.911501,0.415676,235.342354,0.008291,0.013181,0.979693,0.129320,0.160921,9.807434,0.004526,-0.011141,0.004442,0.109723,-0.652702,-1.195780,100348.0000
1764077456039103429,2025-11-25 19:00:56.036,0.939651,0.458599,235.317734,0.011500,0.015152,0.979604,0.149195,0.147728,9.811740,0.002912,-0.006451,0.004913,0.106360,-0.654120,-1.194265,100347.0000
1764077456138672299,2025-11-25 19:00:56.136,0.962780,0.452485,235.295021,0.012569,0.016807,0.979099,0.162071,0.101719,9.824779,0.002989,0.006362,0.002537,0.108297,-0.653135,-1.193345,100351.0000
1764077456238173207,2025-11-25 19:00:56.236,0.964899,0.405931,235.269936,0.010918,0.017563,0.978462,0.103393,0.095055,9.805731,0.002580,0.007953,0.006376,0.111171,-0.652685,-1.195320,100350.0000
1764077456338679818,2025-11-25 19:00:56.336,0.949236,0.343211,235.246788,0.007861,0.017492,0.978011,0.074934,0.116158,9.787387,-0.003054,0.012012,0.012562,0.109711,-0.655090,-1.195744,100357.0000
1764077456441284373,2025-11-25 19:00:56.438,0.922801,0.286272,235.221336,0.004694,0.016238,0.977400,0.024281,0.137449,9.763172,-0.007859,0.007796,0.005819,0.108763,-0.654587,-1.194293,100340.0000
1764077456540322429,2025-11-25 19:00:56.536,0.897997,0.271504,235.187469,0.002321,0.014665,0.977357,0.012112,0.160314,9.759409,-0.000363,-0.001968,0.010182,0.110664,-0.654639,-1.197209,100353.0000
1764077456639888984,2025-11-25 19:00:56.636,0.886457,0.301884,235.148445,0.002578,0.013789,0.978037,0.019543,0.202945,9.759048,0.005408,-0.009516,0.004092,0.106853,-0.651729,-1.194308,100356.0000
1764077456740975114,2025-11-25 19:00:56.736,0.888679,0.364156,235.114296,0.004752,0.012914,0.978737,0.062993,0.213407,9.760851,-0.001516,-0.013995,0.006212,0.107805,-0.653636,-1.194293,100347.0000
1764077456838734502,2025-11-25 19:00:56.836,0.908772,0.433226,235.078568,0.008231,0.013122,0.979768,0.108131,0.185095,9.791876,0.005494,-0.007503,0.004065,0.103960,-0.653643,-1.193755,100349.0000
1764077456938697558,2025-11-25 19:00:56.936,0.941379,0.477228,235.046783,0.011644,0.014162,0.980321,0.132418,0.151400,9.814054,0.012103,-0.008049,0.005022,0.105417,-0.654073,-1.191843,100344.0000
1764077457038284706,2025-11-25 19:00:57.036,0.973074,0.471967,235.022301,0.013327,0.016044,0.980047,0.145121,0.121403,9.822988,-0.000712,0.007495,0.002291,0.103477,-0.654122,-1.193740,100349.0000
1764077457139426854,2025-11-25 19:00:57.136,0.990637,0.419965,234.998108,0.011963,0.017671,0.978662,0.109749,0.089092,9.807381,0.000858,0.011037,0.002667,0.103952,-0.653663,-1.194718,100354.0000
1764077457238596669,2025-11-25 19:00:57.236,0.980763,0.346856,234.973343,0.008250,0.018531,0.977443,0.060591,0.117042,9.794547,0.001195,0.013536,0.004945,0.104448,-0.654565,-1.192303,100350.0000
1764077457339689317,2025-11-25 19:00:57.336,0.945036,0.287975,234.944771,0.004099,0.017755,0.976893,0.010042,0.120241,9.768116,-0.006699,0.005427,0.006925,0.105877,-0.653654,-1.194746,100348.0000
1764077457438657650,2025-11-25 19:00:57.436,0.897904,0.277401,234.908775,0.001432,0.015530,0.977357,-0.008115,0.159403,9.759654,-0.004833,-0.002624,0.010009,0.104905,-0.653212,-1.196183,100348.0000
1764077457539001113,2025-11-25 19:00:57.536,0.858269,0.325265,234.882355,0.002135,0.012917,0.978361,0.005339,0.181942,9.765684,0.001772,-0.012480,0.008593,0.105394,-0.653189,-1.195228,100356.0000
1764077457638980946,2025-11-25 19:00:57.636,0.854167,0.403893,234.857338,0.005523,0.010806,0.979748,0.073207,0.199986,9.776649,0.003914,-0.016429,0.005107,0.102997,-0.650822,-1.195710,100340.0000
1764077457738639039,2025-11-25 19:00:57.736,0.890347,0.479451,234.835945,0.009754,0.011135,0.980090,0.106706,0.198677,9.787021,0.010966,-0.009081,0.002991,0.101546,-0.654619,-1.194186,100354.0000
1764077457838536520,2025-11-25 19:00:57.836,0.943864,0.513851,234.809845,0.013635,0.013800,0.979753,0.158106,0.192157,9.794480,0.014792,-0.004022,0.004088,0.102024,-0.653682,-1.195171,100346.0000
1764077457938828465,2025-11-25 19:00:57.936,0.990871,0.488262,234.786102,0.014531,0.017636,0.978841,0.138090,0.153005,9.814369,0.005287,0.007545,0.004047,0.102531,-0.652196,-1.192793,100346.0000
1764077458038841631,2025-11-25 19:00:58.036,1.004300,0.412187,234.759872,0.011522,0.019330,0.977891,0.087717,0.161498,9.812326,-0.000460,0.012463,0.002755,0.101074,-0.655068,-1.192728,100355.0000
1764077458138495002,2025-11-25 19:00:58.136,0.981604,0.334492,234.731300,0.006578,0.018998,0.977922,0.060323,0.110169,9.801155,-0.004844,0.007062,0.003607,0.103474,-0.654600,-1.193733,100348.0000
1764077458238496705,2025-11-25 19:00:58.236,0.934419,0.291535,234.708221,0.002393,0.016598,0.978088,0.026960,0.074415,9.791172,-0.004557,0.002855,0.006783,0.101073,-0.652243,-1.194697,100352.0000
1764077458339345779,2025-11-25 19:00:58.336,0.888530,0.309475,234.687637,0.001322,0.013728,0.978421,0.025112,0.095911,9.773712,-0.009631,-0.010014,0.008289,0.103502,-0.651226,-1.192340,100352.0000
1764077458438719335,2025-11-25 19:00:58.436,0.869804,0.374585,234.667641,0.003466,0.011318,0.978753,0.033187,0.121493,9.772427,0.002130,-0.012473,0.007270,0.098658,-0.653219,-1.195128,100348.0000
1764077458539013038,2025-11-25 19:00:58.536,0.882025,0.446462,234.649467,0.008129,0.011319,0.979046,0.089434,0.172308,9.781502,0.007281,-0.012718,0.008152,0.099136,-0.653227,-1.195616,100348.0000
1764077458638929594,2025-11-25 19:00:58.636,0.920562,0.495118,234.627380,0.011749,0.013116,0.978884,0.102290,0.230951,9.760483,0.009375,-0.007386,0.004788,0.100586,-0.651788,-1.195660,100352.0000
1764077458738838872,2025-11-25 19:00:58.736,0.963266,0.497141,234.604012,0.012889,0.015670,0.978923,0.110210,0.246157,9.770168,0.006808,0.004878,0.004095,0.100105,-0.655560,-1.193187,100349.0000
1764077458838603835,2025-11-25 19:00:58.836,0.980462,0.456486,234.586113,0.011741,0.017845,0.978418,0.119340,0.241084,9.776168,0.000923,0.007076,0.003350,0.099644,-0.653154,-1.192254,100349.0000
1764077458938870409,2025-11-25 19:00:58.936,0.972455,0.399292,234.568916,0.008914,0.018698,0.978146,0.081408,0.188860,9.788194,-0.006540,0.008321,0.000027,0.098662,-0.653209,-1.194646,100352.0000
1764077459038897964,2025-11-25 19:00:59.036,0.944848,0.354236,234.559029,0.005676,0.017433,0.978387,0.058731,0.130278,9.814165,-0.007361,0.005132,0.000751,0.100112,-0.652715,-1.194194,100350.0000
1764077459139080538,2025-11-25 19:00:59.136,0.902727,0.338024,234.543686,0.003704,0.015193,0.978526,0.054334,0.063586,9.803766,-0.002874,0.001054,0.003341,0.099604,-0.652788,-1.197556,100350.0000
1764077459238235149,2025-11-25 19:00:59.236,0.883096,0.358223,234.523605,0.003659,0.012762,0.978911,0.072901,0.049644,9.813499,-0.000736,-0.009658,0.004781,0.100112,-0.650357,-1.195675,100354.0000
1764077459339015149,2025-11-25 19:00:59.336,0.888919,0.409507,234.501091,0.005193,0.012084,0.979323,0.068539,0.087516,9.800416,0.001992,-0.010929,0.006429,0.096736,-0.654163,-1.194122,100349.0000
1764077459441285612,2025-11-25 19:00:59.436,0.908281,0.467451,234.480080,0.007983,0.013127,0.979193,0.091881,0.121140,9.767326,0.012675,-0.011627,0.006806,0.098179,-0.652744,-1.195128,100348.0000
1764077459539825630,2025-11-25 19:00:59.536,0.937080,0.506747,234.464470,0.010603,0.014387,0.979025,0.101688,0.200094,9.768345,0.003333,-0.000434,0.000821,0.096267,-0.652722,-1.193656,100349.0000
1764077459638421519,2025-11-25 19:00:59.636,0.960630,0.505779,234.456329,0.011960,0.016775,0.978343,0.101441,0.238935,9.760284,0.006444,0.006903,0.004374,0.095784,-0.653669,-1.193153,100346.0000
1764077459739045001,2025-11-25 19:00:59.736,0.964404,0.468956,234.443130,0.011108,0.018034,0.977913,0.082973,0.252123,9.757555,0.002301,0.008815,0.002926,0.096748,-0.652720,-1.193663,100348.0000
1764077459838864371,2025-11-25 19:00:59.836,0.940854,0.414484,234.427902,0.008691,0.017745,0.977989,0.078904,0.224037,9.782554,-0.006616,0.008100,0.000475,0.097235,-0.652230,-1.193196,100346.0000
1764077459939223890,2025-11-25 19:00:59.936,0.909111,0.372361,234.406532,0.004945,0.016131,0.978496,0.051614,0.155619,9.792397,-0.003932,0.006463,-0.000770,0.096727,-0.653716,-1.195573,100354.0000
1764077460041738852,2025-11-25 19:01:00.036,0.875447,0.368719,234.386383,0.003429,0.013590,0.978862,0.061809,0.070231,9.818697,-0.001087,0.000602,0.003451,0.094792,-0.652810,-1.197485,100351.0000
1764077460138262556,2025-11-25 19:01:00.136,0.867140,0.390476,234.378448,0.003754,0.011410,0.979921,0.075735,-0.089628,9.784854,0.000888,-0.007863,0.000408,0.095760,-0.652318,-1.197026,100347.0000
1764077460238229037,2025-11-25 19:01:00.236,0.887740,0.429975,234.379692,0.005881,0.012275,0.979346,0.113684,0.095395,9.819843,0.005739,-0.011045,-0.000976,0.094326,-0.653717,-1.195057,100346.0000
1764077460338615908,2025-11-25 19:01:00.336,0.922393,0.469626,234.374504,0.009111,0.014195,0.978857,0.117299,0.045502,9.778427,0.010576,-0.008316,0.003040,0.093856,-0.651330,-1.195086,100348.0000
1764077460438563426,2025-11-25 19:01:00.436,0.951220,0.489000,234.369949,0.011061,0.016953,0.978325,0.065161,0.225377,9.759007,0.002257,-0.001101,0.002444,0.096259,-0.651797,-1.195115,100346.0000
1764077460539546630,2025-11-25 19:01:00.536,0.956609,0.473699,234.361198,0.011477,0.018315,0.978051,0.114720,0.250618,9.779873,-0.003220,0.005331,0.001008,0.094796,-0.655157,-1.195523,100347.0000
1764077460639406111,2025-11-25 19:01:00.636,0.937873,0.430554,234.353752,0.009497,0.018380,0.978465,0.071224,0.292028,9.791570,-0.001461,0.009084,0.002700,0.095770,-0.652765,-1.195574,100353.0000
1764077460739999537,2025-11-25 19:01:00.736,0.905256,0.389267,234.354408,0.006241,0.015841,0.978403,0.010993,0.190723,9.768297,-0.002690,0.004466,-0.000031,0.095785,-0.650366,-1.195129,100355.0000
1764077460838608574,2025-11-25 19:01:00.836,0.881364,0.366472,234.360924,0.004375,0.013476,0.978851,0.004893,0.453557,9.719098,-0.003099,0.002953,0.002628,0.095764,-0.654665,-1.195064,100352.0000
1764077460941524630,2025-11-25 19:01:00.936,0.876342,0.352015,234.415466,0.003872,0.014073,0.979485,0.068247,0.156537,9.872727,-0.001649,-0.000908,-0.024871,0.097698,-0.652746,-1.195121,100348.0000
1764077461038455833,2025-11-25 19:01:01.036,0.878946,0.273761,234.634636,0.003266,0.017841,0.980645,0.284148,-0.027505,10.013039,0.001020,0.028277,-0.061020,0.101066,-0.653676,-1.194675,100356.0000
1764077461138769148,2025-11-25 19:01:01.136,0.868164,0.073816,235.121658,-0.006143,0.017663,0.979040,-0.747239,-0.061102,9.420952,-0.002758,0.035729,-0.113712,0.109242,-0.652704,-1.195773,100354.0000
1764077461238102167,2025-11-25 19:01:01.236,0.853388,-0.041338,235.951889,-0.014713,0.020363,0.976956,0.957311,-0.514952,10.289974,-0.004242,0.002285,-0.179533,0.122219,-0.655512,-1.195921,100349.0000
1764077461338499389,2025-11-25 19:01:01.336,0.814823,0.112180,237.186172,-0.019421,0.020505,0.971787,0.568258,0.125415,9.835347,-0.004973,-0.051964,-0.231957,0.135197,-0.656429,-1.197062,100346.0000
1764077461440471278,2025-11-25 19:01:01.437,0.779821,0.489087,238.714417,-0.005762,0.015129,0.974950,-0.865435,0.579197,9.611655,-0.011222,-0.086835,-0.272493,0.152539,-0.655355,-1.195407,100353.0000
1764077461538538722,2025-11-25 19:01:01.536,0.796606,0.875014,240.379860,0.016914,0.010696,0.977811,0.737311,-0.072595,9.818687,0.005130,-0.061787,-0.298716,0.169373,-0.655767,-1.196130,100348.0000
1764077461641785518,2025-11-25 19:01:01.636,0.884302,1.073150,242.146027,0.032338,0.012839,0.981735,0.622089,-0.166926,9.945684,0.018265,-0.020230,-0.326762,0.193422,-0.657570,-1.196456,100348.0000
1764077461738583240,2025-11-25 19:01:01.736,0.998857,0.987319,244.018700,0.038933,0.017965,0.986525,0.396264,0.152480,9.783374,0.014543,0.034908,-0.340701,0.217006,-0.657444,-1.195842,100344.0000
1764077461840381129,2025-11-25 19:01:01.836,1.075998,0.683094,245.958580,0.025574,0.023294,0.985350,-0.180461,0.209777,9.846249,0.007033,0.066918,-0.334420,0.243961,-0.658238,-1.194300,100350.0000
1764077461940218092,2025-11-25 19:01:01.936,1.085143,0.315784,247.898422,0.005438,0.023757,0.980587,-0.224146,0.415754,9.654984,-0.004347,0.051735,-0.331846,0.274307,-0.653771,-1.193370,100344.0000
1764077462038988592,2025-11-25 19:01:02.036,1.036997,0.039488,249.797600,-0.008389,0.024922,0.978620,-0.175161,0.045135,9.680190,-0.021192,0.027953,-0.332230,0.299833,-0.649348,-1.193331,100344.0000
1764077462138297703,2025-11-25 19:01:02.136,0.970460,-0.073680,251.639336,-0.015268,0.016170,0.971849,-0.449705,0.330008,9.751427,-0.008540,0.004001,-0.308279,0.326800,-0.643982,-1.194292,100350.0000
1764077462238253499,2025-11-25 19:01:02.236,0.911726,-0.025202,253.479309,-0.011251,0.016387,0.972561,-0.129296,-0.019606,9.690506,-0.002535,-0.019141,-0.319528,0.347991,-0.639120,-1.195159,100349.0000
1764077462340286036,2025-11-25 19:01:02.336,0.890219,0.126024,255.348076,-0.006211,0.018571,0.974562,-0.267513,0.420180,9.585138,-0.002392,-0.034493,-0.332479,0.371568,-0.635711,-1.197484,100344.0000
1764077462438546036,2025-11-25 19:01:02.436,0.896700,0.291284,257.272690,0.009335,0.016574,0.978051,0.095670,0.140036,9.799026,0.006123,-0.035075,-0.339612,0.393263,-0.627016,-1.197936,100348.0000
1764077462538812240,2025-11-25 19:01:02.536,0.936379,0.391366,259.239265,0.017475,0.015939,0.980781,-0.045069,0.562530,9.773157,0.008051,-0.011503,-0.340963,0.419285,-0.622082,-1.196468,100349.0000
1764077462638911240,2025-11-25 19:01:02.636,0.983562,0.392569,261.206573,0.019436,0.016572,0.981846,0.059750,-0.227200,9.562080,0.012123,0.002898,-0.345763,0.444339,-0.614337,-1.197437,100351.0000
1764077462742328369,2025-11-25 19:01:02.736,1.027175,0.286092,263.112801,0.021623,0.018143,0.983760,0.006475,0.746968,10.033186,0.000708,0.014455,-0.332608,0.468943,-0.604154,-1.196028,100351.0000
1764077462838810017,2025-11-25 19:01:02.836,1.052058,0.047506,264.989838,0.017127,0.015882,0.982912,0.627751,-0.757025,9.444591,0.004406,0.043381,-0.332610,0.492099,-0.593521,-1.195567,100346.0000
1764077462940315203,2025-11-25 19:01:02.936,1.037427,-0.251648,266.889854,0.008852,0.025627,0.978671,-0.095056,0.212149,9.742755,-0.011172,0.041579,-0.333826,0.517172,-0.585725,-1.194129,100347.0000
1764077463038844999,2025-11-25 19:01:03.036,0.974699,-0.485649,268.849236,-0.005509,0.022088,0.975001,0.158644,0.286575,9.710764,-0.001929,0.030475,-0.339736,0.542756,-0.572195,-1.192786,100348.0000
1764077463138463610,2025-11-25 19:01:03.136,0.903529,-0.558578,270.818146,-0.014158,0.015346,0.975922,-0.468243,-0.745874,9.657448,-0.001168,-0.008155,-0.346746,0.565442,-0.557763,-1.193340,100350.0000
1764077463238153202,2025-11-25 19:01:03.236,0.875521,-0.441495,272.725266,-0.016226,0.011553,0.971424,-0.625758,0.779436,9.801766,0.010644,-0.034259,-0.299939,0.586182,-0.546694,-1.194295,100354.0000
1764077463340166795,2025-11-25 19:01:03.336,0.878731,-0.201398,274.564438,-0.008495,0.015498,0.978734,-0.556234,-0.144181,9.662056,0.001588,-0.050760,-0.327902,0.604995,-0.533285,-1.197184,100345.0000
1764077463438578647,2025-11-25 19:01:03.436,0.911089,0.052139,276.309647,-0.000093,0.009051,0.975523,0.242605,0.968381,10.040572,0.007922,-0.055116,-0.289125,0.621408,-0.520812,-1.198580,100346.0000
1764077463538677295,2025-11-25 19:01:03.536,0.920900,0.242272,278.032883,0.012669,0.020199,0.979250,0.474951,-0.689713,9.325774,-0.001454,-0.033722,-0.304450,0.637819,-0.506460,-1.201448,100345.0000
1764077463639007961,2025-11-25 19:01:03.636,0.904691,0.236188,279.750298,0.023721,0.017660,0.982789,0.199256,0.560909,10.127825,-0.004794,0.022273,-0.296129,0.656656,-0.493458,-1.200961,100348.0000
1764077463740908980,2025-11-25 19:01:03.736,0.854174,0.061625,281.483948,0.017693,0.017511,0.981780,0.768893,-0.463746,10.053238,-0.013781,0.031831,-0.285411,0.675504,-0.479012,-1.200014,100360.0000
1764077463838916461,2025-11-25 19:01:03.836,0.823640,-0.146606,284.699753,0.006141,0.011013,0.979998,-0.195513,0.462188,9.713424,-0.007650,0.023231,-0.300644,0.693899,-0.462140,-1.197170,100348.0000
1764077463938837480,2025-11-25 19:01:03.936,0.838880,-0.317144,301.316006,0.004332,0.007144,0.984489,0.062154,-0.727717,9.885348,0.008497,0.016375,-0.283502,0.712267,-0.446752,-1.196712,100348.0000
1764077464038397869,2025-11-25 19:01:04.036,0.899819,-0.378933,307.294437,-0.004813,0.007270,0.977940,0.057094,0.311232,9.685596,0.020063,-0.003931,-0.239067,0.723890,-0.436130,-1.194156,100349.0000
1764077464138502257,2025-11-25 19:01:04.136,0.969970,-0.315016,308.636253,-0.003039,0.013999,0.976350,-0.023195,0.246535,9.801791,0.013979,-0.020849,-0.214781,0.736450,-0.423685,-1.195975,100348.0000
1764077464238561646,2025-11-25 19:01:04.236,1.003477,-0.178327,309.857826,0.001834,0.017580,0.973686,-0.065229,0.285157,9.676122,0.012299,-0.025883,-0.197173,0.745665,-0.409781,-1.195842,100350.0000
1764077464338785757,2025-11-25 19:01:04.336,0.982404,-0.014640,310.968250,0.009370,0.017178,0.973218,-0.007082,0.000474,9.721377,-0.007933,-0.046255,-0.174117,0.753852,-0.402183,-1.199930,100354.0000
1764077464438570479,2025-11-25 19:01:04.436,0.927608,0.245526,311.890221,0.018947,0.015205,0.975615,0.427472,0.413026,9.849467,-0.013799,-0.050557,-0.134162,0.760138,-0.393587,-1.201599,100346.0000
1764077464538374739,2025-11-25 19:01:04.536,0.881216,0.475103,312.595818,0.031122,0.010043,0.980057,0.163209,0.034286,9.715371,0.001607,-0.044391,-0.103087,0.763045,-0.387395,-1.203181,100344.0000
1764077464640756664,2025-11-25 19:01:04.636,0.893475,0.842568,313.005421,0.039674,0.004270,0.977615,0.655250,0.293878,10.060797,0.012679,-0.083881,-0.021431,0.761577,-0.384637,-1.208017,100353.0000
1764077464738580498,2025-11-25 19:01:04.736,0.938193,1.438177,313.143200,0.061084,0.009482,0.978726,1.483812,-0.141379,10.082458,0.010094,-0.093561,-0.003952,0.757706,-0.381413,-1.212826,100346.0000
1764077464842409294,2025-11-25 19:01:04.839,0.979590,1.938074,313.151474,0.083947,0.016264,0.978709,0.675171,0.839511,9.486049,0.013601,-0.055916,0.014304,0.754285,-0.383451,-1.218042,100351.0000
1764077464940115053,2025-11-25 19:01:04.936,0.977824,2.193742,313.082100,0.094175,0.021011,0.975840,0.863641,0.043555,9.727761,0.007631,-0.037740,0.017765,0.748501,-0.382562,-1.219896,100352.0000
1764077465038959646,2025-11-25 19:01:05.036,0.918902,2.574161,313.038509,0.095692,0.016278,0.969875,0.330848,-0.625564,9.841795,-0.017229,-0.099461,0.013935,0.744590,-0.385100,-1.226061,100350.0000
1764077465138901257,2025-11-25 19:01:05.136,0.913985,3.116178,313.028870,0.118824,0.014638,0.973820,1.530387,-0.383072,9.302151,0.047345,-0.087265,0.005126,0.740696,-0.384762,-1.231788,100342.0000
1764077465238220738,2025-11-25 19:01:05.236,0.928794,3.594701,313.021431,0.142916,0.016121,0.974987,0.969713,0.446343,9.618962,-0.002550,-0.076107,0.010621,0.733947,-0.384356,-1.233621,100350.0000
1764077465338579923,2025-11-25 19:01:05.336,0.964529,3.901495,312.980293,0.146561,0.005890,0.971979,0.697385,-0.675487,9.354853,0.019758,-0.032123,0.002471,0.731010,-0.388272,-1.237371,100344.0000
1764077465438445738,2025-11-25 19:01:05.436,1.200391,4.236897,312.845413,0.094236,-0.019618,0.972749,0.795600,-0.221863,9.821329,0.077975,-0.092239,0.040155,0.725684,-0.387442,-1.242121,100344.0000
1764077465538770368,2025-11-25 19:01:05.536,1.899319,5.155097,312.540249,0.051598,-0.020412,0.991795,3.353516,5.212557,11.974602,0.130317,-0.134250,0.042039,0.717461,-0.396077,-1.241868,100350.0000
1764077465638446534,2025-11-25 19:01:05.636,3.024317,6.778512,312.033638,0.026356,-0.010124,0.964148,-1.994505,4.092198,7.614668,0.220183,-0.353438,0.102744,0.697597,-0.412082,-1.248556,100354.0000
1764077465738452145,2025-11-25 19:01:05.736,4.087247,8.978638,311.568302,0.118667,0.061575,0.968318,2.153964,-0.279250,10.265234,0.188871,-0.405079,0.128409,0.670983,-0.428625,-1.256581,100350.0000
1764077465838766349,2025-11-25 19:01:05.836,4.841380,11.270695,311.035423,0.146705,0.101471,0.955920,1.949945,0.796927,10.385996,0.117081,-0.414783,0.123255,0.639562,-0.441877,-1.266029,100349.0000
1764077465939827497,2025-11-25 19:01:05.936,4.982121,12.445805,310.518288,0.360636,0.191750,0.902335,15.510092,3.026850,16.905542,-0.078324,-0.279828,0.280768,0.618293,-0.456374,-1.268866,100348.0000
1764077466038641997,2025-11-25 19:01:06.036,3.598817,11.241339,309.829113,0.578095,0.217002,0.912075,12.696715,1.602671,13.126451,-0.279956,0.446603,0.089757,0.623111,-0.449736,-1.272410,100344.0000
1764077466138766552,2025-11-25 19:01:06.136,1.434859,7.636974,309.406929,0.387226,0.091983,0.895503,2.156760,-1.022956,8.615052,-0.321541,0.820302,0.048088,0.657451,-0.428371,-1.264091,100350.0000
1764077466238161145,2025-11-25 19:01:06.236,-0.442653,3.300002,309.274632,0.133885,-0.020865,0.930084,-3.093490,0.403142,8.395198,-0.253775,0.714172,0.018254,0.702464,-0.408614,-1.243864,100350.0000
1764077466338930145,2025-11-25 19:01:06.336,-1.222758,0.068846,309.151100,-0.069167,-0.123683,0.988868,-1.276282,-2.143943,10.387192,-0.023482,0.366048,0.054880,0.732998,-0.405540,-1.218355,100354.0000
1764077466438418108,2025-11-25 19:01:06.436,-0.695281,-0.873218,308.731495,-0.167417,-0.117216,1.024026,-0.052144,-0.764145,10.773314,0.186497,-0.020178,0.118389,0.739794,-0.411007,-1.207295,100349.0000
1764077466538714404,2025-11-25 19:01:06.536,0.581391,0.443615,308.074554,-0.142107,-0.028570,1.005273,-1.340801,0.511466,9.706779,0.245175,-0.312252,0.119349,0.723842,-0.429656,-1.204367,100354.0000
1764077466641369719,2025-11-25 19:01:06.636,1.721861,2.786400,307.398560,-0.009720,0.068124,0.966909,-1.047427,1.691338,8.834878,0.149619,-0.403536,0.117214,0.693831,-0.448177,-1.214720,100346.0000
1764077466739911978,2025-11-25 19:01:06.736,2.125438,4.658369,306.821259,0.133453,0.112952,0.946178,0.904933,0.638249,8.980846,0.001489,-0.263930,0.102754,0.668665,-0.459988,-1.225246,100343.0000
1764077466838799534,2025-11-25 19:01:06.836,1.804487,5.193405,306.351051,0.207644,0.099297,0.951769,3.385479,0.974620,10.134390,-0.084359,-0.005658,0.078160,0.658003,-0.459294,-1.235213,100346.0000
1764077466938369682,2025-11-25 19:01:06.936,1.132675,4.422104,306.004768,0.192263,0.053677,0.960781,2.348414,0.127227,10.034907,-0.112305,0.221811,0.052785,0.660425,-0.456885,-1.234804,100340.0000
1764077467038662848,2025-11-25 19:01:07.036,0.558253,2.949650,305.744377,0.111643,0.009020,0.970215,1.462029,-0.144005,10.204263,-0.073099,0.293835,0.033539,0.673965,-0.452403,-1.229292,100348.0000
1764077467139758570,2025-11-25 19:01:07.136,0.356829,1.587168,305.451881,0.017214,-0.018282,0.982491,-0.263748,-0.372858,9.741879,-0.002289,0.207514,0.063384,0.684632,-0.452141,-1.219340,100348.0000
1764077467238496996,2025-11-25 19:01:07.236,0.552840,0.943026,305.039982,-0.039708,-0.016215,0.991534,-0.410070,-0.024078,9.706224,0.061607,0.040316,0.099939,0.688513,-0.460996,-1.209630,100348.0000
1764077467338721681,2025-11-25 19:01:07.336,0.971922,1.168923,304.446415,-0.044968,0.008497,0.988497,-0.371137,0.452836,9.583436,0.070685,-0.110015,0.126490,0.679345,-0.467704,-1.208430,100358.0000
1764077467441051459,2025-11-25 19:01:07.436,1.345364,1.920407,303.721817,-0.000907,0.040891,0.980521,-0.238220,0.755075,9.492044,0.063565,-0.149789,0.143689,0.664349,-0.479297,-1.210922,100344.0000
1764077467538746626,2025-11-25 19:01:07.536,1.472006,2.702385,302.993233,0.051657,0.063925,0.971178,1.466426,1.088525,9.824690,0.010970,-0.120196,0.122991,0.649360,-0.487098,-1.214916,100345.0000
1764077467641736144,2025-11-25 19:01:07.636,1.335268,3.138932,302.344219,0.084549,0.060067,0.967109,0.603253,0.444224,9.381251,-0.039505,-0.042882,0.096078,0.638236,-0.493429,-1.218027,100350.0000
1764077467740581552,2025-11-25 19:01:07.736,1.073686,3.125918,301.781364,0.093968,0.039677,0.971297,0.177298,0.523924,9.326274,-0.036306,0.045579,0.094907,0.632448,-0.491605,-1.220860,100342.0000
1764077467838786422,2025-11-25 19:01:07.836,0.858501,2.812796,301.271942,0.074979,0.027216,0.973435,0.327939,0.624109,9.704972,-0.021041,0.084448,0.070702,0.630501,-0.495446,-1.221254,100348.0000
1764077467938899366,2025-11-25 19:01:07.936,0.793989,2.430207,300.761135,0.046480,0.011380,0.978544,0.562006,-0.125548,9.635003,0.007562,0.059193,0.093697,0.627150,-0.497300,-1.217805,100349.0000
1764077468038863292,2025-11-25 19:01:08.036,0.880847,2.210344,300.174084,0.031458,0.013614,0.982730,0.691918,0.416419,9.483878,0.031731,0.022714,0.105294,0.624730,-0.503948,-1.215260,100350.0000
1764077468138531774,2025-11-25 19:01:08.136,1.051095,2.231974,299.503654,0.021824,0.022978,0.985142,-0.971870,0.546701,10.004634,0.034870,-0.021454,0.120730,0.619432,-0.509642,-1.212206,100347.0000
1764077468238215422,2025-11-25 19:01:08.236,1.190204,2.414210,298.810677,0.031531,0.038094,0.979873,0.247515,0.528297,9.550300,0.026053,-0.049646,0.117227,0.608819,-0.516835,-1.210977,100352.0000
1764077468340589588,2025-11-25 19:01:08.336,1.207865,2.637933,301.139465,0.047052,0.044708,0.973406,1.963443,-0.106428,9.927968,0.006773,-0.036563,0.121484,0.599619,-0.523157,-1.214116,100342.0000
1764077468438750921,2025-11-25 19:01:08.436,1.105605,2.853097,300.520744,0.052903,0.045426,0.969316,0.809788,0.389137,9.779800,-0.016527,-0.017454,0.117111,0.592849,-0.526104,-1.216379,100346.0000
1764077468538874644,2025-11-25 19:01:08.536,0.960623,3.030588,299.939018,0.051012,0.034679,0.970851,-0.465997,0.473767,9.412834,-0.014444,-0.030572,0.105342,0.580307,-0.529545,-1.218068,100350.0000
1764077468638511736,2025-11-25 19:01:08.636,0.840368,3.110768,299.373226,0.066160,0.025362,0.976156,1.546196,0.142828,9.705499,-0.010502,0.006604,0.109269,0.573528,-0.533458,-1.220799,100346.0000
1764077468738746921,2025-11-25 19:01:08.736,0.816435,3.105373,298.815590,0.053488,0.018750,0.980056,-0.145827,0.249665,9.673546,0.016570,-0.008594,0.106007,0.569687,-0.535812,-1.218298,100342.0000
1764077468838615069,2025-11-25 19:01:08.836,0.883549,3.034456,298.256245,0.062828,0.022620,0.982429,1.046725,0.219982,10.113751,0.016880,0.025643,0.109579,0.561004,-0.542509,-1.216624,100346.0000
1764077468938716014,2025-11-25 19:01:08.936,0.986533,2.961949,297.697006,0.047014,0.027302,0.979399,0.953670,0.538882,9.828295,0.024665,0.003885,0.103770,0.556665,-0.547264,-1.214561,100350.0000
1764077469038771199,2025-11-25 19:01:09.036,1.058197,2.930253,297.150764,0.052317,0.033292,0.979525,-0.089469,0.240120,9.928147,0.018212,0.012262,0.101075,0.549904,-0.553016,-1.213892,100351.0000
1764077469138406717,2025-11-25 19:01:09.136,1.059493,2.948973,296.622749,0.050051,0.037970,0.976620,1.638942,1.052619,9.731181,-0.003359,0.002294,0.096748,0.541227,-0.556399,-1.213713,100349.0000
1764077469238374402,2025-11-25 19:01:09.236,0.992720,3.007026,296.103840,0.048318,0.032306,0.974373,-0.369818,-0.008001,9.647751,-0.011134,-0.013210,0.088285,0.537381,-0.558764,-1.211694,100350.0000
1764077469338867236,2025-11-25 19:01:09.336,0.904440,3.088946,295.583862,0.056290,0.031682,0.974081,0.710325,0.113943,9.904746,-0.002048,0.003698,0.095660,0.527706,-0.564600,-1.214352,100342.0000
1764077469438604773,2025-11-25 19:01:09.436,0.835258,3.161760,295.061821,0.052482,0.025742,0.973893,0.662007,0.460311,9.505266,-0.001031,-0.009821,0.092582,0.522403,-0.566067,-1.214733,100349.0000
1764077469538916643,2025-11-25 19:01:09.536,0.825905,3.186364,294.550713,0.058913,0.021801,0.977674,-0.724726,-0.172913,9.521326,0.006923,0.002451,0.094539,0.515170,-0.568498,-1.215071,100353.0000
1764077469638962643,2025-11-25 19:01:09.636,0.871474,3.148952,294.056831,0.063243,0.025432,0.978953,1.878871,0.407860,9.667715,0.017138,0.009262,0.086193,0.510333,-0.572829,-1.215415,100350.0000
1764077469738700347,2025-11-25 19:01:09.736,0.928457,3.057859,293.591499,0.051674,0.026446,0.979741,-0.798486,0.129275,9.661510,0.010648,0.019208,0.075017,0.504066,-0.576658,-1.214301,100347.0000
1764077469838575439,2025-11-25 19:01:09.836,0.965643,2.991088,293.154015,0.053739,0.031223,0.978965,1.517978,0.478322,9.740883,0.006260,0.015478,0.076397,0.501672,-0.578996,-1.211341,100347.0000
1764077469940290661,2025-11-25 19:01:09.938,0.961831,2.959034,292.736221,0.044567,0.030129,0.978794,-1.322785,-0.470450,9.676221,0.003927,0.007242,0.075605,0.493484,-0.581411,-1.210702,100349.0000
1764077470038702180,2025-11-25 19:01:10.036,0.930302,2.990868,292.344193,0.048280,0.027824,0.975910,1.521618,0.460513,9.728460,0.006845,-0.003956,0.084034,0.489618,-0.583360,-1.211579,100354.0000
1764077470138732846,2025-11-25 19:01:10.136,0.895329,3.053644,291.980759,0.050594,0.026891,0.974968,-0.438785,0.838692,9.588371,0.002821,0.002831,0.075875,0.486225,-0.586739,-1.212440,100351.0000
1764077470237993439,2025-11-25 19:01:10.236,0.877567,3.113714,291.625229,0.052173,0.022257,0.976278,0.793565,0.481885,9.770176,-0.008546,-0.021323,0.061445,0.478048,-0.586298,-1.212327,100343.0000
1764077470338680606,2025-11-25 19:01:10.336,0.875301,3.129477,291.263611,0.063140,0.021226,0.976596,1.501439,0.619985,9.511284,0.000790,0.009646,0.074278,0.476584,-0.589658,-1.212736,100349.0000
1764077470438532846,2025-11-25 19:01:10.436,0.877535,3.060037,290.932961,0.055496,0.026290,0.977860,0.173623,0.638228,9.803387,-0.006509,0.014720,0.050036,0.471287,-0.592995,-1.211162,100354.0000
1764077470539432717,2025-11-25 19:01:10.536,0.877917,2.953928,290.642883,0.053067,0.021873,0.979771,0.497401,-0.055722,10.125237,0.008327,0.023538,0.060532,0.467935,-0.593437,-1.208698,100346.0000
1764077470638588735,2025-11-25 19:01:10.636,0.878120,2.860474,290.367256,0.049168,0.024795,0.980261,0.127217,0.203571,10.236987,-0.000074,0.017055,0.051428,0.466485,-0.592519,-1.210136,100351.0000
1764077470739728642,2025-11-25 19:01:10.736,0.882588,2.797996,290.118668,0.043185,0.021214,0.977075,-0.225395,-0.074704,9.817905,0.009314,0.009191,0.045582,0.463098,-0.596356,-1.210027,100346.0000
1764077470838973198,2025-11-25 19:01:10.836,0.889128,2.787909,289.924484,0.041007,0.021847,0.976774,0.436866,0.181656,10.143312,0.008475,-0.007872,0.033186,0.461151,-0.597838,-1.211902,100348.0000
1764077470938935809,2025-11-25 19:01:10.936,0.892763,2.841358,289.743942,0.042326,0.020523,0.974678,0.092585,0.153516,10.041301,0.004624,-0.016002,0.041640,0.457328,-0.600142,-1.206995,100348.0000
1764077471038876013,2025-11-25 19:01:11.036,0.874775,2.928474,289.595573,0.047192,0.026207,0.973960,0.662218,0.184578,10.304973,-0.007780,-0.019092,0.028079,0.453445,-0.601663,-1.210285,100350.0000
1764077471138427420,2025-11-25 19:01:11.136,0.836385,3.007497,289.464272,0.049787,0.017554,0.976886,0.647068,0.080370,10.059875,0.007058,-0.010583,0.041533,0.451045,-0.599774,-1.210761,100344.0000
1764077471238055809,2025-11-25 19:01:11.236,0.801989,3.081438,289.338150,0.052966,0.019349,0.979586,0.515526,0.213523,10.067444,-0.001044,-0.000546,0.030205,0.449604,-0.599302,-1.210747,100344.0000
1764077471338778327,2025-11-25 19:01:11.336,0.770601,3.114316,289.238167,0.051902,0.016178,0.978431,0.535838,-0.128647,10.376641,-0.007055,-0.001086,0.024564,0.445732,-0.602206,-1.211608,100344.0000
1764077471438649864,2025-11-25 19:01:11.436,0.761804,3.101297,289.142441,0.053813,0.013723,0.977940,0.492408,-0.018830,10.114966,-0.003894,-0.004658,0.028574,0.445756,-0.599788,-1.210201,100348.0000
1764077471538454957,2025-11-25 19:01:11.536,0.777524,3.056068,289.034096,0.054269,0.016841,0.976418,0.839624,0.572120,9.816698,0.002702,0.005382,0.024465,0.442853,-0.602199,-1.210603,100350.0000
1764077471638757642,2025-11-25 19:01:11.636,0.791577,2.957572,288.949799,0.055158,0.018499,0.978443,0.052897,0.106132,9.389904,-0.001938,0.018122,0.013582,0.443344,-0.601699,-1.209655,100342.0000
1764077471738478253,2025-11-25 19:01:11.736,0.805138,2.836612,288.878906,0.051208,0.015270,0.979137,0.051483,0.192331,9.624387,0.007165,0.028370,0.020642,0.442857,-0.602189,-1.210122,100344.0000
1764077471842020308,2025-11-25 19:01:11.836,0.817631,2.775379,288.841743,0.040893,0.017279,0.978027,1.114619,0.247569,10.470395,0.009947,0.006812,0.014041,0.444303,-0.603117,-1.209166,100350.0000
1764077471938547531,2025-11-25 19:01:11.936,0.823940,2.780816,288.842232,0.040138,0.015349,0.977326,-0.474568,0.295630,9.326255,0.000763,-0.003325,0.009873,0.447195,-0.604507,-1.207742,100342.0000
1764077472038546067,2025-11-25 19:01:12.036,0.820718,2.801490,288.857552,0.044527,0.017667,0.978476,0.959792,0.163666,9.896770,-0.003013,-0.004468,-0.000099,0.445267,-0.603580,-1.208691,100345.0000
1764077472138767938,2025-11-25 19:01:12.136,0.795853,2.816708,288.884041,0.041863,0.018741,0.974319,-0.114088,0.444734,9.407854,-0.003061,-0.006084,-0.003809,0.442367,-0.603156,-1.210582,100349.0000
1764077472238244604,2025-11-25 19:01:12.236,0.753154,2.834660,288.930939,0.047725,0.016757,0.977208,1.087236,0.204804,10.053650,-0.001289,0.002179,-0.004720,0.439973,-0.603136,-1.209102,100346.0000
1764077472340569401,2025-11-25 19:01:12.336,0.717446,2.857629,288.981049,0.043647,0.011908,0.975487,0.380501,0.219671,9.568570,-0.003494,-0.008469,-0.003932,0.442867,-0.601691,-1.209166,100344.0000
1764077472441457382,2025-11-25 19:01:12.436,0.722335,2.865291,289.003563,0.049960,0.006403,0.980729,0.084852,-0.143700,9.691716,0.006251,0.006564,0.006090,0.444780,-0.603125,-1.209654,100351.0000
1764077472540818197,2025-11-25 19:01:12.536,0.766499,2.857382,289.006935,0.043889,0.012211,0.978430,0.272203,0.065443,9.794088,0.023227,0.001248,0.000698,0.445728,-0.604574,-1.210609,100350.0000
1764077472638950715,2025-11-25 19:01:12.636,0.810937,2.816742,289.016190,0.046885,0.016330,0.979368,0.740025,0.456404,9.848165,0.009504,0.005694,0.009872,0.442877,-0.603550,-1.206730,100356.0000
1764077472738805049,2025-11-25 19:01:12.736,0.816330,2.779277,289.033165,0.046240,0.020406,0.977461,-0.161669,0.234814,9.777801,0.002240,0.013897,0.000648,0.445246,-0.605522,-1.210106,100350.0000
1764077472839067048,2025-11-25 19:01:12.836,0.774444,2.759531,289.066315,0.043302,0.018797,0.975066,0.533093,0.527245,9.749666,-0.004610,0.004883,-0.011975,0.444759,-0.605066,-1.211069,100340.0000
1764077472938952734,2025-11-25 19:01:12.936,0.719349,2.750320,289.093971,0.044342,0.012287,0.975436,0.478034,0.077562,9.777628,-0.006434,0.003266,0.005722,0.442864,-0.603113,-1.208663,100342.0000
1764077473038808919,2025-11-25 19:01:13.036,0.680169,2.746894,289.122635,0.044794,0.011321,0.978791,0.588292,0.039951,9.925357,-0.000280,0.000343,-0.006154,0.443818,-0.601717,-1.210625,100346.0000
1764077473138899345,2025-11-25 19:01:13.136,0.675857,2.753544,289.144569,0.047008,0.008942,0.979161,0.655501,-0.050947,10.019282,0.001974,0.002907,0.007556,0.441892,-0.602671,-1.210100,100349.0000
1764077473239013808,2025-11-25 19:01:13.236,0.696710,2.725052,289.170845,0.047305,0.009182,0.981407,0.274348,-0.322612,9.801879,0.010431,0.013803,0.003432,0.442860,-0.603124,-1.209144,100351.0000
1764077473338602733,2025-11-25 19:01:13.336,0.738065,2.662853,289.192795,0.043383,0.013042,0.978346,-0.112316,-0.100037,9.441820,0.014050,0.009439,0.002105,0.444791,-0.602627,-1.208699,100341.0000
1764077473441842104,2025-11-25 19:01:13.436,0.769604,2.610964,289.226776,0.040885,0.017446,0.976776,-0.113494,0.329542,9.386908,0.006357,0.011892,-0.008970,0.443824,-0.603587,-1.208670,100345.0000
1764077473541021993,2025-11-25 19:01:13.536,0.787344,2.570012,289.302147,0.039433,0.016815,0.975427,0.486694,-0.333168,9.754009,0.001015,-0.002522,-0.006122,0.446685,-0.606471,-1.210113,100352.0000
1764077473638674622,2025-11-25 19:01:13.636,0.792427,2.552151,289.413429,0.039718,0.017722,0.976612,0.504871,0.125817,9.933561,-0.003114,-0.001897,-0.013097,0.445269,-0.605461,-1.207218,100352.0000
1764077473738804289,2025-11-25 19:01:13.736,0.778518,2.572191,289.545052,0.038205,0.013858,0.975258,0.597243,0.593154,9.893041,0.003313,-0.007989,-0.007958,0.447682,-0.601659,-1.208756,100346.0000
1764077473838933437,2025-11-25 19:01:13.836,0.767115,2.617155,289.678337,0.041933,0.013001,0.978410,0.349714,0.405460,9.801014,0.005780,-0.008141,-0.016900,0.447216,-0.600208,-1.207808,100354.0000
1764077473942440140,2025-11-25 19:01:13.938,0.774161,2.640173,289.808632,0.043414,0.012997,0.979997,0.499387,-0.031590,9.713449,-0.001763,-0.002746,-0.022763,0.449622,-0.600197,-1.207844,100350.0000
1764077474038525659,2025-11-25 19:01:14.036,0.791148,2.647607,289.965439,0.042875,0.013902,0.979418,0.230484,0.653325,9.687167,-0.001030,0.001358,-0.026116,0.451055,-0.600688,-1.208820,100352.0000
1764077474139003288,2025-11-25 19:01:14.136,0.807579,2.656645,290.149292,0.043660,0.012450,0.979249,0.341000,-0.037180,9.968334,0.000293,-0.004792,-0.038614,0.452982,-0.600202,-1.208856,100349.0000
1764077474238417048,2025-11-25 19:01:14.236,0.812950,2.684815,290.355835,0.044730,0.014462,0.976483,0.322643,0.222935,9.881863,-0.005234,-0.003481,-0.033234,0.455878,-0.599223,-1.208432,100346.0000
1764077474338783825,2025-11-25 19:01:14.336,0.798481,2.679842,290.565437,0.045854,0.012796,0.975575,0.476490,0.511471,9.642083,-0.003185,0.003294,-0.029318,0.456807,-0.599778,-1.212290,100346.0000
1764077474438916788,2025-11-25 19:01:14.436,0.763402,2.613224,290.772636,0.044661,0.012173,0.977475,0.476740,-0.765023,9.725560,-0.008410,0.000727,-0.029050,0.458776,-0.597767,-1.208015,100348.0000
1764077474539372270,2025-11-25 19:01:14.536,0.743907,2.514996,290.968132,0.043262,0.010204,0.979761,0.371229,0.154283,9.856405,-0.000542,0.009996,-0.021401,0.463583,-0.596343,-1.209553,100339.0000
1764077474638543066,2025-11-25 19:01:14.636,0.739841,2.422214,291.172569,0.039158,0.011358,0.979150,0.606641,-0.180650,9.822547,0.009747,0.012562,-0.034998,0.466972,-0.594387,-1.208188,100345.0000
1764077474738855121,2025-11-25 19:01:14.736,0.748736,2.383133,291.383698,0.031805,0.011814,0.976803,0.277576,0.422889,9.696806,0.003383,0.003168,-0.033733,0.468423,-0.592947,-1.208231,100347.0000
1764077474840098121,2025-11-25 19:01:14.836,0.753981,2.412667,291.591972,0.034209,0.011973,0.976651,0.079646,-0.066359,9.824751,0.000051,-0.009826,-0.033962,0.470355,-0.592918,-1.207297,100350.0000
1764077474939229010,2025-11-25 19:01:14.936,0.751058,2.492358,291.806137,0.035212,0.012267,0.976256,0.416374,0.160281,9.738508,0.007781,-0.013728,-0.039230,0.472725,-0.592532,-1.212153,100346.0000
1764077475039363214,2025-11-25 19:01:15.037,0.745488,2.591845,292.042366,0.040834,0.008951,0.976291,0.231322,0.204225,9.692194,-0.005122,-0.022039,-0.035394,0.473709,-0.593411,-1.208783,100349.0000
1764077475138332380,2025-11-25 19:01:15.136,0.748121,2.651821,292.289368,0.051283,0.011116,0.981087,1.062425,-0.087764,9.870173,0.003713,0.004444,-0.046753,0.474676,-0.590094,-1.210293,100347.0000
1764077475238670751,2025-11-25 19:01:15.236,0.754872,2.623569,292.542397,0.050140,0.010559,0.980131,0.580005,0.230157,9.688341,0.003261,0.006836,-0.047551,0.477082,-0.590083,-1.210329,100347.0000
1764077475339112510,2025-11-25 19:01:15.336,0.768756,2.510801,292.806526,0.048672,0.009701,0.979928,0.493459,0.398049,9.815792,0.001545,0.025875,-0.040717,0.482864,-0.587679,-1.210932,100344.0000
1764077475438715658,2025-11-25 19:01:15.436,0.784415,2.379403,293.090523,0.038765,0.010744,0.977210,0.381640,0.188380,10.140425,-0.000605,0.018534,-0.049928,0.485759,-0.587646,-1.210011,100346.0000
1764077475538834139,2025-11-25 19:01:15.536,0.796618,2.291273,293.386658,0.030602,0.011128,0.974641,0.177013,0.005695,9.546302,0.001750,0.004330,-0.046074,0.490595,-0.585672,-1.208187,100347.0000
1764077475638892806,2025-11-25 19:01:15.636,0.793124,2.318100,293.700768,0.028925,0.012218,0.975926,0.299315,0.101598,9.943241,-0.004455,-0.024015,-0.052446,0.493032,-0.581809,-1.206837,100346.0000
1764077475738877565,2025-11-25 19:01:15.736,0.778014,2.428853,294.000015,0.035213,0.009305,0.978787,0.586123,0.270136,9.907622,-0.007573,-0.011366,-0.053276,0.492993,-0.581911,-1.211651,100348.0000
1764077475838864991,2025-11-25 19:01:15.836,0.764133,2.543185,294.292023,0.042201,0.008293,0.979232,0.422710,0.315332,9.660613,-0.002780,-0.008405,-0.049602,0.497355,-0.578507,-1.209840,100349.0000
1764077475938833010,2025-11-25 19:01:15.936,0.752213,2.582499,294.584099,0.050618,0.008342,0.980753,0.565083,0.272525,9.713882,0.000583,0.002599,-0.033637,0.499751,-0.578995,-1.210832,100344.0000
1764077476038851028,2025-11-25 19:01:16.036,0.752302,2.529908,294.891922,0.045256,0.009404,0.976966,0.224097,0.410569,9.536422,0.005340,0.013747,-0.048453,0.503135,-0.576581,-1.210436,100350.0000
1764077476138902732,2025-11-25 19:01:16.136,0.765443,2.428186,295.202560,0.041607,0.006719,0.976452,0.413873,0.081111,9.759178,0.007392,0.011242,-0.039046,0.507464,-0.576094,-1.210989,100346.0000
1764077476238006009,2025-11-25 19:01:16.236,0.796190,2.322865,295.490402,0.034762,0.009601,0.978237,0.243907,-0.031735,9.861011,0.010719,0.001421,-0.047609,0.511805,-0.574632,-1.210594,100350.0000
1764077476338858454,2025-11-25 19:01:16.336,0.829930,2.213773,295.774269,0.032640,0.012908,0.978689,0.314127,0.422725,10.013633,0.007443,0.017162,-0.045493,0.517097,-0.574140,-1.211160,100350.0000
1764077476438406843,2025-11-25 19:01:16.436,0.850630,2.174069,296.064430,0.024853,0.013395,0.975093,0.267352,0.198271,9.878755,0.000435,-0.010846,-0.042484,0.518562,-0.573605,-1.208783,100347.0000
1764077476538708861,2025-11-25 19:01:16.536,0.850856,2.262952,296.353966,0.028430,0.014133,0.976934,0.113813,0.265790,9.876806,-0.003269,-0.025790,-0.051839,0.520025,-0.571190,-1.207877,100349.0000
1764077476638736694,2025-11-25 19:01:16.636,0.837817,2.401772,296.648834,0.036910,0.012624,0.979871,0.202139,0.479802,9.753699,-0.004651,-0.013895,-0.049529,0.522923,-0.567376,-1.208942,100347.0000
1764077476738724046,2025-11-25 19:01:16.736,0.813081,2.511148,296.965256,0.042376,0.010044,0.980713,0.260567,0.012681,9.856798,-0.007088,-0.010631,-0.053417,0.523391,-0.566936,-1.210881,100348.0000
1764077476839349435,2025-11-25 19:01:16.836,0.785315,2.545182,297.275040,0.047114,0.007539,0.977584,0.657297,-0.203564,9.853465,0.000972,-0.004415,-0.041900,0.527736,-0.564051,-1.210989,100350.0000
1764077476938815768,2025-11-25 19:01:16.936,0.777500,2.493955,297.561073,0.048451,0.007731,0.977475,1.027937,0.108177,9.966969,-0.006945,0.011965,-0.041440,0.533031,-0.563550,-1.211075,100350.0000
1764077477038448935,2025-11-25 19:01:17.036,0.796572,2.369912,297.839520,0.043612,0.009727,0.977608,0.318840,0.219842,9.730866,0.001532,0.024166,-0.037845,0.533988,-0.563088,-1.212059,100350.0000
1764077477138870490,2025-11-25 19:01:17.136,0.825364,2.235973,298.122372,0.034195,0.012112,0.977068,0.030357,0.073845,9.537087,0.004266,0.021440,-0.042029,0.540735,-0.561615,-1.211700,100347.0000
1764077477238214268,2025-11-25 19:01:17.236,0.846285,2.196319,298.437927,0.026133,0.013340,0.976642,-0.072122,0.215810,9.306343,0.004268,0.000338,-0.044215,0.545574,-0.559164,-1.209882,100347.0000
1764077477338579379,2025-11-25 19:01:17.336,0.854185,2.270801,298.770401,0.030090,0.011749,0.978553,0.213778,0.363009,9.483554,0.001081,-0.017375,-0.049049,0.547042,-0.555793,-1.208992,100350.0000
1764077477439560064,2025-11-25 19:01:17.436,0.855122,2.435908,299.109722,0.039191,0.013779,0.979354,0.864023,0.476080,9.528290,0.007293,-0.024996,-0.051766,0.551350,-0.554890,-1.212440,100348.0000
1764077477538567823,2025-11-25 19:01:17.536,0.843569,2.569566,299.458656,0.047937,0.012158,0.979834,0.503178,-0.060143,9.576087,-0.000889,-0.009462,-0.046938,0.551854,-0.551056,-1.212024,100348.0000
1764077477638938527,2025-11-25 19:01:17.636,0.840122,2.545469,299.803406,0.049552,0.010812,0.977102,0.286185,0.619269,9.715088,-0.004196,0.005718,-0.052282,0.557178,-0.547180,-1.210717,100346.0000
1764077477738688231,2025-11-25 19:01:17.736,0.846368,2.424773,300.148628,0.044523,0.008228,0.976930,0.572496,-0.157066,9.632891,0.004286,0.020075,-0.057550,0.558603,-0.547692,-1.212657,100350.0000
1764077477838589805,2025-11-25 19:01:17.836,0.865045,2.296237,300.495342,0.036335,0.012867,0.978831,0.216762,0.142938,9.685495,0.003642,0.017809,-0.055948,0.564869,-0.546221,-1.212289,100346.0000
1764077477938987638,2025-11-25 19:01:17.936,0.876981,2.251918,300.853970,0.031584,0.011115,0.977834,0.337532,-0.193620,10.043050,-0.004945,-0.007789,-0.065046,0.570185,-0.542365,-1.211945,100346.0000
1764077478039081416,2025-11-25 19:01:18.036,0.878323,2.299139,301.199993,0.033825,0.010553,0.978684,0.486500,-0.029381,9.909969,-0.006570,-0.019259,-0.054111,0.573544,-0.541903,-1.213446,100348.0000
1764077478138500656,2025-11-25 19:01:18.136,0.864916,2.402072,301.524551,0.040375,0.012322,0.978212,0.859918,0.493895,9.819478,-0.003510,-0.019396,-0.048337,0.573566,-0.538072,-1.213023,100352.0000
1764077478238109545,2025-11-25 19:01:18.236,0.837022,2.516571,301.852528,0.043779,0.012214,0.977866,0.440703,0.103846,9.699419,-0.016429,-0.025789,-0.054250,0.577423,-0.536621,-1.213102,100350.0000
1764077478338422916,2025-11-25 19:01:18.336,0.806856,2.584283,302.188908,0.051561,0.007461,0.977791,0.438452,-0.172361,9.548475,-0.003968,-0.008492,-0.049678,0.579345,-0.533320,-1.215589,100344.0000
1764077478442173656,2025-11-25 19:01:18.436,0.798237,2.563408,302.522099,0.051042,0.009584,0.977147,0.435974,0.278725,9.838570,-0.008983,0.014424,-0.053028,0.581772,-0.529010,-1.215690,100346.0000
1764077478538349397,2025-11-25 19:01:18.536,0.809458,2.463061,302.851837,0.047319,0.007399,0.976358,0.491331,-0.043693,9.789776,0.004861,0.021642,-0.041745,0.588043,-0.527996,-1.214353,100340.0000
1764077478638909082,2025-11-25 19:01:18.636,0.831658,2.342589,303.186527,0.036383,0.009761,0.976723,0.403845,-0.289902,9.858614,0.000625,0.011324,-0.043857,0.590959,-0.526021,-1.212019,100346.0000
1764077478738306693,2025-11-25 19:01:18.736,0.840992,2.278391,303.509781,0.031012,0.012593,0.976276,0.249941,0.274907,9.542400,-0.001448,-0.002410,-0.052444,0.595294,-0.523634,-1.213082,100342.0000
1764077478838784026,2025-11-25 19:01:18.836,0.839053,2.313332,303.818111,0.034290,0.011232,0.979488,0.126992,0.088107,9.817132,-0.001361,-0.015175,-0.050231,0.598199,-0.522157,-1.211702,100346.0000
1764077478938655100,2025-11-25 19:01:18.936,0.823818,2.417850,304.115974,0.038483,0.011603,0.978976,0.764664,0.210063,9.827519,-0.010790,-0.028525,-0.050101,0.600596,-0.519342,-1.214670,100350.0000
1764077479038528415,2025-11-25 19:01:19.036,0.807029,2.523002,304.376923,0.042152,0.008676,0.977938,0.392896,0.440122,9.850940,-0.001603,-0.025614,-0.045391,0.600595,-0.517461,-1.216143,100348.0000
1764077479138578211,2025-11-25 19:01:19.136,0.794189,2.584982,304.603436,0.048559,0.008696,0.978405,0.398674,-0.354941,9.726234,0.000216,-0.005113,-0.030755,0.605408,-0.515549,-1.217207,100344.0000
1764077479238199526,2025-11-25 19:01:19.236,0.792794,2.577494,304.802570,0.049520,0.010829,0.977719,0.152766,0.521180,9.807366,-0.003204,0.009677,-0.038522,0.606849,-0.515075,-1.217717,100349.0000
1764077479338720859,2025-11-25 19:01:19.336,0.800542,2.511385,304.988689,0.044756,0.009875,0.976875,0.770026,0.015732,9.768598,0.002387,0.018050,-0.021090,0.607827,-0.513618,-1.216790,100345.0000
1764077479439011804,2025-11-25 19:01:19.436,0.807519,2.453856,305.171345,0.038521,0.013189,0.976436,0.389496,-0.441165,9.744352,0.000817,0.007341,-0.027593,0.611210,-0.513562,-1.214914,100348.0000
1764077479538932730,2025-11-25 19:01:19.536,0.811736,2.465213,305.334499,0.036237,0.013388,0.978195,0.278572,0.423895,9.809752,-0.004588,-0.006893,-0.027145,0.612184,-0.509756,-1.215950,100347.0000
1764077479638533619,2025-11-25 19:01:19.636,0.819134,2.528980,305.465919,0.040862,0.011714,0.979439,0.531306,0.451598,9.802148,-0.007068,-0.017464,-0.013775,0.612181,-0.508821,-1.216927,100344.0000
1764077479739951526,2025-11-25 19:01:19.736,0.821957,2.587862,305.586510,0.044818,0.013693,0.978887,0.141967,0.614266,9.758060,-0.002731,-0.009645,-0.021420,0.614565,-0.510752,-1.218378,100346.0000
1764077479838865192,2025-11-25 19:01:19.836,0.813197,2.604378,305.702293,0.049658,0.014003,0.978451,0.192081,0.095956,9.500131,-0.001120,-0.009688,-0.012185,0.613136,-0.510250,-1.216920,100354.0000
1764077479938797748,2025-11-25 19:01:19.936,0.800650,2.574231,305.810997,0.048833,0.014381,0.975811,0.543226,0.415820,9.753251,-0.008093,0.004977,-0.025514,0.614594,-0.507377,-1.216985,100343.0000
1764077480038575748,2025-11-25 19:01:20.036,0.799300,2.515136,305.919605,0.044562,0.012153,0.978304,0.781831,0.390756,9.916914,0.007149,0.011756,-0.017017,0.616526,-0.507349,-1.216051,100348.0000
1764077480138787229,2025-11-25 19:01:20.136,0.803118,2.469025,306.022198,0.041339,0.012464,0.976832,0.338191,-0.298657,9.681555,-0.000858,0.001704,-0.012544,0.621344,-0.506839,-1.215648,100354.0000
1764077480238153340,2025-11-25 19:01:20.236,0.809481,2.484120,306.106171,0.038238,0.015334,0.977290,0.135584,0.238967,9.734984,0.000512,-0.008992,-0.017515,0.616998,-0.506899,-1.217509,100352.0000
1764077480340162729,2025-11-25 19:01:20.336,0.807719,2.546964,306.178902,0.040832,0.014472,0.977144,0.517847,-0.280528,9.748855,0.002765,-0.013357,-0.004464,0.617009,-0.505456,-1.217050,100344.0000
1764077480439080766,2025-11-25 19:01:20.436,0.802480,2.628939,306.245861,0.042540,0.012581,0.977401,0.424350,-0.584833,9.696876,0.010012,-0.016834,-0.004847,0.617492,-0.503564,-1.218049,100344.0000
1764077480538851081,2025-11-25 19:01:20.536,0.810914,2.694839,306.312496,0.048009,0.014241,0.978492,0.605814,-0.171533,9.789258,-0.002147,-0.009174,-0.014741,0.616992,-0.505029,-1.219464,100349.0000
1764077480640778099,2025-11-25 19:01:20.636,0.823083,2.713541,306.373028,0.049191,0.015296,0.977995,0.271150,-0.070838,9.740092,0.008356,0.002550,-0.008216,0.616517,-0.504544,-1.218983,100350.0000
1764077480738980451,2025-11-25 19:01:20.736,0.829178,2.695638,306.423283,0.048000,0.014265,0.979013,0.327989,0.078652,9.686701,0.006586,0.009446,0.003606,0.617028,-0.503993,-1.215628,100354.0000
1764077480838410451,2025-11-25 19:01:20.836,0.831092,2.632366,306.459778,0.049120,0.015710,0.978264,0.474366,0.417435,9.688747,-0.007369,0.009314,-0.009063,0.619908,-0.503055,-1.217129,100347.0000
1764077480938952266,2025-11-25 19:01:20.936,0.838035,2.562768,306.480793,0.043481,0.015534,0.976145,0.333048,0.122969,9.688148,0.004759,0.005942,-0.011459,0.620370,-0.504516,-1.218559,100344.0000
1764077481038852970,2025-11-25 19:01:21.036,0.834089,2.525079,306.488602,0.039476,0.015568,0.976832,0.675555,-0.005985,9.972937,0.002464,-0.001846,0.009421,0.619886,-0.505941,-1.218048,100342.0000
1764077481138511432,2025-11-25 19:01:21.136,0.824521,2.533252,306.476231,0.039445,0.017520,0.976141,0.487448,0.369918,9.683006,-0.006119,-0.003958,0.001739,0.620883,-0.502075,-1.216195,100344.0000
1764077481238209969,2025-11-25 19:01:21.236,0.816971,2.583277,306.465340,0.041926,0.016604,0.977755,0.493808,0.211176,9.748946,-0.000179,-0.003478,-0.001719,0.617011,-0.505924,-1.216561,100350.0000
1764077481339525655,2025-11-25 19:01:21.336,0.796448,2.638187,306.443851,0.042122,0.015672,0.978522,0.303710,-0.071991,9.869827,-0.003573,-0.008881,0.003310,0.619424,-0.503535,-1.217115,100350.0000
1764077481438951154,2025-11-25 19:01:21.436,0.792284,2.670474,306.426289,0.049424,0.015149,0.979205,0.145492,-0.197243,9.561399,0.010601,0.005155,0.014434,0.617959,-0.504070,-1.219493,100350.0000
1764077481538825636,2025-11-25 19:01:21.536,0.805593,2.664336,306.400803,0.050054,0.014576,0.978036,0.406994,0.344532,9.729221,0.008517,0.010607,0.014296,0.618916,-0.503608,-1.220477,100352.0000
1764077481638844858,2025-11-25 19:01:21.636,0.832028,2.637128,306.366417,0.044107,0.015978,0.976071,0.286017,0.180554,9.853370,0.005568,0.003031,0.001799,0.617487,-0.504519,-1.218034,100346.0000
1764077481739270654,2025-11-25 19:01:21.736,0.865255,2.589544,306.333664,0.044435,0.018119,0.976467,0.471367,0.208353,9.747047,0.003862,0.004064,0.009261,0.618934,-0.507805,-1.215597,100346.0000
1764077481840359395,2025-11-25 19:01:21.836,0.879697,2.585752,306.319336,0.042651,0.019871,0.976261,1.146002,-0.024911,9.917122,0.000469,-0.001468,0.012299,0.617503,-0.506836,-1.214628,100345.0000
1764077481938820784,2025-11-25 19:01:21.936,0.860499,2.631329,306.289356,0.039338,0.018269,0.977540,0.313830,0.504943,9.777644,-0.003697,-0.010089,0.022266,0.618443,-0.505003,-1.218522,100350.0000
1764077482038617895,2025-11-25 19:01:22.036,0.831168,2.711060,306.228516,0.043154,0.016536,0.979066,0.076994,0.198485,9.889342,-0.001092,-0.010020,0.009490,0.616029,-0.508337,-1.217473,100346.0000
1764077482138584932,2025-11-25 19:01:22.136,0.813475,2.774551,306.146519,0.051232,0.015941,0.979837,0.829015,0.115068,9.836060,-0.002984,-0.002154,0.022023,0.613136,-0.506480,-1.219385,100352.0000
1764077482238484006,2025-11-25 19:01:22.236,0.807842,2.801922,306.061005,0.050530,0.013867,0.977749,0.213656,-0.356516,9.464226,0.006756,0.005466,0.021767,0.611188,-0.510320,-1.219779,100343.0000
1764077482339730580,2025-11-25 19:01:22.336,0.829056,2.769233,305.945015,0.051687,0.015573,0.976195,0.547892,0.369954,9.587543,0.006703,0.007084,0.022357,0.611191,-0.511255,-1.218802,100348.0000
1764077482441352802,2025-11-25 19:01:22.436,0.851413,2.715034,305.820797,0.048157,0.019715,0.975693,0.849378,0.110543,9.971591,0.000539,0.000909,0.029859,0.610254,-0.509308,-1.216892,100342.0000
1764077482538824969,2025-11-25 19:01:22.536,0.859713,2.695199,305.707283,0.044751,0.020850,0.975894,0.239091,0.118059,9.984990,0.004177,-0.003526,0.021597,0.609267,-0.512676,-1.217789,100348.0000
1764077482638942691,2025-11-25 19:01:22.636,0.851479,2.724153,305.600163,0.045294,0.018149,0.977568,0.497647,0.034653,9.572273,0.006162,-0.007262,0.015846,0.610720,-0.513117,-1.216358,100345.0000
1764077482738620876,2025-11-25 19:01:22.736,0.834615,2.766687,305.485153,0.050400,0.019399,0.979210,0.973871,0.129004,9.826460,-0.002425,0.000400,0.024477,0.603974,-0.513645,-1.217215,100352.0000
1764077482838625320,2025-11-25 19:01:22.836,0.824896,2.820679,305.342205,0.047035,0.017212,0.979630,-0.268628,0.210433,9.715270,0.004939,-0.005579,0.030126,0.604442,-0.513206,-1.219155,100354.0000
1764077482938883931,2025-11-25 19:01:22.936,0.827658,2.847702,305.181660,0.047818,0.016176,0.978400,0.806087,0.084823,10.009087,0.005149,-0.003962,0.044637,0.602033,-0.516052,-1.217631,100354.0000
1764077483038729561,2025-11-25 19:01:23.036,0.845600,2.844862,305.029877,0.049594,0.019188,0.976468,0.527003,0.672527,9.740664,0.000877,-0.005258,0.033296,0.599127,-0.518474,-1.218514,100349.0000
1764077483138651913,2025-11-25 19:01:23.136,0.862588,2.850473,304.874146,0.046508,0.020242,0.974815,0.021666,0.206938,9.461762,0.000668,-0.007437,0.020537,0.597686,-0.519416,-1.217516,100344.0000
1764077483237999765,2025-11-25 19:01:23.236,0.879741,2.874376,304.715408,0.050685,0.017357,0.976745,0.647459,-0.203250,9.866919,0.003421,-0.008178,0.040619,0.595268,-0.521815,-1.217444,100348.0000
1764077483338887376,2025-11-25 19:01:23.336,0.899080,2.897967,304.563484,0.051996,0.023356,0.976633,0.856182,0.418658,9.818175,0.006599,-0.002405,0.026077,0.594315,-0.520854,-1.216963,100346.0000
1764077483439983079,2025-11-25 19:01:23.436,0.911987,2.914133,304.426243,0.055166,0.019681,0.979221,0.493013,0.349004,9.881526,0.003907,0.017745,0.026815,0.591412,-0.523265,-1.217365,100352.0000
1764077483538657431,2025-11-25 19:01:23.536,0.920310,2.909163,304.289352,0.047631,0.020323,0.978104,1.046421,-0.257447,10.236376,-0.000569,-0.000371,0.025615,0.590449,-0.524214,-1.216854,100344.0000
1764077483638772561,2025-11-25 19:01:23.636,0.903750,2.893985,304.141895,0.047906,0.021700,0.977346,-0.324557,0.358066,9.253207,-0.001233,0.009733,0.033853,0.589481,-0.526119,-1.216330,100346.0000
1764077483738869283,2025-11-25 19:01:23.736,0.877369,2.886307,303.995159,0.049046,0.020106,0.977730,0.977254,0.337515,10.040794,-0.003009,0.001936,0.028189,0.586096,-0.528066,-1.217213,100347.0000
1764077483838835894,2025-11-25 19:01:23.836,0.844340,2.901185,303.856049,0.046099,0.020396,0.975434,0.153638,0.392249,9.718531,-0.004275,-0.010716,0.021819,0.587062,-0.528051,-1.216746,100350.0000
1764077483938779523,2025-11-25 19:01:23.936,0.827110,2.946513,303.746445,0.053734,0.017578,0.978954,0.848220,0.333955,9.754611,0.001278,-0.001416,0.024225,0.584654,-0.528539,-1.216703,100344.0000
1764077484041893190,2025-11-25 19:01:24.036,0.837583,2.978253,303.641342,0.053767,0.014291,0.977956,0.304262,0.361316,9.666148,0.006747,0.002146,0.018770,0.582695,-0.530053,-1.220022,100350.0000
1764077484139507875,2025-11-25 19:01:24.136,0.866972,2.947395,303.518402,0.056703,0.017375,0.978799,0.528693,0.325806,9.973808,0.010961,0.018532,0.018580,0.579830,-0.529537,-1.217580,100349.0000
1764077484238800116,2025-11-25 19:01:24.236,0.892344,2.863549,303.385509,0.046100,0.020917,0.974646,-0.064803,-0.106227,9.625029,0.014343,0.012163,0.019061,0.579342,-0.532385,-1.216566,100350.0000
1764077484339033097,2025-11-25 19:01:24.336,0.907760,2.814652,303.253323,0.041815,0.019807,0.973703,0.066212,0.120833,9.221766,-0.000362,0.003771,0.026652,0.578853,-0.532408,-1.217522,100348.0000
1764077484438566060,2025-11-25 19:01:24.436,0.916228,2.838219,303.109051,0.040643,0.018988,0.977269,0.998687,0.123537,10.075943,-0.000661,-0.012385,0.034073,0.576954,-0.533290,-1.213628,100344.0000
1764077484538573653,2025-11-25 19:01:24.536,0.914726,2.893079,302.971722,0.044903,0.023292,0.977840,0.017884,0.514694,9.624407,0.007544,-0.007998,0.027898,0.574526,-0.533362,-1.216481,100345.0000
1764077484638891245,2025-11-25 19:01:24.636,0.899882,2.961674,302.870731,0.050395,0.022552,0.981131,0.843791,0.368360,9.971578,-0.004119,-0.010312,0.007206,0.572585,-0.534357,-1.217881,100342.0000
1764077484738978430,2025-11-25 19:01:24.736,0.896941,3.008472,302.783684,0.050903,0.016692,0.977903,0.991268,-0.148236,9.892971,-0.002340,-0.008249,0.014799,0.572586,-0.537182,-1.215912,100342.0000
1764077484838917282,2025-11-25 19:01:24.836,0.910357,3.004821,302.664715,0.055338,0.017034,0.979604,-0.243317,0.392437,9.439690,0.008528,0.014278,0.021716,0.572091,-0.537692,-1.217342,100347.0000
1764077484938611634,2025-11-25 19:01:24.936,0.925682,2.970531,302.503098,0.050940,0.017399,0.977482,0.673130,-0.092987,10.290894,0.009473,0.007977,0.040060,0.569193,-0.539148,-1.217759,100349.0000
1764077485038855912,2025-11-25 19:01:25.036,0.930135,2.923144,302.322098,0.048986,0.023444,0.975160,0.995026,0.224608,10.246780,-0.004836,0.002313,0.038194,0.567280,-0.538181,-1.216782,100346.0000
1764077485140503263,2025-11-25 19:01:25.136,0.916775,2.867489,302.163685,0.051029,0.023261,0.976383,0.139978,1.057529,9.056089,0.000752,0.007715,0.019861,0.565837,-0.540546,-1.215280,100346.0000
1764077485238657023,2025-11-25 19:01:25.236,0.897987,2.814384,302.028748,0.050992,0.019364,0.979697,1.022086,0.609877,9.987381,0.007547,0.020587,0.029476,0.563425,-0.541044,-1.215718,100348.0000
1764077485338798634,2025-11-25 19:01:25.336,0.891066,2.774732,301.914738,0.041910,0.021461,0.976016,-0.062797,0.375987,9.918077,0.000438,0.001185,0.009727,0.561990,-0.542443,-1.213750,100350.0000
1764077485438687059,2025-11-25 19:01:25.436,0.904950,2.802304,301.848015,0.041113,0.018855,0.975500,0.545528,0.025790,9.491821,0.000098,-0.005041,0.000848,0.560535,-0.542480,-1.215172,100348.0000
1764077485538814208,2025-11-25 19:01:25.536,0.924771,2.887952,301.795448,0.037468,0.017602,0.975202,0.006473,-0.349419,9.372884,0.006914,-0.021769,0.013472,0.561960,-0.545350,-1.215631,100352.0000
1764077485640891633,2025-11-25 19:01:25.636,0.932959,2.991042,301.726219,0.048760,0.017551,0.979749,-0.196546,-0.191194,9.466127,0.020568,-0.014390,0.017007,0.557162,-0.544863,-1.214123,100346.0000
1764077485739160745,2025-11-25 19:01:25.736,0.939494,3.065160,301.658531,0.058943,0.019936,0.979420,1.535966,0.005675,9.960360,0.001627,-0.012764,0.010920,0.557594,-0.546406,-1.219403,100347.0000
1764077485838625911,2025-11-25 19:01:25.836,0.934065,3.055001,301.624340,0.058921,0.021610,0.979261,0.319484,0.182365,9.563255,-0.003108,0.010525,0.001264,0.557147,-0.544904,-1.216049,100348.0000
1764077485939799707,2025-11-25 19:01:25.936,0.915859,2.979883,301.604649,0.059995,0.016761,0.979818,0.275132,0.080181,9.817941,-0.002077,0.026600,0.009915,0.557161,-0.544396,-1.214612,100346.0000
1764077486038627541,2025-11-25 19:01:26.036,0.906568,2.847628,301.596104,0.047403,0.018877,0.974097,0.909192,0.435332,9.905916,-0.001708,0.022735,0.002631,0.556185,-0.546321,-1.215050,100346.0000
1764077486138754022,2025-11-25 19:01:26.136,0.904290,2.720060,301.607952,0.040384,0.017564,0.974561,-0.308445,0.760131,9.213729,-0.003651,0.009377,-0.006181,0.559086,-0.545800,-1.213656,100349.0000
1764077486238377559,2025-11-25 19:01:26.236,0.909956,2.682916,301.613014,0.039774,0.014471,0.978112,0.952638,-0.038059,10.265965,0.011723,0.006455,-0.002344,0.560045,-0.544860,-1.214647,100350.0000
1764077486338974855,2025-11-25 19:01:26.336,0.925369,2.744670,301.620373,0.035410,0.016897,0.977077,1.022684,0.309277,10.143190,0.008213,-0.020556,0.000954,0.558616,-0.544359,-1.213189,100349.0000
1764077486438794485,2025-11-25 19:01:26.436,0.929364,2.826046,301.633327,0.045547,0.020216,0.979816,0.166978,0.299329,9.355106,-0.002386,-0.020417,-0.014195,0.560044,-0.544393,-1.215136,100356.0000
1764077486538722374,2025-11-25 19:01:26.536,0.925108,2.880332,301.649693,0.052502,0.015954,0.981273,0.163548,-0.057654,9.633605,0.011013,0.003563,0.009888,0.560517,-0.546769,-1.214625,100350.0000
1764077486638589522,2025-11-25 19:01:26.636,0.913627,2.881227,301.668175,0.056096,0.017734,0.977136,0.839428,-0.232336,10.205969,-0.005151,0.010550,-0.005744,0.557620,-0.544922,-1.217019,100345.0000
1764077486739745688,2025-11-25 19:01:26.736,0.896204,2.831633,301.679241,0.044879,0.016679,0.971633,0.680127,-0.139099,9.682026,-0.008109,-0.000536,0.004659,0.557141,-0.546804,-1.215538,100346.0000
1764077486838835096,2025-11-25 19:01:26.836,0.867931,2.781336,301.704357,0.047594,0.015990,0.976818,-0.275360,0.335925,9.239461,0.006453,0.018124,0.002217,0.560030,-0.546314,-1.215588,100348.0000
1764077486938621299,2025-11-25 19:01:26.936,0.845110,2.738307,301.731144,0.046035,0.012325,0.979519,0.490527,0.211289,10.014942,-0.000821,0.008731,0.000809,0.559558,-0.542993,-1.216595,100342.0000
1764077487038990022,2025-11-25 19:01:27.036,0.840703,2.710130,301.731777,0.040415,0.012418,0.976498,0.691041,-0.239032,9.672163,-0.001736,-0.000104,0.006549,0.561482,-0.546287,-1.214646,100352.0000
1764077487138462336,2025-11-25 19:01:27.136,0.866461,2.696047,301.700901,0.044099,0.011912,0.980906,-0.181083,0.201097,9.381261,0.003986,0.004096,0.018241,0.558110,-0.543955,-1.216559,100347.0000
1764077487238119040,2025-11-25 19:01:27.236,0.894237,2.676496,301.667015,0.044935,0.018244,0.979117,0.951623,0.288949,10.153679,0.004527,0.003286,0.007917,0.558599,-0.546290,-1.214123,100346.0000
1764077487338721466,2025-11-25 19:01:27.336,0.905430,2.661362,301.656796,0.042327,0.019342,0.977461,0.235683,0.527769,9.604569,-0.002460,0.005920,0.000049,0.557648,-0.546264,-1.212664,100347.0000
1764077487438695466,2025-11-25 19:01:27.436,0.908045,2.671781,301.629990,0.039803,0.016127,0.975735,0.610326,0.127235,9.778259,-0.004876,-0.002327,0.005415,0.558123,-0.546749,-1.213145,100342.0000
1764077487538847595,2025-11-25 19:01:27.536,0.895402,2.688732,301.567554,0.037468,0.016691,0.973969,0.026473,-0.158808,9.557206,0.002030,-0.008172,0.012325,0.556201,-0.545335,-1.213620,100346.0000
1764077487638697910,2025-11-25 19:01:27.636,0.875817,2.733693,301.472839,0.043756,0.017806,0.978190,-0.233312,0.600933,9.522719,-0.000240,-0.016855,0.023466,0.554744,-0.548208,-1.213555,100344.0000
1764077487739018021,2025-11-25 19:01:27.736,0.851646,2.794897,301.370132,0.049194,0.018023,0.978186,1.147035,-0.257513,10.219043,-0.008564,-0.013076,0.019630,0.552793,-0.549700,-1.215911,100356.0000
1764077487840287243,2025-11-25 19:01:27.836,0.845721,2.845831,301.241924,0.050990,0.014046,0.977304,1.166464,0.178195,9.800336,0.007966,-0.004603,0.035550,0.552309,-0.547822,-1.217378,100353.0000
1764077487939025465,2025-11-25 19:01:27.936,0.877955,2.854367,301.063705,0.053887,0.015368,0.979731,0.977907,0.336942,9.517270,0.015973,0.005751,0.037588,0.548461,-0.549252,-1.216336,100346.0000
1764077488038462002,2025-11-25 19:01:28.036,0.926251,2.829776,300.868961,0.051177,0.019749,0.978117,0.771662,0.169495,9.500047,0.010870,0.011951,0.039431,0.548461,-0.550665,-1.215351,100344.0000
1764077488138617280,2025-11-25 19:01:28.136,0.965596,2.790955,300.674282,0.046635,0.023190,0.977642,-0.059814,0.340563,9.526033,0.002009,0.012282,0.029187,0.544122,-0.554008,-1.214273,100348.0000
1764077488238342650,2025-11-25 19:01:28.236,0.987033,2.772987,300.476185,0.040493,0.022623,0.975181,-0.202091,0.148416,9.766576,0.003374,0.000829,0.046616,0.542674,-0.554969,-1.214237,100349.0000
1764077488338593261,2025-11-25 19:01:28.336,0.980761,2.822114,300.273220,0.044491,0.024441,0.975857,0.547535,0.268936,10.026348,-0.001677,-0.011873,0.033822,0.540750,-0.556391,-1.213224,100351.0000
1764077488438984965,2025-11-25 19:01:28.436,0.956359,2.899230,300.069958,0.049115,0.021319,0.977188,0.613199,-0.071050,10.366212,0.001399,-0.014240,0.035008,0.536886,-0.559274,-1.213123,100352.0000
1764077488539575576,2025-11-25 19:01:28.536,0.943325,2.962933,299.855804,0.052646,0.019544,0.977231,0.886165,0.132099,10.370049,-0.005505,-0.017572,0.042517,0.533509,-0.558842,-1.214525,100340.0000
1764077488638567076,2025-11-25 19:01:28.636,0.939532,2.980224,299.637253,0.053452,0.019734,0.976443,0.776044,0.394445,9.713463,0.000189,0.001050,0.041659,0.533499,-0.560753,-1.214495,100349.0000
1764077488739008150,2025-11-25 19:01:28.736,0.944984,2.978029,299.408245,0.049518,0.019398,0.977562,0.358977,0.114551,9.578805,0.008755,0.006553,0.044898,0.528657,-0.564627,-1.215810,100348.0000
1764077488838716909,2025-11-25 19:01:28.836,0.953029,2.962618,299.163464,0.047519,0.020907,0.979027,-0.149591,0.193393,9.243798,0.012579,0.007923,0.041477,0.524818,-0.566504,-1.213317,100351.0000
1764077488938752372,2025-11-25 19:01:28.936,0.961411,2.923779,298.927055,0.048530,0.022438,0.979500,0.112218,0.311380,9.817398,0.007095,0.015695,0.052038,0.524805,-0.567479,-1.214265,100348.0000
1764077489038384243,2025-11-25 19:01:29.036,0.964556,2.922161,298.729267,0.048189,0.024152,0.978131,1.213221,0.527891,10.304839,-0.004508,-0.008135,0.035674,0.520015,-0.566972,-1.211794,100342.0000
1764077489139622891,2025-11-25 19:01:29.136,0.949441,2.962085,298.574326,0.046654,0.020551,0.975662,0.932977,-0.122367,9.836238,-0.002252,-0.016730,0.021563,0.519519,-0.568428,-1.212728,100345.0000
1764077489238104631,2025-11-25 19:01:29.236,0.931210,3.032011,298.434628,0.050398,0.019594,0.976885,-0.334000,0.295843,9.195234,0.004875,-0.013094,0.017533,0.514202,-0.569458,-1.215042,100346.0000
1764077489339394020,2025-11-25 19:01:29.336,0.918489,3.068899,298.304504,0.057808,0.018447,0.979946,0.678744,0.003803,10.180464,-0.000494,0.005660,0.025442,0.516126,-0.568982,-1.215559,100350.0000
1764077489438518872,2025-11-25 19:01:29.436,0.915732,3.045630,298.192738,0.054369,0.020580,0.973338,0.918149,0.224967,10.079966,-0.007041,0.002136,0.014173,0.511313,-0.569948,-1.214992,100347.0000
1764077489541525150,2025-11-25 19:01:29.536,0.920796,3.012541,298.130348,0.051101,0.017001,0.974660,0.928445,-0.090576,9.724201,0.004174,-0.003223,0.011169,0.511324,-0.570863,-1.213052,100352.0000
1764077489638965224,2025-11-25 19:01:29.636,0.933494,2.979108,298.093685,0.051388,0.016668,0.979617,-0.337891,0.610220,9.269469,0.006499,0.015916,0.002984,0.512737,-0.572351,-1.215940,100350.0000
1764077489738630946,2025-11-25 19:01:29.736,0.941701,2.948109,298.048237,0.048635,0.017207,0.979259,0.892982,-0.118157,10.501017,-0.000292,0.008205,0.014096,0.511790,-0.572315,-1.214000,100349.0000
1764077489838745816,2025-11-25 19:01:29.836,0.938829,2.953592,297.996723,0.043225,0.017994,0.975351,1.506536,0.312675,10.339533,0.000353,-0.010206,0.022127,0.511322,-0.571341,-1.213045,100344.0000
1764077489938652168,2025-11-25 19:01:29.936,0.916419,2.974632,297.954227,0.047961,0.018309,0.977170,-0.143449,0.338239,9.244317,-0.008546,-0.010293,-0.003882,0.511807,-0.571328,-1.212570,100354.0000
1764077490038458020,2025-11-25 19:01:30.036,0.882542,2.990876,297.913517,0.055049,0.016340,0.981128,0.397394,0.131127,10.018682,-0.009686,-0.005736,0.004328,0.508912,-0.571362,-1.213490,100346.0000
1764077490138588760,2025-11-25 19:01:30.136,0.853908,2.988277,297.872890,0.049604,0.014711,0.976062,0.795291,0.239774,10.123142,0.000366,-0.006853,0.017923,0.510817,-0.573762,-1.214445,100348.0000
1764077490237999353,2025-11-25 19:01:30.236,0.850558,2.956150,297.857147,0.053645,0.013936,0.977549,0.376750,0.202304,9.719193,0.007991,0.006080,0.003718,0.506972,-0.571411,-1.215388,100350.0000
1764077490340116945,2025-11-25 19:01:30.336,0.868796,2.930622,297.854473,0.045901,0.012482,0.975313,0.764375,0.244301,10.118361,0.000153,-0.002108,0.005954,0.510832,-0.573721,-1.212520,100343.0000
1764077490439463501,2025-11-25 19:01:30.436,0.906526,2.924703,297.847321,0.043817,0.015522,0.977141,-0.165904,0.526736,9.430279,0.003197,-0.004879,0.011761,0.509853,-0.575657,-1.213439,100347.0000
1764077490538937834,2025-11-25 19:01:30.536,0.922697,2.926104,297.840843,0.051411,0.018967,0.979582,0.824836,0.085556,9.753812,-0.001320,0.004376,-0.011564,0.509862,-0.573746,-1.213468,100348.0000
1764077490638448538,2025-11-25 19:01:30.636,0.916998,2.912788,297.834999,0.046160,0.017232,0.976575,-0.247499,0.059107,9.478912,-0.001549,0.005421,-0.014349,0.507952,-0.572301,-1.212499,100344.0000
1764077490738773279,2025-11-25 19:01:30.736,0.897503,2.903932,297.811508,0.047279,0.013482,0.979370,0.434558,-0.033881,9.787491,0.002494,0.007276,0.017891,0.507952,-0.573246,-1.212003,100343.0000
1764077490838695371,2025-11-25 19:01:30.836,0.875543,2.906315,297.799446,0.039970,0.017386,0.974433,0.079894,0.116030,9.541461,-0.000287,-0.014512,0.000418,0.506969,-0.574247,-1.213899,100344.0000
1764077490939342741,2025-11-25 19:01:30.936,0.872564,2.939413,297.793312,0.047277,0.012396,0.978834,0.984720,-0.054255,10.092272,-0.000722,-0.010307,0.005447,0.506978,-0.573281,-1.213433,100349.0000
1764077491038496482,2025-11-25 19:01:31.036,0.887961,2.943873,297.789715,0.050068,0.011340,0.979135,0.743591,0.146086,9.923385,0.011803,0.002153,0.018084,0.508885,-0.575204,-1.214395,100351.0000
1764077491138778149,2025-11-25 19:01:31.136,0.915527,2.922465,297.761589,0.050391,0.014254,0.978890,0.425154,-0.266780,9.752885,0.011415,0.010850,0.014928,0.506967,-0.574725,-1.213892,100343.0000
1764077491238719834,2025-11-25 19:01:31.236,0.934845,2.851651,297.729527,0.051393,0.017486,0.978893,0.496179,-0.051805,9.673220,0.002736,0.016693,0.007396,0.506991,-0.575131,-1.210515,100354.0000
1764077491340208593,2025-11-25 19:01:31.336,0.934567,2.783691,297.707458,0.046060,0.019703,0.976351,0.302169,0.062643,9.543831,-0.008504,0.017305,0.000873,0.507940,-0.575635,-1.211966,100348.0000
1764077491438605445,2025-11-25 19:01:31.436,0.909631,2.728695,297.698475,0.042355,0.018490,0.975214,0.202496,0.182795,9.736808,-0.006965,0.004507,0.004467,0.506019,-0.575633,-1.211456,100348.0000
1764077491539010797,2025-11-25 19:01:31.536,0.871549,2.701442,297.715866,0.040584,0.016477,0.974894,0.571511,0.139265,9.902990,-0.004786,-0.006546,0.002366,0.508904,-0.577511,-1.210507,100341.0000
1764077491638959834,2025-11-25 19:01:31.636,0.849619,2.710203,297.759777,0.040029,0.012484,0.976976,0.951973,0.218233,9.921637,-0.003664,-0.009632,-0.003313,0.507464,-0.573736,-1.212470,100348.0000
1764077491738601296,2025-11-25 19:01:31.736,0.858175,2.744659,297.810532,0.042174,0.012016,0.979423,0.655078,0.472784,9.921728,0.003128,-0.010242,-0.006149,0.508440,-0.571811,-1.212032,100352.0000
1764077491840004963,2025-11-25 19:01:31.836,0.875258,2.786160,297.871361,0.046538,0.012859,0.979883,0.681801,-0.269073,9.908166,0.007186,-0.007775,-0.011502,0.507442,-0.576623,-1.213389,100340.0000
1764077491938821741,2025-11-25 19:01:31.936,0.898406,2.821227,297.928238,0.046533,0.014707,0.979440,0.223531,0.465976,9.666448,0.006724,0.001108,-0.008076,0.508898,-0.574228,-1.213446,100345.0000
1764077492038719056,2025-11-25 19:01:32.036,0.912613,2.827372,297.990250,0.048656,0.013923,0.977077,-0.052708,0.051611,9.537527,0.001404,0.004669,-0.004095,0.510343,-0.572331,-1.214460,100346.0000
1764077492141092111,2025-11-25 19:01:32.136,0.911419,2.815224,298.048222,0.045287,0.015039,0.977022,0.124827,-0.200690,9.755615,-0.000800,0.003686,-0.001886,0.510814,-0.574239,-1.214438,100350.0000
1764077492238161370,2025-11-25 19:01:32.236,0.896995,2.805605,298.117134,0.045676,0.016125,0.978051,0.359848,0.566812,9.660131,-0.002221,-0.003787,-0.010797,0.508419,-0.573753,-1.213447,100347.0000
1764077492339562407,2025-11-25 19:01:32.336,0.875241,2.769979,298.207523,0.048720,0.014303,0.978592,-0.076285,-0.270557,9.352663,-0.002354,0.005422,-0.016781,0.509869,-0.572313,-1.213490,100348.0000
1764077492438753092,2025-11-25 19:01:32.436,0.862106,2.723912,298.326797,0.047317,0.012936,0.977782,0.268742,-0.025210,9.677642,0.001577,0.011632,-0.015523,0.512762,-0.572757,-1.212563,100349.0000
1764077492538720537,2025-11-25 19:01:32.536,0.863926,2.669252,298.459202,0.043139,0.012237,0.974828,0.344366,0.034004,9.697561,-0.000952,0.010953,-0.028061,0.516140,-0.569886,-1.213138,100346.0000
1764077492638812314,2025-11-25 19:01:32.636,0.888810,2.653912,298.592884,0.035732,0.011545,0.976362,0.230998,0.222504,10.001700,0.010384,0.007354,-0.023290,0.517117,-0.570786,-1.210731,100340.0000
1764077492742008407,2025-11-25 19:01:32.736,0.909182,2.673461,298.734840,0.039599,0.013577,0.978008,0.533639,0.260564,9.910579,0.009009,0.000895,-0.024819,0.517605,-0.567939,-1.211744,100350.0000
1764077492838594092,2025-11-25 19:01:32.836,0.921415,2.690953,298.878021,0.040873,0.013274,0.979052,0.480498,0.528543,9.734881,-0.000026,-0.004298,-0.017385,0.520957,-0.570322,-1.212239,100342.0000
1764077492938870259,2025-11-25 19:01:32.936,0.915697,2.706757,299.017555,0.043022,0.013792,0.979269,0.464879,0.083555,9.712530,-0.000380,-0.007346,-0.013170,0.520493,-0.566980,-1.212283,100345.0000
1764077493041631444,2025-11-25 19:01:33.036,0.894307,2.691832,299.143227,0.044431,0.014230,0.978334,0.475057,0.176831,9.603278,-0.000699,0.003820,-0.013202,0.522419,-0.568852,-1.210838,100345.0000
1764077493138499351,2025-11-25 19:01:33.136,0.873519,2.647253,299.268410,0.042694,0.014603,0.977362,0.352661,0.018627,9.747615,-0.010193,0.000708,-0.020659,0.525329,-0.565007,-1.210458,100352.0000
1764077493237995851,2025-11-25 19:01:33.236,0.856934,2.605596,299.409111,0.044039,0.008713,0.978639,0.342567,0.429871,9.992885,-0.000930,0.009226,-0.027463,0.525800,-0.565503,-1.211420,100352.0000
1764077493338791166,2025-11-25 19:01:33.336,0.862205,2.578296,299.529991,0.038584,0.009158,0.976641,0.720386,-0.161189,9.806531,0.004750,0.002902,-0.022414,0.526749,-0.563649,-1.214352,100347.0000
1764077493438759888,2025-11-25 19:01:33.436,0.890236,2.560536,299.622406,0.039258,0.013052,0.977448,0.358049,0.488503,9.745010,-0.000893,0.003994,-0.020435,0.527728,-0.564072,-1.211952,100351.0000
1764077493538857518,2025-11-25 19:01:33.536,0.916958,2.563334,299.727356,0.041976,0.013210,0.977869,0.812222,0.239936,9.927653,0.003782,-0.005492,-0.020670,0.528208,-0.563602,-1.212448,100346.0000
1764077493638808129,2025-11-25 19:01:33.636,0.928186,2.581876,299.857220,0.041792,0.016070,0.978503,0.450036,-0.651850,9.536471,-0.000562,0.001485,-0.017195,0.530637,-0.563530,-1.209595,100338.0000
1764077493738854518,2025-11-25 19:01:33.736,0.928450,2.574134,299.991222,0.042492,0.015534,0.977909,0.403403,0.433805,9.787664,0.004466,-0.003504,-0.018406,0.530161,-0.560219,-1.211084,100352.0000
1764077493838978666,2025-11-25 19:01:33.836,0.920036,2.564262,300.133057,0.043600,0.013301,0.977266,0.535501,-0.871172,9.664303,-0.002274,-0.002738,-0.025666,0.536399,-0.561177,-1.212605,100350.0000
1764077493939642499,2025-11-25 19:01:33.936,0.915699,2.564220,300.293198,0.039258,0.016307,0.976918,-0.076947,0.434241,9.606759,-0.007171,-0.001889,-0.024714,0.533511,-0.560722,-1.213052,100348.0000
1764077494038585869,2025-11-25 19:01:34.036,0.912752,2.568521,300.452526,0.041767,0.010574,0.977514,0.211245,0.434063,9.788017,-0.000261,0.003807,-0.020524,0.537368,-0.560685,-1.212146,100342.0000
1764077494141305869,2025-11-25 19:01:34.136,0.911137,2.575145,300.601593,0.040838,0.011125,0.978413,1.019502,-0.464098,10.037768,-0.003694,-0.005466,-0.016708,0.539284,-0.557871,-1.215106,100343.0000
1764077494238187258,2025-11-25 19:01:34.236,0.912527,2.599025,300.744358,0.037681,0.013385,0.976592,0.639373,0.404686,9.783087,-0.001321,-0.013951,-0.020742,0.539317,-0.557312,-1.211262,100352.0000
1764077494340869165,2025-11-25 19:01:34.336,0.912098,2.640087,300.905407,0.040230,0.014985,0.977376,0.247128,0.680926,9.688778,-0.004549,-0.019222,-0.033479,0.542193,-0.556384,-1.213245,100344.0000
1764077494440541647,2025-11-25 19:01:34.436,0.918285,2.690033,301.079777,0.047862,0.010494,0.980170,0.520940,0.056191,9.815793,-0.003290,-0.015067,-0.039210,0.544124,-0.555887,-1.212800,100346.0000
1764077494538987684,2025-11-25 19:01:34.536,0.940756,2.699787,301.237473,0.048528,0.011443,0.980336,0.621883,0.236904,10.068986,0.002464,0.003752,-0.026572,0.544615,-0.555388,-1.211852,100348.0000
1764077494638705535,2025-11-25 19:01:34.636,0.955639,2.668482,301.365093,0.046755,0.011896,0.977485,0.625600,0.163138,9.928278,0.002502,0.013455,-0.011253,0.547502,-0.553962,-1.212879,100344.0000
1764077494738925110,2025-11-25 19:01:34.736,0.957372,2.598517,301.469307,0.040016,0.013277,0.975407,0.281257,-0.273830,9.809500,0.001706,0.007531,-0.007375,0.547977,-0.553502,-1.213856,100346.0000
1764077494838807184,2025-11-25 19:01:34.836,0.939333,2.549961,301.560047,0.037935,0.016241,0.974559,0.014408,-0.072343,9.508263,-0.002804,0.006585,-0.008846,0.547973,-0.554458,-1.213841,100340.0000
1764077494938873054,2025-11-25 19:01:34.936,0.900256,2.552251,301.664680,0.036154,0.016390,0.977245,0.386891,0.403352,9.879499,-0.005451,-0.016575,-0.021327,0.550878,-0.551569,-1.213447,100346.0000
1764077495039005795,2025-11-25 19:01:35.036,0.870162,2.611898,301.795544,0.039954,0.010926,0.979207,0.771378,0.157788,10.059646,0.009013,-0.009301,-0.023326,0.550898,-0.548215,-1.213017,100353.0000
1764077495138560961,2025-11-25 19:01:35.136,0.862484,2.699227,301.936615,0.043532,0.011764,0.978889,0.447005,0.158395,9.662959,0.006026,-0.007638,-0.033589,0.551369,-0.548711,-1.213979,100348.0000
1764077495238098720,2025-11-25 19:01:35.236,0.885895,2.780297,302.078636,0.048246,0.010536,0.978755,0.375837,0.223196,9.557762,0.014644,-0.006049,-0.030311,0.554254,-0.546817,-1.215495,100355.0000
1764077495338731035,2025-11-25 19:01:35.336,0.920271,2.809069,302.212666,0.048419,0.011822,0.977610,0.376525,0.015765,9.662572,0.006217,-0.008913,-0.028305,0.555208,-0.547779,-1.215976,100350.0000
1764077495438765609,2025-11-25 19:01:35.436,0.944014,2.778722,302.318710,0.050456,0.013613,0.977665,0.704572,-0.153601,9.837072,-0.001349,0.002168,-0.023561,0.554261,-0.547742,-1.214036,100352.0000
1764077495538421053,2025-11-25 19:01:35.536,0.950120,2.710010,302.390415,0.049787,0.014073,0.977136,0.502741,-0.015447,10.035080,-0.010249,0.009716,-0.011545,0.555712,-0.546303,-1.214080,100341.0000
1764077495638789405,2025-11-25 19:01:35.636,0.946476,2.626138,302.457561,0.046435,0.015791,0.977882,0.420948,0.054564,9.968743,0.001059,0.011990,-0.004932,0.558114,-0.546302,-1.214597,100344.0000
1764077495738871924,2025-11-25 19:01:35.736,0.928912,2.594267,302.548492,0.039221,0.015509,0.976110,0.413744,0.396829,9.665452,0.003809,0.001058,-0.012139,0.561023,-0.542458,-1.214217,100351.0000
1764077495839783201,2025-11-25 19:01:35.836,0.913530,2.628020,302.633698,0.038902,0.012673,0.977677,0.171424,0.297738,9.681978,-0.001847,-0.002214,-0.007397,0.560969,-0.544958,-1.219475,100346.0000
1764077495940675664,2025-11-25 19:01:35.936,0.905801,2.697180,302.686161,0.039130,0.013087,0.977140,-0.287175,0.252769,9.371238,0.002157,-0.011495,-0.001045,0.558114,-0.546302,-1.214597,100351.0000
1764077496038532442,2025-11-25 19:01:36.036,0.907529,2.774658,302.710995,0.044510,0.012184,0.977843,0.001992,0.078802,9.642715,0.006242,-0.010313,-0.001281,0.557624,-0.544912,-1.216537,100348.0000
1764077496138908775,2025-11-25 19:01:36.136,0.927098,2.797591,302.725910,0.050310,0.014277,0.977875,0.282538,0.753259,9.494174,0.001015,-0.000454,-0.008421,0.561009,-0.542966,-1.215654,100346.0000
1764077496238050183,2025-11-25 19:01:36.236,0.961233,2.775438,302.747505,0.049562,0.015559,0.978108,0.202795,0.077520,9.656974,0.004839,0.004347,-0.010973,0.561970,-0.544852,-1.214676,100342.0000
1764077496338765572,2025-11-25 19:01:36.336,0.980047,2.739879,302.766594,0.047022,0.017310,0.976843,0.286805,-0.046871,9.710770,-0.002261,0.006674,-0.003562,0.559082,-0.545810,-1.214137,100352.0000
1764077496438905646,2025-11-25 19:01:36.436,0.974305,2.714529,302.778133,0.045602,0.020537,0.978153,-0.079596,0.444417,9.519559,-0.001412,0.011521,-0.006882,0.558120,-0.545814,-1.214123,100342.0000
1764077496540881942,2025-11-25 19:01:36.536,0.953791,2.732627,302.776367,0.043921,0.016109,0.978670,-0.002976,0.033876,9.758569,-0.005919,0.000738,0.003444,0.561968,-0.545330,-1.214668,100342.0000
1764077496638581571,2025-11-25 19:01:36.636,0.935492,2.776150,302.783230,0.042865,0.015663,0.976583,0.112616,-0.331038,9.706911,-0.005681,-0.012427,-0.002210,0.558600,-0.545345,-1.214619,100350.0000
1764077496738603775,2025-11-25 19:01:36.736,0.926774,2.844964,302.799183,0.048089,0.015299,0.976811,0.641097,0.356108,9.683424,0.003756,-0.019254,0.002356,0.562928,-0.544858,-1.215171,100344.0000
1764077496838723053,2025-11-25 19:01:36.836,0.925993,2.899648,302.829430,0.050978,0.015998,0.976558,0.679385,0.221735,9.606992,0.000966,-0.019524,-0.007166,0.559556,-0.544883,-1.215603,100347.0000
1764077496940306442,2025-11-25 19:01:36.936,0.938086,2.915616,302.858078,0.055562,0.011705,0.978793,0.939562,-0.132950,9.823698,0.008686,0.000356,0.007970,0.557620,-0.547280,-1.215538,100352.0000
1764077497038910071,2025-11-25 19:01:37.036,0.957558,2.875483,302.882484,0.051583,0.017735,0.977510,0.719266,0.159550,9.816938,-0.001964,0.006016,-0.000991,0.560045,-0.545806,-1.214151,100350.0000
1764077497138222367,2025-11-25 19:01:37.136,0.963546,2.832128,302.942173,0.051190,0.018461,0.978547,0.745571,0.233603,10.033343,0.003061,0.012535,-0.010929,0.558114,-0.546302,-1.214597,100352.0000
1764077497238963849,2025-11-25 19:01:37.236,0.940910,2.798743,303.031792,0.045600,0.015992,0.975362,0.568014,0.433603,9.807134,-0.002047,0.003584,-0.016303,0.560537,-0.542002,-1.215180,100348.0000
1764077497338684793,2025-11-25 19:01:37.336,0.918545,2.803362,303.130886,0.043462,0.013000,0.976353,0.396410,-0.110186,9.696115,-0.014683,-0.003159,-0.019134,0.562458,-0.539646,-1.217170,100343.0000
1764077497440914052,2025-11-25 19:01:37.436,0.911138,2.838935,303.216316,0.044095,0.010193,0.978005,0.361744,-0.299135,9.746034,0.004168,-0.006759,-0.002738,0.561503,-0.541988,-1.214713,100348.0000
1764077497538867997,2025-11-25 19:01:37.536,0.921741,2.869021,303.294285,0.046653,0.013610,0.977716,0.299125,0.028414,9.717824,0.008739,-0.004803,-0.004779,0.564376,-0.542483,-1.216192,100345.0000
1764077497638573145,2025-11-25 19:01:37.636,0.936762,2.895055,303.363342,0.048377,0.014364,0.977852,0.126470,-0.059495,9.777503,-0.000790,-0.003933,-0.009910,0.563888,-0.541561,-1.217643,100350.0000
1764077497738508274,2025-11-25 19:01:37.736,0.951447,2.902377,303.415112,0.051043,0.013713,0.979437,0.603984,-0.257195,10.223294,0.012272,0.001144,-0.006208,0.566333,-0.539090,-1.214346,100344.0000
1764077497839050089,2025-11-25 19:01:37.836,0.949737,2.891338,303.475128,0.050770,0.017530,0.977943,0.494924,0.355713,9.911168,0.005806,0.009575,-0.011193,0.566299,-0.544365,-1.215228,100352.0000
1764077497938767182,2025-11-25 19:01:37.936,0.933117,2.863413,303.552040,0.046783,0.015692,0.976963,0.554886,0.596330,9.664422,0.001149,0.008786,-0.014130,0.566787,-0.541517,-1.216242,100350.0000
1764077498038953348,2025-11-25 19:01:38.036,0.919337,2.842204,303.624100,0.044196,0.012460,0.976016,0.519764,0.169471,9.664316,0.001172,-0.004227,-0.012503,0.568732,-0.539567,-1.214856,100348.0000
1764077498138800163,2025-11-25 19:01:38.136,0.915534,2.827719,303.676121,0.047123,0.011656,0.977471,0.828028,0.019827,9.838650,0.006556,-0.005288,-0.012515,0.567274,-0.538669,-1.217256,100347.0000
1764077498238332867,2025-11-25 19:01:38.236,0.919970,2.816928,303.721619,0.044445,0.015521,0.976486,0.392324,0.115667,9.979261,0.005401,-0.000376,-0.011570,0.570670,-0.537637,-1.214432,100348.0000
1764077498339045181,2025-11-25 19:01:38.336,0.930601,2.842993,303.778019,0.045195,0.015244,0.976736,0.627163,0.351138,9.917091,0.013454,-0.016727,-0.013537,0.568714,-0.540085,-1.216774,100344.0000
1764077498438352885,2025-11-25 19:01:38.436,0.937830,2.878396,303.832832,0.049698,0.013926,0.979110,0.732329,0.102315,9.862675,0.003260,-0.001707,-0.005718,0.570163,-0.539124,-1.216810,100345.0000
1764077498538569163,2025-11-25 19:01:38.536,0.938683,2.884367,303.897369,0.053051,0.014759,0.980169,0.531968,0.343342,9.807800,0.001979,0.007734,-0.006797,0.571136,-0.537676,-1.216365,100346.0000
1764077498638544718,2025-11-25 19:01:38.636,0.929061,2.843137,303.951111,0.052311,0.015037,0.979292,0.786285,0.405878,9.842082,-0.001317,0.019072,-0.005649,0.570177,-0.536258,-1.216854,100350.0000
1764077498738468218,2025-11-25 19:01:38.736,0.919933,2.790060,303.999847,0.045545,0.015051,0.974769,0.159973,0.184620,9.720221,0.001529,0.006955,-0.008721,0.570170,-0.537691,-1.216832,100341.0000
1764077498839044700,2025-11-25 19:01:38.836,0.912901,2.756572,304.035622,0.041704,0.013423,0.973377,0.374971,0.105726,9.596506,0.003247,0.000818,-0.003212,0.571162,-0.536192,-1.213980,100342.0000
1764077498939109996,2025-11-25 19:01:38.936,0.898484,2.745138,304.048798,0.041564,0.014882,0.977869,0.063746,0.524938,9.666895,-0.004702,0.000065,-0.004187,0.571616,-0.536261,-1.217357,100352.0000
1764077499038488144,2025-11-25 19:01:39.036,0.882954,2.774199,304.053040,0.042221,0.014173,0.978589,0.251449,0.180163,9.747637,0.004012,-0.004064,-0.000831,0.572116,-0.535741,-1.215445,100347.0000
1764077499138428144,2025-11-25 19:01:39.136,0.881537,2.838747,304.052376,0.046251,0.013657,0.979821,0.476957,0.217901,10.004665,-0.000915,-0.011793,-0.001473,0.572087,-0.537703,-1.217823,100349.0000
1764077499238721699,2025-11-25 19:01:39.236,0.899127,2.884310,304.067196,0.051352,0.013464,0.978638,0.800881,0.022279,9.905593,0.003797,-0.004450,0.002696,0.571598,-0.537725,-1.218779,100347.0000
1764077499339861070,2025-11-25 19:01:39.336,0.925966,2.882969,304.066074,0.051058,0.012858,0.976931,0.990223,0.168978,9.888638,0.008307,0.001261,0.012261,0.570671,-0.535280,-1.215913,100353.0000
1764077499439770570,2025-11-25 19:01:39.436,0.949960,2.814338,304.067612,0.046869,0.016656,0.975628,0.466257,0.327582,9.560833,0.012231,0.007069,0.009307,0.572098,-0.536259,-1.217364,100352.0000
1764077499538620273,2025-11-25 19:01:39.536,0.956572,2.750265,304.068932,0.042435,0.017332,0.976793,0.266248,0.128049,9.631877,-0.002403,0.002350,-0.000290,0.570177,-0.536258,-1.216854,100345.0000
1764077499638748477,2025-11-25 19:01:39.636,0.949051,2.729148,304.059669,0.041866,0.017051,0.977206,0.318075,0.389151,9.796589,0.000242,-0.000154,-0.002735,0.571141,-0.536721,-1.216379,100344.0000
1764077499738623847,2025-11-25 19:01:39.736,0.941702,2.771040,304.029079,0.044757,0.014847,0.978316,0.738512,0.259345,9.817389,0.001403,-0.006710,0.006098,0.570162,-0.537711,-1.217795,100352.0000
1764077499838836792,2025-11-25 19:01:39.836,0.943853,2.833956,303.998249,0.046155,0.016197,0.978311,0.684448,0.564043,9.828463,-0.004363,-0.009203,0.007540,0.570641,-0.538186,-1.217794,100346.0000
1764077499939122977,2025-11-25 19:01:39.936,0.951170,2.893668,303.992199,0.051528,0.015908,0.979413,0.651120,-0.117618,9.825650,0.002720,-0.011351,-0.002880,0.568255,-0.537201,-1.215848,100345.0000
1764077500041364588,2025-11-25 19:01:40.036,0.956552,2.910776,303.998508,0.052349,0.016807,0.976762,0.180681,0.251909,9.688918,0.005277,0.004789,0.002102,0.569183,-0.537289,-1.220195,100349.0000
1764077500139020384,2025-11-25 19:01:40.136,0.950121,2.884995,303.993530,0.050371,0.017367,0.975068,0.265451,0.599218,9.770426,0.001819,0.010328,-0.000567,0.570182,-0.535302,-1.216869,100341.0000
1764077500238054532,2025-11-25 19:01:40.236,0.940972,2.833219,303.981224,0.046704,0.014102,0.976404,0.706307,0.287773,9.795097,0.003121,0.000876,0.010063,0.568254,-0.536734,-1.216337,100351.0000
1764077500341124402,2025-11-25 19:01:40.336,0.943405,2.802915,303.968559,0.045391,0.016209,0.978385,0.642701,0.349153,9.912588,0.005841,-0.002600,0.008457,0.567280,-0.538181,-1.216782,100348.0000
1764077500438949884,2025-11-25 19:01:40.436,0.943402,2.812561,303.949116,0.043741,0.017271,0.978977,0.310076,0.288274,9.770513,0.005201,-0.003865,0.004691,0.568730,-0.536274,-1.217314,100351.0000
1764077500538799458,2025-11-25 19:01:40.536,0.941056,2.848086,303.914581,0.043945,0.013936,0.975759,0.326919,-0.036320,9.682618,-0.001817,-0.007899,0.001026,0.569694,-0.538150,-1.215855,100351.0000
1764077500638689995,2025-11-25 19:01:40.636,0.936374,2.906943,303.882607,0.048130,0.016384,0.976387,1.038571,0.353465,9.687592,0.003366,-0.005061,0.005897,0.567279,-0.537714,-1.217271,100347.0000
1764077500738280550,2025-11-25 19:01:40.736,0.925387,2.965302,303.845116,0.049966,0.015737,0.978236,0.147710,0.169676,9.632385,0.010134,-0.002657,0.010410,0.566802,-0.539118,-1.215798,100348.0000
1764077500838719384,2025-11-25 19:01:40.836,0.915615,3.002535,303.805363,0.053640,0.016920,0.979364,0.268917,0.256321,9.765395,-0.001110,-0.002853,0.007633,0.567266,-0.538689,-1.218219,100346.0000
1764077500938559661,2025-11-25 19:01:40.936,0.915298,2.980940,303.768707,0.056121,0.014530,0.979639,0.705650,-0.069493,9.902472,-0.003315,0.004809,0.011092,0.564845,-0.541099,-1.218628,100350.0000
1764077501038596754,2025-11-25 19:01:41.036,0.939428,2.915966,303.735569,0.051140,0.014865,0.976472,0.516672,0.161910,9.670522,0.004856,0.006907,0.011301,0.566795,-0.538194,-1.217256,100352.0000
1764077501138695291,2025-11-25 19:01:41.136,0.964849,2.859787,303.692818,0.044986,0.015134,0.975997,0.093739,-0.182940,9.498773,0.009341,0.009300,0.005783,0.565850,-0.537212,-1.215813,100348.0000
1764077501238034569,2025-11-25 19:01:41.236,0.985204,2.825901,303.622639,0.046960,0.018527,0.977542,0.957190,0.257532,9.882289,0.009572,0.010291,0.009014,0.566326,-0.540523,-1.214324,100348.0000
1764077501339171402,2025-11-25 19:01:41.336,0.978708,2.826515,303.551373,0.044863,0.018889,0.977064,0.354311,-0.035739,9.911149,-0.000865,-0.000957,0.011565,0.562950,-0.541971,-1.214252,100346.0000
1764077501440293754,2025-11-25 19:01:41.436,0.963579,2.876240,303.509888,0.041445,0.018934,0.975289,-0.031652,0.584429,9.653189,0.003855,-0.014463,0.000070,0.565358,-0.542428,-1.213799,100346.0000
1764077501539480772,2025-11-25 19:01:41.536,0.957021,2.956977,303.472965,0.045491,0.015523,0.977688,0.665813,0.390991,9.716554,0.005516,-0.020091,0.004635,0.563414,-0.542487,-1.216178,100346.0000
1764077501639022013,2025-11-25 19:01:41.636,0.968656,3.017572,303.412361,0.055016,0.016387,0.978897,0.625022,0.329156,9.868859,0.001928,-0.008093,0.011270,0.561487,-0.542974,-1.216142,100349.0000
1764077501738867753,2025-11-25 19:01:41.736,0.983590,3.041591,303.360397,0.053457,0.017556,0.978196,0.407619,-0.108235,9.815887,0.001305,-0.003315,0.009442,0.560972,-0.544480,-1.219483,100347.0000
1764077501838691198,2025-11-25 19:01:41.836,0.980287,3.013044,303.339668,0.057491,0.018640,0.978513,1.032189,-0.108737,10.135673,0.002995,0.005917,0.015442,0.559564,-0.543450,-1.215625,100347.0000
1764077501938685457,2025-11-25 19:01:41.936,0.960071,2.961411,303.305370,0.052567,0.015332,0.976987,0.607927,-0.248797,9.905630,-0.004281,0.014200,0.025595,0.559540,-0.543511,-1.218513,100348.0000
1764077502038737031,2025-11-25 19:01:42.036,0.953325,2.930591,303.251034,0.042538,0.013880,0.974389,0.121205,-0.036721,9.674171,0.004805,0.002198,0.024771,0.558581,-0.544450,-1.217521,100346.0000
1764077502138312827,2025-11-25 19:01:42.136,0.957675,2.916319,303.216930,0.047115,0.018474,0.977925,0.667902,0.151163,9.623093,0.005961,-0.007767,0.009234,0.559071,-0.543483,-1.217062,100348.0000
1764077502238209549,2025-11-25 19:01:42.236,0.963735,2.954575,303.202484,0.045713,0.017580,0.977904,0.191452,0.572371,9.604982,0.007046,-0.008745,0.002235,0.558597,-0.544409,-1.215596,100349.0000
1764077502338640512,2025-11-25 19:01:42.336,0.966786,3.020020,303.176022,0.051365,0.013875,0.978733,1.254742,0.413375,10.148044,0.003256,-0.000520,0.002746,0.557620,-0.543509,-1.218003,100344.0000
1764077502438826957,2025-11-25 19:01:42.436,0.969953,3.071655,303.118179,0.051507,0.015753,0.977499,0.186760,0.634795,9.503083,0.006630,-0.003903,0.013048,0.555704,-0.543965,-1.216523,100344.0000
1764077502541567364,2025-11-25 19:01:42.536,0.965296,3.095806,303.053379,0.055537,0.018749,0.978172,1.030056,0.298660,10.058006,0.001236,-0.001329,0.014862,0.554257,-0.543982,-1.216983,100346.0000
1764077502638681438,2025-11-25 19:01:42.636,0.951769,3.076560,302.976170,0.053741,0.016196,0.974506,0.041319,-0.073172,9.465631,-0.001211,0.006217,0.025644,0.554241,-0.544023,-1.218909,100343.0000
1764077502740700420,2025-11-25 19:01:42.736,0.941403,3.060743,302.912781,0.047870,0.015436,0.974589,0.222892,-0.179089,9.748339,0.001294,-0.006585,0.014856,0.552788,-0.545940,-1.218858,100344.0000
1764077502838717031,2025-11-25 19:01:42.836,0.934144,3.065911,302.858009,0.051914,0.017019,0.977987,0.622327,0.197096,9.833170,-0.002812,-0.006409,0.019910,0.553270,-0.545938,-1.218866,100346.0000
1764077502938764475,2025-11-25 19:01:42.936,0.932550,3.087647,302.792145,0.046264,0.014989,0.977720,0.250086,-0.258995,9.719659,0.010203,-0.013472,0.016398,0.550886,-0.546833,-1.215446,100343.0000
1764077503042110179,2025-11-25 19:01:43.036,0.939336,3.108798,302.724800,0.055697,0.013994,0.980885,0.865121,0.170212,9.734339,0.007667,0.002809,0.020154,0.551835,-0.544979,-1.218377,100347.0000
1764077503138631271,2025-11-25 19:01:43.136,0.946760,3.140666,302.661846,0.050981,0.017528,0.977193,-0.065310,0.330934,9.477158,-0.005959,-0.003478,0.010601,0.551812,-0.548810,-1.218800,100348.0000
1764077503238075790,2025-11-25 19:01:43.236,0.952319,3.171617,302.589249,0.059012,0.016016,0.978828,0.883607,0.550132,10.118256,-0.001985,0.003289,0.013732,0.547492,-0.547386,-1.218277,100345.0000
1764077503339983697,2025-11-25 19:01:43.336,0.959293,3.142206,302.522877,0.056685,0.013964,0.977283,0.520360,-0.326477,9.879060,-0.004237,0.019423,0.017331,0.547969,-0.548340,-1.218269,100349.0000
1764077503439017030,2025-11-25 19:01:43.436,0.968522,3.069265,302.465649,0.049040,0.016511,0.975059,0.421347,0.521747,9.728511,0.002879,0.006892,0.011591,0.549399,-0.550254,-1.218743,100344.0000
1764077503538858012,2025-11-25 19:01:43.536,0.980822,2.993836,302.403069,0.049874,0.016875,0.977188,0.981924,0.284213,9.921868,0.004873,0.005898,0.011026,0.548442,-0.550716,-1.217758,100348.0000
1764077503638883401,2025-11-25 19:01:43.636,0.988548,2.953894,302.331673,0.046377,0.020067,0.976105,0.468735,0.194595,9.860451,0.006145,-0.001157,0.016474,0.549424,-0.550660,-1.215366,100349.0000
1764077503741567956,2025-11-25 19:01:43.736,0.977439,2.971756,302.258175,0.045285,0.017176,0.976415,0.520452,-0.178438,10.084496,-0.001491,-0.008971,0.018678,0.545572,-0.551156,-1.215302,100348.0000
1764077503841670863,2025-11-25 19:01:43.836,0.952263,3.008508,302.181572,0.048865,0.017913,0.976898,0.793685,0.494699,9.807501,0.001205,-0.002007,0.015757,0.545575,-0.549733,-1.215805,100346.0000
1764077503938778437,2025-11-25 19:01:43.936,0.936927,3.060478,302.107471,0.046138,0.017096,0.978637,0.109308,0.495196,9.503053,0.003924,-0.003529,0.013386,0.543148,-0.551685,-1.217184,100350.0000
1764077504038003234,2025-11-25 19:01:44.036,0.949903,3.124102,302.042564,0.050660,0.013298,0.979165,0.676839,-0.352894,9.762269,0.006394,-0.013528,0.020178,0.542203,-0.550703,-1.215740,100348.0000
1764077504138390826,2025-11-25 19:01:44.136,0.978140,3.156440,301.984428,0.055635,0.016729,0.977733,0.462029,0.504221,9.753036,0.008474,-0.001123,0.018839,0.541695,-0.552189,-1.218118,100354.0000
1764077504238132511,2025-11-25 19:01:44.236,0.995448,3.162744,301.906727,0.052619,0.018456,0.976142,0.145146,-0.004571,9.683539,-0.000126,-0.008912,0.005614,0.540260,-0.553588,-1.216149,100348.0000
1764077504339603789,2025-11-25 19:01:44.336,1.000431,3.117447,301.825050,0.059347,0.017806,0.978853,1.191005,0.389676,10.099317,0.006308,0.009098,0.014849,0.540741,-0.554998,-1.215172,100344.0000
1764077504440688048,2025-11-25 19:01:44.436,0.988482,3.046909,301.749504,0.051851,0.019725,0.976294,0.492426,0.096390,9.898534,-0.007873,0.014288,0.003631,0.539293,-0.553603,-1.216617,100347.0000
1764077504538728418,2025-11-25 19:01:44.536,0.978971,2.980912,301.675259,0.046322,0.015850,0.977256,0.174724,0.278012,9.815101,0.004410,0.016070,0.016532,0.539304,-0.553104,-1.215661,100352.0000
1764077504638850807,2025-11-25 19:01:44.636,0.979900,2.941729,301.607727,0.040038,0.017280,0.975505,-0.053363,0.390873,9.457527,0.007158,0.003248,0.013388,0.538814,-0.556430,-1.214640,100348.0000
1764077504738682733,2025-11-25 19:01:44.736,0.982158,2.988380,301.578026,0.042581,0.018014,0.976035,0.779397,-0.083535,9.550868,0.001005,-0.010966,0.008094,0.539773,-0.556904,-1.214647,100346.0000
1764077504838611826,2025-11-25 19:01:44.836,0.989225,3.084316,301.577217,0.047099,0.018007,0.978252,0.667723,0.194490,9.672153,0.002267,-0.020556,0.002861,0.540246,-0.555509,-1.216601,100352.0000
1764077504938913678,2025-11-25 19:01:44.936,1.012177,3.173296,301.598827,0.051892,0.015893,0.978414,0.430921,-0.474150,9.548931,0.014022,-0.017729,0.003104,0.535905,-0.556972,-1.216997,100350.0000
1764077505038575140,2025-11-25 19:01:45.036,1.028268,3.189539,301.664078,0.058936,0.020706,0.978526,1.241881,0.676060,9.892471,0.002941,0.005130,-0.014274,0.538331,-0.555964,-1.215122,100344.0000
1764077505138385455,2025-11-25 19:01:45.136,1.029055,3.181814,301.713482,0.058201,0.012480,0.976896,0.110888,-0.154166,9.422660,0.004439,0.011160,0.003465,0.537374,-0.554069,-1.215618,100345.0000
1764077505238214511,2025-11-25 19:01:45.236,1.024154,3.119347,301.729916,0.054603,0.017378,0.977223,0.370948,0.426617,9.836747,0.000615,0.012313,-0.008069,0.537365,-0.557392,-1.214604,100344.0000
1764077505338536603,2025-11-25 19:01:45.336,1.008381,3.015867,301.764767,0.049466,0.018139,0.976391,0.378208,0.264584,9.779195,-0.006622,0.021063,-0.018039,0.538330,-0.555497,-1.215610,100342.0000
1764077505438933603,2025-11-25 19:01:45.436,1.004965,2.911905,301.846943,0.042624,0.015973,0.977458,0.441386,0.032247,9.853002,-0.005608,0.010143,-0.020737,0.541728,-0.553988,-1.212794,100344.0000
1764077505538833473,2025-11-25 19:01:45.536,1.011410,2.884010,301.963417,0.039059,0.014270,0.978624,0.457740,0.412530,9.999113,0.003504,0.001415,-0.020917,0.542678,-0.554959,-1.213756,100348.0000
1764077505638750066,2025-11-25 19:01:45.636,1.033822,2.931468,302.091984,0.038634,0.013521,0.976668,0.340228,-0.129067,9.626288,0.007926,-0.011365,-0.026531,0.543636,-0.554965,-1.214251,100341.0000
1764077505738729418,2025-11-25 19:01:45.736,1.067111,2.984536,302.215252,0.047688,0.014334,0.979574,1.106218,0.573310,9.954303,0.005580,-0.005444,-0.016243,0.545575,-0.553503,-1.213339,100348.0000
1764077505838809010,2025-11-25 19:01:45.836,1.082597,2.997228,302.313343,0.051996,0.015357,0.978127,0.537085,0.066777,9.768122,-0.002414,0.006578,-0.010836,0.545559,-0.553076,-1.215753,100348.0000
1764077505938978510,2025-11-25 19:01:45.936,1.063394,2.927829,302.405121,0.052129,0.017873,0.979393,0.232272,0.058153,9.915191,-0.002339,0.028028,-0.012991,0.547980,-0.553025,-1.213863,100352.0000
1764077506038407436,2025-11-25 19:01:46.036,1.017704,2.797855,302.534496,0.046316,0.016578,0.976145,0.021955,0.040640,9.656900,-0.013629,0.026991,-0.020232,0.553289,-0.549657,-1.213993,100342.0000
1764077506138784492,2025-11-25 19:01:46.136,0.984840,2.676136,302.695927,0.038112,0.011475,0.976766,-0.024442,-0.040381,9.654934,-0.007833,0.009723,-0.029641,0.553788,-0.549137,-1.212082,100347.0000
1764077506238128251,2025-11-25 19:01:46.236,0.987781,2.594803,302.856472,0.035050,0.013266,0.977751,0.132361,0.225348,9.759934,0.001764,0.000285,-0.035479,0.554267,-0.547254,-1.213562,100344.0000
1764077506338810399,2025-11-25 19:01:46.336,1.013160,2.587979,303.031044,0.030461,0.012207,0.975759,0.288296,0.064820,9.762101,0.003674,-0.017293,-0.029051,0.557641,-0.547697,-1.212642,100342.0000
1764077506440093714,2025-11-25 19:01:46.436,1.039689,2.682686,303.184113,0.037273,0.011984,0.978930,0.768200,0.141342,9.967475,0.007953,-0.016454,-0.012720,0.559076,-0.546298,-1.214611,100348.0000
1764077506538737436,2025-11-25 19:01:46.536,1.042223,2.807802,303.311638,0.043686,0.017666,0.977033,0.130186,0.227980,9.746544,-0.001543,-0.023998,-0.027786,0.559563,-0.544395,-1.215129,100350.0000
1764077506640936825,2025-11-25 19:01:46.636,1.020023,2.879533,303.450474,0.051372,0.015519,0.978706,0.166608,-0.432131,9.692383,-0.010351,-0.002942,-0.030661,0.560052,-0.543427,-1.214669,100343.0000
1764077506738597158,2025-11-25 19:01:46.736,0.977263,2.851844,303.595509,0.051498,0.011957,0.979800,0.741656,-0.303679,9.965737,-0.009225,0.009607,-0.015410,0.562458,-0.542004,-1.215690,100346.0000
1764077506843913732,2025-11-25 19:01:46.836,0.960479,2.747105,303.714790,0.050240,0.010376,0.978116,0.909311,0.037408,9.882644,0.000395,0.021702,-0.014534,0.564865,-0.542461,-1.215236,100349.0000
1764077506938839232,2025-11-25 19:01:46.936,0.969405,2.614654,303.828690,0.039769,0.011654,0.976456,0.023734,0.264728,9.548319,0.011084,0.017649,-0.015084,0.567767,-0.540994,-1.214338,100343.0000
1764077507039009047,2025-11-25 19:01:47.036,0.989066,2.517389,303.927624,0.035272,0.012108,0.977087,0.084846,0.225400,9.633811,0.004616,0.010054,-0.019277,0.569225,-0.539534,-1.213419,100343.0000
1764077507139658028,2025-11-25 19:01:47.136,1.015899,2.519841,303.991642,0.032716,0.013159,0.976398,0.823769,0.251826,9.867801,0.008229,0.000041,-0.012905,0.569716,-0.539979,-1.211975,100340.0000
1764077507238711324,2025-11-25 19:01:47.236,1.027192,2.594974,304.030708,0.032432,0.015640,0.976397,0.116367,0.374732,9.749258,0.002110,-0.024100,-0.000282,0.569214,-0.539565,-1.214863,100347.0000
1764077507339858917,2025-11-25 19:01:47.336,1.014795,2.694499,304.067417,0.040261,0.018765,0.977862,0.115664,0.062994,9.906210,-0.003041,-0.021010,-0.010918,0.569220,-0.540489,-1.213404,100356.0000
1764077507441520657,2025-11-25 19:01:47.436,0.996308,2.809344,304.105766,0.044933,0.014764,0.978686,0.653133,0.054058,9.850664,-0.008242,-0.016906,-0.005049,0.567751,-0.541035,-1.216264,100350.0000
1764077507539148306,2025-11-25 19:01:47.536,0.982834,2.903195,304.131180,0.047695,0.014448,0.977571,0.062546,0.117677,9.548925,-0.004189,-0.022881,-0.001809,0.568236,-0.539610,-1.216774,100344.0000
1764077507638842417,2025-11-25 19:01:47.636,0.985494,2.934411,304.143482,0.056642,0.012829,0.979394,0.858588,-0.037690,9.604650,0.005895,0.000524,-0.000397,0.566316,-0.538663,-1.216760,100345.0000
1764077507739134639,2025-11-25 19:01:47.736,0.998808,2.894758,304.137127,0.051148,0.014265,0.976733,-0.017735,0.738070,9.626390,-0.002546,0.006911,-0.002250,0.568240,-0.538654,-1.216789,100342.0000
1764077507838774842,2025-11-25 19:01:47.836,1.012488,2.829895,304.106682,0.049570,0.014494,0.977166,1.345905,0.301438,10.205853,0.001651,0.016192,0.006807,0.565374,-0.539084,-1.213851,100350.0000
1764077507939988268,2025-11-25 19:01:47.936,1.015298,2.734187,304.079659,0.045030,0.017325,0.977637,0.806055,0.302985,10.065656,-0.006458,0.016769,0.010936,0.568739,-0.539079,-1.214382,100354.0000
1764077508038557805,2025-11-25 19:01:48.036,0.996630,2.678294,304.081802,0.039079,0.016168,0.977202,0.132991,0.338652,9.886605,-0.002873,0.005824,-0.001329,0.568723,-0.539120,-1.216307,100346.0000
1764077508138649324,2025-11-25 19:01:48.136,0.970085,2.676378,304.073101,0.037345,0.014700,0.977053,0.459429,0.553106,9.807844,-0.006148,-0.005855,0.004717,0.569699,-0.538607,-1.214885,100356.0000
1764077508238656953,2025-11-25 19:01:48.236,0.952416,2.713721,304.051895,0.039804,0.013004,0.976625,0.509684,0.301485,9.494976,-0.003505,-0.008992,0.002378,0.568267,-0.537170,-1.214404,100348.0000
1764077508338801231,2025-11-25 19:01:48.336,0.958237,2.793291,304.019764,0.044856,0.013349,0.978912,0.150859,0.306652,9.666924,0.003727,-0.007570,-0.005971,0.565848,-0.539102,-1.214821,100347.0000
1764077508438768546,2025-11-25 19:01:48.436,0.984964,2.858143,303.983345,0.046712,0.013547,0.978975,0.443763,-0.303590,9.957902,0.003615,-0.005797,0.003713,0.562952,-0.540081,-1.215245,100344.0000
1764077508538607768,2025-11-25 19:01:48.536,0.997768,2.890564,303.935204,0.049969,0.017994,0.976136,0.748040,0.295233,9.758826,0.010195,-0.003304,0.021321,0.563911,-0.540087,-1.215740,100344.0000
1764077508639030027,2025-11-25 19:01:48.636,0.997030,2.899029,303.873188,0.048465,0.015637,0.974970,-0.131411,-0.128628,9.643267,0.006536,0.003544,0.016194,0.562949,-0.541504,-1.214741,100346.0000
1764077508738474083,2025-11-25 19:01:48.736,0.994253,2.891868,303.794415,0.046055,0.016583,0.977460,0.517903,0.249411,9.934505,-0.000494,-0.008775,0.013641,0.563434,-0.541491,-1.214267,100351.0000
1764077508838694786,2025-11-25 19:01:48.836,0.991670,2.879862,303.710789,0.050931,0.017220,0.979467,0.778664,0.128078,9.817600,-0.000494,0.002005,0.019171,0.561991,-0.541498,-1.214245,100341.0000
1764077508938650860,2025-11-25 19:01:48.936,0.992342,2.868352,303.631165,0.047574,0.016303,0.978380,0.315620,0.317232,9.843928,0.005918,0.003063,0.013794,0.562459,-0.542472,-1.215201,100348.0000
1764077509038377008,2025-11-25 19:01:49.036,1.004278,2.869315,303.545139,0.044544,0.014436,0.976895,0.371694,0.372962,9.592749,0.015906,0.001348,0.013849,0.559578,-0.542942,-1.214188,100340.0000
1764077509139007601,2025-11-25 19:01:49.136,1.024512,2.876570,303.444878,0.048293,0.017039,0.977262,0.728045,0.801148,9.846247,0.003606,0.006769,0.022066,0.559075,-0.543473,-1.216581,100347.0000
1764077509238090101,2025-11-25 19:01:49.236,1.051309,2.893037,303.357460,0.046685,0.019236,0.978454,0.060105,-0.082461,9.490565,0.003943,0.004072,0.012436,0.556188,-0.545843,-1.215057,100352.0000
1764077509339338601,2025-11-25 19:01:49.336,1.067003,2.912031,303.303036,0.046058,0.019917,0.978128,0.093049,0.114339,9.673822,0.004676,0.000331,-0.000126,0.556655,-0.546349,-1.216501,100338.0000
1764077509438885286,2025-11-25 19:01:49.436,1.063432,2.955753,303.245201,0.049305,0.018485,0.975576,0.967618,0.026638,9.568233,0.000409,-0.008627,0.012760,0.554246,-0.547783,-1.215962,100336.0000
1764077509538487638,2025-11-25 19:01:49.536,1.037170,3.001823,303.167583,0.051320,0.019123,0.976058,0.203181,0.671045,9.810525,0.002073,-0.004084,0.009683,0.553774,-0.545874,-1.215984,100348.0000
1764077509638546804,2025-11-25 19:01:49.636,1.010153,3.014897,303.100998,0.054738,0.015813,0.976529,0.499767,0.046843,9.762437,-0.004035,-0.003081,0.012691,0.551846,-0.547306,-1.215453,100353.0000
1764077509745501934,2025-11-25 19:01:49.743,0.993374,2.989575,303.056030,0.053402,0.016626,0.975597,0.571662,0.082840,9.978345,-0.005065,0.006672,0.007094,0.551356,-0.548274,-1.215912,100340.0000
1764077509838620156,2025-11-25 19:01:49.836,0.997952,2.941771,303.004917,0.046355,0.013628,0.977308,0.279076,-0.144225,9.728495,0.003674,0.007105,0.025576,0.551832,-0.547814,-1.216889,100351.0000
1764077509939733341,2025-11-25 19:01:49.936,1.009842,2.933919,302.956394,0.037487,0.017230,0.977316,0.394836,0.390211,9.847751,0.009129,-0.015241,0.014323,0.549930,-0.548707,-1.213477,100350.0000
1764077510038893637,2025-11-25 19:01:50.036,1.011128,2.966998,302.921116,0.045721,0.019496,0.981382,0.625276,0.405079,9.928116,0.005259,-0.007546,0.007851,0.552324,-0.546369,-1.216437,100347.0000
1764077510138543563,2025-11-25 19:01:50.136,0.997830,3.011626,302.888786,0.049011,0.015999,0.979141,0.867536,0.095864,9.922363,-0.006002,-0.009135,0.002155,0.552802,-0.547790,-1.215941,100342.0000
1764077510238010063,2025-11-25 19:01:50.236,0.982398,3.062348,302.852100,0.049770,0.014118,0.977530,0.407755,0.000876,10.043239,0.001257,0.000130,0.000808,0.548463,-0.547362,-1.217328,100348.0000
1764077510339398711,2025-11-25 19:01:50.336,0.975912,3.081045,302.842358,0.052654,0.016027,0.975278,0.193639,0.181930,9.632723,0.001396,0.001443,-0.012969,0.547977,-0.548319,-1.217306,100355.0000
1764077510438720156,2025-11-25 19:01:50.436,0.977939,3.070421,302.856956,0.054244,0.014081,0.976579,0.848191,0.412817,9.726521,0.002225,0.006324,-0.003603,0.548942,-0.549250,-1.216343,100349.0000
1764077510538628489,2025-11-25 19:01:50.536,0.990569,3.069915,302.860001,0.048442,0.011564,0.975630,-0.188787,-0.503062,9.419374,0.007663,-0.008763,0.007936,0.550381,-0.549254,-1.216846,100347.0000
1764077510638794452,2025-11-25 19:01:50.636,1.004274,3.075564,302.849926,0.051511,0.016836,0.978929,0.448473,0.355142,9.714624,0.005801,0.003673,0.007841,0.548940,-0.551140,-1.215351,100350.0000
1764077510738860118,2025-11-25 19:01:50.736,1.007720,3.036811,302.870178,0.051376,0.018706,0.977758,0.774442,0.253437,9.761190,-0.003941,0.001302,0.001296,0.549448,-0.548709,-1.213469,100350.0000
1764077510842351563,2025-11-25 19:01:50.840,1.004662,2.990966,302.917538,0.050897,0.014308,0.977759,0.548909,0.183571,9.967546,-0.000227,0.003368,-0.008376,0.551348,-0.548294,-1.216875,100353.0000
1764077510938852229,2025-11-25 19:01:50.936,1.003220,2.959563,302.955532,0.045869,0.014277,0.977248,0.392210,0.259449,9.917990,0.006485,0.004418,0.001106,0.549915,-0.547803,-1.215898,100342.0000
1764077511038761859,2025-11-25 19:01:51.036,1.002506,2.956944,302.964096,0.042773,0.013296,0.976975,0.538355,0.183832,9.816092,0.007744,-0.010291,0.009480,0.551841,-0.546849,-1.216423,100349.0000
1764077511138496378,2025-11-25 19:01:51.136,1.002400,2.969261,302.987633,0.046951,0.016642,0.977965,0.672900,0.660049,9.819361,0.000758,-0.000629,-0.003908,0.554736,-0.548228,-1.214518,100338.0000
1764077511238352359,2025-11-25 19:01:51.236,1.003897,2.981634,303.020103,0.049750,0.013998,0.977261,0.453006,0.132163,9.815450,-0.005650,0.001986,-0.004055,0.551833,-0.546869,-1.217385,100348.0000
1764077511339585544,2025-11-25 19:01:51.336,1.011478,2.945731,303.047428,0.049486,0.014149,0.979077,0.017454,-0.080356,9.859522,0.003333,0.010279,-0.001974,0.552326,-0.548249,-1.214964,100352.0000
1764077511438489896,2025-11-25 19:01:51.436,1.023819,2.891735,303.077236,0.044289,0.013208,0.976383,0.204355,0.062413,9.654402,0.007252,0.002335,-0.003573,0.552331,-0.547294,-1.214978,100350.0000
1764077511538729118,2025-11-25 19:01:51.536,1.041666,2.850027,303.085167,0.042146,0.016423,0.976678,0.236761,0.128978,9.625941,0.000609,0.004823,-0.004294,0.552312,-0.548757,-1.216401,100347.0000
1764077511638756877,2025-11-25 19:01:51.636,1.047829,2.818313,303.092175,0.042423,0.016157,0.978017,0.338023,-0.354556,9.655776,-0.000977,-0.000192,-0.000688,0.555700,-0.546333,-1.215524,100345.0000
1764077511738868822,2025-11-25 19:01:51.736,1.035195,2.823384,303.097687,0.042850,0.017001,0.978485,0.568950,0.150953,9.943685,0.003888,-0.007423,0.002962,0.554729,-0.549661,-1.214496,100365.0000
1764077511839325470,2025-11-25 19:01:51.836,1.013456,2.859846,303.097778,0.047782,0.016361,0.978635,0.852607,0.670686,9.826290,-0.000269,0.000529,0.004157,0.550880,-0.547320,-1.215919,100354.0000
1764077511941014655,2025-11-25 19:01:51.939,0.986963,2.861204,303.080521,0.047375,0.014703,0.978159,0.966097,0.360580,9.879513,-0.002297,0.005318,0.008851,0.554266,-0.546787,-1.214051,100348.0000
1764077512038623729,2025-11-25 19:01:52.036,0.971007,2.853288,303.047630,0.044961,0.014543,0.976771,0.864752,0.386840,9.889769,-0.002804,0.006522,0.005189,0.554243,-0.548261,-1.215955,100352.0000
1764077512141347025,2025-11-25 19:01:52.136,0.964055,2.845148,303.017456,0.044587,0.014235,0.975994,0.673368,-0.064030,9.814997,0.006005,0.003444,-0.001563,0.551351,-0.550174,-1.215402,100352.0000
1764077512238153506,2025-11-25 19:01:52.236,0.974459,2.830063,302.998276,0.043087,0.015348,0.977368,0.218059,0.513990,9.743201,0.011726,0.002966,0.001929,0.553771,-0.549655,-1.214000,100345.0000
1764077512339101581,2025-11-25 19:01:52.336,0.994841,2.835153,303.005726,0.041423,0.016651,0.976432,0.135426,0.445878,9.621412,0.000527,-0.003678,-0.010437,0.551378,-0.547745,-1.213513,100342.0000
1764077512438814173,2025-11-25 19:01:52.436,1.007274,2.862697,303.024418,0.045380,0.016584,0.978895,0.521358,0.162212,9.741009,-0.003089,-0.007014,-0.008907,0.554740,-0.548218,-1.214036,100342.0000
1764077512538584340,2025-11-25 19:01:52.536,0.990821,2.896585,303.036835,0.048494,0.014829,0.978847,0.471279,-0.454492,9.858907,-0.002595,-0.001127,0.002701,0.551363,-0.549199,-1.214453,100352.0000
1764077512638632562,2025-11-25 19:01:52.636,0.967578,2.891524,303.062347,0.053953,0.014929,0.979968,0.228995,0.215868,9.701290,-0.006564,0.013596,0.004334,0.553273,-0.548286,-1.216904,100346.0000
1764077512743446691,2025-11-25 19:01:52.736,0.960656,2.858377,303.100067,0.046517,0.014335,0.976749,0.132562,-0.160839,9.521461,-0.001027,0.013152,-0.004503,0.552808,-0.547302,-1.215467,100344.0000
1764077512838517210,2025-11-25 19:01:52.836,0.976656,2.812922,303.132702,0.041862,0.011959,0.974858,0.120298,0.341686,9.637928,0.002379,0.008972,-0.001920,0.554258,-0.546807,-1.215014,100347.0000
1764077512942165432,2025-11-25 19:01:52.936,1.007193,2.771678,303.122837,0.040586,0.011930,0.975689,0.818406,0.297878,9.624228,0.011547,-0.002579,0.003161,0.554237,-0.548749,-1.216429,100349.0000
1764077513038443654,2025-11-25 19:01:53.036,1.025108,2.747498,303.100029,0.038930,0.018247,0.977471,0.761859,0.443743,9.859644,0.002191,-0.007512,0.002470,0.554277,-0.546756,-1.212607,100351.0000
1764077513138812469,2025-11-25 19:01:53.136,1.027795,2.774924,303.073143,0.043047,0.016055,0.978613,0.955319,-0.207974,9.979492,-0.000915,-0.006672,0.004653,0.553287,-0.550135,-1.213986,100348.0000
1764077513238471543,2025-11-25 19:01:53.236,1.027077,2.832292,303.059830,0.044558,0.018659,0.979664,0.765934,0.505495,9.908882,-0.006682,-0.006116,-0.001874,0.553287,-0.547777,-1.215467,100350.0000
1764077513338586432,2025-11-25 19:01:53.336,1.020576,2.896448,303.070202,0.048995,0.016042,0.978384,0.489781,0.070422,9.751061,0.003476,0.000049,-0.006343,0.551353,-0.547339,-1.216890,100354.0000
1764077513438460858,2025-11-25 19:01:53.436,1.019230,2.927402,303.076054,0.049754,0.013332,0.977461,0.426326,0.001895,9.834780,0.001577,0.000589,-0.002311,0.552805,-0.548725,-1.214964,100351.0000
1764077513538542191,2025-11-25 19:01:53.536,1.032351,2.923964,303.082245,0.046727,0.013674,0.976894,0.080334,-0.512538,9.569427,-0.000509,0.004001,0.006017,0.552329,-0.549184,-1.213986,100350.0000
1764077513638399709,2025-11-25 19:01:53.636,1.041613,2.883334,303.089741,0.046419,0.017363,0.975192,0.018919,-0.060490,9.434357,0.000500,0.003981,0.010542,0.554752,-0.545829,-1.214073,100348.0000
1764077513738778839,2025-11-25 19:01:53.736,1.043256,2.840417,303.101009,0.043674,0.016752,0.975686,0.017975,0.166037,9.531545,-0.000198,-0.000120,0.002212,0.553282,-0.549678,-1.214956,100351.0000
1764077513841492654,2025-11-25 19:01:53.836,1.038635,2.847294,303.109142,0.044811,0.014903,0.977014,0.217017,0.106406,9.915069,-0.003651,-0.008580,0.002454,0.553293,-0.545877,-1.215977,100352.0000
1764077513938866191,2025-11-25 19:01:53.936,1.030267,2.876262,303.103462,0.045234,0.014812,0.979434,0.363100,-0.067715,9.787154,0.004516,-0.007178,0.011216,0.553765,-0.549198,-1.214970,100349.0000
1764077514039090950,2025-11-25 19:01:54.036,1.022840,2.913875,303.107849,0.045578,0.016210,0.977991,0.591024,0.284925,9.804780,0.005903,-0.011727,0.011322,0.554253,-0.547763,-1.214999,100345.0000
1764077514138266672,2025-11-25 19:01:54.136,1.022310,2.950447,303.124023,0.047310,0.014446,0.978112,0.418016,0.205732,9.794014,-0.002223,-0.006299,0.001201,0.553296,-0.548224,-1.214015,100344.0000
1764077514238037228,2025-11-25 19:01:54.236,1.023400,2.972102,303.138355,0.049687,0.015608,0.978218,0.763009,0.260995,9.850920,-0.006177,-0.000975,-0.001795,0.554251,-0.548240,-1.214992,100350.0000
1764077514338672561,2025-11-25 19:01:54.336,1.032370,2.955326,303.137520,0.049993,0.014480,0.977414,0.365957,0.132739,9.892324,0.003899,0.007853,0.004605,0.551842,-0.547316,-1.215934,100357.0000
1764077514438589672,2025-11-25 19:01:54.436,1.038156,2.912242,303.149673,0.046548,0.016352,0.977924,0.339575,0.076347,9.793447,0.000845,0.007376,-0.002792,0.551370,-0.547766,-1.214475,100350.0000
1764077514538524931,2025-11-25 19:01:54.536,1.040480,2.868783,303.181057,0.044564,0.015344,0.978528,0.211881,-0.116317,9.708705,-0.006186,0.007529,-0.007589,0.554277,-0.545344,-1.213592,100356.0000
1764077514638709746,2025-11-25 19:01:54.636,1.043063,2.842499,303.216637,0.043116,0.015907,0.977195,0.139837,-0.283022,9.612474,0.000508,0.000205,-0.008749,0.555715,-0.547238,-1.213102,100349.0000
1764077514738420986,2025-11-25 19:01:54.736,1.038640,2.848207,303.258106,0.042888,0.013963,0.976832,0.713816,-0.170849,10.017991,0.004482,-0.009171,0.000677,0.554739,-0.545393,-1.216006,100350.0000
1764077514838654135,2025-11-25 19:01:54.836,1.031917,2.873683,303.288029,0.045029,0.014298,0.976377,0.980825,0.331779,9.953413,-0.010839,-0.002888,0.007142,0.554764,-0.544854,-1.213125,100346.0000
1764077514938641579,2025-11-25 19:01:54.936,1.030148,2.900868,303.290279,0.042879,0.014283,0.976278,0.462854,0.171465,9.799450,-0.003676,-0.009610,-0.000414,0.556187,-0.546789,-1.214561,100348.0000
1764077515038797301,2025-11-25 19:01:55.036,1.029815,2.922192,303.294930,0.045423,0.014811,0.976732,0.163424,0.045462,9.693876,-0.003293,-0.005990,-0.007109,0.556186,-0.547734,-1.214065,100348.0000
1764077515138783320,2025-11-25 19:01:55.136,1.035817,2.937815,303.315784,0.048384,0.015295,0.980044,0.141925,0.140657,10.052610,0.006009,-0.007166,-0.008113,0.554257,-0.547753,-1.214518,100335.0000
1764077515238146486,2025-11-25 19:01:55.236,1.039581,2.927238,303.326145,0.050496,0.014501,0.978266,0.641970,-0.158875,9.842278,0.005379,-0.003044,0.000846,0.554732,-0.545880,-1.216480,100346.0000
1764077515338706394,2025-11-25 19:01:55.336,1.044501,2.890533,303.329037,0.048082,0.016060,0.977572,0.536986,0.055680,9.796988,-0.001890,0.000136,-0.004214,0.557127,-0.547313,-1.216975,100344.0000
1764077515438878393,2025-11-25 19:01:55.436,1.048090,2.851846,303.317013,0.047510,0.015651,0.976920,0.835450,0.096085,9.749579,-0.000768,0.007872,0.006401,0.558123,-0.544391,-1.214626,100342.0000
1764077515538824727,2025-11-25 19:01:55.536,1.048397,2.821214,303.296806,0.043469,0.017024,0.977650,0.297926,0.501293,9.880922,-0.000806,0.010716,0.002171,0.554724,-0.548259,-1.215962,100344.0000
1764077515638517523,2025-11-25 19:01:55.636,1.050553,2.803085,303.270966,0.038825,0.016166,0.978216,0.106241,0.461207,9.769235,-0.001095,0.002518,0.001934,0.556687,-0.545323,-1.213146,100351.0000
1764077515738688634,2025-11-25 19:01:55.736,1.043052,2.581850,303.304020,0.043506,0.018327,0.983461,0.176400,0.353843,9.840100,-0.002920,0.069438,-0.022520,0.557636,-0.544882,-1.215093,100354.0000
1764077515838824264,2025-11-25 19:01:55.836,1.017374,1.989096,303.506191,0.028964,0.013426,0.982238,0.692351,0.174069,10.062850,-0.004884,0.134438,-0.052486,0.568289,-0.542770,-1.208058,100351.0000
1764077515938903356,2025-11-25 19:01:55.936,0.972136,1.157462,303.867092,-0.003251,0.011774,0.982951,-0.122577,0.379272,9.720042,-0.012151,0.152133,-0.078650,0.577477,-0.540249,-1.203897,100354.0000
1764077516040038115,2025-11-25 19:01:56.036,0.923467,0.398014,304.352959,-0.035737,0.007262,0.982932,-0.513388,0.386629,9.922785,0.000590,0.121194,-0.102902,0.591482,-0.536751,-1.199823,100341.0000
1764077516138430375,2025-11-25 19:01:56.136,0.880946,-0.192389,304.998363,-0.059281,0.003268,0.981611,-0.914225,0.050813,9.579179,-0.002465,0.074658,-0.122671,0.601159,-0.533739,-1.195195,100350.0000
1764077516238106486,2025-11-25 19:01:56.236,0.845929,-0.480535,305.744793,-0.060753,-0.000784,0.979809,-0.532737,0.158429,9.589978,0.001522,0.027188,-0.134062,0.614669,-0.527449,-1.194527,100350.0000
1764077516338666615,2025-11-25 19:01:56.336,0.809493,-0.684227,306.529911,-0.059548,0.001673,0.977998,-1.143040,0.259831,9.678208,-0.004284,0.035857,-0.161306,0.625769,-0.523069,-1.193312,100348.0000
1764077516438820930,2025-11-25 19:01:56.436,0.788971,-1.110102,307.402851,-0.079529,-0.009842,0.975425,-0.939628,-1.524793,9.394358,0.041827,0.107338,-0.177071,0.639799,-0.512904,-1.190302,100347.0000
1764077516538954874,2025-11-25 19:01:56.536,0.805215,-1.823695,308.549377,-0.109128,0.001928,0.975575,-1.015222,0.302384,9.892870,-0.005138,0.156519,-0.256077,0.654795,-0.506027,-1.184849,100344.0000
1764077516638520522,2025-11-25 19:01:56.636,0.947622,-2.319527,309.980980,-0.147454,-0.013960,0.973142,-2.253431,0.532852,9.241443,0.027404,0.012105,-0.257914,0.675100,-0.495783,-1.179525,100348.0000
1764077516738772208,2025-11-25 19:01:56.736,1.157625,-2.119198,311.473602,-0.141010,0.005523,0.971573,-1.315755,0.375439,9.480682,0.031919,-0.092884,-0.261452,0.689114,-0.484246,-1.179425,100344.0000
1764077516838638578,2025-11-25 19:01:56.836,1.254027,-1.281443,312.948277,-0.118525,0.022875,0.965780,-1.175552,0.989956,9.964063,-0.004360,-0.187866,-0.252763,0.697798,-0.474247,-1.183077,100348.0000
1764077516938840559,2025-11-25 19:01:56.936,1.143422,-0.153669,314.374657,-0.071602,0.019828,0.960204,-0.215736,-0.277036,9.646794,-0.032394,-0.206008,-0.221636,0.699702,-0.460153,-1.194878,100345.0000
1764077517038660726,2025-11-25 19:01:57.036,0.965821,0.599928,315.948929,-0.023814,0.011808,0.973023,-0.214233,0.224967,9.625415,-0.040376,-0.103040,-0.293647,0.707426,-0.443552,-1.202469,100350.0000
1764077517141588633,2025-11-25 19:01:57.136,0.872429,0.832026,317.616215,-0.010804,-0.010011,0.975060,-0.193073,0.331160,9.508290,0.003174,-0.036362,-0.290378,0.719497,-0.427359,-1.207710,100352.0000
1764077517238030763,2025-11-25 19:01:57.236,0.933829,0.691839,319.283348,-0.010465,-0.012572,0.983425,0.394193,-1.242564,10.700717,0.023084,0.035483,-0.277806,0.735968,-0.410963,-1.204349,100350.0000
1764077517338450707,2025-11-25 19:01:57.336,1.126891,0.357851,320.946186,-0.022639,0.000748,0.991067,0.504625,0.085883,9.946153,0.036392,0.062519,-0.299369,0.755776,-0.398404,-1.202425,100350.0000
1764077517438842577,2025-11-25 19:01:57.436,1.334216,0.042597,322.642540,-0.036086,0.013518,0.985874,-0.018733,0.477028,10.103750,0.033283,0.042573,-0.303950,0.770796,-0.385337,-1.198029,100350.0000
1764077517538730837,2025-11-25 19:01:57.536,1.418781,-0.105444,324.472534,-0.039061,0.028811,0.981853,-0.823380,-0.203598,9.578960,0.012643,0.005464,-0.331010,0.788251,-0.366050,-1.193764,100344.0000
1764077517639049040,2025-11-25 19:01:57.636,1.353259,-0.044879,326.503780,-0.034787,0.033228,0.978294,-0.185386,0.259088,9.852301,-0.010405,-0.033537,-0.362695,0.803733,-0.343602,-1.197706,100348.0000
1764077517738734355,2025-11-25 19:01:57.736,1.200524,0.196953,328.696413,-0.021559,0.025076,0.973007,-0.055067,0.283794,9.880915,-0.025554,-0.064801,-0.391105,0.816817,-0.317373,-1.203114,100347.0000
1764077517841816133,2025-11-25 19:01:57.836,1.068071,0.467025,330.974968,-0.000715,0.007490,0.976811,0.355710,-0.336424,9.660600,-0.017211,-0.055112,-0.392948,0.829461,-0.289622,-1.204205,100340.0000
1764077517938816392,2025-11-25 19:01:57.936,1.037892,0.621750,333.219200,0.014549,0.003894,0.976442,0.457373,0.102271,9.758679,-0.000264,-0.018297,-0.383402,0.843507,-0.268105,-1.206667,100354.0000
1764077518038645818,2025-11-25 19:01:58.036,1.096046,0.550777,335.386955,0.019131,0.004634,0.979939,0.187360,-0.242118,9.811062,0.017804,0.030256,-0.374626,0.855199,-0.239859,-1.206788,100356.0000
1764077518138511521,2025-11-25 19:01:58.136,1.174849,0.272770,337.517859,0.009331,0.012886,0.980023,0.053622,-0.023093,9.812078,0.007409,0.054182,-0.381365,0.871706,-0.216298,-1.203538,100346.0000
1764077518238058947,2025-11-25 19:01:58.236,1.205353,-0.033912,339.696634,-0.008909,0.016364,0.978690,-0.133199,-0.173208,9.729242,-0.005786,0.038956,-0.397848,0.883901,-0.191293,-1.198801,100352.0000
1764077518338623670,2025-11-25 19:01:58.336,1.172241,-0.170758,341.974993,-0.022889,0.016228,0.978666,-0.224113,-0.154798,9.610785,-0.003998,-0.009183,-0.399543,0.896543,-0.162606,-1.200870,100352.0000
1764077518439261577,2025-11-25 19:01:58.436,1.123765,-0.049706,344.293186,-0.023198,0.014297,0.975156,-0.218982,0.024371,9.670770,-0.002079,-0.058021,-0.402451,0.902941,-0.133918,-1.201401,100350.0000
1764077518538843558,2025-11-25 19:01:58.536,1.115098,0.226152,346.590067,-0.005398,0.009878,0.979308,0.312009,-0.022072,9.852556,0.003524,-0.061978,-0.396034,0.911249,-0.104316,-1.204383,100346.0000
1764077518638447725,2025-11-25 19:01:58.636,1.158312,0.474199,348.864361,0.012069,0.011015,0.979412,0.359465,0.154976,9.860606,0.008666,-0.038558,-0.393612,0.915681,-0.076215,-1.209693,100351.0000
1764077518738949132,2025-11-25 19:01:58.736,1.212722,0.586523,351.145885,0.019146,0.013932,0.979199,-0.068206,0.139039,9.682995,0.006937,-0.007137,-0.400056,0.920157,-0.047057,-1.210204,100353.0000
1764077518838433428,2025-11-25 19:01:58.836,1.236897,0.549343,353.449658,0.018229,0.020096,0.979324,-0.210282,0.484010,9.765729,0.000384,0.001628,-0.396760,0.926064,-0.018869,-1.211684,100348.0000
1764077518940411077,2025-11-25 19:01:58.936,1.182137,0.401874,355.704002,0.014319,0.019312,0.979676,0.416992,0.223250,9.975505,-0.016936,0.018715,-0.385022,0.930564,0.010350,-1.209306,100344.0000
1764077519038991354,2025-11-25 19:01:59.036,1.070505,0.221089,357.885763,0.008540,0.014084,0.981639,0.277062,0.053330,9.899901,-0.023073,0.029363,-0.375459,0.935058,0.039559,-1.207410,100347.0000
1764077519138549132,2025-11-25 19:01:59.136,0.958489,0.082378,0.031727,-0.004238,0.007385,0.976990,-0.393735,0.129585,9.559416,-0.019107,0.007375,-0.372261,0.938570,0.068235,-1.207899,100349.0000
1764077519237962317,2025-11-25 19:01:59.236,0.905740,0.042003,2.184950,-0.009502,0.004170,0.975326,-0.436577,0.072397,9.675948,-0.004424,-0.021516,-0.379075,0.938252,0.097889,-1.206421,100352.0000
1764077519340390391,2025-11-25 19:01:59.336,0.935472,0.096943,4.353523,-0.002594,0.003440,0.976047,0.571310,-0.053244,9.948463,0.012593,-0.023256,-0.379966,0.936471,0.127486,-1.207328,100345.0000
1764077519438688873,2025-11-25 19:01:59.436,1.022225,0.201086,6.502411,0.000712,0.008061,0.977211,0.163173,-0.163994,9.935747,0.021110,-0.019103,-0.370320,0.933685,0.153664,-1.211539,100350.0000
1764077519538673724,2025-11-25 19:01:59.536,1.113571,0.309203,8.598507,0.004531,0.014863,0.979022,0.013129,-0.049132,9.749678,0.004302,-0.014390,-0.360698,0.929492,0.180405,-1.211403,100345.0000
1764077519639042743,2025-11-25 19:01:59.636,1.149220,0.378446,10.675613,0.006574,0.021696,0.979817,-0.101192,0.188912,9.667966,-0.000047,-0.012824,-0.358902,0.925760,0.206151,-1.213186,100350.0000
1764077519738735243,2025-11-25 19:01:59.736,1.097237,0.395196,12.788316,0.010776,0.022835,0.982307,0.304602,-0.274390,9.769682,-0.011964,-0.011365,-0.373946,0.921064,0.232361,-1.215443,100348.0000
1764077519838609909,2025-11-25 19:01:59.836,0.990110,0.370148,14.951179,0.009777,0.017188,0.981053,0.000736,0.317981,9.832431,-0.018276,0.001601,-0.380231,0.913045,0.261504,-1.213843,100346.0000
1764077519938916243,2025-11-25 19:01:59.936,0.880784,0.320721,17.107790,0.008188,0.010519,0.978400,0.028006,0.401759,9.676889,-0.021085,0.008097,-0.374795,0.910768,0.288700,-1.215188,100346.0000
1764077520038852298,2025-11-25 19:02:00.036,0.824590,0.252943,19.210781,0.005320,0.003119,0.977559,0.224552,0.080810,9.866112,-0.009449,-0.002546,-0.363738,0.901800,0.317401,-1.211641,100348.0000
1764077520138779798,2025-11-25 19:02:00.136,0.855019,0.190650,21.288326,0.004808,0.003962,0.976104,0.319229,0.135538,9.832180,0.012123,0.005522,-0.366414,0.893278,0.343655,-1.210953,100353.0000
1764077520238019113,2025-11-25 19:02:00.236,0.922885,0.153070,23.394913,0.001716,0.009923,0.976494,-0.112568,0.342699,9.646486,0.020196,0.006628,-0.372324,0.881859,0.370811,-1.212163,100346.0000
1764077520340132372,2025-11-25 19:02:00.336,0.973269,0.158806,25.538536,-0.001559,0.017137,0.976964,-0.096138,-0.056747,9.665511,0.012912,-0.011175,-0.369982,0.873777,0.391771,-1.213327,100347.0000
1764077520438745539,2025-11-25 19:02:00.436,0.972843,0.200509,27.666224,0.001635,0.017601,0.979854,-0.208195,-0.382874,9.826515,-0.005752,-0.017652,-0.362043,0.863796,0.417977,-1.214543,100348.0000
1764077520538840224,2025-11-25 19:02:00.536,0.929894,0.249740,29.748568,0.004793,0.016063,0.980325,0.195277,0.189262,9.749372,-0.013488,-0.017159,-0.362279,0.850934,0.443714,-1.214746,100348.0000
1764077520639222001,2025-11-25 19:02:00.636,0.851407,0.301952,31.838879,0.005637,0.014490,0.979398,0.018030,0.257555,9.736463,-0.012227,-0.012960,-0.363217,0.835170,0.467984,-1.215848,100357.0000
1764077520738872131,2025-11-25 19:02:00.736,0.786761,0.320285,33.949924,0.009698,0.008489,0.978690,0.141461,-0.390293,9.721427,-0.004848,-0.008464,-0.362785,0.821820,0.491817,-1.215533,100345.0000
1764077520840600612,2025-11-25 19:02:00.836,0.782671,0.297636,36.066296,0.012118,0.009643,0.978609,0.186545,-0.001631,9.857946,0.000305,0.004540,-0.370897,0.804102,0.511759,-1.217503,100342.0000
1764077520938844538,2025-11-25 19:02:00.936,0.825068,0.240890,38.171478,0.010574,0.011216,0.977874,0.275787,0.257637,9.697690,0.008750,0.007559,-0.368328,0.790287,0.537044,-1.216241,100347.0000
1764077521038951075,2025-11-25 19:02:01.036,0.873365,0.182299,40.272850,0.003156,0.012575,0.978058,-0.264624,0.533097,9.659324,0.009326,0.002569,-0.365876,0.775001,0.557535,-1.215366,100350.0000
1764077521138385853,2025-11-25 19:02:01.136,0.886580,0.170221,42.386955,-0.000639,0.017560,0.978948,-0.038229,0.227870,9.850606,-0.004843,-0.013084,-0.367104,0.755844,0.580783,-1.218810,100344.0000
1764077521238359038,2025-11-25 19:02:01.236,0.843512,0.210221,44.495926,0.001379,0.018421,0.979548,0.027244,-0.154788,9.873937,-0.008433,-0.015427,-0.366663,0.736721,0.599875,-1.215448,100355.0000
1764077521338155186,2025-11-25 19:02:01.336,0.768772,0.282101,46.594105,0.007239,0.018369,0.979026,0.174073,0.216829,9.799458,-0.014865,-0.015465,-0.366974,0.719973,0.619842,-1.216470,100348.0000
1764077521439261038,2025-11-25 19:02:01.436,0.702676,0.328941,48.681740,0.010561,0.008994,0.978222,-0.018994,0.277327,9.723589,-0.006421,-0.007215,-0.362371,0.698443,0.640335,-1.214058,100343.0000
1764077521538629056,2025-11-25 19:02:01.536,0.682029,0.313161,50.775314,0.013295,0.005559,0.978017,0.192623,-0.020456,9.789330,0.005461,0.008274,-0.361565,0.677359,0.660740,-1.215985,100349.0000
1764077521639227853,2025-11-25 19:02:01.636,0.721340,0.241948,52.843266,0.009146,0.007382,0.976826,-0.133690,-0.161848,9.687415,0.016786,0.011334,-0.347899,0.659158,0.676431,-1.215475,100346.0000
1764077521739492390,2025-11-25 19:02:01.736,0.800926,0.188967,54.806679,0.002987,0.010643,0.977056,-0.212353,0.122798,9.630561,0.020325,-0.003779,-0.328907,0.636626,0.691158,-1.214405,100347.0000
1764077521838896742,2025-11-25 19:02:01.836,0.873040,0.142983,56.630093,0.002208,0.015346,0.980393,0.139390,0.230924,9.843962,0.008488,0.001917,-0.301939,0.617908,0.704398,-1.216739,100354.0000
1764077521938477408,2025-11-25 19:02:01.936,0.901270,0.210774,58.275337,-0.003766,0.018657,0.976651,-0.127797,0.729193,9.577120,0.001654,-0.036581,-0.270366,0.599188,0.716214,-1.218571,100354.0000
1764077522038674834,2025-11-25 19:02:02.036,0.880015,0.607280,59.777004,0.002779,0.021155,0.973166,0.239464,0.549233,9.768604,-0.010354,-0.113282,-0.257634,0.579970,0.727988,-1.222320,100344.0000
1764077522141255241,2025-11-25 19:02:02.136,0.810429,1.333846,61.170197,0.036640,0.013796,0.973011,0.326418,-0.017153,9.682501,-0.005433,-0.159180,-0.213689,0.556905,0.737865,-1.224539,100351.0000
1764077522239479575,2025-11-25 19:02:02.236,0.743278,2.506194,62.149120,0.081866,0.007197,0.968836,1.920586,0.362808,10.086088,-0.011869,-0.242462,-0.114255,0.535708,0.742414,-1.230558,100347.0000
1764077522340675038,2025-11-25 19:02:02.336,0.717069,3.871559,62.619884,0.150012,0.007545,0.974882,2.003737,0.285341,10.168294,-0.010090,-0.202533,-0.049759,0.515469,0.746957,-1.237071,100350.0000
1764077522438881593,2025-11-25 19:02:02.436,0.707611,4.677312,62.961342,0.204323,0.009704,0.977503,2.443280,0.406048,9.527295,-0.004551,-0.058705,-0.066702,0.504843,0.750101,-1.244187,100350.0000
1764077522538951667,2025-11-25 19:02:02.536,0.697635,4.672702,63.418095,0.212344,0.007547,0.975521,1.451466,0.525544,9.655703,-0.007437,0.068354,-0.084844,0.497187,0.752536,-1.240259,100345.0000
1764077522638881741,2025-11-25 19:02:02.636,0.670123,4.081210,63.958466,0.187500,0.006423,0.970090,1.282264,-0.256630,9.656504,-0.013154,0.126621,-0.097938,0.500103,0.754510,-1.237924,100345.0000
1764077522738784074,2025-11-25 19:02:02.736,0.642885,3.305804,64.506020,0.145910,0.007504,0.967717,0.844871,0.546342,9.527352,-0.016109,0.124740,-0.095256,0.498716,0.758895,-1.233636,100354.0000
1764077522840244963,2025-11-25 19:02:02.836,0.642817,2.723557,64.979416,0.108562,0.001729,0.967003,0.301178,0.419946,9.725120,0.001869,0.059727,-0.071822,0.500194,0.762764,-1.231790,100349.0000
1764077522938739593,2025-11-25 19:02:02.936,0.671835,2.568954,65.334503,0.088389,0.003625,0.967080,0.513136,-0.496985,9.701530,0.006944,-0.017660,-0.057876,0.497323,0.765149,-1.231303,100356.0000
1764077523038428426,2025-11-25 19:02:03.036,0.717928,2.817528,65.570114,0.093177,0.008666,0.971790,1.443166,0.093769,9.990880,0.010244,-0.066288,-0.033963,0.492047,0.764698,-1.228810,100352.0000
1764077523138891593,2025-11-25 19:02:03.136,0.766682,3.304489,65.683304,0.101900,0.011511,0.973192,0.791558,0.474651,9.779443,0.008367,-0.098635,-0.002625,0.484783,0.763599,-1.233984,100353.0000
1764077523238999426,2025-11-25 19:02:03.236,0.802906,3.876563,65.674080,0.129091,0.015187,0.978587,1.565906,-0.261863,10.358234,0.002836,-0.087323,0.014085,0.479934,0.763007,-1.238238,100354.0000
1764077523339049555,2025-11-25 19:02:03.336,0.821800,4.308419,65.609543,0.144608,0.021208,0.976290,2.428542,0.551838,10.448074,-0.002981,-0.056561,0.011535,0.476556,0.764852,-1.240625,100351.0000
1764077523438628074,2025-11-25 19:02:03.436,0.818280,4.342153,65.564888,0.151356,0.018570,0.974611,1.795545,-0.013976,9.946980,-0.002757,0.031572,-0.000505,0.477509,0.763891,-1.241106,100350.0000
1764077523538659574,2025-11-25 19:02:03.536,0.811355,3.885263,65.554916,0.129866,0.014042,0.972086,0.615728,0.129277,9.164462,0.002694,0.103557,-0.008667,0.482329,0.763933,-1.240214,100348.0000
1764077523638716352,2025-11-25 19:02:03.636,0.818971,3.163552,65.493713,0.090300,0.011663,0.973418,-0.043387,-0.013137,9.201480,0.006383,0.131496,0.016593,0.489617,0.763682,-1.231167,100350.0000
1764077523738681537,2025-11-25 19:02:03.736,0.843027,2.533453,65.284363,0.044047,0.016582,0.976540,-0.014685,-0.047681,9.658243,0.011248,0.082758,0.045774,0.498754,0.760409,-1.229807,100342.0000
1764077523838581166,2025-11-25 19:02:03.836,0.848887,2.247338,64.928299,0.019017,0.023359,0.978045,0.282812,0.037983,9.650884,0.006010,0.014250,0.067791,0.505009,0.760438,-1.229899,100346.0000
1764077523938283907,2025-11-25 19:02:03.936,0.820734,2.337645,64.470535,0.019398,0.024107,0.979793,0.190064,0.346649,9.309898,-0.003469,-0.040852,0.084735,0.513177,0.759031,-1.230480,100349.0000
1764077524038514629,2025-11-25 19:02:04.036,0.796785,2.622175,63.935619,0.039297,0.020897,0.977489,1.026468,0.044484,9.555996,0.006727,-0.051849,0.105287,0.514603,0.754749,-1.229953,100349.0000
1764077524138792407,2025-11-25 19:02:04.136,0.813771,2.914809,63.314255,0.059513,0.021309,0.975000,1.231743,0.168027,9.766391,0.016502,-0.037922,0.118965,0.517920,0.751328,-1.234285,100352.0000
1764077524238311499,2025-11-25 19:02:04.236,0.883127,3.040783,62.575703,0.066152,0.028592,0.977576,-0.541722,0.245995,10.166577,0.032106,0.009695,0.142553,0.523185,0.746565,-1.234771,100346.0000
1764077524339270907,2025-11-25 19:02:04.336,0.935471,2.989540,61.770679,0.064550,0.042342,0.978644,0.922761,0.359946,9.714849,0.005896,0.007677,0.141715,0.534184,0.737010,-1.237195,100352.0000
1764077524438709666,2025-11-25 19:02:04.436,0.900743,2.801548,60.969780,0.069860,0.044621,0.979947,1.533522,0.539924,9.589270,-0.007507,0.051629,0.140397,0.547184,0.734264,-1.234455,100348.0000
1764077524538479740,2025-11-25 19:02:04.536,0.792586,2.531527,60.194839,0.050340,0.032882,0.976161,-1.420911,0.322179,9.620740,-0.009659,0.057116,0.135084,0.558263,0.730574,-1.230709,100353.0000
1764077524638815258,2025-11-25 19:02:04.636,0.716354,2.307704,59.378742,0.040730,0.022766,0.971949,1.222328,0.670232,9.486222,0.006049,0.030653,0.151755,0.570268,0.724438,-1.229829,100356.0000
1764077524739253906,2025-11-25 19:02:04.736,0.742927,2.265327,58.454803,0.023341,0.023191,0.975905,-0.363706,0.241361,9.756946,0.022290,-0.018300,0.168758,0.581308,0.719233,-1.229912,100355.0000
1764077524840512110,2025-11-25 19:02:04.836,0.829457,2.370362,57.444717,0.031685,0.038584,0.982981,0.788446,0.359988,9.796799,0.025921,-0.003402,0.166586,0.589434,0.710642,-1.231345,100348.0000
1764077524938766684,2025-11-25 19:02:04.936,0.863363,2.301476,56.506947,0.033445,0.046151,0.987473,-0.599085,0.179936,9.575130,0.015808,0.049945,0.150453,0.601394,0.701558,-1.234272,100349.0000
1764077525038843684,2025-11-25 19:02:05.036,0.800897,1.884223,55.643303,0.036162,0.038965,0.981454,0.907296,0.235926,9.917113,-0.011890,0.084187,0.161731,0.613899,0.694531,-1.230496,100356.0000
1764077525138933054,2025-11-25 19:02:05.136,0.716734,1.584802,54.694611,0.016048,0.025723,0.968432,-0.065302,-0.165020,10.087638,0.006209,0.034509,0.180276,0.625952,0.691821,-1.225816,100342.0000
1764077525238033684,2025-11-25 19:02:05.236,0.711869,1.791586,53.587902,0.008156,0.022580,0.964461,0.895442,0.382545,10.182167,0.020028,-0.061232,0.217771,0.638870,0.680374,-1.227758,100345.0000
1764077525341204684,2025-11-25 19:02:05.336,0.812185,2.368262,52.287731,0.023323,0.032621,0.971226,0.426297,0.082346,9.874576,0.045838,-0.095970,0.239751,0.645980,0.666452,-1.232466,100356.0000
1764077525439992128,2025-11-25 19:02:05.436,0.945852,2.964400,50.926563,0.051208,0.052733,0.982578,1.540281,1.021755,9.706928,0.026619,-0.086068,0.237867,0.653088,0.656768,-1.240128,100347.0000
1764077525538477387,2025-11-25 19:02:05.536,0.987722,3.293209,49.598690,0.071461,0.059347,0.986672,-0.128366,0.807785,9.577080,0.009390,-0.033481,0.219346,0.661660,0.645261,-1.243932,100350.0000
1764077525641088036,2025-11-25 19:02:05.636,0.890223,3.249017,48.365429,0.090564,0.058426,0.980630,1.153016,0.351199,9.722501,-0.020032,0.049639,0.208367,0.674102,0.632410,-1.244400,100354.0000
1764077525742643073,2025-11-25 19:02:05.736,0.703573,2.939377,47.217464,0.066905,0.041766,0.968315,0.971067,0.876258,9.812819,-0.017952,0.073234,0.193887,0.688051,0.623976,-1.239661,100351.0000
1764077525838603295,2025-11-25 19:02:05.836,0.563952,2.606146,46.089230,0.044663,0.020817,0.964708,0.613894,0.490408,9.926954,0.003492,0.043599,0.195142,0.701033,0.615996,-1.235877,100351.0000
1764077525939146035,2025-11-25 19:02:05.936,0.573294,2.475116,44.923290,0.027739,0.024243,0.972621,0.685199,0.628392,10.055625,0.033612,-0.000645,0.206469,0.713486,0.605533,-1.236383,100352.0000
1764077526041302146,2025-11-25 19:02:06.036,0.713920,2.587586,43.733608,0.024366,0.037120,0.985964,0.321797,0.421556,10.159259,0.040530,-0.047428,0.209860,0.723035,0.590768,-1.236298,100354.0000
1764077526138456943,2025-11-25 19:02:06.136,0.865496,2.865329,42.542202,0.035476,0.052673,0.990639,-0.532912,-0.264695,9.559212,0.037322,-0.061828,0.213326,0.730657,0.579287,-1.238643,100343.0000
1764077526237913720,2025-11-25 19:02:06.236,0.913926,3.178613,41.337467,0.053738,0.062702,0.986960,0.431748,0.410634,9.920928,0.001569,-0.029610,0.216769,0.736789,0.563907,-1.244277,100348.0000
1764077526340492683,2025-11-25 19:02:06.336,0.814630,3.378869,40.141426,0.062521,0.056041,0.973866,1.395186,1.136979,9.621137,-0.021318,-0.017895,0.209928,0.744913,0.555783,-1.246199,100346.0000
1764077526438794831,2025-11-25 19:02:06.436,0.623788,3.372095,38.983795,0.066315,0.035522,0.963044,0.294996,0.476362,9.460714,-0.019350,-0.001763,0.203496,0.755458,0.543939,-1.243766,100357.0000
1764077526538608961,2025-11-25 19:02:06.536,0.473203,3.211084,37.879673,0.066867,0.023181,0.960986,-0.058315,-0.147440,9.447591,0.003308,0.044196,0.186140,0.765521,0.534919,-1.243295,100350.0000
1764077526638551646,2025-11-25 19:02:06.636,0.464216,3.013225,36.846638,0.054274,0.018161,0.967037,1.090558,-0.093889,9.855844,0.017046,0.039047,0.175031,0.774602,0.520661,-1.241767,100349.0000
1764077526738802276,2025-11-25 19:02:06.736,0.575600,2.870571,35.882767,0.047314,0.026876,0.980240,0.925245,0.714678,9.747283,0.022584,0.019412,0.157652,0.784178,0.509738,-1.240777,100350.0000
1764077526838722257,2025-11-25 19:02:06.836,0.718336,2.799400,34.972782,0.047765,0.042173,0.992598,1.007090,1.170877,9.997508,0.030249,0.015540,0.154438,0.791348,0.497859,-1.239257,100352.0000
1764077526939047201,2025-11-25 19:02:06.936,0.793260,2.799448,34.098583,0.046012,0.050028,0.992737,0.829026,1.041145,9.913646,0.020663,0.002699,0.155404,0.797062,0.489713,-1.241625,100354.0000
1764077527041053609,2025-11-25 19:02:07.036,0.750377,2.822375,33.211121,0.049989,0.050682,0.986353,0.549321,0.645943,9.936111,-0.003122,-0.006474,0.158513,0.801316,0.479162,-1.244416,100354.0000
1764077527138623238,2025-11-25 19:02:07.136,0.616405,2.800104,32.275356,0.052225,0.044940,0.976442,0.013634,0.051158,9.964149,-0.016035,0.025808,0.169691,0.807561,0.470207,-1.240037,100352.0000
1764077527239326664,2025-11-25 19:02:07.236,0.462067,2.729335,31.302057,0.044278,0.035883,0.968290,1.543833,0.403612,9.740992,-0.009088,0.022656,0.179347,0.817135,0.461163,-1.240521,100348.0000
1764077527341080923,2025-11-25 19:02:07.336,0.355603,2.632296,30.306599,0.036197,0.023666,0.967145,0.065555,0.409964,9.421031,-0.002083,0.019751,0.181808,0.825743,0.450694,-1.240488,100348.0000
1764077527438734294,2025-11-25 19:02:07.436,0.339904,2.612522,29.292253,0.022676,0.020612,0.966055,-0.131522,0.947791,9.637852,0.021671,-0.011638,0.181774,0.832913,0.437402,-1.237983,100351.0000
1764077527538872405,2025-11-25 19:02:07.536,0.420412,2.711112,28.290180,0.024639,0.017712,0.974453,0.739079,0.443670,9.899785,0.028958,-0.034159,0.177216,0.836692,0.424979,-1.238812,100350.0000
1764077527638786460,2025-11-25 19:02:07.636,0.568489,2.930900,27.329819,0.032482,0.028879,0.980665,0.689388,0.433228,9.706513,0.038394,-0.038817,0.167975,0.837091,0.412979,-1.241524,100355.0000
1764077527738762164,2025-11-25 19:02:07.736,0.701829,3.180610,26.464966,0.048865,0.038431,0.984627,1.041995,0.863210,9.639009,0.031035,-0.027977,0.136070,0.840831,0.400454,-1.247168,100349.0000
1764077527838713145,2025-11-25 19:02:07.836,0.770024,3.354707,25.678576,0.064590,0.041178,0.984422,0.976095,0.455543,9.697705,0.016886,-0.005979,0.129195,0.841720,0.391778,-1.250901,100355.0000
1764077527938607608,2025-11-25 19:02:07.936,0.775672,3.368635,24.973566,0.072821,0.039563,0.982412,0.682782,-0.144977,9.733615,0.003004,0.030921,0.120552,0.847453,0.381326,-1.249381,100355.0000
1764077528038363442,2025-11-25 19:02:08.036,0.734356,3.177813,24.351200,0.069245,0.035773,0.978578,0.664898,0.557739,9.670825,0.003162,0.053443,0.110069,0.854194,0.378541,-1.247030,100352.0000
1764077528138419978,2025-11-25 19:02:08.136,0.686577,2.843320,23.785851,0.055997,0.032205,0.971878,0.596677,0.760808,9.276863,-0.001913,0.060476,0.099270,0.857563,0.369603,-1.241164,100350.0000
1764077528238061793,2025-11-25 19:02:08.236,0.657454,2.511364,23.244986,0.036949,0.027024,0.972841,-0.002045,0.401435,9.268681,0.004224,0.049060,0.086542,0.865263,0.363042,-1.236843,100352.0000
1764077528338771330,2025-11-25 19:02:08.336,0.647514,2.308897,22.715593,0.027320,0.023213,0.977081,0.038199,-0.103646,9.900345,0.008825,0.026033,0.098891,0.867637,0.356843,-1.236783,100352.0000
1764077528438536034,2025-11-25 19:02:08.436,0.657941,2.288464,22.195505,0.020037,0.025969,0.975456,0.791967,0.717206,10.171241,0.005594,-0.006464,0.089677,0.872880,0.348248,-1.237692,100352.0000
1764077528538665312,2025-11-25 19:02:08.536,0.651908,2.380523,21.705324,0.025106,0.033573,0.976863,-0.127006,0.748418,9.563082,-0.010856,-0.028063,0.066761,0.875721,0.341543,-1.239077,100349.0000
1764077528638978015,2025-11-25 19:02:08.636,0.621194,2.492083,21.262587,0.035555,0.024103,0.982112,0.752238,-0.605454,9.898592,0.007241,-0.017779,0.078635,0.875221,0.337719,-1.239011,100358.0000
1764077528739914034,2025-11-25 19:02:08.736,0.579206,2.575721,20.858749,0.039279,0.026459,0.977923,-0.045025,0.274902,9.901487,-0.000613,-0.008096,0.067690,0.876645,0.332959,-1.238478,100344.0000
1764077528838695126,2025-11-25 19:02:08.836,0.546817,2.580051,20.517179,0.039804,0.022931,0.976929,-0.223798,0.138618,9.543351,-0.005327,0.007618,0.048844,0.878561,0.328232,-1.236508,100348.0000
1764077528939200552,2025-11-25 19:02:08.936,0.540696,2.559466,20.229549,0.039738,0.019381,0.977760,0.762428,0.239816,9.903235,0.003389,0.002745,0.052050,0.879977,0.325809,-1.238418,100352.0000
1764077529038746608,2025-11-25 19:02:09.036,0.569844,2.547451,19.989067,0.040988,0.018160,0.976485,0.846235,-0.038301,9.743113,0.010380,0.008124,0.043169,0.879949,0.321022,-1.238826,100354.0000
1764077529138628070,2025-11-25 19:02:09.136,0.615452,2.544389,19.798187,0.038038,0.021411,0.976263,0.083954,0.425745,9.765737,0.012527,0.005938,0.030218,0.878984,0.320540,-1.238804,100349.0000
1764077529238139830,2025-11-25 19:02:09.236,0.645793,2.547305,19.650986,0.037224,0.021529,0.976447,-0.066423,0.347702,9.729532,0.007781,0.002335,0.018318,0.881380,0.317695,-1.238315,100356.0000
1764077529338742441,2025-11-25 19:02:09.336,0.649508,2.524329,19.532421,0.039801,0.022827,0.978690,0.070226,0.393909,9.698509,-0.004959,0.003912,0.015751,0.883767,0.314829,-1.238788,100346.0000
1764077529442447978,2025-11-25 19:02:09.436,0.616815,2.457012,19.444363,0.039265,0.022166,0.979920,0.632823,0.238274,9.823851,-0.003776,0.014835,0.012267,0.880869,0.313373,-1.239205,100346.0000
1764077529539121552,2025-11-25 19:02:09.536,0.569792,2.386813,19.374350,0.035488,0.018472,0.979329,0.465688,0.234250,9.758694,-0.000325,0.012670,0.013805,0.880906,0.315355,-1.235864,100350.0000
1764077529638702996,2025-11-25 19:02:09.636,0.523762,2.327762,19.333841,0.031567,0.015680,0.979772,0.008235,0.005861,9.791461,-0.003423,0.011884,0.003503,0.885713,0.314422,-1.235921,100352.0000
1764077529738901644,2025-11-25 19:02:09.736,0.505268,2.284380,19.337336,0.030892,0.010066,0.980833,0.310554,-0.290674,9.641994,-0.002011,0.010727,-0.004609,0.885251,0.316828,-1.234987,100346.0000
1764077529838831829,2025-11-25 19:02:09.836,0.557540,2.279754,19.367287,0.026040,0.006503,0.977798,0.052413,0.287522,9.595480,0.015971,-0.003901,0.002774,0.886672,0.313003,-1.235431,100350.0000
1764077529938734070,2025-11-25 19:02:09.936,0.643388,2.288998,19.413851,0.037009,0.015114,0.978878,0.564173,0.048516,9.785761,0.012716,-0.003567,0.002854,0.883806,0.314931,-1.233974,100351.0000
1764077530038824181,2025-11-25 19:02:10.036,0.688468,2.248538,19.474174,0.038049,0.021056,0.976493,0.330615,0.104598,9.643526,-0.003831,0.008019,-0.001784,0.882830,0.314419,-1.235396,100351.0000
1764077530138763792,2025-11-25 19:02:10.136,0.650564,2.154217,19.574724,0.032773,0.023302,0.975200,0.312675,0.290426,9.679618,-0.016785,0.016929,-0.020925,0.884279,0.314913,-1.234944,100348.0000
1764077530239161774,2025-11-25 19:02:10.236,0.548415,2.077447,19.726492,0.024035,0.017664,0.975995,0.187903,0.492919,9.516477,-0.023225,0.012099,-0.028504,0.886729,0.318339,-1.231661,100350.0000
1764077530338809811,2025-11-25 19:02:10.336,0.439658,2.046160,19.909330,0.021339,0.007695,0.977445,0.226813,0.138976,9.630752,-0.015755,-0.008780,-0.029075,0.884341,0.318847,-1.229707,100347.0000
1764077530438681144,2025-11-25 19:02:10.436,0.396499,2.069018,20.094021,0.023506,0.002433,0.978362,0.530209,0.143545,9.859940,-0.000192,-0.010047,-0.035867,0.883376,0.323548,-1.233136,100344.0000
1764077530538592051,2025-11-25 19:02:10.536,0.448015,2.100349,20.300615,0.025321,0.000754,0.978672,0.159832,-0.294888,9.876884,0.008285,-0.003001,-0.042087,0.883409,0.327878,-1.231757,100356.0000
1764077530638812551,2025-11-25 19:02:10.636,0.555900,2.135408,20.519897,0.030920,0.006540,0.979685,0.759570,0.131405,9.980587,0.024528,-0.004117,-0.039289,0.883412,0.329300,-1.232261,100343.0000
1764077530739366329,2025-11-25 19:02:10.736,0.673234,2.159820,20.741179,0.027820,0.010451,0.979484,0.313251,0.265144,9.778543,0.017241,-0.008110,-0.034529,0.881964,0.328338,-1.232225,100347.0000
1764077530838476199,2025-11-25 19:02:10.836,0.752820,2.149994,20.952791,0.033594,0.018474,0.979946,-0.019218,0.340346,9.877851,0.009534,0.003833,-0.038006,0.880518,0.330212,-1.233677,100346.0000
1764077530938975477,2025-11-25 19:02:10.936,0.755814,2.092501,21.171499,0.031176,0.020261,0.976882,0.178157,0.301003,9.863995,-0.008932,0.010074,-0.039835,0.880540,0.333099,-1.232758,100354.0000
1764077531038821921,2025-11-25 19:02:11.036,0.691331,2.003286,21.392538,0.027382,0.017672,0.975492,0.232901,0.335807,9.855470,-0.018402,0.012734,-0.042763,0.879132,0.337900,-1.231366,100350.0000
1764077531138935217,2025-11-25 19:02:11.136,0.602027,1.944546,21.612331,0.021951,0.010829,0.974949,0.004493,0.366769,9.853392,-0.011929,0.002760,-0.029833,0.881067,0.340764,-1.231920,100350.0000
1764077531238348032,2025-11-25 19:02:11.236,0.527873,1.948220,21.848566,0.021661,0.007199,0.978311,0.244247,0.259161,9.593458,-0.004352,-0.005880,-0.040737,0.877731,0.345546,-1.230980,100347.0000
1764077531338780884,2025-11-25 19:02:11.336,0.495989,1.993314,22.108683,0.023945,0.002674,0.982029,0.224675,0.095455,9.868819,0.000679,-0.006369,-0.053497,0.876310,0.347014,-1.229056,100353.0000
1764077531438783958,2025-11-25 19:02:11.436,0.525988,2.045305,22.357801,0.026224,0.003540,0.982187,0.119455,0.251341,9.892553,0.002000,-0.006226,-0.056138,0.877256,0.349802,-1.232964,100354.0000
1764077531541192199,2025-11-25 19:02:11.536,0.611230,2.045354,22.586056,0.029524,0.005803,0.979268,0.029783,0.085091,10.030609,0.015606,0.002494,-0.041612,0.872474,0.352687,-1.231012,100350.0000
1764077531638648162,2025-11-25 19:02:11.636,0.711504,2.004394,22.828455,0.028190,0.011266,0.976231,0.363209,0.218696,9.547573,0.024494,0.007751,-0.037746,0.872007,0.355551,-1.231049,100357.0000
1764077531738829939,2025-11-25 19:02:11.736,0.789694,1.961691,23.090673,0.024326,0.017514,0.976816,0.337347,-0.430629,9.534032,0.008465,0.004389,-0.050040,0.873466,0.357956,-1.230625,100352.0000
1764077531839025958,2025-11-25 19:02:11.836,0.814473,1.967993,23.365923,0.023644,0.019465,0.977136,0.140630,0.530713,10.035179,-0.005516,-0.009730,-0.042969,0.871570,0.361322,-1.229204,100352.0000
1764077531938521735,2025-11-25 19:02:11.936,0.786688,2.025684,23.654026,0.021450,0.016497,0.975828,0.208417,0.070236,9.628895,-0.006276,-0.018700,-0.035346,0.868173,0.361703,-1.233013,100352.0000
1764077532038823291,2025-11-25 19:02:12.036,0.722726,2.137207,23.940863,0.024878,0.017137,0.977253,0.041249,0.179906,9.519000,-0.017590,-0.029776,-0.054867,0.867259,0.371252,-1.233145,100346.0000
1764077532138635087,2025-11-25 19:02:12.136,0.659895,2.266451,24.222519,0.034996,0.009763,0.978304,0.257282,0.489305,9.786092,-0.012330,-0.017897,-0.049248,0.864371,0.371707,-1.233591,100356.0000
1764077532238029106,2025-11-25 19:02:12.236,0.635361,2.332515,24.517740,0.036746,0.005434,0.979985,0.216085,-0.390673,9.640153,-0.003260,-0.006716,-0.047820,0.861985,0.376463,-1.234110,100348.0000
1764077532338604976,2025-11-25 19:02:12.336,0.645378,2.325856,24.833071,0.038069,0.011137,0.980130,0.065928,0.492441,9.887591,-0.000345,0.006273,-0.063379,0.861520,0.379804,-1.234154,100352.0000
1764077532438430476,2025-11-25 19:02:12.436,0.666624,2.262966,25.157106,0.038264,0.006535,0.976784,0.306669,0.325190,9.665243,0.009798,0.012808,-0.047600,0.859614,0.382672,-1.233688,100357.0000
1764077532539076902,2025-11-25 19:02:12.536,0.676148,2.173785,25.486311,0.031267,0.015132,0.979319,0.146002,-0.110360,9.961748,-0.009990,0.011744,-0.066506,0.861093,0.385128,-1.230858,100349.0000
1764077532639759513,2025-11-25 19:02:12.636,0.676677,2.097264,25.812664,0.030303,0.006455,0.977741,0.095215,-0.022870,9.701957,0.000432,0.015584,-0.041650,0.857753,0.392258,-1.231881,100350.0000
1764077532741879402,2025-11-25 19:02:12.736,0.664603,2.067312,26.156279,0.027924,0.016674,0.979053,0.507309,0.116211,9.884813,-0.003120,0.007276,-0.066075,0.858246,0.395593,-1.232420,100343.0000
1764077532838611753,2025-11-25 19:02:12.836,0.663117,2.071602,26.524881,0.026546,0.005715,0.975935,0.239352,0.584315,9.872063,0.010664,-0.008958,-0.051809,0.854426,0.399895,-1.231467,100350.0000
1764077532939016327,2025-11-25 19:02:12.936,0.670817,2.117138,26.911880,0.027845,0.013939,0.979369,0.107755,-0.077190,9.647260,-0.006683,-0.014187,-0.081026,0.854944,0.405650,-1.230599,100349.0000
1764077533038605401,2025-11-25 19:02:13.036,0.707997,2.176687,27.275219,0.033011,0.004888,0.977764,0.292368,0.488306,9.753375,0.008615,-0.014627,-0.055073,0.850124,0.407021,-1.232475,100353.0000
1764077533138823438,2025-11-25 19:02:13.136,0.744581,2.197995,27.642797,0.037043,0.009699,0.978999,0.679965,-0.182339,9.562867,0.008219,0.002133,-0.060454,0.847252,0.412231,-1.233957,100354.0000
1764077533239085087,2025-11-25 19:02:13.236,0.778367,2.177060,28.008875,0.036801,0.014336,0.979972,0.266874,0.274921,10.056396,-0.002482,0.009598,-0.077144,0.846310,0.415581,-1.233513,100348.0000
1764077533339103568,2025-11-25 19:02:13.336,0.793460,2.145766,28.400190,0.033728,0.008943,0.974416,0.381411,0.300693,9.559829,-0.001331,-0.007328,-0.061227,0.844395,0.418896,-1.234498,100356.0000
1764077533438473420,2025-11-25 19:02:13.436,0.788897,2.127571,28.804787,0.033197,0.014333,0.977485,0.182326,0.041665,9.715472,-0.011602,0.000926,-0.082853,0.842540,0.427557,-1.231232,100350.0000
1764077533540406364,2025-11-25 19:02:13.536,0.775213,2.120308,29.208269,0.033369,0.006802,0.977330,0.496112,0.348538,9.998724,-0.002904,-0.001100,-0.059452,0.839171,0.430367,-1.233152,100346.0000
1764077533638722753,2025-11-25 19:02:13.636,0.757614,2.126937,29.621424,0.032918,0.011759,0.979545,0.543715,-0.521860,9.616157,-0.008393,0.002652,-0.072606,0.837768,0.437068,-1.232270,100345.0000
1764077533739351308,2025-11-25 19:02:13.736,0.744710,2.134584,30.038881,0.031728,0.007063,0.979864,0.176250,0.518765,9.904588,-0.005821,-0.005139,-0.067501,0.833949,0.443729,-1.232797,100351.0000
1764077533838801586,2025-11-25 19:02:13.836,0.735878,2.151371,30.466412,0.031339,0.011071,0.979057,0.097846,-0.079606,9.561381,-0.011090,-0.008415,-0.083072,0.830581,0.446071,-1.234228,100352.0000
1764077533939409475,2025-11-25 19:02:13.936,0.737125,2.182293,30.885403,0.033828,0.005533,0.976340,0.213195,0.841968,10.006573,0.002587,-0.012710,-0.064348,0.830601,0.447067,-1.232317,100352.0000
1764077534038629327,2025-11-25 19:02:14.036,0.730722,2.213830,31.318556,0.032854,0.011943,0.977516,0.364914,-0.077818,9.607626,-0.015464,-0.004065,-0.083555,0.823901,0.454202,-1.232328,100352.0000
1764077534138723993,2025-11-25 19:02:14.136,0.738192,2.230234,31.732161,0.035976,0.005173,0.977245,0.466916,0.433401,9.851009,-0.000844,-0.001199,-0.071141,0.825839,0.460847,-1.234866,100352.0000
1764077534238215604,2025-11-25 19:02:14.236,0.739411,2.235367,32.159481,0.036100,0.011134,0.978432,0.363957,-0.461860,9.628970,-0.003056,0.002805,-0.088436,0.820569,0.461352,-1.232388,100350.0000
1764077534341602178,2025-11-25 19:02:14.336,0.738557,2.231470,32.590393,0.033544,0.009358,0.979737,0.294960,0.156995,10.211711,0.002267,-0.000244,-0.071397,0.817700,0.466573,-1.233388,100342.0000
1764077534439046382,2025-11-25 19:02:14.436,0.742568,2.250192,33.024494,0.035097,0.006002,0.976379,0.177774,-0.094782,9.514615,0.001950,0.001285,-0.066269,0.814368,0.473723,-1.233448,100345.0000
1764077534538775808,2025-11-25 19:02:14.536,0.756174,2.267172,33.437393,0.037111,0.008263,0.978738,0.674379,0.230628,9.809047,-0.005778,-0.005432,-0.062616,0.810045,0.476082,-1.233902,100346.0000
1764077534638593475,2025-11-25 19:02:14.636,0.770429,2.264429,33.830578,0.035410,0.010022,0.976758,0.295352,-0.406522,9.497796,0.006244,0.000046,-0.065207,0.808164,0.483259,-1.233021,100350.0000
1764077534738704808,2025-11-25 19:02:14.736,0.774265,2.284035,34.211132,0.036039,0.012591,0.978251,0.181145,-0.002227,9.861202,-0.000150,-0.008000,-0.066901,0.807690,0.486102,-1.234020,100341.0000
1764077534838780197,2025-11-25 19:02:14.836,0.766051,2.292726,34.577049,0.035811,0.010002,0.978591,0.180432,0.076073,9.880070,-0.002697,-0.003176,-0.054885,0.802901,0.491325,-1.234511,100344.0000
1764077534938891437,2025-11-25 19:02:14.936,0.753267,2.290288,34.941776,0.036952,0.010772,0.979356,0.039062,0.060830,9.759621,-0.001063,0.003963,-0.055439,0.801476,0.495140,-1.234548,100352.0000
1764077535038915289,2025-11-25 19:02:15.036,0.745399,2.254845,35.291821,0.037726,0.008809,0.977905,0.704218,0.251419,9.687185,-0.000010,0.001814,-0.059252,0.798605,0.497525,-1.234061,100354.0000
1764077535138164697,2025-11-25 19:02:15.136,0.749783,2.217721,35.623837,0.034134,0.008659,0.976770,0.202506,0.105097,9.727083,-0.001102,0.002618,-0.063174,0.796238,0.501387,-1.231677,100350.0000
1764077535237974215,2025-11-25 19:02:15.236,0.764166,2.225767,35.938595,0.033578,0.009297,0.975670,0.670884,-0.080981,9.992726,0.000486,-0.002049,-0.055546,0.793846,0.508013,-1.234151,100343.0000
1764077535339652678,2025-11-25 19:02:15.336,0.789527,2.246633,36.242825,0.033311,0.010364,0.978266,0.246960,-0.134840,9.807521,0.004306,-0.006810,-0.050572,0.791450,0.509913,-1.234145,100346.0000
1764077535438594363,2025-11-25 19:02:15.436,0.812661,2.263193,36.516487,0.037219,0.011873,0.980492,0.543399,-0.047336,9.879568,0.006943,0.005365,-0.040725,0.790496,0.510874,-1.233664,100354.0000
1764077535538649733,2025-11-25 19:02:15.536,0.829637,2.263416,36.753159,0.035565,0.011960,0.980138,0.177704,-0.010956,9.792495,0.006999,0.003001,-0.034017,0.786644,0.513204,-1.235569,100344.0000
1764077535638685215,2025-11-25 19:02:15.636,0.833824,2.252100,36.953510,0.040706,0.014701,0.979183,0.622771,0.392045,9.946507,-0.004848,0.011645,-0.031783,0.787635,0.517528,-1.234686,100349.0000
1764077535738994289,2025-11-25 19:02:15.736,0.821989,2.227690,37.120567,0.035012,0.014331,0.975542,0.333818,0.307539,9.827631,-0.004272,0.001663,-0.027031,0.786194,0.517999,-1.234673,100346.0000
1764077535838722752,2025-11-25 19:02:15.836,0.794601,2.211731,37.264503,0.036324,0.015329,0.975868,0.611633,0.173300,9.776797,-0.004818,0.001403,-0.025227,0.782359,0.520848,-1.234659,100348.0000
1764077535938647178,2025-11-25 19:02:15.936,0.768255,2.206180,37.404541,0.032536,0.012246,0.976922,0.378711,0.116913,9.754848,-0.001962,-0.007868,-0.021242,0.788166,0.522846,-1.231886,100346.0000
1764077536038455159,2025-11-25 19:02:16.036,0.758645,2.248760,37.520039,0.035567,0.014288,0.978626,0.447173,0.071016,9.726215,-0.003046,-0.009522,-0.022389,0.783835,0.522826,-1.231822,100352.0000
1764077536138211807,2025-11-25 19:02:16.136,0.769743,2.291721,37.628292,0.038864,0.013437,0.979131,0.457038,0.052342,9.795864,0.000934,-0.004461,-0.027212,0.782382,0.523267,-1.233252,100345.0000
1764077536238123400,2025-11-25 19:02:16.236,0.789794,2.301886,37.726925,0.039136,0.013052,0.979129,0.415539,-0.267186,9.909110,0.008752,-0.002349,-0.010347,0.778523,0.524164,-1.235135,100348.0000
1764077536340545844,2025-11-25 19:02:16.336,0.805009,2.306105,37.812065,0.038103,0.015939,0.976569,0.033561,-0.055061,9.878864,-0.002302,-0.005307,-0.007767,0.779498,0.525144,-1.234201,100344.0000
1764077536438851733,2025-11-25 19:02:16.436,0.810217,2.295008,37.884285,0.037333,0.016416,0.977212,0.088198,-0.019573,9.588962,-0.006371,-0.001065,-0.007439,0.780943,0.525629,-1.234230,100346.0000
1764077536538667362,2025-11-25 19:02:16.536,0.806049,2.251100,37.932159,0.036767,0.015866,0.979005,0.245297,0.342628,9.770422,0.000083,0.002808,-0.000619,0.781929,0.525694,-1.231356,100352.0000
1764077536638742547,2025-11-25 19:02:16.636,0.801285,2.198969,37.957748,0.034748,0.015959,0.977229,0.173147,0.433703,9.859785,0.001965,-0.000545,0.002344,0.780947,0.527051,-1.234733,100342.0000
1764077536738545584,2025-11-25 19:02:16.736,0.802027,2.204320,37.972111,0.033212,0.015997,0.977710,-0.145364,0.257043,9.505340,-0.004125,-0.006921,-0.002857,0.781417,0.525610,-1.235200,100350.0000
1764077536838737992,2025-11-25 19:02:16.836,0.804794,2.250651,37.981297,0.034783,0.016472,0.977987,0.378122,0.215386,9.583499,0.000916,-0.014658,-0.006357,0.780942,0.526096,-1.234719,100347.0000
1764077536939127825,2025-11-25 19:02:16.936,0.808286,2.300988,37.974133,0.039350,0.015919,0.977372,0.268835,-0.000973,9.995807,0.000479,-0.013320,0.000392,0.780460,0.527506,-1.235696,100346.0000
1764077537038895510,2025-11-25 19:02:17.036,0.797442,2.357432,37.957417,0.040660,0.018141,0.975832,0.463619,-0.075060,9.649565,0.000274,-0.003210,0.001110,0.777086,0.525591,-1.235136,100348.0000
1764077537138955899,2025-11-25 19:02:17.136,0.779210,2.400957,37.957767,0.040708,0.018237,0.979034,0.170703,-0.076695,9.857996,0.000999,-0.003773,-0.001975,0.777098,0.527979,-1.235172,100346.0000
1764077537238022603,2025-11-25 19:02:17.236,0.763798,2.391412,37.954407,0.042087,0.015425,0.978056,0.062483,0.239540,9.734865,0.003680,0.004487,0.010558,0.779498,0.525144,-1.234201,100352.0000
1764077537338884954,2025-11-25 19:02:17.336,0.763222,2.337072,37.938351,0.040544,0.016045,0.980209,0.554811,0.657613,9.789550,-0.001312,0.013761,0.009131,0.781895,0.525135,-1.235199,100354.0000
1764077537438717306,2025-11-25 19:02:17.436,0.772281,2.262062,37.905739,0.036983,0.016559,0.977783,0.430506,0.238592,9.811102,0.001289,0.008088,-0.002490,0.779033,0.526128,-1.232765,100349.0000
1764077537538754603,2025-11-25 19:02:17.536,0.784590,2.229620,37.864174,0.031006,0.013618,0.978202,0.255579,0.260631,9.806412,0.012958,-0.000617,0.015407,0.783838,0.525662,-1.233310,100346.0000
1764077537638970788,2025-11-25 19:02:17.636,0.785449,2.254544,37.807312,0.033063,0.017630,0.975159,0.065820,0.435533,9.789878,0.002406,-0.015821,0.014135,0.779002,0.524634,-1.235631,100346.0000
1764077537739561269,2025-11-25 19:02:17.736,0.781191,2.319182,37.703465,0.037570,0.016517,0.978135,0.409571,0.092209,9.563068,-0.002777,-0.015691,0.025514,0.779474,0.522725,-1.235609,100348.0000
1764077537838955195,2025-11-25 19:02:17.836,0.780659,2.349289,37.591694,0.039718,0.018484,0.977555,0.335835,0.721769,9.906106,-0.000456,-0.007025,0.013884,0.782846,0.522751,-1.235177,100352.0000
1764077537938725176,2025-11-25 19:02:17.936,0.791683,2.342329,37.482582,0.039894,0.013320,0.978581,0.407465,-0.163898,9.809852,0.019017,0.001460,0.025918,0.783782,0.519858,-1.236591,100348.0000
1764077538038961343,2025-11-25 19:02:18.036,0.801050,2.314758,37.359650,0.040122,0.021967,0.979248,0.115442,0.258984,9.870961,0.000309,0.011330,0.019527,0.785703,0.518444,-1.236117,100343.0000
1764077538139075473,2025-11-25 19:02:18.136,0.806877,2.275455,37.220654,0.037265,0.018026,0.978772,0.548827,-0.118433,9.792310,0.011499,0.008479,0.034698,0.784744,0.517505,-1.235125,100352.0000
1764077538238097102,2025-11-25 19:02:18.236,0.803135,2.262930,37.083759,0.034876,0.021406,0.978685,0.189715,0.372633,9.958878,-0.001882,-0.001499,0.025525,0.786165,0.516037,-1.237050,100348.0000
1764077538341508250,2025-11-25 19:02:18.336,0.791517,2.266337,36.946415,0.038540,0.018998,0.977079,0.204809,0.405557,9.779490,-0.002342,0.006040,0.030213,0.788090,0.514634,-1.236094,100352.0000
1764077538438645880,2025-11-25 19:02:18.436,0.774852,2.252808,36.808361,0.037718,0.020072,0.977725,0.368278,0.415450,9.718793,-0.006320,0.003582,0.025450,0.788580,0.511831,-1.233169,100350.0000
1764077538540953306,2025-11-25 19:02:18.536,0.771739,2.240889,36.679825,0.035298,0.016401,0.975351,0.390969,0.107844,9.840911,0.005146,-0.000975,0.019154,0.789522,0.512252,-1.236079,100346.0000
1764077538638632139,2025-11-25 19:02:18.636,0.788980,2.223456,36.558014,0.034885,0.017501,0.975998,0.481713,0.208792,9.652575,0.009517,0.001740,0.014261,0.790966,0.510846,-1.235115,100346.0000
1764077538738787991,2025-11-25 19:02:18.736,0.808800,2.214104,36.447731,0.032789,0.020084,0.978928,0.490626,-0.268304,10.002511,0.001006,-0.008528,0.019715,0.791920,0.508472,-1.234611,100348.0000
1764077538841021602,2025-11-25 19:02:18.836,0.812539,2.223602,36.342911,0.034048,0.020369,0.979249,0.397979,0.487731,9.777698,0.004752,-0.003840,0.020328,0.792384,0.506543,-1.235552,100353.0000
1764077538938909805,2025-11-25 19:02:18.936,0.798066,2.256880,36.230762,0.035003,0.018824,0.980040,0.140040,-0.335567,9.840751,0.002947,-0.014706,0.017595,0.793380,0.508051,-1.232218,100346.0000
1764077539038940676,2025-11-25 19:02:19.036,0.772161,2.274457,36.102375,0.040845,0.018303,0.978977,0.765375,0.420126,9.740496,-0.001759,0.001494,0.027893,0.791913,0.505626,-1.233605,100358.0000
1764077539139868842,2025-11-25 19:02:19.136,0.752684,2.251538,35.961227,0.038779,0.018909,0.977067,0.251841,0.001187,9.855575,0.000988,0.008942,0.021296,0.794301,0.502761,-1.234078,100348.0000
1764077539238002398,2025-11-25 19:02:19.236,0.746167,2.214993,35.820690,0.037315,0.015865,0.975942,0.314897,0.060206,9.716929,0.001186,0.001893,0.034161,0.797660,0.500865,-1.234098,100348.0000
1764077539339371972,2025-11-25 19:02:19.336,0.751225,2.168449,35.694271,0.035140,0.019185,0.975813,0.333508,0.227885,9.785526,0.003840,0.008339,0.018789,0.797643,0.501292,-1.236512,100348.0000
1764077539442826398,2025-11-25 19:02:19.436,0.766648,2.155183,35.579891,0.031759,0.016809,0.976562,0.739910,0.021633,9.719031,0.008942,0.005117,0.015371,0.801023,0.498512,-1.233148,100344.0000
1764077539538601157,2025-11-25 19:02:19.536,0.777254,2.173090,35.486771,0.031797,0.019627,0.978819,0.292115,0.414665,9.977639,0.002680,-0.006114,0.014148,0.799090,0.498950,-1.234571,100348.0000
1764077539638664953,2025-11-25 19:02:19.636,0.781319,2.231416,35.380539,0.033389,0.017910,0.979235,0.420012,0.062865,9.752449,0.001083,-0.012357,0.017829,0.799544,0.497469,-1.236963,100349.0000
1764077539738519916,2025-11-25 19:02:19.736,0.781865,2.305034,35.276321,0.037063,0.019287,0.980861,0.390099,0.259821,9.702929,0.001915,-0.010775,0.025058,0.801944,0.495579,-1.236488,100350.0000
1764077539838837657,2025-11-25 19:02:19.836,0.767825,2.344734,35.183498,0.043264,0.018262,0.978518,0.299321,-0.106847,9.924809,-0.003545,-0.006324,0.025227,0.800517,0.496558,-1.235038,100339.0000
1764077539939678083,2025-11-25 19:02:19.936,0.751023,2.345323,35.105721,0.044444,0.019079,0.976618,0.287437,0.689445,9.623193,-0.003425,0.008000,0.017674,0.800009,0.492714,-1.235935,100348.0000
1764077540038880397,2025-11-25 19:02:20.036,0.740239,2.307983,35.039261,0.039846,0.016074,0.976605,0.233654,-0.034310,9.693998,-0.001643,0.009099,0.010796,0.803874,0.495130,-1.235547,100348.0000
1764077540138894619,2025-11-25 19:02:20.136,0.753252,2.256678,34.974617,0.038585,0.014729,0.976137,0.224691,0.256658,9.874869,0.007856,0.009549,0.014990,0.800972,0.495077,-1.237430,100348.0000
1764077540237917175,2025-11-25 19:02:20.236,0.772707,2.217973,34.900219,0.034186,0.016498,0.977347,0.086335,0.047512,9.450756,0.006026,0.003343,0.016099,0.804350,0.491819,-1.234058,100346.0000
1764077540339970527,2025-11-25 19:02:20.336,0.797278,2.212679,34.822472,0.032711,0.020130,0.979692,0.271324,0.485918,9.898004,-0.000431,-0.004715,0.012021,0.805312,0.490878,-1.233577,100348.0000
1764077540438799416,2025-11-25 19:02:20.436,0.804120,2.237888,34.739464,0.035320,0.017534,0.978659,0.291591,0.042439,9.942703,-0.001627,-0.001338,0.008466,0.804320,0.490325,-1.236925,100343.0000
1764077540538815193,2025-11-25 19:02:20.536,0.792596,2.255687,34.652920,0.037329,0.019929,0.978852,0.151507,0.071912,9.588741,-0.008665,0.011653,0.013800,0.804320,0.488913,-1.235940,100346.0000
1764077540638828490,2025-11-25 19:02:20.636,0.758773,2.003510,34.663574,0.038300,0.018595,0.982719,0.205739,-0.046789,9.850045,-0.011417,0.079111,-0.016797,0.807229,0.489454,-1.233583,100352.0000
1764077540741368323,2025-11-25 19:02:20.736,0.703939,1.359437,34.849312,0.020089,0.014721,0.984297,0.169442,0.054351,9.853032,-0.009336,0.135885,-0.040652,0.812598,0.490149,-1.224522,100346.0000
1764077540838697989,2025-11-25 19:02:20.836,0.653735,0.532371,35.188347,-0.013541,0.012677,0.982504,-0.549331,0.416001,9.770199,-0.003539,0.150859,-0.076014,0.818973,0.495209,-1.212654,100353.0000
1764077540942518619,2025-11-25 19:02:20.940,0.608620,-0.292797,35.712418,-0.045629,0.009083,0.983207,-0.576234,-0.057281,9.789211,-0.005390,0.126027,-0.103653,0.823378,0.500138,-1.206533,100348.0000
1764077541038798156,2025-11-25 19:02:21.036,0.570236,-0.790413,36.350380,-0.070924,0.003647,0.978458,-0.801591,-0.032609,9.789919,-0.007852,0.044026,-0.114802,0.823024,0.511783,-1.198037,100350.0000
1764077541138914971,2025-11-25 19:02:21.136,0.541696,-0.947674,37.072933,-0.072373,0.004191,0.977699,-0.185482,0.480870,9.749861,-0.007350,0.016486,-0.135745,0.818735,0.519417,-1.197609,100348.0000
1764077541238068285,2025-11-25 19:02:21.236,0.508265,-1.124438,37.930546,-0.081526,0.001472,0.977254,-1.344582,0.292267,9.537457,0.039638,0.070677,-0.156982,0.815866,0.525106,-1.199098,100351.0000
1764077541339078489,2025-11-25 19:02:21.336,0.473539,-1.624958,39.127968,-0.100930,-0.001509,0.977979,-0.521106,-1.174872,10.611835,-0.015124,0.094753,-0.251475,0.811656,0.538604,-1.192500,100351.0000
1764077541440986156,2025-11-25 19:02:21.436,0.566901,-2.103766,40.611774,-0.130676,-0.010946,0.971627,-2.976772,0.190490,9.263018,0.031941,0.022618,-0.262275,0.801657,0.552035,-1.187742,100349.0000
1764077541539096841,2025-11-25 19:02:21.536,0.740780,-1.935154,42.103584,-0.138243,-0.003772,0.964026,-1.044311,0.778881,9.215459,0.052346,-0.109007,-0.257395,0.789674,0.564828,-1.190168,100349.0000
1764077541639375489,2025-11-25 19:02:21.636,0.919855,-1.196671,43.588234,-0.101466,0.017359,0.967738,-0.069073,-0.231665,9.592960,0.020679,-0.157424,-0.240714,0.773312,0.580304,-1.200277,100352.0000
1764077541738739100,2025-11-25 19:02:21.736,0.958358,-0.214975,45.086681,-0.067735,0.019724,0.964580,-0.583294,0.082996,9.366756,-0.001674,-0.190184,-0.256227,0.745874,0.596176,-1.211674,100349.0000
1764077541838812674,2025-11-25 19:02:21.836,0.907247,0.571531,46.671700,-0.020152,0.016312,0.974719,-0.389994,0.109117,9.736749,0.008675,-0.094855,-0.272324,0.727132,0.609823,-1.217385,100344.0000
1764077541939505878,2025-11-25 19:02:21.936,0.799820,0.824466,48.331615,-0.003693,0.016186,0.982337,-0.873943,0.770749,9.072821,-0.030242,-0.024548,-0.309573,0.709885,0.628323,-1.219822,100347.0000
1764077542038736248,2025-11-25 19:02:22.036,0.755034,0.669357,50.002991,0.001537,0.002478,0.984013,-1.273706,-0.562121,9.191101,0.007448,0.040367,-0.298695,0.693130,0.643086,-1.218356,100347.0000
1764077542138831581,2025-11-25 19:02:22.136,0.820632,0.373676,51.666496,-0.013293,-0.000792,0.988290,0.442016,0.198862,10.071222,0.023578,0.041104,-0.289353,0.679235,0.655433,-1.218821,100348.0000
1764077542238035748,2025-11-25 19:02:22.236,0.939090,0.200306,53.361858,-0.022468,0.012805,0.980947,0.100611,-0.176769,9.928802,0.020766,0.011831,-0.305095,0.663464,0.670729,-1.214970,100350.0000
1764077542338887563,2025-11-25 19:02:22.336,0.992875,0.250374,55.161804,-0.019143,0.026614,0.980717,-0.068405,0.178697,9.625375,-0.001591,-0.016503,-0.330705,0.645221,0.683482,-1.217785,100347.0000
1764077542439159396,2025-11-25 19:02:22.436,0.927473,0.421228,57.124432,-0.009508,0.028878,0.978355,0.021264,0.324879,10.000409,-0.020099,-0.033149,-0.352792,0.624145,0.701549,-1.217269,100345.0000
1764077542538850766,2025-11-25 19:02:22.536,0.779887,0.606243,59.203369,0.001667,0.022633,0.974618,-0.241794,0.552140,9.946432,-0.035272,-0.044377,-0.363272,0.601106,0.714322,-1.218088,100350.0000
1764077542638942877,2025-11-25 19:02:22.636,0.647072,0.751117,61.317287,0.014122,0.006161,0.978479,0.147019,-0.023243,9.894732,-0.025358,-0.024559,-0.365750,0.577148,0.733332,-1.217544,100344.0000
1764077542738812248,2025-11-25 19:02:22.736,0.626136,0.755539,63.380005,0.022208,-0.002752,0.978662,0.298140,0.356434,9.826622,0.005556,0.001044,-0.349791,0.548828,0.747524,-1.217825,100348.0000
1764077542838956136,2025-11-25 19:02:22.836,0.721748,0.602924,65.399635,0.020264,0.002003,0.981118,0.422928,-0.026438,9.791489,0.025352,0.029005,-0.351127,0.530606,0.759862,-1.217746,100349.0000
1764077542938642451,2025-11-25 19:02:22.936,0.853062,0.365988,67.448845,0.011105,0.011592,0.981941,0.033211,-0.223656,9.860377,0.022094,0.033850,-0.358471,0.507564,0.771212,-1.218062,100347.0000
1764077543038754303,2025-11-25 19:02:23.036,0.916569,0.150364,69.539528,-0.002152,0.022459,0.979047,-0.094777,0.131947,9.715617,0.004802,0.022203,-0.373969,0.485004,0.781152,-1.217400,100344.0000
1764077543138854803,2025-11-25 19:02:23.136,0.887334,0.063938,71.650841,-0.010507,0.021218,0.976495,-0.284221,-0.004736,9.689531,-0.014527,0.001181,-0.374040,0.460025,0.791518,-1.218635,100352.0000
1764077543238005451,2025-11-25 19:02:23.236,0.806355,0.104680,73.786270,-0.010527,0.014510,0.974426,-0.247724,0.267349,9.629594,-0.009078,-0.023153,-0.373760,0.435570,0.802943,-1.215078,100340.0000
1764077543339273006,2025-11-25 19:02:23.336,0.738021,0.237345,75.976730,-0.007303,0.011432,0.975043,0.183703,0.111955,9.812856,-0.000444,-0.040548,-0.381927,0.401915,0.810872,-1.216630,100348.0000
1764077543438877506,2025-11-25 19:02:23.436,0.735222,0.412422,78.223267,0.003216,0.007347,0.977238,0.130662,0.119159,9.870876,0.008707,-0.036769,-0.393187,0.374523,0.818381,-1.216823,100349.0000
1764077543538859136,2025-11-25 19:02:23.536,0.810576,0.552304,80.481155,0.009781,0.006620,0.978868,0.031255,0.040115,9.791602,0.013066,-0.026257,-0.386655,0.344245,0.825878,-1.216974,100346.0000
1764077543638517210,2025-11-25 19:02:23.636,0.911460,0.607145,82.686653,0.014001,0.014568,0.980544,0.176420,0.299168,9.823026,0.011699,-0.016250,-0.370912,0.316823,0.830947,-1.219537,100342.0000
1764077543738485506,2025-11-25 19:02:23.736,0.940324,0.552526,84.823189,0.019713,0.021205,0.983562,0.630237,0.339143,10.078741,-0.007994,0.011191,-0.368214,0.288917,0.834125,-1.221101,100346.0000
1764077543839005154,2025-11-25 19:02:23.836,0.849644,0.415184,86.938309,0.014271,0.021558,0.983524,0.124668,0.114030,9.788815,-0.023053,0.027842,-0.369761,0.262503,0.837909,-1.216918,100346.0000
1764077543938615191,2025-11-25 19:02:23.936,0.667755,0.261201,89.099602,0.002542,0.015981,0.979116,-0.661145,-0.078766,9.479613,-0.034543,0.022127,-0.386054,0.236067,0.841632,-1.215622,100348.0000
1764077544038742599,2025-11-25 19:02:24.036,0.499761,0.162304,91.317108,-0.003778,0.004976,0.977440,0.139700,-0.045143,9.864363,-0.021790,-0.000540,-0.391420,0.208687,0.846814,-1.212891,100350.0000
1764077544138737876,2025-11-25 19:02:24.136,0.451911,0.141292,93.522476,-0.001976,-0.003789,0.976205,0.442316,-0.242245,9.910891,0.012487,-0.001396,-0.378344,0.179812,0.847142,-1.213434,100355.0000
1764077544237978765,2025-11-25 19:02:24.236,0.552874,0.181052,95.656570,-0.005519,-0.001699,0.974656,-0.296002,-0.165519,9.693338,0.029240,-0.010899,-0.361685,0.149964,0.845077,-1.213926,100343.0000
1764077544339149636,2025-11-25 19:02:24.336,0.731058,0.262268,97.731392,-0.004338,0.009063,0.974729,0.015874,0.179647,9.760366,0.028972,-0.028144,-0.354999,0.123468,0.841573,-1.215409,100352.0000
1764077544438890413,2025-11-25 19:02:24.436,0.868868,0.341046,99.810509,0.005514,0.019559,0.977705,0.532206,0.155335,9.992349,0.018889,-0.019950,-0.361730,0.094565,0.839939,-1.218330,100348.0000
1764077544538809728,2025-11-25 19:02:24.536,0.883097,0.418263,101.956734,0.006320,0.025764,0.980128,0.081697,0.040755,9.834166,-0.006342,-0.012802,-0.373342,0.066635,0.833624,-1.216859,100351.0000
1764077544638668672,2025-11-25 19:02:24.636,0.776428,0.474862,104.140564,0.005540,0.024573,0.979965,-0.446002,0.281561,9.594179,-0.034039,-0.018091,-0.382422,0.038732,0.832096,-1.214981,100350.0000
1764077544739479691,2025-11-25 19:02:24.736,0.620497,0.508856,106.303108,0.007747,0.013254,0.982018,0.364739,0.248324,9.904097,-0.033266,-0.020391,-0.376267,0.012733,0.826278,-1.213065,100350.0000
1764077544839564709,2025-11-25 19:02:24.837,0.518101,0.511724,108.418999,0.011612,0.004325,0.982011,0.561171,-0.101729,9.987595,-0.011425,0.001547,-0.365324,-0.017142,0.818959,-1.213477,100346.0000
1764077544938953635,2025-11-25 19:02:24.936,0.518506,0.480670,110.505913,0.007580,0.002273,0.978058,-0.378385,0.012753,9.611307,0.005335,0.013224,-0.365336,-0.044105,0.813603,-1.212035,100353.0000
1764077545038616561,2025-11-25 19:02:25.036,0.599722,0.423413,112.598053,0.004513,0.006359,0.976411,-0.187765,0.219943,9.726221,0.012215,0.004114,-0.363883,-0.067742,0.805326,-1.213969,100352.0000
1764077545138541339,2025-11-25 19:02:25.136,0.689430,0.329905,114.700737,0.007458,0.013260,0.978253,0.291034,0.130230,9.999557,0.017087,0.010049,-0.361259,-0.094268,0.793255,-1.213876,100346.0000
1764077545238112598,2025-11-25 19:02:25.236,0.712244,0.256446,116.795830,-0.000177,0.020486,0.979571,0.024828,0.270901,9.791145,-0.002932,0.002039,-0.358411,-0.117429,0.784024,-1.215803,100350.0000
1764077545339583746,2025-11-25 19:02:25.336,0.655833,0.253335,118.860153,-0.005541,0.020735,0.977932,-0.189220,0.209853,9.711831,-0.018151,-0.013104,-0.354931,-0.141534,0.770592,-1.212835,100350.0000
1764077545438432635,2025-11-25 19:02:25.436,0.555568,0.344567,120.900497,-0.005340,0.013709,0.977608,0.029368,0.149813,9.706964,-0.013970,-0.035950,-0.351475,-0.169020,0.758995,-1.212735,100352.0000
1764077545538280616,2025-11-25 19:02:25.536,0.492868,0.487056,122.929909,0.004210,0.007537,0.976873,0.307431,0.108607,9.892484,-0.006594,-0.028209,-0.357246,-0.191204,0.747919,-1.211758,100348.0000
1764077545638700764,2025-11-25 19:02:25.636,0.514489,0.592741,117.448914,0.012393,0.004528,0.976767,0.323409,-0.059893,9.871841,0.011864,-0.011958,-0.358196,-0.217730,0.733023,-1.209695,100346.0000
1764077545738750801,2025-11-25 19:02:25.736,0.611133,0.609760,104.471161,0.012298,0.007031,0.978329,-0.097280,0.618257,9.813000,0.021831,-0.001842,-0.352565,-0.238493,0.719066,-1.209659,100345.0000
1764077545838431375,2025-11-25 19:02:25.836,0.700798,0.556059,97.491264,0.009456,0.015989,0.980111,0.218452,0.567122,9.848546,0.012706,0.006305,-0.354965,-0.257845,0.700788,-1.211021,100350.0000
1764077545939115098,2025-11-25 19:02:25.936,0.714009,0.492049,99.497375,0.005366,0.019788,0.981634,-0.053131,0.158587,9.771241,-0.005506,0.005836,-0.344389,-0.280029,0.688299,-1.209060,100346.0000
1764077546038769857,2025-11-25 19:02:26.036,0.637855,0.455579,101.507401,0.002636,0.021582,0.980972,-0.452765,-0.066423,9.551793,-0.014663,0.006736,-0.348014,-0.302750,0.670472,-1.210861,100347.0000
1764077546138834005,2025-11-25 19:02:26.136,0.528832,0.455668,103.503746,0.003368,0.014234,0.978923,0.124702,-0.318199,9.772108,-0.013423,-0.006864,-0.335051,-0.320634,0.654151,-1.210349,100347.0000
1764077546238203190,2025-11-25 19:02:26.236,0.471522,0.480235,105.419533,0.007077,0.006166,0.976761,0.234699,-0.032465,9.787727,0.000286,-0.007542,-0.321107,-0.338031,0.637375,-1.208874,100343.0000
1764077546338777690,2025-11-25 19:02:26.336,0.501315,0.485569,107.230545,0.006951,0.004003,0.976041,-0.002451,0.162588,9.715641,0.015990,-0.000871,-0.309232,-0.356398,0.620574,-1.208347,100348.0000
1764077546438480560,2025-11-25 19:02:26.436,0.590367,0.461461,108.922890,0.004535,0.007117,0.976152,-0.003441,0.151438,9.808123,0.015496,0.001172,-0.285173,-0.369963,0.604242,-1.209343,100348.0000
1764077546538601375,2025-11-25 19:02:26.536,0.700195,0.526070,110.458466,0.000402,0.012069,0.975309,0.050673,0.034237,9.807026,0.010334,-0.026939,-0.254372,-0.387342,0.588930,-1.206446,100344.0000
1764077546638352301,2025-11-25 19:02:26.636,0.775870,0.759838,111.803070,0.009251,0.017791,0.978088,0.206968,0.337707,9.876432,0.006480,-0.048281,-0.215595,-0.399453,0.573102,-1.206508,100344.0000
1764077546738850912,2025-11-25 19:02:26.736,0.781587,1.204037,112.893852,0.022657,0.021716,0.974325,0.432720,0.946675,9.776319,-0.005055,-0.113433,-0.154792,-0.412474,0.562596,-1.203267,100350.0000
1764077546838668004,2025-11-25 19:02:26.836,0.720133,2.023857,113.608994,0.054198,0.016834,0.975275,0.706392,0.093685,9.736397,-0.020188,-0.161786,-0.092430,-0.425900,0.555584,-1.192848,100342.0000
1764077546938813245,2025-11-25 19:02:26.936,0.606161,2.807220,114.059341,0.100089,0.015114,0.979761,1.315733,0.154409,9.802949,-0.027595,-0.112364,-0.059739,-0.439318,0.551896,-1.183445,100341.0000
1764077547038392652,2025-11-25 19:02:27.036,0.468750,3.194076,114.422882,0.127390,0.012151,0.979543,1.585027,-0.182310,9.664806,-0.032374,-0.027847,-0.057244,-0.444087,0.550574,-1.177093,100349.0000
1764077547138576263,2025-11-25 19:02:27.136,0.372273,3.102380,114.700722,0.133528,0.004848,0.978954,1.149696,0.147717,9.855823,-0.012182,0.038592,-0.048522,-0.446040,0.546246,-1.177962,100350.0000
1764077547237977430,2025-11-25 19:02:27.236,0.343482,2.916742,115.010086,0.117633,0.000951,0.970784,1.347512,0.119141,9.818304,0.001177,0.015353,-0.064854,-0.443664,0.544295,-1.180375,100344.0000
1764077547338955597,2025-11-25 19:02:27.336,0.394881,2.958748,115.388710,0.112781,0.000539,0.971031,0.799423,-0.669135,9.629627,0.012949,-0.027958,-0.071121,-0.449469,0.539472,-1.181179,100350.0000
1764077547438842245,2025-11-25 19:02:27.436,0.507286,3.171239,115.776199,0.120043,0.003549,0.971122,1.274761,0.130842,9.615050,0.014406,-0.053712,-0.060814,-0.455261,0.532799,-1.179066,100346.0000
1764077547541043763,2025-11-25 19:02:27.536,0.626546,3.439401,116.138123,0.128919,0.011435,0.971303,1.079505,-0.069884,9.845381,0.007055,-0.047969,-0.067190,-0.459103,0.530444,-1.176565,100341.0000
1764077547639093671,2025-11-25 19:02:27.636,0.682212,3.662880,116.470665,0.134516,0.018183,0.971555,1.309130,0.896376,9.782528,-0.006924,-0.032692,-0.060514,-0.463898,0.527638,-1.172599,100348.0000
1764077547738461411,2025-11-25 19:02:27.736,0.640843,3.854155,116.757629,0.137869,0.016784,0.974638,1.853835,0.115018,10.025508,-0.014929,-0.033019,-0.037800,-0.466308,0.522901,-1.170084,100344.0000
1764077547838703633,2025-11-25 19:02:27.836,0.555088,3.988110,116.993408,0.134967,0.012676,0.973654,1.190049,0.441962,9.955692,-0.011515,-0.022549,-0.032952,-0.469681,0.520986,-1.169523,100346.0000
1764077547938865670,2025-11-25 19:02:27.936,0.489181,4.047834,117.185791,0.141615,0.002252,0.972644,1.697469,0.085055,9.723479,-0.001368,0.024200,-0.023240,-0.473529,0.519089,-1.167993,100343.0000
1764077548038417133,2025-11-25 19:02:28.036,0.523715,3.853254,117.379860,0.130227,0.000405,0.969036,0.744827,-0.294032,9.598873,0.006815,0.063399,-0.033837,-0.470176,0.519063,-1.169968,100346.0000
1764077548138734948,2025-11-25 19:02:28.136,0.650602,3.354529,117.587265,0.104538,0.004260,0.971797,0.481885,-0.013345,9.683768,0.025888,0.095708,-0.031759,-0.467357,0.513242,-1.174737,100345.0000
1764077548238016115,2025-11-25 19:02:28.236,0.787113,2.754953,117.730331,0.066629,0.015465,0.978689,0.090658,-0.089438,9.881943,0.024197,0.089133,-0.010282,-0.462631,0.510681,-1.183918,100346.0000
1764077548338357022,2025-11-25 19:02:28.336,0.859553,2.362186,117.751984,0.037725,0.026396,0.983267,0.374195,0.008428,9.780144,0.013236,0.041255,0.005085,-0.459779,0.509657,-1.187797,100350.0000
1764077548442809652,2025-11-25 19:02:28.436,0.840852,2.274536,117.717873,0.029646,0.030392,0.984361,0.661757,0.399107,9.900986,-0.016330,-0.008026,0.009424,-0.459805,0.509119,-1.190677,100351.0000
1764077548542389726,2025-11-25 19:02:28.536,0.714532,2.383540,117.733025,0.039155,0.023091,0.980794,0.087456,0.359322,9.674967,-0.032989,-0.023245,-0.008883,-0.460262,0.512480,-1.189759,100352.0000
1764077548642401207,2025-11-25 19:02:28.636,0.514648,2.490257,117.781944,0.050227,0.012953,0.975871,0.681754,0.018449,9.657662,-0.029006,-0.008403,-0.007253,-0.459727,0.514038,-1.184011,100345.0000
1764077548741657466,2025-11-25 19:02:28.736,0.336104,2.485914,117.741394,0.053036,0.000396,0.973690,0.539234,0.149135,9.818964,-0.014638,0.019757,0.022987,-0.460682,0.515467,-1.184019,100352.0000
1764077548838656651,2025-11-25 19:02:28.836,0.329768,2.335454,117.607742,0.047475,-0.005685,0.971540,0.385630,-0.113443,9.720865,0.015973,0.034440,0.028542,-0.458291,0.517795,-1.187461,100345.0000
1764077548938737374,2025-11-25 19:02:28.936,0.545475,2.083699,117.481934,0.039530,0.001245,0.975690,0.643206,0.344387,9.644355,0.054322,0.048191,0.018788,-0.455435,0.516313,-1.190370,100346.0000
1764077549038623096,2025-11-25 19:02:29.036,0.839916,1.879186,117.441277,0.021949,0.022569,0.981807,0.076621,0.317182,9.857582,0.044767,0.022365,-0.002885,-0.456435,0.514795,-1.194185,100349.0000
1764077549138757003,2025-11-25 19:02:29.136,0.955688,1.880537,117.456810,0.015821,0.045453,0.986796,0.243680,0.612351,9.794814,-0.001573,-0.017660,-0.010664,-0.452142,0.511887,-1.197093,100350.0000
1764077549237970688,2025-11-25 19:02:29.236,0.773245,2.018843,117.500252,0.028889,0.045823,0.986402,0.593409,0.469942,9.780452,-0.045746,-0.022228,-0.012301,-0.454531,0.513807,-1.196124,100354.0000
1764077549338824058,2025-11-25 19:02:29.336,0.445274,2.150007,117.551712,0.039925,0.018314,0.973056,0.628290,-0.021720,9.793782,-0.056541,-0.011620,-0.010011,-0.456401,0.516299,-1.190837,100344.0000
1764077549438764558,2025-11-25 19:02:29.436,0.297956,2.167496,117.585930,0.044303,-0.017760,0.963658,0.181551,-0.243307,9.458515,-0.000978,0.009617,0.002486,-0.454445,0.518747,-1.188495,100339.0000
1764077549538607595,2025-11-25 19:02:29.536,0.474866,2.097029,117.571640,0.030728,-0.014983,0.970222,0.183664,0.366807,9.719258,0.056949,0.010896,0.010255,-0.457849,0.517695,-1.192282,100347.0000
1764077549638397206,2025-11-25 19:02:29.636,0.768294,2.057616,117.528160,0.020158,0.024413,0.983851,-0.199777,0.899274,9.658529,0.043350,-0.007397,0.002699,-0.455971,0.511453,-1.194140,100351.0000
1764077549741853817,2025-11-25 19:02:29.736,0.877591,2.121561,117.530319,0.023917,0.046605,0.993223,0.448306,0.647496,9.898785,-0.005944,-0.018139,-0.001314,-0.453046,0.514393,-1.191339,100348.0000
1764077549838621984,2025-11-25 19:02:29.836,0.736733,2.238871,117.592896,0.038293,0.037770,0.984676,0.583133,0.488656,9.749019,-0.035692,-0.016746,-0.020696,-0.456421,0.513890,-1.191764,100343.0000
1764077549938683484,2025-11-25 19:02:29.936,0.536329,2.320983,117.661850,0.042923,0.006501,0.969629,0.468707,-0.321542,9.776397,-0.024472,-0.007071,-0.002125,-0.456375,0.515425,-1.186971,100347.0000
1764077550038618243,2025-11-25 19:02:30.036,0.502402,2.329440,117.658646,0.033633,-0.007884,0.964109,0.150380,-0.371421,9.449610,0.018894,0.000727,0.011521,-0.457350,0.515858,-1.188890,100349.0000
1764077550142014354,2025-11-25 19:02:30.136,0.605948,2.363584,117.568855,0.023560,0.011836,0.977795,0.293143,0.245468,9.936070,0.025636,-0.014451,0.023234,-0.460721,0.515365,-1.188833,100344.0000
1764077550238959169,2025-11-25 19:02:30.236,0.658160,2.440206,117.512405,0.031923,0.033172,0.985059,0.451801,0.424219,9.933793,-0.004775,-0.013260,0.001993,-0.459266,0.515402,-1.187410,100346.0000
1764077550338959891,2025-11-25 19:02:30.336,0.596896,2.472900,117.600723,0.045446,0.025644,0.981112,0.107639,0.174592,9.825791,-0.017449,0.004712,-0.029200,-0.457348,0.516335,-1.188898,100350.0000
1764077550438795224,2025-11-25 19:02:30.436,0.546544,2.413956,117.767487,0.045268,0.000934,0.973374,0.406847,-0.086896,9.770218,0.000026,0.014920,-0.023636,-0.460236,0.514432,-1.187863,100350.0000
1764077550538732724,2025-11-25 19:02:30.536,0.598079,2.299389,117.843620,0.028800,0.003150,0.975833,0.324483,0.072881,10.020535,0.021194,0.022645,0.001168,-0.458340,0.513424,-1.190765,100346.0000
1764077550638869835,2025-11-25 19:02:30.636,0.655482,2.207255,117.780029,0.015259,0.028294,0.986172,0.159231,0.753861,9.820138,0.001279,0.018016,0.016766,-0.457369,0.512036,-1.188832,100346.0000
1764077550740066484,2025-11-25 19:02:30.736,0.619508,2.099800,117.712944,0.020977,0.035371,0.987447,0.250459,0.452827,9.920773,-0.019797,0.024307,-0.007401,-0.454496,0.512486,-1.190807,100344.0000
1764077550840175206,2025-11-25 19:02:30.836,0.515316,1.872456,117.824921,0.026583,0.013993,0.978777,0.262805,-0.988331,9.741152,-0.014243,0.049068,-0.035598,-0.455015,0.512382,-1.195614,100346.0000
1764077550939070613,2025-11-25 19:02:30.936,0.496791,1.544757,118.081558,0.018902,-0.009375,0.966154,0.051969,-0.049807,9.615585,0.011317,0.059720,-0.047623,-0.452635,0.511854,-1.198530,100344.0000
1764077551042253817,2025-11-25 19:02:31.036,0.599586,1.295069,118.306091,-0.007932,0.001378,0.970579,-0.306621,0.632943,9.757442,0.016257,0.023273,-0.027259,-0.453166,0.507949,-1.202316,100346.0000
1764077551138946039,2025-11-25 19:02:31.136,0.674531,1.322358,118.363876,-0.023280,0.028219,0.988596,-0.299156,0.688425,10.079663,0.000948,-0.036430,0.003958,-0.452713,0.504577,-1.203716,100349.0000
1764077551239021076,2025-11-25 19:02:31.236,0.587457,1.559422,118.363342,-0.000844,0.036085,0.991727,0.251541,-0.399896,9.787982,-0.015849,-0.045215,0.002342,-0.454601,0.505137,-1.199362,100352.0000
1764077551339391983,2025-11-25 19:02:31.336,0.423471,1.770141,118.514969,0.029071,0.018907,0.980113,0.394002,0.426169,9.634730,-0.025641,-0.024247,-0.047887,-0.457907,0.505286,-1.191610,100346.0000
1764077551438746872,2025-11-25 19:02:31.436,0.405709,1.751770,118.857536,0.046498,-0.021293,0.961797,0.501724,-0.031396,9.665397,0.011523,0.026348,-0.071890,-0.459872,0.503285,-1.195403,100346.0000
1764077551538528946,2025-11-25 19:02:31.536,0.573212,1.543044,119.173172,0.024814,-0.011295,0.966558,-0.029425,0.168634,9.794208,0.038547,0.035764,-0.037990,-0.460885,0.499377,-1.199182,100342.0000
1764077551638936020,2025-11-25 19:02:31.636,0.698680,1.432640,119.263466,-0.005028,0.030743,0.985826,0.109995,-0.140105,9.893450,0.009249,-0.000298,0.001149,-0.459004,0.495971,-1.202528,100346.0000
1764077551738379224,2025-11-25 19:02:31.736,0.637677,1.548965,119.208534,-0.006531,0.045403,0.991006,0.336057,0.940296,10.097886,-0.022245,-0.036830,0.018671,-0.462337,0.498405,-1.199627,100356.0000
1764077551841773890,2025-11-25 19:02:31.836,0.461057,1.815774,119.252686,0.014872,0.023466,0.981830,-0.083197,0.056212,9.626527,-0.034454,-0.050876,-0.025402,-0.463748,0.498013,-1.195266,100346.0000
1764077551938629927,2025-11-25 19:02:31.936,0.421766,2.046792,119.503830,0.044602,-0.017616,0.963935,0.981502,-0.479386,9.582243,0.015207,-0.021036,-0.054709,-0.467085,0.495721,-1.189884,100346.0000
1764077552038662168,2025-11-25 19:02:32.036,0.576415,2.094562,119.884735,0.042578,-0.009322,0.966418,0.252502,0.070707,9.690271,0.031293,0.001762,-0.059782,-0.469532,0.492773,-1.193174,100345.0000
1764077552138819538,2025-11-25 19:02:32.136,0.679714,2.094184,120.159569,0.024750,0.024967,0.985139,-0.151919,0.600117,9.903244,0.004843,-0.013266,-0.025855,-0.471003,0.486567,-1.192577,100342.0000
1764077552238057353,2025-11-25 19:02:32.236,0.587283,2.160383,120.232475,0.021971,0.039556,0.990737,0.326843,0.180148,9.997201,-0.033849,-0.016409,-0.002029,-0.470987,0.486608,-1.190651,100347.0000
1764077552338870705,2025-11-25 19:02:32.336,0.395747,2.264610,120.236931,0.030834,0.022437,0.985752,0.319144,0.335749,9.824353,-0.030361,-0.023905,-0.002944,-0.473828,0.489075,-1.186313,100348.0000
1764077552439591242,2025-11-25 19:02:32.436,0.361408,2.342218,120.340958,0.045402,-0.012310,0.969509,0.451314,0.029290,9.596645,0.014815,-0.007265,-0.035091,-0.475772,0.486658,-1.187210,100346.0000
1764077552538678816,2025-11-25 19:02:32.536,0.588982,2.285009,120.546257,0.051138,-0.019637,0.962843,0.451854,-0.051194,9.695174,0.060261,0.022026,-0.029386,-0.477254,0.484191,-1.190522,100348.0000
1764077552638915871,2025-11-25 19:02:32.636,0.783490,2.157464,120.719398,0.031137,0.028502,0.979090,0.193148,0.471361,9.792152,0.008883,0.020478,-0.026150,-0.474872,0.481783,-1.191965,100347.0000
1764077552738761834,2025-11-25 19:02:32.736,0.702062,2.112205,120.742012,0.017260,0.043197,0.985391,-0.034223,0.218528,9.903109,-0.039292,-0.000362,0.012859,-0.478280,0.478363,-1.194752,100346.0000
1764077552838559242,2025-11-25 19:02:32.836,0.450581,2.202887,120.664047,0.020893,0.031397,0.985919,0.289546,0.297048,9.875582,-0.039283,-0.026344,0.018224,-0.474391,0.483198,-1.192957,100348.0000
1764077552938747390,2025-11-25 19:02:32.936,0.327303,2.334350,120.611008,0.039782,-0.008066,0.972384,0.676260,0.219327,9.620927,0.009761,-0.018084,0.001484,-0.478197,0.484238,-1.188101,100340.0000
1764077553038489334,2025-11-25 19:02:33.036,0.507645,2.307650,120.667900,0.049316,-0.015847,0.970773,0.419689,-0.421682,9.843475,0.051010,0.013870,-0.011198,-0.475806,0.483741,-1.189573,100345.0000
1764077553138480112,2025-11-25 19:02:33.136,0.718423,2.254281,120.742485,0.031499,0.026700,0.986027,0.319859,0.257278,9.814594,0.023896,0.001501,-0.007886,-0.474868,0.480381,-1.190499,100348.0000
1764077553238235575,2025-11-25 19:02:33.236,0.698687,2.266283,120.734344,0.037417,0.039104,0.983500,0.361727,0.351417,9.680154,-0.017570,0.000937,0.016012,-0.477273,0.480370,-1.190464,100354.0000
1764077553338597186,2025-11-25 19:02:33.336,0.498488,2.262683,120.651123,0.039734,0.029261,0.977817,0.275940,-0.175459,9.861856,-0.035136,0.000330,0.017211,-0.477261,0.481345,-1.189515,100346.0000
1764077553438798389,2025-11-25 19:02:33.436,0.384262,2.211582,120.562035,0.036893,-0.002601,0.968345,0.406624,-0.065455,9.805782,0.004962,0.010366,0.015944,-0.474831,0.484721,-1.188640,100344.0000
1764077553543718000,2025-11-25 19:02:33.540,0.518281,2.165040,120.502380,0.031272,-0.000710,0.971732,0.282083,0.599857,9.657501,0.032986,0.002186,0.006309,-0.475324,0.486100,-1.191061,100348.0000
1764077553639013111,2025-11-25 19:02:33.636,0.682742,2.152511,120.484550,0.030433,0.023226,0.985560,0.136421,0.146130,9.887829,0.018763,-0.000821,0.007028,-0.472455,0.484182,-1.192037,100343.0000
1764077553738597019,2025-11-25 19:02:33.736,0.666920,2.157561,120.401726,0.031485,0.031827,0.985859,0.324139,0.392209,9.875448,-0.012596,-0.006456,0.025704,-0.473409,0.484198,-1.191060,100344.0000
1764077553839349759,2025-11-25 19:02:33.836,0.542872,2.175506,120.280998,0.038380,0.023456,0.977303,0.811267,0.310773,9.967658,-0.017135,0.000223,0.018510,-0.473408,0.485144,-1.191557,100346.0000
1764077553939037796,2025-11-25 19:02:33.936,0.453078,2.236245,120.131981,0.025689,0.014210,0.975299,0.372102,0.161681,9.789985,-0.007905,-0.016306,0.028995,-0.472880,0.491396,-1.189733,100343.0000
1764077554038942407,2025-11-25 19:02:34.036,0.507334,2.266687,119.958588,0.039384,0.005209,0.974343,0.251783,-0.049719,9.786730,0.024822,-0.002323,0.023368,-0.471447,0.489492,-1.189725,100350.0000
1764077554138666185,2025-11-25 19:02:34.136,0.595538,2.234074,119.836411,0.035701,0.021668,0.982566,0.300161,-0.004809,9.857645,0.011260,0.001236,0.019860,-0.469039,0.491393,-1.190753,100346.0000
1764077554238087704,2025-11-25 19:02:34.236,0.615870,2.183124,119.686783,0.031100,0.017502,0.976894,0.319785,0.328600,9.889681,0.005883,0.001198,0.035944,-0.468547,0.494251,-1.191285,100343.0000
1764077554338689537,2025-11-25 19:02:34.336,0.583550,2.218955,119.536537,0.030571,0.026823,0.974192,0.313400,0.754688,9.597266,-0.009864,-0.012490,0.027815,-0.467098,0.493800,-1.190336,100346.0000
1764077554438766963,2025-11-25 19:02:34.436,0.513504,2.311976,119.352013,0.029583,0.020623,0.976435,0.438685,0.341173,9.856943,-0.006839,-0.020588,0.039238,-0.467063,0.496250,-1.187485,100353.0000
1764077554538622296,2025-11-25 19:02:34.536,0.542776,2.401453,119.152649,0.040926,0.011206,0.975948,0.394575,-0.019436,9.839897,0.020676,-0.005269,0.036761,-0.466076,0.501976,-1.188068,100344.0000
1764077554640209129,2025-11-25 19:02:34.636,0.609115,2.438670,118.953194,0.034459,0.020467,0.986691,0.188885,0.573493,9.795212,0.012311,-0.011225,0.045521,-0.467056,0.500041,-1.188988,100341.0000
1764077554738626537,2025-11-25 19:02:34.736,0.630872,2.452127,118.739548,0.044505,0.024356,0.977258,0.391568,0.626620,9.611126,0.002118,0.009758,0.030418,-0.465111,0.503403,-1.188586,100348.0000
1764077554838674111,2025-11-25 19:02:34.836,0.587960,2.412165,118.559151,0.038454,0.022629,0.978339,0.285581,-0.113527,9.894718,-0.012489,0.003498,0.028025,-0.463168,0.506288,-1.188177,100349.0000
1764077554938735759,2025-11-25 19:02:34.936,0.480915,2.391124,118.384895,0.036646,0.021053,0.971357,0.415534,0.475877,9.511122,-0.019937,-0.001211,0.020559,-0.461713,0.510096,-1.189220,100346.0000
1764077555038634259,2025-11-25 19:02:35.036,0.417053,2.405633,118.218758,0.034910,0.011076,0.973393,0.266616,-0.430693,9.835502,-0.003175,-0.006531,0.020751,-0.460271,0.510570,-1.189729,100353.0000
1764077555138611555,2025-11-25 19:02:35.136,0.435887,2.456597,118.021339,0.037200,0.012884,0.982605,0.526136,0.484415,9.919235,0.017168,-0.009334,0.041526,-0.459767,0.510633,-1.186849,100346.0000
1764077555238883759,2025-11-25 19:02:35.236,0.524089,2.449600,117.830711,0.041549,0.018237,0.979257,0.237921,0.826727,9.665955,0.015294,0.007523,0.030066,-0.457370,0.514862,-1.190801,100341.0000
1764077555340685592,2025-11-25 19:02:35.336,0.614541,2.422480,117.662399,0.036950,0.020645,0.984065,0.161107,0.114868,9.870310,0.018079,0.006122,0.030985,-0.455914,0.516789,-1.190370,100339.0000
1764077555438719592,2025-11-25 19:02:35.436,0.618265,2.418793,117.511230,0.035340,0.026494,0.976451,0.531724,0.723247,9.762204,-0.002237,-0.004109,0.031011,-0.455905,0.516342,-1.188919,100344.0000
1764077555540421981,2025-11-25 19:02:35.536,0.545246,2.474961,117.396393,0.033339,0.020772,0.972101,0.095913,-0.254114,9.718691,-0.014367,-0.016974,0.023016,-0.455873,0.518781,-1.186548,100346.0000
1764077555641496999,2025-11-25 19:02:35.636,0.462025,2.581425,117.266655,0.037506,0.015476,0.975392,0.536994,0.516713,9.745932,-0.014733,-0.020429,0.029164,-0.455867,0.523040,-1.188540,100344.0000
1764077555738527518,2025-11-25 19:02:35.736,0.443860,2.660157,117.121124,0.047522,0.010243,0.975197,0.515344,-0.487732,9.879972,0.005991,-0.005654,0.016736,-0.452473,0.522181,-1.184724,100345.0000
1764077555838675166,2025-11-25 19:02:35.836,0.514198,2.612230,116.948532,0.051661,0.009488,0.983528,0.452545,0.346009,9.824064,0.025851,0.019138,0.039137,-0.452472,0.524538,-1.186205,100344.0000
1764077555942573536,2025-11-25 19:02:35.936,0.616755,2.466193,116.752853,0.043125,0.022263,0.981368,0.476901,0.379531,9.811912,0.010522,0.028704,0.030221,-0.449608,0.525435,-1.189632,100348.0000
1764077556039013036,2025-11-25 19:02:36.036,0.652186,2.324558,116.565910,0.033608,0.022708,0.982935,0.032044,-0.312927,9.731196,0.005766,0.024481,0.046984,-0.447677,0.529702,-1.191652,100350.0000
1764077556138510999,2025-11-25 19:02:36.136,0.592013,2.249938,116.392616,0.028488,0.028298,0.976784,0.280339,0.395265,9.581345,-0.009731,0.005135,0.027622,-0.447667,0.530200,-1.190696,100356.0000
1764077556238524314,2025-11-25 19:02:36.236,0.484681,2.278463,116.235939,0.029580,0.019541,0.972545,0.153385,-0.029246,9.801713,-0.008275,-0.009929,0.024393,-0.444764,0.533557,-1.190790,100345.0000
1764077556338890943,2025-11-25 19:02:36.336,0.429074,2.355181,116.063004,0.032468,0.012428,0.974590,0.519336,0.576637,9.538854,0.000875,-0.010604,0.033781,-0.442821,0.534084,-1.188900,100345.0000
1764077556438586591,2025-11-25 19:02:36.436,0.459098,2.429099,115.885597,0.039240,0.013319,0.975566,0.251952,0.097262,9.789149,0.006647,-0.011122,0.025623,-0.442826,0.536899,-1.191351,100343.0000
1764077556538553610,2025-11-25 19:02:36.536,0.565201,2.467722,115.704666,0.038780,0.012786,0.980939,0.387533,0.230412,9.776867,0.031173,-0.003783,0.034521,-0.441854,0.537402,-1.190410,100347.0000
1764077556638656073,2025-11-25 19:02:36.636,0.664033,2.465517,115.546013,0.040135,0.024179,0.983530,0.265073,0.435970,9.860520,0.013595,0.010040,0.016598,-0.440413,0.536931,-1.190424,100342.0000
1764077556738881461,2025-11-25 19:02:36.736,0.679123,2.440778,115.419342,0.040519,0.026389,0.979174,0.382349,0.357534,9.857318,-0.004338,0.007767,0.023730,-0.441371,0.540707,-1.192394,100351.0000
1764077556840680110,2025-11-25 19:02:36.836,0.613109,2.386115,115.343864,0.037191,0.025252,0.976493,0.609787,0.076912,9.783863,-0.013107,0.011242,0.013634,-0.437969,0.542227,-1.189096,100346.0000
1764077556939083758,2025-11-25 19:02:36.936,0.509165,2.371744,115.279289,0.031777,0.018138,0.973464,0.215901,-0.061411,9.850441,-0.010360,-0.008445,0.010699,-0.435591,0.541221,-1.192005,100348.0000
1764077557038448109,2025-11-25 19:02:37.036,0.437083,2.409459,115.205482,0.035151,0.012323,0.975566,0.324061,0.123355,9.697587,-0.001004,-0.006743,0.017852,-0.439401,0.543663,-1.188615,100342.0000
1764077557138933295,2025-11-25 19:02:37.136,0.456545,2.457652,115.121284,0.035653,0.009102,0.978517,0.421416,0.254654,9.765508,0.011395,-0.002955,0.012180,-0.436503,0.545120,-1.188198,100347.0000
1764077557238015406,2025-11-25 19:02:37.236,0.563117,2.490759,115.031288,0.036875,0.012327,0.979100,0.367047,0.428061,9.920154,0.020826,0.002166,0.012446,-0.436025,0.544644,-1.188198,100342.0000
1764077557338929702,2025-11-25 19:02:37.336,0.682908,2.504297,114.938263,0.038730,0.017538,0.979868,0.673632,0.114702,9.695695,0.016463,0.002260,0.013894,-0.435574,0.543152,-1.191072,100344.0000
1764077557440360239,2025-11-25 19:02:37.436,0.744132,2.498951,114.845589,0.036270,0.025824,0.977991,0.219955,0.337665,9.787395,0.006198,-0.002660,0.019163,-0.434121,0.545069,-1.191123,100346.0000
1764077557539503535,2025-11-25 19:02:37.536,0.708858,2.511738,114.774597,0.035239,0.030201,0.977945,0.434074,0.241392,9.936166,-0.015354,-0.006145,0.011748,-0.432193,0.546501,-1.191654,100342.0000
1764077557638655591,2025-11-25 19:02:37.636,0.587078,2.572238,114.749077,0.038715,0.023099,0.977794,0.153342,-0.035988,9.767508,-0.019835,-0.011611,0.005689,-0.436942,0.549000,-1.185362,100344.0000
1764077557738750961,2025-11-25 19:02:37.736,0.469616,2.629691,114.737305,0.044671,0.012242,0.976257,0.392240,-0.087668,9.654147,-0.018957,-0.007026,0.008351,-0.434541,0.551826,-1.187848,100342.0000
1764077557838702424,2025-11-25 19:02:37.836,0.440005,2.657221,114.713905,0.044978,0.008435,0.976941,0.759640,0.343231,9.750689,0.004457,-0.001212,0.007254,-0.434536,0.549956,-1.185893,100346.0000
1764077557939216461,2025-11-25 19:02:37.936,0.506027,2.643528,114.674385,0.043721,0.006800,0.977641,0.384122,-0.002599,9.746559,0.022667,0.007162,0.015204,-0.432628,0.548979,-1.187351,100344.0000
1764077558038683072,2025-11-25 19:02:38.036,0.634229,2.571415,114.614388,0.044148,0.011154,0.978244,0.551256,0.213522,9.883792,0.023076,0.012249,0.020556,-0.434080,0.549419,-1.188782,100350.0000
1764077558138605794,2025-11-25 19:02:38.136,0.755177,2.476473,114.546150,0.038220,0.023588,0.980040,-0.015678,0.155352,9.744974,0.014416,0.017108,0.011897,-0.433132,0.550328,-1.191217,100344.0000
1764077558238093831,2025-11-25 19:02:38.236,0.765714,2.408838,114.506828,0.036520,0.029549,0.979844,0.461559,0.189821,9.835875,-0.009426,0.008359,-0.001968,-0.430244,0.549873,-1.190771,100346.0000
1764077558338801072,2025-11-25 19:02:38.336,0.663313,2.381704,114.513855,0.038116,0.028628,0.977274,0.676886,0.140327,9.879021,-0.028398,0.000429,-0.007943,-0.433122,0.549414,-1.189277,100350.0000
1764077558439635886,2025-11-25 19:02:38.436,0.512099,2.430328,114.562248,0.031169,0.018627,0.974853,-0.053493,0.258424,9.625341,-0.012781,-0.011102,-0.010792,-0.431680,0.551300,-1.190771,100340.0000
1764077558542509997,2025-11-25 19:02:38.536,0.407419,2.547676,114.616806,0.035875,0.007889,0.976600,0.678041,-0.075131,9.841749,-0.003176,-0.028941,-0.010688,-0.431668,0.552276,-1.189824,100344.0000
1764077558645051460,2025-11-25 19:02:38.641,0.413038,2.643931,114.664986,0.042607,0.003286,0.976944,0.476572,0.388689,9.860953,0.003962,-0.010167,-0.004772,-0.432145,0.548513,-1.186870,100346.0000
1764077558738731034,2025-11-25 19:02:38.736,0.522905,2.672170,114.677086,0.045179,0.004691,0.978166,0.348939,0.380273,9.835134,0.025895,-0.000237,0.009397,-0.435513,0.549911,-1.187805,100341.0000
1764077558838588312,2025-11-25 19:02:38.836,0.665598,2.618221,114.638252,0.045900,0.014661,0.980958,0.804995,0.088932,9.666116,0.028385,0.012232,0.009446,-0.435520,0.549423,-1.188279,100348.0000
1764077558938895997,2025-11-25 19:02:38.936,0.762149,2.514710,114.565170,0.044525,0.022572,0.979212,0.520264,0.551919,9.815455,0.011598,0.019686,0.020122,-0.432177,0.548899,-1.191209,100347.0000
1764077559038458090,2025-11-25 19:02:39.036,0.758862,2.404059,114.500496,0.038563,0.029216,0.977283,0.175196,0.364298,9.971049,-0.016920,0.012577,0.008943,-0.432165,0.549875,-1.190261,100344.0000
1764077559138678053,2025-11-25 19:02:39.136,0.658251,2.336257,114.471779,0.035514,0.024260,0.977426,0.085633,-0.025238,9.761231,-0.025592,0.002789,0.004152,-0.430245,0.552699,-1.192741,100342.0000
1764077559238018145,2025-11-25 19:02:39.236,0.528165,2.323501,114.458511,0.032395,0.015606,0.976205,0.370002,0.299190,9.776194,-0.016272,-0.007918,0.007096,-0.429758,0.553189,-1.192274,100346.0000
1764077559338728145,2025-11-25 19:02:39.336,0.446254,2.393209,114.451271,0.031494,0.009816,0.976809,0.382703,-0.198408,9.553833,-0.009423,-0.015938,0.006041,-0.430201,0.554701,-1.188437,100342.0000
1764077559442729089,2025-11-25 19:02:39.436,0.451147,2.501078,114.441406,0.035558,0.007625,0.979178,0.375592,0.160592,9.710845,0.004196,-0.017686,0.010234,-0.431158,0.554240,-1.187453,100345.0000
1764077559538683275,2025-11-25 19:02:39.536,0.530322,2.581617,114.418633,0.039324,0.008999,0.977733,0.505314,-0.073469,9.867173,0.025412,-0.010368,0.010907,-0.430703,0.552758,-1.189845,100342.0000
1764077559643945089,2025-11-25 19:02:39.636,0.629478,2.617186,114.367004,0.045325,0.016726,0.979236,0.289239,0.438020,9.844226,0.014605,0.004354,0.007436,-0.431659,0.553241,-1.189357,100348.0000
1764077559743811941,2025-11-25 19:02:39.741,0.685673,2.571414,114.297752,0.043498,0.021682,0.977986,0.199137,0.276551,9.604098,-0.000480,0.014887,0.005638,-0.431172,0.553731,-1.188890,100342.0000
1764077559838793034,2025-11-25 19:02:39.836,0.680634,2.484193,114.234749,0.042238,0.024530,0.977152,0.544352,0.496543,9.796585,0.000413,0.012324,0.007226,-0.428760,0.555643,-1.189436,100345.0000
1764077559938744793,2025-11-25 19:02:39.936,0.614425,2.396656,114.206009,0.037893,0.021444,0.977245,0.345653,0.287618,9.769369,-0.014515,0.012630,0.003791,-0.430197,0.556124,-1.188941,100344.0000
1764077560038810385,2025-11-25 19:02:40.036,0.530452,2.335980,114.217918,0.033529,0.015819,0.977771,0.267893,0.222266,9.737300,-0.019141,-0.001481,-0.001386,-0.425384,0.555678,-1.188523,100345.0000
1764077560138773219,2025-11-25 19:02:40.136,0.482222,2.316950,114.255501,0.034896,0.008271,0.978094,0.683084,-0.113340,9.812369,-0.000184,-0.002609,0.003569,-0.428776,0.555602,-1.191362,100344.0000
1764077560238010848,2025-11-25 19:02:40.236,0.478811,2.340554,114.265068,0.031494,0.008725,0.979108,0.577391,0.051407,9.888609,0.003312,-0.005351,0.002276,-0.428284,0.556102,-1.190413,100344.0000
1764077560338878144,2025-11-25 19:02:40.336,0.518649,2.398038,114.241493,0.034974,0.010406,0.978696,0.370777,0.238906,9.842370,0.016209,-0.009902,0.011427,-0.426364,0.556100,-1.190923,100350.0000
1764077560438739404,2025-11-25 19:02:40.436,0.575203,2.460433,114.183632,0.038745,0.013925,0.978480,0.453325,0.040190,9.780540,0.014128,-0.008434,0.011624,-0.428264,0.555686,-1.187518,100352.0000
1764077560538602867,2025-11-25 19:02:40.536,0.629005,2.486117,114.099144,0.037811,0.018058,0.975869,0.155041,0.016990,9.833241,0.007569,0.003179,0.023897,-0.426821,0.557104,-1.188524,100342.0000
1764077560638777052,2025-11-25 19:02:40.636,0.654971,2.469877,114.006119,0.037921,0.020012,0.975995,0.556209,0.182801,9.886031,0.002615,-0.007075,0.025441,-0.426844,0.554686,-1.189931,100350.0000
1764077560738612607,2025-11-25 19:02:40.736,0.654358,2.438749,113.920227,0.039224,0.021185,0.978401,0.621625,0.267165,10.007741,0.004754,0.006549,0.014831,-0.425863,0.558511,-1.190004,100340.0000
1764077560839718626,2025-11-25 19:02:40.837,0.647495,2.380064,113.855431,0.036392,0.018435,0.978214,-0.140827,0.206911,9.760114,-0.000870,0.006305,0.002664,-0.424897,0.559938,-1.190522,100340.0000
1764077560940052070,2025-11-25 19:02:40.936,0.639683,2.333677,113.817390,0.036375,0.016090,0.979332,0.558414,0.553063,9.879185,0.002399,0.003500,-0.000130,-0.423941,0.559455,-1.191010,100346.0000
1764077561038917440,2025-11-25 19:02:41.036,0.631213,2.303847,113.802612,0.037027,0.017324,0.979467,0.291915,0.233749,9.896241,0.003783,0.008870,0.004292,-0.422978,0.558047,-1.190040,100341.0000
1764077561138801459,2025-11-25 19:02:41.136,0.621296,2.301856,113.801559,0.035604,0.016484,0.976662,0.293860,-0.111826,9.719505,-0.002840,-0.004234,0.002676,-0.425390,0.557548,-1.190478,100347.0000
1764077561238090329,2025-11-25 19:02:41.236,0.605064,2.336261,113.806839,0.036294,0.018122,0.977318,0.730069,0.196821,9.726834,0.002324,-0.006869,0.002346,-0.425368,0.560435,-1.189559,100348.0000
1764077561338707477,2025-11-25 19:02:41.336,0.568528,2.385246,113.824455,0.036223,0.015631,0.977441,0.107916,0.235771,9.549716,0.004709,-0.002072,-0.004664,-0.422963,0.559500,-1.189099,100342.0000
1764077561440506366,2025-11-25 19:02:41.436,0.535531,2.425358,113.848648,0.037244,0.012031,0.978620,0.455413,0.348654,9.703905,-0.003322,-0.003322,-0.004637,-0.425836,0.562353,-1.189100,100344.0000
1764077561538452496,2025-11-25 19:02:41.536,0.533855,2.421159,113.833549,0.038756,0.007653,0.977744,0.484493,0.168684,9.787322,0.002056,0.003251,0.010319,-0.424880,0.561870,-1.189588,100348.0000
1764077561640883421,2025-11-25 19:02:41.636,0.572389,2.408437,113.764198,0.034578,0.013245,0.977838,0.565583,0.529811,9.979902,0.008611,-0.002174,0.018478,-0.425376,0.560414,-1.190522,100346.0000
1764077561738660884,2025-11-25 19:02:41.736,0.619367,2.389924,113.711624,0.037129,0.017234,0.979198,0.241164,0.421567,9.776067,0.014645,0.004491,0.001534,-0.424382,0.562858,-1.188166,100350.0000
1764077561838519162,2025-11-25 19:02:41.836,0.656405,2.356889,113.694221,0.038436,0.018084,0.976867,0.510723,0.092590,9.966921,0.010477,0.008970,-0.000772,-0.423438,0.562344,-1.190098,100344.0000
1764077561938274810,2025-11-25 19:02:41.936,0.664403,2.350207,113.688240,0.034037,0.019290,0.975988,-0.080679,0.144829,9.818398,0.005377,-0.006761,0.004639,-0.422493,0.560417,-1.191046,100346.0000
1764077562038761625,2025-11-25 19:02:42.036,0.634670,2.392226,113.672119,0.034750,0.019726,0.976849,0.486389,0.202668,9.827644,-0.006078,-0.006528,-0.002099,-0.423437,0.561876,-1.189610,100344.0000
1764077562138741255,2025-11-25 19:02:42.136,0.589071,2.418951,113.668350,0.038313,0.013729,0.978849,0.008940,-0.203871,9.767655,-0.006147,-0.002330,0.006250,-0.424424,0.559920,-1.191492,100344.0000
1764077562238094569,2025-11-25 19:02:42.236,0.581749,2.420541,113.682007,0.040394,0.012548,0.980337,0.568659,0.194517,9.934532,0.002204,-0.001286,0.001485,-0.422466,0.559076,-1.186692,100344.0000
1764077562338900347,2025-11-25 19:02:42.336,0.588478,2.407700,113.703987,0.038812,0.015200,0.980716,-0.243857,0.061837,9.751431,-0.002833,0.004802,0.000169,-0.422978,0.558992,-1.190536,100341.0000
1764077562438703551,2025-11-25 19:02:42.436,0.613149,2.394574,113.726166,0.038822,0.014254,0.978728,0.378523,0.085280,9.749266,0.003912,0.000717,-0.010404,-0.425360,0.561400,-1.189093,100344.0000
1764077562538835958,2025-11-25 19:02:42.536,0.638984,2.380991,113.757278,0.041511,0.014716,0.976134,-0.085444,0.242012,9.772378,0.005045,0.002709,-0.004366,-0.425382,0.558513,-1.190011,100342.0000
1764077562638815828,2025-11-25 19:02:42.636,0.648742,2.346968,113.803520,0.040486,0.014819,0.975458,0.439324,0.399430,9.767306,0.003247,0.001899,-0.008460,-0.422478,0.561870,-1.190105,100346.0000
1764077562738453421,2025-11-25 19:02:42.736,0.648758,2.287815,113.844131,0.035824,0.015776,0.974122,0.021506,0.337327,9.769235,-0.000692,0.009778,-0.013690,-0.423449,0.560900,-1.190558,100342.0000
1764077562840635550,2025-11-25 19:02:42.836,0.650034,2.244249,113.857277,0.029794,0.016048,0.976829,0.340457,0.171520,9.815012,-0.004184,0.004639,-0.000922,-0.423473,0.559894,-1.192950,100348.0000
1764077562938615643,2025-11-25 19:02:42.936,0.630511,2.260868,113.881981,0.033526,0.018622,0.981113,0.716585,-0.102056,9.848817,0.004052,-0.007287,-0.000376,-0.424437,0.557999,-1.191944,100353.0000
1764077563039813217,2025-11-25 19:02:43.036,0.611077,2.327751,113.909088,0.033134,0.014041,0.978984,0.397401,-0.038803,9.897257,0.002894,-0.011960,-0.001221,-0.425368,0.561379,-1.190055,100347.0000
1764077563138668309,2025-11-25 19:02:43.136,0.617481,2.392078,113.915314,0.039211,0.013376,0.978080,1.000078,0.102876,9.991127,-0.001061,-0.007334,0.006173,-0.425865,0.558034,-1.189997,100344.0000
1764077563238119809,2025-11-25 19:02:43.236,0.640481,2.424031,113.916420,0.039591,0.014346,0.977244,0.388827,0.063337,9.852498,0.010753,-0.003813,0.000520,-0.426809,0.560906,-1.189545,100354.0000
1764077563338829143,2025-11-25 19:02:43.336,0.672004,2.429991,113.912910,0.042965,0.016342,0.976111,0.211578,0.452879,9.726125,0.008515,0.005944,0.001624,-0.426340,0.559465,-1.190012,100345.0000
1764077563438664254,2025-11-25 19:02:43.436,0.704022,2.408259,113.908501,0.038358,0.017491,0.978463,0.561958,0.252321,9.850112,0.000464,0.004740,0.004237,-0.424394,0.561414,-1.188625,100343.0000
1764077563538724291,2025-11-25 19:02:43.536,0.691230,2.377961,113.919334,0.037303,0.021542,0.979672,-0.007196,0.478149,9.800724,-0.010153,0.003631,-0.009753,-0.425376,0.559002,-1.189537,100350.0000
1764077563638681050,2025-11-25 19:02:43.636,0.655411,2.369653,113.965103,0.038071,0.015384,0.979195,0.395427,-0.059447,9.888455,0.002474,-0.004298,-0.004631,-0.424908,0.559440,-1.191477,100338.0000
1764077563738618568,2025-11-25 19:02:43.736,0.649808,2.350745,114.048874,0.040017,0.011039,0.978147,0.409598,0.138628,9.689784,0.004684,0.008921,-0.013726,-0.424893,0.558536,-1.189056,100342.0000
1764077563838841179,2025-11-25 19:02:43.836,0.656880,2.332249,114.138161,0.038428,0.013164,0.977955,0.586928,-0.068864,9.608786,0.002140,0.004220,-0.006918,-0.426832,0.557074,-1.189968,100341.0000
1764077563938822216,2025-11-25 19:02:43.936,0.659583,2.305993,114.208878,0.039424,0.013499,0.977642,0.260965,-0.017404,9.561060,0.003444,0.012257,-0.010810,-0.426353,0.557544,-1.190464,100339.0000
1764077564038473902,2025-11-25 19:02:44.036,0.664731,2.279382,114.285057,0.038062,0.014807,0.975673,0.820564,0.252294,9.768759,0.007071,0.001510,-0.009855,-0.427802,0.555637,-1.189932,100354.0000
1764077564138870494,2025-11-25 19:02:44.136,0.657693,2.249521,114.388618,0.035959,0.016947,0.977145,0.149891,0.187596,9.587481,-0.002237,-0.001720,-0.014241,-0.428288,0.556092,-1.190895,100347.0000
1764077564238408716,2025-11-25 19:02:44.236,0.641009,2.246109,114.497124,0.033231,0.014277,0.976601,0.571322,0.221142,9.699852,-0.011191,-0.004673,-0.022939,-0.429723,0.554693,-1.188926,100345.0000
1764077564338682827,2025-11-25 19:02:44.336,0.625079,2.289656,114.584976,0.033055,0.014456,0.980486,0.283280,0.086294,9.707362,0.003293,-0.009901,-0.019842,-0.429245,0.554218,-1.188926,100348.0000
1764077564440064346,2025-11-25 19:02:44.436,0.596637,2.361641,114.645927,0.039591,0.015596,0.981318,0.830985,0.320216,9.796882,0.001254,-0.012995,-0.011046,-0.429721,0.553758,-1.187949,100353.0000
1764077564538571198,2025-11-25 19:02:44.536,0.584289,2.393528,114.686790,0.043665,0.010183,0.978325,0.537804,0.243496,9.685979,0.002959,0.001488,0.002654,-0.430687,0.552799,-1.187920,100344.0000
1764077564638720938,2025-11-25 19:02:44.636,0.601674,2.394317,114.707932,0.041885,0.009874,0.976274,0.739646,-0.189603,9.753082,0.011535,0.002751,-0.000540,-0.431178,0.550886,-1.187883,100349.0000
1764077564738781605,2025-11-25 19:02:44.736,0.631047,2.349859,114.701538,0.040669,0.012445,0.974728,0.075540,-0.227819,9.602380,0.009760,0.014716,0.011124,-0.432611,0.552323,-1.187402,100346.0000
1764077564838693012,2025-11-25 19:02:44.836,0.665403,2.300143,114.686432,0.034255,0.016592,0.976492,0.416812,0.507791,9.681101,0.006515,0.008929,0.004121,-0.430213,0.552313,-1.188401,100348.0000
1764077564938789975,2025-11-25 19:02:44.936,0.684208,2.281320,114.669640,0.032844,0.017946,0.980302,0.222777,-0.014823,9.597237,0.005525,-0.000793,0.002199,-0.431673,0.552733,-1.190794,100344.0000
1764077565038833216,2025-11-25 19:02:45.036,0.676566,2.289516,114.659073,0.033347,0.018900,0.979391,0.386393,0.279395,9.638895,-0.003289,-0.005509,0.006394,-0.432622,0.553237,-1.189342,100350.0000
1764077565138406031,2025-11-25 19:02:45.136,0.661935,2.314375,114.664749,0.037388,0.015661,0.979784,0.354755,0.476835,9.657047,-0.003403,-0.001383,-0.004366,-0.430212,0.553258,-1.188897,100344.0000
1764077565240840512,2025-11-25 19:02:45.236,0.658257,2.328914,114.690628,0.038560,0.013418,0.977250,0.732690,0.070358,9.763691,-0.000853,-0.004775,-0.006387,-0.430703,0.552758,-1.189845,100344.0000
1764077565338459660,2025-11-25 19:02:45.336,0.659207,2.331456,114.711472,0.039161,0.013128,0.976166,0.276909,-0.032304,9.775881,0.003513,-0.006533,-0.001501,-0.433078,0.556599,-1.188424,100346.0000
1764077565438539790,2025-11-25 19:02:45.436,0.685215,2.292898,114.731659,0.042539,0.013042,0.975760,0.505402,-0.051341,9.627286,-0.000761,0.005149,-0.004799,-0.428304,0.551336,-1.189859,100350.0000
1764077565538710530,2025-11-25 19:02:45.536,0.722041,2.225553,114.772766,0.038563,0.016237,0.977757,0.065537,0.115755,9.804327,0.005647,0.011635,-0.010077,-0.433615,0.550794,-1.191699,100346.0000
1764077565639194567,2025-11-25 19:02:45.637,0.735381,2.174194,114.837868,0.036335,0.021836,0.981050,0.659518,0.345456,9.779814,-0.002501,0.006543,-0.009856,-0.429291,0.551737,-1.193222,100349.0000
1764077565738964160,2025-11-25 19:02:45.736,0.690162,2.170251,114.910751,0.032789,0.020514,0.980667,-0.133741,0.218711,9.545479,-0.011798,0.002285,-0.003952,-0.430725,0.549871,-1.190764,100350.0000
1764077565838856938,2025-11-25 19:02:45.836,0.637126,2.188394,114.966896,0.036192,0.013002,0.976989,0.468417,0.067441,9.604358,-0.008282,-0.006582,-0.009216,-0.430250,0.549386,-1.191245,100346.0000
1764077565943640030,2025-11-25 19:02:45.941,0.625982,2.196021,115.027519,0.038660,0.008786,0.975229,0.475197,0.111532,9.660252,0.001408,-0.001321,-0.005076,-0.432648,0.551753,-1.191728,100348.0000
1764077566042006400,2025-11-25 19:02:46.036,0.649964,2.207414,115.072334,0.035450,0.011587,0.976327,0.307100,-0.002457,9.808594,0.010115,-0.001276,-0.006003,-0.433127,0.547513,-1.188766,100343.0000
1764077566138839437,2025-11-25 19:02:46.136,0.671410,2.213860,115.081299,0.034691,0.016374,0.978729,0.305610,0.128339,9.895290,0.005832,-0.001169,-0.000464,-0.432650,0.549863,-1.190735,100346.0000
1764077566238101159,2025-11-25 19:02:46.236,0.673048,2.219937,115.061508,0.035828,0.018199,0.979283,0.898921,0.206882,9.946346,0.000864,0.000106,0.006959,-0.432178,0.547954,-1.190713,100344.0000
1764077566339119122,2025-11-25 19:02:46.336,0.659856,2.234097,115.027657,0.034046,0.016806,0.978839,0.173418,-0.024353,9.768681,0.001493,0.002859,0.011652,-0.431675,0.550843,-1.189802,100346.0000
1764077566441151159,2025-11-25 19:02:46.436,0.637423,2.271138,114.979172,0.032316,0.015460,0.978777,0.331527,-0.003447,9.871899,-0.004336,-0.014653,0.010425,-0.432627,0.549924,-1.187847,100343.0000
1764077566538735770,2025-11-25 19:02:46.536,0.620672,2.300691,114.929192,0.038705,0.015780,0.977974,0.617707,0.462624,9.799580,0.000921,-0.003680,0.001732,-0.431656,0.550894,-1.187394,100346.0000
1764077566638559141,2025-11-25 19:02:46.636,0.612533,2.304448,114.873581,0.037699,0.013882,0.978224,0.476012,-0.002772,9.847240,0.002646,0.000960,0.014150,-0.430194,0.553777,-1.186979,100341.0000
1764077566739171826,2025-11-25 19:02:46.736,0.617700,2.288610,114.823021,0.041739,0.014677,0.978481,0.819143,0.417619,9.985723,0.002292,0.008028,0.011134,-0.431173,0.554199,-1.189378,100348.0000
1764077566838867307,2025-11-25 19:02:46.836,0.649196,2.254956,114.769722,0.037072,0.013324,0.977784,0.302506,0.404629,9.614566,0.006006,0.009963,0.003421,-0.431632,0.553313,-1.185987,100354.0000
1764077566939040492,2025-11-25 19:02:46.936,0.693877,2.222938,114.739799,0.035591,0.017590,0.977017,0.550820,0.075610,9.836904,0.008678,0.011356,0.003138,-0.430702,0.551345,-1.188860,100342.0000
1764077567038603455,2025-11-25 19:02:47.036,0.716158,2.215706,114.741951,0.033380,0.018228,0.976473,0.431046,0.054499,9.850915,0.000272,-0.004364,-0.001330,-0.430681,0.551874,-1.186461,100340.0000
1764077567138614344,2025-11-25 19:02:47.136,0.710344,2.223268,114.746658,0.038458,0.017882,0.978039,0.676102,-0.021941,9.960506,-0.007598,-0.000213,-0.000013,-0.429742,0.553230,-1.190348,100343.0000
1764077567238003140,2025-11-25 19:02:47.236,0.697061,2.233489,114.774025,0.035994,0.016038,0.977986,0.277577,-0.159406,9.704943,0.005162,-0.007197,-0.003663,-0.429257,0.551829,-1.188889,100343.0000
1764077567338720196,2025-11-25 19:02:47.336,0.688201,2.252632,114.812408,0.040137,0.017395,0.979266,0.753195,0.226510,9.873889,-0.002761,-0.002389,-0.004226,-0.429756,0.551309,-1.190800,100344.0000
1764077567438897733,2025-11-25 19:02:47.436,0.682640,2.262168,114.858429,0.038202,0.015327,0.978237,0.266510,0.144500,9.673388,-0.003842,0.001738,-0.011265,-0.431671,0.550853,-1.189320,100346.0000
1764077567538864344,2025-11-25 19:02:47.536,0.696876,2.238718,114.903061,0.040730,0.012208,0.976252,0.579676,0.067962,9.697997,0.015467,0.006460,-0.007724,-0.432161,0.549885,-1.189780,100347.0000
1764077567638605436,2025-11-25 19:02:47.636,0.719251,2.191349,114.935600,0.037702,0.015271,0.977546,0.523510,0.407958,9.809981,0.003054,0.008231,-0.004639,-0.430717,0.552250,-1.191282,100349.0000
1764077567742835807,2025-11-25 19:02:47.740,0.722912,2.148778,114.953056,0.034209,0.017858,0.979361,0.238045,0.281156,9.794731,0.004647,0.008561,-0.002788,-0.431233,0.548385,-1.193142,100352.0000
1764077567838868362,2025-11-25 19:02:47.836,0.708046,2.134700,114.952934,0.034682,0.017727,0.979682,0.257259,0.276805,9.806700,-0.006060,-0.003486,-0.000102,-0.431689,0.550334,-1.191239,100343.0000
1764077567941666362,2025-11-25 19:02:47.936,0.668513,2.153956,114.944801,0.032813,0.017846,0.976907,0.469620,0.216730,9.823919,-0.006263,-0.009466,0.004729,-0.431673,0.552733,-1.190794,100356.0000
1764077568039000436,2025-11-25 19:02:48.036,0.638369,2.202972,114.928230,0.036223,0.014597,0.977418,-0.053601,-0.123903,9.879256,-0.001607,-0.006647,0.010143,-0.432130,0.556095,-1.189875,100348.0000
1764077568139134732,2025-11-25 19:02:48.136,0.638204,2.228392,114.902596,0.036153,0.013960,0.978100,0.195568,-0.015594,9.762276,0.001493,-0.007090,0.005585,-0.427821,0.551815,-1.189874,100346.0000
1764077568238013510,2025-11-25 19:02:48.236,0.653648,2.218515,114.872169,0.039508,0.016326,0.979245,0.495341,0.204988,9.745157,0.004816,0.004776,0.008490,-0.432158,0.551308,-1.190283,100344.0000
1764077568338783880,2025-11-25 19:02:48.336,0.668747,2.186906,114.852501,0.037381,0.015676,0.978603,0.207227,0.279585,9.715254,0.009010,0.011934,0.008115,-0.428314,0.551783,-1.191311,100344.0000
1764077568438639103,2025-11-25 19:02:48.436,0.679466,2.155200,114.834908,0.035281,0.017218,0.977198,0.119439,0.413656,9.607770,-0.000903,-0.003655,0.004240,-0.431196,0.552725,-1.191282,100347.0000
1764077568541644491,2025-11-25 19:02:48.536,0.689183,2.142202,114.814842,0.036468,0.015844,0.978005,0.360387,0.076342,9.636341,0.003085,0.002287,-0.000313,-0.431171,0.554677,-1.189386,100344.0000
1764077568638898028,2025-11-25 19:02:48.637,0.693198,2.110384,114.790070,0.036308,0.015501,0.977508,0.385669,0.273907,9.722139,0.006326,0.010623,0.005707,-0.427361,0.552234,-1.192776,100353.0000
1764077568739050102,2025-11-25 19:02:48.736,0.690313,2.023043,114.784554,0.032532,0.018037,0.978592,0.165647,0.161373,9.867293,-0.001625,0.022128,-0.002108,-0.428321,0.551762,-1.192273,100342.0000
1764077568838622621,2025-11-25 19:02:48.836,0.681948,1.922669,114.797325,0.026905,0.016825,0.979647,0.355699,-0.055168,9.893757,-0.000512,0.021336,-0.000150,-0.426856,0.554655,-1.191376,100346.0000
1764077568938924306,2025-11-25 19:02:48.936,0.667606,1.840076,114.833115,0.024154,0.015206,0.979289,-0.071854,0.130671,9.745418,0.004102,0.016042,0.000250,-0.424965,0.554104,-1.195248,100346.0000
1764077569038900769,2025-11-25 19:02:49.036,0.666763,1.783432,114.879112,0.022358,0.011745,0.977069,-0.069863,-0.011107,9.694556,0.003296,0.005502,-0.001117,-0.424948,0.552733,-1.192338,100341.0000
1764077569138480010,2025-11-25 19:02:49.136,0.678433,1.743241,114.949844,0.022180,0.014412,0.975865,0.579799,0.267192,9.720898,0.003880,-0.002785,-0.010589,-0.426898,0.553130,-1.195686,100347.0000
1764077569238067269,2025-11-25 19:02:49.236,0.703916,1.727168,115.057190,0.022333,0.015649,0.978224,0.636009,0.035759,9.631385,0.009172,-0.000464,-0.020803,-0.426894,0.551728,-1.194220,100345.0000
1764077569338664139,2025-11-25 19:02:49.336,0.720599,1.749037,115.196022,0.022966,0.017382,0.981254,0.333368,0.188243,9.863213,-0.002966,-0.005539,-0.025944,-0.427861,0.548410,-1.192710,100346.0000
1764077569438856991,2025-11-25 19:02:49.436,0.717301,1.804066,115.336868,0.026435,0.016021,0.980045,0.505131,0.348011,9.872591,-0.006873,-0.009486,-0.030731,-0.429782,0.549825,-1.193185,100346.0000
1764077569538885343,2025-11-25 19:02:49.536,0.699724,1.853284,115.470169,0.033205,0.012288,0.978753,0.476709,0.220273,9.784179,-0.001088,-0.000457,-0.021919,-0.432220,0.545017,-1.194039,100342.0000
1764077569638346232,2025-11-25 19:02:49.636,0.692845,1.835815,115.604408,0.033018,0.010912,0.977065,0.172956,0.147938,9.785253,0.004361,0.012494,-0.021559,-0.430744,0.546050,-1.190705,100345.0000
1764077569739895009,2025-11-25 19:02:49.736,0.688080,1.784139,115.754280,0.030561,0.015441,0.975371,0.309561,0.216820,9.859805,-0.009797,0.009901,-0.022941,-0.432693,0.542677,-1.191588,100356.0000
1764077569838893805,2025-11-25 19:02:49.836,0.679241,1.737148,115.905769,0.025943,0.012311,0.978098,0.213036,-0.112277,9.766041,-0.004677,0.011528,-0.016708,-0.434640,0.543553,-1.194944,100346.0000
1764077569938143028,2025-11-25 19:02:49.936,0.668018,1.718050,116.032852,0.025990,0.012237,0.979794,0.358311,0.244604,9.949044,0.000730,-0.000972,-0.013417,-0.433693,0.542103,-1.195899,100347.0000
1764077570038791750,2025-11-25 19:02:50.036,0.655611,1.769391,116.143547,0.026095,0.012821,0.977271,0.169782,0.233404,9.894734,0.001249,-0.011976,-0.012298,-0.437524,0.542604,-1.193924,100352.0000
1764077570138559898,2025-11-25 19:02:50.136,0.655201,1.863537,116.224411,0.028097,0.012072,0.977561,0.543271,0.260439,9.726609,0.004565,-0.018132,-0.010533,-0.437992,0.538395,-1.189519,100344.0000
1764077570238049750,2025-11-25 19:02:50.236,0.665750,1.960137,116.279137,0.032000,0.013820,0.978997,0.253554,0.333219,9.963093,0.001377,-0.013400,-0.007470,-0.439438,0.539323,-1.190475,100345.0000
1764077570339629990,2025-11-25 19:02:50.336,0.676419,2.016458,116.326591,0.037381,0.015231,0.977739,0.424368,0.495665,9.753797,0.002489,-0.010015,-0.011447,-0.438454,0.538444,-1.187105,100342.0000
1764077570438865231,2025-11-25 19:02:50.436,0.697297,2.041037,116.370934,0.036843,0.013191,0.978055,0.396419,0.189384,9.832233,0.006278,-0.007546,-0.005186,-0.441854,0.538815,-1.191395,100348.0000
1764077570538544287,2025-11-25 19:02:50.536,0.719713,2.054363,116.396423,0.038783,0.012269,0.977070,0.632156,-0.156874,9.893846,0.002790,-0.006056,0.001850,-0.439909,0.538406,-1.188528,100349.0000
1764077570639904712,2025-11-25 19:02:50.636,0.735054,2.093967,116.407028,0.036921,0.017739,0.976188,0.282924,0.286707,9.750473,-0.002340,-0.013321,0.000653,-0.440900,0.538798,-1.192372,100352.0000
1764077570738420768,2025-11-25 19:02:50.736,0.733655,2.159695,116.404266,0.039907,0.016713,0.977610,0.303635,0.274716,9.757947,-0.002672,-0.014706,0.009553,-0.442303,0.540784,-1.188529,100346.0000
1764077570839941675,2025-11-25 19:02:50.836,0.717545,2.210916,116.367943,0.041714,0.016278,0.977054,0.134406,0.279782,9.796601,-0.003869,-0.008952,0.008432,-0.441839,0.536497,-1.187988,100343.0000
1764077570938774897,2025-11-25 19:02:50.936,0.697803,2.245008,116.307648,0.041812,0.015662,0.979236,0.359509,0.012372,9.530311,0.003647,-0.007903,0.014182,-0.442305,0.540306,-1.188521,100346.0000
1764077571038453508,2025-11-25 19:02:51.036,0.682265,2.288389,116.234383,0.042227,0.015564,0.977758,0.247913,0.113410,9.877973,-0.004368,-0.008493,0.010217,-0.440845,0.539886,-1.186128,100342.0000
1764077571138735768,2025-11-25 19:02:51.136,0.690457,2.321551,116.131371,0.047088,0.011114,0.978365,0.382533,-0.035577,9.610455,0.008845,0.003720,0.026063,-0.441334,0.539864,-1.187084,100342.0000
1764077571238022175,2025-11-25 19:02:51.236,0.713626,2.309533,115.997025,0.046061,0.016503,0.979240,0.609034,0.422555,9.758512,0.007109,0.011475,0.031705,-0.437482,0.544129,-1.189614,100343.0000
1764077571338659971,2025-11-25 19:02:51.336,0.732859,2.243392,115.830696,0.044649,0.018467,0.977347,0.269598,0.193575,9.788936,0.002748,0.014544,0.035364,-0.441328,0.543177,-1.188580,100350.0000
1764077571438687564,2025-11-25 19:02:51.436,0.739801,2.168718,115.652779,0.040591,0.020114,0.978519,0.248454,0.397418,9.718309,-0.003422,0.019445,0.035324,-0.436987,0.546997,-1.189665,100349.0000
1764077571538926101,2025-11-25 19:02:51.536,0.730997,2.110098,115.491234,0.035688,0.022174,0.976671,0.180375,0.548555,9.943370,-0.003999,0.007560,0.028933,-0.434074,0.549907,-1.188307,100347.0000
1764077571638777582,2025-11-25 19:02:51.636,0.712915,2.090720,115.346504,0.034182,0.018348,0.976926,-0.069215,0.154664,9.454883,-0.002482,-0.006633,0.033933,-0.433594,0.550377,-1.188803,100346.0000
1764077571738682008,2025-11-25 19:02:51.736,0.697853,2.108637,115.206688,0.035970,0.017668,0.979168,0.319696,0.287358,9.904117,-0.005572,-0.010960,0.025391,-0.431664,0.552286,-1.189342,100346.0000
1764077571841967897,2025-11-25 19:02:51.836,0.702410,2.124257,115.064934,0.039071,0.016057,0.977636,0.397190,0.221875,9.899835,0.004195,-0.010019,0.021538,-0.431643,0.554227,-1.187927,100341.0000
1764077571938572804,2025-11-25 19:02:51.936,0.718507,2.126683,114.916283,0.039707,0.019549,0.978084,0.212350,-0.055482,9.627952,0.008671,0.005332,0.026830,-0.427821,0.554173,-1.191354,100348.0000
1764077572038576397,2025-11-25 19:02:52.036,0.737265,2.111113,114.765594,0.036533,0.018199,0.977287,0.338957,-0.212288,9.914545,0.007145,0.001909,0.028888,-0.428296,0.554659,-1.190873,100344.0000
1764077572138656989,2025-11-25 19:02:52.136,0.756836,2.108814,114.612488,0.037812,0.019609,0.977554,0.339941,-0.024995,9.862544,0.002445,0.003009,0.027100,-0.426374,0.557015,-1.192863,100351.0000
1764077572238041397,2025-11-25 19:02:52.236,0.770193,2.131523,114.463577,0.038254,0.022164,0.978452,0.151359,0.538247,9.686405,0.007304,-0.001284,0.030352,-0.425371,0.561369,-1.190537,100338.0000
1764077572338610415,2025-11-25 19:02:52.336,0.760950,2.160230,114.328430,0.039930,0.021874,0.978610,0.221457,0.035915,9.558527,0.000596,-0.001205,0.029334,-0.423437,0.560931,-1.189114,100348.0000
1764077572439116637,2025-11-25 19:02:52.436,0.736135,2.158470,114.211288,0.039680,0.019391,0.978264,0.237342,0.445806,9.768147,-0.000733,-0.001047,0.022841,-0.423457,0.560880,-1.191521,100344.0000
1764077572538635915,2025-11-25 19:02:52.536,0.708267,2.151842,114.086494,0.041142,0.017152,0.977713,0.577419,0.044128,9.923112,-0.001067,-0.003072,0.022307,-0.423422,0.563330,-1.188669,100346.0000
1764077572638814693,2025-11-25 19:02:52.636,0.686602,2.124360,113.950714,0.042056,0.017406,0.977830,0.826116,0.584457,9.816141,-0.000073,0.008522,0.016994,-0.422460,0.564747,-1.189668,100347.0000
1764077572738497767,2025-11-25 19:02:52.736,0.686147,2.078159,113.827667,0.038599,0.015506,0.977722,0.538879,0.323344,9.938906,-0.001829,0.010250,0.016307,-0.418602,0.565729,-1.189258,100346.0000
1764077572838611507,2025-11-25 19:02:52.836,0.695217,2.023776,113.725159,0.034507,0.015604,0.977057,0.313902,0.168561,9.615464,0.012344,0.012073,0.020807,-0.418603,0.567142,-1.190243,100344.0000
1764077572939520581,2025-11-25 19:02:52.936,0.708923,1.999776,113.641930,0.031938,0.019569,0.978720,0.380374,0.016056,9.634665,0.009556,0.005192,0.012295,-0.417642,0.569026,-1.191730,100352.0000
1764077573041349600,2025-11-25 19:02:53.036,0.712487,2.007278,113.586967,0.031875,0.018843,0.978419,0.079903,-0.006133,9.681732,-0.002872,-0.002328,0.012478,-0.414742,0.569548,-1.190336,100342.0000
1764077573138523970,2025-11-25 19:02:53.136,0.713081,2.014249,113.557640,0.033605,0.018517,0.976505,0.431447,0.384639,9.749854,0.001248,-0.004636,0.007032,-0.414757,0.567149,-1.190781,100342.0000
1764077573238205970,2025-11-25 19:02:53.236,0.706527,1.973771,113.559334,0.034482,0.016606,0.977152,0.387430,0.203584,9.662480,-0.002057,0.007620,0.004046,-0.416188,0.570476,-1.191292,100346.0000
1764077573340873007,2025-11-25 19:02:53.336,0.690393,1.881768,113.580856,0.031712,0.017181,0.978700,0.509750,0.215690,9.886615,-0.006612,0.015978,-0.007190,-0.413798,0.568088,-1.191773,100350.0000
1764077573441717229,2025-11-25 19:02:53.436,0.676495,1.753022,113.635162,0.028647,0.015656,0.980478,0.330028,0.155635,9.673522,-0.003018,0.028156,-0.013016,-0.415238,0.568092,-1.191270,100344.0000
1764077573538575211,2025-11-25 19:02:53.536,0.675378,1.627890,113.731255,0.021950,0.013161,0.980944,0.223791,0.096640,9.711733,0.000531,0.026992,-0.017389,-0.415756,0.567521,-1.195588,100344.0000
1764077573638573988,2025-11-25 19:02:53.636,0.673564,1.551587,113.867081,0.019892,0.013716,0.979541,0.176735,-0.068484,9.661292,0.000140,0.009006,-0.024000,-0.412863,0.568021,-1.195157,100345.0000
1764077573738493211,2025-11-25 19:02:53.736,0.683303,1.538249,114.004791,0.020080,0.010496,0.977784,0.343381,-0.165910,9.682210,0.004202,-0.001038,-0.019568,-0.415294,0.563701,-1.195536,100338.0000
1764077573838566525,2025-11-25 19:02:53.836,0.699898,1.572533,114.122910,0.020871,0.013374,0.977855,0.216483,0.225036,9.851068,0.001597,-0.006325,-0.017330,-0.415317,0.561282,-1.196944,100339.0000
1764077573939357747,2025-11-25 19:02:53.936,0.702532,1.600278,114.249161,0.024217,0.016376,0.975839,0.295707,0.319394,9.955374,-0.005300,-0.008247,-0.026849,-0.419169,0.560787,-1.196880,100347.0000
1764077574038923155,2025-11-25 19:02:54.036,0.690005,1.633230,114.396294,0.026940,0.011909,0.975753,0.472068,0.057426,9.672898,-0.003909,-0.010614,-0.011797,-0.418660,0.561806,-1.194013,100345.0000
1764077574138898470,2025-11-25 19:02:54.136,0.673333,1.688914,114.549812,0.028459,0.015058,0.978975,0.252809,0.110884,9.698704,-0.005637,-0.007971,-0.030563,-0.421081,0.560342,-1.194919,100346.0000
1764077574238061025,2025-11-25 19:02:54.236,0.667475,1.746572,114.698494,0.030907,0.012136,0.978703,0.114882,-0.064790,9.811941,-0.001463,-0.011057,-0.026869,-0.423969,0.558438,-1.193884,100342.0000
1764077574340131155,2025-11-25 19:02:54.336,0.667915,1.783446,114.849754,0.034035,0.012443,0.978938,0.079324,0.090613,9.893579,0.001970,-0.004017,-0.029232,-0.423486,0.557973,-1.193402,100348.0000
1764077574438966599,2025-11-25 19:02:54.436,0.676052,1.779820,115.010910,0.032968,0.012441,0.977867,0.052436,0.155672,9.888370,-0.000553,-0.000898,-0.030900,-0.423968,0.555613,-1.191914,100342.0000
1764077574538599914,2025-11-25 19:02:54.536,0.682389,1.726196,115.170265,0.029723,0.013571,0.977869,0.239861,0.344516,9.736971,0.000026,0.007286,-0.024612,-0.426408,0.552685,-1.194242,100343.0000
1764077574638869747,2025-11-25 19:02:54.636,0.683319,1.649786,115.351395,0.027985,0.011590,0.978700,0.115508,-0.308698,9.744581,0.000754,0.009707,-0.027707,-0.427845,0.552222,-1.193251,100348.0000
1764077574738561914,2025-11-25 19:02:54.736,0.688460,1.619861,115.549835,0.023692,0.013619,0.978331,0.202115,0.265132,9.733340,-0.003919,-0.004969,-0.037608,-0.430755,0.550735,-1.195111,100340.0000
1764077574838708136,2025-11-25 19:02:54.836,0.695919,1.658216,115.733391,0.024761,0.012303,0.978422,0.375237,0.227475,9.793543,0.004587,-0.010473,-0.024966,-0.429799,0.546481,-1.193134,100345.0000
1764077574939108302,2025-11-25 19:02:54.936,0.700120,1.728588,115.896507,0.028195,0.013970,0.978409,0.143290,0.179614,9.893149,0.001419,-0.008743,-0.017391,-0.430770,0.545511,-1.193586,100345.0000
1764077575038481543,2025-11-25 19:02:55.036,0.707636,1.783673,116.043907,0.029414,0.012679,0.976994,0.026724,0.351323,9.572707,-0.001820,-0.007259,-0.020233,-0.432690,0.544100,-1.192092,100347.0000
1764077575138637173,2025-11-25 19:02:55.136,0.707299,1.804634,116.185890,0.030326,0.014438,0.978012,0.260475,-0.048035,9.615354,-0.005814,-0.007102,-0.027732,-0.434619,0.541723,-1.191064,100336.0000
1764077575238063543,2025-11-25 19:02:55.236,0.701395,1.825495,116.313263,0.034091,0.012766,0.977750,0.485517,0.474244,9.977761,0.003768,-0.008485,-0.020864,-0.437031,0.541225,-1.191502,100347.0000
1764077575338530747,2025-11-25 19:02:55.336,0.688470,1.840829,116.438141,0.035735,0.015472,0.977290,0.567037,0.043454,9.820572,-0.001692,-0.001452,-0.026285,-0.437509,0.537930,-1.189037,100340.0000
1764077575441058839,2025-11-25 19:02:55.436,0.673676,1.840598,116.578438,0.035139,0.013222,0.978254,0.450775,-0.061459,9.687943,0.002817,-0.000443,-0.020407,-0.438467,0.538881,-1.189037,100346.0000
1764077575538989543,2025-11-25 19:02:55.536,0.673342,1.830992,116.723457,0.032374,0.011792,0.979567,0.251369,0.200259,9.666664,0.009859,-0.000486,-0.016993,-0.438967,0.537415,-1.190452,100343.0000
1764077575638569135,2025-11-25 19:02:55.636,0.690117,1.835027,116.891548,0.033240,0.013793,0.978392,0.520560,0.273973,9.858889,0.000183,-0.007537,-0.027139,-0.439458,0.536915,-1.191401,100348.0000
1764077575739050598,2025-11-25 19:02:55.736,0.717648,1.862790,117.065125,0.034645,0.011117,0.977950,0.103510,0.061462,9.671206,0.002156,-0.004178,-0.023090,-0.440435,0.534044,-1.191343,100352.0000
1764077575839154246,2025-11-25 19:02:55.836,0.743141,1.903232,117.218262,0.037202,0.014053,0.978283,0.432238,0.487935,9.636132,0.007392,-0.004432,-0.023024,-0.443810,0.532596,-1.191271,100346.0000
1764077575938913135,2025-11-25 19:02:55.936,0.742924,1.911238,117.358788,0.038647,0.014825,0.977384,0.208930,0.289179,9.704209,0.004465,0.002345,-0.019129,-0.446236,0.529231,-1.191666,100344.0000
1764077576038950080,2025-11-25 19:02:56.036,0.718192,1.892750,117.483711,0.039605,0.016351,0.977976,0.354215,0.211753,9.740850,-0.012387,0.010701,-0.023869,-0.447198,0.529227,-1.191651,100342.0000
1764077576138923820,2025-11-25 19:02:56.136,0.680410,1.851701,117.589729,0.035978,0.013712,0.978958,0.337366,-0.186434,9.828460,-0.012790,0.001020,-0.020894,-0.448156,0.530178,-1.191652,100348.0000
1764077576237942505,2025-11-25 19:02:56.236,0.647253,1.818385,117.684792,0.034514,0.012189,0.978494,0.129775,-0.230598,10.015449,0.004773,0.002262,-0.013097,-0.445745,0.529731,-1.190718,100340.0000
1764077576338688413,2025-11-25 19:02:56.336,0.637311,1.809316,117.767807,0.033578,0.011107,0.976835,0.242502,0.413594,9.742642,0.004848,-0.005278,-0.004291,-0.447684,0.529215,-1.192125,100349.0000
1764077576438686987,2025-11-25 19:02:56.436,0.651394,1.868402,117.832756,0.032761,0.012346,0.978479,0.280216,0.087199,9.774558,-0.000490,-0.013984,-0.009056,-0.448645,0.527798,-1.191127,100356.0000
1764077576538596376,2025-11-25 19:02:56.536,0.674254,1.948824,117.883095,0.036838,0.013540,0.977584,0.405847,0.300029,9.801724,0.006877,-0.011970,-0.005609,-0.449117,0.525936,-1.188683,100342.0000
1764077576639035876,2025-11-25 19:02:56.636,0.693385,2.003612,117.923912,0.041149,0.013935,0.978305,0.489551,-0.080293,9.715231,0.007259,-0.000511,0.000141,-0.451538,0.525884,-1.190573,100339.0000
1764077576738640450,2025-11-25 19:02:56.736,0.703586,1.991615,117.942970,0.040824,0.016151,0.978393,0.377068,0.538857,9.807216,0.001468,0.007200,0.003009,-0.450054,0.526470,-1.185788,100349.0000
1764077576840098283,2025-11-25 19:02:56.838,0.697866,1.930698,117.943214,0.038507,0.016518,0.976663,0.681302,0.366111,9.815128,-0.001993,0.016294,0.000706,-0.450561,0.524984,-1.188166,100350.0000
1764077576939893820,2025-11-25 19:02:56.936,0.682979,1.872568,117.946114,0.032755,0.015129,0.978178,0.147879,-0.269544,9.885026,0.003086,0.000958,-0.004941,-0.448155,0.524995,-1.188202,100352.0000
1764077577038868264,2025-11-25 19:02:57.036,0.665242,1.855810,117.957161,0.032310,0.014890,0.978895,0.438956,0.095897,9.655887,0.005811,0.001385,0.005976,-0.448163,0.527332,-1.190645,100348.0000
1764077577138643634,2025-11-25 19:02:57.136,0.651497,1.883858,117.950676,0.030931,0.014241,0.979828,0.402635,-0.165028,9.897771,0.005335,-0.010840,0.013413,-0.449134,0.525417,-1.190601,100344.0000
1764077577238290968,2025-11-25 19:02:57.236,0.651537,1.932942,117.926659,0.034171,0.014090,0.977674,0.366113,0.241432,9.780502,0.005858,-0.005431,0.007766,-0.448135,0.529761,-1.188756,100345.0000
1764077577338900801,2025-11-25 19:02:57.336,0.667520,1.994653,117.893356,0.036245,0.013344,0.977678,0.372521,-0.232769,9.962950,0.007448,-0.012161,0.007657,-0.449596,0.527824,-1.189668,100345.0000
1764077577441284838,2025-11-25 19:02:57.436,0.695390,2.036372,117.831512,0.040397,0.014416,0.976075,0.402899,0.372610,9.488902,0.011486,-0.012772,0.016824,-0.450572,0.525899,-1.190106,100343.0000
1764077577538962097,2025-11-25 19:02:57.536,0.713907,2.064297,117.757149,0.041450,0.018093,0.978093,0.415845,0.199424,9.853006,0.001102,-0.003900,0.009000,-0.451044,0.526862,-1.189633,100346.0000
1764077577639797856,2025-11-25 19:02:57.636,0.717186,2.061200,117.669518,0.041745,0.017111,0.977059,0.400901,0.443649,9.724025,-0.000761,0.005235,0.017399,-0.450085,0.527802,-1.190624,100344.0000
1764077577738789134,2025-11-25 19:02:57.736,0.701377,2.022412,117.598946,0.039675,0.017140,0.980038,0.566887,-0.038946,9.880592,-0.003916,0.007724,0.011003,-0.446695,0.528345,-1.188274,100348.0000
1764077577839754523,2025-11-25 19:02:57.836,0.687259,1.971729,117.521301,0.038646,0.015725,0.978054,0.136014,-0.183384,9.791521,0.006020,0.006233,0.019684,-0.447640,0.532630,-1.188807,100344.0000
1764077577938942227,2025-11-25 19:02:57.936,0.673750,1.937627,117.435776,0.037178,0.017654,0.977922,0.053502,0.351224,9.689541,-0.001398,0.002547,0.016381,-0.447158,0.531219,-1.187830,100349.0000
1764077578038742171,2025-11-25 19:02:58.036,0.675297,1.903922,117.353577,0.034412,0.015721,0.977858,0.313988,0.166820,9.641397,0.008813,-0.000911,0.017681,-0.443315,0.533106,-1.189841,100342.0000
1764077578138757226,2025-11-25 19:02:58.136,0.680887,1.892179,117.280167,0.034322,0.015306,0.977541,0.445530,0.157818,9.829033,0.011217,-0.007573,0.018654,-0.442345,0.534544,-1.189877,100350.0000
1764077578237986838,2025-11-25 19:02:58.236,0.693368,1.915910,117.221405,0.035672,0.018457,0.977706,0.417357,0.480516,9.725701,0.002168,-0.010986,0.014061,-0.441388,0.533593,-1.189877,100342.0000
1764077578339281208,2025-11-25 19:02:58.336,0.707601,1.969112,117.162605,0.037718,0.017353,0.977681,0.568663,0.457829,9.702332,-0.001798,-0.006450,0.009924,-0.440897,0.535506,-1.189914,100347.0000
1764077578438705097,2025-11-25 19:02:58.436,0.723564,2.012742,117.115654,0.039161,0.015986,0.978754,0.472980,0.281135,9.780866,0.004422,-0.000041,0.002690,-0.443297,0.535983,-1.189404,100348.0000
1764077578538461319,2025-11-25 19:02:58.536,0.740723,2.040102,117.090675,0.037658,0.018901,0.977125,0.000353,0.435882,9.648766,-0.000813,-0.007987,0.007830,-0.442810,0.535527,-1.188441,100342.0000
1764077578638550504,2025-11-25 19:02:58.636,0.749044,2.049247,117.085327,0.040970,0.016435,0.978725,0.751918,-0.065731,9.850527,0.006386,-0.001676,-0.000397,-0.443294,0.536460,-1.189411,100342.0000
1764077578738429541,2025-11-25 19:02:58.736,0.747951,2.038200,117.088417,0.040410,0.016893,0.977480,0.795049,-0.114487,9.981800,-0.000366,-0.000044,0.001572,-0.442834,0.533109,-1.189848,100343.0000
1764077578838810948,2025-11-25 19:02:58.836,0.735697,2.028485,117.080635,0.040986,0.018028,0.978161,0.797045,0.379573,9.913757,-0.007771,0.007222,0.007076,-0.443294,0.535048,-1.188427,100341.0000
1764077578938784152,2025-11-25 19:02:58.936,0.710568,2.032400,117.058212,0.037929,0.015531,0.977914,0.476325,0.266663,9.756221,-0.005589,-0.000838,0.011373,-0.442327,0.535062,-1.187959,100345.0000
1764077579038658133,2025-11-25 19:02:59.036,0.687029,2.053071,117.010757,0.038503,0.014857,0.976878,0.133385,0.178718,9.748041,0.002851,-0.006811,0.015207,-0.444243,0.536019,-1.187464,100350.0000
1764077579138668226,2025-11-25 19:02:59.136,0.675785,2.076393,116.952362,0.039258,0.013925,0.976947,0.088984,0.176910,9.742201,0.004952,-0.005851,0.011455,-0.444709,0.538416,-1.187012,100354.0000
1764077579238193911,2025-11-25 19:02:59.236,0.680372,2.080004,116.889465,0.039366,0.015751,0.977486,0.404011,0.358329,9.757091,0.003068,-0.002100,0.002265,-0.441808,0.540349,-1.186603,100344.0000
1764077579339917596,2025-11-25 19:02:59.336,0.695930,2.068151,116.826195,0.039144,0.016993,0.977943,0.739512,0.240618,9.746803,0.006820,-0.000569,0.006465,-0.442812,0.537408,-1.189914,100346.0000
1764077579438699337,2025-11-25 19:02:59.436,0.713528,2.059551,116.761391,0.037868,0.014840,0.978240,0.164857,-0.042623,9.593612,0.011765,-0.001029,0.017064,-0.440871,0.540760,-1.189994,100339.0000
1764077579538511800,2025-11-25 19:02:59.536,0.724844,2.072704,116.704872,0.034890,0.018001,0.978040,0.012875,0.217724,9.727767,0.010101,-0.010518,0.013257,-0.440392,0.538872,-1.189009,100350.0000
1764077579638734263,2025-11-25 19:02:59.636,0.722332,2.113312,116.660095,0.041700,0.018298,0.978741,0.679549,0.415043,9.925413,0.001276,-0.007566,0.007704,-0.442298,0.539382,-1.187062,100346.0000
1764077579738736003,2025-11-25 19:02:59.736,0.713103,2.145468,116.614197,0.042870,0.016551,0.977325,0.586158,0.291933,9.803674,-0.004107,-0.000905,0.005899,-0.441342,0.538898,-1.187551,100346.0000
1764077579838970596,2025-11-25 19:02:59.836,0.698194,2.134984,116.570114,0.043694,0.016344,0.977435,0.125180,0.284092,9.815932,-0.001704,0.007043,0.008284,-0.438425,0.541818,-1.185712,100340.0000
1764077579939466929,2025-11-25 19:02:59.936,0.687585,2.100341,116.527878,0.040692,0.015973,0.977015,0.240623,0.303182,9.734723,-0.004835,0.003775,0.006972,-0.438454,0.542214,-1.189570,100346.0000
1764077580038702744,2025-11-25 19:03:00.036,0.690397,2.061126,116.488861,0.039018,0.014506,0.978071,0.555590,0.014411,9.810422,0.005205,-0.000853,0.010172,-0.437011,0.541276,-1.189096,100340.0000
1764077580138213762,2025-11-25 19:03:00.136,0.704911,2.024814,116.445831,0.039306,0.014853,0.978905,0.682638,-0.018887,9.899993,0.002913,0.011145,0.011783,-0.438437,0.541788,-1.187156,100346.0000
1764077580237994762,2025-11-25 19:03:00.236,0.720822,2.016935,116.405579,0.035628,0.017694,0.977043,0.201896,0.343036,9.777043,0.001240,-0.004084,0.011572,-0.437974,0.543629,-1.190562,100349.0000
1764077580339455058,2025-11-25 19:03:00.336,0.726113,2.028014,116.367889,0.038031,0.017336,0.978423,0.000957,-0.144038,9.682493,0.006502,-0.001352,0.010103,-0.435055,0.544669,-1.187250,100344.0000
1764077580440235614,2025-11-25 19:03:00.436,0.716294,2.028855,116.332466,0.039351,0.016534,0.978498,0.242233,0.137717,9.735826,0.004992,-0.001817,0.010592,-0.436533,0.540800,-1.189095,100342.0000
1764077580538995632,2025-11-25 19:03:00.536,0.702790,2.010012,116.293083,0.041278,0.017062,0.978780,0.487441,0.185626,9.591269,-0.000186,0.006332,0.006478,-0.436047,0.543170,-1.190102,100346.0000
1764077580644264447,2025-11-25 19:03:00.637,0.695283,1.966670,116.242142,0.037954,0.015816,0.977465,0.335683,0.070798,9.670058,-0.003930,0.009920,0.003151,-0.435070,0.544628,-1.189175,100344.0000
1764077580738597595,2025-11-25 19:03:00.736,0.690361,1.935236,116.198105,0.033332,0.015580,0.976696,0.135305,0.281155,9.892975,0.003427,0.006193,0.007986,-0.437003,0.546011,-1.191095,100340.0000
1764077580840592595,2025-11-25 19:03:00.836,0.690339,1.932208,116.154282,0.033757,0.015354,0.976899,0.462614,0.379247,10.032894,-0.001219,-0.005896,0.006357,-0.433615,0.544665,-1.187753,100348.0000
1764077580938552503,2025-11-25 19:03:00.936,0.696170,1.951347,116.106674,0.034261,0.015870,0.976611,0.493532,0.093615,9.883272,0.000900,-0.005303,0.009902,-0.435550,0.547929,-1.191145,100344.0000
1764077581038876503,2025-11-25 19:03:01.036,0.705175,2.009535,116.037140,0.034648,0.016803,0.979016,-0.151255,0.146979,9.742828,0.001310,-0.009588,0.009117,-0.433144,0.548885,-1.191676,100350.0000
1764077581143276984,2025-11-25 19:03:01.136,0.721025,2.095531,115.964500,0.036789,0.016843,0.978131,0.331786,-0.075508,9.681259,0.012600,-0.021700,0.010035,-0.433605,0.547521,-1.188278,100343.0000
1764077581237991428,2025-11-25 19:03:01.236,0.734726,2.173812,115.920609,0.046194,0.019202,0.978742,0.268663,0.333786,9.912229,0.009094,-0.012087,0.005544,-0.435523,0.548000,-1.187775,100340.0000
1764077581338659410,2025-11-25 19:03:01.336,0.744572,2.209108,115.893234,0.047375,0.017297,0.977090,0.540327,-0.084132,9.753883,0.005937,-0.000371,0.007346,-0.435023,0.549466,-1.186360,100344.0000
1764077581440537743,2025-11-25 19:03:01.436,0.754430,2.177294,115.872643,0.048227,0.018143,0.978124,0.903902,0.502674,9.920872,0.000640,0.013373,0.009636,-0.435999,0.549898,-1.188279,100342.0000
1764077581541928021,2025-11-25 19:03:01.536,0.751006,2.102548,115.857368,0.041038,0.017228,0.977882,0.009302,0.243478,9.628945,0.000745,0.016783,0.004954,-0.435523,0.550358,-1.189256,100345.0000
1764077581638643780,2025-11-25 19:03:01.636,0.749450,2.042395,115.830063,0.036411,0.018547,0.977436,0.340998,0.494345,9.696875,-0.002225,0.006530,0.000494,-0.431195,0.549900,-1.189313,100344.0000
1764077581740332113,2025-11-25 19:03:01.736,0.746783,2.040438,115.795944,0.035794,0.016283,0.978999,0.500760,-0.224036,9.673124,0.004638,-0.003038,-0.003655,-0.432165,0.549875,-1.190261,100344.0000
1764077581840960576,2025-11-25 19:03:01.836,0.745191,2.077777,115.773552,0.034087,0.018095,0.977753,0.494872,0.261081,9.710932,-0.008866,-0.007836,0.006065,-0.435053,0.548917,-1.189723,100339.0000
1764077581939189409,2025-11-25 19:03:01.936,0.744419,2.124472,115.756668,0.039960,0.016834,0.976806,0.391278,-0.204895,9.589432,-0.001960,-0.008318,0.008610,-0.432618,0.550890,-1.187380,100352.0000
1764077582038641928,2025-11-25 19:03:02.036,0.744002,2.152888,115.760971,0.040670,0.019043,0.977928,0.460771,0.373648,9.660334,-0.000014,-0.006137,-0.000304,-0.434066,0.548515,-1.186360,100346.0000
1764077582138681965,2025-11-25 19:03:02.136,0.742869,2.165082,115.790054,0.044519,0.016053,0.978523,0.488961,0.024052,9.706280,0.005624,0.005296,-0.005399,-0.434055,0.551371,-1.186885,100347.0000
1764077582238105520,2025-11-25 19:03:02.236,0.732200,2.160642,115.828346,0.041760,0.018074,0.977712,0.249943,0.216265,9.603534,0.000211,0.006758,-0.006724,-0.433606,0.547988,-1.188767,100345.0000
1764077582338948483,2025-11-25 19:03:02.336,0.721531,2.139684,115.869965,0.043283,0.016086,0.978720,0.222679,0.484414,9.530307,-0.001849,0.007917,-0.003926,-0.435044,0.551295,-1.190241,100341.0000
1764077582442201354,2025-11-25 19:03:02.437,0.709724,2.129161,115.908203,0.039903,0.015389,0.977291,0.627774,-0.142494,9.615114,-0.005824,-0.004682,-0.009341,-0.433610,0.547978,-1.189248,100344.0000
1764077582542230409,2025-11-25 19:03:02.536,0.697892,2.123585,115.931686,0.043644,0.016147,0.978136,0.551002,-0.000171,9.725513,-0.002295,0.001656,-0.009416,-0.436954,0.548969,-1.186806,100348.0000
1764077582640904298,2025-11-25 19:03:02.636,0.685418,2.093842,115.954330,0.042190,0.014606,0.976478,0.290876,0.334944,9.740663,0.000598,0.005049,0.001655,-0.432652,0.547973,-1.189744,100346.0000
1764077582738834576,2025-11-25 19:03:02.736,0.684046,2.059862,115.972145,0.042286,0.013800,0.976952,0.507869,-0.293445,9.680910,0.010619,0.009312,0.007341,-0.434555,0.548492,-1.187315,100352.0000
1764077582840718001,2025-11-25 19:03:02.836,0.688959,1.985847,115.983009,0.039679,0.016237,0.979624,0.481844,0.361031,9.997162,0.004438,0.013126,0.002402,-0.435058,0.547962,-1.189708,100350.0000
1764077582940078927,2025-11-25 19:03:02.936,0.692774,1.876853,115.987991,0.034376,0.014807,0.979029,0.162542,0.199849,9.866768,0.008894,0.023466,0.002301,-0.435089,0.546935,-1.193063,100344.0000
1764077583042207112,2025-11-25 19:03:03.036,0.712669,1.772252,115.986870,0.028611,0.017232,0.978975,0.295026,0.304769,9.667755,0.009488,0.024372,0.002884,-0.433626,0.547937,-1.191173,100348.0000
1764077583139023575,2025-11-25 19:03:03.136,0.723070,1.707937,116.009056,0.022912,0.018364,0.977279,-0.002663,0.234690,9.654264,0.001375,-0.001627,0.001938,-0.432194,0.549326,-1.193624,100346.0000
1764077583238024335,2025-11-25 19:03:03.236,0.711921,1.692985,116.059914,0.025014,0.018904,0.977649,0.572218,0.386696,9.928352,-0.003800,-0.005082,-0.011959,-0.431690,0.549389,-1.190742,100346.0000
1764077583339489964,2025-11-25 19:03:03.336,0.679768,1.721255,116.124527,0.027188,0.016793,0.976004,0.586097,0.391750,9.873723,-0.003203,-0.006109,-0.013548,-0.431241,0.546007,-1.192624,100348.0000
1764077583438954649,2025-11-25 19:03:03.436,0.648996,1.757807,116.198456,0.030216,0.014434,0.977933,0.360567,-0.065163,9.832468,-0.000080,-0.003822,-0.008850,-0.431705,0.547936,-1.191683,100340.0000
1764077583540325316,2025-11-25 19:03:03.536,0.637904,1.783954,116.305557,0.029508,0.013023,0.977331,0.039529,0.402536,9.635468,-0.003851,-0.006601,-0.018803,-0.433647,0.543638,-1.191108,100348.0000
1764077583638880705,2025-11-25 19:03:03.636,0.653289,1.827452,116.426201,0.035540,0.011952,0.979901,0.791424,0.431816,9.759373,0.004423,-0.005537,-0.020375,-0.434119,0.545547,-1.191130,100350.0000
1764077583744192519,2025-11-25 19:03:03.736,0.676226,1.861720,116.531418,0.035079,0.011795,0.980014,0.524835,0.351085,9.776326,0.003003,-0.000644,-0.005208,-0.437024,0.542658,-1.191524,100344.0000
1764077583838874186,2025-11-25 19:03:03.836,0.689653,1.868811,116.616341,0.035840,0.013830,0.977985,0.427979,0.113280,9.773469,0.004272,-0.000831,-0.013476,-0.438464,0.544074,-1.192006,100353.0000
1764077583938780593,2025-11-25 19:03:03.936,0.686237,1.811809,116.689957,0.035363,0.014618,0.977363,0.258578,0.238612,9.524083,0.000367,0.013108,-0.006423,-0.438469,0.543119,-1.191992,100350.0000
1764077584038415445,2025-11-25 19:03:04.036,0.687603,1.740561,116.752823,0.031691,0.014439,0.978577,0.440125,0.304016,9.829737,-0.001373,0.012838,-0.008264,-0.436555,0.541684,-1.192480,100343.0000
1764077584138877167,2025-11-25 19:03:04.136,0.695006,1.694719,116.843460,0.027229,0.015522,0.977637,0.067379,0.215132,9.908737,-0.000869,-0.000261,-0.017509,-0.437999,0.540732,-1.191962,100349.0000
1764077584237948112,2025-11-25 19:03:04.236,0.714083,1.719837,116.928123,0.028305,0.014007,0.976826,-0.174906,-0.236801,9.702342,0.003569,-0.015156,-0.008404,-0.436578,0.540210,-1.194383,100344.0000
1764077584340175223,2025-11-25 19:03:04.336,0.731341,1.805744,117.022865,0.030677,0.016577,0.977832,0.380190,0.147501,9.781715,0.005125,-0.016223,-0.017123,-0.438965,0.539305,-1.191445,100347.0000
1764077584438712593,2025-11-25 19:03:04.436,0.736914,1.896449,117.106941,0.037558,0.015936,0.978193,0.585284,0.197882,9.568513,0.003162,-0.010719,-0.009663,-0.440413,0.538343,-1.191409,100343.0000
1764077584538488852,2025-11-25 19:03:04.536,0.730764,1.951493,117.176186,0.039336,0.015403,0.978095,0.251509,0.307155,9.610869,-0.002567,-0.005854,-0.007637,-0.440413,0.538343,-1.191409,100346.0000
1764077584638972686,2025-11-25 19:03:04.636,0.717763,1.965481,117.235687,0.040442,0.016069,0.977277,0.589915,0.533348,10.032925,0.000521,0.004346,-0.010605,-0.441378,0.535503,-1.189906,100342.0000
1764077584743833760,2025-11-25 19:03:04.736,0.698617,1.946168,117.280579,0.039871,0.014314,0.976800,0.327576,0.197656,9.773960,-0.002127,0.004246,-0.005013,-0.442798,0.537916,-1.188478,100349.0000
1764077584840808463,2025-11-25 19:03:04.838,0.687798,1.887674,117.291847,0.038009,0.013774,0.979737,0.498746,0.155449,9.856091,-0.000319,0.011805,-0.004346,-0.440404,0.535538,-1.188477,100338.0000
1764077584938879222,2025-11-25 19:03:04.936,0.676587,1.834591,117.295715,0.032002,0.014921,0.978732,0.114156,-0.264495,9.944630,-0.000241,0.004338,-0.002558,-0.441397,0.536398,-1.192809,100348.0000
1764077585038499704,2025-11-25 19:03:05.036,0.671658,1.815588,117.300934,0.030234,0.013513,0.977892,-0.063517,-0.296730,9.723256,0.004796,-0.005328,0.002410,-0.440909,0.536888,-1.192342,100346.0000
1764077585138551000,2025-11-25 19:03:05.136,0.677874,1.855956,117.308319,0.030628,0.014917,0.977583,0.433788,0.075651,9.799197,-0.003992,-0.014330,-0.002010,-0.441360,0.538380,-1.189469,100345.0000
1764077585238613741,2025-11-25 19:03:05.236,0.689500,1.928397,117.310020,0.036133,0.016254,0.978540,0.677801,0.316355,9.753022,-0.000619,-0.013909,0.001036,-0.443756,0.536509,-1.186997,100344.0000
1764077585339407704,2025-11-25 19:03:05.336,0.705400,1.969610,117.317421,0.038648,0.016444,0.977298,0.192939,0.383316,9.562235,0.006325,0.001352,0.001455,-0.442817,0.538810,-1.191380,100347.0000
1764077585438815778,2025-11-25 19:03:05.436,0.715348,1.971101,117.339592,0.038643,0.016717,0.977379,0.328989,0.632705,9.897747,0.004050,0.000486,-0.005861,-0.444720,0.536972,-1.187472,100348.0000
1764077585541797166,2025-11-25 19:03:05.536,0.722253,1.975826,117.370079,0.038230,0.015367,0.977450,0.017647,0.116314,9.792784,0.004277,-0.001714,-0.003117,-0.442798,0.537916,-1.188478,100344.0000
1764077585638633055,2025-11-25 19:03:05.636,0.721368,1.977397,117.413246,0.036672,0.015994,0.977848,0.208038,0.381083,9.675648,-0.001462,-0.005079,-0.007176,-0.445700,0.536450,-1.189376,100351.0000
1764077585738685018,2025-11-25 19:03:05.736,0.712233,1.994186,117.441032,0.036792,0.014841,0.977739,0.533279,-0.075429,9.714697,-0.004160,-0.010331,-0.004363,-0.442799,0.536971,-1.187981,100345.0000
1764077585838706426,2025-11-25 19:03:05.836,0.705713,2.010428,117.432732,0.039772,0.013277,0.979580,0.664370,0.442126,10.049136,0.005307,-0.002533,0.003465,-0.443309,0.533594,-1.189367,100346.0000
1764077585938848777,2025-11-25 19:03:05.936,0.715124,2.007287,117.397415,0.038325,0.014507,0.978103,0.606022,0.000833,9.832491,0.000351,0.006726,0.001996,-0.444740,0.535976,-1.189383,100348.0000
1764077586038930259,2025-11-25 19:03:06.036,0.720156,1.984886,117.361832,0.040973,0.016949,0.978687,0.681455,0.224537,9.830700,0.005342,0.002328,0.004052,-0.442324,0.536485,-1.188463,100342.0000
1764077586138778611,2025-11-25 19:03:06.136,0.721194,1.961304,117.324524,0.039931,0.016146,0.977149,0.432948,0.374749,9.730611,-0.003800,0.002863,0.009695,-0.444269,0.533123,-1.188864,100350.0000
1764077586238032259,2025-11-25 19:03:06.236,0.719817,1.957453,117.270180,0.037728,0.015803,0.976628,0.322504,0.167208,9.869652,0.000514,-0.002036,0.016014,-0.441361,0.537435,-1.188973,100348.0000
1764077586338615110,2025-11-25 19:03:06.336,0.723304,1.936539,117.192497,0.036936,0.016471,0.977433,0.659880,0.370949,9.889876,0.004529,0.005878,0.017311,-0.442797,0.538861,-1.188974,100344.0000
1764077586439038999,2025-11-25 19:03:06.436,0.730481,1.909389,117.113373,0.033498,0.016888,0.979604,0.285928,0.260077,9.799008,-0.000821,0.000437,0.017171,-0.441849,0.538357,-1.190425,100345.0000
1764077586538811481,2025-11-25 19:03:06.536,0.735032,1.904651,117.036575,0.033921,0.016959,0.979079,0.078951,0.037930,9.743774,0.007821,-0.004423,0.016065,-0.439904,0.539362,-1.188542,100348.0000
1764077586638996962,2025-11-25 19:03:06.636,0.754629,1.912099,116.959099,0.037560,0.016466,0.979481,0.323420,0.079840,9.922256,0.005423,-0.002486,0.018084,-0.439439,0.540736,-1.191460,100342.0000
1764077586738493925,2025-11-25 19:03:06.736,0.775283,1.922744,116.888153,0.038960,0.018438,0.977529,0.240049,0.128924,9.625381,0.000369,0.002248,0.012718,-0.437514,0.539332,-1.190503,100342.0000
1764077586842157518,2025-11-25 19:03:06.836,0.786567,1.927771,116.824730,0.037795,0.018833,0.976739,0.587688,0.009724,9.613668,0.002151,0.002635,0.009001,-0.437505,0.538885,-1.189052,100346.0000
1764077586938673036,2025-11-25 19:03:06.936,0.775668,1.922121,116.753983,0.038170,0.019500,0.976744,0.388760,0.141020,9.817243,-0.000826,0.000664,0.012049,-0.436533,0.543158,-1.190576,100346.0000
1764077587038644369,2025-11-25 19:03:07.036,0.743435,1.888683,116.703880,0.035891,0.020160,0.977194,0.371488,0.388074,10.047756,-0.008821,0.000827,0.005128,-0.436536,0.541735,-1.190073,100343.0000
1764077587140525295,2025-11-25 19:03:07.136,0.714615,1.869987,116.684128,0.035130,0.015976,0.977905,0.119983,-0.052632,9.850139,-0.009441,-0.004428,0.006947,-0.436536,0.543148,-1.191058,100346.0000
1764077587237950832,2025-11-25 19:03:07.236,0.708488,1.891969,116.680626,0.036324,0.014174,0.978199,0.622346,0.023473,9.815962,0.000171,-0.011244,0.001871,-0.436053,0.543628,-1.191072,100343.0000
1764077587338648202,2025-11-25 19:03:07.336,0.713171,1.922329,116.676979,0.038289,0.016712,0.978670,0.587809,0.214083,9.718592,0.002627,-0.002000,0.007044,-0.436034,0.545091,-1.189650,100345.0000
1764077587441639128,2025-11-25 19:03:07.436,0.718053,1.940745,116.674232,0.036592,0.015055,0.978116,0.348815,-0.149419,9.667001,0.003677,0.003542,0.004611,-0.438428,0.545111,-1.188170,100344.0000
1764077587538725443,2025-11-25 19:03:07.536,0.723614,1.943883,116.676651,0.036432,0.016631,0.978200,-0.029148,0.102404,9.621249,0.005497,0.002501,0.001278,-0.438426,0.545588,-1.188177,100346.0000
1764077587638726684,2025-11-25 19:03:07.636,0.712086,1.942101,116.683990,0.038168,0.016805,0.977406,0.012082,0.144255,9.704174,-0.001261,-0.001625,0.002596,-0.437007,0.542231,-1.189110,100348.0000
1764077587739891221,2025-11-25 19:03:07.736,0.699819,1.925430,116.691353,0.036807,0.014372,0.977500,0.424303,0.177504,9.780230,0.001287,0.000427,-0.008247,-0.436522,0.543656,-1.189621,100350.0000
1764077587838895276,2025-11-25 19:03:07.836,0.698609,1.917074,116.684891,0.036392,0.014987,0.978415,0.579791,0.328325,9.827853,0.007453,0.001672,-0.000199,-0.436042,0.542713,-1.189132,100346.0000
1764077587940190035,2025-11-25 19:03:07.936,0.704573,1.921866,116.662819,0.035730,0.014750,0.978341,0.548820,0.187451,9.900506,0.003124,-0.011251,0.006640,-0.436518,0.544611,-1.189635,100350.0000
1764077588038508572,2025-11-25 19:03:08.036,0.715762,1.958687,116.631386,0.036933,0.016019,0.978201,0.325172,0.042907,9.914341,0.001920,-0.005930,0.006134,-0.437926,0.548467,-1.187747,100344.0000
1764077588138433609,2025-11-25 19:03:08.136,0.720583,2.007282,116.589661,0.039460,0.016936,0.977809,0.655902,0.144673,9.840713,0.005387,-0.002028,0.010504,-0.436503,0.547477,-1.189679,100343.0000
1764077588238026295,2025-11-25 19:03:08.236,0.717060,2.042054,116.561821,0.038583,0.017577,0.976900,0.379763,0.309672,9.796164,0.002742,-0.002987,0.008876,-0.436500,0.546542,-1.188702,100346.0000
1764077588338790313,2025-11-25 19:03:08.336,0.700470,2.047165,116.532768,0.040434,0.016146,0.977041,-0.061821,-0.079097,9.615969,-0.001314,-0.002457,0.012147,-0.437461,0.546070,-1.188199,100340.0000
1764077588438696498,2025-11-25 19:03:08.436,0.686552,2.021285,116.516113,0.042748,0.015387,0.977769,0.470723,0.287419,9.777080,-0.000722,0.005104,0.006925,-0.437455,0.547971,-1.188710,100338.0000
1764077588539086831,2025-11-25 19:03:08.536,0.678280,1.980152,116.499435,0.039296,0.015177,0.977544,0.333346,0.308100,9.576385,-0.005828,0.001502,0.003898,-0.435526,0.546577,-1.187272,100349.0000
1764077588638638165,2025-11-25 19:03:08.636,0.681767,1.954300,116.470657,0.036523,0.013994,0.978052,0.359597,0.285649,9.622607,0.000080,0.000453,0.006579,-0.435554,0.547919,-1.191626,100348.0000
1764077588739418165,2025-11-25 19:03:08.736,0.695329,1.960750,116.427979,0.033515,0.014615,0.978663,0.363567,-0.005756,9.922987,0.001393,-0.006451,0.003022,-0.437456,0.547026,-1.188214,100346.0000
1764077588838539202,2025-11-25 19:03:08.836,0.700565,1.989840,116.369568,0.036567,0.015458,0.978387,-0.045221,0.166377,9.912885,0.003985,-0.009120,0.010730,-0.436493,0.547975,-1.188724,100346.0000
1764077588938883127,2025-11-25 19:03:08.936,0.697287,2.022451,116.299423,0.039097,0.016987,0.979086,0.572163,0.168724,9.821775,-0.000175,-0.010959,0.012550,-0.435531,0.547980,-1.188738,100349.0000
1764077589038860961,2025-11-25 19:03:09.036,0.681333,2.042662,116.220314,0.042299,0.016903,0.977416,0.431438,-0.136549,9.903438,-0.005749,-0.000113,0.019079,-0.432630,0.549914,-1.188329,100346.0000
1764077589138664998,2025-11-25 19:03:09.136,0.670126,2.035060,116.119720,0.042354,0.015750,0.977122,0.536042,0.270854,9.839824,0.003466,-0.000118,0.025935,-0.432137,0.550892,-1.187387,100339.0000
1764077589238122368,2025-11-25 19:03:09.236,0.661772,2.006371,116.024750,0.042509,0.017383,0.977767,0.824049,0.479133,9.899956,0.003571,0.011223,0.025158,-0.434540,0.551358,-1.187359,100344.0000
1764077589338683868,2025-11-25 19:03:09.336,0.667727,1.979882,115.931572,0.038340,0.015392,0.977070,0.197983,0.346946,9.557590,0.006685,0.002109,0.020645,-0.431176,0.552776,-1.188875,100345.0000
1764077589438880849,2025-11-25 19:03:09.436,0.677011,1.980618,115.840790,0.039246,0.017534,0.977701,0.712509,0.476966,9.728240,0.002379,-0.008624,0.018872,-0.430231,0.553207,-1.191304,100352.0000
1764077589538900738,2025-11-25 19:03:09.536,0.684576,2.024306,115.747108,0.038556,0.016766,0.977522,0.097087,0.009188,9.720198,-0.003113,-0.010925,0.011430,-0.433098,0.554190,-1.189350,100342.0000
1764077589639346423,2025-11-25 19:03:09.636,0.689974,2.080817,115.657440,0.043430,0.018699,0.977224,0.869308,0.448353,9.946471,0.004544,-0.002413,0.009936,-0.430677,0.555654,-1.188445,100340.0000
1764077589738639386,2025-11-25 19:03:09.736,0.685364,2.121942,115.580544,0.041260,0.017997,0.976619,0.480766,-0.004011,9.742721,0.003114,-0.005562,0.009018,-0.427310,0.554724,-1.187999,100345.0000
1764077589840465257,2025-11-25 19:03:09.836,0.671686,2.147838,115.525658,0.045580,0.018940,0.977720,0.034627,0.262070,9.904491,0.004558,-0.004234,0.008024,-0.428753,0.554718,-1.187978,100350.0000
1764077589938666627,2025-11-25 19:03:09.936,0.651066,2.154832,115.482491,0.043840,0.016471,0.978324,0.421623,0.053945,9.762095,0.004308,0.002394,0.006785,-0.430196,0.554244,-1.187467,100341.0000
1764077590038622164,2025-11-25 19:03:10.036,0.638738,2.126952,115.448151,0.042677,0.015805,0.978905,0.195175,0.502580,9.814791,-0.006915,0.007564,0.008407,-0.430689,0.555624,-1.189889,100348.0000
1764077590138797145,2025-11-25 19:03:10.136,0.638929,2.094287,115.394981,0.039839,0.014361,0.978626,0.284063,0.065071,9.794408,0.000438,-0.001068,0.016792,-0.429713,0.556136,-1.188466,100344.0000
1764077590237979127,2025-11-25 19:03:10.236,0.636884,2.074560,115.349464,0.038986,0.017858,0.977551,0.347059,0.454200,9.707534,-0.000655,-0.000761,0.004913,-0.428265,0.556153,-1.188007,100349.0000
1764077590338710664,2025-11-25 19:03:10.336,0.632416,2.117937,115.305176,0.040408,0.015608,0.977032,0.941442,-0.247987,9.801790,0.004865,-0.014392,0.011587,-0.424887,0.559024,-1.188581,100350.0000
1764077590441179497,2025-11-25 19:03:10.436,0.637203,2.175776,115.282600,0.041753,0.017235,0.977664,0.434936,0.380528,9.836218,0.008084,-0.017046,0.003529,-0.429695,0.558068,-1.187533,100348.0000
1764077590538417701,2025-11-25 19:03:10.536,0.639966,2.208611,115.273666,0.047797,0.015554,0.977669,0.252283,-0.072209,9.558917,-0.001025,-0.003309,-0.001160,-0.427763,0.558096,-1.186599,100346.0000
1764077590639598478,2025-11-25 19:03:10.636,0.644066,2.206809,115.291328,0.046627,0.017692,0.976229,0.523822,0.459767,9.695694,-0.007477,0.000333,-0.005814,-0.429702,0.556634,-1.187511,100345.0000
1764077590739932330,2025-11-25 19:03:10.736,0.643631,2.188240,115.319931,0.043401,0.013397,0.976181,0.542270,-0.210861,9.742044,0.001501,0.004658,0.000508,-0.431149,0.558976,-1.189452,100346.0000
1764077590838663237,2025-11-25 19:03:10.836,0.640063,2.170823,115.352829,0.041968,0.016952,0.978393,0.309245,0.398625,9.941427,-0.002833,0.002921,-0.006017,-0.429245,0.555630,-1.189911,100346.0000
1764077590938947182,2025-11-25 19:03:10.936,0.634728,2.145332,115.375572,0.041300,0.015148,0.979725,0.419179,0.401629,9.850998,0.000673,0.004496,-0.013433,-0.431607,0.557622,-1.185572,100342.0000
1764077591038680571,2025-11-25 19:03:11.036,0.625874,2.117739,115.415062,0.042155,0.015720,0.979082,0.576264,0.071838,9.765508,-0.003036,-0.000293,-0.022278,-0.430675,0.557545,-1.189437,100341.0000
1764077591139008385,2025-11-25 19:03:11.136,0.620675,2.110409,115.473259,0.042414,0.014188,0.978400,0.585638,-0.005732,9.997593,-0.000853,-0.003624,-0.016332,-0.429722,0.556583,-1.189918,100345.0000
1764077591238040830,2025-11-25 19:03:11.236,0.621966,2.136107,115.529922,0.042248,0.013090,0.976616,0.400111,0.299207,9.913539,0.008049,-0.007973,-0.002023,-0.428276,0.554710,-1.188466,100346.0000
1764077591339011515,2025-11-25 19:03:11.336,0.618284,2.134446,115.568031,0.044051,0.015564,0.976828,0.017185,0.162210,9.421547,0.000755,0.004503,0.002926,-0.432605,0.554223,-1.187913,100343.0000
1764077591438546552,2025-11-25 19:03:11.436,0.611125,2.098558,115.592773,0.045310,0.014548,0.978202,0.669275,0.152787,9.728887,0.003584,0.012311,0.001988,-0.431162,0.554229,-1.187934,100350.0000
1764077591538661867,2025-11-25 19:03:11.536,0.603689,2.043157,115.635063,0.038111,0.015671,0.977923,0.442617,0.389776,9.801887,-0.009001,0.004952,-0.012692,-0.431637,0.554715,-1.187453,100350.0000
1764077591638838292,2025-11-25 19:03:11.636,0.602428,1.998483,115.687836,0.038517,0.014797,0.977970,0.460946,-0.116685,9.669532,-0.001773,0.007298,-0.011840,-0.431180,0.553711,-1.189853,100349.0000
1764077591738755348,2025-11-25 19:03:11.736,0.602840,1.988325,115.759644,0.036643,0.013908,0.976330,0.520964,0.224731,9.874839,0.006237,0.004520,-0.011857,-0.430214,0.552780,-1.188890,100350.0000
1764077591839123478,2025-11-25 19:03:11.836,0.595089,2.022990,115.844925,0.034404,0.015897,0.976229,0.010988,0.385603,9.645895,-0.002947,-0.011109,-0.027332,-0.434033,0.554257,-1.185966,100341.0000
1764077591939000033,2025-11-25 19:03:11.936,0.588155,2.096727,115.935547,0.039878,0.013834,0.978299,0.600955,-0.216359,9.738821,-0.003714,-0.018359,-0.021289,-0.434074,0.547549,-1.186827,100342.0000
1764077592038771607,2025-11-25 19:03:12.036,0.574174,2.173142,116.027061,0.044216,0.014236,0.978424,0.738952,0.106193,9.981315,-0.011299,-0.015440,-0.008255,-0.434059,0.549948,-1.186382,100344.0000
1764077592138580033,2025-11-25 19:03:12.136,0.555726,2.180382,116.110878,0.047099,0.011533,0.979886,0.555879,0.153706,9.927731,0.000374,0.003476,0.003527,-0.438401,0.548953,-1.187266,100348.0000
1764077592238055366,2025-11-25 19:03:12.236,0.541238,2.121154,116.165276,0.045391,0.013586,0.979328,0.386023,0.002467,9.877650,-0.004885,0.015801,-0.007001,-0.435027,0.549456,-1.186842,100340.0000
1764077592338516718,2025-11-25 19:03:12.336,0.544581,2.042345,116.203552,0.039701,0.011526,0.977574,0.249600,0.328938,9.907566,-0.003187,0.014551,-0.008564,-0.436498,0.547020,-1.188709,100342.0000
1764077592442574736,2025-11-25 19:03:12.440,0.563473,2.000214,116.245712,0.036801,0.013754,0.976435,0.070145,0.136912,9.802516,-0.001113,0.002867,-0.008587,-0.435526,0.548935,-1.188753,100349.0000
1764077592538554477,2025-11-25 19:03:12.536,0.594211,2.005584,116.286102,0.035495,0.013157,0.974906,0.266477,0.536435,9.552083,0.006279,-0.005232,-0.009081,-0.434548,0.551338,-1.188322,100348.0000
1764077592638975607,2025-11-25 19:03:12.636,0.615738,2.041088,116.319489,0.033942,0.015077,0.976875,0.330846,-0.113062,9.634330,-0.004921,-0.016076,-0.012722,-0.436487,0.547518,-1.187754,100348.0000
1764077592738721218,2025-11-25 19:03:12.736,0.617833,2.109005,116.320694,0.039674,0.017141,0.978502,0.948610,0.631354,10.011004,-0.008033,-0.014179,-0.003516,-0.439378,0.547495,-1.188192,100346.0000
1764077592838504884,2025-11-25 19:03:12.836,0.609390,2.180621,116.300751,0.042384,0.015386,0.979328,0.491090,0.320707,9.949719,0.001556,-0.010038,0.012439,-0.437917,0.550378,-1.187776,100349.0000
1764077592940241977,2025-11-25 19:03:12.936,0.602397,2.223281,116.250816,0.045875,0.014627,0.979446,0.000937,0.111445,9.783031,0.007297,-0.001397,0.013473,-0.436465,0.548992,-1.185850,100343.0000
1764077593038908273,2025-11-25 19:03:13.036,0.615291,2.228063,116.192078,0.044221,0.014794,0.977897,0.346058,-0.040135,9.746900,0.010768,0.005584,0.022097,-0.435033,0.548968,-1.187316,100350.0000
1764077593138589680,2025-11-25 19:03:13.136,0.642577,2.195246,116.152832,0.044760,0.018272,0.977381,0.103318,0.175467,9.610522,0.008927,0.015993,0.011293,-0.435492,0.551852,-1.186390,100340.0000
1764077593237981199,2025-11-25 19:03:13.236,0.677868,2.120527,116.112396,0.040746,0.017354,0.976460,0.380182,-0.012409,9.610843,0.002312,0.010325,0.011009,-0.435019,0.549476,-1.185879,100348.0000
1764077593338676532,2025-11-25 19:03:13.336,0.703087,2.053416,116.051895,0.037113,0.019255,0.977004,0.252528,0.003296,9.640163,0.007992,0.004689,0.006876,-0.434559,0.547537,-1.187301,100340.0000
1764077593442533532,2025-11-25 19:03:13.436,0.709797,2.017932,115.986176,0.037184,0.022428,0.978313,0.349446,0.363502,9.831419,0.000388,0.003765,0.007528,-0.432169,0.549865,-1.190742,100348.0000
1764077593540078440,2025-11-25 19:03:13.536,0.687196,2.026230,115.913338,0.035352,0.020214,0.979399,0.584572,0.443852,10.106086,-0.007727,-0.003655,0.010248,-0.431673,0.550375,-1.189313,100341.0000
1764077593638706976,2025-11-25 19:03:13.636,0.648658,2.076386,115.863174,0.037716,0.017827,0.979186,0.300697,-0.072087,9.970117,0.002234,-0.003846,0.009199,-0.433548,0.554269,-1.185492,100341.0000
1764077593738886236,2025-11-25 19:03:13.736,0.611293,2.116450,115.828026,0.040727,0.015956,0.977562,0.391031,-0.249913,9.520509,0.001267,-0.001867,0.004828,-0.434525,0.552812,-1.186419,100344.0000
1764077593838715995,2025-11-25 19:03:13.836,0.595441,2.112387,115.796364,0.042748,0.015810,0.977748,0.111838,0.278652,9.627758,0.002145,0.005303,0.001357,-0.434050,0.553271,-1.187396,100339.0000
1764077593938624347,2025-11-25 19:03:13.936,0.615172,2.076535,115.773071,0.042967,0.013159,0.976615,0.502569,0.362927,9.670751,0.009321,0.013006,-0.002288,-0.431655,0.551839,-1.187891,100350.0000
1764077594038338254,2025-11-25 19:03:14.036,0.657005,2.031894,115.772087,0.038848,0.016886,0.977304,0.303358,0.151416,9.738322,0.007356,0.000738,-0.008570,-0.430216,0.553248,-1.189378,100345.0000
1764077594138532328,2025-11-25 19:03:14.136,0.698814,1.980785,115.781609,0.040179,0.018529,0.978404,0.281136,0.631615,10.024857,0.013284,0.004000,-0.001097,-0.430718,0.549892,-1.189801,100345.0000
1764077594238017124,2025-11-25 19:03:14.236,0.719855,1.951748,115.811066,0.036822,0.018393,0.977752,0.276929,-0.232890,9.847280,0.005385,0.003941,0.000294,-0.430213,0.552313,-1.188401,100347.0000
1764077594338674976,2025-11-25 19:03:14.336,0.709326,1.941547,115.854568,0.035265,0.022657,0.978465,0.703767,0.091454,9.851074,-0.011142,-0.001322,-0.014681,-0.431699,0.549836,-1.192194,100346.0000
1764077594442896013,2025-11-25 19:03:14.436,0.673726,1.945638,115.914543,0.035161,0.017166,0.977399,0.431415,0.335247,9.708586,-0.004583,0.000438,-0.007434,-0.429753,0.550374,-1.189823,100344.0000
1764077594538653291,2025-11-25 19:03:14.536,0.631399,1.958348,115.984894,0.034940,0.014607,0.977397,0.210071,-0.153589,9.561655,-0.000501,-0.000015,-0.010312,-0.435984,0.550407,-1.186842,100349.0000
1764077594638753494,2025-11-25 19:03:14.636,0.602902,1.994657,116.063919,0.036849,0.014602,0.976791,0.589702,0.210323,9.749780,-0.006895,-0.011646,-0.009536,-0.434563,0.549885,-1.189263,100347.0000
1764077594741708087,2025-11-25 19:03:14.736,0.599647,2.042752,116.134857,0.037379,0.011664,0.976937,0.097535,0.570520,9.722865,0.003238,-0.012445,-0.006823,-0.435993,0.548029,-1.186324,100349.0000
1764077594840681772,2025-11-25 19:03:14.836,0.620542,2.075012,116.191803,0.043935,0.012585,0.979054,0.330816,0.279204,9.789917,0.007743,0.003004,-0.012786,-0.437439,0.548957,-1.187280,100343.0000
1764077594938889272,2025-11-25 19:03:14.936,0.646940,2.057766,116.223541,0.041537,0.014712,0.979637,0.682744,-0.064124,9.873444,0.002872,0.008358,-0.007685,-0.434549,0.550393,-1.187826,100341.0000
1764077595039164272,2025-11-25 19:03:15.036,0.654464,2.009839,116.269943,0.040060,0.020034,0.978456,0.352782,0.204422,9.869557,0.001831,0.009910,-0.018349,-0.435542,0.548894,-1.190678,100342.0000
1764077595142465420,2025-11-25 19:03:15.136,0.645324,1.978178,116.335144,0.035767,0.017267,0.977839,0.260154,0.286579,9.890704,0.003211,0.006316,-0.013946,-0.434573,0.547029,-1.188738,100343.0000
1764077595238160901,2025-11-25 19:03:15.236,0.628395,1.964019,116.425262,0.036700,0.015334,0.978042,0.221785,-0.265823,9.870914,-0.004649,0.000233,-0.012840,-0.434573,0.549387,-1.190219,100342.0000
1764077595339224975,2025-11-25 19:03:15.336,0.619546,1.982627,116.528046,0.034860,0.014543,0.977085,0.350793,0.153522,9.802683,-0.006071,-0.003221,-0.010405,-0.435545,0.547471,-1.190175,100348.0000
1764077595439235327,2025-11-25 19:03:15.436,0.627331,2.037404,116.624634,0.038955,0.013115,0.976676,0.550832,0.391326,9.729233,-0.003120,-0.010028,-0.012959,-0.438909,0.545109,-1.188163,100337.0000
1764077595538955049,2025-11-25 19:03:15.536,0.627577,2.120789,116.729080,0.039943,0.014909,0.975874,0.579100,0.177681,9.604964,0.000374,-0.014097,-0.012194,-0.439386,0.543704,-1.186690,100340.0000
1764077595638872142,2025-11-25 19:03:15.636,0.617644,2.185040,116.829880,0.044466,0.013337,0.977532,0.455199,-0.403182,9.715380,-0.002594,-0.011559,-0.022776,-0.441788,0.543703,-1.186173,100350.0000
1764077595738786068,2025-11-25 19:03:15.736,0.599538,2.199837,116.923958,0.048546,0.014170,0.978591,0.640715,-0.023327,9.775080,-0.002461,0.002358,-0.023912,-0.441792,0.541335,-1.185174,100345.0000
1764077595838834346,2025-11-25 19:03:15.836,0.590833,2.164630,117.024239,0.045450,0.012193,0.978849,0.440377,0.122565,9.933310,-0.004345,0.007793,-0.014778,-0.441326,0.539884,-1.186121,100354.0000
1764077595938630105,2025-11-25 19:03:15.936,0.603550,2.102526,117.126068,0.044043,0.012826,0.978700,0.022097,0.339478,9.952773,0.005953,0.010532,-0.016858,-0.441824,0.540309,-1.188528,100348.0000
1764077596038982605,2025-11-25 19:03:16.036,0.622161,2.050697,117.225296,0.038275,0.011291,0.977276,0.175852,0.079812,9.842524,0.004460,0.006868,-0.007419,-0.441809,0.539404,-1.186107,100349.0000
1764077596138817994,2025-11-25 19:03:16.136,0.641867,2.060274,117.289062,0.035471,0.013230,0.976067,-0.430070,-0.136590,9.632598,0.010245,-0.006097,-0.001339,-0.444244,0.537432,-1.188449,100345.0000
1764077596237949660,2025-11-25 19:03:16.236,0.641583,2.117509,117.308968,0.036088,0.016098,0.977046,0.081311,0.288823,9.791438,-0.002632,-0.011441,0.001727,-0.444253,0.536466,-1.188915,100344.0000
1764077596338555105,2025-11-25 19:03:16.336,0.631990,2.153655,117.311165,0.042082,0.015769,0.977609,0.214175,0.326165,9.748222,-0.007715,-0.003882,-0.004642,-0.445660,0.539854,-1.186539,100343.0000
1764077596438963345,2025-11-25 19:03:16.436,0.624040,2.143684,117.295250,0.042980,0.014080,0.980383,0.286928,0.081348,9.794250,-0.001423,0.006483,-0.002553,-0.443274,0.538869,-1.188485,100342.0000
1764077596539068845,2025-11-25 19:03:16.536,0.617076,2.100982,117.267738,0.044022,0.014950,0.979891,1.047566,-0.010923,9.860029,-0.000721,0.015186,0.005287,-0.443753,0.537932,-1.187501,100353.0000
1764077596638548215,2025-11-25 19:03:16.636,0.617083,2.043703,117.248192,0.038451,0.015014,0.979048,0.374369,-0.098425,9.669276,0.001441,0.006464,0.002200,-0.443748,0.536530,-1.186034,100338.0000
1764077596738596549,2025-11-25 19:03:16.736,0.617830,2.001057,117.226250,0.036779,0.014856,0.977099,0.830601,0.016071,9.720420,0.000465,0.000174,0.011071,-0.442306,0.539361,-1.188025,100348.0000
1764077596838950049,2025-11-25 19:03:16.836,0.626294,1.968483,117.208038,0.036524,0.015860,0.976530,0.114268,0.672840,9.656813,-0.005243,0.006122,0.008888,-0.444237,0.538865,-1.188471,100345.0000
1764077596940880215,2025-11-25 19:03:16.936,0.631857,1.944139,117.222061,0.037297,0.016274,0.976005,0.511301,0.380784,9.672553,-0.000434,-0.000110,0.002071,-0.444244,0.537432,-1.188449,100342.0000
1764077597038762771,2025-11-25 19:03:17.036,0.626666,1.943938,117.241783,0.036829,0.014322,0.976443,0.070771,-0.174029,9.524164,-0.004147,-0.011563,-0.003409,-0.441845,0.538367,-1.189943,100340.0000
1764077597138688678,2025-11-25 19:03:17.136,0.632880,1.987506,117.242424,0.037805,0.013362,0.978831,0.771910,0.088635,9.827806,-0.002692,-0.008986,-0.000105,-0.442300,0.539849,-1.187551,100337.0000
1764077597238053400,2025-11-25 19:03:17.236,0.646811,2.017857,117.235321,0.039205,0.014948,0.980162,0.224075,0.471127,9.783968,-0.002230,-0.003469,0.004177,-0.441832,0.537930,-1.188011,100348.0000
1764077597338650641,2025-11-25 19:03:17.336,0.651750,2.030707,117.226990,0.040112,0.016237,0.978723,0.679222,0.091747,9.913915,0.005380,0.000885,-0.009592,-0.442288,0.539880,-1.186107,100353.0000
1764077597439381585,2025-11-25 19:03:17.436,0.645624,2.026387,117.242645,0.036954,0.015941,0.977990,0.190520,0.052428,9.769699,-0.003232,-0.004390,0.000793,-0.444224,0.539841,-1.187523,100355.0000
1764077597538724085,2025-11-25 19:03:17.536,0.640557,2.000637,117.280617,0.040786,0.014794,0.978933,0.178666,0.235048,9.808705,0.003401,0.004410,-0.002466,-0.441349,0.537465,-1.187529,100342.0000
1764077597638753067,2025-11-25 19:03:17.636,0.635241,1.958339,117.338829,0.038786,0.014016,0.976808,0.408469,-0.121485,9.863028,-0.001099,0.008750,-0.015095,-0.442318,0.536973,-1.187989,100350.0000
1764077597738551844,2025-11-25 19:03:17.736,0.645601,1.911218,117.403259,0.035467,0.013747,0.975979,0.344691,0.523441,10.053604,0.002592,0.003109,-0.010421,-0.445181,0.539379,-1.186539,100341.0000
1764077597838886752,2025-11-25 19:03:17.836,0.647244,1.885024,117.474869,0.035068,0.014236,0.978006,0.626818,0.035793,10.019050,-0.000443,0.000110,-0.017865,-0.443273,0.538402,-1.187996,100342.0000
1764077597938749789,2025-11-25 19:03:17.936,0.643861,1.882493,117.553482,0.032784,0.014297,0.979264,0.423811,0.228341,10.117681,0.004293,0.001509,-0.012212,-0.444729,0.537419,-1.188923,100340.0000
1764077598038823307,2025-11-25 19:03:18.036,0.642319,1.895741,117.616203,0.033127,0.011629,0.979386,0.305495,0.137746,9.884008,0.002916,-0.001985,-0.011949,-0.443264,0.537955,-1.186545,100348.0000
1764077598139891029,2025-11-25 19:03:18.136,0.656398,1.917483,117.658134,0.034216,0.013862,0.979076,0.386207,0.189136,9.962287,0.001012,-0.002588,-0.013168,-0.448132,0.533542,-1.190740,100345.0000
1764077598238020733,2025-11-25 19:03:18.236,0.683327,1.933453,117.690895,0.036664,0.013685,0.976639,0.306171,0.053445,9.932840,0.009568,-0.002561,-0.001198,-0.444247,0.536009,-1.187945,100344.0000
1764077598338944918,2025-11-25 19:03:18.336,0.713299,1.929727,117.721382,0.036703,0.015979,0.977207,0.361078,0.176308,9.840642,0.010166,-0.000417,0.002926,-0.446676,0.532166,-1.188333,100344.0000
1764077598438826177,2025-11-25 19:03:18.436,0.740233,1.900410,117.768677,0.035327,0.016881,0.976972,0.142260,0.058199,9.799343,0.003073,0.008547,0.003049,-0.445694,0.534580,-1.187421,100352.0000
1764077598538796307,2025-11-25 19:03:18.536,0.756752,1.867926,117.821327,0.034768,0.017336,0.977862,0.597895,0.221291,9.690408,0.000515,0.005431,0.002729,-0.444277,0.533102,-1.189827,100352.0000
1764077598641332362,2025-11-25 19:03:18.636,0.766433,1.864053,117.866486,0.030740,0.018159,0.976748,0.272544,0.223495,9.567713,-0.002747,-0.002481,-0.009712,-0.445733,0.532120,-1.190754,100344.0000
1764077598738670029,2025-11-25 19:03:18.736,0.767450,1.890605,117.902550,0.033885,0.017572,0.977897,0.197633,0.561816,9.746413,-0.002328,-0.016002,-0.010011,-0.446206,0.533083,-1.190280,100342.0000
1764077598838771825,2025-11-25 19:03:18.836,0.754211,1.947953,117.930374,0.037454,0.017120,0.977810,0.956887,-0.139184,9.866049,0.000138,-0.008345,-0.008594,-0.447630,0.533128,-1.187852,100353.0000
1764077598939053529,2025-11-25 19:03:18.936,0.735088,2.006971,117.947586,0.037228,0.015540,0.977468,0.507973,0.234468,9.856409,0.004603,-0.009471,-0.001321,-0.447143,0.535030,-1.188370,100349.0000
1764077599038642381,2025-11-25 19:03:19.036,0.723129,2.027076,117.961388,0.044433,0.016501,0.979553,0.350686,0.018855,9.918950,0.000486,0.005868,-0.000932,-0.448132,0.531184,-1.189260,100340.0000
1764077599138628103,2025-11-25 19:03:19.136,0.724483,2.005113,117.977219,0.040456,0.013663,0.978058,0.425362,0.265879,9.829577,0.002206,0.011499,0.005838,-0.446170,0.534120,-1.186444,100348.0000
1764077599238357677,2025-11-25 19:03:19.236,0.739335,1.976904,117.970978,0.038920,0.015142,0.976888,0.258966,0.014324,9.728179,0.009061,0.010924,0.002214,-0.447638,0.532162,-1.188319,100350.0000
1764077599342635362,2025-11-25 19:03:19.340,0.756686,1.945973,117.945389,0.034499,0.017158,0.977014,0.063013,0.331519,9.716441,-0.001129,-0.005346,0.001390,-0.447653,0.529296,-1.188275,100342.0000
1764077599439161547,2025-11-25 19:03:19.436,0.759439,1.942124,117.926239,0.038582,0.019080,0.978039,0.838009,0.109303,9.880010,-0.003018,0.002424,0.000680,-0.448125,0.532617,-1.189282,100351.0000
1764077599538688954,2025-11-25 19:03:19.536,0.754393,1.952488,117.911713,0.035008,0.017564,0.978036,0.412187,0.291497,9.870489,-0.001086,-0.003889,0.001661,-0.446683,0.530733,-1.188311,100346.0000
1764077599638585862,2025-11-25 19:03:19.636,0.745035,1.953975,117.913857,0.039942,0.018642,0.978688,0.477862,0.197988,9.774303,0.001905,0.002873,-0.001882,-0.447157,0.532164,-1.188326,100345.0000
1764077599738877065,2025-11-25 19:03:19.736,0.739910,1.942134,117.940239,0.038057,0.016115,0.978716,0.515882,-0.246803,9.791060,0.001213,-0.000770,-0.004466,-0.446191,0.532179,-1.187859,100341.0000
1764077599838831139,2025-11-25 19:03:19.836,0.734140,1.936702,117.960457,0.040713,0.016636,0.977917,0.658028,0.232402,9.950636,-0.001072,0.005859,-0.001165,-0.446182,0.531732,-1.186407,100344.0000
1764077599938643473,2025-11-25 19:03:19.936,0.730397,1.926552,117.993675,0.036653,0.014645,0.976641,0.217125,0.048720,9.618700,0.002136,0.000456,0.000546,-0.445719,0.530270,-1.187836,100346.0000
1764077600038567380,2025-11-25 19:03:20.036,0.729700,1.918004,118.033714,0.039485,0.016785,0.977694,0.639722,0.462730,9.858034,0.000498,0.000139,0.000509,-0.447164,0.530731,-1.188304,100348.0000
1764077600138707769,2025-11-25 19:03:20.136,0.735793,1.895187,118.065529,0.037510,0.014214,0.977920,0.075763,0.087331,9.614351,0.008159,0.005132,0.000423,-0.447631,0.532183,-1.187356,100345.0000
1764077600238024936,2025-11-25 19:03:20.236,0.751419,1.873335,118.087700,0.036822,0.016391,0.978048,0.465618,0.366394,9.780169,0.005377,0.001344,-0.009557,-0.448139,0.532109,-1.190719,100344.0000
1764077600339473843,2025-11-25 19:03:20.336,0.760467,1.862279,118.100243,0.036489,0.015543,0.977345,0.513300,0.026533,9.656220,-0.001236,-0.001866,-0.006432,-0.447677,0.529702,-1.191652,100344.0000
1764077600438610713,2025-11-25 19:03:20.436,0.756884,1.833329,118.108604,0.034045,0.017255,0.977320,0.109885,0.133908,9.841805,-0.004415,0.003887,-0.006222,-0.447658,0.529753,-1.189245,100345.0000
1764077600538495546,2025-11-25 19:03:20.536,0.743691,1.814072,118.137863,0.034588,0.015845,0.978014,0.651692,-0.078177,10.030621,-0.004564,0.006142,-0.008734,-0.448597,0.531223,-1.187327,100350.0000
1764077600638674639,2025-11-25 19:03:20.636,0.744748,1.825592,118.158188,0.032417,0.014795,0.977981,0.348973,0.222343,9.799678,0.006829,-0.003281,0.001621,-0.449569,0.530253,-1.187779,100346.0000
1764077600738808657,2025-11-25 19:03:20.736,0.748849,1.855652,118.183914,0.033338,0.016273,0.979039,-0.255139,-0.087165,9.792111,0.002248,-0.009988,0.002810,-0.448617,0.531172,-1.189734,100346.0000
1764077600838579491,2025-11-25 19:03:20.836,0.757277,1.891115,118.203941,0.037574,0.014930,0.978360,0.673979,0.285294,9.851705,0.004419,-0.009542,0.001294,-0.449584,0.528800,-1.188720,100350.0000
1764077600938991917,2025-11-25 19:03:20.936,0.763894,1.919010,118.228294,0.040262,0.016945,0.977995,0.508885,0.165047,9.841269,0.004516,-0.000127,-0.007287,-0.450550,0.528785,-1.189188,100344.0000
1764077601039002176,2025-11-25 19:03:21.036,0.768589,1.911294,118.245972,0.037912,0.016042,0.977899,0.021500,0.561509,9.801780,-0.000235,-0.000775,-0.004766,-0.447647,0.531197,-1.188785,100344.0000
1764077601138556861,2025-11-25 19:03:21.136,0.762845,1.852742,118.260147,0.038492,0.016402,0.978099,0.816819,0.330228,9.863459,-0.006820,0.008891,-0.007663,-0.447656,0.529286,-1.188756,100343.0000
1764077601238075268,2025-11-25 19:03:21.236,0.746567,1.786229,118.266273,0.036575,0.013451,0.977950,0.627908,-0.189082,9.970805,-0.001870,0.016031,0.002774,-0.447667,0.528788,-1.189711,100344.0000
1764077601338476768,2025-11-25 19:03:21.336,0.731591,1.737673,118.259918,0.033091,0.015302,0.978595,0.519655,0.087231,10.005718,-0.005093,0.011187,0.007385,-0.448612,0.532127,-1.189749,100342.0000
1764077601441281527,2025-11-25 19:03:21.436,0.721171,1.707385,118.265656,0.027994,0.014399,0.976862,-0.196115,-0.171763,9.692253,0.000934,0.002066,0.008773,-0.446692,0.531180,-1.189762,100344.0000
1764077601538355287,2025-11-25 19:03:21.536,0.720981,1.733920,118.277527,0.029620,0.014185,0.979082,0.414152,-0.038848,9.776877,0.000616,-0.004088,-0.000011,-0.446682,0.531679,-1.188807,100347.0000
1764077601639267138,2025-11-25 19:03:21.637,0.732074,1.775966,118.270515,0.033827,0.014473,0.977994,0.546166,0.084877,9.640346,0.006388,-0.006204,0.002038,-0.447663,0.528798,-1.189230,100342.0000
1764077601738697972,2025-11-25 19:03:21.736,0.746019,1.806242,118.252129,0.036375,0.015748,0.977763,0.288237,0.355904,9.578870,0.008682,-0.001858,0.002350,-0.446677,0.533579,-1.189318,100350.0000
1764077601838980083,2025-11-25 19:03:21.836,0.762047,1.823605,118.214020,0.036496,0.015621,0.977166,0.415960,0.071544,9.627071,0.007093,-0.000307,0.004927,-0.447663,0.530211,-1.190215,100342.0000
1764077601938919583,2025-11-25 19:03:21.936,0.780524,1.804820,118.154037,0.037462,0.017394,0.977673,0.486158,0.448928,9.509726,0.006847,0.005610,0.017386,-0.444752,0.533588,-1.189346,100348.0000
1764077602038358749,2025-11-25 19:03:22.036,0.782189,1.757036,118.083862,0.036659,0.020153,0.978942,0.218437,0.023701,9.844812,-0.007870,0.015251,0.004340,-0.443805,0.532139,-1.190301,100341.0000
1764077602138280138,2025-11-25 19:03:22.136,0.772177,1.707094,118.000755,0.029971,0.018103,0.978070,0.286805,0.542793,9.789715,-0.007635,0.006196,0.016399,-0.443796,0.533104,-1.189834,100344.0000
1764077602238015231,2025-11-25 19:03:22.236,0.755334,1.691225,117.895859,0.029353,0.017678,0.977330,0.160139,0.314001,9.711634,-0.001009,0.000866,0.014367,-0.444283,0.534972,-1.191782,100342.0000
1764077602338650638,2025-11-25 19:03:22.336,0.749028,1.695898,117.768295,0.029412,0.014007,0.978274,0.193438,-0.693298,9.776800,0.008628,-0.002229,0.034242,-0.443306,0.536430,-1.190856,100346.0000
1764077602439999101,2025-11-25 19:03:22.436,0.750240,1.724112,117.627090,0.032335,0.018856,0.977749,0.181356,1.023613,9.788363,0.002861,-0.008112,0.030156,-0.443303,0.539265,-1.192343,100347.0000
1764077602540084675,2025-11-25 19:03:22.536,0.760875,1.759983,117.464745,0.034150,0.018110,0.976931,0.594428,0.214472,9.627936,-0.000694,-0.011178,0.028461,-0.439931,0.537878,-1.190927,100342.0000
1764077602640005156,2025-11-25 19:03:22.636,0.769979,1.791404,117.280479,0.035606,0.019060,0.978870,0.346388,0.414889,9.893386,-0.008499,0.000951,0.028835,-0.440382,0.542195,-1.190023,100352.0000
1764077602738721730,2025-11-25 19:03:22.736,0.781055,1.805670,117.087669,0.034976,0.015075,0.978170,0.160993,-0.084337,9.855644,0.015360,0.001229,0.046056,-0.438948,0.541236,-1.190511,100340.0000
1764077602838827027,2025-11-25 19:03:22.836,0.781490,1.810803,116.883812,0.035043,0.024095,0.977700,0.618469,0.301705,9.796165,0.002180,0.002560,0.031641,-0.437013,0.544101,-1.191065,100352.0000
1764077602938758026,2025-11-25 19:03:22.936,0.760969,1.801850,116.672623,0.032888,0.021466,0.978362,0.280509,-0.269617,9.826611,0.004329,0.005560,0.032031,-0.434584,0.547943,-1.190678,100347.0000
1764077603038467693,2025-11-25 19:03:23.036,0.729788,1.795291,116.479027,0.033444,0.018151,0.979140,0.588065,0.438724,9.719221,0.005775,0.001597,0.035775,-0.432182,0.550302,-1.192675,100347.0000
1764077603138764378,2025-11-25 19:03:23.136,0.698239,1.810152,116.305252,0.033198,0.019096,0.978663,0.540757,0.188929,9.925445,-0.004947,-0.005180,0.025501,-0.432633,0.553206,-1.190786,100346.0000
1764077603238052193,2025-11-25 19:03:23.236,0.682650,1.849315,116.139786,0.035981,0.015318,0.976613,0.302393,0.288243,9.814676,0.005799,-0.010511,0.028097,-0.430713,0.550847,-1.189816,100342.0000
1764077603338840434,2025-11-25 19:03:23.336,0.692947,1.899593,115.992676,0.038697,0.016335,0.976357,0.634299,0.360184,9.683219,0.004601,-0.009283,0.028116,-0.428275,0.555655,-1.188962,100350.0000
1764077603441382360,2025-11-25 19:03:23.436,0.714127,1.941577,115.845108,0.039460,0.015802,0.976709,0.413498,0.125199,9.858115,0.005204,-0.005860,0.029521,-0.429694,0.559013,-1.188029,100345.0000
1764077603539021619,2025-11-25 19:03:23.536,0.734959,1.965420,115.696968,0.039318,0.018762,0.977951,0.530351,0.041538,9.988835,-0.000423,-0.001560,0.023644,-0.430181,0.557110,-1.187511,100345.0000
1764077603638525304,2025-11-25 19:03:23.636,0.748094,1.966779,115.549522,0.038682,0.017720,0.978938,0.041364,0.011935,9.826972,-0.000173,0.002955,0.028706,-0.425359,0.559987,-1.188108,100347.0000
1764077603740593563,2025-11-25 19:03:23.736,0.746779,1.881599,115.405571,0.040138,0.020298,0.981620,0.413099,0.121639,9.741293,0.006136,0.036119,0.017124,-0.425366,0.560912,-1.189566,100346.0000
1764077603838895804,2025-11-25 19:03:23.836,0.721300,1.454059,115.378494,0.032365,0.021132,0.984213,0.028793,-0.127281,10.008666,-0.003774,0.110137,-0.013428,-0.419640,0.561283,-1.195917,100344.0000
1764077603942671007,2025-11-25 19:03:23.936,0.683219,0.632948,115.443802,0.006748,0.012535,0.983770,-0.362775,0.084890,9.806988,0.003532,0.166546,-0.007416,-0.413912,0.562132,-1.202275,100343.0000
1764077604039108822,2025-11-25 19:03:24.036,0.664550,-0.331843,115.536491,-0.034883,0.013679,0.982805,-0.582019,0.221058,9.874855,-0.003644,0.158139,-0.016887,-0.405332,0.560544,-1.211528,100344.0000
1764077604138464692,2025-11-25 19:03:24.136,0.682671,-1.080760,115.634750,-0.072229,0.008666,0.979643,-0.933062,-0.108997,9.617739,0.004391,0.097986,-0.014058,-0.400582,0.560402,-1.219301,100349.0000
1764077604238010989,2025-11-25 19:03:24.236,0.728867,-1.435046,115.719986,-0.088387,0.010710,0.980425,-1.059378,0.316052,9.760711,0.008888,0.044440,-0.013721,-0.396302,0.558877,-1.224638,100346.0000
1764077604339005674,2025-11-25 19:03:24.336,0.774785,-1.618836,115.776970,-0.084637,0.015330,0.977951,-0.853637,0.013982,9.698293,0.012411,0.024345,-0.010186,-0.392958,0.555528,-1.225599,100350.0000
1764077604441514081,2025-11-25 19:03:24.436,0.788729,-1.640722,115.831810,-0.081081,0.019104,0.972253,-0.845864,0.359280,9.709781,-0.001638,-0.016050,-0.016056,-0.395360,0.554115,-1.224098,100349.0000
1764077604538828951,2025-11-25 19:03:24.536,0.772687,-1.653713,115.884789,-0.069462,0.015617,0.974315,-1.017810,0.159563,9.537395,0.006424,0.014847,0.002249,-0.395378,0.555009,-1.227001,100341.0000
1764077604640241285,2025-11-25 19:03:24.638,0.757495,-1.751708,115.958374,-0.082573,0.013692,0.972303,-1.927203,-0.955006,8.291458,0.013204,0.023915,-0.027687,-0.396343,0.553582,-1.226483,100344.0000
1764077604738539285,2025-11-25 19:03:24.736,0.731117,-1.884045,115.984306,-0.106774,0.014448,0.968319,0.142580,-0.515349,10.140877,-0.001020,0.028747,-0.001582,-0.395410,0.551624,-1.228875,100341.0000
1764077604840922951,2025-11-25 19:03:24.836,0.695565,-1.820606,116.008057,-0.116989,0.016021,0.969303,-1.133536,-0.051688,9.700161,0.005747,-0.031152,-0.003548,-0.393944,0.555463,-1.228473,100349.0000
1764077604938964303,2025-11-25 19:03:24.936,0.689279,-1.338262,116.091125,-0.111233,0.011119,0.970063,-1.030621,-0.692350,9.503448,0.012823,-0.112906,-0.011929,-0.401604,0.554585,-1.223050,100351.0000
1764077605039158099,2025-11-25 19:03:25.036,0.731095,-0.547579,116.178429,-0.079105,0.010949,0.975510,-0.638007,0.464830,9.799629,0.008219,-0.145409,-0.015884,-0.408779,0.552307,-1.216167,100338.0000
1764077605140875840,2025-11-25 19:03:25.136,0.793502,0.312555,116.199074,-0.039804,0.012517,0.976031,-0.334624,0.225602,10.055189,0.008295,-0.140155,0.006961,-0.418351,0.550983,-1.208782,100343.0000
1764077605238134007,2025-11-25 19:03:25.236,0.848510,0.942259,116.192528,0.000719,0.017825,0.980740,0.282622,0.260232,9.820037,0.005785,-0.084438,0.006376,-0.422136,0.551607,-1.201031,100342.0000
1764077605338624932,2025-11-25 19:03:25.336,0.855693,1.182627,116.180588,0.025901,0.021627,0.983299,0.276247,0.197324,9.897867,-0.001166,-0.001845,0.002132,-0.427880,0.553075,-1.198079,100345.0000
1764077605440893414,2025-11-25 19:03:25.436,0.810401,0.987254,116.171318,0.031968,0.020206,0.982827,0.434653,-0.383598,9.736433,-0.008167,0.060711,0.006884,-0.422605,0.553993,-1.201060,100338.0000
1764077605538582803,2025-11-25 19:03:25.536,0.727834,0.485943,116.190399,0.021169,0.021367,0.986101,0.302153,0.072218,9.895466,-0.018843,0.107675,-0.010737,-0.420707,0.553463,-1.203969,100341.0000
1764077605638784284,2025-11-25 19:03:25.636,0.666563,-0.120098,116.215355,-0.004352,0.009436,0.982040,-0.492866,-0.138708,9.733110,-0.006249,0.097415,0.002195,-0.413542,0.554298,-1.211311,100346.0000
1764077605738649432,2025-11-25 19:03:25.736,0.660365,-0.617207,116.216118,-0.027588,0.011575,0.982190,-0.767375,0.497759,9.722100,0.004666,0.060141,-0.005084,-0.408753,0.553791,-1.213782,100347.0000
1764077605841150469,2025-11-25 19:03:25.836,0.697017,-0.818204,116.178391,-0.041049,0.011627,0.978442,-0.182937,0.666187,9.973794,0.016156,0.010841,0.011600,-0.406853,0.551848,-1.215707,100348.0000
1764077605938719414,2025-11-25 19:03:25.936,0.738514,-0.667593,116.105988,-0.046826,0.014732,0.971577,-0.886276,0.292628,9.594124,0.014823,-0.052654,0.018047,-0.407342,0.551825,-1.216662,100342.0000
1764077606038607895,2025-11-25 19:03:26.036,0.758635,-0.241804,116.026436,-0.030875,0.016667,0.968890,-0.196790,0.077910,9.711223,-0.001425,-0.098019,0.012541,-0.410656,0.555723,-1.212339,100345.0000
1764077606141192025,2025-11-25 19:03:26.136,0.753520,0.259120,115.948570,-0.003122,0.016825,0.972798,0.371631,0.123658,9.772511,-0.003584,-0.085892,0.011869,-0.414936,0.553479,-1.204536,100346.0000
1764077606238078895,2025-11-25 19:03:26.236,0.732225,0.613653,115.876701,0.019656,0.014901,0.979502,0.425376,0.131815,9.870227,0.001211,-0.039676,0.012706,-0.418251,0.558789,-1.201197,100345.0000
1764077606338725858,2025-11-25 19:03:26.336,0.718723,0.702039,115.810165,0.028309,0.014992,0.981818,0.195950,-0.072232,9.770872,0.004672,0.007327,0.014486,-0.419221,0.558765,-1.202145,100346.0000
1764077606438814413,2025-11-25 19:03:26.436,0.719968,0.542693,115.748512,0.024427,0.014379,0.983451,0.185354,0.194435,9.794558,0.005791,0.044990,0.013561,-0.416368,0.557273,-1.205536,100350.0000
1764077606538612247,2025-11-25 19:03:26.536,0.735730,0.241047,115.674240,0.012969,0.014741,0.982876,-0.053353,0.317208,9.936139,0.000725,0.054668,0.017226,-0.413481,0.558231,-1.206075,100344.0000
1764077606638883358,2025-11-25 19:03:26.636,0.748008,-0.019388,115.576134,-0.001768,0.015149,0.978959,-0.213610,0.285715,9.760555,0.000208,0.028997,0.020490,-0.409663,0.558167,-1.209982,100354.0000
1764077606740469265,2025-11-25 19:03:26.736,0.729723,-0.108408,115.487381,-0.009010,0.017252,0.977848,-0.103481,0.307956,9.754178,-0.008584,-0.004712,0.012608,-0.407243,0.560099,-1.209566,100345.0000
1764077606839586395,2025-11-25 19:03:26.836,0.692354,-0.033022,115.420387,-0.005477,0.016153,0.977095,0.116596,0.235593,9.838699,-0.006253,-0.027852,0.009239,-0.406747,0.560142,-1.207648,100342.0000
1764077606938467209,2025-11-25 19:03:26.936,0.657828,0.131719,115.359695,0.003223,0.012417,0.978358,0.203372,0.073682,9.840289,0.006263,-0.028776,0.013527,-0.410104,0.562982,-1.208123,100345.0000
1764077607038455765,2025-11-25 19:03:27.036,0.662791,0.278886,115.284225,0.011307,0.010696,0.977957,0.157894,0.047048,9.792678,0.011599,-0.018526,0.016016,-0.409600,0.561633,-1.204257,100343.0000
1764077607138529968,2025-11-25 19:03:27.136,0.699405,0.346157,115.193848,0.015878,0.010512,0.977909,0.075466,0.102397,9.750817,0.009367,-0.003111,0.014509,-0.409099,0.565457,-1.204323,100350.0000
1764077607238005542,2025-11-25 19:03:27.236,0.755508,0.309493,115.101105,0.015771,0.014079,0.977762,0.103722,0.076241,9.778260,0.010687,0.013713,0.015119,-0.408624,0.564971,-1.204804,100345.0000
1764077607339695413,2025-11-25 19:03:27.336,0.787496,0.198889,115.031357,0.011843,0.018420,0.977748,0.099931,0.212331,9.794771,-0.001301,0.019545,0.012386,-0.407685,0.564914,-1.207707,100339.0000
1764077607438956246,2025-11-25 19:03:27.436,0.782620,0.064258,114.989983,0.007038,0.018602,0.978899,0.078591,0.225789,9.801184,-0.002914,0.019614,0.006554,-0.405265,0.567791,-1.207786,100342.0000
1764077607538950876,2025-11-25 19:03:27.536,0.749119,-0.046069,114.966919,0.002003,0.016642,0.979095,0.056263,0.199240,9.855493,-0.003650,0.011084,0.004567,-0.405281,0.565392,-1.208231,100348.0000
1764077607645122413,2025-11-25 19:03:27.641,0.712396,-0.105646,114.943108,0.000070,0.014130,0.979807,0.018677,0.131429,9.823478,-0.003215,0.004905,0.002198,-0.403840,0.568691,-1.210710,100350.0000
1764077607738772079,2025-11-25 19:03:27.736,0.696750,-0.110585,114.926567,-0.000546,0.012690,0.979678,0.006859,0.031825,9.828770,-0.003232,-0.002889,0.000326,-0.404800,0.566807,-1.209223,100344.0000
1764077607838928746,2025-11-25 19:03:27.836,0.713330,-0.068975,114.913689,-0.000492,0.012771,0.978471,-0.014674,-0.051641,9.788010,0.009771,-0.007314,0.003403,-0.403825,0.567787,-1.208289,100338.0000
1764077607939640635,2025-11-25 19:03:27.936,0.752596,0.000523,114.900543,0.000729,0.014618,0.977813,0.036468,-0.008194,9.757163,0.012322,-0.013173,0.003633,-0.402389,0.566360,-1.208288,100346.0000
1764077608038717209,2025-11-25 19:03:28.036,0.778367,0.080160,114.895981,0.003471,0.016912,0.976461,0.114045,0.048393,9.740942,-0.001281,-0.013833,0.001292,-0.406215,0.568763,-1.206824,100344.0000
1764077608138794838,2025-11-25 19:03:28.136,0.774956,0.146723,114.918465,0.006962,0.017976,0.977581,0.140824,0.278356,9.794295,-0.003400,-0.014996,-0.002992,-0.405774,0.565359,-1.209668,100347.0000
1764077608238096116,2025-11-25 19:03:28.236,0.754227,0.180866,114.975266,0.010704,0.016559,0.978505,0.085774,0.365891,9.796090,-0.004153,-0.007589,-0.005267,-0.405746,0.567788,-1.207779,100343.0000
1764077608338998801,2025-11-25 19:03:28.336,0.733230,0.171927,115.045372,0.013148,0.013783,0.979918,0.112205,0.330104,9.856155,-0.003239,0.003472,-0.008696,-0.407197,0.566349,-1.207736,100342.0000
1764077608439239208,2025-11-25 19:03:28.436,0.736938,0.116732,115.106216,0.012155,0.013192,0.980585,0.130999,0.188580,9.798186,0.002931,0.011725,-0.010541,-0.406710,0.565894,-1.206773,100350.0000
1764077608540621690,2025-11-25 19:03:28.536,0.768704,0.032866,115.155144,0.009002,0.014127,0.979357,0.081558,0.012379,9.791129,0.004244,0.017380,-0.006348,-0.404316,0.565874,-1.208253,100344.0000
1764077608641274560,2025-11-25 19:03:28.636,0.800245,-0.042951,115.215401,0.004071,0.016437,0.978101,0.022577,0.104565,9.777880,0.003434,0.008113,-0.011384,-0.406731,0.566311,-1.209669,100348.0000
1764077608741431949,2025-11-25 19:03:28.736,0.811115,-0.071201,115.299812,0.000673,0.018686,0.976633,-0.064725,0.074356,9.755712,0.002117,-0.001063,-0.015276,-0.404827,0.562965,-1.210127,100350.0000
1764077608838721838,2025-11-25 19:03:28.836,0.790596,-0.042080,115.405434,0.001173,0.017835,0.976694,0.017127,0.141760,9.788557,-0.003152,-0.013261,-0.015146,-0.406284,0.561038,-1.210558,100346.0000
1764077608938760875,2025-11-25 19:03:28.936,0.757734,0.053636,115.512505,0.005135,0.016441,0.977645,0.102576,0.130137,9.785776,-0.002421,-0.020615,-0.013526,-0.408651,0.561129,-1.205708,100348.0000
1764077609038818245,2025-11-25 19:03:29.036,0.731244,0.161069,115.615341,0.010431,0.014423,0.978724,0.141164,0.221208,9.790085,-0.008213,-0.016008,-0.017638,-0.411559,0.559175,-1.207080,100347.0000
1764077609138593578,2025-11-25 19:03:29.136,0.731005,0.233591,115.714706,0.015518,0.012887,0.979652,0.176370,0.208256,9.791170,-0.001514,-0.005020,-0.015094,-0.412018,0.560646,-1.205170,100348.0000
1764077609238083189,2025-11-25 19:03:29.236,0.759441,0.240657,115.817429,0.016823,0.014143,0.979798,0.160088,0.217936,9.788136,0.008279,0.003041,-0.016713,-0.414401,0.562109,-1.203231,100350.0000
1764077609339476597,2025-11-25 19:03:29.336,0.790574,0.190881,115.921722,0.014789,0.016481,0.979688,0.134475,0.183584,9.804573,0.005522,0.010965,-0.017773,-0.412527,0.557270,-1.206556,100345.0000
1764077609439671819,2025-11-25 19:03:29.436,0.803531,0.119378,116.026558,0.010852,0.018007,0.979087,0.085339,0.125515,9.793578,0.001361,0.013351,-0.019503,-0.413496,0.558190,-1.208000,100346.0000
1764077609538954930,2025-11-25 19:03:29.536,0.793319,0.062239,116.135223,0.008624,0.017940,0.979285,0.140925,0.100126,9.783421,-0.002274,0.011369,-0.020449,-0.412047,0.556327,-1.206067,100347.0000
1764077609638899504,2025-11-25 19:03:29.636,0.763406,0.003339,116.243141,0.006380,0.016136,0.979055,0.125710,0.065660,9.801865,-0.006766,0.008277,-0.014474,-0.414490,0.553389,-1.208875,100346.0000
1764077609741041615,2025-11-25 19:03:29.736,0.735403,-0.016650,116.362534,0.004931,0.015270,0.977914,0.029707,0.137624,9.759490,-0.000827,-0.000359,-0.010548,-0.415934,0.553383,-1.208854,100346.0000
1764077609838623152,2025-11-25 19:03:29.836,0.733917,0.000082,116.479904,0.004941,0.013544,0.977602,-0.054787,0.183556,9.730639,0.005349,-0.006678,-0.016365,-0.418333,0.551502,-1.206864,100348.0000
1764077609938871393,2025-11-25 19:03:29.936,0.761080,0.028134,116.573586,0.006586,0.013568,0.977105,0.105289,0.244740,9.740157,0.002059,-0.004065,-0.013813,-0.417379,0.551486,-1.207841,100346.0000
1764077610038726522,2025-11-25 19:03:30.036,0.799900,0.062945,116.657585,0.007238,0.015579,0.977557,0.043886,0.179660,9.786852,0.010477,-0.006595,-0.014590,-0.415936,0.550547,-1.207366,100347.0000
1764077610138463189,2025-11-25 19:03:30.136,0.817975,0.087591,116.744957,0.007784,0.017387,0.977839,0.074015,0.135203,9.770397,0.004053,-0.006081,-0.014795,-0.419788,0.550052,-1.207302,100344.0000
1764077610238065022,2025-11-25 19:03:30.236,0.804531,0.104034,116.835373,0.008023,0.018213,0.979088,0.100400,0.080342,9.822113,-0.006651,-0.001595,-0.016805,-0.419802,0.547186,-1.207258,100341.0000
1764077610339086392,2025-11-25 19:03:30.336,0.769292,0.112335,116.916908,0.008649,0.016672,0.980093,0.102489,-0.018121,9.800180,-0.009834,-0.001152,-0.013088,-0.420272,0.548627,-1.206792,100348.0000
1764077610438768726,2025-11-25 19:03:30.436,0.739669,0.096738,116.977646,0.009278,0.014543,0.979814,0.063455,0.128112,9.791604,0.000411,0.004851,-0.008211,-0.420764,0.547182,-1.207244,100346.0000
1764077610538576633,2025-11-25 19:03:30.536,0.733782,0.051049,117.026260,0.009418,0.013499,0.980306,0.023009,0.167377,9.814002,0.006808,0.014137,-0.002071,-0.420797,0.545210,-1.210103,100342.0000
1764077610639149448,2025-11-25 19:03:30.636,0.751182,-0.032733,117.057312,0.005814,0.014809,0.978667,0.007877,0.212294,9.760448,0.005875,0.018727,-0.006119,-0.417891,0.546686,-1.208723,100340.0000
1764077610738591207,2025-11-25 19:03:30.736,0.777579,-0.106512,117.076736,0.000600,0.014911,0.977575,0.066308,0.175124,9.763356,0.006417,0.003976,-0.004127,-0.421762,0.544728,-1.210081,100344.0000
1764077610838474911,2025-11-25 19:03:30.836,0.795034,-0.127866,117.082199,-0.002189,0.015885,0.976885,0.045401,0.289420,9.833882,0.005122,-0.005977,0.002512,-0.418874,0.545686,-1.210620,100352.0000
1764077610938846744,2025-11-25 19:03:30.936,0.794196,-0.088990,117.082542,-0.001486,0.017109,0.977226,0.034657,0.163805,9.823282,0.001393,-0.011930,-0.005384,-0.420327,0.543769,-1.210569,100341.0000
1764077611038747948,2025-11-25 19:03:31.036,0.779650,-0.008281,117.070549,0.001288,0.015273,0.978036,0.030306,0.024495,9.777536,-0.002316,-0.013336,0.004067,-0.420776,0.544793,-1.207207,100340.0000
1764077611138556818,2025-11-25 19:03:31.136,0.772808,0.083926,117.046425,0.005729,0.015016,0.978034,0.085444,0.082738,9.781104,0.000226,-0.010470,0.008849,-0.422214,0.546687,-1.207697,100334.0000
1764077611238035077,2025-11-25 19:03:31.236,0.769140,0.148952,117.013298,0.009741,0.015274,0.978823,0.092029,0.137300,9.813661,-0.004341,-0.005969,0.007747,-0.421717,0.547675,-1.206274,100344.0000
1764077611338387633,2025-11-25 19:03:31.336,0.773418,0.159356,116.969856,0.012006,0.015211,0.979493,0.022705,0.187596,9.775878,0.002126,-0.002374,0.012195,-0.419313,0.547209,-1.206302,100353.0000
1764077611438813799,2025-11-25 19:03:31.436,0.780159,0.122123,116.915657,0.011021,0.015289,0.979397,0.028137,0.186043,9.780585,0.000090,0.005004,0.013490,-0.420775,0.548096,-1.209184,100346.0000
1764077611544144114,2025-11-25 19:03:31.541,0.774780,0.064493,116.866791,0.008866,0.017031,0.979263,0.082254,0.263765,9.787476,-0.002045,0.008225,0.010224,-0.422209,0.550000,-1.209192,100343.0000
1764077611638565577,2025-11-25 19:03:31.636,0.761181,0.010921,116.827286,0.006328,0.016841,0.978898,0.105746,0.146037,9.827224,-0.005288,0.005537,0.005530,-0.419799,0.548609,-1.207762,100350.0000
1764077611738620021,2025-11-25 19:03:31.736,0.742464,-0.018011,116.789352,0.004777,0.014991,0.978852,0.094046,0.079235,9.804258,-0.003046,-0.000581,0.007147,-0.416421,0.550535,-1.207841,100340.0000
1764077611840819910,2025-11-25 19:03:31.836,0.737215,-0.014300,116.740723,0.004254,0.013909,0.978368,0.019616,0.099063,9.777628,0.003076,-0.002164,0.012146,-0.417852,0.551504,-1.206871,100342.0000
1764077611938506651,2025-11-25 19:03:31.936,0.747290,0.011095,116.685204,0.004597,0.013726,0.977820,0.036081,0.033181,9.753535,0.000282,-0.002671,0.010143,-0.416903,0.549587,-1.207337,100349.0000
1764077612038456799,2025-11-25 19:03:32.036,0.770251,0.047194,116.629074,0.005712,0.014310,0.977534,0.044033,0.150783,9.780476,0.003740,-0.007404,0.013992,-0.418343,0.549591,-1.206835,100343.0000
1764077612138549854,2025-11-25 19:03:32.136,0.793071,0.083127,116.567154,0.007772,0.015949,0.977559,0.121915,0.301355,9.751082,0.008594,-0.010847,0.014972,-0.417855,0.551026,-1.206864,100349.0000
1764077612239663410,2025-11-25 19:03:32.237,0.799844,0.126229,116.510628,0.009255,0.017220,0.978134,0.138749,0.262279,9.785369,0.000080,-0.011521,0.011735,-0.415453,0.551027,-1.207380,100348.0000
1764077612338813688,2025-11-25 19:03:32.336,0.788472,0.161926,116.472527,0.011122,0.017420,0.978685,0.151735,0.231449,9.810042,-0.006593,0.000122,0.005811,-0.414478,0.552007,-1.206447,100346.0000
1764077612438618113,2025-11-25 19:03:32.436,0.765750,0.175728,116.439240,0.012843,0.016607,0.979555,0.167352,0.193228,9.816183,-0.002718,-0.001724,0.005281,-0.416872,0.552027,-1.204967,100342.0000
1764077612540099502,2025-11-25 19:03:32.536,0.741783,0.158665,116.409920,0.013008,0.014947,0.979905,0.104404,0.106390,9.807689,-0.001130,0.006340,0.004008,-0.415905,0.552986,-1.204996,100344.0000
1764077612640808836,2025-11-25 19:03:32.636,0.736944,0.113960,116.381905,0.011163,0.013540,0.979494,0.080765,0.048024,9.800378,-0.009519,0.012571,0.004406,-0.417344,0.553935,-1.204989,100344.0000
1764077612738649502,2025-11-25 19:03:32.736,0.746133,0.061139,116.358665,0.009443,0.013463,0.979144,0.047533,0.075060,9.776821,0.004549,0.009630,0.004311,-0.414946,0.553926,-1.205987,100338.0000
1764077612838784650,2025-11-25 19:03:32.836,0.765344,0.021120,116.337372,0.007554,0.014837,0.978446,0.065955,0.118078,9.780156,0.008719,0.002755,0.007265,-0.414974,0.554322,-1.209846,100348.0000
1764077612938763021,2025-11-25 19:03:32.936,0.786879,0.005312,116.320107,0.005996,0.015915,0.978073,0.061847,0.182743,9.761648,0.001822,0.002510,0.004579,-0.415918,0.555781,-1.208409,100340.0000
1764077613039001502,2025-11-25 19:03:33.036,0.789529,0.018656,116.309570,0.006064,0.017113,0.977504,0.079153,0.234588,9.773436,-0.002643,-0.004684,0.004925,-0.414487,0.554812,-1.209379,100344.0000
1764077613138511557,2025-11-25 19:03:33.136,0.775738,0.055268,116.303299,0.007196,0.016781,0.977540,0.101336,0.234026,9.791692,-0.002520,-0.009530,-0.001443,-0.414957,0.553895,-1.207431,100348.0000
1764077613238048335,2025-11-25 19:03:33.236,0.757963,0.092990,116.295418,0.008529,0.016155,0.978016,0.094322,0.186837,9.789355,0.004188,-0.007006,0.002319,-0.416367,0.556805,-1.205047,100343.0000
1764077613340477187,2025-11-25 19:03:33.336,0.737457,0.124627,116.286964,0.010592,0.014635,0.978261,0.110459,0.122757,9.806407,-0.006357,-0.003194,0.002051,-0.414957,0.553895,-1.207431,100340.0000
1764077613439680020,2025-11-25 19:03:33.436,0.730964,0.129399,116.284737,0.011731,0.014199,0.979101,0.120914,0.065390,9.804692,-0.002990,0.000377,0.000681,-0.416372,0.555850,-1.205033,100348.0000
1764077613538967057,2025-11-25 19:03:33.536,0.733552,0.108798,116.284317,0.011641,0.014862,0.979239,0.108181,0.083913,9.807983,0.006835,0.002930,-0.000222,-0.416394,0.554376,-1.206936,100341.0000
1764077613640670224,2025-11-25 19:03:33.637,0.742102,0.069216,116.290215,0.010289,0.015082,0.979024,0.096766,0.120102,9.782610,0.001243,0.009907,0.001964,-0.416417,0.552903,-1.208840,100347.0000
1764077613741288761,2025-11-25 19:03:33.736,0.748265,0.030073,116.299576,0.007920,0.015964,0.978698,0.048713,0.175236,9.768212,-0.002844,0.007323,-0.000334,-0.414949,0.554861,-1.206965,100347.0000
1764077613838771187,2025-11-25 19:03:33.836,0.749420,0.012577,116.309341,0.006113,0.016303,0.978212,0.036828,0.219391,9.768776,0.003762,-0.000039,0.001306,-0.413520,0.555772,-1.209408,100344.0000
1764077613939164668,2025-11-25 19:03:33.936,0.748973,0.022637,116.323822,0.005513,0.015655,0.977965,0.034249,0.235545,9.765518,0.001592,-0.009316,-0.001871,-0.414937,0.556304,-1.206505,100346.0000
1764077614043747779,2025-11-25 19:03:34.036,0.750635,0.055352,116.332932,0.006957,0.015193,0.978220,0.077511,0.185468,9.791890,-0.000866,-0.007349,-0.002792,-0.415436,0.554371,-1.207432,100350.0000
1764077614138465872,2025-11-25 19:03:34.136,0.751401,0.088340,116.342247,0.008832,0.014783,0.978395,0.129515,0.131664,9.803094,0.004311,-0.008929,-0.003020,-0.416872,0.554385,-1.206448,100348.0000
1764077614238082038,2025-11-25 19:03:34.236,0.754144,0.109263,116.351303,0.010396,0.015352,0.978757,0.124785,0.103491,9.787289,0.002774,-0.002628,-0.002314,-0.416417,0.552903,-1.208840,100344.0000
1764077614338370909,2025-11-25 19:03:34.336,0.754198,0.112014,116.355347,0.010562,0.015966,0.978467,0.104500,0.077395,9.796185,0.000230,0.003856,0.001958,-0.414453,0.556316,-1.206031,100345.0000
1764077614439132094,2025-11-25 19:03:34.436,0.752638,0.097391,116.362984,0.009988,0.016307,0.978572,0.074756,0.131536,9.774644,-0.000943,0.003280,0.000951,-0.414484,0.551519,-1.206921,100350.0000
1764077614538857408,2025-11-25 19:03:34.536,0.751454,0.080982,116.382202,0.008476,0.016378,0.978807,0.052382,0.172200,9.768656,-0.001664,-0.001451,-0.002555,-0.417352,0.552970,-1.205456,100350.0000
1764077614638855353,2025-11-25 19:03:34.636,0.740286,0.066503,116.403320,0.007982,0.015956,0.978873,0.056802,0.209380,9.764248,-0.004956,0.000646,-0.003729,-0.416400,0.556246,-1.208891,100351.0000
1764077614738511594,2025-11-25 19:03:34.736,0.732362,0.061089,116.428841,0.007992,0.015514,0.979163,0.097022,0.230228,9.784622,0.008421,-0.002850,-0.001139,-0.415442,0.551525,-1.206425,100354.0000
1764077614838767131,2025-11-25 19:03:34.836,0.731368,0.057041,116.450958,0.008351,0.014847,0.979293,0.112592,0.198488,9.796227,-0.000398,-0.002390,-0.000923,-0.415908,0.553921,-1.205973,100340.0000
1764077614939041075,2025-11-25 19:03:34.936,0.737378,0.057643,116.468971,0.008260,0.014365,0.978211,0.101763,0.123673,9.797247,-0.000562,-0.003384,-0.006743,-0.415449,0.552450,-1.207884,100342.0000
1764077615038311112,2025-11-25 19:03:35.036,0.748979,0.058062,116.489723,0.008060,0.014587,0.977607,0.090853,0.087172,9.783591,0.007234,0.001928,-0.002988,-0.415910,0.555801,-1.207446,100340.0000
1764077615138724760,2025-11-25 19:03:35.136,0.757930,0.057288,116.512703,0.007798,0.015298,0.977379,0.057157,0.090233,9.771867,0.010850,-0.001105,0.000908,-0.417849,0.552927,-1.207374,100349.0000
1764077615238212093,2025-11-25 19:03:35.236,0.766972,0.061265,116.532455,0.007761,0.016411,0.977251,0.030325,0.132579,9.752199,-0.001567,-0.002119,0.000316,-0.416403,0.553411,-1.207403,100344.0000
1764077615342506667,2025-11-25 19:03:35.336,0.764754,0.067720,116.546631,0.007850,0.017304,0.978187,0.064746,0.203711,9.767804,-0.000440,0.002061,0.002122,-0.417346,0.553458,-1.204982,100343.0000
1764077615438628204,2025-11-25 19:03:35.436,0.751303,0.072927,116.564186,0.008117,0.017007,0.979057,0.072558,0.235798,9.768712,0.000958,-0.001640,-0.000137,-0.414490,0.553389,-1.208875,100346.0000
1764077615538613334,2025-11-25 19:03:35.536,0.734242,0.074468,116.579338,0.008826,0.016014,0.979730,0.107979,0.215969,9.801115,0.000348,0.000360,-0.001490,-0.416409,0.553868,-1.208373,100348.0000
1764077615641623630,2025-11-25 19:03:35.636,0.716570,0.069210,116.596550,0.009100,0.014262,0.979741,0.102756,0.157860,9.804235,0.000496,0.000921,-0.006372,-0.414963,0.551995,-1.206921,100340.0000
1764077615742048389,2025-11-25 19:03:35.736,0.718039,0.063363,116.616875,0.008650,0.013630,0.979063,0.107512,0.115882,9.799085,-0.000123,0.001158,-0.004528,-0.417854,0.553384,-1.208344,100341.0000
1764077615839167611,2025-11-25 19:03:35.836,0.732140,0.058081,116.641220,0.007543,0.014077,0.978260,0.065839,0.087082,9.791001,0.006550,-0.001820,-0.004399,-0.418331,0.551979,-1.206871,100342.0000
1764077615938874500,2025-11-25 19:03:35.936,0.755204,0.062609,116.665878,0.006987,0.015094,0.978007,0.036647,0.093280,9.776469,0.008674,-0.001520,-0.003133,-0.419289,0.552930,-1.206872,100347.0000
1764077616038817296,2025-11-25 19:03:36.036,0.768929,0.077517,116.684822,0.007383,0.016175,0.978755,0.054929,0.162098,9.776813,0.001098,-0.002296,0.000338,-0.416876,0.552016,-1.205448,100346.0000
1764077616140544019,2025-11-25 19:03:36.137,0.770663,0.091097,116.697868,0.008481,0.016421,0.978873,0.077189,0.201298,9.760700,-0.003031,-0.002837,-0.000319,-0.418337,0.550079,-1.206360,100348.0000
1764077616237980759,2025-11-25 19:03:36.236,0.766165,0.096189,116.717033,0.009695,0.016738,0.978979,0.106764,0.244660,9.779971,-0.003180,0.001030,-0.003156,-0.416895,0.550553,-1.206871,100346.0000
1764077616338909093,2025-11-25 19:03:36.336,0.757202,0.082329,116.733299,0.010396,0.016146,0.978697,0.111252,0.211222,9.800865,-0.003364,0.002939,-0.004609,-0.416892,0.551031,-1.206878,100344.0000
1764077616438997593,2025-11-25 19:03:36.436,0.747145,0.053869,116.753059,0.009264,0.015632,0.977701,0.114598,0.152956,9.794549,0.003113,0.006408,-0.003963,-0.419302,0.552422,-1.208308,100353.0000
1764077616538548611,2025-11-25 19:03:36.536,0.739338,0.019154,116.778091,0.007342,0.015219,0.977107,0.068980,0.080147,9.787253,0.001865,0.007691,-0.005237,-0.415460,0.551006,-1.208343,100350.0000
1764077616639992000,2025-11-25 19:03:36.637,0.738854,-0.002636,116.802055,0.006136,0.014797,0.976882,0.052139,0.080622,9.766936,-0.000689,0.000922,-0.003257,-0.417871,0.548628,-1.207309,100347.0000
1764077616738759166,2025-11-25 19:03:36.736,0.740251,0.001190,116.824448,0.005701,0.015115,0.978098,0.041690,0.110558,9.775689,0.004130,-0.003799,0.001457,-0.418348,0.550048,-1.207805,100347.0000
1764077616838627426,2025-11-25 19:03:36.836,0.739613,0.022230,116.841629,0.006647,0.015232,0.979282,0.056343,0.176791,9.774680,0.002383,-0.008201,-0.000465,-0.417849,0.550569,-1.205894,100346.0000
1764077616939125777,2025-11-25 19:03:36.936,0.743365,0.046403,116.856544,0.008711,0.015403,0.979888,0.099632,0.214709,9.785545,0.001922,-0.006350,-0.002019,-0.417860,0.549126,-1.206353,100347.0000
1764077617039030129,2025-11-25 19:03:37.036,0.746374,0.064146,116.876244,0.009250,0.015476,0.979907,0.124433,0.241314,9.788098,-0.004029,-0.003066,-0.004429,-0.417374,0.548670,-1.205390,100348.0000
1764077617138642388,2025-11-25 19:03:37.136,0.753030,0.069131,116.898460,0.009454,0.015597,0.979322,0.113887,0.205169,9.808513,0.002603,0.000489,-0.004916,-0.417874,0.547205,-1.206805,100344.0000
1764077617238110333,2025-11-25 19:03:37.236,0.758457,0.066290,116.920547,0.008563,0.016064,0.978446,0.085758,0.149308,9.796289,0.003207,-0.001975,-0.005013,-0.419798,0.548141,-1.207273,100342.0000
1764077617340364036,2025-11-25 19:03:37.336,0.761242,0.057931,116.946510,0.007872,0.016274,0.978008,0.087462,0.111466,9.792791,0.003241,-0.000014,-0.003421,-0.419324,0.548123,-1.208242,100343.0000
1764077617442255055,2025-11-25 19:03:37.436,0.763963,0.056420,116.967621,0.007268,0.016104,0.977811,0.059002,0.094217,9.787865,-0.000753,-0.001597,-0.000749,-0.420278,0.549084,-1.207762,100339.0000
1764077617538613407,2025-11-25 19:03:37.536,0.766539,0.035915,116.977577,0.008108,0.014858,0.979374,0.044389,0.023532,9.722878,0.002143,0.015536,0.007229,-0.419801,0.548131,-1.207754,100340.0000
1764077617638814073,2025-11-25 19:03:37.636,0.762305,-0.078752,116.935684,0.006113,0.015493,0.979230,0.080511,0.281375,9.690701,0.000778,0.029195,0.022885,-0.419811,0.549991,-1.210190,100348.0000
1764077617738652018,2025-11-25 19:03:37.736,0.764315,-0.233723,116.838089,-0.000642,0.014154,0.979539,-0.016058,0.290864,9.861609,0.005017,0.033606,0.027527,-0.416443,0.550006,-1.210240,100347.0000
1764077617840479129,2025-11-25 19:03:37.836,0.776864,-0.555727,116.588478,-0.010547,0.009866,0.980106,-0.225151,-0.044663,9.592572,0.009116,0.073447,0.066983,-0.413079,0.553781,-1.213236,100347.0000
1764077617939388481,2025-11-25 19:03:37.936,0.797246,-0.913507,116.182709,-0.034200,0.014901,0.976386,-0.416242,0.215721,9.712265,0.004411,0.048404,0.085917,-0.405393,0.557555,-1.217260,100348.0000
1764077618038769721,2025-11-25 19:03:38.036,0.805775,-1.047753,115.689201,-0.047930,0.016655,0.974222,-0.359533,0.027207,9.769220,0.003037,-0.003306,0.099092,-0.399629,0.560854,-1.220766,100343.0000
1764077618138938388,2025-11-25 19:03:38.136,0.807616,-0.843899,115.122879,-0.048104,0.015157,0.973906,-0.563560,0.122539,9.751922,0.000401,-0.063074,0.107966,-0.395232,0.566708,-1.216105,100345.0000
1764077618238088110,2025-11-25 19:03:38.236,0.795344,-0.344180,114.509979,-0.029102,0.014740,0.974764,-0.092835,0.218087,9.774523,-0.003371,-0.101236,0.115207,-0.397099,0.572035,-1.212305,100350.0000
1764077618338761258,2025-11-25 19:03:38.336,0.769896,0.268820,113.891510,0.001401,0.015439,0.977776,0.249781,0.267169,9.771773,-0.007344,-0.091035,0.109149,-0.396992,0.581274,-1.204742,100344.0000
1764077618438881351,2025-11-25 19:03:38.436,0.738143,0.706302,113.282242,0.028341,0.011692,0.982246,0.398206,0.160758,9.755831,0.000823,-0.048611,0.110500,-0.393566,0.587570,-1.201518,100342.0000
1764077618539558425,2025-11-25 19:03:38.536,0.724959,0.824974,112.688156,0.042951,0.011674,0.983497,0.440912,0.165836,9.855548,0.002498,0.012444,0.102903,-0.392565,0.592860,-1.200169,100345.0000
1764077618638521850,2025-11-25 19:03:38.636,0.731612,0.606705,112.140045,0.040786,0.012960,0.983312,0.341124,0.142348,9.815037,0.001700,0.058429,0.089218,-0.383892,0.597645,-1.201814,100342.0000
1764077618738743295,2025-11-25 19:03:38.736,0.759856,0.153115,111.657967,0.026042,0.013677,0.982585,0.114942,0.326363,9.815481,0.007669,0.091334,0.074509,-0.375248,0.602826,-1.207317,100346.0000
1764077618838570647,2025-11-25 19:03:38.836,0.785758,-0.372057,111.249573,0.000067,0.015523,0.979235,-0.175049,0.134445,9.753389,0.007286,0.088581,0.065577,-0.369504,0.606073,-1.213231,100346.0000
1764077618938375887,2025-11-25 19:03:38.936,0.793054,-0.771193,110.906303,-0.022594,0.016482,0.977828,-0.201134,-0.144590,9.811350,0.000201,0.050790,0.056031,-0.359895,0.609379,-1.217276,100354.0000
1764077619038739591,2025-11-25 19:03:39.036,0.773083,-0.914184,110.629311,-0.036319,0.016250,0.974001,-0.390882,-0.397577,9.734144,-0.003935,-0.006914,0.044906,-0.356505,0.612280,-1.216406,100342.0000
1764077619142266369,2025-11-25 19:03:39.136,0.744020,-0.664643,110.424667,-0.033673,0.015455,0.970609,-0.232568,0.169129,9.636106,-0.007634,-0.068199,0.028021,-0.354085,0.615157,-1.216486,100345.0000
1764077619238036813,2025-11-25 19:03:39.236,0.719547,-0.158352,110.294800,-0.013725,0.013125,0.970345,-0.214374,0.388763,9.570004,-0.003250,-0.096702,0.019908,-0.361238,0.617178,-1.209669,100344.0000
1764077619339111813,2025-11-25 19:03:39.336,0.717556,0.370659,110.228302,0.013223,0.011186,0.975883,0.133373,0.228858,9.771575,0.008133,-0.076549,0.016288,-0.364547,0.618261,-1.202895,100348.0000
1764077619438829850,2025-11-25 19:03:39.436,0.746952,0.665696,110.227524,0.032372,0.012845,0.980676,0.342232,0.187720,9.813678,0.009908,-0.024863,-0.004029,-0.367931,0.615848,-1.203290,100348.0000
1764077619538756405,2025-11-25 19:03:39.536,0.809801,0.662518,110.274986,0.036565,0.014354,0.985159,0.210538,0.295521,9.816944,0.008055,0.019749,-0.011872,-0.367911,0.616844,-1.201379,100344.0000
1764077619639327776,2025-11-25 19:03:39.636,0.865862,0.412798,110.349831,0.031687,0.016810,0.987640,0.392131,0.049003,9.908239,0.008159,0.054013,-0.016639,-0.365081,0.616236,-1.208153,100348.0000
1764077619739027091,2025-11-25 19:03:39.736,0.892284,0.052263,110.451408,0.015698,0.020359,0.985204,0.109115,-0.006757,9.879552,-0.000700,0.061233,-0.021838,-0.362713,0.612375,-1.210537,100340.0000
1764077619838374257,2025-11-25 19:03:39.836,0.870373,-0.259076,110.578613,-0.001736,0.019964,0.979417,-0.174986,0.186584,9.804769,-0.006010,0.043644,-0.019453,-0.361291,0.612798,-1.213454,100347.0000
1764077619938983072,2025-11-25 19:03:39.936,0.822747,-0.408555,110.715477,-0.012343,0.017896,0.973824,-0.155542,0.154383,9.674101,-0.005902,0.008440,-0.021596,-0.362251,0.613271,-1.213447,100347.0000
1764077620038816405,2025-11-25 19:03:40.036,0.781935,-0.360918,110.848434,-0.012596,0.014639,0.971678,-0.083098,0.075503,9.687224,-0.003186,-0.022144,-0.020322,-0.363699,0.612309,-1.213411,100342.0000
1764077620138703664,2025-11-25 19:03:40.136,0.773634,-0.163817,110.965836,-0.004791,0.013675,0.972120,0.064821,0.289547,9.753869,0.000186,-0.041875,-0.019201,-0.361736,0.610062,-1.207145,100342.0000
1764077620238018312,2025-11-25 19:03:40.236,0.793827,0.086050,111.071487,0.005585,0.013572,0.974729,0.108232,0.113022,9.734252,0.002386,-0.039817,-0.016415,-0.368979,0.607133,-1.208439,100344.0000
1764077620339053905,2025-11-25 19:03:40.336,0.825631,0.277641,111.175858,0.016661,0.015337,0.978868,0.192962,0.225531,9.839664,0.007250,-0.027594,-0.014568,-0.370870,0.608629,-1.205063,100344.0000
1764077620439835090,2025-11-25 19:03:40.436,0.841344,0.349882,111.281616,0.023919,0.017366,0.981830,0.274328,0.199987,9.821261,0.006670,-0.003727,-0.020834,-0.375211,0.607166,-1.205458,100340.0000
1764077620538777701,2025-11-25 19:03:40.536,0.838500,0.290377,111.401367,0.023763,0.017639,0.983488,0.262112,0.022885,9.829165,-0.002231,0.019304,-0.019859,-0.375222,0.605723,-1.205917,100344.0000
1764077620642329164,2025-11-25 19:03:40.636,0.814446,0.149540,111.529976,0.018225,0.016118,0.982364,0.163188,0.071220,9.822698,-0.005723,0.027926,-0.020244,-0.374275,0.605686,-1.207857,100346.0000
1764077620741522868,2025-11-25 19:03:40.736,0.796314,0.007629,111.643959,0.009852,0.014655,0.980724,0.037348,0.115278,9.782238,0.001096,0.019629,-0.016273,-0.373800,0.603788,-1.207354,100345.0000
1764077620838718923,2025-11-25 19:03:40.836,0.800162,-0.079488,111.737633,0.004526,0.014300,0.978355,-0.002088,0.172687,9.750709,0.008371,0.007147,-0.012404,-0.370452,0.602807,-1.209314,100346.0000
1764077620938794090,2025-11-25 19:03:40.936,0.821029,-0.086460,111.805252,0.001766,0.014499,0.976573,-0.017612,0.224184,9.724649,0.009184,-0.006934,-0.006634,-0.373336,0.601859,-1.208294,100350.0000
1764077621038765016,2025-11-25 19:03:41.036,0.847550,-0.030403,111.862938,0.003022,0.016263,0.975297,0.034004,0.238147,9.749331,0.003723,-0.015945,-0.008576,-0.375269,0.600885,-1.208732,100339.0000
1764077621138610627,2025-11-25 19:03:41.136,0.855998,0.055914,111.925735,0.006934,0.017750,0.974911,0.127534,0.197706,9.781313,-0.001485,-0.013075,-0.010098,-0.376720,0.599445,-1.208689,100346.0000
1764077621237989701,2025-11-25 19:03:41.236,0.840819,0.136056,111.993927,0.011451,0.017573,0.976248,0.191752,0.131762,9.807240,-0.004750,-0.011931,-0.012910,-0.378157,0.599927,-1.208194,100346.0000
1764077621340323441,2025-11-25 19:03:41.336,0.809396,0.179875,112.056602,0.015039,0.016490,0.978227,0.181316,0.079634,9.827724,-0.002171,-0.005993,-0.010546,-0.378147,0.602782,-1.208719,100340.0000
1764077621438560571,2025-11-25 19:03:41.436,0.781618,0.171317,112.100021,0.016665,0.014766,0.980700,0.138835,0.062727,9.800241,0.000949,0.004192,-0.003983,-0.379106,0.599485,-1.206247,100347.0000
1764077621538930219,2025-11-25 19:03:41.536,0.769763,0.119182,112.123627,0.014674,0.013321,0.982211,0.098724,0.103757,9.790588,0.000462,0.009702,0.000786,-0.379590,0.598060,-1.205736,100347.0000
1764077621638791867,2025-11-25 19:03:41.636,0.784745,0.045366,112.142143,0.011495,0.013436,0.981573,0.068682,0.164508,9.790442,0.005647,0.012680,-0.001104,-0.378149,0.599947,-1.207231,100348.0000
1764077621743285793,2025-11-25 19:03:41.736,0.811259,-0.019540,112.168167,0.007729,0.015106,0.979556,0.048111,0.243983,9.768955,0.008595,0.008374,-0.003450,-0.377190,0.597116,-1.205757,100334.0000
1764077621838739608,2025-11-25 19:03:41.836,0.830408,-0.040126,112.199585,0.004947,0.016343,0.977180,0.072495,0.239431,9.775510,0.009797,-0.004053,-0.008296,-0.377695,0.597520,-1.209127,100344.0000
1764077621938990663,2025-11-25 19:03:41.936,0.837988,-0.009522,112.241684,0.003922,0.016589,0.975618,0.095592,0.179736,9.773941,-0.001176,-0.011344,-0.006655,-0.379147,0.597493,-1.210068,100347.0000
1764077622038865219,2025-11-25 19:03:42.036,0.833519,0.061356,112.282204,0.006232,0.016598,0.976175,0.108117,0.114293,9.772649,0.001167,-0.015358,-0.007296,-0.379622,0.599391,-1.210572,100345.0000
1764077622138846497,2025-11-25 19:03:42.136,0.823609,0.133080,112.309830,0.009710,0.016127,0.977636,0.118737,0.101402,9.785910,-0.003220,-0.011588,-0.004799,-0.381056,0.597525,-1.208115,100341.0000
1764077622237985422,2025-11-25 19:03:42.236,0.820396,0.176831,112.321831,0.013151,0.015497,0.979691,0.121068,0.083233,9.785786,0.004949,-0.004455,-0.000222,-0.381033,0.597587,-1.205226,100340.0000
1764077622340027256,2025-11-25 19:03:42.336,0.811137,0.167653,112.322968,0.015081,0.015860,0.980719,0.125048,0.139314,9.797812,-0.001132,0.008709,0.002562,-0.379116,0.597575,-1.206217,100355.0000
1764077622438519552,2025-11-25 19:03:42.436,0.800665,0.113717,112.327286,0.014290,0.015494,0.980377,0.112178,0.178994,9.776258,-0.000662,0.007328,-0.001433,-0.379600,0.598508,-1.207188,100345.0000
1764077622538477348,2025-11-25 19:03:42.536,0.794559,0.041004,112.346886,0.011130,0.015422,0.978764,0.086703,0.225226,9.776277,-0.003210,0.012590,-0.005090,-0.379618,0.597989,-1.209106,100345.0000
1764077622639509144,2025-11-25 19:03:42.636,0.789205,-0.019607,112.381508,0.007473,0.014909,0.977516,0.078253,0.235939,9.781654,0.001132,0.006407,-0.006219,-0.377686,0.597073,-1.207676,100344.0000
1764077622738961200,2025-11-25 19:03:42.736,0.790772,-0.036822,112.415741,0.004448,0.014268,0.977033,0.064899,0.184941,9.777555,-0.000862,-0.002707,-0.008437,-0.379152,0.595593,-1.209558,100353.0000
1764077622838909737,2025-11-25 19:03:42.836,0.801257,-0.009223,112.440590,0.004247,0.014268,0.977286,0.062363,0.109579,9.789204,0.004791,-0.009597,-0.004508,-0.382973,0.597537,-1.207123,100351.0000
1764077622938762959,2025-11-25 19:03:42.936,0.822295,0.050920,112.456436,0.006055,0.014695,0.977913,0.075740,0.096204,9.791157,0.004924,-0.010862,-0.003180,-0.379622,0.594676,-1.207610,100345.0000
1764077623038803052,2025-11-25 19:03:43.036,0.838326,0.110862,112.459000,0.009525,0.016388,0.978513,0.105214,0.118055,9.784855,0.003978,-0.008258,0.001025,-0.383457,0.596112,-1.206613,100343.0000
1764077623138536089,2025-11-25 19:03:43.136,0.840019,0.142528,112.466858,0.012094,0.017697,0.978976,0.128486,0.153276,9.788855,0.002644,-0.004012,-0.000481,-0.378162,0.598026,-1.207683,100342.0000
1764077623237972237,2025-11-25 19:03:43.236,0.824558,0.135847,112.481079,0.012856,0.017766,0.979149,0.116957,0.179064,9.776270,-0.003601,0.005026,0.002707,-0.380093,0.598475,-1.208625,100348.0000
1764077623338568422,2025-11-25 19:03:43.336,0.799278,0.102441,112.507065,0.012166,0.016883,0.979376,0.130703,0.225044,9.784695,-0.004536,0.006251,-0.001013,-0.381543,0.597035,-1.208581,100350.0000
1764077623438880977,2025-11-25 19:03:43.436,0.773189,0.058869,112.538879,0.010242,0.014540,0.979872,0.080818,0.194317,9.801195,-0.008476,0.009250,-0.003739,-0.380580,0.595627,-1.207611,100348.0000
1764077623538365477,2025-11-25 19:03:43.536,0.760271,0.021276,112.566887,0.008328,0.013347,0.979945,0.080414,0.148693,9.814773,-0.004912,0.007504,-0.002687,-0.381532,0.597066,-1.207137,100352.0000
1764077623639054366,2025-11-25 19:03:43.636,0.763761,-0.003234,112.586319,0.006619,0.012720,0.979143,0.062681,0.131907,9.799616,0.008836,0.004364,-0.003314,-0.380569,0.597070,-1.207152,100344.0000
1764077623738855033,2025-11-25 19:03:43.736,0.784541,0.000481,112.592567,0.005532,0.014185,0.977573,0.064561,0.104784,9.770326,0.005743,-0.003413,0.000579,-0.380119,0.595578,-1.210025,100342.0000
1764077623838979051,2025-11-25 19:03:43.836,0.814228,0.022515,112.601372,0.005815,0.015332,0.976121,0.059016,0.086594,9.763925,0.007749,-0.002999,-0.000325,-0.379162,0.593682,-1.209529,100338.0000
1764077623938780662,2025-11-25 19:03:43.936,0.834270,0.054344,112.617706,0.007322,0.017342,0.975650,0.070721,0.149701,9.751989,0.003576,-0.004349,-0.000973,-0.381526,0.594251,-1.204686,100350.0000
1764077624039111514,2025-11-25 19:03:44.036,0.837907,0.086340,112.644073,0.009381,0.018209,0.977274,0.092934,0.200729,9.763076,-0.003386,-0.004592,-0.005669,-0.382028,0.593252,-1.206590,100343.0000
1764077624138851273,2025-11-25 19:03:44.136,0.822022,0.109383,112.674789,0.010829,0.017651,0.979714,0.110146,0.234896,9.798471,-0.000233,-0.002176,-0.002827,-0.382500,0.596573,-1.207597,100342.0000
1764077624238019088,2025-11-25 19:03:44.236,0.798085,0.112183,112.706047,0.011549,0.016031,0.981495,0.126084,0.231114,9.811188,0.000714,-0.001354,-0.003547,-0.382991,0.594661,-1.207561,100346.0000
1764077624338720421,2025-11-25 19:03:44.336,0.770658,0.089144,112.728218,0.010567,0.014374,0.981300,0.089944,0.160479,9.814622,0.002240,0.000001,-0.002591,-0.382507,0.595140,-1.207575,100352.0000
1764077624439336884,2025-11-25 19:03:44.436,0.759609,0.055657,112.738800,0.009010,0.013151,0.979526,0.095855,0.091112,9.800296,0.001878,0.005812,-0.005167,-0.383468,0.593256,-1.206088,100343.0000
1764077624541247236,2025-11-25 19:03:44.536,0.765219,0.035253,112.748489,0.007419,0.013537,0.977170,0.070024,0.064970,9.773615,0.002882,0.001833,-0.006368,-0.382039,0.593222,-1.208035,100351.0000
1764077624638821458,2025-11-25 19:03:44.636,0.784767,0.032098,112.763115,0.007098,0.014652,0.976268,0.059783,0.084087,9.767017,0.004423,-0.001618,-0.002572,-0.381575,0.592238,-1.209471,100346.0000
1764077624739535236,2025-11-25 19:03:44.736,0.805144,0.041966,112.786194,0.007493,0.015798,0.976598,0.060337,0.137791,9.747897,0.009332,0.000558,-0.002459,-0.383984,0.593162,-1.210413,100350.0000
1764077624844797902,2025-11-25 19:03:44.836,0.821875,0.048302,112.815506,0.008508,0.016882,0.977903,0.060594,0.217803,9.763070,0.010125,-0.002167,-0.002907,-0.382496,0.595171,-1.206131,100354.0000
1764077624938968662,2025-11-25 19:03:44.936,0.821490,0.042901,112.839561,0.009126,0.016408,0.979311,0.086679,0.310423,9.798470,0.006352,-0.000811,0.001380,-0.386860,0.592235,-1.208430,100341.0000
1764077625038588902,2025-11-25 19:03:45.036,0.813080,0.028377,112.854248,0.007635,0.016605,0.978482,0.035552,0.206111,9.779815,-0.003596,0.001916,-0.001257,-0.383994,0.591719,-1.210872,100345.0000
1764077625138940921,2025-11-25 19:03:45.136,0.804079,0.032214,112.867027,0.006052,0.015329,0.978068,0.088576,0.126675,9.799014,-0.005429,0.000432,-0.002754,-0.384926,0.591797,-1.207007,100345.0000
1764077625238044847,2025-11-25 19:03:45.236,0.794524,0.060129,112.877144,0.006368,0.014748,0.978295,0.063734,0.109885,9.824018,-0.003973,-0.006693,-0.003561,-0.382521,0.590862,-1.206546,100348.0000
1764077625338837717,2025-11-25 19:03:45.336,0.786886,0.106757,112.891136,0.008043,0.015147,0.979289,0.094792,0.068335,9.807637,0.005023,-0.010102,0.000245,-0.384448,0.591788,-1.207495,100345.0000
1764077625438641420,2025-11-25 19:03:45.436,0.784180,0.145556,112.907394,0.011454,0.015021,0.980668,0.158560,0.072893,9.804310,-0.000945,-0.005384,-0.000435,-0.384431,0.592307,-1.205577,100339.0000
1764077625538959124,2025-11-25 19:03:45.536,0.786198,0.145560,112.923447,0.013363,0.015250,0.980516,0.078153,0.141411,9.757424,0.001311,0.002106,0.002560,-0.385409,0.593674,-1.208473,100347.0000
1764077625639713717,2025-11-25 19:03:45.636,0.792172,0.090869,112.940384,0.012947,0.014922,0.978997,0.043645,0.189130,9.760598,0.005548,0.014637,-0.003696,-0.384917,0.592762,-1.206540,100341.0000
1764077625738765587,2025-11-25 19:03:45.736,0.805241,0.006872,112.957703,0.009127,0.015079,0.976489,0.043855,0.250592,9.730879,0.007089,0.016711,-0.004681,-0.383485,0.592738,-1.208006,100353.0000
1764077625838641402,2025-11-25 19:03:45.836,0.815220,-0.056058,112.973335,0.004154,0.015084,0.974963,0.034637,0.214780,9.748495,0.005838,0.004284,-0.003970,-0.383487,0.593205,-1.208495,100362.0000
1764077625938413809,2025-11-25 19:03:45.936,0.818624,-0.063722,112.986389,0.001162,0.015784,0.976077,0.002182,0.163223,9.793219,0.000753,-0.008058,-0.006204,-0.382061,0.592693,-1.210434,100357.0000
1764077626038370198,2025-11-25 19:03:46.036,0.819758,0.001186,113.001434,0.001873,0.016346,0.978534,0.017076,0.069247,9.801430,-0.002212,-0.013560,-0.003551,-0.383976,0.590825,-1.207969,100343.0000
1764077626138840457,2025-11-25 19:03:46.136,0.814225,0.105981,113.016136,0.005868,0.016781,0.981102,0.025097,0.079927,9.798492,0.000670,-0.020399,-0.000146,-0.384946,0.590800,-1.208918,100342.0000
1764077626238068457,2025-11-25 19:03:46.236,0.802380,0.190975,113.030098,0.011856,0.016643,0.981607,0.111510,0.127056,9.779849,-0.000211,-0.010624,0.000376,-0.385406,0.592739,-1.207496,100348.0000
1764077626338928772,2025-11-25 19:03:46.336,0.784949,0.211997,113.038956,0.016236,0.015851,0.980031,0.155814,0.178945,9.759914,0.001766,0.000521,0.002979,-0.387328,0.591796,-1.206490,100350.0000
1764077626438889383,2025-11-25 19:03:46.436,0.767764,0.162092,113.054283,0.015521,0.014367,0.978016,0.139305,0.204207,9.765980,0.003372,0.012733,-0.002708,-0.387795,0.592302,-1.205046,100348.0000
1764077626538516698,2025-11-25 19:03:46.536,0.763435,0.064727,113.075523,0.012168,0.013641,0.976161,0.147002,0.200283,9.763601,0.002374,0.020965,-0.005208,-0.386386,0.590804,-1.208415,100355.0000
1764077626638617272,2025-11-25 19:03:46.636,0.777503,-0.030813,113.099106,0.006474,0.013537,0.976780,0.068588,0.158006,9.805753,0.004811,0.022247,-0.005170,-0.383508,0.588906,-1.208429,100346.0000
1764077626744816272,2025-11-25 19:03:46.742,0.804002,-0.077296,113.119942,0.002103,0.014493,0.978404,-0.034088,0.113472,9.804642,0.002463,0.006394,-0.003871,-0.384951,0.589845,-1.208904,100350.0000
1764077626839187346,2025-11-25 19:03:46.836,0.835890,-0.061530,113.135788,0.000490,0.016477,0.979584,0.008543,0.123028,9.806490,0.007185,-0.005549,-0.000501,-0.385932,0.588377,-1.210311,100354.0000
1764077626938791457,2025-11-25 19:03:46.936,0.850164,0.010538,113.154846,0.002636,0.017554,0.980162,0.058993,0.116260,9.785330,0.007923,-0.014570,-0.002070,-0.386883,0.589816,-1.209837,100352.0000
1764077627038385142,2025-11-25 19:03:47.036,0.843468,0.103378,113.172874,0.007307,0.018105,0.978451,0.057466,0.152608,9.758170,0.000930,-0.013964,0.001584,-0.387353,0.589844,-1.208386,100346.0000
1764077627139093586,2025-11-25 19:03:47.136,0.818831,0.169306,113.184326,0.011804,0.016968,0.977142,0.113407,0.224864,9.747888,-0.004195,-0.009077,-0.000037,-0.387849,0.588389,-1.209320,100346.0000
1764077627237974586,2025-11-25 19:03:47.236,0.785181,0.186926,113.206871,0.014652,0.015117,0.976764,0.171926,0.221188,9.774807,-0.005670,0.003554,-0.004163,-0.388286,0.589444,-1.204514,100345.0000
1764077627338978790,2025-11-25 19:03:47.336,0.760439,0.145874,113.231789,0.014474,0.013882,0.978162,0.138992,0.212410,9.799852,-0.003397,0.014236,-0.006665,-0.389275,0.587955,-1.206885,100357.0000
1764077627438780104,2025-11-25 19:03:47.436,0.760228,0.063029,113.255264,0.011368,0.013140,0.980478,0.142185,0.195504,9.835636,0.004636,0.017509,-0.004555,-0.386866,0.587976,-1.206439,100349.0000
1764077627538959919,2025-11-25 19:03:47.536,0.781250,-0.025589,113.269806,0.006718,0.013500,0.981038,0.046901,0.111617,9.824192,0.007069,0.010770,-0.002694,-0.387358,0.588889,-1.208371,100342.0000
1764077627638871456,2025-11-25 19:03:47.636,0.812660,-0.079306,113.281097,0.002433,0.015178,0.980164,0.004064,0.088488,9.799622,0.009139,0.001042,-0.000840,-0.383036,0.589355,-1.209887,100346.0000
1764077627738732604,2025-11-25 19:03:47.736,0.836665,-0.074158,113.290016,0.000720,0.016481,0.977692,0.060350,0.142842,9.760145,0.006277,-0.005318,0.005779,-0.386395,0.588893,-1.208386,100348.0000
1764077627841366252,2025-11-25 19:03:47.836,0.842389,-0.017040,113.296745,0.002258,0.017389,0.975625,0.057283,0.214423,9.715753,-0.001217,-0.011780,0.003307,-0.386373,0.590367,-1.206482,100354.0000
1764077627939200067,2025-11-25 19:03:47.936,0.830009,0.066343,113.302200,0.006030,0.016746,0.975812,0.084462,0.174064,9.754037,-0.007728,-0.010784,0.002403,-0.386851,0.589430,-1.205498,100346.0000
1764077628039086215,2025-11-25 19:03:48.036,0.808026,0.132366,113.306641,0.011210,0.016059,0.977847,0.119999,0.247554,9.775355,-0.006829,-0.011146,-0.001356,-0.387329,0.588493,-1.204513,100351.0000
1764077628138982030,2025-11-25 19:03:48.136,0.784936,0.145533,113.307785,0.013028,0.014900,0.980550,0.124413,0.208067,9.809808,-0.002026,0.001912,0.000247,-0.387335,0.590363,-1.206468,100349.0000
1764077628238004104,2025-11-25 19:03:48.236,0.774796,0.109936,113.300346,0.012023,0.014384,0.981409,0.127559,0.128353,9.827980,-0.001645,0.009347,-0.000169,-0.387329,0.589905,-1.205498,100347.0000
1764077628338904178,2025-11-25 19:03:48.336,0.783750,0.049472,113.290840,0.008993,0.014341,0.979938,0.107380,0.115996,9.827970,0.006958,0.012642,0.004360,-0.385905,0.589861,-1.207926,100352.0000
1764077628438738696,2025-11-25 19:03:48.436,0.796649,0.001317,113.284142,0.005458,0.015061,0.977701,0.032780,0.058093,9.764991,0.003589,0.006041,-0.000162,-0.386374,0.590834,-1.206971,100355.0000
1764077628538866030,2025-11-25 19:03:48.536,0.810686,-0.008635,113.277435,0.004030,0.015744,0.976105,0.027506,0.093454,9.772523,0.001350,0.002355,0.001789,-0.385431,0.588430,-1.207911,100342.0000
1764077628639365456,2025-11-25 19:03:48.636,0.815624,0.019007,113.275917,0.005127,0.016378,0.977004,0.051566,0.116783,9.773273,0.001794,-0.004662,0.003450,-0.385913,0.587483,-1.207408,100350.0000
1764077628738624585,2025-11-25 19:03:48.736,0.812998,0.055247,113.269028,0.007579,0.015263,0.978810,0.078437,0.179121,9.781297,0.001248,-0.004666,0.007532,-0.387339,0.590353,-1.206949,100356.0000
1764077628840785048,2025-11-25 19:03:48.836,0.810683,0.080648,113.260719,0.009504,0.015326,0.980670,0.107622,0.233723,9.802571,0.004162,-0.002628,0.004382,-0.385898,0.589881,-1.206964,100340.0000
1764077628939011678,2025-11-25 19:03:48.936,0.811718,0.077543,113.236130,0.010029,0.015355,0.980494,0.019499,0.167102,9.758762,0.005813,0.004957,0.001265,-0.385393,0.592302,-1.205563,100350.0000
1764077629038789141,2025-11-25 19:03:49.036,0.812919,0.034927,113.203903,0.007866,0.015639,0.978797,0.113547,0.112791,9.804479,0.000621,0.007229,0.003694,-0.385438,0.587942,-1.208385,100345.0000
1764077629138974215,2025-11-25 19:03:49.136,0.813835,-0.004887,113.165680,0.005075,0.016306,0.976235,0.012005,0.176078,9.773658,0.003440,0.007371,0.007492,-0.384468,0.591737,-1.209902,100352.0000
1764077629238073066,2025-11-25 19:03:49.236,0.804735,-0.013001,113.127472,0.003656,0.016208,0.976270,-0.022021,0.088214,9.758569,-0.002683,-0.000403,0.006543,-0.381594,0.588417,-1.209412,100348.0000
1764077629338798437,2025-11-25 19:03:49.336,0.793002,0.005712,113.085327,0.003636,0.014978,0.977841,0.066637,0.066773,9.803080,-0.000501,-0.003692,0.010649,-0.383009,0.591784,-1.207998,100347.0000
1764077629441139918,2025-11-25 19:03:49.436,0.782073,0.035652,113.029617,0.004841,0.014179,0.979767,0.028432,0.143588,9.804005,0.005039,-0.007101,0.019041,-0.383973,0.592247,-1.208473,100350.0000
1764077629540520159,2025-11-25 19:03:49.536,0.781773,0.061590,112.960854,0.007150,0.013995,0.980386,0.041719,0.165584,9.770314,0.001152,-0.006030,0.014137,-0.385892,0.591782,-1.207474,100352.0000
1764077629641260585,2025-11-25 19:03:49.636,0.799642,0.083031,112.889488,0.008038,0.014340,0.979313,0.089111,0.222724,9.790556,0.002750,-0.003455,0.012841,-0.383471,0.593246,-1.206569,100350.0000
1764077629738841122,2025-11-25 19:03:49.736,0.820509,0.100894,112.820045,0.009040,0.015127,0.977420,0.119099,0.222632,9.769238,0.004524,-0.000572,0.010136,-0.382037,0.593699,-1.208042,100340.0000
1764077629840700936,2025-11-25 19:03:49.836,0.835545,0.113436,112.749985,0.009384,0.016994,0.976694,0.098385,0.201194,9.793827,0.007443,-0.002013,0.008278,-0.381542,0.594210,-1.206612,100351.0000
1764077629938677992,2025-11-25 19:03:49.936,0.831080,0.124303,112.690262,0.009689,0.017404,0.977520,0.119744,0.110379,9.806990,0.002889,-0.002633,0.011323,-0.381553,0.596537,-1.209537,100346.0000
1764077630038847362,2025-11-25 19:03:50.036,0.805848,0.123096,112.637398,0.010229,0.017011,0.979473,0.117818,0.094635,9.817254,-0.000041,0.001658,0.010693,-0.382496,0.596584,-1.207116,100356.0000
1764077630138563381,2025-11-25 19:03:50.136,0.779568,0.108014,112.586502,0.009511,0.015584,0.980737,0.059034,0.094348,9.795852,-0.002596,0.004975,0.012093,-0.378158,0.596623,-1.206217,100350.0000
1764077630238302269,2025-11-25 19:03:50.236,0.763003,0.080195,112.537407,0.007988,0.013984,0.979997,0.042429,0.119266,9.775090,-0.003887,0.005164,0.010090,-0.379149,0.595603,-1.209077,100358.0000
1764077630338949362,2025-11-25 19:03:50.336,0.764821,0.058549,112.481781,0.006194,0.013596,0.978071,0.036405,0.184461,9.745618,0.007626,-0.001069,0.010861,-0.379607,0.599432,-1.208647,100350.0000
1764077630438845436,2025-11-25 19:03:50.436,0.785100,0.055137,112.428619,0.005663,0.014035,0.976015,0.063987,0.236331,9.750043,0.008931,-0.004401,0.011102,-0.377683,0.598496,-1.208179,100344.0000
1764077630538757325,2025-11-25 19:03:50.536,0.806063,0.078147,112.380501,0.006075,0.015565,0.976015,0.096136,0.207594,9.780777,0.004658,-0.003949,0.007261,-0.379610,0.598009,-1.208143,100354.0000
1764077630638342454,2025-11-25 19:03:50.636,0.815643,0.110496,112.336151,0.008086,0.016708,0.977706,0.126319,0.154889,9.807436,-0.003152,-0.001526,0.005844,-0.379122,0.598499,-1.207676,100344.0000
1764077630738838362,2025-11-25 19:03:50.736,0.804367,0.133058,112.288017,0.010082,0.016862,0.980020,0.129710,0.099291,9.825066,-0.000086,-0.004003,0.007157,-0.378158,0.600394,-1.208683,100340.0000
1764077630838917602,2025-11-25 19:03:50.836,0.779369,0.129812,112.251350,0.011092,0.016418,0.980833,0.103718,0.084541,9.827767,0.000504,0.000672,0.008209,-0.376713,0.599933,-1.208215,100346.0000
1764077630938535454,2025-11-25 19:03:50.936,0.755091,0.106774,112.207207,0.009478,0.015438,0.980060,0.061480,0.096319,9.795644,-0.000797,0.006315,0.009110,-0.378147,0.600425,-1.207238,100355.0000
1764077631038684176,2025-11-25 19:03:51.036,0.747824,0.080981,112.165863,0.007313,0.014501,0.978125,0.026535,0.244908,9.723716,-0.001501,0.004765,0.012170,-0.378138,0.603748,-1.208252,100346.0000
1764077631138944176,2025-11-25 19:03:51.136,0.753954,0.077520,112.124733,0.006189,0.014069,0.976935,0.116224,0.219484,9.745983,-0.000746,0.000014,0.008418,-0.376729,0.599892,-1.210141,100354.0000
1764077631238090454,2025-11-25 19:03:51.236,0.770494,0.093156,112.087524,0.006535,0.014368,0.976734,0.056893,0.263575,9.743683,0.005045,-0.001110,0.008071,-0.374784,0.600897,-1.208258,100349.0000
1764077631339596898,2025-11-25 19:03:51.336,0.784289,0.120807,112.050842,0.007802,0.015679,0.977830,0.092926,0.264704,9.811498,0.008571,-0.004306,0.006078,-0.374776,0.603275,-1.208776,100352.0000
1764077631438824806,2025-11-25 19:03:51.436,0.795347,0.130244,112.024910,0.009296,0.016596,0.979567,0.162105,0.199078,9.844639,-0.001645,-0.002390,0.002918,-0.372855,0.601861,-1.208301,100354.0000
1764077631540006935,2025-11-25 19:03:51.536,0.785422,0.125219,112.001747,0.009508,0.017280,0.980469,0.118005,0.155522,9.847459,-0.003023,-0.002078,0.003700,-0.374768,0.601883,-1.206828,100350.0000
1764077631641586658,2025-11-25 19:03:51.636,0.765022,0.113282,111.968559,0.008261,0.016814,0.979338,0.083898,0.093341,9.771726,0.002627,0.002264,0.004990,-0.373807,0.602355,-1.207332,100343.0000
1764077631738544861,2025-11-25 19:03:51.736,0.740943,0.104953,111.934090,0.007477,0.015867,0.977589,0.019178,0.034698,9.743881,0.001032,-0.002444,0.009070,-0.374304,0.603724,-1.210235,100348.0000
1764077631838705880,2025-11-25 19:03:51.836,0.724248,0.107215,111.896332,0.007730,0.014552,0.976996,0.050443,0.207767,9.758450,-0.004439,-0.001575,0.007930,-0.373326,0.602357,-1.207339,100349.0000
1764077631938963491,2025-11-25 19:03:51.936,0.718147,0.096625,111.873337,0.008353,0.014027,0.977353,0.059861,0.168123,9.745361,-0.003811,0.002908,0.003910,-0.371884,0.602831,-1.207849,100354.0000
1764077632040828565,2025-11-25 19:03:52.036,0.727615,0.074816,111.861191,0.007471,0.014805,0.979430,0.074990,0.242778,9.812047,0.004659,0.003503,0.000756,-0.372850,0.604229,-1.209301,100354.0000
1764077632138717620,2025-11-25 19:03:52.136,0.744103,0.053867,111.863976,0.005454,0.014964,0.980260,0.038534,0.250266,9.803108,0.006906,0.000824,0.000555,-0.372363,0.604719,-1.208834,100354.0000
1764077632238039416,2025-11-25 19:03:52.236,0.756480,0.051174,111.859192,0.004108,0.016008,0.980006,0.072977,0.183674,9.825313,0.001474,0.002241,0.000163,-0.372868,0.602298,-1.210234,100352.0000
1764077632338977361,2025-11-25 19:03:52.336,0.758030,0.079864,111.862526,0.004285,0.016619,0.978126,0.046319,0.138205,9.779510,-0.003502,-0.006428,-0.000330,-0.372361,0.606610,-1.209826,100356.0000
1764077632438842842,2025-11-25 19:03:52.436,0.751007,0.117230,111.867142,0.005392,0.016594,0.976777,0.013832,0.025948,9.752840,0.002583,-0.005361,-0.002259,-0.373822,0.600901,-1.208272,100346.0000
1764077632539309138,2025-11-25 19:03:52.536,0.741884,0.154747,111.885963,0.007483,0.016143,0.976594,0.064247,0.095058,9.768136,0.003276,-0.003969,-0.002495,-0.375253,0.601871,-1.207303,100338.0000
1764077632638907231,2025-11-25 19:03:52.636,0.726907,0.179560,111.908226,0.009817,0.015462,0.978258,0.087857,0.116278,9.771156,-0.002916,-0.002650,-0.000990,-0.373329,0.602347,-1.207820,100349.0000
1764077632738813064,2025-11-25 19:03:52.736,0.714003,0.176838,111.930206,0.010857,0.015849,0.980276,0.119595,0.199307,9.809444,-0.004955,0.001899,-0.006081,-0.374297,0.602800,-1.208776,100351.0000
1764077632838798342,2025-11-25 19:03:52.836,0.703893,0.147033,111.957870,0.010739,0.014635,0.980713,0.098656,0.172253,9.817169,0.000318,0.006084,-0.002828,-0.372362,0.603306,-1.207849,100344.0000
1764077632938782564,2025-11-25 19:03:52.936,0.700013,0.094599,111.984016,0.009149,0.014455,0.979689,0.089329,0.205855,9.792275,0.002448,0.011347,-0.006831,-0.372864,0.600896,-1.208768,100346.0000
1764077633038781712,2025-11-25 19:03:53.036,0.709364,0.037356,112.017990,0.006534,0.014542,0.978047,0.135846,0.192484,9.821881,0.008366,0.007425,-0.010023,-0.373349,0.602296,-1.210227,100350.0000
1764077633138706731,2025-11-25 19:03:53.136,0.727339,-0.009218,112.070290,0.002412,0.015285,0.976595,-0.020383,0.136752,9.789237,0.000991,0.006498,-0.009877,-0.372874,0.601810,-1.210708,100344.0000
1764077633237991768,2025-11-25 19:03:53.236,0.733581,-0.009169,112.136429,-0.000466,0.016251,0.977026,-0.045921,0.084721,9.766526,-0.000627,-0.006037,-0.013884,-0.374779,0.602798,-1.208769,100348.0000
1764077633338616749,2025-11-25 19:03:53.336,0.732121,0.052078,112.203690,0.000641,0.016711,0.978563,0.021819,0.071332,9.801226,-0.001591,-0.017412,-0.010252,-0.372372,0.601396,-1.207820,100354.0000
1764077633441860360,2025-11-25 19:03:53.436,0.720855,0.140068,112.277718,0.004602,0.016995,0.979688,0.076957,0.160712,9.799044,-0.002424,-0.017822,-0.007361,-0.376706,0.599954,-1.207252,100347.0000
1764077633539070971,2025-11-25 19:03:53.536,0.701799,0.221987,112.347961,0.010033,0.015792,0.979800,0.120857,0.195765,9.775760,-0.000957,-0.011273,-0.007435,-0.378141,0.598555,-1.205284,100348.0000
1764077633638713953,2025-11-25 19:03:53.636,0.685938,0.255398,112.423920,0.014642,0.015095,0.978680,0.149666,0.195340,9.762155,-0.004313,0.002712,-0.012596,-0.379597,0.597573,-1.206210,100354.0000
1764077633738728397,2025-11-25 19:03:53.736,0.684255,0.225971,112.498665,0.014788,0.014830,0.977455,0.134751,0.213332,9.783383,0.002371,0.009234,-0.015914,-0.377676,0.596158,-1.205736,100351.0000
1764077633839694193,2025-11-25 19:03:53.836,0.689810,0.157374,112.579437,0.011000,0.015433,0.977486,0.093043,0.153746,9.787811,0.010990,0.013986,-0.014068,-0.379613,0.596586,-1.207640,100351.0000
1764077633938581693,2025-11-25 19:03:53.936,0.696941,0.096548,112.653702,0.006928,0.015757,0.978583,0.057689,0.105397,9.805992,0.001654,0.008655,-0.012699,-0.380109,0.595131,-1.208573,100346.0000
1764077634038831452,2025-11-25 19:03:54.036,0.702430,0.074832,112.714012,0.004951,0.015703,0.979404,0.059797,0.088724,9.806538,0.000058,0.000451,-0.010702,-0.379143,0.595145,-1.208106,100345.0000
1764077634138365786,2025-11-25 19:03:54.136,0.695999,0.083825,112.766464,0.006179,0.015809,0.979558,0.069096,0.092061,9.782916,-0.003849,-0.005297,-0.006301,-0.378661,0.593735,-1.207129,100348.0000
1764077634238073137,2025-11-25 19:03:54.236,0.689630,0.099154,112.823189,0.007957,0.015003,0.978984,0.068370,0.135535,9.780674,0.001214,-0.002625,-0.006204,-0.381551,0.595602,-1.208559,100342.0000
1764077634338574286,2025-11-25 19:03:54.336,0.701179,0.106260,112.884621,0.008073,0.014547,0.977528,0.051858,0.199861,9.753192,0.004353,-0.000636,-0.010008,-0.380119,0.595578,-1.210025,100354.0000
1764077634440332323,2025-11-25 19:03:54.436,0.715389,0.116080,112.950844,0.006308,0.015515,0.977030,0.038104,0.235998,9.749542,0.008320,-0.005198,-0.009011,-0.383480,0.594638,-1.208516,100345.0000
1764077634539125008,2025-11-25 19:03:54.536,0.726967,0.146670,113.009293,0.005564,0.016929,0.977762,0.052397,0.253460,9.784824,-0.000608,-0.007318,-0.011260,-0.384452,0.592723,-1.208473,100349.0000
1764077634639308563,2025-11-25 19:03:54.636,0.722058,0.198419,113.054520,0.007814,0.017405,0.978940,0.136872,0.170525,9.811553,-0.004081,-0.009766,-0.011235,-0.385386,0.595148,-1.206570,100349.0000
1764077634738609508,2025-11-25 19:03:54.736,0.704875,0.232439,113.095818,0.012368,0.016532,0.980250,0.155684,0.123051,9.829699,-0.001831,-0.005204,-0.008772,-0.383499,0.590817,-1.208458,100350.0000
1764077634838750859,2025-11-25 19:03:54.836,0.686665,0.213470,113.141197,0.015250,0.014577,0.979774,0.153505,0.067068,9.814183,0.006022,0.011795,-0.006990,-0.384450,0.590843,-1.206999,100354.0000
1764077634938776730,2025-11-25 19:03:54.936,0.684386,0.131462,113.195747,0.012680,0.013218,0.978618,0.069106,0.077654,9.769146,0.004438,0.020503,-0.005985,-0.385906,0.588916,-1.207430,100348.0000
1764077635038494693,2025-11-25 19:03:55.036,0.697297,0.034912,113.251221,0.006503,0.014055,0.977460,0.017670,0.162228,9.760263,0.005807,0.015036,-0.009664,-0.386386,0.590804,-1.208415,100348.0000
1764077635138433841,2025-11-25 19:03:55.136,0.719440,-0.007379,113.297409,0.000402,0.015544,0.977054,-0.026463,0.238443,9.745010,0.005541,-0.000482,-0.005337,-0.383023,0.591276,-1.209435,100346.0000
1764077635239871637,2025-11-25 19:03:55.236,0.734738,0.035133,113.342216,0.000402,0.017442,0.977708,0.008503,0.250747,9.787903,-0.000729,-0.016403,-0.009867,-0.383518,0.588408,-1.209384,100346.0000
1764077635339649618,2025-11-25 19:03:55.336,0.733613,0.131359,113.381187,0.005398,0.017356,0.978798,0.146971,0.183309,9.812858,0.003449,-0.018176,-0.005661,-0.386873,0.586543,-1.206416,100349.0000
1764077635438778915,2025-11-25 19:03:55.436,0.715561,0.209489,113.421524,0.012704,0.016229,0.979243,0.184146,0.158858,9.813451,0.000698,-0.009757,-0.009920,-0.387350,0.586551,-1.205928,100348.0000
1764077635538622303,2025-11-25 19:03:55.536,0.702776,0.214068,113.462440,0.015724,0.014426,0.978989,0.182152,0.017506,9.822340,-0.002436,0.007323,-0.009012,-0.387336,0.589417,-1.205972,100351.0000
1764077635638667396,2025-11-25 19:03:55.636,0.708952,0.156536,113.509087,0.012021,0.014507,0.978675,0.067183,0.112999,9.773468,-0.000021,0.012743,-0.005585,-0.389775,0.586489,-1.208299,100346.0000
1764077635738824174,2025-11-25 19:03:55.736,0.722720,0.094952,113.559349,0.006475,0.015649,0.978367,0.008525,0.132834,9.768941,0.001230,0.006752,-0.005545,-0.386426,0.585041,-1.209771,100349.0000
1764077635839034544,2025-11-25 19:03:55.836,0.731387,0.070948,113.603790,0.003952,0.016758,0.978137,0.032923,0.215564,9.759727,0.004837,-0.004054,-0.001217,-0.387370,0.586500,-1.208335,100346.0000
1764077635938869711,2025-11-25 19:03:55.936,0.727761,0.081976,113.634789,0.005417,0.016359,0.978450,0.052464,0.220649,9.776614,-0.001626,-0.002955,-0.003213,-0.389300,0.586004,-1.208781,100348.0000
1764077636038845210,2025-11-25 19:03:56.036,0.726171,0.094167,113.662010,0.008561,0.014478,0.978234,0.083655,0.223923,9.786979,-0.003183,-0.004482,-0.003379,-0.391223,0.586473,-1.208760,100347.0000
1764077636142349433,2025-11-25 19:03:56.136,0.730939,0.081894,113.687233,0.009371,0.014276,0.978233,0.114998,0.158831,9.799239,-0.001473,0.000109,-0.008431,-0.391713,0.584560,-1.208723,100355.0000
1764077636238015303,2025-11-25 19:03:56.236,0.742594,0.050901,113.714058,0.006545,0.015503,0.978542,0.087597,0.109504,9.813042,0.002559,0.007452,-0.003120,-0.387848,0.586976,-1.208335,100347.0000
1764077636341473451,2025-11-25 19:03:56.336,0.753071,0.047767,113.729141,0.003588,0.016765,0.978513,0.052530,0.086181,9.792127,0.004616,-0.004631,-0.002415,-0.389311,0.584561,-1.209240,100346.0000
1764077636440427044,2025-11-25 19:03:56.436,0.750994,0.084463,113.752045,0.004141,0.017192,0.978052,0.038171,0.099982,9.773962,-0.002364,-0.008872,-0.000177,-0.389787,0.584101,-1.208263,100348.0000
1764077636538900599,2025-11-25 19:03:56.536,0.741208,0.134634,113.773781,0.008618,0.015748,0.978235,0.098698,0.126260,9.757008,0.000611,-0.011211,0.006916,-0.390276,0.582666,-1.208234,100350.0000
1764077636638474340,2025-11-25 19:03:56.636,0.740236,0.154114,113.783134,0.011661,0.013825,0.978160,0.105393,0.192321,9.749139,0.000832,0.000756,0.003521,-0.390265,0.583164,-1.207278,100349.0000
1764077636738794210,2025-11-25 19:03:56.736,0.747218,0.121598,113.776031,0.011643,0.013975,0.978872,0.119066,0.193542,9.781685,0.002605,0.008762,0.002931,-0.390257,0.584130,-1.206811,100345.0000
1764077636839685136,2025-11-25 19:03:56.836,0.762963,0.060594,113.760834,0.007515,0.014926,0.979230,0.087871,0.222260,9.801753,0.007220,0.006570,0.002032,-0.392198,0.584548,-1.209197,100354.0000
1764077636939374784,2025-11-25 19:03:56.936,0.774829,0.020903,113.756104,0.003864,0.016367,0.978650,0.034106,0.159982,9.796835,-0.002802,0.003247,-0.002672,-0.385960,0.583590,-1.210719,100340.0000
1764077637038811080,2025-11-25 19:03:57.036,0.769571,0.023878,113.763000,0.003007,0.016756,0.978124,0.059750,0.077540,9.783300,-0.006084,-0.002390,-0.002870,-0.390260,0.586477,-1.208774,100350.0000
1764077637138664247,2025-11-25 19:03:57.136,0.755032,0.070671,113.765236,0.005145,0.016123,0.978257,0.032471,0.088707,9.814892,-0.003392,-0.010077,0.002102,-0.390256,0.585075,-1.207308,100351.0000
1764077637238136228,2025-11-25 19:03:57.236,0.745140,0.102098,113.741982,0.007491,0.014506,0.978579,0.063103,0.151576,9.793082,-0.001151,-0.004049,0.009823,-0.392174,0.585554,-1.206805,100350.0000
1764077637343087080,2025-11-25 19:03:57.338,0.748225,0.097997,113.692879,0.009003,0.013971,0.979299,0.105926,0.122852,9.802627,0.011241,-0.000518,0.012348,-0.388804,0.586047,-1.206862,100350.0000
1764077637438973895,2025-11-25 19:03:57.436,0.761848,0.065141,113.638466,0.008104,0.014486,0.978648,0.096901,0.197759,9.764884,0.005125,0.006798,0.007812,-0.387369,0.587446,-1.208831,100344.0000
1764077637541019154,2025-11-25 19:03:57.536,0.781654,0.017986,113.593079,0.006011,0.015705,0.977938,0.089497,0.255806,9.762228,0.000847,0.009578,0.004806,-0.386898,0.584592,-1.208313,100352.0000
1764077637639946839,2025-11-25 19:03:57.636,0.792573,-0.015962,113.552902,0.003399,0.016411,0.977168,0.074173,0.238379,9.766673,0.005241,0.002837,0.003034,-0.387862,0.585055,-1.208788,100348.0000
1764077637738786821,2025-11-25 19:03:57.736,0.785578,-0.002506,113.499084,0.001290,0.017343,0.978150,0.079876,0.149871,9.812519,0.000803,-0.006054,0.011088,-0.385443,0.586987,-1.208371,100346.0000
1764077637838696098,2025-11-25 19:03:57.836,0.765347,0.059261,113.420883,0.002375,0.016825,0.978933,0.047969,0.062888,9.813874,0.001090,-0.016707,0.019063,-0.386891,0.589795,-1.210800,100350.0000
1764077637940199320,2025-11-25 19:03:57.936,0.743111,0.142758,113.320137,0.006454,0.014614,0.979220,0.090673,0.077041,9.779164,0.004470,-0.015275,0.023710,-0.387819,0.588938,-1.205958,100343.0000
1764077638040047969,2025-11-25 19:03:58.036,0.737795,0.206311,113.227226,0.012075,0.013192,0.978855,0.131836,0.106270,9.762388,0.002010,-0.006780,0.017793,-0.388276,0.590887,-1.204054,100350.0000
1764077638138379635,2025-11-25 19:03:58.136,0.752566,0.209679,113.161385,0.015474,0.013727,0.978368,0.139915,0.191079,9.777399,0.001061,0.006048,0.010104,-0.386875,0.590781,-1.209371,100341.0000
1764077638237949172,2025-11-25 19:03:58.236,0.771974,0.150375,113.113136,0.013355,0.016030,0.978275,0.100036,0.242597,9.776643,0.007644,0.009727,0.009064,-0.385431,0.590788,-1.209392,100347.0000
1764077638338637005,2025-11-25 19:03:58.336,0.779706,0.076734,113.062920,0.008132,0.017082,0.978272,0.056472,0.252322,9.789138,0.002179,0.008446,0.013031,-0.384941,0.591756,-1.208933,100352.0000
1764077638438917376,2025-11-25 19:03:58.436,0.784107,0.034718,113.001236,0.003840,0.016060,0.978592,0.058938,0.142225,9.799461,0.002919,0.001680,0.013095,-0.383000,0.592750,-1.207532,100343.0000
1764077638538798839,2025-11-25 19:03:58.536,0.793006,0.049702,112.927155,0.003434,0.014642,0.978729,0.041693,0.100422,9.801414,0.001010,-0.005182,0.009294,-0.382033,0.596067,-1.209041,100347.0000
1764077638638667524,2025-11-25 19:03:58.636,0.803649,0.089548,112.858711,0.006512,0.015100,0.978799,0.076763,0.089731,9.789772,0.001190,-0.005580,0.009600,-0.382032,0.594655,-1.208056,100346.0000
1764077638738522857,2025-11-25 19:03:58.736,0.802591,0.119124,112.802773,0.010003,0.017619,0.978682,0.107982,0.143833,9.774676,0.006676,-0.002034,0.011621,-0.380565,0.597080,-1.206670,100342.0000
1764077638838767783,2025-11-25 19:03:58.836,0.777233,0.112414,112.762589,0.010989,0.017928,0.978008,0.085327,0.173956,9.745462,-0.003252,0.002877,0.009133,-0.382511,0.595130,-1.208057,100346.0000
1764077638938878487,2025-11-25 19:03:58.936,0.743975,0.090768,112.727913,0.008879,0.015766,0.977406,0.082925,0.219429,9.765484,-0.006674,0.002066,0.008926,-0.380587,0.594194,-1.207589,100349.0000
1764077639038715857,2025-11-25 19:03:59.036,0.725766,0.083388,112.686050,0.006075,0.013097,0.977814,0.070691,0.199234,9.788422,0.000054,0.001175,0.008268,-0.380107,0.595609,-1.208581,100344.0000
1764077639138994486,2025-11-25 19:03:59.136,0.739795,0.106315,112.636101,0.005563,0.012611,0.979164,0.077634,0.180214,9.804976,0.004888,-0.004131,0.005428,-0.381065,0.595614,-1.208085,100348.0000
1764077639238253764,2025-11-25 19:03:59.236,0.769492,0.138716,112.580109,0.008122,0.014641,0.979951,0.099689,0.149503,9.796116,0.009532,-0.003058,0.006084,-0.380085,0.598495,-1.207662,100345.0000
1764077639338709931,2025-11-25 19:03:59.336,0.794489,0.147109,112.525482,0.011632,0.016541,0.979420,0.134667,0.107003,9.801640,0.006969,0.002965,0.010445,-0.379632,0.597481,-1.210543,100349.0000
1764077639441231523,2025-11-25 19:03:59.436,0.796850,0.115703,112.485466,0.012209,0.017184,0.978170,0.072552,0.145654,9.781913,-0.001567,0.005799,0.009661,-0.379134,0.596111,-1.207640,100342.0000
1764077639538597319,2025-11-25 19:03:59.536,0.778792,0.056737,112.453484,0.009116,0.016893,0.977150,0.035034,0.144374,9.766586,-0.003150,0.011277,0.007721,-0.378628,0.600422,-1.207231,100350.0000
1764077639639185375,2025-11-25 19:03:59.636,0.759013,0.019018,112.421692,0.004403,0.015896,0.977784,-0.005037,0.184094,9.762382,-0.000489,0.001804,0.007617,-0.375778,0.596096,-1.209134,100346.0000
1764077639739570134,2025-11-25 19:03:59.736,0.752921,0.040661,112.391899,0.001772,0.015158,0.978475,0.015228,0.190665,9.773605,0.004098,-0.012267,0.009347,-0.378179,0.598453,-1.210097,100353.0000
1764077639839004301,2025-11-25 19:03:59.836,0.759425,0.108163,112.357246,0.004280,0.014322,0.978939,0.105885,0.228418,9.792561,0.006287,-0.013172,0.006227,-0.375752,0.598992,-1.207733,100349.0000
1764077639938822430,2025-11-25 19:03:59.936,0.778061,0.170495,112.320236,0.009891,0.014640,0.979075,0.200792,0.205064,9.825192,0.005895,-0.005298,0.006953,-0.378160,0.600861,-1.209171,100349.0000
1764077640038778745,2025-11-25 19:04:00.036,0.780006,0.176115,109.282394,0.013677,0.017126,0.978847,0.169687,0.146887,9.810997,0.000551,0.006710,0.000894,-0.377179,0.599972,-1.206283,100352.0000
1764077640138688208,2025-11-25 19:04:00.136,0.759879,0.118784,109.230507,0.011834,0.017570,0.978665,0.056695,0.121927,9.789830,-0.007817,0.018358,-0.003065,-0.375263,0.600427,-1.207762,100348.0000
1764077640237997560,2025-11-25 19:04:00.236,0.729327,0.042939,109.182281,0.006849,0.015641,0.978500,0.012154,0.067656,9.773192,-0.011816,0.010983,0.003549,-0.377176,0.601394,-1.206786,100351.0000
1764077640338711838,2025-11-25 19:04:00.336,0.718005,-0.004901,109.148232,0.002538,0.013266,0.978647,0.001367,0.054292,9.772691,0.001037,0.005606,0.002526,-0.375756,0.600394,-1.209199,100352.0000
1764077640438992615,2025-11-25 19:04:00.436,0.731489,0.003023,109.131729,0.000664,0.013136,0.978340,-0.008681,0.160041,9.765458,0.005556,-0.002828,-0.000349,-0.376245,0.601317,-1.210651,100352.0000
1764077640543346282,2025-11-25 19:04:00.536,0.763034,0.061875,109.109451,0.002647,0.014396,0.978262,0.017065,0.255234,9.765756,0.013553,-0.014391,0.001000,-0.377672,0.602297,-1.209201,100348.0000
1764077640639899671,2025-11-25 19:04:00.636,0.785255,0.128861,109.083611,0.007784,0.016784,0.977592,0.099317,0.244705,9.774458,0.005357,-0.010429,0.004988,-0.376235,0.597100,-1.206734,100348.0000
1764077640738645115,2025-11-25 19:04:00.736,0.785079,0.165845,109.053673,0.011390,0.018022,0.978091,0.144792,0.213812,9.797300,-0.004790,-0.003100,-0.001655,-0.381041,0.600391,-1.208158,100351.0000
1764077640838990263,2025-11-25 19:04:00.836,0.759449,0.163069,109.032097,0.011378,0.018415,0.978708,0.098457,0.152340,9.811656,-0.003680,0.000281,-0.004541,-0.377668,0.597591,-1.205757,100350.0000
1764077640938807226,2025-11-25 19:04:00.936,0.720007,0.136887,109.018105,0.009045,0.016411,0.979464,0.071401,0.076648,9.797909,-0.010768,0.005795,-0.005646,-0.377192,0.600408,-1.208215,100347.0000
1764077641038735319,2025-11-25 19:04:01.036,0.692211,0.114739,109.019089,0.007056,0.014126,0.979643,0.080058,0.013297,9.789400,-0.001285,0.001942,-0.005053,-0.378173,0.598941,-1.209623,100340.0000
1764077641138588522,2025-11-25 19:04:01.136,0.697039,0.096132,109.027946,0.006481,0.011994,0.979229,0.068857,0.086619,9.788926,0.007297,0.004713,-0.004498,-0.378155,0.599459,-1.207705,100350.0000
1764077641238024393,2025-11-25 19:04:01.236,0.733641,0.077399,109.046013,0.006482,0.012539,0.978040,0.057763,0.141438,9.773128,0.013402,0.002137,-0.005958,-0.377198,0.599921,-1.208689,100344.0000
1764077641339487337,2025-11-25 19:04:01.336,0.765926,0.044347,109.058113,0.006134,0.016428,0.977508,0.017181,0.218809,9.756829,0.007837,0.006180,-0.008625,-0.377208,0.598010,-1.208660,100348.0000
1764077641438797985,2025-11-25 19:04:01.436,0.770641,0.014391,109.072456,0.004928,0.019334,0.978009,0.032113,0.304381,9.808902,-0.001999,0.004943,-0.009243,-0.378159,0.598036,-1.207202,100352.0000
1764077641538912855,2025-11-25 19:04:01.536,0.738196,0.000504,109.101929,0.003082,0.019259,0.977694,0.089274,0.132087,9.814833,-0.011190,0.001858,-0.016404,-0.377211,0.596587,-1.208157,100349.0000
1764077641638754948,2025-11-25 19:04:01.636,0.698400,0.019867,109.156509,0.001817,0.015433,0.978142,0.057015,0.074737,9.816919,-0.003356,-0.009007,-0.017982,-0.378646,0.597546,-1.207669,100344.0000
1764077641739006392,2025-11-25 19:04:01.736,0.681780,0.086373,109.221916,0.002478,0.012888,0.978749,0.063330,0.044087,9.805549,0.000459,-0.016129,-0.015992,-0.380575,0.595169,-1.206640,100350.0000
1764077641838703337,2025-11-25 19:04:01.836,0.692339,0.186657,109.277306,0.006273,0.012257,0.979175,0.094581,0.051534,9.785260,0.005124,-0.018203,-0.014389,-0.383454,0.595177,-1.205635,100354.0000
1764077641939080300,2025-11-25 19:04:01.936,0.727579,0.267815,109.321724,0.012451,0.014303,0.979107,0.146933,0.130370,9.762039,0.005377,-0.012206,-0.013614,-0.383425,0.597139,-1.203258,100352.0000
1764077642038701077,2025-11-25 19:04:02.036,0.755092,0.280684,109.350754,0.016580,0.017005,0.978318,0.156504,0.233334,9.760335,0.003551,0.003144,-0.011066,-0.384432,0.592774,-1.206066,100340.0000
1764077642138688836,2025-11-25 19:04:02.136,0.762628,0.212124,109.392593,0.016335,0.018293,0.977871,0.140401,0.268871,9.774413,0.005579,0.012381,-0.011774,-0.382995,0.593705,-1.207546,100349.0000
1764077642238086225,2025-11-25 19:04:02.236,0.743629,0.104656,109.436066,0.011248,0.017563,0.979387,0.086851,0.218769,9.802628,-0.003890,0.015604,-0.014057,-0.384926,0.593209,-1.207992,100344.0000
1764077642340604225,2025-11-25 19:04:02.336,0.716604,0.018436,109.493195,0.004345,0.016346,0.980243,0.039336,0.163108,9.816616,-0.003681,0.005929,-0.018269,-0.383506,0.591742,-1.209916,100346.0000
1764077642438817929,2025-11-25 19:04:02.436,0.695164,-0.005133,109.550003,0.000925,0.014458,0.979941,0.015592,0.082900,9.808264,-0.001017,0.001273,-0.013421,-0.383498,0.589404,-1.207473,100350.0000
1764077642538786133,2025-11-25 19:04:02.536,0.692394,0.032306,109.602493,0.002322,0.013445,0.977618,0.042458,0.055738,9.762432,0.003528,-0.009253,-0.012057,-0.387346,0.588920,-1.206927,100352.0000
1764077642638787577,2025-11-25 19:04:02.636,0.709429,0.085973,109.641678,0.007208,0.015274,0.975693,0.091532,0.133851,9.746944,0.004336,-0.010500,-0.006447,-0.385909,0.588438,-1.207423,100347.0000
1764077642739011818,2025-11-25 19:04:02.736,0.715129,0.127099,109.674950,0.010543,0.017022,0.975669,0.094807,0.206290,9.743648,0.000226,-0.003693,-0.009167,-0.385903,0.587981,-1.206453,100352.0000
1764077642838802947,2025-11-25 19:04:02.836,0.704948,0.141007,109.703300,0.010337,0.016748,0.977958,0.071439,0.248175,9.774000,-0.002662,-0.002607,-0.008816,-0.388799,0.587002,-1.206877,100343.0000
1764077642938990392,2025-11-25 19:04:02.936,0.696452,0.141778,109.746338,0.008950,0.014157,0.980631,0.099805,0.082387,9.810209,0.000507,-0.000082,-0.012380,-0.387831,0.586549,-1.205921,100351.0000
1764077643038434854,2025-11-25 19:04:03.036,0.702387,0.141381,109.794365,0.008182,0.013061,0.982020,0.082275,0.181649,9.824581,0.001236,-0.002859,-0.018603,-0.390248,0.587453,-1.207826,100354.0000
1764077643138376021,2025-11-25 19:04:03.136,0.722631,0.133411,109.852074,0.009176,0.014377,0.981339,0.103269,0.133750,9.807138,0.002318,0.007699,-0.015831,-0.391202,0.586056,-1.205864,100349.0000
1764077643237963502,2025-11-25 19:04:03.236,0.746665,0.098955,109.895248,0.011143,0.017194,0.978309,0.130869,0.147183,9.787997,-0.000996,0.009593,-0.012558,-0.391709,0.585515,-1.208738,100351.0000
1764077643338458058,2025-11-25 19:04:03.336,0.752669,0.035858,109.930603,0.009909,0.018998,0.975745,0.060742,0.132527,9.753303,0.003991,0.010541,-0.008902,-0.390265,0.583164,-1.207278,100346.0000
1764077643441358354,2025-11-25 19:04:03.436,0.735076,-0.028843,109.954048,0.005880,0.017734,0.975267,-0.009560,0.153280,9.746092,-0.000312,0.011297,0.000677,-0.387861,0.583642,-1.207803,100348.0000
1764077643542722428,2025-11-25 19:04:03.536,0.702109,-0.045659,109.976540,0.001332,0.015749,0.977577,-0.000143,0.198527,9.785333,-0.005492,-0.001666,-0.005897,-0.392199,0.582190,-1.207717,100349.0000
1764077643639231817,2025-11-25 19:04:03.636,0.679802,-0.000584,110.009422,0.000197,0.014340,0.980865,0.046040,0.199462,9.821082,-0.006923,-0.015053,-0.007256,-0.393642,0.582183,-1.207695,100344.0000
1764077643738605576,2025-11-25 19:04:03.736,0.673835,0.076804,110.045868,0.003955,0.013395,0.981663,0.079898,0.160914,9.825261,0.005973,-0.015744,-0.013272,-0.391720,0.583127,-1.208701,100352.0000
1764077643838878872,2025-11-25 19:04:03.836,0.688382,0.134825,110.082443,0.010798,0.013150,0.979236,0.112062,0.188080,9.778862,0.002404,-0.004966,-0.006982,-0.393154,0.581261,-1.206243,100346.0000
1764077643938677817,2025-11-25 19:04:03.936,0.719546,0.126948,110.096306,0.014330,0.014822,0.976752,0.161455,0.093972,9.790750,0.005966,0.008544,-0.005669,-0.394110,0.581744,-1.205755,100354.0000
1764077644042760835,2025-11-25 19:04:04.036,0.742451,0.058574,110.091721,0.012415,0.017078,0.975774,0.117683,0.057705,9.748220,0.004297,0.018881,-0.002508,-0.394617,0.581203,-1.208629,100350.0000
1764077644138556983,2025-11-25 19:04:04.136,0.748267,-0.021635,110.063698,0.005585,0.017589,0.977588,-0.011661,0.190814,9.788307,0.005637,0.011865,0.003697,-0.391736,0.579316,-1.208161,100354.0000
1764077644238055965,2025-11-25 19:04:04.236,0.734324,-0.057793,110.044029,0.001304,0.017170,0.979689,0.010030,0.169516,9.790342,-0.000284,-0.001882,0.001161,-0.394111,0.582212,-1.206244,100346.0000
1764077644339072261,2025-11-25 19:04:04.336,0.714375,-0.049119,110.032051,0.001998,0.015807,0.982022,0.098038,0.236560,9.822479,-0.005743,-0.003398,-0.000590,-0.396049,0.582640,-1.208148,100352.0000
1764077644438725428,2025-11-25 19:04:04.436,0.698836,-0.033093,110.015114,0.004571,0.014997,0.981106,0.080733,0.221207,9.766935,-0.000879,-0.001313,0.000498,-0.394616,0.580736,-1.208140,100346.0000
1764077644538789891,2025-11-25 19:04:04.536,0.693043,-0.026358,109.979675,0.005864,0.014823,0.978018,0.126783,0.185811,9.778798,0.001542,-0.004198,0.003986,-0.394127,0.582171,-1.208170,100344.0000
1764077644639558428,2025-11-25 19:04:04.636,0.698711,-0.040570,109.904930,0.005528,0.012980,0.975568,0.023361,0.116182,9.753764,0.008019,0.003772,0.011501,-0.392214,0.582149,-1.209642,100348.0000
1764077644739237631,2025-11-25 19:04:04.736,0.717881,-0.044742,109.808640,0.003635,0.013358,0.974651,0.033288,0.029956,9.732862,0.003875,0.000141,0.017657,-0.392210,0.582159,-1.209161,100352.0000
1764077644838366816,2025-11-25 19:04:04.836,0.737841,-0.013624,109.716141,0.003439,0.015418,0.977374,0.036303,0.025591,9.790315,0.005975,-0.005703,0.011826,-0.392203,0.583592,-1.209183,100350.0000
1764077644938675076,2025-11-25 19:04:04.936,0.751055,0.036288,109.625137,0.005099,0.017127,0.980849,0.025522,0.117350,9.814602,0.003677,-0.007534,0.011442,-0.391714,0.583615,-1.208227,100344.0000
1764077645038761668,2025-11-25 19:04:05.036,0.741450,0.075057,109.542877,0.008312,0.018071,0.981966,0.073800,0.229416,9.784546,0.001664,-0.007406,0.012146,-0.391225,0.583637,-1.207271,100344.0000
1764077645138352075,2025-11-25 19:04:05.136,0.723165,0.075604,109.457474,0.010455,0.016619,0.981084,0.044184,0.275010,9.769183,-0.002375,0.001513,0.008112,-0.390233,0.585136,-1.204420,100352.0000
1764077645237985964,2025-11-25 19:04:05.236,0.709007,0.044983,109.357475,0.009967,0.014900,0.977838,0.177293,0.169805,9.775216,-0.004236,0.007631,0.014255,-0.392688,0.583580,-1.209657,100347.0000
1764077645340029631,2025-11-25 19:04:05.336,0.704035,0.010675,109.253227,0.008645,0.014232,0.975813,0.117615,0.165432,9.772992,-0.001625,0.005997,0.012975,-0.388329,0.585561,-1.207343,100352.0000
1764077645442963538,2025-11-25 19:04:05.436,0.714743,-0.005352,109.146568,0.007162,0.014030,0.976027,0.057321,0.092146,9.763922,0.008574,0.001096,0.013236,-0.386399,0.587470,-1.207883,100348.0000
1764077645538583168,2025-11-25 19:04:05.536,0.730241,-0.001705,109.046341,0.006179,0.014797,0.978607,0.057327,0.089792,9.801496,0.003236,-0.001031,0.014242,-0.388807,0.586982,-1.207840,100344.0000
1764077645638614149,2025-11-25 19:04:05.636,0.738704,0.022711,108.953789,0.005773,0.016391,0.980960,0.045039,0.134215,9.808370,-0.001341,-0.004390,0.011308,-0.387834,0.589842,-1.208379,100341.0000
1764077645740364408,2025-11-25 19:04:05.736,0.737376,0.055079,108.874634,0.006786,0.017097,0.981452,0.057711,0.199411,9.780696,-0.000367,-0.005151,0.012130,-0.385904,0.585623,-1.204972,100348.0000
1764077645841559001,2025-11-25 19:04:05.836,0.722498,0.082243,108.803741,0.009741,0.015915,0.978654,0.103952,0.222665,9.750704,-0.000409,-0.002782,0.011178,-0.387367,0.586978,-1.208342,100337.0000
1764077645938593686,2025-11-25 19:04:05.936,0.718202,0.079340,108.728714,0.012496,0.015047,0.975492,0.129846,0.229092,9.757280,0.000168,0.004026,0.005977,-0.386858,0.589409,-1.206460,100356.0000
1764077646042726167,2025-11-25 19:04:06.036,0.721364,0.042122,108.644997,0.012653,0.015142,0.975039,0.140227,0.161663,9.784038,0.003572,0.008987,0.009726,-0.385898,0.588936,-1.206467,100348.0000
1764077646142825556,2025-11-25 19:04:06.136,0.723584,-0.011921,108.564514,0.009420,0.015629,0.977470,0.079054,0.112508,9.804139,0.001056,0.004205,0.010235,-0.383515,0.589831,-1.209887,100340.0000
1764077646237976482,2025-11-25 19:04:06.236,0.721706,-0.050102,108.483719,0.005039,0.015861,0.981075,0.030152,0.090140,9.835101,0.002145,0.001267,0.010611,-0.382532,0.591776,-1.208487,100346.0000
1764077646338865241,2025-11-25 19:04:06.336,0.717051,-0.046696,108.413277,0.003352,0.016091,0.982749,0.029340,0.091842,9.825061,0.002139,-0.007061,0.013662,-0.382526,0.591319,-1.207517,100346.0000
1764077646441271075,2025-11-25 19:04:06.436,0.708543,-0.008768,108.358017,0.004475,0.015139,0.980543,0.052081,0.148955,9.777085,-0.007009,-0.007544,0.011592,-0.383012,0.592719,-1.208976,100345.0000
1764077646538789760,2025-11-25 19:04:06.536,0.710701,0.037820,108.300980,0.008647,0.014792,0.976958,0.094155,0.214643,9.748754,-0.000788,-0.008595,0.006421,-0.384902,0.594215,-1.205600,100346.0000
1764077646638875167,2025-11-25 19:04:06.636,0.720427,0.065689,108.233833,0.011682,0.015241,0.974692,0.134799,0.226645,9.745240,0.007217,-0.000954,0.008758,-0.382991,0.592303,-1.206080,100351.0000
1764077646738844519,2025-11-25 19:04:06.736,0.723223,0.057384,108.168831,0.011601,0.016455,0.975822,0.126091,0.198646,9.790664,0.002142,0.004085,0.004722,-0.382044,0.592266,-1.208020,100349.0000
1764077646838770167,2025-11-25 19:04:06.836,0.716399,0.033597,108.098152,0.008929,0.016725,0.979133,-0.012198,0.095803,9.809424,-0.001314,0.003850,0.008593,-0.383006,0.593207,-1.208502,100349.0000
1764077646938712185,2025-11-25 19:04:06.936,0.697270,0.016127,108.036942,0.006715,0.016555,0.981887,0.098181,0.140950,9.811657,-0.008036,-0.000940,0.005498,-0.378648,0.595656,-1.206677,100347.0000
1764077647038369463,2025-11-25 19:04:07.036,0.675886,0.008042,107.989632,0.006475,0.015147,0.981542,0.094251,0.024704,9.800126,-0.005103,-0.000647,0.008384,-0.382034,0.595122,-1.208545,100347.0000
1764077647138439167,2025-11-25 19:04:07.136,0.674219,0.003872,107.951820,0.007961,0.014209,0.978693,0.065583,0.167125,9.735104,0.004048,-0.000641,0.003380,-0.380112,0.594653,-1.208566,100349.0000
1764077647238025593,2025-11-25 19:04:07.236,0.687557,-0.006166,107.913940,0.009800,0.013509,0.975921,0.065628,0.157907,9.707170,0.003138,0.002115,0.005483,-0.383937,0.597055,-1.207102,100343.0000
1764077647338351370,2025-11-25 19:04:07.336,0.709838,-0.020081,107.858757,0.009009,0.015077,0.975942,0.084131,0.269706,9.747643,0.000140,-0.000110,0.007469,-0.382992,0.595128,-1.208050,100347.0000
1764077647438569685,2025-11-25 19:04:07.436,0.727010,-0.026252,107.791336,0.006718,0.016617,0.978018,-0.019098,0.258140,9.775660,0.000089,-0.003104,0.004277,-0.380094,0.596584,-1.207633,100346.0000
1764077647541320574,2025-11-25 19:04:07.536,0.720089,-0.016289,107.730171,0.004928,0.018129,0.980932,0.038405,0.176309,9.828897,-0.001140,-0.002005,0.002832,-0.380106,0.594196,-1.207596,100347.0000
1764077647638917592,2025-11-25 19:04:07.636,0.692819,0.000806,107.693916,0.005655,0.017325,0.981512,0.079559,0.078954,9.828118,-0.001233,-0.002021,0.005487,-0.382009,0.597074,-1.206649,100340.0000
1764077647740943111,2025-11-25 19:04:07.736,0.664558,0.014597,107.671356,0.007545,0.015129,0.979336,0.128698,0.066593,9.793500,-0.006598,-0.000620,-0.000003,-0.379131,0.596121,-1.207158,100350.0000
1764077647838956574,2025-11-25 19:04:07.836,0.651984,0.015827,107.664352,0.009565,0.013429,0.976064,0.083087,0.067318,9.739778,-0.000687,0.003419,-0.001870,-0.380586,0.595139,-1.208085,100348.0000
1764077647940022500,2025-11-25 19:04:07.936,0.670393,0.004417,107.646324,0.009388,0.012486,0.974920,0.050907,0.153663,9.731248,0.007554,0.003311,0.003851,-0.379615,0.596109,-1.207632,100344.0000
1764077648038715648,2025-11-25 19:04:08.036,0.700728,-0.012569,107.618118,0.007751,0.014291,0.976890,0.081998,0.212725,9.761814,0.010652,0.001345,0.005751,-0.379624,0.595143,-1.208099,100346.0000
1764077648138874666,2025-11-25 19:04:08.136,0.719419,-0.018253,107.583679,0.005661,0.017242,0.979928,0.058405,0.282848,9.819972,0.000465,-0.000745,0.001070,-0.382016,0.597998,-1.208108,100341.0000
1764077648238935759,2025-11-25 19:04:08.236,0.713584,-0.013480,107.560928,0.005749,0.018442,0.981777,0.056441,0.181264,9.808887,-0.005057,-0.000053,-0.004555,-0.380104,0.594674,-1.207603,100355.0000
1764077648340969648,2025-11-25 19:04:08.336,0.684093,-0.006377,107.554848,0.007182,0.017728,0.980781,0.113937,0.143120,9.816900,-0.000880,-0.001604,-0.005864,-0.381543,0.594678,-1.207101,100345.0000
1764077648439003259,2025-11-25 19:04:08.436,0.655609,-0.005904,107.567184,0.008075,0.015456,0.977924,0.083283,0.082854,9.781549,0.001444,-0.003193,-0.005594,-0.379604,0.596140,-1.206188,100347.0000
1764077648538856962,2025-11-25 19:04:08.536,0.644136,-0.008705,107.578201,0.008030,0.013512,0.976211,0.029699,0.112936,9.763714,-0.000455,0.001535,-0.002771,-0.379611,0.594706,-1.206166,100348.0000
1764077648638821740,2025-11-25 19:04:08.636,0.659452,-0.005591,107.580818,0.007322,0.013089,0.976153,0.036847,0.108351,9.747586,-0.001549,-0.002028,0.001623,-0.378195,0.594642,-1.209557,100351.0000
1764077648738663036,2025-11-25 19:04:08.736,0.679129,0.007114,107.576103,0.006689,0.015490,0.978407,0.048197,0.225192,9.767256,0.001707,-0.005561,0.001269,-0.381541,0.595155,-1.207108,100352.0000
1764077648838930481,2025-11-25 19:04:08.836,0.684908,0.029554,107.569740,0.006844,0.016804,0.980082,0.066124,0.235897,9.815813,0.000232,-0.009772,-0.001506,-0.383945,0.595622,-1.207080,100346.0000
1764077648939400406,2025-11-25 19:04:08.936,0.674130,0.032482,107.577667,0.008788,0.016944,0.981260,0.128950,0.243150,9.837914,-0.004756,0.000807,-0.005471,-0.382517,0.593230,-1.207546,100350.0000
1764077649042618777,2025-11-25 19:04:09.036,0.654130,-0.007746,107.613144,0.009420,0.016301,0.979997,0.119378,0.130029,9.818896,-0.004890,0.009463,-0.014540,-0.384919,0.595587,-1.208510,100345.0000
1764077649138622592,2025-11-25 19:04:09.136,0.641935,-0.070776,107.661705,0.007544,0.014710,0.977181,0.121009,0.083179,9.802175,0.002249,0.010342,-0.012253,-0.381533,0.595175,-1.206145,100349.0000
1764077649238031888,2025-11-25 19:04:09.236,0.647884,-0.121387,107.716652,0.003704,0.013696,0.975653,-0.016618,0.029798,9.743708,0.010443,0.004761,-0.011139,-0.380619,0.591755,-1.209959,100342.0000
1764077649338997388,2025-11-25 19:04:09.336,0.667009,-0.119005,107.761826,0.000647,0.014444,0.976392,0.028025,0.068363,9.748307,0.007755,-0.010997,-0.006609,-0.382038,0.592754,-1.207546,100348.0000
1764077649438819221,2025-11-25 19:04:09.436,0.688436,-0.045753,107.793594,0.001731,0.016475,0.978810,0.052928,0.180193,9.796597,0.001843,-0.016650,-0.003903,-0.382044,0.590854,-1.207035,100344.0000
1764077649538689665,2025-11-25 19:04:09.536,0.689596,0.064691,107.823807,0.006596,0.017639,0.980659,0.077554,0.260790,9.787886,-0.005345,-0.020480,-0.009622,-0.385881,0.591812,-1.206030,100348.0000
1764077649639761202,2025-11-25 19:04:09.636,0.667659,0.147987,107.873383,0.012795,0.017419,0.980970,0.159388,0.247669,9.805073,-0.008434,-0.014252,-0.010456,-0.388295,0.590836,-1.206461,100349.0000
1764077649739298239,2025-11-25 19:04:09.736,0.643552,0.157568,107.937630,0.016170,0.015732,0.979196,0.180123,0.184713,9.800984,0.002821,0.000139,-0.016557,-0.387820,0.590350,-1.206942,100346.0000
1764077649838996721,2025-11-25 19:04:09.836,0.632881,0.095106,108.003418,0.015245,0.013583,0.977074,0.161019,0.114526,9.785054,-0.004087,0.016249,-0.015985,-0.386850,0.588017,-1.204513,100350.0000
1764077649942251017,2025-11-25 19:04:09.936,0.645384,0.001829,108.052681,0.010239,0.012705,0.976990,0.070851,0.074239,9.785861,0.002569,0.019079,-0.008353,-0.387323,0.590393,-1.205024,100348.0000
1764077650038494221,2025-11-25 19:04:10.036,0.674896,-0.070825,108.088936,0.005536,0.014978,0.978213,0.018584,0.084974,9.799948,0.003602,0.009693,-0.008810,-0.387374,0.587903,-1.209801,100345.0000
1764077650138892017,2025-11-25 19:04:10.136,0.695485,-0.093075,108.115082,0.002764,0.016772,0.980065,-0.000977,0.135919,9.782595,0.002085,-0.001248,-0.002836,-0.389769,0.588390,-1.208810,100347.0000
1764077650238477387,2025-11-25 19:04:10.236,0.695081,-0.068676,108.148926,0.003064,0.017601,0.980363,0.031430,0.213833,9.769637,-0.001122,-0.010676,-0.007086,-0.387848,0.586976,-1.208335,100350.0000
1764077650338981795,2025-11-25 19:04:10.336,0.682246,-0.021039,108.201088,0.005951,0.016595,0.978777,0.086909,0.221660,9.757138,0.000385,-0.008096,-0.008601,-0.388817,0.584126,-1.207314,100346.0000
1764077650443070609,2025-11-25 19:04:10.436,0.664684,0.017717,108.260689,0.009499,0.015353,0.976595,0.129534,0.225448,9.763687,-0.000677,-0.003984,-0.013560,-0.391692,0.584143,-1.205827,100340.0000
1764077650539080146,2025-11-25 19:04:10.536,0.660144,0.035377,108.306763,0.011257,0.014570,0.975600,0.150052,0.142714,9.776715,-0.005279,-0.003158,-0.011936,-0.392657,0.583661,-1.205806,100348.0000
1764077650638562035,2025-11-25 19:04:10.636,0.664409,0.032567,108.340477,0.010177,0.015194,0.977218,0.115580,0.117148,9.811577,-0.001286,0.004951,-0.009919,-0.391699,0.583655,-1.206301,100354.0000
1764077650742467905,2025-11-25 19:04:10.736,0.666613,0.027446,108.369781,0.008196,0.015470,0.980174,0.070849,0.097489,9.819253,0.000174,0.001239,-0.007265,-0.391233,0.583617,-1.208234,100353.0000
1764077650838744109,2025-11-25 19:04:10.836,0.666161,0.028843,108.403519,0.007468,0.015227,0.981938,0.074020,0.080521,9.801805,0.004071,-0.002357,-0.006088,-0.392678,0.581720,-1.207221,100344.0000
1764077650938587276,2025-11-25 19:04:10.936,0.667338,0.029176,108.452774,0.008582,0.014937,0.980882,0.063675,0.150790,9.752847,-0.000673,-0.000140,-0.007894,-0.391693,0.583198,-1.205331,100350.0000
1764077651038456924,2025-11-25 19:04:11.036,0.667958,0.000895,108.506615,0.010690,0.015314,0.977854,-0.005733,0.376305,9.682970,0.006783,0.005904,-0.008152,-0.390764,0.581231,-1.208204,100347.0000
1764077651138910979,2025-11-25 19:04:11.136,0.671989,-0.042011,108.554176,0.010286,0.015996,0.975504,0.088576,0.209806,9.746596,-0.000455,0.007012,-0.009344,-0.393652,0.581685,-1.208651,100351.0000
1764077651238129609,2025-11-25 19:04:11.236,0.673471,-0.080889,108.591599,0.006845,0.015971,0.975734,0.047332,0.187739,9.779221,0.000624,0.003721,-0.008174,-0.392673,0.581263,-1.206250,100349.0000
1764077651339256590,2025-11-25 19:04:11.336,0.679008,-0.077063,108.620712,0.003111,0.015928,0.978266,0.032715,0.202598,9.798184,-0.000434,-0.005474,-0.009464,-0.393657,0.580730,-1.208636,100349.0000
1764077651439887905,2025-11-25 19:04:11.436,0.682206,-0.027212,108.652321,0.003162,0.014775,0.980879,0.077114,0.088815,9.827526,-0.000300,-0.010296,-0.009882,-0.392698,0.579311,-1.208147,100346.0000
1764077651542811238,2025-11-25 19:04:11.536,0.683190,0.034810,108.700111,0.007417,0.015017,0.981023,0.015336,0.116682,9.803282,-0.001294,-0.012017,-0.013292,-0.396046,0.580292,-1.206186,100352.0000
1764077651638861035,2025-11-25 19:04:11.636,0.689550,0.064544,108.751472,0.013103,0.016222,0.978472,0.155197,0.108163,9.781016,0.000319,0.000408,-0.012210,-0.397984,0.579775,-1.207595,100348.0000
1764077651738672534,2025-11-25 19:04:11.736,0.684287,0.025289,108.798836,0.014743,0.017782,0.976214,0.100481,0.204861,9.724389,-0.002235,0.011570,-0.006817,-0.395593,0.579278,-1.209067,100348.0000
1764077651841446516,2025-11-25 19:04:11.836,0.671999,-0.061197,108.825340,0.010874,0.016451,0.976680,0.091260,0.201939,9.781292,0.000993,0.014876,0.000199,-0.397000,0.580309,-1.205209,100349.0000
1764077651938919534,2025-11-25 19:04:11.936,0.657756,-0.135755,108.836945,0.003306,0.014930,0.978591,-0.030413,0.220477,9.805242,0.003500,0.008050,-0.005487,-0.396064,0.579774,-1.208104,100348.0000
1764077652038610479,2025-11-25 19:04:12.036,0.658656,-0.135327,108.859375,-0.000689,0.013443,0.980798,-0.001025,0.156814,9.810614,0.001546,-0.004971,-0.010517,-0.395136,0.577329,-1.210971,100354.0000
1764077652138724034,2025-11-25 19:04:12.136,0.681061,-0.073241,108.890358,0.001428,0.013325,0.981162,0.038115,0.095016,9.792929,0.004114,-0.013978,-0.010778,-0.395108,0.576933,-1.207112,100343.0000
1764077652238090405,2025-11-25 19:04:12.236,0.714276,-0.006315,108.930168,0.008624,0.014409,0.978521,0.148488,0.082752,9.797829,0.002069,-0.009067,-0.008428,-0.397981,0.577428,-1.205632,100348.0000
1764077652339555756,2025-11-25 19:04:12.336,0.740772,-0.001120,108.946693,0.013664,0.017109,0.976302,0.124446,0.147966,9.765563,0.004585,0.007205,-0.001290,-0.399919,0.575498,-1.206056,100343.0000
1764077652438759664,2025-11-25 19:04:12.436,0.739032,-0.061076,108.942642,0.011556,0.018136,0.975478,0.036105,0.142691,9.748555,-0.002683,0.012663,0.003238,-0.399443,0.575958,-1.207033,100348.0000
1764077652538889608,2025-11-25 19:04:12.536,0.716267,-0.125151,108.926094,0.005467,0.017488,0.977304,0.023969,0.078600,9.761821,-0.003072,0.008032,0.005126,-0.395600,0.575487,-1.207564,100351.0000
1764077652638758330,2025-11-25 19:04:12.636,0.691055,-0.136024,108.918121,0.001133,0.015130,0.980125,0.030834,0.202884,9.792736,-0.004542,-0.003778,-0.001836,-0.395608,0.576880,-1.209512,100350.0000
1764077652738999201,2025-11-25 19:04:12.736,0.680910,-0.108171,108.913086,0.002622,0.013242,0.981668,0.033335,0.228356,9.789263,0.005889,-0.003210,-0.000112,-0.397053,0.573570,-1.207514,100348.0000
1764077652838594460,2025-11-25 19:04:12.836,0.697427,-0.087596,108.897995,0.006029,0.013310,0.980100,0.104651,0.253453,9.782746,0.007305,-0.003503,0.000735,-0.400415,0.576400,-1.208471,100346.0000
1764077652938842571,2025-11-25 19:04:12.936,0.719020,-0.103633,108.860428,0.008929,0.015049,0.977822,0.124372,0.173702,9.797565,0.003886,0.012023,0.003987,-0.396077,0.577853,-1.208557,100345.0000
1764077653038820867,2025-11-25 19:04:13.036,0.735988,-0.151078,108.794594,0.006619,0.016309,0.975894,0.096579,0.125893,9.797012,0.002854,0.005101,0.011201,-0.397523,0.577369,-1.208528,100344.0000
1764077653138566830,2025-11-25 19:04:13.136,0.736613,-0.173598,108.714043,0.002457,0.016765,0.976581,-0.046289,0.116419,9.768944,-0.001218,-0.003666,0.015259,-0.397048,0.575470,-1.208024,100353.0000
1764077653238104219,2025-11-25 19:04:13.236,0.720939,-0.144657,108.633423,0.001280,0.015793,0.978878,0.007754,0.049394,9.778890,-0.000852,-0.001847,0.016417,-0.394149,0.577872,-1.208104,100347.0000
1764077653340686589,2025-11-25 19:04:13.336,0.712753,-0.076473,108.559288,0.004170,0.014658,0.980376,0.090541,0.150445,9.774307,0.001402,-0.011197,0.013667,-0.395098,0.579788,-1.207637,100348.0000
1764077653439286422,2025-11-25 19:04:13.436,0.707265,-0.018827,108.487274,0.009490,0.014422,0.980351,0.163525,0.205543,9.796422,0.002546,-0.007256,0.014710,-0.397491,0.578396,-1.205173,100348.0000
1764077653538526644,2025-11-25 19:04:13.536,0.718171,-0.016469,108.407913,0.012577,0.014846,0.978794,0.181869,0.222617,9.787395,0.006990,0.004270,0.014096,-0.395563,0.579827,-1.205705,100343.0000
1764077653638875589,2025-11-25 19:04:13.636,0.740699,-0.067749,108.314400,0.011418,0.015833,0.976624,0.110311,0.174145,9.780598,0.004466,0.009276,0.012229,-0.395083,0.580297,-1.206200,100340.0000
1764077653739632441,2025-11-25 19:04:13.736,0.753874,-0.116027,108.214127,0.007489,0.016564,0.977187,0.084522,0.124165,9.790051,-0.005080,0.006667,0.011943,-0.392681,0.581243,-1.207213,100348.0000
1764077653839229663,2025-11-25 19:04:13.836,0.748215,-0.125743,108.115501,0.004447,0.016661,0.978487,0.044194,0.084235,9.797850,0.002064,-0.004610,0.015496,-0.391235,0.583139,-1.208227,100345.0000
1764077653939844811,2025-11-25 19:04:13.936,0.732583,-0.091198,108.032768,0.005027,0.015630,0.980199,0.047683,0.067644,9.797134,0.005106,-0.012660,0.012795,-0.392174,0.585554,-1.206805,100352.0000
1764077654038840089,2025-11-25 19:04:14.036,0.713841,-0.041714,107.963905,0.008622,0.015004,0.980505,0.083395,0.152407,9.770324,-0.003054,-0.009003,0.012616,-0.392187,0.582220,-1.206272,100349.0000
1764077654138543829,2025-11-25 19:04:14.136,0.716721,-0.023525,107.896622,0.012073,0.014281,0.979186,0.126015,0.188779,9.759788,0.002236,0.000569,0.012347,-0.392187,0.584578,-1.207753,100347.0000
1764077654238017922,2025-11-25 19:04:14.236,0.733101,-0.058383,107.816780,0.012678,0.015122,0.977064,0.109016,0.235012,9.755541,0.008047,0.008030,0.014273,-0.390717,0.587481,-1.206374,100346.0000
1764077654339631422,2025-11-25 19:04:14.336,0.755420,-0.116276,107.728706,0.009065,0.016138,0.976015,0.082642,0.226828,9.774384,0.011694,0.006707,0.011793,-0.389786,0.585046,-1.208759,100351.0000
1764077654439035625,2025-11-25 19:04:14.436,0.762296,-0.145971,107.646553,0.004961,0.016666,0.977191,0.055095,0.157936,9.812648,0.000724,0.004013,0.009319,-0.389776,0.584132,-1.206819,100350.0000
1764077654538867348,2025-11-25 19:04:14.536,0.752124,-0.124495,107.579010,0.003625,0.016136,0.979596,0.050333,0.091829,9.825863,-0.004959,-0.007729,0.007657,-0.388322,0.586994,-1.207365,100346.0000
1764077654639063792,2025-11-25 19:04:14.636,0.734814,-0.067188,107.523064,0.006497,0.015436,0.981064,0.083202,0.072310,9.821282,-0.002499,-0.011628,0.007596,-0.390718,0.586536,-1.205878,100352.0000
1764077654738976181,2025-11-25 19:04:14.736,0.725559,-0.024551,107.469933,0.010557,0.014800,0.980432,0.096535,0.104365,9.781500,0.000669,-0.004768,0.012665,-0.386855,0.588475,-1.205483,100348.0000
1764077654839019625,2025-11-25 19:04:14.836,0.722920,-0.028647,107.410583,0.012912,0.014613,0.977932,0.126368,0.145722,9.722194,0.000683,0.005552,0.013238,-0.389269,0.588443,-1.206410,100346.0000
1764077654939270329,2025-11-25 19:04:14.936,0.734733,-0.087646,107.340919,0.011269,0.015671,0.976419,0.165516,0.318226,9.749755,-0.002229,0.012906,0.009847,-0.386887,0.588393,-1.209334,100347.0000
1764077655043871181,2025-11-25 19:04:15.036,0.744591,-0.152917,107.279778,0.006238,0.015645,0.976137,-0.060083,0.162914,9.719096,-0.004909,0.009133,0.009222,-0.387845,0.589812,-1.209823,100343.0000
1764077655138667440,2025-11-25 19:04:15.136,0.750307,-0.166237,107.231018,0.002096,0.015909,0.978147,0.025832,0.228387,9.815427,0.000641,-0.001828,0.005406,-0.385916,0.587005,-1.207401,100344.0000
1764077655238191995,2025-11-25 19:04:15.236,0.742279,-0.116762,107.192856,0.003369,0.015732,0.980592,0.110765,0.104123,9.841914,0.007313,-0.012423,0.002387,-0.384936,0.591298,-1.207963,100346.0000
1764077655338716810,2025-11-25 19:04:15.336,0.732425,-0.055641,107.159576,0.007748,0.015893,0.981072,0.118929,0.100335,9.819810,0.005064,-0.005111,0.005746,-0.387833,0.590787,-1.208875,100350.0000
1764077655439019384,2025-11-25 19:04:15.436,0.723908,-0.027887,107.124252,0.011653,0.015315,0.979394,0.083837,0.061654,9.752872,0.001977,-0.001639,0.004709,-0.385912,0.589373,-1.208400,100347.0000
1764077655538922088,2025-11-25 19:04:15.536,0.723231,-0.052356,107.085129,0.011813,0.015476,0.976850,0.057562,0.157074,9.726891,-0.001593,0.010645,0.005119,-0.385417,0.591296,-1.207955,100347.0000
1764077655639935273,2025-11-25 19:04:15.636,0.728464,-0.102125,107.041756,0.008880,0.015098,0.976002,0.073264,0.206486,9.772486,-0.004900,0.010025,0.003581,-0.383970,0.591313,-1.207495,100345.0000
1764077655739948717,2025-11-25 19:04:15.736,0.735597,-0.135167,107.006866,0.005109,0.015298,0.977563,0.036946,0.277645,9.784596,0.001664,-0.002828,0.007189,-0.385907,0.590328,-1.208415,100346.0000
1764077655839199791,2025-11-25 19:04:15.836,0.738631,-0.124113,106.988358,0.003281,0.015661,0.979789,0.063276,0.195257,9.826514,0.002813,-0.004876,-0.001426,-0.383974,0.592715,-1.208962,100350.0000
1764077655938912680,2025-11-25 19:04:15.936,0.738047,-0.088997,106.986420,0.005636,0.015771,0.981126,0.096843,0.095502,9.815497,0.003824,-0.004337,-0.003107,-0.385413,0.591306,-1.207474,100348.0000
1764077656038499328,2025-11-25 19:04:16.036,0.732931,-0.069146,106.989365,0.009406,0.016081,0.980225,0.131337,0.063349,9.800531,0.000748,-0.006068,-0.000359,-0.385905,0.592219,-1.209407,100349.0000
1764077656142477106,2025-11-25 19:04:16.136,0.729170,-0.084919,106.983276,0.010175,0.015849,0.977597,0.062000,0.082568,9.763819,-0.004659,0.006632,0.000853,-0.385404,0.593217,-1.207503,100345.0000
1764077656238069124,2025-11-25 19:04:16.236,0.724793,-0.119147,106.972969,0.007401,0.015622,0.975784,0.021833,0.130135,9.732274,-0.000027,0.004608,0.005171,-0.385416,0.592241,-1.208451,100352.0000
1764077656339273754,2025-11-25 19:04:16.336,0.723767,-0.146815,106.976562,0.004561,0.015995,0.976525,0.023093,0.195249,9.776831,0.003901,0.001852,-0.001689,-0.383984,0.592217,-1.209917,100345.0000
1764077656438932939,2025-11-25 19:04:16.436,0.725417,-0.142890,107.005501,0.002448,0.015402,0.978608,0.143489,0.238748,9.829887,0.002937,-0.006757,-0.006898,-0.385901,0.590816,-1.207941,100348.0000
1764077656538713402,2025-11-25 19:04:16.536,0.716020,-0.110419,107.052734,0.003758,0.015102,0.980360,0.079729,0.110383,9.815970,-0.002662,-0.008565,-0.012057,-0.385407,0.591794,-1.207000,100347.0000
1764077656638977976,2025-11-25 19:04:16.636,0.708858,-0.078760,107.110443,0.006621,0.015802,0.980747,0.069902,0.120354,9.793104,-0.002413,-0.003560,-0.011261,-0.385905,0.589861,-1.207926,100350.0000
1764077656738819976,2025-11-25 19:04:16.736,0.703019,-0.078081,107.168999,0.008748,0.015976,0.978984,0.076784,0.060945,9.766935,-0.002751,-0.000817,-0.017537,-0.387822,0.588460,-1.205950,100352.0000
1764077656838808809,2025-11-25 19:04:16.836,0.698650,-0.102487,107.227264,0.008383,0.015823,0.977138,0.064593,0.125629,9.744329,0.003281,0.005315,-0.010965,-0.386886,0.586980,-1.208349,100346.0000
1764077656938713624,2025-11-25 19:04:16.936,0.699743,-0.126105,107.296791,0.005099,0.015250,0.976719,0.041552,0.122508,9.757143,0.002801,-0.000800,-0.008187,-0.387860,0.586945,-1.209779,100346.0000
1764077657038875383,2025-11-25 19:04:17.036,0.713991,-0.101927,107.368347,0.003417,0.014554,0.977713,0.018580,0.206336,9.772148,0.006652,-0.008170,-0.009884,-0.386900,0.586472,-1.209786,100349.0000
1764077657138349883,2025-11-25 19:04:17.136,0.730233,-0.031968,107.444550,0.006371,0.015101,0.979443,0.108164,0.240464,9.790905,0.000109,-0.012037,-0.012652,-0.390716,0.587014,-1.205886,100344.0000
1764077657238017957,2025-11-25 19:04:17.236,0.742465,0.025507,107.517067,0.011488,0.016270,0.980021,0.181193,0.219759,9.806921,-0.000904,-0.010248,-0.016176,-0.390726,0.584158,-1.205360,100350.0000
1764077657338914087,2025-11-25 19:04:17.336,0.740826,0.029661,107.592323,0.014665,0.018008,0.979003,0.161129,0.209911,9.788893,0.001149,0.007122,-0.018315,-0.391234,0.585030,-1.209219,100349.0000
1764077657438579290,2025-11-25 19:04:17.436,0.720536,-0.024191,107.659546,0.013254,0.017670,0.977968,0.100649,0.110100,9.788053,-0.000014,0.012062,-0.013180,-0.393161,0.582186,-1.207702,100350.0000
1764077657538868235,2025-11-25 19:04:17.536,0.691303,-0.091493,107.724251,0.008506,0.015710,0.977885,0.043032,0.067715,9.799387,0.003599,0.009309,-0.012745,-0.392187,0.582220,-1.206272,100347.0000
1764077657639102179,2025-11-25 19:04:17.636,0.676576,-0.127934,107.787491,0.004234,0.013636,0.979072,0.022673,0.089929,9.779156,0.002447,0.004051,-0.010211,-0.393176,0.582145,-1.209628,100350.0000
1764077657739101049,2025-11-25 19:04:17.736,0.683485,-0.116062,107.855179,0.003886,0.012605,0.979543,0.034903,0.165752,9.770766,0.000624,-0.007631,-0.011584,-0.394104,0.583645,-1.206266,100346.0000
1764077657839029160,2025-11-25 19:04:17.836,0.706350,-0.073987,107.919693,0.006742,0.014126,0.979332,0.097899,0.217589,9.781387,0.006875,-0.010232,-0.010885,-0.393640,0.581716,-1.207207,100355.0000
1764077657938859271,2025-11-25 19:04:17.936,0.731768,-0.046044,107.980034,0.010067,0.016360,0.978052,0.126562,0.232407,9.760882,0.006943,-0.001024,-0.011440,-0.394139,0.577425,-1.206652,100348.0000
1764077658038717605,2025-11-25 19:04:18.036,0.741767,-0.050337,108.038162,0.011374,0.017670,0.977115,0.108112,0.179038,9.785165,0.000622,0.002624,-0.011751,-0.397974,0.580274,-1.206639,100349.0000
1764077658138748327,2025-11-25 19:04:18.136,0.735513,-0.085395,108.094116,0.008748,0.016851,0.977329,0.154225,0.014847,9.769560,-0.007107,0.007652,-0.014527,-0.396545,0.579772,-1.208097,100349.0000
1764077658238055234,2025-11-25 19:04:18.236,0.722147,-0.118722,108.143845,0.005962,0.016040,0.978043,0.059637,0.061141,9.778468,-0.005607,0.005767,-0.009614,-0.395573,0.579329,-1.206660,100344.0000
1764077658340602179,2025-11-25 19:04:18.336,0.713925,-0.118981,108.197472,0.004009,0.014590,0.979067,0.038125,0.089900,9.785977,0.000092,-0.002728,-0.004738,-0.396066,0.576939,-1.206617,100346.0000
1764077658438797179,2025-11-25 19:04:18.436,0.710571,-0.090645,108.246017,0.006346,0.014714,0.979750,0.118762,0.179626,9.762262,0.006452,-0.004779,-0.006231,-0.398954,0.575980,-1.206077,100345.0000
1764077658538730456,2025-11-25 19:04:18.536,0.710651,-0.063870,108.288391,0.009184,0.015205,0.979478,0.147841,0.195186,9.793798,0.001665,-0.001684,-0.008085,-0.397515,0.577389,-1.207565,100348.0000
1764077658641162975,2025-11-25 19:04:18.636,0.714177,-0.054581,108.327911,0.010019,0.015610,0.978712,0.128751,0.212547,9.773699,0.000813,0.002431,-0.011007,-0.398476,0.574560,-1.205581,100348.0000
1764077658741917882,2025-11-25 19:04:18.736,0.722467,-0.060537,108.368660,0.009069,0.015159,0.977670,0.100220,0.189842,9.783649,-0.004657,0.001857,-0.010314,-0.396569,0.574050,-1.207528,100344.0000
1764077658838823252,2025-11-25 19:04:18.836,0.730537,-0.071807,108.409988,0.007934,0.015001,0.977969,0.086865,0.114534,9.827245,-0.001537,0.003278,-0.011678,-0.396569,0.574050,-1.207528,100348.0000
1764077658939071845,2025-11-25 19:04:18.936,0.743094,-0.089203,108.450470,0.007280,0.014869,0.978199,0.056957,0.099714,9.788295,0.002138,0.004877,-0.006815,-0.399441,0.574078,-1.205560,100344.0000
1764077659038654382,2025-11-25 19:04:19.036,0.745162,-0.099988,108.484756,0.007125,0.016619,0.978909,0.101195,0.088805,9.796745,0.001935,-0.000555,-0.005874,-0.399932,0.573577,-1.206508,100346.0000
1764077659138521863,2025-11-25 19:04:19.136,0.733159,-0.117770,108.507454,0.007328,0.016999,0.978741,0.046597,0.145802,9.751941,-0.004764,0.003310,-0.000370,-0.400397,0.574561,-1.205072,100342.0000
1764077659238039289,2025-11-25 19:04:19.236,0.718813,-0.131636,108.530571,0.006346,0.016055,0.978364,0.067965,0.169078,9.774199,-0.004305,0.004019,-0.005089,-0.398475,0.574092,-1.205093,100345.0000
1764077659338363900,2025-11-25 19:04:19.336,0.710499,-0.136643,108.548149,0.005703,0.014199,0.978261,0.054307,0.278783,9.787389,-0.000514,-0.002741,-0.005367,-0.398515,0.570687,-1.207930,100353.0000
1764077659439333697,2025-11-25 19:04:19.437,0.724115,-0.118910,108.566566,0.005669,0.013075,0.978479,0.097935,0.194422,9.790273,0.005146,-0.003930,-0.005053,-0.399929,0.571230,-1.204546,100351.0000
1764077659539540604,2025-11-25 19:04:19.536,0.750446,-0.099539,108.578957,0.006926,0.013739,0.978647,0.074215,0.149045,9.797167,0.008103,-0.002858,-0.000461,-0.399939,0.572144,-1.206486,100342.0000
1764077659638953308,2025-11-25 19:04:19.636,0.776517,-0.104605,108.573311,0.007497,0.015959,0.979389,0.074131,0.196064,9.792832,-0.000513,0.008021,0.004474,-0.400422,0.572610,-1.206968,100349.0000
1764077659738680493,2025-11-25 19:04:19.736,0.782849,-0.131825,108.550674,0.006439,0.017742,0.978860,0.028047,0.155826,9.815598,-0.002910,0.006864,0.001352,-0.398993,0.572108,-1.208426,100345.0000
1764077659838571030,2025-11-25 19:04:19.836,0.767292,-0.160390,108.516602,0.005348,0.016810,0.978951,0.087931,0.122386,9.811929,-0.006786,0.005799,0.008669,-0.401875,0.573050,-1.208398,100350.0000
1764077659939199048,2025-11-25 19:04:19.936,0.748665,-0.168775,108.470970,0.003672,0.015594,0.978058,-0.051328,0.244925,9.756073,0.005446,-0.005431,0.014216,-0.398038,0.572092,-1.209403,100346.0000
1764077660038707270,2025-11-25 19:04:20.036,0.738292,-0.156403,108.418343,0.003881,0.014195,0.977912,-0.033592,0.260471,9.726830,0.002415,-0.004687,0.007374,-0.397534,0.573568,-1.207507,100350.0000
1764077660139004104,2025-11-25 19:04:20.136,0.746270,-0.132609,108.355499,0.005326,0.014041,0.977421,-0.000807,0.191029,9.741302,0.000577,-0.004658,0.010557,-0.397992,0.575985,-1.206092,100344.0000
1764077660238015511,2025-11-25 19:04:20.236,0.756452,-0.109439,108.282921,0.006330,0.015366,0.977502,0.091428,0.226652,9.798693,0.002831,-0.002805,0.008744,-0.399467,0.574951,-1.209426,100350.0000
1764077660339013826,2025-11-25 19:04:20.336,0.761638,-0.090438,108.198654,0.007433,0.015371,0.978226,0.077646,0.094940,9.798209,0.003620,-0.003779,0.011454,-0.400890,0.574529,-1.206509,100345.0000
1764077660441376418,2025-11-25 19:04:20.436,0.757975,-0.071245,108.113945,0.008183,0.015399,0.979418,0.096868,0.094214,9.810833,0.002004,-0.003592,0.015183,-0.398001,0.575019,-1.206559,100347.0000
1764077660538864307,2025-11-25 19:04:20.536,0.761263,-0.045269,108.035202,0.009162,0.014656,0.979918,0.099061,0.091757,9.802146,0.001216,-0.003461,0.014525,-0.398460,0.577903,-1.205633,100349.0000
1764077660639122307,2025-11-25 19:04:20.636,0.770305,-0.030252,107.964737,0.010120,0.014848,0.979632,0.075460,0.112152,9.781979,0.000593,-0.001936,0.015431,-0.396527,0.577932,-1.204698,100348.0000
1764077660738918640,2025-11-25 19:04:20.736,0.785159,-0.042652,107.892960,0.010791,0.015927,0.978866,0.082284,0.208589,9.759748,0.001706,0.006674,0.013515,-0.397034,0.577391,-1.207572,100347.0000
1764077660838530640,2025-11-25 19:04:20.836,0.787666,-0.065313,107.824173,0.009637,0.017156,0.977576,0.079543,0.249220,9.763651,0.005120,0.003258,0.013603,-0.393660,0.579307,-1.208133,100351.0000
1764077660938589214,2025-11-25 19:04:20.936,0.778787,-0.090422,107.753281,0.008624,0.016741,0.977205,0.097938,0.230788,9.777886,0.000408,0.003812,0.013592,-0.394615,0.579323,-1.207156,100352.0000
1764077661038707918,2025-11-25 19:04:21.036,0.761736,-0.110070,107.684944,0.007948,0.015108,0.978034,0.120230,0.162968,9.811460,0.000285,0.002345,0.012897,-0.394138,0.580728,-1.208629,100350.0000
1764077661138765010,2025-11-25 19:04:21.136,0.749894,-0.121647,107.618179,0.007209,0.013981,0.978920,0.084986,0.111851,9.807701,-0.005088,0.001965,0.007478,-0.393156,0.581728,-1.206732,100347.0000
1764077661238065603,2025-11-25 19:04:21.236,0.752627,-0.123117,107.554024,0.006825,0.013259,0.979085,0.071090,0.052439,9.810494,0.001576,-0.000533,0.010723,-0.394114,0.584092,-1.207718,100353.0000
1764077661338490992,2025-11-25 19:04:21.336,0.765370,-0.112041,107.492737,0.006693,0.014327,0.978695,0.046250,0.081905,9.781030,0.002145,-0.000768,0.009915,-0.392696,0.581202,-1.209139,100351.0000
1764077661439124843,2025-11-25 19:04:21.436,0.785264,-0.086429,107.432251,0.007120,0.016098,0.978144,0.062019,0.156511,9.761568,0.005995,-0.010257,0.014962,-0.393164,0.580763,-1.207199,100346.0000
1764077661538437640,2025-11-25 19:04:21.536,0.794078,-0.051872,107.374634,0.008282,0.016759,0.977995,0.091266,0.199503,9.762149,0.006139,-0.007050,0.013141,-0.391228,0.583160,-1.207264,100348.0000
1764077661639656695,2025-11-25 19:04:21.637,0.795222,-0.023505,107.324768,0.009628,0.015800,0.978751,0.107137,0.240716,9.793593,0.001061,-0.001928,0.012674,-0.391236,0.582194,-1.207731,100351.0000
1764077661738907491,2025-11-25 19:04:21.736,0.784908,-0.018205,107.276352,0.011209,0.015743,0.979232,0.126903,0.214958,9.787724,-0.005528,0.000588,0.007538,-0.389798,0.582658,-1.208722,100348.0000
1764077661838692751,2025-11-25 19:04:21.836,0.775984,-0.046379,107.223640,0.011467,0.015270,0.978928,0.149714,0.163050,9.795047,-0.007648,0.008559,0.004092,-0.392666,0.584109,-1.207257,100352.0000
1764077661943596621,2025-11-25 19:04:21.936,0.772345,-0.097823,107.167480,0.009505,0.015345,0.978321,0.117041,0.081561,9.779520,0.000651,0.007984,0.005524,-0.391227,0.586463,-1.209241,100353.0000
1764077662038647343,2025-11-25 19:04:22.036,0.770401,-0.140514,107.117645,0.006778,0.015887,0.977993,0.079027,0.105788,9.798251,0.001447,0.006954,0.005408,-0.389786,0.582689,-1.207278,100351.0000
1764077662138903510,2025-11-25 19:04:22.136,0.772551,-0.151747,107.073387,0.004091,0.014692,0.978185,0.013982,0.111018,9.774349,0.000818,-0.001471,0.007757,-0.389781,0.584589,-1.207789,100352.0000
1764077662238030102,2025-11-25 19:04:22.236,0.774124,-0.117464,107.029617,0.003899,0.014259,0.978575,0.074529,0.136398,9.789541,-0.001740,-0.008745,0.008873,-0.389770,0.586032,-1.207329,100351.0000
1764077662339096417,2025-11-25 19:04:22.336,0.775307,-0.059173,106.988869,0.006030,0.014734,0.978791,0.084322,0.223330,9.779459,-0.002979,-0.012043,0.008133,-0.390230,0.587971,-1.205908,100351.0000
1764077662439042713,2025-11-25 19:04:22.436,0.779387,-0.009077,106.947639,0.010604,0.016366,0.979187,0.131772,0.227743,9.791326,0.004451,-0.005948,0.006364,-0.388807,0.586982,-1.207840,100350.0000
1764077662538892824,2025-11-25 19:04:22.536,0.778924,-0.009837,106.904823,0.012108,0.016372,0.979005,0.109916,0.224000,9.796413,0.008003,0.003888,0.009569,-0.388330,0.586974,-1.208328,100353.0000
1764077662638937065,2025-11-25 19:04:22.636,0.778062,-0.048064,106.868187,0.010987,0.016136,0.978698,0.104788,0.158398,9.792046,0.006859,0.007223,0.000408,-0.390227,0.587037,-1.204930,100342.0000
1764077662738971324,2025-11-25 19:04:22.736,0.773009,-0.100764,106.839539,0.007406,0.015058,0.979012,0.037773,0.091615,9.810118,-0.001460,0.010555,0.001870,-0.385907,0.586558,-1.205949,100346.0000
1764077662839544343,2025-11-25 19:04:22.836,0.769037,-0.135562,106.821465,0.004686,0.014287,0.978968,0.034276,0.076316,9.787379,-0.007742,0.004388,0.001546,-0.386402,0.587460,-1.208364,100348.0000
1764077662941251731,2025-11-25 19:04:22.936,0.772713,-0.144942,106.811104,0.003994,0.014734,0.978415,0.012755,0.123076,9.761045,-0.000491,0.002623,0.003901,-0.385930,0.586497,-1.208838,100344.0000
1764077663038669935,2025-11-25 19:04:23.036,0.777744,-0.134582,106.798660,0.005339,0.015563,0.977643,0.062928,0.182522,9.769382,0.004324,-0.003689,0.004573,-0.386887,0.589806,-1.210319,100349.0000
1764077663138723102,2025-11-25 19:04:23.136,0.778459,-0.115796,106.789520,0.005865,0.016092,0.977647,0.099509,0.207599,9.787846,0.009273,-0.007273,0.006331,-0.386391,0.588903,-1.207905,100346.0000
1764077663238215250,2025-11-25 19:04:23.236,0.774782,-0.087341,106.784668,0.005734,0.016288,0.977915,0.048363,0.265576,9.770745,-0.003580,-0.007967,-0.000827,-0.387374,0.585545,-1.208320,100351.0000
1764077663338705546,2025-11-25 19:04:23.336,0.770757,-0.050858,106.791458,0.006015,0.015116,0.978777,0.015752,0.232613,9.791963,-0.003287,-0.004129,-0.004218,-0.388324,0.586516,-1.207358,100351.0000
1764077663440407842,2025-11-25 19:04:23.436,0.763839,-0.018904,106.808487,0.007879,0.014614,0.979663,0.162302,0.156201,9.824087,0.007847,-0.009887,-0.005387,-0.388807,0.588394,-1.208825,100347.0000
1764077663538681898,2025-11-25 19:04:23.536,0.766331,-0.003189,106.831711,0.010110,0.014690,0.979720,0.158245,0.033519,9.798538,0.005869,0.002319,-0.011050,-0.388799,0.587002,-1.206877,100351.0000
1764077663640819083,2025-11-25 19:04:23.638,0.775769,-0.039852,106.866913,0.010535,0.015261,0.978799,0.057080,0.065500,9.790187,0.008371,0.009377,-0.009525,-0.388795,0.587012,-1.206395,100350.0000
1764077663738904157,2025-11-25 19:04:23.736,0.779689,-0.105377,106.905556,0.007940,0.016118,0.977893,0.035924,0.101788,9.736972,0.002381,0.010675,-0.008829,-0.388320,0.586527,-1.206877,100350.0000
1764077663838525694,2025-11-25 19:04:23.836,0.781539,-0.160728,106.947487,0.003846,0.016297,0.977822,0.025683,0.180209,9.765438,-0.000564,0.008472,-0.006953,-0.388800,0.586057,-1.206381,100343.0000
1764077663938240786,2025-11-25 19:04:23.936,0.779409,-0.172656,106.998131,0.000802,0.016098,0.978381,0.070402,0.211702,9.801628,-0.003183,-0.002750,-0.009805,-0.390263,0.583642,-1.207286,100355.0000
1764077664038533546,2025-11-25 19:04:24.036,0.772973,-0.128352,107.063370,0.000760,0.015379,0.978373,0.037521,0.224395,9.785131,0.003224,-0.014186,-0.010638,-0.388839,0.583597,-1.209714,100352.0000
1764077664138632786,2025-11-25 19:04:24.136,0.770490,-0.050276,107.141609,0.004068,0.015020,0.978183,0.117955,0.181494,9.803012,0.001591,-0.018150,-0.018719,-0.389783,0.585056,-1.208277,100342.0000
1764077664238011434,2025-11-25 19:04:24.236,0.771163,0.026769,107.217316,0.008807,0.015095,0.977765,0.137435,0.166550,9.808817,0.001931,-0.013913,-0.013040,-0.391224,0.583170,-1.206783,100352.0000
1764077664340897101,2025-11-25 19:04:24.336,0.775469,0.079434,107.281647,0.012594,0.015288,0.977937,0.161854,0.079839,9.797971,0.002680,-0.004857,-0.013875,-0.394598,0.581254,-1.206222,100343.0000
1764077664438765305,2025-11-25 19:04:24.436,0.785536,0.090085,107.336800,0.013020,0.015273,0.979046,0.096489,0.080437,9.803522,-0.001080,0.001849,-0.008697,-0.396539,0.580260,-1.207623,100350.0000
1764077664540106268,2025-11-25 19:04:24.536,0.800124,0.069032,107.396553,0.012079,0.015255,0.979505,0.099991,0.113450,9.781096,0.003729,0.003822,-0.010860,-0.394598,0.582667,-1.207207,100349.0000
1764077664639010582,2025-11-25 19:04:24.636,0.811282,0.027908,107.463715,0.010271,0.016004,0.979826,0.078442,0.204705,9.783731,0.003189,0.005111,-0.013189,-0.395089,0.580754,-1.207170,100352.0000
1764077664739085193,2025-11-25 19:04:24.736,0.804252,-0.018144,107.531288,0.008993,0.017282,0.978907,0.064828,0.241010,9.772804,0.000085,0.006528,-0.011687,-0.396070,0.579286,-1.208579,100342.0000
1764077664838655638,2025-11-25 19:04:24.836,0.784271,-0.060402,107.591713,0.007429,0.016827,0.977711,0.066214,0.252274,9.773546,-0.002336,0.002387,-0.012010,-0.394630,0.577870,-1.208096,100352.0000
1764077664938858823,2025-11-25 19:04:24.936,0.761432,-0.083746,107.635918,0.006040,0.015197,0.976987,0.060070,0.170507,9.778859,0.000506,-0.000373,-0.007037,-0.395103,0.577888,-1.207127,100348.0000
1764077665038758601,2025-11-25 19:04:25.036,0.750119,-0.079321,107.675102,0.005026,0.013962,0.977603,0.062546,0.109723,9.800480,-0.000985,-0.004927,-0.009131,-0.395598,0.575965,-1.207572,100345.0000
1764077665138678378,2025-11-25 19:04:25.136,0.757312,-0.045662,107.718483,0.005446,0.013080,0.978116,0.076234,0.027002,9.804423,-0.002569,-0.008377,-0.009609,-0.397038,0.577381,-1.208054,100348.0000
1764077665238017471,2025-11-25 19:04:25.236,0.782017,0.009122,107.765015,0.006601,0.013710,0.979047,0.052663,0.080310,9.784405,0.003591,-0.009156,-0.008160,-0.397029,0.576934,-1.206602,100348.0000
1764077665338680545,2025-11-25 19:04:25.336,0.806673,0.058071,107.812805,0.009535,0.015502,0.979282,0.117090,0.153441,9.777034,0.002946,-0.007494,-0.006400,-0.398952,0.576458,-1.206085,100348.0000
1764077665439359323,2025-11-25 19:04:25.437,0.815154,0.082116,107.854752,0.012409,0.017202,0.979122,0.127385,0.235897,9.773648,0.001938,-0.003008,-0.005845,-0.399928,0.573587,-1.206027,100342.0000
1764077665538629619,2025-11-25 19:04:25.536,0.810027,0.062734,107.885773,0.012937,0.017415,0.978991,0.117109,0.246508,9.779078,0.000168,0.007093,-0.002948,-0.400419,0.574033,-1.207471,100350.0000
1764077665639004934,2025-11-25 19:04:25.636,0.795955,0.011299,107.915443,0.011138,0.016272,0.978742,0.106047,0.218878,9.777739,0.000013,0.011033,-0.007122,-0.399453,0.573102,-1.206508,100349.0000
1764077665739640378,2025-11-25 19:04:25.736,0.782571,-0.049348,107.945305,0.007867,0.015231,0.978251,0.071266,0.143599,9.801708,0.000101,0.010696,-0.011018,-0.398022,0.573078,-1.207973,100338.0000
1764077665838882933,2025-11-25 19:04:25.836,0.780066,-0.085571,107.978333,0.004738,0.014162,0.978023,0.043837,0.075467,9.798714,0.000468,-0.000053,-0.006806,-0.399450,0.574525,-1.207011,100354.0000
1764077665938719785,2025-11-25 19:04:25.936,0.788292,-0.079205,108.012993,0.003972,0.014571,0.977842,0.029818,0.081670,9.761713,-0.000294,-0.004129,-0.007497,-0.396590,0.573054,-1.209439,100348.0000
1764077666039617619,2025-11-25 19:04:26.036,0.796772,-0.038540,108.039635,0.005399,0.014804,0.978392,0.049919,0.085572,9.778871,-0.001760,-0.009277,-0.002419,-0.398487,0.575474,-1.207522,100349.0000
1764077666138778544,2025-11-25 19:04:26.136,0.802912,0.010953,108.058510,0.008393,0.015692,0.978935,0.076716,0.172769,9.771196,0.001534,-0.010187,-0.000018,-0.399920,0.574553,-1.205560,100348.0000
1764077666237984933,2025-11-25 19:04:26.236,0.808533,0.038898,108.075211,0.010819,0.016038,0.979137,0.110613,0.215115,9.777364,0.004593,-0.004879,-0.000755,-0.399924,0.572185,-1.204561,100344.0000
1764077666339961729,2025-11-25 19:04:26.336,0.804987,0.038355,108.095116,0.011490,0.016079,0.978923,0.122667,0.239608,9.788925,0.003339,0.000754,-0.007111,-0.400423,0.573077,-1.207456,100346.0000
1764077666440651803,2025-11-25 19:04:26.436,0.803960,0.011987,108.118889,0.010298,0.016088,0.978546,0.115736,0.189304,9.794658,0.001054,-0.001244,-0.008053,-0.398495,0.573096,-1.207003,100352.0000
1764077666539114081,2025-11-25 19:04:26.536,0.802057,-0.020263,108.140335,0.008594,0.015274,0.978168,0.004324,0.152699,9.803413,-0.000287,0.004539,-0.001098,-0.402366,0.570192,-1.207865,100352.0000
1764077666641349896,2025-11-25 19:04:26.636,0.803992,-0.047114,108.155853,0.007341,0.015613,0.977875,0.093912,0.069697,9.790836,0.000027,0.002637,-0.004674,-0.398988,0.573063,-1.208441,100354.0000
1764077666738791600,2025-11-25 19:04:26.736,0.810796,-0.056130,108.166626,0.006652,0.014548,0.978954,0.034730,-0.006523,9.784824,0.001307,0.001737,0.000109,-0.399942,0.571667,-1.206479,100350.0000
1764077666841204044,2025-11-25 19:04:26.836,0.818116,-0.046424,108.178062,0.006491,0.015482,0.979095,0.021280,0.129097,9.761229,-0.000215,0.000027,0.001055,-0.403306,0.571662,-1.205948,100354.0000
1764077666938767951,2025-11-25 19:04:26.936,0.822571,-0.033171,108.191345,0.007416,0.015772,0.978530,0.072957,0.211007,9.744106,0.004426,-0.001225,-0.003160,-0.402340,0.573089,-1.206465,100342.0000
1764077667038731951,2025-11-25 19:04:27.036,0.820372,-0.020298,108.204727,0.008281,0.015806,0.977737,0.115180,0.211943,9.774620,0.003477,-0.002202,-0.004185,-0.402841,0.570678,-1.207384,100350.0000
1764077667138623710,2025-11-25 19:04:27.136,0.821890,-0.010141,108.213432,0.009049,0.015728,0.977599,0.121501,0.241561,9.793333,-0.000291,-0.001748,-0.002337,-0.402365,0.569725,-1.207377,100347.0000
1764077667238014229,2025-11-25 19:04:27.236,0.819143,-0.006111,108.220757,0.008705,0.015638,0.978023,0.101352,0.167283,9.792616,0.001828,-0.000639,-0.006167,-0.402369,0.571127,-1.208843,100354.0000
1764077667340970544,2025-11-25 19:04:27.336,0.822662,-0.004585,108.222511,0.008027,0.015337,0.979126,0.092905,0.108170,9.815119,0.001439,0.000715,-0.004476,-0.402827,0.571186,-1.205948,100348.0000
1764077667438692229,2025-11-25 19:04:27.436,0.828220,-0.001980,108.223846,0.008385,0.015082,0.979689,0.084559,0.063966,9.818904,0.002934,0.000337,-0.003131,-0.402354,0.571168,-1.206917,100344.0000
1764077667538633136,2025-11-25 19:04:27.536,0.830815,-0.001973,108.225380,0.009138,0.015142,0.979474,0.048066,0.080255,9.789163,0.006218,0.001840,0.000794,-0.404757,0.571635,-1.206889,100344.0000
1764077667638936284,2025-11-25 19:04:27.636,0.833613,-0.008057,108.232704,0.009663,0.015171,0.978485,0.075939,0.163944,9.750935,0.003912,0.000843,0.000943,-0.403309,0.572597,-1.206925,100348.0000
1764077667740315284,2025-11-25 19:04:27.736,0.837422,-0.024956,108.237778,0.009079,0.015179,0.977958,0.099517,0.181578,9.767115,0.002270,0.002710,0.000555,-0.400927,0.570189,-1.208368,100354.0000
1764077667844319729,2025-11-25 19:04:27.836,0.845910,-0.049447,108.237900,0.008057,0.015306,0.978015,0.104916,0.273770,9.784123,0.000901,0.004999,0.000942,-0.405731,0.571600,-1.208319,100351.0000
1764077667938686617,2025-11-25 19:04:27.936,0.854375,-0.069298,108.235527,0.006863,0.015649,0.977646,0.077386,0.194450,9.788014,0.001784,0.001173,-0.002805,-0.401402,0.570674,-1.207887,100346.0000
1764077668038431506,2025-11-25 19:04:28.036,0.858061,-0.063600,108.226974,0.005523,0.016224,0.978159,0.055889,0.133464,9.794520,0.004637,-0.003856,-0.001926,-0.401407,0.568774,-1.207377,100339.0000
1764077668138737765,2025-11-25 19:04:28.136,0.853986,-0.036176,108.222412,0.005546,0.016732,0.978552,0.059636,0.103337,9.802278,0.001333,-0.006914,0.000491,-0.402365,0.569725,-1.207377,100350.0000
1764077668238114395,2025-11-25 19:04:28.236,0.842767,0.008878,108.223305,0.007192,0.015414,0.978630,0.077095,0.081960,9.787132,-0.000884,-0.010166,-0.000848,-0.405255,0.568289,-1.206831,100352.0000
1764077668340713154,2025-11-25 19:04:28.336,0.836791,0.044371,108.231285,0.010419,0.014507,0.979111,0.106619,0.124930,9.787856,-0.004679,-0.004685,0.001343,-0.402357,0.569745,-1.206414,100346.0000
1764077668442134487,2025-11-25 19:04:28.436,0.843190,0.043425,108.229553,0.012664,0.014582,0.979171,0.121356,0.151988,9.778686,0.001431,0.003203,0.000625,-0.402827,0.571186,-1.205948,100344.0000
1764077668542738339,2025-11-25 19:04:28.536,0.853975,-0.000551,108.216484,0.011881,0.015077,0.979279,0.112274,0.268404,9.788264,0.002515,0.006828,0.002145,-0.401904,0.568731,-1.209295,100349.0000
1764077668638509858,2025-11-25 19:04:28.636,0.862330,-0.061356,108.198158,0.008791,0.016115,0.978823,0.050144,0.209066,9.797080,0.005845,0.008440,-0.001065,-0.401424,0.569200,-1.209791,100348.0000
1764077668738645932,2025-11-25 19:04:28.736,0.865474,-0.100587,108.183273,0.004926,0.016338,0.978338,0.053781,0.199948,9.790763,0.001371,0.004849,0.000315,-0.403308,0.571184,-1.205940,100346.0000
1764077668838809654,2025-11-25 19:04:28.836,0.861927,-0.096322,108.184517,0.003341,0.015675,0.978237,0.050782,0.124317,9.805847,-0.001728,-0.007067,-0.002914,-0.403322,0.571621,-1.207873,100348.0000
1764077668938753561,2025-11-25 19:04:28.936,0.864810,-0.051556,108.187057,0.005171,0.014692,0.977692,0.067609,0.038487,9.791560,-0.001429,-0.009874,-0.005098,-0.402839,0.568798,-1.205911,100347.0000
1764077669038688635,2025-11-25 19:04:29.036,0.870009,-0.000945,108.184128,0.008810,0.014897,0.977808,0.106351,0.076171,9.767886,0.003792,-0.005800,0.003801,-0.403326,0.569253,-1.206874,100341.0000
1764077669138789950,2025-11-25 19:04:29.136,0.883323,0.022146,108.164688,0.011645,0.015826,0.978412,0.110297,0.128444,9.763623,0.009999,-0.005699,0.004989,-0.399970,0.570650,-1.209353,100342.0000
1764077669238077987,2025-11-25 19:04:29.236,0.889497,0.006753,108.140663,0.011035,0.016513,0.978693,0.068623,0.204849,9.767336,0.000762,0.005545,0.006343,-0.402360,0.570680,-1.207392,100352.0000
1764077669338437561,2025-11-25 19:04:29.336,0.878785,-0.020929,108.122696,0.008632,0.016619,0.979458,0.072439,0.239341,9.786080,-0.002746,0.006881,0.002208,-0.401386,0.570715,-1.205962,100345.0000
1764077669438460413,2025-11-25 19:04:29.436,0.865771,-0.035084,108.105377,0.006539,0.015345,0.979362,0.071867,0.212328,9.787808,-0.001305,-0.000208,0.000860,-0.400918,0.571154,-1.207902,100352.0000
1764077669538778524,2025-11-25 19:04:29.536,0.860321,-0.029795,108.099632,0.006686,0.014059,0.979142,0.086526,0.147707,9.799263,0.006817,-0.006467,-0.003548,-0.400427,0.571654,-1.206953,100344.0000
1764077669641382116,2025-11-25 19:04:29.639,0.865305,-0.015867,108.099030,0.008470,0.013698,0.978134,0.107998,0.062835,9.797804,0.002894,-0.001953,-0.003532,-0.403821,0.568743,-1.208304,100346.0000
1764077669739123209,2025-11-25 19:04:29.736,0.880674,-0.016594,108.089821,0.010209,0.014872,0.977383,0.093986,0.061169,9.780391,0.000543,0.001965,0.002308,-0.403302,0.570259,-1.204481,100349.0000
1764077669838847376,2025-11-25 19:04:29.836,0.901045,-0.041308,108.065804,0.009428,0.016469,0.977290,0.074739,0.119780,9.771461,0.005372,0.007328,0.004901,-0.400898,0.573563,-1.206975,100344.0000
1764077669943977061,2025-11-25 19:04:29.936,0.902007,-0.065300,108.032326,0.006354,0.016887,0.978201,0.036941,0.155319,9.781389,0.003930,-0.001302,0.008270,-0.400907,0.571185,-1.206457,100348.0000
1764077670038671487,2025-11-25 19:04:30.036,0.891279,-0.055207,108.006866,0.004267,0.016637,0.978847,0.021989,0.216188,9.773459,-0.001382,-0.006950,0.008714,-0.401424,0.569200,-1.209791,100354.0000
1764077670138480449,2025-11-25 19:04:30.136,0.870965,-0.011350,107.992622,0.005231,0.015078,0.978866,0.084519,0.225141,9.778936,-0.003547,-0.008476,0.001223,-0.399952,0.572581,-1.208419,100347.0000
1764077670238052968,2025-11-25 19:04:30.236,0.858498,0.039087,107.988274,0.009236,0.014312,0.978792,0.124893,0.223522,9.799328,-0.004838,-0.002731,-0.000510,-0.401864,0.572136,-1.206458,100348.0000
1764077670342256579,2025-11-25 19:04:30.337,0.864631,0.060304,107.980934,0.012467,0.014087,0.978469,0.154170,0.141862,9.799315,0.001085,0.000214,-0.001303,-0.399940,0.573557,-1.207471,100350.0000
1764077670440448968,2025-11-25 19:04:30.436,0.881975,0.034755,107.960297,0.012456,0.014943,0.978911,0.106579,0.099074,9.804925,0.006811,0.007406,0.001929,-0.399472,0.570226,-1.206945,100348.0000
1764077670538759116,2025-11-25 19:04:30.536,0.901353,-0.019250,107.925919,0.009066,0.016190,0.978928,0.067789,0.083809,9.789068,0.010359,0.010433,0.007809,-0.402346,0.571188,-1.205955,100348.0000
1764077670639188560,2025-11-25 19:04:30.637,0.902279,-0.057010,107.890915,0.005150,0.017035,0.978523,0.033941,0.118135,9.765479,0.000708,0.004369,0.005001,-0.401395,0.571162,-1.207413,100352.0000
1764077670738524486,2025-11-25 19:04:30.736,0.888201,-0.052455,107.866173,0.003790,0.016671,0.978172,0.019740,0.165874,9.754714,-0.000258,-0.003373,0.003023,-0.402365,0.571137,-1.208362,100355.0000
1764077670838950468,2025-11-25 19:04:30.836,0.872846,-0.013786,107.856560,0.005576,0.015495,0.978031,0.070769,0.203160,9.761801,-0.005072,-0.007458,0.005679,-0.398500,0.573553,-1.207974,100352.0000
1764077670938896912,2025-11-25 19:04:30.936,0.870617,0.027787,107.846870,0.008958,0.013835,0.977617,0.122999,0.214085,9.768677,0.003718,-0.004197,0.002116,-0.403294,0.574050,-1.205984,100357.0000
1764077671038753227,2025-11-25 19:04:31.036,0.878829,0.038157,107.825012,0.011290,0.014235,0.978016,0.129669,0.173069,9.792395,0.007738,0.004733,0.002802,-0.399932,0.572165,-1.205524,100346.0000
1764077671138523356,2025-11-25 19:04:31.136,0.899260,0.021570,107.791840,0.010273,0.015018,0.978551,0.101292,0.127933,9.814432,-0.000027,0.005985,0.002586,-0.401383,0.574496,-1.207946,100346.0000
1764077671237965430,2025-11-25 19:04:31.236,0.911230,0.000631,107.752968,0.007510,0.015997,0.979237,0.045244,0.089643,9.813766,-0.000968,0.005886,0.005169,-0.401380,0.574973,-1.207953,100356.0000
1764077671340692875,2025-11-25 19:04:31.336,0.912400,0.003395,107.721001,0.005415,0.016324,0.979509,0.048712,0.080760,9.789866,0.005684,-0.002175,0.007518,-0.398027,0.571177,-1.207463,100349.0000
1764077671438898949,2025-11-25 19:04:31.436,0.902365,0.027334,107.696396,0.006381,0.015820,0.979024,0.062615,0.137421,9.761600,0.000599,-0.004542,0.006062,-0.399945,0.574014,-1.208441,100343.0000
1764077671539075319,2025-11-25 19:04:31.536,0.897614,0.050700,107.680412,0.009477,0.015117,0.977859,0.099775,0.181401,9.745914,-0.001556,-0.003056,0.006436,-0.400873,0.574102,-1.204095,100351.0000
1764077671638795411,2025-11-25 19:04:31.636,0.895452,0.049200,107.658623,0.011038,0.015078,0.977098,0.107832,0.243222,9.766752,-0.004407,0.006014,0.004186,-0.399913,0.575041,-1.205086,100346.0000
1764077671738706800,2025-11-25 19:04:31.736,0.898448,0.018903,107.629608,0.009968,0.015103,0.977663,0.108254,0.227761,9.787701,0.001013,0.000698,0.004009,-0.401868,0.573538,-1.207924,100344.0000
1764077671838585226,2025-11-25 19:04:31.836,0.908927,-0.012810,107.594849,0.006724,0.014640,0.978614,0.068796,0.164751,9.802167,0.006453,0.001769,0.007280,-0.399458,0.574504,-1.207974,100354.0000
1764077671938905893,2025-11-25 19:04:31.936,0.919303,-0.014519,107.560493,0.004539,0.014936,0.979615,0.049222,0.107830,9.808979,0.004527,-0.005006,0.004135,-0.398493,0.574986,-1.207996,100348.0000
1764077672038674356,2025-11-25 19:04:32.036,0.921290,0.014442,107.535202,0.005518,0.015274,0.979523,0.067568,0.067542,9.792451,-0.000118,-0.006369,-0.002307,-0.399450,0.574525,-1.207011,100354.0000
1764077672138929726,2025-11-25 19:04:32.136,0.923544,0.056887,107.511383,0.008565,0.015824,0.978645,0.098900,0.103684,9.763709,0.000858,-0.003805,0.001852,-0.399460,0.574027,-1.207967,100352.0000
1764077672238056504,2025-11-25 19:04:32.236,0.920670,0.070483,107.484268,0.011363,0.016343,0.977982,0.095001,0.143861,9.760443,-0.001963,0.004109,0.008267,-0.400400,0.577854,-1.207530,100354.0000
1764077672338655578,2025-11-25 19:04:32.336,0.913507,0.053792,107.448822,0.011683,0.016489,0.977559,0.083287,0.201252,9.765849,0.001604,0.000885,0.010055,-0.396087,0.575942,-1.208527,100345.0000
1764077672440826078,2025-11-25 19:04:32.436,0.902610,0.014310,107.413361,0.008326,0.015952,0.977766,0.066428,0.235550,9.782224,-0.003642,0.004597,0.002562,-0.398492,0.576877,-1.208988,100351.0000
1764077672538703096,2025-11-25 19:04:32.536,0.894487,-0.005256,107.384499,0.004806,0.014609,0.978650,0.052770,0.203207,9.803148,-0.001011,-0.000171,0.004155,-0.397033,0.578337,-1.208068,100348.0000
1764077672638989966,2025-11-25 19:04:32.636,0.895781,0.010098,107.360374,0.004318,0.013798,0.979392,0.073044,0.140252,9.813672,0.005021,-0.005797,0.000941,-0.399908,0.576941,-1.205597,100354.0000
1764077672738779115,2025-11-25 19:04:32.736,0.904589,0.050853,107.336533,0.006929,0.014471,0.979651,0.117753,0.092127,9.802386,0.003375,-0.005526,0.004058,-0.397503,0.577420,-1.206121,100348.0000
1764077672838909189,2025-11-25 19:04:32.836,0.916900,0.082283,107.308525,0.010405,0.015839,0.978944,0.111780,0.097910,9.790892,0.002062,-0.006462,0.006887,-0.398962,0.575960,-1.207040,100343.0000
1764077672939188485,2025-11-25 19:04:32.936,0.921524,0.075746,107.274757,0.012268,0.017321,0.977593,0.087507,0.113789,9.757436,-0.000756,0.006691,0.006227,-0.396082,0.578310,-1.209526,100354.0000
1764077673038629411,2025-11-25 19:04:33.036,0.916191,0.036320,107.238106,0.010138,0.016773,0.977314,0.053856,0.151132,9.763516,-0.006418,0.007328,0.005822,-0.396064,0.578829,-1.207609,100347.0000
1764077673138409299,2025-11-25 19:04:33.136,0.909929,-0.002674,107.202347,0.006065,0.015656,0.978315,0.019291,0.197461,9.779579,-0.000144,0.009922,0.007318,-0.397508,0.578822,-1.207587,100351.0000
1764077673238113114,2025-11-25 19:04:33.236,0.905298,-0.001604,107.174538,0.003820,0.014737,0.979460,0.049179,0.218683,9.798619,0.000629,-0.000949,0.002915,-0.396067,0.578351,-1.207601,100351.0000
1764077673339070336,2025-11-25 19:04:33.336,0.899630,0.035646,107.148010,0.004871,0.014511,0.979531,0.092263,0.214549,9.808112,0.001353,-0.007077,0.003927,-0.395114,0.578803,-1.209067,100349.0000
1764077673441510299,2025-11-25 19:04:33.436,0.901220,0.082631,107.127121,0.008659,0.015343,0.978931,0.137014,0.150634,9.805429,0.003337,-0.008711,0.000900,-0.398479,0.579265,-1.209024,100352.0000
1764077673541051873,2025-11-25 19:04:33.536,0.901294,0.103951,107.095444,0.011974,0.016112,0.978203,0.175771,0.090929,9.812997,0.000138,-0.000543,-0.000600,-0.396062,0.577894,-1.206631,100353.0000
1764077673638687225,2025-11-25 19:04:33.636,0.896737,0.084859,107.054176,0.011601,0.015915,0.977964,0.061602,0.096096,9.768628,0.000395,0.006752,0.008277,-0.398472,0.579285,-1.208061,100346.0000
1764077673738672095,2025-11-25 19:04:33.736,0.891432,0.044054,107.012375,0.009631,0.015544,0.978401,0.094585,0.095404,9.780293,-0.000756,0.008768,0.008649,-0.395571,0.579807,-1.206668,100348.0000
1764077673838802818,2025-11-25 19:04:33.836,0.895253,0.010291,106.979530,0.006121,0.014526,0.978688,0.062724,0.165430,9.789466,0.003411,0.003047,0.005949,-0.395091,0.580276,-1.207163,100355.0000
1764077673938892725,2025-11-25 19:04:33.936,0.904330,0.008865,106.956802,0.004547,0.014887,0.978930,0.058319,0.226915,9.788400,0.003558,-0.001927,0.003550,-0.395102,0.581191,-1.209103,100352.0000
1764077674038659354,2025-11-25 19:04:34.036,0.914162,0.037157,106.933617,0.005746,0.015671,0.978365,0.133156,0.182422,9.794216,0.003150,-0.005400,0.007759,-0.394617,0.578846,-1.207149,100354.0000
1764077674138332651,2025-11-25 19:04:34.136,0.918384,0.070596,106.904755,0.008775,0.016645,0.978071,0.098129,0.237178,9.801740,-0.000009,-0.005336,0.002391,-0.393659,0.581198,-1.209125,100348.0000
1764077674238065317,2025-11-25 19:04:34.236,0.903155,0.076145,106.864227,0.009889,0.017173,0.977552,0.097988,0.110039,9.800082,-0.008888,-0.000367,0.003733,-0.393171,0.581688,-1.208658,100347.0000
1764077674338755299,2025-11-25 19:04:34.336,0.883545,0.054932,106.826118,0.009400,0.015778,0.978648,0.154766,0.098358,9.830516,-0.005730,0.007945,0.004582,-0.394591,0.581742,-1.205748,100353.0000
1764077674438875317,2025-11-25 19:04:34.436,0.869330,0.025465,106.804626,0.006151,0.013372,0.978998,0.057580,0.022549,9.807893,-0.000973,0.006200,0.003788,-0.394114,0.583147,-1.207221,100352.0000
1764077674538915410,2025-11-25 19:04:34.536,0.877043,0.017600,106.796013,0.004073,0.012497,0.979551,0.033140,0.112355,9.778957,0.009835,-0.000637,0.006739,-0.394129,0.580281,-1.207178,100350.0000
1764077674638381187,2025-11-25 19:04:34.636,0.906852,0.035494,106.791412,0.005616,0.014257,0.979138,0.084440,0.218215,9.766187,0.008247,-0.002606,0.001908,-0.395093,0.582156,-1.208637,100347.0000
1764077674740906817,2025-11-25 19:04:34.736,0.933871,0.050319,106.781364,0.007396,0.016763,0.977774,0.091735,0.255269,9.760148,-0.002423,0.000142,0.001519,-0.393177,0.581200,-1.209132,100348.0000
1764077674838540169,2025-11-25 19:04:34.836,0.941721,0.054956,106.769127,0.007720,0.017850,0.977124,0.092489,0.211844,9.758027,-0.005884,0.002689,0.000657,-0.393167,0.581698,-1.208176,100350.0000
1764077674942355317,2025-11-25 19:04:34.936,0.921787,0.046935,106.758057,0.006868,0.017929,0.977567,0.045224,0.151000,9.782095,-0.002743,-0.000957,0.000510,-0.393667,0.580232,-1.209591,100350.0000
1764077675038814002,2025-11-25 19:04:35.036,0.889165,0.040587,106.760368,0.005358,0.015667,0.978972,0.096647,0.096280,9.829021,-0.003655,-0.000990,-0.003272,-0.392678,0.581720,-1.207221,100346.0000
1764077675138782187,2025-11-25 19:04:35.136,0.872805,0.057614,106.781509,0.004890,0.013324,0.979584,0.050776,0.049383,9.809554,0.002278,-0.004342,-0.000265,-0.393647,0.581228,-1.207681,100358.0000
1764077675238146928,2025-11-25 19:04:35.236,0.878249,0.092073,106.808395,0.006413,0.013176,0.979524,0.071989,0.105242,9.790203,-0.000956,-0.000702,-0.004529,-0.393649,0.580750,-1.207673,100347.0000
1764077675338897502,2025-11-25 19:04:35.336,0.899000,0.110819,106.837433,0.009330,0.014584,0.978591,0.106039,0.151793,9.797318,0.005332,0.002140,-0.004123,-0.395586,0.578353,-1.207608,100344.0000
1764077675439747465,2025-11-25 19:04:35.436,0.914122,0.085469,106.870857,0.009530,0.016761,0.977823,0.012243,0.236619,9.707020,0.006373,0.007913,-0.005995,-0.396536,0.580737,-1.207631,100346.0000
1764077675544837076,2025-11-25 19:04:35.536,0.920462,0.037710,106.902298,0.007292,0.017296,0.977743,0.013002,0.276839,9.766704,-0.002205,0.007082,-0.009173,-0.394147,0.579762,-1.209096,100345.0000
1764077675638905446,2025-11-25 19:04:35.636,0.910411,0.001832,106.947945,0.003786,0.016371,0.978391,0.001318,0.223320,9.791820,-0.005757,0.001974,-0.010235,-0.394637,0.577849,-1.209059,100347.0000
1764077675738952891,2025-11-25 19:04:35.736,0.897187,-0.002645,107.010353,0.002216,0.014965,0.978776,0.052669,0.078007,9.804327,-0.003913,-0.003203,-0.016637,-0.395098,0.577431,-1.206156,100348.0000
1764077675838917798,2025-11-25 19:04:35.836,0.894554,0.033111,107.089325,0.003131,0.014443,0.978708,0.046873,0.085227,9.809925,0.005632,-0.008715,-0.017220,-0.396091,0.575932,-1.209009,100349.0000
1764077675938772372,2025-11-25 19:04:35.936,0.894409,0.092080,107.170883,0.005916,0.014824,0.977717,0.086218,0.043863,9.773098,0.004397,-0.009027,-0.011901,-0.397516,0.576444,-1.207069,100351.0000
1764077676038639298,2025-11-25 19:04:36.036,0.901893,0.155999,107.237267,0.009061,0.015559,0.977625,0.080972,0.078602,9.752242,0.004092,-0.010277,-0.008473,-0.397042,0.575013,-1.207054,100347.0000
1764077676138684909,2025-11-25 19:04:36.136,0.910649,0.194933,107.294647,0.011835,0.016477,0.978754,0.116468,0.184587,9.770213,0.004046,-0.006604,-0.009003,-0.399919,0.575498,-1.206056,100349.0000
1764077676238283372,2025-11-25 19:04:36.236,0.912713,0.197711,107.348808,0.012430,0.015717,0.979467,0.116817,0.230408,9.811727,-0.001494,0.003907,-0.011014,-0.398950,0.574578,-1.204612,100345.0000
1764077676338813909,2025-11-25 19:04:36.336,0.918151,0.168217,107.408562,0.010898,0.015375,0.979964,0.092657,0.230160,9.782657,-0.000224,0.004029,-0.013959,-0.400901,0.573085,-1.206968,100351.0000
1764077676438816835,2025-11-25 19:04:36.436,0.922044,0.128450,107.476868,0.009403,0.015121,0.979608,0.109590,0.164283,9.811941,0.003499,0.005040,-0.011352,-0.398978,0.573561,-1.207485,100344.0000
1764077676538892668,2025-11-25 19:04:36.536,0.915525,0.089644,107.542664,0.007967,0.015759,0.978244,0.096996,0.124705,9.797714,0.004017,0.009084,-0.013821,-0.401858,0.572623,-1.205984,100344.0000
1764077676638860908,2025-11-25 19:04:36.636,0.907529,0.066420,107.596817,0.007190,0.015965,0.977419,0.074395,0.069032,9.790006,0.001863,0.003270,-0.010779,-0.400934,0.571113,-1.209827,100352.0000
1764077676740458668,2025-11-25 19:04:36.736,0.895575,0.059040,107.640320,0.006126,0.015937,0.977200,0.055599,0.102495,9.770283,-0.002085,0.001314,-0.006095,-0.403807,0.573021,-1.209332,100351.0000
1764077676839094538,2025-11-25 19:04:36.836,0.889953,0.070306,107.677994,0.006019,0.014938,0.978257,0.039041,0.146567,9.760698,-0.003036,-0.004800,-0.005466,-0.400431,0.571644,-1.207435,100352.0000
1764077676939815501,2025-11-25 19:04:36.936,0.901390,0.096572,107.717812,0.006338,0.014340,0.979024,0.054284,0.204707,9.771109,-0.000278,-0.002642,-0.007225,-0.400926,0.568776,-1.207384,100341.0000
1764077677038745001,2025-11-25 19:04:37.036,0.917897,0.127031,107.767525,0.007796,0.014341,0.979127,0.099430,0.222020,9.797308,0.000960,-0.009516,-0.009744,-0.400431,0.569286,-1.205954,100350.0000
1764077677138736260,2025-11-25 19:04:37.136,0.931884,0.155404,107.822563,0.009128,0.015647,0.978462,0.130672,0.218902,9.804449,0.002695,-0.004929,-0.009016,-0.403322,0.570676,-1.207377,100351.0000
1764077677238012501,2025-11-25 19:04:37.236,0.935215,0.166199,107.871292,0.010786,0.016478,0.978266,0.155079,0.162632,9.799008,0.006014,-0.000013,-0.010792,-0.402361,0.569735,-1.206895,100346.0000
1764077677338874501,2025-11-25 19:04:37.336,0.928365,0.156501,107.907730,0.011232,0.016911,0.978697,0.112969,0.091699,9.808346,0.000077,-0.000871,-0.005940,-0.403814,0.570176,-1.208326,100357.0000
1764077677440960575,2025-11-25 19:04:37.437,0.916945,0.127166,107.938057,0.010172,0.015969,0.979164,0.084538,0.082795,9.776883,0.000913,0.006523,-0.005938,-0.404314,0.566352,-1.208260,100352.0000
1764077677539103130,2025-11-25 19:04:37.536,0.911736,0.085768,107.970909,0.007892,0.014656,0.979715,0.031234,0.113218,9.786680,-0.001862,0.007956,-0.003069,-0.404777,0.569226,-1.207815,100344.0000
1764077677644769482,2025-11-25 19:04:37.636,0.917459,0.058759,108.008400,0.005799,0.013910,0.978693,0.043769,0.176186,9.775826,0.002740,0.000731,-0.006355,-0.404778,0.568281,-1.207319,100352.0000
1764077677740814186,2025-11-25 19:04:37.737,0.931114,0.060480,108.049522,0.004987,0.014641,0.978005,0.060249,0.230010,9.765813,0.005163,-0.004076,-0.005441,-0.403340,0.568745,-1.208311,100344.0000
1764077677838675167,2025-11-25 19:04:37.836,0.940936,0.089435,108.091721,0.006302,0.015812,0.977515,0.219639,0.179790,9.912058,0.002092,-0.007394,-0.007448,-0.406719,0.564929,-1.207240,100347.0000
1764077677938712704,2025-11-25 19:04:37.936,0.942943,0.126415,108.130096,0.007815,0.016556,0.977193,0.142748,0.119040,9.819743,0.002399,-0.008198,-0.007247,-0.406230,0.567309,-1.207765,100353.0000
1764077678038688741,2025-11-25 19:04:38.036,0.932377,0.149842,108.165276,0.009960,0.015811,0.978158,0.115452,0.087236,9.802383,-0.000710,0.001708,-0.003645,-0.406236,0.564463,-1.206758,100349.0000
1764077678138397408,2025-11-25 19:04:38.136,0.925805,0.149767,108.194153,0.010555,0.015065,0.979122,0.102968,0.124279,9.781592,0.002377,0.003014,-0.003804,-0.405761,0.564922,-1.207735,100356.0000
1764077678238104852,2025-11-25 19:04:38.236,0.928852,0.126267,108.220703,0.009465,0.014209,0.979421,0.076812,0.077005,9.780988,0.004731,0.002197,-0.003372,-0.408624,0.564971,-1.204804,100353.0000
1764077678338698833,2025-11-25 19:04:38.336,0.936234,0.103088,108.251854,0.007543,0.015645,0.979198,0.039928,0.216374,9.768456,0.004586,-0.001058,-0.001521,-0.406710,0.564482,-1.205788,100348.0000
1764077678441097741,2025-11-25 19:04:38.436,0.945899,0.092901,108.288200,0.006948,0.015828,0.978135,0.071374,0.203921,9.766936,0.002182,-0.000885,-0.004300,-0.406728,0.563963,-1.207706,100347.0000
1764077678538590685,2025-11-25 19:04:38.536,0.953571,0.103238,108.324280,0.006949,0.016364,0.977962,0.068992,0.262521,9.779355,-0.003762,-0.000742,-0.008847,-0.409629,0.564854,-1.210085,100348.0000
1764077678638769130,2025-11-25 19:04:38.636,0.949445,0.120697,108.354813,0.008277,0.015759,0.978162,0.104257,0.184721,9.791945,-0.006115,-0.001466,-0.011013,-0.410571,0.564434,-1.207175,100349.0000
1764077678742062685,2025-11-25 19:04:38.736,0.947148,0.126354,108.379311,0.008949,0.014843,0.978860,0.095874,0.121986,9.816566,-0.000735,-0.000942,-0.004306,-0.408652,0.562542,-1.206693,100347.0000
1764077678838676185,2025-11-25 19:04:38.836,0.947372,0.115241,108.402260,0.008919,0.014317,0.979222,0.108018,0.040845,9.796214,0.003524,0.002328,-0.004883,-0.408636,0.563528,-1.205264,100348.0000
1764077678938560889,2025-11-25 19:04:38.936,0.953598,0.100879,108.426094,0.007801,0.015175,0.978737,0.054878,0.113192,9.758613,0.009526,0.001144,-0.002083,-0.408177,0.562056,-1.207174,100353.0000
1764077679038756740,2025-11-25 19:04:39.036,0.958581,0.086752,108.447182,0.006915,0.016152,0.978405,0.017131,0.090889,9.769644,-0.001143,0.000889,-0.002026,-0.407200,0.562569,-1.205752,100340.0000
1764077679138812296,2025-11-25 19:04:39.136,0.960247,0.081719,108.466949,0.006577,0.016935,0.977815,0.068723,0.213089,9.770871,-0.002474,-0.001191,-0.004278,-0.408201,0.559637,-1.208582,100344.0000
1764077679237975925,2025-11-25 19:04:39.236,0.951847,0.091530,108.488091,0.006885,0.016241,0.978089,0.090072,0.216796,9.783244,-0.005980,-0.003176,-0.002844,-0.407711,0.562017,-1.209107,100354.0000
1764077679338819333,2025-11-25 19:04:39.336,0.949352,0.100504,108.503670,0.007779,0.014177,0.979065,0.093390,0.159779,9.809307,-0.005268,-0.000856,-0.005118,-0.407709,0.560137,-1.207633,100356.0000
1764077679438431944,2025-11-25 19:04:39.436,0.956569,0.108627,108.517136,0.007783,0.013468,0.979408,0.094151,0.110169,9.801288,0.003855,-0.000665,-0.002192,-0.407218,0.562050,-1.207670,100348.0000
1764077679538944407,2025-11-25 19:04:39.536,0.974295,0.112922,108.523010,0.007972,0.014399,0.979306,0.073316,0.141393,9.802986,0.009089,-0.003899,-0.000432,-0.409138,0.561584,-1.206671,100350.0000
1764077679638841907,2025-11-25 19:04:39.636,0.987903,0.105931,108.523842,0.007601,0.016454,0.978403,0.095489,0.100868,9.793562,0.006981,-0.000723,0.000774,-0.407217,0.562995,-1.208166,100353.0000
1764077679738545573,2025-11-25 19:04:39.736,0.989717,0.099521,108.518372,0.007545,0.017488,0.977541,0.059199,0.135091,9.746885,0.002384,-0.000486,0.001584,-0.409145,0.561564,-1.207634,100350.0000
1764077679843633758,2025-11-25 19:04:39.840,0.974779,0.094263,108.514664,0.007373,0.016923,0.977715,0.063387,0.169764,9.778721,0.002514,-0.002283,0.001570,-0.409617,0.561115,-1.206176,100348.0000
1764077679938733814,2025-11-25 19:04:39.936,0.966299,0.095452,108.509155,0.006874,0.015399,0.978314,0.048519,0.191510,9.785615,0.003925,0.000343,0.001055,-0.409620,0.562049,-1.207153,100351.0000
1764077680038519777,2025-11-25 19:04:40.036,0.963867,0.099808,108.501961,0.007537,0.014421,0.979423,0.096631,0.227802,9.802569,-0.002011,-0.000831,-0.000576,-0.409634,0.560129,-1.207605,100349.0000
1764077680138439425,2025-11-25 19:04:40.136,0.971821,0.105765,108.493279,0.007219,0.013902,0.979697,0.079609,0.209835,9.793716,0.000868,-0.002660,-0.000601,-0.408185,0.559678,-1.206656,100348.0000
1764077680237993554,2025-11-25 19:04:40.236,0.979934,0.118866,108.478851,0.007571,0.015033,0.978888,0.102116,0.109591,9.840819,-0.000070,-0.001847,0.001071,-0.409141,0.561574,-1.207153,100352.0000
1764077680338601888,2025-11-25 19:04:40.336,0.989431,0.109075,108.453590,0.008763,0.015459,0.978587,0.100070,0.155360,9.791389,0.002308,0.004350,0.004055,-0.409633,0.561074,-1.208101,100348.0000
1764077680439350147,2025-11-25 19:04:40.436,0.995259,0.077636,108.416016,0.008472,0.015907,0.978622,0.058814,0.081901,9.805614,0.004926,0.008754,0.009854,-0.410107,0.560147,-1.206635,100345.0000
1764077680541591814,2025-11-25 19:04:40.536,0.994132,0.042674,108.369057,0.005663,0.016378,0.977996,-0.000717,0.158015,9.800378,0.003715,0.007504,0.013144,-0.407209,0.561603,-1.206218,100347.0000
1764077680639051610,2025-11-25 19:04:40.636,0.991709,0.017993,108.322159,0.003831,0.016290,0.977969,0.019300,0.157441,9.771835,0.002000,0.001816,0.010743,-0.407195,0.564469,-1.206262,100348.0000
1764077680738777517,2025-11-25 19:04:40.736,0.985633,0.021794,108.269623,0.002919,0.015993,0.978124,0.050261,0.296572,9.773452,-0.004734,-0.002804,0.008412,-0.408169,0.564434,-1.207692,100348.0000
1764077680838878925,2025-11-25 19:04:40.836,0.981052,0.060815,108.207603,0.003439,0.014873,0.978628,0.102550,0.226731,9.776878,-0.002604,-0.007349,0.007998,-0.405296,0.563939,-1.209172,100345.0000
1764077680939100943,2025-11-25 19:04:40.936,0.982380,0.116673,108.139435,0.005836,0.014239,0.978648,0.145435,0.175815,9.799927,-0.000745,-0.010988,0.009574,-0.404801,0.564449,-1.207742,100348.0000
1764077681038820036,2025-11-25 19:04:41.036,0.990429,0.180400,108.062386,0.009419,0.014359,0.978613,0.128192,0.128544,9.805388,0.009176,-0.007551,0.015986,-0.407204,0.564916,-1.207714,100353.0000
1764077681138579943,2025-11-25 19:04:41.136,0.999097,0.217035,107.988235,0.012683,0.015788,0.978643,0.149119,0.092117,9.792232,0.005828,-0.000850,0.009230,-0.407664,0.566856,-1.206292,100351.0000
1764077681238025406,2025-11-25 19:04:41.236,1.004960,0.203440,107.911629,0.013924,0.016459,0.978811,0.111899,0.107351,9.780785,-0.001254,0.006606,0.011053,-0.404787,0.564957,-1.206305,100348.0000
1764077681338707646,2025-11-25 19:04:41.336,1.000746,0.156820,107.841568,0.011818,0.016971,0.979051,0.054269,0.151154,9.770674,-0.000166,0.008191,0.014866,-0.403331,0.567353,-1.206363,100342.0000
1764077681438728665,2025-11-25 19:04:41.436,0.989705,0.105180,107.780815,0.008129,0.015726,0.979149,0.050821,0.187074,9.792247,0.001075,0.005111,0.015689,-0.403825,0.566374,-1.207304,100347.0000
1764077681538792424,2025-11-25 19:04:41.536,0.987749,0.077092,107.726875,0.005698,0.014250,0.979097,0.076993,0.205402,9.781992,0.009255,0.004570,0.007305,-0.402380,0.568271,-1.208318,100348.0000
1764077681638928961,2025-11-25 19:04:41.636,0.990139,0.073901,107.668411,0.005778,0.014102,0.978892,0.079721,0.209297,9.802434,-0.002719,-0.002301,0.008377,-0.402872,0.566826,-1.208770,100346.0000
1764077681738798702,2025-11-25 19:04:41.736,1.004604,0.090471,107.604889,0.006762,0.014464,0.978209,0.076309,0.135958,9.801820,0.002665,-0.002188,0.008749,-0.402368,0.568302,-1.206874,100352.0000
1764077681838685257,2025-11-25 19:04:41.836,1.017233,0.113970,107.538719,0.007276,0.015665,0.977512,0.086507,0.090869,9.800961,-0.000851,-0.001866,0.008495,-0.403821,0.568743,-1.208304,100351.0000
1764077681938528239,2025-11-25 19:04:41.936,1.020937,0.136645,107.474472,0.008120,0.016317,0.977926,0.070584,0.088174,9.785454,0.002446,-0.003873,0.013759,-0.400914,0.571164,-1.207420,100350.0000
1764077682038778720,2025-11-25 19:04:42.036,1.014906,0.155232,107.414673,0.008356,0.016215,0.978433,0.056750,0.122349,9.779133,0.000066,0.001097,0.012016,-0.402362,0.571148,-1.207880,100348.0000
1764077682142216220,2025-11-25 19:04:42.136,1.009766,0.169615,107.367912,0.009412,0.015279,0.979106,0.104899,0.196163,9.774343,-0.006491,0.000276,0.008480,-0.401871,0.570703,-1.206436,100346.0000
1764077682238001535,2025-11-25 19:04:42.236,1.005474,0.172480,107.320816,0.010085,0.014970,0.979070,0.087629,0.225276,9.786222,-0.000592,0.004022,0.011041,-0.402820,0.574032,-1.206954,100348.0000
1764077682340776701,2025-11-25 19:04:42.336,1.006956,0.148976,107.272591,0.010026,0.015333,0.979165,0.031100,0.127010,9.754871,-0.003865,0.008796,0.001773,-0.399452,0.574047,-1.207004,100349.0000
1764077682439205238,2025-11-25 19:04:42.436,1.006739,0.106643,107.221588,0.008709,0.015717,0.978563,0.115360,0.221229,9.826050,-0.000414,0.008324,0.002696,-0.402344,0.573079,-1.206946,100346.0000
1764077682538784201,2025-11-25 19:04:42.536,1.013429,0.071719,107.172447,0.006633,0.015570,0.978843,0.075610,0.104088,9.817124,0.004083,0.003877,0.004537,-0.399002,0.570197,-1.208397,100351.0000
1764077682641631683,2025-11-25 19:04:42.636,1.015769,0.065809,107.126038,0.004156,0.014522,0.978549,-0.003389,0.054444,9.761989,0.002664,-0.004221,0.009280,-0.398981,0.575909,-1.209447,100355.0000
1764077682738786312,2025-11-25 19:04:42.736,1.017258,0.090077,107.089798,0.004492,0.015238,0.977948,0.029364,0.116137,9.750922,0.007167,-0.007431,0.007923,-0.397530,0.575936,-1.208506,100342.0000
1764077682838627886,2025-11-25 19:04:42.836,1.017401,0.135141,107.057266,0.006939,0.015846,0.978041,0.109822,0.229876,9.782404,0.003293,-0.005162,0.006396,-0.398025,0.574013,-1.208951,100356.0000
1764077682938682683,2025-11-25 19:04:42.936,1.015620,0.176255,107.028519,0.009300,0.016256,0.978087,0.117135,0.240150,9.774224,0.001775,-0.004881,0.003443,-0.397526,0.573588,-1.206544,100355.0000
1764077683043382831,2025-11-25 19:04:43.036,1.012816,0.188638,106.998016,0.010242,0.015679,0.978452,0.076046,0.257883,9.799884,-0.001873,-0.001867,0.005580,-0.399462,0.575907,-1.209440,100348.0000
1764077683138475979,2025-11-25 19:04:43.136,1.014437,0.169671,106.969818,0.010078,0.014991,0.979473,0.078462,0.166132,9.818476,-0.000691,0.005015,0.002112,-0.396535,0.577912,-1.205661,100348.0000
1764077683238138164,2025-11-25 19:04:43.236,1.025657,0.134262,106.944122,0.008075,0.014334,0.979736,0.148946,0.054936,9.829852,0.000071,0.007155,0.002396,-0.398011,0.574521,-1.207514,100350.0000
1764077683338488682,2025-11-25 19:04:43.336,1.037542,0.105132,106.928986,0.005772,0.015495,0.979434,0.047598,0.065997,9.800777,-0.001723,0.005801,-0.001924,-0.397062,0.576375,-1.210446,100348.0000
1764077683439394441,2025-11-25 19:04:43.436,1.042418,0.096246,106.923042,0.004705,0.016734,0.978253,0.016976,0.160527,9.765954,-0.003311,0.000907,-0.000127,-0.397051,0.575460,-1.208506,100350.0000
1764077683538823553,2025-11-25 19:04:43.536,1.029862,0.108729,106.926338,0.005855,0.016895,0.976990,0.122933,0.358843,9.718184,-0.001080,0.001111,0.001718,-0.399436,0.577391,-1.207055,100352.0000
1764077683638731701,2025-11-25 19:04:43.636,1.012470,0.170744,106.906647,0.005616,0.014853,0.976654,0.002762,0.108680,9.696430,0.000246,-0.018385,0.005978,-0.399937,0.574980,-1.207974,100348.0000
1764077683738572960,2025-11-25 19:04:43.736,1.018300,0.302192,106.776047,0.008614,0.010918,0.976493,-0.015196,0.104893,9.768378,0.003099,-0.031865,0.032754,-0.397498,0.576963,-1.205151,100346.0000
1764077683838948886,2025-11-25 19:04:43.836,1.055209,0.491606,106.522842,0.017594,0.012570,0.978494,0.376384,0.061806,9.873925,0.007060,-0.036232,0.054978,-0.398944,0.578836,-1.206603,100347.0000
1764077683938963237,2025-11-25 19:04:43.936,1.112151,0.689185,106.004677,0.025767,0.011279,0.979134,0.166243,-0.033543,9.618351,0.014067,-0.016630,0.121540,-0.396046,0.580292,-1.206186,100351.0000
1764077684038462237,2025-11-25 19:04:44.036,1.184034,0.641033,104.963287,0.028085,0.010479,0.982312,-0.552925,1.203508,9.890144,0.018609,0.022809,0.220253,-0.388282,0.591812,-1.205513,100347.0000
1764077684138671423,2025-11-25 19:04:44.136,1.221918,0.397797,103.448608,0.017156,0.013853,0.982109,0.525638,-1.655857,9.970759,0.002170,0.063979,0.290284,-0.372829,0.606170,-1.207886,100351.0000
1764077684238050182,2025-11-25 19:04:44.236,1.232753,0.068167,101.536934,-0.006321,0.012707,0.975457,-0.272745,1.928993,9.317313,0.015771,0.061554,0.393374,-0.351121,0.625273,-1.213313,100351.0000
1764077684339106293,2025-11-25 19:04:44.336,1.203533,-0.179142,99.376167,-0.017028,0.026709,0.977665,-1.187122,1.503182,9.825201,-0.024145,0.046083,0.368329,-0.328410,0.644014,-1.213451,100350.0000
1764077684438261737,2025-11-25 19:04:44.436,1.138578,-0.247351,97.178673,-0.028164,0.008596,0.980426,-0.516853,-0.990424,9.947780,-0.015991,-0.002881,0.388484,-0.304735,0.663705,-1.214100,100350.0000
1764077684539388089,2025-11-25 19:04:44.536,1.073018,-0.106474,95.035187,-0.019947,0.009997,0.980162,0.029701,0.336713,9.795742,-0.008069,-0.029804,0.370921,-0.284399,0.682517,-1.210352,100350.0000
1764077684638620015,2025-11-25 19:04:44.636,1.018736,0.187014,92.961502,-0.006530,0.009182,0.975271,0.043732,-0.077522,9.718298,-0.006473,-0.055837,0.353277,-0.264578,0.698410,-1.208960,100351.0000
1764077684738524478,2025-11-25 19:04:44.736,0.990918,0.477597,90.964943,0.018796,0.006377,0.979501,0.477162,-0.106751,9.979849,-0.001256,-0.026238,0.337186,-0.246186,0.714804,-1.206110,100347.0000
1764077684838887885,2025-11-25 19:04:44.836,1.006064,0.578388,89.137466,0.030023,0.009987,0.976505,0.407330,-0.288814,9.837202,0.008456,0.007590,0.303092,-0.228786,0.729700,-1.206111,100355.0000
1764077684939868681,2025-11-25 19:04:44.936,1.049211,0.490599,87.526909,0.028862,0.012821,0.977297,0.248151,0.116289,9.685946,0.012804,0.040825,0.260033,-0.207586,0.738830,-1.208489,100346.0000
1764077685038376922,2025-11-25 19:04:45.036,1.085726,0.240022,86.167381,0.015466,0.016688,0.979365,-0.282839,0.541564,9.600491,0.016036,0.062492,0.214509,-0.190736,0.748358,-1.213698,100348.0000
1764077685138507663,2025-11-25 19:04:45.136,1.103993,-0.054284,85.052628,0.002051,0.017401,0.981652,-0.116357,0.641337,9.893240,0.004265,0.046014,0.181065,-0.175775,0.755143,-1.212577,100346.0000
1764077685237978366,2025-11-25 19:04:45.236,1.112699,-0.265070,84.130341,-0.014515,0.012164,0.982850,-0.053208,-0.429346,9.808852,0.007762,0.021551,0.151555,-0.160837,0.761399,-1.213855,100351.0000
1764077685339025237,2025-11-25 19:04:45.336,1.116053,-0.232739,83.368813,-0.020286,0.016581,0.977283,-0.411787,0.138748,9.523424,0.000847,-0.024038,0.113739,-0.150263,0.765187,-1.217921,100350.0000
1764077685438517125,2025-11-25 19:04:45.436,1.103307,0.030723,82.808960,-0.012448,0.017641,0.974656,-0.431290,0.138393,9.537628,-0.008394,-0.066479,0.071282,-0.149700,0.770119,-1.210781,100347.0000
1764077685538619977,2025-11-25 19:04:45.536,1.087845,0.521461,82.399513,0.007670,0.012582,0.970703,0.524453,0.173482,9.994535,-0.003006,-0.095402,0.062951,-0.148718,0.774890,-1.211350,100340.0000
1764077685641279940,2025-11-25 19:04:45.636,1.104075,1.022501,82.059639,0.036170,0.009224,0.976046,0.543875,-0.101208,9.736025,0.011859,-0.057246,0.063347,-0.150611,0.774962,-1.207470,100350.0000
1764077685739133588,2025-11-25 19:04:45.736,1.156107,1.258088,81.770988,0.050158,0.014945,0.979610,0.144329,0.322625,9.588411,0.013343,-0.014533,0.050131,-0.147704,0.774559,-1.204618,100342.0000
1764077685839065218,2025-11-25 19:04:45.836,1.216879,1.141469,81.525192,0.056421,0.017338,0.983007,0.480036,0.126562,9.823127,0.010315,0.043600,0.041097,-0.144833,0.775944,-1.207570,100352.0000
1764077685939159459,2025-11-25 19:04:45.936,1.258138,0.727981,81.286751,0.046849,0.019186,0.986382,0.456745,0.209768,9.946642,0.004560,0.088260,0.044951,-0.139573,0.776353,-1.211988,100350.0000
1764077686038754273,2025-11-25 19:04:46.036,1.255976,0.221156,81.021774,0.022023,0.020637,0.982581,0.110469,0.262287,9.832276,0.001984,0.086431,0.044756,-0.128021,0.778773,-1.213158,100348.0000
1764077686138855866,2025-11-25 19:04:46.136,1.210343,-0.168855,80.745415,-0.003681,0.019880,0.978835,-0.205961,0.216038,9.748403,-0.007742,0.050681,0.042688,-0.121763,0.781637,-1.214739,100354.0000
1764077686238016551,2025-11-25 19:04:46.236,1.140952,-0.322881,80.474823,-0.016608,0.015422,0.975165,-0.255238,0.072098,9.758027,-0.003726,0.006558,0.041578,-0.117462,0.779694,-1.217181,100348.0000
1764077686338842551,2025-11-25 19:04:46.336,1.094619,-0.240613,80.224098,-0.017246,0.010889,0.973544,-0.200455,0.074163,9.699615,0.001883,-0.028825,0.047913,-0.116918,0.784575,-1.212447,100347.0000
1764077686438828199,2025-11-25 19:04:46.436,1.097145,0.013547,79.986839,-0.009357,0.010675,0.972528,-0.089264,0.086596,9.678160,0.008784,-0.053360,0.041790,-0.112128,0.784068,-1.214918,100346.0000
1764077686538713106,2025-11-25 19:04:46.536,1.148446,0.327305,79.753464,0.006042,0.012202,0.973698,0.128748,0.322357,9.663914,0.015849,-0.048482,0.045956,-0.113534,0.785577,-1.211067,100352.0000
1764077686641972106,2025-11-25 19:04:46.636,1.208690,0.576085,79.506058,0.019148,0.015592,0.977791,0.316683,0.316581,9.807137,0.011560,-0.036408,0.048271,-0.114006,0.786540,-1.210593,100346.0000
1764077686738703199,2025-11-25 19:04:46.736,1.244799,0.693959,79.244499,0.026799,0.018693,0.980922,0.339822,0.322360,9.839909,0.000695,-0.005071,0.048227,-0.113025,0.788008,-1.209186,100347.0000
1764077686840227439,2025-11-25 19:04:46.836,1.235384,0.663938,78.980919,0.027434,0.019954,0.983689,0.276366,0.257324,9.844876,-0.007892,0.020493,0.042418,-0.106786,0.787050,-1.210708,100355.0000
1764077686938819736,2025-11-25 19:04:46.936,1.188812,0.514261,78.726936,0.023040,0.017937,0.983103,0.186645,0.294345,9.845241,-0.006817,0.035172,0.037971,-0.105800,0.790419,-1.209810,100352.0000
1764077687038487476,2025-11-25 19:04:47.036,1.136204,0.304916,78.479012,0.014672,0.014571,0.981533,0.027831,-0.003244,9.821233,-0.010284,0.040149,0.039270,-0.099557,0.791829,-1.212332,100353.0000
1764077687138557532,2025-11-25 19:04:47.136,1.115682,0.116382,78.230759,0.005732,0.013187,0.978729,-0.021906,0.044590,9.766564,-0.000438,0.028184,0.040928,-0.096652,0.794718,-1.211937,100346.0000
1764077687238042958,2025-11-25 19:04:47.236,1.144873,0.019967,77.985176,-0.001090,0.012463,0.976061,-0.046643,0.059818,9.758235,0.004609,0.006407,0.038913,-0.088496,0.792336,-1.213465,100343.0000
1764077687339173995,2025-11-25 19:04:47.336,1.197034,0.055281,77.729866,-0.004014,0.013829,0.973943,0.023118,0.211513,9.766854,0.012316,-0.020208,0.050717,-0.089450,0.794709,-1.213969,100348.0000
1764077687439263421,2025-11-25 19:04:47.436,1.237893,0.235173,77.445580,0.001799,0.016818,0.974292,0.150718,0.197712,9.798521,0.005430,-0.035776,0.053163,-0.086564,0.793777,-1.213516,100354.0000
1764077687541796976,2025-11-25 19:04:47.536,1.239682,0.458070,77.135429,0.011438,0.018717,0.975991,0.095033,0.204387,9.765486,-0.000028,-0.030965,0.058306,-0.085089,0.798581,-1.212648,100348.0000
1764077687638732976,2025-11-25 19:04:47.636,1.197816,0.631122,76.815727,0.020181,0.018831,0.977882,0.131526,0.290021,9.754973,-0.005876,-0.023040,0.053052,-0.083631,0.800041,-1.211728,100346.0000
1764077687740664939,2025-11-25 19:04:47.736,1.146485,0.708838,76.515121,0.026221,0.016743,0.980539,0.312827,0.180997,9.838717,-0.003451,-0.006376,0.047133,-0.078812,0.801496,-1.211821,100347.0000
1764077687838855383,2025-11-25 19:04:47.836,1.123573,0.719894,76.231949,0.027076,0.013144,0.981362,0.239901,0.027733,9.833924,0.006479,0.000032,0.050757,-0.077371,0.801024,-1.211835,100349.0000
1764077687938766735,2025-11-25 19:04:47.936,1.145985,0.703532,75.937515,0.027488,0.012354,0.980424,0.205888,-0.038799,9.774615,0.013272,0.001022,0.054240,-0.069159,0.804446,-1.210082,100346.0000
1764077688038737957,2025-11-25 19:04:48.036,1.201011,0.726382,75.612877,0.027828,0.014981,0.979257,0.374200,0.154741,9.828866,0.017432,-0.007122,0.059928,-0.068697,0.804397,-1.212496,100346.0000
1764077688138646791,2025-11-25 19:04:48.136,1.240063,0.805751,75.295265,0.031194,0.018369,0.978339,0.432512,0.162821,9.744146,0.004667,-0.009804,0.055552,-0.063874,0.804449,-1.211123,100346.0000
1764077688237978402,2025-11-25 19:04:48.236,1.242360,0.882176,74.997139,0.035081,0.017979,0.976612,0.389935,0.109946,9.697124,-0.001847,-0.010162,0.055811,-0.061457,0.805903,-1.210699,100352.0000
1764077688338402568,2025-11-25 19:04:48.336,1.202529,1.006920,74.765755,0.037176,0.021179,0.975617,0.344205,0.229068,9.766965,-0.003984,-0.024569,0.039309,-0.060483,0.808296,-1.210750,100350.0000
1764077688438797864,2025-11-25 19:04:48.436,1.148771,1.140488,74.584984,0.043904,0.018511,0.976236,0.330220,0.311593,9.783448,-0.007649,-0.020382,0.024831,-0.060460,0.809770,-1.208846,100355.0000
1764077688539001346,2025-11-25 19:04:48.536,1.125331,1.168719,74.407944,0.048888,0.011644,0.978488,0.552901,-0.077461,9.817643,-0.004454,0.002630,0.025723,-0.056115,0.811243,-1.207970,100348.0000
1764077688638936494,2025-11-25 19:04:48.636,1.153303,1.032990,74.238297,0.048473,0.013161,0.980912,0.513509,0.174443,9.840305,0.010942,0.034478,0.022072,-0.052295,0.810711,-1.211389,100350.0000
1764077688738625198,2025-11-25 19:04:48.736,1.213404,0.758364,74.079422,0.037972,0.016757,0.981430,0.284065,0.143652,9.846992,0.010650,0.056371,0.025911,-0.049894,0.809766,-1.211410,100346.0000
1764077688839056586,2025-11-25 19:04:48.836,1.265637,0.442079,73.926468,0.021657,0.017647,0.979429,0.134001,0.078980,9.738522,0.007053,0.056212,0.027180,-0.044627,0.809251,-1.214369,100351.0000
1764077688938669105,2025-11-25 19:04:48.936,1.266831,0.205693,73.765205,0.007294,0.020842,0.977589,0.030612,0.219310,9.759128,-0.005137,0.031848,0.031071,-0.041262,0.810201,-1.215396,100345.0000
1764077689040450383,2025-11-25 19:04:49.036,1.223613,0.107081,73.599968,-0.000234,0.020514,0.976870,-0.062943,0.256603,9.744915,-0.007001,0.007400,0.031154,-0.038355,0.812623,-1.214513,100353.0000
1764077689138700105,2025-11-25 19:04:49.136,1.164142,0.148969,73.431160,-0.002857,0.017163,0.975624,-0.099559,0.253710,9.699704,-0.009616,-0.017533,0.027208,-0.035454,0.813144,-1.213119,100351.0000
1764077689238034938,2025-11-25 19:04:49.236,1.131378,0.300955,73.273468,0.001725,0.012472,0.976538,0.096017,0.079959,9.768009,-0.001186,-0.033511,0.025578,-0.035909,0.814626,-1.210727,100350.0000
1764077689338798160,2025-11-25 19:04:49.336,1.151682,0.485687,73.117905,0.011644,0.012808,0.977907,0.218652,0.172047,9.839758,0.009428,-0.030233,0.023680,-0.034484,0.813169,-1.212170,100349.0000
1764077689439208253,2025-11-25 19:04:49.436,1.201537,0.627063,72.965630,0.018890,0.014321,0.978244,0.188943,0.122268,9.742741,0.008846,-0.021031,0.024621,-0.034465,0.815578,-1.211244,100343.0000
1764077689539039419,2025-11-25 19:04:49.536,1.246838,0.689789,72.802567,0.023266,0.017262,0.979130,0.245525,0.112402,9.789541,0.007162,-0.001761,0.030528,-0.031588,0.815093,-1.212242,100354.0000
1764077689642285586,2025-11-25 19:04:49.636,1.256987,0.663583,72.607346,0.022996,0.019308,0.979481,0.255093,0.127746,9.786280,0.000542,0.009279,0.042371,-0.030616,0.817008,-1.212285,100349.0000
1764077689741529808,2025-11-25 19:04:49.736,1.228877,0.567380,72.385841,0.019281,0.019161,0.979683,0.194738,0.139371,9.808484,-0.000983,0.021504,0.042092,-0.024853,0.816535,-1.213326,100353.0000
1764077689839519364,2025-11-25 19:04:49.836,1.184309,0.459321,72.138405,0.012624,0.016751,0.978608,0.054113,0.246661,9.758343,-0.002302,0.014188,0.047418,-0.020975,0.819927,-1.211990,100352.0000
1764077689941257401,2025-11-25 19:04:49.936,1.159664,0.395649,71.872917,0.009834,0.015066,0.978200,0.047627,0.266604,9.761797,0.005015,0.000281,0.049956,-0.017596,0.819028,-1.210100,100352.0000
1764077690038994363,2025-11-25 19:04:50.036,1.175407,0.406859,71.576736,0.008738,0.014185,0.977842,0.123161,-0.061818,9.769300,0.006148,-0.009338,0.054677,-0.011824,0.821879,-1.212155,100344.0000
1764077690138626678,2025-11-25 19:04:50.136,1.222837,0.478176,71.249161,0.011755,0.014720,0.977595,0.142618,0.138949,9.838438,0.013920,-0.016066,0.054583,-0.010863,0.822351,-1.212658,100353.0000
1764077690237982604,2025-11-25 19:04:50.236,1.261010,0.559967,70.905022,0.015692,0.018730,0.977543,0.204164,0.128471,9.788189,0.004839,-0.008100,0.064124,-0.007502,0.820933,-1.212686,100347.0000
1764077690340545919,2025-11-25 19:04:50.336,1.262500,0.613281,70.555687,0.018253,0.021203,0.978630,0.180769,0.134512,9.782219,-0.002590,-0.001205,0.063308,-0.003160,0.823341,-1.212786,100348.0000
1764077690438756863,2025-11-25 19:04:50.436,1.221446,0.585911,70.207756,0.018746,0.020074,0.979433,0.134031,0.062779,9.777639,-0.007805,0.016762,0.064141,0.002135,0.822897,-1.212375,100349.0000
1764077690538877252,2025-11-25 19:04:50.536,1.165935,0.482798,69.874619,0.014950,0.018330,0.980068,0.041333,0.263511,9.749887,-0.005832,0.023429,0.054642,0.006967,0.826273,-1.212017,100346.0000
1764077690638889808,2025-11-25 19:04:50.636,1.122732,0.335158,69.577187,0.009076,0.015559,0.979178,0.044632,0.261459,9.789255,-0.003580,0.026587,0.050228,0.011767,0.827209,-1.214028,100352.0000
1764077690738537770,2025-11-25 19:04:50.736,1.117832,0.214485,69.315521,0.001911,0.013386,0.978354,0.055796,0.100693,9.742286,0.004140,0.013932,0.040065,0.016093,0.826273,-1.214078,100351.0000
1764077690845385567,2025-11-25 19:04:50.841,1.155569,0.139341,69.093529,-0.002188,0.013645,0.978603,0.098491,0.262739,9.846509,0.015179,0.012848,0.031769,0.018032,0.826790,-1.212669,100346.0000
1764077690939205937,2025-11-25 19:04:50.936,1.203132,0.125037,68.904610,-0.004795,0.016086,0.977866,-0.105801,0.099357,9.783337,0.012328,0.003484,0.029681,0.020438,0.829158,-1.214185,100346.0000
1764077691038961807,2025-11-25 19:04:51.036,1.236693,0.150149,68.736671,-0.005114,0.018536,0.977643,-0.070685,0.095942,9.736116,0.002623,-0.004023,0.028658,0.023794,0.830556,-1.216664,100342.0000
1764077691139054011,2025-11-25 19:04:51.136,1.236972,0.200989,68.580124,-0.002130,0.018423,0.977565,0.082169,0.039584,9.873694,0.000920,-0.007206,0.030929,0.025713,0.828664,-1.216182,100342.0000
1764077691237958122,2025-11-25 19:04:51.236,1.206897,0.238627,68.448547,-0.000635,0.019631,0.977942,-0.113553,0.312630,9.780764,-0.002102,-0.005318,0.023990,0.026223,0.829215,-1.212826,100346.0000
1764077691338567529,2025-11-25 19:04:51.336,1.161191,0.239037,68.369713,-0.000428,0.018365,0.978297,-0.152762,0.364089,9.752058,-0.009862,0.001321,0.008215,0.028621,0.829205,-1.213825,100349.0000
1764077691438887252,2025-11-25 19:04:51.436,1.129870,0.219048,68.355530,-0.002009,0.013410,0.979432,0.069153,0.056150,9.840083,-0.006006,-0.000300,-0.005409,0.028625,0.829215,-1.213344,100344.0000
1764077691538697400,2025-11-25 19:04:51.536,1.128680,0.218614,68.372841,-0.000992,0.012133,0.979652,0.218486,0.100675,9.891905,0.007023,0.003316,-0.004926,0.027674,0.830654,-1.212870,100344.0000
1764077691639090233,2025-11-25 19:04:51.637,1.165327,0.237496,68.412460,-0.001723,0.013133,0.979429,-0.090573,0.104021,9.770174,0.012323,-0.001778,-0.008583,0.025727,0.831530,-1.216226,100344.0000
1764077691739060511,2025-11-25 19:04:51.736,1.195867,0.270091,68.462151,-0.001442,0.015549,0.977875,-0.184333,0.257770,9.708399,0.011209,-0.009120,-0.009014,0.024749,0.827714,-1.215671,100351.0000
1764077691838643381,2025-11-25 19:04:51.836,1.203929,0.301817,68.522491,0.002010,0.017382,0.977830,0.025047,0.078144,9.780292,0.001129,-0.007357,-0.006662,0.027168,0.828701,-1.214759,100357.0000
1764077691938846659,2025-11-25 19:04:51.936,1.191757,0.320763,68.599960,0.003572,0.017620,0.978328,0.051880,0.327665,9.794565,-0.002499,-0.000330,-0.015290,0.024297,0.829674,-1.213287,100346.0000
1764077692038676307,2025-11-25 19:04:52.036,1.175418,0.344063,68.692230,0.004275,0.015449,0.977539,0.102628,0.218919,9.770688,-0.004810,-0.001523,-0.016343,0.022835,0.826791,-1.213703,100346.0000
1764077692138360788,2025-11-25 19:04:52.136,1.169600,0.369493,68.792374,0.005327,0.015034,0.978644,0.104276,0.249878,9.814102,-0.000762,-0.004362,-0.018911,0.022826,0.827238,-1.215154,100350.0000
1764077692238265066,2025-11-25 19:04:52.236,1.178852,0.387237,68.898575,0.006451,0.014193,0.978876,0.126018,0.166881,9.829122,-0.000745,0.000685,-0.023447,0.019470,0.829611,-1.215141,100346.0000
1764077692338953492,2025-11-25 19:04:52.336,1.195282,0.393748,68.999413,0.006574,0.014408,0.979009,0.059097,0.164943,9.810811,0.002283,-0.001901,-0.017831,0.020424,0.828650,-1.215622,100347.0000
1764077692438921695,2025-11-25 19:04:52.436,1.205977,0.401991,69.090424,0.006831,0.015984,0.978903,0.016377,0.131137,9.772326,0.003440,0.000022,-0.013387,0.018040,0.829168,-1.213187,100349.0000
1764077692538912381,2025-11-25 19:04:52.536,1.199838,0.414986,69.177048,0.007501,0.016543,0.978003,0.105228,0.064987,9.791323,0.002854,-0.002964,-0.015017,0.013221,0.827713,-1.213094,100346.0000
1764077692644236584,2025-11-25 19:04:52.642,1.176530,0.419882,69.260834,0.008623,0.015739,0.978729,0.108365,0.083111,9.782622,-0.000866,-0.002427,-0.011747,0.015625,0.828191,-1.213618,100345.0000
1764077692738540714,2025-11-25 19:04:52.736,1.152365,0.414294,69.343781,0.009288,0.014804,0.978449,0.090044,0.150124,9.776366,-0.002409,0.001676,-0.011009,0.011315,0.829168,-1.211644,100352.0000
1764077692841099380,2025-11-25 19:04:52.836,1.141975,0.395212,69.417404,0.008915,0.014802,0.979092,0.109599,0.220214,9.786394,-0.001142,0.005941,-0.012570,0.010812,0.826279,-1.212555,100347.0000
1764077692943377584,2025-11-25 19:04:52.936,1.150877,0.378983,69.483742,0.007013,0.013672,0.979060,0.069414,0.195861,9.807918,0.005691,0.000754,-0.012284,0.009844,0.826733,-1.213511,100353.0000
1764077693039049362,2025-11-25 19:04:53.036,1.177088,0.370301,69.541641,0.005546,0.014086,0.978242,0.044949,0.184477,9.788548,0.007746,-0.002444,-0.010830,0.010822,0.828190,-1.212584,100353.0000
1764077693138950788,2025-11-25 19:04:53.136,1.199026,0.364156,69.592834,0.005490,0.015475,0.978114,0.058237,0.145855,9.789399,0.007509,-0.001863,-0.009873,0.011756,0.824820,-1.213992,100340.0000
1764077693237962676,2025-11-25 19:04:53.236,1.201684,0.369807,69.638985,0.005887,0.016432,0.977022,0.056480,0.078088,9.779343,-0.004995,-0.001781,-0.009111,0.010326,0.827680,-1.214014,100345.0000
1764077693339025010,2025-11-25 19:04:53.336,1.186585,0.381777,69.685669,0.006332,0.016895,0.977870,0.059406,0.152613,9.759035,-0.005638,0.000092,-0.007689,0.009844,0.825788,-1.213015,100350.0000
1764077693438634232,2025-11-25 19:04:53.436,1.168415,0.386546,69.722008,0.007334,0.015046,0.978769,0.172746,0.205108,9.833837,-0.004351,0.001485,-0.002998,0.007438,0.826722,-1.213475,100356.0000
1764077693538966139,2025-11-25 19:04:53.536,1.146140,0.383719,69.758018,0.007616,0.014619,0.979367,0.052550,0.215889,9.800014,0.005856,0.002335,0.001655,0.008393,0.824348,-1.212972,100355.0000
1764077693639676361,2025-11-25 19:04:53.636,1.149261,0.377930,69.790947,0.007516,0.013466,0.979301,0.070732,0.205951,9.786775,0.008149,-0.000556,-0.004279,0.007440,0.823897,-1.211506,100356.0000
1764077693738359417,2025-11-25 19:04:53.736,1.168007,0.370034,69.821182,0.006370,0.013925,0.978058,0.023925,0.250693,9.782709,0.002454,-0.001915,-0.009204,0.006968,0.827218,-1.212513,100342.0000
1764077693839174454,2025-11-25 19:04:53.836,1.191455,0.367666,69.848961,0.005817,0.014942,0.978004,0.046760,0.147854,9.790263,0.000579,-0.002548,-0.007029,0.007431,0.825289,-1.213453,100353.0000
1764077693938597324,2025-11-25 19:04:53.936,1.204648,0.372156,69.878014,0.005377,0.016736,0.978104,0.071243,0.110585,9.792043,0.000080,-0.004569,-0.007081,0.005026,0.826223,-1.213914,100356.0000
1764077694038807324,2025-11-25 19:04:54.036,1.198230,0.381366,69.902519,0.006322,0.017251,0.978756,0.100311,0.096664,9.812160,-0.003702,-0.003416,-0.004733,0.007893,0.825240,-1.215867,100346.0000
1764077694138652268,2025-11-25 19:04:54.136,1.176273,0.387119,69.917801,0.007031,0.016346,0.979162,0.085129,0.101182,9.785693,-0.006220,-0.000180,-0.000066,0.005018,0.825258,-1.214380,100350.0000
1764077694238022824,2025-11-25 19:04:54.236,1.151018,0.385638,69.923149,0.006924,0.014931,0.978793,0.062139,0.165819,9.764293,-0.002489,0.003823,0.001597,0.005988,0.822925,-1.211951,100348.0000
1764077694338778657,2025-11-25 19:04:54.336,1.144074,0.380652,69.925278,0.006841,0.013524,0.978679,0.047163,0.182942,9.767200,0.003196,0.000608,-0.001195,0.006981,0.826781,-1.210580,100349.0000
1764077694441578398,2025-11-25 19:04:54.438,1.157348,0.370861,69.931900,0.005746,0.013386,0.978597,-0.003225,0.212161,9.785457,0.006744,0.004520,-0.000944,0.005520,0.828614,-1.213958,100343.0000
1764077694540543879,2025-11-25 19:04:54.536,1.185791,0.369179,69.941360,0.005212,0.014840,0.978364,0.056922,0.178075,9.797620,0.000980,-0.001677,-0.003356,0.005503,0.822912,-1.212425,100348.0000
1764077694640121694,2025-11-25 19:04:54.636,1.207298,0.377643,69.944046,0.004972,0.016309,0.978504,0.057246,0.046708,9.796549,0.001928,-0.003070,-0.001729,0.004060,0.826209,-1.214381,100348.0000
1764077694740533564,2025-11-25 19:04:54.736,1.202865,0.394396,69.931717,0.005670,0.017556,0.978399,0.103179,0.120225,9.811765,-0.005267,-0.002563,0.002183,0.005042,0.826264,-1.211988,100350.0000
1764077694838904490,2025-11-25 19:04:54.836,1.179304,0.409177,69.909027,0.006615,0.016753,0.978430,0.113814,0.047737,9.802610,-0.003889,-0.001456,0.010325,0.007434,0.825767,-1.213461,100345.0000
1764077694939012546,2025-11-25 19:04:54.936,1.158769,0.422456,69.886909,0.007441,0.014762,0.978171,0.017463,0.071922,9.796405,-0.003660,0.004428,0.003540,0.005489,0.824762,-1.215343,100347.0000
1764077695038802286,2025-11-25 19:04:55.036,1.153192,0.424564,69.868927,0.007899,0.013930,0.978358,0.075385,0.221403,9.786970,0.002065,0.001359,0.003561,0.006959,0.826252,-1.212980,100348.0000
1764077695138731101,2025-11-25 19:04:55.136,1.159972,0.399017,69.846252,0.007450,0.014370,0.979039,0.133947,0.298552,9.818098,0.006029,0.009812,0.004090,0.006940,0.824789,-1.214402,100349.0000
1764077695238065434,2025-11-25 19:04:55.236,1.179757,0.353099,69.809990,0.005203,0.014405,0.979201,0.078736,0.226722,9.812583,0.005899,0.004483,0.008838,0.007429,0.824811,-1.213446,100350.0000
1764077695338494379,2025-11-25 19:04:55.336,1.197839,0.313118,69.752106,0.002843,0.015569,0.978975,0.073355,0.215300,9.826210,0.003640,0.006365,0.011250,0.006953,0.825764,-1.213454,100354.0000
1764077695440583749,2025-11-25 19:04:55.436,1.199960,0.299117,69.678581,0.001186,0.016433,0.978188,0.025801,0.066995,9.770899,0.007490,-0.002689,0.013789,0.008375,0.823830,-1.214890,100352.0000
1764077695539034786,2025-11-25 19:04:55.536,1.194317,0.319776,69.591187,0.001663,0.015924,0.977600,0.040238,0.050489,9.771474,0.000079,-0.005224,0.020161,0.012214,0.824761,-1.216887,100346.0000
1764077695642065397,2025-11-25 19:04:55.636,1.178340,0.366011,69.496086,0.002607,0.015961,0.977110,0.044938,0.128509,9.783160,-0.003815,-0.007647,0.022058,0.010790,0.825751,-1.214955,100351.0000
1764077695738884601,2025-11-25 19:04:55.736,1.162672,0.418749,69.395432,0.004753,0.015830,0.978001,0.039173,0.149405,9.743668,-0.003880,-0.009614,0.021296,0.013219,0.827236,-1.213086,100345.0000
1764077695838599934,2025-11-25 19:04:55.836,1.159658,0.463617,69.299202,0.007202,0.015233,0.979155,0.118647,0.256105,9.796341,-0.002377,-0.004880,0.015839,0.013701,0.825825,-1.212109,100351.0000
1764077695938955286,2025-11-25 19:04:55.936,1.165435,0.482784,69.197388,0.007899,0.015409,0.979408,0.101586,0.255362,9.786503,0.003640,-0.004010,0.015631,0.014653,0.827689,-1.214559,100342.0000
1764077696039049767,2025-11-25 19:04:56.036,1.169525,0.490562,69.096199,0.008072,0.015590,0.979653,0.080833,0.191008,9.800252,0.005579,-0.003477,0.016977,0.015621,0.828181,-1.214100,100348.0000
1764077696138555267,2025-11-25 19:04:56.136,1.173490,0.501198,68.992828,0.008929,0.015916,0.978853,0.128296,0.108069,9.813062,0.005666,-0.001111,0.018485,0.017067,0.828665,-1.214128,100346.0000
1764077696238005693,2025-11-25 19:04:56.236,1.174010,0.500413,68.890938,0.009719,0.015819,0.978517,0.078903,0.068371,9.798074,0.002814,0.003326,0.016585,0.018518,0.827747,-1.212690,100348.0000
1764077696338830749,2025-11-25 19:04:56.336,1.170038,0.481785,68.797569,0.009633,0.015484,0.978159,0.076946,0.105671,9.759492,-0.001242,0.005559,0.018371,0.019493,0.828727,-1.211757,100346.0000
1764077696439825619,2025-11-25 19:04:56.436,1.166708,0.449661,68.713715,0.008375,0.015367,0.978243,0.044435,0.162796,9.760691,0.000504,0.008008,0.015750,0.020910,0.828195,-1.214659,100350.0000
1764077696538999971,2025-11-25 19:04:56.536,1.167781,0.423838,68.637054,0.006669,0.015893,0.978190,0.060100,0.218930,9.756556,-0.003304,0.004577,0.011208,0.022844,0.829169,-1.214221,100346.0000
1764077696638741619,2025-11-25 19:04:56.636,1.172036,0.415913,68.565254,0.005949,0.015966,0.978066,0.050689,0.247758,9.781150,-0.003621,-0.002687,0.012401,0.020920,0.828693,-1.213704,100346.0000
1764077696738555859,2025-11-25 19:04:56.736,1.173954,0.428665,68.498878,0.006091,0.015672,0.978145,0.086744,0.215160,9.789118,-0.001778,-0.004069,0.009202,0.022375,0.828730,-1.212281,100349.0000
1764077696838562341,2025-11-25 19:04:56.836,1.173871,0.447235,68.433495,0.007320,0.015814,0.978207,0.097280,0.145278,9.817653,0.004730,-0.005737,0.008642,0.023358,0.831143,-1.211369,100353.0000
1764077696938683563,2025-11-25 19:04:56.936,1.164195,0.471784,68.375015,0.007641,0.015754,0.978640,0.108482,0.096527,9.791800,0.001119,-0.002360,0.006788,0.024292,0.830131,-1.214257,100342.0000
1764077697038810989,2025-11-25 19:04:57.036,1.153765,0.485339,68.317810,0.007949,0.015623,0.978848,0.075581,0.086037,9.777320,0.002459,-0.002490,0.009766,0.024317,0.830670,-1.211376,100344.0000
1764077697138472952,2025-11-25 19:04:57.136,1.141931,0.494115,68.264740,0.008660,0.015856,0.978858,0.061249,0.115698,9.770706,-0.000816,-0.000450,0.014130,0.026243,0.831624,-1.211901,100347.0000
1764077697238161267,2025-11-25 19:04:57.236,1.134957,0.489008,68.210014,0.009150,0.015253,0.978381,0.075299,0.187297,9.776288,0.005282,-0.003381,0.009932,0.026205,0.828697,-1.214745,100344.0000
1764077697338894896,2025-11-25 19:04:57.336,1.131652,0.475164,68.157936,0.008938,0.015054,0.978395,0.074312,0.212660,9.776505,0.004521,0.003812,0.009321,0.027677,0.829719,-1.211892,100348.0000
1764077697438630952,2025-11-25 19:04:57.436,1.139367,0.458655,68.112312,0.007966,0.014587,0.978762,0.103858,0.222922,9.797516,0.005623,0.000823,0.006266,0.027668,0.830167,-1.213344,100346.0000
1764077697538713692,2025-11-25 19:04:57.536,1.156870,0.446462,68.072517,0.006279,0.014669,0.978904,0.065845,0.179955,9.803802,0.003259,0.005198,0.004086,0.027166,0.829168,-1.215248,100342.0000
1764077697638841044,2025-11-25 19:04:57.636,1.172220,0.446222,68.032509,0.005883,0.015876,0.978007,0.069595,0.111469,9.782145,0.000688,-0.001128,0.002328,0.030081,0.832556,-1.213897,100350.0000
1764077697739081933,2025-11-25 19:04:57.736,1.178638,0.460869,67.990295,0.006545,0.016729,0.977662,0.053863,0.103430,9.772947,-0.003621,-0.000109,0.003886,0.031516,0.831597,-1.214386,100346.0000
1764077697838767266,2025-11-25 19:04:57.836,1.170055,0.476686,67.949600,0.008027,0.016873,0.977493,0.054690,0.109932,9.756545,-0.001622,-0.001526,0.008270,0.031011,0.828230,-1.215290,100348.0000
1764077697938738877,2025-11-25 19:04:57.936,1.152720,0.483304,67.909210,0.009243,0.015936,0.978356,0.096261,0.175203,9.782287,0.000069,-0.003352,0.011574,0.030560,0.832080,-1.213897,100348.0000
1764077698038478470,2025-11-25 19:04:58.036,1.139462,0.473983,67.875801,0.009348,0.014873,0.978851,0.096722,0.225954,9.776956,0.001630,0.002861,0.009333,0.031992,0.829698,-1.213882,100348.0000
1764077698138545618,2025-11-25 19:04:58.136,1.143170,0.456360,67.842918,0.008151,0.014558,0.979373,0.087363,0.214195,9.811184,0.003228,0.001801,0.004310,0.031494,0.830123,-1.216289,100345.0000
1764077698238046636,2025-11-25 19:04:58.236,1.150953,0.447499,67.810547,0.007039,0.015517,0.979386,0.084843,0.188193,9.819896,0.008589,0.003381,0.008471,0.031045,0.832092,-1.213423,100348.0000
1764077698339119673,2025-11-25 19:04:58.336,1.155756,0.449546,67.781204,0.006248,0.016023,0.978627,0.068564,0.113232,9.789584,-0.001228,0.000147,0.004446,0.031515,0.830651,-1.213889,100342.0000
1764077698438496062,2025-11-25 19:04:58.436,1.155183,0.463994,67.752510,0.006674,0.015825,0.978344,0.040619,0.063542,9.775181,0.005288,-0.001853,0.003674,0.033927,0.831150,-1.213451,100348.0000
1764077698538564099,2025-11-25 19:04:58.536,1.144156,0.480537,67.723389,0.007760,0.015318,0.977925,0.068377,0.070254,9.777839,0.000144,-0.000446,0.008154,0.031993,0.829231,-1.213393,100349.0000
1764077698638834488,2025-11-25 19:04:58.636,1.137825,0.491283,67.691505,0.008328,0.015059,0.978268,0.059493,0.154900,9.760363,0.001750,-0.001474,0.008003,0.032971,0.831634,-1.212963,100345.0000
1764077698738696858,2025-11-25 19:04:58.736,1.141030,0.494558,67.660728,0.008614,0.014691,0.978378,0.101566,0.214737,9.763467,0.000605,0.000472,0.007019,0.032489,0.833044,-1.213940,100346.0000
1764077698838865543,2025-11-25 19:04:58.836,1.150094,0.485985,67.637283,0.008893,0.015397,0.978692,0.100762,0.229412,9.790331,-0.002477,-0.000410,0.002666,0.033443,0.829725,-1.212941,100354.0000
1764077698938906766,2025-11-25 19:04:58.936,1.162911,0.477647,67.621696,0.007736,0.015822,0.978833,0.095287,0.195009,9.800293,0.005205,0.001793,0.000234,0.032468,0.830158,-1.214859,100349.0000
1764077699038767006,2025-11-25 19:04:59.036,1.169641,0.469248,67.602211,0.007046,0.016308,0.978700,0.048508,0.136019,9.801873,0.002052,0.000687,0.001631,0.032485,0.829731,-1.212445,100340.0000
1764077699138503451,2025-11-25 19:04:59.136,1.164096,0.466237,67.577667,0.007124,0.015910,0.978621,0.057001,0.061218,9.794489,0.002542,-0.001514,0.007060,0.035844,0.831138,-1.214442,100351.0000
1764077699238177747,2025-11-25 19:04:59.236,1.155164,0.466550,67.547333,0.007295,0.015810,0.978303,0.052693,0.101817,9.761421,0.002849,0.001535,0.010375,0.036326,0.831140,-1.214449,100346.0000
1764077699338929247,2025-11-25 19:04:59.336,1.144897,0.466471,67.519806,0.007820,0.015698,0.978355,0.071401,0.160049,9.770287,0.002193,-0.000195,0.009517,0.034413,0.831162,-1.212977,100344.0000
1764077699439448043,2025-11-25 19:04:59.436,1.137199,0.466356,67.503036,0.007938,0.015595,0.978315,0.078881,0.230029,9.786620,-0.001750,0.000861,0.006252,0.032482,0.831611,-1.213918,100342.0000
1764077699538841710,2025-11-25 19:04:59.536,1.134661,0.468685,67.491524,0.007633,0.015734,0.978765,0.075501,0.222080,9.791080,-0.001819,0.000937,0.002355,0.034881,0.832547,-1.215413,100345.0000
1764077699638939598,2025-11-25 19:04:59.636,1.140489,0.472785,67.478302,0.006894,0.014916,0.978593,0.064905,0.193037,9.799149,0.001731,-0.003595,0.001032,0.034874,0.831114,-1.215391,100342.0000
1764077699738685506,2025-11-25 19:04:59.736,1.148607,0.483885,67.459564,0.006676,0.014933,0.978620,0.059481,0.125013,9.800706,0.001841,-0.001366,0.001822,0.034886,0.833502,-1.215428,100350.0000
1764077699838908543,2025-11-25 19:04:59.836,1.155364,0.498562,67.436417,0.007684,0.015030,0.978482,0.068108,0.061334,9.782858,0.005664,-0.001833,0.004186,0.034416,0.832585,-1.213480,100342.0000
1764077699938883802,2025-11-25 19:04:59.936,1.153865,0.506541,67.413445,0.008695,0.015982,0.978446,0.073748,0.092223,9.770719,0.002767,-0.003754,0.002690,0.035841,0.832073,-1.215420,100342.0000
1764077700038836580,2025-11-25 19:05:00.036,1.145996,0.501561,67.393791,0.008946,0.015469,0.978400,0.083024,0.153025,9.764729,-0.000365,0.001903,0.005190,0.034385,0.831091,-1.216346,100348.0000
1764077700141309172,2025-11-25 19:05:00.137,1.140971,0.485712,67.375748,0.008659,0.015348,0.978365,0.068514,0.209521,9.767981,-0.000975,0.004036,0.004828,0.038252,0.831627,-1.214485,100350.0000
1764077700238270450,2025-11-25 19:05:00.236,1.146222,0.467329,67.363342,0.007566,0.014901,0.978887,0.093891,0.234579,9.787342,-0.000763,0.004952,-0.000384,0.036311,0.829687,-1.215390,100343.0000
1764077700338624524,2025-11-25 19:05:00.336,1.153408,0.461027,67.354095,0.006446,0.015416,0.978915,0.087225,0.193364,9.802360,0.001142,0.001648,-0.000041,0.036350,0.833092,-1.212553,100348.0000
1764077700438891765,2025-11-25 19:05:00.436,1.165796,0.465877,67.342056,0.006399,0.016037,0.978795,0.092685,0.132122,9.799678,0.003076,-0.003841,-0.000464,0.036326,0.831140,-1.214449,100349.0000
1764077700538798616,2025-11-25 19:05:00.536,1.166403,0.476330,67.324303,0.007041,0.016543,0.978415,0.094954,0.080359,9.803235,0.003942,-0.001515,0.003404,0.036327,0.833031,-1.215441,100344.0000
1764077700638775042,2025-11-25 19:05:00.636,1.155439,0.488359,67.305519,0.008080,0.016360,0.977880,0.078711,0.095851,9.785480,0.003283,-0.000922,0.004827,0.038245,0.830194,-1.214463,100354.0000
1764077700738901283,2025-11-25 19:05:00.736,1.135160,0.490023,67.292282,0.008554,0.015621,0.977989,0.072933,0.151612,9.773103,-0.005367,0.002029,0.004977,0.036305,0.832502,-1.217841,100346.0000
1764077700839093950,2025-11-25 19:05:00.836,1.124692,0.485956,67.286751,0.008303,0.014618,0.978316,0.082293,0.201419,9.771684,-0.004506,-0.003249,0.004250,0.035865,0.833080,-1.213027,100352.0000
1764077700939072524,2025-11-25 19:05:00.936,1.125385,0.481065,67.278229,0.007810,0.014246,0.978584,0.082611,0.220331,9.777910,0.005627,-0.000446,0.004564,0.035855,0.832581,-1.213983,100348.0000
1764077701038487875,2025-11-25 19:05:01.036,1.135839,0.480168,67.267075,0.007122,0.014726,0.978623,0.082129,0.199658,9.802686,0.007518,-0.002480,0.002995,0.037769,0.831147,-1.214471,100346.0000
1764077701138514505,2025-11-25 19:05:01.136,1.152724,0.488861,67.251266,0.006910,0.015068,0.978703,0.076503,0.160872,9.797067,0.008174,-0.002749,0.002843,0.037297,0.833055,-1.214493,100350.0000
1764077701238265746,2025-11-25 19:05:01.236,1.165435,0.499994,67.240341,0.007960,0.016042,0.978709,0.096926,0.106000,9.799541,0.005907,0.000232,0.004117,0.036817,0.831641,-1.213501,100347.0000
1764077701338991838,2025-11-25 19:05:01.336,1.164211,0.499417,67.233437,0.008690,0.016280,0.978989,0.075554,0.068881,9.782352,-0.003102,0.001815,0.003730,0.038764,0.833123,-1.211626,100348.0000
1764077701439030412,2025-11-25 19:05:01.436,1.153282,0.491794,67.222595,0.008494,0.016661,0.978828,0.072565,0.151415,9.779879,-0.005828,0.001564,0.003342,0.037755,0.830638,-1.215907,100347.0000
1764077701539290783,2025-11-25 19:05:01.536,1.131933,0.480824,67.213753,0.008058,0.015957,0.978799,0.043796,0.190646,9.778012,-0.005028,0.001547,0.007368,0.038258,0.831169,-1.213515,100347.0000
1764077701638362708,2025-11-25 19:05:01.636,1.120540,0.471907,67.207214,0.007012,0.015064,0.978350,0.057574,0.215882,9.777085,-0.000017,-0.001279,0.000714,0.037766,0.832082,-1.215448,100346.0000
1764077701739202282,2025-11-25 19:05:01.736,1.117225,0.472497,67.204140,0.006555,0.014717,0.977630,0.073511,0.215794,9.788442,0.005195,-0.000237,0.001606,0.036365,0.834545,-1.211612,100344.0000
1764077701839026356,2025-11-25 19:05:01.836,1.123356,0.483806,67.202820,0.006559,0.014137,0.977329,0.109844,0.165514,9.786559,0.008961,-0.004821,-0.001041,0.039223,0.832596,-1.214033,100341.0000
1764077701938133764,2025-11-25 19:05:01.936,1.130677,0.499617,67.200241,0.007631,0.014628,0.978089,0.096360,0.099885,9.809708,0.001817,-0.005295,-0.002189,0.036817,0.831641,-1.213501,100349.0000
1764077702038501634,2025-11-25 19:05:02.036,1.144773,0.507617,67.189568,0.008708,0.015428,0.978835,0.082338,0.089220,9.799131,-0.000162,-0.000847,0.001183,0.036315,0.830642,-1.215405,100346.0000
1764077702138504467,2025-11-25 19:05:02.136,1.153891,0.502970,67.177559,0.008611,0.015812,0.979292,0.081422,0.096602,9.794243,-0.003317,0.004136,0.006313,0.039234,0.833095,-1.213077,100342.0000
1764077702238081449,2025-11-25 19:05:02.236,1.154542,0.492139,67.170036,0.008592,0.016611,0.979435,0.062997,0.161449,9.788304,0.001749,0.005665,0.003062,0.038737,0.830694,-1.213515,100344.0000
1764077702339137986,2025-11-25 19:05:02.336,1.144436,0.480545,67.170868,0.007877,0.016907,0.979134,0.067158,0.228591,9.775006,0.001089,0.002891,-0.000708,0.039226,0.833074,-1.214040,100348.0000
1764077702438430893,2025-11-25 19:05:02.436,1.129313,0.472883,67.176956,0.006938,0.016473,0.978237,0.097227,0.245388,9.773602,0.000951,-0.002965,-0.000834,0.036339,0.831649,-1.213012,100347.0000
1764077702538942282,2025-11-25 19:05:02.536,1.117195,0.474097,67.178406,0.006637,0.015225,0.978059,0.071539,0.200514,9.797743,0.004650,-0.002712,-0.001482,0.036806,0.830197,-1.213960,100342.0000
1764077702638603041,2025-11-25 19:05:02.636,1.113038,0.481978,67.177658,0.006714,0.014071,0.978098,0.091876,0.120425,9.811610,0.002981,-0.000592,-0.002425,0.037788,0.833556,-1.213545,100345.0000
1764077702738812930,2025-11-25 19:05:02.736,1.117325,0.494232,67.174652,0.007750,0.013431,0.978393,0.092568,0.084564,9.801809,0.002722,-0.000315,-0.001412,0.038257,0.832582,-1.214500,100346.0000
1764077702838554523,2025-11-25 19:05:02.836,1.126011,0.501223,67.173683,0.008305,0.014440,0.978537,0.071657,0.062422,9.785536,0.000551,0.000890,0.002146,0.037290,0.831622,-1.214471,100346.0000
1764077702939152411,2025-11-25 19:05:02.936,1.139795,0.498018,67.172142,0.008526,0.015498,0.978662,0.059654,0.109687,9.779012,0.004138,0.002157,0.003046,0.038262,0.832125,-1.213530,100344.0000
1764077703038548615,2025-11-25 19:05:03.036,1.152506,0.486210,67.177101,0.008162,0.016353,0.978272,0.060077,0.181896,9.766481,0.005086,0.003009,0.000264,0.037299,0.832588,-1.214004,100344.0000
1764077703138280856,2025-11-25 19:05:03.136,1.158727,0.477508,67.186409,0.007756,0.016730,0.978142,0.058708,0.218719,9.773179,0.008868,-0.001331,0.001100,0.038268,0.831668,-1.212560,100346.0000
1764077703238174337,2025-11-25 19:05:03.236,1.155329,0.476412,67.196930,0.006745,0.016483,0.978542,0.084660,0.232962,9.784537,0.000336,-0.004252,-0.000322,0.038744,0.832127,-1.213537,100348.0000
1764077703338489504,2025-11-25 19:05:03.336,1.147376,0.485950,67.204758,0.006657,0.016446,0.979042,0.092843,0.177195,9.802735,0.000787,-0.004898,-0.002299,0.036830,0.831204,-1.211568,100346.0000
1764077703445306930,2025-11-25 19:05:03.439,1.142642,0.498067,67.205330,0.007117,0.015361,0.979284,0.093989,0.144649,9.789302,0.004320,-0.001214,0.001759,0.037789,0.834501,-1.214041,100350.0000
1764077703539037670,2025-11-25 19:05:03.536,1.132191,0.503742,67.205101,0.008648,0.015122,0.978946,0.099021,0.070440,9.807000,-0.002808,0.000298,-0.002237,0.036807,0.832088,-1.214952,100344.0000
1764077703639075355,2025-11-25 19:05:03.636,1.124217,0.501305,67.211792,0.008669,0.014674,0.978260,0.067331,0.072941,9.771592,0.001342,0.003070,-0.001395,0.036339,0.831649,-1.213012,100347.0000
1764077703739095837,2025-11-25 19:05:03.736,1.126455,0.488766,67.226089,0.008080,0.014816,0.977759,0.062973,0.106718,9.759636,0.003169,-0.001449,-0.001398,0.037315,0.833574,-1.212575,100348.0000
1764077703838809318,2025-11-25 19:05:03.836,1.132837,0.479231,67.245384,0.007506,0.014468,0.977373,0.024698,0.003444,9.721416,0.010161,0.000887,-0.001463,0.036331,0.831628,-1.213975,100348.0000
1764077703938428522,2025-11-25 19:05:03.936,1.148847,0.472742,67.254417,0.006761,0.014998,0.978327,0.111918,0.134875,9.735326,0.010598,-0.000169,0.001708,0.038743,0.833539,-1.214522,100350.0000
1764077704038631522,2025-11-25 19:05:04.036,1.166109,0.476324,67.260963,0.006855,0.015902,0.978931,0.099621,0.281564,9.800863,0.000948,-0.001954,-0.000228,0.036795,0.829699,-1.214916,100346.0000
1764077704138478892,2025-11-25 19:05:04.136,1.177888,0.482721,67.270851,0.007378,0.016456,0.979386,0.101251,0.214475,9.802706,0.000972,0.000287,-0.003342,0.034866,0.828735,-1.214873,100348.0000
1764077704237965299,2025-11-25 19:05:04.236,1.174770,0.490539,67.285706,0.007912,0.016856,0.979382,0.087844,0.139058,9.805331,-0.000054,0.001265,-0.003340,0.035370,0.832569,-1.214457,100348.0000
1764077704339125336,2025-11-25 19:05:04.336,1.156021,0.495098,67.303062,0.008538,0.016645,0.979185,0.106610,0.067187,9.808012,-0.006208,0.000814,-0.006767,0.036837,0.834994,-1.213071,100344.0000
1764077704440314244,2025-11-25 19:05:04.436,1.134871,0.493765,67.321571,0.008440,0.015563,0.978442,0.043655,0.085783,9.799357,-0.004532,0.004391,-0.005543,0.038249,0.830204,-1.213982,100350.0000
1764077704539030707,2025-11-25 19:05:04.536,1.119475,0.484921,67.336456,0.008355,0.014313,0.977995,0.115433,0.135493,9.761648,-0.002106,-0.000065,0.001132,0.036334,0.832106,-1.213982,100344.0000
1764077704638744299,2025-11-25 19:05:04.636,1.122321,0.469971,67.347794,0.007670,0.013330,0.977645,0.074181,0.167655,9.763784,0.001940,0.003815,0.001672,0.034885,0.832557,-1.214931,100343.0000
1764077704738640818,2025-11-25 19:05:04.736,1.140399,0.451549,67.353745,0.007040,0.014146,0.978108,0.090721,0.238174,9.799879,0.003559,-0.000601,-0.001481,0.035859,0.830234,-1.212021,100348.0000
1764077704838556966,2025-11-25 19:05:04.836,1.159335,0.433711,67.361122,0.006170,0.015865,0.978479,0.061507,0.229110,9.785303,0.003828,0.002455,-0.003857,0.035338,0.831542,-1.217812,100346.0000
1764077704939028318,2025-11-25 19:05:04.936,1.172002,0.432597,67.372261,0.005387,0.016525,0.978987,0.069683,0.183533,9.800120,0.000233,0.002579,-0.005259,0.033930,0.832573,-1.213954,100342.0000
1764077705038846243,2025-11-25 19:05:05.036,1.168711,0.446831,67.385956,0.005614,0.016987,0.978983,0.055516,0.132582,9.827144,0.000220,0.000364,-0.003280,0.035393,0.832630,-1.211569,100343.0000
1764077705138581169,2025-11-25 19:05:05.136,1.150084,0.464853,67.393372,0.006532,0.016373,0.978668,0.082818,0.065238,9.793913,-0.006997,-0.003265,-0.001692,0.033914,0.829229,-1.213903,100345.0000
1764077705238052558,2025-11-25 19:05:05.236,1.137115,0.483398,67.391762,0.007785,0.014839,0.978400,0.071719,0.137306,9.784765,-0.001709,-0.001544,0.002439,0.033425,0.829206,-1.214859,100349.0000
1764077705339003577,2025-11-25 19:05:05.336,1.137260,0.485748,67.380981,0.008404,0.014397,0.978436,0.043369,0.134001,9.782187,0.001296,0.003768,0.005507,0.036324,0.831608,-1.214938,100347.0000
1764077705438989373,2025-11-25 19:05:05.436,1.139164,0.471150,67.369698,0.008126,0.015339,0.978857,0.057069,0.254179,9.771658,0.002458,0.002505,-0.000096,0.033459,0.830711,-1.211511,100344.0000
1764077705539543762,2025-11-25 19:05:05.536,1.150649,0.455377,67.362549,0.007060,0.015297,0.979076,0.036811,0.300752,9.797604,0.005615,-0.000209,-0.002170,0.036325,0.832553,-1.215434,100346.0000
1764077705640228021,2025-11-25 19:05:05.636,1.155903,0.441918,67.360443,0.006295,0.015941,0.978673,0.047213,0.182364,9.804277,0.003664,-0.000316,-0.000288,0.035379,0.832122,-1.213006,100344.0000
1764077705738642669,2025-11-25 19:05:05.736,1.152092,0.427939,67.351372,0.005613,0.016074,0.978238,0.043763,0.163319,9.765634,-0.000830,0.002449,0.003278,0.034893,0.832577,-1.213969,100343.0000
1764077705838338076,2025-11-25 19:05:05.836,1.143139,0.398966,67.322708,0.004726,0.014698,0.978238,-0.033249,0.118314,9.774519,-0.000578,0.006293,0.005998,0.035842,0.830660,-1.214435,100350.0000
1764077705940326280,2025-11-25 19:05:05.936,1.145890,0.370651,67.273132,0.003070,0.014506,0.977499,-0.028387,-0.007536,9.779119,0.002602,0.003765,0.011242,0.036807,0.831142,-1.214456,100345.0000
1764077706039050872,2025-11-25 19:05:06.036,1.149864,0.366308,67.215179,0.001921,0.014310,0.978126,-0.075628,-0.026020,9.778053,0.000559,-0.001566,0.011196,0.036816,0.833053,-1.214486,100348.0000
1764077706138588298,2025-11-25 19:05:06.136,1.161969,0.398114,67.154305,0.002291,0.015816,0.978667,0.007858,0.189321,9.765341,-0.001378,-0.006149,0.013078,0.036829,0.832616,-1.212553,100350.0000
1764077706238007020,2025-11-25 19:05:06.236,1.170708,0.451940,67.086205,0.004471,0.016390,0.979005,0.088257,0.313383,9.787477,0.002375,-0.006962,0.015208,0.040171,0.833505,-1.216468,100342.0000
1764077706340122446,2025-11-25 19:05:06.336,1.167412,0.497028,67.012985,0.007133,0.017139,0.978568,0.137944,0.162470,9.805060,-0.001640,-0.005562,0.013557,0.037767,0.831614,-1.214960,100346.0000
1764077706438971576,2025-11-25 19:05:06.436,1.149142,0.519646,66.929977,0.009114,0.016622,0.978152,0.128863,0.137232,9.808964,-0.000115,-0.001359,0.012952,0.040674,0.834036,-1.214076,100349.0000
1764077706539012798,2025-11-25 19:05:06.536,1.126979,0.514253,66.837967,0.009022,0.014867,0.978546,0.075270,0.071180,9.787475,0.001843,0.002168,0.016614,0.039695,0.833046,-1.215491,100341.0000
1764077706639364724,2025-11-25 19:05:06.636,1.117898,0.484704,66.739105,0.008116,0.013581,0.979042,0.051305,-0.008612,9.803486,0.004062,0.004989,0.020595,0.042581,0.832114,-1.215038,100349.0000
1764077706738654187,2025-11-25 19:05:06.736,1.126336,0.455471,66.639984,0.007059,0.013424,0.978947,0.065516,0.085154,9.784876,0.009287,0.004599,0.018108,0.044502,0.832112,-1.215548,100346.0000
1764077706840258150,2025-11-25 19:05:06.836,1.148704,0.453627,66.551376,0.005466,0.014974,0.978620,0.045851,0.160749,9.756883,0.008512,-0.001599,0.019215,0.043056,0.831628,-1.215519,100349.0000
1764077706938993890,2025-11-25 19:05:06.936,1.168276,0.472082,66.471146,0.006193,0.016895,0.978153,0.078172,0.256030,9.755171,-0.001164,-0.008744,0.017053,0.045492,0.834546,-1.213673,100350.0000
1764077707038879131,2025-11-25 19:05:07.036,1.172903,0.505361,66.393593,0.007585,0.017499,0.978331,0.095945,0.243929,9.774038,-0.002486,-0.003914,0.012157,0.046934,0.833607,-1.213198,100350.0000
1764077707138795613,2025-11-25 19:05:07.136,1.163123,0.533245,66.311852,0.009076,0.016471,0.978628,0.105213,0.192109,9.807362,-0.001511,-0.000182,0.011872,0.047889,0.833591,-1.214175,100342.0000
1764077707238025168,2025-11-25 19:05:07.236,1.144533,0.545336,66.229965,0.010189,0.015148,0.979129,0.118479,0.132063,9.798712,-0.000040,0.001433,0.012985,0.048879,0.834612,-1.211316,100342.0000
1764077707338852001,2025-11-25 19:05:07.336,1.132959,0.534800,66.145920,0.010537,0.014480,0.979161,0.105997,0.079901,9.795865,0.000726,0.008068,0.011094,0.048873,0.834124,-1.211790,100347.0000
1764077707439212020,2025-11-25 19:05:07.436,1.131200,0.506847,66.071922,0.009640,0.014774,0.978887,0.072382,0.072726,9.795919,0.006563,0.007995,0.015323,0.049817,0.833610,-1.213722,100346.0000
1764077707538404575,2025-11-25 19:05:07.536,1.132952,0.477961,66.007095,0.007944,0.015276,0.978369,0.037904,0.117525,9.762386,0.006310,0.006624,0.014103,0.051756,0.834127,-1.212314,100351.0000
1764077707638793260,2025-11-25 19:05:07.636,1.135155,0.455165,65.948090,0.006738,0.015681,0.977997,0.032786,0.183434,9.767954,0.003980,0.001710,0.010386,0.053160,0.831674,-1.215669,100347.0000
1764077707739996260,2025-11-25 19:05:07.736,1.136507,0.447929,65.887383,0.006313,0.015549,0.978192,0.046595,0.232869,9.776193,-0.000757,-0.001366,0.012725,0.054142,0.834086,-1.214756,100348.0000
1764077707838783723,2025-11-25 19:05:07.836,1.139546,0.460700,65.822174,0.005798,0.015325,0.978244,0.074208,0.246108,9.783551,-0.003275,-0.005426,0.011209,0.054156,0.834595,-1.213320,100348.0000
1764077707938761038,2025-11-25 19:05:07.936,1.143637,0.485942,65.749481,0.006812,0.015857,0.978830,0.102517,0.209053,9.807018,0.003157,-0.006842,0.012175,0.054642,0.835552,-1.213341,100342.0000
1764077708038872871,2025-11-25 19:05:08.036,1.145526,0.515763,65.677582,0.008030,0.016295,0.978799,0.103409,0.171016,9.818284,-0.000543,-0.003891,0.009378,0.056560,0.836485,-1.214829,100338.0000
1764077708138467001,2025-11-25 19:05:08.136,1.137221,0.533333,65.616470,0.009522,0.015952,0.978719,0.122822,0.101213,9.793968,-0.003491,-0.000109,0.009825,0.058001,0.837427,-1.215828,100344.0000
1764077708238049316,2025-11-25 19:05:08.236,1.128320,0.534684,65.562370,0.010387,0.015562,0.978899,0.086473,0.065803,9.788527,0.002231,0.001097,0.009129,0.056081,0.834603,-1.213348,100348.0000
1764077708338741316,2025-11-25 19:05:08.336,1.123308,0.515405,65.508705,0.010262,0.014753,0.978915,0.088133,0.080796,9.782334,0.002458,0.002275,0.008895,0.058973,0.835572,-1.213405,100346.0000
1764077708438947649,2025-11-25 19:05:08.436,1.129800,0.482281,65.453293,0.008914,0.014408,0.978840,0.058085,0.140646,9.763370,0.008776,0.004197,0.016049,0.058501,0.837480,-1.213427,100338.0000
1764077708538590852,2025-11-25 19:05:08.536,1.139859,0.451259,65.392662,0.007056,0.014700,0.978539,0.059858,0.227742,9.753993,0.007608,0.001151,0.011388,0.059455,0.837464,-1.214405,100358.0000
1764077708638778149,2025-11-25 19:05:08.636,1.152883,0.438190,65.330185,0.005647,0.015873,0.978412,0.050668,0.263082,9.781478,-0.001498,-0.000911,0.011081,0.061375,0.836517,-1.214418,100344.0000
1764077708739965389,2025-11-25 19:05:08.736,1.154204,0.454345,65.269974,0.005160,0.016660,0.978113,0.078261,0.220617,9.821484,-0.005183,-0.002609,0.005883,0.062823,0.836534,-1.213958,100344.0000
1764077708838454649,2025-11-25 19:05:08.836,1.144712,0.482086,65.218781,0.006888,0.016325,0.978171,0.108932,0.163950,9.828424,-0.001521,-0.003890,0.008395,0.059446,0.835553,-1.214375,100344.0000
1764077708940152482,2025-11-25 19:05:08.936,1.133461,0.507062,65.174057,0.008764,0.015289,0.978104,0.121992,0.091348,9.802826,0.003264,-0.003428,0.005801,0.062805,0.836016,-1.215877,100335.0000
1764077709039881574,2025-11-25 19:05:09.037,1.127338,0.518957,65.128799,0.010211,0.014561,0.978669,0.101321,0.096412,9.789279,0.002918,-0.001669,0.010640,0.063306,0.838427,-1.214958,100343.0000
1764077709138868926,2025-11-25 19:05:09.136,1.132136,0.509336,65.078331,0.010189,0.014965,0.979318,0.047716,0.111916,9.757360,0.007466,0.002799,0.009662,0.063314,0.839392,-1.214491,100352.0000
1764077709238003334,2025-11-25 19:05:09.236,1.137337,0.482928,65.023033,0.009029,0.015509,0.979480,0.064915,0.180047,9.788294,0.006516,0.003474,0.014969,0.064262,0.836530,-1.214461,100342.0000
1764077709338305556,2025-11-25 19:05:09.336,1.136316,0.459175,64.967056,0.007413,0.015715,0.978930,0.085360,0.214887,9.781634,0.000648,0.002828,0.011138,0.064738,0.836990,-1.215438,100343.0000
1764077709440075537,2025-11-25 19:05:09.436,1.138142,0.446758,64.918091,0.006317,0.015926,0.978446,0.025628,0.224314,9.758504,-0.001816,0.003131,0.007546,0.067637,0.837978,-1.214533,100346.0000
1764077709538925926,2025-11-25 19:05:09.536,1.139790,0.454588,64.874245,0.006497,0.015916,0.978058,0.132274,0.249056,9.819174,-0.001214,0.000190,0.006666,0.067629,0.837013,-1.215000,100343.0000
1764077709638743796,2025-11-25 19:05:09.636,1.134863,0.468611,64.834435,0.006763,0.015262,0.977721,0.101581,0.102556,9.801308,-0.005017,-0.000192,0.007131,0.066682,0.839407,-1.214540,100346.0000
1764077709738740592,2025-11-25 19:05:09.736,1.134682,0.478995,64.790710,0.008259,0.014871,0.978028,0.065027,0.028963,9.769213,0.003836,0.000124,0.006705,0.064735,0.835567,-1.214935,100343.0000
1764077709839023592,2025-11-25 19:05:09.836,1.133904,0.478750,64.749969,0.008056,0.016038,0.978819,0.011968,0.144403,9.780846,0.001718,0.002035,0.005185,0.066678,0.838452,-1.214526,100345.0000
1764077709938875000,2025-11-25 19:05:09.936,1.131502,0.461798,64.713165,0.007880,0.015777,0.979185,0.055945,0.092024,9.770073,0.002070,0.001952,0.008112,0.070533,0.838957,-1.214109,100343.0000
1764077710038716777,2025-11-25 19:05:10.036,1.127483,0.445636,64.681839,0.007022,0.015743,0.979356,0.073780,0.198085,9.799075,0.005452,0.002149,0.006929,0.070029,0.837481,-1.216005,100351.0000
1764077710139176722,2025-11-25 19:05:10.136,1.125487,0.432599,64.654274,0.006345,0.014915,0.979149,0.069195,0.209080,9.775458,0.004502,0.002588,0.007808,0.070510,0.835125,-1.214532,100353.0000
1764077710238264111,2025-11-25 19:05:10.236,1.131182,0.430094,64.633293,0.005538,0.015003,0.978394,0.036751,0.262787,9.767920,-0.000642,-0.002599,0.003679,0.068589,0.836540,-1.215007,100345.0000
1764077710339010388,2025-11-25 19:05:10.336,1.135458,0.435763,64.620827,0.005441,0.015779,0.978097,0.063134,0.193378,9.781772,-0.003464,-0.004050,-0.000299,0.071498,0.838027,-1.213146,100342.0000
1764077710439522703,2025-11-25 19:05:10.436,1.132369,0.450041,64.613289,0.006572,0.016207,0.977638,0.082264,0.089567,9.782140,-0.002568,0.001413,-0.001120,0.069591,0.837591,-1.210703,100347.0000
1764077710539020999,2025-11-25 19:05:10.536,1.127356,0.465553,64.611526,0.007489,0.016191,0.977854,0.078090,0.078296,9.788516,-0.000969,-0.003260,-0.001827,0.068601,0.836570,-1.213562,100347.0000
1764077710638817203,2025-11-25 19:05:10.636,1.123357,0.472504,64.604965,0.008410,0.015187,0.978883,0.050728,0.084030,9.793415,0.000191,0.000664,0.000776,0.069086,0.838941,-1.214569,100348.0000
1764077710738811592,2025-11-25 19:05:10.736,1.126956,0.470033,64.597786,0.008233,0.014400,0.979676,0.049219,0.102241,9.768171,0.005369,0.003249,0.005102,0.069556,0.837499,-1.215036,100345.0000
1764077710838933907,2025-11-25 19:05:10.836,1.135268,0.463979,64.593727,0.007785,0.015334,0.979433,0.085965,0.194575,9.791810,0.008871,-0.000052,0.001412,0.068607,0.839416,-1.214569,100343.0000
1764077710939038610,2025-11-25 19:05:10.936,1.140824,0.456493,64.600182,0.007250,0.016151,0.978761,0.075960,0.239034,9.792703,0.004172,-0.003435,0.000794,0.070041,0.837512,-1.214561,100343.0000
1764077711038771962,2025-11-25 19:05:11.036,1.139342,0.445061,64.617485,0.007360,0.017325,0.978596,0.081439,0.223376,9.791877,0.001542,0.001626,-0.004578,0.070045,0.837522,-1.214080,100350.0000
1764077711138319758,2025-11-25 19:05:11.136,1.125970,0.421157,64.649979,0.007074,0.016198,0.978228,0.079203,0.161083,9.808661,-0.004036,0.004048,-0.010622,0.069580,0.840864,-1.214124,100346.0000
1764077711238082869,2025-11-25 19:05:11.236,1.118493,0.391020,64.682007,0.005911,0.015020,0.978241,0.072415,0.046300,9.824463,-0.002644,0.009635,-0.010897,0.067644,0.837054,-1.213074,100344.0000
1764077711338236869,2025-11-25 19:05:11.336,1.117992,0.366274,64.715874,0.004840,0.014215,0.978347,0.051620,0.033125,9.778625,-0.003546,0.002097,-0.009684,0.067628,0.836068,-1.214504,100348.0000
1764077711438916851,2025-11-25 19:05:11.436,1.126757,0.360569,64.753807,0.003573,0.014742,0.978226,0.026724,0.094636,9.756059,0.005195,0.003217,-0.006920,0.068597,0.836560,-1.214044,100345.0000
1764077711539396499,2025-11-25 19:05:11.536,1.137773,0.386980,64.799866,0.003297,0.015280,0.978163,-0.016248,0.132772,9.750477,0.002096,-0.010364,-0.004470,0.069565,0.837052,-1.213584,100347.0000
1764077711638719869,2025-11-25 19:05:11.636,1.144034,0.447257,64.852165,0.005696,0.016339,0.978257,0.074446,0.256839,9.778034,0.005181,-0.012939,-0.005081,0.064748,0.838901,-1.215467,100352.0000
1764077711739065721,2025-11-25 19:05:11.736,1.142918,0.521420,64.909096,0.009287,0.017208,0.978779,0.079730,0.295488,9.790167,0.000943,-0.013280,-0.010288,0.064762,0.837996,-1.213046,100346.0000
1764077711838691091,2025-11-25 19:05:11.836,1.133541,0.561369,64.963493,0.012630,0.016066,0.978840,0.152518,0.200348,9.801766,-0.002228,-0.003894,-0.009481,0.064741,0.836055,-1.214461,100344.0000
1764077711939007554,2025-11-25 19:05:11.936,1.120308,0.549025,65.012627,0.014050,0.015199,0.979217,0.163519,0.108154,9.828196,0.001084,0.002168,-0.007627,0.061879,0.837993,-1.212522,100344.0000
1764077712038647610,2025-11-25 19:05:12.036,1.117764,0.497104,65.051804,0.012107,0.014312,0.979171,0.105362,0.082218,9.812215,0.006229,0.006478,-0.005486,0.063320,0.837522,-1.212536,100346.0000
1764077712138908239,2025-11-25 19:05:12.136,1.122943,0.430001,65.085098,0.008335,0.014804,0.978744,0.032946,0.078882,9.788291,-0.000324,0.012807,-0.003920,0.062342,0.835119,-1.212967,100346.0000
1764077712238132221,2025-11-25 19:05:12.236,1.127405,0.382605,65.119720,0.005450,0.015580,0.978119,0.015477,0.134056,9.747181,-0.003370,0.007042,-0.004022,0.061380,0.837473,-1.214433,100344.0000
1764077712339184072,2025-11-25 19:05:12.336,1.129570,0.374283,65.160667,0.004167,0.016204,0.978177,0.030215,0.219032,9.766856,0.002739,0.000396,-0.005177,0.063281,0.835062,-1.215869,100340.0000
1764077712439020128,2025-11-25 19:05:12.436,1.123626,0.400010,65.203087,0.005120,0.015850,0.978436,0.054801,0.255651,9.769968,-0.002929,-0.003159,-0.006036,0.059930,0.836033,-1.214390,100352.0000
1764077712539003961,2025-11-25 19:05:12.536,1.119003,0.436494,65.239685,0.007199,0.014553,0.978635,0.109685,0.185500,9.793635,0.005472,-0.009141,-0.009438,0.059919,0.835535,-1.215345,100351.0000
1764077712640804665,2025-11-25 19:05:12.636,1.115759,0.468030,65.266747,0.009252,0.014732,0.978496,0.115668,0.118346,9.814954,0.002333,-0.005783,-0.002554,0.058499,0.835590,-1.212435,100346.0000
1764077712738729757,2025-11-25 19:05:12.736,1.129431,0.479778,65.290367,0.010063,0.015411,0.978332,0.113029,0.094922,9.798037,0.008869,-0.001058,-0.004803,0.058964,0.836019,-1.214857,100346.0000
1764077712841432331,2025-11-25 19:05:12.836,1.136251,0.476290,65.315872,0.009754,0.015794,0.978299,0.095446,0.076714,9.782773,0.007636,0.002399,-0.000998,0.056568,0.835093,-1.212881,100343.0000
1764077712938499368,2025-11-25 19:05:12.936,1.139228,0.457147,65.344124,0.009147,0.016234,0.978916,0.068987,0.132916,9.776258,-0.000810,0.001040,-0.001279,0.057998,0.834592,-1.214339,100344.0000
1764077713038767183,2025-11-25 19:05:13.036,1.137705,0.426056,65.363861,0.009153,0.015297,0.979942,0.036628,0.159451,9.765592,0.002871,0.013403,0.000791,0.057513,0.834579,-1.214814,100344.0000
1764077713138807183,2025-11-25 19:05:13.136,1.127754,0.376443,65.380730,0.005967,0.016628,0.978923,-0.050721,0.191322,9.768111,-0.008450,0.004867,-0.003069,0.058006,0.834612,-1.213377,100349.0000
1764077713237994590,2025-11-25 19:05:13.236,1.122301,0.357383,65.398010,0.004833,0.014643,0.978404,0.023314,0.206481,9.794650,-0.000897,-0.000745,-0.005191,0.058500,0.836535,-1.212931,100344.0000
1764077713338866942,2025-11-25 19:05:13.336,1.124600,0.366741,65.416084,0.004462,0.015132,0.978039,0.062313,0.145860,9.821417,0.003945,-0.005816,-0.003825,0.058021,0.837011,-1.212932,100342.0000
1764077713438742164,2025-11-25 19:05:13.436,1.127251,0.401280,65.427773,0.006108,0.015081,0.977636,0.107712,0.127627,9.807731,0.005010,-0.007141,-0.004936,0.057999,0.834124,-1.213851,100344.0000
1764077713538804757,2025-11-25 19:05:13.536,1.130555,0.439807,65.434456,0.007624,0.015095,0.978177,0.104498,0.059249,9.792682,0.005917,-0.007298,-0.000568,0.053668,0.833160,-1.213290,100343.0000
1764077713638135664,2025-11-25 19:05:13.636,1.131479,0.469882,65.440521,0.009260,0.015736,0.978860,0.097230,0.101016,9.785426,0.001015,-0.003575,0.002993,0.060399,0.833647,-1.214360,100343.0000
1764077713738476423,2025-11-25 19:05:13.736,1.128026,0.484131,65.448219,0.009853,0.015659,0.979240,0.077931,0.175196,9.766035,-0.001157,-0.004552,0.001534,0.055127,0.834619,-1.212371,100348.0000
1764077713838957497,2025-11-25 19:05:13.836,1.121381,0.478482,65.461227,0.010248,0.015241,0.979359,0.088225,0.213129,9.768763,-0.000546,0.002994,-0.005184,0.057531,0.835098,-1.212896,100342.0000
1764077713938926349,2025-11-25 19:05:13.936,1.123744,0.458998,65.474915,0.009935,0.015348,0.978805,0.057799,0.250809,9.778112,0.001334,-0.000939,-0.002765,0.056077,0.834593,-1.213830,100346.0000
1764077714038666312,2025-11-25 19:05:14.036,1.124162,0.424590,65.491158,0.009096,0.015696,0.978312,0.113097,0.175562,9.808879,0.000851,0.005483,-0.003664,0.058965,0.835551,-1.214368,100348.0000
1764077714141311164,2025-11-25 19:05:14.136,1.121220,0.387295,65.502953,0.007883,0.015729,0.978322,0.120089,0.150532,9.822792,-0.000312,0.005422,-0.002231,0.055105,0.834091,-1.214771,100334.0000
1764077714237998553,2025-11-25 19:05:14.236,1.121734,0.362845,65.509216,0.005977,0.015101,0.978765,0.065938,0.064654,9.803206,0.001337,0.003300,-0.007467,0.055588,0.835983,-1.215770,100352.0000
1764077714338886127,2025-11-25 19:05:14.336,1.121451,0.358383,65.511292,0.004964,0.014977,0.978670,0.056573,0.064414,9.776662,0.001424,0.002642,0.000961,0.057047,0.836030,-1.213866,100345.0000
1764077714438831608,2025-11-25 19:05:14.436,1.121211,0.378539,65.512375,0.004411,0.015250,0.978224,0.004106,0.149963,9.774339,0.003676,-0.004198,0.004131,0.056561,0.833660,-1.212859,100351.0000
1764077714540633627,2025-11-25 19:05:14.536,1.122076,0.415955,65.509789,0.006091,0.015924,0.977844,0.031687,0.191190,9.741350,0.000419,-0.005701,0.001499,0.054624,0.835034,-1.215260,100342.0000
1764077714642025960,2025-11-25 19:05:14.636,1.119884,0.452827,65.504623,0.007651,0.015958,0.977774,0.098226,0.229433,9.755857,0.001762,-0.008369,0.001929,0.056559,0.835540,-1.214333,100343.0000
1764077714740001497,2025-11-25 19:05:14.736,1.116704,0.472097,65.494820,0.009853,0.015892,0.978592,0.138805,0.221507,9.786879,-0.001286,-0.004641,-0.003345,0.057034,0.832697,-1.213333,100347.0000
1764077714838429978,2025-11-25 19:05:14.836,1.115251,0.461432,65.481560,0.010253,0.014830,0.979092,0.118190,0.125537,9.835701,0.002941,0.004451,0.000810,0.056541,0.836435,-1.217235,100354.0000
1764077714939383293,2025-11-25 19:05:14.936,1.119198,0.435626,65.465706,0.008881,0.015000,0.979182,0.108043,0.060617,9.792783,0.006217,0.002749,0.004420,0.057042,0.835075,-1.213851,100346.0000
1764077715039969886,2025-11-25 19:05:15.036,1.124355,0.403593,65.442581,0.007323,0.015423,0.979077,0.047125,0.109700,9.778424,0.004261,0.007621,0.004735,0.058972,0.836984,-1.214390,100344.0000
1764077715138727386,2025-11-25 19:05:15.136,1.129555,0.384733,65.421600,0.005804,0.014990,0.978403,0.012798,0.095115,9.779254,-0.000174,0.000473,0.008125,0.057521,0.835545,-1.214347,100340.0000
1764077715238257663,2025-11-25 19:05:15.236,1.130036,0.384954,65.402115,0.005486,0.015653,0.978059,0.013638,0.199598,9.747024,-0.000104,-0.003294,0.009913,0.057543,0.836073,-1.211947,100351.0000
1764077715338957867,2025-11-25 19:05:15.336,1.134313,0.401539,65.376595,0.006020,0.015466,0.977895,0.046332,0.205765,9.767885,0.002480,-0.003359,0.007846,0.058005,0.836025,-1.214361,100351.0000
1764077715439392219,2025-11-25 19:05:15.437,1.135026,0.422305,65.349075,0.007303,0.016065,0.978170,0.104215,0.218326,9.797299,-0.001670,-0.005006,0.003348,0.058968,0.834616,-1.213391,100346.0000
1764077715538906145,2025-11-25 19:05:15.536,1.135325,0.435148,65.318748,0.008673,0.015848,0.978485,0.143583,0.250123,9.818752,0.000904,0.000775,0.002672,0.057526,0.834142,-1.212881,100348.0000
1764077715639235626,2025-11-25 19:05:15.636,1.135366,0.420235,65.275528,0.008434,0.015433,0.979337,0.076620,0.133782,9.832477,0.001978,0.003503,0.004286,0.058984,0.837015,-1.212946,100342.0000
1764077715745977941,2025-11-25 19:05:15.742,1.136404,0.385681,65.218208,0.006690,0.014861,0.979223,0.012398,0.154383,9.807119,0.007243,0.004618,0.012915,0.061391,0.836558,-1.212493,100344.0000
1764077715838398848,2025-11-25 19:05:15.836,1.140603,0.362590,65.153748,0.005240,0.015255,0.978628,0.042192,0.074026,9.795788,0.000242,0.002433,0.016350,0.060411,0.836035,-1.214397,100342.0000
1764077715939073718,2025-11-25 19:05:15.936,1.140199,0.353229,65.088753,0.003404,0.015459,0.978278,0.009120,0.072558,9.761926,-0.000610,-0.000910,0.012528,0.062355,0.836095,-1.212018,100335.0000
1764077716038707904,2025-11-25 19:05:16.036,1.137642,0.363048,65.015762,0.003946,0.015778,0.977861,0.003614,0.244341,9.727186,-0.001066,-0.005048,0.014967,0.063287,0.834605,-1.214899,100350.0000
1764077716142280311,2025-11-25 19:05:16.136,1.134940,0.385380,64.939774,0.005408,0.015084,0.977971,0.067017,0.297502,9.781421,0.003750,-0.005282,0.016988,0.061365,0.835074,-1.214878,100349.0000
1764077716237991181,2025-11-25 19:05:16.236,1.131144,0.423436,64.857452,0.006480,0.015653,0.977578,0.079626,0.237468,9.795163,0.002089,-0.009031,0.013479,0.064737,0.836045,-1.214942,100344.0000
1764077716338270626,2025-11-25 19:05:16.336,1.126196,0.469584,64.770020,0.008870,0.015620,0.978323,0.102719,0.195630,9.787943,-0.002262,-0.006758,0.015827,0.065712,0.837025,-1.214008,100344.0000
1764077716438549533,2025-11-25 19:05:16.436,1.123113,0.505645,64.681076,0.010775,0.015529,0.978997,0.141213,0.138944,9.804473,-0.003359,0.000255,0.015896,0.066190,0.837962,-1.214993,100345.0000
1764077716541291033,2025-11-25 19:05:16.536,1.119088,0.511372,64.595360,0.012010,0.015483,0.979602,0.096759,0.079467,9.806385,-0.002483,0.004301,0.016235,0.066185,0.838419,-1.215963,100344.0000
1764077716639141329,2025-11-25 19:05:16.636,1.112767,0.481294,64.514275,0.011599,0.014997,0.979341,0.087897,0.060609,9.800683,-0.002245,0.010539,0.012757,0.068123,0.837991,-1.214059,100344.0000
1764077716738804366,2025-11-25 19:05:16.736,1.112267,0.437241,64.436951,0.009736,0.014607,0.978683,0.083545,0.113637,9.759743,0.004352,0.009599,0.015259,0.071020,0.837089,-1.212161,100334.0000
1764077716840872014,2025-11-25 19:05:16.836,1.112210,0.387639,64.361633,0.007407,0.014968,0.978573,0.035483,0.178048,9.780766,0.008480,0.005863,0.014258,0.071491,0.838006,-1.214108,100335.0000
1764077716939573162,2025-11-25 19:05:16.936,1.117015,0.365978,64.286301,0.005090,0.015458,0.978087,0.033900,0.207444,9.762820,0.009048,0.001883,0.018797,0.071952,0.837012,-1.216026,100348.0000
1764077717042443514,2025-11-25 19:05:17.036,1.122531,0.377756,64.210037,0.004783,0.015919,0.977911,0.055126,0.231831,9.764534,0.004960,-0.005514,0.013896,0.073401,0.836561,-1.215078,100341.0000
1764077717138623014,2025-11-25 19:05:17.136,1.116646,0.410325,64.128845,0.005917,0.016841,0.977727,0.071074,0.225813,9.792735,0.000961,-0.008095,0.012495,0.075826,0.838981,-1.214187,100342.0000
1764077717238124458,2025-11-25 19:05:17.236,1.104476,0.451365,64.047310,0.008236,0.016183,0.978448,0.118413,0.144498,9.789067,-0.000445,-0.007292,0.011174,0.075339,0.839436,-1.215150,100342.0000
1764077717338825329,2025-11-25 19:05:17.336,1.093686,0.474043,63.967209,0.009920,0.015263,0.978848,0.052068,0.161635,9.808749,-0.004885,-0.005203,0.012405,0.073890,0.838942,-1.215603,100340.0000
1764077717440970292,2025-11-25 19:05:17.436,1.084549,0.462564,63.895267,0.010544,0.014826,0.979637,0.140279,0.089070,9.804660,-0.004759,0.008104,0.015461,0.077260,0.839434,-1.215660,100347.0000
1764077717539117588,2025-11-25 19:05:17.536,1.085277,0.438221,63.825245,0.009052,0.014127,0.979026,0.079634,0.101398,9.800152,0.000473,0.003413,0.011808,0.080166,0.840911,-1.214280,100346.0000
1764077717641148273,2025-11-25 19:05:17.636,1.092901,0.413698,63.751888,0.007171,0.015589,0.978233,0.015197,0.160545,9.723783,0.003963,0.003234,0.012351,0.078220,0.837548,-1.214682,100343.0000
1764077717738889347,2025-11-25 19:05:17.736,1.103152,0.404963,63.680851,0.006157,0.015950,0.978096,0.020886,0.236804,9.759677,0.004473,-0.001922,0.011861,0.080159,0.840423,-1.214755,100344.0000
1764077717838729051,2025-11-25 19:05:17.836,1.109602,0.404585,63.612518,0.006556,0.015974,0.978513,0.098204,0.255218,9.788144,0.001830,-0.000611,0.011036,0.080649,0.841391,-1.214295,100341.0000
1764077717938753625,2025-11-25 19:05:17.936,1.106926,0.401851,63.544968,0.007048,0.015923,0.978766,0.137005,0.190583,9.809720,0.004901,0.002892,0.007330,0.083035,0.836635,-1.213775,100346.0000
1764077718038788088,2025-11-25 19:05:18.036,1.098873,0.397001,63.485325,0.006702,0.015626,0.978569,0.055659,0.132890,9.778409,-0.006995,0.001894,0.008724,0.082555,0.841349,-1.216730,100344.0000
1764077718138684291,2025-11-25 19:05:18.136,1.093542,0.395876,63.431358,0.006511,0.014671,0.978521,0.096936,0.054245,9.810290,-0.002227,0.001375,0.010204,0.083048,0.839969,-1.214309,100341.0000
1764077718237982050,2025-11-25 19:05:18.236,1.092237,0.397584,63.380878,0.005962,0.014271,0.978519,0.076813,0.043922,9.784060,-0.003387,-0.001094,0.008557,0.082552,0.838513,-1.215242,100346.0000
1764077718339138921,2025-11-25 19:05:18.336,1.100735,0.409728,63.332703,0.006140,0.015223,0.978385,0.050611,0.134833,9.768759,0.001450,-0.001018,0.011157,0.086425,0.840949,-1.213891,100345.0000
1764077718438776772,2025-11-25 19:05:18.436,1.107407,0.421486,63.291431,0.007000,0.016395,0.977717,0.054371,0.209190,9.760955,0.001483,-0.000628,0.009250,0.085442,0.839949,-1.215788,100340.0000
1764077718542962958,2025-11-25 19:05:18.540,1.107544,0.425240,63.255039,0.007663,0.016371,0.978279,0.039295,0.287641,9.760120,0.000705,-0.001250,0.004816,0.085936,0.840927,-1.214847,100347.0000
1764077718638752272,2025-11-25 19:05:18.636,1.100666,0.392766,63.236626,0.007997,0.015969,0.979516,0.054221,0.268382,9.800173,-0.000163,0.008011,-0.001669,0.084500,0.840941,-1.213863,100347.0000
1764077718738542772,2025-11-25 19:05:18.736,1.089479,0.343559,63.231606,0.005237,0.014878,0.979377,0.061873,0.110279,9.786661,0.002867,0.007847,-0.003020,0.084482,0.838064,-1.214301,100337.0000
1764077718838931309,2025-11-25 19:05:18.836,1.086268,0.310529,63.238976,0.002066,0.014866,0.978588,-0.001009,0.106018,9.771641,0.004879,0.004379,-0.003585,0.087385,0.839063,-1.212914,100345.0000
1764077718938677476,2025-11-25 19:05:18.936,1.086980,0.319111,63.256786,0.000557,0.014713,0.977154,0.090036,0.067517,9.803302,0.001375,-0.006158,-0.002085,0.084962,0.840892,-1.216277,100341.0000
1764077719039945642,2025-11-25 19:05:19.036,1.095444,0.367765,63.284389,0.002948,0.015516,0.977350,0.071302,0.001410,9.791102,0.003337,-0.011663,-0.006042,0.086411,0.839029,-1.214344,100344.0000
1764077719138671087,2025-11-25 19:05:19.136,1.100356,0.427198,63.317917,0.005965,0.015110,0.977950,0.016006,0.217452,9.766468,-0.001060,-0.009314,-0.003530,0.086882,0.838532,-1.215306,100333.0000
1764077719237985920,2025-11-25 19:05:19.236,1.108626,0.469792,63.351002,0.008224,0.016146,0.978865,0.048690,0.265832,9.731792,0.002247,-0.004712,-0.002080,0.085459,0.840935,-1.214359,100346.0000
1764077719338948161,2025-11-25 19:05:19.336,1.106730,0.480432,63.388779,0.009638,0.015787,0.979437,0.175967,0.226691,9.820634,-0.000595,-0.007751,-0.007453,0.083048,0.839969,-1.214309,100344.0000
1764077719440199679,2025-11-25 19:05:19.436,1.101207,0.461259,63.437260,0.009825,0.015954,0.979515,0.154700,0.250856,9.817628,-0.005185,0.005191,-0.010696,0.082567,0.839967,-1.214301,100342.0000
1764077719539973068,2025-11-25 19:05:19.536,1.089660,0.425234,63.489170,0.007988,0.015248,0.978962,0.052986,0.160483,9.792303,-0.003945,0.007682,-0.013942,0.082085,0.839019,-1.213798,100347.0000
1764077719638860179,2025-11-25 19:05:19.636,1.081611,0.390003,63.540020,0.005981,0.014945,0.978324,0.043215,0.100938,9.788815,-0.000060,0.006136,-0.008972,0.084030,0.840024,-1.211916,100347.0000
1764077719738975975,2025-11-25 19:05:19.736,1.083587,0.390424,63.581062,0.004979,0.013914,0.978029,0.056771,0.039387,9.796351,0.005048,-0.004099,-0.004247,0.083043,0.840426,-1.215279,100347.0000
1764077719839036642,2025-11-25 19:05:19.836,1.093640,0.420033,63.610565,0.006296,0.014416,0.978571,0.064778,0.085652,9.771337,0.012297,-0.007569,-0.002143,0.080636,0.839470,-1.214747,100350.0000
1764077719938261420,2025-11-25 19:05:19.936,1.109899,0.458839,63.636585,0.007955,0.015697,0.978504,0.058122,0.193305,9.754164,0.008413,-0.011103,-0.001922,0.081614,0.841873,-1.214316,100346.0000
1764077720038504234,2025-11-25 19:05:20.036,1.117069,0.488470,63.664555,0.009838,0.016939,0.978318,0.104863,0.237742,9.768809,0.001406,-0.003658,-0.002849,0.079174,0.838000,-1.216148,100342.0000
1764077720138593790,2025-11-25 19:05:20.136,1.110467,0.494888,63.692532,0.011080,0.016658,0.977984,0.147866,0.226815,9.796388,-0.005620,0.000912,-0.004556,0.079675,0.838998,-1.214244,100343.0000
1764077720238177234,2025-11-25 19:05:20.236,1.099021,0.479869,63.714340,0.010746,0.015702,0.978183,0.142763,0.175042,9.803547,-0.002207,0.003883,-0.007646,0.078713,0.838994,-1.214230,100342.0000
1764077720338798771,2025-11-25 19:05:20.336,1.086293,0.452401,63.727699,0.009623,0.014363,0.978544,0.066643,0.112074,9.793665,0.000800,0.002967,-0.004313,0.079676,0.839943,-1.214740,100343.0000
1764077720438818234,2025-11-25 19:05:20.436,1.085671,0.426438,63.732483,0.008283,0.013948,0.979199,0.080256,0.042039,9.805921,0.003292,0.001498,0.000973,0.077296,0.840472,-1.211824,100350.0000
1764077720538366938,2025-11-25 19:05:20.536,1.094275,0.408756,63.732742,0.007376,0.014669,0.979751,0.059751,0.094383,9.785268,0.011640,0.001264,0.000177,0.077752,0.838522,-1.213727,100344.0000
1764077720639438549,2025-11-25 19:05:20.636,1.108742,0.404679,63.733864,0.006744,0.015419,0.978813,0.051825,0.128555,9.772882,0.007653,-0.000586,0.003106,0.078714,0.839939,-1.214726,100348.0000
1764077720738676919,2025-11-25 19:05:20.736,1.110362,0.408137,63.738644,0.007220,0.015654,0.978271,0.045389,0.210604,9.769286,0.003823,-0.002131,0.002033,0.077746,0.838034,-1.214201,100347.0000
1764077720838821049,2025-11-25 19:05:20.836,1.112422,0.420980,63.743275,0.007387,0.015643,0.977669,0.103201,0.240629,9.775864,-0.005783,-0.000860,0.000088,0.079199,0.838539,-1.213267,100347.0000
1764077720939253808,2025-11-25 19:05:20.936,1.111198,0.438115,63.744061,0.008273,0.015170,0.977685,0.103790,0.197006,9.799502,0.001891,-0.004606,-0.001353,0.076797,0.838538,-1.212750,100344.0000
1764077721038728197,2025-11-25 19:05:21.036,1.107645,0.453004,63.732872,0.008811,0.015172,0.978356,0.088413,0.174564,9.791222,-0.005219,-0.001690,-0.003211,0.078706,0.837561,-1.214208,100342.0000
1764077721138278419,2025-11-25 19:05:21.136,1.104080,0.455565,63.713215,0.009281,0.015569,0.979092,0.083842,0.097397,9.810496,-0.001272,0.002437,-0.000811,0.079222,0.840013,-1.211363,100354.0000
1764077721239471049,2025-11-25 19:05:21.236,1.104427,0.449743,63.694870,0.009437,0.015638,0.979363,0.080235,0.059121,9.787889,0.004583,0.000768,0.002791,0.079178,0.838955,-1.216162,100344.0000
1764077721338537011,2025-11-25 19:05:21.336,1.105806,0.432612,63.679657,0.009057,0.015540,0.979285,0.053442,0.110183,9.782822,0.009772,0.002260,0.008556,0.079206,0.839972,-1.213289,100344.0000
1764077721442057882,2025-11-25 19:05:21.436,1.110787,0.414853,63.670128,0.007725,0.015289,0.979003,0.062192,0.141723,9.764568,0.004704,0.000645,0.002702,0.078711,0.839461,-1.214718,100342.0000
1764077721538855845,2025-11-25 19:05:21.536,1.115724,0.405556,63.657608,0.006992,0.015293,0.978209,0.060097,0.238536,9.775708,0.003304,-0.003706,0.005964,0.081587,0.838031,-1.215221,100340.0000
1764077721638826085,2025-11-25 19:05:21.636,1.115272,0.410563,63.635780,0.007041,0.015516,0.978056,0.094796,0.236238,9.764786,-0.000283,-0.003683,0.005633,0.079194,0.838996,-1.214237,100346.0000
1764077721739810808,2025-11-25 19:05:21.736,1.109803,0.421220,63.613049,0.007484,0.015866,0.978439,0.086612,0.210860,9.797169,-0.002657,-0.004713,0.002963,0.078702,0.839908,-1.216170,100344.0000
1764077721839159474,2025-11-25 19:05:21.837,1.106438,0.430222,63.586208,0.008480,0.015715,0.978540,0.091541,0.158081,9.798187,0.003083,0.004078,-0.001083,0.079670,0.839455,-1.215214,100341.0000
1764077721940496696,2025-11-25 19:05:21.936,1.097512,0.435085,63.558914,0.008842,0.015285,0.978391,0.106961,0.067710,9.799894,0.004195,-0.002630,0.008800,0.081118,0.840417,-1.215250,100349.0000
1764077722038144567,2025-11-25 19:05:22.036,1.097653,0.433139,63.530376,0.008580,0.014985,0.979020,0.068764,0.081220,9.784601,0.003680,0.004273,0.006555,0.080633,0.838047,-1.214244,100344.0000
1764077722139106678,2025-11-25 19:05:22.137,1.101508,0.425655,63.504177,0.008376,0.014690,0.978431,0.072302,0.118997,9.774286,-0.000254,0.004311,0.009666,0.081581,0.839901,-1.217175,100348.0000
1764077722237763344,2025-11-25 19:05:22.236,1.107267,0.418886,63.473869,0.008116,0.015346,0.978628,0.055084,0.151706,9.765177,0.006594,-0.002133,0.009111,0.082566,0.839022,-1.213805,100349.0000
1764077722338951474,2025-11-25 19:05:22.336,1.110519,0.417057,63.447002,0.007976,0.015996,0.978676,0.073283,0.227469,9.768234,-0.001645,0.003074,0.008003,0.083535,0.840459,-1.213841,100342.0000
1764077722438784807,2025-11-25 19:05:22.436,1.108239,0.413411,63.415508,0.008345,0.016242,0.978823,0.092159,0.217639,9.785807,-0.003304,-0.000901,0.006412,0.080149,0.838980,-1.215214,100342.0000
1764077722538283770,2025-11-25 19:05:22.536,1.102806,0.411563,63.378166,0.007804,0.015948,0.978460,0.092024,0.229886,9.787189,-0.003292,0.000483,0.003986,0.083035,0.840406,-1.216241,100342.0000
1764077722638269307,2025-11-25 19:05:22.636,1.093228,0.410143,63.339542,0.007839,0.015292,0.978613,0.083660,0.168684,9.817614,0.003122,-0.005523,0.005735,0.083043,0.839013,-1.214294,100353.0000
1764077722738574529,2025-11-25 19:05:22.736,1.089506,0.413670,63.305241,0.007768,0.014766,0.978726,0.109338,0.135696,9.801430,0.004154,0.001375,0.005490,0.083529,0.841383,-1.215300,100344.0000
1764077722838192288,2025-11-25 19:05:22.836,1.093665,0.414858,63.272709,0.008227,0.014886,0.978338,0.067589,0.081309,9.793016,0.010325,0.000546,0.004962,0.084016,0.839516,-1.213352,100346.0000
1764077722938393492,2025-11-25 19:05:22.936,1.099419,0.418837,63.237839,0.008501,0.015496,0.978584,0.084219,0.075110,9.785066,0.007969,-0.007691,0.008889,0.084956,0.836634,-1.214286,100343.0000
1764077723038542770,2025-11-25 19:05:23.036,1.101799,0.420124,63.203136,0.008348,0.016197,0.978391,0.071047,0.136451,9.773171,-0.000270,-0.000780,0.007783,0.083541,0.840001,-1.212871,100340.0000
1764077723137988436,2025-11-25 19:05:23.136,1.098750,0.421866,63.160965,0.008348,0.016004,0.978868,0.081354,0.204644,9.784337,-0.000697,0.000563,0.011624,0.086887,0.839488,-1.215321,100345.0000
1764077723237737770,2025-11-25 19:05:23.236,1.087254,0.417747,63.112923,0.008479,0.015136,0.978706,0.069466,0.229712,9.777154,-0.003988,-0.000863,0.009211,0.088326,0.838539,-1.215327,100343.0000
1764077723338135214,2025-11-25 19:05:23.336,1.083691,0.411960,63.061623,0.008221,0.015124,0.978473,0.103128,0.229195,9.791131,0.003487,-0.000648,0.007293,0.088816,0.841865,-1.216349,100340.0000
1764077723438416436,2025-11-25 19:05:23.436,1.079298,0.412130,63.017593,0.007687,0.015099,0.978366,0.111540,0.175811,9.803738,0.000819,-0.001196,0.003770,0.090251,0.837135,-1.214371,100345.0000
1764077723538259825,2025-11-25 19:05:23.536,1.086773,0.412269,62.980335,0.007834,0.015220,0.978581,0.058963,0.128778,9.809104,0.008674,0.000307,0.009141,0.090273,0.840022,-1.213452,100346.0000
1764077723638458177,2025-11-25 19:05:23.636,1.090256,0.408516,62.943413,0.007473,0.015944,0.978519,0.059701,0.032462,9.781009,0.004027,0.002879,0.006633,0.090265,0.840001,-1.214415,100348.0000
1764077723738247121,2025-11-25 19:05:23.736,1.092775,0.406158,62.900490,0.007548,0.015546,0.978381,0.077671,0.118370,9.790698,-0.005759,0.002005,0.008864,0.089290,0.839021,-1.215349,100344.0000
1764077723838342066,2025-11-25 19:05:23.836,1.085754,0.405925,62.853546,0.007690,0.015017,0.978590,0.073189,0.151156,9.776359,0.000934,-0.000960,0.011811,0.089774,0.839501,-1.215363,100342.0000
1764077723938127028,2025-11-25 19:05:23.936,1.078843,0.403986,62.806194,0.007556,0.015509,0.978658,0.071222,0.214390,9.778002,0.001530,0.004223,0.009388,0.088814,0.839974,-1.215357,100340.0000
1764077724038337362,2025-11-25 19:05:24.036,1.073633,0.409887,62.759609,0.007487,0.015610,0.978656,0.108107,0.251761,9.794343,0.003277,-0.004761,0.008210,0.089796,0.840030,-1.212964,100343.0000
1764077724138172288,2025-11-25 19:05:24.136,1.071758,0.411742,62.722271,0.007630,0.015425,0.978474,0.074835,0.199463,9.803526,0.004535,0.000316,0.004901,0.092198,0.842388,-1.214962,100347.0000
1764077724237723362,2025-11-25 19:05:24.236,1.075129,0.407761,62.692394,0.007935,0.014990,0.978409,0.092413,0.100509,9.790174,0.004610,-0.000218,0.005184,0.092681,0.840510,-1.213495,100345.0000
1764077724338431436,2025-11-25 19:05:24.336,1.082750,0.401817,62.659664,0.007360,0.014876,0.978821,0.030161,0.044593,9.791009,0.002040,-0.001329,0.004578,0.092202,0.840986,-1.213496,100342.0000
1764077724438705621,2025-11-25 19:05:24.436,1.089375,0.397503,62.623375,0.006859,0.015407,0.978733,0.043429,0.128305,9.782783,-0.001096,0.002269,0.007991,0.092196,0.840498,-1.213970,100345.0000
1764077724538288417,2025-11-25 19:05:24.536,1.090047,0.389999,62.588768,0.006486,0.015903,0.978562,0.039814,0.156165,9.773697,-0.003272,0.004076,0.009969,0.094598,0.840499,-1.214486,100346.0000
