Timestamp,Time,Error,Status_1,Status_2,Status_3,Status_4,V_alt_1,V_alt_2,V_alt_3,V_alt_4,V_rad_1,V_rad_2,V_rad_3,V_rad_4,WV_rad_1,WV_rad_2,WV_rad_3,WV_rad_4,WV_credit_1,WV_credit_2,WV_credit_3,WV_credit_4,V_inst_1,V_inst_2,V_inst_3,V_inst_4,V_earth_1,V_earth_2,V_earth_3,V_earth_4,WV_inst_1,WV_inst_2,WV_inst_3,WV_inst_4,WV_earth_1,WV_earth_2,WV_earth_3,WV_earth_4,Roll,Pitch,Yaw,Altitude,Temperature,Pressure,Salinity,Sound_Speed
1779273690235758314,2026-05-20 16:11:30.235,0X0000,1,1,0,1,0.9,0.8,0.8,0.8,-154.5,-31.0,0.0,-29.0,0.0,0.0,79.0,0.0,0.0,0.0,1.0,0.0,0.0,0.0,0.0,0.0,0.0,0.0,0.0,0.0,0.0,0.0,0.0,0.0,0.0,0.0,0.0,0.0,-2.63,8.9,70.3,0.8,34.4,65.882,35.0,1554.0
1779273690613279277,2026-05-20 16:11:30.612,0X0000,0,1,1,1,0.9,0.8,0.8,0.8,0.0,-45.8,179.0,-49.2,-1171.0,0.0,0.0,0.0,1.0,0.0,0.0,0.0,-0.6046,0.0045,-0.0512,0.001,-182.0,-577.1,44.3,1.0,0.0,0.0,0.0,0.0,0.0,0.0,0.0,0.0,-3.34,9.05,72.9,0.8,34.5,65.882,35.0,1554.0
1779273690951769258,2026-05-20 16:11:30.951,0X0000,1,1,1,1,0.8,0.8,0.8,0.8,-428.7,-113.7,259.0,-74.7,0.0,0.0,0.0,0.0,0.0,0.0,0.0,0.0,0.0,0.0,0.0,0.0,0.0,0.0,0.0,0.0,0.0,0.0,0.0,0.0,0.0,0.0,0.0,0.0,-4.01,6.98,79.8,0.8,34.4,65.882,35.0,1554.0
1779273691318022869,+2026-05-20 16:11:31.317,0X0000,1,1,1,1,0.8,0.8,0.8,0.8,-428.5,-129.3,290.6,240.4,0.0,0.0,0.0,0.0,0.0,0.0,0.0,0.0,-0.9597,-0.49339999999999995,-0.0073,0.001,431.6,-985.7,82.3,1.0,0.0,0.0,0.0,0.0,0.0,0.0,0.0,0.0,-3.72,3.45,86.5,0.8,34.5,65.882,35.0,1554.0
1779273691656221350,2026-05-20 16:11:31.655,0X0000,1,1,1,1,0.8,0.8,0.8,0.8,-358.6,-25.4,282.2,11.8,0.0,0.0,0.0,0.0,0.0,0.0,0.0,0.0,0.0,0.0,0.0,0.0,0.0,0.0,0.0,0.0,0.0,0.0,0.0,0.0,0.0,0.0,0.0,0.0,-3.35,-0.38,91.8,0.8,34.4,65.882,35.0,1554.0
1779273692018177572,)2026-05-20 16:11:32.017,0X0000,1,1,1,1,0.8,0.8,0.8,0.8,-222.1,0.2,300.8,41.6,0.0,0.0,0.0,0.0,0.0,0.0,0.0,0.0,-0.6979,-0.055299999999999995,0.0324,0.001,138.6,-686.6,-25.3,1.0,0.0,0.0,0.0,0.0,0.0,0.0,0.0,0.0,-2.35,-4.92,96.9,0.8,34.5,65.882,35.0,1554.0
1779273692373693405,2026-05-20 16:11:32.372,0X0000,1,1,1,1,0.8,0.8,0.8,0.8,-210.9,4.8,227.2,-1.3,0.0,0.0,0.0,0.0,0.0,0.0,0.0,0.0,-0.5847,0.0081,0.0053,0.001,69.3,-580.6,-8.0,1.0,0.0,0.0,0.0,0.0,0.0,0.0,0.0,0.0,-2.87,-1.26,97.6,0.8,34.4,65.882,35.0,1554.0
1779273692737127683,2026-05-20 16:11:32.736,0X0000,1,1,1,1,0.8,0.8,0.8,0.8,-167.7,-90.2,153.2,-29.0,0.0,0.0,0.0,0.0,0.0,0.0,0.0,0.0,-0.4283,-0.08170000000000001,-0.0361,0.001,156.9,-407.4,-28.3,1.0,0.0,0.0,0.0,0.0,0.0,0.0,0.0,0.0,-2.39,0.59,100.1,0.8,34.4,65.882,35.0,1554.0
1779273693096317961,62026-05-20 16:11:33.095,0X0000,1,1,1,1,0.8,0.8,0.8,0.8,-161.9,-17.7,157.0,5.2,0.0,0.0,0.0,0.0,0.0,0.0,0.0,0.0,-0.42560000000000003,-0.030600000000000002,-0.0047,0.001,109.1,-412.5,5.7,1.0,0.0,0.0,0.0,0.0,0.0,0.0,0.0,0.0,-2.53,1.22,100.7,0.8,34.4,65.882,35.0,1554.0
1779273693458013831,2026-05-20 16:11:33.457,0X0000,1,1,1,1,0.8,0.8,0.8,0.8,-155.3,-31.4,137.1,-68.6,0.0,0.0,0.0,0.0,0.0,0.0,0.0,0.0,-0.3902,0.0496,-0.0319,0.001,37.8,-392.1,-24.1,1.0,0.0,0.0,0.0,0.0,0.0,0.0,0.0,0.0,-2.12,1.42,102.6,0.8,34.4,65.882,35.0,1554.0
1779273693817688997,(2026-05-20 16:11:33.817,0X0000,1,1,1,1,0.8,0.8,0.8,0.8,-146.9,-5.0,143.4,-27.0,0.0,0.0,0.0,0.0,0.0,0.0,0.0,0.0,-0.38739999999999997,0.0294,-0.0096,0.001,71.5,-382.0,-2.7,1.0,0.0,0.0,0.0,0.0,0.0,0.0,0.0,0.0,-2.54,1.22,104.9,0.8,34.4,65.882,35.0,1554.0
1779273694151293108,2026-05-20 16:11:34.150,0X0000,1,1,1,1,0.8,0.8,0.8,0.8,-594.5,3.6,148.4,-8.6,0.0,0.0,0.0,0.0,0.0,0.0,0.0,0.0,0.0,0.0,0.0,0.0,0.0,0.0,0.0,0.0,0.0,0.0,0.0,0.0,0.0,0.0,0.0,0.0,-3.02,1.38,107.1,0.8,34.4,65.882,35.0,1554.0
1779273694510512756,)2026-05-20 16:11:34.509,0X0000,1,1,1,1,0.8,0.8,0.8,0.8,-137.9,-16.5,139.4,-2.1,0.0,0.0,0.0,0.0,0.0,0.0,0.0,0.0,-0.37010000000000004,-0.0192,-0.0046,0.001,136.8,-344.4,6.4,1.0,0.0,0.0,0.0,0.0,0.0,0.0,0.0,0.0,-2.16,1.59,108.7,0.8,34.4,65.882,35.0,1554.0
1779273694868018682,52026-05-20 16:11:34.867,0X0000,1,1,1,1,0.8,0.8,0.8,0.8,-138.0,-7.1,133.0,-9.8,0.0,0.0,0.0,0.0,0.0,0.0,0.0,0.0,-0.36169999999999997,0.0036,-0.005900000000000001,0.001,125.8,-339.2,1.8,1.0,0.0,0.0,0.0,0.0,0.0,0.0,0.0,0.0,-2.76,1.25,110.9,0.8,34.5,65.882,35.0,1554.0
1779273695226688015,72026-05-20 16:11:35.225,0X0000,1,1,1,1,0.8,0.8,0.8,0.8,-145.0,-13.8,132.3,-3.9,0.0,0.0,0.0,0.0,0.0,0.0,0.0,0.0,-0.37010000000000004,-0.0132,-0.008199999999999999,0.001,156.3,-335.9,1.3,1.0,0.0,0.0,0.0,0.0,0.0,0.0,0.0,0.0,-2.32,1.39,112.9,0.8,34.4,65.882,35.0,1554.0
1779273695587779718,2026-05-20 16:11:35.587,0X0000,1,1,1,1,0.8,0.8,0.8,0.8,-175.7,-37.5,130.5,-14.0,0.0,0.0,0.0,0.0,0.0,0.0,0.0,0.0,-0.4087,-0.0314,-0.0261,0.001,191.3,-363.5,0.9,1.0,0.0,0.0,0.0,0.0,0.0,0.0,0.0,0.0,-2.46,3.6,113.3,0.8,34.4,65.882,35.0,1554.0
1779273695951577681,+2026-05-20 16:11:35.951,0X0000,1,1,1,1,0.8,0.8,0.8,0.8,-256.5,-48.9,177.5,-23.3,0.0,0.0,0.0,0.0,0.0,0.0,0.0,0.0,-0.5792,-0.0342,-0.040799999999999996,0.001,267.1,-515.6,34.6,1.0,0.0,0.0,0.0,0.0,0.0,0.0,0.0,0.0,-2.55,7.3,114.0,0.8,34.4,65.882,35.0,1554.0
1779273696288121996,2026-05-20 16:11:36.287,0X0000,1,1,1,1,0.9,0.8,0.8,0.8,-375.8,-74.5,218.1,-73.0,0.0,0.0,0.0,0.0,0.0,0.0,0.0,0.0,0.0,0.0,0.0,0.0,0.0,0.0,0.0,0.0,0.0,0.0,0.0,0.0,0.0,0.0,0.0,0.0,-2.53,7.92,115.7,0.8,34.5,65.882,35.0,1554.0
1779273696650774977,(2026-05-20 16:11:36.650,0X0000,1,1,1,1,0.9,0.8,0.8,0.8,-388.5,-67.8,342.3,-30.3,0.0,0.0,0.0,0.0,0.0,0.0,0.0,0.0,-0.9753999999999999,-0.05,-0.0389,0.001,497.2,-840.1,49.1,1.0,0.0,0.0,0.0,0.0,0.0,0.0,0.0,0.0,-2.37,5.05,117.7,0.8,34.4,65.882,35.0,1554.0
1779273697012799810,)2026-05-20 16:11:37.012,0X0000,1,1,1,1,0.8,0.8,0.8,0.8,-372.7,-36.1,301.6,-51.5,0.0,0.0,0.0,0.0,0.0,0.0,0.0,0.0,-0.8998999999999999,0.0206,-0.0428,0.001,412.1,-801.2,14.1,1.0,0.0,0.0,0.0,0.0,0.0,0.0,0.0,0.0,-2.13,3.67,118.5,0.8,34.4,65.882,35.0,1554.0
1779273697376036458,G2026-05-20 16:11:37.375,0X0000,1,1,1,1,0.8,0.8,0.8,0.8,-384.6,-54.7,291.7,-33.4,0.0,0.0,0.0,0.0,0.0,0.0,0.0,0.0,-0.9026000000000001,-0.028399999999999998,-0.048799999999999996,0.001,476.2,-768.2,-33.2,1.0,0.0,0.0,0.0,0.0,0.0,0.0,0.0,0.0,-2.18,0.92,119.9,0.8,34.5,65.882,35.0,1554.0
1779273697742492069,2026-05-20 16:11:37.741,0X0000,1,1,1,1,0.8,0.9,0.8,0.8,-314.3,-108.4,305.1,5.5,0.0,0.0,0.0,0.0,0.0,0.0,0.0,0.0,-0.8267,-0.152,-0.0303,0.001,558.2,-628.1,-36.2,1.0,0.0,0.0,0.0,0.0,0.0,0.0,0.0,0.0,-2.76,-0.92,121.1,0.8,34.4,65.882,35.0,1554.0
1779273698076183532,2026-05-20 16:11:38.075,0X0000,1,1,1,1,0.8,0.8,0.8,0.8,-212.1,79.4,220.2,8.5,0.0,0.0,0.0,0.0,0.0,0.0,0.0,0.0,0.0,0.0,0.0,0.0,0.0,0.0,0.0,0.0,0.0,0.0,0.0,0.0,0.0,0.0,0.0,0.0,-2.39,-4.94,125.4,0.8,34.5,65.882,35.0,1554.0
1779273698433733568,2026-05-20 16:11:38.433,0X0000,1,1,1,1,0.8,0.8,0.8,0.8,-156.0,5.1,166.1,6.1,0.0,0.0,0.0,0.0,0.0,0.0,0.0,0.0,-0.4299,-0.0013,0.0057,0.001,265.1,-338.1,-17.3,1.0,0.0,0.0,0.0,0.0,0.0,0.0,0.0,0.0,-2.0,-3.07,127.9,0.8,34.4,65.882,35.0,1554.0
1779273698770020124,2026-05-20 16:11:38.769,0X0000,1,1,1,1,0.8,0.9,0.8,0.8,-94.4,-35.8,75.3,-21.7,0.0,0.0,0.0,0.0,0.0,0.0,0.0,0.0,0.0,0.0,0.0,0.0,0.0,0.0,0.0,0.0,0.0,0.0,0.0,0.0,0.0,0.0,0.0,0.0,-1.63,-1.86,132.5,0.8,34.5,65.882,35.0,1554.0
1779273699125360438,2026-05-20 16:11:39.124,0X0000,1,1,1,1,0.8,0.8,0.8,0.8,-58.3,13.4,86.0,-12.1,0.0,0.0,0.0,0.0,0.0,0.0,0.0,0.0,-0.1926,0.034,0.0078,0.001,117.4,-156.4,8.7,1.0,0.0,0.0,0.0,0.0,0.0,0.0,0.0,0.0,-1.98,0.61,137.0,0.8,34.5,65.882,35.0,1554.0
1779273699484903605,2026-05-20 16:11:39.484,0X0000,1,1,1,1,0.8,0.8,0.8,0.8,-64.0,19.4,62.0,-63.8,0.0,0.0,0.0,0.0,0.0,0.0,0.0,0.0,-0.1682,0.111,-0.0125,0.001,72.0,-188.2,-13.1,1.0,0.0,0.0,0.0,0.0,0.0,0.0,0.0,0.0,-2.15,1.22,144.2,0.8,34.4,65.882,35.0,1554.0
1779273699840277142,2026-05-20 16:11:39.839,0X0000,1,1,1,1,0.8,0.9,0.8,0.8,-49.9,28.5,45.2,-20.9,0.0,0.0,0.0,0.0,0.0,0.0,0.0,0.0,-0.1269,0.0659,0.0008,0.001,79.9,-118.6,1.3,1.0,0.0,0.0,0.0,0.0,0.0,0.0,0.0,0.0,-1.99,1.27,151.4,0.8,34.4,65.882,35.0,1554.0
1779273700197738771,2026-05-20 16:11:40.197,0X0000,1,1,1,1,0.9,0.9,0.8,0.8,-61.6,29.4,48.9,-28.8,0.0,0.0,0.0,0.0,0.0,0.0,0.0,0.0,-0.1475,0.0777,-0.0033,0.001,112.0,-123.5,-3.8,1.0,0.0,0.0,0.0,0.0,0.0,0.0,0.0,0.0,-2.67,1.21,159.9,0.8,34.5,65.882,35.0,1554.0
1779273700552758123,2026-05-20 16:11:40.552,0X0000,1,1,1,1,0.9,0.8,0.8,0.8,-40.2,25.7,37.5,-25.0,0.0,0.0,0.0,0.0,0.0,0.0,0.0,0.0,-0.1037,0.0677,-0.0006,0.001,87.2,-87.8,-2.1,1.0,0.0,0.0,0.0,0.0,0.0,0.0,0.0,0.0,-3.02,1.13,167.9,0.8,34.4,65.882,35.0,1554.0
1779273700921886271,'2026-05-20 16:11:40.921,0X0000,1,0,1,1,0.9,0.0,0.8,0.8,-27.5,0.0,26.1,-23.8,0.0,-610.0,0.0,0.0,0.0,1.0,0.0,0.0,-0.0715,0.061700000000000005,-0.0008,0.001,66.4,-67.0,-2.0,1.0,0.0,0.0,0.0,0.0,0.0,0.0,0.0,0.0,-2.39,1.1,175.5,0.8,34.4,65.882,35.0,1554.0
1779273701269858326,2026-05-20 16:11:41.269,0X0000,1,0,1,1,0.9,0.0,0.8,0.8,-12.7,0.0,18.3,-188.4,0.0,-572.0,0.0,0.0,0.0,1.0,0.0,0.0,0.0,0.0,0.0,0.0,0.0,0.0,0.0,0.0,0.0,0.0,0.0,0.0,0.0,0.0,0.0,0.0,-2.68,1.08,184.4,0.8,34.4,65.882,35.0,1554.0
1779273701637944881,!2026-05-20 16:11:41.637,0X0000,1,1,1,1,0.9,0.2,0.2,0.8,-18.3,693.1,-1187.7,-29.2,0.0,0.0,0.0,0.0,0.0,0.0,0.0,0.0,1.5607,0.964,-0.1462,0.001,-1315.3,-1268.8,-216.2,1.0,0.0,0.0,0.0,0.0,0.0,0.0,0.0,0.0,-2.27,1.18,192.4,0.2,34.5,65.882,35.0,1554.0
1779273701971755529,2026-05-20 16:11:41.971,0X0000,1,1,1,1,0.9,0.2,0.2,0.8,29.3,-711.1,-335.5,-36.3,0.0,0.0,0.0,0.0,0.0,0.0,0.0,0.0,0.0,0.0,0.0,0.0,0.0,0.0,0.0,0.0,0.0,0.0,0.0,0.0,0.0,0.0,0.0,0.0,-2.55,1.27,201.3,0.2,34.4,65.882,35.0,1554.0
1779273702338870474,2026-05-20 16:11:42.338,0X0000,1,1,0,1,0.9,0.8,0.0,0.8,-26.1,21.9,0.0,-22.7,0.0,0.0,514.0,0.0,0.0,0.0,1.0,0.0,-0.0686,0.0595,-0.0004,0.001,88.6,-19.7,1.9,1.0,0.0,0.0,0.0,0.0,0.0,0.0,0.0,0.0,-2.55,4.14,208.4,0.8,34.5,65.882,35.0,1554.0
1779273702705650899,%2026-05-20 16:11:42.705,0X0000,1,1,0,1,0.9,0.8,0.0,0.8,-103.5,-4.7,0.0,-36.9,0.0,0.0,-84.0,0.0,0.0,0.0,1.0,0.0,-0.22069999999999998,0.043,-0.0224,0.001,211.1,80.4,0.0,1.0,0.0,0.0,0.0,0.0,0.0,0.0,0.0,0.0,-2.63,6.29,211.7,0.8,34.4,65.882,35.0,1554.0
1779273703042189677,2026-05-20 16:11:43.041,0X0000,1,1,1,1,0.9,0.9,0.4,0.8,-213.7,-17.3,321.1,-44.4,0.0,0.0,0.0,0.0,0.0,0.0,0.0,0.0,0.0,0.0,0.0,0.0,0.0,0.0,0.0,0.0,0.0,0.0,0.0,0.0,0.0,0.0,0.0,0.0,-2.72,7.95,213.7,0.4,34.5,65.882,35.0,1554.0
1779273703406110677,2026-05-20 16:11:43.405,0X0000,1,1,1,1,0.9,0.9,0.8,0.8,-343.1,-82.6,237.8,-65.4,0.0,0.0,0.0,0.0,0.0,0.0,0.0,0.0,-0.7753,-0.023,-0.0683,0.001,629.5,456.2,43.7,1.0,0.0,0.0,0.0,0.0,0.0,0.0,0.0,0.0,-2.58,8.18,214.2,0.8,34.4,65.882,35.0,1554.0
1779273703760849176,2026-05-20 16:11:43.760,0X0000,1,1,1,0,0.9,0.9,0.1,0.0,-421.2,-46.1,-1153.6,0.0,0.0,0.0,0.0,-179.0,0.0,0.0,0.0,2.0,0.0,0.0,0.0,0.0,0.0,0.0,0.0,0.0,0.0,0.0,0.0,0.0,0.0,0.0,0.0,0.0,-2.56,5.01,212.9,0.1,34.5,65.882,35.0,1554.0
1779273704124635602,(2026-05-20 16:11:44.124,0X0000,1,1,1,1,0.9,0.8,0.8,0.8,-346.4,-42.3,340.6,-50.0,0.0,0.0,0.0,0.0,0.0,0.0,0.0,0.0,-0.9168999999999999,0.0103,-0.0265,0.001,778.8,483.8,30.3,1.0,0.0,0.0,0.0,0.0,0.0,0.0,0.0,0.0,-2.15,3.58,212.5,0.8,34.5,65.882,35.0,1554.0
1779273704486751509,(2026-05-20 16:11:44.486,0X0000,1,1,1,1,0.9,0.9,0.8,0.8,-416.5,-51.5,324.6,-56.7,0.0,0.0,0.0,0.0,0.0,0.0,0.0,0.0,-0.9891,0.006900000000000001,-0.054,0.001,851.3,506.5,-2.4,1.0,0.0,0.0,0.0,0.0,0.0,0.0,0.0,0.0,-1.92,3.0,211.1,0.8,34.5,65.882,35.0,1554.0
1779273704848456250,52026-05-20 16:11:44.847,0X0000,1,1,1,1,0.9,0.8,0.8,0.8,-430.3,60.3,315.4,-124.1,0.0,0.0,0.0,0.0,0.0,0.0,0.0,0.0,-0.9952000000000001,0.24609999999999999,-0.0482,0.001,983.1,294.6,-4.9,1.0,0.0,0.0,0.0,0.0,0.0,0.0,0.0,0.0,-2.11,3.02,210.5,0.8,34.5,65.882,35.0,1554.0
1779273705210584268,(2026-05-20 16:11:45.209,0X0000,1,1,1,1,0.9,0.9,0.8,0.8,-379.1,-60.7,357.0,-43.3,0.0,0.0,0.0,0.0,0.0,0.0,0.0,0.0,-0.9823999999999999,-0.0232,-0.034,0.001,849.2,495.4,14.1,1.0,0.0,0.0,0.0,0.0,0.0,0.0,0.0,0.0,-1.73,2.77,208.9,0.8,34.5,65.882,35.0,1554.0
1779273705570086286,2026-05-20 16:11:45.569,0X0000,1,1,1,1,0.9,0.9,0.8,0.8,-388.6,-36.1,303.2,-37.3,0.0,0.0,0.0,0.0,0.0,0.0,0.0,0.0,-0.9233,0.0016,-0.0429,0.001,818.1,430.2,5.0,1.0,0.0,0.0,0.0,0.0,0.0,0.0,0.0,0.0,-1.8,2.98,207.8,0.8,34.5,65.882,35.0,1554.0
1779273705927683231,2026-05-20 16:11:45.927,0X0000,1,1,1,1,0.9,0.9,0.8,0.8,-461.6,5.4,327.6,3.6,0.0,0.0,0.0,0.0,0.0,0.0,0.0,0.0,-1.0533,0.0024,-0.0337,0.001,943.1,469.6,22.6,1.0,0.0,0.0,0.0,0.0,0.0,0.0,0.0,0.0,-1.69,3.07,206.6,0.8,34.5,65.882,35.0,1554.0
1779273706291775749,+2026-05-20 16:11:46.290,0X0000,1,1,1,1,0.9,0.8,0.8,0.8,-421.2,-65.6,340.3,-24.8,0.0,0.0,0.0,0.0,0.0,0.0,0.0,0.0,-1.0163,-0.0545,-0.046200000000000005,0.001,890.2,495.5,11.1,1.0,0.0,0.0,0.0,0.0,0.0,0.0,0.0,0.0,-2.06,3.12,206.0,0.8,34.5,65.882,35.0,1554.0
1779273706655596730,*2026-05-20 16:11:46.654,0X0000,1,1,1,1,0.8,0.9,0.8,0.8,-429.9,-66.1,280.2,-51.0,0.0,0.0,0.0,0.0,0.0,0.0,0.0,0.0,-0.9477000000000001,-0.0202,-0.0719,0.001,857.0,409.2,-44.5,1.0,0.0,0.0,0.0,0.0,0.0,0.0,0.0,0.0,-1.83,1.62,204.2,0.8,34.5,65.882,35.0,1554.0
1779273707017122508,2026-05-20 16:11:47.016,0X0000,1,1,1,1,0.8,0.8,0.8,0.8,-322.6,-20.1,289.7,18.8,0.0,0.0,0.0,0.0,0.0,0.0,0.0,0.0,-0.8172,-0.0519,-0.0092,0.001,719.3,390.4,-27.9,1.0,0.0,0.0,0.0,0.0,0.0,0.0,0.0,0.0,-2.68,-1.48,204.8,0.8,34.5,65.882,35.0,1554.0
1779273707376925119,2026-05-20 16:11:47.376,0X0000,1,1,1,1,0.8,0.8,0.8,0.8,-268.5,-22.2,294.7,8.1,0.0,0.0,0.0,0.0,0.0,0.0,0.0,0.0,-0.7517,-0.0404,0.0032,0.001,651.7,372.1,-58.9,1.0,0.0,0.0,0.0,0.0,0.0,0.0,0.0,0.0,-3.77,-4.94,206.5,0.8,34.5,65.882,35.0,1554.0
1779273707713271989,2026-05-20 16:11:47.712,0X0000,1,1,1,1,0.8,0.8,0.8,0.8,-173.4,13.3,166.5,-8.1,0.0,0.0,0.0,0.0,0.0,0.0,0.0,0.0,0.0,0.0,0.0,0.0,0.0,0.0,0.0,0.0,0.0,0.0,0.0,0.0,0.0,0.0,0.0,0.0,-2.67,-2.94,211.8,0.8,34.5,65.882,35.0,1554.0
1779273708072542229,2026-05-20 16:11:48.071,0X0000,1,1,1,1,0.8,0.8,0.8,0.8,-54.3,-23.4,90.3,-31.1,0.0,0.0,0.0,0.0,0.0,0.0,0.0,0.0,-0.193,0.0103,-0.005,0.001,163.5,101.9,-16.3,1.0,0.0,0.0,0.0,0.0,0.0,0.0,0.0,0.0,-1.69,-3.28,214.9,0.8,34.5,65.882,35.0,1554.0
1779273708428046748,2026-05-20 16:11:48.427,0X0000,1,1,1,1,0.8,0.8,0.8,0.8,-55.9,-3.5,70.4,-16.5,0.0,0.0,0.0,0.0,0.0,0.0,0.0,0.0,-0.1686,0.0174,-0.0015,0.001,130.8,107.8,2.4,1.0,0.0,0.0,0.0,0.0,0.0,0.0,0.0,0.0,-2.3,1.55,225.4,0.8,34.5,65.882,35.0,1554.0
1779273708779098451,2026-05-20 16:11:48.778,0X0000,1,1,1,1,0.8,0.8,0.8,0.8,-69.3,7.9,53.9,3.1,0.0,0.0,0.0,0.0,0.0,0.0,0.0,0.0,-0.16440000000000002,0.0064,-0.0012,0.001,105.6,126.2,2.6,1.0,0.0,0.0,0.0,0.0,0.0,0.0,0.0,0.0,-2.69,1.43,232.3,0.8,34.5,65.882,35.0,1554.0
1779273709132438655,2026-05-20 16:11:49.131,0X0000,1,1,1,1,0.8,0.8,0.8,0.8,-33.2,27.9,45.6,-11.5,0.0,0.0,0.0,0.0,0.0,0.0,0.0,0.0,-0.1052,0.0526,0.0077,0.001,98.0,65.0,8.1,1.0,0.0,0.0,0.0,0.0,0.0,0.0,0.0,0.0,-2.04,1.27,240.3,0.8,34.5,65.882,35.0,1554.0
1779273709499744766,2026-05-20 16:11:49.499,0X0000,1,0,1,1,0.8,0.0,0.8,0.8,-51.1,0.0,52.9,-36.0,0.0,-573.0,0.0,0.0,0.0,1.0,0.0,0.0,-0.1388,0.0985,0.001,0.001,142.2,93.5,-0.6,1.0,0.0,0.0,0.0,0.0,0.0,0.0,0.0,0.0,-2.46,1.07,248.7,0.8,34.5,65.882,35.0,1554.0
1779273709868743765,&2026-05-20 16:11:49.868,0X0000,1,0,1,1,0.8,0.0,0.8,0.8,-35.2,0.0,16.2,-27.5,0.0,-377.0,0.0,0.0,0.0,1.0,0.0,0.0,-0.0686,0.048,-0.010199999999999999,0.001,61.4,56.9,-10.7,1.0,0.0,0.0,0.0,0.0,0.0,0.0,0.0,0.0,-2.3,1.22,257.5,0.8,34.5,65.882,35.0,1554.0
1779273710233378987,#2026-05-20 16:11:50.232,0X0000,1,0,1,1,0.8,0.0,0.8,0.8,-24.1,0.0,35.9,-20.9,0.0,156.0,0.0,0.0,0.0,1.0,0.0,0.0,-0.08009999999999999,0.0715,0.0064,0.001,76.3,75.6,5.4,1.0,0.0,0.0,0.0,0.0,0.0,0.0,0.0,0.0,-2.01,1.11,266.6,0.8,34.6,65.882,35.0,1555.0
1779273710600511283,2026-05-20 16:11:50.599,0X0000,1,0,1,1,0.8,0.0,0.8,0.7,-28.1,0.0,19.8,-25.9,0.0,-497.0,0.0,0.0,0.0,1.0,0.0,0.0,-0.0639,0.0581,-0.0045,0.001,51.9,69.0,-5.6,1.0,0.0,0.0,0.0,0.0,0.0,0.0,0.0,0.0,-2.35,1.15,275.2,0.7,34.5,65.882,35.0,1554.0
1779273710965361913,#2026-05-20 16:11:50.964,0X0000,1,0,1,1,0.8,0.0,0.8,0.7,-15.4,0.0,20.4,-24.9,0.0,458.0,0.0,0.0,0.0,1.0,0.0,0.0,-0.047799999999999995,0.0731,0.0027,0.001,59.3,64.2,1.2,1.0,0.0,0.0,0.0,0.0,0.0,0.0,0.0,0.0,-2.01,1.3,284.1,0.7,34.6,65.882,35.0,1555.0
1779273711319402209,#2026-05-20 16:11:51.318,0X0000,1,1,1,1,0.8,0.8,0.8,0.7,-19.9,30.3,7.0,-26.2,0.0,0.0,0.0,0.0,0.0,0.0,0.0,0.0,-0.0359,0.07540000000000001,-0.0024,0.001,55.7,62.2,-4.1,1.0,0.0,0.0,0.0,0.0,0.0,0.0,0.0,0.0,-1.99,1.39,292.6,0.7,34.6,65.882,35.0,1555.0
1779273711664686727,2026-05-20 16:11:51.664,0X0000,1,1,0,1,0.8,0.8,0.0,0.7,-5.5,-335.4,0.0,-27.6,0.0,0.0,56.0,0.0,0.0,0.0,1.0,0.0,0.0,0.0,0.0,0.0,0.0,0.0,0.0,0.0,0.0,0.0,0.0,0.0,0.0,0.0,0.0,0.0,-2.51,1.37,300.4,0.7,34.6,65.882,35.0,1555.0
1779273712015380505,2026-05-20 16:11:52.014,0X0000,1,1,1,1,0.8,0.8,0.8,0.7,-0.2,36.0,5.3,-23.8,0.0,0.0,0.0,0.0,0.0,0.0,0.0,0.0,-0.0073,0.0798,0.0047,0.001,58.4,55.0,1.9,1.0,0.0,0.0,0.0,0.0,0.0,0.0,0.0,0.0,-2.15,1.41,308.1,0.7,34.6,65.882,35.0,1555.0
1779273712362153134,2026-05-20 16:11:52.361,0X0000,1,1,0,1,0.1,0.8,0.0,0.7,-472.2,162.3,0.0,-18.9,0.0,0.0,758.0,0.0,0.0,0.0,2.0,0.0,0.0,0.0,0.0,0.0,0.0,0.0,0.0,0.0,0.0,0.0,0.0,0.0,0.0,0.0,0.0,0.0,-2.29,2.46,315.0,0.1,34.6,65.882,35.0,1555.0
1779273712723692301,(2026-05-20 16:11:52.723,0X0000,1,1,1,1,0.8,0.8,0.7,0.7,-119.3,-7.0,51.1,-40.4,0.0,0.0,0.0,0.0,0.0,0.0,0.0,0.0,-0.22740000000000002,0.0446,-0.0312,0.001,-145.5,182.8,-8.4,1.0,0.0,0.0,0.0,0.0,0.0,0.0,0.0,0.0,-2.52,6.21,319.3,0.7,34.6,65.882,35.0,1555.0
1779273713061450004,2026-05-20 16:11:53.060,0X0000,1,1,1,1,0.8,0.8,0.3,0.7,-185.9,336.9,-183.7,-47.8,0.0,0.0,0.0,0.0,0.0,0.0,0.0,0.0,0.0,0.0,0.0,0.0,0.0,0.0,0.0,0.0,0.0,0.0,0.0,0.0,0.0,0.0,0.0,0.0,-2.82,8.21,321.4,0.3,34.6,65.882,35.0,1555.0
1779273713436863671,2026-05-20 16:11:53.436,0X0000,0,1,1,1,0.8,0.8,0.7,0.7,0.0,-45.6,123.6,-62.3,315.0,0.0,0.0,0.0,1.0,0.0,0.0,0.0,-0.4739,0.0223,-0.0582,0.001,-362.8,311.2,4.6,1.0,0.0,0.0,0.0,0.0,0.0,0.0,0.0,0.0,-2.81,7.68,321.9,0.7,34.6,65.882,35.0,1555.0
1779273713658619393,2026-05-20 16:11:53.658,0X0008,1,1,1,1,0.1,0.8,0.1,0.1,0.0,0.0,0.0,0.0,0.0,0.0,0.0,0.0,0.0,0.0,0.0,0.0,0.0,0.0,0.0,0.0,0.0,0.0,0.0,0.0,0.0,0.0,0.0,0.0,0.0,0.0,0.0,0.0,-2.47,6.51,321.5,0.1,34.6,65.882,35.0,1555.0
1779273714006441763,2026-05-20 16:11:54.005,0X0000,1,0,1,1,0.8,0.0,0.7,0.7,-431.2,0.0,269.3,-58.8,0.0,335.0,0.0,0.0,0.0,1.0,0.0,0.0,0.0,0.0,0.0,0.0,0.0,0.0,0.0,0.0,0.0,0.0,0.0,0.0,0.0,0.0,0.0,0.0,-2.29,4.21,320.8,0.7,34.6,65.882,35.0,1555.0
1779273714370050078,2026-05-20 16:11:54.369,0X0000,1,1,1,1,0.8,0.8,0.8,0.7,-410.5,-38.6,323.0,-27.9,0.0,0.0,0.0,0.0,0.0,0.0,0.0,0.0,-0.979,-0.0143,-0.0416,0.001,-760.1,618.4,8.7,1.0,0.0,0.0,0.0,0.0,0.0,0.0,0.0,0.0,-1.9,2.92,320.0,0.7,34.6,65.882,35.0,1555.0
1779273714736329188,)2026-05-20 16:11:54.735,0X0000,1,1,1,1,0.8,0.8,0.8,0.7,-486.1,-34.5,300.7,-61.7,0.0,0.0,0.0,0.0,0.0,0.0,0.0,0.0,-1.0500999999999998,0.0363,-0.076,0.001,-767.8,721.0,-19.9,1.0,0.0,0.0,0.0,0.0,0.0,0.0,0.0,0.0,-1.79,3.12,318.7,0.7,34.6,65.882,35.0,1555.0
1779273715098310392,62026-05-20 16:11:55.097,0X0000,1,1,1,1,0.8,0.8,0.8,0.7,-417.0,-52.7,324.6,-54.2,0.0,0.0,0.0,0.0,0.0,0.0,0.0,0.0,-0.9897999999999999,0.002,-0.053700000000000005,0.001,-728.9,671.7,-8.2,1.0,0.0,0.0,0.0,0.0,0.0,0.0,0.0,0.0,-1.79,2.64,317.4,0.7,34.6,65.882,35.0,1555.0
1779273715462278151,+2026-05-20 16:11:55.461,0X0000,1,1,1,1,0.8,0.8,0.8,0.7,-415.6,-93.4,309.9,-29.4,0.0,0.0,0.0,0.0,0.0,0.0,0.0,0.0,-0.9682999999999999,-0.0854,-0.0616,0.001,-760.0,609.1,-11.7,1.0,0.0,0.0,0.0,0.0,0.0,0.0,0.0,0.0,-1.62,2.81,316.2,0.7,34.6,65.882,35.0,1555.0
1779273715823897928,)2026-05-20 16:11:55.823,0X0000,1,1,1,1,0.8,0.8,0.8,0.7,-390.2,-35.5,328.4,-60.6,0.0,0.0,0.0,0.0,0.0,0.0,0.0,0.0,-0.9591000000000001,0.0335,-0.0426,0.001,-650.6,706.7,10.2,1.0,0.0,0.0,0.0,0.0,0.0,0.0,0.0,0.0,-2.12,3.23,314.6,0.7,34.6,65.882,35.0,1555.0
1779273716187992391,2026-05-20 16:11:56.187,0X0000,1,1,1,1,0.8,0.8,0.8,0.7,-410.1,-56.8,287.5,-45.8,0.0,0.0,0.0,0.0,0.0,0.0,0.0,0.0,-0.931,-0.0147,-0.060700000000000004,0.001,-650.1,669.2,-13.9,1.0,0.0,0.0,0.0,0.0,0.0,0.0,0.0,0.0,-1.84,2.85,313.2,0.7,34.6,65.882,35.0,1555.0
1779273716553501576,-2026-05-20 16:11:56.552,0X0000,1,1,1,1,0.8,0.8,0.8,0.8,-412.9,-181.1,331.8,-66.2,0.0,0.0,0.0,0.0,0.0,0.0,0.0,0.0,-0.9939,-0.15330000000000002,-0.0886,0.001,-781.6,638.3,-26.7,1.0,0.0,0.0,0.0,0.0,0.0,0.0,0.0,0.0,-2.18,3.23,311.9,0.8,34.6,65.882,35.0,1555.0
1779273716915382409,2026-05-20 16:11:56.914,0X0000,1,1,1,1,0.8,0.8,0.8,0.7,-354.2,-88.6,325.0,-88.1,0.0,0.0,0.0,0.0,0.0,0.0,0.0,0.0,-0.9065,-0.0007,-0.0555,0.001,-595.8,685.4,-7.4,1.0,0.0,0.0,0.0,0.0,0.0,0.0,0.0,0.0,-1.78,3.04,310.9,0.7,34.6,65.882,35.0,1555.0
1779273717276882594,*2026-05-20 16:11:57.276,0X0000,1,1,1,1,0.8,0.8,0.8,0.7,-395.6,-77.9,348.4,-60.6,0.0,0.0,0.0,0.0,0.0,0.0,0.0,0.0,-0.993,-0.023100000000000002,-0.0501,0.001,-652.2,750.9,2.8,1.0,0.0,0.0,0.0,0.0,0.0,0.0,0.0,0.0,-2.08,3.01,309.6,0.7,34.6,65.882,35.0,1555.0
1779273717638640094,)2026-05-20 16:11:57.638,0X0000,1,1,1,1,0.8,0.8,0.7,0.7,-375.6,-55.8,307.5,-31.3,0.0,0.0,0.0,0.0,0.0,0.0,0.0,0.0,-0.9117000000000001,-0.0327,-0.0419,0.001,-592.0,695.4,1.3,1.0,0.0,0.0,0.0,0.0,0.0,0.0,0.0,0.0,-2.44,2.63,308.3,0.7,34.6,65.882,35.0,1555.0
1779273718002300316,2026-05-20 16:11:58.001,0X0000,1,1,1,1,0.8,0.8,0.7,0.7,-452.2,-59.0,269.7,-52.3,0.0,0.0,0.0,0.0,0.0,0.0,0.0,0.0,-0.9635,-0.0089,-0.0792,0.001,-607.4,751.7,-27.1,1.0,0.0,0.0,0.0,0.0,0.0,0.0,0.0,0.0,-2.06,3.08,308.3,0.7,34.6,65.882,35.0,1555.0
1779273718366284334,72026-05-20 16:11:58.365,0X0000,1,1,1,1,0.8,0.8,0.7,0.7,-429.9,-56.2,315.0,-77.8,0.0,0.0,0.0,0.0,0.0,0.0,0.0,0.0,-0.9942000000000001,0.0288,-0.06720000000000001,0.001,-585.0,807.0,-16.6,1.0,0.0,0.0,0.0,0.0,0.0,0.0,0.0,0.0,-2.34,2.98,307.5,0.7,34.6,65.882,35.0,1555.0
1779273718728000408,2026-05-20 16:11:58.727,0X0000,1,1,1,1,0.8,0.8,0.8,0.7,-442.5,-22.0,292.3,-37.1,0.0,0.0,0.0,0.0,0.0,0.0,0.0,0.0,-0.9807,0.0202,-0.0565,0.001,-581.4,792.1,-6.9,1.0,0.0,0.0,0.0,0.0,0.0,0.0,0.0,0.0,-1.99,2.94,307.4,0.7,34.6,65.882,35.0,1555.0
1779273719089881297,*2026-05-20 16:11:59.089,0X0000,1,1,1,1,0.8,0.8,0.7,0.7,-420.9,-54.2,306.0,-49.9,0.0,0.0,0.0,0.0,0.0,0.0,0.0,0.0,-0.9701000000000001,-0.0057,-0.0591,0.001,-595.8,767.9,-4.2,1.0,0.0,0.0,0.0,0.0,0.0,0.0,0.0,0.0,-2.34,3.23,307.4,0.7,34.6,65.882,35.0,1555.0
1779273719451540223,2026-05-20 16:11:59.450,0X0000,1,1,1,1,0.8,0.8,0.7,0.7,-399.0,-52.8,325.9,-44.5,0.0,0.0,0.0,0.0,0.0,0.0,0.0,0.0,-0.9675,-0.0111,-0.046,0.001,-599.0,761.2,4.3,1.0,0.0,0.0,0.0,0.0,0.0,0.0,0.0,0.0,-2.13,2.96,307.5,0.7,34.6,65.882,35.0,1555.0
1779273719787830130,2026-05-20 16:11:59.787,0X0000,1,1,1,1,0.8,0.8,0.7,0.7,-606.5,-29.6,321.5,-38.7,0.0,0.0,0.0,0.0,0.0,0.0,0.0,0.0,0.0,0.0,0.0,0.0,0.0,0.0,0.0,0.0,0.0,0.0,0.0,0.0,0.0,0.0,0.0,0.0,-2.33,2.9,307.5,0.7,34.6,65.882,35.0,1555.0
1779273720153964648,2026-05-20 16:12:00.153,0X0000,1,1,1,1,0.8,0.8,0.7,0.7,-483.3,-102.9,307.4,-84.4,0.0,0.0,0.0,0.0,0.0,0.0,0.0,0.0,-1.0553,-0.0247,-0.098,0.001,-670.8,820.0,-40.0,1.0,0.0,0.0,0.0,0.0,0.0,0.0,0.0,0.0,-2.38,3.09,307.8,0.7,34.6,65.882,35.0,1555.0
1779273720513443944,(2026-05-20 16:12:00.512,0X0000,1,1,1,1,0.8,0.8,0.7,0.7,-360.5,-56.8,316.6,-63.0,0.0,0.0,0.0,0.0,0.0,0.0,0.0,0.0,-0.9037000000000001,0.0083,-0.0442,0.001,-557.4,712.8,4.6,1.0,0.0,0.0,0.0,0.0,0.0,0.0,0.0,0.0,-2.44,3.12,308.5,0.7,34.6,65.882,35.0,1555.0
1779273720879283481,2026-05-20 16:12:00.878,0X0000,1,1,1,1,0.8,0.8,0.7,0.7,-471.5,-66.0,295.4,-34.6,0.0,0.0,0.0,0.0,0.0,0.0,0.0,0.0,-1.0235,-0.0419,-0.0747,0.001,-675.7,773.2,-21.7,1.0,0.0,0.0,0.0,0.0,0.0,0.0,0.0,0.0,-2.51,2.86,308.7,0.7,34.6,65.882,35.0,1555.0
1779273721245071166,+2026-05-20 16:12:01.244,0X0000,1,1,1,1,0.8,0.8,0.7,0.7,-364.1,-165.8,288.1,-60.9,0.0,0.0,0.0,0.0,0.0,0.0,0.0,0.0,-0.8705,-0.14,-0.08170000000000001,0.001,-663.2,586.0,-29.2,1.0,0.0,0.0,0.0,0.0,0.0,0.0,0.0,0.0,-2.24,3.09,309.3,0.7,34.6,65.882,35.0,1555.0
1779273721606670518,2026-05-20 16:12:01.606,0X0000,1,1,1,1,0.8,0.8,0.7,0.7,-427.5,-42.1,328.0,-40.7,0.0,0.0,0.0,0.0,0.0,0.0,0.0,0.0,-1.0083,-0.0019,-0.0492,0.001,-645.6,776.0,2.7,1.0,0.0,0.0,0.0,0.0,0.0,0.0,0.0,0.0,-2.23,2.95,309.6,0.7,34.6,65.882,35.0,1555.0
1779273721970287721,E2026-05-20 16:12:01.969,0X0000,1,1,1,1,0.8,0.8,0.7,0.7,-432.3,-47.8,344.9,-37.8,0.0,0.0,0.0,0.0,0.0,0.0,0.0,0.0,-1.0372999999999999,-0.013300000000000001,-0.046700000000000005,0.001,-675.4,788.7,7.6,1.0,0.0,0.0,0.0,0.0,0.0,0.0,0.0,0.0,-2.44,2.97,309.8,0.7,34.6,65.882,35.0,1555.0
1779273722331792684,'2026-05-20 16:12:02.331,0X0000,1,1,1,1,0.8,0.8,0.7,0.7,-435.6,-33.9,332.6,-55.9,0.0,0.0,0.0,0.0,0.0,0.0,0.0,0.0,-1.0252999999999999,0.0294,-0.052,0.001,-643.7,800.3,3.3,1.0,0.0,0.0,0.0,0.0,0.0,0.0,0.0,0.0,-2.33,3.16,310.4,0.7,34.6,65.882,35.0,1555.0
1779273722697425387,+2026-05-20 16:12:02.696,0X0000,1,1,1,1,0.8,0.8,0.7,0.7,-461.4,-71.8,319.0,-43.6,0.0,0.0,0.0,0.0,0.0,0.0,0.0,0.0,-1.0415999999999999,-0.0376,-0.0695,0.001,-707.7,768.2,-11.0,1.0,0.0,0.0,0.0,0.0,0.0,0.0,0.0,0.0,-2.36,3.13,310.5,0.7,34.6,65.882,35.0,1555.0
1779273723032430128,2026-05-20 16:12:03.031,0X0000,1,1,1,1,0.7,0.8,0.7,0.7,-601.4,-26.5,344.7,-2.2,0.0,0.0,0.0,0.0,0.0,0.0,0.0,0.0,0.0,0.0,0.0,0.0,0.0,0.0,0.0,0.0,0.0,0.0,0.0,0.0,0.0,0.0,0.0,0.0,-2.33,2.94,310.6,0.7,34.6,65.882,35.0,1555.0
1779273723396009165,*2026-05-20 16:12:03.395,0X0000,1,1,1,1,0.7,0.8,0.7,0.7,-399.1,-76.3,328.7,-60.3,0.0,0.0,0.0,0.0,0.0,0.0,0.0,0.0,-0.9712999999999999,-0.0214,-0.0559,0.001,-655.3,719.4,-2.6,1.0,0.0,0.0,0.0,0.0,0.0,0.0,0.0,0.0,-2.41,3.09,311.0,0.7,34.6,65.882,35.0,1555.0
1779273723759293739,2026-05-20 16:12:03.758,0X0000,1,1,1,1,0.7,0.7,0.7,0.7,-470.3,-46.6,299.9,-52.8,0.0,0.0,0.0,0.0,0.0,0.0,0.0,0.0,-1.0279,0.0083,-0.0728,0.001,-676.4,777.3,-15.2,1.0,0.0,0.0,0.0,0.0,0.0,0.0,0.0,0.0,-2.31,3.23,311.4,0.7,34.6,65.882,35.0,1555.0
1779273724122448387,*2026-05-20 16:12:04.121,0X0000,1,1,1,1,0.7,0.7,0.7,0.6,-425.4,-81.8,304.6,-32.4,0.0,0.0,0.0,0.0,0.0,0.0,0.0,0.0,-0.9742999999999999,-0.0659,-0.0634,0.001,-696.1,687.8,-9.3,1.0,0.0,0.0,0.0,0.0,0.0,0.0,0.0,0.0,-2.13,3.04,311.4,0.6,34.6,65.882,35.0,1555.0
1779273724485851571,2026-05-20 16:12:04.485,0X0000,1,1,1,1,0.7,0.7,0.7,0.6,-439.3,-64.0,329.2,-33.1,0.0,0.0,0.0,0.0,0.0,0.0,0.0,0.0,-1.0257,-0.0412,-0.0559,0.001,-712.2,741.4,2.4,1.0,0.0,0.0,0.0,0.0,0.0,0.0,0.0,0.0,-2.18,3.17,311.5,0.6,34.6,65.882,35.0,1555.0
1779273724846987071,2026-05-20 16:12:04.846,0X0000,1,1,1,1,0.7,0.7,0.7,0.6,-338.6,-60.6,333.8,-61.8,0.0,0.0,0.0,0.0,0.0,0.0,0.0,0.0,-0.8974,0.0016,-0.0343,0.001,-591.8,675.4,13.0,1.0,0.0,0.0,0.0,0.0,0.0,0.0,0.0,0.0,-2.17,3.03,311.3,0.6,34.6,65.882,35.0,1555.0
1779273725207418182,2026-05-20 16:12:05.206,0X0000,1,1,1,1,0.7,0.7,0.6,0.6,-406.7,-58.0,337.4,-65.2,0.0,0.0,0.0,0.0,0.0,0.0,0.0,0.0,-0.9931,0.0096,-0.0519,0.001,-647.3,755.0,-2.4,1.0,0.0,0.0,0.0,0.0,0.0,0.0,0.0,0.0,-2.24,2.88,311.1,0.6,34.6,65.882,35.0,1555.0
1779273725568661219,2026-05-20 16:12:05.568,0X0000,1,1,1,1,0.6,0.7,0.6,0.6,-437.6,-66.7,336.0,-47.3,0.0,0.0,0.0,0.0,0.0,0.0,0.0,0.0,-1.0325,-0.0259,-0.0582,0.001,-704.0,758.0,2.9,1.0,0.0,0.0,0.0,0.0,0.0,0.0,0.0,0.0,-2.02,3.34,311.4,0.6,34.6,65.882,35.0,1555.0
1779273725928745460,&2026-05-20 16:12:05.928,0X0000,1,1,1,1,0.6,0.7,0.6,0.6,-459.9,-8.9,314.0,-34.2,0.0,0.0,0.0,0.0,0.0,0.0,0.0,0.0,-1.0329000000000002,0.0338,-0.051,0.001,-652.3,803.2,-0.1,1.0,0.0,0.0,0.0,0.0,0.0,0.0,0.0,0.0,-2.29,2.9,310.9,0.6,34.6,65.882,35.0,1555.0
1779273726288788237,+2026-05-20 16:12:06.288,0X0000,1,1,1,1,0.6,0.7,0.6,0.5,-426.5,-29.1,306.2,-52.1,0.0,0.0,0.0,0.0,0.0,0.0,0.0,0.0,-0.9779,0.030699999999999998,-0.0544,0.001,-616.3,761.8,-4.0,1.0,0.0,0.0,0.0,0.0,0.0,0.0,0.0,0.0,-2.46,3.03,310.7,0.5,34.6,65.882,35.0,1555.0
1779273726649154348,*2026-05-20 16:12:06.648,0X0000,1,1,1,1,0.6,0.6,0.6,0.6,-398.1,-37.4,338.9,-53.8,0.0,0.0,0.0,0.0,0.0,0.0,0.0,0.0,-0.9836,0.0219,-0.040600000000000004,0.001,-624.3,761.4,11.5,1.0,0.0,0.0,0.0,0.0,0.0,0.0,0.0,0.0,-2.2,3.09,310.6,0.6,34.6,65.882,35.0,1555.0
1779273727011842311,2026-05-20 16:12:07.011,0X0000,1,1,1,1,0.6,0.6,0.6,0.6,-437.0,-55.2,386.1,-47.4,0.0,0.0,0.0,0.0,0.0,0.0,0.0,0.0,-1.0985,-0.0104,-0.0414,0.001,-720.7,830.0,18.8,1.0,0.0,0.0,0.0,0.0,0.0,0.0,0.0,0.0,-2.47,3.12,310.4,0.6,34.6,65.882,35.0,1555.0
1779273727371902829,E2026-05-20 16:12:07.371,0X0000,1,1,1,1,0.6,0.6,0.6,0.5,-425.5,-38.6,317.2,-55.9,0.0,0.0,0.0,0.0,0.0,0.0,0.0,0.0,-0.9912000000000001,0.023100000000000002,-0.054700000000000006,0.001,-625.2,771.4,-9.3,1.0,0.0,0.0,0.0,0.0,0.0,0.0,0.0,0.0,-1.75,2.67,310.3,0.5,34.6,65.882,35.0,1555.0
1779273727734459551,82026-05-20 16:12:07.733,0X0000,1,1,1,1,0.6,0.6,0.6,0.5,-436.7,-71.9,302.7,-60.6,0.0,0.0,0.0,0.0,0.0,0.0,0.0,0.0,-0.9867999999999999,-0.015099999999999999,-0.0719,0.001,-652.5,743.9,-12.8,1.0,0.0,0.0,0.0,0.0,0.0,0.0,0.0,0.0,-2.02,3.4,310.3,0.5,34.6,65.882,35.0,1555.0
1779273728096323236,2026-05-20 16:12:08.095,0X0000,1,1,1,1,0.6,0.6,0.6,0.5,-426.0,-84.6,305.5,-29.7,0.0,0.0,0.0,0.0,0.0,0.0,0.0,0.0,-0.9763,-0.0733,-0.0633,0.001,-681.1,706.0,-12.9,1.0,0.0,0.0,0.0,0.0,0.0,0.0,0.0,0.0,-2.26,2.79,309.6,0.5,34.6,65.882,35.0,1555.0
1779273728461142754,2026-05-20 16:12:08.460,0X0000,1,1,1,1,0.6,0.6,0.6,0.5,-448.2,-76.5,315.3,-60.2,0.0,0.0,0.0,0.0,0.0,0.0,0.0,0.0,-1.019,-0.0218,-0.0727,0.001,-673.2,768.6,-16.5,1.0,0.0,0.0,0.0,0.0,0.0,0.0,0.0,0.0,-2.22,3.11,309.9,0.5,34.7,65.882,35.0,1555.0
1779273728823105310,2026-05-20 16:12:08.822,0X0000,1,1,1,1,0.6,0.6,0.5,0.5,-432.9,-90.9,254.6,19.6,0.0,0.0,0.0,0.0,0.0,0.0,0.0,0.0,-0.9176,-0.1475,-0.0673,0.001,-701.1,613.6,-16.1,1.0,0.0,0.0,0.0,0.0,0.0,0.0,0.0,0.0,-2.22,2.84,309.6,0.5,34.6,65.882,35.0,1555.0
1779273729187670902,2026-05-20 16:12:09.187,0X0000,1,1,1,1,0.6,0.6,0.5,0.5,-438.4,-88.5,322.0,-64.2,0.0,0.0,0.0,0.0,0.0,0.0,0.0,0.0,-1.0149,-0.0324,-0.0726,0.001,-674.8,762.0,-19.8,1.0,0.0,0.0,0.0,0.0,0.0,0.0,0.0,0.0,-2.22,2.91,309.6,0.5,34.6,65.882,35.0,1555.0
1779273729551907494,2026-05-20 16:12:09.551,0X0000,1,1,1,1,0.5,0.6,0.5,0.5,-416.0,-282.3,228.1,-7.5,0.0,0.0,0.0,0.0,0.0,0.0,0.0,0.0,-0.8596,-0.3668,-0.1288,0.001,-839.1,426.1,-65.6,1.0,0.0,0.0,0.0,0.0,0.0,0.0,0.0,0.0,-2.23,3.25,309.9,0.5,34.6,65.882,35.0,1555.0
1779273729916050513,2026-05-20 16:12:09.915,0X0000,1,1,1,1,0.5,0.5,0.5,0.5,-470.7,-71.3,177.9,-29.2,0.0,0.0,0.0,0.0,0.0,0.0,0.0,0.0,-0.8656,-0.0562,-0.1061,0.001,-605.9,627.4,-54.2,1.0,0.0,0.0,0.0,0.0,0.0,0.0,0.0,0.0,-2.27,3.28,310.1,0.5,34.6,65.882,35.0,1555.0
1779273730278180994,)2026-05-20 16:12:10.277,0X0000,1,1,1,1,0.5,0.5,0.5,0.5,-439.6,-62.2,321.0,-76.4,0.0,0.0,0.0,0.0,0.0,0.0,0.0,0.0,-1.0151000000000001,0.019,-0.0694,0.001,-640.8,790.4,-17.4,1.0,0.0,0.0,0.0,0.0,0.0,0.0,0.0,0.0,-2.47,2.98,310.0,0.5,34.6,65.882,35.0,1555.0
1779273730640680642,*2026-05-20 16:12:10.640,0X0000,1,1,1,1,0.5,0.6,0.5,0.5,-416.8,-48.8,385.5,-67.5,0.0,0.0,0.0,0.0,0.0,0.0,0.0,0.0,-1.0708,0.025,-0.039799999999999995,0.001,-677.1,830.6,18.7,1.0,0.0,0.0,0.0,0.0,0.0,0.0,0.0,0.0,-2.44,3.19,310.5,0.5,34.6,65.882,35.0,1555.0
1779273731002411753,2026-05-20 16:12:11.001,0X0000,1,1,1,1,0.5,0.5,0.5,0.5,-441.7,-92.8,226.2,-38.5,0.0,0.0,0.0,0.0,0.0,0.0,0.0,0.0,-0.8914,-0.0725,-0.0935,0.001,-640.5,629.4,-45.4,1.0,0.0,0.0,0.0,0.0,0.0,0.0,0.0,0.0,-2.19,2.91,310.7,0.5,34.7,65.882,35.0,1555.0
1779273731361957030,62026-05-20 16:12:11.361,0X0000,1,1,1,1,0.5,0.5,0.5,0.5,-453.8,-8.7,315.6,-52.3,0.0,0.0,0.0,0.0,0.0,0.0,0.0,0.0,-1.0269000000000001,0.0582,-0.053700000000000005,0.001,-628.6,815.9,-4.2,1.0,0.0,0.0,0.0,0.0,0.0,0.0,0.0,0.0,-2.02,2.88,310.8,0.5,34.7,65.882,35.0,1555.0
1779273731726275882,+2026-05-20 16:12:11.725,0X0000,1,1,1,1,0.5,0.5,0.5,0.5,-469.9,-100.6,346.8,-51.6,0.0,0.0,0.0,0.0,0.0,0.0,0.0,0.0,-1.09,-0.0654,-0.07429999999999999,0.001,-763.3,784.3,-12.2,1.0,0.0,0.0,0.0,0.0,0.0,0.0,0.0,0.0,-2.55,3.11,310.7,0.5,34.7,65.882,35.0,1555.0
1779273732087664715,2026-05-20 16:12:12.087,0X0000,1,1,1,1,0.5,0.5,0.5,0.5,-433.5,-42.4,314.5,-83.2,0.0,0.0,0.0,0.0,0.0,0.0,0.0,0.0,-0.9983,0.0545,-0.066,0.001,-612.2,792.9,-16.3,1.0,0.0,0.0,0.0,0.0,0.0,0.0,0.0,0.0,-2.34,2.98,310.7,0.5,34.7,65.882,35.0,1555.0
1779273732448990474,2026-05-20 16:12:12.448,0X0000,1,1,1,1,0.5,0.5,0.5,0.5,-445.4,-67.8,329.9,-40.2,0.0,0.0,0.0,0.0,0.0,0.0,0.0,0.0,-1.0347,-0.0368,-0.0603,0.001,-708.6,757.4,-1.0,1.0,0.0,0.0,0.0,0.0,0.0,0.0,0.0,0.0,-2.11,3.21,311.0,0.5,34.7,65.882,35.0,1555.0
1779273732782786178,2026-05-20 16:12:12.782,0X0000,1,1,1,1,0.5,0.5,0.5,0.5,-261.3,-17.8,289.6,-94.4,0.0,0.0,0.0,0.0,0.0,0.0,0.0,0.0,0.0,0.0,0.0,0.0,0.0,0.0,0.0,0.0,0.0,0.0,0.0,0.0,0.0,0.0,0.0,0.0,-2.03,3.36,311.1,0.5,34.7,65.882,35.0,1555.0
1779273733144538233,)2026-05-20 16:12:13.143,0X0000,1,1,1,1,0.5,0.5,0.5,0.5,-446.4,-85.5,345.7,-50.6,0.0,0.0,0.0,0.0,0.0,0.0,0.0,0.0,-1.0572000000000001,-0.0466,-0.0639,0.001,-732.2,766.7,-1.3,1.0,0.0,0.0,0.0,0.0,0.0,0.0,0.0,0.0,-2.16,3.3,311.1,0.5,34.6,65.882,35.0,1555.0
1779273733506635714,2026-05-20 16:12:13.506,0X0000,1,1,1,1,0.5,0.5,0.5,0.5,-374.6,-56.4,364.0,-36.9,0.0,0.0,0.0,0.0,0.0,0.0,0.0,0.0,-0.9858,-0.026,-0.028,0.001,-668.8,724.7,30.7,1.0,0.0,0.0,0.0,0.0,0.0,0.0,0.0,0.0,-2.47,3.35,311.2,0.5,34.7,65.882,35.0,1555.0
1779273733868967677,2026-05-20 16:12:13.868,0X0000,1,1,1,1,0.5,0.5,0.5,0.5,-446.1,-56.5,332.2,-51.8,0.0,0.0,0.0,0.0,0.0,0.0,0.0,0.0,-1.0387,-0.0063,-0.0599,0.001,-689.8,778.9,-9.6,1.0,0.0,0.0,0.0,0.0,0.0,0.0,0.0,0.0,-2.44,2.76,311.1,0.5,34.7,65.882,35.0,1555.0
1779273734231081029,2026-05-20 16:12:14.230,0X0000,1,1,1,1,0.5,0.5,0.5,0.5,-436.5,-67.3,320.2,-47.8,0.0,0.0,0.0,0.0,0.0,0.0,0.0,0.0,-1.0099,-0.026,-0.0624,0.001,-690.9,739.7,-9.8,1.0,0.0,0.0,0.0,0.0,0.0,0.0,0.0,0.0,-2.13,2.93,311.5,0.5,34.7,65.882,35.0,1555.0
1779273734592944084,2026-05-20 16:12:14.592,0X0000,1,1,1,1,0.5,0.6,0.5,0.5,-431.3,-86.9,275.2,-79.0,0.0,0.0,0.0,0.0,0.0,0.0,0.0,0.0,-0.9429,-0.0105,-0.0869,0.001,-637.7,699.0,-37.4,1.0,0.0,0.0,0.0,0.0,0.0,0.0,0.0,0.0,-2.17,2.98,311.6,0.5,34.7,65.882,35.0,1555.0
1779273734954770436,82026-05-20 16:12:14.954,0X0000,1,1,1,1,0.5,0.6,0.5,0.5,-446.3,-68.2,343.0,-68.1,0.0,0.0,0.0,0.0,0.0,0.0,0.0,0.0,-1.0534000000000001,-0.0001,-0.06459999999999999,0.001,-703.1,786.9,-14.3,1.0,0.0,0.0,0.0,0.0,0.0,0.0,0.0,0.0,-2.16,2.74,311.7,0.5,34.7,65.882,35.0,1555.0
1779273735315463898,2026-05-20 16:12:15.314,0X0000,1,1,1,1,0.6,0.6,0.5,0.5,-411.5,-75.0,325.1,-78.8,0.0,0.0,0.0,0.0,0.0,0.0,0.0,0.0,-0.9831,0.0050999999999999995,-0.0648,0.001,-655.3,735.8,-8.6,1.0,0.0,0.0,0.0,0.0,0.0,0.0,0.0,0.0,-2.29,3.29,311.9,0.5,34.6,65.882,35.0,1555.0
1779273735676391250,2026-05-20 16:12:15.675,0X0000,1,1,1,1,0.6,0.6,0.5,0.5,-433.7,-81.5,329.7,-64.8,0.0,0.0,0.0,0.0,0.0,0.0,0.0,0.0,-1.0189,-0.0223,-0.0675,0.001,-700.9,743.0,-8.8,1.0,0.0,0.0,0.0,0.0,0.0,0.0,0.0,0.0,-2.18,3.25,312.0,0.5,34.7,65.882,35.0,1555.0
1779273736038478379,2026-05-20 16:12:16.037,0X0000,1,1,1,1,0.6,0.6,0.5,0.5,-437.9,-36.3,366.6,-55.1,0.0,0.0,0.0,0.0,0.0,0.0,0.0,0.0,-1.0737,0.0251,-0.0439,0.001,-699.4,816.2,12.6,1.0,0.0,0.0,0.0,0.0,0.0,0.0,0.0,0.0,-2.29,3.07,311.9,0.5,34.7,65.882,35.0,1555.0
1779273736398111638,2026-05-20 16:12:16.397,0X0000,1,1,1,1,0.6,0.6,0.5,0.6,-399.0,152.0,338.1,-54.0,0.0,0.0,0.0,0.0,0.0,0.0,0.0,0.0,-0.9838,0.2749,0.01,0.001,-453.3,913.8,57.1,1.0,0.0,0.0,0.0,0.0,0.0,0.0,0.0,0.0,-2.28,3.39,312.1,0.5,34.7,65.882,35.0,1555.0
1779273736758266083,'2026-05-20 16:12:16.757,0X0000,1,1,1,1,0.6,0.6,0.5,0.6,-474.3,-72.0,326.8,7.9,0.0,0.0,0.0,0.0,0.0,0.0,0.0,0.0,-1.0692000000000002,-0.1066,-0.0571,0.001,-797.5,722.3,7.7,1.0,0.0,0.0,0.0,0.0,0.0,0.0,0.0,0.0,-2.06,3.27,312.1,0.5,34.7,65.882,35.0,1555.0
1779273737118955064,2026-05-20 16:12:17.118,0X0000,1,1,1,1,0.7,0.7,0.6,0.6,-467.1,-65.8,375.7,-58.4,0.0,0.0,0.0,0.0,0.0,0.0,0.0,0.0,-1.1248,-0.0099,-0.0582,0.001,-761.7,829.7,5.3,1.0,0.0,0.0,0.0,0.0,0.0,0.0,0.0,0.0,-2.1,3.22,312.0,0.6,34.7,65.882,35.0,1555.0
1779273737453556953,2026-05-20 16:12:17.453,0X0000,1,1,1,1,0.7,0.7,0.6,0.6,-292.8,-110.9,332.9,5.3,0.0,0.0,0.0,0.0,0.0,0.0,0.0,0.0,0.0,0.0,0.0,0.0,0.0,0.0,0.0,0.0,0.0,0.0,0.0,0.0,0.0,0.0,0.0,0.0,-2.19,2.88,311.7,0.6,34.7,65.882,35.0,1555.0
1779273737814969952,)2026-05-20 16:12:17.814,0X0000,1,1,1,1,0.7,0.7,0.6,0.7,-373.7,-52.2,335.8,-73.0,0.0,0.0,0.0,0.0,0.0,0.0,0.0,0.0,-0.9469,0.027800000000000002,-0.044,0.001,-615.3,721.6,6.6,1.0,0.0,0.0,0.0,0.0,0.0,0.0,0.0,0.0,-1.93,3.12,312.1,0.6,34.7,65.882,35.0,1555.0
1779273738175797600,*2026-05-20 16:12:18.175,0X0000,1,1,1,1,0.8,0.7,0.7,0.7,-410.9,-47.5,321.7,-54.5,0.0,0.0,0.0,0.0,0.0,0.0,0.0,0.0,-0.9778,0.009300000000000001,-0.0516,0.001,-649.0,733.3,-2.5,1.0,0.0,0.0,0.0,0.0,0.0,0.0,0.0,0.0,-2.12,2.9,312.0,0.7,34.7,65.882,35.0,1555.0
1779273738539585045,2026-05-20 16:12:18.538,0X0000,1,1,1,1,0.8,0.8,0.7,0.7,-419.6,-92.5,326.4,-45.0,0.0,0.0,0.0,0.0,0.0,0.0,0.0,0.0,-0.9956,-0.0634,-0.062200000000000005,0.001,-713.1,700.4,-5.3,1.0,0.0,0.0,0.0,0.0,0.0,0.0,0.0,0.0,-2.38,3.12,311.8,0.7,34.7,65.882,35.0,1555.0
1779273738905517822,2026-05-20 16:12:18.904,0X0000,1,1,1,1,0.8,0.8,0.7,0.7,-458.0,-96.7,323.7,-42.2,0.0,0.0,0.0,0.0,0.0,0.0,0.0,0.0,-1.0433,-0.0727,-0.0737,0.001,-751.0,731.2,-19.3,1.0,0.0,0.0,0.0,0.0,0.0,0.0,0.0,0.0,-2.08,2.84,311.7,0.7,34.7,65.882,35.0,1555.0
1779273739269436470,2026-05-20 16:12:19.268,0X0000,1,1,1,1,0.8,0.8,0.7,0.8,-430.4,-70.2,326.4,10.0,0.0,0.0,0.0,0.0,0.0,0.0,0.0,0.0,-1.0101,-0.107,-0.0443,0.001,-752.7,683.3,16.3,1.0,0.0,0.0,0.0,0.0,0.0,0.0,0.0,0.0,-2.24,3.2,311.7,0.7,34.7,65.882,35.0,1555.0
1779273739633271137,2026-05-20 16:12:19.632,0X0000,1,1,1,1,0.8,0.8,0.8,0.8,-431.8,-62.7,309.3,-35.7,0.0,0.0,0.0,0.0,0.0,0.0,0.0,0.0,-0.9891,-0.036,-0.0596,0.001,-685.7,716.2,-5.4,1.0,0.0,0.0,0.0,0.0,0.0,0.0,0.0,0.0,-2.41,3.05,311.6,0.8,34.7,65.882,35.0,1555.0
1779273739997252284,.2026-05-20 16:12:19.996,0X0000,1,1,1,1,0.8,0.8,0.8,0.8,-453.6,-69.1,322.3,-66.0,0.0,0.0,0.0,0.0,0.0,0.0,0.0,0.0,-1.0355,-0.0040999999999999995,-0.0719,0.001,-696.0,769.9,-15.9,1.0,0.0,0.0,0.0,0.0,0.0,0.0,0.0,0.0,-2.11,3.09,311.8,0.8,34.7,65.882,35.0,1555.0
1779273740360306784,2026-05-20 16:12:20.359,0X0000,1,1,1,1,0.8,0.8,0.8,0.8,-381.9,-59.5,308.3,-75.2,0.0,0.0,0.0,0.0,0.0,0.0,0.0,0.0,-0.9212,0.021,-0.0562,0.001,-595.5,705.3,-10.4,1.0,0.0,0.0,0.0,0.0,0.0,0.0,0.0,0.0,-2.31,2.9,311.4,0.8,34.7,65.882,35.0,1555.0
1779273740722020821,2026-05-20 16:12:20.721,0X0000,1,1,1,1,0.8,0.8,0.8,0.8,-442.3,-68.7,362.4,-65.2,0.0,0.0,0.0,0.0,0.0,0.0,0.0,0.0,-1.074,-0.0047,-0.0577,0.001,-714.2,804.2,0.4,1.0,0.0,0.0,0.0,0.0,0.0,0.0,0.0,0.0,-2.35,3.09,311.3,0.8,34.7,65.882,35.0,1555.0
1779273741088281136,2026-05-20 16:12:21.087,0X0000,1,1,1,1,0.8,0.8,0.8,0.8,-447.7,-50.1,349.3,-153.4,0.0,0.0,0.0,0.0,0.0,0.0,0.0,0.0,-1.0637,0.1379,-0.0814,0.001,-601.7,891.0,-34.2,1.0,0.0,0.0,0.0,0.0,0.0,0.0,0.0,0.0,-1.94,2.79,311.3,0.8,34.7,65.882,35.0,1555.0
1779273741452394969,2026-05-20 16:12:21.451,0X0000,1,1,1,1,0.8,0.8,0.8,0.8,-440.9,-47.9,324.4,-69.7,0.0,0.0,0.0,0.0,0.0,0.0,0.0,0.0,-1.0214,0.0291,-0.0631,0.001,-654.5,787.3,-6.9,1.0,0.0,0.0,0.0,0.0,0.0,0.0,0.0,0.0,-2.11,3.21,311.3,0.8,34.7,65.882,35.0,1555.0
1779273741818904098,-2026-05-20 16:12:21.818,0X0000,1,1,1,1,0.9,0.8,0.8,0.8,-459.6,-131.5,347.8,-58.4,0.0,0.0,0.0,0.0,0.0,0.0,0.0,0.0,-1.0776,-0.09759999999999999,-0.0814,0.001,-786.4,747.5,-16.1,1.0,0.0,0.0,0.0,0.0,0.0,0.0,0.0,0.0,-2.07,3.28,311.2,0.8,34.7,65.882,35.0,1555.0
1779273742178166468,62026-05-20 16:12:22.177,0X0000,1,1,1,1,0.9,0.8,0.8,0.8,-389.0,-58.2,335.6,-60.1,0.0,0.0,0.0,0.0,0.0,0.0,0.0,0.0,-0.9671000000000001,0.0025,-0.046299999999999994,0.001,-630.1,735.2,1.5,1.0,0.0,0.0,0.0,0.0,0.0,0.0,0.0,0.0,-2.13,2.84,310.7,0.8,34.7,65.882,35.0,1555.0
1779273742542153690,)2026-05-20 16:12:22.541,0X0000,1,1,1,1,0.9,0.9,0.8,0.8,-438.7,-92.9,363.1,-47.6,0.0,0.0,0.0,0.0,0.0,0.0,0.0,0.0,-1.0700999999999998,-0.0605,-0.0583,0.001,-744.1,773.6,2.4,1.0,0.0,0.0,0.0,0.0,0.0,0.0,0.0,0.0,-2.35,3.12,310.6,0.8,34.7,65.882,35.0,1555.0
1779273742903944838,(2026-05-20 16:12:22.903,0X0000,1,1,1,1,0.9,0.9,0.8,0.8,-419.6,-76.7,324.3,-32.0,0.0,0.0,0.0,0.0,0.0,0.0,0.0,0.0,-0.9927999999999999,-0.0597,-0.055,0.001,-693.1,715.5,2.2,1.0,0.0,0.0,0.0,0.0,0.0,0.0,0.0,0.0,-2.23,3.17,310.6,0.8,34.7,65.882,35.0,1555.0
1779273743265985283,42026-05-20 16:12:23.265,0X0000,1,1,1,1,0.9,0.9,0.8,0.9,-435.0,-19.9,334.7,-46.1,0.0,0.0,0.0,0.0,0.0,0.0,0.0,0.0,-1.0272999999999999,0.035,-0.044899999999999995,0.001,-641.6,804.2,7.8,1.0,0.0,0.0,0.0,0.0,0.0,0.0,0.0,0.0,-2.0,3.01,310.5,0.8,34.7,65.882,35.0,1555.0
1779273743629832838,2026-05-20 16:12:23.629,0X0000,1,1,1,1,0.9,0.9,0.8,0.8,-409.7,-68.4,343.0,-52.5,0.0,0.0,0.0,0.0,0.0,0.0,0.0,0.0,-1.0046,-0.0212,-0.0506,0.001,-666.1,754.0,6.5,1.0,0.0,0.0,0.0,0.0,0.0,0.0,0.0,0.0,-2.32,3.21,310.2,0.8,34.7,65.882,35.0,1555.0
1779273743992863949,52026-05-20 16:12:23.991,0X0000,1,1,1,1,0.9,0.9,0.9,0.9,-487.4,-8.1,332.4,-32.5,0.0,0.0,0.0,0.0,0.0,0.0,0.0,0.0,-1.0940999999999999,0.032600000000000004,-0.0528,0.001,-682.7,857.2,3.0,1.0,0.0,0.0,0.0,0.0,0.0,0.0,0.0,0.0,-1.85,2.98,310.2,0.9,34.7,65.882,35.0,1555.0
1779273744357472689,2026-05-20 16:12:24.356,0X0000,1,1,1,1,0.9,0.9,0.9,0.9,-459.1,-83.6,327.1,-72.2,0.0,0.0,0.0,0.0,0.0,0.0,0.0,0.0,-1.0493,-0.0152,-0.07759999999999999,0.001,-687.6,796.1,-28.6,1.0,0.0,0.0,0.0,0.0,0.0,0.0,0.0,0.0,-1.84,2.65,309.9,0.9,34.7,65.882,35.0,1555.0
1779273744720394596,*2026-05-20 16:12:24.719,0X0000,1,1,1,1,0.9,0.9,0.9,0.9,-466.8,-49.7,339.6,-62.5,0.0,0.0,0.0,0.0,0.0,0.0,0.0,0.0,-1.0763,0.0171,-0.06459999999999999,0.001,-679.7,837.3,-4.1,1.0,0.0,0.0,0.0,0.0,0.0,0.0,0.0,0.0,-2.63,3.26,309.9,0.9,34.7,65.882,35.0,1555.0
1779273745086627300,2026-05-20 16:12:25.085,0X0000,1,1,1,1,0.9,0.9,0.9,0.9,-429.2,-112.6,322.1,-70.1,0.0,0.0,0.0,0.0,0.0,0.0,0.0,0.0,-1.0027000000000001,-0.0567,-0.0782,0.001,-688.7,734.8,-23.8,1.0,0.0,0.0,0.0,0.0,0.0,0.0,0.0,0.0,-2.39,2.97,309.8,0.9,34.7,65.882,35.0,1555.0
1779273745422683170,2026-05-20 16:12:25.422,0X0000,1,1,1,1,0.9,0.9,0.9,0.8,-233.9,-57.9,259.7,-45.2,0.0,0.0,0.0,0.0,0.0,0.0,0.0,0.0,0.0,0.0,0.0,0.0,0.0,0.0,0.0,0.0,0.0,0.0,0.0,0.0,0.0,0.0,0.0,0.0,-2.34,3.08,309.8,0.8,34.7,65.882,35.0,1555.0
1779273745788801540,2026-05-20 16:12:25.788,0X0000,1,1,1,1,0.9,0.9,0.9,0.9,-440.0,-74.7,320.4,-63.3,0.0,0.0,0.0,0.0,0.0,0.0,0.0,0.0,-1.0149,-0.0152,-0.0695,0.001,-667.9,767.4,-12.0,1.0,0.0,0.0,0.0,0.0,0.0,0.0,0.0,0.0,-2.13,3.21,310.1,0.9,34.8,65.882,35.0,1555.0
1779273746152651244,2026-05-20 16:12:26.152,0X0000,1,1,1,1,0.9,0.9,0.9,0.9,-450.1,-50.8,304.3,-58.3,0.0,0.0,0.0,0.0,0.0,0.0,0.0,0.0,-1.0068,0.01,-0.0687,0.001,-638.2,781.5,-21.0,1.0,0.0,0.0,0.0,0.0,0.0,0.0,0.0,0.0,-2.48,2.74,309.7,0.9,34.8,65.882,35.0,1555.0
1779273746516611021,+2026-05-20 16:12:26.515,0X0000,1,1,1,1,0.9,0.9,0.9,0.8,-427.9,-51.9,334.8,-62.2,0.0,0.0,0.0,0.0,0.0,0.0,0.0,0.0,-1.0179,0.013699999999999999,-0.0559,0.001,-649.7,785.7,-0.7,1.0,0.0,0.0,0.0,0.0,0.0,0.0,0.0,0.0,-2.36,3.14,310.3,0.8,34.8,65.882,35.0,1555.0
1779273746880487910,*2026-05-20 16:12:26.879,0X0000,1,1,1,1,0.9,0.9,0.9,0.8,-452.8,-85.3,385.3,-29.8,0.0,0.0,0.0,0.0,0.0,0.0,0.0,0.0,-1.1185999999999998,-0.0741,-0.0493,0.001,-784.0,802.7,13.6,1.0,0.0,0.0,0.0,0.0,0.0,0.0,0.0,0.0,-2.18,3.08,310.5,0.8,34.8,65.882,35.0,1555.0
1779273747244550762,+2026-05-20 16:12:27.243,0X0000,1,1,1,1,0.9,0.9,0.9,0.8,-441.4,-78.9,280.1,-51.2,0.0,0.0,0.0,0.0,0.0,0.0,0.0,0.0,-0.9629,-0.037,-0.07859999999999999,0.001,-661.8,704.5,-20.9,1.0,0.0,0.0,0.0,0.0,0.0,0.0,0.0,0.0,-2.34,3.34,310.9,0.8,34.8,65.882,35.0,1555.0
1779273747606371002,2026-05-20 16:12:27.605,0X0000,1,1,1,1,0.9,0.9,0.8,0.8,-409.6,-71.4,348.5,-71.8,0.0,0.0,0.0,0.0,0.0,0.0,0.0,0.0,-1.0118,0.0005,-0.0551,0.001,-662.5,766.7,-2.0,1.0,0.0,0.0,0.0,0.0,0.0,0.0,0.0,0.0,-2.23,3.01,310.8,0.8,34.8,65.882,35.0,1555.0
1779273747970484057,2026-05-20 16:12:27.969,0X0000,1,1,1,1,0.9,0.9,0.8,0.8,-439.2,-51.4,326.3,-70.1,0.0,0.0,0.0,0.0,0.0,0.0,0.0,0.0,-1.0217,0.025,-0.0632,0.001,-651.0,790.2,-14.6,1.0,0.0,0.0,0.0,0.0,0.0,0.0,0.0,0.0,-2.22,2.78,310.8,0.8,34.8,65.882,35.0,1555.0
1779273748332400668,2026-05-20 16:12:28.331,0X0000,1,1,1,1,0.9,0.9,0.8,0.8,-321.7,-56.7,351.5,-66.8,0.0,0.0,0.0,0.0,0.0,0.0,0.0,0.0,-0.8985,0.0135,-0.0253,0.001,-578.2,688.0,20.8,1.0,0.0,0.0,0.0,0.0,0.0,0.0,0.0,0.0,-2.23,2.98,310.9,0.8,34.8,65.882,35.0,1555.0
1779273748694747539,*2026-05-20 16:12:28.694,0X0000,1,1,1,1,0.9,0.9,0.8,0.8,-419.0,-77.6,326.9,-10.5,0.0,0.0,0.0,0.0,0.0,0.0,0.0,0.0,-0.9955,-0.0896,-0.048600000000000004,0.001,-722.1,692.8,7.1,1.0,0.0,0.0,0.0,0.0,0.0,0.0,0.0,0.0,-2.29,3.0,311.0,0.8,34.7,65.882,35.0,1555.0
1779273749056508761,2026-05-20 16:12:29.055,0X0000,1,1,1,1,0.9,0.9,0.8,0.8,-391.2,-44.4,325.5,-53.6,0.0,0.0,0.0,0.0,0.0,0.0,0.0,0.0,-0.9565,0.0123,-0.0441,0.001,-620.7,729.1,5.3,1.0,0.0,0.0,0.0,0.0,0.0,0.0,0.0,0.0,-2.48,2.99,311.1,0.8,34.7,65.882,35.0,1555.0
1779273749421624186,2026-05-20 16:12:29.421,0X0000,1,1,1,1,0.8,0.9,0.8,0.8,-421.5,-52.2,334.8,-103.2,0.0,0.0,0.0,0.0,0.0,0.0,0.0,0.0,-1.0094,0.0681,-0.0653,0.001,-619.0,802.8,-11.6,1.0,0.0,0.0,0.0,0.0,0.0,0.0,0.0,0.0,-2.41,3.21,311.4,0.8,34.8,65.882,35.0,1555.0
1779273749785870519,2026-05-20 16:12:29.785,0X0000,1,1,1,1,0.9,0.8,0.8,0.9,-355.6,-76.9,337.5,-68.8,0.0,0.0,0.0,0.0,0.0,0.0,0.0,0.0,-0.925,-0.0108,-0.0442,0.001,-621.1,687.0,-0.8,1.0,0.0,0.0,0.0,0.0,0.0,0.0,0.0,0.0,-2.13,2.67,311.4,0.8,34.8,65.882,35.0,1555.0
1779273750150059371,2026-05-20 16:12:30.149,0X0000,1,1,1,1,0.9,0.9,0.8,0.8,-419.4,-32.2,363.9,-26.6,0.0,0.0,0.0,0.0,0.0,0.0,0.0,0.0,-1.0454,-0.0075,-0.0308,0.001,-702.4,774.4,29.3,1.0,0.0,0.0,0.0,0.0,0.0,0.0,0.0,0.0,-2.37,3.28,311.8,0.8,34.8,65.882,35.0,1555.0
1779273750513935167,*2026-05-20 16:12:30.513,0X0000,1,1,1,1,0.9,0.9,0.9,0.9,-466.1,-55.4,329.6,-47.7,0.0,0.0,0.0,0.0,0.0,0.0,0.0,0.0,-1.062,-0.0103,-0.06459999999999999,0.001,-716.5,786.6,-6.9,1.0,0.0,0.0,0.0,0.0,0.0,0.0,0.0,0.0,-2.45,3.09,311.7,0.9,34.8,65.882,35.0,1555.0
1779273750875918278,2026-05-20 16:12:30.875,0X0000,1,1,1,1,0.9,0.9,0.9,0.9,-413.7,-35.6,331.8,-40.1,0.0,0.0,0.0,0.0,0.0,0.0,0.0,0.0,-0.995,0.006,-0.0425,0.001,-662.2,743.7,16.9,1.0,0.0,0.0,0.0,0.0,0.0,0.0,0.0,0.0,-2.55,3.44,312.0,0.9,34.8,65.882,35.0,1555.0
1779273751240006296,2026-05-20 16:12:31.239,0X0000,1,1,1,1,1.0,0.9,0.9,0.9,-434.0,-65.6,339.1,-32.9,0.0,0.0,0.0,0.0,0.0,0.0,0.0,0.0,-1.0318,-0.0436,-0.0522,0.001,-724.3,738.0,-0.1,1.0,0.0,0.0,0.0,0.0,0.0,0.0,0.0,0.0,-2.07,2.81,312.0,0.9,34.8,65.882,35.0,1555.0
1779273751603988740,2026-05-20 16:12:31.603,0X0000,1,1,1,1,1.0,0.9,0.9,0.9,-465.5,-49.4,332.2,-77.4,0.0,0.0,0.0,0.0,0.0,0.0,0.0,0.0,-1.0646,0.037399999999999996,-0.0702,0.001,-684.4,819.1,-22.9,1.0,0.0,0.0,0.0,0.0,0.0,0.0,0.0,0.0,-2.13,2.62,311.8,0.9,34.8,65.882,35.0,1555.0
1779273751966084629,%2026-05-20 16:12:31.965,0X0000,1,1,1,1,1.0,1.0,0.9,0.9,-500.7,-54.1,353.4,-58.3,0.0,0.0,0.0,0.0,0.0,0.0,0.0,0.0,-1.1399000000000001,0.0056,-0.07,0.001,-765.5,847.6,-4.6,1.0,0.0,0.0,0.0,0.0,0.0,0.0,0.0,0.0,-2.2,3.3,312.3,0.9,34.8,65.882,35.0,1555.0
1779273752327642999,)2026-05-20 16:12:32.327,0X0000,1,1,1,1,1.0,0.9,0.9,0.9,-438.1,-42.5,305.3,-56.3,0.0,0.0,0.0,0.0,0.0,0.0,0.0,0.0,-0.9922000000000001,0.0184,-0.0625,0.001,-654.1,749.0,-9.4,1.0,0.0,0.0,0.0,0.0,0.0,0.0,0.0,0.0,-2.53,3.11,312.1,0.9,34.8,65.882,35.0,1555.0
1779273752689587277,62026-05-20 16:12:32.688,0X0000,1,1,1,1,1.0,1.0,0.9,0.9,-414.1,-52.6,308.4,18.3,0.0,0.0,0.0,0.0,0.0,0.0,0.0,0.0,-0.9642999999999999,-0.09459999999999999,-0.0378,0.001,-718.4,651.1,17.5,1.0,0.0,0.0,0.0,0.0,0.0,0.0,0.0,0.0,-2.22,3.07,312.2,0.9,34.8,65.882,35.0,1555.0
1779273753053394795,+2026-05-20 16:12:33.052,0X0000,1,1,1,1,1.0,1.0,0.9,0.9,-445.1,-76.3,322.6,-41.6,0.0,0.0,0.0,0.0,0.0,0.0,0.0,0.0,-1.0246,-0.046299999999999994,-0.0649,0.001,-729.9,723.4,-0.9,1.0,0.0,0.0,0.0,0.0,0.0,0.0,0.0,0.0,-2.2,3.48,312.6,0.9,34.8,65.882,35.0,1555.0
1779273753393325702,2026-05-20 16:12:33.392,0X0000,1,1,1,1,1.0,1.0,0.9,0.9,-481.7,-1391.2,321.1,-44.0,0.0,0.0,0.0,0.0,0.0,0.0,0.0,0.0,0.0,0.0,0.0,0.0,0.0,0.0,0.0,0.0,0.0,0.0,0.0,0.0,0.0,0.0,0.0,0.0,-2.07,2.45,311.8,0.9,34.8,65.882,35.0,1555.0
1779273753754437610,)2026-05-20 16:12:33.753,0X0000,1,1,1,1,1.0,1.0,0.9,0.9,-418.1,-59.9,320.1,-30.2,0.0,0.0,0.0,0.0,0.0,0.0,0.0,0.0,-0.9852000000000001,-0.0396,-0.0507,0.001,-692.6,703.6,7.4,1.0,0.0,0.0,0.0,0.0,0.0,0.0,0.0,0.0,-2.31,3.29,312.2,0.9,34.8,65.882,35.0,1555.0
1779273754118363758,2026-05-20 16:12:34.117,0X0000,1,1,1,1,1.0,1.0,0.9,0.9,-470.9,-58.7,341.9,-11.1,0.0,0.0,0.0,0.0,0.0,0.0,0.0,0.0,-1.0848,-0.0635,-0.0536,0.001,-772.0,766.7,1.8,1.0,0.0,0.0,0.0,0.0,0.0,0.0,0.0,0.0,-2.16,2.8,311.8,0.9,34.8,65.882,35.0,1555.0
1779273754482316072,*2026-05-20 16:12:34.481,0X0000,1,1,1,1,1.0,1.0,1.0,1.0,-429.6,-79.7,311.4,-49.6,0.0,0.0,0.0,0.0,0.0,0.0,0.0,0.0,-0.989,-0.0402,-0.06670000000000001,0.001,-695.5,707.5,-9.7,1.0,0.0,0.0,0.0,0.0,0.0,0.0,0.0,0.0,-2.23,3.21,312.1,1.0,34.8,65.882,35.0,1555.0
1779273754846250053,92026-05-20 16:12:34.845,0X0000,1,1,1,1,1.0,1.0,0.9,0.9,-428.4,-44.4,333.0,-26.7,0.0,0.0,0.0,0.0,0.0,0.0,0.0,0.0,-1.0162,-0.023600000000000003,-0.044899999999999995,0.001,-694.7,743.3,8.0,1.0,0.0,0.0,0.0,0.0,0.0,0.0,0.0,0.0,-2.35,2.93,311.7,0.9,34.8,65.882,35.0,1555.0
1779273755210068349,2026-05-20 16:12:35.209,0X0000,1,1,1,1,1.0,1.0,1.0,0.9,-448.9,-89.6,382.5,-49.9,0.0,0.0,0.0,0.0,0.0,0.0,0.0,0.0,-1.1096,-0.053,-0.0555,0.001,-780.7,792.2,9.3,1.0,0.0,0.0,0.0,0.0,0.0,0.0,0.0,0.0,-2.44,3.23,311.8,0.9,34.8,65.882,35.0,1555.0
1779273755572047868,(2026-05-20 16:12:35.571,0X0000,1,1,1,1,1.0,1.0,0.9,1.0,-436.0,-46.4,336.7,-52.6,0.0,0.0,0.0,0.0,0.0,0.0,0.0,0.0,-1.0312999999999999,0.0083,-0.0535,0.001,-688.0,770.0,9.7,1.0,0.0,0.0,0.0,0.0,0.0,0.0,0.0,0.0,-2.24,3.53,312.2,0.9,34.8,65.882,35.0,1555.0
1779273755936050442,2026-05-20 16:12:35.935,0X0000,1,1,1,1,1.0,1.0,1.0,1.0,-442.0,-89.9,252.2,-62.1,0.0,0.0,0.0,0.0,0.0,0.0,0.0,0.0,-0.9265,-0.0371,-0.0922,0.001,-647.0,669.0,-45.3,1.0,0.0,0.0,0.0,0.0,0.0,0.0,0.0,0.0,-2.19,2.81,311.6,1.0,34.8,65.882,35.0,1555.0
1779273756297706201,2026-05-20 16:12:36.297,0X0000,1,1,1,1,1.0,1.0,1.0,1.0,-396.3,-50.6,297.5,-49.3,0.0,0.0,0.0,0.0,0.0,0.0,0.0,0.0,-0.926,-0.0017,-0.0536,0.001,-619.0,690.8,-3.6,1.0,0.0,0.0,0.0,0.0,0.0,0.0,0.0,0.0,-2.21,3.09,311.7,1.0,34.8,65.882,35.0,1555.0
1779273756663989923,2026-05-20 16:12:36.663,0X0000,1,1,1,1,1.0,1.0,1.0,1.0,-449.8,-115.5,336.2,-71.3,0.0,0.0,0.0,0.0,0.0,0.0,0.0,0.0,-1.049,-0.059,-0.081,0.001,-746.4,743.7,-18.7,1.0,0.0,0.0,0.0,0.0,0.0,0.0,0.0,0.0,-2.14,3.28,311.8,1.0,34.8,65.882,35.0,1555.0
1779273757029989608,-2026-05-20 16:12:37.029,0X0000,1,1,1,1,1.0,1.0,1.0,1.0,-425.0,-126.3,315.0,-35.7,0.0,0.0,0.0,0.0,0.0,0.0,0.0,0.0,-0.9876,-0.12090000000000001,-0.0734,0.001,-747.9,660.2,-19.7,1.0,0.0,0.0,0.0,0.0,0.0,0.0,0.0,0.0,-2.23,2.84,311.5,1.0,34.8,65.882,35.0,1555.0
1779273757394392515,2026-05-20 16:12:37.393,0X0000,1,1,1,1,1.0,1.0,1.0,1.0,-480.7,-32.3,343.7,-56.2,0.0,0.0,0.0,0.0,0.0,0.0,0.0,0.0,-1.1003,0.0319,-0.0608,0.001,-704.4,848.0,-8.9,1.0,0.0,0.0,0.0,0.0,0.0,0.0,0.0,0.0,-2.33,2.77,311.3,1.0,34.8,65.882,35.0,1555.0
1779273757759965237,62026-05-20 16:12:37.759,0X0000,1,1,1,1,1.0,1.0,1.0,1.0,-447.8,-71.0,366.6,-119.8,0.0,0.0,0.0,0.0,0.0,0.0,0.0,0.0,-1.0869000000000002,0.06509999999999999,-0.0734,0.001,-678.7,854.5,-13.2,1.0,0.0,0.0,0.0,0.0,0.0,0.0,0.0,0.0,-2.1,3.3,311.8,1.0,34.8,65.882,35.0,1555.0
1779273758122638514,62026-05-20 16:12:38.122,0X0000,1,1,1,1,1.0,1.0,1.0,1.0,-454.5,-78.7,339.3,-80.2,0.0,0.0,0.0,0.0,0.0,0.0,0.0,0.0,-1.0594000000000001,0.002,-0.07390000000000001,0.001,-699.1,799.0,-23.7,1.0,0.0,0.0,0.0,0.0,0.0,0.0,0.0,0.0,-2.17,2.72,311.2,1.0,34.8,65.882,35.0,1555.0
1779273758484250903,2026-05-20 16:12:38.483,0X0000,1,1,1,1,1.0,1.0,1.0,1.0,-409.5,-34.9,353.7,-39.1,0.0,0.0,0.0,0.0,0.0,0.0,0.0,0.0,-1.0186,0.0056,-0.035,0.001,-665.9,771.5,17.9,1.0,0.0,0.0,0.0,0.0,0.0,0.0,0.0,0.0,-2.44,2.99,311.1,1.0,34.8,65.882,35.0,1555.0
1779273758850147014,+2026-05-20 16:12:38.849,0X0000,1,1,1,1,1.0,1.0,1.0,1.0,-620.7,-33.9,226.4,-37.2,0.0,0.0,0.0,0.0,0.0,0.0,0.0,0.0,-1.1305999999999998,0.0044,-0.1255,0.001,-721.4,870.9,-123.3,1.0,0.0,0.0,0.0,0.0,0.0,0.0,0.0,0.0,-2.36,0.12,309.6,1.0,34.8,65.882,35.0,1555.0
1779273759183869440,2026-05-20 16:12:39.183,0X0000,1,1,1,1,1.0,1.0,1.0,1.0,-297.8,2.2,320.1,10.3,0.0,0.0,0.0,0.0,0.0,0.0,0.0,0.0,0.0,0.0,0.0,0.0,0.0,0.0,0.0,0.0,0.0,0.0,0.0,0.0,0.0,0.0,0.0,0.0,-2.55,-2.02,311.2,1.0,34.9,65.882,35.0,1555.0
1779273759543746236,)2026-05-20 16:12:39.543,0X0000,1,1,1,1,1.0,1.0,1.0,1.0,-190.7,9.7,268.5,15.8,0.0,0.0,0.0,0.0,0.0,0.0,0.0,0.0,-0.6129,-0.0081,0.027899999999999998,0.001,-430.0,437.6,-8.0,1.0,0.0,0.0,0.0,0.0,0.0,0.0,0.0,0.0,-3.11,-3.39,313.8,1.0,34.8,65.882,35.0,1555.0
1779273759905547847,2026-05-20 16:12:39.904,0X0000,1,1,1,1,1.0,1.1,1.0,1.0,-174.3,19.5,171.5,-19.3,0.0,0.0,0.0,0.0,0.0,0.0,0.0,0.0,-0.4615,0.0518,-0.0007,0.001,-308.3,346.2,-29.6,1.0,0.0,0.0,0.0,0.0,0.0,0.0,0.0,0.0,-3.23,-3.23,318.0,1.0,34.9,65.882,35.0,1555.0
1779273760241685587,2026-05-20 16:12:40.241,0X0000,1,1,1,1,1.0,1.0,1.0,1.0,-57.0,-15.1,63.0,-14.8,0.0,0.0,0.0,0.0,0.0,0.0,0.0,0.0,0.0,0.0,0.0,0.0,0.0,0.0,0.0,0.0,0.0,0.0,0.0,0.0,0.0,0.0,0.0,0.0,-2.46,-0.84,324.9,1.0,34.9,65.882,35.0,1555.0
1779273760601223180,'2026-05-20 16:12:40.600,0X0000,1,1,1,1,1.0,1.0,1.0,1.0,-78.1,3.4,40.1,204.6,0.0,0.0,0.0,0.0,0.0,0.0,0.0,0.0,-0.15780000000000002,-0.2685,0.0458,0.001,-263.8,-161.3,59.1,1.0,0.0,0.0,0.0,0.0,0.0,0.0,0.0,0.0,-2.13,1.22,331.9,1.0,34.8,65.882,35.0,1555.0
1779273760960792420,)2026-05-20 16:12:40.960,0X0000,1,1,1,1,1.0,1.0,1.0,1.0,-63.3,15.2,38.0,-35.2,0.0,0.0,0.0,0.0,0.0,0.0,0.0,0.0,-0.1352,0.0673,-0.012199999999999999,0.001,-102.4,111.0,-12.6,1.0,0.0,0.0,0.0,0.0,0.0,0.0,0.0,0.0,-2.74,1.17,338.9,1.0,34.9,65.882,35.0,1555.0
1779273761294895642,2026-05-20 16:12:41.294,0X0000,1,1,1,1,1.0,0.3,1.0,1.0,-65.0,-425.4,68.2,-24.2,0.0,0.0,0.0,0.0,0.0,0.0,0.0,0.0,0.0,0.0,0.0,0.0,0.0,0.0,0.0,0.0,0.0,0.0,0.0,0.0,0.0,0.0,0.0,0.0,-2.15,1.1,346.9,0.3,34.9,65.882,35.0,1555.0
1779273761649959272,2026-05-20 16:12:41.649,0X0000,1,1,1,1,1.0,1.0,1.0,1.0,-61.9,29.2,69.8,-25.6,0.0,0.0,0.0,0.0,0.0,0.0,0.0,0.0,-0.1758,0.0731,0.0031,0.001,-167.5,90.3,4.9,1.0,0.0,0.0,0.0,0.0,0.0,0.0,0.0,0.0,-1.73,1.31,354.3,1.0,34.9,65.882,35.0,1555.0
1779273762003074549,02026-05-20 16:12:42.002,0X0000,1,1,1,1,1.0,1.0,1.0,1.0,-45.7,26.7,48.8,-21.8,0.0,0.0,0.0,0.0,0.0,0.0,0.0,0.0,-0.1261,0.06470000000000001,0.0021000000000000003,0.001,-126.9,63.3,1.6,1.0,0.0,0.0,0.0,0.0,0.0,0.0,0.0,0.0,-2.62,1.1,0.7,1.0,34.9,65.882,35.0,1555.0
1779273762355622067,2026-05-20 16:12:42.355,0X0000,1,1,1,1,1.0,1.0,1.0,1.0,-36.3,31.6,46.1,-27.1,0.0,0.0,0.0,0.0,0.0,0.0,0.0,0.0,-0.11,0.0783,0.0038,0.001,-119.7,62.3,2.7,1.0,0.0,0.0,0.0,0.0,0.0,0.0,0.0,0.0,-2.39,1.13,8.0,1.0,34.9,65.882,35.0,1555.0
1779273762713083086,22026-05-20 16:12:42.712,0X0000,1,1,1,1,1.0,1.0,1.0,1.0,-26.5,60.2,49.0,-33.4,0.0,0.0,0.0,0.0,0.0,0.0,0.0,0.0,-0.1008,0.12490000000000001,0.013300000000000001,0.001,-129.5,95.1,10.7,1.0,0.0,0.0,0.0,0.0,0.0,0.0,0.0,0.0,-2.21,1.28,15.0,1.0,34.9,65.882,35.0,1555.0
1779273763068702086,$2026-05-20 16:12:43.067,0X0000,1,1,1,1,1.0,1.0,1.0,1.0,-28.5,17.6,33.4,-25.5,0.0,0.0,0.0,0.0,0.0,0.0,0.0,0.0,-0.08259999999999999,0.0575,-0.0009,0.001,-98.0,22.8,-1.7,1.0,0.0,0.0,0.0,0.0,0.0,0.0,0.0,0.0,-2.45,1.15,21.7,1.0,34.9,65.882,35.0,1555.0
1779273763425610715,2026-05-20 16:12:43.425,0X0000,1,1,1,1,1.0,1.0,1.0,1.0,-35.6,16.7,28.7,-26.2,0.0,0.0,0.0,0.0,0.0,0.0,0.0,0.0,-0.0858,0.0573,-0.0044,0.001,-102.5,12.8,-1.7,1.0,0.0,0.0,0.0,0.0,0.0,0.0,0.0,0.0,-2.32,3.36,26.5,1.0,35.0,65.882,35.0,1555.0
1779273763761768752,2026-05-20 16:12:43.761,0X0000,1,1,1,1,1.1,1.0,1.0,1.0,-163.1,-10.2,72.0,-50.1,0.0,0.0,0.0,0.0,0.0,0.0,0.0,0.0,0.0,0.0,0.0,0.0,0.0,0.0,0.0,0.0,0.0,0.0,0.0,0.0,0.0,0.0,0.0,0.0,-2.93,6.25,28.7,1.0,35.0,65.882,35.0,1555.0
1779273764124627455,*2026-05-20 16:12:44.124,0X0000,1,1,1,1,1.1,1.0,1.0,1.0,-160.9,-4.6,136.7,-39.0,0.0,0.0,0.0,0.0,0.0,0.0,0.0,0.0,-0.3972,0.045899999999999996,-0.0183,0.001,-369.5,-150.3,33.4,1.0,0.0,0.0,0.0,0.0,0.0,0.0,0.0,0.0,-3.16,7.83,28.8,1.0,34.9,65.882,35.0,1555.0
1779273764463684733,2026-05-20 16:12:44.462,0X0000,1,1,1,1,1.1,1.0,1.0,1.0,-340.0,-25.7,186.0,-60.6,0.0,0.0,0.0,0.0,0.0,0.0,0.0,0.0,0.0,0.0,0.0,0.0,0.0,0.0,0.0,0.0,0.0,0.0,0.0,0.0,0.0,0.0,0.0,0.0,-2.88,7.12,29.9,1.0,35.0,65.882,35.0,1555.0
1779273764851736881,:2026-05-20 16:12:44.851,0X0000,0,1,1,1,0.0,0.1,1.0,1.0,0.0,-1629.9,227.8,-139.8,176.0,0.0,0.0,0.0,2.0,0.0,0.0,0.0,-2.97,-1.9887000000000001,-0.9542999999999999,0.001,-1586.8,-3295.5,-554.4,1.0,0.0,0.0,0.0,0.0,0.0,0.0,0.0,0.0,-2.65,5.84,30.7,0.1,35.0,65.882,35.0,1555.0
1779273765190647103,2026-05-20 16:12:45.189,0X0000,1,1,1,1,1.0,1.0,1.0,1.0,-388.2,-22.5,307.2,-43.6,0.0,0.0,0.0,0.0,0.0,0.0,0.0,0.0,0.0,0.0,0.0,0.0,0.0,0.0,0.0,0.0,0.0,0.0,0.0,0.0,0.0,0.0,0.0,0.0,-2.18,3.51,31.3,1.0,35.0,65.882,35.0,1555.0
1779273765559244306,2026-05-20 16:12:45.558,0X0000,1,1,1,1,1.0,1.0,1.0,1.0,-489.8,-74.4,335.4,-61.0,0.0,0.0,0.0,0.0,0.0,0.0,0.0,0.0,-1.1013,-0.0179,-0.0782,0.001,-938.3,-582.0,-15.1,1.0,0.0,0.0,0.0,0.0,0.0,0.0,0.0,0.0,-2.0,3.25,30.8,1.0,35.0,65.882,35.0,1555.0
1779273765920950862,*2026-05-20 16:12:45.920,0X0000,1,1,1,1,1.0,1.0,1.0,1.0,-380.6,-4.2,319.6,-10.1,0.0,0.0,0.0,0.0,0.0,0.0,0.0,0.0,-0.9345,0.0079,-0.020300000000000002,0.001,-809.9,-465.8,29.0,1.0,0.0,0.0,0.0,0.0,0.0,0.0,0.0,0.0,-2.39,3.05,30.4,1.0,35.0,65.882,35.0,1555.0
1779273766283959250,2026-05-20 16:12:46.283,0X0000,1,1,1,1,1.0,1.0,1.0,1.0,-379.8,-50.7,297.6,-27.6,0.0,0.0,0.0,0.0,0.0,0.0,0.0,0.0,-0.9041,-0.0308,-0.0433,0.001,-762.1,-489.2,-4.7,1.0,0.0,0.0,0.0,0.0,0.0,0.0,0.0,0.0,-2.04,2.38,30.7,1.0,35.0,65.882,35.0,1555.0
1779273766648011306,2026-05-20 16:12:46.647,0X0000,1,1,1,1,1.1,1.0,1.0,1.0,-421.3,-64.5,311.9,-55.5,0.0,0.0,0.0,0.0,0.0,0.0,0.0,0.0,-0.9786,-0.012,-0.0619,0.001,-841.7,-503.1,-9.4,1.0,0.0,0.0,0.0,0.0,0.0,0.0,0.0,0.0,-2.01,3.05,30.1,1.0,35.0,65.882,35.0,1555.0
1779273767009907379,'2026-05-20 16:12:47.009,0X0000,1,1,1,1,1.0,1.0,1.0,1.0,-403.7,-34.5,242.8,58.2,0.0,0.0,0.0,0.0,0.0,0.0,0.0,0.0,-0.8627999999999999,-0.1237,-0.037,0.001,-683.8,-541.8,7.7,1.0,0.0,0.0,0.0,0.0,0.0,0.0,0.0,0.0,-2.25,2.65,30.2,1.0,35.0,65.882,35.0,1555.0
1779273767371827101,2026-05-20 16:12:47.371,0X0000,1,1,1,1,1.0,1.1,1.0,1.0,-367.4,-59.8,310.1,-59.4,0.0,0.0,0.0,0.0,0.0,0.0,0.0,0.0,-0.9042,-0.0005,-0.0476,0.001,-781.1,-458.1,-3.3,1.0,0.0,0.0,0.0,0.0,0.0,0.0,0.0,0.0,-2.17,2.81,30.3,1.0,35.0,65.882,35.0,1555.0
1779273767733722472,2026-05-20 16:12:47.733,0X0000,1,1,1,1,1.1,1.0,1.0,1.0,-408.6,-61.0,302.9,-39.6,0.0,0.0,0.0,0.0,0.0,0.0,0.0,0.0,-0.9496,-0.0286,-0.0557,0.001,-808.2,-502.5,3.2,1.0,0.0,0.0,0.0,0.0,0.0,0.0,0.0,0.0,-2.02,3.49,30.1,1.0,35.0,65.882,35.0,1555.0
1779273768095826657,2026-05-20 16:12:48.095,0X0000,1,1,1,1,1.0,1.0,1.0,1.0,-388.2,-52.6,306.1,-56.5,0.0,0.0,0.0,0.0,0.0,0.0,0.0,0.0,-0.9266,0.0052,-0.0516,0.001,-805.7,-460.4,-3.6,1.0,0.0,0.0,0.0,0.0,0.0,0.0,0.0,0.0,-2.24,2.98,30.0,1.0,35.0,65.882,35.0,1555.0
1779273768460086101,2026-05-20 16:12:48.459,0X0000,1,1,1,1,1.0,1.1,1.0,1.0,-414.3,-37.1,301.0,-64.9,0.0,0.0,0.0,0.0,0.0,0.0,0.0,0.0,-0.9547,0.0371,-0.0581,0.001,-845.5,-448.7,-12.6,1.0,0.0,0.0,0.0,0.0,0.0,0.0,0.0,0.0,-2.21,2.82,30.1,1.0,35.0,65.882,35.0,1555.0
1779273768821988434,*2026-05-20 16:12:48.821,0X0000,1,1,1,1,1.0,1.0,1.0,1.0,-405.7,-65.3,319.0,-62.4,0.0,0.0,0.0,0.0,0.0,0.0,0.0,0.0,-0.9672000000000001,-0.0039,-0.0579,0.001,-835.7,-490.4,-7.6,1.0,0.0,0.0,0.0,0.0,0.0,0.0,0.0,0.0,-2.29,2.97,30.1,1.0,35.0,65.882,35.0,1555.0
1779273769185185045,*2026-05-20 16:12:49.184,0X0000,1,1,1,1,1.0,1.0,1.0,1.0,-410.9,-65.8,317.5,-46.6,0.0,0.0,0.0,0.0,0.0,0.0,0.0,0.0,-0.9721000000000001,-0.0256,-0.0555,0.001,-830.8,-508.6,-3.1,1.0,0.0,0.0,0.0,0.0,0.0,0.0,0.0,0.0,-2.54,3.02,29.9,1.0,35.0,65.882,35.0,1555.0
1779273769547183785,(2026-05-20 16:12:49.546,0X0000,1,1,1,1,1.0,1.0,1.0,1.0,-402.4,-25.9,308.1,9.8,0.0,0.0,0.0,0.0,0.0,0.0,0.0,0.0,-0.9482999999999999,-0.0476,-0.0298,0.001,-795.0,-519.8,16.6,1.0,0.0,0.0,0.0,0.0,0.0,0.0,0.0,0.0,-2.31,2.69,30.3,1.0,35.0,65.882,35.0,1555.0
1779273769911241822,+2026-05-20 16:12:49.910,0X0000,1,1,1,1,1.1,1.1,1.0,1.0,-427.3,-65.1,294.5,-105.9,0.0,0.0,0.0,0.0,0.0,0.0,0.0,0.0,-0.9632999999999999,0.0545,-0.0819,0.001,-860.0,-443.9,-31.7,1.0,0.0,0.0,0.0,0.0,0.0,0.0,0.0,0.0,-2.25,3.11,30.4,1.0,35.1,65.882,35.0,1555.0
1779273770274999248,2026-05-20 16:12:50.274,0X0000,1,1,1,1,1.0,1.1,1.0,1.0,-426.1,-63.3,326.8,-32.6,0.0,0.0,0.0,0.0,0.0,0.0,0.0,0.0,-1.0048,-0.041,-0.0526,0.001,-846.5,-545.4,2.6,1.0,0.0,0.0,0.0,0.0,0.0,0.0,0.0,0.0,-2.39,3.05,30.4,1.0,35.1,65.882,35.0,1555.0
1779273770634591859,2026-05-20 16:12:50.634,0X0000,1,1,1,1,1.0,1.1,1.0,1.0,-424.1,-9.5,313.7,-52.7,0.0,0.0,0.0,0.0,0.0,0.0,0.0,0.0,-0.9847,0.0577,-0.0465,0.001,-879.8,-448.2,9.1,1.0,0.0,0.0,0.0,0.0,0.0,0.0,0.0,0.0,-2.45,3.38,30.3,1.0,35.1,65.882,35.0,1555.0
1779273770998571396,*2026-05-20 16:12:50.997,0X0000,1,1,1,1,1.0,1.0,1.0,1.0,-403.7,-27.0,314.9,-76.3,0.0,0.0,0.0,0.0,0.0,0.0,0.0,0.0,-0.9591000000000001,0.0658,-0.0518,0.001,-857.4,-437.7,-13.0,1.0,0.0,0.0,0.0,0.0,0.0,0.0,0.0,0.0,-1.94,2.45,30.9,1.0,35.1,65.882,35.0,1555.0
1779273771360195229,2026-05-20 16:12:51.359,0X0000,1,1,1,1,1.0,1.0,1.0,1.0,-405.1,-55.6,292.9,-25.6,0.0,0.0,0.0,0.0,0.0,0.0,0.0,0.0,-0.9316,-0.04,-0.0522,0.001,-785.8,-504.8,0.6,1.0,0.0,0.0,0.0,0.0,0.0,0.0,0.0,0.0,-2.28,3.15,30.2,1.0,35.1,65.882,35.0,1555.0
1779273771724106710,2026-05-20 16:12:51.723,0X0000,1,1,1,1,1.1,1.1,1.0,1.0,-492.3,-33.8,230.4,-67.4,0.0,0.0,0.0,0.0,0.0,0.0,0.0,0.0,-0.9645,0.0448,-0.0979,0.001,-856.2,-453.7,-53.6,1.0,0.0,0.0,0.0,0.0,0.0,0.0,0.0,0.0,-2.21,2.73,30.4,1.0,35.1,65.882,35.0,1555.0
1779273772088246191,2026-05-20 16:12:52.087,0X0000,1,1,1,1,1.1,1.0,1.0,1.0,-429.4,-55.2,324.2,-72.3,0.0,0.0,0.0,0.0,0.0,0.0,0.0,0.0,-1.0058,0.0228,-0.0628,0.001,-882.6,-486.8,-10.1,1.0,0.0,0.0,0.0,0.0,0.0,0.0,0.0,0.0,-2.18,3.05,30.1,1.0,35.1,65.882,35.0,1555.0
1779273772449937969,)2026-05-20 16:12:52.449,0X0000,1,1,1,1,1.1,1.0,1.0,1.0,-416.6,-53.2,347.0,-48.3,0.0,0.0,0.0,0.0,0.0,0.0,0.0,0.0,-1.0191000000000001,-0.0065,-0.0461,0.001,-879.8,-516.3,7.6,1.0,0.0,0.0,0.0,0.0,0.0,0.0,0.0,0.0,-2.21,3.01,30.0,1.0,35.1,65.882,35.0,1555.0
1779273772784219635,2026-05-20 16:12:52.783,0X0000,1,1,1,1,1.1,1.1,1.0,1.0,-443.2,-46.4,579.1,17.2,0.0,0.0,0.0,0.0,0.0,0.0,0.0,0.0,0.0,0.0,0.0,0.0,0.0,0.0,0.0,0.0,0.0,0.0,0.0,0.0,0.0,0.0,0.0,0.0,-1.99,2.98,30.0,1.0,35.1,65.882,35.0,1555.0
1779273773146010098,+2026-05-20 16:12:53.145,0X0000,1,1,1,1,1.1,1.1,1.0,1.0,-416.2,-58.2,313.5,-33.3,0.0,0.0,0.0,0.0,0.0,0.0,0.0,0.0,-0.9739,-0.0332,-0.052399999999999995,0.001,-830.4,-512.7,4.6,1.0,0.0,0.0,0.0,0.0,0.0,0.0,0.0,0.0,-1.98,3.29,29.7,1.0,35.1,65.882,35.0,1555.0
1779273773510181561,2026-05-20 16:12:53.509,0X0000,1,1,1,1,1.1,1.0,1.0,1.0,-437.6,-63.1,312.9,-79.1,0.0,0.0,0.0,0.0,0.0,0.0,0.0,0.0,-1.0016,0.0214,-0.072,0.001,-883.6,-477.3,-17.2,1.0,0.0,0.0,0.0,0.0,0.0,0.0,0.0,0.0,-2.27,3.18,29.5,1.0,35.1,65.882,35.0,1555.0
1779273773874163227,*2026-05-20 16:12:53.873,0X0000,1,1,1,1,1.0,1.1,1.0,1.0,-423.9,-50.6,339.8,-47.7,0.0,0.0,0.0,0.0,0.0,0.0,0.0,0.0,-1.0192999999999999,-0.0039,-0.0492,0.001,-883.2,-511.3,-0.9,1.0,0.0,0.0,0.0,0.0,0.0,0.0,0.0,0.0,-2.08,2.71,29.8,1.0,35.1,65.882,35.0,1555.0
1779273774238260857,2026-05-20 16:12:54.237,0X0000,1,1,1,1,1.1,1.1,1.0,1.0,-454.8,-92.2,367.0,-77.8,0.0,0.0,0.0,0.0,0.0,0.0,0.0,0.0,-1.0968,-0.0192,-0.0695,0.001,-949.2,-554.2,-2.3,1.0,0.0,0.0,0.0,0.0,0.0,0.0,0.0,0.0,-2.32,3.47,29.2,1.0,35.1,65.882,35.0,1555.0
1779273774602232542,2026-05-20 16:12:54.601,0X0000,1,1,1,1,1.1,1.1,1.0,1.0,-433.7,-28.6,332.3,36.1,0.0,0.0,0.0,0.0,0.0,0.0,0.0,0.0,-1.0223,-0.0864,-0.0254,0.001,-849.1,-575.4,32.3,1.0,0.0,0.0,0.0,0.0,0.0,0.0,0.0,0.0,-2.36,3.04,29.3,1.0,35.1,65.882,35.0,1555.0
1779273774968363819,2026-05-20 16:12:54.967,0X0000,1,1,1,1,1.1,1.1,1.0,1.0,-440.9,-57.8,317.0,-49.6,0.0,0.0,0.0,0.0,0.0,0.0,0.0,0.0,-1.0115,-0.0109,-0.0624,0.001,-877.6,-506.8,-10.6,1.0,0.0,0.0,0.0,0.0,0.0,0.0,0.0,0.0,-2.48,2.91,29.3,1.0,35.1,65.882,35.0,1555.0
1779273775334356300,*2026-05-20 16:12:55.333,0X0000,1,1,1,1,1.1,1.1,1.0,1.0,-423.2,-68.0,345.0,-132.0,0.0,0.0,0.0,0.0,0.0,0.0,0.0,0.0,-1.0252999999999999,0.0854,-0.0751,0.001,-935.1,-435.0,-26.1,1.0,0.0,0.0,0.0,0.0,0.0,0.0,0.0,0.0,-2.1,2.91,29.6,1.0,35.1,65.882,35.0,1555.0
1779273775698424041,2026-05-20 16:12:55.697,0X0000,1,1,1,1,1.1,1.1,1.0,1.0,-501.6,-53.5,319.5,-86.6,0.0,0.0,0.0,0.0,0.0,0.0,0.0,0.0,-1.0959,0.0442,-0.0869,0.001,-979.1,-501.3,-24.0,1.0,0.0,0.0,0.0,0.0,0.0,0.0,0.0,0.0,-2.36,3.38,29.3,1.0,35.2,65.882,35.0,1555.0
1779273776062608356,82026-05-20 16:12:56.061,0X0000,1,1,1,1,1.1,1.1,1.0,1.0,-456.2,-33.1,262.6,-69.5,0.0,0.0,0.0,0.0,0.0,0.0,0.0,0.0,-0.9592999999999999,0.048600000000000004,-0.0799,0.001,-859.6,-434.9,-31.3,1.0,0.0,0.0,0.0,0.0,0.0,0.0,0.0,0.0,-2.32,3.02,29.6,1.0,35.2,65.882,35.0,1555.0
1779273776426690966,'2026-05-20 16:12:56.426,0X0000,1,1,1,1,1.1,1.1,1.0,1.0,-449.1,-79.7,349.7,-40.0,0.0,0.0,0.0,0.0,0.0,0.0,0.0,0.0,-1.0660999999999998,-0.053,-0.0591,0.001,-902.6,-572.8,1.5,1.0,0.0,0.0,0.0,0.0,0.0,0.0,0.0,0.0,-2.3,3.14,29.5,1.0,35.1,65.882,35.0,1555.0
1779273776791163670,+2026-05-20 16:12:56.790,0X0000,1,1,1,1,1.1,1.1,1.0,1.0,-464.5,-66.5,330.8,-63.3,0.0,0.0,0.0,0.0,0.0,0.0,0.0,0.0,-1.0614000000000001,-0.0043,-0.0711,0.001,-921.9,-530.6,-13.1,1.0,0.0,0.0,0.0,0.0,0.0,0.0,0.0,0.0,-2.29,3.12,29.6,1.0,35.2,65.882,35.0,1555.0
1779273777153956410,)2026-05-20 16:12:57.153,0X0000,1,1,1,1,1.0,1.1,1.0,1.0,-426.1,-68.7,320.0,-44.7,0.0,0.0,0.0,0.0,0.0,0.0,0.0,0.0,-0.9957999999999999,-0.032,-0.0592,0.001,-851.8,-520.1,-5.0,1.0,0.0,0.0,0.0,0.0,0.0,0.0,0.0,0.0,-2.44,3.04,29.5,1.0,35.2,65.882,35.0,1555.0
1779273777517177966,2026-05-20 16:12:57.516,0X0000,1,1,1,1,1.0,1.1,1.0,1.0,-432.0,-57.4,314.6,-55.2,0.0,0.0,0.0,0.0,0.0,0.0,0.0,0.0,-0.9964,-0.0029,-0.062,0.001,-861.6,-504.2,-14.3,1.0,0.0,0.0,0.0,0.0,0.0,0.0,0.0,0.0,-1.99,2.74,30.1,1.0,35.2,65.882,35.0,1555.0
1779273777879273780,2026-05-20 16:12:57.878,0X0000,1,1,1,1,1.0,1.0,1.0,1.0,-444.2,-45.5,332.9,-53.6,0.0,0.0,0.0,0.0,0.0,0.0,0.0,0.0,-1.0371,0.0108,-0.0567,0.001,-906.2,-507.8,0.4,1.0,0.0,0.0,0.0,0.0,0.0,0.0,0.0,0.0,-2.47,3.18,29.8,1.0,35.2,65.882,35.0,1555.0
1779273778243631706,(2026-05-20 16:12:58.243,0X0000,1,1,1,1,1.0,1.0,1.0,1.0,-423.3,-44.7,329.5,-63.4,0.0,0.0,0.0,0.0,0.0,0.0,0.0,0.0,-1.0047000000000001,0.025,-0.0545,0.001,-884.3,-481.0,-3.3,1.0,0.0,0.0,0.0,0.0,0.0,0.0,0.0,0.0,-2.46,2.98,29.9,1.0,35.2,65.882,35.0,1555.0
1779273778607360391,2026-05-20 16:12:58.606,0X0000,1,1,1,1,1.0,1.0,1.0,1.0,-414.8,-74.8,333.0,-58.0,0.0,0.0,0.0,0.0,0.0,0.0,0.0,0.0,-0.998,-0.0224,-0.0579,0.001,-852.2,-523.1,-3.9,1.0,0.0,0.0,0.0,0.0,0.0,0.0,0.0,0.0,-2.13,3.05,30.2,1.0,35.2,65.882,35.0,1555.0
1779273778971178595,2026-05-20 16:12:58.970,0X0000,1,1,1,1,1.0,1.1,1.0,1.0,-425.6,-33.9,294.3,-55.6,0.0,0.0,0.0,0.0,0.0,0.0,0.0,0.0,-0.9608,0.029,-0.0596,0.001,-848.2,-456.1,-13.1,1.0,0.0,0.0,0.0,0.0,0.0,0.0,0.0,0.0,-2.56,2.85,29.9,1.0,35.2,65.882,35.0,1555.0
1779273779333117872,2026-05-20 16:12:59.332,0X0000,1,1,1,1,1.0,1.1,1.0,1.0,-395.4,-40.7,323.7,-60.1,0.0,0.0,0.0,0.0,0.0,0.0,0.0,0.0,-0.9597,0.0259,-0.0466,0.001,-843.0,-461.7,-2.3,1.0,0.0,0.0,0.0,0.0,0.0,0.0,0.0,0.0,-2.28,2.71,30.2,1.0,35.2,65.882,35.0,1555.0
1779273779695136927,2026-05-20 16:12:59.694,0X0000,1,1,1,1,1.0,1.0,1.0,1.0,-463.9,-80.1,341.1,-8.3,0.0,0.0,0.0,0.0,0.0,0.0,0.0,0.0,-1.0744,-0.0958,-0.057,0.001,-885.4,-618.7,6.7,1.0,0.0,0.0,0.0,0.0,0.0,0.0,0.0,0.0,-2.58,3.17,29.8,1.0,35.2,65.882,35.0,1555.0
1779273780057148224,+2026-05-20 16:13:00.056,0X0000,1,1,1,1,1.0,1.0,1.0,1.0,-397.8,-49.6,302.7,-36.0,0.0,0.0,0.0,0.0,0.0,0.0,0.0,0.0,-0.9349,-0.0182,-0.048799999999999996,0.001,-800.4,-485.9,3.1,1.0,0.0,0.0,0.0,0.0,0.0,0.0,0.0,0.0,-2.07,3.14,30.1,1.0,35.2,65.882,35.0,1555.0
1779273780421264927,2026-05-20 16:13:00.420,0X0000,1,1,1,1,1.0,1.0,1.0,1.0,-401.6,-106.2,328.1,-50.6,0.0,0.0,0.0,0.0,0.0,0.0,0.0,0.0,-0.9739,-0.0742,-0.0621,0.001,-807.2,-553.3,-8.4,1.0,0.0,0.0,0.0,0.0,0.0,0.0,0.0,0.0,-2.36,2.98,30.0,1.0,35.2,65.882,35.0,1555.0
1779273780783554705,*2026-05-20 16:13:00.782,0X0000,1,1,1,1,1.0,1.0,1.0,1.0,-423.7,-59.3,319.4,-58.7,0.0,0.0,0.0,0.0,0.0,0.0,0.0,0.0,-0.9917999999999999,-0.0008,-0.0599,0.001,-861.2,-495.6,-5.9,1.0,0.0,0.0,0.0,0.0,0.0,0.0,0.0,0.0,-2.36,3.12,29.8,1.0,35.2,65.882,35.0,1555.0
1779273781149749297,2026-05-20 16:13:01.149,0X0000,1,1,1,1,1.0,1.0,1.0,1.0,-536.8,-44.6,323.4,-82.0,0.0,0.0,0.0,0.0,0.0,0.0,0.0,0.0,-1.1481,0.0499,-0.0917,0.001,-1018.9,-537.9,-39.2,1.0,0.0,0.0,0.0,0.0,0.0,0.0,0.0,0.0,-2.06,2.71,30.2,1.0,35.2,65.882,35.0,1555.0
1779273781516132426,:2026-05-20 16:13:01.515,0X0000,1,1,1,1,1.0,1.0,1.0,1.0,-450.3,-95.7,318.0,-59.9,0.0,0.0,0.0,0.0,0.0,0.0,0.0,0.0,-1.0254,-0.047799999999999995,-0.07759999999999999,0.001,-867.6,-554.0,-15.9,1.0,0.0,0.0,0.0,0.0,0.0,0.0,0.0,0.0,-2.22,3.34,29.8,1.0,35.2,65.882,35.0,1555.0
1779273781880332408,2026-05-20 16:13:01.879,0X0000,1,1,1,1,1.0,1.0,1.0,1.0,-467.3,-58.8,288.0,-32.9,0.0,0.0,0.0,0.0,0.0,0.0,0.0,0.0,-1.0081,-0.0346,-0.0731,0.001,-859.1,-533.6,-9.9,1.0,0.0,0.0,0.0,0.0,0.0,0.0,0.0,0.0,-2.1,3.52,29.8,1.0,35.2,65.882,35.0,1555.0
1779273782244164370,2026-05-20 16:13:02.243,0X0000,1,1,1,1,1.0,1.0,1.0,1.0,-475.3,-76.5,363.6,-56.7,0.0,0.0,0.0,0.0,0.0,0.0,0.0,0.0,-1.1196,-0.0264,-0.066,0.001,-960.4,-579.9,-5.3,1.0,0.0,0.0,0.0,0.0,0.0,0.0,0.0,0.0,-2.43,3.05,29.7,1.0,35.2,65.882,35.0,1555.0
1779273782608158370,*2026-05-20 16:13:02.607,0X0000,1,1,1,1,1.0,1.0,1.0,1.0,-491.2,-30.0,313.9,-38.1,0.0,0.0,0.0,0.0,0.0,0.0,0.0,0.0,-1.0745,0.0108,-0.06620000000000001,0.001,-939.7,-525.2,-6.1,1.0,0.0,0.0,0.0,0.0,0.0,0.0,0.0,0.0,-2.34,3.23,29.7,1.0,35.2,65.882,35.0,1555.0
1779273782972189129,+2026-05-20 16:13:02.971,0X0000,1,1,1,1,1.0,1.0,1.0,1.0,-387.4,-61.3,319.9,-90.3,0.0,0.0,0.0,0.0,0.0,0.0,0.0,0.0,-0.944,0.038700000000000005,-0.0591,0.001,-838.6,-439.2,-12.5,1.0,0.0,0.0,0.0,0.0,0.0,0.0,0.0,0.0,-2.21,2.92,29.9,1.0,35.2,65.882,35.0,1555.0
1779273783334200573,2026-05-20 16:13:03.333,0X0000,1,1,1,1,1.0,1.0,1.0,1.0,-443.0,-32.6,334.5,-57.6,0.0,0.0,0.0,0.0,0.0,0.0,0.0,0.0,-1.0377,0.0334,-0.0536,0.001,-922.8,-478.7,7.1,1.0,0.0,0.0,0.0,0.0,0.0,0.0,0.0,0.0,-2.65,3.44,29.2,1.0,35.2,65.882,35.0,1555.0
1779273783699423795,2026-05-20 16:13:03.698,0X0000,1,1,1,1,1.0,1.0,1.0,1.0,-443.5,-70.4,315.9,-51.1,0.0,0.0,0.0,0.0,0.0,0.0,0.0,0.0,-1.0135,-0.0258,-0.06720000000000001,0.001,-868.4,-527.1,-20.5,1.0,0.0,0.0,0.0,0.0,0.0,0.0,0.0,0.0,-2.32,2.58,29.7,1.0,35.2,65.882,35.0,1555.0
1779273784034669536,2026-05-20 16:13:04.034,0X0000,1,1,1,1,1.0,1.0,1.0,1.0,-230.6,-60.0,306.8,-17.2,0.0,0.0,0.0,0.0,0.0,0.0,0.0,0.0,0.0,0.0,0.0,0.0,0.0,0.0,0.0,0.0,0.0,0.0,0.0,0.0,0.0,0.0,0.0,0.0,-2.37,0.48,30.2,1.0,35.2,65.882,35.0,1555.0
1779273784392903221,)2026-05-20 16:13:04.391,0X0000,1,1,1,1,1.0,1.0,1.0,1.0,-296.1,7.8,317.4,10.9,0.0,0.0,0.0,0.0,0.0,0.0,0.0,0.0,-0.8188,-0.0040999999999999995,0.0108,0.001,-701.4,-422.5,2.0,1.0,0.0,0.0,0.0,0.0,0.0,0.0,0.0,0.0,-2.72,-0.63,30.8,1.0,35.2,65.882,35.0,1555.0
1779273784728297073,2026-05-20 16:13:04.727,0X0000,1,1,1,1,1.0,1.0,1.0,1.0,-225.6,-33.2,238.4,13.7,0.0,0.0,0.0,0.0,0.0,0.0,0.0,0.0,0.0,0.0,0.0,0.0,0.0,0.0,0.0,0.0,0.0,0.0,0.0,0.0,0.0,0.0,0.0,0.0,-2.3,-3.84,34.8,1.0,35.2,65.882,35.0,1555.0
1779273785085947684,2026-05-20 16:13:05.085,0X0000,1,1,1,1,1.0,1.0,1.0,1.0,-173.0,1.2,173.7,1.4,0.0,0.0,0.0,0.0,0.0,0.0,0.0,0.0,-0.4627,-0.0003,0.0009,0.001,-369.2,-278.2,-19.3,1.0,0.0,0.0,0.0,0.0,0.0,0.0,0.0,0.0,-3.06,-2.51,36.9,1.0,35.2,65.882,35.0,1555.0
1779273785447784535,)2026-05-20 16:13:05.447,0X0000,1,1,1,1,1.0,1.0,1.0,1.0,-103.3,-11.5,77.3,162.0,0.0,0.0,0.0,0.0,0.0,0.0,0.0,0.0,-0.241,-0.2316,0.033600000000000005,0.001,-26.3,-333.1,35.0,1.0,0.0,0.0,0.0,0.0,0.0,0.0,0.0,0.0,-2.04,-1.62,41.9,1.0,35.2,65.882,35.0,1555.0
1779273785805218887,2026-05-20 16:13:05.804,0X0000,1,1,1,1,1.0,1.0,1.0,1.0,-72.3,8.9,66.6,-14.3,0.0,0.0,0.0,0.0,0.0,0.0,0.0,0.0,-0.1854,0.031,-0.003,0.001,-152.0,-110.6,-0.7,1.0,0.0,0.0,0.0,0.0,0.0,0.0,0.0,0.0,-2.3,1.09,45.5,1.0,35.2,65.882,35.0,1555.0
1779273786162396998,&2026-05-20 16:13:06.161,0X0000,1,1,1,1,1.0,1.0,1.0,1.0,-64.2,13.0,71.1,-20.1,0.0,0.0,0.0,0.0,0.0,0.0,0.0,0.0,-0.18059999999999998,0.0442,-0.0001,0.001,-145.5,-115.8,3.4,1.0,0.0,0.0,0.0,0.0,0.0,0.0,0.0,0.0,-2.07,1.62,52.3,1.0,35.3,65.882,35.0,1555.0
1779273786528280109,%2026-05-20 16:13:06.527,0X0000,1,0,1,1,1.0,0.0,1.0,1.0,-41.1,0.0,55.9,-15.7,0.0,157.0,0.0,0.0,0.0,1.0,0.0,0.0,-0.1295,0.061700000000000005,0.008,0.001,-121.1,-77.0,7.3,1.0,0.0,0.0,0.0,0.0,0.0,0.0,0.0,0.0,-2.79,1.03,58.1,1.0,35.3,65.882,35.0,1555.0
1779273786885598757,2026-05-20 16:13:06.885,0X0000,1,1,1,1,1.0,1.0,1.0,0.9,-64.8,30.9,46.5,-28.3,0.0,0.0,0.0,0.0,0.0,0.0,0.0,0.0,-0.1485,0.079,-0.0043,0.001,-133.1,-102.8,-4.8,1.0,0.0,0.0,0.0,0.0,0.0,0.0,0.0,0.0,-2.49,1.13,65.6,0.9,35.2,65.882,35.0,1555.0
1779273787257225367,2026-05-20 16:13:07.256,0X0000,1,0,1,1,1.0,0.0,1.0,1.0,-48.8,0.0,46.3,-19.8,0.0,-466.0,0.0,0.0,0.0,1.0,0.0,0.0,-0.1269,0.0495,-0.0013,0.001,-85.5,-106.0,-1.1,1.0,0.0,0.0,0.0,0.0,0.0,0.0,0.0,0.0,-2.95,1.24,72.4,1.0,35.3,65.882,35.0,1555.0
1779273787614912775,$2026-05-20 16:13:07.614,0X0000,1,1,1,1,1.0,1.0,1.0,1.0,-44.8,30.0,40.8,-29.5,0.0,0.0,0.0,0.0,0.0,0.0,0.0,0.0,-0.1142,0.07940000000000001,-0.001,0.001,-97.4,-99.2,-3.0,1.0,0.0,0.0,0.0,0.0,0.0,0.0,0.0,0.0,-2.92,1.01,80.3,1.0,35.3,65.882,35.0,1555.0
1779273787981984904,2026-05-20 16:13:07.981,0X0000,0,1,1,1,0.0,1.0,1.0,1.0,0.0,28.8,41.9,-22.7,-535.0,0.0,0.0,0.0,1.0,0.0,0.0,0.0,-0.1037,0.0687,0.0033,0.001,-72.7,-100.9,3.4,1.0,0.0,0.0,0.0,0.0,0.0,0.0,0.0,0.0,-1.85,1.28,87.8,1.0,35.3,65.882,35.0,1555.0
1779273788323388645,2026-05-20 16:13:08.322,0X0000,1,1,0,1,0.1,1.0,0.0,1.0,519.7,37.7,0.0,6.5,0.0,0.0,-5.0,0.0,0.0,0.0,2.0,0.0,0.0,0.0,0.0,0.0,0.0,0.0,0.0,0.0,0.0,0.0,0.0,0.0,0.0,0.0,0.0,0.0,-1.82,1.2,95.3,0.1,35.3,65.882,35.0,1555.0
1779273788545069200,2026-05-20 16:13:08.544,0X0008,1,1,1,1,0.1,0.1,0.1,1.0,0.0,0.0,0.0,0.0,0.0,0.0,0.0,0.0,0.0,0.0,0.0,0.0,0.0,0.0,0.0,0.0,0.0,0.0,0.0,0.0,0.0,0.0,0.0,0.0,0.0,0.0,0.0,0.0,-2.74,1.24,100.8,0.1,35.3,65.882,35.0,1555.0
1779273788913943181,2026-05-20 16:13:08.913,0X0000,1,1,1,1,1.0,0.1,0.1,0.9,-13.7,-1249.9,-893.4,-30.8,0.0,0.0,0.0,0.0,0.0,0.0,0.0,0.0,1.1741,-1.6271,-0.5899,0.001,1247.3,1589.5,-540.6,1.0,0.0,0.0,0.0,0.0,0.0,0.0,0.0,0.0,-2.66,1.32,106.8,0.1,35.3,65.882,35.0,1555.0
1779273789261810977,2026-05-20 16:13:09.261,0X0000,1,1,0,1,1.0,1.0,0.0,1.0,-10.4,34.9,0.0,-24.8,0.0,0.0,-605.0,0.0,0.0,0.0,1.0,0.0,0.0,0.0,0.0,0.0,0.0,0.0,0.0,0.0,0.0,0.0,0.0,0.0,0.0,0.0,0.0,0.0,-2.44,2.29,112.6,1.0,35.3,65.882,35.0,1555.0
1779273789633838940,2026-05-20 16:13:09.633,0X0000,1,1,1,1,1.0,0.2,0.1,1.0,-122.3,2399.1,5302.6,-83.3,0.0,0.0,0.0,0.0,0.0,0.0,0.0,0.0,-7.2403,3.3131,2.0212,0.001,-149.9,-7771.9,2658.9,1.0,0.0,0.0,0.0,0.0,0.0,0.0,0.0,0.0,-2.61,6.37,115.0,0.1,35.3,65.882,35.0,1555.0
1779273789970471588,2026-05-20 16:13:09.969,0X0000,1,1,1,1,1.0,0.1,0.2,1.0,-146.0,-3590.4,-88.9,-55.1,0.0,0.0,0.0,0.0,0.0,0.0,0.0,0.0,0.0,0.0,0.0,0.0,0.0,0.0,0.0,0.0,0.0,0.0,0.0,0.0,0.0,0.0,0.0,0.0,-2.59,7.87,116.7,0.1,35.3,65.882,35.0,1555.0
1779273790345965347,(2026-05-20 16:13:10.345,0X0000,0,1,1,1,1.0,1.0,0.9,0.9,0.0,-29.4,153.3,-95.1,54.0,0.0,0.0,0.0,1.0,0.0,0.0,0.0,-0.5754,0.0877,-0.06709999999999999,0.001,186.1,-555.4,13.9,1.0,0.0,0.0,0.0,0.0,0.0,0.0,0.0,0.0,-2.98,8.48,117.0,0.9,35.3,65.882,35.0,1555.0
1779273790681895310,2026-05-20 16:13:10.681,0X0000,1,1,1,1,1.0,0.2,0.1,0.9,-415.4,1292.8,601.2,-87.6,0.0,0.0,0.0,0.0,0.0,0.0,0.0,0.0,0.0,0.0,0.0,0.0,0.0,0.0,0.0,0.0,0.0,0.0,0.0,0.0,0.0,0.0,0.0,0.0,-2.57,7.45,119.1,0.1,35.3,65.882,35.0,1555.0
1779273791066778347,+2026-05-20 16:13:11.066,0X0000,1,1,0,1,1.0,1.0,0.0,0.9,-415.1,-74.5,0.0,-71.2,0.0,0.0,512.0,0.0,0.0,0.0,1.0,0.0,-0.9136,-0.0044,-0.07859999999999999,0.001,469.4,-787.7,-3.4,1.0,0.0,0.0,0.0,0.0,0.0,0.0,0.0,0.0,-2.72,4.69,120.4,0.9,35.3,65.882,35.0,1555.0
1779273791431142865,2026-05-20 16:13:11.430,0X0000,1,1,1,1,1.0,1.0,0.9,0.9,-392.6,-35.8,332.7,1.4,0.0,0.0,0.0,0.0,0.0,0.0,0.0,0.0,-0.968,-0.0496,-0.0255,0.001,529.7,-811.7,27.8,1.0,0.0,0.0,0.0,0.0,0.0,0.0,0.0,0.0,-1.71,3.07,120.2,0.9,35.3,65.882,35.0,1555.0
1779273791793182365,2026-05-20 16:13:11.792,0X0000,1,1,1,1,1.0,1.0,0.9,0.9,-412.4,-74.2,347.3,-77.6,0.0,0.0,0.0,0.0,0.0,0.0,0.0,0.0,-1.0139,0.0045,-0.0585,0.001,504.9,-881.2,-8.8,1.0,0.0,0.0,0.0,0.0,0.0,0.0,0.0,0.0,-1.94,2.82,120.0,0.9,35.3,65.882,35.0,1555.0
1779273792152735605,2026-05-20 16:13:12.152,0X0000,1,1,1,1,1.0,1.0,0.9,0.9,-403.5,-4.2,362.8,-9.9,0.0,0.0,0.0,0.0,0.0,0.0,0.0,0.0,-1.0227,0.0076,-0.0148,0.001,493.4,-895.5,29.1,1.0,0.0,0.0,0.0,0.0,0.0,0.0,0.0,0.0,-2.1,2.48,119.3,0.9,35.3,65.882,35.0,1555.0
1779273792516644068,2026-05-20 16:13:12.515,0X0000,1,1,1,1,1.0,1.0,0.9,0.9,-408.8,-56.8,326.1,-79.1,0.0,0.0,0.0,0.0,0.0,0.0,0.0,0.0,-0.9808,0.0298,-0.059,0.001,446.7,-875.6,-11.3,1.0,0.0,0.0,0.0,0.0,0.0,0.0,0.0,0.0,-2.03,2.85,118.7,0.9,35.3,65.882,35.0,1555.0
1779273792880449975,2026-05-20 16:13:12.879,0X0000,1,1,1,1,1.0,1.0,1.0,0.9,-425.6,-14.3,340.7,-43.9,0.0,0.0,0.0,0.0,0.0,0.0,0.0,0.0,-1.0227,0.0395,-0.0386,0.001,452.4,-918.8,14.3,1.0,0.0,0.0,0.0,0.0,0.0,0.0,0.0,0.0,-2.39,3.06,118.4,0.9,35.3,65.882,35.0,1555.0
1779273793246314882,2026-05-20 16:13:13.245,0X0000,1,1,1,1,1.0,1.0,0.9,0.9,-438.7,-103.7,255.0,-61.1,0.0,0.0,0.0,0.0,0.0,0.0,0.0,0.0,-0.9258,-0.0569,-0.094,0.001,488.3,-792.4,-53.1,1.0,0.0,0.0,0.0,0.0,0.0,0.0,0.0,0.0,-1.76,2.42,118.0,0.9,35.3,65.882,35.0,1555.0
1779273793608184604,F2026-05-20 16:13:13.607,0X0000,1,1,1,1,1.0,1.0,0.9,0.9,-400.0,-42.3,343.4,-46.9,0.0,0.0,0.0,0.0,0.0,0.0,0.0,0.0,-0.9922000000000001,0.0060999999999999995,-0.039299999999999995,0.001,439.3,-890.3,20.9,1.0,0.0,0.0,0.0,0.0,0.0,0.0,0.0,0.0,-2.01,3.49,116.6,0.9,35.4,65.882,35.0,1555.0
1779273793974387030,.2026-05-20 16:13:13.973,0X0000,1,1,1,1,1.0,1.0,0.9,0.9,-438.5,-100.4,285.0,-65.7,0.0,0.0,0.0,0.0,0.0,0.0,0.0,0.0,-0.9656,-0.046299999999999994,-0.0862,0.001,478.5,-843.5,-39.5,1.0,0.0,0.0,0.0,0.0,0.0,0.0,0.0,0.0,-2.06,2.67,116.7,0.9,35.3,65.882,35.0,1555.0
1779273794336281900,'2026-05-20 16:13:14.335,0X0000,1,1,1,1,0.9,0.9,0.9,0.9,-400.6,-53.5,333.1,-69.2,0.0,0.0,0.0,0.0,0.0,0.0,0.0,0.0,-0.9792000000000001,0.021,-0.0513,0.001,411.8,-890.2,-2.5,1.0,0.0,0.0,0.0,0.0,0.0,0.0,0.0,0.0,-2.06,2.9,116.0,0.9,35.3,65.882,35.0,1555.0
1779273794698094159,2026-05-20 16:13:14.697,0X0000,1,1,1,1,0.9,1.0,0.9,0.9,-411.2,-38.3,311.5,-64.0,0.0,0.0,0.0,0.0,0.0,0.0,0.0,0.0,-0.9645,0.0343,-0.0545,0.001,385.9,-886.3,-4.1,1.0,0.0,0.0,0.0,0.0,0.0,0.0,0.0,0.0,-2.09,3.07,115.5,0.9,35.3,65.882,35.0,1555.0
1779273795059929548,)2026-05-20 16:13:15.059,0X0000,1,1,1,1,0.9,0.9,0.9,0.9,-408.3,-31.4,325.5,-28.1,0.0,0.0,0.0,0.0,0.0,0.0,0.0,0.0,-0.9793999999999999,-0.0044,-0.0384,0.001,421.7,-884.8,8.4,1.0,0.0,0.0,0.0,0.0,0.0,0.0,0.0,0.0,-1.87,2.73,115.2,0.9,35.3,65.882,35.0,1555.0
1779273795421279363,52026-05-20 16:13:15.420,0X0000,1,1,1,1,0.9,0.9,0.9,0.9,-388.7,-55.6,337.5,-71.4,0.0,0.0,0.0,0.0,0.0,0.0,0.0,0.0,-0.9692000000000001,0.0211,-0.048100000000000004,0.001,386.9,-890.1,6.9,1.0,0.0,0.0,0.0,0.0,0.0,0.0,0.0,0.0,-2.21,3.3,114.7,0.9,35.3,65.882,35.0,1555.0
1779273795785028751,2026-05-20 16:13:15.784,0X0000,1,1,1,1,0.9,0.9,0.9,0.9,-453.3,-64.7,342.7,-39.4,0.0,0.0,0.0,0.0,0.0,0.0,0.0,0.0,-1.0624,-0.0338,-0.0579,0.001,471.2,-954.6,-0.6,1.0,0.0,0.0,0.0,0.0,0.0,0.0,0.0,0.0,-2.01,3.03,114.4,0.9,35.4,65.882,35.0,1555.0
1779273796121370121,2026-05-20 16:13:16.120,0X0000,1,1,1,1,0.9,0.9,0.8,0.8,-442.6,-40.9,590.6,-53.2,0.0,0.0,0.0,0.0,0.0,0.0,0.0,0.0,0.0,0.0,0.0,0.0,0.0,0.0,0.0,0.0,0.0,0.0,0.0,0.0,0.0,0.0,0.0,0.0,-2.34,3.26,114.5,0.8,35.3,65.882,35.0,1555.0
1779273796483196640,2026-05-20 16:13:16.482,0X0000,1,1,1,1,0.8,0.9,0.8,0.8,-398.1,-18.8,297.9,-56.9,0.0,0.0,0.0,0.0,0.0,0.0,0.0,0.0,-0.9289,0.0508,-0.0474,0.001,340.3,-867.1,1.2,1.0,0.0,0.0,0.0,0.0,0.0,0.0,0.0,0.0,-2.39,3.13,114.5,0.8,35.4,65.882,35.0,1555.0
1779273796846887769,*2026-05-20 16:13:16.846,0X0000,1,1,1,1,0.8,0.8,0.8,0.8,-431.5,-23.8,346.0,-40.2,0.0,0.0,0.0,0.0,0.0,0.0,0.0,0.0,-1.0377,0.0219,-0.040299999999999996,0.001,409.5,-954.5,13.4,1.0,0.0,0.0,0.0,0.0,0.0,0.0,0.0,0.0,-2.3,3.02,114.4,0.8,35.3,65.882,35.0,1555.0
1779273797213003676,2026-05-20 16:13:17.212,0X0000,1,1,1,1,0.8,0.8,0.8,0.8,-447.5,-100.6,308.5,-33.2,0.0,0.0,0.0,0.0,0.0,0.0,0.0,0.0,-1.009,-0.09,-0.0736,0.001,502.8,-882.3,-19.4,1.0,0.0,0.0,0.0,0.0,0.0,0.0,0.0,0.0,-2.11,2.89,114.5,0.8,35.3,65.882,35.0,1555.0
1779273797576324472,2026-05-20 16:13:17.575,0X0000,1,1,1,1,0.8,0.8,0.8,0.8,-404.3,-59.4,290.1,-47.3,0.0,0.0,0.0,0.0,0.0,0.0,0.0,0.0,-0.9268,-0.0161,-0.0596,0.001,404.0,-836.4,-11.1,1.0,0.0,0.0,0.0,0.0,0.0,0.0,0.0,0.0,-2.34,2.96,114.7,0.8,35.3,65.882,35.0,1555.0
1779273797912875250,2026-05-20 16:13:17.912,0X0000,1,1,1,1,0.8,0.8,0.8,0.8,-439.7,446.1,301.1,-51.1,0.0,0.0,0.0,0.0,0.0,0.0,0.0,0.0,0.0,0.0,0.0,0.0,0.0,0.0,0.0,0.0,0.0,0.0,0.0,0.0,0.0,0.0,0.0,0.0,-2.27,3.16,114.6,0.8,35.3,65.882,35.0,1555.0
1779273798276328898,2026-05-20 16:13:18.275,0X0000,1,1,1,1,0.8,0.8,0.8,0.7,-432.7,-60.4,309.6,-37.7,0.0,0.0,0.0,0.0,0.0,0.0,0.0,0.0,-0.9907,-0.0303,-0.0597,0.001,444.8,-887.8,-9.8,1.0,0.0,0.0,0.0,0.0,0.0,0.0,0.0,0.0,-1.91,2.83,114.8,0.7,35.3,65.882,35.0,1555.0
1779273798639836064,*2026-05-20 16:13:18.639,0X0000,1,1,1,1,0.8,0.8,0.7,0.7,-406.0,-64.7,333.1,-104.4,0.0,0.0,0.0,0.0,0.0,0.0,0.0,0.0,-0.9863999999999999,0.053,-0.0653,0.001,367.8,-919.1,-10.0,1.0,0.0,0.0,0.0,0.0,0.0,0.0,0.0,0.0,-2.24,3.33,114.8,0.7,35.3,65.882,35.0,1555.0
1779273799003299768,+2026-05-20 16:13:19.002,0X0000,1,1,1,1,0.8,0.8,0.7,0.7,-443.5,-60.3,326.4,-46.5,0.0,0.0,0.0,0.0,0.0,0.0,0.0,0.0,-1.0275,-0.0184,-0.060399999999999995,0.001,452.8,-924.6,1.0,1.0,0.0,0.0,0.0,0.0,0.0,0.0,0.0,0.0,-2.42,3.38,115.0,0.7,35.3,65.882,35.0,1555.0
1779273799366511101,2026-05-20 16:13:19.365,0X0000,1,1,1,1,0.8,0.8,0.7,0.7,-414.2,-36.4,406.1,-50.0,0.0,0.0,0.0,0.0,0.0,0.0,0.0,0.0,-1.0948,0.0182,-0.0255,0.001,453.2,-996.9,24.9,1.0,0.0,0.0,0.0,0.0,0.0,0.0,0.0,0.0,-2.22,2.68,115.4,0.7,35.3,65.882,35.0,1555.0
1779273799730296193,2026-05-20 16:13:19.729,0X0000,1,1,1,1,0.8,0.7,0.7,0.7,-491.2,-51.3,294.6,-46.5,0.0,0.0,0.0,0.0,0.0,0.0,0.0,0.0,-1.0488,-0.0064,-0.07940000000000001,0.001,453.6,-948.9,-18.1,1.0,0.0,0.0,0.0,0.0,0.0,0.0,0.0,0.0,-2.23,3.33,115.1,0.7,35.3,65.882,35.0,1555.0
1779273800094582267,92026-05-20 16:13:20.093,0X0000,1,1,1,1,0.8,0.8,0.7,0.7,-441.6,-42.7,319.8,-77.1,0.0,0.0,0.0,0.0,0.0,0.0,0.0,0.0,-1.0162,0.045899999999999996,-0.06520000000000001,0.001,396.7,-939.0,-11.0,1.0,0.0,0.0,0.0,0.0,0.0,0.0,0.0,0.0,-2.34,3.16,115.4,0.7,35.3,65.882,35.0,1555.0
1779273800458154415,2026-05-20 16:13:20.457,0X0000,1,1,1,1,0.8,0.8,0.7,0.7,-434.3,-79.6,323.9,-45.0,0.0,0.0,0.0,0.0,0.0,0.0,0.0,0.0,-1.0119,-0.046200000000000005,-0.0634,0.001,482.6,-892.8,-5.9,1.0,0.0,0.0,0.0,0.0,0.0,0.0,0.0,0.0,-2.66,3.13,115.7,0.7,35.3,65.882,35.0,1555.0
1779273800822271730,2026-05-20 16:13:20.821,0X0000,1,1,1,1,0.8,0.7,0.7,0.7,-322.8,-84.6,320.9,-52.3,0.0,0.0,0.0,0.0,0.0,0.0,0.0,0.0,-0.8591,-0.0431,-0.037399999999999996,0.001,410.7,-756.6,10.9,1.0,0.0,0.0,0.0,0.0,0.0,0.0,0.0,0.0,-2.07,3.12,115.6,0.7,35.3,65.882,35.0,1555.0
1779273801188149470,2026-05-20 16:13:21.187,0X0000,1,1,1,1,0.8,0.8,0.7,0.7,-455.9,-63.4,329.6,-31.0,0.0,0.0,0.0,0.0,0.0,0.0,0.0,0.0,-1.0484,-0.0432,-0.0595,0.001,503.6,-922.5,-14.3,1.0,0.0,0.0,0.0,0.0,0.0,0.0,0.0,0.0,-2.22,2.38,116.2,0.7,35.3,65.882,35.0,1555.0
1779273801553766063,.2026-05-20 16:13:21.553,0X0000,1,1,1,1,0.8,0.8,0.7,0.7,-342.2,-106.7,352.8,-2.4,0.0,0.0,0.0,0.0,0.0,0.0,0.0,0.0,-0.9276,-0.1392,-0.026600000000000002,0.001,563.3,-749.7,-35.9,1.0,0.0,0.0,0.0,0.0,0.0,0.0,0.0,0.0,-2.68,-0.98,118.3,0.7,35.3,65.882,35.0,1555.0
1779273801887746785,2026-05-20 16:13:21.887,0X0000,1,1,1,1,0.7,0.8,0.7,0.7,-278.8,4.3,277.9,-6.7,0.0,0.0,0.0,0.0,0.0,0.0,0.0,0.0,0.0,0.0,0.0,0.0,0.0,0.0,0.0,0.0,0.0,0.0,0.0,0.0,0.0,0.0,0.0,0.0,-3.33,-4.87,122.3,0.7,35.3,65.882,35.0,1555.0
1779273802247408210,)2026-05-20 16:13:22.246,0X0000,1,1,1,1,0.7,0.8,0.8,0.7,-174.8,16.6,236.6,26.7,0.0,0.0,0.0,0.0,0.0,0.0,0.0,0.0,-0.5491,-0.0135,0.028300000000000002,0.001,316.6,-449.6,1.4,1.0,0.0,0.0,0.0,0.0,0.0,0.0,0.0,0.0,-1.99,-2.85,123.8,0.7,35.3,65.882,35.0,1555.0
1779273802583249229,2026-05-20 16:13:22.582,0X0000,1,1,1,1,0.7,0.8,0.7,0.7,-96.5,-16.1,17.0,-16.0,0.0,0.0,0.0,0.0,0.0,0.0,0.0,0.0,0.0,0.0,0.0,0.0,0.0,0.0,0.0,0.0,0.0,0.0,0.0,0.0,0.0,0.0,0.0,0.0,-2.65,-2.41,128.6,0.7,35.3,65.882,35.0,1555.0
1779273802940365154,52026-05-20 16:13:22.939,0X0000,1,1,1,1,0.8,0.8,0.7,0.7,-98.3,-4.6,67.9,-8.8,0.0,0.0,0.0,0.0,0.0,0.0,0.0,0.0,-0.22180000000000002,0.0056,-0.011800000000000001,0.001,144.0,-168.8,-11.4,1.0,0.0,0.0,0.0,0.0,0.0,0.0,0.0,0.0,-2.19,0.17,131.8,0.7,35.3,65.882,35.0,1555.0
1779273803293607080,2026-05-20 16:13:23.292,0X0000,1,1,1,1,0.8,0.8,0.7,0.7,-82.1,7.6,81.2,-3.3,0.0,0.0,0.0,0.0,0.0,0.0,0.0,0.0,-0.2179,0.0145,0.0009,0.001,152.1,-156.6,5.4,1.0,0.0,0.0,0.0,0.0,0.0,0.0,0.0,0.0,-2.18,1.34,138.0,0.7,35.3,65.882,35.0,1555.0
1779273803648532691,2026-05-20 16:13:23.647,0X0000,1,1,1,1,0.8,0.8,0.7,0.7,-46.1,19.7,45.1,-12.6,0.0,0.0,0.0,0.0,0.0,0.0,0.0,0.0,-0.1217,0.0431,0.0016,0.001,75.3,-104.9,2.7,1.0,0.0,0.0,0.0,0.0,0.0,0.0,0.0,0.0,-2.09,1.25,145.2,0.7,35.3,65.882,35.0,1555.0
1779273804001483598,#2026-05-20 16:13:24.000,0X0000,1,1,1,1,0.8,0.8,0.7,0.7,-51.0,8.1,59.4,-14.7,0.0,0.0,0.0,0.0,0.0,0.0,0.0,0.0,-0.14730000000000001,0.0304,0.0004,0.001,116.8,-94.8,2.1,1.0,0.0,0.0,0.0,0.0,0.0,0.0,0.0,0.0,-2.04,1.08,152.6,0.7,35.3,65.882,35.0,1555.0
1779273804358627246,2026-05-20 16:13:24.358,0X0000,1,1,1,1,0.8,0.8,0.7,0.7,-49.0,21.9,45.6,-42.7,0.0,0.0,0.0,0.0,0.0,0.0,0.0,0.0,-0.1263,0.0862,-0.0065,0.001,92.1,-122.1,-7.5,1.0,0.0,0.0,0.0,0.0,0.0,0.0,0.0,0.0,-2.42,1.21,161.2,0.7,35.3,65.882,35.0,1555.0
1779273804713433079,#2026-05-20 16:13:24.712,0X0000,1,1,1,1,0.8,0.8,0.7,0.7,-37.4,28.3,46.2,-28.8,0.0,0.0,0.0,0.0,0.0,0.0,0.0,0.0,-0.11159999999999999,0.0762,0.0022,0.001,96.0,-95.2,0.9,1.0,0.0,0.0,0.0,0.0,0.0,0.0,0.0,0.0,-2.65,1.17,169.6,0.7,35.3,65.882,35.0,1555.0
1779273805050736560,2026-05-20 16:13:25.050,0X0000,1,1,1,1,0.7,0.1,0.1,0.7,-103.3,-1469.5,4623.5,-27.8,0.0,0.0,0.0,0.0,0.0,0.0,0.0,0.0,0.0,0.0,0.0,0.0,0.0,0.0,0.0,0.0,0.0,0.0,0.0,0.0,0.0,0.0,0.0,0.0,-1.97,1.3,177.9,0.1,35.3,65.882,35.0,1555.0
1779273805416184505,2026-05-20 16:13:25.415,0X0000,1,0,1,1,0.8,0.0,0.7,0.7,-27.7,0.0,35.9,-22.6,0.0,257.0,0.0,0.0,0.0,1.0,0.0,0.0,-0.0849,0.0713,0.0044,0.001,92.2,-61.5,4.0,1.0,0.0,0.0,0.0,0.0,0.0,0.0,0.0,0.0,-1.91,1.37,186.4,0.7,35.2,65.882,35.0,1555.0
1779273805751402801,2026-05-20 16:13:25.750,0X0000,1,1,1,1,0.8,0.1,0.2,0.7,-11.4,-1799.6,-139.2,-37.4,0.0,0.0,0.0,0.0,0.0,0.0,0.0,0.0,0.0,0.0,0.0,0.0,0.0,0.0,0.0,0.0,0.0,0.0,0.0,0.0,0.0,0.0,0.0,0.0,-2.16,1.34,195.9,0.1,35.2,65.882,35.0,1555.0
1779273806122632819,32026-05-20 16:13:26.122,0X0000,1,0,1,1,0.7,0.8,0.7,0.7,-24.7,0.0,25.2,-28.0,0.0,-515.0,0.0,0.0,0.0,1.0,0.0,0.0,-0.06659999999999999,0.07540000000000001,0.0003,0.001,91.4,-42.1,-0.4,1.0,0.0,0.0,0.0,0.0,0.0,0.0,0.0,0.0,-2.41,2.14,203.8,0.7,35.2,65.882,35.0,1555.0
1779273806480069023,2026-05-20 16:13:26.479,0X0000,1,1,1,1,0.8,0.8,0.7,0.7,-95.4,8.6,54.7,-30.7,0.0,0.0,0.0,0.0,0.0,0.0,0.0,0.0,-0.2003,0.0525,-0.0169,0.001,199.6,57.5,1.5,1.0,0.0,0.0,0.0,0.0,0.0,0.0,0.0,0.0,-2.7,5.95,210.6,0.7,35.2,65.882,35.0,1555.0
1779273806816741300,2026-05-20 16:13:26.816,0X0000,1,1,1,1,0.8,0.1,0.1,0.7,-177.5,3132.0,2418.7,-29.3,0.0,0.0,0.0,0.0,0.0,0.0,0.0,0.0,0.0,0.0,0.0,0.0,0.0,0.0,0.0,0.0,0.0,0.0,0.0,0.0,0.0,0.0,0.0,0.0,-2.48,7.87,212.8,0.1,35.2,65.882,35.0,1555.0
1779273807178368467,(2026-05-20 16:13:27.177,0X0000,1,1,1,1,0.8,0.8,0.7,0.7,-254.5,11.4,187.5,-49.1,0.0,0.0,0.0,0.0,0.0,0.0,0.0,0.0,-0.5899,0.08070000000000001,-0.0282,0.001,529.9,267.9,51.4,1.0,0.0,0.0,0.0,0.0,0.0,0.0,0.0,0.0,-3.15,8.16,214.7,0.7,35.2,65.882,35.0,1555.0
1779273807525984411,2026-05-20 16:13:27.525,0X0000,0,1,1,1,0.0,0.8,0.7,0.7,0.0,-53.7,251.4,-94.7,-414.0,0.0,0.0,0.0,1.0,0.0,0.0,0.0,0.0,0.0,0.0,0.0,0.0,0.0,0.0,0.0,0.0,0.0,0.0,0.0,0.0,0.0,0.0,0.0,-2.77,6.55,213.5,0.7,35.2,65.882,35.0,1555.0
1779273807899738929,2026-05-20 16:13:27.899,0X0000,1,1,0,1,0.8,0.8,0.0,0.7,-409.1,-55.1,0.0,-49.4,0.0,0.0,-557.0,0.0,0.0,0.0,1.0,0.0,-0.9525,-0.0076,-0.0564,0.001,792.8,530.6,16.6,1.0,0.0,0.0,0.0,0.0,0.0,0.0,0.0,0.0,-2.22,4.37,213.3,0.7,35.2,65.882,35.0,1555.0
1779273808265486355,62026-05-20 16:13:28.264,0X0000,1,1,1,1,0.8,0.8,0.7,0.7,-430.3,-42.6,300.4,-157.4,0.0,0.0,0.0,0.0,0.0,0.0,0.0,0.0,-0.9752000000000001,0.15319999999999998,-0.089,0.001,913.3,382.9,-41.3,1.0,0.0,0.0,0.0,0.0,0.0,0.0,0.0,0.0,-2.22,3.15,211.5,0.7,35.2,65.882,35.0,1555.0
1779273808625927058,2026-05-20 16:13:28.625,0X0000,1,1,1,1,0.8,0.8,0.7,0.7,-381.7,-27.1,327.1,11.4,0.0,0.0,0.0,0.0,0.0,0.0,0.0,0.0,-0.946,-0.0514,-0.019,0.001,788.7,523.9,36.6,1.0,0.0,0.0,0.0,0.0,0.0,0.0,0.0,0.0,-2.02,3.26,210.5,0.7,35.2,65.882,35.0,1555.0
1779273808987561799,'2026-05-20 16:13:28.986,0X0000,1,1,1,1,0.8,0.8,0.7,0.7,-445.6,-57.5,348.0,-59.8,0.0,0.0,0.0,0.0,0.0,0.0,0.0,0.0,-1.0592000000000001,0.0031,-0.058,0.001,923.3,522.3,-8.0,1.0,0.0,0.0,0.0,0.0,0.0,0.0,0.0,0.0,-2.25,2.71,209.6,0.7,35.2,65.882,35.0,1555.0
1779273809348206854,)2026-05-20 16:13:29.347,0X0000,1,1,1,1,0.8,0.8,0.7,0.7,-442.9,-20.1,335.4,-34.0,0.0,0.0,0.0,0.0,0.0,0.0,0.0,0.0,-1.0387,0.018600000000000002,-0.0436,0.001,923.0,478.6,9.9,1.0,0.0,0.0,0.0,0.0,0.0,0.0,0.0,0.0,-2.01,2.99,208.4,0.7,35.2,65.882,35.0,1555.0
1779273809707613928,)2026-05-20 16:13:29.707,0X0000,1,1,1,1,0.8,0.8,0.7,0.7,-383.5,-39.9,358.7,-40.4,0.0,0.0,0.0,0.0,0.0,0.0,0.0,0.0,-0.9906,0.0007,-0.028399999999999998,0.001,882.2,450.9,18.2,1.0,0.0,0.0,0.0,0.0,0.0,0.0,0.0,0.0,-2.04,2.7,207.1,0.7,35.2,65.882,35.0,1555.0
1779273810067252687,(2026-05-20 16:13:30.066,0X0000,1,1,1,1,0.8,0.8,0.7,0.7,-380.5,-42.6,307.1,-37.6,0.0,0.0,0.0,0.0,0.0,0.0,0.0,0.0,-0.9177000000000001,-0.0067,-0.0414,0.001,824.6,404.8,4.1,1.0,0.0,0.0,0.0,0.0,0.0,0.0,0.0,0.0,-1.65,2.83,205.7,0.7,35.2,65.882,35.0,1555.0
1779273810428455224,2026-05-20 16:13:30.427,0X0000,1,1,1,1,0.8,0.8,0.7,0.7,-405.0,-43.5,359.4,-7.0,0.0,0.0,0.0,0.0,0.0,0.0,0.0,0.0,-1.0202,-0.0487,-0.0259,0.001,906.6,470.6,24.9,1.0,0.0,0.0,0.0,0.0,0.0,0.0,0.0,0.0,-2.04,2.76,204.7,0.7,35.2,65.882,35.0,1555.0
1779273810788063557,)2026-05-20 16:13:30.787,0X0000,1,1,1,1,0.8,0.8,0.7,0.7,-411.3,-44.8,303.2,-51.1,0.0,0.0,0.0,0.0,0.0,0.0,0.0,0.0,-0.9536,0.008400000000000001,-0.055,0.001,876.3,380.2,-4.2,1.0,0.0,0.0,0.0,0.0,0.0,0.0,0.0,0.0,-1.94,3.07,203.9,0.7,35.2,65.882,35.0,1555.0
1779273811149477983,72026-05-20 16:13:31.148,0X0000,1,1,1,1,0.8,0.8,0.7,0.7,-430.3,-59.3,297.3,-10.7,0.0,0.0,0.0,0.0,0.0,0.0,0.0,0.0,-0.9711000000000001,-0.0649,-0.054700000000000006,0.001,871.7,436.1,-5.5,1.0,0.0,0.0,0.0,0.0,0.0,0.0,0.0,0.0,-2.16,2.76,202.7,0.7,35.2,65.882,35.0,1555.0
1779273811511162112,+2026-05-20 16:13:31.510,0X0000,1,1,1,1,0.8,0.8,0.7,0.7,-379.0,-54.2,284.8,-35.9,0.0,0.0,0.0,0.0,0.0,0.0,0.0,0.0,-0.8859,-0.024399999999999998,-0.0497,0.001,814.9,351.6,-7.3,1.0,0.0,0.0,0.0,0.0,0.0,0.0,0.0,0.0,-2.09,2.69,201.7,0.7,35.2,65.882,35.0,1555.0
1779273811874830260,*2026-05-20 16:13:31.874,0X0000,1,1,1,1,0.8,0.8,0.7,0.7,-420.9,-88.9,311.3,-53.3,0.0,0.0,0.0,0.0,0.0,0.0,0.0,0.0,-0.9772000000000001,-0.0475,-0.0679,0.001,896.7,396.8,-20.6,1.0,0.0,0.0,0.0,0.0,0.0,0.0,0.0,0.0,-2.16,2.67,201.0,0.7,35.2,65.882,35.0,1555.0
1779273812234305575,(2026-05-20 16:13:32.233,0X0000,1,1,1,1,0.8,0.8,0.7,0.7,-417.2,-4.2,294.2,-52.9,0.0,0.0,0.0,0.0,0.0,0.0,0.0,0.0,-0.9495,0.065,-0.048600000000000004,0.001,912.1,276.2,-5.3,1.0,0.0,0.0,0.0,0.0,0.0,0.0,0.0,0.0,-2.14,2.76,200.7,0.7,35.2,65.882,35.0,1555.0
1779273812598310834,2026-05-20 16:13:32.597,0X0000,1,1,1,1,0.8,0.8,0.7,0.7,-420.8,-75.4,232.8,-27.7,0.0,0.0,0.0,0.0,0.0,0.0,0.0,0.0,-0.8723,-0.0637,-0.0785,0.001,799.2,362.4,-31.5,1.0,0.0,0.0,0.0,0.0,0.0,0.0,0.0,0.0,-2.12,2.93,200.1,0.7,35.2,65.882,35.0,1555.0
1779273812957970056,(2026-05-20 16:13:32.957,0X0000,1,1,1,1,0.8,0.8,0.7,0.7,-378.5,-48.1,321.9,-43.7,0.0,0.0,0.0,0.0,0.0,0.0,0.0,0.0,-0.9348,-0.005900000000000001,-0.04,0.001,879.3,320.0,5.0,1.0,0.0,0.0,0.0,0.0,0.0,0.0,0.0,0.0,-2.04,2.75,199.6,0.7,35.2,65.882,35.0,1555.0
1779273813320488037,2026-05-20 16:13:33.319,0X0000,1,1,1,1,0.8,0.8,0.7,0.7,-456.9,-58.5,352.6,-21.1,0.0,0.0,0.0,0.0,0.0,0.0,0.0,0.0,-1.0804,-0.0499,-0.0496,0.001,999.6,415.8,8.3,1.0,0.0,0.0,0.0,0.0,0.0,0.0,0.0,0.0,-2.44,2.96,199.9,0.7,35.2,65.882,35.0,1555.0
1779273813683338333,2026-05-20 16:13:33.682,0X0000,1,1,1,1,0.8,0.8,0.7,0.7,-451.1,-73.5,304.3,-38.6,0.0,0.0,0.0,0.0,0.0,0.0,0.0,0.0,-1.0082,-0.0466,-0.0699,0.001,933.6,389.4,-16.1,1.0,0.0,0.0,0.0,0.0,0.0,0.0,0.0,0.0,-2.31,2.95,199.9,0.7,35.2,65.882,35.0,1555.0
1779273814049281611,82026-05-20 16:13:34.048,0X0000,1,1,1,1,0.8,0.8,0.7,0.7,-443.7,-58.1,351.7,-155.4,0.0,0.0,0.0,0.0,0.0,0.0,0.0,0.0,-1.0615999999999999,0.12990000000000002,-0.0824,0.001,1044.0,244.3,-35.0,1.0,0.0,0.0,0.0,0.0,0.0,0.0,0.0,0.0,-2.39,2.85,200.0,0.7,35.2,65.882,35.0,1555.0
1779273814410894925,E2026-05-20 16:13:34.410,0X0000,1,1,1,1,0.8,0.8,0.7,0.7,-439.8,-48.2,290.1,-41.9,0.0,0.0,0.0,0.0,0.0,0.0,0.0,0.0,-0.9742000000000001,-0.008400000000000001,-0.06470000000000001,0.001,912.2,348.1,-12.0,1.0,0.0,0.0,0.0,0.0,0.0,0.0,0.0,0.0,-2.43,3.08,200.3,0.7,35.2,65.882,35.0,1555.0
1779273814772738166,2026-05-20 16:13:34.772,0X0000,1,1,1,1,0.8,0.8,0.7,0.7,-394.0,-41.3,331.1,-28.1,0.0,0.0,0.0,0.0,0.0,0.0,0.0,0.0,-0.9677,-0.0176,-0.0357,0.001,902.5,351.1,14.7,1.0,0.0,0.0,0.0,0.0,0.0,0.0,0.0,0.0,-2.08,2.95,200.2,0.7,35.2,65.882,35.0,1555.0
1779273815134447129,2026-05-20 16:13:35.133,0X0000,1,1,1,1,0.8,0.8,0.7,0.7,-369.6,-91.1,377.1,-65.3,0.0,0.0,0.0,0.0,0.0,0.0,0.0,0.0,-0.9966,-0.0344,-0.0402,0.001,922.7,380.4,11.2,1.0,0.0,0.0,0.0,0.0,0.0,0.0,0.0,0.0,-2.06,2.89,200.4,0.7,35.2,65.882,35.0,1555.0
1779273815496123091,)2026-05-20 16:13:35.495,0X0000,1,1,1,1,0.8,0.8,0.7,0.7,-415.3,-58.2,308.7,-95.1,0.0,0.0,0.0,0.0,0.0,0.0,0.0,0.0,-0.9662999999999999,0.0492,-0.0701,0.001,921.8,301.4,-20.7,1.0,0.0,0.0,0.0,0.0,0.0,0.0,0.0,0.0,-2.41,3.05,200.9,0.7,35.2,65.882,35.0,1555.0
1779273815859725554,2026-05-20 16:13:35.859,0X0000,1,1,1,1,0.8,0.8,0.7,0.7,-441.4,-48.7,341.4,-86.7,0.0,0.0,0.0,0.0,0.0,0.0,0.0,0.0,-1.0448,0.0507,-0.0635,0.001,994.4,330.9,-10.7,1.0,0.0,0.0,0.0,0.0,0.0,0.0,0.0,0.0,-2.37,3.01,201.1,0.7,35.2,65.882,35.0,1555.0
1779273816223638943,2026-05-20 16:13:36.223,0X0000,1,1,1,1,0.8,0.8,0.7,0.7,-408.2,-90.2,296.2,124.7,0.0,0.0,0.0,0.0,0.0,0.0,0.0,0.0,-0.9401,-0.2868,-0.0209,0.001,772.5,606.8,38.3,1.0,0.0,0.0,0.0,0.0,0.0,0.0,0.0,0.0,-2.18,2.95,201.2,0.7,35.2,65.882,35.0,1555.0
1779273816583018165,2026-05-20 16:13:36.582,0X0000,1,1,1,1,0.8,0.8,0.7,0.7,-407.9,-56.1,317.9,-52.7,0.0,0.0,0.0,0.0,0.0,0.0,0.0,0.0,-0.9687,-0.0045,-0.0536,0.001,897.5,368.7,3.6,1.0,0.0,0.0,0.0,0.0,0.0,0.0,0.0,0.0,-2.66,3.37,202.0,0.7,35.2,65.882,35.0,1555.0
1779273816944316516,2026-05-20 16:13:36.943,0X0000,1,1,1,1,0.8,0.8,0.7,0.7,-417.9,-54.6,307.2,-52.9,0.0,0.0,0.0,0.0,0.0,0.0,0.0,0.0,-0.9677,-0.0023,-0.0589,0.001,899.3,362.0,-15.6,1.0,0.0,0.0,0.0,0.0,0.0,0.0,0.0,0.0,-2.36,2.56,201.7,0.7,35.2,65.882,35.0,1555.0
1779273817305840275,2026-05-20 16:13:37.305,0X0000,1,1,1,1,0.7,0.8,0.7,0.7,-355.4,-19.3,298.9,44.8,0.0,0.0,0.0,0.0,0.0,0.0,0.0,0.0,-0.8733,-0.0856,-0.008400000000000001,0.001,788.6,384.9,-10.3,1.0,0.0,0.0,0.0,0.0,0.0,0.0,0.0,0.0,-1.99,-0.32,200.4,0.7,35.2,65.882,35.0,1555.0
1779273817667241460,(2026-05-20 16:13:37.666,0X0000,1,1,1,1,0.8,0.8,0.7,0.7,-273.2,14.6,307.3,30.0,0.0,0.0,0.0,0.0,0.0,0.0,0.0,0.0,-0.7747999999999999,-0.0206,0.0212,0.001,730.0,256.6,-48.9,1.0,0.0,0.0,0.0,0.0,0.0,0.0,0.0,0.0,-2.44,-5.25,197.8,0.7,35.2,65.882,35.0,1555.0
1779273818003535571,2026-05-20 16:13:38.002,0X0000,1,1,1,1,0.8,0.8,0.8,0.7,-161.0,-121.5,185.0,7.5,0.0,0.0,0.0,0.0,0.0,0.0,0.0,0.0,0.0,0.0,0.0,0.0,0.0,0.0,0.0,0.0,0.0,0.0,0.0,0.0,0.0,0.0,0.0,0.0,-2.32,-3.77,194.5,0.7,35.2,65.882,35.0,1555.0
1779273818363242071,)2026-05-20 16:13:38.362,0X0000,1,1,1,1,0.8,0.8,0.7,0.7,-118.4,-23.2,117.7,6.5,0.0,0.0,0.0,0.0,0.0,0.0,0.0,0.0,-0.31510000000000005,-0.0396,-0.0047,0.001,302.3,96.6,-11.1,1.0,0.0,0.0,0.0,0.0,0.0,0.0,0.0,0.0,-1.88,-1.41,190.5,0.7,35.2,65.882,35.0,1555.0
1779273818722693108,42026-05-20 16:13:38.722,0X0000,1,1,1,1,0.8,0.8,0.7,0.7,-68.3,-20.5,53.0,-1.9,0.0,0.0,0.0,0.0,0.0,0.0,0.0,0.0,-0.16190000000000002,-0.0248,-0.010199999999999999,0.001,158.1,42.7,-9.9,1.0,0.0,0.0,0.0,0.0,0.0,0.0,0.0,0.0,-3.26,-0.4,186.2,0.7,35.2,65.882,35.0,1555.0
1779273819076908348,2026-05-20 16:13:39.076,0X0000,1,1,1,1,0.8,0.8,0.7,0.7,-19.8,-18.7,6.8,23.2,0.0,0.0,0.0,0.0,0.0,0.0,0.0,0.0,-0.0355,-0.0559,-0.0023,0.001,37.1,55.0,-0.5,1.0,0.0,0.0,0.0,0.0,0.0,0.0,0.0,0.0,-1.99,-0.29,178.4,0.7,35.2,65.882,35.0,1555.0
1779273819430226922,2026-05-20 16:13:39.429,0X0000,1,1,1,1,0.8,0.8,0.7,0.7,-5.9,-22.1,-5.6,17.6,0.0,0.0,0.0,0.0,0.0,0.0,0.0,0.0,-0.0004,-0.053,-0.0043,0.001,8.2,52.5,-2.1,1.0,0.0,0.0,0.0,0.0,0.0,0.0,0.0,0.0,-2.36,-0.88,171.6,0.7,35.2,65.882,35.0,1555.0
1779273819781272052,2026-05-20 16:13:39.780,0X0000,1,1,1,1,0.8,0.8,0.7,0.7,18.8,-28.6,-9.5,25.1,0.0,0.0,0.0,0.0,0.0,0.0,0.0,0.0,0.0378,-0.0717,0.0015,0.001,-16.7,79.3,3.8,1.0,0.0,0.0,0.0,0.0,0.0,0.0,0.0,0.0,-2.52,1.23,164.0,0.7,35.2,65.882,35.0,1555.0
1779273820146822848,2026-05-20 16:13:40.146,0X0000,1,1,1,0,0.8,0.8,0.7,0.0,30.2,-37.7,-25.4,0.0,0.0,0.0,0.0,508.0,0.0,0.0,0.0,1.0,0.0742,-0.107,0.0026,0.001,-27.3,127.2,6.1,1.0,0.0,0.0,0.0,0.0,0.0,0.0,0.0,0.0,-2.66,1.17,157.3,0.7,35.2,65.882,35.0,1555.0
1779273820501972144,$2026-05-20 16:13:40.501,0X0000,1,1,1,1,0.8,0.8,0.7,0.7,33.8,-31.1,-25.3,36.5,0.0,0.0,0.0,0.0,0.0,0.0,0.0,0.0,0.07890000000000001,-0.0902,0.0037,0.001,-23.6,117.4,5.1,1.0,0.0,0.0,0.0,0.0,0.0,0.0,0.0,0.0,-2.46,1.82,150.1,0.7,35.2,65.882,35.0,1555.0
1779273820856938884,#2026-05-20 16:13:40.856,0X0000,1,1,1,1,0.8,0.8,0.7,0.7,31.2,-34.6,-22.2,36.5,0.0,0.0,0.0,0.0,0.0,0.0,0.0,0.0,0.0713,-0.09490000000000001,0.0029,0.001,-2.9,118.6,5.7,1.0,0.0,0.0,0.0,0.0,0.0,0.0,0.0,0.0,-2.84,1.55,144.4,0.7,35.2,65.882,35.0,1555.0
1779273821215520940,#2026-05-20 16:13:41.214,0X0000,1,1,1,1,0.8,0.8,0.7,0.7,42.9,-32.4,-33.5,45.1,0.0,0.0,0.0,0.0,0.0,0.0,0.0,0.0,0.102,-0.1034,0.005900000000000001,0.001,-6.7,145.0,6.8,1.0,0.0,0.0,0.0,0.0,0.0,0.0,0.0,0.0,-2.41,1.94,137.9,0.7,35.2,65.882,35.0,1555.0
1779273821569382125,12026-05-20 16:13:41.568,0X0000,1,1,1,1,0.8,0.8,0.8,0.7,35.3,-38.7,-36.2,31.3,0.0,0.0,0.0,0.0,0.0,0.0,0.0,0.0,0.09540000000000001,-0.09340000000000001,-0.0023,0.001,4.3,133.5,-1.3,1.0,0.0,0.0,0.0,0.0,0.0,0.0,0.0,0.0,-2.35,1.73,132.6,0.7,35.2,65.882,35.0,1555.0
1779273821924519013,2026-05-20 16:13:41.923,0X0000,1,1,1,1,0.8,0.8,0.8,0.7,45.5,-32.0,-39.2,41.7,0.0,0.0,0.0,0.0,0.0,0.0,0.0,0.0,0.113,-0.0984,0.0043,0.001,8.0,149.6,4.7,1.0,0.0,0.0,0.0,0.0,0.0,0.0,0.0,0.0,-2.13,1.66,127.9,0.7,35.2,65.882,35.0,1555.0
1779273822281544235,2026-05-20 16:13:42.280,0X0000,1,1,1,1,0.8,0.8,0.8,0.7,22.8,-34.8,-28.9,29.0,0.0,0.0,0.0,0.0,0.0,0.0,0.0,0.0,0.069,-0.0851,-0.0032,0.001,32.0,104.7,-3.9,1.0,0.0,0.0,0.0,0.0,0.0,0.0,0.0,0.0,-2.09,3.19,124.1,0.7,35.3,65.882,35.0,1555.0
1779273822642497309,(2026-05-20 16:13:42.641,0X0000,1,1,1,1,0.8,0.8,0.7,0.7,-77.5,-50.3,45.0,10.3,0.0,0.0,0.0,0.0,0.0,0.0,0.0,0.0,-0.1635,-0.0809,-0.019600000000000003,0.001,154.2,-98.7,10.3,1.0,0.0,0.0,0.0,0.0,0.0,0.0,0.0,0.0,-2.51,9.19,121.1,0.7,35.3,65.882,35.0,1555.0
1779273822995012124,2026-05-20 16:13:42.994,0X0000,0,1,1,1,0.8,0.8,0.7,0.7,0.0,-96.5,136.9,-22.3,-197.0,0.0,0.0,0.0,1.0,0.0,0.0,0.0,0.0,0.0,0.0,0.0,0.0,0.0,0.0,0.0,0.0,0.0,0.0,0.0,0.0,0.0,0.0,0.0,-2.37,8.66,120.8,0.7,35.3,65.882,35.0,1555.0
1779273823369994827,2026-05-20 16:13:43.369,0X0000,0,1,1,1,0.0,0.8,0.7,0.7,0.0,-53.6,223.5,-27.4,-492.0,0.0,0.0,0.0,1.0,0.0,0.0,0.0,-0.7047,-0.035,-0.0437,0.001,366.6,-602.0,54.3,1.0,0.0,0.0,0.0,0.0,0.0,0.0,0.0,0.0,-1.57,7.89,118.5,0.7,35.3,65.882,35.0,1555.0
1779273823745317272,62026-05-20 16:13:43.744,0X0000,0,1,1,1,0.0,0.8,0.7,0.7,0.0,-94.4,246.7,-50.0,-1077.0,0.0,0.0,0.0,1.0,0.0,0.0,0.0,-0.8512000000000001,-0.0593,-0.07790000000000001,0.001,479.9,-709.8,1.8,1.0,0.0,0.0,0.0,0.0,0.0,0.0,0.0,0.0,-2.19,5.2,120.0,0.7,35.3,65.882,35.0,1555.0
1779273824083479660,2026-05-20 16:13:44.082,0X0000,1,1,1,1,0.8,0.8,0.7,0.7,-500.1,-93.0,354.1,-37.5,0.0,0.0,0.0,0.0,0.0,0.0,0.0,0.0,0.0,0.0,0.0,0.0,0.0,0.0,0.0,0.0,0.0,0.0,0.0,0.0,0.0,0.0,0.0,0.0,-1.83,3.65,118.6,0.7,35.3,65.882,35.0,1555.0
1779273824449236012,2026-05-20 16:13:44.448,0X0000,1,1,1,1,0.8,0.8,0.7,0.7,-415.3,-91.2,292.3,-30.3,0.0,0.0,0.0,0.0,0.0,0.0,0.0,0.0,-0.9444,-0.0813,-0.0659,0.001,532.5,-786.8,-13.9,1.0,0.0,0.0,0.0,0.0,0.0,0.0,0.0,0.0,-2.04,2.98,119.1,0.7,35.3,65.882,35.0,1555.0
1779273824810970086,2026-05-20 16:13:44.810,0X0000,1,1,1,1,0.8,0.8,0.7,0.7,-416.2,-49.4,304.3,-21.7,0.0,0.0,0.0,0.0,0.0,0.0,0.0,0.0,-0.9616,-0.037,-0.0493,0.001,495.5,-826.4,4.1,1.0,0.0,0.0,0.0,0.0,0.0,0.0,0.0,0.0,-2.15,3.1,118.7,0.7,35.3,65.882,35.0,1555.0
1779273825174450382,2026-05-20 16:13:45.173,0X0000,1,1,1,1,0.8,0.8,0.7,0.7,-420.1,-38.4,314.1,-18.7,0.0,0.0,0.0,0.0,0.0,0.0,0.0,0.0,-0.9799,-0.0263,-0.044,0.001,494.7,-847.4,-4.5,1.0,0.0,0.0,0.0,0.0,0.0,0.0,0.0,0.0,-1.69,2.27,118.7,0.7,35.3,65.882,35.0,1555.0
1779273825537383733,82026-05-20 16:13:45.536,0X0000,1,1,1,1,0.8,0.8,0.7,0.7,-409.6,-43.1,324.1,-11.7,0.0,0.0,0.0,0.0,0.0,0.0,0.0,0.0,-0.9792000000000001,-0.0419,-0.037899999999999996,0.001,507.7,-839.1,15.0,1.0,0.0,0.0,0.0,0.0,0.0,0.0,0.0,0.0,-2.57,2.99,118.7,0.7,35.3,65.882,35.0,1555.0
1779273825873627807,2026-05-20 16:13:45.873,0X0000,1,1,1,1,0.8,0.8,0.7,0.7,-405.9,-64.4,517.3,-73.4,0.0,0.0,0.0,0.0,0.0,0.0,0.0,0.0,0.0,0.0,0.0,0.0,0.0,0.0,0.0,0.0,0.0,0.0,0.0,0.0,0.0,0.0,0.0,0.0,-2.26,2.82,118.7,0.7,35.3,65.882,35.0,1555.0
1779273826234733603,2026-05-20 16:13:46.234,0X0000,1,1,1,1,0.8,0.8,0.7,0.7,-406.6,-53.7,304.0,-47.6,0.0,0.0,0.0,0.0,0.0,0.0,0.0,0.0,-0.9484,-0.0081,-0.055,0.001,465.8,-828.0,-8.2,1.0,0.0,0.0,0.0,0.0,0.0,0.0,0.0,0.0,-2.33,2.81,118.8,0.7,35.3,65.882,35.0,1555.0
1779273826598232251,2026-05-20 16:13:46.597,0X0000,1,1,1,1,0.8,0.8,0.7,0.7,-401.2,-75.3,308.8,-53.5,0.0,0.0,0.0,0.0,0.0,0.0,0.0,0.0,-0.9476,-0.0291,-0.0597,0.001,488.3,-814.7,-10.9,1.0,0.0,0.0,0.0,0.0,0.0,0.0,0.0,0.0,-2.32,2.88,119.1,0.7,35.3,65.882,35.0,1555.0
1779273826961111381,2026-05-20 16:13:46.960,0X0000,1,1,1,1,0.8,0.8,0.7,0.7,-339.6,-60.9,314.6,-23.3,0.0,0.0,0.0,0.0,0.0,0.0,0.0,0.0,-0.8731,-0.0502,-0.0295,0.001,468.6,-738.6,21.9,1.0,0.0,0.0,0.0,0.0,0.0,0.0,0.0,0.0,-2.44,3.24,119.1,0.7,35.3,65.882,35.0,1555.0
1779273827323671158,2026-05-20 16:13:47.323,0X0000,1,1,1,1,0.8,0.8,0.7,0.7,-420.3,-50.2,331.8,-41.1,0.0,0.0,0.0,0.0,0.0,0.0,0.0,0.0,-1.0038,-0.0121,-0.0485,0.001,501.6,-870.9,2.2,1.0,0.0,0.0,0.0,0.0,0.0,0.0,0.0,0.0,-2.18,2.87,119.2,0.7,35.3,65.882,35.0,1555.0
1779273827690031232,2026-05-20 16:13:47.689,0X0000,1,1,1,1,0.8,0.8,0.7,0.7,-523.9,-65.9,319.0,-51.3,0.0,0.0,0.0,0.0,0.0,0.0,0.0,0.0,-1.125,-0.0195,-0.0869,0.001,563.8,-977.2,-25.1,1.0,0.0,0.0,0.0,0.0,0.0,0.0,0.0,0.0,-1.97,3.11,118.9,0.7,35.3,65.882,35.0,1555.0
1779273828025963084,2026-05-20 16:13:48.025,0X0000,1,1,1,1,0.8,0.8,0.7,0.7,-371.2,-43.9,302.4,-41.4,0.0,0.0,0.0,0.0,0.0,0.0,0.0,0.0,0.0,0.0,0.0,0.0,0.0,0.0,0.0,0.0,0.0,0.0,0.0,0.0,0.0,0.0,0.0,0.0,-2.48,2.9,119.4,0.7,35.3,65.882,35.0,1555.0
1779273828387273806,72026-05-20 16:13:48.386,0X0000,1,1,1,1,0.7,0.8,0.7,0.7,-402.6,-35.8,342.8,-55.6,0.0,0.0,0.0,0.0,0.0,0.0,0.0,0.0,-0.9947999999999999,0.0264,-0.040799999999999996,0.001,463.0,-881.7,10.5,1.0,0.0,0.0,0.0,0.0,0.0,0.0,0.0,0.0,-2.28,3.02,119.2,0.7,35.3,65.882,35.0,1555.0
1779273828749905380,*2026-05-20 16:13:48.749,0X0000,1,1,1,1,0.8,0.8,0.7,0.7,-427.7,-57.9,336.6,-9.5,0.0,0.0,0.0,0.0,0.0,0.0,0.0,0.0,-1.0201,-0.06459999999999999,-0.0427,0.001,554.9,-859.4,13.0,1.0,0.0,0.0,0.0,0.0,0.0,0.0,0.0,0.0,-2.37,2.98,119.2,0.7,35.3,65.882,35.0,1555.0
1779273829113642750,2026-05-20 16:13:49.112,0X0000,1,1,1,1,0.8,0.8,0.7,0.7,-393.2,-57.6,393.8,-51.5,0.0,0.0,0.0,0.0,0.0,0.0,0.0,0.0,-1.0504,-0.0081,-0.0293,0.001,514.5,-915.7,32.2,1.0,0.0,0.0,0.0,0.0,0.0,0.0,0.0,0.0,-2.17,3.34,118.9,0.7,35.3,65.882,35.0,1555.0
1779273829477023620,2026-05-20 16:13:49.476,0X0000,1,1,1,1,0.8,0.7,0.7,0.7,-456.5,-60.6,324.5,-47.7,0.0,0.0,0.0,0.0,0.0,0.0,0.0,0.0,-1.0424,-0.0172,-0.0648,0.001,527.4,-901.6,-7.9,1.0,0.0,0.0,0.0,0.0,0.0,0.0,0.0,0.0,-2.31,3.09,119.3,0.7,35.3,65.882,35.0,1555.0
1779273829840558953,92026-05-20 16:13:49.839,0X0000,1,1,1,1,0.7,0.8,0.7,0.7,-442.4,-79.9,306.3,-39.3,0.0,0.0,0.0,0.0,0.0,0.0,0.0,0.0,-0.9992000000000001,-0.054200000000000005,-0.0689,0.001,538.8,-845.9,-11.8,1.0,0.0,0.0,0.0,0.0,0.0,0.0,0.0,0.0,-2.41,3.14,119.3,0.7,35.3,65.882,35.0,1555.0
1779273830204315527,)2026-05-20 16:13:50.203,0X0000,1,1,1,1,0.8,0.7,0.7,0.7,-328.7,-60.2,302.5,-36.1,0.0,0.0,0.0,0.0,0.0,0.0,0.0,0.0,-0.8423999999999999,-0.0322,-0.033,0.001,439.6,-720.0,13.2,1.0,0.0,0.0,0.0,0.0,0.0,0.0,0.0,0.0,-2.01,3.07,119.2,0.7,35.3,65.882,35.0,1555.0
1779273830567742879,82026-05-20 16:13:50.567,0X0000,1,1,1,1,0.7,0.7,0.7,0.7,-453.2,-43.9,318.9,-67.2,0.0,0.0,0.0,0.0,0.0,0.0,0.0,0.0,-1.0305,0.031100000000000003,-0.06620000000000001,0.001,482.7,-913.3,-18.0,1.0,0.0,0.0,0.0,0.0,0.0,0.0,0.0,0.0,-2.2,2.75,119.5,0.7,35.3,65.882,35.0,1555.0
1779273830928922934,72026-05-20 16:13:50.928,0X0000,1,1,1,1,0.7,0.7,0.7,0.7,-429.9,-62.0,410.3,-63.8,0.0,0.0,0.0,0.0,0.0,0.0,0.0,0.0,-1.1214000000000002,0.0024,-0.039200000000000006,0.001,547.0,-979.4,26.2,1.0,0.0,0.0,0.0,0.0,0.0,0.0,0.0,0.0,-2.28,3.35,119.3,0.7,35.3,65.882,35.0,1555.0
1779273831291539156,2026-05-20 16:13:51.290,0X0000,1,1,1,1,0.7,0.8,0.7,0.7,-369.0,-50.7,347.2,-42.1,0.0,0.0,0.0,0.0,0.0,0.0,0.0,0.0,-0.9559,-0.0115,-0.030899999999999997,0.001,480.9,-826.4,23.9,1.0,0.0,0.0,0.0,0.0,0.0,0.0,0.0,0.0,-2.45,3.26,119.5,0.7,35.3,65.882,35.0,1555.0
1779273831656707730,<2026-05-20 16:13:51.656,0X0000,1,1,1,1,0.7,0.7,0.7,0.7,-381.2,-59.3,313.7,-22.5,0.0,0.0,0.0,0.0,0.0,0.0,0.0,0.0,-0.9274,-0.049100000000000005,-0.040299999999999996,0.001,517.9,-770.5,-44.9,1.0,0.0,0.0,0.0,0.0,0.0,0.0,0.0,0.0,-1.79,-0.38,120.8,0.7,35.3,65.882,35.0,1555.0
1779273832018545230,*2026-05-20 16:13:52.017,0X0000,1,1,1,1,0.7,0.7,0.7,0.7,-339.1,18.9,286.5,22.6,0.0,0.0,0.0,0.0,0.0,0.0,0.0,0.0,-0.8349,-0.004900000000000001,-0.003,0.001,428.8,-713.4,-64.1,1.0,0.0,0.0,0.0,0.0,0.0,0.0,0.0,0.0,-1.9,-4.21,120.6,0.7,35.3,65.882,35.0,1555.0
1779273832353732785,2026-05-20 16:13:52.353,0X0000,1,1,1,1,0.7,0.7,0.7,0.7,-110.7,10.9,221.7,27.5,0.0,0.0,0.0,0.0,0.0,0.0,0.0,0.0,0.0,0.0,0.0,0.0,0.0,0.0,0.0,0.0,0.0,0.0,0.0,0.0,0.0,0.0,0.0,0.0,-0.83,-4.67,117.1,0.7,35.3,65.882,35.0,1555.0
1779273832717134748,+2026-05-20 16:13:52.716,0X0000,1,1,1,1,0.7,0.8,0.7,0.7,-135.6,-30.8,107.8,-94.1,0.0,0.0,0.0,0.0,0.0,0.0,0.0,0.0,-0.32489999999999997,0.0845,-0.0412,0.001,51.5,-330.0,-53.6,1.0,0.0,0.0,0.0,0.0,0.0,0.0,0.0,0.0,-1.64,-1.76,113.3,0.7,35.4,65.882,35.0,1555.0
1779273833052237748,2026-05-20 16:13:53.051,0X0000,1,1,1,1,0.7,0.7,0.7,0.7,-66.9,-17.6,25.3,-12.4,0.0,0.0,0.0,0.0,0.0,0.0,0.0,0.0,0.0,0.0,0.0,0.0,0.0,0.0,0.0,0.0,0.0,0.0,0.0,0.0,0.0,0.0,0.0,0.0,-2.32,-2.01,109.5,0.7,35.3,65.882,35.0,1555.0
1779273833406734895,2026-05-20 16:13:53.406,0X0000,1,1,1,1,0.7,0.7,0.7,0.7,-28.9,-16.9,24.3,15.4,0.0,0.0,0.0,0.0,0.0,0.0,0.0,0.0,-0.071,-0.0431,-0.0017,0.001,56.8,-60.6,0.9,1.0,0.0,0.0,0.0,0.0,0.0,0.0,0.0,0.0,-2.93,0.36,101.9,0.7,35.3,65.882,35.0,1555.0
1779273833759221673,2026-05-20 16:13:53.758,0X0000,1,1,1,1,0.7,0.7,0.7,0.7,-13.0,-30.9,13.4,23.6,0.0,0.0,0.0,0.0,0.0,0.0,0.0,0.0,-0.0352,-0.0727,-0.0019,0.001,75.6,-28.5,1.2,1.0,0.0,0.0,0.0,0.0,0.0,0.0,0.0,0.0,-1.94,1.06,95.2,0.7,35.4,65.882,35.0,1555.0
1779273834111435006,12026-05-20 16:13:54.110,0X0000,1,1,1,1,0.7,0.7,0.7,0.7,8.6,-93.5,-5.7,38.0,0.0,0.0,0.0,0.0,0.0,0.0,0.0,0.0,0.019100000000000002,-0.1755,-0.014199999999999999,0.001,176.4,13.2,-7.7,1.0,0.0,0.0,0.0,0.0,0.0,0.0,0.0,0.0,-2.13,0.22,88.1,0.7,35.4,65.882,35.0,1555.0
1779273834464826395,2026-05-20 16:13:54.464,0X0000,1,1,1,1,0.7,0.7,0.7,0.7,-8.5,-40.6,-3.0,13.9,0.0,0.0,0.0,0.0,0.0,0.0,0.0,0.0,-0.0073,-0.0727,-0.0103,0.001,71.2,-17.7,-7.3,1.0,0.0,0.0,0.0,0.0,0.0,0.0,0.0,0.0,-2.25,1.05,81.9,0.7,35.4,65.882,35.0,1555.0
1779273834825182172,2026-05-20 16:13:54.824,0X0000,1,1,1,0,0.7,0.7,0.7,0.0,29.4,-11.9,-21.0,0.0,0.0,0.0,0.0,-54.0,0.0,0.0,0.0,1.0,0.0673,-0.043,0.0045,0.001,58.7,54.1,4.8,1.0,0.0,0.0,0.0,0.0,0.0,0.0,0.0,0.0,-2.32,1.23,75.1,0.7,35.3,65.882,35.0,1555.0
1779273835180247524,$2026-05-20 16:13:55.179,0X0000,1,1,1,1,0.7,0.7,0.7,0.7,11.0,-40.3,-24.1,27.5,0.0,0.0,0.0,0.0,0.0,0.0,0.0,0.0,0.046799999999999994,-0.0905,-0.007,0.001,101.5,10.6,-5.0,1.0,0.0,0.0,0.0,0.0,0.0,0.0,0.0,0.0,-2.04,1.45,68.7,0.7,35.4,65.882,35.0,1555.0
1779273835547391653,$2026-05-20 16:13:55.546,0X0000,0,1,1,1,0.0,0.7,0.7,0.7,0.0,-39.6,-24.7,5.2,504.0,0.0,0.0,0.0,1.0,0.0,0.0,0.0,0.02,-0.0598,-0.018600000000000002,0.001,62.7,-10.3,-16.7,1.0,0.0,0.0,0.0,0.0,0.0,0.0,0.0,0.0,-2.35,1.62,62.8,0.7,35.3,65.882,35.0,1555.0
1779273835912558338,2026-05-20 16:13:55.911,0X0000,0,1,1,1,0.0,0.7,0.7,0.7,0.0,-34.0,-25.1,34.3,-429.0,0.0,0.0,0.0,1.0,0.0,0.0,0.0,0.0674,-0.0912,0.0002,0.001,113.2,6.5,1.4,1.0,0.0,0.0,0.0,0.0,0.0,0.0,0.0,0.0,-1.85,1.45,56.8,0.7,35.3,65.882,35.0,1555.0
1779273836268178246,2026-05-20 16:13:56.267,0X0000,1,1,1,1,0.7,0.7,0.7,0.7,18.3,-35.8,-35.1,13.9,0.0,0.0,0.0,0.0,0.0,0.0,0.0,0.0,0.0713,-0.0663,-0.0105,0.001,96.5,13.0,-10.1,1.0,0.0,0.0,0.0,0.0,0.0,0.0,0.0,0.0,-2.12,1.69,50.9,0.7,35.4,65.882,35.0,1555.0
1779273836627599486,&2026-05-20 16:13:56.627,0X0000,1,1,1,1,0.7,0.7,0.7,0.7,37.8,-33.9,-128.1,28.1,0.0,0.0,0.0,0.0,0.0,0.0,0.0,0.0,0.2214,-0.08270000000000001,-0.0259,0.001,214.8,97.8,-28.8,1.0,0.0,0.0,0.0,0.0,0.0,0.0,0.0,0.0,-2.45,1.67,45.3,0.7,35.3,65.882,35.0,1555.0
1779273836980956893,2026-05-20 16:13:56.980,0X0000,1,1,1,1,0.7,0.7,0.7,0.7,43.7,-31.1,-30.1,33.5,0.0,0.0,0.0,0.0,0.0,0.0,0.0,0.0,0.0985,-0.0862,0.0043,0.001,130.8,-2.7,5.3,1.0,0.0,0.0,0.0,0.0,0.0,0.0,0.0,0.0,-2.42,1.53,39.9,0.7,35.3,65.882,35.0,1555.0
1779273837336150208,#2026-05-20 16:13:57.335,0X0000,1,1,1,1,0.7,0.7,0.7,0.7,38.0,-27.9,-45.3,28.0,0.0,0.0,0.0,0.0,0.0,0.0,0.0,0.0,0.11120000000000001,-0.0746,-0.0019,0.001,133.9,1.9,-2.1,1.0,0.0,0.0,0.0,0.0,0.0,0.0,0.0,0.0,-2.24,1.62,34.7,0.7,35.3,65.882,35.0,1555.0
1779273837692388060,22026-05-20 16:13:57.691,0X0000,1,1,1,1,0.7,0.7,0.7,0.7,35.6,-26.6,-39.6,23.0,0.0,0.0,0.0,0.0,0.0,0.0,0.0,0.0,0.1004,-0.06620000000000001,-0.0021000000000000003,0.001,120.1,-6.0,-3.4,1.0,0.0,0.0,0.0,0.0,0.0,0.0,0.0,0.0,-2.2,2.21,30.6,0.7,35.3,65.882,35.0,1555.0
1779273838050688282,2026-05-20 16:13:58.050,0X0000,1,1,1,1,0.7,0.7,0.7,0.7,-38.5,-36.2,13.5,13.1,0.0,0.0,0.0,0.0,0.0,0.0,0.0,0.0,-0.0694,-0.0658,-0.013,0.001,-31.7,-91.1,-2.2,1.0,0.0,0.0,0.0,0.0,0.0,0.0,0.0,0.0,-2.11,6.86,27.6,0.7,35.3,65.882,35.0,1555.0
1779273838386030318,2026-05-20 16:13:58.385,0X0000,1,1,1,1,0.8,0.7,0.7,0.7,-141.2,-49.2,87.7,-22.8,0.0,0.0,0.0,0.0,0.0,0.0,0.0,0.0,0.0,0.0,0.0,0.0,0.0,0.0,0.0,0.0,0.0,0.0,0.0,0.0,0.0,0.0,0.0,0.0,-2.13,9.22,27.0,0.7,35.3,65.882,35.0,1555.0
1779273838766003355,2026-05-20 16:13:58.765,0X0000,0,1,1,1,0.7,0.7,0.7,0.7,0.0,-69.5,156.0,-34.8,-651.0,0.0,0.0,0.0,1.0,0.0,0.0,0.0,-0.5556,-0.046299999999999994,-0.0562,0.001,-480.2,-287.2,30.3,1.0,0.0,0.0,0.0,0.0,0.0,0.0,0.0,0.0,-1.74,8.74,26.1,0.7,35.3,65.882,35.0,1555.0
1779273839104056818,2026-05-20 16:13:59.103,0X0000,1,1,1,1,0.7,0.7,0.7,0.7,-407.1,-267.8,181.5,-61.6,0.0,0.0,0.0,0.0,0.0,0.0,0.0,0.0,0.0,0.0,0.0,0.0,0.0,0.0,0.0,0.0,0.0,0.0,0.0,0.0,0.0,0.0,0.0,0.0,-2.2,6.24,25.8,0.7,35.3,65.882,35.0,1555.0
1779273839471344596,-2026-05-20 16:13:59.470,0X0000,1,1,1,1,0.7,0.7,0.7,0.7,-415.5,-124.9,269.0,-40.8,0.0,0.0,0.0,0.0,0.0,0.0,0.0,0.0,-0.9136,-0.11220000000000001,-0.0842,0.001,-776.8,-500.6,-15.6,1.0,0.0,0.0,0.0,0.0,0.0,0.0,0.0,0.0,-2.34,4.01,25.7,0.7,35.3,65.882,35.0,1555.0
1779273839845467910,*2026-05-20 16:13:59.844,0X0000,1,0,1,1,0.7,0.0,0.7,0.7,-404.4,0.0,315.2,-78.9,0.0,-212.0,0.0,0.0,0.0,1.0,0.0,0.0,-0.9604,0.0916,-0.048100000000000004,0.001,-906.0,-335.1,7.3,1.0,0.0,0.0,0.0,0.0,0.0,0.0,0.0,0.0,-2.06,3.5,25.7,0.7,35.3,65.882,35.0,1555.0
1779273840208411021,2026-05-20 16:14:00.207,0X0000,1,1,1,1,0.7,0.7,0.7,0.7,-392.7,-82.8,305.6,-49.2,0.0,0.0,0.0,0.0,0.0,0.0,0.0,0.0,-0.932,-0.0448,-0.0591,0.001,-824.4,-440.8,-13.9,1.0,0.0,0.0,0.0,0.0,0.0,0.0,0.0,0.0,-2.36,2.67,25.3,0.7,35.3,65.882,35.0,1555.0
1779273840569736799,2026-05-20 16:14:00.569,0X0000,1,1,1,1,0.7,0.7,0.7,0.7,-410.9,-22.4,343.3,-59.9,0.0,0.0,0.0,0.0,0.0,0.0,0.0,0.0,-1.0066,0.05,-0.0405,0.001,-931.2,-387.4,5.3,1.0,0.0,0.0,0.0,0.0,0.0,0.0,0.0,0.0,-2.08,2.71,25.4,0.7,35.3,65.882,35.0,1555.0
1779273840932830335,82026-05-20 16:14:00.932,0X0000,1,1,1,1,0.7,0.7,0.7,0.7,-405.5,-75.0,317.6,-45.7,0.0,0.0,0.0,0.0,0.0,0.0,0.0,0.0,-0.9651000000000001,-0.0391,-0.056299999999999996,0.001,-856.8,-449.5,-6.9,1.0,0.0,0.0,0.0,0.0,0.0,0.0,0.0,0.0,-2.12,2.85,25.3,0.7,35.3,65.882,35.0,1555.0
1779273841295157187,2026-05-20 16:14:01.294,0X0000,1,1,1,1,0.8,0.7,0.7,0.7,-453.7,-39.1,281.1,-38.7,0.0,0.0,0.0,0.0,0.0,0.0,0.0,0.0,-0.9807,-0.0005,-0.0676,0.001,-886.1,-425.1,-22.2,1.0,0.0,0.0,0.0,0.0,0.0,0.0,0.0,0.0,-2.21,2.65,25.5,0.7,35.3,65.882,35.0,1555.0
1779273841658022131,*2026-05-20 16:14:01.657,0X0000,1,1,1,1,0.7,0.7,0.7,0.7,-440.0,-62.6,332.1,-22.4,0.0,0.0,0.0,0.0,0.0,0.0,0.0,0.0,-1.0305,-0.053700000000000005,-0.052,0.001,-906.0,-496.6,-0.5,1.0,0.0,0.0,0.0,0.0,0.0,0.0,0.0,0.0,-2.0,2.76,25.7,0.7,35.3,65.882,35.0,1555.0
1779273842021849113,2026-05-20 16:14:02.021,0X0000,1,1,1,1,0.7,0.7,0.7,0.7,-360.7,-67.1,295.0,-48.4,0.0,0.0,0.0,0.0,0.0,0.0,0.0,0.0,-0.8751,-0.025,-0.0489,0.001,-779.8,-400.8,-4.1,1.0,0.0,0.0,0.0,0.0,0.0,0.0,0.0,0.0,-2.45,2.86,25.5,0.7,35.3,65.882,35.0,1555.0
1779273842383570779,)2026-05-20 16:14:02.382,0X0000,1,1,1,1,0.7,0.7,0.7,0.7,-422.3,-44.5,320.8,-56.6,0.0,0.0,0.0,0.0,0.0,0.0,0.0,0.0,-0.9917999999999999,0.0161,-0.0546,0.001,-901.0,-418.7,-1.8,1.0,0.0,0.0,0.0,0.0,0.0,0.0,0.0,0.0,-2.22,3.09,25.8,0.7,35.3,65.882,35.0,1555.0
1779273842744900631,)2026-05-20 16:14:02.744,0X0000,1,1,1,1,0.7,0.7,0.7,0.7,-415.5,-44.6,345.1,-51.1,0.0,0.0,0.0,0.0,0.0,0.0,0.0,0.0,-1.0151000000000001,0.0087,-0.0448,0.001,-919.8,-431.7,12.7,1.0,0.0,0.0,0.0,0.0,0.0,0.0,0.0,0.0,-2.62,3.27,25.6,0.7,35.3,65.882,35.0,1555.0
1779273843105719279,72026-05-20 16:14:03.105,0X0000,1,1,1,1,0.7,0.7,0.7,0.7,-387.4,-48.7,334.2,-83.8,0.0,0.0,0.0,0.0,0.0,0.0,0.0,0.0,-0.9631000000000001,0.046799999999999994,-0.0501,0.001,-886.3,-383.1,-4.0,1.0,0.0,0.0,0.0,0.0,0.0,0.0,0.0,0.0,-2.22,2.85,26.1,0.7,35.3,65.882,35.0,1555.0
1779273843469459834,*2026-05-20 16:14:03.468,0X0000,1,1,1,1,0.7,0.7,0.7,0.7,-453.7,-35.0,326.4,-89.0,0.0,0.0,0.0,0.0,0.0,0.0,0.0,0.0,-1.0412000000000001,0.0721,-0.0678,0.001,-968.8,-394.1,-13.6,1.0,0.0,0.0,0.0,0.0,0.0,0.0,0.0,0.0,-2.32,3.14,26.0,0.7,35.3,65.882,35.0,1555.0
1779273843834392926,*2026-05-20 16:14:03.833,0X0000,1,1,1,1,0.7,0.7,0.7,0.7,-407.4,-52.1,319.5,-229.7,0.0,0.0,0.0,0.0,0.0,0.0,0.0,0.0,-0.9701000000000001,0.237,-0.0997,0.001,-977.5,-218.4,-63.8,1.0,0.0,0.0,0.0,0.0,0.0,0.0,0.0,0.0,-2.25,2.67,26.1,0.7,35.3,65.882,35.0,1555.0
1779273844195911519,72026-05-20 16:14:04.195,0X0000,1,1,1,1,0.7,0.7,0.7,0.7,-415.2,-53.8,312.4,-21.8,0.0,0.0,0.0,0.0,0.0,0.0,0.0,0.0,-0.9711000000000001,-0.0427,-0.048100000000000004,0.001,-852.4,-469.6,2.7,1.0,0.0,0.0,0.0,0.0,0.0,0.0,0.0,0.0,-1.97,2.91,26.3,0.7,35.3,65.882,35.0,1555.0
1779273844560903092,2026-05-20 16:14:04.559,0X0000,1,1,1,1,0.7,0.7,0.7,0.7,-397.9,-113.1,316.6,-45.2,0.0,0.0,0.0,0.0,0.0,0.0,0.0,0.0,-0.9536,-0.0906,-0.06459999999999999,0.001,-818.6,-501.6,-11.1,1.0,0.0,0.0,0.0,0.0,0.0,0.0,0.0,0.0,-2.22,3.0,26.0,0.7,35.3,65.882,35.0,1555.0
1779273844922638426,2026-05-20 16:14:04.922,0X0000,1,1,1,1,0.7,0.7,0.7,0.7,-447.4,-54.7,332.6,-54.1,0.0,0.0,0.0,0.0,0.0,0.0,0.0,0.0,-1.041,-0.0008,-0.0603,0.001,-934.6,-462.3,-9.6,1.0,0.0,0.0,0.0,0.0,0.0,0.0,0.0,0.0,-2.32,2.79,26.2,0.7,35.3,65.882,35.0,1555.0
1779273845283930537,+2026-05-20 16:14:05.283,0X0000,1,1,1,1,0.7,0.7,0.7,0.7,-407.6,-51.6,332.6,-82.0,0.0,0.0,0.0,0.0,0.0,0.0,0.0,0.0,-0.9879,0.040600000000000004,-0.0562,0.001,-905.3,-401.5,-3.9,1.0,0.0,0.0,0.0,0.0,0.0,0.0,0.0,0.0,-2.33,3.13,26.2,0.7,35.3,65.882,35.0,1555.0
1779273845646979592,2026-05-20 16:14:05.646,0X0000,1,1,1,1,0.7,0.7,0.7,0.7,-405.6,-49.7,317.2,-77.9,0.0,0.0,0.0,0.0,0.0,0.0,0.0,0.0,-0.9647,0.0376,-0.0583,0.001,-881.8,-397.2,-12.4,1.0,0.0,0.0,0.0,0.0,0.0,0.0,0.0,0.0,-2.1,2.81,26.4,0.7,35.3,65.882,35.0,1555.0
1779273846007780481,2026-05-20 16:14:06.007,0X0000,1,1,1,1,0.7,0.7,0.7,0.7,-388.6,-70.4,261.1,-72.4,0.0,0.0,0.0,0.0,0.0,0.0,0.0,0.0,-0.8671,0.0027,-0.0729,0.001,-782.1,-380.8,-24.2,1.0,0.0,0.0,0.0,0.0,0.0,0.0,0.0,0.0,-2.53,3.22,26.0,0.7,35.3,65.882,35.0,1555.0
1779273846343397462,2026-05-20 16:14:06.342,0X0000,1,1,1,1,0.7,0.7,0.7,0.7,-478.3,-41.2,328.5,-39.4,0.0,0.0,0.0,0.0,0.0,0.0,0.0,0.0,0.0,0.0,0.0,0.0,0.0,0.0,0.0,0.0,0.0,0.0,0.0,0.0,0.0,0.0,0.0,0.0,-2.06,2.83,26.5,0.7,35.3,65.882,35.0,1555.0
1779273846703246110,72026-05-20 16:14:06.702,0X0000,1,1,1,1,0.7,0.7,0.7,0.7,-403.6,-50.4,333.7,-61.7,0.0,0.0,0.0,0.0,0.0,0.0,0.0,0.0,-0.984,0.015099999999999999,-0.049100000000000005,0.001,-889.5,-423.7,6.1,1.0,0.0,0.0,0.0,0.0,0.0,0.0,0.0,0.0,-2.34,3.25,26.3,0.7,35.3,65.882,35.0,1555.0
1779273847064360276,*2026-05-20 16:14:07.063,0X0000,1,1,1,1,0.7,0.7,0.7,0.7,-418.3,-37.0,315.0,-67.2,0.0,0.0,0.0,0.0,0.0,0.0,0.0,0.0,-0.9787,0.040299999999999996,-0.056,0.001,-894.8,-402.3,-6.1,1.0,0.0,0.0,0.0,0.0,0.0,0.0,0.0,0.0,-2.11,3.01,26.5,0.7,35.3,65.882,35.0,1555.0
1779273847427195406,*2026-05-20 16:14:07.426,0X0000,1,1,1,1,0.7,0.7,0.7,0.7,-395.3,-85.8,284.7,-58.7,0.0,0.0,0.0,0.0,0.0,0.0,0.0,0.0,-0.9076000000000001,-0.0362,-0.0688,0.001,-799.0,-437.1,-16.7,1.0,0.0,0.0,0.0,0.0,0.0,0.0,0.0,0.0,-2.4,3.19,26.3,0.7,35.3,65.882,35.0,1555.0
1779273847789752628,2026-05-20 16:14:07.789,0X0000,1,1,1,1,0.7,0.7,0.7,0.7,-393.3,-64.0,314.0,-38.1,0.0,0.0,0.0,0.0,0.0,0.0,0.0,0.0,-0.944,-0.0346,-0.049,0.001,-828.6,-456.4,-1.1,1.0,0.0,0.0,0.0,0.0,0.0,0.0,0.0,0.0,-2.15,2.83,26.7,0.7,35.3,65.882,35.0,1555.0
1779273848152296553,2026-05-20 16:14:08.151,0X0000,1,1,1,1,0.7,0.7,0.7,0.6,-422.4,-41.3,293.1,-67.9,0.0,0.0,0.0,0.0,0.0,0.0,0.0,0.0,-0.9549,0.0355,-0.0643,0.001,-872.4,-395.1,-13.3,1.0,0.0,0.0,0.0,0.0,0.0,0.0,0.0,0.0,-2.22,3.14,26.4,0.6,35.3,65.882,35.0,1555.0
1779273848513340109,2026-05-20 16:14:08.512,0X0000,1,1,1,1,0.7,0.7,0.6,0.6,-431.5,-54.0,311.3,-56.9,0.0,0.0,0.0,0.0,0.0,0.0,0.0,0.0,-0.9914,0.0039,-0.062299999999999994,0.001,-889.3,-442.4,-10.4,1.0,0.0,0.0,0.0,0.0,0.0,0.0,0.0,0.0,-2.11,3.01,26.6,0.6,35.3,65.882,35.0,1555.0
1779273848848224627,2026-05-20 16:14:08.847,0X0000,1,1,1,1,0.7,0.7,0.6,0.6,-323.4,-20.0,267.9,-48.2,0.0,0.0,0.0,0.0,0.0,0.0,0.0,0.0,0.0,0.0,0.0,0.0,0.0,0.0,0.0,0.0,0.0,0.0,0.0,0.0,0.0,0.0,0.0,0.0,-2.51,0.05,27.5,0.6,35.3,65.882,35.0,1555.0
1779273849207169182,)2026-05-20 16:14:09.206,0X0000,1,1,1,1,0.7,0.7,0.6,0.6,-295.4,33.3,328.6,13.0,0.0,0.0,0.0,0.0,0.0,0.0,0.0,0.0,-0.8328,0.027100000000000003,0.0214,0.001,-740.0,-383.7,-4.9,1.0,0.0,0.0,0.0,0.0,0.0,0.0,0.0,0.0,-2.53,-1.73,29.3,0.6,35.3,65.882,35.0,1555.0
1779273849542312478,2026-05-20 16:14:09.541,0X0000,1,1,1,1,0.6,0.7,0.7,0.6,-185.5,39.8,239.6,-12.5,0.0,0.0,0.0,0.0,0.0,0.0,0.0,0.0,0.0,0.0,0.0,0.0,0.0,0.0,0.0,0.0,0.0,0.0,0.0,0.0,0.0,0.0,0.0,0.0,-2.28,-3.56,33.1,0.6,35.3,65.882,35.0,1555.0
1779273849903026719,D2026-05-20 16:14:09.902,0X0000,1,1,1,1,0.6,0.7,0.7,0.6,-146.3,6.3,168.2,-50.1,0.0,0.0,0.0,0.0,0.0,0.0,0.0,0.0,-0.41969999999999996,0.07529999999999999,-0.005900000000000001,0.001,-380.8,-190.7,-22.2,1.0,0.0,0.0,0.0,0.0,0.0,0.0,0.0,0.0,-2.38,-1.8,36.7,0.6,35.3,65.882,35.0,1555.0
1779273850235825497,2026-05-20 16:14:10.235,0X0000,1,1,1,1,0.7,0.7,0.6,0.6,-81.4,-2.5,74.2,-24.4,0.0,0.0,0.0,0.0,0.0,0.0,0.0,0.0,0.0,0.0,0.0,0.0,0.0,0.0,0.0,0.0,0.0,0.0,0.0,0.0,0.0,0.0,0.0,0.0,-1.92,-1.13,41.6,0.6,35.3,65.882,35.0,1555.0
1779273850589954422,%2026-05-20 16:14:10.589,0X0000,1,1,1,1,0.6,0.6,0.7,0.6,-65.8,18.1,79.3,-15.5,0.0,0.0,0.0,0.0,0.0,0.0,0.0,0.0,-0.19369999999999998,0.0448,0.0043,0.001,-167.8,-106.5,6.0,1.0,0.0,0.0,0.0,0.0,0.0,0.0,0.0,0.0,-2.13,0.99,45.5,0.6,35.3,65.882,35.0,1555.0
1779273850946222496,2026-05-20 16:14:10.945,0X0000,1,1,1,1,0.7,0.7,0.6,0.6,-72.6,7.2,25.9,-27.7,0.0,0.0,0.0,0.0,0.0,0.0,0.0,0.0,-0.1315,0.0466,-0.0182,0.001,-116.8,-76.5,-16.9,1.0,0.0,0.0,0.0,0.0,0.0,0.0,0.0,0.0,-2.46,1.45,52.4,0.6,35.3,65.882,35.0,1555.0
1779273851299968070,2026-05-20 16:14:11.299,0X0000,1,1,1,1,0.6,0.6,0.6,0.6,-36.6,27.9,66.3,-4.6,0.0,0.0,0.0,0.0,0.0,0.0,0.0,0.0,-0.1373,0.0434,0.0143,0.001,-108.3,-94.9,15.0,1.0,0.0,0.0,0.0,0.0,0.0,0.0,0.0,0.0,-2.22,0.99,59.0,0.6,35.3,65.882,35.0,1555.0
1779273851653228162,%2026-05-20 16:14:11.652,0X0000,1,1,1,1,0.6,0.6,0.6,0.6,-44.6,13.1,34.1,-22.3,0.0,0.0,0.0,0.0,0.0,0.0,0.0,0.0,-0.105,0.047200000000000006,-0.0054,0.001,-85.5,-77.1,-5.6,1.0,0.0,0.0,0.0,0.0,0.0,0.0,0.0,0.0,-3.14,1.27,66.1,0.6,35.3,65.882,35.0,1555.0
1779273852004917477,2026-05-20 16:14:12.004,0X0000,1,1,1,1,0.6,0.6,0.6,0.6,-9.9,32.0,43.0,-35.4,0.0,0.0,0.0,0.0,0.0,0.0,0.0,0.0,-0.0706,0.09,0.008,0.001,-106.9,-41.1,6.7,1.0,0.0,0.0,0.0,0.0,0.0,0.0,0.0,0.0,-2.08,1.57,73.1,0.6,35.3,65.882,35.0,1555.0
1779273852360728236,$2026-05-20 16:14:12.360,0X0000,1,1,1,1,0.6,0.7,0.7,0.6,-37.0,17.7,38.2,-30.3,0.0,0.0,0.0,0.0,0.0,0.0,0.0,0.0,-0.1004,0.06409999999999999,-0.0031,0.001,-79.8,-88.4,-4.0,1.0,0.0,0.0,0.0,0.0,0.0,0.0,0.0,0.0,-2.6,1.15,80.4,0.6,35.3,65.882,35.0,1555.0
1779273852716817588,2026-05-20 16:14:12.716,0X0000,1,1,1,1,0.6,0.7,0.6,0.6,-27.2,16.2,26.3,-22.5,0.0,0.0,0.0,0.0,0.0,0.0,0.0,0.0,-0.0714,0.0517,-0.002,0.001,-54.9,-69.0,-2.2,1.0,0.0,0.0,0.0,0.0,0.0,0.0,0.0,0.0,-2.26,1.49,87.3,0.6,35.3,65.882,35.0,1555.0
1779273853082756476,%2026-05-20 16:14:13.082,0X0000,1,0,1,1,0.6,0.0,0.6,0.6,-20.1,0.0,28.0,-18.3,0.0,-961.0,0.0,0.0,0.0,1.0,0.0,0.0,-0.06420000000000001,0.0594,0.0043,0.001,-54.7,-68.3,2.6,1.0,0.0,0.0,0.0,0.0,0.0,0.0,0.0,0.0,-3.05,1.34,94.2,0.6,35.3,65.882,35.0,1555.0
1779273853439022735,%2026-05-20 16:14:13.438,0X0000,1,1,1,1,0.6,0.6,0.6,0.6,-21.0,9.1,16.3,-19.3,0.0,0.0,0.0,0.0,0.0,0.0,0.0,0.0,-0.0498,0.037899999999999996,-0.004,0.001,-27.4,-56.2,-4.4,1.0,0.0,0.0,0.0,0.0,0.0,0.0,0.0,0.0,-2.55,1.45,101.1,0.6,35.3,65.882,35.0,1555.0
1779273853800630624,2026-05-20 16:14:13.800,0X0000,1,0,1,1,0.6,0.0,0.6,0.6,-14.4,0.0,16.8,-20.6,0.0,-7.0,0.0,0.0,0.0,1.0,0.0,0.0,-0.0416,0.0582,0.0013,0.001,-42.8,-57.3,0.0,1.0,0.0,0.0,0.0,0.0,0.0,0.0,0.0,0.0,-2.36,1.57,107.7,0.6,35.3,65.882,35.0,1555.0
1779273854164661105,32026-05-20 16:14:14.164,0X0000,1,0,1,1,0.6,0.0,0.6,0.6,-6.4,0.0,19.2,-13.6,0.0,863.0,0.0,0.0,0.0,1.0,0.0,0.0,-0.0342,0.053399999999999996,0.006900000000000001,0.001,-34.8,-53.2,5.4,1.0,0.0,0.0,0.0,0.0,0.0,0.0,0.0,0.0,-2.42,1.31,114.4,0.6,35.3,65.882,35.0,1555.0
1779273854502100290,2026-05-20 16:14:14.501,0X0000,1,1,1,1,0.7,0.7,0.6,0.6,-9.8,715.9,-183.4,-15.9,0.0,0.0,0.0,0.0,0.0,0.0,0.0,0.0,0.0,0.0,0.0,0.0,0.0,0.0,0.0,0.0,0.0,0.0,0.0,0.0,0.0,0.0,0.0,0.0,-2.15,1.4,120.8,0.6,35.3,65.882,35.0,1555.0
1779273854870408994,(2026-05-20 16:14:14.869,0X0000,1,1,0,1,0.6,0.7,0.0,0.6,-5.8,20.6,0.0,-20.7,0.0,0.0,-529.0,0.0,0.0,0.0,1.0,0.0,-0.015300000000000001,0.0551,-0.0001,0.001,-34.7,-45.4,-2.0,1.0,0.0,0.0,0.0,0.0,0.0,0.0,0.0,0.0,-2.33,1.34,127.1,0.6,35.3,65.882,35.0,1555.0
1779273855238778586,2026-05-20 16:14:15.238,0X0000,1,0,1,1,0.7,0.7,0.6,0.6,1.0,0.0,8.6,-11.3,0.0,-109.0,0.0,0.0,0.0,1.0,0.0,0.0,-0.0101,0.043,0.0052,0.001,-25.3,-36.4,3.9,1.0,0.0,0.0,0.0,0.0,0.0,0.0,0.0,0.0,-2.28,2.51,132.3,0.6,35.3,65.882,35.0,1555.0
1779273855608983956,2026-05-20 16:14:15.608,0X0000,1,0,1,1,0.6,0.6,0.6,0.6,-75.6,0.0,45.0,-30.8,0.0,623.0,0.0,0.0,0.0,1.0,0.0,0.0,-0.161,0.0414,-0.0165,0.001,85.5,-143.5,0.0,1.0,0.0,0.0,0.0,0.0,0.0,0.0,0.0,0.0,-2.81,6.55,135.0,0.6,35.2,65.882,35.0,1555.0
1779273855959876363,2026-05-20 16:14:15.959,0X0000,0,1,1,1,0.7,0.7,0.6,0.6,0.0,-36.5,110.0,-44.8,-124.0,0.0,0.0,0.0,1.0,0.0,0.0,0.0,0.0,0.0,0.0,0.0,0.0,0.0,0.0,0.0,0.0,0.0,0.0,0.0,0.0,0.0,0.0,0.0,-2.45,8.13,135.5,0.6,35.3,65.882,35.0,1555.0
1779273856336063067,+2026-05-20 16:14:16.335,0X0000,0,1,1,1,0.7,0.7,0.6,0.6,0.0,-17.4,168.0,-31.2,-756.0,0.0,0.0,0.0,1.0,0.0,0.0,0.0,-0.5133,0.0184,-0.026199999999999998,0.001,350.8,-373.6,43.5,1.0,0.0,0.0,0.0,0.0,0.0,0.0,0.0,0.0,-2.53,7.87,135.3,0.6,35.3,65.882,35.0,1555.0
1779273856683385678,2026-05-20 16:14:16.682,0X0000,1,1,0,1,0.7,0.7,0.0,0.6,-418.5,-62.8,0.0,-93.2,0.0,0.0,558.0,0.0,0.0,0.0,1.0,0.0,0.0,0.0,0.0,0.0,0.0,0.0,0.0,0.0,0.0,0.0,0.0,0.0,0.0,0.0,0.0,0.0,-2.5,6.7,136.9,0.6,35.3,65.882,35.0,1555.0
1779273857045939548,2026-05-20 16:14:17.045,0X0000,1,1,1,1,0.6,0.6,0.6,0.6,-431.8,-61.9,290.1,-72.7,0.0,0.0,0.0,0.0,0.0,0.0,0.0,0.0,-0.9635,0.0144,-0.0745,0.001,706.1,-659.9,-3.7,1.0,0.0,0.0,0.0,0.0,0.0,0.0,0.0,0.0,-2.42,4.24,137.7,0.6,35.3,65.882,35.0,1555.0
1779273857412293752,+2026-05-20 16:14:17.411,0X0000,1,1,1,1,0.6,0.6,0.6,0.6,-405.9,-100.2,354.2,-40.9,0.0,0.0,0.0,0.0,0.0,0.0,0.0,0.0,-1.0145,-0.07909999999999999,-0.052,0.001,796.0,-635.8,11.4,1.0,0.0,0.0,0.0,0.0,0.0,0.0,0.0,0.0,-1.84,3.44,136.9,0.6,35.2,65.882,35.0,1555.0
1779273857774768751,2026-05-20 16:14:17.774,0X0000,1,1,1,1,0.7,0.6,0.6,0.6,-462.0,-43.5,268.2,-17.8,0.0,0.0,0.0,0.0,0.0,0.0,0.0,0.0,-0.9746,-0.0343,-0.0688,0.001,735.4,-643.9,-19.9,1.0,0.0,0.0,0.0,0.0,0.0,0.0,0.0,0.0,-1.92,2.81,136.7,0.6,35.3,65.882,35.0,1555.0
1779273858135814325,+2026-05-20 16:14:18.135,0X0000,1,1,1,1,0.6,0.6,0.6,0.6,-406.5,-56.2,324.0,-16.2,0.0,0.0,0.0,0.0,0.0,0.0,0.0,0.0,-0.975,-0.053399999999999996,-0.0418,0.001,738.3,-640.4,11.7,1.0,0.0,0.0,0.0,0.0,0.0,0.0,0.0,0.0,-2.01,3.04,135.9,0.6,35.3,65.882,35.0,1555.0
1779273858495929880,2026-05-20 16:14:18.495,0X0000,1,1,1,1,0.6,0.6,0.6,0.6,-397.0,-46.3,345.6,-55.6,0.0,0.0,0.0,0.0,0.0,0.0,0.0,0.0,-0.9911,0.0124,-0.0414,0.001,700.3,-702.5,5.7,1.0,0.0,0.0,0.0,0.0,0.0,0.0,0.0,0.0,-1.87,2.75,135.6,0.6,35.2,65.882,35.0,1555.0
1779273858858082917,62026-05-20 16:14:18.857,0X0000,1,1,1,1,0.6,0.6,0.6,0.6,-442.0,-49.3,333.4,-59.6,0.0,0.0,0.0,0.0,0.0,0.0,0.0,0.0,-1.0349000000000002,0.013699999999999999,-0.0587,0.001,721.6,-744.3,-2.0,1.0,0.0,0.0,0.0,0.0,0.0,0.0,0.0,0.0,-2.4,3.17,134.8,0.6,35.2,65.882,35.0,1555.0
1779273859218372584,)2026-05-20 16:14:19.217,0X0000,1,1,1,1,0.6,0.6,0.6,0.6,-371.5,-14.1,314.2,-49.3,0.0,0.0,0.0,0.0,0.0,0.0,0.0,0.0,-0.9152,0.047,-0.032600000000000004,0.001,603.7,-690.2,9.1,1.0,0.0,0.0,0.0,0.0,0.0,0.0,0.0,0.0,-1.93,2.71,134.1,0.6,35.3,65.882,35.0,1555.0
1779273859580317065,2026-05-20 16:14:19.579,0X0000,1,1,1,1,0.6,0.6,0.6,0.6,-406.4,-75.2,231.0,-20.6,0.0,0.0,0.0,0.0,0.0,0.0,0.0,0.0,-0.8507,-0.0729,-0.0732,0.001,632.3,-578.0,-20.2,1.0,0.0,0.0,0.0,0.0,0.0,0.0,0.0,0.0,-1.64,3.43,132.6,0.6,35.3,65.882,35.0,1555.0
1779273859942377731,72026-05-20 16:14:19.941,0X0000,1,1,1,1,0.6,0.6,0.6,0.6,-421.9,-62.1,323.8,-83.5,0.0,0.0,0.0,0.0,0.0,0.0,0.0,0.0,-0.9952000000000001,0.0286,-0.06570000000000001,0.001,652.4,-754.7,-13.5,1.0,0.0,0.0,0.0,0.0,0.0,0.0,0.0,0.0,-2.27,3.07,132.4,0.6,35.3,65.882,35.0,1555.0
1779273860302389361,+2026-05-20 16:14:20.301,0X0000,1,1,1,1,0.6,0.6,0.6,0.6,-284.1,-58.9,319.1,-74.1,0.0,0.0,0.0,0.0,0.0,0.0,0.0,0.0,-0.8051,0.020300000000000002,-0.0264,0.001,522.9,-612.9,14.6,1.0,0.0,0.0,0.0,0.0,0.0,0.0,0.0,0.0,-2.24,2.98,131.9,0.6,35.2,65.882,35.0,1555.0
1779273860662971750,(2026-05-20 16:14:20.662,0X0000,1,1,1,1,0.7,0.6,0.6,0.6,-411.6,-39.0,307.8,-55.5,0.0,0.0,0.0,0.0,0.0,0.0,0.0,0.0,-0.9601000000000001,0.022,-0.0535,0.001,614.9,-739.6,-3.7,1.0,0.0,0.0,0.0,0.0,0.0,0.0,0.0,0.0,-1.88,3.02,131.0,0.6,35.2,65.882,35.0,1555.0
1779273861025235472,2026-05-20 16:14:21.024,0X0000,1,1,1,1,0.6,0.6,0.6,0.6,-427.4,-67.3,259.4,-47.2,0.0,0.0,0.0,0.0,0.0,0.0,0.0,0.0,-0.9166,-0.0268,-0.0762,0.001,621.2,-678.2,-26.9,1.0,0.0,0.0,0.0,0.0,0.0,0.0,0.0,0.0,-2.09,3.02,130.7,0.6,35.2,65.882,35.0,1555.0
1779273861388466601,*2026-05-20 16:14:21.387,0X0000,1,1,1,1,0.6,0.6,0.6,0.6,-434.0,-55.1,348.7,-89.7,0.0,0.0,0.0,0.0,0.0,0.0,0.0,0.0,-1.0446,0.046200000000000005,-0.0621,0.001,645.5,-824.8,-9.2,1.0,0.0,0.0,0.0,0.0,0.0,0.0,0.0,0.0,-2.29,3.0,130.5,0.6,35.3,65.882,35.0,1555.0
1779273861752795064,*2026-05-20 16:14:21.752,0X0000,1,1,1,1,0.6,0.6,0.6,0.6,-454.8,135.5,339.1,-87.6,0.0,0.0,0.0,0.0,0.0,0.0,0.0,0.0,-1.0595999999999999,0.2978,-0.0183,0.001,457.9,-1000.7,25.8,1.0,0.0,0.0,0.0,0.0,0.0,0.0,0.0,0.0,-2.42,3.07,130.3,0.6,35.2,65.882,35.0,1555.0
1779273862117886452,+2026-05-20 16:14:22.117,0X0000,1,1,1,1,0.6,0.6,0.6,0.6,-446.8,-107.2,351.8,-50.6,0.0,0.0,0.0,0.0,0.0,0.0,0.0,0.0,-1.0657999999999999,-0.0755,-0.0682,0.001,744.0,-770.0,-4.9,1.0,0.0,0.0,0.0,0.0,0.0,0.0,0.0,0.0,-2.28,3.24,129.9,0.6,35.2,65.882,35.0,1555.0
1779273862477263323,(2026-05-20 16:14:22.476,0X0000,1,1,1,1,0.6,0.6,0.6,0.6,-445.9,-41.9,249.6,7.2,0.0,0.0,0.0,0.0,0.0,0.0,0.0,0.0,-0.9282,-0.0655,-0.062299999999999994,0.001,648.0,-670.7,-4.3,1.0,0.0,0.0,0.0,0.0,0.0,0.0,0.0,0.0,-2.5,3.4,129.9,0.6,35.2,65.882,35.0,1555.0
1779273862814502859,2026-05-20 16:14:22.813,0X0000,1,1,1,1,0.6,0.6,0.6,0.6,-415.9,-257.8,409.9,-26.7,0.0,0.0,0.0,0.0,0.0,0.0,0.0,0.0,0.0,0.0,0.0,0.0,0.0,0.0,0.0,0.0,0.0,0.0,0.0,0.0,0.0,0.0,0.0,0.0,-2.08,2.98,129.9,0.6,35.2,65.882,35.0,1555.0
1779273863176494396,82026-05-20 16:14:23.175,0X0000,1,1,1,1,0.6,0.6,0.6,0.6,-441.0,-41.5,358.5,-56.7,0.0,0.0,0.0,0.0,0.0,0.0,0.0,0.0,-1.067,0.020300000000000002,-0.048799999999999996,0.001,670.1,-832.0,11.1,1.0,0.0,0.0,0.0,0.0,0.0,0.0,0.0,0.0,-2.22,3.26,129.9,0.6,35.3,65.882,35.0,1555.0
1779273863538949007,)2026-05-20 16:14:23.538,0X0000,1,1,1,1,0.6,0.6,0.6,0.6,-449.2,-19.5,296.5,-57.6,0.0,0.0,0.0,0.0,0.0,0.0,0.0,0.0,-0.9952000000000001,0.0508,-0.062,0.001,604.5,-794.6,-12.8,1.0,0.0,0.0,0.0,0.0,0.0,0.0,0.0,0.0,-2.31,2.95,130.1,0.6,35.2,65.882,35.0,1555.0
1779273863896579377,)2026-05-20 16:14:23.896,0X0000,1,1,1,1,0.6,0.6,0.6,0.6,-418.7,-6.4,323.4,-79.3,0.0,0.0,0.0,0.0,0.0,0.0,0.0,0.0,-0.9904,0.0973,-0.048799999999999996,0.001,566.5,-819.6,1.7,1.0,0.0,0.0,0.0,0.0,0.0,0.0,0.0,0.0,-2.38,3.16,130.2,0.6,35.2,65.882,35.0,1555.0
1779273864259011803,82026-05-20 16:14:24.258,0X0000,1,1,1,1,0.6,0.6,0.6,0.5,-463.8,-56.8,314.0,-48.0,0.0,0.0,0.0,0.0,0.0,0.0,0.0,0.0,-1.0380999999999998,-0.011699999999999999,-0.0687,0.001,684.4,-783.7,-8.6,1.0,0.0,0.0,0.0,0.0,0.0,0.0,0.0,0.0,-2.37,3.29,130.4,0.5,35.3,65.882,35.0,1555.0
1779273864620808951,+2026-05-20 16:14:24.620,0X0000,1,1,1,1,0.6,0.6,0.6,0.5,-424.5,-62.5,315.8,-74.7,0.0,0.0,0.0,0.0,0.0,0.0,0.0,0.0,-0.988,0.016300000000000002,-0.0663,0.001,635.8,-759.1,-15.7,1.0,0.0,0.0,0.0,0.0,0.0,0.0,0.0,0.0,-2.34,2.97,130.8,0.5,35.2,65.882,35.0,1555.0
1779273864980370414,(2026-05-20 16:14:24.979,0X0000,1,1,1,1,0.5,0.6,0.5,0.5,-381.6,24.1,287.1,-35.9,0.0,0.0,0.0,0.0,0.0,0.0,0.0,0.0,-0.8925,0.08009999999999999,-0.0287,0.001,526.7,-725.3,17.5,1.0,0.0,0.0,0.0,0.0,0.0,0.0,0.0,0.0,-2.58,3.2,131.1,0.5,35.2,65.882,35.0,1555.0
1779273865342466302,2026-05-20 16:14:25.341,0X0000,1,1,1,1,0.5,0.5,0.5,0.5,-423.0,-53.7,309.6,14.6,0.0,0.0,0.0,0.0,0.0,0.0,0.0,0.0,-0.9778,-0.0912,-0.0412,0.001,730.1,-657.4,-30.1,1.0,0.0,0.0,0.0,0.0,0.0,0.0,0.0,0.0,-2.17,0.45,132.6,0.5,35.3,65.882,35.0,1555.0
1779273865697467802,2026-05-20 16:14:25.696,0X0000,1,1,1,1,0.5,0.5,0.5,0.5,-301.7,7.4,305.5,-4.2,0.0,0.0,0.0,0.0,0.0,0.0,0.0,0.0,-0.8104,0.0155,0.0018,0.001,548.7,-596.5,-6.1,1.0,0.0,0.0,0.0,0.0,0.0,0.0,0.0,0.0,-2.53,-0.51,133.7,0.5,35.3,65.882,35.0,1555.0
1779273866056129302,2026-05-20 16:14:26.055,0X0000,1,1,1,1,0.5,0.5,0.5,0.5,-241.1,19.2,262.8,11.0,0.0,0.0,0.0,0.0,0.0,0.0,0.0,0.0,-0.6725,0.0109,0.014,0.001,487.6,-460.9,-49.0,1.0,0.0,0.0,0.0,0.0,0.0,0.0,0.0,0.0,-1.79,-5.34,137.5,0.5,35.2,65.882,35.0,1555.0
1779273866413662302,(2026-05-20 16:14:26.412,0X0000,1,1,1,1,0.5,0.5,0.5,0.5,-155.7,-6.6,214.4,17.5,0.0,0.0,0.0,0.0,0.0,0.0,0.0,0.0,-0.49389999999999995,-0.0322,0.0188,0.001,401.6,-289.9,4.2,1.0,0.0,0.0,0.0,0.0,0.0,0.0,0.0,0.0,-2.51,-1.86,140.5,0.5,35.2,65.882,35.0,1555.0
1779273866747546301,2026-05-20 16:14:26.747,0X0000,1,1,1,1,0.5,0.6,0.5,0.5,-111.3,-2.9,99.0,-17.8,0.0,0.0,0.0,0.0,0.0,0.0,0.0,0.0,0.0,0.0,0.0,0.0,0.0,0.0,0.0,0.0,0.0,0.0,0.0,0.0,0.0,0.0,0.0,0.0,-2.48,-1.38,145.5,0.5,35.3,65.882,35.0,1555.0
1779273867098155246,2026-05-20 16:14:27.097,0X0000,1,1,1,1,0.5,0.5,0.5,0.5,-70.5,-0.5,63.5,-3.5,0.0,0.0,0.0,0.0,0.0,0.0,0.0,0.0,-0.17880000000000001,0.004,-0.003,0.001,151.9,-94.5,0.8,1.0,0.0,0.0,0.0,0.0,0.0,0.0,0.0,0.0,-1.83,1.26,149.4,0.5,35.2,65.882,35.0,1555.0
1779273867451379320,2026-05-20 16:14:27.450,0X0000,1,1,1,1,0.5,0.5,0.5,0.5,-66.4,21.2,65.5,-19.9,0.0,0.0,0.0,0.0,0.0,0.0,0.0,0.0,-0.176,0.0549,0.0001,0.001,141.1,-118.7,2.3,1.0,0.0,0.0,0.0,0.0,0.0,0.0,0.0,0.0,-2.08,1.38,157.3,0.5,35.2,65.882,35.0,1555.0
1779273867806223060,2026-05-20 16:14:27.805,0X0000,1,1,1,1,0.5,0.5,0.5,0.5,-50.3,17.4,54.6,-33.8,0.0,0.0,0.0,0.0,0.0,0.0,0.0,0.0,-0.14,0.0683,-0.0033,0.001,118.4,-101.3,-2.5,1.0,0.0,0.0,0.0,0.0,0.0,0.0,0.0,0.0,-1.82,1.2,165.4,0.5,35.2,65.882,35.0,1555.0
1779273868160788115,'2026-05-20 16:14:28.160,0X0000,1,1,1,1,0.5,0.5,0.5,0.5,-55.6,13.4,45.8,-20.5,0.0,0.0,0.0,0.0,0.0,0.0,0.0,0.0,-0.1353,0.045200000000000004,-0.0046,0.001,130.7,-57.3,-4.4,1.0,0.0,0.0,0.0,0.0,0.0,0.0,0.0,0.0,-2.72,0.98,174.7,0.5,35.2,65.882,35.0,1555.0
1779273868514020375,$2026-05-20 16:14:28.513,0X0000,1,1,1,1,0.5,0.5,0.5,0.5,-42.9,16.6,30.7,-14.9,0.0,0.0,0.0,0.0,0.0,0.0,0.0,0.0,-0.09820000000000001,0.042,-0.0029,0.001,100.2,-37.1,-2.1,1.0,0.0,0.0,0.0,0.0,0.0,0.0,0.0,0.0,-2.2,1.41,182.8,0.5,35.2,65.882,35.0,1555.0
1779273868868725393,2026-05-20 16:14:28.868,0X0000,1,1,1,1,0.5,0.5,0.5,0.5,-29.6,32.5,47.8,-19.0,0.0,0.0,0.0,0.0,0.0,0.0,0.0,0.0,-0.1033,0.0687,0.0085,0.001,114.6,-47.5,8.2,1.0,0.0,0.0,0.0,0.0,0.0,0.0,0.0,0.0,-2.04,1.2,191.3,0.5,35.2,65.882,35.0,1555.0
1779273869223663744,$2026-05-20 16:14:29.223,0X0000,1,1,1,1,0.5,0.5,0.5,0.5,-28.3,20.4,25.7,-29.2,0.0,0.0,0.0,0.0,0.0,0.0,0.0,0.0,-0.0721,0.06620000000000001,-0.0031,0.001,90.5,-37.4,-3.4,1.0,0.0,0.0,0.0,0.0,0.0,0.0,0.0,0.0,-2.2,1.75,200.0,0.5,35.2,65.882,35.0,1555.0
1779273869578339726,22026-05-20 16:14:29.577,0X0000,1,1,1,1,0.5,0.5,0.5,0.5,-67.9,18.5,97.2,-28.7,0.0,0.0,0.0,0.0,0.0,0.0,0.0,0.0,-0.22030000000000002,0.063,0.0050999999999999995,0.001,221.6,50.6,29.9,1.0,0.0,0.0,0.0,0.0,0.0,0.0,0.0,0.0,-2.98,7.35,209.2,0.5,35.2,65.882,35.0,1555.0
1779273869938351392,2026-05-20 16:14:29.937,0X0000,1,1,1,1,0.6,0.5,0.5,0.5,-163.4,-10.7,101.3,-54.4,0.0,0.0,0.0,0.0,0.0,0.0,0.0,0.0,-0.3533,0.0583,-0.0343,0.001,333.0,135.8,8.8,1.0,0.0,0.0,0.0,0.0,0.0,0.0,0.0,0.0,-3.15,7.48,211.4,0.5,35.2,65.882,35.0,1555.0
1779273870273872781,2026-05-20 16:14:30.273,0X0000,1,1,1,1,0.6,0.5,0.5,0.5,-263.6,-22.1,189.2,-50.7,0.0,0.0,0.0,0.0,0.0,0.0,0.0,0.0,0.0,0.0,0.0,0.0,0.0,0.0,0.0,0.0,0.0,0.0,0.0,0.0,0.0,0.0,0.0,0.0,-2.43,7.67,212.4,0.5,35.1,65.882,35.0,1555.0
1779273870635589262,(2026-05-20 16:14:30.635,0X0000,1,1,1,1,0.6,0.5,0.5,0.6,-349.2,-68.6,239.5,-123.3,0.0,0.0,0.0,0.0,0.0,0.0,0.0,0.0,-0.7857000000000001,0.073,-0.0814,0.001,702.7,367.6,20.4,1.0,0.0,0.0,0.0,0.0,0.0,0.0,0.0,0.0,-2.65,7.64,212.8,0.5,35.1,65.882,35.0,1555.0
1779273870999994984,2026-05-20 16:14:30.999,0X0000,1,1,1,1,0.6,0.6,0.5,0.5,-424.4,-64.3,296.9,-123.1,0.0,0.0,0.0,0.0,0.0,0.0,0.0,0.0,-0.9627,0.0785,-0.085,0.001,864.7,438.1,-18.6,1.0,0.0,0.0,0.0,0.0,0.0,0.0,0.0,0.0,-2.18,4.12,211.4,0.5,35.1,65.882,35.0,1555.0
1779273871359682651,2026-05-20 16:14:31.359,0X0000,1,1,1,1,0.6,0.6,0.5,0.6,-425.6,-48.7,330.1,-43.9,0.0,0.0,0.0,0.0,0.0,0.0,0.0,0.0,-1.0086,-0.0064,-0.0507,0.001,868.4,515.6,4.2,1.0,0.0,0.0,0.0,0.0,0.0,0.0,0.0,0.0,-1.87,3.11,210.3,0.5,35.1,65.882,35.0,1555.0
1779273871692617465,2026-05-20 16:14:31.691,0X0000,1,1,1,1,0.6,0.6,0.6,0.6,-434.5,-63.9,42.4,20.5,0.0,0.0,0.0,0.0,0.0,0.0,0.0,0.0,0.0,0.0,0.0,0.0,0.0,0.0,0.0,0.0,0.0,0.0,0.0,0.0,0.0,0.0,0.0,0.0,-2.12,3.34,208.8,0.6,35.2,65.882,35.0,1555.0
1779273872052498595,2026-05-20 16:14:32.051,0X0000,1,1,1,1,0.6,0.6,0.6,0.6,-424.6,-104.7,352.1,-24.8,0.0,0.0,0.0,0.0,0.0,0.0,0.0,0.0,-1.0366,-0.1066,-0.0545,0.001,866.9,580.7,0.0,1.0,0.0,0.0,0.0,0.0,0.0,0.0,0.0,0.0,-2.25,2.78,207.9,0.6,35.1,65.882,35.0,1555.0
1779273872412752650,2026-05-20 16:14:32.412,0X0000,1,1,1,1,0.6,0.6,0.6,0.6,-416.6,-44.0,280.9,-52.6,0.0,0.0,0.0,0.0,0.0,0.0,0.0,0.0,-0.9309,0.0115,-0.0627,0.001,839.4,407.1,-19.7,1.0,0.0,0.0,0.0,0.0,0.0,0.0,0.0,0.0,-1.86,2.67,206.5,0.6,35.1,65.882,35.0,1555.0
1779273872771164353,$2026-05-20 16:14:32.770,0X0000,1,1,1,1,0.6,0.6,0.6,0.6,-418.5,4.5,320.9,-67.4,0.0,0.0,0.0,0.0,0.0,0.0,0.0,0.0,-0.9867999999999999,0.096,-0.0433,0.001,935.5,331.2,-7.3,1.0,0.0,0.0,0.0,0.0,0.0,0.0,0.0,0.0,-2.0,2.29,205.0,0.6,35.1,65.882,35.0,1555.0
1779273873131723761,(2026-05-20 16:14:33.131,0X0000,1,1,1,1,0.6,0.6,0.6,0.6,-428.5,-24.2,311.6,-46.0,0.0,0.0,0.0,0.0,0.0,0.0,0.0,0.0,-0.9877999999999999,0.0291,-0.0505,0.001,917.7,370.0,-1.1,1.0,0.0,0.0,0.0,0.0,0.0,0.0,0.0,0.0,-1.85,2.92,203.6,0.6,35.2,65.882,35.0,1555.0
1779273873490157853,'2026-05-20 16:14:33.489,0X0000,1,1,1,1,0.6,0.6,0.6,0.6,-455.4,-9.1,320.9,-7.9,0.0,0.0,0.0,0.0,0.0,0.0,0.0,0.0,-1.0360999999999998,-0.0016,-0.0409,0.001,957.9,397.0,15.3,1.0,0.0,0.0,0.0,0.0,0.0,0.0,0.0,0.0,-2.04,3.11,202.4,0.6,35.2,65.882,35.0,1555.0
1779273873850629519,2026-05-20 16:14:33.850,0X0000,1,1,1,1,0.6,0.6,0.6,0.6,-431.7,-39.3,300.0,-59.1,0.0,0.0,0.0,0.0,0.0,0.0,0.0,0.0,-0.9766,0.0264,-0.0621,0.001,924.2,322.3,-17.1,1.0,0.0,0.0,0.0,0.0,0.0,0.0,0.0,0.0,-1.85,2.69,200.7,0.6,35.2,65.882,35.0,1555.0
1779273874210304260,2026-05-20 16:14:34.209,0X0000,1,1,1,1,0.6,0.6,0.6,0.6,-421.3,-61.6,268.9,-54.2,0.0,0.0,0.0,0.0,0.0,0.0,0.0,0.0,-0.9212,-0.0099,-0.0723,0.001,866.0,322.2,-16.5,1.0,0.0,0.0,0.0,0.0,0.0,0.0,0.0,0.0,-1.97,3.45,199.7,0.6,35.2,65.882,35.0,1555.0
1779273874569929056,2026-05-20 16:14:34.569,0X0000,1,1,1,1,0.6,0.6,0.6,0.5,-402.5,-56.2,305.4,-36.8,0.0,0.0,0.0,0.0,0.0,0.0,0.0,0.0,-0.9448,-0.0259,-0.0513,0.001,889.3,324.1,-4.2,1.0,0.0,0.0,0.0,0.0,0.0,0.0,0.0,0.0,-1.92,2.81,198.4,0.5,35.1,65.882,35.0,1555.0
1779273874929370186,2026-05-20 16:14:34.928,0X0000,1,1,1,1,0.6,0.6,0.5,0.5,-403.2,-65.3,308.3,-26.4,0.0,0.0,0.0,0.0,0.0,0.0,0.0,0.0,-0.9496,-0.0519,-0.0504,0.001,890.9,336.3,0.1,1.0,0.0,0.0,0.0,0.0,0.0,0.0,0.0,0.0,-2.2,2.93,197.5,0.5,35.1,65.882,35.0,1555.0
1779273875291871982,2026-05-20 16:14:35.291,0X0000,1,1,1,1,0.6,0.6,0.5,0.5,-411.7,-94.3,327.6,-77.9,0.0,0.0,0.0,0.0,0.0,0.0,0.0,0.0,-0.9867,-0.0219,-0.0692,0.001,944.7,293.2,-18.0,1.0,0.0,0.0,0.0,0.0,0.0,0.0,0.0,0.0,-1.81,2.93,195.9,0.5,35.2,65.882,35.0,1555.0
1779273875651381796,'2026-05-20 16:14:35.650,0X0000,1,1,1,1,0.6,0.6,0.5,0.5,-422.7,-55.2,312.5,-28.4,0.0,0.0,0.0,0.0,0.0,0.0,0.0,0.0,-0.9812000000000001,-0.0358,-0.0523,0.001,939.2,291.3,0.3,1.0,0.0,0.0,0.0,0.0,0.0,0.0,0.0,0.0,-1.98,3.0,195.1,0.5,35.2,65.882,35.0,1555.0
1779273876011205500,2026-05-20 16:14:36.010,0X0000,1,1,1,1,0.6,0.6,0.5,0.5,-443.6,-98.5,303.2,-104.2,0.0,0.0,0.0,0.0,0.0,0.0,0.0,0.0,-0.9967,0.0076,-0.0925,0.001,970.7,240.2,-44.7,1.0,0.0,0.0,0.0,0.0,0.0,0.0,0.0,0.0,-1.98,2.76,194.2,0.5,35.2,65.882,35.0,1555.0
1779273876370800648,*2026-05-20 16:14:36.370,0X0000,1,1,1,1,0.6,0.6,0.6,0.6,-337.6,-55.7,373.1,-51.7,0.0,0.0,0.0,0.0,0.0,0.0,0.0,0.0,-0.9485,-0.0053,-0.019399999999999997,0.001,919.1,232.6,35.0,1.0,0.0,0.0,0.0,0.0,0.0,0.0,0.0,0.0,-2.1,3.28,193.9,0.6,35.2,65.882,35.0,1555.0
1779273876730678907,2026-05-20 16:14:36.730,0X0000,1,1,1,1,0.6,0.6,0.6,0.5,-369.3,-66.0,336.4,-38.8,0.0,0.0,0.0,0.0,0.0,0.0,0.0,0.0,-0.9419,-0.0363,-0.0371,0.001,906.1,262.0,14.9,1.0,0.0,0.0,0.0,0.0,0.0,0.0,0.0,0.0,-2.29,3.08,193.9,0.5,35.2,65.882,35.0,1555.0
1779273877091538388,*2026-05-20 16:14:37.090,0X0000,1,1,1,1,0.6,0.6,0.6,0.6,-447.9,-71.9,341.9,-64.7,0.0,0.0,0.0,0.0,0.0,0.0,0.0,0.0,-1.0540999999999998,-0.0096,-0.0655,0.001,1022.6,264.5,-7.9,1.0,0.0,0.0,0.0,0.0,0.0,0.0,0.0,0.0,-2.39,3.11,193.9,0.6,35.2,65.882,35.0,1555.0
1779273877455851888,2026-05-20 16:14:37.455,0X0000,1,1,1,1,0.6,0.6,0.6,0.6,-534.7,-49.3,286.8,-31.5,0.0,0.0,0.0,0.0,0.0,0.0,0.0,0.0,-1.0964,-0.0238,-0.0887,0.001,1061.5,287.6,-29.4,1.0,0.0,0.0,0.0,0.0,0.0,0.0,0.0,0.0,-2.2,3.05,193.8,0.6,35.2,65.882,35.0,1555.0
1779273877815538425,)2026-05-20 16:14:37.814,0X0000,1,1,1,1,0.6,0.6,0.6,0.6,-382.0,-57.6,340.3,-23.9,0.0,0.0,0.0,0.0,0.0,0.0,0.0,0.0,-0.964,-0.045,-0.033299999999999996,0.001,925.7,273.8,24.9,1.0,0.0,0.0,0.0,0.0,0.0,0.0,0.0,0.0,-2.04,3.37,193.8,0.6,35.2,65.882,35.0,1555.0
1779273878177837406,2026-05-20 16:14:38.177,0X0000,1,1,1,1,0.6,0.6,0.6,0.6,-427.5,-78.7,293.8,-57.0,0.0,0.0,0.0,0.0,0.0,0.0,0.0,0.0,-0.9627,-0.029,-0.0727,0.001,928.3,266.5,-11.4,1.0,0.0,0.0,0.0,0.0,0.0,0.0,0.0,0.0,-2.26,3.58,194.2,0.6,35.2,65.882,35.0,1555.0
1779273878538060017,72026-05-20 16:14:38.537,0X0000,1,1,1,1,0.6,0.6,0.6,0.6,-431.7,-68.9,294.4,-72.0,0.0,0.0,0.0,0.0,0.0,0.0,0.0,0.0,-0.9691000000000001,0.0040999999999999995,-0.075,0.001,940.3,246.1,-15.8,1.0,0.0,0.0,0.0,0.0,0.0,0.0,0.0,0.0,-2.44,3.51,194.8,0.6,35.2,65.882,35.0,1555.0
1779273878897552128,2026-05-20 16:14:38.896,0X0000,1,1,1,1,0.6,0.6,0.6,0.6,-434.4,-48.5,299.5,-59.6,0.0,0.0,0.0,0.0,0.0,0.0,0.0,0.0,-0.9795,0.0148,-0.0655,0.001,950.4,246.2,-12.6,1.0,0.0,0.0,0.0,0.0,0.0,0.0,0.0,0.0,-2.37,3.13,195.3,0.6,35.2,65.882,35.0,1555.0
1779273879257401627,2026-05-20 16:14:39.256,0X0000,1,1,1,1,0.7,0.6,0.6,0.6,-430.0,-52.8,334.1,-53.1,0.0,0.0,0.0,0.0,0.0,0.0,0.0,0.0,-1.0198,0.0004,-0.0544,0.001,984.3,270.5,-32.8,1.0,0.0,0.0,0.0,0.0,0.0,0.0,0.0,0.0,-2.2,1.22,195.3,0.6,35.2,65.882,35.0,1555.0
1779273879609358127,%2026-05-20 16:14:39.608,0X0000,1,1,1,1,0.7,0.7,0.6,0.6,-322.7,8.7,321.9,3.4,0.0,0.0,0.0,0.0,0.0,0.0,0.0,0.0,-0.8603,0.0070999999999999995,0.003,0.001,837.2,198.2,1.0,1.0,0.0,0.0,0.0,0.0,0.0,0.0,0.0,0.0,-1.45,-0.12,193.8,0.6,35.1,65.882,35.0,1555.0
1779273879944343405,2026-05-20 16:14:39.943,0X0000,1,1,1,1,0.7,0.7,0.6,0.6,-231.6,-24.2,266.6,16.1,0.0,0.0,0.0,0.0,0.0,0.0,0.0,0.0,0.0,0.0,0.0,0.0,0.0,0.0,0.0,0.0,0.0,0.0,0.0,0.0,0.0,0.0,0.0,0.0,-2.39,-4.26,191.8,0.6,35.1,65.882,35.0,1555.0
1779273880302075719,*2026-05-20 16:14:40.301,0X0000,1,1,1,1,0.7,0.7,0.7,0.7,-180.7,-3.8,176.9,21.0,0.0,0.0,0.0,0.0,0.0,0.0,0.0,0.0,-0.4773,-0.033100000000000004,0.0036,0.001,467.5,100.2,-18.9,1.0,0.0,0.0,0.0,0.0,0.0,0.0,0.0,0.0,-2.19,-2.86,188.1,0.7,35.2,65.882,35.0,1555.0
1779273880637266312,2026-05-20 16:14:40.636,0X0000,1,1,1,1,0.7,0.7,0.7,0.7,-115.2,-28.5,95.7,-8.2,0.0,0.0,0.0,0.0,0.0,0.0,0.0,0.0,0.0,0.0,0.0,0.0,0.0,0.0,0.0,0.0,0.0,0.0,0.0,0.0,0.0,0.0,0.0,0.0,-1.87,-1.52,183.1,0.7,35.1,65.882,35.0,1555.0
1779273880989641330,#2026-05-20 16:14:40.989,0X0000,1,1,1,1,0.7,0.7,0.7,0.7,-35.8,-7.1,40.5,9.8,0.0,0.0,0.0,0.0,0.0,0.0,0.0,0.0,-0.1018,-0.022600000000000002,0.002,0.001,102.4,19.8,1.2,1.0,0.0,0.0,0.0,0.0,0.0,0.0,0.0,0.0,-2.95,-1.09,178.5,0.7,35.2,65.882,35.0,1555.0
1779273881341357034,$2026-05-20 16:14:41.340,0X0000,1,1,1,1,0.7,0.7,0.7,0.7,-22.0,14.4,38.3,17.8,0.0,0.0,0.0,0.0,0.0,0.0,0.0,0.0,-0.0805,-0.0045,0.013099999999999999,0.001,80.0,-8.9,13.7,1.0,0.0,0.0,0.0,0.0,0.0,0.0,0.0,0.0,-2.41,0.29,170.9,0.7,35.2,65.882,35.0,1555.0
1779273881692695830,2026-05-20 16:14:41.692,0X0000,1,1,1,1,0.7,0.7,0.7,0.7,-6.9,-14.2,-6.3,16.1,0.0,0.0,0.0,0.0,0.0,0.0,0.0,0.0,-0.0008,-0.0404,-0.0031,0.001,12.4,38.6,-1.3,1.0,0.0,0.0,0.0,0.0,0.0,0.0,0.0,0.0,-2.48,0.48,163.3,0.7,35.2,65.882,35.0,1555.0
1779273882042587366,2026-05-20 16:14:42.041,0X0000,1,1,1,1,0.7,0.7,0.7,0.7,13.3,-17.6,-10.7,35.9,0.0,0.0,0.0,0.0,0.0,0.0,0.0,0.0,0.032,-0.0714,0.0056,0.001,0.3,78.1,7.7,1.0,0.0,0.0,0.0,0.0,0.0,0.0,0.0,0.0,-2.12,0.95,155.5,0.7,35.2,65.882,35.0,1555.0
1779273882398947255,2026-05-20 16:14:42.398,0X0000,1,1,1,1,0.7,0.7,0.1,0.1,20.1,-34.0,12.9,-127.8,0.0,0.0,0.0,0.0,0.0,0.0,0.0,0.0,0.0096,0.1252,-0.0348,0.001,-70.5,-101.9,-40.3,1.0,0.0,0.0,0.0,0.0,0.0,0.0,0.0,0.0,-2.49,0.87,149.5,0.1,35.2,65.882,35.0,1555.0
1779273882757654940,2026-05-20 16:14:42.757,0X0000,1,1,1,1,0.7,0.7,0.1,0.1,29.8,-43.5,-31.6,-216.8,0.0,0.0,0.0,0.0,0.0,0.0,0.0,0.0,0.0819,0.2313,-0.0707,0.001,-202.7,-132.3,-81.4,1.0,0.0,0.0,0.0,0.0,0.0,0.0,0.0,0.0,-2.13,1.52,142.4,0.1,35.1,65.882,35.0,1555.0
1779273883114221644,2026-05-20 16:14:43.113,0X0000,1,1,1,1,0.1,0.7,0.2,0.7,63.6,-21.2,282.2,30.8,0.0,0.0,0.0,0.0,0.0,0.0,0.0,0.0,-0.2918,-0.0694,0.0958,0.001,256.4,-149.2,105.4,1.0,0.0,0.0,0.0,0.0,0.0,0.0,0.0,0.0,-2.36,1.36,137.1,0.1,35.2,65.882,35.0,1555.0
1779273883465734366,#2026-05-20 16:14:43.465,0X0000,1,1,1,1,0.7,0.7,0.6,0.6,31.1,-33.0,-21.7,49.0,0.0,0.0,0.0,0.0,0.0,0.0,0.0,0.0,0.0705,-0.10940000000000001,0.0068,0.001,35.3,125.3,6.2,1.0,0.0,0.0,0.0,0.0,0.0,0.0,0.0,0.0,-2.33,4.13,131.2,0.6,35.2,65.882,35.0,1555.0
1779273883840365458,'2026-05-20 16:14:43.839,0X0000,0,1,1,1,0.7,0.7,0.7,0.6,0.0,-39.3,47.1,19.0,-479.0,0.0,0.0,0.0,1.0,0.0,0.0,0.0,-0.15280000000000002,-0.0778,-0.0109,0.001,157.2,-68.1,12.9,1.0,0.0,0.0,0.0,0.0,0.0,0.0,0.0,0.0,-2.8,7.48,129.6,0.6,35.2,65.882,35.0,1555.0
1779273884186997791,2026-05-20 16:14:44.186,0X0000,0,1,1,1,0.0,0.7,0.6,0.7,0.0,-70.3,114.8,-21.9,297.0,0.0,0.0,0.0,1.0,0.0,0.0,0.0,0.0,0.0,0.0,0.0,0.0,0.0,0.0,0.0,0.0,0.0,0.0,0.0,0.0,0.0,0.0,0.0,-2.11,8.57,128.1,0.6,35.2,65.882,35.0,1555.0
1779273884552658161,*2026-05-20 16:14:44.552,0X0000,1,1,1,1,0.7,0.7,0.7,0.7,-301.9,-76.4,317.9,-225.3,0.0,0.0,0.0,0.0,0.0,0.0,0.0,0.0,-0.8272,0.1987,-0.07709999999999999,0.001,326.2,-788.7,36.2,1.0,0.0,0.0,0.0,0.0,0.0,0.0,0.0,0.0,-1.55,8.2,125.9,0.7,35.2,65.882,35.0,1555.0
1779273884917623198,:2026-05-20 16:14:44.916,0X0000,1,1,1,1,0.7,0.7,0.7,0.7,-400.8,-98.8,212.5,-56.4,0.0,0.0,0.0,0.0,0.0,0.0,0.0,0.0,-0.8185,-0.056600000000000004,-0.09259999999999999,0.001,545.5,-619.7,-15.1,1.0,0.0,0.0,0.0,0.0,0.0,0.0,0.0,0.0,-1.95,5.27,127.3,0.7,35.2,65.882,35.0,1555.0
1779273885292939198,2026-05-20 16:14:45.292,0X0000,1,1,1,0,0.7,0.7,0.7,0.0,-386.0,-72.2,282.7,0.0,0.0,0.0,0.0,-477.0,0.0,0.0,0.0,1.0,-0.8925,-0.0549,-0.0557,0.001,576.8,-685.5,1.6,1.0,0.0,0.0,0.0,0.0,0.0,0.0,0.0,0.0,-2.18,3.54,126.5,0.7,35.2,65.882,35.0,1555.0
1779273885640895827,2026-05-20 16:14:45.640,0X0000,1,1,1,0,0.7,0.7,0.2,0.0,-392.1,61.0,507.8,0.0,0.0,0.0,0.0,-275.0,0.0,0.0,0.0,2.0,0.0,0.0,0.0,0.0,0.0,0.0,0.0,0.0,0.0,0.0,0.0,0.0,0.0,0.0,0.0,0.0,-1.62,3.3,126.3,0.2,35.2,65.882,35.0,1555.0
1779273886002200901,(2026-05-20 16:14:46.001,0X0000,1,1,1,1,0.7,0.7,0.7,0.7,-421.6,-31.1,342.1,-44.4,0.0,0.0,0.0,0.0,0.0,0.0,0.0,0.0,-1.0192999999999999,0.0178,-0.0418,0.001,598.7,-826.1,9.2,1.0,0.0,0.0,0.0,0.0,0.0,0.0,0.0,0.0,-2.29,2.91,126.9,0.7,35.2,65.882,35.0,1555.0
1779273886366096882,82026-05-20 16:14:46.365,0X0000,1,1,1,1,0.8,0.8,0.7,0.7,-433.4,-72.5,323.9,-41.3,0.0,0.0,0.0,0.0,0.0,0.0,0.0,0.0,-1.0107000000000002,-0.0416,-0.060200000000000004,0.001,647.7,-779.4,-3.5,1.0,0.0,0.0,0.0,0.0,0.0,0.0,0.0,0.0,-2.48,3.11,127.3,0.7,35.2,65.882,35.0,1555.0
1779273886731962290,2026-05-20 16:14:46.731,0X0000,1,1,1,1,0.8,0.8,0.7,0.7,-459.4,-96.1,296.5,-42.8,0.0,0.0,0.0,0.0,0.0,0.0,0.0,0.0,-1.0089,-0.0711,-0.0814,0.001,677.9,-754.6,-23.6,1.0,0.0,0.0,0.0,0.0,0.0,0.0,0.0,0.0,-2.28,3.12,127.8,0.7,35.2,65.882,35.0,1555.0
1779273887096109012,+2026-05-20 16:14:47.095,0X0000,1,1,1,1,0.8,0.8,0.7,0.7,-426.4,-55.5,293.2,-34.2,0.0,0.0,0.0,0.0,0.0,0.0,0.0,0.0,-0.9604,-0.028399999999999998,-0.0601,0.001,617.2,-738.8,-9.4,1.0,0.0,0.0,0.0,0.0,0.0,0.0,0.0,0.0,-2.5,2.95,128.1,0.7,35.2,65.882,35.0,1555.0
1779273887458353160,82026-05-20 16:14:47.457,0X0000,1,1,1,1,0.8,0.8,0.7,0.7,-415.9,-38.7,310.3,-79.6,0.0,0.0,0.0,0.0,0.0,0.0,0.0,0.0,-0.9692000000000001,0.0546,-0.060399999999999995,0.001,558.7,-796.0,-16.4,1.0,0.0,0.0,0.0,0.0,0.0,0.0,0.0,0.0,-2.32,2.73,128.2,0.7,35.2,65.882,35.0,1555.0
1779273887820336622,72026-05-20 16:14:47.819,0X0000,1,1,1,1,0.8,0.8,0.7,0.7,-425.9,-52.5,316.8,-61.8,0.0,0.0,0.0,0.0,0.0,0.0,0.0,0.0,-0.9912000000000001,0.0124,-0.060200000000000004,0.001,604.0,-788.4,-3.1,1.0,0.0,0.0,0.0,0.0,0.0,0.0,0.0,0.0,-2.39,3.33,128.1,0.7,35.2,65.882,35.0,1555.0
1779273888181482789,'2026-05-20 16:14:48.180,0X0000,1,1,1,1,0.8,0.8,0.7,0.7,-417.6,-32.3,304.8,-55.0,0.0,0.0,0.0,0.0,0.0,0.0,0.0,0.0,-0.9641000000000001,0.0303,-0.054,0.001,576.9,-774.8,-8.1,1.0,0.0,0.0,0.0,0.0,0.0,0.0,0.0,0.0,-2.23,2.8,128.4,0.7,35.2,65.882,35.0,1555.0
1779273888517668344,2026-05-20 16:14:48.516,0X0000,1,1,1,1,0.8,0.8,0.7,0.7,-400.3,-40.8,48.6,-43.6,0.0,0.0,0.0,0.0,0.0,0.0,0.0,0.0,0.0,0.0,0.0,0.0,0.0,0.0,0.0,0.0,0.0,0.0,0.0,0.0,0.0,0.0,0.0,0.0,-2.28,3.2,128.1,0.7,35.2,65.882,35.0,1555.0
1779273888881206788,2026-05-20 16:14:48.880,0X0000,1,1,1,1,0.8,0.8,0.7,0.8,-439.1,-31.1,309.7,-71.5,0.0,0.0,0.0,0.0,0.0,0.0,0.0,0.0,-0.9994,0.053899999999999997,-0.0626,0.001,579.5,-818.4,-15.7,1.0,0.0,0.0,0.0,0.0,0.0,0.0,0.0,0.0,-2.19,2.81,128.3,0.7,35.2,65.882,35.0,1555.0
1779273889249087584,2026-05-20 16:14:49.248,0X0000,1,1,1,1,0.8,0.8,0.7,0.7,-422.4,-151.6,334.0,-38.1,0.0,0.0,0.0,0.0,0.0,0.0,0.0,0.0,-1.0095,-0.1515,-0.075,0.001,743.7,-703.1,-16.9,1.0,0.0,0.0,0.0,0.0,0.0,0.0,0.0,0.0,-2.17,2.97,128.0,0.7,35.2,65.882,35.0,1555.0
1779273889610433899,&2026-05-20 16:14:49.609,0X0000,1,1,1,1,0.8,0.8,0.8,0.8,-433.0,-35.4,358.9,-66.9,0.0,0.0,0.0,0.0,0.0,0.0,0.0,0.0,-1.0569000000000002,0.042,-0.0476,0.001,615.8,-861.2,5.3,1.0,0.0,0.0,0.0,0.0,0.0,0.0,0.0,0.0,-2.2,2.96,127.8,0.8,35.2,65.882,35.0,1555.0
1779273889971432232,+2026-05-20 16:14:49.970,0X0000,1,1,1,1,0.8,0.8,0.7,0.8,-416.8,-47.8,312.0,-42.8,0.0,0.0,0.0,0.0,0.0,0.0,0.0,0.0,-0.9727,-0.0067,-0.052700000000000004,0.001,593.5,-772.4,6.1,1.0,0.0,0.0,0.0,0.0,0.0,0.0,0.0,0.0,-2.21,3.45,127.1,0.7,35.2,65.882,35.0,1555.0
1779273890332706973,2026-05-20 16:14:50.332,0X0000,1,1,1,1,0.8,0.8,0.8,0.8,-424.8,-73.4,259.6,-77.4,0.0,0.0,0.0,0.0,0.0,0.0,0.0,0.0,-0.9134,0.0053,-0.0852,0.001,546.6,-736.0,-34.8,1.0,0.0,0.0,0.0,0.0,0.0,0.0,0.0,0.0,-2.01,3.17,126.8,0.8,35.2,65.882,35.0,1555.0
1779273890694810843,+2026-05-20 16:14:50.694,0X0000,1,1,1,1,0.8,0.8,0.8,0.8,-433.4,-54.6,333.8,-50.7,0.0,0.0,0.0,0.0,0.0,0.0,0.0,0.0,-1.0239,-0.0052,-0.055299999999999995,0.001,616.4,-819.4,4.1,1.0,0.0,0.0,0.0,0.0,0.0,0.0,0.0,0.0,-2.39,3.31,126.6,0.8,35.2,65.882,35.0,1555.0
1779273891056166806,2026-05-20 16:14:51.055,0X0000,1,1,1,1,0.8,0.8,0.8,0.8,-428.0,-46.8,342.5,-51.4,0.0,0.0,0.0,0.0,0.0,0.0,0.0,0.0,-1.0283,0.0060999999999999995,-0.0496,0.001,609.7,-829.7,-0.2,1.0,0.0,0.0,0.0,0.0,0.0,0.0,0.0,0.0,-2.22,2.77,126.6,0.8,35.2,65.882,35.0,1555.0
1779273891421570324,2026-05-20 16:14:51.421,0X0000,1,1,1,1,0.8,0.8,0.8,0.8,-463.8,-107.0,350.9,-33.2,0.0,0.0,0.0,0.0,0.0,0.0,0.0,0.0,-1.0873,-0.0985,-0.0683,0.001,723.8,-820.1,-7.5,1.0,0.0,0.0,0.0,0.0,0.0,0.0,0.0,0.0,-2.06,3.02,126.2,0.8,35.2,65.882,35.0,1555.0
1779273891783188879,(2026-05-20 16:14:51.782,0X0000,1,1,1,1,0.8,0.8,0.8,0.8,-418.9,-49.9,329.8,-45.7,0.0,0.0,0.0,0.0,0.0,0.0,0.0,0.0,-0.9992000000000001,-0.0056,-0.0498,0.001,594.6,-804.5,1.1,1.0,0.0,0.0,0.0,0.0,0.0,0.0,0.0,0.0,-2.0,2.91,126.1,0.8,35.2,65.882,35.0,1555.0
1779273892148975379,2026-05-20 16:14:52.148,0X0000,1,1,1,1,0.8,0.8,0.8,0.8,-509.5,-61.8,339.8,-117.4,0.0,0.0,0.0,0.0,0.0,0.0,0.0,0.0,-1.1335,0.0742,-0.09409999999999999,0.001,610.6,-961.9,-32.8,1.0,0.0,0.0,0.0,0.0,0.0,0.0,0.0,0.0,-2.56,3.26,126.0,0.8,35.1,65.882,35.0,1555.0
1779273892510583768,)2026-05-20 16:14:52.509,0X0000,1,1,1,1,0.8,0.8,0.8,0.8,-404.9,-54.2,319.2,-45.0,0.0,0.0,0.0,0.0,0.0,0.0,0.0,0.0,-0.9663999999999999,-0.0123,-0.0499,0.001,579.5,-775.1,3.7,1.0,0.0,0.0,0.0,0.0,0.0,0.0,0.0,0.0,-2.57,3.15,126.0,0.8,35.2,65.882,35.0,1555.0
1779273892874350138,2026-05-20 16:14:52.873,0X0000,1,1,1,1,0.8,0.8,0.8,0.7,-434.3,-61.1,315.4,-52.6,0.0,0.0,0.0,0.0,0.0,0.0,0.0,0.0,-1.0006,-0.011300000000000001,-0.0627,0.001,599.5,-803.7,-8.3,1.0,0.0,0.0,0.0,0.0,0.0,0.0,0.0,0.0,-2.14,3.09,126.0,0.7,35.1,65.882,35.0,1555.0
1779273893236235712,2026-05-20 16:14:53.235,0X0000,1,1,1,1,0.8,0.8,0.8,0.8,-409.6,-50.5,332.1,-57.2,0.0,0.0,0.0,0.0,0.0,0.0,0.0,0.0,-0.9899,0.0089,-0.05,0.001,571.8,-809.7,11.5,1.0,0.0,0.0,0.0,0.0,0.0,0.0,0.0,0.0,-2.41,3.58,125.7,0.8,35.1,65.882,35.0,1555.0
1779273893602406156,*2026-05-20 16:14:53.601,0X0000,1,1,1,1,0.8,0.8,0.8,0.8,-446.9,-74.4,330.0,-63.9,0.0,0.0,0.0,0.0,0.0,0.0,0.0,0.0,-1.0369000000000002,-0.014,-0.0688,0.001,621.8,-832.7,-12.0,1.0,0.0,0.0,0.0,0.0,0.0,0.0,0.0,0.0,-2.13,3.11,125.9,0.8,35.2,65.882,35.0,1555.0
1779273893965822211,82026-05-20 16:14:53.965,0X0000,1,1,1,1,0.8,0.8,0.8,0.7,-452.2,-63.3,316.0,-39.1,0.0,0.0,0.0,0.0,0.0,0.0,0.0,0.0,-1.0252999999999999,-0.032299999999999995,-0.0643,0.001,629.4,-812.5,-5.3,1.0,0.0,0.0,0.0,0.0,0.0,0.0,0.0,0.0,-2.13,3.23,125.9,0.7,35.2,65.882,35.0,1555.0
1779273894328170359,2026-05-20 16:14:54.327,0X0000,1,1,1,1,0.8,0.8,0.8,0.8,-426.5,-61.5,312.5,-72.7,0.0,0.0,0.0,0.0,0.0,0.0,0.0,0.0,-0.9863,0.0149,-0.067,0.001,570.2,-807.6,-12.5,1.0,0.0,0.0,0.0,0.0,0.0,0.0,0.0,0.0,-2.29,3.2,126.0,0.8,35.2,65.882,35.0,1555.0
1779273894691905526,2026-05-20 16:14:54.691,0X0000,1,1,1,1,0.8,0.8,0.8,0.8,-414.9,-45.7,262.5,-70.1,0.0,0.0,0.0,0.0,0.0,0.0,0.0,0.0,-0.9041,0.032600000000000004,-0.0723,0.001,512.1,-748.8,-26.4,1.0,0.0,0.0,0.0,0.0,0.0,0.0,0.0,0.0,-2.33,2.99,126.3,0.8,35.2,65.882,35.0,1555.0
1779273895028040525,2026-05-20 16:14:55.027,0X0000,1,1,1,1,0.8,0.8,0.8,0.8,-400.2,-54.6,577.4,-76.9,0.0,0.0,0.0,0.0,0.0,0.0,0.0,0.0,0.0,0.0,0.0,0.0,0.0,0.0,0.0,0.0,0.0,0.0,0.0,0.0,0.0,0.0,0.0,0.0,-2.46,3.37,126.1,0.8,35.1,65.882,35.0,1555.0
1779273895391021747,82026-05-20 16:14:55.390,0X0000,1,1,1,1,0.8,0.8,0.8,0.8,-422.3,-82.4,344.5,-33.9,0.0,0.0,0.0,0.0,0.0,0.0,0.0,0.0,-1.0234,-0.06470000000000001,-0.052399999999999995,0.001,665.0,-782.3,2.8,1.0,0.0,0.0,0.0,0.0,0.0,0.0,0.0,0.0,-2.31,2.95,126.7,0.8,35.2,65.882,35.0,1555.0
1779273895757077562,2026-05-20 16:14:55.756,0X0000,1,1,1,1,0.8,0.8,0.8,0.8,-405.7,-192.9,341.3,-45.2,0.0,0.0,0.0,0.0,0.0,0.0,0.0,0.0,-0.997,-0.1971,-0.08159999999999999,0.001,758.3,-681.3,-16.9,1.0,0.0,0.0,0.0,0.0,0.0,0.0,0.0,0.0,-2.31,3.26,126.8,0.8,35.1,65.882,35.0,1555.0
1779273896118985025,*2026-05-20 16:14:56.118,0X0000,1,1,1,1,0.8,0.8,0.8,0.8,-457.0,-22.2,428.0,-24.1,0.0,0.0,0.0,0.0,0.0,0.0,0.0,0.0,-1.1812,0.0025,-0.020300000000000002,0.001,711.3,-942.2,43.4,1.0,0.0,0.0,0.0,0.0,0.0,0.0,0.0,0.0,-2.32,3.1,127.2,0.8,35.1,65.882,35.0,1555.0
1779273896454940525,2026-05-20 16:14:56.454,0X0000,1,1,1,1,0.8,0.8,0.8,0.8,-417.9,-67.8,298.2,-49.3,0.0,0.0,0.0,0.0,0.0,0.0,0.0,0.0,0.0,0.0,0.0,0.0,0.0,0.0,0.0,0.0,0.0,0.0,0.0,0.0,0.0,0.0,0.0,0.0,-2.36,3.07,127.3,0.8,35.2,65.882,35.0,1555.0
1779273896818876376,2026-05-20 16:14:56.818,0X0000,1,1,1,1,0.8,0.8,0.8,0.8,-366.0,-94.0,331.4,-78.9,0.0,0.0,0.0,0.0,0.0,0.0,0.0,0.0,-0.9308,-0.0202,-0.056,0.001,584.6,-726.6,-5.6,1.0,0.0,0.0,0.0,0.0,0.0,0.0,0.0,0.0,-2.42,3.05,127.5,0.8,35.2,65.882,35.0,1555.0
1779273897182709043,62026-05-20 16:14:57.182,0X0000,1,1,1,1,0.8,0.8,0.8,0.8,-451.3,-134.6,321.9,26.0,0.0,0.0,0.0,0.0,0.0,0.0,0.0,0.0,-1.0319,-0.21430000000000002,-0.06420000000000001,0.001,799.0,-690.3,0.6,1.0,0.0,0.0,0.0,0.0,0.0,0.0,0.0,0.0,-2.2,3.14,127.4,0.8,35.1,65.882,35.0,1555.0
1779273897546940987,2026-05-20 16:14:57.546,0X0000,1,1,1,1,0.8,0.8,0.8,0.8,-426.1,-58.5,323.9,-90.3,0.0,0.0,0.0,0.0,0.0,0.0,0.0,0.0,-1.001,0.0424,-0.0677,0.001,578.3,-820.8,-13.8,1.0,0.0,0.0,0.0,0.0,0.0,0.0,0.0,0.0,-2.27,3.18,127.5,0.8,35.1,65.882,35.0,1555.0
1779273897908172857,2026-05-20 16:14:57.907,0X0000,1,1,1,1,0.8,0.8,0.8,0.8,-362.2,-52.9,303.5,-46.4,0.0,0.0,0.0,0.0,0.0,0.0,0.0,0.0,-0.8885,-0.0087,-0.0426,0.001,545.2,-702.9,11.9,1.0,0.0,0.0,0.0,0.0,0.0,0.0,0.0,0.0,-2.46,3.49,127.2,0.8,35.1,65.882,35.0,1555.0
1779273898244597968,2026-05-20 16:14:58.243,0X0000,1,1,1,1,0.8,0.8,0.8,0.8,-439.2,-58.2,382.1,-40.4,0.0,0.0,0.0,0.0,0.0,0.0,0.0,0.0,0.0,0.0,0.0,0.0,0.0,0.0,0.0,0.0,0.0,0.0,0.0,0.0,0.0,0.0,0.0,0.0,-1.87,3.29,127.0,0.8,35.2,65.882,35.0,1555.0
1779273898608528486,)2026-05-20 16:14:58.607,0X0000,1,1,1,1,0.8,0.8,0.8,0.8,-419.5,85.7,248.7,267.9,0.0,0.0,0.0,0.0,0.0,0.0,0.0,0.0,-0.8917999999999999,-0.2432,0.0493,0.001,726.1,-564.0,107.4,1.0,0.0,0.0,0.0,0.0,0.0,0.0,0.0,0.0,-1.97,3.21,127.0,0.8,35.1,65.882,35.0,1555.0
1779273898972709912,82026-05-20 16:14:58.972,0X0000,1,1,1,1,0.8,0.8,0.8,0.8,-462.6,-47.2,315.8,-36.6,0.0,0.0,0.0,0.0,0.0,0.0,0.0,0.0,-1.0389000000000002,-0.0141,-0.062200000000000005,0.001,644.3,-817.4,-9.8,1.0,0.0,0.0,0.0,0.0,0.0,0.0,0.0,0.0,-2.27,2.86,127.4,0.8,35.1,65.882,35.0,1555.0
1779273899336367523,2026-05-20 16:14:59.335,0X0000,1,1,1,1,0.8,0.8,0.8,0.8,-454.1,-38.5,368.5,-60.0,0.0,0.0,0.0,0.0,0.0,0.0,0.0,0.0,-1.0979,0.0287,-0.0497,0.001,639.0,-894.6,13.7,1.0,0.0,0.0,0.0,0.0,0.0,0.0,0.0,0.0,-2.32,3.37,127.0,0.8,35.1,65.882,35.0,1555.0
1779273899698209226,62026-05-20 16:14:59.697,0X0000,1,1,1,1,0.8,0.8,0.8,0.8,-445.7,-43.8,332.7,-46.3,0.0,0.0,0.0,0.0,0.0,0.0,0.0,0.0,-1.0389000000000002,0.0033,-0.054799999999999995,0.001,625.7,-831.2,0.7,1.0,0.0,0.0,0.0,0.0,0.0,0.0,0.0,0.0,-2.09,3.07,127.1,0.8,35.1,65.882,35.0,1555.0
1779273900062435393,*2026-05-20 16:15:00.061,0X0000,1,1,1,1,0.8,0.8,0.8,0.8,-445.5,-65.9,315.1,-67.2,0.0,0.0,0.0,0.0,0.0,0.0,0.0,0.0,-1.0151000000000001,0.0017,-0.0711,0.001,616.5,-809.3,-20.3,1.0,0.0,0.0,0.0,0.0,0.0,0.0,0.0,0.0,-2.21,2.87,127.3,0.8,35.1,65.882,35.0,1555.0
1779273900426886448,*2026-05-20 16:15:00.425,0X0000,1,1,1,1,0.8,0.8,0.8,0.8,-448.7,-72.1,285.7,-81.7,0.0,0.0,0.0,0.0,0.0,0.0,0.0,0.0,-0.9802000000000001,0.0128,-0.0854,0.001,584.7,-790.6,-34.9,1.0,0.0,0.0,0.0,0.0,0.0,0.0,0.0,0.0,-2.23,2.98,127.1,0.8,35.1,65.882,35.0,1555.0
1779273900792653615,2026-05-20 16:15:00.791,0X0000,1,1,1,1,0.8,0.9,0.8,0.8,-428.6,-116.8,312.0,-77.6,0.0,0.0,0.0,0.0,0.0,0.0,0.0,0.0,-0.9884,-0.0523,-0.0839,0.001,649.0,-750.0,-54.5,1.0,0.0,0.0,0.0,0.0,0.0,0.0,0.0,0.0,-2.18,1.59,127.7,0.8,35.1,65.882,35.0,1555.0
1779273901155415170,)2026-05-20 16:15:01.154,0X0000,1,1,1,1,0.8,0.8,0.8,0.8,-321.6,-11.8,319.2,-49.3,0.0,0.0,0.0,0.0,0.0,0.0,0.0,0.0,-0.8552000000000001,0.05,-0.0171,0.001,493.7,-699.4,-37.5,1.0,0.0,0.0,0.0,0.0,0.0,0.0,0.0,0.0,-2.25,-1.24,128.5,0.8,35.1,65.882,35.0,1555.0
1779273901492403336,2026-05-20 16:15:01.490,0X0000,1,1,1,1,0.8,0.9,0.8,0.8,-244.0,-0.5,190.1,-35.8,0.0,0.0,0.0,0.0,0.0,0.0,0.0,0.0,0.0,0.0,0.0,0.0,0.0,0.0,0.0,0.0,0.0,0.0,0.0,0.0,0.0,0.0,0.0,0.0,-2.2,-2.38,128.9,0.8,35.1,65.882,35.0,1555.0
1779273901852785836,*2026-05-20 16:15:01.852,0X0000,1,1,1,1,0.8,0.9,0.8,0.8,-198.6,11.9,236.6,50.7,0.0,0.0,0.0,0.0,0.0,0.0,0.0,0.0,-0.5808,-0.0518,0.027100000000000003,0.001,413.1,-412.2,-12.8,1.0,0.0,0.0,0.0,0.0,0.0,0.0,0.0,0.0,-2.2,-4.13,130.0,0.8,35.1,65.882,35.0,1555.0
1779273902186690391,2026-05-20 16:15:02.186,0X0000,1,1,1,1,0.8,0.9,0.8,0.8,-176.1,23.2,78.9,-4.4,0.0,0.0,0.0,0.0,0.0,0.0,0.0,0.0,0.0,0.0,0.0,0.0,0.0,0.0,0.0,0.0,0.0,0.0,0.0,0.0,0.0,0.0,0.0,0.0,-1.55,-1.03,128.9,0.8,35.1,65.882,35.0,1555.0
1779273902544087854,2026-05-20 16:15:02.543,0X0000,1,1,1,1,0.9,0.8,0.8,0.8,-83.8,-8.3,71.2,-6.2,0.0,0.0,0.0,0.0,0.0,0.0,0.0,0.0,-0.2069,-0.0028,-0.0073,0.001,132.3,-159.2,-5.3,1.0,0.0,0.0,0.0,0.0,0.0,0.0,0.0,0.0,-2.03,0.53,128.9,0.8,35.1,65.882,35.0,1555.0
1779273902900880150,2026-05-20 16:15:02.900,0X0000,1,1,1,1,0.8,0.9,0.8,0.8,-76.0,24.1,78.4,16.3,0.0,0.0,0.0,0.0,0.0,0.0,0.0,0.0,-0.2061,0.0104,0.0115,0.001,117.7,-169.4,12.9,1.0,0.0,0.0,0.0,0.0,0.0,0.0,0.0,0.0,-1.94,0.49,127.8,0.8,35.1,65.882,35.0,1555.0
1779273903258216761,2026-05-20 16:15:03.257,0X0000,1,1,1,1,0.8,0.9,0.8,0.8,-61.2,-17.8,71.3,4.2,0.0,0.0,0.0,0.0,0.0,0.0,0.0,0.0,-0.1768,-0.0294,-0.001,0.001,132.6,-120.5,2.5,1.0,0.0,0.0,0.0,0.0,0.0,0.0,0.0,0.0,-2.28,0.76,128.3,0.8,35.1,65.882,35.0,1555.0
1779273903613750020,2026-05-20 16:15:03.613,0X0000,1,1,1,1,0.9,0.9,0.8,0.8,-47.8,-8.7,36.0,-3.9,0.0,0.0,0.0,0.0,0.0,0.0,0.0,0.0,-0.1118,-0.0064,-0.0066,0.001,74.2,-84.0,-4.0,1.0,0.0,0.0,0.0,0.0,0.0,0.0,0.0,0.0,-2.19,1.19,128.1,0.8,35.1,65.882,35.0,1555.0
1779273903968984668,#2026-05-20 16:15:03.968,0X0000,1,1,1,1,0.9,0.9,0.8,0.8,-51.1,-9.1,41.8,-3.9,0.0,0.0,0.0,0.0,0.0,0.0,0.0,0.0,-0.124,-0.006900000000000001,-0.006,0.001,82.0,-93.4,-3.1,1.0,0.0,0.0,0.0,0.0,0.0,0.0,0.0,0.0,-2.26,1.2,128.0,0.8,35.1,65.882,35.0,1555.0
1779273904323224168,2026-05-20 16:15:04.322,0X0000,1,1,1,1,0.9,0.9,0.8,0.8,-40.1,-4.4,25.7,-4.8,0.0,0.0,0.0,0.0,0.0,0.0,0.0,0.0,-0.0878,0.0005,-0.0064,0.001,53.9,-69.5,-4.0,1.0,0.0,0.0,0.0,0.0,0.0,0.0,0.0,0.0,-2.09,1.56,128.0,0.8,35.1,65.882,35.0,1555.0
1779273904674495334,2026-05-20 16:15:04.673,0X0000,1,1,1,1,0.9,0.9,0.8,0.8,-31.7,-1.7,28.5,-2.5,0.0,0.0,0.0,0.0,0.0,0.0,0.0,0.0,-0.0803,0.0011,-0.002,0.001,48.6,-64.0,0.0,1.0,0.0,0.0,0.0,0.0,0.0,0.0,0.0,0.0,-2.21,1.43,128.0,0.8,35.1,65.882,35.0,1555.0
1779273905027878649,#2026-05-20 16:15:05.027,0X0000,1,1,1,1,0.9,0.9,0.8,0.8,-28.7,-2.7,29.1,0.6,0.0,0.0,0.0,0.0,0.0,0.0,0.0,0.0,-0.07709999999999999,-0.0044,-0.0005,0.001,50.8,-58.1,1.4,1.0,0.0,0.0,0.0,0.0,0.0,0.0,0.0,0.0,-2.21,1.29,127.9,0.8,35.1,65.882,35.0,1555.0
1779273905383450538,%2026-05-20 16:15:05.382,0X0000,1,1,1,1,0.9,0.9,0.8,0.8,-45.1,-5.5,27.3,-3.6,0.0,0.0,0.0,0.0,0.0,0.0,0.0,0.0,-0.09659999999999999,-0.0025,-0.0073,0.001,61.5,-74.8,-4.6,1.0,0.0,0.0,0.0,0.0,0.0,0.0,0.0,0.0,-2.22,1.55,127.8,0.8,35.1,65.882,35.0,1555.0
1779273905736843686,2026-05-20 16:15:05.736,0X0000,1,1,1,1,0.9,0.9,0.8,0.8,-26.8,-0.6,26.6,1.3,0.0,0.0,0.0,0.0,0.0,0.0,0.0,0.0,-0.0713,-0.0025,0.0001,0.001,45.5,-55.0,2.0,1.0,0.0,0.0,0.0,0.0,0.0,0.0,0.0,0.0,-2.21,1.48,127.6,0.8,35.1,65.882,35.0,1555.0
1779273906092520000,32026-05-20 16:15:06.091,0X0000,1,1,1,1,0.9,0.9,0.8,0.8,-33.9,-2.9,25.4,-3.6,0.0,0.0,0.0,0.0,0.0,0.0,0.0,0.0,-0.07909999999999999,0.0009,-0.0040999999999999995,0.001,47.5,-63.4,-2.1,1.0,0.0,0.0,0.0,0.0,0.0,0.0,0.0,0.0,-2.13,1.45,127.4,0.8,35.1,65.882,35.0,1555.0
1779273906448056685,2026-05-20 16:15:06.447,0X0000,1,1,1,1,0.9,0.9,0.8,0.8,-31.9,-3.9,24.8,-2.7,0.0,0.0,0.0,0.0,0.0,0.0,0.0,0.0,-0.0757,-0.0016,-0.0037,0.001,47.3,-59.3,-1.6,1.0,0.0,0.0,0.0,0.0,0.0,0.0,0.0,0.0,-2.15,1.55,127.3,0.8,35.1,65.882,35.0,1555.0
1779273906801278574,2026-05-20 16:15:06.800,0X0000,1,1,1,1,0.9,0.9,0.8,0.8,-12.9,-2.8,26.3,-1.6,0.0,0.0,0.0,0.0,0.0,0.0,0.0,0.0,-0.0523,-0.0016,0.0024,0.001,32.7,-40.7,3.8,1.0,0.0,0.0,0.0,0.0,0.0,0.0,0.0,0.0,-2.17,1.5,127.1,0.8,35.1,65.882,35.0,1555.0
1779273907156512851,2026-05-20 16:15:07.155,0X0000,1,1,1,1,0.9,0.9,0.8,0.8,-30.8,-4.4,22.0,-1.4,0.0,0.0,0.0,0.0,0.0,0.0,0.0,0.0,-0.0705,-0.004,-0.0039,0.001,45.7,-54.0,-1.9,1.0,0.0,0.0,0.0,0.0,0.0,0.0,0.0,0.0,-2.15,1.52,126.9,0.8,35.1,65.882,35.0,1555.0
1779273907511800018,2026-05-20 16:15:07.511,0X0000,1,1,1,1,0.9,0.9,0.8,0.8,-28.7,-3.7,19.5,-0.3,0.0,0.0,0.0,0.0,0.0,0.0,0.0,0.0,-0.0643,-0.0045,-0.0036,0.001,42.3,-48.7,-1.8,1.0,0.0,0.0,0.0,0.0,0.0,0.0,0.0,0.0,-2.21,1.45,126.9,0.8,35.1,65.882,35.0,1555.0
