Timestamp,Time,Roll,Pitch,Yaw,Velocity_Increment_X,Velocity_Increment_Y,Velocity_Increment_Z,Acc_X,Acc_Y,Acc_Z,Gyro_X,Gyro_Y,Gyro_Z,Mag_X,Mag_Y,Mag_Z,Pressure
1764073539980629837,2025-11-25 17:55:39.973,0.297439,0.837958,282.784637,0.016866,0.011913,0.978000,0.152323,0.142032,9.767041,0.005399,0.009810,0.005428,0.338824,-0.631215,-1.203332,100339.0000
1764073540075649244,2025-11-25 17:55:40.073,0.285068,0.771287,282.779419,0.014518,0.011386,0.977163,0.095486,0.191031,9.757016,-0.004495,0.014866,0.002585,0.338813,-0.630300,-1.205272,100336.0000
1764073540176626041,2025-11-25 17:55:40.173,0.270537,0.714083,282.770142,0.010531,0.008521,0.977282,0.075750,0.033204,9.775462,-0.000808,0.011277,0.001218,0.340262,-0.629806,-1.204819,100344.0000
1764073540275866726,2025-11-25 17:55:40.273,0.263907,0.686465,282.763329,0.008062,0.006871,0.978089,0.083782,-0.008621,9.793232,-0.001307,0.002239,0.002857,0.339750,-0.632247,-1.207183,100337.0000
1764073540376264189,2025-11-25 17:55:40.373,0.282029,0.705337,282.754654,0.006961,0.007552,0.978817,0.075913,0.121174,9.787072,0.010194,-0.007515,0.008863,0.337850,-0.631249,-1.204762,100339.0000
1764073540477167392,2025-11-25 17:55:40.474,0.311520,0.765471,282.744232,0.008789,0.009097,0.979544,0.088744,0.183289,9.786253,0.000763,-0.013520,-0.000235,0.338357,-0.629763,-1.202384,100343.0000
1764073540577034763,2025-11-25 17:55:40.573,0.334936,0.838213,282.734711,0.012268,0.010603,0.979260,0.178987,0.049589,9.814380,0.003262,-0.010315,0.001995,0.338325,-0.633147,-1.204258,100339.0000
1764073540675663318,2025-11-25 17:55:40.673,0.337602,0.890234,282.725998,0.016142,0.012294,0.979142,0.215869,0.065581,9.790315,-0.002440,-0.005257,0.002660,0.338825,-0.629324,-1.204324,100341.0000
1764073540776863726,2025-11-25 17:55:40.773,0.318036,0.900290,282.717247,0.017486,0.012997,0.978603,0.144136,0.218712,9.748478,-0.000742,0.002746,0.001417,0.336407,-0.632668,-1.203756,100341.0000
1764073540876473448,2025-11-25 17:55:40.873,0.279687,0.868707,282.712082,0.016629,0.011070,0.978457,0.114419,0.128727,9.790507,-0.007235,0.007454,-0.002666,0.338318,-0.630810,-1.206702,100341.0000
1764073540976254874,2025-11-25 17:55:40.973,0.239309,0.816213,282.707169,0.014274,0.008490,0.978340,0.127978,-0.017536,9.803496,-0.001756,0.009017,0.003570,0.336891,-0.628886,-1.205747,100340.0000
1764073541075317725,2025-11-25 17:55:41.072,0.217378,0.760796,282.700897,0.011422,0.006706,0.978513,0.111817,0.054776,9.782422,-0.000545,0.006713,0.004181,0.338818,-0.629344,-1.205287,100339.0000
1764073541177237855,2025-11-25 17:55:41.173,0.218441,0.733012,282.696259,0.008958,0.006427,0.978493,0.058004,0.156209,9.757321,0.005731,-0.001673,0.003108,0.339274,-0.632706,-1.206205,100349.0000
1764073541275990855,2025-11-25 17:55:41.273,0.247213,0.743052,282.687958,0.008556,0.006641,0.978730,0.100134,0.069989,9.818303,0.012870,-0.005679,-0.000195,0.338794,-0.631763,-1.206695,100341.0000
1764073541375908281,2025-11-25 17:55:41.373,0.287791,0.783330,282.675552,0.009200,0.008832,0.978885,0.137051,0.015363,9.809417,0.001318,-0.008800,0.002731,0.337369,-0.632664,-1.203770,100339.0000
1764073541476538207,2025-11-25 17:55:41.473,0.316704,0.839957,282.666016,0.011796,0.012243,0.978961,0.124990,0.167438,9.782930,0.006703,-0.010351,0.006274,0.335918,-0.632691,-1.204712,100341.0000
1764073541576103744,2025-11-25 17:55:41.573,0.317483,0.886379,282.659012,0.014385,0.013941,0.979033,0.115698,0.222170,9.788673,-0.004330,-0.005597,0.000248,0.336888,-0.632666,-1.203763,100341.0000
1764073541676122484,2025-11-25 17:55:41.673,0.289965,0.905861,282.650719,0.016450,0.011951,0.978720,0.187013,0.037271,9.811071,-0.001547,-0.001787,0.002887,0.334958,-0.629860,-1.206185,100339.0000
1764073541775618595,2025-11-25 17:55:41.772,0.252388,0.888542,282.645424,0.016802,0.009037,0.978007,0.183259,0.039054,9.775695,-0.005188,0.004205,0.007093,0.335927,-0.630780,-1.204741,100345.0000
1764073541876053169,2025-11-25 17:55:41.873,0.234919,0.840984,282.643150,0.015869,0.005607,0.977295,0.130596,0.133641,9.751014,-0.000476,0.009146,0.000614,0.336398,-0.631276,-1.205703,100341.0000
1764073541976631595,2025-11-25 17:55:41.973,0.257797,0.779180,282.645287,0.013012,0.004665,0.977802,0.090743,0.068177,9.800245,0.012041,0.011118,-0.001087,0.338795,-0.630818,-1.207190,100335.0000
1764073542075354928,2025-11-25 17:55:42.072,0.304358,0.734683,282.641693,0.009389,0.007908,0.978749,0.099592,0.031897,9.804858,0.008091,0.004532,0.001214,0.336400,-0.631744,-1.205215,100339.0000
1764073542176167095,2025-11-25 17:55:42.173,0.340727,0.741510,282.638962,0.006641,0.013115,0.980047,0.043301,0.203686,9.789631,0.004222,-0.001159,0.006319,0.335911,-0.634124,-1.204690,100341.0000
1764073542275812576,2025-11-25 17:55:42.273,0.329246,0.801060,282.634216,0.006997,0.016139,0.980457,0.094871,0.221822,9.781961,-0.006827,-0.011041,0.000202,0.337357,-0.631282,-1.206199,100341.0000
1764073542375886965,2025-11-25 17:55:42.373,0.270420,0.888782,282.618958,0.011120,0.013931,0.978944,0.158031,0.038558,9.789021,-0.006240,-0.014938,0.003492,0.335409,-0.631352,-1.209059,100342.0000
1764073542475632558,2025-11-25 17:55:42.473,0.203783,0.949866,282.603592,0.016664,0.007982,0.976735,0.218723,0.008879,9.767734,-0.006899,-0.006991,0.003119,0.335406,-0.634188,-1.207571,100339.0000
1764073542575678724,2025-11-25 17:55:42.573,0.176110,0.954922,282.600426,0.019310,0.004323,0.975637,0.187495,0.125088,9.735859,0.004113,0.005789,0.004383,0.335907,-0.630364,-1.207637,100349.0000
1764073542675679484,2025-11-25 17:55:42.673,0.193470,0.896359,282.603119,0.017965,0.004551,0.977410,0.133171,0.088679,9.796591,0.001966,0.013016,-0.000428,0.336859,-0.632270,-1.207622,100342.0000
1764073542776071872,2025-11-25 17:55:42.773,0.235754,0.820057,282.606911,0.013032,0.008885,0.980267,0.147904,0.028195,9.836948,0.009998,0.011754,0.000797,0.336878,-0.630806,-1.206199,100339.0000
1764073542875634002,2025-11-25 17:55:42.873,0.264654,0.773121,282.602814,0.008755,0.011675,0.981784,0.080357,0.121832,9.797779,0.002663,0.005290,0.005523,0.337856,-0.633119,-1.202807,100337.0000
1764073542975885613,2025-11-25 17:55:42.973,0.274582,0.772269,282.593315,0.007913,0.010564,0.980485,0.057186,0.182143,9.770827,0.000928,-0.005047,0.002361,0.337828,-0.631778,-1.207162,100336.0000
1764073543075575520,2025-11-25 17:55:43.073,0.285754,0.809242,282.583435,0.009278,0.008855,0.978166,0.100769,0.093511,9.766451,0.003363,-0.009376,0.003290,0.334463,-0.632728,-1.206134,100337.0000
1764073543178168520,2025-11-25 17:55:43.173,0.298252,0.858711,282.580833,0.011239,0.009871,0.976947,0.153577,0.036797,9.793903,0.001485,-0.004086,-0.000594,0.336888,-0.632666,-1.203763,100341.0000
1764073543275985206,2025-11-25 17:55:43.273,0.300291,0.903141,282.571243,0.013335,0.011805,0.976740,0.145026,0.139056,9.762842,0.003092,-0.007184,0.006512,0.334483,-0.631732,-1.204224,100339.0000
1764073543376567668,2025-11-25 17:55:43.373,0.285444,0.930373,282.564590,0.014886,0.011990,0.977846,0.126502,0.212319,9.761626,-0.005672,-0.002318,-0.001369,0.335446,-0.633140,-1.203253,100341.0000
1764073543476409650,2025-11-25 17:55:43.473,0.250786,0.931258,282.564308,0.014963,0.010957,0.979156,0.133453,0.092148,9.794325,-0.009933,0.000776,-0.004444,0.332560,-0.632208,-1.203707,100341.0000
1764073543576326835,2025-11-25 17:55:43.573,0.217857,0.915098,282.566658,0.014670,0.008662,0.979827,0.155927,-0.015388,9.802596,-0.003648,0.002042,0.000206,0.335416,-0.632277,-1.207600,100337.0000
1764073543676354816,2025-11-25 17:55:43.673,0.198940,0.892713,282.563385,0.013585,0.006524,0.979819,0.119943,0.068499,9.788779,0.004062,0.003147,0.004677,0.333509,-0.631767,-1.205654,100337.0000
1764073543775941798,2025-11-25 17:55:43.773,0.216759,0.863319,282.556152,0.012954,0.006027,0.979117,0.103246,0.156222,9.761090,0.002513,0.007968,0.000131,0.335441,-0.632683,-1.204223,100340.0000
1764073543875869057,2025-11-25 17:55:43.873,0.248210,0.836021,282.551147,0.012244,0.008357,0.978396,0.125145,0.096449,9.793220,0.010085,0.003319,-0.001267,0.336387,-0.632719,-1.206163,100339.0000
1764073543975578798,2025-11-25 17:55:43.972,0.271420,0.817805,282.546814,0.011013,0.011382,0.977881,0.125020,0.022270,9.818129,0.005539,-0.001560,0.001469,0.333035,-0.632694,-1.204188,100331.0000
1764073544075691075,2025-11-25 17:55:44.073,0.271760,0.820671,282.543594,0.009592,0.013086,0.977787,0.090664,0.137661,9.769120,-0.004114,-0.003996,0.003821,0.333505,-0.631777,-1.206135,100341.0000
1764073544176111557,2025-11-25 17:55:44.173,0.251780,0.851344,282.539894,0.009316,0.011872,0.978294,0.074614,0.193556,9.758978,-0.000887,-0.011391,0.000230,0.334973,-0.628407,-1.205245,100342.0000
1764073544277319427,2025-11-25 17:55:44.274,0.230576,0.902577,282.536034,0.010401,0.008441,0.978557,0.118316,0.061157,9.795201,-0.004475,-0.009184,-0.003285,0.334953,-0.631760,-1.205675,100341.0000
1764073544383205668,2025-11-25 17:55:44.373,0.223446,0.955894,282.528732,0.012860,0.006455,0.978965,0.181265,-0.043375,9.799470,0.004095,-0.011915,0.004422,0.333024,-0.631779,-1.206128,100339.0000
1764073544481937168,2025-11-25 17:55:44.473,0.231942,0.989635,282.522926,0.015843,0.006961,0.978973,0.178474,0.069400,9.775414,0.003282,-0.001914,0.006795,0.333494,-0.631808,-1.207579,100338.0000
1764073544583622464,2025-11-25 17:55:44.573,0.259855,0.989253,282.520210,0.017398,0.008875,0.978615,0.148553,0.181536,9.773330,0.005085,0.007145,0.003025,0.333995,-0.633167,-1.204195,100339.0000
1764073544682759890,2025-11-25 17:55:44.673,0.278586,0.951334,282.517700,0.016323,0.010782,0.979048,0.136379,0.166687,9.796132,0.009063,0.007599,-0.002644,0.335438,-0.633160,-1.204216,100342.0000
1764073544784581612,2025-11-25 17:55:44.773,0.282242,0.891839,282.515823,0.013929,0.011978,0.978986,0.129910,0.042021,9.800978,0.001945,0.011240,-0.001211,0.336384,-0.632730,-1.206644,100337.0000
1764073544895832186,2025-11-25 17:55:44.883,0.272690,0.841652,282.514992,0.011007,0.011654,0.978189,0.111087,0.052837,9.784305,-0.001776,0.008046,0.004259,0.333979,-0.633208,-1.206120,100339.0000
1764073545016918149,2025-11-25 17:55:44.977,0.250064,0.823001,282.514046,0.008482,0.010007,0.977775,0.077255,0.152128,9.766329,-0.006557,0.000603,0.001617,0.334479,-0.634100,-1.203224,100341.0000
1764073545077095186,2025-11-25 17:55:45.069,0.229875,0.840612,282.512566,0.007963,0.008918,0.977824,0.053428,0.163041,9.759994,0.002395,-0.005045,0.000729,0.336876,-0.631284,-1.206192,100344.0000
1764073545179374538,2025-11-25 17:55:45.173,0.219412,0.893503,282.511185,0.009479,0.007770,0.978605,0.102384,0.074651,9.799627,-0.003422,-0.012414,-0.003080,0.334475,-0.631752,-1.205187,100341.0000
1764073545279813815,2025-11-25 17:55:45.273,0.224107,0.957719,282.510994,0.012322,0.008045,0.979541,0.180200,-0.008831,9.828761,0.002435,-0.012028,-0.001242,0.333473,-0.632804,-1.209490,100337.0000
1764073545378656297,2025-11-25 17:55:45.373,0.235446,1.003591,282.510689,0.014597,0.008419,0.979392,0.182216,0.014433,9.812947,0.004666,-0.003758,0.002061,0.333023,-0.631312,-1.206617,100339.0000
1764073545480516223,2025-11-25 17:55:45.473,0.257123,1.025135,282.504890,0.015993,0.008903,0.978788,0.140844,0.151911,9.780971,0.006795,0.005540,0.005326,0.330617,-0.631322,-1.206581,100335.0000
1764073545582082463,2025-11-25 17:55:45.573,0.276699,1.007059,282.496529,0.016618,0.009712,0.978165,0.149418,0.197513,9.750320,0.004353,0.009798,0.001711,0.332552,-0.630816,-1.205654,100339.0000
1764073545677025537,2025-11-25 17:55:45.673,0.290807,0.961086,282.488693,0.015350,0.010232,0.977688,0.141111,0.114286,9.775651,0.003741,0.012701,-0.003915,0.333507,-0.632245,-1.205646,100339.0000
1764073545777193797,2025-11-25 17:55:45.773,0.300253,0.899623,282.485527,0.013409,0.010826,0.978118,0.132795,0.010769,9.798095,-0.007150,0.006727,-0.002725,0.334468,-0.633185,-1.205164,100336.0000
1764073545876878519,2025-11-25 17:55:45.873,0.290490,0.851754,282.491165,0.009941,0.011430,0.978972,0.092971,0.056790,9.797863,-0.000534,0.006130,0.001948,0.333982,-0.632730,-1.206127,100332.0000
1764073545979720834,2025-11-25 17:55:45.975,0.266267,0.843320,282.498924,0.007795,0.011317,0.979780,0.051234,0.190372,9.772151,-0.006280,-0.000679,0.002711,0.333513,-0.631757,-1.205172,100339.0000
1764073546082026093,2025-11-25 17:55:46.078,0.238065,0.884099,282.500175,0.007757,0.009752,0.980285,0.051607,0.169829,9.785978,-0.000422,-0.012854,0.000668,0.332083,-0.633613,-1.202233,100342.0000
1764073546176604185,2025-11-25 17:55:46.173,0.220685,0.950753,282.491631,0.011148,0.007762,0.979161,0.140424,0.017962,9.788704,-0.001715,-0.010532,-0.001509,0.332533,-0.632279,-1.207076,100337.0000
1764073546280855870,2025-11-25 17:55:46.273,0.224293,1.004788,282.479828,0.014689,0.006489,0.977391,0.193678,-0.029236,9.797631,0.007829,-0.003510,0.003514,0.334948,-0.632716,-1.205660,100343.0000
1764073546375692352,2025-11-25 17:55:46.373,0.246535,1.023534,282.475517,0.017137,0.007202,0.976544,0.160523,0.116117,9.753955,0.002717,-0.000228,0.003859,0.332053,-0.631337,-1.207565,100339.0000
1764073546476101259,2025-11-25 17:55:46.473,0.279400,0.996845,282.475655,0.016316,0.009313,0.977149,0.121782,0.203625,9.764362,0.008555,0.007126,0.000787,0.333980,-0.629905,-1.208097,100336.0000
1764073546575662204,2025-11-25 17:55:46.573,0.301251,0.950940,282.483070,0.013544,0.012094,0.978907,0.121008,0.153134,9.799286,0.001623,0.007889,-0.002782,0.331577,-0.631796,-1.206588,100341.0000
1764073546675758759,2025-11-25 17:55:46.673,0.293215,0.914050,282.488564,0.011190,0.012771,0.980371,0.119407,0.022749,9.825588,-0.001163,0.008578,-0.003119,0.333021,-0.634615,-1.204640,100343.0000
1764073546775796092,2025-11-25 17:55:46.773,0.268391,0.905422,282.487625,0.009811,0.010983,0.980256,0.117485,0.058494,9.809269,-0.001018,-0.001339,0.005666,0.331114,-0.632692,-1.203678,100340.0000
1764073546876401518,2025-11-25 17:55:46.873,0.247474,0.923885,282.484543,0.010476,0.008436,0.979278,0.088888,0.132879,9.761295,0.000585,-0.004460,0.007148,0.332541,-0.632259,-1.206113,100347.0000
1764073546975791074,2025-11-25 17:55:46.973,0.243030,0.951885,282.478783,0.011566,0.007327,0.978303,0.101777,0.101505,9.782878,0.005093,-0.005930,-0.000255,0.332058,-0.633206,-1.205610,100339.0000
1764073547076212111,2025-11-25 17:55:47.073,0.252394,0.972033,282.475624,0.013196,0.008435,0.977567,0.160442,0.011440,9.788270,0.005153,-0.006203,-0.002324,0.333015,-0.631332,-1.207579,100345.0000
1764073547175893888,2025-11-25 17:55:47.173,0.264636,0.985915,282.475967,0.013272,0.010086,0.977732,0.159861,0.049772,9.792665,0.003815,-0.003470,0.000028,0.332554,-0.630338,-1.205661,100339.0000
1764073547276360388,2025-11-25 17:55:47.273,0.262598,0.985343,282.478531,0.013251,0.011146,0.978315,0.124345,0.171298,9.764636,-0.002941,0.004601,-0.001111,0.333028,-0.633182,-1.204662,100340.0000
1764073547377002666,2025-11-25 17:55:47.374,0.251911,0.980207,282.487099,0.012736,0.010238,0.978413,0.104760,0.150411,9.779721,0.004059,-0.001795,-0.002075,0.333995,-0.630809,-1.205675,100343.0000
1764073547475794092,2025-11-25 17:55:47.473,0.247972,0.977122,282.491394,0.012301,0.008586,0.978827,0.124747,0.006370,9.814021,0.002254,-0.000599,-0.000883,0.332081,-0.629375,-1.205188,100340.0000
1764073547576969796,2025-11-25 17:55:47.573,0.250845,0.976523,282.490318,0.012288,0.008888,0.979347,0.164124,0.034599,9.786960,0.005710,0.001338,0.005393,0.331577,-0.631796,-1.206588,100345.0000
1764073547676163925,2025-11-25 17:55:47.673,0.255845,0.983717,282.485123,0.012645,0.009559,0.979357,0.110622,0.183691,9.790967,0.000749,-0.001062,0.002886,0.333484,-0.633718,-1.207550,100341.0000
1764073547777588295,2025-11-25 17:55:47.774,0.263379,0.984628,282.487000,0.013013,0.010038,0.979148,0.121584,0.150483,9.788524,0.002808,-0.001634,-0.005307,0.330593,-0.633741,-1.207988,100343.0000
1764073547875684629,2025-11-25 17:55:47.873,0.262067,0.982907,282.492592,0.013418,0.010041,0.978676,0.174238,0.011544,9.804764,0.001185,-0.003091,-0.002814,0.330135,-0.632270,-1.206078,100339.0000
1764073547976209980,2025-11-25 17:55:47.973,0.255028,0.968235,282.497665,0.013164,0.010381,0.978250,0.163065,0.094109,9.766922,0.002219,0.002381,0.004081,0.333036,-0.631749,-1.204684,100337.0000
1764073548075695517,2025-11-25 17:55:48.073,0.244392,0.954374,282.506699,0.012494,0.009778,0.977760,0.099065,0.178348,9.766860,0.000148,0.004609,-0.001793,0.333997,-0.630332,-1.205683,100339.0000
1764073548175525425,2025-11-25 17:55:48.173,0.238940,0.949269,282.508781,0.011335,0.008323,0.977573,0.097823,0.045728,9.790404,0.002462,-0.000216,-0.001811,0.332517,-0.632320,-1.209002,100339.0000
1764073548276321814,2025-11-25 17:55:48.273,0.244207,0.957080,282.512779,0.010863,0.007668,0.978381,0.144216,-0.006085,9.804972,0.000711,-0.003908,-0.000293,0.333501,-0.632732,-1.206120,100339.0000
1764073548375348184,2025-11-25 17:55:48.372,0.264045,0.982298,282.512527,0.011012,0.008542,0.978888,0.098582,0.150457,9.775645,0.004329,-0.003953,0.003848,0.331563,-0.633717,-1.207040,100339.0000
1764073548476296758,2025-11-25 17:55:48.473,0.280723,1.015283,282.514465,0.012440,0.009695,0.979626,0.098012,0.156871,9.795228,0.002559,-0.008539,0.001466,0.332527,-0.632767,-1.207550,100342.0000
1764073548576327980,2025-11-25 17:55:48.573,0.296969,1.036297,282.518250,0.014660,0.010347,0.979676,0.183244,0.038320,9.806026,0.003573,-0.003962,0.000236,0.329669,-0.632231,-1.204145,100344.0000
1764073548676221202,2025-11-25 17:55:48.673,0.300002,1.028681,282.523186,0.015353,0.011206,0.978786,0.168000,0.078055,9.777407,-0.001948,0.006888,0.001611,0.333999,-0.630799,-1.205194,100337.0000
1764073548775908110,2025-11-25 17:55:48.773,0.288994,1.000707,282.528946,0.014761,0.011620,0.978180,0.108740,0.204844,9.761310,-0.000934,0.005616,0.001308,0.329160,-0.633250,-1.207012,100342.0000
1764073548875940221,2025-11-25 17:55:48.873,0.263828,0.968704,282.531677,0.012491,0.010826,0.978083,0.099599,0.105065,9.781230,-0.005619,0.002402,-0.000078,0.333966,-0.635129,-1.206572,100337.0000
1764073548976056980,2025-11-25 17:55:48.973,0.241134,0.948499,282.532242,0.010349,0.008807,0.978731,0.120455,-0.002019,9.806394,-0.000313,0.000419,0.000632,0.333491,-0.632285,-1.207572,100341.0000
1764073549075714998,2025-11-25 17:55:49.072,0.222030,0.955357,282.535896,0.009494,0.008041,0.978845,0.082121,0.109364,9.766613,-0.004038,-0.000544,-0.001487,0.332036,-0.632322,-1.208995,100342.0000
1764073549176266850,2025-11-25 17:55:49.173,0.222649,0.981166,282.541168,0.010196,0.007627,0.978886,0.086314,0.140513,9.777982,0.004819,-0.000878,-0.001994,0.333015,-0.631332,-1.207579,100343.0000
1764073549279704183,2025-11-25 17:55:49.276,0.241451,1.011495,282.548553,0.012520,0.007214,0.978466,0.141140,0.025919,9.807684,0.002638,-0.006168,-0.005192,0.330151,-0.631284,-1.204648,100332.0000
1764073549377320998,2025-11-25 17:55:49.374,0.269668,1.031255,282.550652,0.014087,0.007916,0.977945,0.165463,0.043578,9.787313,0.011642,-0.000790,0.002804,0.333983,-0.633198,-1.205639,100341.0000
1764073549476810850,2025-11-25 17:55:49.473,0.300480,1.030296,282.552841,0.013934,0.010215,0.978311,0.109345,0.192881,9.772703,0.004325,0.004802,0.004344,0.332532,-0.633224,-1.206580,100345.0000
1764073549575770368,2025-11-25 17:55:49.573,0.322987,1.021087,282.557610,0.013246,0.011617,0.979362,0.114843,0.147061,9.810391,0.005120,0.003162,-0.002179,0.332558,-0.630328,-1.205180,100340.0000
1764073549676036220,2025-11-25 17:55:49.673,0.321577,1.013009,282.562080,0.012194,0.012697,0.979475,0.137567,0.026544,9.826521,-0.001935,0.000021,-0.002149,0.333021,-0.633202,-1.205624,100341.0000
1764073549775540813,2025-11-25 17:55:49.773,0.293051,1.008912,282.568893,0.011718,0.012516,0.979391,0.143716,0.126789,9.794821,-0.000975,0.001367,0.007690,0.333012,-0.632755,-1.207076,100339.0000
1764073549875993239,2025-11-25 17:55:49.873,0.261936,1.017410,282.573120,0.012217,0.010426,0.978950,0.096322,0.184151,9.760407,-0.002663,0.000606,-0.001720,0.333986,-0.630362,-1.207126,100339.0000
1764073549976158609,2025-11-25 17:55:49.973,0.233125,1.019920,282.575104,0.013077,0.007195,0.978411,0.136462,0.035025,9.806080,-0.006550,0.002009,-0.002423,0.333970,-0.631348,-1.208556,100340.0000
1764073550075253053,2025-11-25 17:55:50.072,0.232929,1.017846,282.575401,0.013344,0.005871,0.978124,0.158886,-0.027839,9.784204,0.009435,-0.003484,0.000540,0.332536,-0.633214,-1.206099,100345.0000
1764073550176205016,2025-11-25 17:55:50.173,0.260307,1.010476,282.579170,0.012634,0.007057,0.977962,0.096942,0.147667,9.760996,0.001934,0.000650,0.004647,0.332047,-0.633237,-1.207054,100340.0000
1764073550276163664,2025-11-25 17:55:50.273,0.287217,1.003637,282.588272,0.012030,0.009288,0.978271,0.093572,0.186946,9.780912,0.007549,0.002191,-0.002309,0.333494,-0.631808,-1.207579,100340.0000
1764073550376032275,2025-11-25 17:55:50.373,0.304630,1.000426,282.590889,0.011189,0.011106,0.978719,0.140002,0.062315,9.802113,-0.002231,0.004964,-0.004158,0.330610,-0.632755,-1.206559,100338.0000
1764073550475690998,2025-11-25 17:55:50.473,0.310840,1.014510,282.593475,0.011330,0.011082,0.978790,0.136679,0.065220,9.792205,0.004986,-0.001133,0.004569,0.333504,-0.631310,-1.206624,100337.0000
1764073550576438516,2025-11-25 17:55:50.573,0.308310,1.030477,282.595573,0.012081,0.010042,0.978819,0.097396,0.174656,9.775078,-0.001289,-0.001273,0.000510,0.332058,-0.634152,-1.205114,100336.0000
1764073550676615664,2025-11-25 17:55:50.673,0.307451,1.045573,282.603195,0.013064,0.009410,0.979142,0.120299,0.103330,9.807409,0.006618,-0.004084,-0.002382,0.332060,-0.632261,-1.206106,100340.0000
1764073550776248479,2025-11-25 17:55:50.773,0.308086,1.058959,282.610649,0.012983,0.009406,0.979463,0.164992,0.006900,9.828845,-0.000985,-0.001488,-0.000885,0.332044,-0.632302,-1.208032,100333.0000
1764073550877427997,2025-11-25 17:55:50.873,0.303951,1.055771,282.616524,0.013760,0.010016,0.978880,0.132366,0.129604,9.780262,-0.000667,0.002257,0.003567,0.332050,-0.634172,-1.206077,100335.0000
1764073550976453664,2025-11-25 17:55:50.973,0.292815,1.045601,282.623940,0.013254,0.010509,0.978633,0.092252,0.181238,9.773323,-0.005398,0.000631,-0.001227,0.331073,-0.634685,-1.207500,100340.0000
1764073551075584571,2025-11-25 17:55:51.073,0.277704,1.025489,282.632263,0.013163,0.009713,0.978268,0.131713,0.026985,9.805964,0.005092,0.000281,-0.003694,0.333514,-0.632224,-1.204684,100338.0000
1764073551175821756,2025-11-25 17:55:51.173,0.257846,1.008706,282.639053,0.011908,0.008790,0.978184,0.150439,0.028561,9.778742,-0.003673,0.003357,-0.000037,0.334454,-0.632281,-1.207586,100338.0000
1764073551276292979,2025-11-25 17:55:51.273,0.255286,1.004290,282.641434,0.010866,0.008206,0.978295,0.077901,0.160254,9.763170,-0.000637,-0.000975,0.003163,0.334931,-0.632289,-1.208075,100337.0000
1764073551376720923,2025-11-25 17:55:51.373,0.262500,1.013782,282.643784,0.010663,0.007686,0.978569,0.087100,0.091367,9.787213,-0.001457,-0.004949,-0.001473,0.333499,-0.629907,-1.208090,100341.0000
1764073551476812052,2025-11-25 17:55:51.473,0.276597,1.034781,282.651810,0.011744,0.008363,0.978671,0.151797,0.009613,9.800594,0.004453,-0.005254,-0.003155,0.332533,-0.633692,-1.206091,100332.0000
1764073551576159978,2025-11-25 17:55:51.573,0.298557,1.053652,282.664917,0.012857,0.009290,0.978148,0.138307,0.119763,9.770870,0.006448,-0.000673,-0.000839,0.333964,-0.633249,-1.208045,100341.0000
1764073551676196367,2025-11-25 17:55:51.673,0.315366,1.065729,282.676971,0.013660,0.009439,0.978472,0.087529,0.178996,9.777585,-0.000108,-0.000862,-0.005026,0.333491,-0.632285,-1.207572,100336.0000
1764073551775996182,2025-11-25 17:55:51.773,0.333439,1.068025,282.684250,0.013368,0.009156,0.978602,0.148546,0.041967,9.791709,0.009303,-0.002794,-0.002814,0.332527,-0.632767,-1.207550,100337.0000
1764073551875720108,2025-11-25 17:55:51.873,0.349112,1.060990,282.686195,0.013114,0.009791,0.978779,0.147000,0.081059,9.785950,0.005746,0.002681,0.004159,0.332035,-0.635625,-1.207017,100345.0000
1764073551976376626,2025-11-25 17:55:51.973,0.356084,1.053877,282.685379,0.012326,0.011090,0.978871,0.105441,0.215544,9.774429,0.007668,0.000435,0.004547,0.333026,-0.633659,-1.204654,100339.0000
1764073552075791126,2025-11-25 17:55:52.073,0.349351,1.053685,282.692856,0.012008,0.011665,0.979069,0.137298,0.089180,9.810417,-0.005486,0.003307,-0.003144,0.332529,-0.633702,-1.206573,100338.0000
1764073552178019848,2025-11-25 17:55:52.173,0.333483,1.053583,282.704689,0.012452,0.011822,0.979386,0.161299,0.021695,9.808092,-0.000659,-0.002849,0.001162,0.332531,-0.629454,-1.209046,100341.0000
1764073552276139959,2025-11-25 17:55:52.273,0.297952,1.058327,282.721260,0.012443,0.011204,0.979368,0.121700,0.168731,9.782028,-0.007869,0.000378,-0.001599,0.332531,-0.632757,-1.207069,100336.0000
1764073552376684607,2025-11-25 17:55:52.373,0.259816,1.060796,282.733719,0.012586,0.009457,0.979666,0.107536,0.109699,9.791248,-0.003025,0.000199,-0.005269,0.333497,-0.632743,-1.206602,100337.0000
1764073552476526552,2025-11-25 17:55:52.473,0.235132,1.057725,282.735390,0.012924,0.007447,0.979251,0.153008,-0.030409,9.807377,-0.004530,-0.000079,-0.001266,0.334923,-0.632309,-1.209037,100334.0000
1764073552576256793,2025-11-25 17:55:52.573,0.229047,1.052009,282.736168,0.012697,0.006880,0.978376,0.123748,0.080492,9.767523,0.000542,0.003377,0.004665,0.334451,-0.631346,-1.208563,100345.0000
1764073552676279996,2025-11-25 17:55:52.673,0.241647,1.043278,282.740639,0.011806,0.006969,0.977374,0.088617,0.153632,9.750854,0.008529,-0.000928,-0.003551,0.332530,-0.631345,-1.208053,100342.0000
1764073552776414774,2025-11-25 17:55:52.773,0.274668,1.042046,282.748528,0.011216,0.006987,0.976881,0.128029,0.030179,9.797216,0.008228,0.001897,-0.000155,0.333500,-0.631320,-1.207105,100341.0000
1764073552876363570,2025-11-25 17:55:52.873,0.318385,1.049209,282.757812,0.011005,0.008409,0.976948,0.123504,0.053139,9.769098,0.006736,0.002382,0.000926,0.335895,-0.631807,-1.208096,100336.0000
1764073552975924681,2025-11-25 17:55:52.973,0.363363,1.064608,282.769875,0.011226,0.010281,0.978048,0.092361,0.206683,9.759636,0.005728,-0.000045,0.001595,0.334472,-0.633175,-1.204683,100338.0000
1764073553075917440,2025-11-25 17:55:53.073,0.393067,1.088902,282.779114,0.012184,0.012145,0.979662,0.108624,0.146760,9.825520,0.001523,-0.004822,-0.005827,0.334949,-0.631770,-1.206156,100339.0000
1764073553176608459,2025-11-25 17:55:53.173,0.395999,1.114789,282.787323,0.013704,0.012718,0.980504,0.176076,0.051856,9.814722,0.000027,-0.002506,0.001528,0.334949,-0.633183,-1.205172,100340.0000
1764073553276364885,2025-11-25 17:55:53.273,0.372129,1.130730,282.792908,0.014927,0.012599,0.980167,0.147809,0.138261,9.785580,-0.004166,0.005741,0.002817,0.333971,-0.631816,-1.208068,100335.0000
1764073553377889922,2025-11-25 17:55:53.374,0.333416,1.129180,282.798935,0.015134,0.010713,0.979767,0.118690,0.162999,9.774866,-0.009630,0.001487,-0.003109,0.333484,-0.633718,-1.207550,100339.0000
1764073553476734440,2025-11-25 17:55:53.473,0.298214,1.102812,282.809273,0.014831,0.008103,0.978396,0.146937,-0.007667,9.800827,-0.003186,0.007243,-0.005657,0.335893,-0.634642,-1.206608,100341.0000
1764073553576306551,2025-11-25 17:55:53.573,0.282814,1.060881,282.821236,0.013385,0.006756,0.977204,0.143744,0.022211,9.764839,0.001655,0.008859,-0.000476,0.335403,-0.633252,-1.208548,100338.0000
1764073553676664792,2025-11-25 17:55:53.673,0.291864,1.019221,282.833214,0.011667,0.006934,0.977136,0.064695,0.177300,9.758670,0.005672,0.002385,0.000529,0.333495,-0.630863,-1.208075,100339.0000
1764073553776123310,2025-11-25 17:55:53.773,0.314435,0.997642,282.841072,0.009745,0.008054,0.977718,0.091706,0.099375,9.807611,0.001599,0.001980,-0.004213,0.336855,-0.632280,-1.208103,100338.0000
1764073553876592607,2025-11-25 17:55:53.873,0.339659,1.006149,282.851135,0.009412,0.010256,0.978629,0.137707,0.022492,9.803972,0.008745,-0.003771,-0.001042,0.335899,-0.634155,-1.206134,100336.0000
1764073553976548514,2025-11-25 17:55:53.973,0.353450,1.044181,282.863541,0.009857,0.011810,0.978889,0.108758,0.170979,9.755959,0.001694,-0.006244,-0.001510,0.332540,-0.630846,-1.207098,100329.0000
1764073554075531162,2025-11-25 17:55:54.072,0.346287,1.095432,282.879791,0.011395,0.011554,0.979059,0.109430,0.194326,9.776334,0.000076,-0.009046,-0.003587,0.336860,-0.633683,-1.206637,100345.0000
1764073554176240088,2025-11-25 17:55:54.173,0.322621,1.140980,282.896927,0.013893,0.010367,0.979477,0.163983,0.027184,9.800279,-0.005203,-0.005344,-0.006269,0.334447,-0.631356,-1.209045,100335.0000
1764073554276412662,2025-11-25 17:55:54.273,0.306787,1.166587,282.912193,0.015444,0.008450,0.979323,0.160517,0.034518,9.782652,-0.002013,-0.002725,0.001360,0.334447,-0.631356,-1.209045,100339.0000
1764073554376695995,2025-11-25 17:55:54.373,0.304044,1.166869,282.925369,0.015860,0.007753,0.979312,0.130921,0.170599,9.771186,0.000711,0.003900,-0.003232,0.336364,-0.632781,-1.209051,100339.0000
1764073554476788680,2025-11-25 17:55:54.473,0.321839,1.142632,282.933167,0.014726,0.007347,0.979159,0.135824,0.068380,9.793032,0.004524,0.006386,-0.002140,0.335414,-0.632755,-1.207593,100345.0000
1764073554576101551,2025-11-25 17:55:54.573,0.351792,1.107179,282.940681,0.013410,0.008718,0.978762,0.146130,0.021083,9.793637,0.003772,0.006025,-0.001239,0.335888,-0.633240,-1.208074,100339.0000
1764073554676630088,2025-11-25 17:55:54.673,0.377492,1.070651,282.949921,0.012372,0.010562,0.978291,0.102200,0.164220,9.761313,0.003627,0.005898,0.002637,0.336405,-0.630788,-1.205229,100336.0000
1764073554775939865,2025-11-25 17:55:54.773,0.380237,1.044193,282.965355,0.011468,0.012129,0.977825,0.080017,0.156120,9.775731,-0.002289,0.003372,-0.005230,0.338307,-0.632253,-1.207161,100335.0000
1764073554876078143,2025-11-25 17:55:54.873,0.376552,1.050633,282.981400,0.010446,0.011040,0.977101,0.143067,0.024093,9.800988,0.002254,-0.003199,-0.001485,0.336863,-0.630847,-1.208125,100342.0000
1764073554976338180,2025-11-25 17:55:54.973,0.359325,1.068778,283.001389,0.012678,0.010839,0.977813,0.140536,0.114359,9.771537,0.000251,0.000706,-0.002761,0.340232,-0.633657,-1.206205,100337.0000
1764073555075542106,2025-11-25 17:55:55.072,0.338717,1.086286,283.018867,0.012238,0.009764,0.977979,0.107795,0.173305,9.782704,-0.000061,-0.003463,-0.004429,0.338309,-0.629418,-1.208650,100342.0000
1764073555177657680,2025-11-25 17:55:55.173,0.320650,1.097613,283.032524,0.012522,0.008157,0.979018,0.132376,0.025365,9.793429,-0.008223,-0.000879,-0.004745,0.335408,-0.632297,-1.208563,100340.0000
1764073555276049995,2025-11-25 17:55:55.273,0.321969,1.113648,283.049545,0.012391,0.007847,0.979092,0.132855,0.055211,9.789702,0.002943,-0.002393,0.001749,0.337831,-0.630355,-1.207665,100341.0000
1764073555375998532,2025-11-25 17:55:55.373,0.332333,1.127940,283.067162,0.012369,0.008827,0.979826,0.106074,0.166485,9.785378,-0.000815,-0.000671,-0.001944,0.337343,-0.629432,-1.209117,100332.0000
1764073555476344828,2025-11-25 17:55:55.473,0.351000,1.140761,283.087395,0.013351,0.009074,0.979403,0.129139,0.091449,9.788869,-0.000742,-0.001507,-0.005383,0.335902,-0.631319,-1.207622,100344.0000
1764073555576314272,2025-11-25 17:55:55.573,0.365992,1.144520,283.106003,0.013983,0.009362,0.979103,0.160438,0.030315,9.797790,0.004534,0.000517,0.000920,0.338756,-0.631865,-1.211508,100331.0000
1764073555676533939,2025-11-25 17:55:55.673,0.384981,1.131045,283.122734,0.013815,0.009771,0.978347,0.151581,0.174100,9.787737,0.001073,0.003239,-0.001095,0.336855,-0.632280,-1.208103,100341.0000
1764073555776277161,2025-11-25 17:55:55.773,0.393724,1.107777,283.136223,0.013214,0.009893,0.977974,0.102338,0.147258,9.784803,-0.000455,0.004932,-0.003987,0.339747,-0.631312,-1.208160,100339.0000
1764073555876925457,2025-11-25 17:55:55.873,0.398038,1.084360,283.150589,0.011793,0.010143,0.978444,0.126974,-0.003074,9.794734,0.001717,0.004385,-0.002709,0.338796,-0.631286,-1.206702,100343.0000
1764073555976477420,2025-11-25 17:55:55.973,0.400086,1.074079,283.163864,0.011084,0.010886,0.978302,0.114441,0.116331,9.777102,0.000037,-0.004373,0.001767,0.337337,-0.632278,-1.208110,100336.0000
1764073556075944679,2025-11-25 17:55:56.072,0.391106,1.083184,283.182861,0.010286,0.010567,0.978669,0.074979,0.182911,9.780188,0.000240,-0.007648,-0.004418,0.337833,-0.632235,-1.206192,100339.0000
1764073556177957568,2025-11-25 17:55:56.173,0.372788,1.098658,283.202072,0.011649,0.010031,0.978851,0.146016,0.022395,9.799009,-0.003768,-0.008478,-0.005426,0.338800,-0.629863,-1.207205,100333.0000
1764073556276029827,2025-11-25 17:55:56.273,0.358169,1.116651,283.222946,0.012776,0.009206,0.978681,0.150824,0.040885,9.785825,-0.001522,-0.001611,-0.003700,0.336872,-0.628937,-1.208154,100337.0000
1764073556376612438,2025-11-25 17:55:56.373,0.350261,1.130764,283.246155,0.013425,0.008723,0.978295,0.129443,0.149604,9.760642,-0.000350,-0.003459,0.001039,0.335886,-0.631360,-1.209547,100343.0000
1764073556476413549,2025-11-25 17:55:56.473,0.353616,1.134374,283.264412,0.013539,0.008285,0.978600,0.120940,0.073976,9.787451,0.001056,0.001479,-0.005877,0.337344,-0.630845,-1.208132,100339.0000
1764073556576916790,2025-11-25 17:55:56.573,0.367938,1.128135,283.279259,0.013435,0.008466,0.978800,0.147436,0.007010,9.799888,0.003129,0.003500,-0.001481,0.339243,-0.631375,-1.211041,100345.0000
1764073556676647605,2025-11-25 17:55:56.673,0.383742,1.116741,283.294601,0.012641,0.009429,0.979249,0.113069,0.148806,9.776472,0.003288,-0.000821,0.000031,0.337342,-0.630378,-1.208621,100339.0000
1764073556775943623,2025-11-25 17:55:56.773,0.394184,1.107317,283.308472,0.012005,0.009581,0.978952,0.081532,0.154211,9.793075,0.003198,-0.001297,-0.003474,0.337845,-0.628434,-1.207213,100341.0000
1764073556876444383,2025-11-25 17:55:56.873,0.407891,1.105682,283.325714,0.011657,0.009720,0.979010,0.130734,0.013006,9.810629,0.006001,-0.004175,-0.003276,0.337824,-0.630375,-1.208628,100341.0000
1764073556976763642,2025-11-25 17:55:56.973,0.420146,1.112513,283.345505,0.011856,0.010494,0.978754,0.117372,0.092156,9.776630,0.005697,0.000590,-0.001777,0.339243,-0.632788,-1.210057,100339.0000
1764073557075513012,2025-11-25 17:55:57.073,0.419914,1.123533,283.367447,0.012494,0.011274,0.978187,0.102553,0.204550,9.755524,-0.000225,-0.002097,-0.004184,0.340223,-0.633210,-1.207657,100339.0000
1764073557176316716,2025-11-25 17:55:57.173,0.408872,1.126475,283.387672,0.013360,0.010425,0.978050,0.116009,0.064527,9.780252,-0.002442,-0.000687,-0.005240,0.339758,-0.629869,-1.207701,100339.0000
1764073557276331456,2025-11-25 17:55:57.273,0.391782,1.119708,283.405243,0.013791,0.009564,0.977904,0.154258,0.023909,9.777011,-0.002930,0.001447,-0.002346,0.341677,-0.631760,-1.207219,100341.0000
1764073557377127327,2025-11-25 17:55:57.373,0.381804,1.103500,283.422417,0.012757,0.008055,0.978121,0.103177,0.160892,9.770748,0.001123,0.004695,0.001440,0.339737,-0.631810,-1.209116,100345.0000
1764073557475635567,2025-11-25 17:55:57.473,0.386466,1.091841,283.440331,0.012036,0.007489,0.978599,0.115776,0.089645,9.802207,0.004287,0.001122,-0.008710,0.342155,-0.630823,-1.208203,100340.0000
1764073557576811345,2025-11-25 17:55:57.573,0.404967,1.089134,283.458977,0.011274,0.008054,0.979195,0.133931,0.005085,9.819899,-0.000733,-0.001521,-0.002818,0.341687,-0.627492,-1.208729,100339.0000
1764073557676225493,2025-11-25 17:55:57.673,0.428003,1.100361,283.477303,0.011134,0.009657,0.979515,0.106136,0.147840,9.782247,0.007532,-0.006634,0.002927,0.343590,-0.630370,-1.209676,100338.0000
1764073557775896938,2025-11-25 17:55:57.773,0.440905,1.120173,283.498787,0.012029,0.011095,0.979556,0.096348,0.172371,9.791517,0.001303,-0.003572,-0.008858,0.341666,-0.630846,-1.209159,100332.0000
1764073557875862141,2025-11-25 17:55:57.873,0.438809,1.135237,283.517464,0.013260,0.011411,0.979529,0.148017,0.035009,9.812752,0.005416,-0.004317,-0.002544,0.342638,-0.631289,-1.207721,100335.0000
1764073557976207678,2025-11-25 17:55:57.973,0.429353,1.135261,283.536987,0.013848,0.010681,0.978732,0.155028,0.102635,9.782635,0.000029,-0.001497,-0.000084,0.342159,-0.630813,-1.207722,100334.0000
1764073558076852400,2025-11-25 17:55:58.073,0.417654,1.132267,283.554527,0.013421,0.009610,0.978135,0.098838,0.179599,9.758050,-0.001030,-0.000531,0.000142,0.341651,-0.630887,-1.211084,100342.0000
1764073558178203623,2025-11-25 17:55:58.173,0.409033,1.120945,283.572777,0.012639,0.008556,0.977697,0.128720,0.056444,9.786531,-0.004894,0.003232,-0.005991,0.340214,-0.631818,-1.209604,100335.0000
1764073558276482215,2025-11-25 17:55:58.273,0.411243,1.107561,283.594971,0.012811,0.008628,0.977164,0.158543,0.020834,9.782877,0.004748,-0.001009,-0.002744,0.343619,-0.629821,-1.206313,100340.0000
1764073558376133919,2025-11-25 17:55:58.373,0.414383,1.097372,283.620361,0.012505,0.010584,0.976456,0.090143,0.177978,9.739010,0.002991,0.002517,-0.003284,0.344088,-0.628437,-1.208750,100337.0000
1764073558476287548,2025-11-25 17:55:58.473,0.405086,1.080493,283.641670,0.012665,0.010706,0.977661,0.112452,0.095576,9.784901,0.002411,0.004746,-0.004568,0.345057,-0.629357,-1.207305,100341.0000
1764073558576078493,2025-11-25 17:55:58.573,0.388907,1.068308,283.657677,0.012169,0.010748,0.978496,0.138345,0.028587,9.805005,-0.005344,-0.002682,0.001071,0.345045,-0.630333,-1.208253,100337.0000
1764073558676307400,2025-11-25 17:55:58.673,0.369265,1.067516,283.670349,0.011231,0.010720,0.978540,0.122408,0.143696,9.773338,-0.001477,-0.003026,0.003428,0.342627,-0.628962,-1.210646,100341.0000
1764073558776644326,2025-11-25 17:55:58.773,0.341113,1.078619,283.683983,0.010837,0.008702,0.979955,0.095305,0.089924,9.832753,-0.008933,-0.007015,-0.003279,0.345995,-0.628946,-1.210696,100341.0000
1764073558875844196,2025-11-25 17:55:58.873,0.343067,1.105128,283.691673,0.010965,0.005054,0.981802,0.132347,-0.041341,9.850142,0.007400,-0.005910,-0.000248,0.344543,-0.629919,-1.211142,100332.0000
1764073558976357511,2025-11-25 17:55:58.973,0.388079,1.147945,283.703964,0.011639,0.003032,0.982545,0.144809,-0.003862,9.819950,0.010847,-0.001798,0.002507,0.343109,-0.629427,-1.210165,100335.0000
1764073559075554400,2025-11-25 17:55:59.073,0.479861,1.188229,283.718597,0.013198,0.003720,0.981711,0.113831,0.161902,9.794342,0.017067,-0.007029,-0.002744,0.346011,-0.630318,-1.207786,100338.0000
1764073559176562196,2025-11-25 17:55:59.173,0.592549,1.201336,283.737030,0.016265,0.008920,0.979252,0.159203,0.088156,9.793588,0.022687,-0.000128,-0.002634,0.342636,-0.630821,-1.208210,100342.0000
1764073559276854066,2025-11-25 17:55:59.273,0.671716,1.173897,283.754089,0.016524,0.017108,0.975177,0.174843,0.149807,9.737581,0.001669,0.011998,-0.000322,0.344094,-0.632665,-1.205314,100342.0000
1764073559376243196,2025-11-25 17:55:59.373,0.661642,1.109913,283.772881,0.014828,0.021782,0.973645,0.095944,0.300977,9.724716,-0.005344,0.012967,0.000186,0.347467,-0.631694,-1.205379,100338.0000
1764073559476401974,2025-11-25 17:55:59.473,0.567730,1.042850,283.796341,0.011337,0.018581,0.975217,0.066150,0.154438,9.773295,-0.018878,0.008148,-0.006370,0.344574,-0.631250,-1.206306,100341.0000
1764073559576888437,2025-11-25 17:55:59.573,0.440910,0.997562,283.825516,0.009133,0.010459,0.978563,0.097616,-0.043381,9.805613,-0.021318,0.004338,-0.004340,0.346013,-0.629841,-1.207793,100335.0000
1764073559676634770,2025-11-25 17:55:59.673,0.342550,0.988550,283.853584,0.009060,0.003338,0.981278,0.105400,0.030820,9.818128,-0.012552,-0.001636,-0.002487,0.347455,-0.629367,-1.208303,100341.0000
1764073559776256899,2025-11-25 17:55:59.773,0.314500,1.010602,283.870461,0.010352,0.000150,0.982299,0.081003,0.081037,9.812522,0.002419,-0.003614,-0.006686,0.348421,-0.627939,-1.208821,100337.0000
1764073559876464085,2025-11-25 17:55:59.873,0.355206,1.050821,283.878754,0.011899,0.001998,0.981077,0.129650,-0.011044,9.830458,0.012365,-0.009139,-0.003526,0.344071,-0.630368,-1.209683,100337.0000
1764073559976844010,2025-11-25 17:55:59.973,0.430218,1.091960,283.885117,0.013799,0.007168,0.978754,0.176177,0.053705,9.785204,0.013439,-0.005776,0.000700,0.344082,-0.628924,-1.209224,100340.0000
1764073560075886047,2025-11-25 17:56:00.072,0.500931,1.117129,283.889641,0.014774,0.012722,0.976601,0.125061,0.242277,9.739303,0.015594,-0.005862,-0.000827,0.345048,-0.628910,-1.208757,100340.0000
1764073560176411029,2025-11-25 17:56:00.173,0.534073,1.118608,283.893097,0.014425,0.014779,0.975310,0.124964,0.146896,9.764106,-0.001651,-0.001215,-0.005579,0.345050,-0.630790,-1.207283,100343.0000
1764073560276083103,2025-11-25 17:56:00.273,0.515100,1.101324,283.901405,0.013412,0.014766,0.975598,0.148268,0.045037,9.778011,-0.003051,0.005470,0.000813,0.346978,-0.629359,-1.207815,100337.0000
1764073560376119566,2025-11-25 17:56:00.373,0.470711,1.085044,283.915619,0.010867,0.012422,0.976629,0.097550,0.185579,9.766241,-0.008773,0.002313,-0.000734,0.346961,-0.628932,-1.210229,100343.0000
1764073560476976825,2025-11-25 17:56:00.473,0.420409,1.089094,283.930794,0.009542,0.008454,0.978036,0.067882,0.101782,9.791870,-0.010552,-0.002612,-0.006031,0.346486,-0.628446,-1.209748,100339.0000
1764073560576655232,2025-11-25 17:56:00.573,0.394609,1.111542,283.946632,0.009623,0.004022,0.979975,0.108623,-0.063264,9.823237,0.000737,-0.007279,-0.003961,0.344568,-0.627967,-1.209245,100345.0000
1764073560676600454,2025-11-25 17:56:00.673,0.425576,1.150776,283.957985,0.010462,0.003015,0.981728,0.122111,0.058849,9.826854,0.007949,-0.004591,0.000900,0.345044,-0.628920,-1.209238,100335.0000
1764073560776367584,2025-11-25 17:56:00.773,0.496247,1.192529,283.970596,0.012241,0.005094,0.982356,0.097230,0.148976,9.815366,0.014796,-0.007471,-0.002894,0.348449,-0.626923,-1.205947,100339.0000
1764073560875987010,2025-11-25 17:56:00.873,0.575703,1.221226,283.986855,0.015524,0.010192,0.981618,0.165405,0.073586,9.822543,0.014368,-0.003933,-0.000883,0.346975,-0.629836,-1.207808,100332.0000
1764073560976647584,2025-11-25 17:56:00.973,0.631882,1.214626,284.002426,0.017860,0.015180,0.979323,0.206642,0.146160,9.771544,0.001831,0.008800,-0.002525,0.345527,-0.631743,-1.207276,100339.0000
1764073561075665750,2025-11-25 17:56:01.073,0.622784,1.156548,284.015297,0.018252,0.018046,0.977298,0.136747,0.246538,9.756508,-0.004443,0.010387,-0.000135,0.346474,-0.633192,-1.208230,100341.0000
1764073561178160862,2025-11-25 17:56:01.173,0.551430,1.059872,284.030533,0.016195,0.015807,0.976971,0.136760,0.109974,9.783230,-0.013596,0.017122,-0.000450,0.346975,-0.630781,-1.207312,100347.0000
1764073561276429787,2025-11-25 17:56:01.273,0.459796,0.963167,284.044701,0.011370,0.009672,0.977515,0.116658,-0.032380,9.800447,-0.009786,0.016002,0.001437,0.349383,-0.627935,-1.208835,100339.0000
1764073561376354732,2025-11-25 17:56:01.373,0.389624,0.912998,284.056480,0.006726,0.004632,0.978703,0.029470,0.090710,9.780511,-0.011827,0.004873,0.001047,0.348416,-0.626537,-1.210287,100343.0000
1764073561476817565,2025-11-25 17:56:01.473,0.378582,0.927755,284.065086,0.005113,0.002513,0.978616,0.031550,0.067634,9.789048,0.007051,-0.010101,-0.000075,0.348406,-0.627035,-1.211242,100335.0000
1764073561576321269,2025-11-25 17:56:01.573,0.419402,0.998796,284.069489,0.006814,0.003676,0.977424,0.109656,-0.035144,9.793079,0.008567,-0.013555,0.001218,0.350826,-0.627928,-1.208857,100338.0000
1764073561677037028,2025-11-25 17:56:01.673,0.481284,1.094099,284.068848,0.009990,0.007692,0.975701,0.124210,0.133126,9.740958,0.014285,-0.018017,0.006059,0.347450,-0.626552,-1.210754,100338.0000
1764073561776031787,2025-11-25 17:56:01.773,0.539630,1.184383,284.070663,0.013611,0.011563,0.976286,0.127941,0.209812,9.769274,0.005755,-0.012476,-0.004474,0.347440,-0.630820,-1.209244,100340.0000
1764073561876007602,2025-11-25 17:56:01.873,0.578208,1.245194,284.080482,0.016272,0.013175,0.978160,0.181350,0.065205,9.808870,0.005682,-0.006853,-0.003136,0.346995,-0.627427,-1.206881,100342.0000
1764073561976489454,2025-11-25 17:56:01.973,0.582484,1.259845,284.096008,0.017423,0.012875,0.980416,0.178869,0.083096,9.805812,0.000255,0.000407,-0.001685,0.345998,-0.628936,-1.210215,100331.0000
1764073562075663768,2025-11-25 17:56:02.072,0.567487,1.230924,284.107910,0.016693,0.011651,0.981442,0.113809,0.190421,9.794340,-0.002590,0.008505,-0.001482,0.345998,-0.631294,-1.208734,100339.0000
1764073562176234991,2025-11-25 17:56:02.173,0.544928,1.171287,284.117088,0.015382,0.009778,0.980692,0.137211,0.072342,9.808365,-0.004377,0.011006,-0.004002,0.349881,-0.628360,-1.206428,100339.0000
1764073562275957250,2025-11-25 17:56:02.273,0.524510,1.113603,284.121719,0.013185,0.008273,0.979562,0.126603,0.009986,9.793138,-0.004757,0.010990,0.001731,0.348400,-0.631293,-1.209251,100340.0000
1764073562376523398,2025-11-25 17:56:02.373,0.516021,1.060775,284.128822,0.011209,0.008504,0.978549,0.086092,0.162942,9.754115,0.000623,0.005459,0.001162,0.350819,-0.629362,-1.208835,100337.0000
1764073562476572805,2025-11-25 17:56:02.473,0.520971,1.028904,284.142212,0.009381,0.009089,0.977856,0.078729,0.105803,9.786038,-0.002997,0.006929,-0.008800,0.348413,-0.630318,-1.208303,100339.0000
1764073562576425750,2025-11-25 17:56:02.573,0.523269,1.026773,284.157333,0.009090,0.009776,0.978042,0.138022,0.027528,9.803056,0.003999,-0.004823,-0.002962,0.348417,-0.627950,-1.209302,100339.0000
1764073562676784249,2025-11-25 17:56:02.673,0.520641,1.054935,284.171631,0.009171,0.010550,0.977665,0.086015,0.152146,9.771294,0.000778,-0.008247,-0.000204,0.350349,-0.627921,-1.208368,100330.0000
1764073562776259972,2025-11-25 17:56:02.773,0.509949,1.104830,284.178650,0.010405,0.010386,0.977481,0.119515,0.163219,9.774694,-0.001391,-0.010745,-0.002087,0.349842,-0.628462,-1.211242,100340.0000
1764073562876127768,2025-11-25 17:56:02.873,0.494397,1.154473,284.184761,0.012890,0.009101,0.977623,0.180317,0.019680,9.795463,-0.004650,-0.007739,-0.002556,0.347943,-0.627931,-1.208332,100341.0000
1764073562976918120,2025-11-25 17:56:02.973,0.486192,1.191123,284.189964,0.014952,0.009190,0.977748,0.166750,0.044121,9.779259,0.005144,-0.004638,0.005004,0.346502,-0.627460,-1.208318,100332.0000
1764073563075574009,2025-11-25 17:56:03.072,0.486227,1.189899,284.195587,0.016655,0.008253,0.978275,0.144473,0.126424,9.770980,-0.004125,0.000647,-0.002229,0.348399,-0.629881,-1.210236,100337.0000
1764073563175934768,2025-11-25 17:56:03.173,0.493793,1.158558,284.207176,0.015690,0.008759,0.979089,0.140319,0.097495,9.820240,0.006413,0.005246,-0.002818,0.348422,-0.626994,-1.209317,100339.0000
1764073563276494101,2025-11-25 17:56:03.273,0.505435,1.111802,284.224518,0.013547,0.009169,0.979602,0.140438,0.022046,9.802493,0.003810,0.011479,0.002112,0.349388,-0.628393,-1.207865,100341.0000
1764073563376119731,2025-11-25 17:56:03.373,0.521613,1.072238,284.239708,0.010222,0.009257,0.979245,0.080850,0.155055,9.755729,0.005085,0.001171,-0.000322,0.350331,-0.628439,-1.210286,100347.0000
1764073563476858564,2025-11-25 17:56:03.473,0.529791,1.069883,284.255074,0.008674,0.009617,0.979036,0.066135,0.124956,9.799463,0.001741,-0.006250,-0.005012,0.351764,-0.629876,-1.210767,100345.0000
1764073563576240879,2025-11-25 17:56:03.573,0.542979,1.099517,284.268585,0.008860,0.008575,0.979421,0.125236,0.008589,9.813318,0.005962,-0.012656,-0.001312,0.350348,-0.628866,-1.207872,100344.0000
1764073563676123175,2025-11-25 17:56:03.673,0.566152,1.155076,284.277069,0.010981,0.007337,0.980433,0.110988,0.096573,9.793691,0.007815,-0.010560,0.001058,0.350357,-0.627900,-1.207405,100347.0000
1764073563776438138,2025-11-25 17:56:03.773,0.603491,1.203391,284.285667,0.014522,0.007542,0.980630,0.154338,0.134678,9.795225,0.007044,-0.008064,-0.001314,0.350341,-0.630299,-1.207850,100337.0000
1764073563875993304,2025-11-25 17:56:03.873,0.650097,1.214574,284.301842,0.017135,0.009158,0.979845,0.195467,0.039819,9.808321,0.011721,-0.001021,-0.003145,0.348882,-0.628933,-1.210739,100341.0000
1764073563976582971,2025-11-25 17:56:03.973,0.678660,1.182802,284.319016,0.017256,0.013729,0.977074,0.183859,0.140163,9.766756,0.002423,0.009044,-0.000833,0.349388,-0.629337,-1.207369,100346.0000
1764073564075677989,2025-11-25 17:56:04.072,0.658467,1.113388,284.341171,0.015565,0.018104,0.974654,0.104014,0.264810,9.732855,-0.008354,0.009368,-0.003207,0.351793,-0.629327,-1.207405,100340.0000
1764073564176910156,2025-11-25 17:56:04.173,0.574986,1.032651,284.360268,0.011790,0.017066,0.974507,0.099301,0.110526,9.766850,-0.020125,0.012523,-0.002971,0.352759,-0.627900,-1.207922,100336.0000
1764073564276753489,2025-11-25 17:56:04.273,0.460505,0.986312,284.373100,0.008982,0.010363,0.977625,0.096661,-0.015529,9.807845,-0.014994,0.003109,0.000507,0.350319,-0.627057,-1.212715,100335.0000
1764073564376353045,2025-11-25 17:56:04.373,0.378428,0.988113,284.385704,0.007097,0.001766,0.981978,0.063812,0.038482,9.812702,-0.005846,-0.003543,0.000236,0.352743,-0.626528,-1.210832,100337.0000
1764073564476455174,2025-11-25 17:56:04.473,0.390861,1.034141,284.393440,0.008751,-0.003590,0.983629,0.093484,0.008280,9.829906,0.016954,-0.012066,-0.002307,0.353206,-0.627044,-1.212758,100343.0000
1764073564576289785,2025-11-25 17:56:04.573,0.494083,1.100575,284.394501,0.011660,-0.000954,0.981573,0.167312,-0.025735,9.820388,0.025813,-0.013320,-0.000930,0.350817,-0.627481,-1.210308,100344.0000
1764073564676150748,2025-11-25 17:56:04.673,0.635611,1.156214,284.400757,0.014620,0.007858,0.977653,0.156659,0.153874,9.732840,0.025667,-0.006305,-0.000106,0.351796,-0.627904,-1.207908,100339.0000
1764073564775795841,2025-11-25 17:56:04.773,0.755008,1.186433,284.413025,0.015173,0.015772,0.974711,0.127203,0.276286,9.721043,0.017851,-0.001486,-0.003676,0.350841,-0.626475,-1.207916,100340.0000
1764073564876598859,2025-11-25 17:56:04.873,0.798395,1.191143,284.431664,0.014382,0.019995,0.974203,0.139570,0.152107,9.746278,-0.007105,0.002448,-0.004754,0.350828,-0.629809,-1.207383,100341.0000
1764073564976271730,2025-11-25 17:56:04.973,0.755506,1.170233,284.451347,0.013780,0.019716,0.975490,0.144884,0.120988,9.761461,-0.012776,0.007534,-0.000473,0.352755,-0.629323,-1.207419,100344.0000
1764073565075979896,2025-11-25 17:56:05.073,0.651145,1.146520,284.469337,0.012363,0.015933,0.978355,0.098689,0.165193,9.788746,-0.021042,0.002557,-0.001848,0.353239,-0.628843,-1.207433,100341.0000
1764073565175624989,2025-11-25 17:56:05.173,0.525689,1.123618,284.487541,0.012116,0.008675,0.981359,0.121924,0.031208,9.825824,-0.017215,0.005085,-0.002175,0.354182,-0.626531,-1.211335,100343.0000
1764073565276431692,2025-11-25 17:56:05.273,0.440405,1.106494,284.505280,0.012203,0.001887,0.982521,0.146624,-0.086875,9.851852,-0.007176,0.000844,-0.003811,0.351296,-0.625599,-1.211788,100341.0000
1764073565377541507,2025-11-25 17:56:05.374,0.431235,1.093704,284.515022,0.012139,-0.000109,0.981801,0.133355,0.052457,9.788894,0.007232,0.000667,0.002363,0.352738,-0.627483,-1.210818,100341.0000
1764073565476571989,2025-11-25 17:56:05.473,0.486890,1.091975,284.524513,0.012548,0.003057,0.979721,0.102780,0.103749,9.773886,0.011544,0.002944,-0.000798,0.353693,-0.626554,-1.212291,100332.0000
1764073565576079340,2025-11-25 17:56:05.573,0.569068,1.093819,284.537117,0.012369,0.008209,0.977663,0.146944,0.035337,9.796409,0.016194,-0.003210,-0.002049,0.353711,-0.628394,-1.208892,100344.0000
1764073565676336803,2025-11-25 17:56:05.673,0.646055,1.098794,284.548920,0.012421,0.012485,0.977056,0.151190,0.140656,9.761321,0.004685,0.001214,0.000289,0.354674,-0.627444,-1.209402,100345.0000
1764073565775747211,2025-11-25 17:56:05.773,0.681709,1.098623,284.565514,0.012652,0.014406,0.977303,0.089117,0.240618,9.773532,0.006820,0.000068,-0.002382,0.353718,-0.629318,-1.207433,100341.0000
1764073565876037155,2025-11-25 17:56:05.873,0.675585,1.098626,284.586525,0.012636,0.013812,0.977805,0.129056,0.094589,9.792722,-0.006001,-0.002510,-0.005041,0.354188,-0.630759,-1.207900,100350.0000
1764073565976122414,2025-11-25 17:56:05.973,0.648252,1.095120,284.602715,0.012501,0.011759,0.978502,0.140736,0.048483,9.792873,-0.003319,-0.002371,0.000769,0.354198,-0.627904,-1.208425,100335.0000
1764073566075583192,2025-11-25 17:56:06.073,0.615288,1.099134,284.616035,0.011771,0.009589,0.979118,0.091491,0.152787,9.762565,-0.006899,-0.002876,0.001788,0.353255,-0.626444,-1.206989,100341.0000
1764073566176246247,2025-11-25 17:56:06.173,0.585461,1.106242,284.629494,0.011493,0.008027,0.979201,0.106586,0.070185,9.794200,-0.000985,-0.002240,-0.003373,0.351782,-0.627000,-1.210329,100337.0000
1764073566276539599,2025-11-25 17:56:06.273,0.577024,1.122706,284.643341,0.012364,0.007869,0.978698,0.136431,-0.000531,9.793528,0.001627,-0.001915,-0.002947,0.352743,-0.626528,-1.210832,100332.0000
1764073566376551636,2025-11-25 17:56:06.373,0.578674,1.138416,284.660942,0.012960,0.009101,0.978142,0.104115,0.153334,9.759803,-0.000177,0.001820,-0.000221,0.353702,-0.627946,-1.210343,100343.0000
1764073566476067710,2025-11-25 17:56:06.473,0.585913,1.142292,284.680992,0.013534,0.009543,0.978025,0.104896,0.150870,9.773201,0.005155,-0.001674,-0.004709,0.355153,-0.627919,-1.209402,100340.0000
1764073566576350562,2025-11-25 17:56:06.573,0.596544,1.135446,284.698799,0.013178,0.008961,0.978307,0.143917,0.001431,9.796080,0.002190,0.000683,-0.004728,0.355149,-0.627930,-1.209883,100338.0000
1764073566676369377,2025-11-25 17:56:06.673,0.606390,1.122379,284.716469,0.012791,0.008972,0.979337,0.134684,0.096840,9.794788,0.004964,0.001076,-0.001380,0.355151,-0.627452,-1.209890,100339.0000
1764073566776403080,2025-11-25 17:56:06.773,0.614997,1.110896,284.735619,0.011916,0.008761,0.979966,0.086341,0.162028,9.778130,-0.000101,0.001869,-0.003039,0.355137,-0.627960,-1.211327,100340.0000
1764073566876539747,2025-11-25 17:56:06.873,0.628441,1.107467,284.749451,0.012337,0.009368,0.979870,0.155759,0.035386,9.822256,0.002235,-0.002367,-0.003936,0.358526,-0.628362,-1.208482,100332.0000
1764073566976281080,2025-11-25 17:56:06.973,0.641629,1.104843,284.761597,0.012342,0.009652,0.978920,0.134979,0.070871,9.781634,0.003080,0.000493,-0.000209,0.355630,-0.627927,-1.209890,100343.0000
1764073567075830414,2025-11-25 17:56:07.073,0.644724,1.107401,284.775322,0.013194,0.011045,0.978161,0.116639,0.204307,9.756504,-0.003291,0.001914,-0.002275,0.356607,-0.626470,-1.208964,100334.0000
1764073567177917654,2025-11-25 17:56:07.173,0.642779,1.103385,284.791267,0.012780,0.010997,0.977170,0.124243,0.065085,9.788522,0.005063,0.000842,-0.004701,0.358032,-0.627927,-1.210407,100341.0000
1764073567276634876,2025-11-25 17:56:07.273,0.631483,1.094114,284.813370,0.012038,0.009750,0.977846,0.154378,-0.000093,9.778097,0.001405,0.002242,-0.003378,0.356609,-0.624579,-1.209956,100338.0000
1764073567376640802,2025-11-25 17:56:07.373,0.622216,1.089531,284.836578,0.011601,0.008944,0.978110,0.092585,0.153335,9.755377,0.001458,0.000020,-0.003384,0.358981,-0.627486,-1.212354,100342.0000
1764073567476486191,2025-11-25 17:56:07.473,0.619554,1.089909,284.857071,0.011216,0.008097,0.979146,0.093085,0.092839,9.787269,0.003048,-0.002093,-0.003441,0.355630,-0.625570,-1.211371,100337.0000
1764073567577230358,2025-11-25 17:56:07.573,0.633116,1.103964,284.874718,0.011119,0.007675,0.979409,0.159070,0.004879,9.807417,0.004704,-0.004229,-0.005024,0.357566,-0.626476,-1.209459,100341.0000
1764073567676048024,2025-11-25 17:56:07.673,0.655328,1.126102,284.888504,0.011999,0.009088,0.979002,0.120380,0.125549,9.773842,0.009769,-0.003048,0.001627,0.358528,-0.626471,-1.209474,100342.0000
1764073567776273376,2025-11-25 17:56:07.773,0.672871,1.146236,284.899841,0.013057,0.011189,0.978244,0.108041,0.185387,9.776104,-0.004416,-0.001030,-0.005993,0.356605,-0.626947,-1.208956,100336.0000
1764073567877082765,2025-11-25 17:56:07.873,0.666318,1.149949,284.919678,0.013916,0.012282,0.977869,0.177207,0.041586,9.818685,0.001102,-0.000524,-0.002850,0.355156,-0.626497,-1.209905,100332.0000
1764073567977760339,2025-11-25 17:56:07.973,0.641253,1.141884,284.945152,0.014352,0.011641,0.978507,0.136434,0.094093,9.791854,-0.002876,0.002051,-0.001443,0.359003,-0.626957,-1.209955,100342.0000
1764073568075805320,2025-11-25 17:56:08.072,0.616564,1.125827,284.971603,0.013292,0.009244,0.979369,0.094090,0.155597,9.792674,0.002754,-0.001004,-0.004670,0.359005,-0.625067,-1.210947,100339.0000
1764073568176002154,2025-11-25 17:56:08.173,0.600796,1.106114,284.994316,0.012593,0.006435,0.979921,0.123869,0.023047,9.825520,-0.001568,0.002620,-0.004185,0.358025,-0.627002,-1.211866,100341.0000
1764073568278163876,2025-11-25 17:56:08.274,0.615979,1.095499,285.006775,0.011696,0.006039,0.979567,0.143540,0.008831,9.794437,0.003264,-0.000252,0.001441,0.359500,-0.625969,-1.208532,100332.0000
1764073568376450728,2025-11-25 17:56:08.373,0.655464,1.095412,285.014793,0.011481,0.007205,0.978605,0.089297,0.189500,9.766882,0.010481,-0.001480,0.000916,0.358054,-0.625040,-1.209488,100337.0000
1764073568476456839,2025-11-25 17:56:08.473,0.696418,1.103230,285.024162,0.011961,0.010508,0.977235,0.109994,0.118974,9.775120,0.009623,-0.003687,-0.005069,0.357080,-0.627433,-1.209438,100339.0000
1764073568576095820,2025-11-25 17:56:08.573,0.715179,1.109497,285.038765,0.012047,0.013818,0.975829,0.144519,0.091498,9.767238,-0.000672,-0.000755,-0.001985,0.359480,-0.629323,-1.208963,100340.0000
1764073568676454987,2025-11-25 17:56:08.673,0.693032,1.116272,285.068115,0.011882,0.015435,0.975624,0.115342,0.217781,9.746642,-0.004894,-0.004208,-0.001741,0.360922,-0.626491,-1.210953,100336.0000
1764073568776022190,2025-11-25 17:56:08.773,0.635803,1.124810,285.103256,0.011768,0.012810,0.977270,0.098609,0.147853,9.770533,-0.011170,-0.002651,-0.008224,0.358031,-0.626514,-1.211392,100336.0000
1764073568876662505,2025-11-25 17:56:08.873,0.576941,1.137095,285.134567,0.011940,0.007600,0.980240,0.157153,-0.036300,9.829833,-0.009244,-0.004701,-0.005370,0.362367,-0.626952,-1.210486,100337.0000
1764073568977390672,2025-11-25 17:56:08.973,0.558210,1.151563,285.154144,0.012387,0.002813,0.982572,0.126825,0.034910,9.829072,0.007935,-0.004569,0.004632,0.362373,-0.626464,-1.210012,100333.0000
1764073569075811116,2025-11-25 17:56:09.072,0.599090,1.166603,285.159592,0.012852,0.002232,0.982985,0.098881,0.100061,9.828221,0.008404,-0.006385,0.000813,0.362848,-0.626950,-1.210493,100339.0000
1764073569176758931,2025-11-25 17:56:09.173,0.679242,1.183366,285.167336,0.013613,0.006981,0.980357,0.139514,0.046112,9.801073,0.016009,-0.003213,-0.001507,0.358056,-0.624563,-1.209496,100337.0000
1764073569276838357,2025-11-25 17:56:09.273,0.741327,1.186751,285.187393,0.013887,0.013864,0.976592,0.155101,0.121547,9.740994,0.004940,0.000798,-0.002585,0.362377,-0.628812,-1.208050,100341.0000
1764073569376115301,2025-11-25 17:56:09.373,0.749813,1.173397,285.216286,0.014368,0.017366,0.975188,0.137478,0.244553,9.739956,-0.003272,0.004888,-0.006241,0.360466,-0.626900,-1.207569,100341.0000
1764073569476321875,2025-11-25 17:56:09.473,0.711564,1.135924,285.252960,0.015055,0.014199,0.976905,0.145729,0.076701,9.800385,-0.004160,0.004948,-0.005978,0.361875,-0.628398,-1.210938,100343.0000
1764073569576477968,2025-11-25 17:56:09.573,0.665164,1.081286,285.281281,0.013303,0.007811,0.979941,0.134736,-0.043953,9.812434,-0.008723,0.009360,-0.001027,0.361415,-0.626458,-1.209516,100339.0000
1764073569676695579,2025-11-25 17:56:09.673,0.650429,1.034488,285.294548,0.010226,0.004637,0.981003,0.071716,0.120741,9.788788,0.002365,0.007788,0.000071,0.363344,-0.624082,-1.210544,100339.0000
1764073569775872467,2025-11-25 17:56:09.773,0.670322,1.026267,285.307045,0.007872,0.006011,0.979923,0.059808,0.106335,9.787493,0.010405,-0.005298,-0.005298,0.362862,-0.626441,-1.209056,100345.0000
1764073569876969967,2025-11-25 17:56:09.873,0.699280,1.064159,285.325989,0.008165,0.010187,0.976909,0.116844,0.032628,9.772787,0.002826,-0.005610,-0.004859,0.363841,-0.623093,-1.209122,100343.0000
1764073569976476393,2025-11-25 17:56:09.973,0.710358,1.124853,285.353241,0.010761,0.012773,0.975248,0.119088,0.175847,9.723789,0.001903,-0.012197,-0.002499,0.364787,-0.626433,-1.209085,100335.0000
1764073570075694375,2025-11-25 17:56:10.073,0.697950,1.176308,285.386948,0.014193,0.012037,0.976608,0.130751,0.171721,9.773584,-0.005656,-0.008020,-0.005764,0.363839,-0.625929,-1.207634,100336.0000
1764073570177290949,2025-11-25 17:56:10.173,0.674878,1.195856,285.413567,0.016288,0.008974,0.979392,0.170190,0.013513,9.818748,-0.000071,-0.003150,-0.004804,0.363826,-0.625492,-1.209567,100335.0000
1764073570277866912,2025-11-25 17:56:10.273,0.668382,1.178683,285.428711,0.016487,0.007282,0.981336,0.177345,0.062926,9.801669,0.002862,0.002837,-0.000950,0.364768,-0.626484,-1.211492,100337.0000
1764073570377819375,2025-11-25 17:56:10.374,0.684701,1.146107,285.443268,0.014110,0.008078,0.981069,0.098111,0.189068,9.793251,0.006523,0.004215,0.000144,0.365756,-0.624995,-1.209121,100337.0000
1764073570476466060,2025-11-25 17:56:10.473,0.700763,1.105037,285.465546,0.012417,0.008720,0.980104,0.130883,0.040513,9.795267,0.000723,0.004367,-0.006367,0.365752,-0.625006,-1.209602,100335.0000
1764073570576245856,2025-11-25 17:56:10.573,0.716910,1.078975,285.492210,0.011345,0.009559,0.978206,0.125544,0.040061,9.791518,0.001723,0.003793,-0.003723,0.365270,-0.622183,-1.211564,100332.0000
1764073570676194152,2025-11-25 17:56:10.673,0.728082,1.066045,285.519547,0.010581,0.010040,0.976285,0.078685,0.182607,9.743315,0.002526,0.002566,-0.002342,0.368169,-0.625909,-1.207698,100342.0000
1764073570776395059,2025-11-25 17:56:10.773,0.732424,1.069837,285.545349,0.010442,0.010329,0.975953,0.103644,0.086977,9.785206,0.000501,-0.005611,-0.006864,0.366731,-0.624016,-1.208187,100338.0000
1764073570876612133,2025-11-25 17:56:10.873,0.736517,1.089050,285.568832,0.010475,0.009574,0.976811,0.126542,0.012516,9.787038,0.003492,-0.008121,-0.001931,0.367681,-0.624987,-1.209149,100330.0000
1764073570976827356,2025-11-25 17:56:10.973,0.737938,1.117501,285.587708,0.011788,0.010122,0.978275,0.131208,0.154272,9.768280,0.003184,-0.005481,-0.000482,0.365749,-0.624071,-1.210580,100342.0000
1764073571075534893,2025-11-25 17:56:11.073,0.734643,1.148696,285.607765,0.012927,0.010680,0.979510,0.120626,0.144696,9.801471,0.000465,-0.008976,-0.006526,0.364306,-0.626435,-1.209078,100341.0000
1764073571176063226,2025-11-25 17:56:11.173,0.717434,1.166988,285.633827,0.014404,0.010698,0.980691,0.157611,0.023752,9.826938,-0.006315,-0.004597,-0.007500,0.365753,-0.624061,-1.210098,100341.0000
1764073571276634133,2025-11-25 17:56:11.273,0.698465,1.166730,285.664032,0.014902,0.009478,0.980814,0.154587,0.096198,9.792693,0.000486,0.001571,0.000519,0.366223,-0.624089,-1.211549,100344.0000
1764073571376311689,2025-11-25 17:56:11.373,0.683271,1.146251,285.695068,0.014417,0.008178,0.980225,0.114633,0.140563,9.789948,0.000413,0.003610,-0.005185,0.368153,-0.624538,-1.210608,100337.0000
1764073571476582355,2025-11-25 17:56:11.473,0.688563,1.107601,285.722336,0.013769,0.006523,0.979098,0.144190,0.007554,9.807067,0.006217,0.002753,-0.003145,0.367204,-0.624979,-1.208661,100340.0000
1764073571576126800,2025-11-25 17:56:11.573,0.721233,1.075251,285.743530,0.011782,0.006756,0.978027,0.118006,0.051225,9.777075,0.011859,0.002890,-0.001407,0.367202,-0.622154,-1.210630,100330.0000
1764073571676389911,2025-11-25 17:56:11.673,0.759463,1.060362,285.756020,0.009869,0.008970,0.976927,0.051702,0.185954,9.743980,0.003062,0.001224,-0.003005,0.366715,-0.625001,-1.209616,100336.0000
1764073571776356448,2025-11-25 17:56:11.773,0.788746,1.065810,285.772308,0.009838,0.010795,0.976696,0.106593,0.085503,9.771685,0.008823,-0.004566,-0.007471,0.367673,-0.625007,-1.210112,100341.0000
1764073571876101448,2025-11-25 17:56:11.873,0.799930,1.089999,285.796143,0.011545,0.011865,0.977540,0.147323,0.037454,9.789262,0.002916,-0.007071,0.000266,0.369101,-0.627399,-1.210578,100344.0000
1764073571976209318,2025-11-25 17:56:11.973,0.792070,1.111550,285.818283,0.012741,0.011650,0.978518,0.128841,0.198957,9.760755,-0.003079,-0.003258,-0.000710,0.368637,-0.623113,-1.211118,100339.0000
1764073572075584503,2025-11-25 17:56:12.072,0.780080,1.121895,285.846748,0.013725,0.009966,0.979200,0.127100,0.100821,9.811308,0.002359,-0.003906,-0.006879,0.366705,-0.625500,-1.210572,100337.0000
1764073572176178411,2025-11-25 17:56:12.173,0.767312,1.124644,285.875557,0.013441,0.008824,0.979775,0.157580,-0.006511,9.813658,-0.003206,0.000331,-0.003562,0.368171,-0.624019,-1.208690,100333.0000
1764073572276908225,2025-11-25 17:56:12.273,0.759821,1.118339,285.899750,0.012763,0.009276,0.979524,0.125287,0.119937,9.791070,-0.003454,-0.002202,-0.000978,0.371046,-0.624037,-1.210176,100332.0000
1764073572376296447,2025-11-25 17:56:12.373,0.749568,1.116875,285.925385,0.011814,0.010421,0.978631,0.098246,0.173121,9.768870,-0.005063,-0.003171,-0.005700,0.369612,-0.624490,-1.208704,100341.0000
1764073572478183021,2025-11-25 17:56:12.475,0.734388,1.121157,285.955215,0.011923,0.010185,0.977659,0.145793,0.016041,9.796905,-0.004928,0.000863,-0.006731,0.369623,-0.623047,-1.208245,100342.0000
1764073572576541188,2025-11-25 17:56:12.573,0.711788,1.125029,285.982773,0.012806,0.009167,0.977632,0.145922,0.075765,9.769069,-0.003219,0.000133,-0.001328,0.371515,-0.622653,-1.212613,100338.0000
1764073572676036299,2025-11-25 17:56:12.673,0.702102,1.122297,286.010544,0.013646,0.008019,0.978353,0.107380,0.157614,9.775636,-0.001488,0.002725,-0.004381,0.372021,-0.620699,-1.210723,100341.0000
1764073572776038281,2025-11-25 17:56:12.773,0.712245,1.109695,286.032028,0.013499,0.006519,0.979299,0.125817,0.017147,9.807601,0.003875,0.005212,-0.004772,0.372488,-0.623563,-1.210687,100337.0000
1764073572875892577,2025-11-25 17:56:12.873,0.745338,1.090273,286.047356,0.012871,0.006567,0.980172,0.147420,0.020408,9.801886,0.004743,0.001979,0.000398,0.374898,-0.623542,-1.210241,100337.0000
1764073572976169114,2025-11-25 17:56:12.973,0.793086,1.075632,286.065742,0.011816,0.008650,0.979771,0.115944,0.175883,9.773201,0.013792,-0.000984,-0.000436,0.374909,-0.622099,-1.209781,100339.0000
1764073573076105521,2025-11-25 17:56:13.073,0.840535,1.072463,286.089996,0.010684,0.010824,0.978877,0.078407,0.145264,9.783536,0.002129,-0.003029,-0.009564,0.373946,-0.624461,-1.208286,100332.0000
1764073573176960243,2025-11-25 17:56:13.173,0.863059,1.083116,286.124680,0.011240,0.012933,0.977611,0.151430,0.055103,9.779078,0.005581,-0.005057,-0.003850,0.373461,-0.624473,-1.208760,100334.0000
1764073573276932188,2025-11-25 17:56:13.273,0.852850,1.099441,286.158363,0.012544,0.013957,0.976687,0.102549,0.191521,9.751986,-0.008612,-0.004421,-0.005384,0.373454,-0.623548,-1.210219,100338.0000
1764073573375842188,2025-11-25 17:56:13.373,0.816579,1.106990,286.191940,0.013432,0.012110,0.977176,0.097957,0.158320,9.764376,-0.004938,-0.004435,-0.007228,0.373470,-0.622563,-1.208790,100335.0000
1764073573476491206,2025-11-25 17:56:13.473,0.771478,1.099284,286.216469,0.013586,0.008719,0.978597,0.142234,-0.011531,9.812305,-0.004319,0.001147,-0.005111,0.373454,-0.623548,-1.210219,100331.0000
1764073573576789206,2025-11-25 17:56:13.573,0.751188,1.086255,286.233162,0.013123,0.006512,0.980132,0.138197,0.040020,9.808415,-0.003599,0.000998,0.003466,0.372981,-0.621172,-1.210730,100343.0000
1764073573676379076,2025-11-25 17:56:13.673,0.750973,1.075852,286.248474,0.011981,0.006898,0.980768,0.076083,0.172782,9.782287,0.003296,0.000651,-0.001164,0.375867,-0.622105,-1.210277,100340.0000
1764073573776272169,2025-11-25 17:56:13.773,0.766546,1.074057,286.272980,0.011909,0.007694,0.980054,0.115483,0.050709,9.812988,0.000396,-0.003831,-0.009215,0.375860,-0.621180,-1.211736,100340.0000
1764073573876010984,2025-11-25 17:56:13.873,0.787495,1.083877,286.304031,0.011943,0.009385,0.978655,0.150130,0.015621,9.792334,0.008028,0.003510,-0.003744,0.374429,-0.622568,-1.209286,100338.0000
1764073573976560761,2025-11-25 17:56:13.973,0.800646,1.091097,286.335907,0.012486,0.010515,0.977514,0.103610,0.204192,9.758851,0.001195,0.000057,-0.005339,0.375399,-0.622544,-1.208337,100341.0000
1764073574075608187,2025-11-25 17:56:14.072,0.807621,1.097436,286.368332,0.012507,0.010898,0.977172,0.101933,0.095087,9.781444,0.001485,0.001434,-0.009398,0.375392,-0.623977,-1.208315,100342.0000
1764073574176539891,2025-11-25 17:56:14.173,0.811253,1.103214,286.395630,0.012637,0.009802,0.977069,0.152134,0.016669,9.773446,0.004121,0.001013,-0.000944,0.377787,-0.623051,-1.210291,100341.0000
1764073574276084094,2025-11-25 17:56:14.273,0.807915,1.103314,286.415596,0.012703,0.009361,0.977436,0.114942,0.164481,9.747271,-0.000459,-0.002550,-0.000040,0.375856,-0.623548,-1.210737,100336.0000
1764073574376318057,2025-11-25 17:56:14.373,0.807743,1.098972,286.439743,0.012883,0.008733,0.978046,0.103463,0.127025,9.779975,0.004153,0.001458,-0.006366,0.377789,-0.622574,-1.210298,100341.0000
1764073574476374354,2025-11-25 17:56:14.473,0.815671,1.089971,286.466827,0.012550,0.008508,0.979061,0.152570,0.012959,9.828848,0.002855,0.000450,-0.006063,0.374917,-0.621133,-1.209315,100340.0000
1764073574576100094,2025-11-25 17:56:14.573,0.820102,1.081202,286.496826,0.012000,0.009779,0.980127,0.111046,0.108420,9.795992,0.000242,-0.002545,-0.003582,0.378753,-0.619266,-1.212289,100338.0000
1764073574676280409,2025-11-25 17:56:14.673,0.822936,1.077392,286.525970,0.011796,0.010671,0.980601,0.107522,0.171828,9.794382,0.003534,-0.000610,-0.003383,0.378293,-0.619685,-1.209386,100340.0000
1764073574776417187,2025-11-25 17:56:14.773,0.827040,1.081553,286.555519,0.012289,0.010006,0.980586,0.143248,0.040887,9.821748,0.003363,0.002309,-0.004800,0.378770,-0.621106,-1.208890,100339.0000
1764073574876271224,2025-11-25 17:56:14.873,0.825401,1.086609,286.573769,0.012884,0.009228,0.979252,0.151622,0.048307,9.794107,0.003836,-0.002149,0.001107,0.378747,-0.621167,-1.211779,100334.0000
1764073574976799020,2025-11-25 17:56:14.973,0.825175,1.089474,286.592743,0.013362,0.009143,0.977687,0.107240,0.184067,9.757892,0.004369,-0.000961,-0.001547,0.377323,-0.621122,-1.209350,100337.0000
1764073575075608224,2025-11-25 17:56:15.073,0.830491,1.087769,286.615387,0.013339,0.009139,0.977053,0.141958,0.078690,9.793356,-0.001473,-0.000823,-0.009288,0.380204,-0.621597,-1.209867,100335.0000
1764073575176959168,2025-11-25 17:56:15.173,0.835877,1.076135,286.641029,0.012899,0.009610,0.976860,0.138329,0.046692,9.769136,0.001500,-0.001350,-0.002868,0.381170,-0.620170,-1.210384,100339.0000
1764073575276003242,2025-11-25 17:56:15.273,0.834541,1.066093,286.673477,0.011728,0.010701,0.977820,0.089263,0.196821,9.742345,0.001571,-0.001896,-0.003167,0.379720,-0.622077,-1.209852,100340.0000
1764073575376525075,2025-11-25 17:56:15.373,0.828143,1.071851,286.701942,0.010917,0.010749,0.978570,0.096298,0.108149,9.798553,-0.005715,-0.000394,-0.006428,0.382136,-0.619210,-1.210413,100336.0000
1764073575476605353,2025-11-25 17:56:15.473,0.808408,1.085929,286.728363,0.011371,0.010212,0.978874,0.135044,0.029640,9.771843,-0.002251,-0.003851,-0.002234,0.380210,-0.619697,-1.210377,100341.0000
1764073575576080075,2025-11-25 17:56:15.573,0.793440,1.108916,286.753853,0.011973,0.008799,0.978524,0.104068,0.143837,9.761688,0.004518,-0.002350,0.000223,0.379240,-0.621134,-1.210341,100333.0000
1764073575676867427,2025-11-25 17:56:15.673,0.793164,1.119787,286.779938,0.014090,0.006850,0.978685,0.137640,0.089493,9.794096,-0.003221,-0.001787,-0.006382,0.383566,-0.623482,-1.209406,100339.0000
1764073575776816223,2025-11-25 17:56:15.773,0.811599,1.107901,286.809059,0.014757,0.006567,0.979130,0.169382,-0.018887,9.812515,0.009741,0.006289,-0.003194,0.381665,-0.618714,-1.209451,100333.0000
1764073575876355593,2025-11-25 17:56:15.873,0.848540,1.080908,286.833527,0.013740,0.007989,0.979640,0.136724,0.119536,9.777312,0.001192,0.005680,-0.002218,0.380212,-0.620632,-1.209400,100338.0000
1764073575976394260,2025-11-25 17:56:15.973,0.883453,1.055573,286.855110,0.012064,0.010448,0.979836,0.097056,0.165081,9.781903,0.000908,0.000990,-0.003325,0.382150,-0.619647,-1.208480,100335.0000
1764073576075520982,2025-11-25 17:56:16.072,0.897775,1.045605,286.880478,0.011109,0.011999,0.979034,0.136338,0.070403,9.813226,0.002995,-0.001649,-0.002480,0.382125,-0.621599,-1.210377,100343.0000
1764073576176663556,2025-11-25 17:56:16.173,0.888734,1.057134,286.909180,0.011185,0.012624,0.977879,0.138246,0.104442,9.770180,-0.003019,-0.003938,-0.001958,0.384032,-0.623521,-1.211339,100339.0000
1764073576276957519,2025-11-25 17:56:16.273,0.867812,1.076434,286.935577,0.012371,0.011620,0.977253,0.104749,0.182116,9.751967,-0.002074,-0.004683,-0.005882,0.383107,-0.620598,-1.208480,100337.0000
1764073576376350352,2025-11-25 17:56:16.373,0.830068,1.082193,286.964302,0.013605,0.009650,0.977367,0.141125,0.016903,9.785943,-0.007182,-0.000865,-0.010129,0.384550,-0.619179,-1.209486,100343.0000
1764073576476319075,2025-11-25 17:56:16.473,0.807129,1.068582,286.988968,0.013942,0.007980,0.977906,0.142526,0.039828,9.778861,-0.001473,0.001255,-0.002113,0.383581,-0.619671,-1.209946,100339.0000
1764073576576327149,2025-11-25 17:56:16.573,0.797734,1.049896,287.010551,0.012302,0.006874,0.978942,0.088937,0.137935,9.778461,0.001307,0.001960,-0.001083,0.384059,-0.618734,-1.210930,100337.0000
1764073576676653297,2025-11-25 17:56:16.673,0.811189,1.033620,287.031288,0.010856,0.006893,0.979357,0.102670,0.051996,9.803404,0.005367,-0.000260,-0.006869,0.386946,-0.619666,-1.210477,100338.0000
1764073576775817500,2025-11-25 17:56:16.773,0.840199,1.046527,287.054291,0.009829,0.007689,0.979114,0.124213,0.007011,9.793899,0.007312,-0.004437,-0.001244,0.382620,-0.618730,-1.210428,100332.0000
1764073576876326037,2025-11-25 17:56:16.873,0.874189,1.078013,287.081345,0.010777,0.010050,0.978853,0.128167,0.184338,9.765914,0.004326,-0.006544,0.000580,0.384539,-0.620622,-1.209946,100339.0000
1764073576976569889,2025-11-25 17:56:16.973,0.896846,1.109489,287.106850,0.013108,0.011176,0.978369,0.129588,0.137137,9.792917,0.007458,-0.003865,-0.005923,0.384085,-0.616783,-1.209034,100335.0000
1764073577075554111,2025-11-25 17:56:17.072,0.903723,1.122778,287.129387,0.015496,0.011471,0.978536,0.195438,0.034167,9.795320,-0.001128,0.002773,-0.003395,0.385510,-0.619653,-1.209493,100340.0000
1764073577175837796,2025-11-25 17:56:17.172,0.893809,1.108028,287.152176,0.015493,0.011372,0.978764,0.126283,0.160727,9.773879,-0.000021,0.002193,-0.000778,0.383574,-0.619692,-1.210909,100340.0000
1764073577276090963,2025-11-25 17:56:17.273,0.865611,1.077579,287.175896,0.013821,0.010580,0.978752,0.097527,0.160541,9.776937,-0.007033,0.004718,-0.007186,0.385982,-0.620616,-1.209967,100333.0000
1764073577376797241,2025-11-25 17:56:17.373,0.843781,1.041458,287.201042,0.012274,0.008772,0.978656,0.135476,-0.010800,9.808120,-0.000345,0.005027,-0.003889,0.387429,-0.619187,-1.210492,100332.0000
1764073577478639796,2025-11-25 17:56:17.473,0.827476,1.021102,287.228851,0.010406,0.007733,0.978342,0.115749,0.066546,9.765058,-0.001711,0.000190,-0.003570,0.386937,-0.618274,-1.212425,100338.0000
1764073577576529000,2025-11-25 17:56:17.573,0.829104,1.022614,287.260162,0.009970,0.008371,0.978317,0.087115,0.168031,9.765459,0.004870,-0.003824,-0.005205,0.387920,-0.617274,-1.210528,100336.0000
1764073577677421037,2025-11-25 17:56:17.674,0.841618,1.045173,287.289963,0.010415,0.008885,0.978460,0.133457,0.034298,9.800224,0.004789,-0.006955,-0.005818,0.386969,-0.615835,-1.210054,100341.0000
1764073577776010852,2025-11-25 17:56:17.773,0.851459,1.075681,287.317238,0.011177,0.009619,0.978445,0.137315,0.047048,9.799675,-0.001761,-0.002774,-0.000730,0.386956,-0.619168,-1.209522,100336.0000
1764073577876620796,2025-11-25 17:56:17.873,0.862516,1.107265,287.333954,0.012465,0.009500,0.978627,0.120157,0.182079,9.756000,0.006006,-0.006361,-0.002055,0.387425,-0.619197,-1.210973,100341.0000
1764073577976037703,2025-11-25 17:56:17.973,0.869198,1.131608,287.354424,0.014232,0.009311,0.978784,0.143859,0.054970,9.806746,0.000797,-0.004170,-0.004975,0.388406,-0.617729,-1.209565,100332.0000
1764073578075876666,2025-11-25 17:56:18.073,0.876241,1.137865,287.379272,0.014888,0.009301,0.978926,0.184422,0.018626,9.791385,0.008157,-0.002520,-0.002264,0.389839,-0.620578,-1.209061,100330.0000
1764073578176046574,2025-11-25 17:56:18.173,0.879133,1.123141,287.408676,0.015624,0.010082,0.979278,0.114914,0.186850,9.763309,0.002367,0.007259,-0.003156,0.387438,-0.618221,-1.210025,100338.0000
1764073578276640425,2025-11-25 17:56:18.273,0.879604,1.088145,287.441757,0.014593,0.009989,0.979464,0.110943,0.112926,9.803727,-0.001925,0.004555,-0.003041,0.389862,-0.616747,-1.208638,100334.0000
1764073578376823685,2025-11-25 17:56:18.373,0.877603,1.044078,287.475815,0.012775,0.009934,0.978776,0.131711,0.013730,9.785048,0.000561,0.006918,-0.003737,0.392251,-0.620079,-1.208623,100340.0000
1764073578476428259,2025-11-25 17:56:18.473,0.871310,1.008811,287.500397,0.010612,0.009815,0.978273,0.092774,0.133862,9.764672,-0.000800,0.006718,-0.001859,0.390825,-0.618155,-1.207668,100337.0000
1764073578576319240,2025-11-25 17:56:18.573,0.866377,0.996515,287.517952,0.009181,0.009061,0.977868,0.055161,0.134094,9.768959,0.001182,-0.001088,-0.005138,0.391284,-0.619627,-1.209579,100333.0000
1764073578676158221,2025-11-25 17:56:18.673,0.863132,1.012215,287.540535,0.009470,0.008567,0.977939,0.125786,0.027127,9.804385,-0.000141,-0.005756,-0.003120,0.390339,-0.617700,-1.208631,100345.0000
1764073578775858073,2025-11-25 17:56:18.773,0.869458,1.047086,287.563881,0.010394,0.008802,0.978010,0.117242,0.110453,9.766361,0.004833,-0.009337,0.001384,0.390809,-0.616783,-1.210578,100342.0000
1764073578876161110,2025-11-25 17:56:18.873,0.877869,1.092888,287.594696,0.012780,0.009506,0.978303,0.128340,0.164832,9.777302,0.000372,-0.014240,-0.007273,0.391772,-0.618191,-1.209608,100341.0000
1764073578976578055,2025-11-25 17:56:18.973,0.880733,1.124447,287.627220,0.014022,0.009727,0.978861,0.161342,0.040099,9.811443,0.000298,-0.006031,-0.008780,0.392266,-0.616268,-1.209163,100332.0000
1764073579075789073,2025-11-25 17:56:19.073,0.881718,1.131425,287.653252,0.015391,0.010424,0.979016,0.180200,0.074090,9.774682,-0.000382,0.000672,-0.002835,0.393693,-0.618193,-1.210117,100343.0000
1764073579176775943,2025-11-25 17:56:19.173,0.876458,1.113518,287.676064,0.015031,0.010525,0.978658,0.132445,0.177690,9.774018,-0.002885,0.006508,-0.004575,0.394178,-0.619593,-1.208658,100334.0000
1764073579276168351,2025-11-25 17:56:19.273,0.869008,1.075545,287.701683,0.014075,0.009348,0.979212,0.125080,0.051650,9.799573,0.002113,0.005159,-0.005399,0.391770,-0.617724,-1.210096,100342.0000
1764073579376180740,2025-11-25 17:56:19.373,0.864985,1.034201,287.726662,0.012657,0.008871,0.979102,0.117260,0.031434,9.776255,-0.001788,0.005217,-0.005426,0.395145,-0.618633,-1.208687,100340.0000
1764073579476710739,2025-11-25 17:56:19.473,0.862610,1.009987,287.752434,0.010408,0.009313,0.978776,0.080398,0.161901,9.766859,0.000447,0.004523,-0.005902,0.393711,-0.615316,-1.209680,100334.0000
1764073579576582128,2025-11-25 17:56:19.573,0.858262,1.008263,287.781464,0.009746,0.008956,0.978331,0.089777,0.069642,9.779255,-0.001075,-0.002336,-0.010827,0.396125,-0.614340,-1.209249,100341.0000
1764073579676698702,2025-11-25 17:56:19.673,0.863907,1.028226,287.805214,0.010363,0.008997,0.977668,0.137668,0.012817,9.789498,0.004559,-0.005186,0.000429,0.393201,-0.617280,-1.212051,100339.0000
1764073579776276313,2025-11-25 17:56:19.773,0.871245,1.055548,287.827774,0.011858,0.009757,0.977919,0.095876,0.177893,9.755816,0.000735,-0.002954,-0.000695,0.395153,-0.617200,-1.208709,100336.0000
1764073579876643739,2025-11-25 17:56:19.873,0.874178,1.082071,287.853821,0.012897,0.010097,0.977720,0.136774,0.104353,9.772421,0.000692,-0.003556,-0.006480,0.395155,-0.615310,-1.209701,100337.0000
1764073579976081406,2025-11-25 17:56:19.973,0.876177,1.092885,287.875984,0.014296,0.009229,0.978620,0.173216,0.019125,9.811991,0.006231,-0.002207,-0.002626,0.394190,-0.617205,-1.208695,100337.0000
1764073580075667998,2025-11-25 17:56:20.073,0.881457,1.085302,287.903717,0.014278,0.009420,0.979370,0.129535,0.133560,9.779081,-0.001603,0.004040,-0.001088,0.394671,-0.615790,-1.209687,100343.0000
1764073580176082850,2025-11-25 17:56:20.173,0.885931,1.065398,287.927803,0.013973,0.009396,0.979653,0.112660,0.142183,9.799559,0.006017,-0.000780,-0.003600,0.397567,-0.616224,-1.208278,100335.0000
1764073580275819646,2025-11-25 17:56:20.273,0.888371,1.043112,287.954620,0.012654,0.009932,0.979611,0.141556,0.040768,9.812680,-0.000930,0.003412,-0.005533,0.397553,-0.615320,-1.210700,100341.0000
1764073580376396183,2025-11-25 17:56:20.373,0.885766,1.033225,287.978249,0.011255,0.010832,0.979061,0.112214,0.107934,9.790428,-0.000193,0.000115,-0.002138,0.397067,-0.616277,-1.210678,100338.0000
1764073580475327294,2025-11-25 17:56:20.473,0.869962,1.038817,288.004234,0.010767,0.010870,0.978296,0.089315,0.177298,9.769547,-0.004676,-0.004607,-0.003901,0.396112,-0.614848,-1.210685,100343.0000
1764073580575865461,2025-11-25 17:56:20.573,0.856452,1.052431,288.026840,0.011510,0.009593,0.978200,0.129236,0.032008,9.813336,-0.001910,-0.003696,-0.004292,0.395658,-0.612421,-1.208790,100336.0000
1764073580676286628,2025-11-25 17:56:20.673,0.849562,1.064489,288.051773,0.012820,0.008210,0.977728,0.149988,0.040733,9.782942,0.000124,-0.001181,-0.001253,0.397536,-0.616306,-1.212129,100338.0000
1764073580776003554,2025-11-25 17:56:20.773,0.850192,1.069228,288.074333,0.013318,0.008433,0.978069,0.116739,0.166097,9.755609,0.003301,-0.000138,-0.005120,0.397065,-0.615810,-1.211167,100334.0000
1764073580876199331,2025-11-25 17:56:20.873,0.858329,1.064940,288.095650,0.013648,0.007965,0.978326,0.140306,0.060596,9.792735,-0.002375,0.001536,-0.004748,0.398041,-0.615297,-1.209744,100338.0000
1764073580975976442,2025-11-25 17:56:20.973,0.872703,1.051659,288.118019,0.013142,0.008995,0.978576,0.146819,0.012193,9.793838,0.004781,0.001260,-0.002873,0.398972,-0.617732,-1.212129,100330.0000
1764073581075635183,2025-11-25 17:56:21.072,0.887217,1.038354,288.139687,0.012429,0.009849,0.978916,0.100586,0.159764,9.768740,0.001888,-0.000295,-0.000744,0.398505,-0.617226,-1.210685,100340.0000
1764073581176643850,2025-11-25 17:56:21.173,0.896479,1.033947,288.164207,0.011769,0.010384,0.978767,0.111553,0.105410,9.793807,0.004250,0.000378,-0.004472,0.400466,-0.613823,-1.208357,100339.0000
1764073581276746924,2025-11-25 17:56:21.273,0.898596,1.036089,288.190147,0.011799,0.010342,0.978959,0.138132,0.026976,9.801210,-0.001056,0.001618,-0.003613,0.399493,-0.615270,-1.208803,100341.0000
1764073581376522442,2025-11-25 17:56:21.373,0.898430,1.041878,288.212044,0.011737,0.010498,0.978745,0.098171,0.158095,9.769895,0.002690,-0.002069,-0.000234,0.397067,-0.616277,-1.210678,100339.0000
1764073581476611053,2025-11-25 17:56:21.473,0.892407,1.057807,288.231941,0.012012,0.009763,0.978452,0.121853,0.110376,9.791777,-0.004161,-0.005215,-0.006371,0.399491,-0.614803,-1.209291,100341.0000
1764073581576648646,2025-11-25 17:56:21.573,0.881060,1.073202,288.251930,0.012516,0.009435,0.978345,0.156338,-0.001653,9.796193,0.001846,-0.005133,-0.001096,0.401410,-0.615282,-1.209794,100335.0000
1764073581676144646,2025-11-25 17:56:21.673,0.870589,1.078161,288.272934,0.013661,0.009309,0.978107,0.125065,0.140999,9.754789,-0.000999,-0.000187,-0.002170,0.399952,-0.617209,-1.210224,100338.0000
1764073581776578423,2025-11-25 17:56:21.773,0.869985,1.069398,288.295601,0.014099,0.008733,0.978203,0.126059,0.129846,9.782646,-0.001172,0.005279,-0.005849,0.400450,-0.614809,-1.209787,100335.0000
1764073581875843071,2025-11-25 17:56:21.873,0.873075,1.047359,288.315735,0.013611,0.008273,0.978675,0.164980,-0.011114,9.809984,-0.001371,0.003333,-0.003757,0.403358,-0.611909,-1.208911,100332.0000
1764073581976619553,2025-11-25 17:56:21.973,0.885214,1.025567,288.335220,0.012099,0.008889,0.979345,0.118633,0.102966,9.796898,0.007476,0.002041,-0.000149,0.399498,-0.613370,-1.209313,100328.0000
1764073582075910868,2025-11-25 17:56:22.072,0.899348,1.013534,288.355721,0.011146,0.009760,0.979414,0.070171,0.173865,9.781979,0.002025,-0.001375,-0.005412,0.401423,-0.615719,-1.207861,100335.0000
1764073582179039868,2025-11-25 17:56:22.173,0.906826,1.018263,288.373688,0.011387,0.010312,0.979057,0.135429,0.039609,9.802740,-0.001004,-0.005033,-0.004466,0.401904,-0.613359,-1.209349,100340.0000
1764073582277270312,2025-11-25 17:56:22.273,0.901349,1.034533,288.393410,0.011573,0.010960,0.977999,0.137910,0.113100,9.775282,0.002469,-0.003554,-0.001289,0.399981,-0.613835,-1.208831,100335.0000
1764073582376463219,2025-11-25 17:56:22.373,0.886070,1.053019,288.415627,0.012569,0.010563,0.977749,0.105320,0.173732,9.748605,-0.009883,-0.002258,-0.006054,0.401919,-0.613318,-1.207423,100341.0000
1764073582476050719,2025-11-25 17:56:22.473,0.865609,1.054477,288.441124,0.013649,0.009427,0.977458,0.132760,0.008788,9.782120,0.000475,0.001447,-0.003945,0.400930,-0.613394,-1.210778,100334.0000
1764073582576165015,2025-11-25 17:56:22.573,0.852030,1.046136,288.465485,0.013960,0.008097,0.978195,0.141383,0.058537,9.775477,-0.003406,0.003589,-0.002519,0.400448,-0.614341,-1.210275,100335.0000
1764073582676705478,2025-11-25 17:56:22.673,0.859215,1.030639,288.484787,0.013107,0.007262,0.979065,0.091025,0.158965,9.761315,0.007073,0.000640,-0.003370,0.402373,-0.615745,-1.209319,100334.0000
1764073582775979367,2025-11-25 17:56:22.773,0.876869,1.017482,288.503822,0.011864,0.007883,0.979718,0.120559,0.034827,9.805395,0.002532,-0.000795,-0.004740,0.403335,-0.614328,-1.210318,100339.0000
1764073582876375552,2025-11-25 17:56:22.873,0.903327,1.017464,288.522232,0.010674,0.009232,0.979225,0.132362,0.064543,9.793043,0.007551,-0.005105,-0.001032,0.404791,-0.613346,-1.209391,100342.0000
1764073582976420811,2025-11-25 17:56:22.973,0.922212,1.033292,288.542435,0.011009,0.011163,0.978587,0.098855,0.211270,9.771131,0.006871,-0.002940,-0.001319,0.402858,-0.614320,-1.209830,100338.0000
1764073583075506830,2025-11-25 17:56:23.072,0.923759,1.051668,288.565613,0.012499,0.011396,0.978301,0.155555,0.050400,9.805918,-0.003747,-0.003649,-0.003124,0.403350,-0.612875,-1.209377,100335.0000
1764073583175965274,2025-11-25 17:56:23.173,0.912348,1.066772,288.587021,0.013311,0.011030,0.977808,0.163747,0.038087,9.780429,0.002836,0.000020,-0.001426,0.403841,-0.612375,-1.208429,100326.0000
1764073583276524052,2025-11-25 17:56:23.273,0.895457,1.069317,288.608597,0.014209,0.010085,0.978331,0.115737,0.184644,9.776911,-0.006275,0.002071,-0.001874,0.403344,-0.612418,-1.210348,100339.0000
1764073583376614348,2025-11-25 17:56:23.373,0.883574,1.054923,288.632668,0.013667,0.008763,0.978960,0.133540,0.057765,9.812610,0.002704,0.004589,-0.005785,0.402873,-0.612867,-1.208889,100332.0000
1764073583476676330,2025-11-25 17:56:23.473,0.875164,1.033155,288.653389,0.013036,0.008854,0.978779,0.138466,0.046904,9.777174,0.003860,0.005673,-0.001327,0.404787,-0.613356,-1.209873,100331.0000
1764073583576662774,2025-11-25 17:56:23.573,0.875954,1.014359,288.672585,0.011803,0.009279,0.978622,0.101482,0.187418,9.763323,-0.004688,0.004707,-0.002196,0.408655,-0.611875,-1.208508,100343.0000
1764073583676314756,2025-11-25 17:56:23.673,0.870319,1.002689,288.692253,0.011015,0.009343,0.978181,0.098662,0.100089,9.786910,0.001473,-0.002941,-0.003822,0.406241,-0.612852,-1.208939,100338.0000
1764073583775931626,2025-11-25 17:56:23.773,0.864167,1.004714,288.712158,0.010996,0.008740,0.978266,0.122536,0.011564,9.801122,-0.001206,0.001773,-0.002149,0.404811,-0.610937,-1.208465,100342.0000
1764073583876975885,2025-11-25 17:56:23.873,0.866172,1.019691,288.728027,0.011916,0.008289,0.978711,0.106230,0.158883,9.753251,-0.000589,-0.003903,-0.002284,0.406229,-0.612882,-1.210383,100345.0000
1764073583976769422,2025-11-25 17:56:23.973,0.875812,1.037439,288.748917,0.012352,0.008120,0.979436,0.106546,0.102978,9.813668,0.001248,-0.001210,-0.009055,0.404791,-0.613346,-1.209391,100332.0000
1764073584075859070,2025-11-25 17:56:24.073,0.903093,1.052516,288.770035,0.013208,0.008484,0.979587,0.145186,0.006270,9.816974,0.004956,-0.001227,0.001083,0.405759,-0.612854,-1.208931,100341.0000
1764073584176131829,2025-11-25 17:56:24.173,0.928847,1.056593,288.791260,0.013864,0.010312,0.978859,0.131045,0.179194,9.774211,0.001923,-0.001466,0.001168,0.405284,-0.613313,-1.207954,100341.0000
1764073584276466477,2025-11-25 17:56:24.273,0.941035,1.044280,288.814774,0.013606,0.011338,0.978403,0.105391,0.141755,9.790914,0.004200,0.000180,-0.005829,0.406243,-0.612374,-1.208946,100337.0000
1764073584375524274,2025-11-25 17:56:24.373,0.936606,1.022862,288.836678,0.013058,0.011535,0.977862,0.155599,0.038196,9.791369,-0.002043,0.003259,0.000346,0.405772,-0.613291,-1.206999,100328.0000
1764073584476570051,2025-11-25 17:56:24.473,0.915502,0.999181,288.859306,0.011919,0.011560,0.977983,0.106416,0.146485,9.762678,-0.008243,0.003827,-0.004520,0.408174,-0.611877,-1.208501,100335.0000
1764073584576173662,2025-11-25 17:56:24.573,0.885623,0.992932,288.886139,0.010624,0.010562,0.977939,0.086147,0.143296,9.777741,-0.004050,-0.003826,-0.005887,0.408646,-0.612841,-1.208974,100338.0000
1764073584678035644,2025-11-25 17:56:24.673,0.857669,1.001353,288.913521,0.010399,0.008187,0.978819,0.128542,0.003006,9.821290,-0.007271,-0.005559,-0.006010,0.408654,-0.610463,-1.209492,100337.0000
1764073584776327273,2025-11-25 17:56:24.773,0.848841,1.021400,288.936546,0.011108,0.006931,0.978891,0.116363,0.097917,9.774070,0.002104,-0.006535,0.001575,0.407201,-0.610967,-1.210426,100332.0000
1764073584876047755,2025-11-25 17:56:24.873,0.857326,1.048559,288.958389,0.011881,0.007135,0.979322,0.097430,0.146061,9.781167,0.004081,-0.003518,-0.003349,0.409119,-0.610034,-1.211914,100340.0000
1764073584976437236,2025-11-25 17:56:24.973,0.890731,1.072068,288.980637,0.013665,0.007697,0.979170,0.164916,0.008887,9.806022,0.008198,-0.007156,-0.004394,0.405757,-0.611919,-1.209909,100341.0000
1764073585075520051,2025-11-25 17:56:25.073,0.923000,1.072617,288.998436,0.015172,0.009578,0.978983,0.162535,0.094325,9.774645,0.005938,0.003573,0.001238,0.406248,-0.611419,-1.208961,100335.0000
1764073585176654032,2025-11-25 17:56:25.173,0.943281,1.045767,289.020187,0.015392,0.011312,0.978792,0.128963,0.174948,9.782090,0.002456,0.006469,-0.006462,0.408173,-0.610465,-1.209485,100345.0000
1764073585276262884,2025-11-25 17:56:25.273,0.943420,1.001251,289.043304,0.013878,0.012232,0.979208,0.131457,0.058196,9.811374,-0.000858,0.006074,-0.006768,0.410097,-0.612814,-1.208033,100339.0000
1764073585376232384,2025-11-25 17:56:25.373,0.921098,0.959869,289.067551,0.011434,0.011644,0.978681,0.118022,0.096985,9.787955,-0.007463,0.005700,-0.002591,0.411051,-0.613775,-1.208514,100340.0000
1764073585476024791,2025-11-25 17:56:25.473,0.890193,0.945256,289.090645,0.008816,0.010073,0.977710,0.058817,0.158232,9.760942,0.000801,-0.005298,-0.005133,0.410074,-0.612875,-1.210921,100339.0000
1764073585576141995,2025-11-25 17:56:25.573,0.870485,0.964900,289.112328,0.008303,0.007500,0.977518,0.095692,0.012659,9.799527,-0.002706,-0.008806,-0.005655,0.411054,-0.612352,-1.209017,100337.0000
1764073585678638606,2025-11-25 17:56:25.675,0.868843,1.012082,289.129761,0.009849,0.007021,0.977604,0.144983,0.033898,9.795113,-0.000303,-0.010605,0.000777,0.406235,-0.610982,-1.210893,100342.0000
1764073585775873606,2025-11-25 17:56:25.773,0.883066,1.068207,289.152893,0.012454,0.008067,0.978371,0.133125,0.172457,9.764462,0.002641,-0.010386,-0.006701,0.411057,-0.609517,-1.210505,100337.0000
1764073585875945976,2025-11-25 17:56:25.873,0.907192,1.107800,289.176979,0.014993,0.009434,0.979325,0.151124,0.069888,9.810613,0.004149,-0.009260,-0.004258,0.410097,-0.612814,-1.208033,100331.0000
1764073585976521902,2025-11-25 17:56:25.973,0.917365,1.112235,289.205894,0.016452,0.010536,0.979712,0.170336,0.064483,9.798387,-0.002322,0.004184,-0.004606,0.408657,-0.609985,-1.209500,100339.0000
1764073586075891958,2025-11-25 17:56:26.073,0.919195,1.078850,289.238205,0.016338,0.010815,0.979711,0.160095,0.207838,9.776113,0.000032,0.011420,-0.004252,0.410579,-0.609041,-1.210505,100337.0000
1764073586176431198,2025-11-25 17:56:26.173,0.915493,1.017312,289.265419,0.014886,0.010037,0.978947,0.128212,0.073949,9.779484,-0.003541,0.008335,-0.008038,0.409618,-0.610926,-1.209018,100337.0000
1764073586276581513,2025-11-25 17:56:26.273,0.908357,0.955891,289.290047,0.012227,0.009453,0.978177,0.140392,0.022946,9.785774,0.002238,0.008677,-0.002594,0.412041,-0.609929,-1.207624,100332.0000
1764073586377309754,2025-11-25 17:56:26.373,0.906533,0.916175,289.308975,0.009588,0.009576,0.977685,0.065847,0.184234,9.744308,-0.001287,0.005793,-0.004105,0.412976,-0.609996,-1.211008,100340.0000
1764073586476656254,2025-11-25 17:56:26.473,0.908954,0.909166,289.328964,0.007901,0.009004,0.977626,0.073516,0.080453,9.784249,-0.000098,-0.006814,-0.007281,0.414441,-0.609461,-1.208630,100335.0000
1764073586576240902,2025-11-25 17:56:26.573,0.910967,0.940753,289.354675,0.008246,0.008812,0.978114,0.123325,0.028023,9.791020,-0.002357,-0.009710,-0.002018,0.412506,-0.609968,-1.209557,100344.0000
1764073586676552346,2025-11-25 17:56:26.673,0.913562,1.001165,289.382652,0.009990,0.009471,0.978471,0.099475,0.161354,9.754953,-0.000790,-0.012645,-0.003156,0.412521,-0.608514,-1.208616,100335.0000
1764073586775914717,2025-11-25 17:56:26.773,0.921410,1.063292,289.414253,0.013049,0.009111,0.978719,0.145211,0.083696,9.789874,0.003023,-0.013462,-0.007385,0.412039,-0.609461,-1.208113,100351.0000
1764073586876383365,2025-11-25 17:56:26.873,0.928756,1.102573,289.441566,0.016082,0.009175,0.979237,0.194049,0.008129,9.803697,0.002143,-0.002883,-0.002771,0.410581,-0.609976,-1.209528,100341.0000
1764073586976901050,2025-11-25 17:56:26.973,0.935861,1.106364,289.467064,0.016860,0.010100,0.979639,0.159969,0.169441,9.786022,0.001517,0.001656,-0.004215,0.412512,-0.608067,-1.210067,100337.0000
1764073587076930846,2025-11-25 17:56:27.073,0.935914,1.072164,289.492638,0.016461,0.010757,0.979648,0.144901,0.101458,9.809920,0.002645,0.004463,-0.002780,0.413956,-0.608528,-1.209600,100338.0000
1764073587176531346,2025-11-25 17:56:27.173,0.924229,1.015407,289.515907,0.014444,0.010278,0.979213,0.149729,0.014796,9.807449,0.001603,0.007229,-0.002181,0.414906,-0.609499,-1.210562,100336.0000
1764073587277020364,2025-11-25 17:56:27.273,0.916293,0.958704,289.541908,0.011145,0.009788,0.978130,0.086206,0.143845,9.766522,0.000733,0.006927,-0.003449,0.414912,-0.609957,-1.209592,100337.0000
1764073587376239476,2025-11-25 17:56:27.373,0.905788,0.926558,289.570541,0.009303,0.008793,0.977848,0.067080,0.105014,9.795586,0.000721,0.002396,-0.007841,0.415897,-0.608478,-1.207703,100330.0000
1764073587476586661,2025-11-25 17:56:27.473,0.908729,0.926124,289.597450,0.008892,0.008153,0.977322,0.121665,-0.004040,9.785128,0.002341,-0.004422,-0.003567,0.416374,-0.608487,-1.208191,100341.0000
1764073587576040698,2025-11-25 17:56:27.573,0.917056,0.951891,289.625412,0.010049,0.008711,0.977707,0.105886,0.135061,9.748796,0.004191,-0.006812,-0.002034,0.416373,-0.608019,-1.208680,100344.0000
1764073587676056512,2025-11-25 17:56:27.673,0.936954,0.994964,289.651222,0.011810,0.008902,0.978464,0.113420,0.127560,9.789433,0.001663,-0.008179,-0.007009,0.417322,-0.607578,-1.210627,100341.0000
1764073587776336994,2025-11-25 17:56:27.773,0.952319,1.029593,289.679962,0.013633,0.009356,0.979184,0.159400,-0.001539,9.811012,0.003843,-0.006459,-0.003940,0.416339,-0.609524,-1.212027,100339.0000
1764073587876065938,2025-11-25 17:56:27.873,0.963354,1.046885,289.703400,0.014561,0.010731,0.979308,0.122141,0.149365,9.773933,-0.003403,-0.002004,-0.000632,0.416349,-0.610438,-1.210087,100341.0000
1764073587976505642,2025-11-25 17:56:27.973,0.960636,1.042165,289.731804,0.014970,0.010973,0.979454,0.124532,0.159848,9.779403,-0.000801,0.001778,-0.008849,0.415900,-0.608468,-1.207221,100330.0000
1764073588075955957,2025-11-25 17:56:28.072,0.947152,1.016536,289.763474,0.014210,0.010561,0.979088,0.156868,0.042367,9.804411,-0.002090,0.006221,-0.006484,0.418299,-0.608478,-1.208220,100339.0000
1764073588178217864,2025-11-25 17:56:28.173,0.930989,0.984922,289.793938,0.013121,0.009510,0.978569,0.136654,0.113953,9.771680,-0.002829,0.004424,-0.001997,0.417814,-0.609903,-1.207709,100338.0000
1764073588276399123,2025-11-25 17:56:28.273,0.917701,0.958686,289.819817,0.010987,0.008695,0.978325,0.078112,0.155081,9.769838,-0.000654,0.003002,-0.006653,0.418301,-0.608001,-1.208227,100335.0000
1764073588376280716,2025-11-25 17:56:28.373,0.914656,0.950910,289.848564,0.009942,0.007665,0.978189,0.114181,0.009504,9.807994,0.003941,-0.000630,-0.005393,0.421180,-0.608008,-1.209233,100337.0000
1764073588475988104,2025-11-25 17:56:28.473,0.931188,0.962615,289.871307,0.010522,0.007768,0.978088,0.139858,0.082492,9.792184,0.006138,-0.001490,0.000505,0.416374,-0.608487,-1.208191,100332.0000
1764073588576683308,2025-11-25 17:56:28.573,0.952923,0.983830,289.895767,0.011515,0.009315,0.978283,0.107040,0.177417,9.785128,0.005602,-0.006033,-0.004327,0.420720,-0.606069,-1.207811,100339.0000
1764073588676821049,2025-11-25 17:56:28.673,0.971181,1.002274,289.923058,0.013626,0.010330,0.978724,0.153929,0.047360,9.803013,0.004552,-0.000178,-0.006638,0.419739,-0.607537,-1.209219,100336.0000
1764073588776341197,2025-11-25 17:56:28.773,0.971630,0.999066,289.954659,0.014859,0.010803,0.978848,0.158687,0.072698,9.784476,-0.000168,0.000695,-0.002142,0.419253,-0.607082,-1.210181,100337.0000
1764073588876535697,2025-11-25 17:56:28.873,0.962273,0.981795,289.988617,0.014218,0.011035,0.978856,0.102890,0.196561,9.785874,-0.003254,0.006569,-0.005691,0.418791,-0.607033,-1.207767,100338.0000
1764073588977537623,2025-11-25 17:56:28.973,0.947912,0.955463,290.020935,0.013092,0.009919,0.978586,0.132064,0.072140,9.802412,-0.001733,0.004796,-0.010886,0.420228,-0.607514,-1.208263,100339.0000
1764073589075899512,2025-11-25 17:56:29.073,0.939626,0.936103,290.049179,0.011342,0.008802,0.978153,0.123467,0.019444,9.785142,0.004929,0.002815,-0.003350,0.419761,-0.602293,-1.209780,100343.0000
1764073589176508419,2025-11-25 17:56:29.173,0.937371,0.935319,290.077385,0.010544,0.008334,0.977980,0.096120,0.170126,9.767176,-0.002890,0.000207,-0.002629,0.422140,-0.607069,-1.210224,100342.0000
1764073589276398604,2025-11-25 17:56:29.273,0.945286,0.946709,290.107681,0.010713,0.008218,0.978354,0.102948,0.054945,9.792978,0.005045,-0.002511,-0.007997,0.421187,-0.607520,-1.208758,100332.0000
1764073589376319622,2025-11-25 17:56:29.373,0.950781,0.966376,290.138580,0.014481,0.011364,0.978143,0.161893,0.149733,9.734769,-0.001549,-0.001272,-0.005396,0.422142,-0.608004,-1.209247,100340.0000
1764073589477000363,2025-11-25 17:56:29.473,0.913476,0.972411,290.181076,0.009395,0.015891,0.977562,-0.019544,0.345715,9.778028,-0.008163,-0.006049,-0.008141,0.422631,-0.607981,-1.208291,100346.0000
1764073589576666956,2025-11-25 17:56:29.573,0.766541,1.049274,290.239426,-0.002562,0.022770,0.987497,-0.047184,0.160149,9.941170,-0.034386,-0.030955,-0.013971,0.422160,-0.603715,-1.209794,100337.0000
1764073589676752178,2025-11-25 17:56:29.673,0.529609,1.304831,290.308151,-0.016716,0.014339,0.993777,0.069740,-0.157335,9.960899,-0.042658,-0.060820,-0.013652,0.418278,-0.601933,-1.215061,100337.0000
1764073589776154307,2025-11-25 17:56:29.773,0.284685,1.618470,290.388939,0.008239,-0.000308,0.982156,0.135811,-0.069353,9.727267,-0.036299,-0.049211,-0.012545,0.417790,-0.597240,-1.218979,100335.0000
1764073589876483067,2025-11-25 17:56:29.873,0.115576,1.776705,290.479294,0.025956,-0.004878,0.969559,0.356997,-0.060462,9.649894,-0.020929,-0.006077,-0.020722,0.417783,-0.597728,-1.219453,100341.0000
1764073589976761085,2025-11-25 17:56:29.973,0.023202,1.653189,290.588226,0.030494,-0.007580,0.965498,0.261480,-0.128780,9.706817,-0.008930,0.044986,-0.021610,0.422125,-0.596266,-1.219057,100339.0000
1764073590075535492,2025-11-25 17:56:30.072,-0.014624,1.309706,290.723976,0.020360,-0.005493,0.968451,0.076768,0.032289,9.684682,-0.002235,0.067651,-0.021084,0.423092,-0.596719,-1.218101,100336.0000
1764073590176328918,2025-11-25 17:56:30.173,-0.042105,0.855747,290.876083,0.013291,-0.003232,0.973699,0.179222,-0.001783,9.784315,-0.001409,0.079407,-0.031975,0.432723,-0.595242,-1.218266,100341.0000
1764073590276605492,2025-11-25 17:56:30.273,-0.047397,0.414337,291.026878,0.014415,-0.003535,0.975538,0.093766,-0.210184,9.764015,-0.020738,0.013912,-0.038175,0.442386,-0.593207,-1.214586,100335.0000
1764073590376424937,2025-11-25 17:56:30.373,0.176836,0.949894,290.960846,0.031776,-0.015918,0.986418,0.318410,-0.127618,10.058707,0.042010,-0.062293,0.012416,0.434187,-0.595652,-1.215391,100336.0000
1764073590477124326,2025-11-25 17:56:30.473,0.311287,1.157217,290.976463,0.049275,0.010624,0.984884,0.232787,0.044892,9.635794,0.013235,0.015125,-0.009075,0.433244,-0.595606,-1.212970,100334.0000
1764073590575748900,2025-11-25 17:56:30.573,0.285141,0.983257,291.055725,0.024545,0.017800,0.987449,-0.275904,0.180691,9.766881,-0.011067,0.047521,-0.018492,0.436121,-0.596091,-1.213969,100336.0000
1764073590676348159,2025-11-25 17:56:30.673,0.120041,0.757548,291.177681,-0.007465,0.012403,0.986003,-0.338896,0.081062,9.672059,-0.035855,0.021065,-0.021408,0.439498,-0.594165,-1.214047,100337.0000
1764073590776218603,2025-11-25 17:56:30.773,-0.081993,0.682561,291.297112,-0.012864,-0.005789,0.967681,-0.183321,-0.212503,9.646933,-0.025414,-0.008866,-0.019638,0.442881,-0.591284,-1.214141,100340.0000
1764073590876352214,2025-11-25 17:56:30.873,-0.195696,0.772451,291.402374,-0.012139,-0.013710,0.973482,0.083361,-0.121993,9.824697,-0.009221,-0.030011,-0.019490,0.442400,-0.588928,-1.215615,100339.0000
1764073590976908918,2025-11-25 17:56:30.973,-0.223909,0.938657,291.507912,0.001264,-0.010154,0.970357,0.306121,-0.069821,9.824951,-0.003674,-0.026464,-0.014483,0.442369,-0.589010,-1.219466,100337.0000
1764073591075854621,2025-11-25 17:56:31.073,-0.194426,1.085518,291.616066,0.003377,-0.014419,0.981076,0.149402,-0.108353,9.911606,0.014854,-0.026193,-0.026002,0.441928,-0.587965,-1.215141,100339.0000
1764073591177084603,2025-11-25 17:56:31.173,-0.138222,1.136710,291.726265,0.019644,-0.010435,0.983537,0.298711,-0.259605,9.818872,0.015432,0.008548,-0.021245,0.442384,-0.589914,-1.217044,100335.0000
1764073591278164362,2025-11-25 17:56:31.274,-0.076574,0.995766,291.853043,0.026549,-0.006658,0.977472,0.079402,-0.139552,9.771096,0.012670,0.021749,-0.023310,0.449149,-0.587922,-1.214766,100340.0000
1764073591376181399,2025-11-25 17:56:31.373,0.044680,1.159285,291.914940,0.016092,-0.005524,0.976716,0.347096,0.242467,9.818356,0.016218,-0.038174,-0.006719,0.448172,-0.588435,-1.216189,100336.0000
1764073591476223455,2025-11-25 17:56:31.473,0.045086,1.194626,291.975044,0.038212,0.011330,0.979680,0.316556,0.075798,9.745290,-0.011341,0.020867,-0.013329,0.448203,-0.586940,-1.213323,100341.0000
1764073591576245066,2025-11-25 17:56:31.573,-0.087284,0.930580,292.049843,0.027749,0.004092,0.984204,0.110917,-0.067897,9.879811,-0.029390,0.054901,-0.009928,0.452530,-0.585986,-1.214364,100339.0000
1764073591676572936,2025-11-25 17:56:31.673,-0.149401,0.785326,292.083290,-0.009569,-0.019358,0.980378,0.026695,-0.112343,9.846308,0.005104,-0.021605,0.002892,0.451578,-0.585492,-1.213394,100337.0000
1764073591776719325,2025-11-25 17:56:31.773,-0.075590,0.909763,292.057953,-0.000285,-0.016635,0.976299,0.146039,-0.140506,9.811312,0.018392,-0.028553,0.005327,0.453530,-0.583054,-1.211534,100336.0000
1764073591876137047,2025-11-25 17:56:31.873,0.066925,0.982049,292.068474,0.019379,-0.011342,0.975015,0.329356,-0.074029,9.777312,0.027895,0.000382,-0.005353,0.454014,-0.583987,-1.210564,100342.0000
1764073591976561325,2025-11-25 17:56:31.973,0.189526,0.916525,292.099457,0.016636,-0.000698,0.975300,0.066911,0.054446,9.797277,0.016242,0.015953,-0.004269,0.454045,-0.581548,-1.208193,100335.0000
1764073592076646825,2025-11-25 17:56:32.072,0.224384,0.811768,292.119606,0.006374,0.003604,0.982692,0.163682,0.033510,9.875977,-0.001157,0.022409,-0.005131,0.454999,-0.584867,-1.207194,100331.0000
1764073592176723139,2025-11-25 17:56:32.173,0.197949,0.715282,292.121674,0.004346,0.000944,0.979865,0.083013,0.028134,9.779858,-0.003921,0.019849,0.003804,0.455470,-0.585363,-1.208156,100339.0000
1764073592276128047,2025-11-25 17:56:32.273,0.161931,0.672512,292.108749,-0.000933,-0.002554,0.978519,-0.064524,-0.064440,9.783868,-0.009198,0.006740,0.003056,0.456466,-0.581496,-1.206303,100342.0000
1764073592376389991,2025-11-25 17:56:32.373,0.139584,0.689896,292.090347,0.004118,-0.006060,0.977245,0.026328,-0.082232,9.734049,0.002558,-0.002123,0.002717,0.458872,-0.581485,-1.206339,100341.0000
1764073592475963417,2025-11-25 17:56:32.473,0.146808,0.746711,292.075203,-0.002965,-0.007001,0.973105,-0.327784,-0.124019,9.543252,0.002935,-0.036703,0.011447,0.457907,-0.582913,-1.205821,100337.0000
1764073592576373306,2025-11-25 17:56:32.573,0.180418,1.005551,292.009880,-0.001049,-0.002536,0.982406,-0.148820,-0.040725,9.765009,0.007242,-0.068442,0.017340,0.456470,-0.581486,-1.205822,100336.0000
1764073592676648935,2025-11-25 17:56:32.673,0.205685,1.370611,291.900314,0.018156,-0.004073,0.981500,-0.032393,-0.100803,9.585661,0.006702,-0.048685,0.022349,0.451647,-0.582483,-1.206699,100336.0000
1764073592776662843,2025-11-25 17:56:32.773,0.189147,1.487869,291.804337,0.038771,0.001874,0.979479,0.318943,0.001490,9.741694,-0.000476,-0.005140,0.017885,0.448278,-0.581086,-1.207634,100332.0000
1764073592876539139,2025-11-25 17:56:32.873,0.188433,1.515712,291.674019,0.029367,-0.009913,0.973532,0.321111,0.024704,9.772404,0.011715,-0.013757,0.036907,0.447819,-0.579614,-1.205723,100337.0000
1764073592977352991,2025-11-25 17:56:32.973,0.188874,1.422262,291.493958,0.029625,-0.007308,0.973134,0.128213,-0.327012,9.613797,0.013316,-0.017402,0.054407,0.444903,-0.582534,-1.207562,100336.0000
1764073593075845102,2025-11-25 17:56:33.072,0.221663,1.390951,291.216850,0.041453,0.002070,0.985284,0.327799,-0.051528,9.893662,0.013339,0.028022,0.050741,0.444460,-0.582434,-1.202741,100337.0000
1764073593176687250,2025-11-25 17:56:33.173,0.236026,1.140873,290.966980,0.025718,-0.001719,0.981328,0.268395,0.158010,9.931955,0.010238,0.019921,0.051746,0.443499,-0.583851,-1.201742,100341.0000
1764073593276919491,2025-11-25 17:56:33.273,0.262338,0.976097,290.723892,0.021219,0.002836,0.985058,0.253790,0.058709,9.859370,0.004083,0.031165,0.032492,0.441573,-0.584805,-1.201218,100339.0000
1764073593376627157,2025-11-25 17:56:33.373,0.225193,0.738140,290.530457,0.016898,0.005133,0.978746,0.255244,-0.124146,9.777745,-0.014981,0.044183,0.034845,0.442055,-0.587628,-1.199255,100338.0000
1764073593476702805,2025-11-25 17:56:33.473,0.133879,0.465302,290.355568,0.012720,-0.005455,0.971990,0.227280,-0.025638,9.739641,-0.007709,0.046572,0.032660,0.443042,-0.581902,-1.199839,100341.0000
1764073593576436509,2025-11-25 17:56:33.573,0.099108,0.158706,290.173927,0.014609,-0.011400,0.975139,0.018641,-0.070018,9.758838,0.002488,0.056502,0.029903,0.441614,-0.584225,-1.196411,100337.0000
1764073593676636379,2025-11-25 17:56:33.673,0.169420,-0.099920,289.970337,-0.004412,-0.012751,0.977613,-0.072365,-0.202460,9.808106,0.022854,0.029015,0.036514,0.442589,-0.583245,-1.195477,100339.0000
1764073593778060972,2025-11-25 17:56:33.773,0.266108,-0.178265,289.780876,-0.015808,0.002559,0.979526,-0.255853,0.108745,9.782561,0.008840,-0.007464,0.033323,0.441611,-0.587061,-1.194923,100335.0000
1764073593876588083,2025-11-25 17:56:33.873,0.270316,0.027254,289.634445,-0.025959,0.008630,0.978211,-0.211827,0.099543,9.750919,-0.007500,-0.059901,0.019924,0.435818,-0.587138,-1.197245,100338.0000
1764073593976657583,2025-11-25 17:56:33.973,0.208250,0.463323,289.533730,-0.011024,0.001413,0.978846,0.021237,-0.024941,9.792120,-0.009401,-0.085976,0.016143,0.429576,-0.587603,-1.195219,100337.0000
1764073594075923527,2025-11-25 17:56:34.073,0.166517,0.940194,289.451370,0.009445,-0.008425,0.980093,0.210020,-0.101808,9.778452,-0.003240,-0.074790,0.014014,0.426680,-0.584811,-1.198109,100345.0000
1764073594176771323,2025-11-25 17:56:34.173,0.204763,1.270220,289.362297,0.024536,-0.011899,0.979296,0.264963,-0.039799,9.773058,0.014348,-0.037424,0.015062,0.421387,-0.585780,-1.197535,100330.0000
1764073594276882527,2025-11-25 17:56:34.273,0.310532,1.381150,289.264755,0.029394,-0.007770,0.980302,0.272407,-0.146429,9.802803,0.016910,-0.002594,0.015863,0.418024,-0.583894,-1.197995,100339.0000
1764073594376635027,2025-11-25 17:56:34.373,0.430986,1.313436,289.161087,0.021018,-0.000402,0.980212,0.161028,0.065301,9.815694,0.022361,0.020963,0.021033,0.419003,-0.586675,-1.194115,100338.0000
1764073594477313527,2025-11-25 17:56:34.473,0.499290,1.196525,289.060654,0.008348,0.006967,0.978796,0.091706,0.220706,9.794895,0.012341,0.023469,0.015563,0.417089,-0.586185,-1.193131,100337.0000
1764073594576411601,2025-11-25 17:56:34.573,0.500696,1.092262,288.969597,0.005780,0.008484,0.976009,0.078955,0.005813,9.757987,-0.005603,0.014096,0.013323,0.416613,-0.586645,-1.192154,100339.0000
1764073594676278397,2025-11-25 17:56:34.673,0.460389,1.012965,288.881866,0.006855,0.001879,0.974428,0.033997,-0.088260,9.716836,-0.003739,0.012092,0.017332,0.415674,-0.586588,-1.189251,100342.0000
1764073594776207638,2025-11-25 17:56:34.773,0.439247,0.939527,288.783409,0.009976,-0.002540,0.975084,0.037318,0.106518,9.768194,-0.002116,0.009435,0.020130,0.415190,-0.585655,-1.190222,100335.0000
1764073594875884823,2025-11-25 17:56:34.873,0.433175,0.887450,288.664062,0.005446,0.001201,0.980136,0.073883,-0.001549,9.839625,-0.000768,0.003314,0.024018,0.413780,-0.582744,-1.187837,100337.0000
1764073594976738008,2025-11-25 17:56:34.973,0.398391,0.883278,288.513458,0.006425,0.003721,0.982119,0.070375,-0.057927,9.812317,-0.009458,-0.001995,0.032912,0.414734,-0.583706,-1.188318,100346.0000
1764073595075513989,2025-11-25 17:56:35.072,0.336805,0.899296,288.339348,0.011019,0.002044,0.982034,0.075632,0.066732,9.781428,-0.006920,-0.002022,0.032819,0.411374,-0.582755,-1.187801,100339.0000
1764073595175939286,2025-11-25 17:56:35.173,0.275612,0.904628,288.162582,0.008605,-0.002752,0.980871,0.085174,-0.093193,9.819762,-0.008957,-0.005661,0.029984,0.407975,-0.582852,-1.191603,100341.0000
1764073595276394600,2025-11-25 17:56:35.273,0.263959,0.947141,287.994957,0.005992,-0.006853,0.979908,0.068145,-0.121942,9.803320,0.003511,-0.011243,0.030956,0.408005,-0.581358,-1.188737,100337.0000
1764073595376404952,2025-11-25 17:56:35.373,0.307001,1.023244,287.831757,0.006714,-0.005414,0.977334,0.094188,0.037375,9.726403,0.015992,-0.018878,0.030107,0.404153,-0.580440,-1.189657,100342.0000
1764073595478120082,2025-11-25 17:56:35.473,0.361673,1.084567,287.650452,0.016330,0.000837,0.973622,0.243716,0.058572,9.764704,0.006452,-0.007637,0.033067,0.402713,-0.581382,-1.188659,100335.0000
1764073595575727582,2025-11-25 17:56:35.573,0.379364,1.071240,287.447121,0.019915,0.004081,0.975263,0.150918,0.046179,9.801289,-0.003194,0.001523,0.040506,0.396480,-0.579935,-1.186662,100340.0000
1764073595676479878,2025-11-25 17:56:35.673,0.362684,1.017937,287.226395,0.009682,0.000276,0.979300,-0.034634,0.040130,9.768375,-0.003361,0.006276,0.039383,0.396934,-0.584721,-1.187078,100335.0000
1764073595776337471,2025-11-25 17:56:35.773,0.368784,1.017437,286.992172,0.002637,-0.005149,0.983124,0.053451,-0.029954,9.849895,0.010968,-0.009762,0.039533,0.395523,-0.581342,-1.185182,100336.0000
1764073595876173656,2025-11-25 17:56:35.873,0.398527,1.088359,286.758484,0.004784,-0.001763,0.980262,0.121047,-0.074602,9.773007,0.013829,-0.015015,0.044186,0.391681,-0.581339,-1.184162,100342.0000
1764073595976492637,2025-11-25 17:56:35.973,0.415979,1.208755,286.520912,0.008358,0.002209,0.976592,0.113146,0.092327,9.767109,0.001580,-0.024838,0.042110,0.388307,-0.581842,-1.184587,100335.0000
1764073596075791748,2025-11-25 17:56:36.072,0.425647,1.342197,286.268745,0.012045,0.000542,0.977947,0.157926,-0.039890,9.781610,0.007629,-0.020615,0.044255,0.386880,-0.580863,-1.183136,100332.0000
1764073596176644285,2025-11-25 17:56:36.173,0.410311,1.426783,285.998459,0.020519,0.003454,0.978674,0.212839,-0.023587,9.783728,-0.004089,-0.007379,0.053164,0.382075,-0.581810,-1.181606,100335.0000
1764073596277686859,2025-11-25 17:56:36.274,0.369970,1.423159,285.709198,0.021774,0.000601,0.978144,0.087935,0.057153,9.696497,-0.002522,0.005087,0.053371,0.379171,-0.579983,-1.184962,100341.0000
1764073596377215803,2025-11-25 17:56:36.373,0.362727,1.357434,285.402054,0.020596,-0.007905,0.976394,0.225652,-0.109461,9.780999,0.008927,0.013553,0.053287,0.374381,-0.577118,-1.183972,100335.0000
1764073596476633100,2025-11-25 17:56:36.473,0.418619,1.425911,285.015816,0.001583,-0.017565,0.968747,-0.417836,-0.490914,9.557879,0.036942,-0.124929,0.111422,0.373942,-0.577953,-1.178174,100332.0000
1764073596575914248,2025-11-25 17:56:36.573,0.604840,2.104831,284.465958,0.039694,0.004871,0.984708,0.130060,0.213198,9.735750,0.028162,-0.097859,0.100934,0.359469,-0.581891,-1.180309,100341.0000
1764073596676427192,2025-11-25 17:56:36.673,0.684031,2.326291,283.972809,0.071564,0.015987,0.981256,0.741155,0.310065,9.804990,0.001995,-0.011363,0.080707,0.353215,-0.582386,-1.179728,100337.0000
1764073596776250470,2025-11-25 17:56:36.773,0.683735,1.963286,283.516037,0.078385,0.005234,0.986841,1.155633,-0.052655,10.115365,-0.000056,0.093505,0.072312,0.347946,-0.582349,-1.176761,100340.0000
1764073596876344359,2025-11-25 17:56:36.873,0.836376,1.825191,282.911491,0.015524,-0.019162,0.971345,1.472648,0.008453,10.319150,0.039917,-0.009842,0.121524,0.343150,-0.584688,-1.173284,100337.0000
1764073596976403396,2025-11-25 17:56:36.973,1.086509,1.790763,282.250031,0.046363,0.009927,0.982577,0.740865,0.065560,9.943590,0.033994,0.050239,0.106418,0.333997,-0.589942,-1.171143,100341.0000
1764073597075627377,2025-11-25 17:56:37.073,1.212636,1.518341,281.599373,0.040401,0.024696,0.978087,0.233980,0.172511,9.753963,0.015960,0.086816,0.111911,0.329189,-0.589953,-1.170590,100336.0000
1764073597176158970,2025-11-25 17:56:37.173,1.158141,1.063532,280.962196,0.030128,0.028204,0.977190,-0.199296,0.358014,9.638147,-0.021336,0.098854,0.109697,0.322453,-0.592342,-1.169009,100340.0000
1764073597276493340,2025-11-25 17:56:37.273,0.977112,0.526444,280.346313,0.014163,0.021155,0.980778,-0.336243,0.150769,9.788924,-0.036646,0.078417,0.100250,0.320053,-0.591865,-1.168500,100340.0000
1764073597376928470,2025-11-25 17:56:37.373,0.777371,0.035818,279.741707,0.009755,0.000122,0.980888,-0.079403,-0.252805,9.753407,-0.012922,0.065504,0.112533,0.316207,-0.589047,-1.169931,100335.0000
1764073597476490266,2025-11-25 17:56:37.473,0.781313,-0.289329,279.139320,-0.012378,-0.019970,0.971063,0.013276,-0.063981,9.755106,0.029064,0.015495,0.105520,0.308992,-0.590014,-1.168847,100336.0000
1764073597576264488,2025-11-25 17:56:37.573,1.009664,-0.235123,278.569847,-0.022732,-0.003487,0.972629,0.161653,0.165089,9.823762,0.049287,-0.036103,0.095368,0.304150,-0.596245,-1.168680,100336.0000
1764073597676649118,2025-11-25 17:56:37.673,1.219608,0.131934,278.066017,-0.009905,0.018664,0.969708,0.019855,0.188730,9.744880,0.028989,-0.072844,0.081871,0.295982,-0.597664,-1.166131,100342.0000
1764073597775892710,2025-11-25 17:56:37.773,1.300791,0.648829,277.646187,0.006317,0.027303,0.979002,-0.260283,0.447168,9.522634,0.010274,-0.068111,0.065221,0.284430,-0.601029,-1.164465,100335.0000
1764073597876431469,2025-11-25 17:56:37.873,1.212658,1.124855,277.311508,0.020997,0.027161,0.985977,0.275050,0.212309,9.907713,-0.020159,-0.065367,0.051992,0.273336,-0.599738,-1.168656,100335.0000
1764073597976479747,2025-11-25 17:56:37.973,1.090225,1.517530,277.071861,0.016307,0.004551,0.990617,0.203472,-0.161158,9.905308,-0.011393,-0.059735,0.029195,0.266599,-0.599768,-1.168556,100337.0000
1764073598075593191,2025-11-25 17:56:38.073,1.121609,1.803184,276.915176,0.026460,-0.008306,0.986730,0.173742,-0.166995,9.801752,0.033843,-0.037328,0.022004,0.259388,-0.599312,-1.167975,100341.0000
1764073598177072654,2025-11-25 17:56:38.173,1.351974,1.923916,276.855621,0.031714,-0.001196,0.974810,0.250942,0.237082,9.644855,0.048962,-0.011174,0.001474,0.258918,-0.600229,-1.166028,100343.0000
1764073598276618451,2025-11-25 17:56:38.273,1.596686,1.833368,276.882706,0.035341,0.020539,0.970338,0.394699,0.278399,9.740623,0.035740,0.026540,-0.012562,0.259396,-0.603062,-1.164547,100335.0000
1764073598376650210,2025-11-25 17:56:38.373,1.722119,1.614972,276.979279,0.020926,0.027644,0.971433,-0.141334,0.278480,9.640457,0.011751,0.034575,-0.015486,0.261821,-0.603001,-1.162176,100338.0000
1764073598476491599,2025-11-25 17:56:38.473,1.769170,1.441773,277.165558,0.000299,0.020593,0.982719,-0.031932,0.411644,9.815531,0.002309,0.011856,-0.035737,0.263266,-0.607232,-1.159243,100334.0000
1764073598576716265,2025-11-25 17:56:38.573,1.761505,1.368574,277.400246,0.003118,0.025279,0.983229,0.007791,0.097375,9.829885,-0.004919,0.005118,-0.050844,0.263302,-0.601012,-1.158857,100342.0000
1764073598676485858,2025-11-25 17:56:38.673,1.767462,1.293401,277.697311,0.020046,0.016926,0.977215,0.133293,0.266145,9.668476,-0.000096,0.017179,-0.058673,0.271460,-0.602917,-1.160393,100340.0000
1764073598776194987,2025-11-25 17:56:38.773,1.747320,1.088596,278.042030,0.025951,0.028486,0.972319,0.245399,0.424444,9.770147,-0.005536,0.034075,-0.062383,0.276759,-0.602405,-1.159997,100341.0000
1764073598876776191,2025-11-25 17:56:38.873,1.681691,0.840764,278.428627,0.006745,0.020573,0.977014,0.078620,0.057896,9.911505,-0.010703,0.028728,-0.073330,0.282028,-0.602443,-1.162963,100332.0000
1764073598975866450,2025-11-25 17:56:38.973,1.683308,0.755551,278.851753,-0.009935,0.012152,0.981661,-0.036328,0.020435,9.791795,0.008154,-0.002827,-0.070549,0.288293,-0.601916,-1.162100,100334.0000
1764073599075582061,2025-11-25 17:56:39.072,1.723219,0.806462,279.303673,0.003750,0.018643,0.981917,0.165048,0.416727,9.853007,0.002869,-0.008261,-0.079771,0.292158,-0.600446,-1.161216,100332.0000
1764073599176383413,2025-11-25 17:56:39.173,1.739371,0.823163,279.796402,0.017351,0.025295,0.978145,0.227234,0.210329,9.761255,0.001277,-0.000299,-0.091522,0.298423,-0.597562,-1.161834,100335.0000
1764073599276897894,2025-11-25 17:56:39.273,1.688242,0.747992,280.325539,0.018164,0.029406,0.971336,0.149742,0.299948,9.690074,-0.020873,0.019013,-0.094787,0.305649,-0.596564,-1.161474,100340.0000
1764073599377340320,2025-11-25 17:56:39.373,1.569280,0.631271,280.868591,0.015449,0.020934,0.973357,-0.017834,0.208770,9.755039,-0.014603,0.021876,-0.092083,0.314329,-0.592703,-1.161661,100330.0000
1764073599476755709,2025-11-25 17:56:39.473,1.519380,0.520596,281.423195,0.005743,0.010769,0.981379,-0.102381,0.083288,9.769460,0.002928,0.010469,-0.102614,0.320124,-0.590736,-1.160331,100339.0000
1764073599576449376,2025-11-25 17:56:39.573,1.541019,0.421881,281.991066,0.015251,0.021039,0.978180,0.079861,0.270800,9.777157,-0.000145,0.014715,-0.099190,0.328758,-0.592181,-1.162844,100335.0000
1764073599676576209,2025-11-25 17:56:39.673,1.538376,0.325587,282.575630,0.003707,0.021193,0.983560,-0.037732,0.225301,9.842351,0.000889,0.002010,-0.102865,0.335994,-0.590685,-1.161529,100340.0000
1764073599776386357,2025-11-25 17:56:39.773,1.561781,0.361450,283.176102,-0.009448,0.013791,0.984670,-0.107355,0.190098,9.843076,0.009393,-0.031525,-0.107930,0.342725,-0.590197,-1.162598,100343.0000
1764073599875907320,2025-11-25 17:56:39.873,1.584131,0.552248,283.800896,-0.000495,0.024064,0.978247,0.241800,0.250111,9.797022,-0.003013,-0.041657,-0.109469,0.347557,-0.586822,-1.162239,100341.0000
1764073599976925709,2025-11-25 17:56:39.973,1.535041,0.755585,284.458397,0.012926,0.026490,0.972536,0.176015,0.355911,9.703788,-0.017535,-0.041113,-0.117642,0.354785,-0.583934,-1.162871,100330.0000
1764073600075808061,2025-11-25 17:56:40.072,1.432716,0.874479,285.130798,0.021195,0.019991,0.973563,0.335197,0.086861,9.802011,-0.016853,-0.018429,-0.115180,0.360100,-0.580078,-1.162527,100335.0000
1764073600177621579,2025-11-25 17:56:40.173,1.400806,0.927057,285.792175,0.015662,0.008014,0.979275,0.128224,0.001173,9.834648,0.003034,-0.008899,-0.111939,0.368764,-0.577204,-1.164143,100341.0000
1764073600276142523,2025-11-25 17:56:40.273,1.483490,0.966239,286.436897,0.010472,0.010242,0.983344,0.711317,-0.016527,10.052794,0.022555,-0.004933,-0.103164,0.374049,-0.577200,-1.165184,100338.0000
1764073600376210523,2025-11-25 17:56:40.373,1.539214,1.018976,287.059326,0.007028,0.033689,0.978886,0.025565,0.446055,9.754721,-0.006504,-0.015445,-0.105695,0.383202,-0.574771,-1.165355,100337.0000
1764073600476290801,2025-11-25 17:56:40.473,1.393338,1.019999,287.654350,0.024762,0.039899,0.976109,0.258144,0.359334,9.745374,-0.043571,0.006486,-0.099644,0.385148,-0.570463,-1.165450,100335.0000
1764073600576817542,2025-11-25 17:56:40.573,1.095773,0.925894,288.220215,0.017568,0.023080,0.977935,-0.072429,0.277109,9.684340,-0.050521,0.019563,-0.092220,0.395245,-0.566668,-1.169028,100341.0000
1764073600677088931,2025-11-25 17:56:40.673,0.798718,0.781303,288.757843,0.017003,0.012702,0.977346,0.131929,0.341464,9.776293,-0.046441,0.024018,-0.097240,0.401010,-0.561479,-1.173526,100337.0000
1764073600775985412,2025-11-25 17:56:40.773,0.586068,0.632399,289.239937,0.012080,-0.004653,0.979981,-0.109576,-0.168427,9.689763,-0.022797,0.025881,-0.080517,0.409677,-0.558595,-1.174661,100334.0000
1764073600875531227,2025-11-25 17:56:40.873,0.564862,0.581529,289.665382,-0.002626,-0.010619,0.978624,-0.165523,0.001095,9.700418,0.010421,-0.005829,-0.064727,0.414033,-0.554266,-1.174309,100335.0000
1764073600976967764,2025-11-25 17:56:40.973,0.720078,0.653871,290.033363,0.000567,-0.005790,0.980215,0.229883,0.040350,9.884592,0.034943,-0.021089,-0.064946,0.417400,-0.557554,-1.172382,100335.0000
1764073601076028708,2025-11-25 17:56:41.073,0.946766,0.812919,290.367096,0.006198,0.007033,0.978730,0.084923,0.069640,9.779989,0.037685,-0.028487,-0.056356,0.420770,-0.557061,-1.172439,100343.0000
1764073601176507782,2025-11-25 17:56:41.173,1.143611,0.986377,290.677780,0.011731,0.012797,0.972434,-0.163297,0.490139,9.694833,0.035071,-0.025622,-0.047961,0.421736,-0.557992,-1.171476,100336.0000
1764073601276497856,2025-11-25 17:56:41.273,1.272293,1.175972,290.978485,0.002171,0.024099,0.969141,-0.036045,0.018881,9.642992,0.010546,-0.050586,-0.053641,0.425110,-0.558901,-1.170067,100339.0000
1764073601376304115,2025-11-25 17:56:41.373,1.212151,1.350436,291.262947,0.025007,0.032657,0.981902,0.662341,0.638305,10.003732,-0.026831,-0.031373,-0.047218,0.424170,-0.556019,-1.169134,100335.0000
1764073601475948245,2025-11-25 17:56:41.473,1.195375,1.431783,291.562630,0.021483,-0.011834,0.993633,0.211366,-0.118433,10.034873,0.023423,-0.007560,-0.058667,0.428012,-0.553664,-1.171635,100336.0000
1764073601578126374,2025-11-25 17:56:41.573,1.485624,1.593843,291.890572,0.010002,-0.005450,0.988992,0.126410,0.184124,9.664297,0.065316,-0.017601,-0.059984,0.429944,-0.558351,-1.167739,100340.0000
1764073601676267893,2025-11-25 17:56:41.673,1.792611,1.631039,292.268822,0.036184,0.028319,0.969912,0.150416,0.358185,9.628560,0.042644,0.013265,-0.073004,0.435249,-0.557351,-1.166869,100339.0000
1764073601776368948,2025-11-25 17:56:41.773,1.965030,1.508420,292.716072,0.020392,0.032321,0.973344,-0.145778,0.372464,9.730581,0.025700,0.013454,-0.082033,0.438633,-0.558708,-1.164009,100333.0000
1764073601876012022,2025-11-25 17:56:41.873,2.094297,1.448820,293.250351,0.009996,0.025987,0.975695,0.269347,0.509158,9.719198,0.016757,-0.006338,-0.100850,0.449214,-0.555845,-1.166616,100343.0000
1764073601976489096,2025-11-25 17:56:41.973,2.153684,1.370223,293.864975,0.021737,0.032665,0.975290,0.272018,0.265252,9.839216,0.003595,0.003780,-0.115769,0.455036,-0.555219,-1.160932,100330.0000
1764073602076184485,2025-11-25 17:56:42.072,2.142271,1.316051,294.553474,0.013335,0.031061,0.978397,0.172438,0.235149,9.778438,-0.003278,-0.004088,-0.119551,0.463715,-0.549947,-1.162103,100333.0000
1764073602176644337,2025-11-25 17:56:42.173,2.099575,1.255119,295.287338,0.026212,0.032924,0.979781,0.384697,0.349303,9.853850,-0.014536,0.013965,-0.127859,0.470935,-0.545666,-1.164683,100343.0000
1764073602277145022,2025-11-25 17:56:42.273,2.007806,1.128327,296.040516,0.024881,0.033187,0.979973,0.335011,0.368333,9.824797,-0.018560,0.027800,-0.136810,0.483025,-0.539320,-1.161105,100341.0000
1764073602376297948,2025-11-25 17:56:42.373,1.844694,0.925942,296.813297,0.027856,0.034733,0.975996,-0.087887,0.291765,9.602922,-0.030855,0.046953,-0.141631,0.493632,-0.533561,-1.162312,100337.0000
1764073602475817504,2025-11-25 17:56:42.473,1.660009,0.671483,297.586002,0.014596,0.021086,0.981036,-0.151320,0.427257,9.756645,-0.028363,0.031152,-0.135576,0.500875,-0.525916,-1.163980,100332.0000
1764073602577070837,2025-11-25 17:56:42.573,1.554018,0.503703,298.348896,0.005095,0.013842,0.983211,0.103146,0.216588,9.776309,-0.017410,0.014986,-0.131164,0.514862,-0.519166,-1.164289,100341.0000
1764073602676340966,2025-11-25 17:56:42.673,1.427748,0.360318,299.071999,0.015386,0.024446,0.974497,0.091261,0.160903,9.704741,-0.022282,0.014981,-0.117928,0.518252,-0.514852,-1.164405,100343.0000
1764073602776514059,2025-11-25 17:56:42.773,1.266460,0.246019,299.764896,0.006634,0.017050,0.973637,0.101458,0.258305,9.774916,-0.028283,0.008987,-0.114886,0.528375,-0.509573,-1.165597,100334.0000
1764073602876273781,2025-11-25 17:56:42.873,1.143804,0.253493,300.433311,-0.003882,0.009868,0.973893,0.021822,0.021161,9.789844,-0.017041,-0.010446,-0.116960,0.535142,-0.503333,-1.165792,100340.0000
1764073602977092170,2025-11-25 17:56:42.973,1.100732,0.419137,301.072952,-0.002143,0.008514,0.976955,0.000110,0.058543,9.730862,-0.000444,-0.035979,-0.104587,0.540433,-0.500484,-1.167840,100335.0000
1764073603075900596,2025-11-25 17:56:43.073,1.097732,0.656346,301.694862,0.008315,0.012438,0.978841,0.063181,0.096755,9.798085,0.000138,-0.042179,-0.104435,0.543836,-0.496606,-1.166022,100330.0000
1764073603177427429,2025-11-25 17:56:43.173,1.138479,0.884282,302.316483,0.017541,0.010326,0.983360,0.210399,0.100939,9.849087,0.013879,-0.040533,-0.108801,0.549102,-0.491938,-1.172432,100341.0000
1764073603276156707,2025-11-25 17:56:43.273,1.189113,1.010671,302.955395,0.027118,0.012673,0.983129,0.273762,0.080413,9.784680,0.008204,-0.018291,-0.107445,0.555855,-0.488564,-1.172583,100339.0000
1764073603376521318,2025-11-25 17:56:43.373,1.234674,0.993561,303.620312,0.028976,0.012709,0.980329,0.171892,0.110110,9.740695,0.004704,0.003210,-0.117029,0.564533,-0.485181,-1.172762,100338.0000
1764073603476288559,2025-11-25 17:56:43.473,1.293782,0.907581,304.316715,0.017273,0.010890,0.980521,0.238654,0.029566,9.858644,0.013474,0.010205,-0.126520,0.572245,-0.480868,-1.173904,100344.0000
1764073603577032429,2025-11-25 17:56:43.573,1.389401,0.872468,305.052006,0.005465,0.010487,0.980118,-0.039333,0.134291,9.855119,0.017941,-0.009557,-0.132302,0.580961,-0.477384,-1.169270,100336.0000
1764073603676172429,2025-11-25 17:56:43.673,1.503830,0.979051,305.813965,-0.000688,0.018013,0.980872,0.036671,0.143957,9.725365,0.015069,-0.029245,-0.133684,0.587241,-0.471633,-1.169932,100333.0000
1764073603776240373,2025-11-25 17:56:43.773,1.598295,1.146111,306.601692,0.011679,0.022125,0.974511,0.148459,0.283810,9.728227,0.009825,-0.037276,-0.138812,0.594005,-0.465871,-1.170119,100342.0000
1764073603876628040,2025-11-25 17:56:43.873,1.614235,1.262253,307.427750,0.024077,0.030583,0.973467,0.435701,0.147087,9.814954,-0.006779,-0.015766,-0.144049,0.597868,-0.461575,-1.171205,100333.0000
1764073603976294447,2025-11-25 17:56:43.973,1.516465,1.217750,308.293228,0.032537,0.026689,0.976421,0.220730,0.254397,9.754005,-0.026049,0.017956,-0.154095,0.607513,-0.454875,-1.172893,100336.0000
1764073604076073817,2025-11-25 17:56:44.073,1.420273,1.065273,309.206200,0.018416,0.010897,0.980794,0.159898,0.124970,9.813955,-0.012980,0.017407,-0.164327,0.616227,-0.447152,-1.171214,100335.0000
1764073604177333003,2025-11-25 17:56:44.173,1.400291,0.954024,310.146358,0.007672,0.010149,0.979390,0.090545,0.055418,9.804357,0.005302,0.007985,-0.166166,0.627351,-0.435638,-1.171553,100339.0000
1764073604276594354,2025-11-25 17:56:44.273,1.436934,0.937341,311.092621,0.007713,0.012620,0.978171,0.124472,0.199941,9.772573,0.005332,-0.001955,-0.162050,0.637018,-0.429822,-1.169857,100333.0000
1764073604377076039,2025-11-25 17:56:44.373,1.481589,0.934623,312.045357,0.016233,0.022596,0.976214,0.137648,0.312079,9.764821,0.002264,0.000292,-0.167282,0.645694,-0.425972,-1.170525,100341.0000
1764073604476671651,2025-11-25 17:56:44.473,1.454238,0.897777,313.002720,0.019138,0.026955,0.976909,0.232033,0.185687,9.788875,-0.009732,0.014233,-0.165587,0.656333,-0.414470,-1.171339,100330.0000
1764073604576950465,2025-11-25 17:56:44.573,1.313573,0.763326,313.960831,0.027503,0.034142,0.977477,0.176658,0.336349,9.741246,-0.040716,0.030124,-0.166455,0.664568,-0.404860,-1.170643,100337.0000
1764073604676587595,2025-11-25 17:56:44.673,1.045690,0.545708,314.911091,0.015701,0.021979,0.979562,0.018385,0.146050,9.811273,-0.044409,0.031458,-0.162693,0.675681,-0.394789,-1.171442,100337.0000
1764073604776210650,2025-11-25 17:56:44.773,0.775002,0.402161,315.838165,-0.000161,0.007263,0.979576,-0.072960,-0.121966,9.799835,-0.042008,0.004582,-0.161435,0.684857,-0.384757,-1.173657,100334.0000
1764073604876408910,2025-11-25 17:56:44.873,0.612143,0.415689,316.725899,-0.003820,-0.006066,0.979658,0.064569,-0.095356,9.815525,-0.013417,-0.019728,-0.148309,0.692614,-0.372313,-1.174442,100341.0000
1764073604976477206,2025-11-25 17:56:44.973,0.620757,0.566115,317.577328,0.002314,-0.009092,0.979169,0.139954,0.028623,9.805752,0.016575,-0.029960,-0.147816,0.696021,-0.366068,-1.173625,100336.0000
1764073605075628743,2025-11-25 17:56:45.073,0.768042,0.743906,318.394833,0.012451,-0.001997,0.977944,0.163217,-0.040924,9.805351,0.030328,-0.025668,-0.144088,0.702284,-0.359891,-1.176701,100340.0000
1764073605176193280,2025-11-25 17:56:45.173,0.966818,0.897458,319.196712,0.014141,0.009121,0.977724,0.438306,0.098971,9.825022,0.035060,-0.031094,-0.137361,0.710012,-0.354592,-1.176413,100340.0000
1764073605276348743,2025-11-25 17:56:45.273,1.140316,0.917498,319.998791,0.036714,0.016492,0.982940,0.574519,0.343610,9.981400,0.020628,0.015883,-0.140529,0.713923,-0.348283,-1.172715,100333.0000
1764073605376223094,2025-11-25 17:56:45.373,1.203139,0.788610,320.810101,0.017550,0.027651,0.977764,-0.178876,0.491063,9.642272,-0.001124,0.019086,-0.145428,0.720690,-0.340631,-1.173894,100335.0000
1764073605475984243,2025-11-25 17:56:45.473,1.137695,0.732656,321.603619,0.000180,0.022391,0.973483,0.056918,-0.016747,9.726586,-0.019030,-0.005823,-0.134424,0.728914,-0.330105,-1.175139,100341.0000
1764073605576148705,2025-11-25 17:56:45.573,1.003247,0.761367,322.362675,0.010166,0.016858,0.975305,0.255527,0.194063,9.839808,-0.022389,-0.004792,-0.129892,0.732808,-0.323370,-1.173854,100329.0000
1764073605676749835,2025-11-25 17:56:45.673,0.878772,0.790823,323.095203,0.014748,0.009846,0.978095,0.133648,0.100368,9.792800,-0.018142,-0.005360,-0.127703,0.738620,-0.315701,-1.174057,100337.0000
1764073605775901483,2025-11-25 17:56:45.773,0.793438,0.794688,323.812435,0.015852,0.005392,0.981253,0.195862,-0.116534,9.797852,-0.010891,0.001225,-0.123780,0.744907,-0.306160,-1.176221,100341.0000
1764073605876269335,2025-11-25 17:56:45.873,0.760602,0.760010,324.535130,0.019325,0.002626,0.982465,0.215110,0.109152,9.816056,-0.000768,0.011257,-0.128278,0.751218,-0.296558,-1.175497,100344.0000
1764073605976810724,2025-11-25 17:56:45.973,0.791090,0.703757,325.265072,0.012982,0.003466,0.981050,-0.037538,0.084592,9.772354,0.008067,0.008197,-0.129442,0.754607,-0.290832,-1.176597,100337.0000
1764073606075570705,2025-11-25 17:56:46.072,0.881738,0.659492,325.982857,0.009695,0.001162,0.978432,-0.039191,-0.009156,9.734112,0.023415,-0.001928,-0.119728,0.758014,-0.284586,-1.175780,100331.0000
1764073606177959075,2025-11-25 17:56:46.173,0.991359,0.675361,326.680992,0.004751,0.011521,0.978027,0.128718,0.237760,9.761610,0.016961,-0.010918,-0.116381,0.764806,-0.276394,-1.174079,100333.0000
1764073606277149927,2025-11-25 17:56:46.273,1.044553,0.715687,327.357273,0.016659,0.020286,0.978319,0.212598,0.212508,9.790890,0.002684,-0.005768,-0.119167,0.772552,-0.269164,-1.172858,100340.0000
1764073606376460686,2025-11-25 17:56:46.373,1.010011,0.712012,328.024599,0.015917,0.019524,0.976606,-0.012721,0.097548,9.690269,-0.014664,0.002259,-0.113415,0.774024,-0.263426,-1.172967,100337.0000
1764073606476934372,2025-11-25 17:56:46.473,0.948602,0.705755,328.687523,0.010690,0.011251,0.976764,0.103312,0.157762,9.767699,-0.005938,-0.006180,-0.112315,0.776956,-0.252924,-1.174134,100334.0000
1764073606576113112,2025-11-25 17:56:46.573,0.908303,0.709084,329.346064,0.012642,0.009583,0.976877,0.035488,0.119188,9.752910,-0.005137,-0.003161,-0.114884,0.781305,-0.246725,-1.175737,100331.0000
1764073606676738260,2025-11-25 17:56:46.673,0.858966,0.756162,330.004538,0.002819,0.012824,0.977346,0.087847,0.000954,9.781447,-0.014052,-0.021095,-0.111285,0.784715,-0.241415,-1.173942,100338.0000
1764073606776245038,2025-11-25 17:56:46.773,0.780151,0.904715,330.650587,0.001696,0.011634,0.978437,0.074204,0.187421,9.806895,-0.011427,-0.034947,-0.111624,0.788117,-0.229997,-1.177056,100336.0000
1764073606876996908,2025-11-25 17:56:46.873,0.687736,1.127556,331.280273,0.010284,0.008695,0.981162,0.222389,-0.030942,9.850698,-0.014746,-0.040117,-0.110129,0.787632,-0.223881,-1.181476,100328.0000
1764073606976655538,2025-11-25 17:56:46.973,0.633879,1.318918,331.891151,0.022544,0.002396,0.981882,0.339783,-0.021283,9.813362,-0.004364,-0.024767,-0.105283,0.789125,-0.214788,-1.181155,100341.0000
1764073607075881853,2025-11-25 17:56:47.072,0.661871,1.374473,332.486305,0.033417,0.000355,0.981274,0.306616,0.113794,9.781835,0.006808,0.005191,-0.102369,0.792500,-0.210982,-1.182708,100334.0000
1764073607176176241,2025-11-25 17:56:47.173,0.750064,1.241273,333.076105,0.033666,0.006774,0.978759,0.139707,0.058918,9.751258,0.019163,0.034745,-0.106393,0.796879,-0.202822,-1.181933,100335.0000
1764073607276140093,2025-11-25 17:56:47.273,0.833822,1.007326,333.666754,0.018980,0.010789,0.976866,0.035946,0.084729,9.736098,0.007543,0.038497,-0.103249,0.800795,-0.195558,-1.178249,100337.0000
1764073607376541852,2025-11-25 17:56:47.373,0.887890,0.754848,334.249247,0.024313,0.009530,0.979134,0.423018,0.140375,9.802594,0.014386,0.049722,-0.100885,0.808081,-0.190159,-1.173141,100337.0000
1764073607476664019,2025-11-25 17:56:47.473,0.960509,0.241210,334.818762,0.062174,0.007093,0.982435,0.737234,0.101696,9.874429,0.016237,0.124552,-0.101670,0.812967,-0.185228,-1.167028,100333.0000
1764073607576886501,2025-11-25 17:56:47.573,1.011294,-0.669945,335.376110,0.048642,0.018554,0.986514,0.158741,0.229154,9.897902,-0.000600,0.175584,-0.097820,0.825570,-0.181157,-1.158125,100335.0000
1764073607676206575,2025-11-25 17:56:47.673,0.915319,-1.508023,335.926292,-0.022747,0.026571,0.981571,-0.790238,0.301320,9.659666,-0.024190,0.107346,-0.094791,0.834348,-0.172793,-1.148750,100339.0000
1764073607775746297,2025-11-25 17:56:47.772,0.742174,-1.787188,336.453827,-0.054971,0.011189,0.975361,-0.716426,-0.042740,9.652609,-0.015405,-0.003760,-0.095083,0.840629,-0.169869,-1.147442,100334.0000
1764073607876241426,2025-11-25 17:56:47.873,0.611532,-1.526721,336.965965,-0.040970,-0.000550,0.970865,-0.358112,-0.160839,9.639894,-0.014335,-0.089738,-0.090735,0.841154,-0.158910,-1.149062,100335.0000
1764073607976247315,2025-11-25 17:56:47.973,0.598905,-0.841020,337.474283,-0.043175,-0.007015,0.959967,-0.252851,-0.077350,9.568755,0.012631,-0.160640,-0.083099,0.838714,-0.154298,-1.156320,100334.0000
1764073608075861426,2025-11-25 17:56:48.072,0.720354,0.192301,337.984846,-0.027647,-0.001151,0.953779,0.065099,0.241189,9.596265,0.029729,-0.194173,-0.087181,0.830462,-0.148867,-1.168803,100332.0000
1764073608178367648,2025-11-25 17:56:48.173,0.865280,1.236143,338.504549,0.022833,0.012607,0.968009,0.544138,0.133580,9.764570,0.019303,-0.153130,-0.087322,0.821268,-0.142445,-1.179361,100337.0000
1764073608276923426,2025-11-25 17:56:48.273,0.929881,1.859726,339.034191,0.064363,0.020125,0.988294,0.788200,0.240498,9.960922,-0.000680,-0.057756,-0.091308,0.819292,-0.135991,-1.190025,100344.0000
1764073608377053037,2025-11-25 17:56:48.373,0.893591,1.925368,339.551592,0.071159,0.019167,0.998422,0.569734,0.172237,9.990905,-0.013519,0.029093,-0.093082,0.821725,-0.131193,-1.189653,100339.0000
1764073608476225500,2025-11-25 17:56:48.473,0.804266,1.565718,340.046196,0.056981,0.010585,0.996621,0.420994,0.034220,9.934867,-0.012842,0.081382,-0.081769,0.827069,-0.124908,-1.187419,100339.0000
1764073608576238722,2025-11-25 17:56:48.573,0.736742,0.982684,340.501633,0.036792,0.002602,0.989149,0.259971,0.110216,9.830215,-0.004015,0.108374,-0.076241,0.836290,-0.118057,-1.181880,100337.0000
1764073608676113444,2025-11-25 17:56:48.673,0.742541,0.377757,340.933380,0.016241,-0.001577,0.979590,0.148456,-0.085109,9.789248,0.011515,0.104185,-0.077176,0.845517,-0.114021,-1.173891,100333.0000
1764073608776051370,2025-11-25 17:56:48.773,0.804376,-0.216490,341.376209,0.020312,0.002400,0.974859,0.140026,-0.003189,9.744989,0.017204,0.114151,-0.077435,0.850889,-0.111903,-1.165333,100343.0000
1764073608876677629,2025-11-25 17:56:48.873,0.870100,-0.861764,341.848240,0.014925,0.014023,0.978354,-0.034288,0.344822,9.793860,0.006462,0.116027,-0.090362,0.860105,-0.105540,-1.160268,100335.0000
1764073608976951611,2025-11-25 17:56:48.973,0.833905,-1.388359,342.344587,-0.013605,0.019509,0.981199,-0.392618,0.098030,9.797806,-0.011964,0.070400,-0.090320,0.866449,-0.098204,-1.153731,100336.0000
1764073609076057314,2025-11-25 17:56:49.073,0.729824,-1.556346,342.834620,-0.038974,0.010855,0.977611,-0.598459,-0.035574,9.703952,-0.012958,-0.017245,-0.079870,0.872270,-0.091928,-1.151986,100341.0000
1764073609178744759,2025-11-25 17:56:49.173,0.608193,-1.117747,343.283171,-0.076338,0.010093,0.959558,-0.830499,0.190552,9.442627,-0.015585,-0.159062,-0.071353,0.870327,-0.086327,-1.157822,100339.0000
1764073609275809407,2025-11-25 17:56:49.273,0.549625,0.036741,343.684834,-0.056171,-0.005632,0.946985,0.219245,-0.169524,9.652420,-0.001168,-0.245697,-0.068063,0.863499,-0.081886,-1.172238,100337.0000
1764073609379263333,2025-11-25 17:56:49.376,0.615670,1.334036,344.066851,0.019182,-0.005165,0.960630,0.849498,-0.042375,9.774222,0.023604,-0.198316,-0.060360,0.854251,-0.077964,-1.188054,100335.0000
1764073609475873388,2025-11-25 17:56:49.473,0.762345,2.173091,344.476240,0.075087,0.005798,0.982298,1.017087,0.273838,9.896730,0.022645,-0.074115,-0.074244,0.847474,-0.072446,-1.196707,100337.0000
1764073609576390203,2025-11-25 17:56:49.573,0.894570,2.205867,344.928916,0.104519,0.013431,0.999375,0.961210,0.126931,10.036162,0.017826,0.073639,-0.084385,0.849400,-0.069134,-1.198712,100335.0000
1764073609676375666,2025-11-25 17:56:49.673,0.957677,1.489476,345.396937,0.084707,0.013296,1.003656,0.462158,-0.033049,9.997256,0.006606,0.167582,-0.081578,0.857671,-0.066028,-1.189250,100344.0000
1764073609776114647,2025-11-25 17:56:49.773,1.013500,0.439526,345.835048,0.033851,0.004046,0.995370,-0.453674,0.016511,9.669513,0.015765,0.173428,-0.075217,0.870320,-0.059476,-1.176051,100336.0000
1764073609876341888,2025-11-25 17:56:49.873,1.053046,-0.375149,346.209751,-0.030502,0.015268,0.985894,-0.337089,0.112218,9.825741,0.002745,0.087154,-0.066004,0.879055,-0.054528,-1.169994,100336.0000
1764073609976769258,2025-11-25 17:56:49.973,1.062104,-0.563198,346.528011,-0.047831,0.014073,0.972493,-0.307833,0.284525,9.709797,-0.002070,-0.010648,-0.052356,0.884390,-0.050622,-1.167243,100341.0000
1764073610075539721,2025-11-25 17:56:50.072,0.955816,-0.315017,346.855318,-0.023625,0.025842,0.960201,-0.075590,0.158696,9.638571,-0.028849,-0.072989,-0.056096,0.882461,-0.046870,-1.170161,100334.0000
1764073610177150555,2025-11-25 17:56:50.173,0.799525,0.198959,347.230486,-0.026512,0.008683,0.956937,-0.132764,0.099877,9.631121,-0.019951,-0.115436,-0.071319,0.878104,-0.040833,-1.177413,100341.0000
1764073610276340795,2025-11-25 17:56:50.273,0.694159,0.877013,347.648841,-0.001314,0.006014,0.968491,0.255432,-0.031120,9.790049,-0.018351,-0.114494,-0.073088,0.875645,-0.035325,-1.187574,100343.0000
1764073610376860703,2025-11-25 17:56:50.373,0.626497,1.473266,348.072109,0.020926,0.008284,0.979432,0.184132,0.126108,9.777955,-0.008793,-0.093183,-0.066331,0.869374,-0.027853,-1.194338,100340.0000
1764073610476747814,2025-11-25 17:56:50.473,0.585292,1.924910,348.450700,0.029374,0.002426,0.985608,0.364880,-0.020187,9.857467,-0.005602,-0.068727,-0.061660,0.868862,-0.021809,-1.202129,100341.0000
1764073610577021777,2025-11-25 17:56:50.573,0.620792,2.217417,348.768661,0.031726,-0.003182,0.985437,0.479593,-0.081723,9.877685,0.019338,-0.039416,-0.047004,0.866440,-0.021393,-1.204507,100335.0000
1764073610677120036,2025-11-25 17:56:50.673,0.776231,2.313294,349.045587,0.047934,-0.005701,0.980555,0.448216,0.030717,9.750577,0.035632,0.006256,-0.043241,0.865972,-0.021832,-1.202567,100337.0000
1764073610776495962,2025-11-25 17:56:50.773,1.014685,2.111119,349.324624,0.051059,0.005887,0.980327,0.548016,0.168860,9.840337,0.040728,0.057071,-0.054016,0.870315,-0.016121,-1.204644,100333.0000
1764073610876362906,2025-11-25 17:56:50.873,1.214229,1.648636,349.642812,0.044865,0.017403,0.983443,0.505368,0.135239,9.929920,0.026259,0.100866,-0.059302,0.872779,-0.015958,-1.197460,100338.0000
1764073610975881647,2025-11-25 17:56:50.973,1.319047,1.041037,349.996459,0.030739,0.026295,0.983624,-0.021208,0.367342,9.734069,0.008869,0.110952,-0.062823,0.883947,-0.009982,-1.188565,100338.0000
1764073611075329091,2025-11-25 17:56:51.072,1.264037,0.446379,350.355033,0.010131,0.035537,0.982503,-0.207909,0.094358,9.716596,-0.028299,0.090301,-0.070809,0.889316,-0.005516,-1.181970,100341.0000
1764073611177293258,2025-11-25 17:56:51.173,1.036720,0.038359,350.669449,-0.013513,0.027468,0.979677,-0.293760,0.115896,9.760417,-0.045275,0.035341,-0.051632,0.894679,0.001764,-1.177826,100334.0000
1764073611277011813,2025-11-25 17:56:51.273,0.748022,0.008439,350.928522,-0.029166,0.014158,0.973810,-0.298662,0.087874,9.686213,-0.055292,-0.033655,-0.037332,0.893265,0.006077,-1.176907,100333.0000
1764073611377727202,2025-11-25 17:56:51.373,0.500971,0.332519,351.159660,-0.016829,0.002040,0.969385,0.060943,-0.041930,9.701115,-0.033261,-0.078141,-0.039133,0.892757,0.009774,-1.182735,100342.0000
1764073611476572665,2025-11-25 17:56:51.473,0.365974,0.793131,351.416022,0.007084,-0.008046,0.968043,0.336044,-0.203307,9.715314,-0.011685,-0.072681,-0.047423,0.886007,0.013952,-1.187034,100335.0000
1764073611576248628,2025-11-25 17:56:51.573,0.394224,1.132497,351.723145,0.034678,-0.009975,0.971374,0.392102,0.006515,9.701497,0.018783,-0.033883,-0.055890,0.885995,0.017691,-1.190943,100345.0000
1764073611676438665,2025-11-25 17:56:51.673,0.556989,1.182694,352.067546,0.043114,-0.004011,0.977885,0.331072,0.056714,9.803551,0.030928,0.017061,-0.064617,0.882143,0.020967,-1.193345,100335.0000
1764073611775910646,2025-11-25 17:56:51.773,0.777553,0.968461,352.394679,0.036854,0.006667,0.984248,0.248956,0.077420,9.860391,0.035231,0.053390,-0.054122,0.886041,0.025354,-1.190098,100335.0000
1764073611876468276,2025-11-25 17:56:51.873,0.960325,0.640097,352.673870,0.020647,0.017922,0.987362,0.067149,0.268273,9.841583,0.025394,0.052778,-0.040321,0.892827,0.029288,-1.186405,100339.0000
1764073611976521813,2025-11-25 17:56:51.973,1.032097,0.345833,352.901940,0.010683,0.023989,0.985196,0.053472,0.285594,9.834444,-0.002832,0.038820,-0.038770,0.892890,0.030396,-1.179199,100336.0000
1764073612075889035,2025-11-25 17:56:52.073,0.983605,0.121890,353.126792,0.010083,0.020579,0.982032,0.212104,0.111218,9.829143,-0.015565,0.033872,-0.042726,0.896757,0.034702,-1.179803,100335.0000
1764073612176728331,2025-11-25 17:56:52.173,0.839663,-0.104635,353.395597,0.018035,0.019629,0.981729,0.190424,0.483146,9.928304,-0.033874,0.048213,-0.049276,0.900676,0.039619,-1.174157,100344.0000
1764073612276702942,2025-11-25 17:56:52.273,0.622750,-0.310029,353.713115,-0.001282,0.017230,0.980044,-0.165106,0.388172,9.871859,-0.047846,0.019909,-0.084366,0.898801,0.044926,-1.171321,100334.0000
1764073612376209331,2025-11-25 17:56:52.373,0.447255,-0.212101,354.032482,-0.035760,-0.008523,0.970726,-0.630084,-0.218177,9.703799,-0.012035,-0.057564,-0.035368,0.900741,0.051104,-1.173370,100345.0000
1764073612476534720,2025-11-25 17:56:52.473,0.424523,0.259470,354.312247,-0.023077,-0.001837,0.971072,0.217686,0.199967,9.728648,0.003251,-0.110343,-0.048776,0.897331,0.053334,-1.180096,100335.0000
1764073612576152646,2025-11-25 17:56:52.573,0.482769,0.878427,354.536570,0.013009,0.002965,0.971935,0.618642,0.004793,9.828768,0.015353,-0.095985,-0.034949,0.888140,0.056463,-1.188195,100337.0000
1764073612676726423,2025-11-25 17:56:52.673,0.546512,1.293264,354.732664,0.043737,0.007828,0.975029,0.508074,0.064544,9.769609,0.008020,-0.035905,-0.029654,0.886681,0.058774,-1.191580,100337.0000
1764073612776208349,2025-11-25 17:56:52.773,0.613904,1.290633,354.949422,0.060976,0.004701,0.976797,0.493891,0.109932,9.710911,0.015771,0.046679,-0.039507,0.887659,0.061177,-1.191150,100333.0000
1764073612875891701,2025-11-25 17:56:52.873,0.687146,0.752264,355.218448,0.073794,0.005246,0.983550,0.485638,0.282644,9.843366,0.018433,0.137748,-0.053675,0.892997,0.063203,-1.186925,100341.0000
1764073612976620312,2025-11-25 17:56:52.973,0.736111,-0.109512,355.517119,0.018001,0.012206,0.983450,-0.368393,-0.120786,9.854103,0.008138,0.125234,-0.047338,0.901772,0.066373,-1.174581,100343.0000
1764073613075400405,2025-11-25 17:56:53.072,0.785757,-0.609066,355.795878,-0.045922,0.005427,0.979475,-0.485399,0.309042,9.832838,0.013022,0.026022,-0.042001,0.907611,0.069397,-1.168452,100336.0000
1764073613176198812,2025-11-25 17:56:53.173,0.878774,-0.465603,356.018329,-0.051415,0.006937,0.978484,-0.252312,-0.014429,9.807505,0.023310,-0.076607,-0.038297,0.907117,0.072190,-1.171859,100337.0000
1764073613276714053,2025-11-25 17:56:53.273,0.962105,0.128350,356.205836,-0.022115,0.017305,0.978786,0.124729,0.180583,9.820264,0.007775,-0.113864,-0.030432,0.899895,0.077330,-1.175684,100337.0000
1764073613375947479,2025-11-25 17:56:53.373,0.945214,0.797602,356.411404,0.017255,0.024987,0.979142,0.367180,0.360898,9.768720,-0.014814,-0.100941,-0.037477,0.897409,0.078051,-1.186253,100341.0000
1764073613476389941,2025-11-25 17:56:53.473,0.789349,1.223705,356.666729,0.042571,0.023328,0.979759,0.350376,0.203111,9.744700,-0.035401,-0.043169,-0.051179,0.890151,0.079797,-1.192434,100337.0000
1764073613576104997,2025-11-25 17:56:53.573,0.554985,1.296711,356.960165,0.048256,0.011925,0.979381,0.296937,-0.155602,9.703522,-0.040498,0.014387,-0.052597,0.889220,0.086947,-1.193011,100344.0000
1764073613677063386,2025-11-25 17:56:53.673,0.367845,1.091078,357.243675,0.038358,-0.002298,0.976698,0.282048,-0.051480,9.732234,-0.020984,0.046772,-0.042230,0.894064,0.092711,-1.192688,100336.0000
1764073613775762923,2025-11-25 17:56:53.773,0.330371,0.758036,357.476301,0.024461,-0.011892,0.975264,0.257200,-0.078301,9.799452,0.009717,0.059533,-0.039560,0.894591,0.094248,-1.187904,100339.0000
1764073613876190052,2025-11-25 17:56:53.873,0.484483,0.413840,357.655069,0.011600,-0.012780,0.974021,0.132599,-0.177578,9.793933,0.047143,0.056690,-0.027806,0.902354,0.098694,-1.182788,100337.0000
1764073613976361219,2025-11-25 17:56:53.973,0.768962,0.157716,357.829005,-0.001455,0.000498,0.974141,-0.127967,0.107338,9.715027,0.049374,0.030996,-0.033196,0.902360,0.096824,-1.180833,100332.0000
1764073614075535219,2025-11-25 17:56:54.072,1.035852,0.065647,358.049945,-0.010189,0.017766,0.979155,-0.196708,0.332684,9.833003,0.039106,0.000107,-0.044096,0.907196,0.098797,-1.179008,100338.0000
1764073614176434515,2025-11-25 17:56:54.173,1.151200,0.202707,358.318366,-0.014569,0.030640,0.981872,-0.167211,0.263773,9.797679,-0.000610,-0.047969,-0.048859,0.903348,0.099725,-1.179448,100337.0000
1764073614276728089,2025-11-25 17:56:54.273,1.062237,0.492722,358.603270,0.001140,0.031866,0.983072,0.164312,0.185067,9.860253,-0.026673,-0.063866,-0.045689,0.900451,0.103930,-1.183322,100343.0000
1764073614378461200,2025-11-25 17:56:54.373,0.822147,0.825640,358.858979,0.012924,0.022329,0.981187,0.242211,0.303925,9.766157,-0.046158,-0.057029,-0.040796,0.899491,0.109586,-1.186765,100336.0000
1764073614476523256,2025-11-25 17:56:54.473,0.577422,1.085615,359.066502,0.028103,0.005980,0.978936,0.361256,-0.080967,9.770113,-0.032993,-0.032592,-0.035717,0.894669,0.115195,-1.191596,100334.0000
1764073614576172237,2025-11-25 17:56:54.573,0.457527,1.197758,359.249070,0.027066,-0.006694,0.977277,0.268398,-0.230535,9.722848,-0.004797,-0.005882,-0.030852,0.896123,0.120415,-1.193623,100336.0000
1764073614676638589,2025-11-25 17:56:54.673,0.491107,1.174680,359.436850,0.032264,-0.004227,0.978455,0.364516,0.016161,9.825741,0.012487,0.024446,-0.037594,0.895154,0.118977,-1.193587,100339.0000
1764073614776514867,2025-11-25 17:56:54.773,0.592737,1.022963,359.658188,0.025702,0.006900,0.979435,0.288484,0.193416,9.813113,0.015921,0.042807,-0.042607,0.897596,0.124741,-1.192747,100336.0000
1764073614876500367,2025-11-25 17:56:54.873,0.650258,0.706739,359.916721,0.036354,0.013405,0.979033,-0.039527,0.112850,9.618850,0.001246,0.071998,-0.045390,0.899572,0.124415,-1.186029,100343.0000
1764073614976720848,2025-11-25 17:56:54.973,0.641585,0.135266,0.184174,0.044552,0.012638,0.979720,0.346124,0.206125,9.781853,-0.007611,0.115463,-0.047211,0.905402,0.128831,-1.181848,100335.0000
1764073615076438903,2025-11-25 17:56:55.073,0.551396,-0.581582,0.429444,0.010179,0.016197,0.977370,-0.111515,0.124006,9.763797,-0.018947,0.110344,-0.040945,0.911742,0.131909,-1.173320,100335.0000
1764073615177507737,2025-11-25 17:56:55.173,0.380540,-0.926382,0.638619,-0.051368,0.010599,0.970868,-0.675880,0.131805,9.726950,-0.037787,0.004887,-0.030447,0.916110,0.133443,-1.169555,100328.0000
1764073615277052070,2025-11-25 17:56:55.273,0.272824,-0.601170,0.819075,-0.060447,-0.007030,0.971163,-0.437014,-0.037911,9.749159,-0.005135,-0.104773,-0.026166,0.913222,0.138613,-1.172962,100341.0000
1764073615376560755,2025-11-25 17:56:55.373,0.321238,0.198863,1.008992,-0.028130,-0.011245,0.975378,-0.120577,-0.184746,9.714770,0.020277,-0.161287,-0.034447,0.906912,0.141267,-1.181579,100331.0000
1764073615476770385,2025-11-25 17:56:55.473,0.498748,1.102453,1.233845,0.010236,0.003809,0.982251,0.378925,0.182271,9.825798,0.025797,-0.153160,-0.036518,0.897204,0.143358,-1.193508,100339.0000
1764073615576903570,2025-11-25 17:56:55.573,0.617653,1.767182,1.469367,0.051473,0.018111,0.986247,0.754971,0.290682,9.889001,0.013419,-0.083942,-0.038860,0.890405,0.144577,-1.202095,100338.0000
1764073615676670755,2025-11-25 17:56:55.673,0.588525,1.922821,1.695245,0.077984,0.020577,0.984028,0.958385,-0.517806,9.829664,-0.012011,0.024330,-0.034485,0.888952,0.146430,-1.204509,100337.0000
1764073615776512292,2025-11-25 17:56:55.773,0.468272,1.502805,1.897028,0.075123,0.006279,0.978406,0.654923,0.197370,9.803002,-0.011073,0.119834,-0.028014,0.893328,0.147985,-1.199782,100337.0000
1764073615877130440,2025-11-25 17:56:55.873,0.439935,0.712658,2.081899,0.042405,-0.008962,0.975232,0.149594,-0.061637,9.754811,0.008923,0.152745,-0.034855,0.902564,0.152987,-1.191325,100341.0000
1764073615976889773,2025-11-25 17:56:55.973,0.364113,0.025462,2.247871,-0.033301,0.035313,0.979656,-0.170091,-0.496232,9.805063,-0.045130,0.085762,-0.043694,0.911800,0.156575,-1.181884,100331.0000
1764073616075734940,2025-11-25 17:56:56.072,0.348755,-0.309889,2.448902,-0.019187,-0.026113,0.970577,-0.327977,-0.825160,9.656035,0.019857,0.035209,-0.022901,0.915229,0.161936,-1.177682,100333.0000
1764073616178575866,2025-11-25 17:56:56.173,0.583914,-0.298116,2.654802,-0.033263,-0.000607,0.977837,-0.376856,0.927475,9.780182,0.033470,-0.041475,-0.030871,0.912812,0.158124,-1.176625,100336.0000
1764073616276377681,2025-11-25 17:56:56.273,0.736479,0.098263,2.796319,-0.022025,0.015204,0.975169,-0.066904,-0.022668,9.881059,0.034177,-0.090700,-0.024944,0.907966,0.162727,-1.183848,100337.0000
1764073616376188366,2025-11-25 17:56:56.373,0.822527,0.669624,2.926661,0.000772,0.018783,0.980137,0.259385,0.119687,9.861546,0.007053,-0.102653,-0.017109,0.901158,0.160623,-1.191421,100337.0000
1764073616476148754,2025-11-25 17:56:56.473,0.794621,1.154038,3.049452,0.032068,0.018552,0.978362,0.489377,0.416802,9.767633,-0.006982,-0.065418,-0.019646,0.896797,0.160522,-1.195208,100336.0000
1764073616576582569,2025-11-25 17:56:56.573,0.670613,1.361867,3.157822,0.046288,0.015675,0.978479,0.499691,0.000588,9.823277,-0.022804,-0.010713,-0.015920,0.895351,0.166166,-1.199126,100337.0000
1764073616676299532,2025-11-25 17:56:56.673,0.546639,1.245445,3.256759,0.048659,0.005833,0.982556,0.444878,-0.014576,9.795892,-0.020688,0.045387,-0.013808,0.896334,0.165753,-1.196244,100337.0000
1764073616776664125,2025-11-25 17:56:56.773,0.525088,0.869014,3.362911,0.037645,-0.001484,0.979852,0.244064,0.123489,9.815975,0.008721,0.076145,-0.020320,0.900676,0.167216,-1.195849,100333.0000
1764073616876008569,2025-11-25 17:56:56.873,0.612422,0.407261,3.478327,0.015839,0.000897,0.983428,0.031832,0.006254,9.839084,0.020903,0.076793,-0.023861,0.907967,0.169800,-1.188290,100339.0000
1764073616976497347,2025-11-25 17:56:56.973,0.745236,0.048539,3.605023,-0.004334,0.007179,0.978823,-0.141903,0.063387,9.744627,0.016582,0.045448,-0.021718,0.907046,0.168017,-1.181989,100338.0000
1764073617075524384,2025-11-25 17:56:57.072,0.831553,-0.077470,3.738579,-0.016100,0.014956,0.976438,-0.216809,0.282561,9.772301,0.009247,-0.003856,-0.021519,0.911883,0.170936,-1.180660,100335.0000
1764073617176769069,2025-11-25 17:56:57.173,0.812499,0.057176,3.869834,-0.015935,0.019241,0.975793,-0.069759,0.130153,9.756268,-0.010555,-0.042244,-0.024147,0.904646,0.170852,-1.182960,100331.0000
1764073617276242087,2025-11-25 17:56:57.273,0.698876,0.376033,3.991382,-0.005296,0.016383,0.972571,0.053257,0.078570,9.732362,-0.027666,-0.063228,-0.016401,0.905569,0.172167,-1.188772,100335.0000
1764073617376489995,2025-11-25 17:56:57.373,0.568774,0.740763,4.098791,0.010925,0.008404,0.976552,0.195147,0.096678,9.763149,-0.018937,-0.057515,-0.018845,0.903132,0.172075,-1.192588,100337.0000
1764073617476867791,2025-11-25 17:56:57.473,0.511458,1.008833,4.197433,0.027428,0.001115,0.977103,0.359959,-0.090581,9.797755,-0.006293,-0.029954,-0.017884,0.900234,0.174389,-1.195470,100330.0000
1764073617577294106,2025-11-25 17:56:57.573,0.556801,1.080726,4.293512,0.036201,0.000215,0.980482,0.379116,0.044708,9.816316,0.016237,0.003939,-0.014300,0.897823,0.177194,-1.197885,100335.0000
1764073617676579069,2025-11-25 17:56:57.673,0.667329,0.945283,4.390565,0.035401,0.005096,0.982580,0.279025,0.140674,9.812412,0.022807,0.037449,-0.016050,0.898312,0.177216,-1.196930,100338.0000
1764073617776870346,2025-11-25 17:56:57.773,0.762592,0.667687,4.494176,0.026056,0.011001,0.980936,0.200715,0.073815,9.834509,0.010176,0.056498,-0.019115,0.902670,0.177307,-1.193624,100337.0000
1764073617876417013,2025-11-25 17:56:57.873,0.782915,0.364602,4.601589,0.011855,0.015581,0.982062,0.053362,0.161802,9.802655,-0.001667,0.050306,-0.016312,0.903665,0.176925,-1.189299,100338.0000
1764073617976674920,2025-11-25 17:56:57.973,0.724754,0.158793,4.710794,-0.001067,0.014533,0.978511,-0.078413,0.181137,9.774837,-0.012452,0.020735,-0.019812,0.906120,0.182252,-1.186526,100335.0000
1764073618075888865,2025-11-25 17:56:58.072,0.652339,0.114504,4.808854,-0.008505,0.009430,0.977470,-0.091583,0.003944,9.791884,-0.012167,-0.008954,-0.017215,0.909495,0.183700,-1.186598,100337.0000
1764073618177636624,2025-11-25 17:56:58.173,0.615752,0.245781,4.901432,-0.006866,0.006728,0.976519,-0.012197,0.084080,9.736788,0.001965,-0.032102,-0.014736,0.906128,0.184630,-1.187044,100339.0000
1764073618276350235,2025-11-25 17:56:58.273,0.636888,0.491189,5.000158,0.002441,0.006652,0.974608,0.080383,0.142559,9.749353,0.006675,-0.044701,-0.021755,0.902713,0.182135,-1.191290,100331.0000
1764073618376487068,2025-11-25 17:56:58.373,0.689699,0.750777,5.103920,0.014596,0.008993,0.976337,0.237313,0.031394,9.776560,0.006907,-0.040095,-0.020161,0.905113,0.185428,-1.194266,100333.0000
1764073618476211790,2025-11-25 17:56:58.473,0.711275,0.919631,5.208212,0.025646,0.011777,0.976178,0.312446,0.148732,9.756858,0.001102,-0.017567,-0.015824,0.899799,0.185821,-1.197083,100333.0000
1764073618577610087,2025-11-25 17:56:58.573,0.684126,0.937172,5.307673,0.030519,0.012164,0.979253,0.293886,0.175981,9.797588,-0.009301,0.011730,-0.019157,0.898355,0.185814,-1.197062,100333.0000
1764073618676657846,2025-11-25 17:56:58.673,0.617316,0.805074,5.401316,0.028040,0.009059,0.980987,0.247287,-0.007450,9.812952,-0.011659,0.029997,-0.016540,0.901750,0.189671,-1.196207,100340.0000
1764073618776313475,2025-11-25 17:56:58.773,0.568118,0.584110,5.497252,0.019397,0.005824,0.981202,0.124823,0.066937,9.816537,-0.004773,0.045474,-0.012250,0.901775,0.189265,-1.192830,100333.0000
1764073618876548920,2025-11-25 17:56:58.873,0.584774,0.365833,5.596865,0.009145,0.003705,0.982173,0.004527,0.100642,9.809172,0.012533,0.028360,-0.021488,0.905181,0.192207,-1.190036,100336.0000
1764073618976294716,2025-11-25 17:56:58.973,0.668398,0.235061,5.696332,0.000739,0.005019,0.979578,-0.010910,-0.002955,9.803034,0.013204,0.012341,-0.020703,0.906154,0.193655,-1.189590,100338.0000
1764073619075560105,2025-11-25 17:56:59.072,0.769017,0.235532,5.794164,-0.003012,0.010627,0.978435,-0.042840,0.173440,9.764178,0.015429,-0.010892,-0.009986,0.906154,0.191297,-1.188110,100343.0000
1764073619176146623,2025-11-25 17:56:59.173,0.824633,0.365649,5.902579,-0.000798,0.016787,0.976429,0.005333,0.235886,9.743001,0.000627,-0.031609,-0.023492,0.906138,0.191256,-1.190035,100343.0000
1764073619276782086,2025-11-25 17:56:59.273,0.781761,0.564027,6.009709,0.007422,0.018290,0.975171,0.156706,0.086215,9.760901,-0.013468,-0.035415,-0.019009,0.903697,0.190208,-1.193836,100334.0000
1764073619376362049,2025-11-25 17:56:59.373,0.653436,0.747444,6.113616,0.016644,0.015069,0.976399,0.223499,0.130325,9.751337,-0.019399,-0.028803,-0.010752,0.903202,0.194414,-1.198227,100341.0000
1764073619476363771,2025-11-25 17:56:59.473,0.518913,0.844845,6.206306,0.023133,0.006877,0.975914,0.033169,-0.015002,9.660928,-0.020846,-0.011270,-0.018294,0.898435,0.200165,-1.196319,100337.0000
1764073619576851271,2025-11-25 17:56:59.573,0.470822,0.836195,6.284763,0.023355,-0.004008,0.977274,0.158295,-0.040407,9.839376,0.003922,0.007775,-0.013598,0.903234,0.197798,-1.196353,100334.0000
1764073619676554401,2025-11-25 17:56:59.673,0.449871,0.790269,6.336721,0.008157,0.023296,0.971074,0.073251,-0.660766,9.568590,-0.021723,-0.007060,0.008658,0.899403,0.202070,-1.196843,100324.0000
1764073619776117401,2025-11-25 17:56:59.773,0.119452,0.990882,6.338398,-0.031356,0.041142,0.963499,-0.347231,0.541232,9.708934,-0.078198,-0.075720,0.010653,0.899891,0.203505,-1.196872,100336.0000
1764073619876343456,2025-11-25 17:56:59.873,-0.417963,1.596500,6.270045,-0.030478,0.003599,0.982407,-0.161472,-0.175262,9.905711,-0.089521,-0.138977,0.030110,0.892189,0.211946,-1.202667,100335.0000
1764073619976766197,2025-11-25 17:56:59.973,-0.788878,2.361681,6.074152,0.018067,-0.039603,0.995427,0.606714,-0.651436,10.033339,-0.033550,-0.126890,0.043761,0.884889,0.209809,-1.211677,100343.0000
1764073620075781271,2025-11-25 17:57:00.073,-0.730868,2.732213,5.744530,0.088444,-0.050168,1.001907,1.270070,-0.309412,10.090983,0.046975,-0.008836,0.070071,0.880493,0.205846,-1.217332,100336.0000
1764073620176505715,2025-11-25 17:57:00.173,-0.450819,2.328538,5.271146,0.103790,-0.008164,0.987465,1.050669,0.307917,9.858422,0.045109,0.122633,0.091696,0.887223,0.199261,-1.213959,100338.0000
1764073620277128437,2025-11-25 17:57:00.273,-0.383199,1.420288,4.670419,0.055614,0.030194,0.969942,0.371931,0.387081,9.756381,-0.015637,0.181881,0.115572,0.894473,0.189008,-1.203314,100333.0000
1764073620376784771,2025-11-25 17:57:00.373,-0.586040,0.494224,3.951987,0.009089,0.003644,0.968780,-0.079009,-0.397337,9.735008,-0.039326,0.156178,0.130864,0.901740,0.179275,-1.190751,100340.0000
1764073620477165215,2025-11-25 17:57:00.473,-0.670794,-0.202317,3.159795,-0.009642,-0.038700,0.972105,-0.308148,-0.581582,9.725874,0.015588,0.097105,0.144117,0.909932,0.171801,-1.184497,100331.0000
1764073620576420882,2025-11-25 17:57:00.573,-0.419486,-0.585124,2.305314,-0.022411,-0.038534,0.969128,-0.524945,-0.024968,9.572178,0.062578,0.039544,0.152346,0.913766,0.155751,-1.176121,100335.0000
1764073620676909196,2025-11-25 17:57:00.673,-0.090167,-0.627386,1.391319,-0.024915,0.000233,0.968373,-0.311784,0.159577,9.648020,0.045777,-0.022533,0.159827,0.915609,0.139518,-1.175901,100331.0000
1764073620776361011,2025-11-25 17:57:00.773,0.057794,-0.409499,0.429811,-0.012197,0.017001,0.978733,-0.152110,0.143478,9.795498,0.004065,-0.056855,0.173875,0.913121,0.127504,-1.178570,100330.0000
1764073620876266844,2025-11-25 17:57:00.873,0.009306,-0.063811,359.423881,0.000350,0.008461,0.990129,0.155197,0.050032,9.936369,-0.014742,-0.068030,0.185631,0.908214,0.114504,-1.182153,100332.0000
1764073620977219585,2025-11-25 17:57:00.973,-0.060049,0.314223,358.356896,0.011611,-0.006992,0.988894,0.089296,-0.003484,9.757610,-0.002442,-0.061904,0.191026,0.906660,0.101478,-1.187710,100339.0000
1764073621076559048,2025-11-25 17:57:01.073,-0.048845,0.579956,357.228618,0.030666,-0.016105,0.980066,0.508923,-0.242843,9.822375,0.015538,-0.023519,0.199947,0.901747,0.086577,-1.190781,100337.0000
1764073621176522196,2025-11-25 17:57:01.173,0.095949,0.597297,356.057918,0.039424,-0.013990,0.974379,0.334821,-0.051346,9.700073,0.037279,0.017851,0.206483,0.900208,0.068876,-1.191452,100337.0000
1764073621276542159,2025-11-25 17:57:01.273,0.306736,0.401525,354.870293,0.028038,-0.000260,0.973944,0.089999,0.142275,9.729838,0.035060,0.038208,0.207858,0.901594,0.053648,-1.188832,100339.0000
1764073621376617677,2025-11-25 17:57:01.373,0.415854,0.169814,353.676139,0.006799,0.017994,0.977011,-0.033684,0.133243,9.806839,0.004318,0.031406,0.209172,0.905378,0.036052,-1.185730,100342.0000
1764073621476341955,2025-11-25 17:57:01.473,0.368116,0.043232,352.470873,-0.002146,0.015802,0.982030,-0.030335,0.077470,9.823321,-0.016985,0.012140,0.214630,0.904343,0.022185,-1.185985,100334.0000
1764073621576478326,2025-11-25 17:57:01.573,0.258960,0.040839,351.243587,-0.000782,0.004808,0.981034,0.094329,0.044165,9.770788,-0.022548,-0.006921,0.220169,0.903304,0.006895,-1.185736,100335.0000
1764073621678452418,2025-11-25 17:57:01.673,0.128769,0.066894,349.983184,0.012004,0.001141,0.975202,0.196698,-0.150280,9.811972,-0.021287,-0.002624,0.224642,0.898417,-0.007467,-1.185927,100341.0000
1764073621776616085,2025-11-25 17:57:01.772,0.048608,0.059955,348.698559,0.010019,-0.007478,0.975057,0.093609,0.001575,9.723792,-0.005910,0.004211,0.231267,0.897349,-0.025664,-1.187560,100337.0000
1764073621876265918,2025-11-25 17:57:01.873,0.032551,0.059097,347.382468,0.005403,-0.002645,0.973739,0.033606,0.012826,9.756281,-0.001310,-0.005874,0.232657,0.894873,-0.040473,-1.186816,100334.0000
1764073621976577047,2025-11-25 17:57:01.973,-0.015200,0.097917,346.047113,0.005388,0.006786,0.978057,0.070903,-0.021791,9.809109,-0.015257,-0.008882,0.234744,0.889464,-0.059187,-1.189340,100329.0000
1764073622076015140,2025-11-25 17:57:02.073,-0.142887,0.150181,344.712887,0.009065,0.006996,0.980377,0.070500,0.097722,9.802634,-0.020122,-0.013072,0.233828,0.884585,-0.074942,-1.187583,100335.0000
1764073622176614714,2025-11-25 17:57:02.173,-0.332785,0.201198,343.411310,0.011769,0.002951,0.982720,0.094011,-0.076411,9.796086,-0.035607,-0.011545,0.221766,0.879669,-0.089853,-1.191136,100326.0000
1764073622276661918,2025-11-25 17:57:02.273,-0.522007,0.245297,342.131742,0.013334,-0.010533,0.980299,0.159343,-0.281935,9.811497,-0.022049,-0.008684,0.223067,0.873329,-0.106132,-1.191276,100339.0000
1764073622376375881,2025-11-25 17:57:02.373,-0.569019,0.266440,340.869846,0.015553,-0.026369,0.982347,0.110228,-0.266537,9.809358,0.013497,-0.003101,0.221161,0.869390,-0.119585,-1.193902,100334.0000
1764073622475978621,2025-11-25 17:57:02.473,-0.387358,0.291531,339.615959,0.007695,-0.028001,0.979537,-0.001185,-0.188905,9.751988,0.044775,-0.010536,0.214850,0.863525,-0.138709,-1.193043,100342.0000
1764073622576151473,2025-11-25 17:57:02.573,-0.078497,0.365726,338.368402,0.004758,-0.014268,0.975588,0.174990,-0.157856,9.850984,0.069208,-0.017827,0.217833,0.859097,-0.157368,-1.193174,100328.0000
1764073622676610603,2025-11-25 17:57:02.673,0.311950,0.505187,337.139584,0.004642,-0.010580,0.980475,0.148372,0.056061,9.808926,0.075514,-0.025849,0.213767,0.852743,-0.174155,-1.194751,100333.0000
1764073622776164436,2025-11-25 17:57:02.773,0.677734,0.648380,335.942461,0.016420,0.018035,0.977011,0.185963,0.341379,9.746917,0.051221,-0.015692,0.205324,0.844490,-0.190413,-1.193419,100333.0000
1764073622876967232,2025-11-25 17:57:02.873,0.821186,0.737971,334.780523,0.014152,0.029438,0.978144,0.117407,0.185146,9.816872,0.012431,-0.009933,0.200508,0.838608,-0.210522,-1.193988,100336.0000
1764073622976597658,2025-11-25 17:57:02.973,0.807585,0.829293,333.637930,0.009580,0.019036,0.979480,-0.007470,0.107204,9.747046,0.001560,-0.014633,0.203560,0.830347,-0.223029,-1.196084,100335.0000
1764073623075585288,2025-11-25 17:57:03.073,0.828206,0.971733,332.489943,0.002805,-0.003533,0.979413,-0.168601,0.081697,9.699580,0.020030,-0.033408,0.202868,0.825462,-0.236446,-1.196770,100337.0000
1764073623176045843,2025-11-25 17:57:03.173,0.958715,1.160137,331.327662,0.013893,0.005227,0.975669,0.284088,0.020884,9.756065,0.028236,-0.028139,0.204891,0.816207,-0.251397,-1.201222,100333.0000
1764073623276416695,2025-11-25 17:57:03.273,1.062701,1.249787,330.147606,0.027955,0.018975,0.975278,0.394911,0.316819,9.765304,0.019007,-0.001707,0.208482,0.805569,-0.264311,-1.199424,100339.0000
1764073623376882880,2025-11-25 17:57:03.373,1.037703,1.188884,328.978523,0.028007,0.026009,0.979236,0.271986,0.281573,9.826606,-0.017048,0.027221,0.200953,0.799729,-0.280537,-1.197164,100336.0000
1764073623477441491,2025-11-25 17:57:03.473,0.942827,1.051630,327.825588,0.016578,0.012281,0.984275,0.048186,0.019943,9.840458,-0.009473,0.027623,0.197534,0.790056,-0.292024,-1.195883,100331.0000
1764073623575985658,2025-11-25 17:57:03.573,0.895538,0.949907,326.706272,0.008627,0.007736,0.984392,0.115765,0.123220,9.810736,-0.003252,0.021470,0.194183,0.785658,-0.302594,-1.197583,100341.0000
1764073623676420250,2025-11-25 17:57:03.673,0.852988,0.874562,325.626602,0.015307,0.018039,0.978929,0.120607,0.308890,9.721138,-0.007252,0.018915,0.186465,0.776927,-0.316018,-1.197732,100345.0000
1764073623776926380,2025-11-25 17:57:03.773,0.742402,0.726408,324.586739,0.022314,0.018723,0.974605,0.134326,0.070316,9.738769,-0.020821,0.036994,0.173464,0.770630,-0.325112,-1.197019,100335.0000
1764073623876112935,2025-11-25 17:57:03.873,0.620553,0.527151,323.572598,0.011376,0.008316,0.972842,0.003258,-0.024578,9.709854,-0.019006,0.031628,0.176436,0.765293,-0.337036,-1.194832,100328.0000
1764073623976447343,2025-11-25 17:57:03.973,0.553127,0.386166,322.578388,0.001022,0.000571,0.973586,-0.026787,0.073183,9.736780,-0.000400,0.017249,0.171826,0.759013,-0.346089,-1.192194,100335.0000
1764073624075560694,2025-11-25 17:57:04.072,0.568998,0.377452,321.617340,-0.002668,-0.001118,0.976107,0.047375,-0.027395,9.814919,0.009903,-0.009711,0.162223,0.750781,-0.356635,-1.191911,100335.0000
1764073624179297917,2025-11-25 17:57:04.173,0.649130,0.497944,320.696350,-0.000028,0.003049,0.978790,0.088950,-0.005199,9.814133,0.021850,-0.023590,0.157482,0.741574,-0.367215,-1.193060,100341.0000
1764073624275769935,2025-11-25 17:57:04.273,0.733679,0.690591,319.818577,0.007750,0.009862,0.981651,0.088298,0.201569,9.819321,0.016155,-0.031380,0.152844,0.734284,-0.374983,-1.197168,100336.0000
1764073624376334287,2025-11-25 17:57:04.373,0.783416,0.862750,318.979374,0.016880,0.013909,0.982809,0.187144,0.134572,9.831120,0.006532,-0.024152,0.145092,0.724585,-0.386541,-1.199257,100335.0000
1764073624475963694,2025-11-25 17:57:04.473,0.786676,0.947708,318.157143,0.023122,0.015553,0.982334,0.241514,0.100091,9.799782,0.004050,-0.002672,0.144575,0.718803,-0.392716,-1.196188,100341.0000
1764073624576590472,2025-11-25 17:57:04.573,0.754359,0.908100,317.356548,0.024986,0.014274,0.980631,0.208291,0.202523,9.771417,-0.005507,0.017395,0.135985,0.710566,-0.402804,-1.196876,100331.0000
1764073624676993453,2025-11-25 17:57:04.673,0.703676,0.773673,316.582561,0.021033,0.011111,0.977966,0.201666,0.060732,9.786569,-0.003030,0.023035,0.133982,0.704787,-0.407556,-1.194311,100333.0000
1764073624776489101,2025-11-25 17:57:04.773,0.661443,0.609079,315.836906,0.012481,0.007510,0.975864,0.133711,0.004733,9.761676,-0.002936,0.028696,0.129434,0.697526,-0.415719,-1.194561,100338.0000
1764073624876795842,2025-11-25 17:57:04.873,0.642284,0.495337,315.119251,0.004083,0.006002,0.974638,-0.027548,0.132774,9.722203,0.001715,0.015547,0.123849,0.692232,-0.420458,-1.191521,100342.0000
1764073624976515879,2025-11-25 17:57:04.973,0.642574,0.476048,314.422516,0.000400,0.006256,0.975652,-0.036942,0.037353,9.758740,0.008783,-0.004094,0.119141,0.686406,-0.427223,-1.193740,100339.0000
1764073625075972860,2025-11-25 17:57:05.072,0.666293,0.555185,313.744156,0.001570,0.007581,0.978222,0.034603,0.020195,9.776016,0.008186,-0.020953,0.118547,0.679157,-0.435823,-1.192057,100331.0000
1764073625177456879,2025-11-25 17:57:05.173,0.696599,0.695367,313.075279,0.006910,0.009790,0.980200,0.065479,0.189876,9.783700,0.010100,-0.027746,0.115446,0.671904,-0.440663,-1.193322,100343.0000
1764073625276287490,2025-11-25 17:57:05.273,0.720275,0.831212,312.415424,0.014319,0.011203,0.981497,0.169927,0.108950,9.824869,0.002061,-0.019153,0.110474,0.665121,-0.447889,-1.194556,100333.0000
1764073625376187712,2025-11-25 17:57:05.373,0.730603,0.909322,311.766506,0.020547,0.012120,0.981492,0.277737,0.053596,9.838911,-0.000056,-0.007839,0.111615,0.659309,-0.453200,-1.195835,100335.0000
1764073625476687842,2025-11-25 17:57:05.473,0.721558,0.900451,311.140697,0.022544,0.012746,0.980096,0.217651,0.190742,9.789488,0.001604,0.017549,0.103214,0.650141,-0.458495,-1.195619,100331.0000
1764073625576263582,2025-11-25 17:57:05.573,0.689131,0.812068,310.541527,0.019551,0.011664,0.978428,0.148338,0.092593,9.787547,-0.006523,0.021761,0.097801,0.645289,-0.464279,-1.196904,100336.0000
1764073625677103416,2025-11-25 17:57:05.673,0.654668,0.698072,309.962730,0.013188,0.008486,0.976856,0.090063,-0.005620,9.774196,-0.007246,0.020797,0.098745,0.643372,-0.466626,-1.194432,100329.0000
1764073625776395490,2025-11-25 17:57:05.773,0.631718,0.605403,309.397408,0.006549,0.006296,0.976603,-0.010714,0.120461,9.731106,0.003278,0.010950,0.098785,0.635619,-0.472931,-1.197111,100339.0000
1764073625879322582,2025-11-25 17:57:05.873,0.644979,0.585201,308.840816,0.003140,0.005207,0.976879,0.004381,0.050349,9.776497,0.006560,-0.006536,0.092735,0.629372,-0.476709,-1.193591,100335.0000
1764073625976695638,2025-11-25 17:57:05.973,0.695375,0.637606,308.284893,0.004819,0.006075,0.977902,0.114474,0.000145,9.807658,0.011873,-0.015458,0.096916,0.623546,-0.481116,-1.197290,100334.0000
1764073626075843675,2025-11-25 17:57:06.072,0.760322,0.734071,307.730717,0.008758,0.009981,0.978512,0.137333,0.183897,9.785029,0.013731,-0.017390,0.096386,0.619206,-0.485404,-1.195716,100339.0000
1764073626177333230,2025-11-25 17:57:06.173,0.808517,0.831296,307.197727,0.013763,0.013563,0.979083,0.162164,0.188777,9.795097,0.006110,-0.013386,0.088522,0.611007,-0.491620,-1.194056,100336.0000
1764073626276358286,2025-11-25 17:57:06.273,0.809342,0.890954,306.683117,0.017093,0.015373,0.980224,0.194755,0.077387,9.800900,-0.002009,-0.002437,0.086186,0.603765,-0.495017,-1.194861,100334.0000
1764073626376355434,2025-11-25 17:57:06.373,0.759913,0.895949,306.191673,0.018331,0.014894,0.980233,0.158843,0.167330,9.771999,-0.006436,0.004248,0.087210,0.601307,-0.499408,-1.198610,100331.0000
1764073626476021563,2025-11-25 17:57:06.473,0.680427,0.853828,305.716125,0.017293,0.010863,0.980414,0.126205,0.105873,9.786230,-0.014645,0.010544,0.081321,0.595529,-0.501802,-1.197526,100339.0000
1764073626576970174,2025-11-25 17:57:06.573,0.618343,0.780383,305.248791,0.014950,0.006179,0.979510,0.149781,-0.066866,9.808863,-0.008369,0.015100,0.079717,0.589252,-0.504716,-1.198352,100333.0000
1764073626676725378,2025-11-25 17:57:06.673,0.609049,0.707970,304.786587,0.011369,0.004032,0.977814,0.099512,0.081824,9.763841,0.004876,0.009882,0.081077,0.585880,-0.508512,-1.196318,100342.0000
1764073626776442934,2025-11-25 17:57:06.773,0.657556,0.664515,304.322140,0.008088,0.004312,0.976872,0.055528,0.101443,9.771196,0.011999,0.004961,0.078138,0.581056,-0.511867,-1.195715,100326.0000
1764073626876044378,2025-11-25 17:57:06.873,0.733528,0.672297,303.856331,0.006300,0.007439,0.976428,0.091425,0.023298,9.794892,0.014623,-0.004167,0.078650,0.576712,-0.517578,-1.193637,100342.0000
1764073626976399378,2025-11-25 17:57:06.973,0.790327,0.727151,303.405773,0.007304,0.012072,0.977235,0.087011,0.170036,9.772228,0.012370,-0.011631,0.081034,0.570932,-0.518092,-1.194026,100339.0000
1764073627075519193,2025-11-25 17:57:07.073,0.807595,0.809373,302.972347,0.010411,0.014644,0.978651,0.099609,0.198748,9.784801,-0.000675,-0.013531,0.073767,0.567992,-0.523431,-1.197272,100340.0000
1764073627176485230,2025-11-25 17:57:07.173,0.779994,0.880582,302.554214,0.014444,0.013347,0.980024,0.177058,0.057648,9.818651,-0.005755,-0.009570,0.074110,0.559795,-0.529169,-1.195619,100335.0000
1764073627276171674,2025-11-25 17:57:07.273,0.729547,0.910146,302.140621,0.017485,0.011487,0.980355,0.201360,0.126749,9.792472,-0.003427,-0.000120,0.076485,0.556430,-0.528707,-1.195577,100334.0000
1764073627376393544,2025-11-25 17:57:07.373,0.690242,0.894334,301.727852,0.016984,0.008660,0.979921,0.158671,0.112260,9.789701,-0.003590,0.004442,0.070639,0.550148,-0.530219,-1.197869,100336.0000
1764073627476392285,2025-11-25 17:57:07.473,0.681335,0.848807,301.318321,0.015508,0.006654,0.979168,0.167777,-0.005331,9.809541,-0.001191,0.010856,0.065436,0.546773,-0.533079,-1.196813,100341.0000
1764073627576985340,2025-11-25 17:57:07.573,0.696052,0.793170,300.919922,0.012998,0.006781,0.978252,0.111049,0.112177,9.754073,0.009807,0.012359,0.069995,0.540980,-0.537872,-1.196173,100339.0000
1764073627677380155,2025-11-25 17:57:07.673,0.720573,0.746836,300.537125,0.010850,0.008686,0.977904,0.050487,0.157914,9.757017,0.003877,0.009446,0.066009,0.535173,-0.539870,-1.198947,100328.0000
1764073627776209785,2025-11-25 17:57:07.773,0.739637,0.724298,300.162216,0.009380,0.010134,0.977546,0.095100,0.024041,9.774870,0.004150,0.002110,0.062484,0.534226,-0.542191,-1.195526,100335.0000
1764073627876351840,2025-11-25 17:57:07.873,0.734020,0.728050,299.788807,0.007924,0.011315,0.977782,0.071963,0.127114,9.764870,0.005357,-0.003272,0.067730,0.529399,-0.543666,-1.196396,100337.0000
1764073627976645655,2025-11-25 17:57:07.973,0.717435,0.761502,299.409748,0.008412,0.010213,0.978272,0.091267,0.143548,9.781445,-0.000826,-0.010869,0.062354,0.523127,-0.550341,-1.194275,100339.0000
1764073628075764470,2025-11-25 17:57:08.073,0.712690,0.818261,299.033691,0.010065,0.008584,0.978565,0.137221,-0.022617,9.804459,0.002950,-0.011390,0.065229,0.518305,-0.547090,-1.197625,100332.0000
1764073628176786118,2025-11-25 17:57:08.173,0.716403,0.876769,298.669559,0.012453,0.008236,0.978949,0.151240,0.117773,9.788938,0.003026,-0.010434,0.063769,0.514920,-0.552807,-1.196043,100341.0000
1764073628277229414,2025-11-25 17:57:08.273,0.738271,0.926191,298.314110,0.014773,0.009266,0.979278,0.143911,0.157615,9.795020,0.003985,-0.004786,0.060444,0.511065,-0.554725,-1.195475,100339.0000
1764073628377689136,2025-11-25 17:57:08.373,0.752405,0.935478,297.971088,0.017100,0.010737,0.979592,0.187299,0.044407,9.805247,0.005781,0.006057,0.061830,0.506714,-0.555740,-1.197322,100341.0000
1764073628476549247,2025-11-25 17:57:08.473,0.745179,0.900795,297.634350,0.017308,0.011635,0.979647,0.174392,0.139861,9.779302,-0.000393,0.007423,0.060901,0.502380,-0.559541,-1.195274,100343.0000
1764073628576450488,2025-11-25 17:57:08.573,0.723447,0.832616,297.301376,0.015574,0.010738,0.979383,0.116732,0.145638,9.797507,-0.005888,0.014189,0.056285,0.498048,-0.559092,-1.195699,100337.0000
1764073628676396673,2025-11-25 17:57:08.673,0.698962,0.754298,296.965405,0.012554,0.008963,0.978665,0.124634,0.021459,9.814049,0.001673,0.013844,0.056119,0.497056,-0.562004,-1.197566,100339.0000
1764073628776707229,2025-11-25 17:57:08.773,0.684463,0.699190,296.626186,0.008927,0.008212,0.978070,0.064234,0.115995,9.765726,-0.001761,0.011274,0.058911,0.492268,-0.563377,-1.193622,100334.0000
1764073628879051858,2025-11-25 17:57:08.873,0.692281,0.691575,296.294983,0.006170,0.008214,0.977573,0.028033,0.134193,9.776195,0.004687,-0.000416,0.053781,0.486455,-0.566808,-1.196374,100333.0000
1764073628976600228,2025-11-25 17:57:08.973,0.714570,0.742527,295.969696,0.005997,0.008794,0.977298,0.087952,0.012518,9.792952,0.007609,-0.013110,0.052321,0.482111,-0.570160,-1.195777,100338.0000
1764073629075488710,2025-11-25 17:57:09.072,0.735722,0.827036,295.654411,0.008806,0.010131,0.977930,0.087242,0.153905,9.757346,0.004711,-0.012898,0.055578,0.477282,-0.571646,-1.197128,100328.0000
1764073629176605747,2025-11-25 17:57:09.173,0.743163,0.911730,295.345848,0.013220,0.010806,0.978637,0.129467,0.156207,9.786469,0.004759,-0.013721,0.054037,0.472479,-0.572115,-1.195606,100343.0000
1764073629276280543,2025-11-25 17:57:09.273,0.734046,0.961923,295.041435,0.017455,0.010088,0.979582,0.220888,0.027564,9.816762,-0.004225,-0.000238,0.053914,0.470058,-0.573579,-1.196511,100337.0000
1764073629376179562,2025-11-25 17:57:09.373,0.720097,0.955340,294.735626,0.019274,0.009753,0.979793,0.174948,0.165312,9.786367,0.000180,0.009140,0.054450,0.467152,-0.576000,-1.197394,100335.0000
1764073629476341247,2025-11-25 17:57:09.473,0.715523,0.895820,294.432167,0.017065,0.009305,0.979885,0.134350,0.109721,9.793104,0.000683,0.011627,0.050466,0.465234,-0.576934,-1.195907,100341.0000
1764073629576596802,2025-11-25 17:57:09.573,0.722878,0.817426,294.132507,0.012978,0.008894,0.979648,0.151454,0.008028,9.805292,0.004879,0.014037,0.052000,0.458458,-0.578011,-1.200125,100336.0000
1764073629676197006,2025-11-25 17:57:09.673,0.733586,0.757977,293.837708,0.009442,0.009803,0.978562,0.068382,0.153521,9.760308,0.006234,0.008223,0.052352,0.455108,-0.581278,-1.195692,100330.0000
1764073629776580710,2025-11-25 17:57:09.773,0.737443,0.739504,293.547104,0.007351,0.010159,0.977615,0.042948,0.122433,9.774320,-0.002173,0.001034,0.045205,0.453178,-0.583187,-1.195153,100342.0000
1764073629876408821,2025-11-25 17:57:09.873,0.735298,0.763609,293.259995,0.007937,0.009714,0.977504,0.112186,0.008239,9.786407,-0.001501,-0.005927,0.047235,0.449311,-0.583723,-1.197014,100342.0000
1764073629976573913,2025-11-25 17:57:09.973,0.722003,0.817410,292.979233,0.009514,0.010159,0.977516,0.098974,0.172344,9.750599,0.000131,-0.010123,0.050575,0.444510,-0.584660,-1.195003,100337.0000
1764073630075741524,2025-11-25 17:57:10.072,0.706347,0.876824,292.697861,0.012371,0.009237,0.978318,0.141054,0.098054,9.800469,-0.004169,-0.009053,0.047601,0.440135,-0.589039,-1.197761,100342.0000
1764073630178392931,2025-11-25 17:57:10.173,0.700579,0.914393,292.418289,0.014750,0.008676,0.979264,0.188645,0.019210,9.804639,0.004671,-0.007142,0.047585,0.436777,-0.588556,-1.196756,100339.0000
1764073630276121468,2025-11-25 17:57:10.273,0.700302,0.921599,292.144539,0.015887,0.009283,0.979564,0.132230,0.161242,9.783519,0.004910,0.001311,0.046976,0.433415,-0.588084,-1.196232,100337.0000
1764073630376391024,2025-11-25 17:57:10.373,0.714122,0.897904,291.879234,0.015041,0.009300,0.979448,0.130053,0.106727,9.797887,0.001842,0.006208,0.037650,0.430509,-0.590505,-1.197115,100338.0000
1764073630476265987,2025-11-25 17:57:10.473,0.725972,0.855765,291.625130,0.013995,0.009822,0.978641,0.152618,0.031644,9.786190,0.005267,0.007038,0.046728,0.427128,-0.593854,-1.196533,100338.0000
1764073630576773005,2025-11-25 17:57:10.573,0.728104,0.814684,291.368881,0.012009,0.010386,0.978009,0.091757,0.157359,9.766366,0.000049,0.006934,0.045617,0.426160,-0.593401,-1.197489,100330.0000
1764073630676654265,2025-11-25 17:57:10.673,0.722503,0.792520,291.112526,0.009851,0.009903,0.978128,0.085397,0.092589,9.776683,-0.005621,0.003078,0.041444,0.419911,-0.595299,-1.195441,100338.0000
1764073630776474487,2025-11-25 17:57:10.773,0.705990,0.798047,290.847702,0.009345,0.009322,0.978592,0.117945,0.017816,9.791599,0.002492,-0.003196,0.047535,0.417494,-0.595340,-1.196850,100339.0000
1764073630876108246,2025-11-25 17:57:10.873,0.695576,0.822918,290.586845,0.010056,0.009340,0.978749,0.094118,0.160295,9.772449,-0.001220,-0.004592,0.046408,0.413652,-0.595338,-1.195830,100335.0000
1764073630976537098,2025-11-25 17:57:10.973,0.697142,0.858575,290.331047,0.011433,0.008584,0.978619,0.114869,0.085946,9.790225,0.000598,-0.003686,0.041819,0.410739,-0.598247,-1.197188,100336.0000
1764073631075605987,2025-11-25 17:57:11.073,0.708906,0.891004,290.087662,0.012788,0.008029,0.978903,0.177769,0.012278,9.785345,0.005239,-0.005536,0.042521,0.406902,-0.598234,-1.195687,100334.0000
1764073631176071931,2025-11-25 17:57:11.173,0.728270,0.910006,289.852959,0.013509,0.009602,0.978787,0.127599,0.180713,9.776213,0.008884,-0.004320,0.043541,0.405923,-0.597812,-1.198087,100341.0000
1764073631276398209,2025-11-25 17:57:11.273,0.739778,0.912812,289.624527,0.013881,0.010646,0.979120,0.146122,0.130171,9.804711,0.000806,0.001589,0.040181,0.399190,-0.601602,-1.195040,100337.0000
1764073631376888412,2025-11-25 17:57:11.373,0.730935,0.897309,289.395035,0.013989,0.011168,0.978980,0.186847,0.023694,9.796800,0.004888,0.004016,0.042318,0.397242,-0.602617,-1.197404,100330.0000
1764073631476320023,2025-11-25 17:57:11.473,0.709336,0.870525,289.158401,0.013134,0.010691,0.978857,0.118295,0.170864,9.771115,-0.006423,0.005265,0.040593,0.394376,-0.602101,-1.194962,100336.0000
1764073631576129597,2025-11-25 17:57:11.573,0.689027,0.843966,288.925339,0.012078,0.009056,0.978404,0.091620,0.087077,9.779561,-0.001844,0.002634,0.037289,0.390505,-0.605005,-1.195824,100337.0000
1764073631676327153,2025-11-25 17:57:11.673,0.680205,0.823631,288.696312,0.011214,0.007347,0.978135,0.134537,-0.001756,9.799999,0.005932,0.005461,0.040575,0.387590,-0.608392,-1.197174,100331.0000
1764073631776397875,2025-11-25 17:57:11.773,0.690974,0.820612,288.476372,0.010073,0.007939,0.977956,0.086554,0.167659,9.770144,0.003706,0.006595,0.037461,0.387608,-0.605516,-1.196737,100338.0000
1764073631876335727,2025-11-25 17:57:11.873,0.714517,0.832130,288.265213,0.009907,0.008751,0.978274,0.080119,0.108295,9.785929,0.003814,-0.008455,0.034711,0.384238,-0.606009,-1.196680,100336.0000
1764073631976418393,2025-11-25 17:57:11.973,0.734120,0.860811,288.052376,0.011051,0.009875,0.978903,0.139858,0.031854,9.786738,0.010118,-0.007496,0.039073,0.380891,-0.605495,-1.194230,100339.0000
1764073632075487838,2025-11-25 17:57:12.072,0.740849,0.891594,287.838692,0.012818,0.011540,0.979062,0.102085,0.132940,9.688972,-0.005833,-0.006040,0.039108,0.377016,-0.609355,-1.195077,100337.0000
1764073632176735467,2025-11-25 17:57:12.173,0.723427,1.035028,287.649567,0.013624,0.011589,0.976219,0.280195,0.025193,9.774141,-0.004882,-0.041189,0.023796,0.375095,-0.606995,-1.196048,100329.0000
1764073632276989208,2025-11-25 17:57:12.273,0.686727,1.310729,287.527100,0.024859,0.012016,0.977094,0.430852,0.045641,9.834056,-0.004330,-0.050480,0.018348,0.369305,-0.607062,-1.197889,100334.0000
1764073632376705004,2025-11-25 17:57:12.373,0.661148,1.715192,287.474991,0.040304,0.006905,0.974965,0.535037,0.386517,9.735582,0.000326,-0.089939,0.005201,0.362516,-0.612418,-1.201078,100330.0000
1764073632477581745,2025-11-25 17:57:12.473,0.664728,2.371291,287.519173,0.060894,0.007766,0.972029,0.670048,0.099732,9.563296,0.001785,-0.143921,-0.016463,0.358174,-0.610110,-1.203939,100330.0000
1764073632576487560,2025-11-25 17:57:12.573,0.690250,3.228256,287.645912,0.104855,0.006321,0.974755,1.215220,0.224907,9.603663,0.013337,-0.153809,-0.014589,0.349496,-0.609255,-1.206714,100341.0000
1764073632676462449,2025-11-25 17:57:12.673,0.716301,4.068533,287.788048,0.144376,0.011459,0.974886,1.685143,-0.135006,9.822916,-0.004581,-0.125181,-0.024991,0.342275,-0.608352,-1.207584,100332.0000
1764073632776227060,2025-11-25 17:57:12.773,0.727667,4.546897,287.907616,0.176601,0.008842,0.974649,1.720227,0.234930,9.653769,0.002202,-0.048229,-0.012587,0.338889,-0.611244,-1.207972,100332.0000
1764073632876198948,2025-11-25 17:57:12.873,0.724757,4.533502,287.994499,0.186177,0.010747,0.972659,1.911507,0.116114,9.780419,-0.006639,0.047754,-0.007034,0.335997,-0.610799,-1.208900,100337.0000
1764073632976356096,2025-11-25 17:57:12.973,0.712142,4.103276,288.028877,0.167779,0.009898,0.970223,1.521492,0.444331,9.551869,-0.002081,0.100142,-0.003408,0.341297,-0.610755,-1.208015,100337.0000
1764073633075655708,2025-11-25 17:57:13.073,0.698012,3.514641,288.017113,0.134158,0.008439,0.970193,1.521871,0.196256,9.872501,0.003247,0.101983,0.006337,0.346613,-0.612083,-1.204220,100339.0000
1764073633177106522,2025-11-25 17:57:13.173,0.690064,3.106609,287.969566,0.101178,0.011077,0.969311,0.987892,0.152555,9.666098,0.001481,0.047637,0.010386,0.345622,-0.614049,-1.206583,100326.0000
1764073633276885263,2025-11-25 17:57:13.273,0.692714,3.072788,287.905121,0.084898,0.011488,0.971698,0.592946,0.176389,9.758657,0.001883,-0.027117,0.009805,0.343226,-0.615919,-1.204112,100335.0000
1764073633376394022,2025-11-25 17:57:13.373,0.698248,3.408974,287.823219,0.089919,0.008303,0.972791,1.636796,-0.372077,10.175181,0.008959,-0.081883,0.017357,0.337927,-0.615018,-1.205492,100341.0000
1764073633476488633,2025-11-25 17:57:13.473,0.699625,3.884183,287.691872,0.107434,0.012242,0.976078,1.143245,0.287959,9.608921,-0.006642,-0.076081,0.023078,0.330685,-0.617002,-1.207282,100333.0000
1764073633576827911,2025-11-25 17:57:13.573,0.691860,4.026325,287.536415,0.128189,0.010084,0.980060,1.816357,0.145008,10.047548,-0.001404,0.018251,0.029437,0.325401,-0.617473,-1.205752,100334.0000
1764073633676212429,2025-11-25 17:57:13.673,0.676635,3.696365,287.363724,0.115836,0.011881,0.975594,1.242318,-0.246051,9.841493,0.002476,0.104593,0.031956,0.326848,-0.619814,-1.203811,100341.0000
1764073633776826003,2025-11-25 17:57:13.773,0.664644,3.047744,287.186653,0.080933,0.012032,0.976497,0.681281,0.350721,9.701972,0.002880,0.125570,0.032789,0.328772,-0.618393,-1.204825,100337.0000
1764073633876107503,2025-11-25 17:57:13.873,0.674619,2.369766,287.013565,0.046409,0.012678,0.978030,0.921882,0.326937,9.914536,0.000456,0.102882,0.024118,0.330217,-0.621212,-1.202876,100335.0000
1764073633976504411,2025-11-25 17:57:13.973,0.696722,1.943985,286.828377,0.019659,0.010632,0.980614,0.723347,0.164114,10.019047,0.004294,0.051348,0.025498,0.332157,-0.618805,-1.202460,100324.0000
1764073634075815244,2025-11-25 17:57:14.072,0.727467,1.888229,286.615143,0.009394,0.010997,0.979001,0.498732,0.252659,9.805090,0.003036,-0.013892,0.043256,0.326840,-0.624550,-1.201813,100339.0000
1764073634176981762,2025-11-25 17:57:14.173,0.754374,2.096949,286.349159,0.020062,0.013245,0.977932,0.577193,0.437003,9.701315,0.007305,-0.046538,0.050970,0.322509,-0.626928,-1.200268,100332.0000
1764073634276288466,2025-11-25 17:57:14.273,0.757524,2.375995,286.036369,0.037540,0.014901,0.976238,0.661744,0.153022,9.667940,0.003609,-0.045053,0.056343,0.315292,-0.626960,-1.200161,100339.0000
1764073634376626373,2025-11-25 17:57:14.373,0.750251,2.552690,285.698120,0.052891,0.015377,0.976198,0.586076,0.467770,9.660686,0.004481,-0.018458,0.065839,0.309514,-0.626996,-1.200557,100335.0000
1764073634476319336,2025-11-25 17:57:14.473,0.735691,2.538527,285.343460,0.057647,0.016500,0.977644,0.479214,0.191306,9.768509,0.002144,0.019828,0.062978,0.304671,-0.629457,-1.202857,100330.0000
1764073634575970633,2025-11-25 17:57:14.573,0.714236,2.349187,284.981720,0.052199,0.016234,0.979287,0.216559,-0.363668,9.695681,0.004767,0.043939,0.063861,0.299886,-0.630352,-1.198919,100334.0000
1764073634676395670,2025-11-25 17:57:14.673,0.709662,2.103858,284.598625,0.038632,0.015019,0.980097,0.408331,0.163876,9.700435,-0.002500,0.044328,0.062781,0.298915,-0.628964,-1.200853,100336.0000
1764073634776586132,2025-11-25 17:57:14.773,0.728634,1.931643,284.202293,0.024874,0.014027,0.979419,0.541723,0.389700,9.846260,0.008730,0.017915,0.061312,0.294601,-0.630356,-1.197878,100331.0000
1764073634876542781,2025-11-25 17:57:14.873,0.751665,1.882078,283.801987,0.016816,0.015526,0.976940,-0.024809,0.108495,9.859152,0.010597,-0.000798,0.078878,0.287834,-0.638009,-1.196699,100338.0000
1764073634976400706,2025-11-25 17:57:14.973,0.777446,1.968325,283.389618,0.021711,0.016978,0.977673,0.268072,0.068613,9.815266,0.003439,-0.022034,0.078472,0.283025,-0.637552,-1.196635,100333.0000
1764073635075525169,2025-11-25 17:57:15.072,0.788360,2.135994,282.950165,0.025405,0.020276,0.975174,-0.187697,0.460624,9.549496,0.002644,-0.034595,0.070626,0.275825,-0.634241,-1.196580,100335.0000
1764073635176142762,2025-11-25 17:57:15.173,0.781070,2.300086,282.497993,0.035749,0.018185,0.977719,0.600333,0.122146,9.827377,-0.000519,-0.023972,0.083945,0.264722,-0.637686,-1.198772,100334.0000
1764073635276601243,2025-11-25 17:57:15.273,0.762425,2.387627,282.050255,0.044529,0.018582,0.978641,0.419479,0.372161,9.790704,0.005084,0.000845,0.084433,0.259930,-0.637656,-1.196294,100334.0000
1764073635376483373,2025-11-25 17:57:15.373,0.749486,2.388566,281.613136,0.038383,0.017390,0.975693,0.100582,0.029888,9.796823,-0.001588,0.002370,0.075432,0.256075,-0.639574,-1.195726,100341.0000
1764073635476740706,2025-11-25 17:57:15.473,0.752010,2.336314,281.151207,0.037366,0.014775,0.979514,0.651111,-0.243096,10.119927,0.003870,0.005496,0.085366,0.250294,-0.637263,-1.198084,100330.0000
1764073635579675447,2025-11-25 17:57:15.577,0.771917,2.279499,280.639603,0.032188,0.016959,0.978654,0.531954,-0.195784,9.995843,0.012790,0.014423,0.096795,0.243067,-0.639206,-1.197948,100333.0000
1764073635675650836,2025-11-25 17:57:15.673,0.799747,2.255196,280.096397,0.025934,0.019186,0.977972,0.080765,-0.270801,9.888878,0.003935,0.001608,0.092999,0.236339,-0.640628,-1.195902,100332.0000
1764073635775916947,2025-11-25 17:57:15.773,0.809159,2.289927,279.542587,0.026431,0.022320,0.978478,0.244682,-0.025311,9.844737,0.006157,-0.013878,0.098439,0.226714,-0.641149,-1.195752,100343.0000
1764073635876220743,2025-11-25 17:57:15.873,0.790325,2.365906,278.993126,0.030570,0.022938,0.978790,0.086646,0.243762,9.807640,-0.008162,-0.016760,0.096764,0.221890,-0.643559,-1.195644,100333.0000
1764073635976365280,2025-11-25 17:57:15.973,0.754171,2.462735,278.438400,0.034797,0.022567,0.978271,0.117352,0.403573,9.871576,-0.007663,-0.023455,0.088231,0.211282,-0.643668,-1.198376,100343.0000
1764073636075507613,2025-11-25 17:57:16.073,0.711048,2.530882,277.878792,0.043208,0.017648,0.978880,0.801617,-0.355389,10.097306,-0.003462,-0.015340,0.096351,0.203119,-0.644132,-1.195841,100334.0000
1764073636177181502,2025-11-25 17:57:16.173,0.672794,2.519915,277.317474,0.046445,0.017107,0.978390,0.302922,0.230965,9.850414,-0.004201,0.013318,0.094844,0.196873,-0.640836,-1.196762,100334.0000
1764073636276980928,2025-11-25 17:57:16.273,0.650677,2.469435,276.756706,0.039464,0.018181,0.975873,-0.011173,0.196904,9.696500,0.004167,0.010317,0.086703,0.189160,-0.643737,-1.196605,100330.0000
1764073636378486631,2025-11-25 17:57:16.373,0.655658,2.410386,276.209274,0.040845,0.015874,0.978974,0.596132,0.058046,9.947439,0.014670,0.013641,0.093233,0.181951,-0.643749,-1.195535,100332.0000
1764073636476090761,2025-11-25 17:57:16.473,0.698507,2.368139,275.669617,0.036935,0.017504,0.978074,0.114874,0.573453,9.612162,0.009690,0.012741,0.097214,0.177640,-0.643717,-1.193064,100336.0000
1764073636576677465,2025-11-25 17:57:16.573,0.740638,2.354892,275.155571,0.032066,0.020720,0.977727,0.717248,0.071974,10.109559,0.015362,-0.008395,0.093735,0.168951,-0.644773,-1.195810,100332.0000
1764073636676328779,2025-11-25 17:57:16.673,0.759523,2.371985,274.667007,0.036458,0.021907,0.977711,0.358556,-0.019396,9.654174,0.003213,-0.004344,0.087548,0.162232,-0.646643,-1.192311,100338.0000
1764073636776671539,2025-11-25 17:57:16.773,0.749978,2.418880,274.201096,0.036129,0.022056,0.978493,0.294544,0.710253,9.745860,-0.003792,-0.007254,0.080599,0.157417,-0.646674,-1.192721,100331.0000
1764073636876242113,2025-11-25 17:57:16.873,0.719816,2.475289,273.758667,0.038108,0.018996,0.976374,0.406088,0.203909,9.798882,0.004226,-0.007981,0.077624,0.150201,-0.644817,-1.193607,100333.0000
1764073636976310224,2025-11-25 17:57:16.973,0.693363,2.514219,273.326500,0.043048,0.016763,0.977899,0.359691,-0.097532,9.588731,0.003859,-0.002976,0.076141,0.144925,-0.642442,-1.193084,100345.0000
1764073637075739427,2025-11-25 17:57:17.073,0.686554,2.521430,272.906181,0.041590,0.015974,0.978913,0.424579,-0.013478,9.745555,0.001652,0.000480,0.069860,0.137215,-0.643920,-1.193429,100337.0000
1764073637176287613,2025-11-25 17:57:17.173,0.689198,2.503398,272.504166,0.041244,0.017863,0.978528,0.402247,0.196713,9.854014,0.008346,0.000297,0.063565,0.132418,-0.644846,-1.190937,100329.0000
1764073637276595205,2025-11-25 17:57:17.273,0.690616,2.476662,272.125763,0.039738,0.017641,0.978503,0.512693,0.424873,9.745337,0.000404,0.004528,0.062375,0.128069,-0.643971,-1.193776,100332.0000
1764073637376808631,2025-11-25 17:57:17.373,0.690914,2.471178,271.765450,0.036363,0.016011,0.979038,0.447624,0.419414,9.786425,0.006542,-0.000241,0.070379,0.122792,-0.643954,-1.191772,100340.0000
1764073637476331075,2025-11-25 17:57:17.473,0.673211,2.486106,271.416672,0.038352,0.016699,0.978234,0.460926,-0.117369,9.987138,0.001868,-0.006153,0.063822,0.118456,-0.643516,-1.192678,100339.0000
1764073637576190872,2025-11-25 17:57:17.573,0.641790,2.516315,271.065392,0.040362,0.015965,0.976513,0.235876,0.009985,9.648108,-0.008517,-0.003778,0.060120,0.111718,-0.641666,-1.194052,100331.0000
1764073637676342946,2025-11-25 17:57:17.673,0.617407,2.524306,270.699532,0.040770,0.012717,0.976505,0.233897,0.319950,9.605152,0.002677,-0.001029,0.065301,0.109338,-0.641138,-1.191135,100336.0000
1764073637776387797,2025-11-25 17:57:17.773,0.603658,2.504341,270.321640,0.039257,0.012413,0.977544,0.337649,0.086763,9.926381,0.003336,0.010160,0.069770,0.104022,-0.641223,-1.193945,100341.0000
1764073637877636464,2025-11-25 17:57:17.873,0.606435,2.473048,269.948784,0.037908,0.015760,0.977820,0.428430,0.166264,9.898563,0.002827,0.006767,0.061436,0.100664,-0.640740,-1.192940,100331.0000
1764073637976393297,2025-11-25 17:57:17.973,0.622174,2.456465,269.589180,0.034546,0.015435,0.979083,0.608528,0.268480,9.831103,0.002891,0.004586,0.061614,0.093927,-0.641716,-1.192344,100335.0000
1764073638075499519,2025-11-25 17:57:18.072,0.634732,2.467881,269.234978,0.033160,0.014720,0.978112,0.437901,0.142932,9.701074,0.001575,-0.005387,0.058223,0.088646,-0.641708,-1.190822,100332.0000
1764073638177165779,2025-11-25 17:57:18.174,0.631697,2.512370,268.874619,0.035683,0.015130,0.978117,0.508516,0.591774,9.736226,0.003556,-0.006078,0.072971,0.087198,-0.640313,-1.192267,100342.0000
1764073638277211260,2025-11-25 17:57:18.273,0.623378,2.561775,268.512009,0.039675,0.016200,0.978150,0.510202,0.423767,9.539135,-0.000158,-0.007155,0.054540,0.079033,-0.641254,-1.189724,100332.0000
1764073638376334778,2025-11-25 17:57:18.373,0.609199,2.600314,268.160400,0.042041,0.015563,0.976556,0.394705,0.180453,9.673662,-0.001506,-0.004800,0.058507,0.074206,-0.639904,-1.192563,100341.0000
1764073638476582593,2025-11-25 17:57:18.473,0.597268,2.605170,267.842773,0.043531,0.014007,0.976480,0.241833,-0.223474,9.650687,-0.004253,0.005652,0.052546,0.070847,-0.640366,-1.191062,100338.0000
1764073638576794945,2025-11-25 17:57:18.573,0.601018,2.577482,267.559921,0.040652,0.012898,0.978660,0.506444,0.081283,10.005532,0.011006,0.002094,0.047984,0.066525,-0.638007,-1.191516,100334.0000
1764073638676918797,2025-11-25 17:57:18.673,0.612016,2.557573,267.312904,0.036198,0.014059,0.978098,0.354132,0.555659,9.800502,0.012476,0.000087,0.051366,0.063656,-0.637502,-1.189555,100338.0000
1764073638776880334,2025-11-25 17:57:18.773,0.632513,2.572333,267.081345,0.037500,0.016854,0.978041,0.350832,0.331615,9.502997,0.005084,-0.006134,0.036597,0.062678,-0.638959,-1.190482,100338.0000
1764073638876966186,2025-11-25 17:57:18.873,0.630674,2.615109,266.877602,0.038819,0.016716,0.978233,0.545511,-0.033761,9.664150,-0.004922,-0.006934,0.022861,0.057865,-0.638513,-1.190899,100329.0000
1764073638977736778,2025-11-25 17:57:18.973,0.615351,2.668260,266.700668,0.039894,0.010374,0.979258,0.144039,0.363102,10.031159,0.004633,-0.012074,0.042096,0.054506,-0.637563,-1.190383,100341.0000
1764073639075519408,2025-11-25 17:57:19.072,0.594054,2.715111,266.531853,0.044710,0.013388,0.978077,0.413935,0.770962,9.631473,0.006107,-0.006983,0.036115,0.050176,-0.637582,-1.190319,100334.0000
1764073639176718889,2025-11-25 17:57:19.173,0.584682,2.716454,266.362946,0.047798,0.009470,0.977716,0.305025,-0.326291,9.790424,-0.004599,0.005199,0.022405,0.051125,-0.637141,-1.192266,100335.0000
1764073639275813426,2025-11-25 17:57:19.273,0.596480,2.675102,266.180153,0.043521,0.008261,0.978950,0.477486,0.097387,10.048414,0.011082,-0.000824,0.039326,0.050191,-0.635184,-1.189874,100339.0000
1764073639376381648,2025-11-25 17:57:19.373,0.621143,2.617397,265.985619,0.042707,0.014039,0.976799,0.729643,0.644904,9.778274,0.005834,0.012693,0.029165,0.047779,-0.636628,-1.189817,100344.0000
1764073639476838426,2025-11-25 17:57:19.473,0.644923,2.550303,265.786308,0.037112,0.011704,0.978354,0.319230,-0.195768,9.990803,0.004093,0.020441,0.029226,0.042963,-0.636660,-1.190227,100341.0000
1764073639576559444,2025-11-25 17:57:19.573,0.653015,2.484279,265.618813,0.033189,0.017212,0.978374,0.332010,0.335927,9.773614,0.005908,0.016122,0.028925,0.042490,-0.634283,-1.190737,100328.0000
1764073639676564907,2025-11-25 17:57:19.673,0.648113,2.498375,265.479080,0.029655,0.013251,0.977427,0.402027,0.220203,9.896169,0.001603,-0.011107,0.033040,0.039140,-0.635193,-1.187785,100333.0000
1764073639776655222,2025-11-25 17:57:19.773,0.641489,2.586843,265.354996,0.033342,0.014002,0.976942,0.138561,0.330258,9.560679,-0.001538,-0.021767,0.025614,0.040085,-0.634762,-1.190213,100343.0000
1764073639877017611,2025-11-25 17:57:19.873,0.633059,2.688718,265.248878,0.040526,0.011203,0.978285,0.365706,0.004223,9.684711,0.000615,-0.017821,0.016390,0.034793,-0.634786,-1.190135,100330.0000
1764073639977639055,2025-11-25 17:57:19.973,0.626163,2.773803,265.162331,0.048046,0.012901,0.977929,0.555984,-0.058908,9.750150,0.000078,-0.012326,0.013815,0.035277,-0.635718,-1.189165,100333.0000
1764073640075440092,2025-11-25 17:57:20.073,0.617479,2.797312,265.089073,0.050624,0.011012,0.977875,0.468235,0.053338,9.715951,0.002867,0.011225,0.005078,0.031888,-0.637675,-1.190530,100339.0000
1764073640176427444,2025-11-25 17:57:20.173,0.605811,2.704729,265.017738,0.046768,0.009094,0.978193,0.613552,0.545759,10.040316,-0.001023,0.018724,0.016103,0.030936,-0.636236,-1.190056,100328.0000
1764073640276935277,2025-11-25 17:57:20.273,0.600579,2.562878,264.944908,0.040239,0.011946,0.978499,0.644567,0.033214,9.851892,-0.001627,0.031693,0.010464,0.032882,-0.632873,-1.189655,100333.0000
1764073640376620074,2025-11-25 17:57:20.373,0.597457,2.448994,264.877441,0.031545,0.009240,0.978906,0.039931,0.147919,9.735104,-0.007071,0.015125,0.015440,0.032875,-0.634306,-1.189633,100332.0000
1764073640477160870,2025-11-25 17:57:20.473,0.609533,2.416557,264.819130,0.026385,0.008658,0.978106,0.125584,0.223097,9.860872,0.005052,-0.009238,0.014337,0.032869,-0.632437,-1.191587,100336.0000
1764073640576559592,2025-11-25 17:57:20.573,0.629725,2.485810,264.765167,0.030736,0.011113,0.976733,0.567297,0.113744,9.786357,0.006570,-0.023077,0.008783,0.029993,-0.634777,-1.188620,100337.0000
1764073640676576610,2025-11-25 17:57:20.673,0.645744,2.588007,264.723160,0.038697,0.012229,0.977748,0.230607,0.132847,9.593332,0.003607,-0.013502,0.007681,0.028554,-0.633828,-1.188613,100339.0000
1764073640776751629,2025-11-25 17:57:20.773,0.641026,2.669291,264.703255,0.041789,0.012546,0.977502,0.378027,0.409558,9.813279,0.000840,-0.012066,0.008566,0.028063,-0.634328,-1.189562,100339.0000
1764073640875888295,2025-11-25 17:57:20.873,0.619565,2.717885,264.716354,0.044470,0.011676,0.977419,0.517432,0.065458,9.678331,-0.005458,-0.005059,-0.006791,0.027117,-0.631934,-1.189102,100336.0000
1764073640976874518,2025-11-25 17:57:20.973,0.601065,2.716339,264.748192,0.045417,0.009827,0.978414,0.290545,0.190565,9.768109,-0.001331,0.007148,-0.004042,0.028547,-0.633848,-1.189576,100343.0000
1764073641076063555,2025-11-25 17:57:21.073,0.589244,2.658730,264.795242,0.041475,0.008350,0.978229,0.462300,0.194991,9.854999,0.002296,0.010509,-0.011433,0.030004,-0.633334,-1.188161,100335.0000
1764073641176852925,2025-11-25 17:57:21.173,0.591794,2.630535,264.849037,0.037909,0.008133,0.977083,0.241381,0.165919,9.433555,0.006096,-0.003828,-0.011043,0.031431,-0.634313,-1.189611,100330.0000
1764073641276613110,2025-11-25 17:57:21.273,0.601958,2.634947,264.912384,0.039728,0.007960,0.980212,0.620685,0.343085,10.011960,0.000560,-0.002230,-0.018846,0.030940,-0.634813,-1.190560,100339.0000
1764073641376490221,2025-11-25 17:57:21.373,0.611456,2.649582,265.006126,0.040841,0.007286,0.979291,0.572192,0.057562,9.853773,0.004182,0.002861,-0.014765,0.032859,-0.634347,-1.191558,100328.0000
1764073641476674554,2025-11-25 17:57:21.473,0.606080,2.646782,265.103546,0.041203,0.009170,0.976488,0.239640,0.101049,9.610505,-0.002196,-0.000890,-0.009298,0.035269,-0.634326,-1.191112,100343.0000
1764073641576832665,2025-11-25 17:57:21.573,0.592164,2.641832,265.180183,0.041297,0.007782,0.977694,0.325314,-0.072775,9.835490,-0.001768,0.004245,-0.017329,0.037210,-0.634744,-1.188727,100341.0000
1764073641676605888,2025-11-25 17:57:21.673,0.578875,2.618832,265.259796,0.038988,0.007428,0.977153,0.502966,0.354130,9.590273,0.000192,-0.002239,-0.013069,0.036250,-0.634271,-1.188720,100343.0000
1764073641776393480,2025-11-25 17:57:21.773,0.566892,2.618265,265.366905,0.037563,0.005529,0.977603,0.086950,0.076564,9.573223,-0.004843,-0.010758,-0.019397,0.037188,-0.636218,-1.190630,100328.0000
1764073641876976480,2025-11-25 17:57:21.873,0.568631,2.606952,265.467445,0.042526,0.005994,0.979781,0.647340,0.241096,9.919026,0.003226,-0.003858,-0.023213,0.040054,-0.637201,-1.192584,100330.0000
1764073641976622869,2025-11-25 17:57:21.973,0.580749,2.588587,265.560760,0.040751,0.005689,0.978558,0.574324,0.014227,9.851488,0.006420,0.002815,-0.016591,0.039565,-0.637224,-1.193539,100338.0000
1764073642075830258,2025-11-25 17:57:22.072,0.595330,2.562618,265.652611,0.037392,0.006403,0.976728,0.249201,-0.010999,9.612348,0.003593,0.005904,-0.013735,0.041035,-0.635733,-1.191176,100335.0000
1764073642176667591,2025-11-25 17:57:22.173,0.609879,2.539034,265.741600,0.036098,0.008008,0.976943,0.116999,0.075992,9.602911,0.000841,0.003964,-0.014109,0.042961,-0.636192,-1.190715,100336.0000
1764073642276273887,2025-11-25 17:57:22.273,0.618474,2.526793,265.827942,0.033439,0.008880,0.978013,0.078373,0.242546,9.904287,-0.003565,-0.001739,-0.015627,0.043924,-0.636188,-1.190729,100328.0000
1764073642376521350,2025-11-25 17:57:22.373,0.610914,2.536193,265.935799,0.035625,0.009766,0.978279,0.169309,0.028072,9.609787,-0.002764,-0.010794,-0.022340,0.045837,-0.638567,-1.190721,100330.0000
1764073642477137683,2025-11-25 17:57:22.473,0.590361,2.557801,266.071335,0.040030,0.007940,0.978513,0.638912,-0.015253,9.772607,-0.005795,-0.009406,-0.032443,0.049191,-0.638116,-1.192704,100342.0000
1764073642576580313,2025-11-25 17:57:22.573,0.580704,2.554063,266.203949,0.039225,0.004247,0.978444,0.470141,0.016536,9.891447,-0.006573,0.001337,-0.012198,0.051142,-0.637568,-1.189852,100337.0000
1764073642677183794,2025-11-25 17:57:22.673,0.586887,2.533901,266.333977,0.037284,0.005668,0.977682,0.087750,-0.003195,9.752353,0.002172,0.002232,-0.026315,0.053068,-0.638027,-1.189391,100328.0000
1764073642776723017,2025-11-25 17:57:22.773,0.600755,2.523483,266.487282,0.035963,0.005905,0.977851,0.448544,0.224251,9.748483,0.004104,0.002339,-0.027563,0.054961,-0.640458,-1.191790,100332.0000
1764073642876770220,2025-11-25 17:57:22.873,0.615836,2.514437,266.673744,0.035979,0.006470,0.978527,0.308878,-0.016875,9.744211,0.001222,0.004559,-0.030117,0.054480,-0.640460,-1.191783,100339.0000
1764073642976803294,2025-11-25 17:57:22.973,0.618615,2.492620,266.860901,0.034444,0.008157,0.978252,0.343167,0.059302,9.837338,-0.006097,0.004817,-0.031255,0.059322,-0.636586,-1.190469,100341.0000
1764073643075732202,2025-11-25 17:57:23.072,0.598641,2.461874,267.035126,0.034563,0.006520,0.977895,0.335956,0.016563,9.861910,-0.006216,0.005176,-0.033077,0.060262,-0.640413,-1.190906,100341.0000
1764073643176033368,2025-11-25 17:57:23.173,0.576414,2.450817,267.203918,0.033209,0.005715,0.977112,0.325867,0.108209,9.906897,-0.008856,-0.005459,-0.028799,0.061714,-0.637083,-1.191941,100345.0000
1764073643275932276,2025-11-25 17:57:23.273,0.558093,2.487005,267.382233,0.036050,0.003406,0.978112,0.403088,0.037800,9.750880,-0.005357,-0.013533,-0.033680,0.066966,-0.641410,-1.194360,100339.0000
1764073643376497627,2025-11-25 17:57:23.373,0.564592,2.525725,267.550011,0.038607,0.004060,0.978431,0.286891,-0.033312,9.584641,0.004896,-0.004130,-0.030564,0.067007,-0.640830,-1.189554,100341.0000
1764073643476240479,2025-11-25 17:57:23.473,0.590569,2.552874,267.703773,0.036823,0.004029,0.978017,0.115842,0.187309,9.630601,0.005911,-0.002343,-0.018115,0.066991,-0.640871,-1.191479,100338.0000
1764073643576319294,2025-11-25 17:57:23.573,0.628013,2.551338,267.850945,0.039977,0.006216,0.978162,0.399646,-0.084951,9.563499,0.003044,-0.001456,-0.031850,0.072279,-0.642748,-1.191047,100333.0000
1764073643676144609,2025-11-25 17:57:23.673,0.656576,2.520834,268.012596,0.038260,0.008668,0.978680,0.237606,-0.065973,9.814561,0.004944,0.004758,-0.030760,0.073250,-0.640833,-1.191090,100337.0000
1764073643776403127,2025-11-25 17:57:23.773,0.668571,2.516593,268.184502,0.036225,0.010054,0.976223,0.219652,-0.011953,9.669702,0.002552,-0.003170,-0.024836,0.075662,-0.640334,-1.190652,100337.0000
1764073643876622146,2025-11-25 17:57:23.873,0.659084,2.545574,268.379890,0.037518,0.009274,0.977646,0.372080,0.165135,9.745882,-0.001040,-0.009856,-0.033436,0.076605,-0.644151,-1.190608,100330.0000
1764073643976457794,2025-11-25 17:57:23.973,0.637219,2.597729,268.595070,0.039778,0.007097,0.977665,0.616510,-0.174922,9.749401,-0.002728,-0.013021,-0.040947,0.081420,-0.641294,-1.192167,100334.0000
1764073644075653386,2025-11-25 17:57:24.073,0.615683,2.635145,268.819199,0.041516,0.004745,0.977756,0.388968,0.133353,9.686760,-0.002177,-0.004524,-0.036542,0.082385,-0.642225,-1.191203,100329.0000
1764073644176409960,2025-11-25 17:57:24.173,0.605650,2.657777,269.045601,0.042942,0.004359,0.977824,0.468148,0.030473,9.734847,0.002894,-0.005437,-0.039805,0.084777,-0.644135,-1.191691,100339.0000
1764073644276845849,2025-11-25 17:57:24.273,0.611155,2.650996,269.272537,0.041957,0.002951,0.977909,0.424924,-0.218232,9.847396,0.003878,0.001454,-0.034234,0.090565,-0.642188,-1.191324,100329.0000
1764073644376600886,2025-11-25 17:57:24.373,0.631108,2.619274,269.506668,0.042845,0.005144,0.979479,0.583297,0.069347,9.951468,0.006292,0.005894,-0.039876,0.093445,-0.642663,-1.191841,100343.0000
1764073644476615645,2025-11-25 17:57:24.473,0.648606,2.587482,269.727577,0.038441,0.006318,0.977907,0.391250,0.235121,9.907557,0.003705,0.002974,-0.045167,0.095371,-0.643122,-1.191381,100341.0000
1764073644576850793,2025-11-25 17:57:24.573,0.665360,2.568746,269.935379,0.037170,0.006014,0.977878,0.172715,-0.140036,9.715865,0.000976,0.003824,-0.036497,0.094882,-0.644089,-1.191841,100336.0000
1764073644676308349,2025-11-25 17:57:24.673,0.670614,2.583894,270.137863,0.037402,0.008138,0.978289,0.565042,0.256970,9.840238,-0.009759,-0.003895,-0.028479,0.099701,-0.645460,-1.189964,100341.0000
1764073644776264478,2025-11-25 17:57:24.773,0.667018,2.624799,270.339462,0.037503,0.007042,0.977673,0.429774,-0.003611,9.845740,-0.003266,-0.011088,-0.036833,0.100180,-0.645936,-1.189964,100336.0000
1764073644876268312,2025-11-25 17:57:24.873,0.662061,2.663855,270.529457,0.042179,0.007833,0.977896,0.150765,0.076249,9.781666,0.003048,-0.004768,-0.034222,0.102090,-0.645023,-1.192414,100332.0000
1764073644976529367,2025-11-25 17:57:24.973,0.657991,2.679385,270.699013,0.045242,0.006355,0.977296,0.836273,0.113148,9.832269,0.001278,-0.003620,-0.025348,0.106426,-0.643102,-1.192989,100334.0000
1764073645075969182,2025-11-25 17:57:25.073,0.656635,2.658572,270.859344,0.044099,0.006876,0.976723,0.382295,0.142289,9.797493,-0.000303,0.001821,-0.026335,0.109794,-0.645445,-1.191558,100331.0000
1764073645177329182,2025-11-25 17:57:25.173,0.657116,2.662318,270.994644,0.042457,0.007130,0.978158,0.585488,-0.040483,9.935364,0.004574,-0.005027,-0.018189,0.110267,-0.647821,-1.191047,100341.0000
1764073645276086034,2025-11-25 17:57:25.273,0.658605,2.654275,271.079468,0.042520,0.005881,0.979590,0.427309,-0.149972,9.717639,0.005211,0.006873,-0.015482,0.111724,-0.643536,-1.192097,100336.0000
1764073645376181348,2025-11-25 17:57:25.373,0.658355,2.610201,271.144165,0.039342,0.008934,0.978448,0.255010,0.068889,9.834601,0.002208,-0.000937,-0.005358,0.113630,-0.646404,-1.192563,100336.0000
1764073645476126700,2025-11-25 17:57:25.473,0.661682,2.575835,271.220032,0.039356,0.010695,0.977848,0.385016,0.286433,9.681437,0.001991,0.003972,-0.012140,0.114107,-0.644999,-1.194036,100336.0000
1764073645576514367,2025-11-25 17:57:25.573,0.667394,2.567671,271.305443,0.039621,0.008778,0.977504,0.489862,-0.031125,9.786990,-0.000216,0.000053,-0.024440,0.113134,-0.646447,-1.194481,100332.0000
1764073645676525422,2025-11-25 17:57:25.673,0.676413,2.588606,271.393623,0.036712,0.008663,0.975541,0.401686,0.402289,9.813223,0.007226,-0.012176,-0.009764,0.116985,-0.645952,-1.194545,100335.0000
1764073645775865404,2025-11-25 17:57:25.773,0.688631,2.655537,271.473289,0.042158,0.009726,0.977298,0.118765,-0.134746,9.609950,0.004253,-0.013691,-0.008024,0.117484,-0.645431,-1.192634,100330.0000
1764073645876509089,2025-11-25 17:57:25.873,0.698602,2.693816,271.558662,0.044745,0.010200,0.978409,0.555060,0.162316,9.743126,0.002584,-0.000124,-0.016491,0.117471,-0.647352,-1.193086,100341.0000
1764073645976648422,2025-11-25 17:57:25.973,0.691758,2.699001,271.675926,0.043163,0.011082,0.977177,0.560572,0.485443,9.748361,-0.000631,-0.002776,-0.022093,0.118447,-0.646839,-1.191664,100336.0000
1764073646075533200,2025-11-25 17:57:26.072,0.673464,2.702039,271.799484,0.040523,0.009423,0.978238,0.257222,-0.110691,9.838777,-0.008018,0.000946,-0.019169,0.117950,-0.645470,-1.194567,100341.0000
1764073646181676385,2025-11-25 17:57:26.178,0.654434,2.707555,271.909065,0.042863,0.008652,0.980122,0.322073,0.326295,9.692439,-0.002621,-0.001757,-0.021494,0.121325,-0.644967,-1.194143,100334.0000
1764073646276074940,2025-11-25 17:57:26.273,0.638716,2.699305,271.986542,0.044555,0.006439,0.978634,0.485414,0.133696,9.724766,-0.000364,0.000414,-0.022239,0.123748,-0.646795,-1.190780,100341.0000
1764073646376523385,2025-11-25 17:57:26.373,0.637348,2.661428,272.038292,0.044052,0.006235,0.976973,0.482024,0.334343,9.924232,-0.002763,0.007055,-0.010855,0.124218,-0.648236,-1.191246,100336.0000
1764073646475923570,2025-11-25 17:57:26.473,0.655936,2.601617,272.081573,0.041241,0.007225,0.976885,0.335975,0.014755,9.724207,0.005223,0.005591,-0.010669,0.122763,-0.648273,-1.192669,100340.0000
1764073646576657977,2025-11-25 17:57:26.573,0.684320,2.551856,272.120651,0.036998,0.009646,0.977357,0.450376,0.173134,9.756837,0.002951,0.002942,-0.006129,0.126615,-0.645420,-1.194214,100335.0000
1764073646676887699,2025-11-25 17:57:26.673,0.705881,2.523535,272.167526,0.035604,0.010568,0.978739,0.287865,0.046914,9.795716,0.003124,0.000137,-0.001863,0.127112,-0.646790,-1.191311,100339.0000
1764073646776739699,2025-11-25 17:57:26.773,0.706121,2.534447,272.211998,0.035724,0.013426,0.979907,0.468383,0.155982,9.912046,0.000463,-0.010296,-0.008775,0.129486,-0.647806,-1.194701,100343.0000
1764073646876700866,2025-11-25 17:57:26.873,0.687497,2.588480,272.253120,0.038105,0.011626,0.977968,0.287350,0.056122,9.822969,-0.003758,-0.011543,-0.011465,0.127096,-0.646831,-1.193236,100341.0000
1764073646976532977,2025-11-25 17:57:26.973,0.652236,2.656632,272.293694,0.044583,0.009098,0.977367,0.425160,-0.189593,9.722664,0.000424,-0.006648,0.001072,0.127585,-0.646808,-1.192281,100326.0000
1764073647075392366,2025-11-25 17:57:27.072,0.617597,2.677835,272.328835,0.049089,0.007048,0.976860,0.688819,0.394745,9.805505,-0.002340,-0.001259,-0.000852,0.126605,-0.649689,-1.192703,100330.0000
1764073647177822681,2025-11-25 17:57:27.173,0.597938,2.633485,272.354759,0.045907,0.006505,0.975132,0.496755,0.050950,9.923464,-0.002011,0.006670,-0.001533,0.129520,-0.643944,-1.192834,100331.0000
1764073647276397458,2025-11-25 17:57:27.273,0.606405,2.559549,272.377159,0.040329,0.007783,0.977619,0.512252,-0.178579,9.885051,-0.000400,0.011605,-0.000664,0.129987,-0.647753,-1.192301,100330.0000
1764073647377160292,2025-11-25 17:57:27.373,0.626977,2.521965,272.390907,0.034332,0.009235,0.980567,0.617587,0.402274,9.836063,0.001435,-0.005619,-0.004396,0.127568,-0.646382,-1.194695,100335.0000
1764073647476282662,2025-11-25 17:57:27.473,0.642456,2.530988,272.402504,0.035532,0.008361,0.980884,0.383221,-0.008090,10.038489,0.005052,-0.009710,0.000530,0.128039,-0.646877,-1.195657,100337.0000
1764073647576353995,2025-11-25 17:57:27.573,0.644221,2.570211,272.406342,0.039909,0.010608,0.978070,0.472489,0.042769,9.690087,0.000269,-0.010408,0.008114,0.129501,-0.646353,-1.193760,100332.0000
1764073647676816291,2025-11-25 17:57:27.673,0.631465,2.589161,272.409256,0.044121,0.009356,0.976511,0.465802,0.536274,9.561240,-0.005193,0.001832,0.001067,0.129499,-0.645885,-1.194249,100332.0000
1764073647776519588,2025-11-25 17:57:27.773,0.611928,2.563752,272.406540,0.042520,0.006420,0.975177,0.353096,-0.348191,9.912153,0.005605,0.001607,0.006135,0.128538,-0.644944,-1.194731,100329.0000
1764073647876539328,2025-11-25 17:57:27.873,0.604504,2.528286,272.379318,0.039176,0.011070,0.975723,0.300575,0.405488,9.582916,-0.003413,0.009171,0.004117,0.127573,-0.645426,-1.194709,100341.0000
1764073647976598662,2025-11-25 17:57:27.973,0.604309,2.504879,272.337624,0.033744,0.005766,0.978174,-0.077191,-0.043657,9.733300,0.003360,-0.004088,0.008027,0.128050,-0.646380,-1.194702,100343.0000
1764073648075681439,2025-11-25 17:57:28.072,0.610683,2.529135,272.288895,0.036022,0.011306,0.979954,0.693094,0.419677,9.757689,-0.000385,-0.014002,-0.000810,0.128053,-0.647314,-1.193724,100330.0000
1764073648177210847,2025-11-25 17:57:28.173,0.624302,2.594699,272.235878,0.038166,0.008906,0.979663,0.453517,0.036135,9.910945,0.001767,-0.012335,0.020347,0.126124,-0.647333,-1.194177,100340.0000
1764073648276600791,2025-11-25 17:57:28.273,0.626668,2.651346,272.198097,0.044456,0.011315,0.977533,0.342836,0.230306,9.676987,-0.000334,-0.008741,-0.000824,0.127082,-0.648284,-1.194177,100339.0000
1764073648376401198,2025-11-25 17:57:28.373,0.627901,2.683942,272.158051,0.047078,0.008168,0.978023,0.583580,0.347940,9.757721,0.001139,-0.003408,0.012544,0.126149,-0.645382,-1.192281,100336.0000
1764073648476103587,2025-11-25 17:57:28.473,0.634728,2.672597,272.100739,0.046776,0.008776,0.976173,0.157889,0.014743,9.704805,0.001400,0.008534,0.015802,0.124203,-0.648277,-1.193172,100334.0000
1764073648576128921,2025-11-25 17:57:28.573,0.632736,2.599589,272.016228,0.043177,0.012454,0.977553,0.671431,0.496117,9.879402,-0.000706,0.015752,0.018894,0.124192,-0.647362,-1.195112,100328.0000
1764073648676339235,2025-11-25 17:57:28.673,0.632749,2.531245,271.920471,0.036794,0.008781,0.977391,0.119887,-0.754189,9.684525,0.008496,0.008840,0.016225,0.121313,-0.647355,-1.194106,100342.0000
1764073648775914883,2025-11-25 17:57:28.773,0.635055,2.522331,271.813515,0.034051,0.013392,0.979614,0.481296,0.444427,9.748832,0.005958,-0.003710,0.019570,0.121323,-0.644499,-1.194631,100340.0000
1764073648876081235,2025-11-25 17:57:28.873,0.627118,2.550230,271.703873,0.037660,0.010234,0.978535,0.301248,0.180065,9.555560,0.005250,-0.011097,0.024763,0.122284,-0.645440,-1.194150,100335.0000
1764073648976350365,2025-11-25 17:57:28.973,0.638838,2.587419,271.581619,0.042308,0.011724,0.979027,0.584682,-0.063523,9.668037,0.000475,-0.004429,0.010963,0.121306,-0.646430,-1.195565,100332.0000
1764073649075490105,2025-11-25 17:57:29.072,0.665346,2.610083,271.443695,0.041086,0.007688,0.976162,0.442565,0.319724,9.841989,0.013735,-0.003263,0.033232,0.116028,-0.647359,-1.193065,100330.0000
1764073649176636476,2025-11-25 17:57:29.173,0.681998,2.609529,271.306549,0.044154,0.016560,0.976226,0.496744,0.123268,9.940496,-0.000921,0.000373,0.015838,0.112647,-0.648349,-1.193964,100336.0000
1764073649276746902,2025-11-25 17:57:29.273,0.682261,2.586875,271.176720,0.041512,0.014740,0.978785,0.218445,0.222752,9.623398,0.000877,0.006062,0.027810,0.114583,-0.648310,-1.192548,100333.0000
1764073649376374753,2025-11-25 17:57:29.373,0.649885,2.568249,271.053413,0.038256,0.011984,0.978306,0.046042,-0.599448,9.813232,0.000308,0.000636,0.030977,0.111698,-0.646433,-1.193497,100341.0000
1764073649476055661,2025-11-25 17:57:29.473,0.610980,2.584296,270.916794,0.038546,0.013299,0.979889,0.300197,0.231007,9.924991,-0.006844,-0.007412,0.014643,0.111694,-0.645030,-1.194963,100335.0000
1764073649575856179,2025-11-25 17:57:29.573,0.589891,2.623357,270.770760,0.041645,0.009309,0.978740,0.484011,0.273740,9.884652,0.006696,-0.009292,0.028132,0.105935,-0.645015,-1.192952,100337.0000
1764073649676383901,2025-11-25 17:57:29.673,0.582920,2.645556,270.619560,0.043973,0.009755,0.976667,0.857908,-0.272600,9.900012,-0.003338,-0.007377,0.032297,0.105456,-0.645485,-1.192456,100333.0000
1764073649777835809,2025-11-25 17:57:29.773,0.599846,2.636131,270.448936,0.044468,0.009485,0.976169,0.335865,0.427325,9.741706,0.010730,0.000113,0.024959,0.102533,-0.646535,-1.196250,100330.0000
1764073649876161401,2025-11-25 17:57:29.873,0.623552,2.591868,270.283813,0.044140,0.012408,0.975638,0.193496,-0.107496,9.608838,0.004930,0.006439,0.028008,0.100160,-0.645987,-1.192371,100336.0000
1764073649976381642,2025-11-25 17:57:29.973,0.637270,2.546031,270.122620,0.038970,0.015613,0.978166,0.308081,0.149218,9.640562,0.003670,0.003869,0.017100,0.100638,-0.648352,-1.191379,100329.0000
1764073650075664160,2025-11-25 17:57:30.073,0.638944,2.515329,269.972298,0.036190,0.012127,0.979454,0.333016,0.186988,9.849821,0.007191,-0.000120,0.029913,0.098231,-0.645538,-1.193313,100329.0000
1764073650176209031,2025-11-25 17:57:30.173,0.633148,2.535876,269.831238,0.036511,0.013923,0.978373,0.116544,-0.016818,9.560724,0.004516,-0.009303,0.030455,0.097770,-0.645957,-1.190410,100333.0000
1764073650277200290,2025-11-25 17:57:30.273,0.622334,2.593615,269.704369,0.038913,0.014484,0.979121,0.295668,0.019716,9.670684,0.000973,-0.007528,0.024956,0.095349,-0.646008,-1.192300,100328.0000
1764073650376535642,2025-11-25 17:57:30.373,0.615466,2.663476,269.600540,0.043254,0.011433,0.977888,0.209869,0.379199,9.688934,0.004856,-0.006817,0.013044,0.091019,-0.643670,-1.193717,100330.0000
1764073650476312086,2025-11-25 17:57:30.473,0.615667,2.694450,269.502205,0.048110,0.010373,0.976687,0.770051,-0.217587,9.906249,0.008390,-0.000244,0.028146,0.091982,-0.645078,-1.192746,100324.0000
1764073650576484919,2025-11-25 17:57:30.573,0.608557,2.675514,269.408279,0.045807,0.013754,0.975688,0.414088,0.061216,9.559133,-0.006575,-0.000790,0.014340,0.090575,-0.643103,-1.189385,100337.0000
1764073650676246364,2025-11-25 17:57:30.673,0.593203,2.615241,269.331230,0.043216,0.010046,0.976882,0.383788,0.249343,9.669683,0.001231,0.006665,0.011529,0.091028,-0.644117,-1.192265,100335.0000
1764073650775876493,2025-11-25 17:57:30.773,0.576133,2.554625,269.259453,0.037311,0.008965,0.979002,0.162348,-0.332993,9.663860,-0.006704,0.010590,0.008972,0.089090,-0.644634,-1.193673,100339.0000
1764073650876138567,2025-11-25 17:57:30.873,0.566306,2.531785,269.189232,0.035523,0.011927,0.980535,0.455449,0.483746,9.675356,-0.000916,-0.003260,0.013045,0.088154,-0.643154,-1.191274,100334.0000
1764073650976376956,2025-11-25 17:57:30.973,0.563952,2.531398,269.130486,0.036556,0.008008,0.978649,0.230338,0.336487,9.760316,0.003357,-0.003991,0.007353,0.088128,-0.643693,-1.194155,100336.0000
1764073651075463586,2025-11-25 17:57:31.072,0.571723,2.539389,269.061348,0.038752,0.008229,0.977754,0.136835,-0.335284,9.690759,0.007582,0.002829,0.020109,0.088138,-0.644140,-1.192704,100339.0000
1764073651176962975,2025-11-25 17:57:31.173,0.578181,2.532523,268.979256,0.038939,0.010613,0.977243,0.399008,0.182692,9.773359,0.000012,-0.005151,0.014485,0.084781,-0.642712,-1.192195,100334.0000
1764073651276479345,2025-11-25 17:57:31.273,0.588399,2.519001,268.906021,0.038360,0.010925,0.976956,0.343774,0.226926,9.815598,0.002684,-0.002010,0.014857,0.085261,-0.643655,-1.191706,100339.0000
1764073651376196234,2025-11-25 17:57:31.373,0.584860,2.487239,268.851616,0.040366,0.012103,0.978673,0.657178,0.025694,9.912169,-0.002200,0.013311,0.003141,0.083806,-0.643692,-1.193128,100332.0000
1764073651476442585,2025-11-25 17:57:31.473,0.571526,2.439301,268.811325,0.036157,0.009801,0.977303,0.391275,0.325412,9.718300,-0.001923,0.006030,0.003423,0.082840,-0.641348,-1.195077,100333.0000
1764073651576260382,2025-11-25 17:57:31.573,0.566401,2.386283,268.779991,0.035179,0.009020,0.978041,0.466150,0.091367,9.772712,0.000215,0.002378,0.001924,0.088613,-0.646038,-1.192200,100334.0000
1764073651676512882,2025-11-25 17:57:31.673,0.568547,2.375646,268.779930,0.033246,0.008336,0.977644,0.309097,-0.109895,9.702136,-0.007320,-0.005041,0.003942,0.082845,-0.644164,-1.192626,100335.0000
1764073651776569974,2025-11-25 17:57:31.773,0.578177,2.401101,268.807930,0.035053,0.010244,0.978730,0.197622,0.307486,9.668746,-0.000903,-0.001075,0.000335,0.086678,-0.645133,-1.194112,100336.0000
1764073651876184789,2025-11-25 17:57:31.873,0.580602,2.451778,268.864868,0.034028,0.008381,0.977441,0.462845,0.077540,9.789797,0.002775,-0.014875,-0.007562,0.082830,-0.644205,-1.194551,100330.0000
1764073651976250493,2025-11-25 17:57:31.973,0.573042,2.481644,268.947037,0.040248,0.008309,0.979886,0.145993,0.074557,9.789537,-0.002757,-0.001569,-0.015272,0.085735,-0.645086,-1.191691,100330.0000
1764073652075357270,2025-11-25 17:57:32.072,0.562603,2.461856,269.049011,0.040774,0.008568,0.978050,0.389886,0.402681,9.831350,-0.001780,0.008205,-0.023084,0.087186,-0.642701,-1.192230,100334.0000
1764073652177222548,2025-11-25 17:57:32.173,0.557412,2.402478,269.164330,0.039412,0.005342,0.977124,0.388171,0.055999,9.839334,-0.001513,0.008908,-0.023101,0.088143,-0.643185,-1.192719,100331.0000
1764073652277251918,2025-11-25 17:57:32.273,0.560434,2.317964,269.298019,0.035374,0.007255,0.977277,0.328023,0.059634,9.872596,-0.000488,0.019863,-0.025333,0.092476,-0.644100,-1.191805,100331.0000
1764073652376490455,2025-11-25 17:57:32.373,0.559495,2.266926,269.445518,0.029413,0.005292,0.976906,0.495989,0.255520,9.850130,0.005541,0.000931,-0.027493,0.093892,-0.646523,-1.193715,100332.0000
1764073652476123455,2025-11-25 17:57:32.473,0.560661,2.262757,269.600204,0.029834,0.006423,0.978395,0.255768,0.062505,9.793356,-0.001434,-0.004380,-0.031793,0.098243,-0.644562,-1.192364,100330.0000
1764073652576332455,2025-11-25 17:57:32.573,0.569190,2.329942,269.761177,0.029793,0.005135,0.979453,-0.045113,-0.061599,9.705879,0.002403,-0.010678,-0.020508,0.099677,-0.646466,-1.192357,100332.0000
1764073652676618196,2025-11-25 17:57:32.673,0.578597,2.414012,269.925705,0.035305,0.007226,0.979952,0.424388,0.302787,9.795100,0.003571,-0.018414,-0.030785,0.096811,-0.644538,-1.190899,100334.0000
1764073652777080955,2025-11-25 17:57:32.773,0.589869,2.470241,270.102043,0.039361,0.006073,0.977470,0.178176,-0.269637,9.755277,0.002168,-0.015564,-0.032659,0.100646,-0.645029,-1.192393,100341.0000
1764073652876574955,2025-11-25 17:57:32.873,0.602680,2.476812,270.279968,0.044902,0.009104,0.976710,0.584386,0.287910,9.745419,0.003643,0.002946,-0.027286,0.103535,-0.645483,-1.191947,100333.0000
1764073652976902010,2025-11-25 17:57:32.973,0.604248,2.424496,270.470490,0.040991,0.007826,0.976386,0.567517,0.053532,9.844139,-0.001508,0.009905,-0.033893,0.106410,-0.645501,-1.193434,100328.0000
1764073653075648399,2025-11-25 17:57:33.072,0.601460,2.360486,270.661835,0.036890,0.007550,0.977253,0.501600,0.151546,9.824927,-0.000389,0.009865,-0.031332,0.109300,-0.646423,-1.192499,100339.0000
1764073653176112936,2025-11-25 17:57:33.173,0.591117,2.345933,270.855370,0.031208,0.006926,0.978762,0.394658,0.036026,9.811799,-0.003263,-0.004147,-0.033922,0.112664,-0.646419,-1.193030,100328.0000
1764073653276384325,2025-11-25 17:57:33.273,0.580334,2.370241,271.041451,0.033165,0.007288,0.980800,0.237724,0.046740,9.664435,-0.001060,-0.003635,-0.032760,0.114097,-0.645497,-1.194991,100333.0000
1764073653376555714,2025-11-25 17:57:33.373,0.588023,2.397845,271.205544,0.033983,0.003399,0.978804,0.220773,-0.101336,9.640127,0.011042,-0.007051,-0.021732,0.117471,-0.645939,-1.194071,100332.0000
1764073653476837140,2025-11-25 17:57:33.473,0.605967,2.432456,271.352966,0.037543,0.007369,0.977150,0.045039,-0.017513,9.697482,-0.003022,-0.007947,-0.017678,0.117935,-0.646923,-1.195508,100330.0000
1764073653576108862,2025-11-25 17:57:33.573,0.620112,2.442511,271.494514,0.040380,0.009398,0.977498,0.620298,0.183389,9.960710,-0.000633,-0.001140,-0.026382,0.117953,-0.646405,-1.193590,100333.0000
1764073653677044269,2025-11-25 17:57:33.673,0.619865,2.426106,271.638336,0.039633,0.008823,0.977200,0.349794,0.004816,9.696180,-0.005138,-0.000254,-0.024685,0.120822,-0.646910,-1.195551,100342.0000
1764073653776569621,2025-11-25 17:57:33.773,0.600013,2.391093,271.760857,0.039531,0.007549,0.977701,0.454535,0.115983,9.699202,-0.006922,0.011751,-0.022162,0.124667,-0.649261,-1.194608,100336.0000
1764073653876636973,2025-11-25 17:57:33.873,0.581641,2.365702,271.854057,0.033917,0.006287,0.977593,0.036708,0.029602,9.716328,0.000514,-0.000190,-0.009751,0.125635,-0.645943,-1.196117,100332.0000
1764073653976365621,2025-11-25 17:57:33.973,0.572274,2.362001,271.927292,0.033542,0.008646,0.979103,-0.073053,0.137265,9.573219,-0.009880,-0.004896,-0.016589,0.126610,-0.646376,-1.194199,100331.0000
1764073654075461917,2025-11-25 17:57:34.073,0.575426,2.389997,271.989326,0.035590,0.006501,0.978719,0.449621,0.270439,9.667383,-0.003471,-0.010602,-0.009918,0.124688,-0.645907,-1.194178,100335.0000
1764073654177498936,2025-11-25 17:57:34.173,0.587361,2.435707,272.045624,0.037621,0.006066,0.978386,0.412077,0.158896,9.820147,0.008882,-0.009598,-0.001083,0.127556,-0.647357,-1.195643,100336.0000
1764073654276330954,2025-11-25 17:57:34.273,0.600145,2.448040,272.080132,0.042805,0.010063,0.977996,0.483867,0.022148,9.738665,-0.001367,-0.000226,-0.005374,0.128535,-0.646367,-1.194228,100334.0000
1764073654375919324,2025-11-25 17:57:34.373,0.613143,2.428446,272.093414,0.042150,0.008998,0.977240,0.636655,0.192978,9.756611,-0.003695,0.003000,-0.000135,0.128053,-0.648727,-1.192740,100326.0000
1764073654475824454,2025-11-25 17:57:34.472,0.621099,2.416613,272.084747,0.041166,0.010707,0.977684,0.108944,0.117137,9.847025,0.007610,0.006721,0.005480,0.124704,-0.647279,-1.191268,100339.0000
1764073654577881750,2025-11-25 17:57:34.573,0.614984,2.384555,272.087303,0.039170,0.011723,0.976761,0.454272,-0.234079,9.644180,-0.008959,0.006593,-0.007002,0.127573,-0.644013,-1.195694,100339.0000
1764073654677123732,2025-11-25 17:57:34.673,0.602540,2.387421,272.077148,0.033512,0.009108,0.976371,0.213562,0.309322,9.745470,0.000014,-0.006443,0.005686,0.129482,-0.647816,-1.195182,100339.0000
1764073654776799843,2025-11-25 17:57:34.773,0.591230,2.442286,272.059486,0.036284,0.010379,0.977462,0.210393,-0.180841,9.807081,0.002121,-0.016368,-0.004241,0.128521,-0.650646,-1.193199,100337.0000
1764073654876276102,2025-11-25 17:57:34.873,0.589551,2.510451,272.041069,0.040617,0.011327,0.979399,0.423434,0.192999,9.930882,-0.004935,-0.012241,-0.001458,0.124689,-0.647320,-1.193193,100333.0000
1764073654976727880,2025-11-25 17:57:34.973,0.594144,2.545614,272.024605,0.045262,0.006926,0.979064,0.205120,-0.142112,9.774066,0.002364,-0.001587,0.014142,0.124230,-0.645848,-1.191283,100337.0000
1764073655076111509,2025-11-25 17:57:35.073,0.608038,2.553801,271.986336,0.044896,0.011636,0.978897,0.356500,0.304329,9.497037,0.000984,0.001676,0.000005,0.126118,-0.647821,-1.194651,100341.0000
1764073655176450509,2025-11-25 17:57:35.173,0.618948,2.523614,271.936493,0.045075,0.010599,0.978527,0.682336,0.378238,9.928153,-0.000519,0.013389,0.010046,0.125639,-0.647346,-1.194651,100334.0000
1764073655277055324,2025-11-25 17:57:35.273,0.613503,2.464403,271.880585,0.041199,0.013046,0.976742,0.418415,0.244766,9.733381,0.001880,0.014637,0.008348,0.125149,-0.648313,-1.195111,100333.0000
1764073655377767046,2025-11-25 17:57:35.373,0.609574,2.400929,271.820747,0.035684,0.008376,0.977078,0.215119,0.298460,9.684867,0.006048,0.003611,0.024541,0.123241,-0.644979,-1.195134,100339.0000
1764073655477528935,2025-11-25 17:57:35.473,0.615023,2.364513,271.756439,0.035144,0.010480,0.977757,0.221021,-0.448586,9.636168,0.007060,0.001070,0.014693,0.125162,-0.648750,-1.193178,100326.0000
1764073655577236564,2025-11-25 17:57:35.573,0.631143,2.362022,271.685059,0.035291,0.014144,0.978749,0.525012,0.347204,9.954432,0.006803,-0.004128,-0.000308,0.122309,-0.645846,-1.190773,100333.0000
1764073655676306713,2025-11-25 17:57:35.673,0.649607,2.384715,271.617874,0.035345,0.009565,0.977788,0.396904,-0.131191,9.897408,0.011258,-0.006549,0.013983,0.121304,-0.648320,-1.194573,100336.0000
1764073655776683750,2025-11-25 17:57:35.773,0.655321,2.448938,271.547661,0.037163,0.014493,0.977172,0.669755,0.236796,9.873680,-0.002070,-0.014704,0.016843,0.116995,-0.647812,-1.192109,100336.0000
1764073655876558453,2025-11-25 17:57:35.873,0.641732,2.515940,271.483620,0.040831,0.014601,0.978201,0.194332,0.089911,9.677850,0.003786,-0.011006,0.014219,0.117956,-0.647340,-1.192612,100326.0000
1764073655976334712,2025-11-25 17:57:35.973,0.611771,2.576192,271.432869,0.043153,0.013966,0.978023,0.383711,-0.260309,9.738349,-0.008141,-0.014171,0.004475,0.118910,-0.648301,-1.193093,100329.0000
1764073656075557342,2025-11-25 17:57:36.073,0.584325,2.593271,271.386002,0.044327,0.010949,0.978437,0.481534,0.213221,9.829543,-0.002196,0.000871,0.008798,0.117460,-0.646438,-1.195027,100334.0000
1764073656176146916,2025-11-25 17:57:36.173,0.559295,2.576459,271.338440,0.046405,0.007477,0.977944,0.519983,0.512693,9.801494,0.005784,0.000746,0.019502,0.117436,-0.649801,-1.195938,100332.0000
1764073656276776064,2025-11-25 17:57:36.273,0.554919,2.544043,271.284698,0.045809,0.009588,0.978322,0.463437,0.020494,9.727103,-0.009101,0.006095,0.000638,0.116510,-0.646411,-1.193568,100341.0000
1764073656376593064,2025-11-25 17:57:36.373,0.564448,2.506722,271.219406,0.041417,0.005961,0.977989,0.457038,0.076839,9.974586,0.006783,0.006883,0.017807,0.116493,-0.645984,-1.195982,100334.0000
1764073656476372138,2025-11-25 17:57:36.473,0.570713,2.480512,271.137985,0.040802,0.012404,0.975804,0.540908,0.083054,9.871447,0.003965,0.006776,0.014668,0.114573,-0.646451,-1.194984,100330.0000
1764073656576537582,2025-11-25 17:57:36.573,0.573436,2.470254,271.023964,0.039131,0.011502,0.978641,0.418367,0.103792,9.784675,-0.001791,0.004126,0.020762,0.111684,-0.646941,-1.194934,100341.0000
1764073656676156823,2025-11-25 17:57:36.673,0.568282,2.464889,270.908394,0.037321,0.011478,0.977369,0.297842,-0.146628,9.924934,0.001075,-0.002540,0.023673,0.112190,-0.647345,-1.191564,100333.0000
1764073656776349582,2025-11-25 17:57:36.773,0.555022,2.488257,270.801895,0.038120,0.011778,0.978242,0.366126,0.323978,9.663940,0.002760,-0.005394,0.015856,0.108779,-0.649830,-1.195328,100335.0000
1764073656876742656,2025-11-25 17:57:36.873,0.546600,2.523372,270.691338,0.040332,0.009322,0.978678,0.610516,0.050801,9.800287,0.001417,-0.007926,0.031061,0.106883,-0.646465,-1.193908,100339.0000
1764073656980720564,2025-11-25 17:57:36.975,0.544109,2.555146,270.562927,0.045207,0.010039,0.977966,0.490795,0.139473,9.773007,0.006507,0.003108,0.033700,0.109301,-0.645478,-1.192995,100335.0000
1764073657075637841,2025-11-25 17:57:37.072,0.554174,2.557245,270.438721,0.046771,0.011759,0.977600,0.224159,0.171481,9.400715,-0.000404,0.005436,0.016688,0.104964,-0.644573,-1.194389,100334.0000
1764073657176802175,2025-11-25 17:57:37.173,0.572034,2.505819,270.336967,0.043830,0.011432,0.977707,0.310665,0.016114,9.780814,0.009021,0.013521,0.017542,0.104021,-0.644526,-1.191968,100328.0000
1764073657276954138,2025-11-25 17:57:37.273,0.579891,2.468811,270.248207,0.038919,0.011494,0.975591,0.124782,0.026554,9.607117,-0.000973,0.004136,0.027155,0.104978,-0.645477,-1.191968,100331.0000
1764073657377986471,2025-11-25 17:57:37.373,0.576414,2.473828,270.164589,0.036883,0.013105,0.977170,0.188074,0.636404,9.510132,-0.000444,-0.011154,0.009928,0.102091,-0.644077,-1.192910,100337.0000
1764073657476728823,2025-11-25 17:57:37.473,0.567403,2.494153,270.092331,0.040146,0.010800,0.979627,0.262793,-0.067081,9.743589,0.001044,-0.000512,0.017698,0.101595,-0.645533,-1.193844,100335.0000
1764073657576487193,2025-11-25 17:57:37.573,0.550162,2.516091,270.024460,0.040755,0.010230,0.978624,0.346381,-0.156515,9.723777,0.000357,-0.007771,0.013789,0.097256,-0.646518,-1.194246,100328.0000
1764073657676320915,2025-11-25 17:57:37.673,0.545069,2.535573,269.936516,0.043113,0.010820,0.979012,0.626630,0.208000,9.706729,-0.002826,-0.000790,0.004194,0.096296,-0.646045,-1.194240,100339.0000
1764073657775953341,2025-11-25 17:57:37.773,0.540473,2.512726,269.846962,0.042355,0.009111,0.978377,0.407506,0.079049,9.862472,0.005868,0.007181,0.015477,0.096776,-0.644630,-1.195231,100336.0000
1764073657875758433,2025-11-25 17:57:37.873,0.534965,2.488270,269.752380,0.040839,0.010192,0.977480,0.243540,-0.094375,9.687692,-0.000189,-0.001708,0.022205,0.098677,-0.647040,-1.196668,100334.0000
1764073657977358804,2025-11-25 17:57:37.973,0.534853,2.477674,269.651749,0.038846,0.011261,0.977349,0.474112,0.309866,9.727920,0.005857,0.006760,0.016488,0.094390,-0.646947,-1.191308,100339.0000
1764073658075752433,2025-11-25 17:57:38.073,0.535412,2.489475,269.549187,0.039178,0.010467,0.976833,0.500496,-0.181505,9.847535,0.004368,-0.001288,0.017739,0.095364,-0.644555,-1.191359,100340.0000
1764073658176094267,2025-11-25 17:57:38.173,0.534922,2.518834,269.448189,0.041442,0.012527,0.977457,0.370523,-0.097463,9.722839,0.001565,-0.009135,0.015940,0.091488,-0.646056,-1.193687,100333.0000
1764073658276167544,2025-11-25 17:57:38.273,0.533754,2.549522,269.335701,0.042099,0.011245,0.978835,0.220420,-0.162804,9.561994,0.004255,-0.004442,0.010446,0.091039,-0.643619,-1.191309,100332.0000
1764073658376122933,2025-11-25 17:57:38.373,0.530557,2.578290,269.207748,0.042679,0.011141,0.978256,0.753730,0.213974,9.813548,0.004212,-0.006242,0.020754,0.088605,-0.644646,-1.194148,100332.0000
1764073658476492063,2025-11-25 17:57:38.473,0.522223,2.599062,269.065704,0.042878,0.011597,0.977212,0.471050,0.125242,9.795740,0.007417,-0.002655,0.030817,0.086201,-0.646537,-1.192639,100332.0000
1764073658576500229,2025-11-25 17:57:38.573,0.522482,2.613313,268.925140,0.044423,0.011601,0.977731,0.228796,0.153167,9.718435,0.002401,-0.000867,0.016908,0.085243,-0.642761,-1.194609,100336.0000
1764073658676915470,2025-11-25 17:57:38.673,0.516450,2.615407,268.777267,0.043629,0.011862,0.977476,0.429901,0.260810,9.844919,0.001856,-0.000667,0.037123,0.084292,-0.644147,-1.192166,100339.0000
1764073658776747581,2025-11-25 17:57:38.773,0.506174,2.622455,268.615120,0.043647,0.012507,0.977388,0.429424,-0.077004,9.851657,-0.003800,0.000163,0.031523,0.078982,-0.646102,-1.193021,100337.0000
1764073658878040803,2025-11-25 17:57:38.873,0.497034,2.619981,268.436829,0.042737,0.012342,0.977450,0.374059,0.196799,9.702526,0.004719,0.000707,0.025026,0.079006,-0.643683,-1.191613,100332.0000
1764073658976866674,2025-11-25 17:57:38.973,0.488239,2.625337,268.261269,0.040267,0.010944,0.977101,0.498667,-0.219035,9.882759,0.002571,-0.010381,0.038026,0.075156,-0.644646,-1.191060,100332.0000
1764073659075573359,2025-11-25 17:57:39.072,0.480761,2.651755,268.106209,0.041747,0.013262,0.977990,0.246085,0.430373,9.756089,-0.001911,-0.005932,0.025799,0.072723,-0.644728,-1.194394,100336.0000
1764073659175636766,2025-11-25 17:57:39.173,0.486656,2.691415,267.943970,0.045847,0.008821,0.978728,0.443851,-0.175158,9.792559,0.006517,-0.003206,0.021304,0.072737,-0.645632,-1.191973,100336.0000
1764073659276337544,2025-11-25 17:57:39.273,0.500753,2.700148,267.777924,0.046885,0.011539,0.978257,0.386162,0.014719,9.561276,0.001575,0.003126,0.018422,0.070356,-0.642279,-1.191026,100334.0000
1764073659377153729,2025-11-25 17:57:39.373,0.521313,2.692931,267.621559,0.044351,0.013480,0.977097,0.592318,0.437345,9.853637,0.004795,0.000887,0.021702,0.070838,-0.641331,-1.191529,100333.0000
1764073659476247933,2025-11-25 17:57:39.473,0.534832,2.721775,267.474686,0.043615,0.011622,0.976317,0.278548,-0.012453,9.913802,0.003759,-0.010191,0.031235,0.065538,-0.642788,-1.191429,100339.0000
1764073659576899470,2025-11-25 17:57:39.573,0.537803,2.777036,267.314430,0.047245,0.013042,0.977534,0.451743,0.070482,9.860268,-0.001854,-0.017035,0.030383,0.064104,-0.641829,-1.190940,100339.0000
1764073659676262136,2025-11-25 17:57:39.673,0.526191,2.808351,267.142014,0.050070,0.016333,0.977574,0.490989,0.375651,9.661263,0.008602,-0.001499,0.031453,0.060742,-0.641356,-1.190417,100336.0000
1764073659776698562,2025-11-25 17:57:39.773,0.500976,2.797286,266.998009,0.051031,0.013203,0.978276,0.460703,0.096342,9.775393,0.000243,0.011506,0.028386,0.060254,-0.640434,-1.191868,100326.0000
1764073659876435155,2025-11-25 17:57:39.873,0.491787,2.760775,266.863365,0.047037,0.009937,0.976806,0.593352,-0.224772,9.893729,0.006141,0.011291,0.024799,0.058785,-0.642392,-1.193743,100335.0000
1764073659976759358,2025-11-25 17:57:39.973,0.507675,2.713353,266.728912,0.044170,0.012146,0.977951,0.390152,-0.054971,9.903506,-0.000673,0.008372,0.019670,0.053051,-0.641371,-1.189340,100339.0000
1764073660075874691,2025-11-25 17:57:40.072,0.534503,2.676496,266.601791,0.042664,0.011961,0.977802,0.408328,-0.173972,9.907316,-0.006219,0.001604,0.015904,0.052542,-0.642389,-1.192207,100337.0000
1764073660178099784,2025-11-25 17:57:40.173,0.553871,2.661459,266.448090,0.041316,0.011984,0.978773,0.367619,0.016025,9.893000,0.005316,-0.003530,0.028897,0.053510,-0.641897,-1.191747,100336.0000
1764073660276462395,2025-11-25 17:57:40.273,0.554042,2.689336,266.275261,0.043861,0.015788,0.978001,0.497273,0.154538,9.877016,-0.003989,-0.009902,0.025555,0.051123,-0.642802,-1.188808,100337.0000
1764073660376582839,2025-11-25 17:57:40.373,0.540071,2.718175,266.096748,0.046104,0.015316,0.977830,0.548557,0.416277,9.819134,-0.007673,-0.006764,0.025689,0.047742,-0.638610,-1.193157,100333.0000
1764073660476487858,2025-11-25 17:57:40.473,0.512794,2.749336,265.933739,0.046584,0.013149,0.976564,0.372432,0.238740,9.800820,-0.001575,0.002104,0.026091,0.044865,-0.640482,-1.190678,100335.0000
1764073660577647432,2025-11-25 17:57:40.573,0.501654,2.771341,265.805099,0.047095,0.011071,0.976111,0.719797,0.185605,9.832327,0.003182,0.003348,0.027107,0.042453,-0.640036,-1.191612,100334.0000
1764073660676897728,2025-11-25 17:57:40.673,0.514668,2.748585,265.695808,0.047137,0.010242,0.976914,0.729875,-0.233495,9.866883,0.004480,0.000130,0.021972,0.043436,-0.637623,-1.190701,100332.0000
1764073660776824024,2025-11-25 17:57:40.773,0.531537,2.700777,265.576347,0.046090,0.011804,0.977341,0.582793,0.024410,9.756025,0.000154,0.005193,0.023983,0.040545,-0.639059,-1.190154,100334.0000
1764073660876586339,2025-11-25 17:57:40.873,0.542551,2.644917,265.441978,0.042087,0.013593,0.979005,0.222697,0.476873,9.819383,0.009061,0.009752,0.013234,0.038112,-0.641499,-1.192008,100341.0000
1764073660976374617,2025-11-25 17:57:40.973,0.535772,2.640903,265.336617,0.038667,0.013679,0.978696,0.402218,-0.050650,9.802175,-0.003264,-0.006880,0.016377,0.038622,-0.638122,-1.190622,100330.0000
1764073661075650302,2025-11-25 17:57:41.072,0.515126,2.673929,265.252174,0.040633,0.013116,0.977899,0.148504,-0.094723,9.728377,0.004449,-0.013666,0.016241,0.035717,-0.638654,-1.192498,100335.0000
1764073661176159709,2025-11-25 17:57:41.173,0.508788,2.716199,265.169502,0.045614,0.010646,0.977859,0.460735,0.310826,9.729689,-0.000168,-0.015276,0.007463,0.033804,-0.638632,-1.191025,100334.0000
1764073661276325765,2025-11-25 17:57:41.273,0.522335,2.727713,265.106483,0.048728,0.009430,0.977116,0.651986,0.149842,9.874495,-0.000774,0.005439,0.005406,0.032337,-0.638699,-1.193892,100332.0000
1764073661377329913,2025-11-25 17:57:41.373,0.542434,2.689227,265.067116,0.046280,0.009605,0.977050,0.450467,0.231999,9.683194,0.011008,0.013127,0.014508,0.035722,-0.639111,-1.191527,100336.0000
1764073661476846839,2025-11-25 17:57:41.473,0.553644,2.627171,265.023827,0.042855,0.012879,0.977698,0.402139,-0.013874,9.791278,0.004762,0.010483,0.008373,0.034303,-0.638111,-1.189114,100330.0000
1764073661576986135,2025-11-25 17:57:41.573,0.545321,2.592155,265.005508,0.038242,0.012659,0.978155,0.171142,0.042854,9.825050,0.001531,-0.000979,-0.001278,0.035254,-0.637192,-1.191068,100328.0000
1764073661676380931,2025-11-25 17:57:41.673,0.523036,2.607450,265.006424,0.039602,0.010436,0.980124,0.364796,0.048913,9.750350,-0.003339,-0.001529,0.006009,0.034289,-0.640032,-1.189566,100336.0000
1764073661777379005,2025-11-25 17:57:41.773,0.514625,2.620872,264.995003,0.041646,0.008715,0.979028,0.227672,0.064130,9.826880,0.003697,-0.005128,-0.004478,0.033814,-0.639547,-1.189085,100335.0000
1764073661876594690,2025-11-25 17:57:41.873,0.520375,2.602453,264.988327,0.044539,0.009408,0.977511,0.609200,-0.082611,9.910473,0.004884,0.004199,0.002010,0.032360,-0.636280,-1.192484,100332.0000
1764073661976673468,2025-11-25 17:57:41.973,0.537933,2.586452,265.015831,0.042855,0.009533,0.976005,0.591390,-0.039334,9.785894,-0.000801,0.001707,-0.002557,0.036216,-0.638133,-1.190586,100330.0000
1764073662075570005,2025-11-25 17:57:42.073,0.550183,2.548960,265.042206,0.040017,0.009363,0.976561,0.332313,0.273284,9.755423,-0.000426,0.009875,-0.003417,0.034304,-0.638579,-1.188625,100340.0000
1764073662178002709,2025-11-25 17:57:42.173,0.551852,2.512146,265.037148,0.036943,0.009813,0.977483,0.207830,0.150918,9.733170,-0.000921,0.004180,0.000176,0.036229,-0.636212,-1.190134,100341.0000
1764073662276936338,2025-11-25 17:57:42.273,0.530392,2.522556,265.032280,0.036366,0.013093,0.977333,0.707289,0.237784,9.905532,-0.006659,-0.005992,-0.005923,0.034787,-0.636686,-1.189624,100342.0000
1764073662375684227,2025-11-25 17:57:42.373,0.501267,2.579510,265.044800,0.037528,0.008671,0.978719,0.194820,0.159472,9.940152,-0.007053,-0.014561,0.002909,0.034776,-0.638129,-1.190084,100339.0000
1764073662476289764,2025-11-25 17:57:42.473,0.480552,2.642175,265.064751,0.042600,0.006681,0.979182,0.485749,0.110418,9.761607,-0.002342,-0.015826,-0.002133,0.034764,-0.638160,-1.191528,100334.0000
1764073662576539690,2025-11-25 17:57:42.573,0.479133,2.674423,265.087715,0.048404,0.006031,0.979510,0.469703,-0.116782,9.916543,0.000200,0.002415,-0.001144,0.033317,-0.638177,-1.191988,100341.0000
1764073662676381708,2025-11-25 17:57:42.673,0.503575,2.642980,265.112679,0.049097,0.006296,0.978001,0.714390,0.034078,10.028668,0.006337,0.011285,-0.003392,0.034273,-0.641018,-1.190996,100333.0000
1764073662776391560,2025-11-25 17:57:42.773,0.528766,2.566494,265.128525,0.043176,0.009927,0.975320,0.401287,0.172034,9.900706,-0.003847,0.018503,0.005126,0.037648,-0.638157,-1.192052,100339.0000
1764073662876804838,2025-11-25 17:57:42.873,0.538868,2.466429,265.158249,0.038450,0.012618,0.977521,0.361647,0.112921,9.713279,-0.003117,0.016879,-0.015804,0.037145,-0.642459,-1.191979,100335.0000
1764073662976233264,2025-11-25 17:57:42.973,0.528195,2.426024,265.201180,0.032350,0.009391,0.978920,0.345703,0.037763,10.053127,-0.002869,0.000422,-0.008763,0.039079,-0.639126,-1.193022,100335.0000
1764073663075830856,2025-11-25 17:57:43.072,0.508793,2.473811,265.252144,0.034276,0.007907,0.979498,0.343346,-0.019158,9.798737,-0.005152,-0.009995,-0.004191,0.039103,-0.638120,-1.190629,100341.0000
1764073663176361338,2025-11-25 17:57:43.173,0.500128,2.556805,265.307617,0.039838,0.009211,0.977988,0.202608,0.438750,9.689767,0.003389,-0.013277,-0.011227,0.037659,-0.638127,-1.190608,100335.0000
1764073663276334912,2025-11-25 17:57:43.273,0.511855,2.603243,265.380478,0.045940,0.005881,0.976295,0.692734,-0.064357,9.967733,-0.001322,-0.003481,-0.018517,0.038141,-0.638124,-1.190615,100332.0000
1764073663376260967,2025-11-25 17:57:43.373,0.524228,2.573149,265.463303,0.044970,0.006308,0.976042,0.096167,-0.083840,9.574331,0.006356,0.005688,-0.009975,0.040051,-0.638624,-1.192080,100342.0000
1764073663476384856,2025-11-25 17:57:43.473,0.538306,2.502801,265.545685,0.041997,0.009344,0.977564,0.493811,0.250815,9.759109,0.000268,0.015180,-0.018642,0.042458,-0.639081,-1.191627,100334.0000
1764073663576523338,2025-11-25 17:57:43.573,0.530023,2.441533,265.637161,0.035708,0.010490,0.978985,0.100151,0.086291,9.801286,-0.005241,0.003425,-0.017123,0.044850,-0.639578,-1.193100,100335.0000
1764073663676863763,2025-11-25 17:57:43.673,0.509188,2.433289,265.737228,0.035889,0.008107,0.981104,0.755451,-0.035962,9.949284,-0.002532,0.000149,-0.011808,0.043904,-0.640954,-1.190175,100341.0000
1764073663775927189,2025-11-25 17:57:43.773,0.488054,2.465455,265.832306,0.036105,0.006759,0.978795,0.161553,0.313809,9.822922,-0.002264,-0.006742,-0.012298,0.046283,-0.640070,-1.194076,100332.0000
1764073663877027467,2025-11-25 17:57:43.873,0.479716,2.518031,265.917961,0.042127,0.007133,0.977996,0.575823,-0.217467,9.731377,0.000624,-0.006552,-0.020652,0.044858,-0.639558,-1.192137,100335.0000
1764073663976814874,2025-11-25 17:57:43.973,0.480912,2.527974,266.009407,0.043363,0.006946,0.977266,0.156645,0.134628,9.773296,0.003020,0.002544,-0.016374,0.046782,-0.639549,-1.192165,100337.0000
1764073664075828948,2025-11-25 17:57:44.072,0.481074,2.502997,266.097038,0.044852,0.004874,0.976442,0.564071,-0.119126,9.872744,0.006900,0.007989,-0.008414,0.048694,-0.640516,-1.193142,100330.0000
1764073664179978967,2025-11-25 17:57:44.173,0.477753,2.465637,266.134926,0.040405,0.006153,0.975520,0.622870,0.026115,9.989810,-0.001855,0.005349,0.003656,0.049648,-0.641477,-1.193623,100344.0000
1764073664278334096,2025-11-25 17:57:44.273,0.467911,2.406790,266.156242,0.034736,0.010069,0.977478,0.121992,-0.009429,9.631010,0.000585,0.008900,-0.003302,0.052559,-0.640458,-1.191273,100332.0000
1764073664376761189,2025-11-25 17:57:44.373,0.457795,2.376298,266.208809,0.032192,0.009307,0.978868,0.220893,0.064389,9.829692,-0.002452,0.000591,-0.014905,0.051594,-0.639528,-1.192236,100332.0000
1764073664476522689,2025-11-25 17:57:44.473,0.459974,2.394446,266.267937,0.033208,0.005407,0.980299,0.759043,0.210308,9.900175,-0.000949,-0.011707,-0.003353,0.051109,-0.639540,-1.192711,100332.0000
1764073664576222318,2025-11-25 17:57:44.573,0.476469,2.456052,266.300606,0.038282,0.004985,0.978718,0.206143,0.311904,9.653104,0.008854,-0.012173,0.004052,0.051127,-0.639022,-1.190792,100330.0000
1764073664676313263,2025-11-25 17:57:44.673,0.512366,2.490457,266.339615,0.042838,0.008675,0.977534,0.443292,0.219868,9.719898,0.004310,-0.006088,-0.011862,0.051107,-0.641430,-1.191719,100330.0000
1764073664776040763,2025-11-25 17:57:44.773,0.542987,2.492819,266.412422,0.042271,0.009389,0.976483,0.551745,-0.396364,9.781143,0.009148,0.008512,-0.012242,0.053514,-0.641887,-1.191265,100339.0000
1764073664876986281,2025-11-25 17:57:44.873,0.557187,2.495393,266.500267,0.038087,0.010222,0.975385,0.166387,0.221761,9.739614,0.001311,-0.008356,-0.009298,0.053988,-0.641905,-1.192235,100332.0000
1764073664976959633,2025-11-25 17:57:44.973,0.553546,2.515282,266.591652,0.040821,0.012080,0.978473,0.230011,0.214874,9.661764,-0.007019,-0.003060,-0.019330,0.054970,-0.639492,-1.191323,100334.0000
1764073665075651170,2025-11-25 17:57:45.073,0.525039,2.514071,266.676292,0.041765,0.008222,0.978569,0.617386,0.215438,9.797215,0.002207,-0.000297,-0.010286,0.055444,-0.639978,-1.191805,100338.0000
1764073665176782188,2025-11-25 17:57:45.173,0.493175,2.488968,266.752480,0.041523,0.006261,0.978418,0.427113,-0.010816,9.856566,-0.008301,0.006510,-0.006695,0.055429,-0.640018,-1.193730,100336.0000
1764073665277899911,2025-11-25 17:57:45.273,0.488142,2.455425,266.842873,0.039801,0.006633,0.978108,0.392644,-0.012316,9.672476,0.000758,0.002634,-0.019970,0.057363,-0.642815,-1.190826,100336.0000
1764073665376689040,2025-11-25 17:57:45.373,0.492149,2.426861,266.955521,0.038755,0.007003,0.978346,0.072402,0.118571,9.642836,-0.003198,0.004084,-0.019434,0.061682,-0.642826,-1.192335,100341.0000
1764073665475808262,2025-11-25 17:57:45.473,0.508217,2.416029,267.088142,0.037786,0.007105,0.978944,0.103919,0.127338,9.795114,0.004072,-0.000826,-0.023388,0.060223,-0.644286,-1.193254,100334.0000
1764073665576060003,2025-11-25 17:57:45.573,0.521841,2.410511,267.234879,0.038846,0.006509,0.977748,0.344357,-0.111961,9.747677,0.002903,0.002225,-0.021173,0.063601,-0.641415,-1.193829,100334.0000
1764073665676187873,2025-11-25 17:57:45.673,0.531028,2.396259,267.364792,0.036495,0.007793,0.977737,0.133745,0.151417,9.706208,-0.003014,-0.003133,-0.022848,0.066012,-0.640449,-1.193879,100336.0000
1764073665776118521,2025-11-25 17:57:45.773,0.532477,2.387227,267.482948,0.038158,0.007805,0.977659,0.582302,0.195010,9.777346,0.000157,-0.001272,-0.018443,0.068892,-0.645639,-1.191435,100333.0000
1764073665876263910,2025-11-25 17:57:45.873,0.523412,2.408848,267.609261,0.036624,0.006990,0.976106,0.184089,-0.221785,9.539986,-0.004201,-0.006144,-0.017941,0.069372,-0.645170,-1.191930,100340.0000
1764073665976802466,2025-11-25 17:57:45.973,0.522743,2.444416,267.725647,0.040264,0.007631,0.977511,0.458863,0.182760,9.811465,0.006090,-0.005245,-0.018225,0.071299,-0.644683,-1.191966,100336.0000
1764073666075506910,2025-11-25 17:57:46.072,0.528470,2.472114,267.840424,0.039670,0.007444,0.978720,0.498711,0.197276,9.783239,-0.004073,-0.010788,-0.018409,0.072274,-0.643703,-1.191032,100335.0000
1764073666177798021,2025-11-25 17:57:46.173,0.533448,2.482446,267.962891,0.041232,0.007503,0.978241,0.255021,-0.196935,9.589270,0.004692,-0.004748,-0.016839,0.073203,-0.644258,-1.194890,100337.0000
1764073666276591021,2025-11-25 17:57:46.273,0.525869,2.483227,268.085960,0.042667,0.009981,0.980251,0.410284,0.383078,9.939342,-0.007010,-0.002296,-0.027449,0.075611,-0.645182,-1.193948,100334.0000
1764073666376284873,2025-11-25 17:57:46.373,0.517389,2.472836,268.220718,0.041087,0.006630,0.977816,0.477578,-0.042440,9.765577,0.000925,-0.003790,-0.025292,0.077551,-0.645133,-1.192051,100335.0000
1764073666477254984,2025-11-25 17:57:46.473,0.510037,2.444129,268.364548,0.041724,0.005650,0.976333,0.314613,-0.091907,9.748512,0.003854,0.006543,-0.020020,0.079481,-0.645581,-1.191110,100336.0000
1764073666576095021,2025-11-25 17:57:46.573,0.512068,2.408165,268.510742,0.041403,0.006118,0.978015,0.520223,0.066234,9.780545,0.003383,0.014832,-0.031623,0.078513,-0.643716,-1.193050,100334.0000
1764073666676157928,2025-11-25 17:57:46.673,0.516976,2.380484,268.649223,0.037270,0.006862,0.977994,0.552110,0.015255,9.740504,0.006324,0.010981,-0.029120,0.082845,-0.644164,-1.192626,100339.0000
1764073666776440447,2025-11-25 17:57:46.773,0.519498,2.371270,268.792549,0.037090,0.006246,0.976980,0.366799,-0.149151,9.804112,-0.000285,0.003657,-0.025408,0.083813,-0.643672,-1.192166,100338.0000
1764073666878519336,2025-11-25 17:57:46.873,0.529318,2.384839,268.933990,0.034921,0.006900,0.978272,0.085606,0.019532,9.788503,0.009652,-0.001579,-0.021438,0.084758,-0.644186,-1.194098,100323.0000
1764073666976419095,2025-11-25 17:57:46.973,0.544999,2.416248,269.079597,0.037194,0.007919,0.978318,0.579231,0.183532,9.793136,-0.001803,-0.013512,-0.035312,0.088610,-0.645103,-1.193177,100335.0000
1764073667075528298,2025-11-25 17:57:47.072,0.559605,2.468643,269.208084,0.039146,0.005074,0.977791,0.399532,-0.208973,9.920114,-0.000816,-0.012068,-0.012630,0.088620,-0.644605,-1.192222,100332.0000
1764073667177177558,2025-11-25 17:57:47.173,0.562952,2.492863,269.329659,0.046216,0.008731,0.979336,0.669814,0.058601,9.736480,-0.001510,0.006644,-0.025942,0.090517,-0.645613,-1.195124,100336.0000
1764073667276748909,2025-11-25 17:57:47.273,0.546430,2.464116,269.444931,0.043083,0.008656,0.977925,0.272266,-0.017788,9.744474,-0.006987,0.007056,-0.022812,0.090533,-0.646985,-1.192214,100336.0000
1764073667376789465,2025-11-25 17:57:47.373,0.519178,2.415233,269.576706,0.041151,0.007964,0.977889,0.353494,-0.034885,9.752272,0.000603,0.003237,-0.027811,0.092907,-0.648001,-1.195604,100331.0000
1764073667476091354,2025-11-25 17:57:47.473,0.501417,2.376886,269.700394,0.037854,0.004861,0.976054,0.084229,-0.021080,9.558248,-0.003145,0.000488,-0.016389,0.095833,-0.643170,-1.193795,100336.0000
1764073667576405909,2025-11-25 17:57:47.573,0.506872,2.355886,269.811256,0.037863,0.005251,0.978252,0.469078,0.033172,9.749627,0.003867,0.002469,-0.030597,0.096788,-0.644599,-1.193787,100342.0000
1764073667676482557,2025-11-25 17:57:47.673,0.530378,2.351330,269.917404,0.035296,0.005181,0.978433,0.382259,-0.074766,9.855414,0.005679,-0.004579,-0.013015,0.100659,-0.644053,-1.191445,100336.0000
1764073667776222928,2025-11-25 17:57:47.773,0.559779,2.384748,270.020241,0.039333,0.008812,0.978097,0.532561,-0.055606,9.907934,0.001313,-0.007415,-0.023247,0.098695,-0.646522,-1.194749,100338.0000
1764073667876763187,2025-11-25 17:57:47.873,0.579948,2.406796,270.120079,0.040194,0.008325,0.978793,0.295647,-0.212340,9.875132,0.008049,0.002569,-0.014430,0.100640,-0.647875,-1.191386,100336.0000
1764073667976874002,2025-11-25 17:57:47.973,0.578056,2.415810,270.215103,0.041664,0.011355,0.977509,0.665863,0.348349,9.823014,-0.010444,-0.001456,-0.021000,0.101112,-0.647426,-1.192845,100334.0000
1764073668075395872,2025-11-25 17:57:48.072,0.558954,2.445363,270.289711,0.038600,0.007681,0.976973,0.246511,0.031119,9.939619,-0.002616,-0.013690,-0.009101,0.103508,-0.646967,-1.194332,100333.0000
1764073668177225390,2025-11-25 17:57:48.173,0.538345,2.459616,270.355942,0.044259,0.008823,0.977966,0.680513,0.068263,9.796237,-0.002657,-0.000721,-0.012793,0.103988,-0.646498,-1.194827,100330.0000
1764073668276807224,2025-11-25 17:57:48.273,0.517687,2.456214,270.413040,0.041932,0.008083,0.978030,0.457353,0.182293,9.865977,-0.007471,0.001843,-0.011963,0.106419,-0.645948,-1.191982,100330.0000
1764073668376313168,2025-11-25 17:57:48.373,0.513518,2.442248,270.444092,0.039937,0.005565,0.978498,0.464085,0.242747,9.759460,0.002964,-0.000419,-0.008251,0.103032,-0.648372,-1.192858,100336.0000
1764073668476779094,2025-11-25 17:57:48.473,0.533623,2.422107,270.478607,0.038508,0.006549,0.978159,0.293520,-0.004529,9.685114,0.005333,0.006428,0.001648,0.103997,-0.645532,-1.194361,100331.0000
1764073668576316631,2025-11-25 17:57:48.573,0.559218,2.429415,270.515366,0.039845,0.010435,0.978672,0.376802,0.021657,9.762573,0.004287,-0.002694,-0.005862,0.106875,-0.646485,-1.194870,100334.0000
1764073668677572390,2025-11-25 17:57:48.673,0.578958,2.462454,270.537178,0.040972,0.011648,0.977049,0.575028,0.358312,9.801994,-0.001105,-0.013041,-0.008437,0.105441,-0.648351,-1.192412,100341.0000
1764073668776368390,2025-11-25 17:57:48.773,0.574736,2.474015,270.578278,0.042618,0.011926,0.977400,0.320688,0.201321,9.710065,-0.005825,-0.003357,-0.006157,0.104463,-0.650754,-1.192843,100336.0000
1764073668877514149,2025-11-25 17:57:48.873,0.546681,2.469626,270.612579,0.040506,0.010442,0.976603,0.263235,0.218080,9.675088,-0.009210,-0.012865,-0.004985,0.103518,-0.646469,-1.193376,100334.0000
1764073668977745094,2025-11-25 17:57:48.973,0.524674,2.465137,270.622673,0.043919,0.008053,0.979342,0.454889,0.056593,9.773879,-0.007174,-0.002390,-0.002659,0.106866,-0.647450,-1.195337,100343.0000
1764073669075720890,2025-11-25 17:57:49.073,0.513785,2.439126,270.634132,0.041178,0.007317,0.979199,0.433380,0.003088,9.736647,0.003591,0.014301,-0.000297,0.105426,-0.646034,-1.195819,100332.0000
1764073669176961908,2025-11-25 17:57:49.173,0.521912,2.438272,270.637497,0.037805,0.007996,0.977252,0.120307,0.181639,9.644640,0.007529,-0.000069,0.002891,0.105436,-0.645536,-1.194863,100338.0000
1764073669277166538,2025-11-25 17:57:49.273,0.533825,2.446794,270.627831,0.039359,0.008550,0.978357,0.224794,-0.231327,9.810404,-0.004101,-0.005104,-0.006036,0.105924,-0.647404,-1.192916,100334.0000
1764073669377343204,2025-11-25 17:57:49.373,0.544058,2.458976,270.592842,0.041124,0.009287,0.976307,0.758525,0.216220,9.914778,0.007551,-0.004797,0.013992,0.103990,-0.648378,-1.193354,100328.0000
1764073669477172760,2025-11-25 17:57:49.473,0.545862,2.467374,270.534996,0.040567,0.011245,0.976314,0.448036,0.485423,9.707321,0.000687,-0.003284,0.017471,0.104939,-0.647937,-1.195301,100335.0000
1764073669577823927,2025-11-25 17:57:49.573,0.540939,2.492984,270.486053,0.043432,0.012735,0.978291,0.414195,-0.186274,9.644372,-0.000801,-0.001467,-0.004579,0.102555,-0.646006,-1.193851,100332.0000
1764073669676248834,2025-11-25 17:57:49.673,0.522546,2.523638,270.459496,0.042810,0.010636,0.979454,0.550015,0.218802,9.897044,-0.000340,0.004605,0.009692,0.105432,-0.647904,-1.193864,100331.0000
1764073669776478482,2025-11-25 17:57:49.773,0.503024,2.525789,270.429619,0.045564,0.008084,0.978806,0.166648,0.171140,9.676745,0.001710,0.007065,0.011399,0.103495,-0.648888,-1.194784,100345.0000
1764073669876702260,2025-11-25 17:57:49.873,0.502341,2.513543,270.371346,0.042450,0.007645,0.978023,0.400211,-0.291543,9.711117,0.009447,0.007440,0.018836,0.103994,-0.646010,-1.194353,100330.0000
1764073669977384926,2025-11-25 17:57:49.973,0.518926,2.479037,270.283867,0.040798,0.008956,0.977508,0.584190,0.267817,9.801565,0.011285,0.004110,0.018617,0.100617,-0.645578,-1.195755,100333.0000
1764073670076066074,2025-11-25 17:57:50.072,0.543258,2.476074,270.193436,0.038874,0.011887,0.975588,0.240970,0.075482,9.847695,0.006983,-0.007410,0.011864,0.100622,-0.646035,-1.194785,100336.0000
1764073670178020278,2025-11-25 17:57:50.173,0.563322,2.509885,270.113472,0.043225,0.012606,0.977893,0.715741,-0.117171,9.963526,0.003448,-0.009875,0.007821,0.099670,-0.645542,-1.193815,100332.0000
1764073670278497519,2025-11-25 17:57:50.273,0.569661,2.544284,270.045212,0.044659,0.014864,0.978862,0.579651,0.197439,9.903803,-0.001126,0.000784,0.008769,0.100613,-0.647946,-1.194756,100335.0000
1764073670376291926,2025-11-25 17:57:50.373,0.554561,2.562284,269.978645,0.046005,0.012044,0.977835,0.436369,0.213891,9.843936,0.001635,0.002393,0.014453,0.093900,-0.646503,-1.192753,100335.0000
1764073670477558630,2025-11-25 17:57:50.473,0.532493,2.541805,269.909561,0.043745,0.011599,0.976972,0.111912,0.017771,9.616692,-0.003608,0.003639,0.013097,0.094847,-0.645594,-1.195188,100337.0000
1764073670576670870,2025-11-25 17:57:50.573,0.522645,2.521960,269.858368,0.041267,0.009634,0.977362,0.183655,0.342389,9.679984,-0.002264,-0.001519,0.005905,0.094847,-0.647952,-1.193708,100338.0000
1764073670676668055,2025-11-25 17:57:50.673,0.530007,2.517262,269.809143,0.042251,0.008172,0.978434,1.009893,0.161320,10.149430,0.002591,-0.005596,0.014241,0.094850,-0.647474,-1.193715,100335.0000
1764073670776947092,2025-11-25 17:57:50.773,0.552438,2.522526,269.758171,0.041623,0.011432,0.978406,0.406608,0.002975,9.735995,0.003744,-0.004296,0.007572,0.095316,-0.647980,-1.195159,100334.0000
1764073670877699148,2025-11-25 17:57:50.873,0.569808,2.513546,269.689148,0.045692,0.012388,0.978802,0.569421,0.072545,9.823976,0.001501,0.002196,0.009208,0.092955,-0.645988,-1.190820,100334.0000
1764073670977336907,2025-11-25 17:57:50.973,0.573031,2.503786,269.621239,0.043707,0.012612,0.976922,0.376829,-0.175419,9.607184,0.001024,-0.000573,0.007167,0.093910,-0.646004,-1.191797,100337.0000
1764073671075854426,2025-11-25 17:57:51.073,0.553876,2.489186,269.552368,0.043919,0.013109,0.977200,0.535049,0.308655,9.757476,-0.007014,0.003812,0.009661,0.091490,-0.644166,-1.194679,100336.0000
1764073671177265222,2025-11-25 17:57:51.173,0.527830,2.483088,269.482094,0.039524,0.009194,0.976037,0.264353,0.082460,9.900207,-0.000342,-0.000182,0.022263,0.091026,-0.644595,-1.192258,100337.0000
1764073671277291814,2025-11-25 17:57:51.273,0.508659,2.488631,269.402596,0.040943,0.009428,0.978534,0.284040,0.057135,9.722535,0.001757,-0.001671,0.016785,0.090525,-0.647005,-1.193177,100330.0000
1764073671378131648,2025-11-25 17:57:51.373,0.507561,2.501817,269.324211,0.043416,0.010646,0.978932,0.682385,-0.008305,9.860158,-0.000953,-0.002497,0.013560,0.088602,-0.645124,-1.194140,100334.0000
1764073671477537388,2025-11-25 17:57:51.473,0.521160,2.511182,269.247032,0.043131,0.009284,0.978941,0.465268,0.320203,9.847948,0.007104,0.004000,0.017568,0.088133,-0.642737,-1.194170,100332.0000
1764073671576610592,2025-11-25 17:57:51.573,0.544064,2.498265,269.146683,0.043007,0.010676,0.977603,0.685241,-0.373169,9.997160,0.004850,0.004519,0.023222,0.088136,-0.646030,-1.191712,100334.0000
1764073671677080814,2025-11-25 17:57:51.673,0.562809,2.495358,269.045219,0.041221,0.014116,0.976779,0.341063,0.251535,9.724701,-0.002076,-0.000349,0.015797,0.086208,-0.645104,-1.192661,100334.0000
1764073671776148147,2025-11-25 17:57:51.773,0.567118,2.518163,268.953835,0.042688,0.013092,0.976465,0.418831,0.349057,9.586202,-0.005068,-0.003809,0.015801,0.083805,-0.646995,-1.191152,100331.0000
1764073671877608518,2025-11-25 17:57:51.873,0.553401,2.537539,268.870277,0.041813,0.013141,0.976908,0.163614,-0.020151,9.558971,-0.000542,-0.008264,0.002701,0.082842,-0.645587,-1.192122,100336.0000
1764073671976484647,2025-11-25 17:57:51.973,0.532322,2.543784,268.778664,0.045028,0.012159,0.978767,0.686652,0.255404,9.891045,-0.005460,-0.007043,0.010673,0.082311,-0.648547,-1.196404,100328.0000
1764073672076042907,2025-11-25 17:57:52.073,0.516558,2.545676,268.695877,0.043744,0.010232,0.978828,0.353665,-0.046553,9.948488,0.001417,0.002056,0.020236,0.080878,-0.648055,-1.195427,100334.0000
1764073672177259092,2025-11-25 17:57:52.173,0.518093,2.555555,268.630157,0.044245,0.011334,0.978808,0.382881,0.335541,9.700269,0.003687,0.001523,0.002155,0.081386,-0.647982,-1.192064,100336.0000
1764073672276445814,2025-11-25 17:57:52.273,0.529953,2.554724,268.582893,0.044132,0.011121,0.978873,0.373607,0.245158,9.770185,0.009230,0.003529,0.014446,0.080443,-0.641806,-1.193589,100330.0000
1764073672377288129,2025-11-25 17:57:52.373,0.537048,2.558567,268.539314,0.042101,0.010916,0.976788,0.285848,-0.141757,9.850986,0.000031,0.001377,0.006590,0.077563,-0.646515,-1.189622,100340.0000
1764073672476990591,2025-11-25 17:57:52.473,0.547671,2.555680,268.491539,0.043806,0.013130,0.975912,0.277788,0.325872,9.744780,0.004752,-0.001370,0.002945,0.078038,-0.645588,-1.191088,100338.0000
1764073672576526240,2025-11-25 17:57:52.573,0.541803,2.550814,268.468193,0.042878,0.012878,0.976707,0.623588,0.073227,9.884677,-0.001126,-0.001612,0.005037,0.078046,-0.645568,-1.190126,100336.0000
1764073672677507980,2025-11-25 17:57:52.673,0.530525,2.559424,268.473213,0.042376,0.008977,0.977134,0.426033,-0.231898,9.865212,0.000636,-0.006877,0.000306,0.078028,-0.643728,-1.193525,100337.0000
1764073672777334276,2025-11-25 17:57:52.773,0.513742,2.559048,268.443176,0.044031,0.010007,0.978739,0.622296,-0.219537,9.699094,-0.005052,0.000728,0.006240,0.076582,-0.644212,-1.193496,100338.0000
1764073672877153554,2025-11-25 17:57:52.873,0.495218,2.549691,268.384567,0.044680,0.009957,0.980008,0.579432,0.395031,9.850722,-0.004012,0.008801,0.006899,0.079468,-0.645145,-1.193043,100334.0000
1764073672976594110,2025-11-25 17:57:52.973,0.481747,2.518289,268.331024,0.042688,0.007703,0.978514,0.286635,-0.257067,9.623784,0.006725,0.002035,0.011145,0.077542,-0.643273,-1.194487,100333.0000
1764073673075544554,2025-11-25 17:57:53.072,0.488384,2.493532,268.263504,0.041723,0.010156,0.977383,0.178857,-0.079966,9.634997,0.001119,0.009219,0.007773,0.075133,-0.642349,-1.195429,100330.0000
1764073673177117202,2025-11-25 17:57:53.173,0.502335,2.473914,268.213074,0.040888,0.010864,0.977414,0.558669,0.244384,9.851156,0.004463,0.001681,0.004593,0.076103,-0.644682,-1.193000,100332.0000
1764073673276773702,2025-11-25 17:57:53.273,0.518576,2.478847,268.176872,0.038476,0.011482,0.976120,0.519298,0.308927,9.772856,0.002367,-0.008505,0.001973,0.074658,-0.645634,-1.192483,100328.0000
1764073673376896221,2025-11-25 17:57:53.373,0.524799,2.503312,268.147751,0.040579,0.010606,0.977997,0.524100,0.087873,9.904523,-0.003775,-0.006138,0.014764,0.075642,-0.643688,-1.191082,100334.0000
1764073673476967091,2025-11-25 17:57:53.473,0.508274,2.539179,268.112267,0.042573,0.011289,0.977877,0.491952,0.065395,9.879540,-0.001146,-0.008422,0.013470,0.073220,-0.644685,-1.192476,100331.0000
1764073673576258276,2025-11-25 17:57:53.573,0.479692,2.569220,268.050835,0.045205,0.010642,0.978897,0.447912,-0.074489,9.864640,-0.006809,-0.005611,0.011166,0.073694,-0.647528,-1.191476,100336.0000
1764073673676919294,2025-11-25 17:57:53.673,0.464055,2.577858,267.968391,0.046037,0.008704,0.978314,0.531248,-0.265087,9.889362,0.001822,0.005000,0.018358,0.070342,-0.642787,-1.192463,100329.0000
1764073673776838368,2025-11-25 17:57:53.773,0.463544,2.555535,267.891769,0.043753,0.008740,0.977210,0.123342,0.091594,9.660253,-0.001344,0.005562,0.009563,0.070807,-0.645184,-1.192914,100326.0000
1764073673876328831,2025-11-25 17:57:53.873,0.485473,2.529890,267.800697,0.043115,0.009798,0.977581,0.085187,0.179817,9.659310,0.004578,-0.002797,0.010249,0.070807,-0.645184,-1.192914,100330.0000
1764073673976378702,2025-11-25 17:57:53.973,0.503693,2.516500,267.709290,0.043480,0.013158,0.977526,0.138669,0.090070,9.604939,0.008366,0.000054,0.014261,0.067931,-0.646111,-1.190932,100336.0000
1764073674075525868,2025-11-25 17:57:54.072,0.506652,2.525183,267.632431,0.042749,0.011641,0.977848,0.340885,0.176037,9.754698,0.007360,-0.001918,0.015919,0.065044,-0.644711,-1.191873,100332.0000
1764073674176787905,2025-11-25 17:57:54.173,0.499973,2.543905,267.557068,0.044969,0.011960,0.978852,0.710037,0.258680,9.986662,0.004920,0.000443,0.018023,0.066476,-0.644735,-1.193339,100331.0000
1764073674276415831,2025-11-25 17:57:54.273,0.488512,2.554891,267.457199,0.040997,0.011648,0.976750,0.478207,0.145576,9.877033,-0.000201,0.002267,0.021709,0.066505,-0.644186,-1.189977,100337.0000
1764073674376718090,2025-11-25 17:57:54.373,0.473739,2.599219,267.365356,0.041928,0.010519,0.978080,0.263169,-0.084993,9.791829,0.003853,-0.014278,0.018339,0.063104,-0.644761,-1.193771,100337.0000
1764073674477050535,2025-11-25 17:57:54.473,0.471394,2.647999,267.272736,0.047928,0.009733,0.979405,0.810804,-0.037795,9.951469,0.004215,-0.007602,0.024807,0.061198,-0.643306,-1.192320,100338.0000
1764073674576813553,2025-11-25 17:57:54.573,0.484294,2.670208,267.180618,0.048823,0.011148,0.977981,0.475405,-0.093042,9.899464,0.007724,0.002232,0.024893,0.060726,-0.639984,-1.193327,100336.0000
1764073674677661609,2025-11-25 17:57:54.673,0.494440,2.661412,267.097893,0.048939,0.013649,0.976420,0.591718,-0.083353,9.909605,0.003993,0.006438,0.007439,0.060728,-0.643277,-1.190869,100335.0000
1764073674776588664,2025-11-25 17:57:54.773,0.496920,2.630083,267.023087,0.044318,0.012112,0.975143,0.106218,-0.228254,9.753991,0.000285,0.009888,0.014484,0.056396,-0.643775,-1.190798,100337.0000
1764073674877538775,2025-11-25 17:57:54.873,0.486659,2.614888,266.954025,0.042387,0.013249,0.976424,0.388029,0.042865,9.799677,-0.002874,-0.006308,0.010371,0.060242,-0.642822,-1.191832,100336.0000
1764073674977303720,2025-11-25 17:57:54.973,0.467501,2.625310,266.885559,0.041396,0.011653,0.978118,0.228367,-0.086760,9.853508,-0.006633,-0.006769,0.007823,0.056398,-0.643297,-1.190805,100328.0000
1764073675076498423,2025-11-25 17:57:55.072,0.444496,2.668710,266.799179,0.041495,0.010758,0.979118,0.517276,0.055927,9.873651,-0.003665,-0.011727,0.014614,0.052527,-0.643843,-1.193148,100338.0000
1764073675176755905,2025-11-25 17:57:55.173,0.425958,2.726299,266.737312,0.045887,0.010522,0.979799,0.303068,0.433222,9.746242,-0.001335,-0.014379,0.006580,0.051579,-0.640981,-1.193177,100334.0000
1764073675276567664,2025-11-25 17:57:55.273,0.424228,2.754692,266.704010,0.053105,0.008386,0.979035,0.631600,0.194565,9.835711,0.004091,0.002646,0.002528,0.053536,-0.641358,-1.188866,100329.0000
1764073675376620201,2025-11-25 17:57:55.373,0.438396,2.708167,266.684959,0.050472,0.008693,0.976363,0.783486,0.074275,9.890989,0.002101,0.019287,0.010259,0.053021,-0.642865,-1.192207,100339.0000
1764073675477324979,2025-11-25 17:57:55.473,0.454145,2.628212,266.669586,0.045639,0.010204,0.977320,0.693716,-0.175820,9.949450,0.002770,0.011889,0.002105,0.054925,-0.643852,-1.194146,100334.0000
1764073675576589719,2025-11-25 17:57:55.573,0.457204,2.569554,266.650154,0.039953,0.011182,0.977457,0.428462,0.012211,9.679522,-0.000316,-0.001588,0.001097,0.054968,-0.641382,-1.190331,100333.0000
1764073675676733608,2025-11-25 17:57:55.673,0.456123,2.533116,266.639656,0.038142,0.010769,0.978442,0.470989,0.365740,9.827443,0.002926,-0.002308,0.009065,0.055433,-0.642366,-1.191768,100336.0000
1764073675776984552,2025-11-25 17:57:55.773,0.456410,2.526705,266.642723,0.039813,0.008857,0.978547,0.405926,0.027718,9.704619,-0.009725,-0.003622,-0.001734,0.053985,-0.640970,-1.193213,100333.0000
1764073675876225589,2025-11-25 17:57:55.873,0.458133,2.539136,266.659454,0.042730,0.009910,0.978341,0.568105,-0.212391,9.734331,0.001858,-0.002529,-0.011503,0.054002,-0.641397,-1.190799,100334.0000
1764073675976815423,2025-11-25 17:57:55.973,0.456899,2.553369,266.695557,0.042915,0.010760,0.977558,0.383460,0.376848,9.721835,-0.005599,-0.004089,-0.012717,0.054463,-0.640033,-1.194197,100337.0000
1764073676075974682,2025-11-25 17:57:56.073,0.447258,2.566298,266.753036,0.043418,0.007852,0.976442,0.238748,0.023742,9.752790,0.005753,-0.002043,-0.002542,0.054462,-0.643336,-1.192221,100330.0000
1764073676176976960,2025-11-25 17:57:56.173,0.435826,2.587377,266.814461,0.042214,0.006947,0.975799,0.326898,0.123534,9.754926,0.000854,-0.007578,-0.010304,0.054490,-0.639962,-1.190827,100340.0000
1764073676277200848,2025-11-25 17:57:56.273,0.445884,2.592993,266.873734,0.045731,0.006562,0.978400,0.463985,-0.307783,9.871944,0.006552,0.006026,-0.001509,0.056855,-0.642888,-1.194189,100336.0000
1764073676376500811,2025-11-25 17:57:56.373,0.450477,2.550624,266.933777,0.044805,0.009935,0.980039,0.605024,0.146673,10.027548,0.000812,0.008520,-0.014861,0.055422,-0.643810,-1.192228,100334.0000
1764073676476295071,2025-11-25 17:57:56.473,0.449080,2.481873,267.019592,0.041688,0.008509,0.978629,0.511484,-0.127420,9.830650,0.002456,0.014122,-0.013655,0.059733,-0.643841,-1.194698,100340.0000
1764073676577005774,2025-11-25 17:57:56.573,0.440352,2.433305,267.129730,0.037388,0.008153,0.979521,0.444053,0.059327,9.673450,-0.004498,0.004051,-0.026865,0.061202,-0.643296,-1.191839,100332.0000
1764073676678005256,2025-11-25 17:57:56.673,0.434567,2.408757,267.229263,0.037046,0.005105,0.978001,0.142679,-0.008362,9.715088,0.000206,-0.002656,-0.015177,0.061660,-0.644767,-1.193749,100334.0000
1764073676776638015,2025-11-25 17:57:56.773,0.443223,2.374868,267.350739,0.038813,0.005675,0.977049,0.075700,-0.108298,9.726254,0.002862,0.004295,-0.024377,0.064055,-0.643842,-1.195725,100337.0000
1764073676878495404,2025-11-25 17:57:56.873,0.461265,2.346209,267.504021,0.037765,0.006737,0.975938,0.406145,-0.200435,9.644785,0.004104,0.000467,-0.023248,0.066482,-0.645660,-1.191880,100336.0000
1764073676977553644,2025-11-25 17:57:56.973,0.468959,2.333910,267.674095,0.039608,0.008558,0.977466,0.486652,0.198829,9.766102,0.000421,0.000708,-0.030850,0.069369,-0.644235,-1.192908,100333.0000
1764073677076282292,2025-11-25 17:57:57.072,0.475393,2.336729,267.857117,0.037612,0.005229,0.978038,0.257956,-0.214832,9.738979,0.002490,-0.004178,-0.027671,0.070327,-0.646598,-1.191922,100334.0000
1764073677177308496,2025-11-25 17:57:57.173,0.466387,2.355240,268.066628,0.037511,0.006687,0.978138,0.342552,0.065684,9.720001,-0.001679,0.002113,-0.036791,0.074158,-0.645687,-1.194882,100328.0000
1764073677276874737,2025-11-25 17:57:57.273,0.453290,2.354425,268.266815,0.039239,0.005020,0.978999,0.304317,0.002261,9.692550,-0.005989,-0.000340,-0.040914,0.076573,-0.646123,-1.193467,100335.0000
1764073677376310070,2025-11-25 17:57:57.373,0.453914,2.347559,268.457886,0.036438,0.003651,0.979304,0.432665,0.107111,9.988690,0.002809,-0.000849,-0.034577,0.080912,-0.645138,-1.193064,100332.0000
1764073677476976459,2025-11-25 17:57:57.473,0.464696,2.355290,268.650551,0.037112,0.005158,0.977402,0.304763,0.259215,9.807126,-0.003941,-0.001865,-0.031007,0.081852,-0.648020,-1.193997,100334.0000
1764073677576507255,2025-11-25 17:57:57.573,0.478803,2.369807,268.845032,0.038800,0.004720,0.976855,0.188300,-0.210088,9.683335,0.000206,-0.000257,-0.034060,0.082821,-0.646583,-1.194033,100338.0000
1764073677677217977,2025-11-25 17:57:57.673,0.498628,2.413438,269.036697,0.037316,0.004676,0.975901,0.691045,0.258746,10.008690,0.002543,-0.011344,-0.021051,0.086189,-0.646568,-1.194083,100330.0000
1764073677780103236,2025-11-25 17:57:57.776,0.511184,2.462574,269.244400,0.042314,0.009018,0.978745,0.102282,0.255887,9.625009,-0.000989,-0.002771,-0.047668,0.088608,-0.645581,-1.193170,100333.0000
1764073677876470718,2025-11-25 17:57:57.873,0.511057,2.468443,269.466576,0.041583,0.008095,0.977116,0.396045,0.139267,9.705001,-0.000737,-0.000868,-0.042024,0.092465,-0.647901,-1.190784,100335.0000
1764073677977483181,2025-11-25 17:57:57.973,0.506381,2.461645,269.683121,0.040718,0.001876,0.979217,0.431488,-0.072203,9.670578,0.001384,0.000867,-0.028251,0.093383,-0.648954,-1.195597,100328.0000
1764073678075650736,2025-11-25 17:57:58.072,0.498043,2.454793,269.883759,0.041859,0.007324,0.979584,0.753941,0.051043,9.940480,-0.001774,0.000409,-0.032468,0.096776,-0.646988,-1.193751,100327.0000
1764073678178890570,2025-11-25 17:57:58.173,0.498322,2.440249,270.093628,0.041356,0.005068,0.979152,0.418474,-0.201833,9.870708,0.000344,-0.001729,-0.047592,0.096767,-0.646541,-1.195202,100338.0000
1764073678276603495,2025-11-25 17:57:58.273,0.514200,2.420043,270.316193,0.041578,0.004862,0.977583,0.430922,0.019168,9.731318,0.006294,0.011084,-0.046443,0.103496,-0.647943,-1.195280,100338.0000
1764073678376913588,2025-11-25 17:57:58.373,0.524216,2.410511,270.558174,0.039913,0.006392,0.977167,0.366306,-0.174555,9.764018,0.000287,0.004974,-0.043850,0.103483,-0.647506,-1.197213,100336.0000
1764073678476645662,2025-11-25 17:57:58.473,0.528450,2.415433,270.798309,0.035357,0.004880,0.975057,0.215242,-0.273032,9.613835,-0.002419,-0.004952,-0.032735,0.109753,-0.648383,-1.194883,100330.0000
1764073678577906180,2025-11-25 17:57:58.573,0.525305,2.454950,271.034721,0.038967,0.006823,0.977654,0.192823,0.065070,9.756003,0.002267,-0.019169,-0.045682,0.113123,-0.647890,-1.194940,100339.0000
1764073678676659143,2025-11-25 17:57:58.673,0.507666,2.510585,271.264603,0.045443,0.005958,0.979989,0.739437,0.340662,9.946577,-0.004397,-0.010973,-0.043926,0.114070,-0.649339,-1.195896,100334.0000
1764073678777747310,2025-11-25 17:57:58.773,0.490710,2.523332,271.490013,0.047453,0.002802,0.979118,0.611302,-0.122252,9.858233,-0.004757,-0.000482,-0.031179,0.114549,-0.649814,-1.195895,100334.0000
1764073678876464254,2025-11-25 17:57:58.873,0.481348,2.500268,271.696259,0.044828,0.005726,0.977712,0.159279,-0.065798,9.521578,-0.001601,0.009734,-0.038353,0.121269,-0.650770,-1.197425,100336.0000
1764073678976843402,2025-11-25 17:57:58.973,0.481090,2.463203,271.913155,0.040991,0.002550,0.976917,0.465928,0.228446,9.988544,0.001207,0.000366,-0.042018,0.124657,-0.648346,-1.196548,100336.0000
1764073679075653347,2025-11-25 17:57:59.073,0.499910,2.432884,272.135521,0.040214,0.002749,0.978428,0.284092,-0.194310,9.798513,0.006591,0.005661,-0.036864,0.128503,-0.649751,-1.196101,100334.0000
1764073679176631532,2025-11-25 17:57:59.173,0.520284,2.420886,272.351143,0.040119,0.007119,0.977998,0.517641,0.384764,9.863625,-0.001328,-0.003883,-0.044956,0.131882,-0.648293,-1.195692,100332.0000
1764073679277419421,2025-11-25 17:57:59.273,0.525244,2.443558,272.572853,0.039188,0.005916,0.977437,0.549545,0.183332,9.866673,-0.004853,-0.011983,-0.034397,0.134276,-0.652084,-1.194706,100335.0000
1764073679376611402,2025-11-25 17:57:59.373,0.523709,2.488511,272.786018,0.042620,0.005553,0.978632,0.612074,0.021603,9.788539,-0.004813,-0.003144,-0.040461,0.134758,-0.651136,-1.195209,100332.0000
1764073679476453069,2025-11-25 17:57:59.473,0.515980,2.504167,272.986664,0.043254,0.005795,0.978576,0.647361,0.235827,9.788760,-0.003287,0.001926,-0.032991,0.137662,-0.649192,-1.194319,100329.0000
1764073679576374828,2025-11-25 17:57:59.573,0.505424,2.493639,273.211639,0.041888,0.003422,0.977705,0.207416,0.075998,9.576102,-0.003115,0.005889,-0.048391,0.143398,-0.650681,-1.198233,100342.0000
1764073679676241995,2025-11-25 17:57:59.673,0.509154,2.445218,273.418289,0.042801,0.002074,0.978789,0.347650,0.021267,9.742373,0.001312,0.009360,-0.033304,0.144384,-0.649670,-1.195855,100336.0000
1764073679776154550,2025-11-25 17:57:59.773,0.520477,2.386502,273.615791,0.038290,0.004030,0.977566,0.430284,0.113852,9.954062,-0.000957,0.010007,-0.040317,0.149195,-0.649181,-1.196415,100336.0000
1764073679876514106,2025-11-25 17:57:59.873,0.535668,2.347923,273.819969,0.035549,0.006179,0.976328,0.445091,-0.029729,9.796612,0.001967,-0.005155,-0.046888,0.153997,-0.652483,-1.195472,100336.0000
1764073679976785772,2025-11-25 17:57:59.973,0.544024,2.375637,274.035202,0.035721,0.007122,0.977557,0.244955,-0.091678,9.676172,-0.006187,-0.006937,-0.031758,0.155450,-0.648208,-1.197003,100336.0000
1764073680075674883,2025-11-25 17:58:00.072,0.548572,2.428542,274.246567,0.038712,0.004207,0.979575,0.554530,0.274790,9.879885,0.004576,-0.011175,-0.035230,0.157378,-0.650547,-1.195070,100340.0000
1764073680177127050,2025-11-25 17:58:00.173,0.550870,2.463783,274.459145,0.042622,0.005458,0.979380,0.429736,-0.025597,9.731774,-0.004965,-0.006655,-0.047122,0.158777,-0.653488,-1.198898,100332.0000
1764073680276329309,2025-11-25 17:58:00.273,0.553604,2.467056,274.668175,0.045513,0.005325,0.978233,0.447021,-0.082495,9.738647,-0.003616,0.007385,-0.038743,0.162649,-0.651052,-1.197548,100342.0000
1764073680377054179,2025-11-25 17:58:00.373,0.549779,2.435752,274.859619,0.041156,0.003036,0.975591,0.395501,-0.058374,9.838697,0.003975,0.011776,-0.031994,0.166487,-0.649652,-1.200033,100331.0000
1764073680476544531,2025-11-25 17:58:00.473,0.545760,2.385706,275.046768,0.038489,0.006425,0.976149,0.404889,0.038870,9.882986,-0.003683,0.008877,-0.042895,0.171291,-0.651064,-1.200082,100338.0000
1764073680576244087,2025-11-25 17:58:00.573,0.544116,2.328350,275.217033,0.036580,0.005777,0.977896,0.311043,0.068325,9.906769,-0.008188,0.005962,-0.032847,0.174668,-0.651495,-1.198681,100335.0000
1764073680678948475,2025-11-25 17:58:00.673,0.547698,2.309226,275.384163,0.034202,0.004241,0.978582,0.583915,-0.044709,9.808537,-0.003021,-0.002454,-0.033467,0.176115,-0.653837,-1.196740,100336.0000
1764073680776670253,2025-11-25 17:58:00.773,0.560084,2.344819,275.545036,0.033006,0.005593,0.977897,0.172884,-0.161606,9.718884,0.007281,-0.019199,-0.032326,0.176123,-0.651459,-1.197258,100336.0000
1764073680876460790,2025-11-25 17:58:00.873,0.576787,2.435761,275.691383,0.037606,0.005703,0.978692,0.458002,0.390411,9.835684,0.002055,-0.017510,-0.022678,0.179978,-0.651899,-1.196345,100332.0000
1764073680976836920,2025-11-25 17:58:00.973,0.583711,2.508760,275.836388,0.044093,0.007937,0.979584,0.553656,0.077180,9.865387,0.004483,-0.010879,-0.030847,0.178988,-0.654332,-1.198220,100336.0000
1764073681075859938,2025-11-25 17:58:01.072,0.581240,2.526881,275.981285,0.045418,0.008673,0.977618,0.527966,-0.245389,9.714468,-0.000041,0.006126,-0.035115,0.180442,-0.651470,-1.198766,100334.0000
1764073681176689679,2025-11-25 17:58:01.173,0.578148,2.505345,276.104256,0.042224,0.005781,0.976729,0.304029,0.163113,9.747924,0.003590,0.000252,-0.013606,0.184793,-0.650454,-1.196919,100335.0000
1764073681276656512,2025-11-25 17:58:01.273,0.573242,2.491040,276.203087,0.042622,0.006813,0.976935,0.224488,-0.240981,9.683084,0.000422,0.000699,-0.021630,0.186698,-0.651909,-1.198370,100336.0000
1764073681376537494,2025-11-25 17:58:01.373,0.578690,2.477969,276.272224,0.042556,0.008046,0.978830,0.476543,-0.125811,9.873140,0.005319,0.010229,-0.022942,0.188644,-0.648547,-1.197968,100334.0000
1764073681476900808,2025-11-25 17:58:01.473,0.582186,2.463722,276.330582,0.039163,0.007675,0.977221,0.310647,0.149177,9.761229,0.003128,0.005754,-0.015909,0.187167,-0.652883,-1.199325,100334.0000
1764073681577152586,2025-11-25 17:58:01.573,0.588709,2.454276,276.377487,0.038660,0.008738,0.977991,0.271788,-0.011097,9.904284,0.002480,-0.002652,-0.011741,0.190064,-0.652372,-1.198412,100337.0000
1764073681677389845,2025-11-25 17:58:01.673,0.597941,2.490308,276.397774,0.039494,0.008572,0.978817,0.732222,-0.125818,9.904913,0.002505,-0.007515,0.000687,0.190565,-0.651373,-1.196509,100333.0000
1764073681778072641,2025-11-25 17:58:01.773,0.603373,2.525492,276.410583,0.042184,0.010570,0.979879,0.494179,0.038984,9.718370,-0.001268,-0.007940,-0.011897,0.190060,-0.652382,-1.198894,100336.0000
1764073681876860567,2025-11-25 17:58:01.873,0.606716,2.560091,276.418343,0.045087,0.010012,0.977795,0.358156,0.206322,9.686021,0.000259,0.001194,-0.006955,0.190064,-0.650959,-1.199397,100336.0000
1764073681976837456,2025-11-25 17:58:01.973,0.608183,2.556655,276.413338,0.044948,0.009575,0.977949,0.552427,-0.323037,9.829958,0.002821,0.005088,-0.001367,0.190539,-0.652857,-1.198893,100335.0000
1764073682075702993,2025-11-25 17:58:02.073,0.604620,2.499056,276.406708,0.043691,0.010101,0.977155,0.511260,0.095746,9.949438,-0.000215,0.015472,-0.001177,0.191520,-0.649977,-1.198470,100338.0000
1764073682177324419,2025-11-25 17:58:02.173,0.601695,2.419790,276.411964,0.038390,0.010122,0.976449,0.235779,-0.051240,9.612126,-0.003172,0.009845,-0.001488,0.191033,-0.651880,-1.197953,100332.0000
1764073682276504197,2025-11-25 17:58:02.273,0.599457,2.383804,276.417290,0.035784,0.010695,0.978146,0.209374,0.022433,9.815958,-0.000045,0.010311,-0.006217,0.192950,-0.653304,-1.197959,100333.0000
1764073682376937586,2025-11-25 17:58:02.373,0.591704,2.391993,276.440903,0.034587,0.010066,0.978257,0.358534,0.502698,9.795595,-0.004920,0.001293,-0.015449,0.194884,-0.651384,-1.198017,100343.0000
1764073682476899400,2025-11-25 17:58:02.473,0.577205,2.422120,276.473816,0.034621,0.007144,0.977641,0.175940,0.213313,9.639451,0.005287,-0.010717,-0.000212,0.194878,-0.651872,-1.198491,100334.0000
1764073682576486604,2025-11-25 17:58:02.573,0.564519,2.447217,276.512695,0.038985,0.010083,0.978500,0.364450,0.070625,9.679202,-0.001192,-0.006673,-0.006191,0.195341,-0.653334,-1.199920,100338.0000
1764073682676679308,2025-11-25 17:58:02.673,0.567252,2.456966,276.549461,0.040566,0.007156,0.979273,0.345585,0.000994,9.727103,-0.000570,-0.001717,-0.007504,0.195331,-0.651474,-1.202356,100346.0000
1764073682776985289,2025-11-25 17:58:02.773,0.584370,2.422756,276.583138,0.041174,0.007348,0.978244,0.581749,-0.085907,9.828719,0.003517,0.008310,-0.008938,0.195841,-0.649510,-1.199986,100334.0000
1764073682877497678,2025-11-25 17:58:02.874,0.608946,2.381144,276.605171,0.037965,0.008080,0.977267,0.396368,-0.098307,9.773046,0.005624,0.007989,0.004967,0.196777,-0.654760,-1.199920,100334.0000
1764073682976545807,2025-11-25 17:58:02.973,0.622881,2.371664,276.590279,0.037491,0.011049,0.977750,0.459028,0.246257,9.739303,0.004624,0.004305,-0.004076,0.196807,-0.650908,-1.198534,100331.0000
1764073683076611067,2025-11-25 17:58:03.073,0.624941,2.380031,276.558388,0.035205,0.010475,0.977008,0.359493,-0.122182,9.979028,-0.000697,-0.004944,-0.000755,0.197277,-0.650937,-1.199985,100336.0000
1764073683176053937,2025-11-25 17:58:03.173,0.623767,2.419867,276.521309,0.037537,0.011121,0.977576,0.108499,0.067057,9.617874,0.009546,-0.006235,0.009548,0.196327,-0.648553,-1.200008,100340.0000
1764073683277348270,2025-11-25 17:58:03.273,0.608663,2.467595,276.475937,0.039495,0.012526,0.978136,0.165847,0.336626,9.668935,-0.010304,-0.012326,-0.002471,0.194386,-0.653318,-1.198943,100335.0000
1764073683377274789,2025-11-25 17:58:03.373,0.603618,2.506973,276.407738,0.041375,0.007435,0.979686,0.797399,0.073961,9.957939,0.011242,-0.005092,0.017093,0.194871,-0.650947,-1.199950,100330.0000
1764073683477873344,2025-11-25 17:58:03.473,0.615728,2.549811,276.313942,0.041090,0.008851,0.976417,0.384247,-0.537108,9.641378,0.002978,-0.006307,0.023211,0.193425,-0.652377,-1.199425,100339.0000
1764073683576776900,2025-11-25 17:58:03.573,0.628828,2.594718,276.199005,0.042981,0.013386,0.977186,0.095767,0.471535,9.540670,0.002885,-0.006824,0.007465,0.191480,-0.653382,-1.201307,100330.0000
1764073683676633918,2025-11-25 17:58:03.673,0.639631,2.617935,276.058517,0.044692,0.011230,0.978274,0.448163,0.412405,9.892717,0.005719,0.003745,0.018779,0.190048,-0.651000,-1.201323,100339.0000
1764073683776537418,2025-11-25 17:58:03.773,0.645084,2.587681,275.902344,0.045968,0.013455,0.977898,0.696169,-0.073476,9.892175,-0.000674,0.006634,0.023098,0.187177,-0.652385,-1.198370,100334.0000
1764073683876681937,2025-11-25 17:58:03.873,0.651356,2.532800,275.724174,0.042000,0.013762,0.977880,0.532481,0.475614,9.838058,0.000150,0.003099,0.029537,0.187653,-0.654283,-1.197866,100334.0000
1764073683976351659,2025-11-25 17:58:03.973,0.671071,2.500769,275.544533,0.040002,0.012483,0.977834,0.229673,-0.064521,9.778414,0.006629,0.002872,0.035650,0.186697,-0.653799,-1.197378,100336.0000
1764073684075645066,2025-11-25 17:58:04.073,0.700243,2.492608,275.354668,0.035658,0.014765,0.977340,0.122462,0.240175,9.495343,0.004478,-0.006085,0.033841,0.183316,-0.654790,-1.198276,100334.0000
1764073684177031992,2025-11-25 17:58:04.173,0.718078,2.528121,275.161575,0.034947,0.016019,0.977307,0.072471,0.294738,9.657677,0.010934,-0.019163,0.034042,0.178520,-0.653359,-1.197264,100334.0000
1764073684276336418,2025-11-25 17:58:04.273,0.715612,2.616900,274.950508,0.039995,0.018408,0.977430,0.632837,-0.004804,9.823323,0.001855,-0.020944,0.034637,0.176594,-0.654312,-1.196740,100344.0000
1764073684376231733,2025-11-25 17:58:04.373,0.698898,2.705925,274.726547,0.047207,0.017641,0.979249,0.454247,0.523531,9.599570,0.000350,-0.010764,0.031828,0.173700,-0.651988,-1.199141,100331.0000
1764073684476516807,2025-11-25 17:58:04.473,0.670535,2.740679,274.508080,0.050321,0.013482,0.978951,0.686820,0.036098,9.756121,-0.000774,0.001160,0.030635,0.169852,-0.656243,-1.196130,100336.0000
1764073684576227251,2025-11-25 17:58:04.573,0.655786,2.723107,274.286034,0.050295,0.012671,0.978666,0.842788,-0.289519,9.779837,0.000656,0.013758,0.036806,0.167911,-0.653467,-1.199996,100330.0000
1764073684676239510,2025-11-25 17:58:04.673,0.653652,2.691249,274.046776,0.045220,0.012727,0.976638,0.249298,0.216468,9.588573,0.003824,0.008904,0.041936,0.163110,-0.652046,-1.199466,100331.0000
1764073684776720973,2025-11-25 17:58:04.773,0.664968,2.668773,273.798889,0.043285,0.013478,0.976300,0.323828,0.093406,9.793941,0.008564,0.000330,0.033424,0.159751,-0.653453,-1.197468,100331.0000
1764073684876515695,2025-11-25 17:58:04.873,0.688559,2.651314,273.560539,0.044723,0.016044,0.977799,0.511375,-0.052834,9.888871,0.003703,0.000100,0.034553,0.158314,-0.652027,-1.197469,100332.0000
1764073684976850177,2025-11-25 17:58:04.973,0.710319,2.635246,273.346214,0.043363,0.016026,0.978395,0.280086,0.083250,9.696949,0.006148,0.005595,0.030315,0.155907,-0.651570,-1.197922,100330.0000
1764073685075790862,2025-11-25 17:58:05.073,0.722123,2.649341,273.147049,0.041601,0.014667,0.978766,0.654346,0.000066,9.955236,0.006514,-0.002895,0.036684,0.154442,-0.655875,-1.197835,100338.0000
1764073685176433102,2025-11-25 17:58:05.173,0.724572,2.695790,272.950027,0.042878,0.018719,0.977539,0.111115,0.087283,9.570574,-0.003036,-0.001616,0.027811,0.151590,-0.652026,-1.195925,100332.0000
1764073685276690769,2025-11-25 17:58:05.273,0.699205,2.734913,272.753189,0.045012,0.016819,0.977623,0.626941,0.548827,9.869099,-0.008746,-0.007107,0.033456,0.147227,-0.654017,-1.198720,100336.0000
1764073685376730713,2025-11-25 17:58:05.373,0.667255,2.742151,272.547218,0.045870,0.012629,0.976101,0.093655,0.023788,9.608470,0.005516,-0.011319,0.040970,0.145302,-0.652613,-1.199676,100340.0000
1764073685476503287,2025-11-25 17:58:05.473,0.649551,2.724202,272.341835,0.047348,0.014329,0.977528,0.532463,0.402921,9.635098,-0.000801,0.002511,0.032673,0.140958,-0.655967,-1.199080,100332.0000
1764073685577280750,2025-11-25 17:58:05.573,0.648521,2.706012,272.161041,0.046378,0.010953,0.978748,0.932509,0.276011,10.001655,0.003577,-0.001330,0.024366,0.141928,-0.655942,-1.198131,100327.0000
1764073685677052491,2025-11-25 17:58:05.673,0.666733,2.697149,271.993996,0.046266,0.011637,0.978180,0.568179,0.003411,9.860828,0.007664,0.002374,0.028549,0.138573,-0.652623,-1.198614,100338.0000
1764073685776490658,2025-11-25 17:58:05.773,0.703241,2.704527,271.799980,0.044274,0.012972,0.978809,0.329217,0.436200,9.750724,0.007788,0.011084,0.037010,0.135681,-0.655950,-1.197076,100327.0000
1764073685877312898,2025-11-25 17:58:05.873,0.733204,2.708967,271.613632,0.042782,0.015296,0.976904,0.231419,-0.433768,9.832846,0.007460,-0.001578,0.031568,0.134727,-0.653576,-1.197580,100338.0000
1764073685978008824,2025-11-25 17:58:05.973,0.732809,2.698174,271.430313,0.043948,0.017418,0.977399,0.203191,0.080879,9.524373,-0.002130,-0.002516,0.025548,0.132308,-0.655507,-1.197996,100336.0000
1764073686076053306,2025-11-25 17:58:06.073,0.706723,2.682022,271.257027,0.043575,0.015695,0.976891,0.335908,0.434474,9.836401,-0.000196,-0.002615,0.034004,0.129903,-0.655986,-1.197472,100332.0000
1764073686177069898,2025-11-25 17:58:06.173,0.665822,2.686383,271.077843,0.042763,0.013544,0.976727,1.004738,-0.050890,9.965563,-0.011209,-0.005684,0.022016,0.125570,-0.655070,-1.198385,100332.0000
1764073686276630694,2025-11-25 17:58:06.273,0.649546,2.713739,270.882584,0.043524,0.008641,0.979125,0.933538,-0.016557,9.864935,0.010807,0.001603,0.034387,0.124625,-0.649373,-1.199903,100344.0000
1764073686376473991,2025-11-25 17:58:06.373,0.666534,2.744757,270.697701,0.043803,0.012181,0.978793,0.172955,-0.211206,9.719145,0.006457,0.002212,0.028619,0.123657,-0.652690,-1.198393,100332.0000
1764073686476330102,2025-11-25 17:58:06.473,0.697327,2.756621,270.519363,0.045567,0.015576,0.978541,0.135758,0.343058,9.715545,0.007992,0.004195,0.020985,0.121240,-0.655089,-1.198321,100338.0000
1764073686576985805,2025-11-25 17:58:06.573,0.718579,2.737545,270.356842,0.047384,0.012122,0.977479,0.447280,-0.338616,9.975846,0.010106,0.004776,0.033207,0.117412,-0.652221,-1.197346,100330.0000
1764073686677009879,2025-11-25 17:58:06.673,0.721247,2.709939,270.211121,0.044925,0.016968,0.976607,0.433977,0.235558,9.661471,-0.009303,-0.004984,0.020607,0.116460,-0.650314,-1.197361,100327.0000
1764073686777689750,2025-11-25 17:58:06.773,0.711391,2.706490,270.084465,0.042988,0.014346,0.977696,0.034016,0.178880,9.621873,0.005745,-0.004344,0.024781,0.114994,-0.653207,-1.198258,100334.0000
1764073686876644953,2025-11-25 17:58:06.873,0.701698,2.729050,269.962730,0.044869,0.011159,0.978864,0.851298,-0.363203,9.894345,-0.000267,-0.006020,0.012348,0.112592,-0.653208,-1.197741,100328.0000
1764073686976517638,2025-11-25 17:58:06.973,0.701117,2.745138,269.828064,0.047903,0.011811,0.979341,1.028162,0.305956,9.858002,-0.000026,0.006093,0.015064,0.110664,-0.654639,-1.197209,100335.0000
1764073687075963435,2025-11-25 17:58:07.072,0.703690,2.731492,269.692329,0.047776,0.012289,0.977309,0.391766,0.182347,9.859050,0.003028,0.008105,0.021980,0.110676,-0.654608,-1.195765,100334.0000
1764073687177043935,2025-11-25 17:58:07.173,0.705391,2.690309,269.562248,0.045093,0.014377,0.976373,0.441799,0.178185,9.788867,-0.000830,0.012696,0.021019,0.111146,-0.653692,-1.197713,100334.0000
1764073687277189268,2025-11-25 17:58:07.273,0.697025,2.653015,269.440758,0.041477,0.012149,0.976659,0.251546,0.013066,9.828082,-0.001938,0.004119,0.013258,0.110188,-0.651328,-1.198698,100337.0000
1764073687376733453,2025-11-25 17:58:07.373,0.682131,2.633008,269.329041,0.042521,0.011972,0.978014,0.607389,0.362878,9.898513,-0.000071,-0.003270,0.017831,0.106344,-0.651803,-1.197671,100335.0000
1764073687476842564,2025-11-25 17:58:07.473,0.672826,2.637871,269.223679,0.039761,0.011984,0.977220,0.603098,0.327792,9.829672,-0.003229,-0.004298,0.018445,0.106336,-0.652768,-1.198137,100332.0000
1764073687577426064,2025-11-25 17:58:07.573,0.680565,2.670003,269.131470,0.038128,0.008964,0.979131,0.178228,0.133783,9.668231,0.015299,-0.008264,0.015093,0.106826,-0.653213,-1.196693,100332.0000
1764073687677912045,2025-11-25 17:58:07.673,0.696230,2.712949,269.037468,0.043415,0.011279,0.978928,0.728185,-0.007264,9.959008,0.005077,-0.005317,0.014423,0.105380,-0.652285,-1.197649,100332.0000
1764073687776573156,2025-11-25 17:58:07.773,0.705974,2.722621,268.942543,0.046944,0.014318,0.977685,0.589439,0.222863,9.757227,0.003058,0.013284,0.009760,0.103926,-0.652789,-1.198583,100339.0000
1764073687876591805,2025-11-25 17:58:07.873,0.689529,2.682862,268.848869,0.046059,0.014257,0.977424,0.276794,0.396143,9.490660,-0.004521,0.009079,0.010031,0.102487,-0.652785,-1.198080,100337.0000
1764073687977174304,2025-11-25 17:58:07.973,0.657863,2.633719,268.772034,0.042724,0.011828,0.977440,0.531579,-0.010204,9.869910,-0.002105,0.010014,0.004103,0.100550,-0.653770,-1.199000,100338.0000
1764073688075641656,2025-11-25 17:58:08.072,0.632064,2.603474,268.705269,0.039205,0.009324,0.977331,0.606104,-0.143667,9.874692,-0.000453,0.000724,0.012764,0.103908,-0.653308,-1.200501,100332.0000
1764073688176826712,2025-11-25 17:58:08.173,0.628037,2.610358,268.649040,0.038437,0.008150,0.977807,0.533471,0.049251,9.826019,-0.000489,-0.002126,0.009125,0.101508,-0.653776,-1.199496,100332.0000
1764073688276268786,2025-11-25 17:58:08.273,0.652468,2.656835,268.614258,0.040791,0.008446,0.979101,0.869810,-0.168854,9.898985,0.006551,-0.010602,0.011038,0.101974,-0.653815,-1.201429,100330.0000
1764073688376964897,2025-11-25 17:58:08.373,0.680738,2.704574,268.573334,0.045624,0.009756,0.980113,0.487777,0.348047,9.849793,0.003321,0.000394,0.006505,0.099620,-0.651802,-1.196127,100339.0000
1764073688476496545,2025-11-25 17:58:08.473,0.700569,2.711477,268.527885,0.046284,0.011175,0.977777,0.202763,0.178846,9.806265,0.006440,0.005016,-0.002888,0.099585,-0.654252,-1.198979,100332.0000
1764073688577346100,2025-11-25 17:58:08.573,0.699704,2.671896,268.480713,0.045006,0.011615,0.976007,0.229922,0.249477,9.669366,0.000425,0.012121,0.009087,0.098647,-0.652305,-1.197068,100334.0000
1764073688677072563,2025-11-25 17:58:08.673,0.667998,2.600442,268.421570,0.044157,0.011759,0.976646,0.218300,0.100003,9.740622,-0.002296,0.013024,0.011876,0.100071,-0.652349,-1.199497,100336.0000
1764073688777541711,2025-11-25 17:58:08.773,0.619019,2.545303,268.351952,0.037775,0.010505,0.976418,0.329824,0.267687,9.700397,-0.009529,0.014601,0.001683,0.098617,-0.653799,-1.199934,100334.0000
1764073688877417582,2025-11-25 17:58:08.873,0.583306,2.566994,268.297310,0.034363,0.006346,0.977040,0.825231,-0.193809,10.013812,0.004853,-0.009976,0.015932,0.099095,-0.651449,-1.201904,100330.0000
1764073688977273211,2025-11-25 17:58:08.973,0.583679,2.661763,268.265099,0.037290,0.006459,0.979275,0.494047,0.041207,9.936989,0.000158,-0.028071,0.001700,0.096711,-0.650932,-1.199468,100331.0000
1764073689075987045,2025-11-25 17:58:09.072,0.614653,2.761634,268.231834,0.047185,0.004926,0.980433,0.852344,-0.163246,9.924470,0.007930,-0.014110,0.004274,0.094791,-0.653755,-1.196989,100336.0000
1764073689176389822,2025-11-25 17:58:09.173,0.665547,2.789995,268.187683,0.047536,0.009151,0.978208,0.288203,0.022907,9.710534,0.000094,0.000188,0.008399,0.096217,-0.651909,-1.200410,100332.0000
1764073689276981841,2025-11-25 17:58:09.273,0.694100,2.762915,268.142532,0.047918,0.013415,0.977048,0.310719,0.409813,9.668837,0.004920,0.009255,0.002865,0.094772,-0.653806,-1.199396,100332.0000
1764073689376913230,2025-11-25 17:58:09.373,0.684233,2.703561,268.097977,0.044317,0.013156,0.976357,0.313420,-0.040016,9.838775,-0.003937,0.006445,0.003682,0.097655,-0.653803,-1.199920,100333.0000
1764073689476928192,2025-11-25 17:58:09.473,0.652549,2.680140,268.073906,0.041584,0.011102,0.977557,0.517230,-0.063114,9.801418,-0.004995,-0.004694,0.005883,0.094300,-0.652843,-1.198922,100331.0000
1764073689576829952,2025-11-25 17:58:09.573,0.618286,2.677840,268.049881,0.043135,0.007906,0.978323,0.560487,0.187688,9.781401,-0.008028,0.001430,-0.002992,0.096230,-0.649988,-1.199957,100334.0000
1764073689677384285,2025-11-25 17:58:09.673,0.613235,2.682372,268.033791,0.043048,0.005729,0.979385,0.577453,0.127772,9.885857,0.008546,0.001077,-0.004934,0.096225,-0.649531,-1.200928,100334.0000
1764073689776923174,2025-11-25 17:58:09.773,0.640533,2.701756,268.027626,0.041681,0.006657,0.977450,0.405643,0.048773,9.834869,0.008201,0.001102,0.007222,0.098155,-0.652338,-1.198505,100337.0000
1764073689877684248,2025-11-25 17:58:09.873,0.669368,2.724524,268.027504,0.043787,0.008707,0.976155,0.142323,0.251086,9.529071,0.009915,-0.000306,0.001787,0.095275,-0.650918,-1.198485,100330.0000
1764073689976417007,2025-11-25 17:58:09.973,0.686236,2.745416,268.018433,0.045182,0.010555,0.977426,0.389669,-0.065503,9.830585,0.002066,-0.006187,0.001788,0.095749,-0.653761,-1.197485,100332.0000
1764073690075709599,2025-11-25 17:58:10.073,0.682527,2.755414,268.008614,0.046807,0.010899,0.977568,0.496044,0.129803,9.850886,-0.007155,-0.003683,-0.008390,0.097677,-0.652330,-1.198017,100342.0000
1764073690177516988,2025-11-25 17:58:10.173,0.675986,2.733229,268.007683,0.046148,0.008992,0.978925,0.758654,0.159026,10.000915,0.001577,0.009561,0.002483,0.094784,-0.651418,-1.199433,100334.0000
1764073690276779303,2025-11-25 17:58:10.273,0.677588,2.711499,268.009857,0.042292,0.009205,0.978485,0.327666,-0.323912,9.839243,0.004641,0.002926,0.001809,0.096705,-0.652832,-1.198958,100337.0000
1764073690376736859,2025-11-25 17:58:10.373,0.683476,2.696937,268.014824,0.043487,0.009491,0.978918,0.532271,0.295085,9.722556,-0.001538,0.000811,0.003472,0.097204,-0.649953,-1.198527,100336.0000
1764073690476531747,2025-11-25 17:58:10.473,0.676078,2.684367,268.018295,0.043903,0.010416,0.978177,0.204666,-0.049973,9.560714,-0.002890,-0.000314,-0.008498,0.095258,-0.650491,-1.200899,100336.0000
1764073690577417155,2025-11-25 17:58:10.573,0.666385,2.665243,268.012825,0.044196,0.008732,0.976791,0.571204,0.115736,9.772788,-0.005105,0.005919,-0.006797,0.099109,-0.652354,-1.199482,100335.0000
1764073690678140081,2025-11-25 17:58:10.673,0.657228,2.651762,268.000481,0.040068,0.007779,0.977303,0.438548,0.336601,9.856576,0.005135,-0.003414,0.010548,0.097646,-0.652411,-1.201868,100334.0000
1764073690776416969,2025-11-25 17:58:10.773,0.638547,2.654514,267.986824,0.042083,0.008421,0.977817,0.149440,-0.003329,9.803679,-0.000318,-0.004796,-0.001852,0.098152,-0.650457,-1.199978,100330.0000
1764073690876254118,2025-11-25 17:58:10.873,0.637781,2.660667,267.979416,0.043009,0.007976,0.979674,0.300710,-0.008848,9.711425,0.002403,0.000486,-0.000093,0.097182,-0.652840,-1.199446,100329.0000
1764073690976493580,2025-11-25 17:58:10.973,0.650446,2.672468,267.974228,0.043486,0.005605,0.977311,0.440955,-0.013162,9.856668,0.002109,0.000144,-0.002713,0.098619,-0.653321,-1.199942,100338.0000
1764073691075565673,2025-11-25 17:58:11.072,0.687606,2.662598,267.972069,0.045107,0.008113,0.974788,0.614938,0.215257,9.899754,0.007451,0.007806,-0.001113,0.098647,-0.650892,-1.198053,100331.0000
1764073691176224414,2025-11-25 17:58:11.173,0.716268,2.635345,267.982368,0.045715,0.011949,0.977934,0.736966,-0.180345,9.942192,0.000971,0.002200,0.002432,0.100551,-0.650467,-1.200977,100341.0000
1764073691276838673,2025-11-25 17:58:11.273,0.711651,2.610069,267.996162,0.040110,0.012491,0.976850,0.277038,0.409328,9.694069,-0.001272,0.002557,-0.001076,0.100533,-0.653343,-1.201414,100338.0000
1764073691377317043,2025-11-25 17:58:11.373,0.687663,2.615427,267.997292,0.038242,0.009132,0.978796,0.247802,0.250239,9.718569,-0.003911,-0.007350,-0.005440,0.100073,-0.650459,-1.200489,100338.0000
1764073691476430006,2025-11-25 17:58:11.473,0.664758,2.645762,267.970123,0.040804,0.007890,0.981044,0.671665,-0.068650,9.881725,-0.003291,-0.002764,0.009675,0.100539,-0.652855,-1.200940,100336.0000
1764073691575750673,2025-11-25 17:58:11.573,0.660685,2.680614,267.924629,0.042191,0.006748,0.979595,0.494690,0.041269,9.734483,0.003463,-0.010378,0.009307,0.100569,-0.649003,-1.199555,100334.0000
1764073691677446580,2025-11-25 17:58:11.673,0.678470,2.703747,267.862854,0.046157,0.009262,0.979134,0.318702,0.146660,9.813188,0.007360,0.002600,0.012001,0.097660,-0.651903,-1.200431,100338.0000
1764073691776486006,2025-11-25 17:58:11.773,0.693023,2.701573,267.798569,0.046289,0.012246,0.975739,0.367493,0.165582,9.600619,0.006028,-0.001866,0.008782,0.097680,-0.651852,-1.198024,100334.0000
1764073691878008191,2025-11-25 17:58:11.873,0.703903,2.683306,267.748329,0.044959,0.011988,0.975361,0.376603,0.262399,9.689266,0.003230,0.003089,-0.004180,0.095738,-0.653792,-1.198929,100334.0000
1764073691978399561,2025-11-25 17:58:11.973,0.716052,2.646642,267.716431,0.043465,0.010661,0.976298,0.434268,-0.277126,9.950127,0.003108,0.000420,-0.003511,0.098641,-0.652792,-1.197542,100339.0000
1764073692076188413,2025-11-25 17:58:12.072,0.718561,2.597889,267.710861,0.041170,0.013229,0.977127,0.404335,0.218826,9.710802,-0.003453,0.006992,-0.005941,0.097682,-0.651374,-1.198031,100338.0000
1764073692178331061,2025-11-25 17:58:12.173,0.705983,2.566246,267.704391,0.038816,0.010770,0.979254,0.426131,0.179298,9.699223,0.003542,0.001505,-0.002121,0.097660,-0.651903,-1.200431,100332.0000
1764073692276546432,2025-11-25 17:58:12.273,0.695696,2.577043,267.675812,0.038175,0.009740,0.979075,0.432565,0.175396,9.661293,0.000368,-0.005195,0.002774,0.099590,-0.653297,-1.198993,100332.0000
1764073692376766543,2025-11-25 17:58:12.373,0.700324,2.623909,267.639908,0.037654,0.009633,0.978897,0.294415,0.431378,9.690808,-0.000918,-0.017073,0.009092,0.096689,-0.653818,-1.200387,100339.0000
1764073692476652117,2025-11-25 17:58:12.473,0.713547,2.690790,267.628029,0.042767,0.010197,0.978161,0.331122,0.312484,9.752614,0.007192,-0.017994,0.002530,0.097678,-0.651384,-1.198513,100334.0000
1764073692576949228,2025-11-25 17:58:12.573,0.723391,2.747622,267.632820,0.047204,0.011527,0.978606,0.499991,0.005736,9.819169,0.006086,-0.003013,-0.005732,0.097188,-0.652352,-1.198972,100332.0000
1764073692676986005,2025-11-25 17:58:12.673,0.711853,2.757826,267.644554,0.048159,0.010907,0.976624,0.498194,0.197921,9.808525,0.002925,0.005512,-0.001133,0.096716,-0.653747,-1.197018,100332.0000
1764073692776315913,2025-11-25 17:58:12.773,0.685504,2.726973,267.663879,0.045997,0.009898,0.977092,0.490012,0.075766,9.772462,-0.006661,0.002500,-0.002916,0.100082,-0.651851,-1.198541,100334.0000
1764073692876380709,2025-11-25 17:58:12.873,0.671448,2.665563,267.698349,0.044651,0.007928,0.977880,0.459405,0.015388,9.743922,-0.006045,0.010830,-0.019718,0.095738,-0.653792,-1.198929,100338.0000
1764073692978676524,2025-11-25 17:58:12.973,0.662320,2.618170,267.741356,0.041621,0.006939,0.978030,0.480926,0.246506,9.778126,-0.006278,0.008330,-0.015801,0.099604,-0.652788,-1.197556,100334.0000
1764073693075675987,2025-11-25 17:58:13.073,0.665401,2.595772,267.784531,0.039152,0.007452,0.976821,0.269343,0.086529,9.805722,0.000453,-0.001301,-0.006541,0.100075,-0.650926,-1.200000,100336.0000
1764073693177290338,2025-11-25 17:58:13.173,0.672473,2.602223,267.834465,0.040505,0.007215,0.978169,0.346204,-0.028547,9.799948,0.004473,-0.005136,-0.008772,0.100075,-0.650926,-1.200000,100330.0000
1764073693276432061,2025-11-25 17:58:13.273,0.687672,2.633322,267.887131,0.039777,0.006596,0.979169,0.421472,0.477728,9.776091,0.000876,-0.007455,-0.010279,0.100567,-0.649481,-1.199548,100332.0000
1764073693378057764,2025-11-25 17:58:13.373,0.709043,2.666926,267.942284,0.040743,0.007087,0.977261,0.548169,-0.041777,9.896973,0.010528,-0.011569,-0.003701,0.105378,-0.651817,-1.198138,100334.0000
1764073693476890820,2025-11-25 17:58:13.473,0.731702,2.699374,267.997482,0.043620,0.008119,0.978598,0.611284,-0.110895,9.822630,0.003184,-0.001326,-0.010610,0.103944,-0.649913,-1.198146,100334.0000
1764073693576223690,2025-11-25 17:58:13.573,0.745121,2.697894,268.034515,0.044865,0.009869,0.977643,0.277612,-0.130547,9.591603,0.005190,0.002092,-0.006258,0.105874,-0.652719,-1.195723,100338.0000
1764073693676651783,2025-11-25 17:58:13.673,0.742166,2.680094,268.062187,0.043959,0.011893,0.978457,0.443368,0.331047,9.710805,-0.006136,0.000698,-0.011017,0.105379,-0.650872,-1.198634,100334.0000
1764073693777264171,2025-11-25 17:58:13.773,0.728602,2.647887,268.108513,0.042775,0.010838,0.976359,0.301901,0.076890,9.562066,0.002245,0.000078,-0.008974,0.104417,-0.650876,-1.198620,100331.0000
1764073693877397468,2025-11-25 17:58:13.873,0.709353,2.607908,268.170959,0.043636,0.007488,0.978929,0.515696,-0.314902,9.858035,-0.002096,0.004223,-0.007240,0.107310,-0.650375,-1.198188,100338.0000
1764073693976900505,2025-11-25 17:58:13.973,0.702893,2.580905,268.225670,0.041533,0.007599,0.978379,0.742834,0.100389,9.955266,0.003652,0.008145,-0.003445,0.108747,-0.650857,-1.198684,100334.0000
1764073694075664097,2025-11-25 17:58:14.072,0.711163,2.565341,268.276894,0.039268,0.008495,0.976602,0.458357,-0.140361,9.755408,0.001595,0.004571,-0.010042,0.108755,-0.652249,-1.196736,100336.0000
1764073694176651208,2025-11-25 17:58:14.173,0.725268,2.564267,268.322937,0.038857,0.007535,0.978384,0.523452,-0.019506,9.742394,0.008134,-0.002943,-0.003698,0.106833,-0.650367,-1.197700,100336.0000
1764073694277013467,2025-11-25 17:58:14.273,0.752177,2.593817,268.351349,0.038491,0.009052,0.978125,0.286391,-0.009268,9.696074,0.002649,-0.005812,-0.011168,0.109244,-0.650814,-1.196765,100336.0000
1764073694377339227,2025-11-25 17:58:14.373,0.767420,2.635944,268.361893,0.042177,0.009655,0.977757,0.504099,0.125449,9.700165,0.003949,-0.012528,-0.000369,0.107308,-0.650853,-1.198181,100332.0000
1764073694479990671,2025-11-25 17:58:14.473,0.752827,2.668635,268.361115,0.045757,0.009940,0.976967,0.283637,0.102366,9.670854,-0.002128,-0.002925,0.012249,0.111155,-0.650368,-1.198727,100332.0000
1764073694576463523,2025-11-25 17:58:14.573,0.723601,2.675858,268.337166,0.048040,0.009963,0.978656,0.545711,0.031461,9.879463,0.004605,0.003281,0.003991,0.107804,-0.649398,-1.197248,100331.0000
1764073694676791782,2025-11-25 17:58:14.673,0.710863,2.662042,268.318085,0.044972,0.009290,0.977988,0.274780,0.075407,9.805337,0.002731,0.008498,0.002388,0.110195,-0.650840,-1.198223,100331.0000
1764073694776192874,2025-11-25 17:58:14.773,0.711290,2.632633,268.330048,0.043659,0.008863,0.977710,0.466425,0.013162,9.840402,0.005358,0.007740,0.003207,0.108265,-0.650392,-1.199165,100342.0000
1764073694877147597,2025-11-25 17:58:14.873,0.731241,2.620384,268.365768,0.042450,0.008971,0.978010,0.082117,-0.215030,9.617262,0.005091,0.003576,-0.014657,0.109734,-0.649846,-1.196306,100328.0000
1764073694976187115,2025-11-25 17:58:14.973,0.753496,2.630396,268.412125,0.042359,0.010424,0.978129,0.557415,0.057942,9.759097,0.008347,-0.004706,-0.013250,0.111637,-0.651779,-1.197749,100338.0000
1764073695075688208,2025-11-25 17:58:15.072,0.753693,2.658703,268.479866,0.043886,0.012619,0.977244,0.547219,0.340655,9.805765,0.001412,-0.012129,-0.008090,0.112111,-0.653210,-1.197734,100336.0000
1764073695176730671,2025-11-25 17:58:15.173,0.733322,2.674358,268.551094,0.046671,0.009869,0.976538,0.346712,0.389193,9.745090,-0.000823,-0.003925,-0.014719,0.112150,-0.649337,-1.195386,100340.0000
1764073695276633596,2025-11-25 17:58:15.273,0.708303,2.671006,268.599251,0.045978,0.004497,0.977687,0.410180,-0.320776,9.735673,0.001953,0.001851,-0.002290,0.114063,-0.650772,-1.195873,100336.0000
1764073695377489504,2025-11-25 17:58:15.373,0.698109,2.671646,268.649231,0.043327,0.007284,0.976818,0.528810,0.086786,9.877847,0.004548,0.004271,-0.004671,0.112107,-0.651807,-1.199200,100333.0000
1764073695478137411,2025-11-25 17:58:15.473,0.700038,2.691938,268.707748,0.040539,0.007650,0.977977,0.160428,-0.021563,9.840015,-0.000649,-0.010202,-0.022579,0.115001,-0.651774,-1.198280,100326.0000
1764073695577480022,2025-11-25 17:58:15.573,0.713544,2.732840,268.754372,0.043127,0.006034,0.977858,0.211857,0.112522,9.836743,0.007043,-0.012939,-0.010333,0.115979,-0.649371,-1.197850,100340.0000
1764073695677043355,2025-11-25 17:58:15.673,0.739558,2.764470,268.782646,0.048280,0.007007,0.977103,0.792119,0.201283,9.824832,0.012641,0.000544,0.003088,0.116460,-0.651727,-1.196376,100336.0000
1764073695776612763,2025-11-25 17:58:15.773,0.757737,2.771202,268.812500,0.048442,0.009130,0.978299,0.873500,-0.042343,9.920968,-0.000144,0.004359,-0.002963,0.114526,-0.651288,-1.197799,100334.0000
1764073695877026540,2025-11-25 17:58:15.873,0.763388,2.727394,268.841377,0.047207,0.010123,0.978969,0.399525,-0.159091,9.797750,0.004427,0.009372,-0.004908,0.114510,-0.652274,-1.199228,100334.0000
1764073695976883337,2025-11-25 17:58:15.973,0.753784,2.660906,268.858955,0.043292,0.012153,0.977683,0.365306,0.185644,9.592201,-0.004352,0.011620,-0.006508,0.116902,-0.654184,-1.199716,100338.0000
1764073696075641744,2025-11-25 17:58:16.072,0.740230,2.616414,268.857925,0.037924,0.008827,0.978281,0.055553,0.260533,9.641013,-0.001758,0.003218,-0.002986,0.115964,-0.650825,-1.198790,100336.0000
1764073696178263114,2025-11-25 17:58:16.173,0.729313,2.614252,268.829132,0.038348,0.007930,0.977955,0.490335,0.377711,9.684005,0.005136,-0.004598,0.015935,0.116941,-0.650312,-1.197368,100330.0000
1764073696276990485,2025-11-25 17:58:16.273,0.723493,2.653324,268.770676,0.041448,0.007560,0.977373,0.406087,0.100398,9.644259,0.004943,-0.009279,0.010631,0.118853,-0.651279,-1.198344,100334.0000
1764073696376637707,2025-11-25 17:58:16.373,0.734150,2.682764,268.707245,0.046285,0.009621,0.976096,0.494561,-0.153450,9.666116,0.006844,-0.010099,0.000476,0.112602,-0.651297,-1.197771,100332.0000
1764073696476026818,2025-11-25 17:58:16.473,0.756046,2.684711,268.650230,0.047254,0.010530,0.976170,0.415274,0.063968,9.693871,0.002055,-0.000251,0.012557,0.114552,-0.650750,-1.194918,100332.0000
1764073696576504188,2025-11-25 17:58:16.573,0.781193,2.654778,268.598938,0.045024,0.012184,0.977019,0.498109,0.185454,9.828377,0.006398,0.008499,0.005061,0.115994,-0.651688,-1.194443,100334.0000
1764073696676105577,2025-11-25 17:58:16.673,0.810654,2.617995,268.561729,0.041928,0.011786,0.978941,0.428132,0.210490,9.760280,0.003260,-0.001144,0.009056,0.114561,-0.649784,-1.194451,100338.0000
1764073696776825558,2025-11-25 17:58:16.773,0.835938,2.613742,268.533615,0.037228,0.012345,0.979854,0.593238,0.349900,9.865972,0.005204,-0.007797,0.006129,0.112153,-0.651685,-1.193424,100329.0000
1764073696877526503,2025-11-25 17:58:16.873,0.839759,2.645514,268.480080,0.038622,0.013407,0.981579,0.359711,0.268170,9.915794,0.001179,-0.009186,0.016859,0.112150,-0.650750,-1.194401,100332.0000
1764073696976736169,2025-11-25 17:58:16.973,0.815131,2.695771,268.379906,0.044445,0.013647,0.979045,0.762285,0.027602,9.858019,0.000360,-0.004326,0.015519,0.113108,-0.649343,-1.195881,100334.0000
1764073697076017781,2025-11-25 17:58:17.073,0.772601,2.726201,268.267052,0.048898,0.011084,0.976457,0.604774,0.104198,9.863871,-0.008604,-0.001611,0.016204,0.109721,-0.653180,-1.195773,100338.0000
1764073697177182503,2025-11-25 17:58:17.173,0.744122,2.718674,268.155846,0.051401,0.011084,0.975024,0.300564,0.413257,9.735709,0.002876,0.005938,0.014955,0.108283,-0.651286,-1.196262,100337.0000
1764073697276703336,2025-11-25 17:58:17.273,0.740475,2.663879,268.060638,0.047456,0.010761,0.975323,0.530602,0.285199,9.726083,-0.000209,0.012427,0.014017,0.108283,-0.648928,-1.197743,100327.0000
1764073697377260280,2025-11-25 17:58:17.373,0.762519,2.607285,267.993301,0.041748,0.009812,0.977820,0.433969,0.266917,9.791165,0.011706,0.000261,0.018042,0.108783,-0.648407,-1.195832,100334.0000
1764073697477137725,2025-11-25 17:58:17.473,0.797124,2.607658,267.933281,0.040514,0.011141,0.979006,0.439260,-0.101219,9.954159,0.004141,-0.007371,0.009713,0.105397,-0.650354,-1.196716,100335.0000
1764073697576962521,2025-11-25 17:58:17.573,0.819363,2.649909,267.879936,0.043183,0.014801,0.979528,0.616061,-0.099899,9.866774,0.010724,-0.005588,0.012382,0.103989,-0.649323,-1.192858,100338.0000
1764073697677236280,2025-11-25 17:58:17.673,0.825820,2.706618,267.835144,0.043445,0.016095,0.978162,0.298543,0.086950,9.747512,0.003036,-0.005213,0.002946,0.104453,-0.649839,-1.194783,100342.0000
1764073697776961873,2025-11-25 17:58:17.773,0.802704,2.758055,267.805145,0.047417,0.014827,0.977718,0.216940,0.129672,9.762131,-0.007286,-0.006509,-0.002181,0.102524,-0.649858,-1.195236,100334.0000
1764073697877905169,2025-11-25 17:58:17.873,0.751643,2.759436,267.795952,0.051235,0.010992,0.976555,0.649726,0.008539,9.799295,-0.006075,0.002186,0.002171,0.104920,-0.650346,-1.196227,100328.0000
1764073697976306706,2025-11-25 17:58:17.973,0.710751,2.724112,267.786667,0.047611,0.007658,0.976996,0.412778,-0.004258,9.734727,-0.005352,0.007825,-0.001529,0.103965,-0.650329,-1.195250,100333.0000
1764073698075650132,2025-11-25 17:58:18.073,0.707080,2.685152,267.779465,0.046198,0.004522,0.977157,0.439934,0.168933,9.709282,-0.002343,0.003291,0.002666,0.104440,-0.650815,-1.195731,100338.0000
1764073698176926724,2025-11-25 17:58:18.173,0.747244,2.643140,267.761833,0.043058,0.006484,0.978099,0.483966,0.085140,9.899736,0.005718,0.003418,0.006305,0.103008,-0.649378,-1.195251,100329.0000
1764073698276349632,2025-11-25 17:58:18.273,0.799171,2.632872,267.735962,0.041125,0.011137,0.977934,0.430569,0.310102,9.737926,0.004605,-0.003281,0.009472,0.105413,-0.649368,-1.195286,100340.0000
1764073698376238391,2025-11-25 17:58:18.373,0.818125,2.669929,267.712036,0.041999,0.014407,0.977310,0.117653,0.089338,9.632338,0.001459,-0.005137,0.001690,0.102539,-0.648405,-1.194295,100341.0000
1764073698476980113,2025-11-25 17:58:18.473,0.791118,2.714681,267.688972,0.042780,0.014791,0.978008,0.130618,0.302699,9.561284,-0.004032,-0.009396,0.007470,0.103017,-0.649825,-1.193799,100336.0000
1764073698576450446,2025-11-25 17:58:18.573,0.726751,2.723277,267.642281,0.048487,0.012162,0.978656,0.715312,-0.015959,9.811867,-0.010654,-0.001254,0.009354,0.103956,-0.649882,-1.196702,100342.0000
1764073698676933761,2025-11-25 17:58:18.673,0.668961,2.696732,267.603249,0.045978,0.005912,0.977231,0.775432,-0.242889,9.899973,-0.008860,0.002240,0.007606,0.103508,-0.646967,-1.194332,100332.0000
1764073698777555705,2025-11-25 17:58:18.773,0.650933,2.658911,267.559830,0.044698,0.003797,0.978721,0.457126,0.205929,9.752439,0.007581,0.011611,0.013427,0.102994,-0.649887,-1.196687,100342.0000
1764073698877122502,2025-11-25 17:58:18.873,0.679795,2.604817,267.504356,0.042009,0.005911,0.978550,0.387847,0.174275,9.675146,0.007640,0.006536,0.007663,0.103009,-0.646075,-1.197227,100336.0000
1764073698976723353,2025-11-25 17:58:18.973,0.730594,2.572193,267.469620,0.039344,0.008411,0.978146,0.147050,-0.093272,9.686871,0.011853,-0.005274,0.000103,0.101070,-0.648950,-1.197155,100329.0000
1764073699075515539,2025-11-25 17:58:19.072,0.769497,2.572530,267.441841,0.039409,0.011975,0.976165,0.339189,0.128661,9.677447,0.008427,-0.004767,0.008578,0.102042,-0.649393,-1.195718,100338.0000
1764073699177716687,2025-11-25 17:58:19.173,0.790076,2.599644,267.401154,0.040042,0.012850,0.976935,0.128877,0.097680,9.722835,-0.003432,-0.012599,0.001498,0.099639,-0.647981,-1.196186,100332.0000
1764073699276966761,2025-11-25 17:58:19.273,0.782158,2.639213,267.363441,0.042017,0.012848,0.976786,0.534912,-0.092216,9.709589,0.001756,-0.017105,0.004165,0.098692,-0.650302,-1.192765,100344.0000
1764073699376762353,2025-11-25 17:58:19.373,0.756870,2.659701,267.329803,0.047454,0.012622,0.979929,0.441791,-0.021737,9.832610,0.000317,0.002161,0.002419,0.098200,-0.649390,-1.194698,100338.0000
1764073699476786890,2025-11-25 17:58:19.473,0.724902,2.627491,267.294479,0.047828,0.009064,0.979429,0.473787,0.031042,9.630886,-0.004049,0.012623,0.001115,0.100621,-0.647926,-1.193793,100336.0000
1764073699578053723,2025-11-25 17:58:19.573,0.696175,2.565866,267.252106,0.042486,0.008192,0.977240,0.211972,0.260524,9.728440,-0.004037,0.013011,0.003024,0.100111,-0.648944,-1.196659,100340.0000
1764073699677072279,2025-11-25 17:58:19.673,0.689623,2.532541,267.215210,0.039867,0.007212,0.977430,0.627243,0.349970,9.733939,0.005250,0.001099,0.008386,0.097236,-0.646569,-1.196653,100340.0000
1764073699777018557,2025-11-25 17:58:19.773,0.713381,2.540037,267.170387,0.038242,0.004693,0.976300,0.334075,0.127430,9.687304,0.008468,-0.013394,0.012131,0.097250,-0.647006,-1.194720,100341.0000
1764073699876822408,2025-11-25 17:58:19.873,0.765615,2.563662,267.122345,0.042085,0.007940,0.977706,0.626457,-0.302990,9.962678,0.010355,-0.011043,0.008440,0.099650,-0.648896,-1.194245,100336.0000
1764073699977130038,2025-11-25 17:58:19.973,0.819023,2.579048,267.082527,0.043818,0.014126,0.978887,0.325141,0.346467,9.684877,0.015606,-0.000730,-0.000277,0.096773,-0.649823,-1.192262,100348.0000
1764073700076521742,2025-11-25 17:58:20.073,0.833228,2.561404,267.042915,0.044187,0.014854,0.979321,0.437682,-0.014005,9.824063,0.001641,0.008445,0.005268,0.097241,-0.647971,-1.195187,100332.0000
1764073700177163908,2025-11-25 17:58:20.173,0.801361,2.528344,267.002068,0.040723,0.014600,0.978252,0.401314,0.186511,9.883850,-0.000992,0.008092,0.007969,0.094843,-0.647962,-1.194189,100342.0000
1764073700278273075,2025-11-25 17:58:20.274,0.739781,2.517275,266.962296,0.039955,0.011889,0.977063,0.410726,0.019650,9.885339,-0.012659,0.004121,0.005743,0.095313,-0.647990,-1.195640,100336.0000
1764073700377440927,2025-11-25 17:58:20.373,0.681955,2.521590,266.929245,0.038556,0.008198,0.977094,0.339806,-0.056399,9.604247,-0.010472,0.000746,0.006108,0.096275,-0.649399,-1.194670,100336.0000
1764073700476593260,2025-11-25 17:58:20.473,0.648380,2.529665,266.895844,0.039993,0.007216,0.976550,0.368007,0.276975,9.761412,-0.008462,-0.007425,0.003152,0.094343,-0.648015,-1.196589,100335.0000
1764073700576722908,2025-11-25 17:58:20.573,0.644829,2.528890,266.872971,0.042480,0.005579,0.977193,0.354084,0.423188,9.845211,-0.002730,-0.001614,0.001483,0.093873,-0.647987,-1.195137,100334.0000
1764073700676770704,2025-11-25 17:58:20.673,0.671641,2.506770,266.870575,0.040869,0.006312,0.979896,0.277565,-0.054770,9.850656,0.009043,0.001919,-0.005884,0.094857,-0.645096,-1.194233,100336.0000
1764073700776812167,2025-11-25 17:58:20.773,0.719962,2.496614,266.892838,0.040828,0.008034,0.978976,0.673400,0.084364,9.897548,0.011578,0.008042,-0.000100,0.096276,-0.648453,-1.195166,100331.0000
1764073700876233741,2025-11-25 17:58:20.873,0.764543,2.516272,266.930618,0.037719,0.011400,0.978223,0.199886,0.556700,9.714810,0.004419,-0.000835,-0.012391,0.095314,-0.652228,-1.192686,100336.0000
1764073700977226945,2025-11-25 17:58:20.973,0.776216,2.553533,266.953812,0.040027,0.011492,0.978368,0.070808,-0.086085,9.592257,-0.001745,-0.011944,-0.009350,0.098695,-0.648879,-1.193268,100329.0000
1764073701075617334,2025-11-25 17:58:21.073,0.742212,2.580155,266.968475,0.042070,0.013081,0.976198,0.481174,0.273315,9.656655,-0.011437,-0.008698,-0.011678,0.094844,-0.649375,-1.193204,100337.0000
1764073701176533630,2025-11-25 17:58:21.173,0.698808,2.576144,267.008392,0.046261,0.009489,0.977210,0.609323,0.095548,9.715117,-0.000027,-0.003184,-0.013749,0.097722,-0.647969,-1.195194,100329.0000
1764073701277731426,2025-11-25 17:58:21.273,0.658518,2.555475,267.074211,0.042418,0.006207,0.976909,0.372929,0.033160,9.694344,-0.007205,0.000617,-0.011681,0.098200,-0.647977,-1.195683,100338.0000
1764073701376321111,2025-11-25 17:58:21.373,0.655247,2.561472,267.149605,0.040841,0.005069,0.977927,0.696460,-0.080876,10.011335,0.006585,-0.003586,-0.003979,0.100129,-0.647013,-1.195726,100334.0000
1764073701476865870,2025-11-25 17:58:21.473,0.684364,2.582745,267.246216,0.042499,0.006111,0.979290,0.189386,0.091003,9.689383,0.003760,0.003443,-0.015190,0.099168,-0.648898,-1.194238,100330.0000
1764073701577223093,2025-11-25 17:58:21.573,0.726550,2.583192,267.351585,0.042803,0.006559,0.978489,0.336930,-0.154126,9.686135,0.004173,-0.001072,-0.018168,0.101575,-0.645584,-1.196251,100336.0000
1764073701676655222,2025-11-25 17:58:21.673,0.766835,2.555192,267.457336,0.042427,0.008673,0.977087,0.505477,0.362849,9.585293,0.004989,0.001035,-0.013937,0.103040,-0.645994,-1.193376,100337.0000
1764073701776551574,2025-11-25 17:58:21.773,0.787929,2.516415,267.555672,0.043183,0.008830,0.977390,0.458233,0.429654,9.925065,0.001205,0.006436,-0.016883,0.105924,-0.648816,-1.191931,100338.0000
1764073701877296185,2025-11-25 17:58:21.873,0.784893,2.472905,267.643150,0.042193,0.009342,0.978658,0.403357,-0.192617,9.804858,0.008865,0.005934,-0.009321,0.106398,-0.647889,-1.193397,100332.0000
1764073701976592574,2025-11-25 17:58:21.973,0.769108,2.450634,267.722191,0.038140,0.009525,0.978188,0.365805,0.174316,9.807467,-0.001219,0.009206,-0.007545,0.106395,-0.649312,-1.192894,100339.0000
1764073702075543111,2025-11-25 17:58:22.072,0.749729,2.439465,267.797783,0.034877,0.007995,0.978405,0.416232,0.044920,9.804086,-0.004852,0.003876,-0.005160,0.106875,-0.646485,-1.194870,100333.0000
1764073702178438259,2025-11-25 17:58:22.173,0.739963,2.454190,267.854446,0.035610,0.007880,0.979515,0.324247,0.034378,9.590322,0.000762,-0.001838,-0.011333,0.108803,-0.648824,-1.192937,100338.0000
1764073702276377703,2025-11-25 17:58:22.273,0.750722,2.458849,267.911888,0.039761,0.006736,0.979027,0.473389,0.208555,9.804395,-0.002811,-0.006685,-0.022967,0.107840,-0.647416,-1.193907,100342.0000
1764073702376707925,2025-11-25 17:58:22.373,0.762175,2.435559,267.960037,0.042825,0.007275,0.977345,0.588585,0.087045,9.865595,-0.002736,0.001771,-0.013336,0.110731,-0.647392,-1.193468,100341.0000
1764073702476635833,2025-11-25 17:58:22.473,0.769110,2.396391,267.991814,0.039470,0.008839,0.975927,0.415051,0.331124,9.935063,0.001158,-0.001471,0.004434,0.113595,-0.648853,-1.195415,100340.0000
1764073702577401759,2025-11-25 17:58:22.573,0.768921,2.384019,268.036697,0.039439,0.010858,0.976199,0.470251,0.051348,9.771850,0.000119,0.002346,-0.018872,0.114115,-0.646392,-1.192088,100334.0000
1764073702676769925,2025-11-25 17:58:22.673,0.763940,2.392384,268.096756,0.038760,0.009217,0.979146,0.269770,0.109123,9.918510,-0.003367,0.000904,-0.004396,0.114590,-0.647822,-1.192074,100333.0000
1764073702778714518,2025-11-25 17:58:22.773,0.763230,2.404459,268.166428,0.036884,0.008588,0.978036,0.401974,0.139944,10.005911,0.002076,-0.003564,-0.016352,0.113606,-0.649768,-1.193474,100340.0000
1764073702877167721,2025-11-25 17:58:22.873,0.776516,2.429087,268.256958,0.038247,0.009377,0.977547,0.175235,0.021358,9.501104,0.003840,-0.010195,-0.018224,0.113627,-0.647827,-1.192060,100329.0000
1764073702978672592,2025-11-25 17:58:22.973,0.781768,2.472170,268.371040,0.041881,0.009523,0.980655,0.718288,0.052913,9.944915,-0.000946,-0.004576,-0.030069,0.118916,-0.647813,-1.192619,100335.0000
1764073703075552462,2025-11-25 17:58:23.072,0.777083,2.511828,268.502769,0.041644,0.009360,0.976607,0.602463,0.406407,9.672460,-0.003189,-0.013536,-0.022458,0.117449,-0.648826,-1.194990,100338.0000
1764073703176475684,2025-11-25 17:58:23.173,0.762181,2.540616,268.627083,0.043390,0.006753,0.976471,0.159635,0.267664,9.765789,-0.008608,-0.011844,-0.019250,0.118887,-0.649775,-1.194996,100337.0000
1764073703276495573,2025-11-25 17:58:23.273,0.740140,2.519389,268.730034,0.048221,0.007533,0.977663,0.506850,-0.116037,9.638247,-0.002963,0.005216,-0.022299,0.121757,-0.649335,-1.197454,100336.0000
1764073703376679758,2025-11-25 17:58:23.373,0.723744,2.461785,268.846809,0.044158,0.006148,0.977490,0.499039,-0.055598,9.855194,-0.007420,0.016708,-0.026817,0.123224,-0.649267,-1.194587,100334.0000
1764073703476588832,2025-11-25 17:58:23.473,0.721350,2.421436,268.982796,0.037423,0.007130,0.978449,0.355489,0.614899,9.761561,-0.007802,-0.000496,-0.028563,0.123691,-0.647416,-1.197511,100336.0000
1764073703577765091,2025-11-25 17:58:23.573,0.731310,2.442480,269.111504,0.034840,0.003655,0.978273,0.294440,-0.139728,9.853801,0.008109,-0.008653,-0.019280,0.125600,-0.652163,-1.196504,100338.0000
1764073703677605332,2025-11-25 17:58:23.673,0.751550,2.481098,269.250053,0.039008,0.006865,0.978377,0.138488,-0.020193,9.680931,0.000240,-0.014202,-0.015864,0.128505,-0.650687,-1.195124,100333.0000
1764073703776300721,2025-11-25 17:58:23.773,0.765348,2.500346,269.396301,0.043571,0.007654,0.978982,0.525059,0.070701,9.815954,-0.000346,-0.006078,-0.024969,0.129948,-0.651625,-1.194650,100336.0000
1764073703877798906,2025-11-25 17:58:23.873,0.763907,2.519515,269.533775,0.044340,0.007000,0.976308,0.577697,0.192912,9.748882,-0.008195,-0.002266,-0.013429,0.131396,-0.653021,-1.193205,100340.0000
1764073703977091221,2025-11-25 17:58:23.973,0.756193,2.497579,269.672943,0.045421,0.007939,0.977324,0.529906,0.342332,9.781375,-0.001021,0.011184,-0.019411,0.131879,-0.647358,-1.196669,100340.0000
1764073704075670610,2025-11-25 17:58:24.073,0.736612,2.452992,269.824020,0.039940,0.006100,0.976725,0.295314,0.166994,9.700727,0.007838,0.008621,-0.024873,0.136212,-0.648274,-1.195756,100332.0000
1764073704177055498,2025-11-25 17:58:24.173,0.724770,2.447980,269.971970,0.038235,0.005490,0.978886,0.134906,-0.203965,9.702160,-0.000972,-0.004211,-0.033732,0.137180,-0.650140,-1.193815,100335.0000
1764073704277994221,2025-11-25 17:58:24.273,0.734956,2.464550,270.099457,0.040222,0.004629,0.979620,0.592019,0.289998,9.903562,-0.000335,0.005263,-0.014867,0.139102,-0.649196,-1.194821,100337.0000
1764073704377155387,2025-11-25 17:58:24.373,0.746075,2.458467,270.237686,0.039346,0.004844,0.978968,0.462136,-0.192867,9.838544,0.007345,-0.004314,-0.020845,0.142466,-0.649191,-1.195352,100336.0000
1764073704476707202,2025-11-25 17:58:24.473,0.761006,2.466966,270.362915,0.040723,0.005619,0.978948,0.384537,0.134819,9.792009,0.006512,-0.002223,-0.016429,0.141492,-0.651584,-1.195302,100336.0000
1764073704576751091,2025-11-25 17:58:24.573,0.767371,2.479380,270.469978,0.043022,0.009272,0.976998,0.549997,0.099163,9.726450,0.000263,-0.006356,-0.016638,0.145838,-0.649166,-1.194921,100332.0000
1764073704677233498,2025-11-25 17:58:24.673,0.760877,2.469234,270.567123,0.042245,0.008350,0.976171,0.363499,0.008363,9.627979,-0.002084,0.006812,-0.019637,0.146786,-0.649669,-1.196372,100335.0000
1764073704776693202,2025-11-25 17:58:24.773,0.760474,2.461959,270.644760,0.038596,0.006639,0.976279,0.345134,-0.077776,9.761814,0.003797,-0.001308,-0.006083,0.146800,-0.649161,-1.194935,100341.0000
1764073704877038924,2025-11-25 17:58:24.873,0.769872,2.450343,270.715103,0.040160,0.007564,0.977807,0.326444,0.287604,9.619116,0.006055,-0.000944,-0.007422,0.146794,-0.648236,-1.196394,100336.0000
1764073704977569776,2025-11-25 17:58:24.973,0.784676,2.444586,270.782242,0.039889,0.008094,0.979742,0.118484,0.387659,9.778473,-0.002873,-0.004871,-0.018660,0.152084,-0.650103,-1.195480,100334.0000
1764073705075818220,2025-11-25 17:58:25.073,0.808218,2.459100,270.833488,0.041248,0.007439,0.978834,0.566020,-0.094208,9.986861,0.006498,-0.008184,0.002432,0.148714,-0.650596,-1.195423,100331.0000
1764073705177953350,2025-11-25 17:58:25.173,0.813165,2.479897,270.877144,0.040790,0.009958,0.978647,0.614353,0.059637,9.774563,0.006902,-0.006739,-0.001998,0.150168,-0.651504,-1.193504,100339.0000
1764073705276475294,2025-11-25 17:58:25.273,0.798088,2.501311,270.892860,0.042877,0.010515,0.978309,0.408280,-0.189345,9.653081,-0.006919,-0.002439,-0.009027,0.150141,-0.649217,-1.198355,100335.0000
1764073705379302498,2025-11-25 17:58:25.374,0.783341,2.489662,270.895050,0.043485,0.009627,0.977749,0.135172,0.032049,9.710521,-0.001328,0.011530,-0.001376,0.150149,-0.651555,-1.195911,100336.0000
1764073705476541942,2025-11-25 17:58:25.473,0.774364,2.463479,270.891731,0.041690,0.009292,0.976764,0.444104,0.337304,9.686895,0.002276,0.002614,0.008508,0.152578,-0.647713,-1.195524,100336.0000
1764073705576301757,2025-11-25 17:58:25.573,0.778375,2.450572,270.896446,0.040928,0.010421,0.978049,0.255146,0.378265,9.732274,-0.000428,0.000546,-0.007101,0.150635,-0.650597,-1.195933,100333.0000
1764073705677091201,2025-11-25 17:58:25.673,0.792496,2.462825,270.910408,0.039063,0.010241,0.977636,0.554620,-0.276659,9.941113,0.005595,-0.007037,-0.001570,0.152575,-0.650548,-1.194036,100336.0000
1764073705777068368,2025-11-25 17:58:25.773,0.792988,2.469610,270.918625,0.045823,0.011597,0.978510,0.649663,-0.127968,9.880727,0.001342,-0.002678,-0.005160,0.149200,-0.649638,-1.195444,100331.0000
1764073705876541590,2025-11-25 17:58:25.873,0.774304,2.459724,270.917686,0.044864,0.011055,0.977774,0.446600,-0.066021,9.619213,-0.008046,0.004573,-0.008917,0.151609,-0.649617,-1.194999,100332.0000
1764073705976512238,2025-11-25 17:58:25.973,0.752101,2.441546,270.895302,0.042169,0.008987,0.976187,0.296198,0.354242,9.704916,-0.002916,0.001116,0.015123,0.151113,-0.649660,-1.196917,100333.0000
1764073706075719812,2025-11-25 17:58:26.072,0.739131,2.428368,270.867271,0.039502,0.007708,0.976813,0.119024,0.435839,9.690278,-0.001156,-0.002164,0.002732,0.150636,-0.649652,-1.196429,100338.0000
1764073706177115979,2025-11-25 17:58:26.173,0.742877,2.445720,270.835861,0.039296,0.007468,0.979540,0.230881,0.218769,9.756425,-0.000124,0.000736,0.015310,0.151120,-0.650585,-1.195459,100331.0000
1764073706276829645,2025-11-25 17:58:26.273,0.760811,2.480954,270.805733,0.040806,0.010231,0.979125,0.384475,0.226671,9.834162,-0.000842,-0.006707,0.001970,0.149189,-0.652494,-1.194919,100336.0000
1764073706378285553,2025-11-25 17:58:26.373,0.770102,2.496212,270.764229,0.044748,0.010190,0.978621,0.746875,0.050086,9.903508,0.000377,-0.002044,0.008832,0.149190,-0.651549,-1.195415,100338.0000
1764073706476550182,2025-11-25 17:58:26.473,0.767310,2.482357,270.704994,0.043564,0.012413,0.976864,0.477721,-0.172488,9.731877,0.000601,0.002201,0.011887,0.148247,-0.647732,-1.195460,100339.0000
1764073706576702756,2025-11-25 17:58:26.573,0.750393,2.455402,270.636375,0.042435,0.012934,0.976477,0.191635,0.517699,9.647967,0.001517,0.002660,0.017349,0.145823,-0.652977,-1.194381,100341.0000
1764073706677143145,2025-11-25 17:58:26.673,0.745111,2.445512,270.569435,0.038844,0.007732,0.976430,0.165061,0.106443,9.613045,0.005368,-0.007916,0.008732,0.148234,-0.649653,-1.195912,100330.0000
1764073706776865941,2025-11-25 17:58:26.773,0.766854,2.462765,270.495613,0.040402,0.009501,0.977508,0.395013,0.143376,9.594201,0.005886,-0.008250,0.009818,0.145847,-0.648200,-1.194454,100331.0000
1764073706877579460,2025-11-25 17:58:26.873,0.801527,2.507858,270.426659,0.040657,0.012482,0.979401,0.616904,0.558619,9.776199,0.007899,-0.008473,0.007339,0.141993,-0.650586,-1.193398,100337.0000
1764073706977016515,2025-11-25 17:58:26.973,0.823339,2.558781,270.376839,0.044218,0.013131,0.979243,0.388171,0.013989,9.798839,0.000414,-0.001308,0.016463,0.143901,-0.651563,-1.194856,100335.0000
1764073707076157515,2025-11-25 17:58:27.073,0.825469,2.583959,270.322441,0.046515,0.013167,0.979018,0.205511,-0.048856,9.679482,-0.001433,-0.003362,0.005584,0.141011,-0.650641,-1.195791,100334.0000
1764073707176785700,2025-11-25 17:58:27.173,0.799043,2.556761,270.263474,0.048152,0.013771,0.976792,0.071956,0.464067,9.663023,-0.004756,0.011781,0.010273,0.142499,-0.649577,-1.191013,100340.0000
1764073707277344089,2025-11-25 17:58:27.273,0.748567,2.500721,270.200165,0.043380,0.011303,0.975965,0.173442,0.318357,9.648772,-0.007895,0.002823,0.004543,0.141995,-0.647282,-1.195375,100333.0000
1764073707376492404,2025-11-25 17:58:27.373,0.702780,2.456933,270.126335,0.042313,0.008910,0.977766,0.347478,0.049248,9.843589,-0.004452,0.002559,0.020800,0.142444,-0.649720,-1.197752,100331.0000
1764073707476847885,2025-11-25 17:58:27.473,0.685974,2.452597,270.053467,0.039516,0.006143,0.978468,0.390644,-0.086488,9.793677,-0.000188,-0.002475,0.013913,0.140050,-0.648287,-1.197257,100342.0000
1764073707576957830,2025-11-25 17:58:27.573,0.697152,2.481993,269.966614,0.040353,0.007313,0.979456,0.428004,0.235667,9.847592,0.000598,-0.007005,0.010000,0.137627,-0.649284,-1.198651,100340.0000
1764073707676597145,2025-11-25 17:58:27.673,0.735703,2.523161,269.875816,0.042153,0.008702,0.978030,0.333773,0.218437,9.617139,0.018688,-0.002555,0.014244,0.137140,-0.652132,-1.197637,100331.0000
1764073707776353904,2025-11-25 17:58:27.773,0.776999,2.565445,269.798775,0.043561,0.010959,0.978190,0.578138,0.312446,9.799405,0.007982,-0.003445,0.020276,0.134765,-0.649703,-1.195231,100334.0000
1764073707877127830,2025-11-25 17:58:27.873,0.802896,2.595397,269.710693,0.046601,0.011958,0.977105,0.709636,-0.076661,9.933769,0.008353,0.001516,0.021850,0.133829,-0.648223,-1.192832,100338.0000
1764073707977953904,2025-11-25 17:58:27.973,0.804175,2.562326,269.609398,0.048620,0.016696,0.976079,0.953807,0.396634,9.924067,-0.003217,0.004612,0.023622,0.134275,-0.650671,-1.195691,100329.0000
1764073708075747755,2025-11-25 17:58:28.073,0.774426,2.496500,269.523224,0.044781,0.012911,0.976987,0.449338,-0.139536,9.775199,-0.006424,0.010766,0.014202,0.133814,-0.648264,-1.194758,100341.0000
1764073708179062052,2025-11-25 17:58:28.173,0.740497,2.416456,269.440315,0.040192,0.010319,0.977478,0.175513,-0.335656,9.662644,-0.000132,0.008615,0.007846,0.132373,-0.647793,-1.194744,100331.0000
1764073708277684218,2025-11-25 17:58:28.273,0.725531,2.385880,269.347977,0.034108,0.007986,0.978293,0.548038,-0.260076,9.699144,-0.003440,-0.001049,0.020099,0.131874,-0.649726,-1.195670,100338.0000
1764073708377355644,2025-11-25 17:58:28.373,0.733530,2.427965,269.230515,0.037037,0.009448,0.980385,0.736225,-0.012280,9.847317,0.006071,-0.013671,0.014907,0.129003,-0.647341,-1.195182,100335.0000
1764073708477444607,2025-11-25 17:58:28.473,0.751294,2.512132,269.114288,0.037937,0.011341,0.978006,0.488617,-0.175191,9.848008,0.006536,-0.020506,0.019092,0.126098,-0.647872,-1.197058,100333.0000
1764073708576816200,2025-11-25 17:58:28.573,0.768810,2.610054,268.977272,0.046926,0.010949,0.976931,0.929945,-0.237909,9.945836,0.002441,-0.013317,0.026935,0.126106,-0.650210,-1.194615,100336.0000
1764073708676885533,2025-11-25 17:58:28.673,0.780004,2.644042,268.833763,0.049691,0.012849,0.976121,0.522630,0.110496,9.849443,0.005329,0.004537,0.024885,0.121787,-0.648786,-1.194091,100335.0000
1764073708777601366,2025-11-25 17:58:28.773,0.787760,2.622975,268.695412,0.048910,0.012308,0.976438,0.887816,-0.256391,9.967411,0.002830,0.002316,0.020741,0.120808,-0.649776,-1.195506,100335.0000
1764073708876578885,2025-11-25 17:58:28.873,0.795640,2.581540,268.560394,0.045875,0.013219,0.978113,0.501838,-0.047560,9.884824,0.006457,0.000683,0.024490,0.118901,-0.649266,-1.193560,100340.0000
1764073708977973144,2025-11-25 17:58:28.973,0.790766,2.565240,268.440636,0.044749,0.013381,0.980050,0.776939,-0.057724,9.847488,0.000247,-0.000884,0.019891,0.117464,-0.648785,-1.193064,100333.0000
1764073709075758125,2025-11-25 17:58:29.072,0.768274,2.553440,268.305267,0.041701,0.013792,0.979784,0.385777,0.130820,9.707231,-0.003976,-0.000710,0.013552,0.116497,-0.649745,-1.193036,100338.0000
1764073709176911033,2025-11-25 17:58:29.173,0.746797,2.553004,268.151787,0.043779,0.010840,0.976822,0.343435,0.215562,9.605770,-0.009075,-0.000020,0.027682,0.117460,-0.648795,-1.193546,100333.0000
1764073709276884421,2025-11-25 17:58:29.273,0.730188,2.561961,268.000420,0.042121,0.012681,0.975388,0.320244,0.440579,9.629825,0.005879,-0.002034,0.022297,0.112191,-0.644042,-1.193541,100333.0000
1764073709378243273,2025-11-25 17:58:29.373,0.721602,2.580778,267.878815,0.045436,0.010903,0.976722,0.468320,-0.089528,9.714913,0.003228,-0.003121,0.017331,0.110251,-0.646449,-1.193957,100340.0000
1764073709477623792,2025-11-25 17:58:29.473,0.721699,2.592095,267.790413,0.047910,0.011644,0.978427,0.421490,0.040868,9.680738,0.001307,0.002644,0.009190,0.110247,-0.648817,-1.192958,100331.0000
1764073709577233699,2025-11-25 17:58:29.573,0.725579,2.583980,267.717583,0.044867,0.011938,0.977367,0.433466,0.361296,9.811562,-0.005728,0.001270,0.003923,0.109753,-0.649795,-1.193899,100331.0000
1764073709677378403,2025-11-25 17:58:29.673,0.732521,2.550598,267.685898,0.044585,0.011609,0.978133,0.532131,0.101598,9.792056,-0.002853,0.008271,0.003769,0.110245,-0.648350,-1.193446,100338.0000
1764073709776851069,2025-11-25 17:58:29.773,0.732490,2.487603,267.695320,0.042422,0.010424,0.978817,0.448205,0.019203,9.837043,-0.002777,0.010324,-0.000032,0.111700,-0.648313,-1.192024,100328.0000
1764073709876204051,2025-11-25 17:58:29.873,0.734552,2.435910,267.713821,0.038737,0.007587,0.979433,0.150444,0.101790,9.659988,0.007199,0.007656,-0.008257,0.110726,-0.646935,-1.194438,100344.0000
1764073709977116754,2025-11-25 17:58:29.973,0.745087,2.402359,267.742447,0.038152,0.009855,0.980500,0.411346,-0.155752,9.905317,0.003646,0.015092,-0.003610,0.111687,-0.647876,-1.193957,100331.0000
1764073710075745662,2025-11-25 17:58:30.073,0.755867,2.392986,267.792175,0.034708,0.010543,0.976924,0.163304,0.428750,9.635818,0.002094,0.008880,-0.014776,0.112644,-0.647414,-1.194941,100332.0000
1764073710177925236,2025-11-25 17:58:30.173,0.753166,2.405750,267.850830,0.038231,0.009525,0.977176,0.562926,-0.045736,9.927508,0.002210,-0.003790,-0.009875,0.113098,-0.649841,-1.196837,100344.0000
1764073710276305569,2025-11-25 17:58:30.273,0.736331,2.413173,267.918205,0.038226,0.009725,0.974410,0.274882,0.101560,9.588062,-0.003928,-0.004071,-0.008990,0.114583,-0.646897,-1.193532,100340.0000
1764073710376382254,2025-11-25 17:58:30.373,0.722520,2.379409,267.971436,0.043436,0.006899,0.978227,0.568024,0.346996,9.798153,0.004264,0.002755,-0.009911,0.115521,-0.647900,-1.195939,100332.0000
1764073710476689661,2025-11-25 17:58:30.473,0.718861,2.318365,268.012917,0.040284,0.006256,0.978893,0.545882,-0.322886,9.700138,-0.000162,0.004190,-0.014920,0.115537,-0.646913,-1.194510,100340.0000
1764073710578018939,2025-11-25 17:58:30.573,0.721151,2.276520,268.037666,0.039137,0.006714,0.981101,0.822852,0.181147,9.972402,0.006492,0.012402,-0.007158,0.116477,-0.652153,-1.193962,100330.0000
1764073710676491717,2025-11-25 17:58:30.673,0.721820,2.240469,268.051163,0.034346,0.008933,0.979092,0.224091,0.141590,9.796208,0.002069,0.009621,-0.006175,0.118430,-0.646413,-1.194078,100339.0000
1764073710776875772,2025-11-25 17:58:30.773,0.710816,2.243823,268.064865,0.033576,0.008923,0.976344,0.022567,0.108974,9.562239,-0.001310,-0.003735,0.005141,0.116978,-0.645972,-1.195508,100334.0000
1764073710876706957,2025-11-25 17:58:30.873,0.696643,2.274751,268.076866,0.033390,0.007681,0.976652,0.009883,0.256307,9.604842,-0.001827,-0.013434,-0.004745,0.116987,-0.646419,-1.194057,100335.0000
1764073710977225846,2025-11-25 17:58:30.973,0.691503,2.325669,268.078773,0.038130,0.005832,0.976022,0.662473,-0.112493,9.871176,0.004067,-0.014430,0.007193,0.118898,-0.648331,-1.194537,100329.0000
1764073711075683828,2025-11-25 17:58:31.072,0.689076,2.383889,268.076164,0.039998,0.009582,0.976859,0.382479,0.107547,9.747534,0.000843,-0.010668,-0.000648,0.117437,-0.648856,-1.196434,100340.0000
1764073711176541994,2025-11-25 17:58:31.173,0.688431,2.423863,268.088760,0.044680,0.008632,0.979958,0.657445,0.118696,9.732149,0.001096,0.002172,-0.006686,0.119844,-0.646955,-1.197462,100343.0000
1764073711277373679,2025-11-25 17:58:31.273,0.702132,2.429869,268.100975,0.041258,0.007581,0.979075,0.164838,0.024291,9.878143,0.009664,0.009106,-0.001250,0.113113,-0.648388,-1.195896,100335.0000
1764073711377446772,2025-11-25 17:58:31.373,0.723066,2.427250,268.090172,0.039223,0.009166,0.977670,0.350929,0.088309,9.650865,0.004629,0.000182,0.005711,0.116980,-0.647852,-1.194035,100338.0000
1764073711476405661,2025-11-25 17:58:31.473,0.749749,2.403321,268.081490,0.040724,0.010280,0.978708,0.150170,0.406240,9.716022,0.012329,0.008786,-0.000024,0.116974,-0.648340,-1.194509,100334.0000
1764073711577276624,2025-11-25 17:58:31.574,0.768339,2.381051,268.073418,0.039798,0.009791,0.977742,0.514694,-0.233818,9.926717,0.007025,-0.007561,-0.000541,0.116981,-0.648320,-1.193546,100338.0000
1764073711676658420,2025-11-25 17:58:31.673,0.771127,2.354441,268.073135,0.040399,0.011827,0.976797,0.345264,0.047912,9.765706,0.001971,0.005514,-0.001622,0.116982,-0.649732,-1.192561,100340.0000
1764073711777233550,2025-11-25 17:58:31.773,0.752845,2.343177,268.074768,0.036903,0.012898,0.977270,0.526464,0.250641,9.759647,-0.004901,0.000151,-0.008601,0.115067,-0.647830,-1.192562,100340.0000
1764073711877278735,2025-11-25 17:58:31.873,0.716934,2.357213,268.065628,0.036457,0.008584,0.978618,0.157018,0.278536,9.863750,-0.003297,0.001175,-0.003626,0.117930,-0.648824,-1.194997,100334.0000
1764073711978130957,2025-11-25 17:58:31.973,0.686067,2.405734,268.043678,0.037022,0.006404,0.977781,0.597779,-0.344334,9.860671,0.004116,-0.006176,0.010100,0.117481,-0.646854,-1.192131,100333.0000
1764073712075592346,2025-11-25 17:58:32.072,0.668451,2.460675,268.022011,0.039946,0.007992,0.978359,0.470616,0.234715,9.860413,-0.002106,-0.008142,0.000139,0.118402,-0.649787,-1.195471,100330.0000
1764073712176520772,2025-11-25 17:58:32.173,0.679478,2.488745,268.015549,0.043710,0.007669,0.977030,0.500639,0.030321,9.813176,-0.000301,-0.006291,-0.000965,0.114547,-0.647935,-1.197369,100325.0000
1764073712276701679,2025-11-25 17:58:32.273,0.708575,2.483213,268.007935,0.043138,0.008154,0.976392,0.432621,-0.202935,9.744898,0.004666,-0.008607,0.007733,0.113622,-0.649727,-1.191549,100334.0000
1764073712376370364,2025-11-25 17:58:32.373,0.736960,2.451180,267.993622,0.045691,0.012122,0.978822,0.622073,0.323498,9.774791,-0.000720,0.007884,-0.005718,0.115060,-0.649264,-1.192540,100336.0000
1764073712476916438,2025-11-25 17:58:32.473,0.757265,2.421618,267.992767,0.042474,0.010944,0.978810,0.663200,-0.148831,9.990354,0.009701,0.002799,0.002508,0.116012,-0.649757,-1.193510,100333.0000
1764073712577756253,2025-11-25 17:58:32.574,0.748449,2.397496,268.008987,0.042294,0.011777,0.979819,0.076878,0.013456,9.619032,-0.002275,0.010700,0.001861,0.116012,-0.647399,-1.194990,100329.0000
1764073712679766438,2025-11-25 17:58:32.673,0.720843,2.379470,268.017075,0.038165,0.012566,0.977690,0.228656,0.373957,9.623168,0.001381,0.005966,-0.004880,0.116500,-0.648322,-1.193539,100339.0000
1764073712776699919,2025-11-25 17:58:32.773,0.696614,2.384867,268.029015,0.037246,0.007643,0.976199,0.063980,-0.326360,9.819551,-0.002876,-0.005527,0.002427,0.118420,-0.649269,-1.193553,100336.0000
1764073712876125901,2025-11-25 17:58:32.873,0.685683,2.403703,268.059189,0.040246,0.008571,0.975665,0.467287,0.032854,9.710117,0.004890,-0.011830,0.000918,0.116974,-0.645982,-1.195990,100335.0000
1764073712976783123,2025-11-25 17:58:32.973,0.689270,2.419790,268.089104,0.041256,0.007742,0.978048,0.188952,-0.168555,9.596187,-0.001659,-0.005666,-0.011879,0.116506,-0.646421,-1.194050,100333.0000
1764073713076125901,2025-11-25 17:58:33.073,0.698137,2.427539,268.110390,0.042210,0.008201,0.978988,0.764178,0.216090,9.796293,0.010234,-0.003782,-0.002685,0.117467,-0.647362,-1.193568,100333.0000
1764073713176883752,2025-11-25 17:58:33.173,0.705077,2.436636,268.118446,0.040324,0.007484,0.979516,0.178690,0.081230,9.830515,-0.003962,-0.004166,0.000466,0.117466,-0.646895,-1.194057,100335.0000
1764073713276696289,2025-11-25 17:58:33.273,0.712878,2.441374,268.113823,0.042991,0.009618,0.980343,0.398830,0.194089,9.678945,0.005318,0.001371,0.003798,0.116490,-0.648820,-1.194494,100342.0000
1764073713377384660,2025-11-25 17:58:33.373,0.706761,2.437968,268.121635,0.043376,0.011263,0.978916,0.505719,0.133307,9.838888,-0.002096,0.001082,0.001829,0.117949,-0.645002,-1.195056,100330.0000
1764073713476954993,2025-11-25 17:58:33.473,0.698738,2.419599,268.145790,0.042311,0.009441,0.974713,0.275506,-0.229352,9.750970,0.001783,0.000405,-0.000342,0.116495,-0.649277,-1.193524,100331.0000
1764073713577238752,2025-11-25 17:58:33.573,0.692510,2.399623,268.183105,0.041087,0.008753,0.975791,0.498574,-0.059381,9.861252,-0.006772,-0.000072,-0.012691,0.118905,-0.646898,-1.194559,100335.0000
1764073713677184882,2025-11-25 17:58:33.673,0.697126,2.405842,268.216713,0.039942,0.007289,0.978053,0.565042,-0.047077,9.866550,0.002569,0.002253,-0.008782,0.119862,-0.647382,-1.195047,100333.0000
1764073713776559030,2025-11-25 17:58:33.773,0.708362,2.413820,268.237221,0.039324,0.008588,0.978430,0.506911,0.286444,9.804806,0.003789,-0.001345,0.001807,0.120332,-0.650236,-1.194529,100342.0000
1764073713876327159,2025-11-25 17:58:33.873,0.716024,2.439221,268.259766,0.042579,0.009668,0.978269,0.219477,0.091745,9.634504,0.005288,-0.004245,-0.003002,0.121304,-0.649733,-1.193588,100343.0000
1764073713977595159,2025-11-25 17:58:33.973,0.714120,2.461438,268.289230,0.041858,0.009820,0.976336,0.402758,-0.130058,9.713194,-0.007517,-0.002792,-0.006346,0.120338,-0.648335,-1.195040,100336.0000
1764073714076114400,2025-11-25 17:58:34.073,0.704452,2.484303,268.322929,0.042875,0.009104,0.978142,0.758922,0.251954,10.005938,-0.001843,-0.003898,-0.006283,0.120820,-0.649745,-1.194062,100333.0000
1764073714177281104,2025-11-25 17:58:34.173,0.699354,2.473936,268.359077,0.042933,0.008570,0.979236,0.221141,0.155419,9.810612,-0.001158,0.009478,-0.002462,0.118911,-0.644998,-1.195070,100343.0000
1764073714276211511,2025-11-25 17:58:34.273,0.710970,2.449281,268.382072,0.038641,0.006610,0.977560,0.208179,-0.236296,9.671204,-0.000242,-0.000093,-0.005622,0.121303,-0.649266,-1.194077,100335.0000
1764073714376453381,2025-11-25 17:58:34.373,0.722781,2.433659,268.386955,0.039268,0.009488,0.979913,0.190546,0.387586,9.801902,0.002397,-0.006065,-0.010031,0.122737,-0.648812,-1.195550,100336.0000
1764073714476605844,2025-11-25 17:58:34.473,0.732706,2.437257,268.388672,0.041908,0.009309,0.977674,0.565764,0.088934,9.958220,0.001129,-0.002890,0.002249,0.120355,-0.646404,-1.194107,100338.0000
1764073714576536400,2025-11-25 17:58:34.573,0.735801,2.443336,268.388374,0.041613,0.010556,0.977111,0.254958,0.045531,9.616632,0.004021,-0.002033,0.012062,0.121792,-0.649243,-1.193121,100338.0000
1764073714676408122,2025-11-25 17:58:34.673,0.732893,2.443670,268.404976,0.043885,0.011929,0.977511,0.425323,0.407660,9.751240,0.000373,0.000247,-0.008566,0.120831,-0.648302,-1.193603,100331.0000
1764073714776395251,2025-11-25 17:58:34.773,0.730599,2.434817,268.428200,0.041534,0.007703,0.977315,0.498974,-0.116432,9.879639,0.004008,0.002539,0.001174,0.122752,-0.647359,-1.194609,100337.0000
1764073714876384140,2025-11-25 17:58:34.873,0.741330,2.431191,268.444954,0.038969,0.008995,0.977988,0.467991,0.125623,9.695497,0.008308,-0.009443,0.005810,0.121296,-0.648341,-1.195536,100336.0000
1764073714977307788,2025-11-25 17:58:34.973,0.750292,2.450566,268.454468,0.041592,0.010333,0.979580,0.306732,-0.219827,9.769635,-0.003558,-0.003515,-0.006746,0.123236,-0.646879,-1.194623,100340.0000
1764073715076461251,2025-11-25 17:58:35.073,0.745022,2.474398,268.439316,0.044060,0.010249,0.978838,0.555855,0.162050,9.868762,-0.002661,-0.008445,-0.003124,0.122269,-0.649251,-1.193610,100340.0000
1764073715178135492,2025-11-25 17:58:35.173,0.726354,2.498756,268.419258,0.045308,0.010335,0.977089,0.199972,0.323629,9.690332,-0.000898,-0.004437,-0.000156,0.123222,-0.648800,-1.195075,100339.0000
1764073715276605270,2025-11-25 17:58:35.273,0.704932,2.488346,268.430351,0.046750,0.010014,0.977278,0.392848,-0.010081,9.923448,-0.004516,-0.004694,-0.008177,0.121789,-0.648308,-1.194099,100340.0000
1764073715376396270,2025-11-25 17:58:35.373,0.685284,2.457498,268.449287,0.046352,0.007610,0.976488,0.896387,-0.038013,9.922893,0.000114,0.007003,0.004366,0.123703,-0.647385,-1.196067,100333.0000
1764073715476759732,2025-11-25 17:58:35.473,0.679791,2.438936,268.470352,0.041461,0.008202,0.976641,0.432248,0.472754,9.702893,0.006284,-0.000379,0.001676,0.123225,-0.648322,-1.195083,100332.0000
1764073715576442510,2025-11-25 17:58:35.573,0.688779,2.429083,268.497139,0.042647,0.007593,0.977707,0.160398,-0.313467,9.718796,0.003461,-0.004156,-0.005265,0.124681,-0.646395,-1.194652,100335.0000
1764073715676606843,2025-11-25 17:58:35.673,0.697903,2.427749,268.511200,0.042891,0.009703,0.979040,0.510535,0.211013,9.752825,0.002614,0.002213,-0.006532,0.123240,-0.648281,-1.193157,100337.0000
1764073715776161732,2025-11-25 17:58:35.773,0.699562,2.430800,268.526482,0.039582,0.008797,0.978258,0.295084,0.249448,9.740920,0.001188,-0.001627,-0.008996,0.124672,-0.648305,-1.194623,100334.0000
1764073715876705880,2025-11-25 17:58:35.873,0.700034,2.445384,268.541435,0.041337,0.008330,0.978847,0.208196,-0.115474,9.749930,-0.002306,-0.002239,0.001751,0.124191,-0.650666,-1.193135,100337.0000
1764073715976343288,2025-11-25 17:58:35.973,0.700545,2.461408,268.542969,0.044772,0.008187,0.977910,0.531318,0.180706,9.852059,0.003549,0.002703,0.006565,0.122740,-0.648334,-1.195557,100337.0000
1764073716075553491,2025-11-25 17:58:36.072,0.709430,2.451852,268.546013,0.043515,0.009538,0.975902,0.598751,-0.170172,9.798441,-0.000225,-0.004430,-0.004328,0.123715,-0.647354,-1.194623,100334.0000
1764073716178088306,2025-11-25 17:58:36.173,0.710139,2.411745,268.558632,0.045581,0.011304,0.979370,0.611468,0.021067,9.842345,-0.003806,0.006036,-0.002446,0.125145,-0.649269,-1.195097,100331.0000
1764073716276707991,2025-11-25 17:58:36.273,0.709665,2.370653,268.569778,0.041183,0.009549,0.977353,0.626645,0.202293,9.813373,-0.004492,0.006188,-0.004612,0.126098,-0.648817,-1.196562,100343.0000
1764073716376544232,2025-11-25 17:58:36.373,0.719963,2.347083,268.580261,0.037601,0.007240,0.978899,0.412773,0.107209,9.866902,0.007267,0.003693,0.001162,0.125620,-0.648809,-1.196074,100337.0000
1764073716476650695,2025-11-25 17:58:36.473,0.738746,2.354405,268.595863,0.037308,0.008913,0.977323,0.081583,0.035370,9.641414,0.006791,-0.005454,0.001431,0.124674,-0.647828,-1.194630,100336.0000
1764073716576756528,2025-11-25 17:58:36.573,0.767601,2.386703,268.616417,0.041201,0.010710,0.978794,0.572732,-0.222313,9.827509,0.003425,-0.006760,-0.006650,0.127096,-0.647776,-1.192740,100341.0000
1764073716676476843,2025-11-25 17:58:36.673,0.795505,2.411679,268.632851,0.041756,0.011919,0.978231,0.415174,0.182474,9.780983,0.007900,0.000318,-0.004224,0.125182,-0.648699,-1.190772,100333.0000
1764073716776739084,2025-11-25 17:58:36.773,0.800561,2.433446,268.634201,0.042014,0.012795,0.976687,0.626804,-0.207962,9.883745,0.001069,-0.004223,-0.003262,0.125151,-0.650193,-1.193638,100337.0000
1764073716876753009,2025-11-25 17:58:36.873,0.778303,2.439368,268.639236,0.043165,0.014351,0.976954,0.287646,0.203539,9.675133,-0.004994,-0.003918,-0.007008,0.124683,-0.649220,-1.192683,100338.0000
1764073716976401732,2025-11-25 17:58:36.973,0.737276,2.445304,268.660469,0.044004,0.010023,0.977328,0.227873,-0.016224,9.646192,-0.011099,-0.003879,-0.007858,0.125647,-0.649683,-1.192208,100334.0000
1764073717076217287,2025-11-25 17:58:37.073,0.689346,2.459108,268.674973,0.044273,0.009873,0.979024,0.479988,0.148528,9.816644,-0.005678,-0.000803,-0.005072,0.125168,-0.646850,-1.193689,100329.0000
1764073717176426343,2025-11-25 17:58:37.173,0.653091,2.463511,268.671951,0.044257,0.006031,0.978473,0.553851,0.373001,9.681825,-0.008567,-0.003109,-0.001964,0.124669,-0.647370,-1.195600,100333.0000
1764073717276332398,2025-11-25 17:58:37.273,0.662450,2.450465,268.655022,0.044364,0.005089,0.977671,0.449549,-0.089014,9.811399,0.007707,0.004488,0.002924,0.123700,-0.646450,-1.197045,100331.0000
1764073717376320935,2025-11-25 17:58:37.373,0.710266,2.439836,268.657036,0.043294,0.008464,0.977389,0.097364,0.246435,9.558788,0.014262,0.001454,0.001171,0.124192,-0.648775,-1.194127,100330.0000
1764073717476385639,2025-11-25 17:58:37.473,0.780980,2.424552,268.667664,0.043776,0.008579,0.977461,0.678617,-0.074753,9.984903,0.018279,-0.001876,0.003793,0.126584,-0.647860,-1.196584,100335.0000
1764073717576493787,2025-11-25 17:58:37.573,0.850031,2.433527,268.671021,0.041561,0.013082,0.977791,0.425896,-0.113948,9.918503,0.008551,-0.006138,0.000431,0.125630,-0.650669,-1.193637,100342.0000
1764073717677414231,2025-11-25 17:58:37.673,0.870359,2.455599,268.677368,0.043659,0.017768,0.978397,0.157438,0.359270,9.721549,0.000281,0.001268,-0.002276,0.126114,-0.651602,-1.192667,100330.0000
1764073717776670842,2025-11-25 17:58:37.773,0.839177,2.464115,268.686523,0.045390,0.016410,0.979358,0.830724,0.172226,9.892778,-0.006126,0.002318,0.000130,0.126132,-0.648726,-1.192230,100331.0000
1764073717875989231,2025-11-25 17:58:37.873,0.786052,2.460279,268.713287,0.042754,0.012196,0.977875,0.742534,-0.044208,9.944177,-0.010627,0.001503,0.000263,0.126589,-0.650675,-1.194133,100341.0000
1764073717976951287,2025-11-25 17:58:37.973,0.736312,2.473155,268.738914,0.043929,0.007867,0.976784,0.733559,-0.083266,9.879681,-0.005268,-0.005371,0.001518,0.125626,-0.650679,-1.194119,100338.0000
1764073718075781657,2025-11-25 17:58:38.073,0.728707,2.455751,268.749741,0.045641,0.005843,0.976989,0.946092,0.034110,9.919472,-0.004413,0.001923,-0.001626,0.124176,-0.649761,-1.195556,100340.0000
1764073718177237323,2025-11-25 17:58:38.173,0.772309,2.426826,268.757034,0.043165,0.007051,0.977126,0.470202,-0.230006,9.836886,0.002964,0.002012,-0.001153,0.125651,-0.647315,-1.193207,100333.0000
1764073718276622157,2025-11-25 17:58:38.273,0.820018,2.402015,268.765320,0.043463,0.011136,0.977798,0.843803,0.219017,9.852973,0.005151,-0.000085,-0.004544,0.128051,-0.649205,-1.192732,100337.0000
1764073718377414472,2025-11-25 17:58:38.373,0.842234,2.420577,268.767967,0.042529,0.015548,0.977935,0.637831,-0.111111,9.847322,-0.001900,-0.004085,0.002517,0.123702,-0.650688,-1.194090,100343.0000
1764073718477016564,2025-11-25 17:58:38.473,0.815344,2.462445,268.772484,0.044478,0.015696,0.977222,0.534980,0.279783,9.758526,-0.011857,-0.005357,0.005686,0.124674,-0.650186,-1.193149,100341.0000
1764073718576702397,2025-11-25 17:58:38.573,0.761656,2.494683,268.780899,0.045293,0.010465,0.977978,0.201137,0.093696,9.763022,-0.004707,0.005000,0.001874,0.127568,-0.648740,-1.193214,100336.0000
1764073718677031508,2025-11-25 17:58:38.673,0.729760,2.482974,268.769737,0.045679,0.007704,0.978033,0.058640,0.071316,9.780502,0.000752,0.004399,0.001944,0.125627,-0.649734,-1.194615,100329.0000
1764073718776786397,2025-11-25 17:58:38.773,0.735228,2.482257,268.757538,0.045298,0.005908,0.977556,0.377826,0.230708,9.758256,-0.001026,0.003001,0.007709,0.127068,-0.652563,-1.193148,100334.0000
1764073718877719230,2025-11-25 17:58:38.873,0.773366,2.466158,268.724388,0.044102,0.008263,0.978195,0.132313,0.141159,9.562749,0.013011,-0.002866,0.004530,0.126107,-0.650677,-1.194126,100330.0000
1764073718978979564,2025-11-25 17:58:38.973,0.813635,2.442628,268.680893,0.044704,0.012351,0.978481,0.338958,0.324293,9.896987,0.010590,0.005981,0.009816,0.124189,-0.650198,-1.193623,100333.0000
1764073719075639545,2025-11-25 17:58:39.073,0.828353,2.448511,268.673271,0.045038,0.015250,0.977117,0.548984,0.101902,9.824458,-0.002642,-0.013258,-0.000577,0.124704,-0.649636,-1.189787,100335.0000
1764073719177873860,2025-11-25 17:58:39.173,0.806384,2.463214,268.641174,0.044687,0.011527,0.977626,0.194338,-0.106909,9.703550,-0.002005,0.005866,0.009778,0.125159,-0.650173,-1.192675,100332.0000
1764073719277088712,2025-11-25 17:58:39.273,0.780859,2.469758,268.580650,0.045844,0.011201,0.977845,0.535845,-0.008048,9.965894,-0.000806,-0.004014,0.013704,0.123719,-0.648757,-1.193157,100339.0000
1764073719376649860,2025-11-25 17:58:39.373,0.758457,2.448087,268.529106,0.046423,0.011293,0.976690,0.666219,0.365518,9.674193,-0.004560,0.002034,0.003770,0.122291,-0.648722,-1.191210,100325.0000
1764073719477574378,2025-11-25 17:58:39.473,0.754244,2.419971,268.483757,0.045684,0.010915,0.977514,0.821805,0.067284,9.719965,-0.002031,0.004135,0.007054,0.123225,-0.652093,-1.192617,100331.0000
1764073719577188471,2025-11-25 17:58:39.573,0.771470,2.387326,268.437584,0.042535,0.009247,0.977707,0.423658,0.007541,9.834111,0.006343,0.005429,0.008440,0.122738,-0.650225,-1.194565,100337.0000
1764073719676817804,2025-11-25 17:58:39.673,0.797125,2.357697,268.389885,0.042448,0.010148,0.978725,0.292796,0.438135,9.879297,0.012255,0.008288,0.004436,0.122264,-0.648794,-1.194580,100329.0000
1764073719776650693,2025-11-25 17:58:39.773,0.819323,2.354028,268.353569,0.041533,0.011428,0.978753,0.204561,-0.073030,9.735281,0.004791,-0.005804,0.007237,0.121813,-0.649660,-1.190225,100334.0000
1764073719877045563,2025-11-25 17:58:39.873,0.828341,2.387954,268.322403,0.040569,0.012691,0.976743,0.491285,0.228748,9.847698,-0.001479,-0.010182,0.006494,0.121795,-0.650178,-1.192144,100342.0000
1764073719979106156,2025-11-25 17:58:39.973,0.813833,2.434994,268.282822,0.044052,0.013653,0.977163,0.567085,0.084155,9.929094,-0.008417,-0.009136,0.012650,0.119392,-0.647353,-1.193596,100335.0000
1764073720075823378,2025-11-25 17:58:40.073,0.792225,2.441420,268.236046,0.045577,0.012212,0.976609,0.284579,-0.038578,9.712311,0.001014,-0.002028,0.004765,0.116519,-0.649216,-1.190636,100342.0000
1764073720176030285,2025-11-25 17:58:40.173,0.766883,2.415622,268.208717,0.046575,0.012599,0.978426,0.673674,0.357205,9.793348,-0.001379,0.006451,0.001695,0.119871,-0.647829,-1.193596,100331.0000
1764073720276932230,2025-11-25 17:58:40.273,0.753074,2.386721,268.184303,0.044971,0.009131,0.977636,0.882201,0.238933,9.903660,-0.004686,0.002714,-0.001545,0.121312,-0.649713,-1.192625,100332.0000
1764073720376537804,2025-11-25 17:58:40.373,0.760514,2.389141,268.152580,0.042366,0.007872,0.977959,0.354030,-0.122309,9.702303,0.008130,0.005062,0.009718,0.118907,-0.648779,-1.193086,100338.0000
1764073720477069359,2025-11-25 17:58:40.473,0.763312,2.412234,268.127953,0.042268,0.011513,0.978649,0.183245,0.127824,9.873164,-0.011105,-0.002813,0.002429,0.117473,-0.647820,-1.192598,100331.0000
1764073720577177526,2025-11-25 17:58:40.573,0.750879,2.422978,268.110771,0.043691,0.011408,0.978549,0.369086,-0.087435,9.920829,0.001886,0.001994,0.001451,0.117951,-0.646882,-1.193582,100337.0000
1764073720676335674,2025-11-25 17:58:40.673,0.739047,2.425279,268.101883,0.045114,0.011672,0.978902,0.240970,0.240861,9.696776,-0.006877,-0.000882,0.001046,0.117461,-0.647850,-1.194042,100333.0000
1764073720776820785,2025-11-25 17:58:40.773,0.729234,2.396950,268.097015,0.045417,0.008262,0.977297,0.376669,0.131914,9.637712,0.000845,0.009171,0.000760,0.116503,-0.647844,-1.193546,100340.0000
1764073720876958118,2025-11-25 17:58:40.873,0.725539,2.353583,268.088181,0.045143,0.008103,0.975900,0.632626,0.110087,9.925813,0.003079,0.006683,0.009945,0.120828,-0.647367,-1.194580,100331.0000
1764073720977809063,2025-11-25 17:58:40.973,0.727967,2.311420,268.066536,0.040142,0.009647,0.975901,-0.068067,0.192558,9.479136,-0.001041,-0.002452,0.000280,0.118398,-0.648384,-1.196937,100335.0000
1764073721075892025,2025-11-25 17:58:41.073,0.719341,2.296439,268.039276,0.039761,0.008961,0.977474,0.472077,0.246852,9.740875,0.002389,0.001047,0.003468,0.118423,-0.647846,-1.194056,100340.0000
1764073721176694692,2025-11-25 17:58:41.173,0.706542,2.313282,267.989349,0.039047,0.008318,0.977337,0.618792,-0.083438,9.705226,0.002822,-0.009983,0.020815,0.118901,-0.647854,-1.194545,100327.0000
1764073721276460636,2025-11-25 17:58:41.273,0.700937,2.346249,267.916267,0.042107,0.008967,0.981400,0.714833,0.127566,9.834328,-0.003481,0.004849,0.011482,0.115539,-0.647381,-1.194021,100339.0000
1764073721378785729,2025-11-25 17:58:41.373,0.696467,2.368284,267.844177,0.041903,0.009906,0.978222,0.413682,0.070733,9.886708,-0.001574,0.001099,0.006249,0.114081,-0.646483,-1.196421,100325.0000
1764073721476541396,2025-11-25 17:58:41.473,0.685359,2.384290,267.793800,0.043773,0.011023,0.976930,0.121441,0.156636,9.653858,0.008416,-0.005752,0.004464,0.113639,-0.645438,-1.192096,100335.0000
1764073721576420729,2025-11-25 17:58:41.573,0.675299,2.388414,267.752487,0.046229,0.008531,0.978604,0.287922,0.044285,9.851035,-0.004078,-0.003319,0.011160,0.114590,-0.645464,-1.193554,100331.0000
1764073721676531284,2025-11-25 17:58:41.673,0.682866,2.345637,267.700706,0.046658,0.008067,0.978020,0.406155,-0.211555,9.845038,0.006859,0.014731,0.003231,0.112642,-0.647892,-1.194933,100339.0000
1764073721776292747,2025-11-25 17:58:41.773,0.707091,2.292441,267.656387,0.041044,0.010604,0.977606,0.169998,-0.016218,9.631294,0.012815,0.010334,0.006480,0.113615,-0.648802,-1.193008,100333.0000
1764073721876401321,2025-11-25 17:58:41.873,0.728239,2.248904,267.611763,0.040128,0.010964,0.977093,0.325855,0.225304,9.806266,0.005121,0.004389,0.006225,0.114093,-0.647865,-1.193992,100343.0000
1764073721977059451,2025-11-25 17:58:41.973,0.739907,2.224914,267.555016,0.038962,0.010675,0.976770,0.230056,-0.196912,9.853550,0.009216,0.002954,0.009069,0.113120,-0.649313,-1.194437,100328.0000
1764073722075647710,2025-11-25 17:58:42.072,0.735347,2.228361,267.495171,0.036897,0.012141,0.977409,0.364572,0.120436,9.834018,0.005010,-0.007798,0.011739,0.112176,-0.647853,-1.193001,100335.0000
1764073722177230136,2025-11-25 17:58:42.173,0.716394,2.252652,267.435257,0.039279,0.011033,0.978957,0.395753,0.088750,9.858382,-0.006877,-0.003982,0.010332,0.111680,-0.649309,-1.193935,100330.0000
1764073722277089599,2025-11-25 17:58:42.273,0.687402,2.292402,267.363525,0.039856,0.010778,0.977424,0.411721,-0.068102,9.701346,-0.003490,-0.014131,0.011390,0.109310,-0.645925,-1.191543,100329.0000
1764073722377695265,2025-11-25 17:58:42.373,0.667404,2.314561,267.282272,0.042501,0.009552,0.979138,0.844671,0.170873,10.091868,-0.003073,-0.003274,0.017787,0.108331,-0.646915,-1.192959,100328.0000
1764073722476908802,2025-11-25 17:58:42.473,0.657767,2.332141,267.205399,0.042534,0.009158,0.978271,0.238345,-0.037365,9.810129,-0.007268,-0.003666,0.018676,0.107848,-0.647395,-1.192944,100340.0000
1764073722576412154,2025-11-25 17:58:42.573,0.664442,2.350016,267.129364,0.043969,0.007821,0.977748,0.444066,0.107315,9.770017,0.010308,-0.003641,0.021530,0.105927,-0.647394,-1.192434,100328.0000
1764073722676507987,2025-11-25 17:58:42.673,0.689139,2.334909,267.061638,0.045682,0.009172,0.977254,0.363986,-0.014307,9.784672,-0.000223,0.004759,0.014221,0.105924,-0.647404,-1.192916,100338.0000
1764073722776428673,2025-11-25 17:58:42.773,0.707072,2.294646,266.995972,0.041737,0.011647,0.976744,0.380313,0.189784,9.903352,0.007293,0.004559,0.011016,0.104493,-0.645489,-1.192442,100332.0000
1764073722877119135,2025-11-25 17:58:42.873,0.705639,2.269460,266.915558,0.040172,0.013329,0.978185,0.554053,0.427304,9.700711,0.001299,0.004617,0.016598,0.106428,-0.644983,-1.191515,100341.0000
1764073722977691784,2025-11-25 17:58:42.973,0.681109,2.257347,266.832542,0.038008,0.012295,0.978253,0.294804,-0.305116,9.946089,-0.006661,-0.002014,0.014776,0.105445,-0.648341,-1.191931,100333.0000
1764073723075608654,2025-11-25 17:58:43.072,0.652167,2.266370,266.759659,0.040214,0.011194,0.979300,0.625145,0.422519,9.916003,-0.000114,-0.000547,0.012559,0.103997,-0.647890,-1.192880,100337.0000
1764073723176667135,2025-11-25 17:58:43.173,0.623621,2.270461,266.731117,0.041189,0.010972,0.977648,0.510702,-0.167294,9.898597,-0.004039,0.000093,0.007020,0.102079,-0.646466,-1.192874,100335.0000
1764073723276241061,2025-11-25 17:58:43.273,0.605376,2.250844,266.725601,0.042537,0.007305,0.978685,0.484543,-0.039913,9.837379,0.002838,0.003362,-0.005189,0.103996,-0.646478,-1.193865,100334.0000
1764073723376345413,2025-11-25 17:58:43.373,0.607240,2.192629,266.709076,0.038814,0.006035,0.977505,0.376649,0.008869,9.751961,0.002404,0.008870,-0.005021,0.103516,-0.646947,-1.193369,100330.0000
1764073723476517598,2025-11-25 17:58:43.473,0.624550,2.144728,266.691612,0.036958,0.008127,0.977155,0.418010,0.220448,9.844371,-0.000546,0.014680,0.000231,0.104002,-0.645989,-1.193390,100337.0000
1764073723576733746,2025-11-25 17:58:43.573,0.644808,2.109383,266.705864,0.033619,0.009095,0.977624,0.346322,-0.130582,9.795118,0.007965,0.002525,-0.015592,0.103041,-0.646462,-1.192888,100327.0000
1764073723676974987,2025-11-25 17:58:43.673,0.655676,2.118239,266.727875,0.033324,0.008697,0.978570,0.327435,-0.060884,9.798586,0.003316,-0.000866,-0.000916,0.105906,-0.646977,-1.195330,100332.0000
1764073723776917672,2025-11-25 17:58:43.773,0.651882,2.138954,266.760963,0.037745,0.012365,0.977791,0.391936,0.028945,9.690170,0.002322,-0.003957,-0.013202,0.104011,-0.647382,-1.191443,100346.0000
1764073723877286209,2025-11-25 17:58:43.873,0.636708,2.136786,266.815628,0.037141,0.008944,0.979129,0.245008,-0.023159,9.790309,-0.002470,-0.004442,-0.009383,0.106401,-0.648824,-1.192419,100335.0000
1764073723977182931,2025-11-25 17:58:43.973,0.615252,2.127421,266.887100,0.036156,0.007236,0.978006,0.393428,-0.050744,9.833709,-0.002020,-0.003258,-0.016808,0.108334,-0.646438,-1.192966,100339.0000
1764073724076405227,2025-11-25 17:58:44.073,0.595106,2.132745,266.968079,0.038019,0.007295,0.978190,0.481978,0.034322,9.747514,-0.002493,0.002770,-0.009995,0.106873,-0.646962,-1.194863,100336.0000
1764073724178190672,2025-11-25 17:58:44.173,0.590686,2.133335,267.035393,0.038199,0.005210,0.978269,0.328318,-0.024980,9.739745,0.000797,-0.005055,-0.009835,0.108328,-0.648338,-1.192455,100331.0000
1764073724276616672,2025-11-25 17:58:44.273,0.602594,2.119998,267.099396,0.037323,0.005075,0.977726,0.429156,-0.054343,9.753019,0.009729,-0.005213,-0.006525,0.111226,-0.645469,-1.193023,100337.0000
1764073724376241301,2025-11-25 17:58:44.373,0.631222,2.094626,267.157562,0.038264,0.008196,0.977220,0.399775,-0.031452,9.788777,0.001948,0.008061,-0.003375,0.111687,-0.646463,-1.194941,100329.0000
1764073724477738875,2025-11-25 17:58:44.473,0.651426,2.069032,267.219666,0.037167,0.013046,0.977398,0.336459,0.055655,9.824387,-0.003867,0.003067,-0.015656,0.111207,-0.649291,-1.192965,100331.0000
1764073724577661042,2025-11-25 17:58:44.573,0.649916,2.065583,267.302841,0.035475,0.009223,0.978236,0.359141,-0.145719,9.893123,-0.003062,0.002973,-0.014287,0.113150,-0.647819,-1.191571,100326.0000
1764073724677280486,2025-11-25 17:58:44.673,0.637219,2.106020,267.397118,0.033294,0.009026,0.976320,0.293384,0.116497,9.687045,0.002224,-0.018009,-0.019873,0.115526,-0.648357,-1.194969,100335.0000
1764073724777320560,2025-11-25 17:58:44.773,0.621833,2.165332,267.495651,0.036712,0.009513,0.980541,0.020947,0.278654,9.656995,-0.004022,-0.016820,-0.024092,0.115058,-0.647383,-1.194013,100333.0000
1764073724876989319,2025-11-25 17:58:44.873,0.607961,2.220992,267.605705,0.042728,0.006513,0.980241,0.674282,0.055452,9.934544,-0.003043,-0.008281,-0.024837,0.117944,-0.648315,-1.193560,100329.0000
1764073724978649227,2025-11-25 17:58:44.973,0.598790,2.230103,267.720924,0.045118,0.005688,0.975583,0.392882,-0.129705,9.649987,0.001423,-0.002081,-0.020798,0.116519,-0.646858,-1.192117,100323.0000
1764073725076152949,2025-11-25 17:58:45.072,0.611515,2.192696,267.828682,0.044155,0.005592,0.976517,0.155579,-0.169653,9.807407,0.004386,0.012133,-0.022242,0.119850,-0.648825,-1.195507,100329.0000
1764073725177215560,2025-11-25 17:58:45.173,0.629297,2.130904,267.939041,0.037447,0.009111,0.977004,0.536660,0.479886,9.711324,0.002678,0.004028,-0.019361,0.122768,-0.646373,-1.193179,100334.0000
1764073725276543264,2025-11-25 17:58:45.273,0.631540,2.102274,268.059212,0.033195,0.007350,0.978532,0.389393,-0.026630,9.911191,0.000656,-0.007027,-0.024083,0.122738,-0.650225,-1.194565,100341.0000
1764073725376605486,2025-11-25 17:58:45.373,0.627212,2.134937,268.178207,0.035758,0.008604,0.978700,0.253035,0.206381,9.655085,-0.005067,-0.006847,-0.020778,0.122750,-0.649249,-1.193617,100337.0000
1764073725476632634,2025-11-25 17:58:45.473,0.615287,2.198211,268.293068,0.040073,0.007253,0.979431,0.166525,-0.019522,9.615365,-0.006907,-0.004754,-0.005192,0.125156,-0.649238,-1.193653,100331.0000
1764073725577250449,2025-11-25 17:58:45.573,0.598683,2.249546,268.400887,0.040558,0.006096,0.977772,0.574111,-0.141964,9.779368,-0.006184,-0.010084,-0.020812,0.126118,-0.649234,-1.193667,100336.0000
1764073725676639541,2025-11-25 17:58:45.673,0.587277,2.264672,268.490440,0.044554,0.005591,0.978467,0.504658,-0.248621,9.837351,-0.000485,-0.008586,-0.013236,0.126608,-0.646853,-1.194192,100335.0000
1764073725777474523,2025-11-25 17:58:45.773,0.594236,2.227777,268.558380,0.046796,0.007013,0.978251,0.384845,0.170635,9.833819,0.006027,0.018676,-0.015761,0.127563,-0.648282,-1.194184,100344.0000
1764073725876868708,2025-11-25 17:58:45.873,0.610091,2.152557,268.633934,0.038362,0.007742,0.974996,0.411166,0.338444,9.616420,-0.003600,0.011336,-0.019930,0.129488,-0.647328,-1.194708,100335.0000
1764073725978579763,2025-11-25 17:58:45.973,0.623764,2.098995,268.715050,0.034678,0.008244,0.977138,0.302369,0.249298,9.789339,0.006831,0.000694,0.001495,0.129490,-0.647796,-1.194220,100334.0000
1764073726076224060,2025-11-25 17:58:46.072,0.621519,2.100791,268.797386,0.033722,0.008717,0.978621,0.504095,-0.021227,9.911061,-0.002286,-0.000254,-0.021492,0.132392,-0.645384,-1.193817,100333.0000
1764073726179907485,2025-11-25 17:58:46.173,0.617202,2.144797,268.869919,0.034187,0.007608,0.980248,0.342814,0.103527,9.797290,0.004799,-0.008677,-0.016644,0.133330,-0.648744,-1.194743,100337.0000
1764073726277090522,2025-11-25 17:58:46.273,0.601234,2.209979,268.935188,0.037534,0.008648,0.980371,0.509984,0.333640,9.744489,-0.006747,-0.011427,-0.008296,0.134769,-0.648280,-1.195735,100341.0000
1764073726376737059,2025-11-25 17:58:46.373,0.586495,2.253325,269.004868,0.043563,0.006043,0.977918,0.173460,-0.026990,9.712250,0.007218,-0.002345,-0.007325,0.134296,-0.647317,-1.195261,100331.0000
1764073726477030504,2025-11-25 17:58:46.473,0.592584,2.266655,269.056137,0.046205,0.005485,0.976917,0.972366,-0.004943,9.992399,0.002920,0.000412,-0.009086,0.135259,-0.648725,-1.194291,100338.0000
1764073726576498856,2025-11-25 17:58:46.573,0.619239,2.238666,269.101784,0.043876,0.007644,0.975285,0.466382,0.019244,9.600648,0.008047,0.001272,-0.000818,0.137185,-0.649184,-1.193830,100331.0000
1764073726677196707,2025-11-25 17:58:46.673,0.639641,2.192757,269.173088,0.041586,0.011480,0.977255,0.436812,0.219088,9.675646,0.007429,0.004353,-0.011271,0.136209,-0.649697,-1.195253,100327.0000
1764073726777069318,2025-11-25 17:58:46.773,0.646841,2.162219,269.253258,0.038410,0.008485,0.977749,0.369755,-0.078927,9.803018,0.003828,0.002528,-0.010176,0.137184,-0.647772,-1.194815,100327.0000
1764073726877499133,2025-11-25 17:58:46.873,0.652848,2.182846,269.302162,0.039640,0.008972,0.979544,0.587115,-0.017499,9.768842,0.000112,-0.004555,-0.012257,0.135728,-0.649699,-1.195245,100338.0000
1764073726976652633,2025-11-25 17:58:46.973,0.649122,2.215395,269.336365,0.038404,0.009317,0.978469,0.410334,0.213287,9.735826,-0.004413,-0.000918,-0.012245,0.140066,-0.649659,-1.194347,100333.0000
1764073727075601003,2025-11-25 17:58:47.072,0.635082,2.239871,269.388107,0.040449,0.009988,0.977836,0.373636,0.186542,9.681862,0.001395,-0.005384,-0.005201,0.138628,-0.649178,-1.193851,100336.0000
1764073727176934077,2025-11-25 17:58:47.173,0.615167,2.280868,269.440414,0.040637,0.008252,0.977021,0.500439,-0.069695,9.855062,-0.004222,-0.013146,-0.002113,0.140081,-0.648206,-1.193406,100333.0000
1764073727278024022,2025-11-25 17:58:47.273,0.593836,2.317185,269.502510,0.044199,0.010004,0.976319,0.557211,-0.111020,9.800604,0.000071,-0.009209,-0.012999,0.140555,-0.648691,-1.193887,100330.0000
1764073727376467670,2025-11-25 17:58:47.373,0.577177,2.327823,269.565704,0.046469,0.007655,0.977999,0.497783,-0.067233,9.683154,-0.001762,0.000490,-0.014122,0.139582,-0.648726,-1.195317,100330.0000
1764073727476902577,2025-11-25 17:58:47.473,0.588445,2.331005,269.609612,0.042883,0.004884,0.976776,0.472678,0.227868,9.785735,0.004717,-0.003957,0.001502,0.140550,-0.650592,-1.193377,100335.0000
1764073727577579651,2025-11-25 17:58:47.573,0.605126,2.330208,269.635895,0.044269,0.007305,0.979489,0.239273,0.116379,9.675899,0.006558,-0.000975,0.002690,0.139088,-0.649704,-1.196258,100331.0000
1764073727676166670,2025-11-25 17:58:47.673,0.631352,2.348285,269.656471,0.042844,0.009947,0.979693,0.443170,0.038967,9.893248,-0.000020,-0.008314,-0.007416,0.141511,-0.647762,-1.195360,100338.0000
1764073727776162577,2025-11-25 17:58:47.773,0.643092,2.378966,269.681297,0.044184,0.009841,0.978513,0.854694,-0.033665,9.983676,-0.002840,-0.005653,-0.005688,0.140068,-0.647769,-1.195339,100340.0000
1764073727876629855,2025-11-25 17:58:47.873,0.639930,2.397163,269.701332,0.045817,0.010946,0.977664,0.380872,0.203723,9.676761,0.005079,0.001654,-0.006728,0.141990,-0.649650,-1.194376,100336.0000
1764073727977084373,2025-11-25 17:58:47.973,0.624143,2.377540,269.713966,0.048469,0.010410,0.976808,0.237899,-0.142689,9.595741,-0.004085,0.010038,0.004405,0.142479,-0.648215,-1.194404,100339.0000
1764073728075647762,2025-11-25 17:58:48.072,0.611385,2.325468,269.722595,0.045709,0.008619,0.977487,0.609209,0.233169,9.800709,-0.001920,0.005062,-0.010195,0.143904,-0.651085,-1.194863,100337.0000
1764073728177625410,2025-11-25 17:58:48.173,0.608362,2.261343,269.758812,0.040829,0.008154,0.976511,0.378011,0.183494,9.742707,0.003925,0.002889,-0.010210,0.143900,-0.651095,-1.195344,100326.0000
1764073728277446910,2025-11-25 17:58:48.273,0.612894,2.259209,269.805458,0.038412,0.008012,0.978507,0.333296,-0.143950,9.864284,0.001805,0.000686,-0.002373,0.145337,-0.650164,-1.196825,100339.0000
1764073728376615132,2025-11-25 17:58:48.373,0.616793,2.318921,269.850296,0.040035,0.010437,0.978903,0.411230,0.418806,9.695497,0.002527,-0.012226,-0.011443,0.144393,-0.648705,-1.195388,100338.0000
1764073728476497669,2025-11-25 17:58:48.473,0.613063,2.380809,269.887756,0.044714,0.007535,0.977440,0.760887,-0.233945,9.875570,-0.001596,-0.011901,0.004674,0.142938,-0.651100,-1.195330,100333.0000
1764073728576771558,2025-11-25 17:58:48.573,0.611575,2.409181,269.905388,0.046798,0.010200,0.976409,0.578013,0.201508,9.730203,-0.000916,-0.004959,-0.009610,0.144385,-0.651083,-1.194870,100342.0000
1764073728677591243,2025-11-25 17:58:48.673,0.603994,2.413198,269.914749,0.046004,0.008367,0.977590,0.587811,0.145322,9.798829,0.000249,0.005050,0.000785,0.145358,-0.649635,-1.194425,100335.0000
1764073728778360317,2025-11-25 17:58:48.773,0.606566,2.385538,269.923058,0.043967,0.006992,0.978018,0.166739,-0.464968,9.716746,-0.000613,0.001927,-0.000750,0.146816,-0.649121,-1.193010,100343.0000
1764073728876406873,2025-11-25 17:58:48.873,0.627858,2.361108,269.913696,0.043066,0.009788,0.979231,0.724109,0.526092,9.815683,0.000921,0.002834,-0.005514,0.147288,-0.650084,-1.193483,100336.0000
1764073728976585910,2025-11-25 17:58:48.973,0.655867,2.349026,269.884087,0.042256,0.007603,0.980449,0.549927,0.185942,9.765309,0.002909,-0.001329,0.004870,0.144870,-0.649658,-1.195380,100330.0000
1764073729076159280,2025-11-25 17:58:49.073,0.678682,2.339327,269.862427,0.045081,0.013365,0.978737,0.620183,-0.134136,9.847594,0.004508,-0.002076,0.009014,0.142471,-0.649648,-1.194382,100339.0000
1764073729176781891,2025-11-25 17:58:49.173,0.681920,2.349760,269.865891,0.044715,0.014678,0.976598,0.299324,0.158955,9.677940,0.000540,-0.003055,-0.007708,0.146339,-0.649113,-1.192521,100323.0000
1764073729276795021,2025-11-25 17:58:49.273,0.654075,2.348923,269.873306,0.046348,0.011915,0.976940,0.234782,0.116255,9.873816,0.001795,0.006149,-0.000088,0.145354,-0.649645,-1.194906,100335.0000
1764073729376513169,2025-11-25 17:58:49.373,0.619147,2.327977,269.858780,0.045031,0.009526,0.975693,0.589574,-0.487164,9.973094,-0.000624,0.008491,0.008914,0.145374,-0.649594,-1.192500,100327.0000
1764073729477196446,2025-11-25 17:58:49.473,0.599004,2.304068,269.829460,0.039981,0.009549,0.976226,0.073449,0.086382,9.920090,-0.005028,0.001010,-0.001442,0.143910,-0.646827,-1.196855,100340.0000
1764073729578135594,2025-11-25 17:58:49.573,0.595282,2.310116,269.800560,0.039435,0.007229,0.978383,0.489117,0.046743,9.786616,0.007530,-0.005525,0.006441,0.144892,-0.648184,-1.193477,100335.0000
1764073729678678354,2025-11-25 17:58:49.673,0.612260,2.336072,269.754532,0.040971,0.007360,0.978825,0.475124,0.240058,9.897121,0.007525,-0.003756,0.016560,0.142475,-0.649638,-1.193901,100338.0000
1764073729776983761,2025-11-25 17:58:49.773,0.638260,2.388397,269.693474,0.042704,0.010774,0.979361,0.950245,-0.067344,10.052502,0.001651,-0.010192,0.009143,0.142006,-0.649610,-1.192450,100328.0000
1764073729877045391,2025-11-25 17:58:49.873,0.648345,2.438072,269.641190,0.045984,0.014132,0.978031,0.487191,-0.015356,9.834325,0.007507,-0.007953,0.012628,0.141512,-0.650588,-1.193391,100335.0000
1764073729978129279,2025-11-25 17:58:49.973,0.649242,2.452568,269.610703,0.049788,0.013394,0.976007,0.592129,-0.072876,9.711276,-0.002969,-0.001403,0.001225,0.140532,-0.651110,-1.195295,100333.0000
1764073730075592742,2025-11-25 17:58:50.072,0.644039,2.414973,269.588470,0.049257,0.011470,0.976160,0.246197,-0.131928,9.678762,0.000018,0.014051,-0.004117,0.141982,-0.652029,-1.193858,100337.0000
1764073730176952983,2025-11-25 17:58:50.173,0.637116,2.345829,269.551079,0.044011,0.011158,0.978086,0.450241,0.198177,9.660217,-0.003958,0.009506,0.007103,0.142007,-0.648665,-1.192946,100334.0000
1764073730277309946,2025-11-25 17:58:50.273,0.614790,2.311222,269.485252,0.039280,0.009751,0.978573,0.540566,-0.050979,9.802034,-0.001547,0.004187,0.010532,0.142505,-0.646731,-1.192019,100334.0000
1764073730377129038,2025-11-25 17:58:50.373,0.596775,2.340187,269.392059,0.038720,0.008840,0.979066,0.706679,-0.210529,9.879174,-0.003820,-0.011001,0.016922,0.137198,-0.649621,-1.191897,100345.0000
1764073730476919761,2025-11-25 17:58:50.473,0.594981,2.422441,269.297356,0.044071,0.009778,0.978074,0.930844,0.212295,9.934716,0.000814,-0.010494,0.023133,0.137666,-0.649182,-1.193837,100329.0000
1764073730577262298,2025-11-25 17:58:50.573,0.599261,2.497415,269.210602,0.048708,0.010718,0.976326,0.363878,0.149071,9.769355,0.005237,-0.004237,0.014164,0.135244,-0.650179,-1.195231,100342.0000
1764073730676574964,2025-11-25 17:58:50.673,0.619631,2.530452,269.134102,0.051248,0.009992,0.977473,0.546706,0.499883,9.903312,-0.001288,-0.000943,0.010040,0.133334,-0.648734,-1.194262,100341.0000
1764073730776797094,2025-11-25 17:58:50.773,0.646886,2.501586,269.032608,0.049841,0.012283,0.976667,0.619262,0.218778,9.863433,0.005244,0.011679,0.023327,0.132390,-0.648220,-1.192329,100326.0000
1764073730877220668,2025-11-25 17:58:50.873,0.645309,2.446053,268.926384,0.046177,0.015743,0.979813,0.150201,-0.095738,9.813747,-0.001415,0.017180,0.011760,0.132390,-0.650578,-1.190849,100339.0000
1764073730976845316,2025-11-25 17:58:50.973,0.606224,2.397770,268.825035,0.041379,0.013316,0.979006,0.088918,0.048987,9.604888,0.002702,0.004694,0.020132,0.132382,-0.650598,-1.191811,100332.0000
1764073731076234705,2025-11-25 17:58:51.072,0.556498,2.406810,268.704849,0.041147,0.009521,0.977156,0.445454,-0.023493,9.929272,-0.000513,-0.004950,0.025947,0.128990,-0.649262,-1.195635,100335.0000
1764073731176775834,2025-11-25 17:58:51.173,0.528749,2.441930,268.584641,0.041455,0.007952,0.975888,0.515364,0.047612,9.781127,0.004076,-0.014353,0.027058,0.129465,-0.649747,-1.196116,100331.0000
1764073731276850390,2025-11-25 17:58:51.273,0.536881,2.466074,268.471390,0.048092,0.008329,0.977367,0.684805,0.016919,9.843699,0.009048,-0.001837,0.016906,0.127093,-0.648254,-1.192732,100335.0000
1764073731376433945,2025-11-25 17:58:51.373,0.577658,2.471377,268.360054,0.045124,0.008682,0.977863,0.555846,-0.006108,9.792024,0.010949,-0.005110,0.023829,0.123262,-0.645395,-1.192238,100337.0000
1764073731476722390,2025-11-25 17:58:51.473,0.624366,2.467544,268.244553,0.044244,0.011662,0.978832,0.381788,0.181336,9.855842,0.017431,-0.001708,0.019976,0.125660,-0.643992,-1.194221,100335.0000
1764073731576315260,2025-11-25 17:58:51.573,0.649690,2.474775,268.127769,0.045762,0.015757,0.978706,0.577141,0.495376,9.690792,-0.000586,0.005890,0.020646,0.122764,-0.648741,-1.192180,100332.0000
1764073731676444778,2025-11-25 17:58:51.673,0.657529,2.455424,268.013924,0.046046,0.014420,0.978616,0.547116,0.510358,9.829144,0.000067,0.004123,0.022011,0.121306,-0.648788,-1.194084,100330.0000
1764073731776983815,2025-11-25 17:58:51.773,0.648866,2.418786,267.906898,0.044509,0.014222,0.977303,0.804669,0.167323,10.006999,-0.008736,0.008146,0.021213,0.120823,-0.648323,-1.194566,100333.0000
1764073731877891778,2025-11-25 17:58:51.873,0.622986,2.392150,267.818153,0.041869,0.014718,0.976715,0.690425,0.312034,9.815464,-0.004433,-0.001293,0.018498,0.117940,-0.649738,-1.193057,100340.0000
1764073731977083297,2025-11-25 17:58:51.973,0.589500,2.419184,267.721260,0.039155,0.008997,0.977154,0.429980,0.311831,9.910357,-0.004863,-0.007779,0.015310,0.115998,-0.651678,-1.193962,100340.0000
1764073732075673223,2025-11-25 17:58:52.073,0.572727,2.465565,267.615715,0.044737,0.009186,0.978120,0.263763,-0.155829,9.729491,0.000815,-0.006409,0.018690,0.114101,-0.646899,-1.193525,100327.0000
1764073732180107963,2025-11-25 17:58:52.173,0.578075,2.489119,267.507370,0.048444,0.009532,0.979161,0.584485,0.053729,9.707969,0.008146,-0.001220,0.023386,0.115550,-0.645938,-1.193561,100337.0000
1764073732276428797,2025-11-25 17:58:52.273,0.593883,2.490145,267.405914,0.046025,0.011053,0.977735,0.110582,-0.137557,9.649995,0.005247,-0.007074,0.015333,0.110721,-0.647890,-1.194424,100342.0000
1764073732376610056,2025-11-25 17:58:52.373,0.614541,2.462192,267.302406,0.045980,0.011877,0.977138,0.161713,-0.162601,9.702804,0.004590,-0.003770,0.022571,0.109767,-0.646929,-1.193943,100336.0000
1764073732476917685,2025-11-25 17:58:52.473,0.631995,2.448781,267.207527,0.046521,0.013924,0.976757,0.563328,-0.119511,9.678523,0.003787,-0.003254,0.012760,0.110742,-0.648307,-1.191528,100332.0000
1764073732578126556,2025-11-25 17:58:52.573,0.621751,2.432746,267.135132,0.045425,0.014499,0.977367,0.329048,-0.164230,9.753426,-0.001916,0.000376,0.001740,0.109288,-0.647399,-1.193447,100337.0000
1764073732676425852,2025-11-25 17:58:52.673,0.596577,2.450626,267.070091,0.042040,0.012617,0.977601,0.200669,-0.094550,9.728791,-0.000569,-0.014582,0.007049,0.108814,-0.647381,-1.192477,100330.0000
1764073732777366315,2025-11-25 17:58:52.773,0.570643,2.480833,267.012253,0.043835,0.011925,0.978870,0.143409,0.107990,9.731155,-0.002837,-0.015091,0.006718,0.109768,-0.648342,-1.192958,100331.0000
1764073732876629278,2025-11-25 17:58:52.873,0.556508,2.516917,266.966644,0.047276,0.009040,0.978789,0.775599,0.068381,9.869927,0.001169,-0.007208,0.009589,0.107833,-0.648849,-1.193885,100334.0000
1764073732977096574,2025-11-25 17:58:52.973,0.576422,2.509182,266.922264,0.048029,0.008618,0.978006,0.927205,0.267730,9.935010,0.006727,0.003366,0.013716,0.104497,-0.645479,-1.191961,100337.0000
1764073733075805481,2025-11-25 17:58:53.072,0.612231,2.462909,266.896904,0.047269,0.011527,0.976568,0.346230,0.229494,9.623211,0.009528,0.015688,0.000524,0.106391,-0.649323,-1.193375,100341.0000
1764073733176288815,2025-11-25 17:58:53.173,0.633063,2.447262,266.885323,0.043198,0.012561,0.976352,0.537485,-0.053682,9.710114,-0.000377,-0.007224,-0.002259,0.104491,-0.648325,-1.190954,100335.0000
1764073733277385333,2025-11-25 17:58:53.273,0.628541,2.486115,266.868973,0.042192,0.011245,0.978009,0.564171,0.086872,9.775455,-0.000472,-0.007956,0.008313,0.105929,-0.647861,-1.191946,100328.0000
1764073733377527314,2025-11-25 17:58:53.373,0.604283,2.554570,266.832901,0.042389,0.013205,0.977765,0.066752,0.349754,9.604425,-0.003944,-0.012343,0.004966,0.102581,-0.646880,-1.189985,100336.0000
1764073733476347777,2025-11-25 17:58:53.473,0.568263,2.606039,266.796883,0.047994,0.009921,0.978211,0.496138,0.308805,9.776099,-0.007318,-0.011050,0.014780,0.104948,-0.649329,-1.193354,100330.0000
1764073733576257648,2025-11-25 17:58:53.573,0.548083,2.619949,266.768517,0.050394,0.009290,0.978423,0.615269,-0.094882,9.980355,-0.004114,-0.000378,0.004213,0.103529,-0.647384,-1.191436,100330.0000
1764073733677476907,2025-11-25 17:58:53.673,0.541344,2.587285,266.748207,0.051708,0.008688,0.977776,0.493335,0.015486,9.885033,0.001537,0.013933,-0.000882,0.105443,-0.646461,-1.193405,100338.0000
1764073733776717277,2025-11-25 17:58:53.773,0.546447,2.517809,266.729172,0.049476,0.007818,0.978366,0.311588,-0.155161,9.821941,0.002779,0.016112,0.006370,0.102543,-0.646037,-1.195295,100340.0000
1764073733876442796,2025-11-25 17:58:53.873,0.556861,2.459238,266.702087,0.042070,0.009005,0.977497,0.321480,0.143732,9.689447,0.006710,0.006310,0.011768,0.103509,-0.648380,-1.193347,100327.0000
1764073733976784740,2025-11-25 17:58:53.973,0.564546,2.441348,266.683861,0.040143,0.009902,0.978198,0.080779,0.040990,9.688375,0.012649,-0.001902,0.002712,0.104962,-0.646463,-1.193398,100338.0000
1764073734075798314,2025-11-25 17:58:54.073,0.576679,2.465828,266.687508,0.043008,0.010667,0.978706,0.390946,0.215020,9.854437,0.001791,-0.009868,-0.005478,0.102077,-0.646943,-1.192866,100332.0000
1764073734176906721,2025-11-25 17:58:54.173,0.596498,2.479182,266.702011,0.047414,0.009481,0.976879,0.337111,-0.116413,9.711154,0.004358,-0.004094,-0.006555,0.102552,-0.648842,-1.192362,100329.0000
1764073734276077777,2025-11-25 17:58:54.273,0.620327,2.450740,266.731659,0.046296,0.010474,0.976016,0.371257,0.133578,9.795703,0.007969,0.004300,-0.003868,0.103029,-0.648850,-1.192851,100333.0000
1764073734376329258,2025-11-25 17:58:54.373,0.631158,2.397010,266.771362,0.042758,0.012474,0.975471,0.386940,0.153759,9.646156,-0.005198,0.006195,-0.003822,0.105921,-0.647882,-1.192909,100329.0000
1764073734477013647,2025-11-25 17:58:54.473,0.616242,2.389176,266.796524,0.038494,0.011340,0.978045,0.491352,0.057443,9.808861,-0.004792,-0.005283,-0.008113,0.104479,-0.648355,-1.192398,100334.0000
1764073734576311684,2025-11-25 17:58:54.573,0.574277,2.424271,266.804153,0.039612,0.010864,0.979358,0.366472,0.243823,9.795611,-0.004959,-0.006674,-0.001412,0.104488,-0.646445,-1.192428,100334.0000
1764073734676860277,2025-11-25 17:58:54.673,0.530302,2.491640,266.804680,0.043359,0.009454,0.978809,0.447767,0.437832,9.749079,-0.013585,-0.016192,-0.002043,0.107379,-0.647367,-1.191493,100337.0000
1764073734776596869,2025-11-25 17:58:54.773,0.507015,2.521442,266.825569,0.050047,0.006976,0.979577,0.350539,0.270284,9.804200,-0.002018,-0.000938,-0.010426,0.104480,-0.647410,-1.192894,100337.0000
1764073734876521276,2025-11-25 17:58:54.873,0.519682,2.486153,266.857643,0.049643,0.004997,0.978271,0.890228,0.309064,9.908167,0.005447,0.015787,-0.005274,0.104454,-0.650307,-1.194295,100330.0000
1764073734977322091,2025-11-25 17:58:54.973,0.557353,2.406332,266.898224,0.045503,0.007307,0.977144,0.609150,0.400349,9.779639,0.003512,0.014218,-0.002545,0.107363,-0.647407,-1.193418,100340.0000
1764073735075581387,2025-11-25 17:58:55.072,0.591473,2.322531,266.933540,0.042279,0.008917,0.976507,0.336638,0.283367,9.835081,0.006594,0.012598,-0.010311,0.107357,-0.649308,-1.192908,100334.0000
1764073735177094424,2025-11-25 17:58:55.173,0.600825,2.285202,266.969505,0.037488,0.011402,0.976692,0.453088,0.223105,9.764905,-0.001043,0.000249,-0.002260,0.109295,-0.649736,-1.191003,100331.0000
1764073735277272313,2025-11-25 17:58:55.273,0.582567,2.305436,267.014626,0.036310,0.011853,0.978401,0.618672,0.480888,9.861597,-0.003265,-0.011359,-0.005601,0.109753,-0.648383,-1.194883,100337.0000
1764073735376780165,2025-11-25 17:58:55.373,0.545118,2.370806,267.082069,0.038503,0.009227,0.976893,0.435919,-0.109535,9.744696,-0.007355,-0.020395,-0.008267,0.110743,-0.647362,-1.192024,100333.0000
1764073735477538739,2025-11-25 17:58:55.473,0.509245,2.442709,267.147797,0.042794,0.006571,0.978164,0.518547,-0.007154,9.705533,-0.004510,-0.012222,0.000193,0.111702,-0.646423,-1.193016,100332.0000
1764073735576851980,2025-11-25 17:58:55.573,0.497460,2.485251,267.211411,0.047102,0.004897,0.978766,0.372187,0.130995,9.784770,0.004296,-0.001155,-0.005398,0.111210,-0.647868,-1.193468,100327.0000
1764073735676732350,2025-11-25 17:58:55.673,0.513481,2.466847,267.281471,0.048949,0.004836,0.979195,0.182745,-0.093184,9.846178,0.005796,0.009418,-0.014233,0.110246,-0.647405,-1.193942,100334.0000
1764073735777557887,2025-11-25 17:58:55.773,0.546685,2.408030,267.330826,0.047149,0.005609,0.977117,0.480427,-0.059624,9.761521,0.013239,0.014761,-0.009431,0.112156,-0.648849,-1.194912,100337.0000
1764073735878528739,2025-11-25 17:58:55.873,0.576727,2.323297,267.363243,0.043532,0.010248,0.978261,0.197831,0.450068,9.677078,0.007292,0.015226,-0.012526,0.112171,-0.648809,-1.192986,100337.0000
1764073735978263980,2025-11-25 17:58:55.973,0.580714,2.242743,267.417076,0.041443,0.010709,0.978500,0.621073,0.052339,9.928841,-0.004129,0.013419,-0.003785,0.114555,-0.649327,-1.195421,100335.0000
1764073736075849813,2025-11-25 17:58:56.073,0.558254,2.216694,267.487885,0.036079,0.009896,0.976699,0.530158,-0.151795,9.894577,-0.000776,0.001800,-0.007862,0.117473,-0.646874,-1.193094,100339.0000
1764073736176846035,2025-11-25 17:58:56.173,0.533416,2.239306,267.557327,0.035706,0.007851,0.977929,-0.122579,0.106251,9.848021,-0.008942,-0.004586,-0.019022,0.116496,-0.648332,-1.194020,100339.0000
1764073736277627831,2025-11-25 17:58:56.273,0.534573,2.287791,267.621544,0.037122,0.006009,0.976429,0.261406,0.227265,9.684655,0.004385,-0.009598,-0.011403,0.117468,-0.646417,-1.194064,100346.0000
1764073736377236072,2025-11-25 17:58:56.373,0.550404,2.330680,267.676666,0.040948,0.005931,0.977982,0.320650,0.242208,9.831326,0.009854,-0.011327,-0.003381,0.119852,-0.649293,-1.195018,100335.0000
1764073736476712942,2025-11-25 17:58:56.473,0.566572,2.377045,267.721169,0.043124,0.007911,0.977980,1.033754,0.006958,10.054708,0.002251,-0.008107,-0.007778,0.117941,-0.648793,-1.193553,100340.0000
1764073736576153664,2025-11-25 17:58:56.572,0.564032,2.392356,267.752899,0.046640,0.010050,0.979457,0.413147,-0.038211,9.702167,-0.001602,0.001773,-0.001894,0.116995,-0.648757,-1.191613,100329.0000
1764073736677948387,2025-11-25 17:58:56.673,0.548139,2.353185,267.785225,0.047061,0.010097,0.978735,0.364205,0.164733,9.804872,0.001811,0.015561,-0.002879,0.119399,-0.648278,-1.192138,100334.0000
1764073736777270775,2025-11-25 17:58:56.773,0.522639,2.279436,267.807800,0.044291,0.007154,0.977949,0.426119,-0.023709,9.722345,-0.003945,0.017719,-0.004641,0.119853,-0.649760,-1.194529,100327.0000
1764073736878527868,2025-11-25 17:58:56.873,0.509894,2.205986,267.819893,0.037319,0.006391,0.976769,0.392319,0.064853,9.774685,0.002510,0.009515,-0.011473,0.121794,-0.647353,-1.194113,100330.0000
1764073736977469812,2025-11-25 17:58:56.973,0.525746,2.170579,267.833382,0.032534,0.004687,0.977166,0.048090,0.258953,9.821877,0.008258,-0.003319,-0.000288,0.122269,-0.647839,-1.194594,100331.0000
1764073737075878942,2025-11-25 17:58:57.073,0.556972,2.185662,267.837952,0.036233,0.007687,0.977579,0.449933,0.332416,9.733248,0.005748,-0.005128,-0.000763,0.120830,-0.646890,-1.194588,100333.0000
1764073737177739757,2025-11-25 17:58:57.173,0.583820,2.247513,267.836006,0.037361,0.010246,0.979273,0.447887,-0.174510,9.801676,0.007428,-0.015133,0.008460,0.121809,-0.647312,-1.192188,100326.0000
1764073737276419516,2025-11-25 17:58:57.273,0.585653,2.318495,267.827179,0.042080,0.011375,0.979019,0.589276,0.072512,9.846528,-0.003706,-0.013064,0.006800,0.120842,-0.648272,-1.192159,100333.0000
1764073737376445812,2025-11-25 17:58:57.373,0.565007,2.372672,267.812614,0.043664,0.011323,0.977578,0.316862,-0.173577,9.794013,-0.007616,-0.006747,0.004613,0.118912,-0.646411,-1.194085,100335.0000
1764073737477404997,2025-11-25 17:58:57.473,0.539806,2.393191,267.792442,0.049118,0.010862,0.977811,0.642937,0.000379,9.784822,-0.004045,0.006721,0.001072,0.118390,-0.648405,-1.197900,100333.0000
1764073737576852053,2025-11-25 17:58:57.573,0.525859,2.325413,267.797226,0.047792,0.008180,0.977739,0.389615,0.203589,9.652667,-0.004775,0.013019,-0.004957,0.119868,-0.648307,-1.193588,100336.0000
1764073737677199756,2025-11-25 17:58:57.673,0.531827,2.226156,267.821190,0.041130,0.006774,0.976717,0.209366,0.301816,9.629989,0.010308,0.014295,0.000365,0.119377,-0.646449,-1.196018,100333.0000
1764073737776259960,2025-11-25 17:58:57.773,0.565536,2.175287,267.866081,0.033890,0.007173,0.977395,0.182648,-0.068665,9.865062,0.004001,0.002144,-0.009139,0.122758,-0.646871,-1.194135,100331.0000
1764073737876620478,2025-11-25 17:58:57.873,0.610346,2.196985,267.911713,0.032742,0.008624,0.978890,0.575250,-0.058757,10.000496,0.008093,-0.008044,-0.003735,0.124195,-0.648297,-1.194134,100325.0000
1764073737977057497,2025-11-25 17:58:57.973,0.632696,2.272531,267.942467,0.035415,0.011844,0.977781,0.284065,-0.221627,9.757221,0.001139,-0.023867,0.000658,0.124224,-0.647749,-1.190772,100333.0000
1764073738075583497,2025-11-25 17:58:58.072,0.629471,2.358927,267.974350,0.042949,0.014202,0.978118,0.384864,-0.161110,9.705228,-0.008523,-0.014842,-0.015516,0.122277,-0.649231,-1.192647,100333.0000
1764073738176672312,2025-11-25 17:58:58.173,0.591535,2.405996,268.025742,0.044414,0.011782,0.976062,0.596678,-0.222410,9.744983,-0.001631,-0.011044,-0.015759,0.121302,-0.648798,-1.194565,100336.0000
1764073738276453941,2025-11-25 17:58:58.273,0.550437,2.401297,268.077393,0.047009,0.007363,0.978538,0.447622,0.193391,9.674770,-0.006594,-0.000701,-0.004628,0.125155,-0.650183,-1.193156,100329.0000
1764073738376359645,2025-11-25 17:58:58.373,0.536798,2.358549,268.105316,0.045046,0.006001,0.978688,0.355876,-0.047891,9.903166,-0.003636,0.005316,-0.009992,0.123714,-0.648299,-1.194127,100333.0000
1764073738476815385,2025-11-25 17:58:58.473,0.541745,2.302660,268.126350,0.042123,0.006024,0.979985,0.323993,0.088055,9.750128,0.006511,0.006676,-0.000384,0.125159,-0.648760,-1.193660,100332.0000
1764073738576938163,2025-11-25 17:58:58.573,0.552235,2.283379,268.158646,0.041069,0.009320,0.979438,0.423290,0.631208,9.819791,0.002017,0.005166,-0.008968,0.124174,-0.647881,-1.197030,100337.0000
1764073738677562626,2025-11-25 17:58:58.673,0.561492,2.270026,268.203636,0.039259,0.008853,0.977267,0.237296,-0.135344,9.802994,-0.000873,-0.001595,-0.010149,0.127566,-0.650630,-1.192222,100339.0000
1764073738776099978,2025-11-25 17:58:58.773,0.561224,2.240855,268.233200,0.042970,0.008508,0.977203,0.749454,-0.034287,9.861398,0.003518,0.005026,0.001277,0.127551,-0.650671,-1.194147,100333.0000
1764073738876463274,2025-11-25 17:58:58.873,0.563627,2.207787,268.233078,0.038977,0.007897,0.975706,0.330557,-0.111534,9.698033,-0.002920,0.001400,-0.002692,0.129967,-0.650162,-1.193227,100342.0000
1764073738976522589,2025-11-25 17:58:58.973,0.573571,2.196759,268.215515,0.036510,0.009123,0.976480,0.131629,0.228426,9.793050,0.001275,-0.008304,-0.000459,0.126116,-0.649711,-1.193659,100337.0000
1764073739075707848,2025-11-25 17:58:59.072,0.583610,2.216317,268.227318,0.034908,0.011574,0.977857,0.152005,0.180152,9.599931,0.004613,-0.013675,-0.001171,0.127565,-0.647805,-1.194191,100341.0000
1764073739176851478,2025-11-25 17:58:59.173,0.585931,2.290953,268.267609,0.037490,0.011612,0.978286,0.429425,0.215766,9.778198,-0.006313,-0.026594,-0.014037,0.127564,-0.648750,-1.193695,100329.0000
1764073739276835607,2025-11-25 17:58:59.273,0.577379,2.399443,268.309525,0.045289,0.008102,0.980033,0.717371,0.022104,9.999503,0.002923,-0.012695,-0.008250,0.125145,-0.649269,-1.195097,100333.0000
1764073739376632403,2025-11-25 17:58:59.373,0.562108,2.461097,268.337418,0.050217,0.009252,0.979186,0.570108,0.038511,9.825749,0.004722,-0.011498,-0.002965,0.126614,-0.647778,-1.192733,100331.0000
1764073739477325181,2025-11-25 17:58:59.473,0.552181,2.430074,268.360283,0.053636,0.007982,0.978647,0.604694,0.445220,9.765718,-0.006119,0.016880,-0.003057,0.125143,-0.648801,-1.195585,100329.0000
1764073739576807107,2025-11-25 17:58:59.573,0.562998,2.329908,268.387070,0.046496,0.005990,0.975965,0.405906,-0.238628,9.670674,0.007044,0.021439,-0.004609,0.127070,-0.648315,-1.195621,100330.0000
1764073739676755125,2025-11-25 17:58:59.673,0.583731,2.234532,268.415123,0.039144,0.009237,0.976693,0.295978,0.216461,9.718131,0.006210,0.010751,-0.005184,0.129954,-0.649725,-1.195160,100334.0000
1764073739776630366,2025-11-25 17:58:59.773,0.600065,2.198731,268.429672,0.033961,0.009441,0.977563,0.261269,0.578018,9.792044,-0.000051,-0.007928,-0.005177,0.129509,-0.647745,-1.191813,100329.0000
1764073739876057755,2025-11-25 17:58:59.873,0.602184,2.230285,268.432693,0.034221,0.009770,0.977917,0.358781,0.058971,9.934162,0.001337,-0.012921,-0.002320,0.128992,-0.648784,-1.195642,100337.0000
1764073739976865699,2025-11-25 17:58:59.973,0.594882,2.301597,268.432922,0.040766,0.009469,0.979612,0.273176,0.259911,9.657896,-0.000683,-0.008189,0.011574,0.130463,-0.648706,-1.192294,100339.0000
1764073740075853144,2025-11-25 17:59:00.073,0.578964,2.356664,268.430855,0.044056,0.009745,0.978668,0.324308,-0.232435,9.827328,-0.008903,-0.013093,-0.001538,0.127530,-0.650254,-1.197043,100335.0000
1764073740177424014,2025-11-25 17:59:00.173,0.558552,2.378803,268.418427,0.048553,0.008737,0.977903,0.762523,0.230865,9.985537,-0.000547,0.005926,0.018486,0.129491,-0.648263,-1.193731,100335.0000
1764073740276206644,2025-11-25 17:59:00.273,0.546989,2.360914,268.405838,0.044348,0.008711,0.977091,0.542196,0.115665,9.813194,-0.004316,0.006372,0.004510,0.128023,-0.650221,-1.195606,100329.0000
1764073740376291847,2025-11-25 17:59:00.373,0.555110,2.316989,268.397469,0.044881,0.006518,0.977908,0.566748,-0.047064,9.816556,0.001761,0.010963,0.002340,0.129009,-0.647798,-1.194213,100337.0000
1764073740476490940,2025-11-25 17:59:00.473,0.581095,2.267547,268.369392,0.040729,0.007800,0.978194,0.460094,0.113857,9.808887,0.013623,0.007498,0.004028,0.130445,-0.649225,-1.194212,100331.0000
1764073740576217551,2025-11-25 17:59:00.573,0.607050,2.253040,268.350311,0.038062,0.011950,0.977350,0.158057,0.202795,9.762375,0.005141,0.003141,0.006735,0.128497,-0.649294,-1.197072,100331.0000
1764073740676625829,2025-11-25 17:59:00.673,0.609275,2.275287,268.340271,0.040792,0.010067,0.977546,0.572846,0.076920,9.666765,-0.000350,-0.006602,0.013817,0.128535,-0.650138,-1.191762,100335.0000
1764073740776538291,2025-11-25 17:59:00.773,0.600161,2.315330,268.337914,0.040518,0.012018,0.977874,0.518319,0.461574,9.787693,-0.002760,-0.012249,0.002014,0.127549,-0.650203,-1.194636,100338.0000
1764073740876712162,2025-11-25 17:59:00.873,0.595227,2.342267,268.347313,0.045422,0.009434,0.977969,0.635971,0.131142,9.980721,-0.003615,-0.004463,-0.000034,0.127071,-0.649727,-1.194636,100331.0000
1764073740976941236,2025-11-25 17:59:00.973,0.604859,2.330233,268.366905,0.044694,0.007653,0.978130,0.463511,0.049392,9.759840,0.000722,0.007629,-0.000087,0.129000,-0.647351,-1.195664,100343.0000
1764073741075862439,2025-11-25 17:59:01.072,0.624713,2.300171,268.369919,0.041985,0.009416,0.977960,0.270785,0.190726,9.590002,0.003915,0.002573,0.000242,0.129489,-0.650154,-1.192739,100331.0000
1764073741177574051,2025-11-25 17:59:01.173,0.647004,2.275714,268.361946,0.040216,0.010915,0.978234,0.471502,-0.042800,9.782047,-0.003001,-0.001210,-0.014876,0.128060,-0.647294,-1.192761,100334.0000
1764073741276562606,2025-11-25 17:59:01.273,0.642668,2.291400,268.335205,0.039867,0.011268,0.977612,0.416392,0.225380,9.687472,-0.007466,-0.010178,0.002995,0.125635,-0.649714,-1.193652,100329.0000
1764073741376499254,2025-11-25 17:59:01.373,0.626116,2.302826,268.309059,0.043043,0.011814,0.978202,0.252321,0.334134,9.875662,-0.001307,-0.006211,0.003024,0.128525,-0.650636,-1.192717,100329.0000
1764073741476501124,2025-11-25 17:59:01.473,0.604664,2.299672,268.306145,0.044521,0.009196,0.977382,0.373346,-0.147204,9.736134,0.003146,-0.002249,-0.002403,0.126114,-0.647832,-1.195132,100335.0000
1764073741577055939,2025-11-25 17:59:01.573,0.609087,2.289480,268.301910,0.044693,0.009342,0.978063,0.268913,0.261602,9.774066,0.004647,0.001720,-0.004742,0.128518,-0.648298,-1.195161,100339.0000
1764073741678231809,2025-11-25 17:59:01.673,0.636198,2.268235,268.280754,0.042692,0.008572,0.978654,0.511063,0.093033,9.945291,0.003737,0.002943,0.008488,0.127585,-0.647754,-1.191784,100335.0000
1764073741776852069,2025-11-25 17:59:01.773,0.671358,2.251390,268.271210,0.038117,0.011407,0.977665,0.257884,0.357258,9.704741,0.003992,0.000610,-0.000186,0.129969,-0.649684,-1.193235,100335.0000
1764073741877116717,2025-11-25 17:59:01.873,0.687207,2.262862,268.270592,0.041451,0.011796,0.978896,0.128218,-0.083636,9.639150,0.004499,-0.002183,0.000164,0.126613,-0.649668,-1.191741,100329.0000
1764073741977280606,2025-11-25 17:59:01.973,0.672643,2.294393,268.265739,0.041412,0.014847,0.977789,0.515645,0.391012,9.748815,-0.001605,-0.003473,-0.003902,0.126117,-0.648766,-1.194155,100337.0000
1764073742076183680,2025-11-25 17:59:02.073,0.633271,2.322132,268.258095,0.044347,0.010478,0.977485,0.327796,0.171849,9.747178,-0.005348,-0.001107,0.008036,0.125674,-0.647254,-1.190319,100331.0000
1764073742177828976,2025-11-25 17:59:02.173,0.600298,2.325897,268.264175,0.046569,0.008157,0.976233,0.523947,-0.021518,9.836975,-0.005845,-0.004054,-0.001298,0.125633,-0.647834,-1.195125,100331.0000
1764073742276937717,2025-11-25 17:59:02.273,0.594621,2.318131,268.277931,0.045420,0.006501,0.976849,0.411168,0.073420,9.702993,0.001025,0.000635,-0.004337,0.126102,-0.650220,-1.195096,100333.0000
1764073742376610568,2025-11-25 17:59:02.373,0.607114,2.301786,268.300255,0.043708,0.008062,0.977946,0.297190,-0.106846,9.848475,0.000070,0.005041,-0.008843,0.128504,-0.650219,-1.195613,100332.0000
1764073742476855902,2025-11-25 17:59:02.473,0.629609,2.276977,268.320770,0.041779,0.009331,0.978086,0.450127,0.372545,9.738110,0.006092,0.002822,-0.003261,0.127549,-0.648790,-1.195621,100328.0000
1764073742577905957,2025-11-25 17:59:02.573,0.641597,2.279881,268.325974,0.040985,0.010603,0.980229,0.749108,0.110520,9.872927,0.011819,0.000200,0.002251,0.127079,-0.648762,-1.194170,100336.0000
1764073742677729753,2025-11-25 17:59:02.673,0.634458,2.292577,268.319489,0.042666,0.011879,0.979612,0.681489,-0.222588,9.824016,-0.004233,-0.001277,0.002174,0.126131,-0.648258,-1.192718,100333.0000
1764073742777783809,2025-11-25 17:59:02.773,0.619779,2.281347,268.321815,0.040952,0.010813,0.976439,0.083424,0.120595,9.479139,-0.001924,-0.001453,-0.001824,0.129487,-0.650631,-1.192731,100329.0000
1764073742877548475,2025-11-25 17:59:02.873,0.603349,2.270011,268.316589,0.044567,0.009474,0.975898,0.401282,0.481772,9.619119,0.001785,-0.001920,-0.005543,0.128507,-0.648796,-1.196116,100331.0000
1764073742976747512,2025-11-25 17:59:02.973,0.600823,2.257227,268.304558,0.042160,0.006530,0.975574,0.345819,0.112872,9.561369,0.008310,0.001257,0.005546,0.127568,-0.648740,-1.193214,100337.0000
1764073743076029235,2025-11-25 17:59:03.073,0.615779,2.265756,268.292229,0.039310,0.008577,0.976853,0.367204,0.113224,9.705729,0.008965,-0.010540,-0.000259,0.129015,-0.647310,-1.193738,100335.0000
1764073743177075549,2025-11-25 17:59:03.173,0.641920,2.298997,268.274498,0.040410,0.007957,0.980662,0.334704,-0.122712,9.696723,0.004844,-0.012209,0.002734,0.124692,-0.649667,-1.191231,100333.0000
1764073743276670938,2025-11-25 17:59:03.273,0.659577,2.336825,268.250336,0.044229,0.011927,0.980628,0.399099,0.085624,9.674280,-0.001752,-0.006274,-0.000719,0.125647,-0.648738,-1.192704,100329.0000
1764073743377263049,2025-11-25 17:59:03.373,0.654947,2.343408,268.222290,0.046173,0.012234,0.978853,0.420107,0.440690,9.689384,0.002328,0.002677,0.004354,0.129008,-0.648743,-1.193717,100333.0000
1764073743476766901,2025-11-25 17:59:03.473,0.638829,2.313742,268.206169,0.045200,0.011614,0.976688,0.476370,0.057422,9.692228,-0.002878,0.004274,0.000556,0.124679,-0.650643,-1.192179,100341.0000
1764073743576436012,2025-11-25 17:59:03.573,0.621055,2.253162,268.192238,0.043455,0.008986,0.976892,0.361786,0.069178,9.773829,-0.003312,0.008445,0.010164,0.126602,-0.648754,-1.193681,100329.0000
1764073743676951012,2025-11-25 17:59:03.673,0.620488,2.197314,268.154999,0.040846,0.008884,0.975884,0.670073,0.106807,9.857230,0.004412,0.006148,0.012196,0.125658,-0.645882,-1.193229,100333.0000
1764073743776516993,2025-11-25 17:59:03.773,0.624722,2.176866,268.109436,0.037634,0.008843,0.977320,0.504392,-0.110078,9.870148,0.006107,0.001431,0.013825,0.126123,-0.648278,-1.193681,100333.0000
1764073743877052216,2025-11-25 17:59:03.873,0.638008,2.225795,268.066833,0.037370,0.009121,0.978085,0.309096,-0.110502,9.790229,-0.001837,-0.012387,0.011723,0.124191,-0.650666,-1.193135,100335.0000
1764073743977586382,2025-11-25 17:59:03.973,0.653952,2.302888,268.025650,0.041848,0.011581,0.979205,0.171890,0.359148,9.586337,0.000387,-0.017839,0.001903,0.125155,-0.648771,-1.194141,100337.0000
1764073744075552364,2025-11-25 17:59:04.072,0.650739,2.364103,267.982918,0.046134,0.012268,0.979191,0.254121,0.138899,9.581429,0.004116,-0.006196,0.009137,0.123708,-0.650200,-1.193616,100325.0000
1764073744177911549,2025-11-25 17:59:04.173,0.637973,2.375042,267.947273,0.048985,0.011346,0.979329,0.492426,0.205112,9.736965,-0.000157,0.003176,0.009573,0.122739,-0.649280,-1.195061,100338.0000
1764073744276710901,2025-11-25 17:59:04.273,0.624096,2.336364,267.912842,0.048036,0.008800,0.978492,0.364163,-0.314385,9.825052,0.004473,0.008689,0.006859,0.122275,-0.647351,-1.194120,100334.0000
1764073744376331197,2025-11-25 17:59:04.373,0.617224,2.272638,267.860878,0.046005,0.008680,0.977242,0.679837,-0.073226,9.849751,0.003682,0.013117,0.012022,0.121301,-0.649743,-1.194070,100338.0000
1764073744476595771,2025-11-25 17:59:04.473,0.625460,2.203081,267.781563,0.040580,0.010003,0.974125,0.227227,0.235688,9.630330,0.004502,0.009323,0.008119,0.122753,-0.650184,-1.192639,100334.0000
1764073744576448530,2025-11-25 17:59:04.573,0.628757,2.154715,267.691925,0.037116,0.010779,0.976688,0.882387,-0.021666,9.988635,0.003361,0.003672,0.021733,0.122750,-0.649249,-1.193617,100336.0000
1764073744676977919,2025-11-25 17:59:04.673,0.624208,2.169589,267.607590,0.033842,0.012634,0.977079,0.256986,0.180574,9.789566,-0.000574,-0.007394,0.015330,0.122764,-0.648741,-1.192180,100335.0000
1764073744777267622,2025-11-25 17:59:04.773,0.610373,2.248141,267.546890,0.036180,0.010972,0.978924,0.350934,0.046492,9.761559,-0.003792,-0.018184,0.006103,0.118436,-0.648283,-1.192123,100329.0000
1764073744876578104,2025-11-25 17:59:04.873,0.593039,2.343946,267.496872,0.043971,0.008925,0.980510,0.340342,-0.207061,9.611526,0.003451,-0.020602,0.004886,0.115997,-0.648853,-1.195931,100335.0000
1764073744976908974,2025-11-25 17:59:04.973,0.593434,2.395779,267.440018,0.051879,0.008921,0.980698,0.663478,0.423049,9.744417,0.000554,-0.001007,0.007545,0.116976,-0.649275,-1.193531,100331.0000
1764073745075906511,2025-11-25 17:59:05.072,0.612979,2.372265,267.374191,0.051545,0.008459,0.978620,0.638308,0.279408,9.922585,-0.000803,0.009781,0.008868,0.115054,-0.648806,-1.193510,100331.0000
1764073745176550548,2025-11-25 17:59:05.173,0.628953,2.305855,267.322258,0.046457,0.009748,0.976436,0.503966,-0.174184,9.921682,0.009031,0.017903,0.005128,0.114086,-0.650711,-1.192985,100333.0000
1764073745276181437,2025-11-25 17:59:05.273,0.640686,2.235973,267.279449,0.040839,0.011576,0.974704,-0.069370,0.324669,9.498811,0.006528,0.014830,0.004560,0.114087,-0.649766,-1.193481,100334.0000
1764073745377111492,2025-11-25 17:59:05.373,0.640781,2.171836,267.246635,0.037801,0.011161,0.977006,0.502675,-0.059842,9.768670,0.006588,0.010669,0.006949,0.116976,-0.650220,-1.193035,100337.0000
1764073745476932270,2025-11-25 17:59:05.473,0.629975,2.163304,267.226334,0.034812,0.012558,0.977262,-0.043311,0.318684,9.705200,0.004155,-0.004439,-0.001413,0.114072,-0.651219,-1.194422,100334.0000
1764073745576493881,2025-11-25 17:59:05.573,0.623203,2.232382,267.209076,0.039983,0.009762,0.979249,0.744222,0.139234,9.971743,0.002476,-0.005574,0.002632,0.115078,-0.647800,-1.191118,100332.0000
1764073745676237603,2025-11-25 17:59:05.673,0.612587,2.318501,267.199097,0.044562,0.010015,0.979040,0.521086,-0.007192,9.888165,-0.001333,-0.007665,0.002088,0.113133,-0.647392,-1.193985,100330.0000
1764073745777278122,2025-11-25 17:59:05.773,0.604154,2.359014,267.179756,0.046164,0.009220,0.978199,0.678998,-0.154639,9.875940,0.002035,0.000287,0.007433,0.113607,-0.648823,-1.193971,100335.0000
1764073745876472159,2025-11-25 17:59:05.873,0.592088,2.324970,267.151283,0.044310,0.009031,0.976801,0.207268,0.461929,9.763150,-0.005979,0.011515,-0.002286,0.110720,-0.648835,-1.193928,100337.0000
1764073745976428585,2025-11-25 17:59:05.973,0.597312,2.254074,267.108475,0.042142,0.005256,0.977727,0.692228,-0.006999,9.882346,0.001113,0.016062,0.010799,0.115061,-0.648318,-1.193036,100335.0000
1764073746075894511,2025-11-25 17:59:06.073,0.622473,2.185638,267.054161,0.038400,0.011033,0.978516,0.065034,0.109108,9.583767,0.008628,0.010208,0.005788,0.111205,-0.647411,-1.194438,100335.0000
1764073746178606714,2025-11-25 17:59:06.173,0.644435,2.163789,267.004181,0.037450,0.013418,0.980670,0.678232,0.284009,9.812486,-0.001733,-0.001066,0.001280,0.111214,-0.647858,-1.192987,100333.0000
1764073746276385510,2025-11-25 17:59:06.273,0.642927,2.199162,266.969505,0.034598,0.012031,0.977162,0.339423,-0.197236,9.754544,0.000350,-0.012904,0.013224,0.112161,-0.649307,-1.193942,100333.0000
1764073746377154010,2025-11-25 17:59:06.373,0.626660,2.266265,266.939835,0.042184,0.012091,0.977314,-0.071396,0.202419,9.639602,-0.000423,-0.013660,0.004357,0.109740,-0.649358,-1.195832,100336.0000
1764073746477696473,2025-11-25 17:59:06.473,0.599140,2.318973,266.911186,0.047446,0.010921,0.977925,0.545430,0.258465,9.785473,-0.004355,-0.006186,0.005584,0.109746,-0.648870,-1.195357,100333.0000
1764073746576231807,2025-11-25 17:59:06.573,0.566845,2.324945,266.885124,0.047099,0.010251,0.976596,0.611363,0.129970,9.949678,-0.005833,0.001471,0.000199,0.109778,-0.645486,-1.193483,100337.0000
1764073746676554288,2025-11-25 17:59:06.673,0.553175,2.298568,266.850479,0.046675,0.007176,0.977942,0.664116,-0.066891,10.110326,0.000440,0.008227,0.011019,0.107356,-0.648840,-1.193397,100337.0000
1764073746776455547,2025-11-25 17:59:06.773,0.554206,2.257388,266.814156,0.041316,0.008137,0.977116,0.314867,-0.001138,9.649203,0.003721,0.008758,0.003482,0.106876,-0.646952,-1.194382,100327.0000
1764073746876371955,2025-11-25 17:59:06.873,0.567998,2.231884,266.773315,0.038382,0.008380,0.979005,0.364016,-0.134430,9.643224,0.005437,0.001091,0.007017,0.108312,-0.650737,-1.192900,100337.0000
1764073746976611195,2025-11-25 17:59:06.973,0.583388,2.239563,266.730171,0.039308,0.012631,0.978563,0.538034,0.437959,9.947021,0.003206,-0.011011,0.000967,0.108288,-0.647973,-1.197758,100333.0000
1764073747075875880,2025-11-25 17:59:07.073,0.578263,2.249253,266.719345,0.041401,0.010896,0.978189,0.128647,0.319069,9.702246,0.000952,-0.004630,-0.005792,0.107348,-0.647448,-1.195344,100333.0000
1764073747176652917,2025-11-25 17:59:07.173,0.560813,2.261184,266.710442,0.042714,0.010712,0.978983,0.484649,0.098708,9.677546,-0.000259,0.003983,0.000511,0.105896,-0.649833,-1.194804,100334.0000
1764073747276263843,2025-11-25 17:59:07.273,0.544875,2.261850,266.719658,0.042420,0.009138,0.977351,0.627462,0.045994,9.926850,0.003373,-0.002629,-0.007649,0.107341,-0.647936,-1.195818,100333.0000
1764073747376495899,2025-11-25 17:59:07.373,0.529085,2.246996,266.762192,0.042197,0.007101,0.977727,0.420292,0.120028,9.728130,0.003487,0.003505,-0.007806,0.108311,-0.650269,-1.193388,100336.0000
1764073747477792787,2025-11-25 17:59:07.473,0.535866,2.249774,266.802017,0.040385,0.007485,0.978073,0.222157,0.020920,9.665540,-0.001432,-0.000785,-0.016117,0.106417,-0.646426,-1.191975,100328.0000
1764073747577193713,2025-11-25 17:59:07.573,0.554274,2.245597,266.832695,0.041937,0.007815,0.977718,0.631292,0.339173,9.762823,0.003787,0.002771,-0.009875,0.108325,-0.648348,-1.192937,100333.0000
1764073747677726010,2025-11-25 17:59:07.673,0.567274,2.221794,266.869232,0.038469,0.008735,0.977178,0.103412,0.251631,9.748447,0.007247,0.000809,-0.000779,0.107836,-0.647426,-1.194388,100335.0000
1764073747776842510,2025-11-25 17:59:07.773,0.580623,2.206446,266.904015,0.039852,0.009652,0.977262,-0.059399,0.285740,9.657138,-0.000314,-0.004294,0.000822,0.110721,-0.649303,-1.193439,100322.0000
1764073747876932880,2025-11-25 17:59:07.873,0.578809,2.206311,266.939102,0.041362,0.012193,0.977964,0.372814,0.322382,9.752534,-0.001991,-0.001623,-0.014592,0.111200,-0.649778,-1.193439,100337.0000
1764073747976393361,2025-11-25 17:59:07.973,0.555298,2.217155,266.970520,0.040258,0.008689,0.977009,0.626562,-0.205382,9.929110,-0.005636,-0.002059,-0.005463,0.113126,-0.648825,-1.193963,100339.0000
1764073748075901195,2025-11-25 17:59:08.073,0.540618,2.258118,266.995789,0.038963,0.008103,0.978010,0.333986,0.087914,9.763884,0.001090,-0.009889,-0.003394,0.112630,-0.650280,-1.194897,100333.0000
1764073748176481491,2025-11-25 17:59:08.173,0.530675,2.292853,267.023422,0.043501,0.009598,0.981117,0.341659,-0.155895,9.774906,-0.001555,-0.004090,-0.009842,0.111691,-0.650223,-1.191994,100337.0000
1764073748276944620,2025-11-25 17:59:08.273,0.524603,2.296966,267.052254,0.044718,0.007922,0.979443,0.783708,0.351494,9.859222,-0.004108,0.000805,0.001388,0.110713,-0.647911,-1.195386,100330.0000
1764073748376644194,2025-11-25 17:59:08.373,0.530624,2.254720,267.080963,0.043968,0.004942,0.977666,0.406291,0.001992,9.686184,0.009071,0.003379,0.003715,0.110744,-0.647829,-1.191535,100333.0000
1764073748476582879,2025-11-25 17:59:08.473,0.551430,2.189657,267.103554,0.044111,0.008126,0.976964,0.604975,0.264905,9.773483,0.011894,0.014253,0.000136,0.115046,-0.651184,-1.192992,100326.0000
1764073748579984268,2025-11-25 17:59:08.573,0.574296,2.124596,267.144814,0.037310,0.010947,0.974956,0.223044,0.268049,9.644211,0.002474,0.004758,-0.001430,0.114568,-0.649763,-1.193488,100335.0000
1764073748677797602,2025-11-25 17:59:08.673,0.583128,2.120812,267.207161,0.035488,0.012110,0.975530,0.116048,-0.156070,9.634852,-0.002197,-0.004961,-0.012231,0.113617,-0.650683,-1.191534,100339.0000
1764073748777590509,2025-11-25 17:59:08.773,0.564775,2.167175,267.283951,0.037740,0.010745,0.977992,0.658088,0.155080,9.784623,-0.003845,-0.016288,-0.007355,0.116515,-0.649226,-1.191117,100337.0000
1764073748876906639,2025-11-25 17:59:08.873,0.543424,2.232090,267.363792,0.039225,0.009073,0.979134,0.469127,0.178956,9.664363,-0.001931,-0.011176,-0.006788,0.116979,-0.651155,-1.192058,100340.0000
1764073748977812009,2025-11-25 17:59:08.973,0.527626,2.275070,267.450462,0.043362,0.007260,0.980555,0.119184,-0.096205,9.668597,-0.005881,-0.005848,-0.023370,0.116504,-0.648312,-1.193058,100337.0000
1764073749075619231,2025-11-25 17:59:09.073,0.525872,2.288137,267.549400,0.043464,0.005957,0.980136,0.670256,-0.110328,9.959673,0.004579,-0.002633,-0.015302,0.118397,-0.650742,-1.195456,100335.0000
1764073749176782694,2025-11-25 17:59:09.173,0.537965,2.266791,267.656235,0.044831,0.007904,0.978202,0.379001,0.201909,9.704210,0.007469,0.008173,-0.018145,0.119857,-0.649750,-1.194048,100341.0000
1764073749278452749,2025-11-25 17:59:09.273,0.551620,2.225478,267.766510,0.041947,0.008603,0.977497,0.111536,-0.083964,9.616261,0.002576,0.005715,-0.030188,0.123701,-0.649275,-1.195075,100327.0000
1764073749377064731,2025-11-25 17:59:09.373,0.557065,2.191968,267.854485,0.040413,0.006543,0.975349,0.382904,0.085019,9.648424,0.004826,0.000244,-0.008309,0.123702,-0.650688,-1.194090,100337.0000
1764073749476554916,2025-11-25 17:59:09.473,0.564143,2.193885,267.913582,0.039979,0.006706,0.976614,0.669659,0.277801,9.918698,0.000521,-0.001793,-0.011607,0.124664,-0.653041,-1.192624,100333.0000
1764073749576290527,2025-11-25 17:59:09.573,0.557495,2.192163,267.958900,0.037920,0.009923,0.978536,0.397521,-0.036837,9.855716,-0.006082,0.000050,-0.018256,0.125142,-0.649746,-1.195089,100326.0000
1764073749676565342,2025-11-25 17:59:09.673,0.537090,2.202051,267.986671,0.039259,0.008780,0.977729,0.308905,-0.046367,9.799234,-0.000483,0.003113,0.004768,0.126122,-0.649224,-1.193185,100337.0000
1764073749778087527,2025-11-25 17:59:09.773,0.509694,2.216703,268.002777,0.037980,0.007873,0.978217,0.431152,0.029370,9.833797,-0.007859,-0.010380,0.002346,0.126114,-0.650189,-1.193652,100334.0000
1764073749876960008,2025-11-25 17:59:09.873,0.498954,2.240068,268.000778,0.042222,0.008225,0.979876,0.502272,0.157080,9.932371,-0.000555,-0.010233,-0.001830,0.126088,-0.649316,-1.197518,100330.0000
1764073749976490212,2025-11-25 17:59:09.973,0.511306,2.250854,268.007645,0.042687,0.007745,0.978050,0.236335,0.123748,9.861318,-0.001711,-0.006913,-0.000891,0.124664,-0.650684,-1.194105,100332.0000
1764073750075743230,2025-11-25 17:59:10.073,0.541978,2.250950,268.025208,0.044094,0.008632,0.977670,0.539053,0.078869,9.775216,0.004282,0.005158,-0.004718,0.125607,-0.653088,-1.195045,100334.0000
1764073750176952175,2025-11-25 17:59:10.173,0.559406,2.229490,268.059845,0.041537,0.010074,0.977362,0.645751,0.130343,10.069703,0.003303,0.006050,-0.001384,0.124202,-0.646864,-1.194156,100336.0000
1764073750276230008,2025-11-25 17:59:10.273,0.562500,2.200624,268.115059,0.040361,0.010551,0.977997,0.132258,-0.047592,9.568653,-0.006609,0.002639,-0.009006,0.127074,-0.648305,-1.195140,100325.0000
1764073750378646749,2025-11-25 17:59:10.373,0.558392,2.203816,268.174057,0.040422,0.007272,0.977509,0.204877,0.307580,9.670246,0.001295,0.001185,-0.006330,0.125608,-0.653556,-1.194556,100335.0000
1764073750476538619,2025-11-25 17:59:10.473,0.557281,2.214375,268.225739,0.043682,0.006789,0.978433,0.331558,0.175061,9.693663,0.005551,-0.001944,0.001972,0.127067,-0.651150,-1.194133,100328.0000
1764073750576441489,2025-11-25 17:59:10.573,0.557685,2.200458,268.294815,0.042170,0.010253,0.979095,0.418442,-0.020094,9.817091,-0.000120,0.004496,-0.013468,0.127051,-0.652136,-1.195562,100336.0000
1764073750676577174,2025-11-25 17:59:10.673,0.551385,2.183720,268.379341,0.039547,0.006992,0.975998,0.593691,0.059779,9.812643,0.011198,0.000690,-0.003971,0.131883,-0.648761,-1.195203,100332.0000
1764073750777479045,2025-11-25 17:59:10.773,0.559139,2.193177,268.436539,0.038994,0.007284,0.977382,0.330196,0.026100,9.608987,0.004045,-0.001797,-0.007110,0.131399,-0.651598,-1.193708,100326.0000
1764073750876194323,2025-11-25 17:59:10.873,0.573401,2.207790,268.475601,0.040154,0.009049,0.977993,0.467874,0.209876,9.734827,0.001857,-0.003014,-0.007010,0.132355,-0.652082,-1.194197,100326.0000
1764073750976265063,2025-11-25 17:59:10.973,0.586656,2.218285,268.537628,0.040031,0.010135,0.977158,0.322230,0.041294,9.687474,0.005969,-0.000028,-0.007596,0.129482,-0.650174,-1.193702,100324.0000
1764073751075850359,2025-11-25 17:59:11.072,0.596489,2.237967,268.603561,0.039799,0.008387,0.978227,0.388664,-0.166220,9.749989,-0.002595,0.001332,-0.000119,0.132355,-0.652082,-1.194197,100334.0000
1764073751176378767,2025-11-25 17:59:11.173,0.609432,2.262437,268.632835,0.041524,0.009346,0.978264,0.436231,0.365495,9.795498,0.002579,-0.006787,-0.007324,0.135718,-0.651610,-1.195216,100329.0000
1764073751276013637,2025-11-25 17:59:11.273,0.609683,2.254365,268.624825,0.042545,0.010966,0.977877,0.402056,-0.199280,9.924556,-0.003296,-0.004143,0.003614,0.133812,-0.650154,-1.193766,100341.0000
1764073751378506230,2025-11-25 17:59:11.373,0.606225,2.233644,268.612602,0.044494,0.011226,0.979045,0.307325,0.147456,9.748188,-0.004506,0.005115,0.001420,0.131396,-0.650663,-1.194685,100330.0000
1764073751477776155,2025-11-25 17:59:11.473,0.601163,2.209849,268.611893,0.042315,0.011292,0.978962,0.569743,0.240504,9.712755,-0.000452,0.006909,-0.010892,0.131384,-0.653052,-1.194649,100339.0000
1764073751577373674,2025-11-25 17:59:11.573,0.603997,2.178123,268.604530,0.036738,0.006839,0.977446,0.196796,0.058055,9.679862,0.003831,0.003085,0.007817,0.132347,-0.653048,-1.194663,100328.0000
1764073751676897044,2025-11-25 17:59:11.673,0.635282,2.146171,268.590096,0.038981,0.008198,0.978029,0.220930,0.142574,9.609906,0.003635,0.003970,-0.001758,0.132857,-0.651084,-1.192293,100331.0000
1764073751777045637,2025-11-25 17:59:11.773,0.663820,2.106648,268.605431,0.037892,0.012299,0.978215,0.364480,0.165675,9.934103,0.010145,0.003365,-0.002376,0.133315,-0.650197,-1.195684,100334.0000
1764073751876790544,2025-11-25 17:59:11.873,0.663810,2.086856,268.659218,0.035847,0.015393,0.977724,0.426709,0.298423,9.852050,-0.004654,0.000796,-0.013222,0.135231,-0.655870,-1.193218,100329.0000
1764073751976777489,2025-11-25 17:59:11.973,0.631164,2.099494,268.743469,0.037897,0.012494,0.979091,0.497093,0.034359,9.885199,-0.005468,0.005502,-0.028386,0.136696,-0.649207,-1.194786,100337.0000
1764073752075696822,2025-11-25 17:59:12.073,0.582888,2.098820,268.868683,0.035706,0.008234,0.978048,0.407087,-0.352405,9.854311,-0.003412,-0.004185,-0.019638,0.137663,-0.650605,-1.193334,100332.0000
1764073752178116803,2025-11-25 17:59:12.173,0.555826,2.072398,269.019218,0.039497,0.006629,0.977940,0.253295,0.063369,9.803018,-0.007246,0.009689,-0.030583,0.139086,-0.651595,-1.195266,100330.0000
1764073752276698748,2025-11-25 17:59:12.273,0.557346,2.040402,269.185524,0.036914,0.003339,0.978632,0.411274,-0.036484,9.818243,0.002401,0.000219,-0.035097,0.142474,-0.650583,-1.193405,100332.0000
1764073752376554266,2025-11-25 17:59:12.373,0.580602,2.000989,269.369118,0.035966,0.004918,0.977379,0.290084,-0.044026,9.665252,0.006303,-0.000625,-0.029779,0.145825,-0.651087,-1.195373,100330.0000
1764073752476371322,2025-11-25 17:59:12.473,0.613768,1.981804,269.548294,0.036736,0.007157,0.979127,0.496629,0.351542,9.819394,0.004020,-0.001277,-0.032617,0.147290,-0.650551,-1.192995,100333.0000
1764073752577149859,2025-11-25 17:59:12.573,0.631201,1.974172,269.719818,0.038760,0.007884,0.979187,0.576014,0.173506,9.822594,0.003949,0.002286,-0.027921,0.150165,-0.652927,-1.193001,100328.0000
1764073752676999488,2025-11-25 17:59:12.673,0.615482,1.980888,269.896790,0.034012,0.008387,0.976357,0.242241,0.002513,9.725575,0.000972,0.001941,-0.026008,0.153025,-0.652985,-1.196413,100333.0000
1764073752777122266,2025-11-25 17:59:12.773,0.588227,1.993603,270.071594,0.037585,0.009399,0.978678,0.423071,0.245478,9.665701,-0.009292,-0.000511,-0.032896,0.154012,-0.653387,-1.193050,100325.0000
1764073752876860692,2025-11-25 17:59:12.873,0.565741,2.010836,270.220367,0.036510,0.004479,0.975728,0.260501,0.144024,9.665078,-0.002411,-0.004239,-0.024331,0.157361,-0.653423,-1.195507,100321.0000
1764073752976871636,2025-11-25 17:59:12.973,0.560624,2.045525,270.345924,0.036296,0.003264,0.977167,0.098663,-0.261953,9.774222,0.000529,-0.014596,-0.013236,0.156891,-0.651037,-1.195536,100328.0000
1764073753075835432,2025-11-25 17:59:13.073,0.567151,2.086107,270.435349,0.038867,0.005555,0.978452,1.018789,0.041314,10.060112,0.003851,-0.009120,-0.008818,0.157860,-0.650545,-1.195077,100332.0000
1764073753176646025,2025-11-25 17:59:13.173,0.580820,2.087376,270.485023,0.040166,0.005740,0.979496,0.536337,0.346774,9.884038,0.000564,0.001840,-0.000788,0.159289,-0.653404,-1.195054,100332.0000
1764073753276734006,2025-11-25 17:59:13.273,0.598622,2.065456,270.488022,0.039016,0.007868,0.978697,0.280434,-0.087830,9.708087,0.001211,0.005282,-0.000276,0.158803,-0.652004,-1.196513,100334.0000
1764073753376613321,2025-11-25 17:59:13.373,0.607872,2.075923,270.461258,0.036720,0.010193,0.978434,0.415130,0.216355,9.722237,-0.000093,-0.005022,-0.003248,0.158343,-0.652423,-1.193610,100330.0000
1764073753475922191,2025-11-25 17:59:13.473,0.604273,2.117827,270.440071,0.038528,0.010344,0.977842,0.212139,-0.057937,9.764110,-0.002725,-0.006399,0.005715,0.159307,-0.650528,-1.194617,100332.0000
1764073753576443413,2025-11-25 17:59:13.573,0.601831,2.169606,270.422798,0.042608,0.010420,0.977076,0.496382,-0.073393,9.684582,0.001499,-0.008928,0.007295,0.156386,-0.652046,-1.197922,100329.0000
1764073753676908191,2025-11-25 17:59:13.673,0.597587,2.216259,270.389320,0.042618,0.009724,0.975744,0.395904,0.015717,9.825432,0.003276,-0.006007,0.007259,0.156892,-0.651504,-1.195048,100338.0000
1764073753776838247,2025-11-25 17:59:13.773,0.595494,2.242237,270.344299,0.042524,0.008085,0.976111,0.326774,-0.237016,9.734642,-0.000421,-0.010029,0.018417,0.156393,-0.652025,-1.196959,100335.0000
1764073753876991432,2025-11-25 17:59:13.873,0.595880,2.263850,270.277374,0.044366,0.009725,0.980005,0.650923,0.162744,9.887059,0.010060,-0.001233,0.013847,0.153525,-0.650574,-1.195494,100340.0000
1764073753978512006,2025-11-25 17:59:13.973,0.605730,2.254840,270.183586,0.044502,0.009870,0.980004,0.217617,-0.213923,9.551164,0.004363,0.003386,0.013470,0.152556,-0.652012,-1.195458,100334.0000
1764073754075548358,2025-11-25 17:59:14.073,0.621465,2.223599,270.085556,0.042316,0.011355,0.979011,0.406934,0.220151,9.857635,0.005450,0.001284,0.017531,0.152085,-0.651516,-1.194496,100331.0000
1764073754177420802,2025-11-25 17:59:14.173,0.643580,2.193513,269.969902,0.039414,0.010761,0.977153,0.241703,0.134836,9.806755,-0.001368,0.002160,0.024404,0.152572,-0.653383,-1.192548,100331.0000
1764073754277131654,2025-11-25 17:59:14.273,0.656588,2.171926,269.839142,0.038188,0.013914,0.975427,0.097944,0.419439,9.583680,0.010079,-0.001192,0.022059,0.148716,-0.654834,-1.192469,100331.0000
1764073754377262987,2025-11-25 17:59:14.373,0.650624,2.198367,269.704895,0.039513,0.012611,0.976944,0.674756,-0.017891,9.922780,0.001784,-0.008532,0.029515,0.148244,-0.649155,-1.194957,100330.0000
1764073754477213580,2025-11-25 17:59:14.473,0.629788,2.288073,269.567360,0.041389,0.014011,0.978248,0.043526,0.163426,9.820791,-0.003573,-0.017997,0.019476,0.145822,-0.653922,-1.193885,100328.0000
1764073754576179135,2025-11-25 17:59:14.573,0.603444,2.386255,269.438240,0.046716,0.012418,0.979763,0.945071,-0.031467,10.123025,-0.002218,-0.012234,0.022161,0.143910,-0.652955,-1.192908,100336.0000
1764073754676810080,2025-11-25 17:59:14.673,0.589625,2.428576,269.324814,0.050033,0.011483,0.978185,0.437613,-0.160255,9.890438,-0.003007,-0.002372,0.019851,0.140048,-0.652535,-1.194784,100328.0000
1764073754777678394,2025-11-25 17:59:14.773,0.584060,2.408594,269.215195,0.049723,0.010905,0.977817,0.575642,0.251512,9.830900,0.003514,0.001690,0.014911,0.138606,-0.652064,-1.194770,100333.0000
1764073754877626746,2025-11-25 17:59:14.873,0.586592,2.365288,269.089958,0.047948,0.009128,0.977064,0.551453,-0.103856,9.806515,0.005470,0.007583,0.028540,0.137656,-0.652038,-1.193312,100340.0000
1764073754978019987,2025-11-25 17:59:14.973,0.598315,2.330022,268.956230,0.045855,0.011808,0.977194,0.492160,0.286065,9.761247,0.004927,0.001612,0.021462,0.134763,-0.651594,-1.194240,100332.0000
1764073755075804227,2025-11-25 17:59:15.073,0.611030,2.312984,268.825584,0.043449,0.011893,0.976932,0.466360,-0.132505,9.820904,-0.002630,-0.000051,0.022368,0.137164,-0.651125,-1.195245,100330.0000
1764073755177076301,2025-11-25 17:59:15.173,0.623163,2.326099,268.719704,0.043474,0.014216,0.978448,0.549914,0.600070,9.793652,-0.001975,-0.006387,0.017420,0.132841,-0.653482,-1.192737,100342.0000
1764073755277751357,2025-11-25 17:59:15.273,0.633522,2.343916,268.632767,0.045076,0.011876,0.978795,0.405000,0.311884,9.814166,0.001054,-0.004436,0.020027,0.132858,-0.651551,-1.191804,100334.0000
1764073755377355283,2025-11-25 17:59:15.373,0.633483,2.343166,268.548309,0.044696,0.011583,0.978597,0.489566,0.111966,9.767680,-0.000014,-0.000858,0.014657,0.127552,-0.649725,-1.194643,100328.0000
1764073755478572172,2025-11-25 17:59:15.473,0.634108,2.347030,268.459518,0.045658,0.011987,0.977946,0.745948,0.334690,9.869912,0.003073,-0.004993,0.020110,0.129958,-0.651127,-1.193694,100330.0000
1764073755576816968,2025-11-25 17:59:15.573,0.635542,2.372308,268.353241,0.043722,0.011836,0.976920,0.464352,0.312167,9.798671,0.000626,-0.007715,0.020039,0.128986,-0.653042,-1.193651,100338.0000
1764073755676653616,2025-11-25 17:59:15.673,0.635215,2.377439,268.235313,0.047048,0.012194,0.977898,0.482881,0.072270,9.808448,0.003484,0.002067,0.019315,0.126589,-0.652088,-1.193148,100333.0000
1764073755777019375,2025-11-25 17:59:15.773,0.628435,2.367974,268.122505,0.046531,0.013650,0.977482,0.853097,0.284932,9.825098,0.000953,-0.002403,0.021832,0.124657,-0.652117,-1.194083,100330.0000
1764073755876636690,2025-11-25 17:59:15.873,0.612131,2.361099,268.001579,0.045782,0.012529,0.978768,0.499187,0.333198,9.743009,-0.004922,0.006454,0.027176,0.125126,-0.652145,-1.195534,100334.0000
1764073755976951764,2025-11-25 17:59:15.973,0.604005,2.347795,267.866699,0.043620,0.010647,0.977215,0.335403,0.247401,9.765308,0.007789,0.002932,0.028386,0.121793,-0.649711,-1.192632,100328.0000
1764073756075755227,2025-11-25 17:59:16.072,0.609433,2.358086,267.739983,0.043842,0.010602,0.976784,0.430833,-0.080595,9.836628,0.005601,-0.009544,0.016435,0.121289,-0.652132,-1.194033,100329.0000
1764073756176937912,2025-11-25 17:59:16.173,0.615614,2.386885,267.608925,0.044922,0.011639,0.977423,0.235881,-0.198141,9.801095,0.005714,-0.008407,0.022105,0.120832,-0.651128,-1.191633,100326.0000
1764073756276492486,2025-11-25 17:59:16.273,0.620081,2.423244,267.473450,0.044464,0.013343,0.976946,0.308080,0.345883,9.725132,0.006379,-0.016209,0.024455,0.116002,-0.652613,-1.192984,100331.0000
1764073756376935190,2025-11-25 17:59:16.373,0.619752,2.470195,267.345596,0.048418,0.013388,0.977943,0.680610,0.139208,9.842387,0.002853,-0.012035,0.027170,0.116018,-0.649269,-1.193036,100330.0000
1764073756477814227,2025-11-25 17:59:16.473,0.606446,2.504923,267.216957,0.049137,0.013477,0.978455,0.585554,0.432204,9.719351,-0.000316,-0.002567,0.024808,0.111677,-0.650732,-1.193431,100336.0000
1764073756577995986,2025-11-25 17:59:16.573,0.595690,2.498285,267.069290,0.049996,0.011862,0.978880,0.368203,0.340542,9.675441,0.000650,0.006306,0.028567,0.111209,-0.651171,-1.191491,100333.0000
1764073756676670689,2025-11-25 17:59:16.673,0.594046,2.464429,266.920662,0.046608,0.010465,0.977179,0.221126,0.197445,9.524330,0.007303,0.002287,0.011239,0.108796,-0.650257,-1.192914,100341.0000
1764073756777698171,2025-11-25 17:59:16.773,0.601085,2.444159,266.768608,0.048328,0.012781,0.978247,0.504753,0.307353,9.722141,-0.002878,0.005480,0.019827,0.107843,-0.648350,-1.192930,100326.0000
1764073756877044337,2025-11-25 17:59:16.873,0.606446,2.421643,266.626167,0.048159,0.011902,0.977166,0.648429,0.253199,9.697678,0.002334,0.005514,0.024371,0.107355,-0.649786,-1.192901,100331.0000
1764073756977291245,2025-11-25 17:59:16.973,0.606157,2.412017,266.499748,0.043011,0.011813,0.976516,0.474962,0.067150,9.801147,0.004579,-0.007562,0.021784,0.104471,-0.650734,-1.191880,100334.0000
1764073757075940060,2025-11-25 17:59:17.073,0.597434,2.443333,266.377853,0.043033,0.011509,0.976534,0.332214,0.072806,9.570407,-0.002759,-0.011167,0.019835,0.102055,-0.649830,-1.193785,100332.0000
1764073757177310800,2025-11-25 17:59:17.173,0.595301,2.493366,266.253723,0.048354,0.011709,0.978642,0.860839,0.011541,9.848199,-0.002166,-0.010510,0.015173,0.098689,-0.649367,-1.193743,100338.0000
1764073757277263226,2025-11-25 17:59:17.273,0.592802,2.523530,266.119881,0.051226,0.009990,0.979468,1.014741,-0.198855,9.980885,0.002569,0.003830,0.028365,0.095822,-0.648384,-1.191789,100328.0000
1764073757377011596,2025-11-25 17:59:17.373,0.591857,2.503983,266.000832,0.049934,0.013343,0.978113,0.653687,0.067885,9.868299,0.002439,0.007899,0.022731,0.097219,-0.652270,-1.195121,100336.0000
1764073757477113448,2025-11-25 17:59:17.473,0.590731,2.460562,265.908836,0.046208,0.012321,0.976275,0.640329,0.072277,9.748731,-0.001847,0.008966,0.022160,0.096775,-0.650291,-1.191774,100336.0000
1764073757576787059,2025-11-25 17:59:17.573,0.593280,2.433162,265.832047,0.044967,0.011204,0.977003,0.800531,-0.077570,9.926309,0.003305,0.005963,0.014996,0.094363,-0.650789,-1.192212,100333.0000
1764073757676265300,2025-11-25 17:59:17.673,0.593959,2.423599,265.766464,0.045510,0.011641,0.977768,0.335777,0.075504,9.712604,-0.002329,0.006517,0.012837,0.092921,-0.647493,-1.194168,100326.0000
1764073757776921115,2025-11-25 17:59:17.773,0.589882,2.428204,265.717758,0.045088,0.010430,0.977862,0.341493,0.099562,9.833212,-0.001292,-0.000917,0.011562,0.093901,-0.649328,-1.190783,100336.0000
1764073757876428004,2025-11-25 17:59:17.873,0.585400,2.447330,265.641853,0.045023,0.009805,0.977741,0.458873,0.191249,9.792368,0.001116,0.000388,0.017867,0.091491,-0.649349,-1.191229,100326.0000
1764073757978703578,2025-11-25 17:59:17.973,0.595605,2.450843,265.575203,0.044283,0.008978,0.977857,-0.033495,-0.054759,9.594248,0.008245,-0.000649,0.009760,0.091954,-0.649865,-1.193154,100333.0000
1764073758075570485,2025-11-25 17:59:18.072,0.617641,2.463276,265.524498,0.044897,0.010907,0.977655,0.383864,-0.002197,9.821070,0.001689,-0.012276,0.005239,0.091014,-0.649341,-1.190740,100332.0000
1764073758177849485,2025-11-25 17:59:18.173,0.639451,2.500333,265.469269,0.049551,0.013182,0.979093,0.605058,0.387067,9.882942,0.007943,-0.000754,0.011980,0.090049,-0.649822,-1.190719,100328.0000
1764073758277058003,2025-11-25 17:59:18.273,0.644156,2.501268,265.413826,0.048772,0.012153,0.977639,0.521050,-0.033304,9.847385,-0.005299,0.002813,0.012829,0.087643,-0.649833,-1.190683,100325.0000
1764073758376906707,2025-11-25 17:59:18.373,0.627951,2.485829,265.345779,0.045930,0.011434,0.976252,0.566506,0.126430,9.818528,-0.003007,0.003267,0.013363,0.086184,-0.649881,-1.192587,100339.0000
1764073758476869725,2025-11-25 17:59:18.473,0.600960,2.440834,265.264786,0.045182,0.012178,0.975597,0.387857,0.385868,9.803885,-0.000095,0.004759,0.017986,0.085212,-0.650383,-1.193529,100331.0000
1764073758576442948,2025-11-25 17:59:18.573,0.580155,2.397379,265.195465,0.044913,0.009763,0.978100,0.409018,0.132209,9.857475,-0.006472,-0.000223,0.014715,0.085702,-0.649415,-1.193069,100331.0000
1764073758676681059,2025-11-25 17:59:18.673,0.570857,2.378243,265.122017,0.042579,0.006697,0.979309,0.513043,-0.008735,9.796613,0.010190,-0.000547,0.013776,0.087160,-0.647956,-1.192150,100336.0000
1764073758775853133,2025-11-25 17:59:18.773,0.574822,2.390949,265.041496,0.043847,0.010233,0.979314,0.371021,-0.049966,9.803041,0.001080,-0.006463,0.012232,0.084256,-0.647542,-1.194521,100332.0000
1764073758876322503,2025-11-25 17:59:18.873,0.592911,2.413640,264.953247,0.043492,0.009502,0.977849,0.361383,-0.154184,9.796885,0.005636,0.007046,0.012909,0.083794,-0.649851,-1.190626,100341.0000
1764073758977193336,2025-11-25 17:59:18.973,0.607429,2.419657,264.857201,0.042833,0.012365,0.977175,0.173415,0.064076,9.559124,0.004276,0.001738,0.020786,0.083799,-0.646538,-1.192122,100330.0000
1764073759075721540,2025-11-25 17:59:19.073,0.612263,2.412900,264.771255,0.042852,0.013904,0.977206,0.123584,0.233226,9.781503,-0.000085,-0.006096,0.012407,0.078523,-0.646988,-1.189629,100326.0000
1764073759176844521,2025-11-25 17:59:19.173,0.604012,2.400325,264.696220,0.044821,0.011498,0.977840,0.318344,0.048512,9.585748,0.000034,-0.003532,0.013037,0.079972,-0.648384,-1.188184,100329.0000
1764073759276425688,2025-11-25 17:59:19.273,0.588419,2.396193,264.627838,0.044873,0.010315,0.976654,0.199706,-0.021272,9.641924,0.004894,-0.003969,0.010002,0.079454,-0.648011,-1.192999,100328.0000
1764073759376710780,2025-11-25 17:59:19.373,0.577610,2.398565,264.565865,0.043998,0.009260,0.977499,0.328200,0.001951,9.729483,0.000502,0.000109,0.007974,0.079956,-0.644655,-1.192575,100328.0000
1764073759476373540,2025-11-25 17:59:19.473,0.578128,2.412935,264.513924,0.042925,0.009726,0.978040,0.402306,0.204585,9.740340,0.009388,0.000560,0.005361,0.078499,-0.648940,-1.191526,100330.0000
1764073759577612503,2025-11-25 17:59:19.573,0.591717,2.419861,264.464607,0.045648,0.008786,0.979191,0.335829,-0.012272,9.786870,0.003168,0.003482,0.002622,0.078021,-0.647519,-1.192022,100332.0000
1764073759677342077,2025-11-25 17:59:19.673,0.615669,2.413721,264.417747,0.045758,0.009804,0.979268,0.388918,0.253886,9.878842,0.001889,0.007561,0.001886,0.078002,-0.648983,-1.193444,100334.0000
1764073759776651002,2025-11-25 17:59:19.773,0.626647,2.406214,264.365913,0.042888,0.011219,0.976734,0.327640,0.162501,9.736877,0.003553,0.000807,0.012056,0.077549,-0.645610,-1.192044,100335.0000
1764073759877525817,2025-11-25 17:59:19.873,0.622389,2.376401,264.313530,0.044087,0.012016,0.977226,0.401123,0.340645,9.657578,-0.003656,0.000263,0.008859,0.077059,-0.648936,-1.191023,100329.0000
1764073759976572521,2025-11-25 17:59:19.973,0.625093,2.317938,264.264191,0.043133,0.009123,0.977656,0.467229,-0.146447,9.817054,0.001058,0.008940,0.007741,0.074656,-0.648469,-1.190994,100328.0000
1764073760075595928,2025-11-25 17:59:20.072,0.640151,2.265728,264.217598,0.037350,0.010933,0.976808,0.378094,0.361654,9.591868,0.007550,0.005757,0.008141,0.074671,-0.646070,-1.190550,100329.0000
1764073760176933354,2025-11-25 17:59:20.173,0.653718,2.263197,264.187119,0.037988,0.011652,0.979243,0.600901,-0.005356,10.004765,-0.000934,-0.000890,0.010735,0.078023,-0.647041,-1.192029,100332.0000
1764073760277112817,2025-11-25 17:59:20.273,0.647915,2.299524,264.165756,0.037466,0.012445,0.978425,0.395801,0.293000,9.882731,-0.002366,-0.003453,-0.006236,0.076136,-0.644123,-1.189156,100333.0000
1764073760377565650,2025-11-25 17:59:20.373,0.630199,2.353111,264.138298,0.039819,0.011587,0.977349,0.716959,0.337979,9.980733,0.001477,-0.007031,0.005847,0.074650,-0.648012,-1.191964,100328.0000
1764073760476591558,2025-11-25 17:59:20.473,0.614051,2.409014,264.107506,0.043358,0.010463,0.976598,0.470043,-0.343939,9.853662,-0.006420,-0.010303,0.003657,0.073697,-0.646106,-1.191980,100334.0000
1764073760578875502,2025-11-25 17:59:20.573,0.604115,2.416048,264.086632,0.047613,0.009489,0.978820,0.675415,0.241390,9.823196,0.008960,0.003680,0.006372,0.071763,-0.646612,-1.192907,100338.0000
1764073760674838020,2025-11-25 17:59:20.673,0.625420,2.369852,264.088600,0.044507,0.009733,0.976900,0.378670,0.177994,9.629548,0.009853,0.010978,-0.016494,0.071295,-0.647051,-1.190967,100329.0000
1764073760774725705,2025-11-25 17:59:20.773,0.666156,2.336066,264.100380,0.040699,0.009300,0.977436,0.472331,0.215739,9.832052,0.005139,0.001384,0.002209,0.072250,-0.646122,-1.192440,100324.0000
1764073760874585039,2025-11-25 17:59:20.873,0.686487,2.321788,264.150383,0.038694,0.013868,0.977211,0.398083,0.346293,9.804909,0.001339,-0.002171,-0.009131,0.076107,-0.646084,-1.191534,100329.0000
1764073760975097020,2025-11-25 17:59:20.973,0.677086,2.366085,264.227089,0.038848,0.012940,0.979093,0.345560,0.050477,9.586203,-0.005881,-0.012210,-0.014042,0.076100,-0.647517,-1.191512,100330.0000
1764073761074196391,2025-11-25 17:59:21.072,0.640119,2.417193,264.313919,0.046618,0.010688,0.981085,0.655565,-0.227017,9.837331,-0.013551,-0.008873,-0.022268,0.075150,-0.646546,-1.190550,100329.0000
1764073761174857798,2025-11-25 17:59:21.173,0.602167,2.420479,264.417084,0.048477,0.009137,0.979368,0.431966,-0.046923,9.846958,-0.005672,0.009218,-0.017807,0.076102,-0.647040,-1.191519,100335.0000
1764073761274722520,2025-11-25 17:59:21.273,0.578581,2.381839,264.533737,0.047142,0.005670,0.976200,0.499099,-0.243496,9.902177,-0.007295,0.001879,-0.020211,0.077040,-0.648987,-1.193430,100331.0000
1764073761374557261,2025-11-25 17:59:21.373,0.574592,2.312698,264.644173,0.043758,0.005529,0.975229,0.406719,0.380350,9.719692,-0.004795,0.013991,-0.021019,0.082831,-0.647030,-1.192582,100326.0000
1764073761474570798,2025-11-25 17:59:21.473,0.589900,2.246231,264.756836,0.039450,0.004547,0.976305,0.245353,0.048095,9.692507,0.001185,0.011471,-0.027082,0.082834,-0.647020,-1.192100,100327.0000
1764073761574567446,2025-11-25 17:59:21.573,0.607139,2.215789,264.860237,0.035124,0.006096,0.978436,0.133129,0.029786,9.639592,0.002489,-0.000323,-0.023556,0.081859,-0.648945,-1.192538,100336.0000
1764073761674618223,2025-11-25 17:59:21.673,0.612192,2.211798,264.953583,0.034990,0.007179,0.978526,0.066653,0.093589,9.585515,-0.002933,-0.004970,-0.004570,0.085717,-0.647962,-1.192128,100332.0000
1764073761774924890,2025-11-25 17:59:21.773,0.607419,2.227980,265.062752,0.038279,0.007626,0.978112,0.507374,0.205856,9.806327,0.006768,-0.012178,-0.022048,0.085703,-0.649883,-1.192580,100329.0000
1764073761874642909,2025-11-25 17:59:21.873,0.592308,2.260969,265.165154,0.041254,0.008906,0.980752,0.404807,-0.128039,9.881392,-0.000327,-0.002688,-0.014028,0.088605,-0.648416,-1.191682,100331.0000
1764073761974632242,2025-11-25 17:59:21.973,0.584904,2.294358,265.260338,0.040900,0.010587,0.979902,0.186430,0.334503,9.695312,0.004283,-0.002787,-0.018410,0.087653,-0.650281,-1.189232,100330.0000
1764073762074280464,2025-11-25 17:59:22.072,0.590543,2.331326,265.363167,0.042518,0.008675,0.978065,0.540021,0.000088,9.802881,0.000969,-0.003823,-0.019544,0.091011,-0.650764,-1.190237,100333.0000
1764073762175021168,2025-11-25 17:59:22.173,0.605457,2.322849,265.496529,0.045490,0.005948,0.976276,0.572248,-0.048327,9.779800,0.003155,0.006406,-0.023120,0.090014,-0.649914,-1.195051,100331.0000
1764073762275098112,2025-11-25 17:59:22.273,0.612750,2.271373,265.650101,0.044174,0.007696,0.974305,0.392813,0.127108,9.745281,-0.000667,0.009390,-0.029122,0.094385,-0.647903,-1.191293,100330.0000
1764073762374723834,2025-11-25 17:59:22.373,0.615493,2.196944,265.801903,0.039321,0.006089,0.975241,0.327484,0.270203,9.707931,-0.007065,0.010019,-0.027887,0.096279,-0.647976,-1.195173,100336.0000
1764073762474557630,2025-11-25 17:59:22.473,0.618190,2.136168,265.950851,0.035534,0.006007,0.977989,0.263598,0.011107,9.797671,0.007070,0.004603,-0.017534,0.097729,-0.652664,-1.191270,100332.0000
1764073762574708223,2025-11-25 17:59:22.573,0.611541,2.117086,266.075142,0.034479,0.006463,0.981219,0.495211,-0.082555,9.866084,0.006948,0.001322,-0.013406,0.099168,-0.649843,-1.193742,100328.0000
1764073762674775334,2025-11-25 17:59:22.673,0.602056,2.157624,266.176430,0.035501,0.007819,0.981189,0.388486,-0.123791,9.893500,0.002698,0.001182,-0.016680,0.099177,-0.650290,-1.192291,100326.0000
1764073762774663056,2025-11-25 17:59:22.773,0.585436,2.206960,266.261124,0.034702,0.006777,0.977194,0.178977,-0.027175,9.723182,-0.001930,-0.013926,-0.005121,0.103494,-0.649833,-1.194288,100330.0000
1764073762874647778,2025-11-25 17:59:22.873,0.586325,2.241558,266.338531,0.040616,0.006811,0.977243,0.187775,-0.015117,9.609291,-0.003039,-0.006203,-0.018922,0.102539,-0.649817,-1.193310,100330.0000
1764073762974857167,2025-11-25 17:59:22.973,0.597821,2.244014,266.415482,0.040998,0.006259,0.977624,0.549641,0.095843,9.807600,0.004064,-0.006016,-0.016160,0.103988,-0.650268,-1.192362,100328.0000
1764073763074194149,2025-11-25 17:59:23.072,0.617513,2.215321,266.488403,0.041651,0.008385,0.977744,0.334359,0.411104,9.801192,0.000455,0.000727,-0.014318,0.105914,-0.651672,-1.191406,100334.0000
1764073763174655463,2025-11-25 17:59:23.173,0.630417,2.161092,266.565865,0.041445,0.009156,0.979652,0.418552,0.063822,9.782926,0.005309,0.007182,-0.016831,0.105423,-0.649815,-1.193835,100339.0000
1764073763274823648,2025-11-25 17:59:23.273,0.632643,2.109859,266.648094,0.036856,0.009106,0.978979,0.455733,-0.063206,9.947519,-0.000646,0.009053,-0.011090,0.110736,-0.650207,-1.191017,100330.0000
1764073763374857889,2025-11-25 17:59:23.373,0.627362,2.083695,266.724518,0.037032,0.009632,0.978063,0.313865,0.099905,9.843878,-0.003070,0.004071,-0.013304,0.109764,-0.649765,-1.192454,100335.0000
1764073763474445111,2025-11-25 17:59:23.473,0.620371,2.093817,266.805565,0.034516,0.009410,0.976819,0.553270,0.122155,9.833686,-0.002740,-0.001959,-0.027380,0.110731,-0.649750,-1.191987,100330.0000
1764073763574606759,2025-11-25 17:59:23.573,0.613320,2.117457,266.886383,0.034622,0.007723,0.975477,0.173132,0.191869,9.750478,-0.008382,-0.010688,-0.013872,0.111671,-0.650274,-1.194401,100329.0000
1764073763674999833,2025-11-25 17:59:23.673,0.595026,2.161157,266.959114,0.040111,0.006915,0.978687,0.424627,-0.122146,9.775602,0.001798,-0.007056,-0.012091,0.112638,-0.649315,-1.194430,100332.0000
1764073763774619037,2025-11-25 17:59:23.773,0.595588,2.173615,267.014748,0.041838,0.005629,0.979116,0.380233,-0.103568,9.875361,0.003157,0.000624,-0.008666,0.111182,-0.651242,-1.194861,100332.0000
1764073763874615722,2025-11-25 17:59:23.873,0.605080,2.150125,267.061516,0.041524,0.008425,0.978657,0.437165,0.061667,9.703378,0.000880,0.007094,-0.004800,0.112622,-0.652659,-1.194379,100330.0000
1764073763974610315,2025-11-25 17:59:23.973,0.615350,2.115201,267.107880,0.038554,0.008442,0.979756,0.272200,-0.032813,9.846348,0.009018,0.011244,-0.014282,0.115064,-0.649253,-1.192059,100336.0000
1764073764074184611,2025-11-25 17:59:24.072,0.623523,2.077755,267.147186,0.037549,0.008246,0.977691,0.465042,0.036222,9.723239,-0.004918,0.013114,-0.005841,0.114094,-0.650691,-1.192022,100334.0000
1764073764174841315,2025-11-25 17:59:24.173,0.629408,2.046110,267.177345,0.031522,0.009126,0.976565,-0.025689,0.264648,9.782296,0.002872,0.000131,-0.005268,0.116485,-0.649775,-1.194480,100334.0000
1764073764274543463,2025-11-25 17:59:24.273,0.626735,2.057893,267.223221,0.032488,0.010239,0.975852,0.144666,-0.069465,9.534735,-0.001973,-0.004260,-0.016638,0.116973,-0.649285,-1.194013,100329.0000
1764073764374858500,2025-11-25 17:59:24.373,0.629083,2.112827,267.272652,0.033760,0.008356,0.977842,0.483414,0.387740,9.877305,-0.002553,-0.017520,-0.017894,0.115047,-0.650239,-1.193488,100335.0000
1764073764474530444,2025-11-25 17:59:24.473,0.640858,2.182757,267.328064,0.041899,0.008665,0.979689,0.515961,0.308166,9.754378,0.003278,-0.010517,-0.011077,0.115526,-0.650715,-1.193488,100324.0000
1764073764574633425,2025-11-25 17:59:24.573,0.652787,2.214146,267.392349,0.045589,0.009453,0.978615,0.480927,0.278289,9.790293,-0.004014,0.003091,-0.005336,0.117473,-0.649232,-1.191613,100330.0000
1764073764674593574,2025-11-25 17:59:24.673,0.648008,2.196488,267.462868,0.042141,0.009913,0.978106,0.508752,0.238325,9.795165,-0.003474,0.007948,-0.018000,0.116490,-0.651178,-1.193014,100328.0000
1764073764774680611,2025-11-25 17:59:24.773,0.639967,2.167668,267.511269,0.038047,0.008170,0.977809,0.285939,0.247289,9.752063,-0.005006,0.002410,-0.008399,0.119374,-0.651642,-1.193049,100330.0000
1764073764874621666,2025-11-25 17:59:24.873,0.633944,2.146291,267.552849,0.038696,0.009366,0.978926,0.417536,0.479093,9.747415,-0.005385,0.002176,-0.010106,0.122753,-0.650184,-1.192639,100329.0000
1764073764974994647,2025-11-25 17:59:24.973,0.621521,2.134139,267.606071,0.038225,0.008440,0.977806,0.345569,0.254408,9.879639,0.003472,-0.002163,-0.004585,0.121284,-0.650729,-1.195499,100331.0000
1764073765074219555,2025-11-25 17:59:25.072,0.618276,2.145572,267.668846,0.038467,0.008064,0.978186,0.740334,-0.154178,9.865480,0.000101,-0.000574,-0.013819,0.120801,-0.653567,-1.194004,100332.0000
1764073765174949073,2025-11-25 17:59:25.173,0.619380,2.171981,267.735062,0.037472,0.008305,0.976909,0.441488,0.120020,9.815286,0.001807,-0.003792,-0.010458,0.121315,-0.650648,-1.191648,100327.0000
1764073765275133925,2025-11-25 17:59:25.273,0.630188,2.203769,267.787575,0.039996,0.008482,0.977513,0.545962,0.484530,9.738559,-0.001872,-0.004097,-0.010890,0.123695,-0.651176,-1.194564,100329.0000
1764073765374674277,2025-11-25 17:59:25.373,0.633683,2.229420,267.836700,0.038569,0.007162,0.978365,0.179182,-0.048059,9.714725,0.000455,-0.004635,0.001968,0.124675,-0.650653,-1.192660,100327.0000
1764073765474773962,2025-11-25 17:59:25.473,0.624222,2.263997,267.877960,0.043792,0.010264,0.978688,0.318787,-0.047858,9.596574,-0.003740,-0.003558,-0.005266,0.120804,-0.652144,-1.194507,100331.0000
1764073765574779036,2025-11-25 17:59:25.573,0.609715,2.273581,267.911621,0.043504,0.009724,0.978447,0.622454,-0.032212,9.988149,0.005118,-0.003538,-0.009045,0.122741,-0.651160,-1.193588,100334.0000
1764073765674772610,2025-11-25 17:59:25.673,0.598146,2.241712,267.949562,0.045807,0.009484,0.978102,0.394895,-0.101668,9.735128,0.000133,0.007011,-0.014759,0.121773,-0.649294,-1.195528,100336.0000
1764073765775137499,2025-11-25 17:59:25.773,0.597379,2.182865,267.992477,0.041626,0.007328,0.976222,0.409556,0.286747,9.849730,-0.004490,0.014364,-0.006466,0.128510,-0.649731,-1.195139,100329.0000
1764073765874593147,2025-11-25 17:59:25.873,0.613009,2.140668,268.032761,0.038402,0.006962,0.977718,0.155494,-0.270396,9.575816,0.002823,0.007109,-0.002910,0.125628,-0.652559,-1.192645,100333.0000
1764073765974725628,2025-11-25 17:59:25.973,0.629318,2.141356,268.075920,0.037094,0.010165,0.977710,0.460497,0.164592,9.857846,0.006377,-0.001849,-0.013757,0.128024,-0.653047,-1.193636,100328.0000
1764073766074227647,2025-11-25 17:59:26.072,0.632174,2.176611,268.129097,0.036554,0.008551,0.978184,0.395411,0.235940,9.797755,-0.000082,-0.010788,-0.008400,0.127554,-0.651606,-1.193170,100332.0000
1764073766174985036,2025-11-25 17:59:26.173,0.626115,2.230684,268.164185,0.039013,0.008823,0.977359,0.264697,-0.007522,9.843226,-0.003610,-0.010031,-0.004784,0.126607,-0.651569,-1.191230,100332.0000
1764073766274727239,2025-11-25 17:59:26.273,0.616223,2.261249,268.191025,0.042012,0.008652,0.977600,0.522594,0.320700,9.804264,-0.000285,-0.009890,-0.000838,0.129476,-0.650662,-1.194176,100334.0000
1764073766375366850,2025-11-25 17:59:26.373,0.614959,2.292629,268.210716,0.044657,0.008467,0.979737,0.781368,-0.130405,9.912889,-0.001292,-0.004728,-0.015748,0.126588,-0.653033,-1.192652,100323.0000
1764073766474635832,2025-11-25 17:59:26.473,0.623610,2.303926,268.215889,0.044492,0.008247,0.979128,0.599969,0.161587,9.940505,0.001991,0.005370,-0.002531,0.128529,-0.650626,-1.192236,100330.0000
1764073766574808202,2025-11-25 17:59:26.573,0.632535,2.285291,268.213707,0.043270,0.008797,0.977425,0.244288,-0.073622,9.776734,0.002097,0.009197,-0.001777,0.127571,-0.652032,-1.190756,100330.0000
1764073766674801480,2025-11-25 17:59:26.673,0.636318,2.285610,268.203339,0.041779,0.011309,0.976278,0.781717,0.174512,9.895393,0.002210,-0.003176,0.009227,0.127559,-0.649705,-1.193680,100331.0000
1764073766774533109,2025-11-25 17:59:26.773,0.629437,2.298700,268.206345,0.042588,0.011685,0.976559,0.371839,0.157833,9.711419,0.004613,-0.003758,0.003382,0.128999,-0.652067,-1.192703,100332.0000
1764073766874702998,2025-11-25 17:59:26.873,0.612010,2.314298,268.214745,0.044599,0.010602,0.978128,0.183695,0.000124,9.629644,-0.001338,-0.002781,-0.008019,0.128047,-0.646857,-1.194694,100330.0000
1764073766974737313,2025-11-25 17:59:26.973,0.605103,2.314201,268.217995,0.044194,0.008230,0.977961,0.637277,0.208683,9.728467,-0.001409,-0.005195,0.000862,0.126129,-0.648736,-1.192711,100339.0000
1764073767074382257,2025-11-25 17:59:27.073,0.607427,2.316702,268.220215,0.044090,0.009632,0.977669,0.346223,0.138841,9.876980,0.003798,-0.000181,0.000865,0.127071,-0.649727,-1.194636,100332.0000
1764073767174935591,2025-11-25 17:59:27.173,0.615359,2.312724,268.226540,0.044889,0.008565,0.976997,0.435842,-0.126512,9.732293,0.009925,0.007794,-0.001890,0.128029,-0.652091,-1.193651,100332.0000
1764073767274758239,2025-11-25 17:59:27.273,0.620757,2.336657,268.217911,0.041800,0.008926,0.977186,0.170373,0.122568,9.686975,0.011133,-0.000458,0.011009,0.125619,-0.650700,-1.195081,100324.0000
1764073767374744072,2025-11-25 17:59:27.373,0.614989,2.388034,268.203545,0.043812,0.009803,0.978445,0.435607,0.037639,9.951113,-0.004318,-0.007625,0.002620,0.126582,-0.649750,-1.195592,100325.0000
1764073767475012850,2025-11-25 17:59:27.473,0.600413,2.422072,268.169609,0.046351,0.010589,0.978854,0.265738,0.014510,9.770104,-0.002196,-0.003315,0.005436,0.124176,-0.653532,-1.193091,100336.0000
1764073767574606664,2025-11-25 17:59:27.573,0.591382,2.418823,268.123375,0.048985,0.009411,0.978442,0.709229,0.128947,9.894438,0.003557,0.010742,0.012123,0.124174,-0.654009,-1.193084,100327.0000
1764073767675020350,2025-11-25 17:59:27.673,0.584869,2.391625,268.071457,0.046809,0.009882,0.978112,0.943753,0.115944,9.980012,-0.002360,0.005010,0.007464,0.124188,-0.649730,-1.194112,100337.0000
1764073767774640183,2025-11-25 17:59:27.773,0.593048,2.361758,268.007721,0.044176,0.008760,0.976436,0.540197,-0.029481,9.819132,-0.002865,-0.000453,0.016515,0.127541,-0.651169,-1.195103,100332.0000
1764073767874622849,2025-11-25 17:59:27.873,0.606331,2.321505,267.925102,0.044312,0.010194,0.977541,0.393691,0.333835,9.698939,0.004134,0.003715,0.015957,0.121307,-0.649256,-1.193596,100335.0000
1764073767974577701,2025-11-25 17:59:27.973,0.614536,2.290658,267.841057,0.042428,0.009969,0.977693,0.504038,0.001161,9.791552,0.003499,0.010513,0.011210,0.122272,-0.650186,-1.192632,100336.0000
1764073768074235405,2025-11-25 17:59:28.073,0.618647,2.280771,267.762917,0.040078,0.010623,0.978014,0.315803,-0.175960,9.712712,0.002678,-0.000033,0.016705,0.121306,-0.650201,-1.193099,100335.0000
1764073768175010979,2025-11-25 17:59:28.173,0.622573,2.310802,267.681503,0.041411,0.011936,0.977875,0.492105,0.488581,9.766014,0.000731,-0.010646,0.008492,0.123710,-0.652080,-1.192143,100325.0000
1764073768274802460,2025-11-25 17:59:28.273,0.628710,2.344374,267.594635,0.042332,0.010819,0.978572,0.403408,0.104934,9.713491,0.001373,-0.006838,0.022875,0.118431,-0.650183,-1.191612,100335.0000
1764073768374824275,2025-11-25 17:59:28.373,0.644989,2.359098,267.518471,0.046570,0.011858,0.978943,0.524902,-0.024831,9.899151,0.005645,-0.004294,0.010170,0.119877,-0.649699,-1.191641,100334.0000
1764073768474698256,2025-11-25 17:59:28.473,0.656463,2.356402,267.458351,0.045688,0.013603,0.978368,0.350590,0.503600,9.658307,0.008895,-0.000051,0.010880,0.117451,-0.652119,-1.192532,100329.0000
1764073768574286238,2025-11-25 17:59:28.572,0.645137,2.329687,267.403580,0.045152,0.011844,0.976978,0.154765,0.167039,9.784684,-0.002441,0.008218,0.012363,0.115522,-0.653083,-1.192488,100330.0000
1764073768675203812,2025-11-25 17:59:28.673,0.628328,2.304726,267.337341,0.042674,0.010062,0.975998,0.475992,-0.162909,9.884172,0.003196,0.001601,0.017522,0.113590,-0.650754,-1.194904,100335.0000
1764073768774724571,2025-11-25 17:59:28.773,0.612333,2.286100,267.261246,0.041860,0.010709,0.976432,0.294749,0.161330,9.793729,-0.003036,-0.000246,0.002449,0.115518,-0.650735,-1.194451,100334.0000
1764073768874809460,2025-11-25 17:59:28.873,0.608495,2.302406,267.196251,0.040873,0.009428,0.977611,0.703962,0.349250,9.923491,-0.000708,0.000558,0.013822,0.112159,-0.649784,-1.193934,100331.0000
1764073768974742349,2025-11-25 17:59:28.973,0.620103,2.354838,267.122864,0.042630,0.010701,0.978862,0.817353,-0.079014,10.038188,0.005318,-0.002903,0.015943,0.114546,-0.651237,-1.195392,100335.0000
1764073769074334052,2025-11-25 17:59:29.073,0.625218,2.398193,267.047417,0.043270,0.012730,0.978941,0.212138,-0.114514,9.666110,0.001777,-0.006637,0.011021,0.110732,-0.650218,-1.191499,100330.0000
1764073769174902738,2025-11-25 17:59:29.173,0.637469,2.411237,266.982162,0.045848,0.011988,0.978678,0.205686,0.401679,9.617575,0.003906,0.002763,0.009686,0.111688,-0.650701,-1.191987,100332.0000
1764073769274569886,2025-11-25 17:59:29.273,0.645825,2.387300,266.922554,0.046102,0.013128,0.977376,0.357003,0.178248,9.724902,0.001364,-0.005207,0.003879,0.109282,-0.649300,-1.192936,100324.0000
1764073769374769626,2025-11-25 17:59:29.373,0.640921,2.351314,266.863457,0.045532,0.011992,0.976843,0.505773,0.004239,9.709968,-0.000514,-0.000237,0.020419,0.110240,-0.651663,-1.191951,100334.0000
1764073769474634515,2025-11-25 17:59:29.473,0.629435,2.315341,266.799118,0.044279,0.011163,0.977260,0.661423,-0.006389,9.830342,0.000661,0.006318,0.011281,0.108796,-0.650257,-1.192914,100334.0000
1764073769574451997,2025-11-25 17:59:29.573,0.618557,2.292321,266.744850,0.041544,0.010407,0.978235,0.475176,0.327428,9.799434,-0.000915,0.005314,0.004446,0.111679,-0.651667,-1.192454,100336.0000
1764073769675173126,2025-11-25 17:59:29.673,0.616393,2.316800,266.714058,0.039108,0.009476,0.977048,0.253417,-0.042076,9.785192,0.008069,-0.004540,0.011979,0.107380,-0.647834,-1.191004,100336.0000
1764073769774976589,2025-11-25 17:59:29.773,0.626408,2.362165,266.691422,0.043018,0.010713,0.978774,0.268922,0.027558,9.794303,0.000017,-0.005964,-0.002360,0.106404,-0.649759,-1.191442,100330.0000
1764073769874661682,2025-11-25 17:59:29.873,0.639685,2.400338,266.657280,0.044392,0.010327,0.978320,0.052457,0.279358,9.641431,0.014946,-0.006592,0.006828,0.107347,-0.652164,-1.192382,100332.0000
1764073769974662663,2025-11-25 17:59:29.973,0.636403,2.414248,266.630333,0.046529,0.013961,0.978023,0.434605,0.269016,9.816489,-0.001996,-0.001874,0.011320,0.106874,-0.649788,-1.192893,100332.0000
1764073770074257922,2025-11-25 17:59:30.073,0.612071,2.393979,266.627983,0.049316,0.013166,0.977926,0.779981,-0.301285,9.956658,-0.005615,0.004324,-0.006663,0.107350,-0.650741,-1.192886,100336.0000
1764073770176160811,2025-11-25 17:59:30.173,0.566524,2.356452,266.641365,0.044692,0.011137,0.977692,0.358223,0.093106,9.899709,-0.008699,0.004255,-0.007588,0.106396,-0.650725,-1.191909,100326.0000
1764073770274611922,2025-11-25 17:59:30.273,0.541360,2.338899,266.659912,0.043788,0.006496,0.977328,0.263315,0.242701,9.790820,-0.002546,0.008040,-0.010310,0.105410,-0.650791,-1.194783,100323.0000
1764073770374970403,2025-11-25 17:59:30.373,0.555350,2.350939,266.678688,0.039444,0.004193,0.975477,0.292867,0.066180,9.782172,0.006123,-0.004749,-0.005117,0.107830,-0.650271,-1.193382,100332.0000
1764073770474652403,2025-11-25 17:59:30.473,0.603980,2.407040,266.674568,0.043067,0.007410,0.976045,0.240959,0.146908,9.718267,0.006617,-0.014053,-0.001461,0.106386,-0.648865,-1.194345,100335.0000
1764073770574802422,2025-11-25 17:59:30.573,0.651505,2.473097,266.686249,0.046703,0.010763,0.978010,0.508421,-0.015657,9.828307,0.009338,-0.014410,-0.004888,0.107831,-0.649326,-1.193878,100334.0000
1764073770674858514,2025-11-25 17:59:30.673,0.672201,2.512496,266.695770,0.048115,0.011647,0.978741,0.613391,0.059915,9.851843,0.004105,-0.009363,0.003243,0.103994,-0.650726,-1.191392,100332.0000
1764073770775124625,2025-11-25 17:59:30.773,0.667332,2.513643,266.712364,0.047439,0.011399,0.980306,0.205501,0.135097,9.747273,-0.003259,0.002006,-0.004792,0.104916,-0.652713,-1.195228,100328.0000
1764073770874830644,2025-11-25 17:59:30.873,0.635052,2.511237,266.706566,0.047879,0.010015,0.977966,0.587899,-0.164370,9.904418,-0.001895,-0.001290,-0.001586,0.105448,-0.647863,-1.191939,100328.0000
1764073770974837922,2025-11-25 17:59:30.973,0.584931,2.481954,266.666649,0.047514,0.009484,0.976848,0.139525,0.187847,9.688569,-0.004226,0.007262,0.016614,0.104937,-0.652185,-1.192829,100329.0000
1764073771074278662,2025-11-25 17:59:31.073,0.570108,2.418613,266.614784,0.044817,0.006911,0.974855,0.332242,-0.004321,9.700993,0.004764,0.005238,0.012457,0.105408,-0.648910,-1.196256,100336.0000
1764073771174979107,2025-11-25 17:59:31.173,0.592436,2.357811,266.576180,0.044260,0.010426,0.977231,0.559301,-0.011959,9.714565,0.010383,0.003950,0.000665,0.106856,-0.651719,-1.193827,100330.0000
1764073771274690736,2025-11-25 17:59:31.273,0.619634,2.339303,266.549309,0.041231,0.011148,0.978010,0.539125,0.381221,9.798511,0.004005,0.002585,0.010326,0.107383,-0.648769,-1.190027,100336.0000
1764073771374724421,2025-11-25 17:59:31.373,0.634145,2.354830,266.497292,0.040380,0.013311,0.979174,0.493047,0.159121,9.815415,0.002334,-0.001150,0.009672,0.104456,-0.650774,-1.193806,100333.0000
1764073771474715866,2025-11-25 17:59:31.473,0.619127,2.401047,266.431053,0.039774,0.013635,0.978593,0.304738,0.119799,9.664704,-0.001599,-0.007074,0.010470,0.104958,-0.648831,-1.192398,100334.0000
1764073771575194588,2025-11-25 17:59:31.573,0.587541,2.452199,266.375832,0.044900,0.010978,0.979331,0.322829,0.256945,9.793929,-0.005562,-0.002628,0.014577,0.102544,-0.648862,-1.193325,100324.0000
1764073771674705106,2025-11-25 17:59:31.673,0.566070,2.467267,266.311699,0.048587,0.008063,0.978345,0.573647,0.168313,9.866161,0.001219,-0.004350,0.006350,0.103044,-0.648341,-1.191414,100332.0000
1764073771774711143,2025-11-25 17:59:31.773,0.556414,2.446107,266.240784,0.047510,0.007479,0.976180,0.565315,0.105821,9.811984,-0.001354,0.002078,0.011259,0.102563,-0.647399,-1.191903,100332.0000
1764073771874656625,2025-11-25 17:59:31.873,0.556066,2.418438,266.164291,0.045929,0.009970,0.977420,0.632546,0.316235,9.850218,-0.000943,0.001446,0.011683,0.103015,-0.649358,-1.194288,100332.0000
1764073771974643458,2025-11-25 17:59:31.973,0.549634,2.379405,266.093842,0.047554,0.011925,0.978691,0.877609,0.302285,9.798081,-0.007483,0.011359,0.010354,0.098205,-0.649847,-1.193728,100332.0000
1764073772074200347,2025-11-25 17:59:32.072,0.531270,2.341886,266.040245,0.044614,0.011334,0.978014,0.426825,0.357056,9.745553,-0.003226,0.014669,0.016071,0.099671,-0.646954,-1.192831,100333.0000
1764073772175237865,2025-11-25 17:59:32.173,0.505967,2.308542,266.004868,0.038982,0.009177,0.976652,0.240765,-0.235944,9.836985,-0.001368,0.008669,0.011761,0.099655,-0.646995,-1.194756,100324.0000
1764073772274470513,2025-11-25 17:59:32.273,0.494708,2.302875,265.983276,0.038541,0.008354,0.977663,0.190316,-0.017697,9.725633,-0.002927,-0.003098,0.001094,0.099655,-0.646995,-1.194756,100331.0000
1764073772374692125,2025-11-25 17:59:32.373,0.513303,2.329834,265.972076,0.039508,0.006006,0.976987,0.161324,0.216248,9.748919,0.007334,-0.014890,-0.000464,0.097718,-0.650337,-1.194195,100332.0000
1764073772474324717,2025-11-25 17:59:32.473,0.554954,2.393663,265.967384,0.041904,0.008054,0.977083,0.210768,0.155178,9.778967,0.005953,-0.022485,-0.004841,0.095826,-0.648374,-1.191308,100336.0000
1764073772574823291,2025-11-25 17:59:32.573,0.587420,2.451058,265.968735,0.048520,0.010871,0.978498,0.426845,0.414477,9.745484,0.004654,-0.005255,0.001893,0.099201,-0.646926,-1.191379,100336.0000
1764073772675191476,2025-11-25 17:59:32.673,0.589896,2.451145,265.969170,0.049517,0.011790,0.978549,0.531023,0.136859,9.710594,-0.000235,0.003597,0.004113,0.096294,-0.650293,-1.191767,100335.0000
1764073772774714421,2025-11-25 17:59:32.773,0.571804,2.396035,265.947472,0.047262,0.010520,0.979104,0.409582,0.074168,9.814218,-0.005724,0.018109,0.005896,0.097278,-0.645044,-1.192343,100338.0000
1764073772874662735,2025-11-25 17:59:32.873,0.540380,2.325724,265.936378,0.041555,0.012608,0.977508,0.198233,-0.111952,9.789100,-0.004141,0.013115,-0.000475,0.098221,-0.649806,-1.191802,100329.0000
1764073772974853383,2025-11-25 17:59:32.973,0.500508,2.280581,265.929733,0.037506,0.008984,0.976632,0.302234,0.107604,9.736009,-0.004915,0.000256,-0.008250,0.099161,-0.650331,-1.194216,100332.0000
1764073773074245513,2025-11-25 17:59:33.072,0.481614,2.285516,265.898338,0.037738,0.005086,0.976963,0.476229,0.131442,9.819429,0.004391,-0.000305,0.010260,0.098217,-0.647459,-1.193765,100331.0000
1764073773174937198,2025-11-25 17:59:33.173,0.483228,2.299143,265.856842,0.038607,0.006504,0.977991,0.504797,-0.043576,9.958993,0.000630,-0.001030,0.013572,0.097742,-0.647919,-1.192787,100333.0000
1764073773274787642,2025-11-25 17:59:33.273,0.512568,2.326041,265.810036,0.042255,0.008323,0.979217,0.595647,0.337750,9.854582,0.009111,-0.003261,0.012579,0.095803,-0.648435,-1.194196,100332.0000
1764073773374566791,2025-11-25 17:59:33.373,0.560879,2.353606,265.759361,0.044078,0.010025,0.978683,0.565881,0.209898,9.773101,0.009336,-0.003341,0.010029,0.096309,-0.648839,-1.190826,100329.0000
1764073773474562939,2025-11-25 17:59:33.473,0.584838,2.334442,265.722961,0.045447,0.013690,0.979336,0.637259,0.361444,9.812134,0.000161,0.007216,-0.000742,0.094842,-0.648907,-1.193693,100336.0000
1764073773575323365,2025-11-25 17:59:33.573,0.578388,2.296571,265.679344,0.042190,0.013751,0.976966,0.287904,0.087370,9.795062,0.004649,0.011472,0.016520,0.095321,-0.649383,-1.193693,100331.0000
1764073773674720383,2025-11-25 17:59:33.673,0.540390,2.254089,265.663773,0.039414,0.012467,0.977992,0.178549,0.211912,9.703799,-0.003337,0.003345,0.005469,0.097260,-0.647921,-1.192780,100331.0000
1764073773774656383,2025-11-25 17:59:33.773,0.503901,2.248811,265.649796,0.039814,0.007847,0.978473,0.411030,0.010812,9.819268,0.004782,0.001159,-0.001688,0.094859,-0.649334,-1.191279,100330.0000
1764073773874640364,2025-11-25 17:59:33.873,0.487793,2.247114,265.649612,0.038535,0.007287,0.976141,0.669421,-0.064145,9.965819,0.002950,-0.005515,0.004335,0.095327,-0.648895,-1.193219,100332.0000
1764073773974638087,2025-11-25 17:59:33.973,0.493072,2.265789,265.635643,0.039054,0.008018,0.976755,0.331500,0.495217,9.743249,0.001197,-0.000963,0.002368,0.094859,-0.647921,-1.192263,100337.0000
1764073774074172383,2025-11-25 17:59:34.072,0.509481,2.274224,265.611481,0.041154,0.006813,0.977253,0.175832,0.144731,9.500881,0.002325,-0.000209,-0.005157,0.095820,-0.648862,-1.191782,100334.0000
1764073774175549031,2025-11-25 17:59:34.173,0.528810,2.257895,265.595406,0.039114,0.010127,0.978337,0.254014,0.052824,9.799879,0.006428,0.003347,0.002142,0.094859,-0.646976,-1.192760,100334.0000
1764073774274958697,2025-11-25 17:59:34.273,0.540458,2.224142,265.607056,0.041381,0.010200,0.979633,0.500937,-0.072559,9.821730,0.010790,-0.000091,0.002762,0.093414,-0.646515,-1.193227,100338.0000
1764073774374471438,2025-11-25 17:59:34.373,0.533347,2.199404,265.626389,0.039363,0.012090,0.979113,0.623735,0.154781,9.950191,-0.006315,0.003337,-0.004392,0.097253,-0.646996,-1.194239,100329.0000
1764073774474761086,2025-11-25 17:59:34.473,0.506744,2.191053,265.653023,0.038481,0.010120,0.978172,0.466998,-0.212218,9.741904,-0.004522,0.001891,-0.002536,0.092917,-0.649861,-1.193168,100332.0000
1764073774574590142,2025-11-25 17:59:34.573,0.479848,2.198770,265.682449,0.038731,0.009990,0.978362,0.312750,0.146398,9.774897,-0.001381,0.003029,-0.003819,0.096778,-0.648868,-1.192277,100329.0000
1764073774674708901,2025-11-25 17:59:34.673,0.461864,2.234488,265.727089,0.038132,0.006352,0.975274,0.240676,0.228368,9.642689,-0.006669,-0.002615,-0.005816,0.097727,-0.649372,-1.193728,100335.0000
1764073774774746623,2025-11-25 17:59:34.773,0.447423,2.265413,265.774536,0.038043,0.007147,0.976137,0.358741,-0.332573,9.860373,-0.005109,-0.016010,-0.015099,0.099180,-0.646509,-1.194275,100336.0000
1764073774874578605,2025-11-25 17:59:34.873,0.450123,2.280799,265.823608,0.040949,0.005299,0.977353,0.440428,-0.227701,9.793097,0.002759,-0.011982,-0.004140,0.098708,-0.647904,-1.192320,100332.0000
1764073774974552401,2025-11-25 17:59:34.973,0.479248,2.287056,265.875984,0.042897,0.006964,0.980504,0.663839,0.238955,9.817090,-0.000656,-0.011960,-0.010976,0.097734,-0.647939,-1.193750,100330.0000
1764073775074332530,2025-11-25 17:59:35.072,0.513307,2.288657,265.924698,0.046556,0.007561,0.979733,0.622023,0.129369,9.834348,0.001996,0.003332,-0.011028,0.099167,-0.650788,-1.193246,100329.0000
1764073775175125919,2025-11-25 17:59:35.173,0.547143,2.278906,265.975258,0.045069,0.008474,0.978424,0.624341,0.146104,9.786228,0.005795,0.013209,-0.007962,0.101587,-0.647911,-1.193326,100333.0000
1764073775275019512,2025-11-25 17:59:35.273,0.561825,2.255666,266.018936,0.037504,0.011331,0.974475,0.227079,-0.000981,9.710184,-0.002524,0.005846,0.001334,0.100137,-0.650763,-1.192298,100331.0000
1764073775374684697,2025-11-25 17:59:35.373,0.538018,2.232206,266.056541,0.036460,0.013408,0.975943,0.136573,-0.210575,9.557014,-0.004023,-0.002848,-0.000696,0.100637,-0.649298,-1.190883,100336.0000
1764073775474654104,2025-11-25 17:59:35.473,0.493742,2.235500,266.072250,0.034647,0.010437,0.977455,0.186161,-0.051658,9.781704,-0.007153,-0.008042,0.001019,0.101583,-0.647921,-1.193807,100326.0000
1764073775574953030,2025-11-25 17:59:35.573,0.459644,2.261332,266.090660,0.036664,0.008129,0.979003,0.266244,-0.060758,9.778707,0.004268,-0.013388,-0.005677,0.099181,-0.647922,-1.193290,100334.0000
1764073775674866493,2025-11-25 17:59:35.673,0.448703,2.329803,266.124611,0.041661,0.005472,0.980550,0.875216,0.026083,9.930849,0.011293,-0.014183,0.000500,0.098705,-0.648381,-1.192313,100339.0000
1764073775774535752,2025-11-25 17:59:35.773,0.466855,2.396743,266.151649,0.048990,0.006424,0.980624,0.449184,0.216724,9.773949,0.003668,-0.003136,-0.003691,0.102082,-0.647401,-1.191896,100330.0000
1764073775874566271,2025-11-25 17:59:35.873,0.495272,2.384121,266.173355,0.048812,0.008475,0.978560,0.542656,0.015221,9.661259,0.013470,0.015959,-0.016566,0.101566,-0.651265,-1.193756,100334.0000
1764073775974696215,2025-11-25 17:59:35.973,0.526666,2.301417,266.209412,0.043597,0.009941,0.976747,0.267048,0.201780,9.823090,0.007259,0.015062,-0.007894,0.103505,-0.650748,-1.192347,100331.0000
1764073776074220715,2025-11-25 17:59:36.072,0.541583,2.214294,266.253510,0.039547,0.011637,0.975917,0.285072,0.471069,9.741265,-0.000627,0.008919,-0.007251,0.104488,-0.648802,-1.190947,100334.0000
1764073776175933196,2025-11-25 17:59:36.173,0.533300,2.174872,266.297668,0.035066,0.010001,0.975803,0.182916,-0.036267,9.718879,0.002459,-0.000857,0.000594,0.106872,-0.649320,-1.193382,100328.0000
1764073776274656159,2025-11-25 17:59:36.273,0.519397,2.178765,266.346573,0.034722,0.009137,0.977924,0.482178,-0.282446,9.667260,-0.002533,-0.001684,-0.009514,0.105423,-0.648870,-1.194331,100324.0000
1764073776374679937,2025-11-25 17:59:36.373,0.507785,2.243702,266.393974,0.035414,0.007905,0.978687,0.410849,-0.015820,9.911595,-0.005590,-0.012827,-0.008901,0.105909,-0.648857,-1.193857,100334.0000
1764073776474543344,2025-11-25 17:59:36.473,0.513027,2.325119,266.430618,0.042928,0.005480,0.979345,0.527881,-0.011011,9.874954,0.006721,-0.009873,0.010421,0.105427,-0.651217,-1.192369,100338.0000
1764073776574819455,2025-11-25 17:59:36.573,0.539348,2.361930,266.457756,0.044205,0.009557,0.978778,0.624287,0.184449,9.781254,0.003578,0.000602,0.002917,0.103032,-0.649785,-1.191873,100332.0000
1764073776674614955,2025-11-25 17:59:36.673,0.557028,2.342393,266.525894,0.044637,0.014213,0.977401,0.496293,0.140270,9.842572,0.007819,0.000745,-0.012730,0.105438,-0.648361,-1.192894,100337.0000
1764073776774742437,2025-11-25 17:59:36.773,0.542591,2.295167,266.617065,0.043968,0.013629,0.977582,0.469581,0.229983,9.737147,-0.009023,0.003565,-0.022140,0.109770,-0.650222,-1.191484,100338.0000
1764073776874615807,2025-11-25 17:59:36.873,0.501733,2.268654,266.712402,0.039867,0.010535,0.976618,0.357895,0.239015,9.889199,-0.008191,-0.003747,-0.020616,0.106901,-0.647359,-1.191004,100333.0000
1764073776974606900,2025-11-25 17:59:36.973,0.456447,2.270959,266.817070,0.041652,0.006211,0.978817,0.395928,-0.196937,9.769672,-0.008865,0.004337,-0.015981,0.111214,-0.647858,-1.192987,100336.0000
1764073777074272362,2025-11-25 17:59:37.072,0.435188,2.292209,266.928047,0.040974,0.005047,0.977637,0.791304,0.336341,9.908544,0.001939,0.001190,-0.013117,0.111195,-0.649321,-1.194409,100330.0000
1764073777175933159,2025-11-25 17:59:37.173,0.436930,2.317654,267.036163,0.038641,0.004956,0.976142,0.356907,0.207667,9.755538,-0.000211,-0.010446,-0.015042,0.113609,-0.648345,-1.193978,100332.0000
1764073777276212881,2025-11-25 17:59:37.273,0.459237,2.336328,267.139198,0.042258,0.005192,0.977364,0.208593,-0.285675,9.600265,0.005133,-0.001744,-0.016693,0.114578,-0.647853,-1.193518,100335.0000
1764073777374647603,2025-11-25 17:59:37.373,0.491215,2.354465,267.227371,0.043175,0.007829,0.978025,0.413448,0.414152,9.627060,0.003518,-0.006738,-0.018681,0.117930,-0.648824,-1.194997,100337.0000
1764073777474596159,2025-11-25 17:59:37.473,0.518478,2.369433,267.303169,0.041723,0.006320,0.979145,0.174338,0.313493,9.678848,0.002923,-0.000143,-0.009998,0.117937,-0.648803,-1.194034,100333.0000
1764073777574610566,2025-11-25 17:59:37.573,0.542959,2.375582,267.374039,0.045588,0.007136,0.978735,0.338184,-0.124098,9.854428,0.007406,-0.000961,-0.004582,0.116509,-0.649714,-1.191591,100328.0000
1764073777674608677,2025-11-25 17:59:37.673,0.553856,2.357708,267.422478,0.045926,0.009888,0.979225,0.815856,-0.013503,10.062372,-0.006439,0.008245,-0.003739,0.118906,-0.652081,-1.191109,100334.0000
1764073777775091084,2025-11-25 17:59:37.773,0.549759,2.295527,267.466232,0.043222,0.010438,0.977429,0.485215,-0.181132,9.828626,0.001012,0.011152,-0.003045,0.117450,-0.649293,-1.194501,100332.0000
1764073777874961362,2025-11-25 17:59:37.873,0.538692,2.246714,267.508881,0.040348,0.011354,0.977287,0.334706,0.044518,9.672172,0.000225,0.004611,-0.014175,0.120316,-0.652634,-1.194974,100330.0000
1764073777975986936,2025-11-25 17:59:37.973,0.513806,2.226488,267.557388,0.037347,0.010326,0.976616,0.467150,0.209405,9.901427,-0.004207,-0.001601,-0.010818,0.122749,-0.650194,-1.193121,100336.0000
1764073778074195825,2025-11-25 17:59:38.072,0.489600,2.255628,267.612877,0.038302,0.007917,0.977981,0.337930,0.239328,9.753469,0.002843,-0.007083,-0.002978,0.121755,-0.653583,-1.194981,100330.0000
1764073778175598658,2025-11-25 17:59:38.173,0.487361,2.307297,267.671127,0.042437,0.005823,0.978817,0.425294,-0.241878,9.879316,0.000781,-0.009358,-0.010280,0.122746,-0.647847,-1.195083,100327.0000
1764073778274653473,2025-11-25 17:59:38.273,0.503305,2.334388,267.715729,0.045682,0.007043,0.978735,0.611654,0.349576,9.796511,0.010328,0.004100,-0.006050,0.121332,-0.647304,-1.191699,100334.0000
1764073778374855491,2025-11-25 17:59:38.373,0.527326,2.317008,267.752205,0.044255,0.007674,0.978053,0.451950,-0.180016,9.900470,0.008489,0.004064,-0.000159,0.124198,-0.649233,-1.193157,100334.0000
1764073778474548306,2025-11-25 17:59:38.473,0.555144,2.285355,267.781387,0.041125,0.008830,0.977395,0.532675,0.130248,9.752346,0.004721,0.009546,-0.006045,0.123717,-0.649235,-1.193150,100330.0000
1764073778574689973,2025-11-25 17:59:38.573,0.579796,2.259280,267.798180,0.042191,0.010098,0.977813,0.246352,-0.177524,9.692462,0.008598,0.006854,-0.002594,0.126598,-0.651122,-1.192681,100330.0000
1764073778674588102,2025-11-25 17:59:38.673,0.591847,2.209146,267.818199,0.040925,0.012779,0.977957,0.516061,0.322297,9.800689,-0.002978,0.000965,-0.009755,0.123722,-0.649692,-1.192180,100326.0000
1764073778774753750,2025-11-25 17:59:38.773,0.586289,2.178358,267.835373,0.038571,0.009709,0.978091,0.424863,-0.155500,9.988018,-0.000809,-0.000208,0.002924,0.124702,-0.647756,-1.191260,100328.0000
1764073778874758843,2025-11-25 17:59:38.873,0.580644,2.188270,267.847855,0.038340,0.010829,0.977140,0.244377,0.077215,9.566189,0.006530,-0.005670,-0.001607,0.124172,-0.653542,-1.193572,100328.0000
1764073778974788084,2025-11-25 17:59:38.973,0.568214,2.233734,267.857880,0.039546,0.010436,0.978239,0.466220,-0.281588,9.912948,-0.004224,-0.007562,-0.002965,0.126120,-0.651114,-1.192193,100326.0000
1764073779074212398,2025-11-25 17:59:39.072,0.558165,2.290564,267.874985,0.042689,0.009838,0.977090,0.621472,0.212308,9.825160,0.004202,-0.001033,0.003190,0.123206,-0.651198,-1.195520,100336.0000
1764073779174537991,2025-11-25 17:59:39.173,0.554043,2.335343,267.879517,0.043195,0.009232,0.976900,0.347059,-0.073272,9.736042,0.001171,-0.001703,-0.002100,0.123243,-0.649216,-1.192180,100334.0000
1764073779274680343,2025-11-25 17:59:39.273,0.557135,2.333315,267.885895,0.042832,0.010663,0.976585,0.152175,0.045801,9.715730,-0.004228,-0.000120,-0.007915,0.124206,-0.648267,-1.192690,100326.0000
1764073779374942065,2025-11-25 17:59:39.373,0.566034,2.317295,267.906456,0.043282,0.008923,0.977762,0.742438,0.135007,9.833812,-0.001432,-0.000818,0.004693,0.124190,-0.649253,-1.194120,100335.0000
1764073779474634176,2025-11-25 17:59:39.473,0.578223,2.325686,267.932838,0.043114,0.009385,0.978822,0.735440,0.326323,9.786418,0.002711,-0.010054,-0.004075,0.123228,-0.650670,-1.193120,100332.0000
1764073779574543935,2025-11-25 17:59:39.573,0.595664,2.327031,267.957367,0.047119,0.008836,0.980943,0.335496,-0.098990,9.978309,0.006172,0.003248,0.000759,0.127078,-0.649707,-1.193673,100330.0000
1764073779674884453,2025-11-25 17:59:39.673,0.602491,2.307832,267.976257,0.044170,0.011376,0.978189,0.203687,0.191390,9.529059,0.009023,0.009832,-0.002246,0.125656,-0.647772,-1.192237,100332.0000
1764073779774695657,2025-11-25 17:59:39.773,0.605265,2.282549,268.003693,0.040736,0.011616,0.976848,0.154661,0.138687,9.693362,-0.001005,0.003312,-0.013204,0.125157,-0.652063,-1.191683,100328.0000
1764073779874541583,2025-11-25 17:59:39.873,0.593283,2.276710,268.050072,0.042210,0.010646,0.975924,0.757735,-0.062593,9.999407,-0.003212,0.002613,-0.000146,0.125655,-0.647305,-1.192726,100328.0000
1764073779974661324,2025-11-25 17:59:39.973,0.573445,2.274069,268.100365,0.041684,0.011432,0.976577,0.266896,-0.299115,9.681556,0.000834,-0.005911,-0.011008,0.128994,-0.649252,-1.195153,100335.0000
1764073780074200379,2025-11-25 17:59:40.072,0.552803,2.275625,268.130219,0.042215,0.008133,0.978358,0.504286,0.029119,9.838696,-0.004838,0.001152,-0.006685,0.128977,-0.650237,-1.196583,100324.0000
1764073780175803657,2025-11-25 17:59:40.173,0.538709,2.280523,268.134544,0.043369,0.007719,0.978604,0.408774,-0.086978,9.591602,0.001599,0.000725,-0.001174,0.126103,-0.649275,-1.195592,100333.0000
1764073780274537546,2025-11-25 17:59:40.273,0.530352,2.281704,268.132988,0.041761,0.008759,0.978921,0.566778,0.196104,9.890699,-0.004006,-0.000794,-0.004657,0.128060,-0.648239,-1.192266,100332.0000
1764073780374550768,2025-11-25 17:59:40.373,0.544012,2.274556,268.143066,0.042827,0.006950,0.978520,0.478535,0.183173,9.749256,0.005582,0.003086,0.006342,0.128046,-0.647802,-1.194198,100335.0000
1764073780474648934,2025-11-25 17:59:40.473,0.565741,2.267717,268.151421,0.041934,0.008406,0.977242,0.021448,0.376625,9.678134,0.005427,-0.001149,-0.001998,0.129474,-0.651607,-1.193680,100338.0000
1764073780574707509,2025-11-25 17:59:40.573,0.581907,2.254671,268.170799,0.044472,0.010750,0.977918,0.291772,0.153414,9.740119,0.004355,0.002424,-0.006660,0.127559,-0.650650,-1.193184,100332.0000
1764073780675004101,2025-11-25 17:59:40.673,0.583078,2.252547,268.190041,0.042325,0.011461,0.977386,0.305281,0.100763,9.848171,0.004528,0.002728,-0.000048,0.129486,-0.650164,-1.193220,100326.0000
1764073780775217157,2025-11-25 17:59:40.773,0.560822,2.255653,268.185982,0.042069,0.011291,0.977232,0.477476,0.159948,9.844519,-0.002205,0.000925,0.000480,0.128038,-0.650180,-1.193680,100335.0000
1764073780874625879,2025-11-25 17:59:40.873,0.523426,2.275824,268.166504,0.038660,0.009082,0.977373,0.562612,-0.271859,10.017575,-0.006081,-0.010278,0.005649,0.129508,-0.648690,-1.191317,100334.0000
1764073780974617545,2025-11-25 17:59:40.973,0.501287,2.305171,268.138504,0.041897,0.008440,0.978484,0.518123,0.597387,9.787855,-0.005030,-0.004981,0.005844,0.127086,-0.649687,-1.192711,100333.0000
1764073781074218879,2025-11-25 17:59:41.073,0.505860,2.312869,268.112747,0.043166,0.005734,0.978700,0.368221,-0.066508,9.743546,0.005866,-0.004222,-0.000371,0.126117,-0.648766,-1.194155,100332.0000
1764073781175149508,2025-11-25 17:59:41.173,0.540384,2.308785,268.077522,0.046125,0.007551,0.978725,0.515821,0.009360,9.693164,0.008113,0.003465,0.005268,0.126126,-0.649214,-1.192704,100332.0000
1764073781274645953,2025-11-25 17:59:41.273,0.588011,2.278878,268.031013,0.044848,0.009344,0.978423,0.664048,0.470545,9.875433,0.012982,0.012502,0.008665,0.124224,-0.647749,-1.190772,100330.0000
1764073781374966545,2025-11-25 17:59:41.373,0.632775,2.075212,267.910835,0.041485,0.009214,0.980904,0.387026,0.339972,9.710102,0.010392,0.060533,0.036331,0.125138,-0.652115,-1.194090,100332.0000
1764073781474642526,2025-11-25 17:59:41.473,0.657804,1.581082,267.673622,0.026694,0.015168,0.981847,0.175254,-0.018294,9.875312,0.001559,0.102210,0.058240,0.127564,-0.651107,-1.192214,100334.0000
1764073781574718175,2025-11-25 17:59:41.573,0.658206,0.878894,267.316711,0.002804,0.018374,0.984914,-0.345048,0.349525,9.921658,0.005090,0.148653,0.078420,0.132374,-0.648260,-1.194255,100336.0000
1764073781674669360,2025-11-25 17:59:41.673,0.663591,0.107684,266.813614,-0.030546,0.017070,0.982750,-0.450701,-0.006119,9.894769,0.004769,0.116273,0.090049,0.131899,-0.648720,-1.193278,100334.0000
1764073781774699341,2025-11-25 17:59:41.773,0.715208,-0.483139,266.232162,-0.050952,0.013401,0.983497,-0.679777,-0.173212,9.826588,0.014347,0.091987,0.107083,0.129955,-0.650192,-1.194672,100341.0000
1764073781874633082,2025-11-25 17:59:41.873,0.814530,-1.062002,265.582466,-0.066436,0.021122,0.982777,-1.328381,0.768604,9.204910,0.017824,0.104796,0.092671,0.126096,-0.650708,-1.195570,100330.0000
1764073781974614434,2025-11-25 17:59:41.973,0.895793,-1.732482,264.722191,-0.122494,0.028760,0.971444,-1.693473,-1.263881,9.019750,-0.011557,0.115418,0.187272,0.120322,-0.653091,-1.194004,100334.0000
1764073782074245471,2025-11-25 17:59:42.073,0.824806,-2.326609,263.523743,-0.142352,0.038369,0.971632,-1.404015,-0.346211,9.684369,-0.061310,0.074008,0.243600,0.114085,-0.645528,-1.196436,100331.0000
1764073782175206508,2025-11-25 17:59:42.173,0.600536,-2.303062,262.270828,-0.157909,0.034054,0.967690,-2.098513,0.439303,9.081803,-0.048009,-0.071678,0.222347,0.098667,-0.643768,-1.200088,100335.0000
1764073782274776582,2025-11-25 17:59:42.273,0.428063,-1.699697,261.150475,-0.118784,0.010745,0.974038,-1.070239,-0.643755,9.957716,-0.045577,-0.126538,0.129814,0.078959,-0.640035,-1.199855,100329.0000
1764073782374674322,2025-11-25 17:59:42.373,0.486457,-0.994746,260.011848,-0.083997,-0.013257,0.974275,-0.579235,-0.808547,9.939656,0.044421,-0.131414,0.210898,0.054443,-0.636314,-1.199070,100330.0000
1764073782474772044,2025-11-25 17:59:42.473,0.639560,-0.292658,258.771553,-0.054109,0.011155,0.965336,-0.571223,0.059559,9.363441,0.052879,-0.102725,0.256635,0.033307,-0.634904,-1.195409,100330.0000
1764073782575076044,2025-11-25 17:59:42.573,0.674913,0.233155,257.451660,-0.030280,0.030610,0.969630,-1.036505,1.200992,8.708276,-0.008726,-0.049795,0.259159,0.012158,-0.632113,-1.194177,100330.0000
1764073782674711118,2025-11-25 17:59:42.673,0.588982,0.204853,255.924072,-0.013388,0.026546,0.983039,-0.382726,0.363781,9.548665,-0.017857,0.070959,0.286725,-0.009947,-0.625068,-1.194923,100330.0000
1764073782774750211,2025-11-25 17:59:42.773,0.424363,-0.100228,254.309990,-0.040209,0.010671,0.981470,-0.057309,-0.187357,9.940286,-0.014966,0.080517,0.296448,-0.025337,-0.618521,-1.198167,100328.0000
1764073782874607322,2025-11-25 17:59:42.873,0.274516,-0.328281,252.638130,-0.053617,0.007257,0.980461,-0.784832,0.730193,9.368603,-0.027282,0.029236,0.306961,-0.040719,-0.612421,-1.199960,100334.0000
1764073782974895822,2025-11-25 17:59:42.973,0.189582,-0.324330,250.846275,-0.052941,-0.006833,0.980698,-1.476349,-1.348996,9.224162,-0.004838,-0.030612,0.310992,-0.065687,-0.600612,-1.200736,100332.0000
1764073783074271489,2025-11-25 17:59:43.072,0.248561,-0.108751,248.866074,-0.034475,-0.014847,0.981585,-0.297973,-0.705139,9.884798,0.019603,-0.063578,0.365782,-0.094018,-0.591633,-1.199011,100336.0000
1764073783175233840,2025-11-25 17:59:43.173,0.416010,0.212992,246.693893,-0.010808,-0.007625,0.981054,0.364655,-0.164893,10.030903,0.037207,-0.053383,0.382586,-0.120920,-0.585514,-1.197264,100332.0000
1764073783274433303,2025-11-25 17:59:43.273,0.598078,0.500581,244.421219,0.008533,0.003728,0.977952,0.327327,0.197258,9.685537,0.031250,-0.040521,0.405435,-0.153079,-0.572253,-1.195548,100336.0000
1764073783374845007,2025-11-25 17:59:43.373,0.684042,0.704298,242.193085,0.020776,0.018434,0.977023,0.084949,0.114693,9.684991,0.006936,-0.010774,0.371343,-0.176557,-0.560315,-1.190569,100333.0000
1764073783474925655,2025-11-25 17:59:43.473,0.651220,0.732592,240.032150,0.027256,0.017546,0.978458,0.325784,-0.027614,9.881339,-0.010315,0.024561,0.364521,-0.201992,-0.548000,-1.189901,100336.0000
1764073783574907266,2025-11-25 17:59:43.573,0.581549,0.559731,237.895012,0.023410,0.010530,0.979369,-0.049372,0.229904,9.618654,-0.006612,0.045778,0.376749,-0.226480,-0.533363,-1.192654,100336.0000
1764073783674932266,2025-11-25 17:59:43.673,0.541939,0.287311,235.773010,0.009225,0.005715,0.980855,-0.191431,0.026408,9.764026,0.003994,0.044307,0.364925,-0.247586,-0.516790,-1.195004,100332.0000
1764073783774564340,2025-11-25 17:59:43.773,0.568370,0.041378,233.657166,-0.001898,0.004013,0.981117,-0.256196,-0.145765,9.847884,0.008158,0.028208,0.367282,-0.265796,-0.499707,-1.196442,100338.0000
1764073783874635229,2025-11-25 17:59:43.873,0.649163,-0.040649,231.512115,-0.010083,0.005836,0.979297,0.153481,0.183027,9.770343,0.015596,0.001244,0.381580,-0.287866,-0.482671,-1.199266,100332.0000
1764073783974573395,2025-11-25 17:59:43.973,0.723619,0.096125,229.326141,-0.011937,0.010353,0.976377,0.047536,0.093113,9.782034,0.011651,-0.032395,0.382931,-0.310352,-0.464051,-1.194885,100335.0000
1764073784074221284,2025-11-25 17:59:44.072,0.748929,0.384152,227.149338,-0.004055,0.014046,0.973791,-0.266352,0.000111,9.702353,0.004234,-0.051234,0.376033,-0.335244,-0.444497,-1.190964,100328.0000
1764073784175350599,2025-11-25 17:59:44.173,0.720030,0.694239,225.022812,0.010720,0.012689,0.974947,0.244490,-0.004210,9.724426,0.003294,-0.045469,0.368709,-0.355365,-0.425502,-1.191921,100328.0000
1764073784274901062,2025-11-25 17:59:44.273,0.657640,0.877841,222.945023,0.023088,0.011254,0.976905,-0.095947,0.026400,9.627178,-0.004382,-0.014376,0.363329,-0.376407,-0.406875,-1.187562,100332.0000
1764073784374697877,2025-11-25 17:59:44.373,0.634171,0.886936,220.858994,0.028793,0.006194,0.981014,0.265687,0.063756,9.689619,0.004974,0.013576,0.372247,-0.396531,-0.386945,-1.189496,100334.0000
1764073784475216080,2025-11-25 17:59:44.473,0.684794,0.740923,218.728287,0.026822,0.006726,0.983408,0.255229,0.235717,9.839016,0.022243,0.032650,0.378809,-0.412285,-0.364534,-1.188161,100332.0000
1764073784574709858,2025-11-25 17:59:44.573,0.772155,0.520296,216.562607,0.017556,0.007845,0.983971,-0.044832,-0.148174,9.808894,0.019918,0.041580,0.380999,-0.426150,-0.343153,-1.190691,100335.0000
1764073784674690969,2025-11-25 17:59:44.673,0.862046,0.318596,214.398041,0.009218,0.013211,0.980936,-0.088214,0.084766,9.629022,0.016925,0.034899,0.377495,-0.441457,-0.323658,-1.191727,100330.0000
1764073784774538025,2025-11-25 17:59:44.773,0.871810,0.228820,212.261169,-0.002730,0.018384,0.976651,-0.067659,0.110813,9.807175,-0.009122,0.013230,0.366606,-0.454337,-0.297495,-1.194344,100336.0000
1764073784874580487,2025-11-25 17:59:44.873,0.809895,0.249168,210.152512,-0.004193,0.014516,0.973922,0.058766,0.011025,9.845930,-0.010870,-0.003820,0.366695,-0.472520,-0.275157,-1.195863,100334.0000
1764073784974680950,2025-11-25 17:59:44.973,0.730153,0.358663,208.046295,-0.000710,0.009303,0.973245,0.057226,0.460673,9.680583,-0.009491,-0.023664,0.373212,-0.481965,-0.246447,-1.191827,100332.0000
1764073785074190154,2025-11-25 17:59:45.072,0.685377,0.514573,205.919128,0.004633,0.003404,0.975336,-0.255337,-0.325789,9.695040,0.010456,-0.029583,0.378019,-0.499187,-0.222692,-1.194344,100330.0000
1764073785176940432,2025-11-25 17:59:45.173,0.710256,0.651542,203.763412,0.013765,0.002854,0.977531,0.200766,-0.206218,9.810285,0.024420,-0.022465,0.394180,-0.509126,-0.195906,-1.190754,100334.0000
1764073785274905969,2025-11-25 17:59:45.273,0.789624,0.714226,201.602585,0.022230,0.007832,0.983161,0.342814,0.441702,9.808491,0.016261,0.004994,0.374829,-0.521982,-0.171095,-1.189498,100332.0000
1764073785375056691,2025-11-25 17:59:45.373,0.875261,0.697205,199.471237,0.018310,0.010947,0.983852,0.260616,0.019285,9.847119,0.022430,0.014577,0.360519,-0.531964,-0.146779,-1.189722,100330.0000
1764073785474396913,2025-11-25 17:59:45.473,0.909527,0.634528,197.417984,0.013904,0.016069,0.982195,-0.115762,0.067550,9.657795,0.003798,0.021790,0.357127,-0.541942,-0.121507,-1.189961,100330.0000
1764073785574747746,2025-11-25 17:59:45.573,0.884251,0.583685,195.427200,0.007700,0.017229,0.978591,0.031104,0.466083,9.612137,-0.003493,0.014111,0.340280,-0.546647,-0.098621,-1.191204,100338.0000
1764073785675890839,2025-11-25 17:59:45.674,0.822274,0.562058,193.425568,0.006153,0.011091,0.974494,0.326477,0.494119,9.695325,-0.004953,0.007083,0.354198,-0.551350,-0.073844,-1.193439,100330.0000
1764073785774583672,2025-11-25 17:59:45.773,0.787160,0.548755,191.368973,0.007781,0.009421,0.974525,0.223454,0.521730,9.659678,-0.009433,0.005417,0.363110,-0.559365,-0.045636,-1.190862,100324.0000
1764073785874647561,2025-11-25 17:59:45.873,0.793637,0.555494,189.281006,0.007327,0.005423,0.975530,-0.054729,0.067305,9.709632,0.010983,-0.002573,0.359776,-0.561643,-0.017027,-1.193191,100332.0000
1764073785974623116,2025-11-25 17:59:45.973,0.844147,0.592841,187.208954,0.008421,0.006289,0.979570,-0.047506,0.106854,9.644096,0.016894,-0.002428,0.363012,-0.566809,0.010624,-1.194982,100336.0000
1764073786074277209,2025-11-25 17:59:46.073,0.896543,0.666452,185.187088,0.009262,0.010978,0.982881,0.397621,0.559555,9.850898,0.011049,-0.004243,0.343815,-0.568594,0.034082,-1.192424,100334.0000
1764073786175074209,2025-11-25 17:59:46.173,0.925590,0.740084,183.203186,0.010848,0.008901,0.981500,-0.012780,0.023390,9.728096,0.016692,-0.005094,0.348464,-0.570367,0.061342,-1.190888,100336.0000
1764073786275718579,2025-11-25 17:59:46.274,0.930493,0.783863,181.239532,0.016476,0.014045,0.979493,0.430446,0.945277,9.689939,0.008297,0.004180,0.347539,-0.573604,0.085242,-1.189760,100334.0000
1764073786374745894,2025-11-25 17:59:46.373,0.912578,0.770035,179.291351,0.015745,0.014111,0.975368,0.219111,-0.081220,9.640107,-0.002184,0.006457,0.332944,-0.572996,0.111506,-1.190651,100338.0000
1764073786474827190,2025-11-25 17:59:46.473,0.892379,0.725274,177.333542,0.014367,0.011122,0.976977,-0.050148,-0.271604,10.002098,-0.004241,0.011918,0.343052,-0.571433,0.136809,-1.192023,100332.0000
1764073786574697283,2025-11-25 17:59:46.573,0.881938,0.674228,175.358963,0.011459,0.006970,0.978380,0.119276,0.368855,9.695545,0.014958,0.015409,0.368066,-0.568901,0.160724,-1.191462,100332.0000
1764073786675829320,2025-11-25 17:59:46.673,0.882672,0.638629,173.385818,0.010297,0.013575,0.978928,0.111543,0.255044,9.487088,0.007163,0.007231,0.338476,-0.566372,0.188399,-1.193848,100328.0000
1764073786774734820,2025-11-25 17:59:46.773,0.892364,0.628931,171.428940,0.005122,0.006313,0.982311,-0.164634,-0.331811,10.076647,-0.002153,0.007119,0.340392,-0.561914,0.213268,-1.193812,100328.0000
1764073786875307523,2025-11-25 17:59:46.873,0.904940,0.662286,169.478821,0.005168,0.006306,0.980013,0.010736,0.326292,9.795802,0.009612,-0.006893,0.356391,-0.560811,0.239098,-1.192777,100329.0000
1764073786974829597,2025-11-25 17:59:46.973,0.903654,0.734563,167.537308,0.009671,0.013223,0.974853,0.401090,0.245082,9.450282,0.006581,-0.010864,0.336273,-0.554446,0.263457,-1.194687,100330.0000
1764073787074213431,2025-11-25 17:59:47.072,0.891982,0.801550,165.591843,0.012576,0.010645,0.975877,0.000356,-0.173935,9.982142,-0.003941,-0.007216,0.337259,-0.548064,0.285031,-1.192702,100334.0000
1764073787174785171,2025-11-25 17:59:47.173,0.889673,0.841199,163.616837,0.015373,0.005615,0.978284,0.215323,-0.810662,9.920597,0.019185,0.002374,0.351957,-0.540712,0.311346,-1.192730,100334.0000
1764073787274661319,2025-11-25 17:59:47.273,0.888594,0.833486,161.625854,0.015387,0.013633,0.976942,0.425200,0.703317,9.467619,0.003382,0.010879,0.349269,-0.533835,0.338147,-1.192277,100330.0000
1764073787375537079,2025-11-25 17:59:47.373,0.888902,0.808288,159.658264,0.012355,0.009553,0.980148,0.018460,0.320255,9.913610,-0.000633,0.012000,0.333484,-0.523636,0.360125,-1.194689,100336.0000
1764073787474658949,2025-11-25 17:59:47.473,0.897511,0.803678,157.711670,0.009114,0.003458,0.983379,0.062472,-0.745987,10.161406,0.013701,0.004979,0.338084,-0.516782,0.384506,-1.195643,100332.0000
1764073787575315949,2025-11-25 17:59:47.573,0.911292,0.827706,155.770187,0.009287,0.009676,0.981185,0.194953,0.716157,9.648673,0.007729,-0.002437,0.346742,-0.505567,0.408989,-1.192811,100334.0000
1764073787675754226,2025-11-25 17:59:47.673,0.920736,0.870540,149.328903,0.013769,0.011309,0.976752,0.109380,0.800949,9.774297,0.004424,-0.001154,0.329360,-0.494416,0.428115,-1.194711,100334.0000
1764073787774702171,2025-11-25 17:59:47.773,0.921883,0.903865,132.363144,0.013128,0.004078,0.978289,0.114543,-0.788019,10.011181,0.013653,-0.002927,0.345546,-0.484187,0.452532,-1.194753,100330.0000
1764073787874738671,2025-11-25 17:59:47.873,0.910670,0.913540,121.382423,0.016325,0.013262,0.975721,0.787881,0.006318,9.618745,0.006173,0.008496,0.340634,-0.471077,0.475529,-1.194815,100328.0000
1764073787974834893,2025-11-25 17:59:47.973,0.894069,0.888267,119.418266,0.012498,0.013399,0.976517,-0.048176,0.540772,9.867363,-0.001952,0.011361,0.326302,-0.459903,0.499432,-1.196789,100330.0000
1764073788074169837,2025-11-25 17:59:48.072,0.878841,0.880660,117.486153,0.007992,0.003036,0.979715,-0.126514,-1.170954,9.944582,0.013375,0.003973,0.347769,-0.445859,0.517647,-1.197273,100334.0000
1764073788175455171,2025-11-25 17:59:48.173,0.870988,0.913538,115.567719,0.008504,0.012958,0.978250,0.372006,0.097813,9.442019,-0.001733,-0.002035,0.337712,-0.429361,0.539298,-1.193994,100337.0000
1764073788274682115,2025-11-25 17:59:48.273,0.859958,0.993300,113.667671,0.009709,0.010569,0.979231,-0.023347,0.306920,9.947515,-0.003137,-0.015607,0.323195,-0.414367,0.558898,-1.196922,100334.0000
1764073788374640837,2025-11-25 17:59:48.373,0.858347,1.107689,111.749680,0.016175,0.003353,0.979920,0.169678,0.577036,9.706501,0.013832,-0.016352,0.336789,-0.397897,0.578120,-1.195531,100330.0000
1764073788474767448,2025-11-25 17:59:48.473,0.867621,1.175928,109.843483,0.022876,0.009009,0.978843,0.189455,0.166244,9.915578,0.008819,0.004679,0.335159,-0.383369,0.595401,-1.195045,100330.0000
1764073788574584430,2025-11-25 17:59:48.573,0.883601,1.164053,107.959709,0.021379,0.007598,0.978627,0.135779,-0.134717,9.809517,0.011847,0.004429,0.334899,-0.369813,0.612180,-1.195500,100331.0000
1764073788675194337,2025-11-25 17:59:48.673,0.905819,1.127155,106.076561,0.020212,0.012463,0.976682,0.243236,-0.386304,9.632231,0.003963,0.014884,0.332545,-0.349535,0.630840,-1.198973,100332.0000
1764073788774440281,2025-11-25 17:59:48.773,0.914075,1.101528,104.198914,0.014277,0.012324,0.978487,-0.058035,0.496085,9.705298,0.008271,0.008908,0.326401,-0.332602,0.647187,-1.198027,100335.0000
1764073788874797800,2025-11-25 17:59:48.873,0.904338,1.091703,102.330826,0.015611,0.012835,0.979041,0.219474,0.041478,9.895590,0.002545,0.003777,0.314242,-0.313745,0.664955,-1.198094,100328.0000
1764073788974626818,2025-11-25 17:59:48.973,0.882735,1.095382,100.453163,0.014118,0.009695,0.980280,0.105023,0.741159,9.816703,-0.000471,0.003693,0.327967,-0.295399,0.679815,-1.200035,100332.0000
1764073789074161411,2025-11-25 17:59:49.072,0.858011,1.124824,98.575829,0.014190,0.006711,0.978458,0.022866,-0.496422,9.780079,0.013478,-0.005479,0.320128,-0.274618,0.696647,-1.199635,100332.0000
1764073789174685411,2025-11-25 17:59:49.173,0.839851,1.169314,96.685524,0.016521,0.008558,0.978425,0.350798,0.421409,9.632091,0.005169,-0.002299,0.329880,-0.257206,0.710161,-1.197208,100341.0000
1764073789274638040,2025-11-25 17:59:49.273,0.824013,1.200102,94.785469,0.018799,0.005087,0.977987,0.214129,-0.479078,9.824149,0.003748,0.002035,0.338893,-0.237443,0.723543,-1.201555,100341.0000
1764073789374646337,2025-11-25 17:59:49.373,0.811148,1.224061,92.867706,0.019544,0.011010,0.977176,0.242209,0.344755,9.607839,-0.001289,-0.001271,0.329591,-0.213764,0.740419,-1.199753,100334.0000
1764073789475039911,2025-11-25 17:59:49.473,0.792933,1.232125,90.960869,0.020746,0.006726,0.977382,0.255192,-0.357590,9.922482,0.004907,0.008211,0.329754,-0.192079,0.747204,-1.200176,100326.0000
1764073789574962485,2025-11-25 17:59:49.573,0.775859,1.240036,89.054741,0.018148,0.011070,0.979415,0.038408,1.164439,9.622152,0.005862,0.000098,0.329348,-0.170829,0.761650,-1.199746,100329.0000
1764073789675847059,2025-11-25 17:59:49.674,0.749934,1.250985,87.171028,0.020767,0.007557,0.978843,0.273154,0.249704,10.009487,-0.002761,0.005291,0.322065,-0.150566,0.771782,-1.199717,100337.0000
1764073789774590892,2025-11-25 17:59:49.773,0.731878,1.256053,85.284630,0.018207,0.003398,0.981645,-0.076169,0.144895,9.943047,0.012143,0.002530,0.343222,-0.127405,0.781957,-1.198287,100331.0000
1764073789874640873,2025-11-25 17:59:49.873,0.726083,1.250290,83.397629,0.018864,0.004275,0.979159,-0.092197,-0.409953,9.501272,0.007161,0.008132,0.340107,-0.103798,0.789686,-1.199715,100324.0000
1764073789974619373,2025-11-25 17:59:49.973,0.729443,1.223141,81.549408,0.019357,0.007333,0.979846,0.449402,0.006169,10.079227,0.009549,0.006426,0.314628,-0.082615,0.799243,-1.204507,100332.0000
1764073790074231410,2025-11-25 17:59:50.072,0.725600,1.183336,79.823418,0.019039,0.011045,0.977106,0.188672,0.033212,9.704535,0.009536,0.014332,0.291257,-0.059451,0.808484,-1.202099,100326.0000
1764073790175303910,2025-11-25 17:59:50.173,0.706115,1.127567,78.241173,0.018137,0.011902,0.976838,0.156827,0.221200,9.797133,-0.001566,0.014723,0.260656,-0.040181,0.817117,-1.204922,100326.0000
1764073790274721262,2025-11-25 17:59:50.273,0.673210,1.053241,76.789154,0.017270,0.009648,0.978303,0.161458,-0.172402,9.794071,0.005784,0.018262,0.247720,-0.020417,0.819188,-1.201874,100329.0000
1764073790374736540,2025-11-25 17:59:50.373,0.636071,0.970530,75.468277,0.014206,0.010136,0.978080,0.178745,0.140874,9.801946,-0.003798,0.010084,0.216424,-0.002096,0.826913,-1.202261,100329.0000
1764073790475067132,2025-11-25 17:59:50.473,0.599955,1.085645,74.345085,0.009214,0.009474,0.975324,0.184888,0.039407,9.749025,-0.002986,-0.040932,0.176060,0.011855,0.827911,-1.203445,100328.0000
1764073790574633095,2025-11-25 17:59:50.573,0.584591,1.393759,73.403214,0.022114,0.005670,0.976643,0.400629,0.233737,9.731074,0.010485,-0.070874,0.149809,0.020568,0.832330,-1.199788,100326.0000
1764073790676675521,2025-11-25 17:59:50.674,0.607223,2.006576,72.720612,0.040264,0.009872,0.969933,0.393804,0.176929,9.608318,0.004568,-0.151974,0.080895,0.021984,0.831320,-1.202683,100335.0000
1764073790774585558,2025-11-25 17:59:50.773,0.652246,3.224118,72.432823,0.082112,0.010471,0.968155,1.551723,0.136653,9.804749,0.012445,-0.242475,0.044189,0.016727,0.832333,-1.198768,100332.0000
1764073790874614058,2025-11-25 17:59:50.873,0.727491,4.454947,72.410881,0.149014,0.011791,0.975765,1.923913,-0.134938,9.841042,0.022885,-0.189345,-0.000614,0.005198,0.831387,-1.195694,100328.0000
1764073790975068595,2025-11-25 17:59:50.973,0.795076,5.320662,72.356194,0.196690,0.013673,0.974659,1.951474,-0.334292,9.770164,0.008361,-0.114087,0.025332,-0.003931,0.830909,-1.193626,100330.0000
1764073791074169706,2025-11-25 17:59:51.072,0.815956,5.617887,72.091362,0.224877,0.016811,0.975343,3.257032,0.074467,9.843773,0.008468,0.007930,0.073641,-0.002469,0.832379,-1.192226,100328.0000
1764073791174989558,2025-11-25 17:59:51.173,0.793218,5.206582,71.688042,0.220715,0.019384,0.971813,1.981838,0.330378,9.585019,-0.000831,0.130575,0.067425,0.005708,0.833351,-1.193324,100332.0000
1764073791275692058,2025-11-25 17:59:51.273,0.725129,4.303324,71.257660,0.179168,0.019091,0.965633,1.529437,-0.398335,9.808541,-0.011438,0.180305,0.073686,0.018683,0.834781,-1.196426,100328.0000
1764073791374555576,2025-11-25 17:59:51.373,0.638902,3.384176,70.815254,0.126783,0.018504,0.962596,1.051618,-0.168565,9.763166,-0.004701,0.143613,0.086075,0.032133,0.835726,-1.200010,100330.0000
1764073791474752798,2025-11-25 17:59:51.473,0.581287,2.831926,70.355515,0.089886,0.015371,0.965309,0.715201,-0.052732,9.788080,0.000690,0.056553,0.079170,0.045145,0.840083,-1.200268,100332.0000
1764073791574992817,2025-11-25 17:59:51.573,0.582951,2.818678,69.907059,0.072206,0.013572,0.968993,1.109722,0.117152,10.055156,0.010696,-0.044660,0.068635,0.050417,0.836753,-1.200776,100328.0000
1764073791677695502,2025-11-25 17:59:51.673,0.643626,3.327533,69.534973,0.082156,0.015178,0.972617,1.618697,-0.028156,10.044475,0.014842,-0.122109,0.055665,0.049949,0.840085,-1.201302,100331.0000
1764073791775274039,2025-11-25 17:59:51.773,0.713018,4.129197,69.241859,0.112190,0.015896,0.975967,0.521996,-0.174661,9.544070,0.013329,-0.157694,0.049894,0.045612,0.837219,-1.200231,100332.0000
1764073791875051854,2025-11-25 17:59:51.873,0.723985,4.781129,68.984848,0.158850,0.019309,0.978229,1.945083,0.526597,10.240561,-0.005788,-0.066315,0.045446,0.044665,0.839614,-1.199772,100332.0000
1764073791974785279,2025-11-25 17:59:51.973,0.663885,4.808449,68.735352,0.164611,0.017156,0.974206,1.348494,0.058705,9.780237,-0.009676,0.066034,0.044509,0.047072,0.838212,-1.198823,100334.0000
1764073792074165742,2025-11-25 17:59:52.072,0.566553,4.187364,68.513428,0.133017,0.012631,0.971693,0.347526,0.227997,9.434890,-0.009482,0.143618,0.035782,0.056245,0.840692,-1.196588,100326.0000
1764073792175830853,2025-11-25 17:59:52.173,0.488432,3.233429,68.308464,0.086609,0.010687,0.974892,0.759863,0.328524,9.807249,-0.011579,0.164121,0.028895,0.068258,0.842118,-1.199676,100332.0000
1764073792274674779,2025-11-25 17:59:52.273,0.476940,2.394461,68.069023,0.038624,0.004562,0.979722,0.566646,-0.356741,10.080503,0.014504,0.115707,0.042408,0.079334,0.842666,-1.198884,100327.0000
1764073792374939409,2025-11-25 17:59:52.373,0.539268,1.976188,67.788689,0.004858,0.007252,0.980790,0.310564,-0.310247,9.920194,0.019918,0.032697,0.053662,0.086525,0.842627,-1.202360,100333.0000
1764073792475274761,2025-11-25 17:59:52.473,0.645761,2.079824,67.479958,-0.000897,0.012976,0.979084,0.016813,0.352797,9.724960,0.011693,-0.043073,0.052029,0.090345,0.842095,-1.205780,100326.0000
1764073792574848372,2025-11-25 17:59:52.573,0.734967,2.525265,67.136551,0.022260,0.017858,0.977491,0.313372,0.443890,9.539325,0.017685,-0.084182,0.060140,0.089857,0.841605,-1.206246,100333.0000
1764073792675811020,2025-11-25 17:59:52.673,0.755998,2.976287,66.752686,0.050689,0.022085,0.975924,0.626255,0.397448,9.676805,-0.000378,-0.059380,0.071700,0.093730,0.844042,-1.204896,100327.0000
1764073792774741131,2025-11-25 17:59:52.773,0.710363,3.179467,66.336700,0.069636,0.021519,0.974772,0.648642,0.115275,9.792422,0.000452,-0.013122,0.076048,0.097591,0.842677,-1.202524,100329.0000
1764073792874786835,2025-11-25 17:59:52.873,0.648516,3.076029,65.910400,0.068604,0.017868,0.975590,0.366221,-0.095067,9.717604,-0.006976,0.038505,0.074802,0.101445,0.843650,-1.202595,100332.0000
1764073792974599186,2025-11-25 17:59:52.973,0.598508,2.785100,65.480858,0.057985,0.013752,0.979509,0.769767,0.386792,9.868793,-0.003113,0.056374,0.076484,0.109634,0.845597,-1.202746,100331.0000
1764073793074224075,2025-11-25 17:59:53.073,0.580987,2.469471,65.042679,0.040113,0.011108,0.980036,0.364237,0.021394,9.951148,0.010484,0.048549,0.076437,0.117805,0.846081,-1.204318,100330.0000
1764073793174681557,2025-11-25 17:59:53.173,0.600024,2.265813,64.579361,0.025101,0.012563,0.978333,0.154471,0.371903,9.704244,0.006584,0.015151,0.085050,0.126951,0.844719,-1.202987,100328.0000
1764073793274998075,2025-11-25 17:59:53.273,0.635217,2.297620,64.081367,0.016138,0.016791,0.977527,0.583819,-0.035720,9.895157,0.008222,-0.030228,0.088400,0.132710,0.843292,-1.204013,100332.0000
1764073793375372982,2025-11-25 17:59:53.373,0.665423,2.533184,63.553749,0.026587,0.019750,0.977310,0.421150,0.296507,9.619016,0.006922,-0.042840,0.089225,0.136580,0.846663,-1.203640,100325.0000
1764073793474803408,2025-11-25 17:59:53.473,0.654344,2.841857,63.013832,0.040041,0.021715,0.976268,0.460885,0.458101,9.721658,-0.001972,-0.049238,0.101187,0.142823,0.846661,-1.205177,100331.0000
1764073793575494742,2025-11-25 17:59:53.573,0.622584,3.051145,62.474033,0.054748,0.020545,0.975826,0.256133,0.229001,9.697246,0.008562,-0.026302,0.093200,0.147645,0.847180,-1.204293,100328.0000
1764073793674761390,2025-11-25 17:59:53.673,0.586074,3.148776,61.934059,0.057312,0.019239,0.976919,0.591247,-0.300062,10.079899,0.000511,-0.005427,0.091705,0.154371,0.845300,-1.204363,100328.0000
1764073793774680093,2025-11-25 17:59:53.773,0.563125,3.156659,61.382965,0.054846,0.017125,0.977132,0.491954,0.016370,9.882486,0.001584,0.003739,0.101676,0.160623,0.846263,-1.205433,100334.0000
1764073793874584797,2025-11-25 17:59:53.873,0.570552,3.114481,60.822235,0.052485,0.017214,0.980028,0.975453,0.429678,9.948370,0.012036,0.010419,0.091920,0.168329,0.847731,-1.205568,100329.0000
1764073793974477982,2025-11-25 17:59:53.972,0.598619,3.045509,60.249050,0.049430,0.017938,0.979614,1.049787,0.344887,9.880717,0.015643,0.017004,0.104079,0.174574,0.845848,-1.205631,100328.0000
1764073794074220482,2025-11-25 17:59:54.072,0.633823,2.980993,59.691990,0.041330,0.020056,0.976448,0.186431,0.347092,9.677059,0.021511,0.010631,0.098865,0.184187,0.846806,-1.207714,100326.0000
1764073794175213463,2025-11-25 17:59:54.173,0.653136,2.967121,59.168865,0.038285,0.022311,0.974907,0.194421,0.071536,9.817698,0.012539,-0.004599,0.089659,0.189952,0.843508,-1.206785,100328.0000
1764073794274911630,2025-11-25 17:59:54.273,0.632269,2.997634,58.666462,0.042548,0.022278,0.976610,0.473019,-0.172018,9.956945,-0.002671,-0.009232,0.096306,0.197165,0.841173,-1.205893,100329.0000
1764073794375278963,2025-11-25 17:59:54.373,0.576960,3.072525,58.182419,0.042932,0.021433,0.977480,0.314767,-0.187859,9.947540,-0.004412,-0.021830,0.082569,0.203419,0.844972,-1.208450,100328.0000
1764073794474700259,2025-11-25 17:59:54.473,0.528892,3.181190,57.732414,0.048032,0.017903,0.978482,0.838134,-0.296310,9.970986,-0.005191,-0.021942,0.072010,0.206312,0.843115,-1.206538,100328.0000
1764073794574939593,2025-11-25 17:59:54.573,0.510155,3.233696,57.306686,0.059065,0.014041,0.979008,0.605789,0.242980,9.706742,-0.001827,0.005010,0.072891,0.211143,0.844599,-1.205187,100330.0000
1764073794675577704,2025-11-25 17:59:54.673,0.526025,3.213792,56.871330,0.050328,0.012808,0.976582,0.327348,0.480552,9.598223,0.011093,0.011601,0.070841,0.219776,0.842209,-1.207204,100330.0000
1764073794775044815,2025-11-25 17:59:54.773,0.542097,3.160123,56.403622,0.044497,0.012673,0.978125,0.021861,0.129198,9.600292,0.008545,0.004990,0.090797,0.225531,0.842185,-1.209697,100330.0000
1764073794874644019,2025-11-25 17:59:54.873,0.538708,3.087681,55.901703,0.047004,0.019524,0.977012,0.652645,0.219087,9.977188,0.004696,0.008192,0.092728,0.232306,0.845620,-1.206959,100328.0000
1764073794974619593,2025-11-25 17:59:54.973,0.510727,2.990219,55.417744,0.046157,0.019444,0.976843,0.426488,-0.492372,9.968307,-0.002272,0.018204,0.081608,0.240461,0.841347,-1.207496,100326.0000
1764073795074173315,2025-11-25 17:59:55.073,0.497946,2.954017,54.963566,0.038399,0.015569,0.978850,0.441909,-0.036661,10.024754,0.015135,0.008297,0.083010,0.247176,0.840381,-1.209506,100330.0000
1764073795174873537,2025-11-25 17:59:55.173,0.505538,2.983113,54.539341,0.040022,0.014320,0.979049,0.282236,0.373067,9.721986,0.007782,-0.008001,0.073667,0.251029,0.838051,-1.207601,100332.0000
1764073795274654740,2025-11-25 17:59:55.273,0.526913,3.014975,54.132004,0.044689,0.014727,0.977826,0.441942,0.040533,9.622846,0.005275,-0.007176,0.067481,0.256325,0.840910,-1.209167,100326.0000
1764073795374650240,2025-11-25 17:59:55.373,0.537782,3.024473,53.741787,0.047390,0.016631,0.976657,1.039655,0.636582,9.724833,0.010738,0.000919,0.069737,0.261147,0.840017,-1.207298,100331.0000
1764073795474680444,2025-11-25 17:59:55.473,0.532939,3.052341,53.398151,0.045764,0.017789,0.977728,0.509453,0.710041,9.542875,-0.004923,0.003136,0.050828,0.265937,0.839510,-1.209769,100331.0000
1764073795574647129,2025-11-25 17:59:55.573,0.521936,3.047984,53.089306,0.049159,0.013452,0.977745,0.245293,-0.167372,9.742582,-0.005221,0.008693,0.048491,0.269305,0.839525,-1.209819,100331.0000
1764073795674701111,2025-11-25 17:59:55.673,0.514165,2.994918,52.783215,0.048079,0.012256,0.976828,0.568447,-0.571276,9.984675,0.008434,0.017980,0.052027,0.275062,0.836207,-1.209853,100326.0000
1764073795774823629,2025-11-25 17:59:55.773,0.522000,2.927563,52.478802,0.040239,0.012798,0.977164,0.291324,-0.320310,10.022098,0.009378,0.011798,0.057924,0.276522,0.837200,-1.208444,100324.0000
1764073795874618685,2025-11-25 17:59:55.873,0.545480,2.923664,52.162292,0.035781,0.015001,0.977611,0.279888,0.612135,9.681261,0.012646,-0.002977,0.065638,0.281817,0.836289,-1.207545,100330.0000
1764073795974795722,2025-11-25 17:59:55.973,0.568965,2.952786,51.854679,0.039690,0.018656,0.977933,0.477799,0.412171,9.791328,0.000757,-0.003668,0.043015,0.286125,0.834834,-1.209513,100326.0000
1764073796074315647,2025-11-25 17:59:56.073,0.588422,3.005860,51.546921,0.041233,0.012115,0.977663,0.467736,-0.471345,10.066366,0.004980,-0.003798,0.067282,0.289004,0.834827,-1.210518,100321.0000
1764073796174737055,2025-11-25 17:59:56.173,0.579109,3.048391,51.255718,0.041619,0.020128,0.978311,0.233461,0.513244,9.635041,0.001096,-0.004867,0.035778,0.292845,0.833879,-1.211042,100330.0000
1764073796274794481,2025-11-25 17:59:56.273,0.556301,3.109704,50.988346,0.044645,0.013886,0.977664,0.643291,0.270510,9.882875,0.000396,-0.004442,0.043653,0.295226,0.830525,-1.211989,100330.0000
1764073796374754962,2025-11-25 17:59:56.373,0.539916,3.153359,50.749870,0.050237,0.013832,0.976166,1.060980,-0.109153,9.990461,-0.001333,0.000419,0.042711,0.295725,0.834816,-1.212543,100326.0000
1764073796474523832,2025-11-25 17:59:56.473,0.519266,3.138028,50.536304,0.049433,0.013122,0.975755,0.576784,0.155851,9.763972,-0.000704,0.007571,0.029282,0.298612,0.833417,-1.211601,100330.0000
1764073796574833017,2025-11-25 17:59:56.573,0.497946,3.082032,50.368629,0.046346,0.011078,0.975977,0.459074,0.430657,9.831059,0.000592,0.013982,0.019454,0.302945,0.833914,-1.211673,100325.0000
1764073796675517277,2025-11-25 17:59:56.673,0.483859,3.037920,50.242271,0.041932,0.008694,0.976704,0.409926,0.373575,9.643135,0.001675,0.005227,0.016709,0.307267,0.832968,-1.212204,100332.0000
1764073796774562758,2025-11-25 17:59:56.773,0.477348,3.035480,50.134502,0.041892,0.007106,0.979090,0.558411,0.471358,9.814057,-0.001676,-0.002996,0.012380,0.308720,0.832527,-1.210773,100325.0000
1764073796875325314,2025-11-25 17:59:56.873,0.484009,3.080298,50.027718,0.041067,0.007225,0.979606,0.189169,-0.117326,9.642761,0.008753,-0.018295,0.026750,0.306796,0.831106,-1.209760,100328.0000
1764073796975010591,2025-11-25 17:59:56.973,0.488043,3.153751,49.917362,0.045990,0.011184,0.979045,0.509650,0.020624,9.660680,-0.002709,-0.015161,0.012903,0.307284,0.832541,-1.209789,100331.0000
1764073797074177258,2025-11-25 17:59:57.072,0.510773,3.196856,49.827618,0.050298,0.007594,0.979333,0.651427,-0.288543,9.859314,0.006360,-0.006252,0.015307,0.308698,0.830586,-1.212188,100328.0000
1764073797174973017,2025-11-25 17:59:57.173,0.547114,3.193200,49.755112,0.047951,0.010509,0.976381,0.522741,-0.191669,9.647698,0.006666,0.000957,0.013204,0.311096,0.829631,-1.212690,100324.0000
1764073797274743165,2025-11-25 17:59:57.273,0.577022,3.171091,49.662258,0.047072,0.012902,0.978627,0.615803,0.087506,9.856976,0.007792,0.005353,0.008136,0.312553,0.831559,-1.212260,100329.0000
1764073797375227424,2025-11-25 17:59:57.373,0.590031,3.132017,49.579792,0.047545,0.013704,0.976015,0.368647,0.032150,9.482367,0.002663,0.005177,0.012045,0.311586,0.831544,-1.212727,100330.0000
1764073797475066739,2025-11-25 17:59:57.473,0.581233,3.090915,49.532135,0.046439,0.013754,0.976399,0.465566,0.348634,9.741080,-0.006016,0.004086,0.002613,0.313505,0.829652,-1.212245,100330.0000
1764073797574975035,2025-11-25 17:59:57.573,0.549922,3.069763,49.476974,0.042813,0.011902,0.975033,0.331936,0.227488,9.686425,0.002957,-0.001565,0.014820,0.314472,0.830612,-1.212274,100327.0000
1764073797674575591,2025-11-25 17:59:57.673,0.524751,3.083821,49.401203,0.043230,0.008610,0.976462,0.541811,-0.018743,9.652287,0.000067,-0.010125,0.019634,0.317368,0.831591,-1.211849,100330.0000
1764073797775071220,2025-11-25 17:59:57.773,0.516084,3.130676,49.314941,0.045158,0.010708,0.978144,0.276743,-0.118298,9.673491,0.002559,-0.009267,0.010055,0.317843,0.829692,-1.211346,100333.0000
1764073797874715313,2025-11-25 17:59:57.873,0.513706,3.183560,49.246662,0.045007,0.010912,0.978688,0.487330,0.448504,9.783165,0.000518,-0.006414,0.015576,0.316388,0.829655,-1.212769,100322.0000
1764073797974607369,2025-11-25 17:59:57.973,0.522343,3.239768,49.190701,0.046636,0.009615,0.978514,0.173719,0.463052,9.612914,0.003108,-0.009481,0.013149,0.314954,0.829201,-1.211296,100333.0000
1764073798074293628,2025-11-25 17:59:58.072,0.532712,3.266648,49.143806,0.053030,0.009118,0.980905,0.431042,0.050526,9.764064,0.007499,-0.005805,-0.000538,0.316397,0.830620,-1.212302,100333.0000
1764073798175241998,2025-11-25 17:59:58.173,0.544858,3.233455,49.104198,0.054069,0.007543,0.977237,0.690282,-0.205642,9.937439,0.005652,0.013251,0.011721,0.318799,0.829208,-1.211834,100330.0000
1764073798274653128,2025-11-25 17:59:58.273,0.564593,3.164112,49.079258,0.047735,0.010626,0.975217,0.349969,0.102274,9.670173,0.002505,0.012635,-0.001767,0.318789,0.832481,-1.215255,100334.0000
1764073798374728831,2025-11-25 17:59:58.373,0.584404,3.103837,49.071095,0.043021,0.011545,0.977432,0.076903,0.100691,9.702977,0.004458,0.009484,-0.005887,0.319773,0.830656,-1.211389,100322.0000
1764073798474832146,2025-11-25 17:59:58.473,0.604667,3.080253,49.098942,0.040934,0.008900,0.975776,0.448312,-0.301516,9.719619,0.009631,-0.002387,0.000595,0.318794,0.829666,-1.212804,100328.0000
1764073798575141776,2025-11-25 17:59:58.573,0.599724,3.105279,49.152351,0.041194,0.011794,0.978286,0.799732,0.375154,10.063644,-0.006587,-0.007882,-0.003477,0.320249,0.829703,-1.211381,100334.0000
1764073798674767164,2025-11-25 17:59:58.673,0.575935,3.169493,49.231827,0.043062,0.010432,0.977202,0.380990,0.313434,9.671854,-0.002839,-0.011858,-0.016197,0.317360,0.831570,-1.212812,100326.0000
1764073798774642794,2025-11-25 17:59:58.773,0.557974,3.233553,49.327774,0.049296,0.006237,0.978061,0.606209,-0.065994,9.718527,-0.005420,-0.008620,-0.020699,0.313023,0.830118,-1.212726,100329.0000
1764073798874720553,2025-11-25 17:59:58.873,0.563338,3.264699,49.432354,0.049414,0.006870,0.977712,0.519653,0.056548,9.824632,0.006281,0.001376,-0.016349,0.314969,0.828297,-1.208874,100328.0000
1764073798974912349,2025-11-25 17:59:58.973,0.574879,3.241066,49.563591,0.050789,0.007083,0.977689,0.340797,0.200230,9.659461,0.008378,0.006480,-0.018627,0.312537,0.829160,-1.212704,100328.0000
1764073799074240868,2025-11-25 17:59:59.073,0.579246,3.197797,49.706345,0.048370,0.006010,0.978267,0.635797,0.218891,9.840848,-0.001756,0.010166,-0.021105,0.310125,0.828661,-1.213143,100323.0000
1764073799175167683,2025-11-25 17:59:59.173,0.576866,3.150301,49.878448,0.043500,0.006698,0.976709,0.291110,0.196261,9.777431,0.005701,0.000864,-0.028369,0.305811,0.828215,-1.210665,100328.0000
1764073799274687497,2025-11-25 17:59:59.273,0.557692,3.135737,50.077133,0.042747,0.007080,0.978621,0.176144,0.105268,9.570629,-0.009741,-0.005748,-0.037544,0.306315,0.832049,-1.210249,100332.0000
1764073799374439405,2025-11-25 17:59:59.373,0.550075,3.150089,50.286812,0.046865,0.001741,0.979448,0.531286,0.090831,9.810138,0.000596,0.003155,-0.029107,0.304398,0.833473,-1.210242,100337.0000
1764073799474704923,2025-11-25 17:59:59.473,0.572288,3.142473,50.499695,0.048006,0.001144,0.975911,0.526349,0.347527,9.642041,0.002057,0.006784,-0.022692,0.301512,0.834405,-1.210696,100322.0000
1764073799575197905,2025-11-25 17:59:59.573,0.607351,3.097932,50.719124,0.048172,0.005703,0.976627,0.361591,0.525542,9.751245,0.002687,0.010235,-0.040800,0.298122,0.833862,-1.213046,100328.0000
1764073799674436127,2025-11-25 17:59:59.673,0.623044,3.061890,50.927982,0.041281,0.004536,0.978380,0.352710,-0.138307,9.932509,0.002087,0.001854,-0.034412,0.295240,0.833391,-1.212033,100337.0000
1764073799775286034,2025-11-25 17:59:59.773,0.627673,3.055148,51.122623,0.039501,0.008229,0.976848,0.168685,0.073164,9.648312,-0.003030,-0.000006,-0.034922,0.294766,0.833877,-1.211552,100330.0000
1764073799874843201,2025-11-25 17:59:59.872,0.622813,3.044395,51.298664,0.039004,0.005402,0.978153,0.238314,0.115571,9.829602,0.004114,-0.001282,-0.029797,0.290922,0.833403,-1.210525,100326.0000
1764073799974692756,2025-11-25 17:59:59.973,0.614108,3.064534,51.454910,0.041018,0.005000,0.979404,0.628421,-0.296085,9.966967,-0.000069,-0.004375,-0.020684,0.290447,0.836246,-1.211524,100336.0000
1764073800074216627,2025-11-25 18:00:00.073,0.607594,3.086125,51.603817,0.045325,0.007464,0.979910,0.447616,0.308165,9.986585,-0.000430,-0.006951,-0.029316,0.285649,0.835788,-1.209521,100329.0000
1764073800175175701,2025-11-25 18:00:00.173,0.612921,3.075523,51.795410,0.051080,0.004690,0.975651,0.511954,-0.120510,9.731970,0.007328,0.004957,-0.036866,0.283246,0.837200,-1.209988,100331.0000
1764073800274699367,2025-11-25 18:00:00.273,0.615669,3.018318,51.998829,0.046872,0.003894,0.975081,0.220967,0.188044,9.518201,-0.005334,0.005996,-0.027945,0.283253,0.838633,-1.210010,100331.0000
1764073800374573904,2025-11-25 18:00:00.373,0.611666,2.950589,52.180061,0.041351,0.003890,0.978607,0.454670,-0.279366,9.830664,-0.004465,0.006105,-0.033718,0.278933,0.839111,-1.208990,100332.0000
1764073800474634441,2025-11-25 18:00:00.473,0.610992,2.886642,52.351788,0.040373,0.004409,0.977853,0.324171,-0.211705,9.560247,0.001994,0.009837,-0.023955,0.277957,0.837186,-1.209429,100327.0000
1764073800575016885,2025-11-25 18:00:00.573,0.612381,2.832282,52.535294,0.040178,0.005284,0.977980,0.468440,0.242824,9.815645,0.002416,0.004711,-0.035106,0.275568,0.838161,-1.207963,100327.0000
1764073800675021608,2025-11-25 18:00:00.673,0.609241,2.809522,52.727249,0.036071,0.005336,0.979135,0.435248,0.116051,9.696836,-0.000377,-0.003877,-0.036656,0.275061,0.837620,-1.210837,100329.0000
1764073800774562867,2025-11-25 18:00:00.773,0.602255,2.822403,52.903950,0.039031,0.003692,0.978161,0.459784,0.069704,9.888190,0.006043,-0.002838,-0.025739,0.270748,0.840944,-1.210824,100323.0000
1764073800874595293,2025-11-25 18:00:00.873,0.603810,2.824704,53.055939,0.040443,0.004232,0.977611,0.362045,-0.015877,9.808530,-0.004629,0.006037,-0.023539,0.269797,0.838613,-1.207886,100326.0000
1764073800974628922,2025-11-25 18:00:00.973,0.604822,2.806837,53.164204,0.037682,0.007137,0.976432,0.414382,0.474410,9.823626,-0.007015,-0.001241,-0.025790,0.267851,0.836663,-1.209272,100327.0000
1764073801074313644,2025-11-25 18:00:01.073,0.596684,2.813554,53.254246,0.036928,0.006227,0.979234,0.418520,0.015883,9.766010,-0.005341,-0.007796,-0.010429,0.267853,0.839498,-1.210760,100330.0000
1764073801174917181,2025-11-25 18:00:01.173,0.600528,2.833324,53.344826,0.042652,0.007168,0.978647,0.467030,0.066569,9.775271,0.007038,-0.001992,-0.028444,0.265949,0.840486,-1.208820,100331.0000
1764073801274608755,2025-11-25 18:00:01.273,0.625454,2.824069,53.451946,0.042864,0.005623,0.976317,0.416596,0.245346,9.892617,0.008418,0.004591,-0.013658,0.264011,0.840914,-1.210725,100324.0000
1764073801374598163,2025-11-25 18:00:01.373,0.658231,2.810818,53.589588,0.039792,0.008424,0.976447,0.114514,0.303553,9.655924,0.000174,0.001610,-0.022594,0.263552,0.841441,-1.208318,100326.0000
1764073801474763885,2025-11-25 18:00:01.473,0.676097,2.827387,53.745468,0.039799,0.010246,0.976209,0.660484,0.205338,9.793686,-0.001224,-0.004930,-0.037292,0.259677,0.838527,-1.209661,100331.0000
1764073801574683607,2025-11-25 18:00:01.573,0.670495,2.851876,53.913242,0.038431,0.006195,0.976782,0.434106,0.113519,9.683371,-0.001079,-0.006122,-0.032833,0.259693,0.839513,-1.208232,100328.0000
1764073801675268440,2025-11-25 18:00:01.673,0.650216,2.863291,54.076290,0.038498,0.008391,0.978021,0.350763,0.109887,9.752876,-0.016426,-0.014326,-0.027843,0.256783,0.839439,-1.211078,100330.0000
1764073801774869755,2025-11-25 18:00:01.773,0.626638,2.907738,54.231037,0.041175,0.004754,0.981270,0.416497,-0.056170,9.865943,0.003887,-0.011693,-0.023858,0.252956,0.842308,-1.210102,100326.0000
1764073801874674274,2025-11-25 18:00:01.873,0.622134,2.936313,54.408936,0.046318,0.002865,0.978415,0.562182,-0.334973,9.647779,0.000987,-0.003164,-0.023252,0.251518,0.840431,-1.208126,100324.0000
1764073801974756551,2025-11-25 18:00:01.973,0.638699,2.920274,54.592884,0.047870,0.006352,0.978745,0.247025,0.122859,9.790741,0.000895,0.007177,-0.031496,0.249591,0.841358,-1.209075,100331.0000
1764073802074221125,2025-11-25 18:00:02.072,0.652552,2.858038,54.776196,0.045114,0.004185,0.978280,0.537338,0.170774,9.798230,-0.000511,0.013443,-0.024389,0.245760,0.841859,-1.207100,100332.0000
1764073802174633940,2025-11-25 18:00:02.173,0.651454,2.778320,54.948143,0.039953,0.005187,0.976689,0.277520,0.024005,9.634785,-0.001848,0.012984,-0.030702,0.244294,0.841324,-1.209478,100329.0000
1764073802275183718,2025-11-25 18:00:02.273,0.652805,2.705746,55.084187,0.037616,0.006104,0.975559,0.482202,-0.114030,9.700827,-0.001381,0.010765,-0.028556,0.242381,0.841346,-1.208005,100328.0000
1764073802375172477,2025-11-25 18:00:02.373,0.638455,2.668863,55.206799,0.034488,0.007149,0.977305,0.471219,0.012928,9.878745,-0.004386,0.008534,-0.010294,0.243348,0.842305,-1.208034,100326.0000
1764073802475283014,2025-11-25 18:00:02.473,0.622688,2.691685,55.332829,0.034366,0.008804,0.980447,0.305694,0.063374,9.826978,0.001319,-0.002868,-0.031785,0.238520,0.842710,-1.210377,100326.0000
1764073802574584329,2025-11-25 18:00:02.573,0.618260,2.752631,55.489296,0.036605,0.005518,0.977915,0.431820,-0.041229,9.581861,-0.004860,-0.016434,-0.025419,0.238053,0.841804,-1.207949,100335.0000
1764073802674635273,2025-11-25 18:00:02.673,0.626591,2.821992,55.657192,0.042835,0.003610,0.978557,0.205678,0.180257,9.526620,0.006243,-0.007863,-0.029135,0.235181,0.842299,-1.206469,100330.0000
1764073802775524014,2025-11-25 18:00:02.773,0.644333,2.878864,55.807175,0.046506,0.006142,0.978941,0.407479,-0.039143,9.652744,0.004424,-0.014716,-0.027255,0.232761,0.841780,-1.207870,100331.0000
1764073802874420921,2025-11-25 18:00:02.873,0.661041,2.856963,55.943459,0.048054,0.007308,0.977056,0.395318,0.164838,9.890939,0.002162,0.008020,-0.027208,0.232275,0.843180,-1.209329,100330.0000
1764073802974570754,2025-11-25 18:00:02.973,0.666126,2.766074,56.076363,0.045810,0.006906,0.975459,0.477374,-0.078235,9.769218,-0.000855,0.013028,-0.027648,0.232279,0.843190,-1.208848,100328.0000
1764073803074192365,2025-11-25 18:00:03.072,0.667055,2.668009,56.188530,0.037618,0.007230,0.977298,0.333063,-0.349756,9.742186,0.002452,0.015487,-0.009965,0.227970,0.843700,-1.206385,100330.0000
1764073803175187291,2025-11-25 18:00:03.173,0.663756,2.622822,56.276039,0.034326,0.007961,0.977372,0.378274,0.268171,9.909111,-0.007503,-0.000131,-0.013865,0.228923,0.844151,-1.207850,100330.0000
1764073803274591476,2025-11-25 18:00:03.273,0.656376,2.659037,56.351521,0.032563,0.007109,0.977713,0.143831,-0.121727,9.705852,-0.004268,-0.017376,-0.011780,0.228923,0.844151,-1.207850,100330.0000
1764073803375153106,2025-11-25 18:00:03.373,0.650510,2.740566,56.413769,0.037025,0.009996,0.978733,0.571965,0.397987,9.885810,-0.003747,-0.017749,-0.018165,0.227011,0.844173,-1.206378,100333.0000
1764073803474636921,2025-11-25 18:00:03.473,0.634065,2.844542,56.482857,0.039882,0.007317,0.977948,0.311880,0.130273,9.615343,-0.000878,-0.023369,-0.010950,0.223141,0.845518,-1.209712,100333.0000
1764073803575002365,2025-11-25 18:00:03.573,0.626238,2.927909,56.560570,0.049660,0.006645,0.978780,0.393633,-0.269210,9.618711,0.003734,-0.008533,-0.005816,0.222659,0.844570,-1.209209,100332.0000
1764073803674919365,2025-11-25 18:00:03.673,0.635052,2.917014,56.625450,0.052950,0.008815,0.976063,0.516424,0.277519,9.762981,-0.006651,0.010436,-0.012539,0.220271,0.845078,-1.207255,100326.0000
1764073803775099513,2025-11-25 18:00:03.773,0.649133,2.832772,56.707306,0.046165,0.006778,0.976748,0.568576,0.078099,9.747659,0.007999,0.016227,-0.007972,0.218823,0.844116,-1.207219,100330.0000
1764073803874617495,2025-11-25 18:00:03.873,0.663660,2.781258,56.797310,0.040089,0.009785,0.980381,0.449537,0.028334,9.850184,0.005369,-0.002906,-0.011824,0.220274,0.845555,-1.207263,100331.0000
1764073803974754198,2025-11-25 18:00:03.973,0.682231,2.766129,56.892090,0.040668,0.008391,0.978944,0.409080,0.016945,9.659582,0.005677,0.006867,-0.010162,0.218818,0.844573,-1.208189,100326.0000
1764073804074219772,2025-11-25 18:00:04.072,0.698685,2.777389,56.947899,0.040538,0.007604,0.978081,0.612882,0.072326,9.956238,0.006362,-0.003933,-0.004625,0.217859,0.844579,-1.207694,100330.0000
1764073804174870957,2025-11-25 18:00:04.173,0.693703,2.783601,56.976036,0.040868,0.010171,0.976384,0.480221,0.155187,9.732741,-0.005529,-0.000522,-0.001073,0.216393,0.843099,-1.209576,100334.0000
1764073804274600143,2025-11-25 18:00:04.273,0.670326,2.797185,56.995987,0.042709,0.011394,0.976507,0.293848,0.296863,9.700037,-0.010272,-0.000495,-0.009406,0.215952,0.846502,-1.206732,100327.0000
1764073804375330346,2025-11-25 18:00:04.373,0.641896,2.812587,57.021374,0.044284,0.009235,0.975196,0.097388,0.172297,9.651098,0.000005,0.001332,0.002529,0.215466,0.846957,-1.207695,100327.0000
1764073804474764383,2025-11-25 18:00:04.473,0.625573,2.830568,57.041309,0.043885,0.007071,0.978445,0.733215,0.431612,9.795246,-0.003247,0.000086,0.002245,0.216413,0.843150,-1.207169,100332.0000
1764073804574758902,2025-11-25 18:00:04.573,0.636766,2.847360,57.051666,0.040500,0.005594,0.979921,0.007221,0.147129,9.644678,0.009081,-0.006874,0.001631,0.217879,0.846988,-1.206768,100336.0000
1764073804674663087,2025-11-25 18:00:04.673,0.672331,2.852113,57.065327,0.048274,0.009598,0.980735,0.253895,-0.084341,9.662780,0.012057,0.006424,-0.006518,0.215472,0.846032,-1.206236,100333.0000
1764073804774692827,2025-11-25 18:00:04.773,0.702969,2.815184,57.072811,0.045241,0.011753,0.977491,0.574064,0.218895,9.899840,0.000073,0.006246,-0.000681,0.214486,0.845021,-1.208614,100330.0000
1764073804874631346,2025-11-25 18:00:04.873,0.706926,2.764317,57.085396,0.044244,0.012787,0.976477,0.417946,0.250415,9.715818,0.002238,0.008705,0.006455,0.218824,0.847419,-1.209196,100332.0000
1764073804974860253,2025-11-25 18:00:04.973,0.686757,2.750685,57.109501,0.040963,0.010526,0.977100,0.463654,0.188540,9.822693,0.004609,-0.000400,0.002930,0.215459,0.846469,-1.208169,100331.0000
1764073805074351827,2025-11-25 18:00:05.073,0.690650,2.792251,57.101196,0.040488,0.007515,0.975888,0.539286,-0.156129,9.870684,0.003994,-0.011590,-0.000916,0.213514,0.844519,-1.209555,100327.0000
1764073805175150605,2025-11-25 18:00:05.173,0.701495,2.843462,57.069904,0.040283,0.013689,0.977691,0.225866,0.109893,9.631009,0.006282,-0.009557,0.011839,0.217358,0.843581,-1.209598,100331.0000
1764073805274756327,2025-11-25 18:00:05.273,0.692861,2.893944,57.030083,0.045168,0.015738,0.979904,0.532412,0.254159,9.735210,-0.004229,-0.010728,-0.002339,0.216394,0.845457,-1.211057,100330.0000
1764073805374676901,2025-11-25 18:00:05.373,0.664560,2.907216,57.012581,0.050495,0.011501,0.979249,0.868594,0.173649,10.048979,-0.010121,0.002390,0.002800,0.216424,0.846951,-1.208190,100332.0000
1764073805474723568,2025-11-25 18:00:05.473,0.632007,2.861372,57.013718,0.050751,0.007349,0.976534,0.645653,-0.053392,9.802482,-0.002872,0.009340,0.007917,0.216416,0.846930,-1.209153,100331.0000
1764073805574588049,2025-11-25 18:00:05.573,0.629186,2.803984,57.015259,0.045544,0.006205,0.977382,0.277808,0.274395,9.797649,0.003148,0.007378,-0.005189,0.216425,0.845538,-1.207206,100333.0000
1764073805674658975,2025-11-25 18:00:05.673,0.650355,2.774690,57.028267,0.042364,0.007270,0.976738,0.588218,0.148812,9.856122,0.006961,0.002585,0.005249,0.214974,0.844099,-1.207163,100322.0000
1764073805774697660,2025-11-25 18:00:05.773,0.691764,2.788918,57.044247,0.041271,0.008961,0.976411,0.879460,0.112153,9.885547,0.001864,-0.010382,0.004122,0.214494,0.843629,-1.206667,100332.0000
1764073805874826438,2025-11-25 18:00:05.873,0.714089,2.803713,57.048286,0.044130,0.012706,0.977735,0.372503,-0.249832,9.723017,0.001772,-0.011865,-0.005885,0.214481,0.845478,-1.209584,100330.0000
1764073805974622086,2025-11-25 18:00:05.973,0.703817,2.814516,57.063549,0.046477,0.011911,0.978336,0.582632,0.508129,9.652817,-0.007896,-0.005409,-0.001429,0.212570,0.845978,-1.208119,100329.0000
1764073806074252401,2025-11-25 18:00:06.073,0.676449,2.840388,57.064861,0.047033,0.008755,0.978161,0.497229,0.394749,9.688706,-0.002249,-0.002161,-0.002637,0.212093,0.844573,-1.206646,100330.0000
1764073806174867938,2025-11-25 18:00:06.173,0.656894,2.855411,57.033443,0.048706,0.008152,0.977386,0.381808,0.388553,9.783354,0.003539,0.001639,0.003432,0.216911,0.846496,-1.207228,100333.0000
1764073806274605197,2025-11-25 18:00:06.273,0.636537,2.833671,56.988708,0.049151,0.011116,0.976860,0.615317,0.137607,9.662665,0.002682,0.004507,0.012103,0.215953,0.847447,-1.207228,100337.0000
1764073806374914382,2025-11-25 18:00:06.373,0.618446,2.795026,56.939751,0.044827,0.010479,0.977996,0.268711,0.079813,9.604006,-0.004966,0.005810,0.015417,0.214502,0.846007,-1.207185,100330.0000
1764073806474605882,2025-11-25 18:00:06.473,0.614952,2.766328,56.860317,0.040709,0.009064,0.977430,0.206998,-0.046044,9.667786,0.009945,-0.002281,0.016976,0.216396,0.842164,-1.208599,100333.0000
1764073806574681104,2025-11-25 18:00:06.573,0.630353,2.766881,56.759953,0.042453,0.010250,0.977935,0.680997,0.142718,9.972098,-0.006298,-0.006678,0.007343,0.219321,0.847462,-1.207278,100332.0000
1764073806674928511,2025-11-25 18:00:06.673,0.645009,2.770834,56.647728,0.045663,0.011645,0.979103,0.521595,0.313216,9.774417,0.003457,0.004181,0.018227,0.219286,0.842655,-1.208649,100327.0000
1764073806774430178,2025-11-25 18:00:06.773,0.646051,2.755073,56.554287,0.044725,0.011955,0.978305,0.597075,0.197853,9.860327,0.000784,0.005712,0.017290,0.222676,0.845556,-1.207780,100334.0000
1764073806874432622,2025-11-25 18:00:06.873,0.640465,2.725167,56.472549,0.045047,0.011433,0.977177,0.581735,0.328589,9.912793,-0.003854,0.009306,0.018212,0.220732,0.844084,-1.209173,100330.0000
1764073806974577937,2025-11-25 18:00:06.973,0.649546,2.690637,56.384209,0.039671,0.009183,0.977070,0.277453,-0.216297,9.748454,-0.000465,0.005504,0.021003,0.224116,0.844140,-1.207298,100332.0000
1764073807074259715,2025-11-25 18:00:07.073,0.668421,2.670002,56.280212,0.038722,0.011772,0.977734,0.132784,0.362886,9.722974,0.006458,-0.004986,0.017095,0.224588,0.844589,-1.208756,100333.0000
1764073807174861382,2025-11-25 18:00:07.173,0.699351,2.680082,56.188679,0.039734,0.011977,0.977263,0.162375,0.286133,9.690612,0.008457,-0.006249,0.008517,0.223615,0.844087,-1.209697,100328.0000
1764073807274809400,2025-11-25 18:00:07.273,0.711698,2.701458,56.107731,0.041151,0.014085,0.977181,0.322934,0.275007,9.791233,0.003367,-0.002687,0.013739,0.226018,0.841262,-1.208245,100332.0000
1764073807374659011,2025-11-25 18:00:07.373,0.698340,2.726652,56.019718,0.043740,0.013559,0.978705,0.135774,0.272186,9.653870,0.003726,-0.002455,0.019858,0.226041,0.844148,-1.207326,100326.0000
1764073807474641178,2025-11-25 18:00:07.473,0.680456,2.712246,55.907116,0.044147,0.009027,0.977831,0.111981,0.046778,9.686173,-0.000700,-0.001192,0.030243,0.232748,0.844575,-1.211284,100330.0000
1764073807575176492,2025-11-25 18:00:07.573,0.669561,2.683544,55.791580,0.043967,0.011736,0.977137,0.138708,0.193456,9.700779,0.000994,0.003057,0.018875,0.232280,0.844136,-1.209344,100325.0000
1764073807675050085,2025-11-25 18:00:07.673,0.673441,2.680240,55.680161,0.039225,0.010367,0.977101,0.314008,0.141818,9.771410,0.009080,-0.004627,0.028057,0.231800,0.845078,-1.209833,100329.0000
1764073807775269900,2025-11-25 18:00:07.773,0.690640,2.695904,55.564606,0.043864,0.012155,0.979525,0.566063,0.113382,9.898505,0.002014,-0.002315,0.029107,0.236132,0.843218,-1.208423,100328.0000
1764073807874664140,2025-11-25 18:00:07.873,0.702076,2.694552,55.446495,0.046437,0.013079,0.978434,0.522346,-0.168703,9.798926,0.008799,0.005442,0.020646,0.234207,0.844622,-1.209380,100324.0000
1764073807975006344,2025-11-25 18:00:07.973,0.693681,2.677692,55.328979,0.046007,0.014114,0.977386,0.644629,-0.257237,9.997747,-0.003560,0.007920,0.023702,0.238046,0.842729,-1.209407,100330.0000
1764073808074220159,2025-11-25 18:00:08.072,0.671958,2.642032,55.205647,0.042439,0.013454,0.977692,0.432514,-0.030308,9.920035,-0.010357,0.006536,0.021023,0.239466,0.841729,-1.211821,100329.0000
1764073808174826862,2025-11-25 18:00:08.173,0.650893,2.617043,55.076054,0.038052,0.012010,0.975501,0.283123,0.174646,9.716466,-0.000568,-0.000205,0.017553,0.242398,0.844689,-1.208056,100328.0000
1764073808275265548,2025-11-25 18:00:08.273,0.644899,2.631457,54.958885,0.036659,0.011518,0.977156,0.226677,0.306962,9.712185,0.004625,-0.001738,0.020840,0.242377,0.841336,-1.208487,100334.0000
1764073808375109418,2025-11-25 18:00:08.373,0.643090,2.691560,54.875652,0.042317,0.012301,0.979985,1.011327,-0.005824,9.964111,0.001577,-0.009594,0.014702,0.243344,0.841350,-1.208019,100326.0000
1764073808474817362,2025-11-25 18:00:08.473,0.650353,2.753963,54.810886,0.047866,0.011799,0.978159,0.758608,0.096710,9.818925,0.010220,-0.000950,0.017023,0.243825,0.843710,-1.209507,100328.0000
1764073808575148251,2025-11-25 18:00:08.573,0.657665,2.756470,54.769417,0.050225,0.011804,0.977417,0.981918,0.099534,10.029818,-0.000689,0.003778,0.011145,0.243329,0.842254,-1.210441,100333.0000
1764073808675266807,2025-11-25 18:00:08.673,0.654872,2.696842,54.721241,0.045810,0.010864,0.976671,0.677370,-0.224975,9.919192,-0.004383,0.008414,0.011459,0.245768,0.844237,-1.207618,100330.0000
1764073808774794121,2025-11-25 18:00:08.773,0.645709,2.627117,54.670544,0.041403,0.012371,0.977723,0.619091,-0.023816,9.732030,-0.000435,0.005828,0.007176,0.245255,0.841795,-1.209981,100330.0000
1764073808874669195,2025-11-25 18:00:08.873,0.630036,2.573278,54.616131,0.038970,0.011007,0.978169,0.348673,0.142112,9.775374,-0.004985,0.000468,0.007750,0.248162,0.844217,-1.209097,100326.0000
1764073808974621955,2025-11-25 18:00:08.973,0.605887,2.578887,54.575634,0.036643,0.010459,0.976163,0.228574,-0.005317,9.566426,-0.005112,-0.012859,0.006480,0.249596,0.843258,-1.209585,100324.0000
1764073809074251547,2025-11-25 18:00:09.072,0.587768,2.641340,54.552589,0.041208,0.008204,0.979677,0.598288,0.420828,9.732273,-0.003222,-0.017040,0.002822,0.247681,0.845160,-1.209586,100334.0000
1764073809175091751,2025-11-25 18:00:09.173,0.599454,2.679391,54.530979,0.047607,0.006303,0.977544,0.524520,0.278001,9.692218,-0.002950,-0.000219,-0.000005,0.246228,0.844656,-1.210520,100328.0000
1764073809274642880,2025-11-25 18:00:09.273,0.630284,2.647359,54.501820,0.050400,0.009277,0.977213,0.541363,0.477516,9.760907,0.004226,0.020168,0.006308,0.247655,0.841318,-1.210490,100323.0000
1764073809374596769,2025-11-25 18:00:09.373,0.646943,2.576245,54.449184,0.043305,0.011357,0.976673,0.547645,0.231729,9.917993,0.002220,0.009936,0.006162,0.247198,0.843268,-1.208587,100326.0000
1764073809474623436,2025-11-25 18:00:09.473,0.633763,2.523671,54.364277,0.038516,0.011860,0.976079,0.689634,0.180145,9.775751,-0.004316,0.003746,0.020977,0.249125,0.843754,-1.208623,100333.0000
1764073809574985399,2025-11-25 18:00:09.573,0.612998,2.526721,54.289570,0.037647,0.011037,0.978060,0.353563,0.161855,9.765915,-0.000089,-0.010989,0.012671,0.252002,0.840911,-1.208140,100332.0000
1764073809674627880,2025-11-25 18:00:09.673,0.593872,2.578348,54.236710,0.040638,0.009912,0.980711,0.699512,-0.300812,9.829406,0.004021,-0.008754,0.003207,0.252482,0.841381,-1.208636,100338.0000
1764073809775305750,2025-11-25 18:00:09.773,0.596995,2.641238,54.193169,0.044263,0.007960,0.979482,0.477146,0.168185,9.741823,-0.000171,-0.002645,0.000902,0.253454,0.841883,-1.207695,100328.0000
1764073809874790473,2025-11-25 18:00:09.873,0.638585,2.692476,54.154835,0.043983,0.008324,0.974972,0.389400,0.440998,9.809922,0.011113,-0.005157,0.001302,0.250556,0.841840,-1.209096,100324.0000
1764073809974657732,2025-11-25 18:00:09.973,0.676157,2.695708,54.126724,0.047746,0.012157,0.976146,0.512463,0.306143,9.783792,0.010789,0.000483,0.000933,0.251999,0.841846,-1.209118,100327.0000
1764073810074209843,2025-11-25 18:00:10.073,0.688125,2.650670,54.114586,0.044215,0.014362,0.976666,0.375619,0.035674,9.841707,0.000753,0.001437,0.005235,0.251482,0.840807,-1.212947,100330.0000
1764073810174721824,2025-11-25 18:00:10.173,0.671314,2.627011,54.118210,0.039976,0.014080,0.978069,0.259484,-0.144499,9.824306,0.002042,-0.005089,0.002936,0.252952,0.839940,-1.209102,100332.0000
1764073810274998824,2025-11-25 18:00:10.273,0.637240,2.635106,54.119793,0.044105,0.010222,0.979643,0.401093,0.281987,9.818890,-0.010150,-0.007821,-0.002264,0.251027,0.842289,-1.210555,100320.0000
1764073810375535398,2025-11-25 18:00:10.373,0.607089,2.634812,54.113132,0.043961,0.008790,0.978421,0.096614,0.194005,9.622046,-0.001079,-0.001443,-0.002835,0.252467,0.842285,-1.211058,100326.0000
1764073810474930009,2025-11-25 18:00:10.473,0.594795,2.627771,54.113251,0.044055,0.006591,0.977762,0.552159,0.024507,9.849436,0.005021,-0.000120,0.007134,0.250551,0.843242,-1.210562,100332.0000
1764073810574899805,2025-11-25 18:00:10.573,0.613273,2.621924,54.117622,0.043159,0.006889,0.977154,0.368396,-0.113154,9.819880,-0.000545,0.007078,0.002193,0.251995,0.841836,-1.209599,100326.0000
1764073810675129750,2025-11-25 18:00:10.673,0.652139,2.625327,54.101986,0.040177,0.007991,0.977365,0.251462,-0.037010,9.797075,0.002802,-0.002109,0.002810,0.251993,0.841358,-1.209592,100325.0000
1764073810774530287,2025-11-25 18:00:10.773,0.678783,2.652895,54.091221,0.042631,0.012612,0.977166,0.208152,0.108296,9.653172,0.006420,-0.014599,-0.005226,0.253433,0.842300,-1.210590,100323.0000
1764073810875069379,2025-11-25 18:00:10.873,0.674916,2.694844,54.085323,0.048034,0.011768,0.978010,0.689381,0.560519,9.825121,-0.007802,-0.005083,0.002804,0.252004,0.842802,-1.209132,100322.0000
1764073810974687713,2025-11-25 18:00:10.973,0.665508,2.706226,54.087982,0.049852,0.010494,0.978239,0.968599,-0.182323,10.048744,-0.002903,0.004766,0.000620,0.250057,0.841319,-1.211008,100331.0000
1764073811074154750,2025-11-25 18:00:11.072,0.649575,2.691131,54.079372,0.044744,0.009315,0.976495,0.627438,0.035480,9.802476,-0.006559,-0.000353,0.006527,0.254400,0.840902,-1.209139,100331.0000
1764073811174587101,2025-11-25 18:00:11.173,0.636108,2.664044,54.062756,0.041511,0.012820,0.975925,0.273598,0.448517,9.585821,-0.005633,0.003865,-0.005553,0.250069,0.842295,-1.210060,100331.0000
1764073811274806601,2025-11-25 18:00:11.273,0.631369,2.662345,54.069176,0.038244,0.008753,0.977016,0.006557,0.143137,9.550594,0.001375,-0.003709,0.004251,0.250089,0.843291,-1.208148,100326.0000
1764073811374642842,2025-11-25 18:00:11.373,0.624664,2.688604,54.092213,0.040466,0.008626,0.979010,0.436356,0.045691,9.639764,-0.001604,-0.013336,-0.003486,0.253937,0.841418,-1.207213,100330.0000
1764073811474821323,2025-11-25 18:00:11.473,0.619410,2.722418,54.124947,0.048274,0.009326,0.979837,0.605751,0.121049,9.804323,0.001293,-0.019534,-0.004517,0.249117,0.841376,-1.208105,100320.0000
1764073811574933675,2025-11-25 18:00:11.573,0.615405,2.723109,54.166325,0.053594,0.008699,0.978939,0.630139,0.190394,9.775652,-0.000602,-0.004144,-0.004693,0.251040,0.843264,-1.209607,100332.0000
1764073811674739268,2025-11-25 18:00:11.673,0.613309,2.681395,54.215385,0.050407,0.006661,0.976706,0.219289,-0.259654,9.667994,-0.001337,0.011393,-0.012580,0.249604,0.840921,-1.207142,100324.0000
1764073811774876008,2025-11-25 18:00:11.773,0.607590,2.617906,54.262287,0.045957,0.008931,0.977177,0.487126,-0.143594,9.736990,0.004682,0.012163,-0.007759,0.252986,0.845214,-1.208220,100322.0000
1764073811874810305,2025-11-25 18:00:11.873,0.598796,2.583725,54.303471,0.040476,0.008060,0.976772,0.260994,0.185594,9.671288,-0.003487,0.007278,-0.008909,0.249583,0.841337,-1.210038,100330.0000
1764073811974597990,2025-11-25 18:00:11.973,0.593364,2.562544,54.348225,0.038861,0.008138,0.977452,0.240919,0.361262,9.800842,0.001736,-0.002002,-0.016361,0.248158,0.842795,-1.208594,100330.0000
1764073812074260860,2025-11-25 18:00:12.073,0.588908,2.559431,54.390667,0.039772,0.006881,0.978636,0.538403,0.343998,9.822116,0.005340,-0.006542,-0.004770,0.247683,0.842335,-1.207617,100329.0000
1764073812175867693,2025-11-25 18:00:12.173,0.586008,2.590901,54.426815,0.039936,0.007017,0.976867,0.570475,0.317960,9.879982,0.002451,-0.014999,-0.004983,0.244793,0.843257,-1.208552,100330.0000
1764073812274768730,2025-11-25 18:00:12.273,0.604127,2.664146,54.472061,0.044785,0.007280,0.976720,0.566868,0.167009,9.645637,0.011071,-0.020169,-0.006288,0.246712,0.843723,-1.209550,100325.0000
1764073812374683693,2025-11-25 18:00:12.373,0.624499,2.710977,54.523739,0.050965,0.008210,0.976848,0.394079,0.156661,9.601812,0.006238,-0.001371,-0.005700,0.244284,0.842238,-1.211418,100330.0000
1764073812474610175,2025-11-25 18:00:12.473,0.634339,2.700795,54.560230,0.049691,0.009709,0.978323,0.599068,-0.058702,10.005234,-0.001188,0.005679,-0.005129,0.244316,0.841852,-1.207078,100327.0000
1764073812574768675,2025-11-25 18:00:12.573,0.636898,2.628757,54.592121,0.047396,0.008681,0.976843,0.649949,0.186916,9.856537,0.001708,0.012079,0.006363,0.242870,0.842781,-1.208034,100325.0000
1764073812675080304,2025-11-25 18:00:12.673,0.628600,2.551578,54.592987,0.041940,0.007871,0.976622,0.341767,-0.019239,9.776164,-0.005417,0.006783,0.001946,0.243351,0.843728,-1.208538,100330.0000
1764073812774960712,2025-11-25 18:00:12.773,0.608417,2.497795,54.567787,0.038267,0.010186,0.979372,0.120404,0.101862,9.734607,-0.005489,0.001999,0.005521,0.247676,0.843260,-1.209075,100329.0000
1764073812874639415,2025-11-25 18:00:12.873,0.592003,2.502578,54.537930,0.039764,0.008746,0.977995,0.510587,0.184553,9.753841,0.004054,-0.004599,0.012324,0.246709,0.844658,-1.210528,100331.0000
1764073812974683600,2025-11-25 18:00:12.973,0.580151,2.537949,54.515789,0.041995,0.009743,0.976537,0.442828,0.298875,9.830040,-0.003915,-0.008732,-0.002260,0.244775,0.842739,-1.210470,100324.0000
1764073813074698785,2025-11-25 18:00:13.073,0.574951,2.583283,54.484821,0.044240,0.007107,0.976265,0.791578,-0.348535,10.006414,0.000159,-0.002139,0.015712,0.246738,0.844262,-1.206669,100328.0000
1764073813175684211,2025-11-25 18:00:13.173,0.589415,2.591250,54.452900,0.043900,0.010577,0.978281,0.305990,0.328076,9.709402,0.001662,0.005180,-0.000798,0.246231,0.842308,-1.208558,100327.0000
1764073813274736378,2025-11-25 18:00:13.273,0.610300,2.558716,54.445583,0.044283,0.008119,0.978632,0.278317,-0.073978,9.531291,0.000991,0.003432,-0.006507,0.245761,0.843749,-1.208092,100327.0000
1764073813375105248,2025-11-25 18:00:13.373,0.625808,2.510180,54.458828,0.042233,0.011830,0.979198,0.430322,0.355304,9.840994,0.003335,0.005936,-0.001174,0.246225,0.841820,-1.209032,100330.0000
1764073813475332507,2025-11-25 18:00:13.473,0.619062,2.455990,54.501587,0.042697,0.010906,0.977558,0.041176,0.284456,9.510648,-0.006803,0.010250,-0.008037,0.248163,0.843750,-1.208609,100331.0000
1764073813574951341,2025-11-25 18:00:13.573,0.601305,2.431957,54.540600,0.037241,0.007653,0.978333,0.478751,0.438866,9.698491,-0.005911,0.002369,-0.004795,0.244294,0.842736,-1.210463,100326.0000
1764073813675108155,2025-11-25 18:00:13.673,0.595982,2.436627,54.569603,0.037878,0.005364,0.977054,0.409665,-0.017554,9.814866,0.003123,-0.005795,-0.001051,0.248147,0.841351,-1.209053,100334.0000
1764073813775519766,2025-11-25 18:00:13.773,0.596851,2.449482,54.581726,0.040963,0.007893,0.978954,0.449917,-0.242813,9.794431,-0.005762,-0.008406,0.002136,0.244316,0.844210,-1.208559,100328.0000
1764073813874817878,2025-11-25 18:00:13.873,0.597368,2.452051,54.588428,0.044083,0.009423,0.978522,0.651513,0.458718,9.749223,-0.000618,-0.003165,-0.001447,0.244296,0.840856,-1.208989,100329.0000
1764073813975025322,2025-11-25 18:00:13.973,0.603385,2.407212,54.593693,0.043206,0.005792,0.975492,0.272522,0.302762,9.688973,0.004746,0.008586,0.000392,0.246239,0.842328,-1.207596,100330.0000
1764073814074166359,2025-11-25 18:00:14.072,0.619525,2.329288,54.595848,0.040189,0.008837,0.976873,0.382003,-0.102956,9.793033,0.002081,0.009913,-0.007735,0.245275,0.842792,-1.208070,100334.0000
1764073814175490840,2025-11-25 18:00:14.173,0.633711,2.284896,54.598442,0.033724,0.010540,0.977063,0.380780,0.113446,9.912545,0.008293,-0.005107,0.001093,0.247212,0.843776,-1.207150,100329.0000
1764073814274861137,2025-11-25 18:00:14.273,0.644598,2.301773,54.611366,0.037395,0.010283,0.978526,0.553985,-0.146583,9.839549,-0.005002,-0.009212,0.006414,0.247649,0.844134,-1.212941,100330.0000
1764073814375453488,2025-11-25 18:00:14.373,0.637655,2.339170,54.625172,0.037370,0.012604,0.979256,0.665629,0.413530,9.807920,-0.006912,-0.011098,-0.011158,0.245283,0.842812,-1.207107,100326.0000
1764073814475281303,2025-11-25 18:00:14.473,0.610060,2.392001,54.656261,0.037780,0.010735,0.977583,0.212034,0.133333,9.944185,-0.005640,-0.007620,-0.011315,0.244333,0.843783,-1.206145,100322.0000
1764073814575521488,2025-11-25 18:00:14.573,0.597841,2.475352,54.685432,0.039140,0.005892,0.977094,0.185703,-0.010735,9.736883,0.000956,-0.016769,-0.001418,0.244800,0.843277,-1.207589,100330.0000
1764073814675103322,2025-11-25 18:00:14.673,0.602979,2.561426,54.704124,0.047720,0.009403,0.977728,0.274936,0.405693,9.814585,0.000489,-0.011998,-0.007921,0.241425,0.844187,-1.208998,100322.0000
1764073814775043247,2025-11-25 18:00:14.773,0.612669,2.558736,54.731564,0.049478,0.008442,0.977825,0.466775,-0.212460,9.947018,0.000108,0.000333,-0.002366,0.240945,0.842772,-1.208006,100327.0000
1764073814875307044,2025-11-25 18:00:14.873,0.622073,2.489297,54.782536,0.046665,0.010340,0.978293,0.375956,-0.021151,9.626379,-0.000262,0.005577,-0.003063,0.243826,0.843242,-1.209019,100332.0000
1764073814974686340,2025-11-25 18:00:14.973,0.630029,2.441129,54.833870,0.041634,0.009835,0.976868,0.245251,0.268553,9.640235,0.003505,-0.000465,-0.015460,0.241897,0.842278,-1.208975,100329.0000
1764073815074199284,2025-11-25 18:00:15.072,0.635890,2.450410,54.871204,0.039630,0.008452,0.976883,0.746425,0.269270,9.777839,-0.000508,-0.004851,-0.006709,0.240949,0.842782,-1.207525,100327.0000
1764073815175500803,2025-11-25 18:00:15.173,0.626223,2.489179,54.913670,0.039649,0.010358,0.977425,0.272868,0.492916,9.759717,0.001781,-0.007297,-0.007102,0.238044,0.842251,-1.209400,100330.0000
1764073815274970840,2025-11-25 18:00:15.273,0.612773,2.542036,54.955173,0.041508,0.007461,0.978572,0.350660,-0.222894,9.868465,0.000473,-0.010817,-0.000404,0.239973,0.843215,-1.209443,100334.0000
1764073815374663747,2025-11-25 18:00:15.373,0.602617,2.588830,54.990986,0.047288,0.009602,0.977108,0.393045,0.376610,9.658358,-0.001328,-0.003640,-0.009470,0.240937,0.842752,-1.208969,100330.0000
1764073815474991821,2025-11-25 18:00:15.473,0.589236,2.606843,55.029263,0.045386,0.006554,0.975942,0.684002,0.071032,9.895475,-0.002118,-0.006837,-0.005662,0.236633,0.845629,-1.207505,100324.0000
1764073815575176173,2025-11-25 18:00:15.573,0.589553,2.602604,55.054363,0.046668,0.007833,0.978788,0.265161,0.128877,9.789042,-0.002201,0.000207,-0.006308,0.236613,0.843220,-1.208430,100331.0000
1764073815675568876,2025-11-25 18:00:15.673,0.610516,2.557143,55.073647,0.048517,0.009187,0.979652,0.732345,0.017937,9.731293,0.000342,0.009687,0.005164,0.235152,0.841283,-1.209343,100326.0000
1764073815775215080,2025-11-25 18:00:15.773,0.620292,2.493683,55.109154,0.044921,0.011540,0.978436,0.468393,0.333852,9.687432,-0.003750,0.013950,-0.010515,0.238543,0.845129,-1.208970,100330.0000
1764073815875094710,2025-11-25 18:00:15.873,0.607629,2.455212,55.159500,0.041290,0.010032,0.977743,0.343494,0.095902,9.959641,-0.008759,0.002254,-0.003936,0.237107,0.844198,-1.207490,100328.0000
1764073815974713580,2025-11-25 18:00:15.973,0.578612,2.484323,55.206402,0.040716,0.006483,0.976277,0.064685,-0.112325,9.622716,-0.000216,-0.001284,-0.001808,0.234716,0.847998,-1.207994,100332.0000
1764073816074181802,2025-11-25 18:00:16.072,0.577204,2.520432,55.241096,0.042597,0.003993,0.975122,0.411383,-0.456676,9.740836,0.001909,-0.009624,-0.010339,0.235672,0.845157,-1.207001,100322.0000
1764073816175019987,2025-11-25 18:00:16.173,0.617061,2.545437,55.276134,0.043086,0.006810,0.977143,0.287773,0.300195,9.734532,0.012668,-0.005916,-0.002739,0.233727,0.844152,-1.208884,100334.0000
1764073816275293691,2025-11-25 18:00:16.273,0.654164,2.569427,55.306030,0.042986,0.010598,0.978804,0.550226,-0.209868,10.008937,0.007109,-0.005681,-0.003070,0.233725,0.843675,-1.208877,100330.0000
1764073816374674635,2025-11-25 18:00:16.373,0.661861,2.576711,55.309589,0.047696,0.014244,0.978761,0.619437,0.399474,9.662087,0.001730,-0.004129,0.003680,0.234669,0.843161,-1.210809,100330.0000
1764073816475324320,2025-11-25 18:00:16.473,0.638051,2.549339,55.318295,0.046512,0.012558,0.978771,0.435492,-0.168597,9.644231,-0.007243,0.003162,-0.002149,0.232762,0.843670,-1.208863,100330.0000
1764073816575163561,2025-11-25 18:00:16.573,0.629878,2.277978,55.293278,0.063831,0.003374,0.988403,1.033558,1.211019,9.236241,0.013857,0.064867,-0.011161,0.237101,0.844655,-1.208460,100326.0000
1764073816675360765,2025-11-25 18:00:16.673,0.682544,1.904939,55.277893,0.020886,0.010459,0.967704,-0.418166,0.005026,9.564363,0.006771,0.030420,0.015048,0.240959,0.843280,-1.206569,100337.0000
1764073816775103654,2025-11-25 18:00:16.773,0.718234,1.855289,55.305916,0.016937,0.013131,0.974208,0.514275,0.864009,9.986645,0.003187,-0.018443,-0.001462,0.240463,0.844183,-1.208984,100330.0000
1764073816875104431,2025-11-25 18:00:16.873,0.715601,2.094359,55.338978,0.019631,0.013724,0.973988,0.063692,-0.101491,9.709978,-0.000377,-0.058951,-0.007530,0.238533,0.844631,-1.209925,100332.0000
1764073816974987283,2025-11-25 18:00:16.973,0.676188,2.458016,55.348591,0.037727,0.011321,0.979152,0.773609,-0.124541,9.981441,-0.005018,-0.055232,0.007962,0.232753,0.841760,-1.208833,100331.0000
1764073817074220950,2025-11-25 18:00:17.072,0.632325,2.730408,55.341595,0.053567,0.009108,0.979614,0.729925,-0.198475,9.798359,-0.010953,-0.030575,-0.000374,0.230364,0.845092,-1.208849,100326.0000
1764073817175047727,2025-11-25 18:00:17.173,0.602430,2.803856,55.333881,0.063058,0.011022,0.979897,0.604000,0.324555,9.729061,-0.001473,0.009265,0.003200,0.230836,0.845542,-1.210307,100329.0000
1764073817275037264,2025-11-25 18:00:17.273,0.576006,2.721346,55.332458,0.057676,0.006989,0.979469,0.425044,-0.115470,9.603786,-0.005622,0.018521,0.003700,0.231811,0.845109,-1.208389,100334.0000
1764073817375150838,2025-11-25 18:00:17.373,0.573724,2.554676,55.323582,0.054133,0.007588,0.977384,0.613741,0.086875,9.751106,-0.002868,0.031170,-0.001914,0.230849,0.845105,-1.208374,100324.0000
1764073817474672653,2025-11-25 18:00:17.473,0.596045,2.365931,55.307610,0.044065,0.006797,0.977146,0.562710,0.044500,9.831551,0.008505,0.028832,0.011961,0.235643,0.843195,-1.209379,100337.0000
1764073817575098505,2025-11-25 18:00:17.573,0.633992,2.217703,55.297211,0.033065,0.010061,0.975867,0.114724,0.117447,9.629984,0.007504,0.019819,0.002298,0.236623,0.843718,-1.207475,100326.0000
1764073817674643079,2025-11-25 18:00:17.673,0.653922,2.193273,55.327644,0.023594,0.014009,0.975486,0.203945,0.291406,9.736633,-0.000181,-0.017125,-0.008852,0.236146,0.843726,-1.206987,100327.0000
1764073817774741042,2025-11-25 18:00:17.773,0.645199,2.322001,55.384865,0.030112,0.010981,0.977692,0.506567,0.076177,9.900914,-0.001677,-0.031496,-0.006362,0.234658,0.841717,-1.211269,100322.0000
1764073817874632801,2025-11-25 18:00:17.873,0.623077,2.511544,55.424549,0.039459,0.011301,0.978318,0.626411,0.023207,9.632468,-0.001414,-0.034630,-0.008284,0.232291,0.845579,-1.208884,100328.0000
1764073817974577449,2025-11-25 18:00:17.973,0.590842,2.664714,55.439945,0.051383,0.008105,0.979100,0.646445,0.177292,9.802427,0.005098,-0.023840,0.003333,0.229883,0.843678,-1.207857,100329.0000
1764073818074205505,2025-11-25 18:00:18.072,0.573883,2.718412,55.465405,0.057679,0.006981,0.978727,0.368319,-0.215079,9.680396,-0.002289,-0.000745,-0.016938,0.228937,0.842302,-1.204932,100330.0000
1764073818174738579,2025-11-25 18:00:18.173,0.580338,2.661693,55.517555,0.058019,0.006159,0.979210,0.738690,0.097458,9.791089,0.007756,0.015341,-0.013407,0.225085,0.846990,-1.208318,100327.0000
1764073818275403893,2025-11-25 18:00:18.273,0.598042,2.534246,55.587704,0.050478,0.006337,0.977531,0.166895,-0.149615,9.796875,-0.000030,0.024434,-0.015972,0.228920,0.844141,-1.208331,100326.0000
1764073818375510134,2025-11-25 18:00:18.373,0.618329,2.396615,55.652851,0.042662,0.007867,0.976512,0.013471,0.107318,9.586967,0.012940,0.028240,-0.007458,0.229392,0.843177,-1.208805,100337.0000
1764073818474796430,2025-11-25 18:00:18.473,0.629085,2.314785,55.706291,0.033334,0.009103,0.974545,0.499283,-0.102313,9.811548,0.001734,0.002625,-0.007149,0.229875,0.845070,-1.209804,100326.0000
1764073818574830301,2025-11-25 18:00:18.573,0.630420,2.349592,55.755215,0.031236,0.009970,0.976643,0.405556,0.015571,9.844532,0.001382,-0.017956,-0.008174,0.229391,0.843645,-1.209294,100332.0000
1764073818674898708,2025-11-25 18:00:18.673,0.618715,2.470286,55.812996,0.039514,0.009418,0.979726,0.618544,-0.426605,9.988644,-0.000796,-0.032009,-0.006422,0.227001,0.844620,-1.207829,100330.0000
1764073818774901578,2025-11-25 18:00:18.773,0.601960,2.598131,55.879211,0.049176,0.011503,0.978996,0.678623,0.766992,9.725583,-0.003288,-0.011719,-0.010646,0.225560,0.845091,-1.207815,100337.0000
1764073818874629578,2025-11-25 18:00:18.873,0.581980,2.637949,55.938370,0.053138,0.006973,0.978710,0.480688,0.172010,9.714412,-0.004481,0.001992,-0.015200,0.223624,0.845052,-1.209231,100337.0000
1764073818974807763,2025-11-25 18:00:18.973,0.578068,2.584522,55.984764,0.050724,0.005093,0.976810,0.470253,-0.097164,9.697669,-0.002593,0.012030,-0.003293,0.222681,0.846511,-1.207794,100326.0000
1764073819074175911,2025-11-25 18:00:19.072,0.590448,2.486642,56.025490,0.045605,0.007367,0.977114,0.449641,0.205092,9.782371,0.005494,0.012933,-0.014337,0.222178,0.844568,-1.209202,100324.0000
1764073819175104486,2025-11-25 18:00:19.173,0.619430,2.414667,56.066727,0.041250,0.006923,0.976205,0.368925,0.006307,9.801967,0.010869,0.007245,-0.002665,0.224110,0.844597,-1.208267,100326.0000
1764073819275380948,2025-11-25 18:00:19.273,0.647187,2.401199,56.095417,0.040292,0.009699,0.977823,0.157335,0.260039,9.650882,0.009280,-0.000978,0.000438,0.222669,0.845068,-1.208254,100324.0000
1764073819374985504,2025-11-25 18:00:19.373,0.660862,2.415313,56.116108,0.041137,0.010407,0.979022,0.379225,-0.299518,9.894995,0.003436,-0.002577,-0.003479,0.223609,0.843599,-1.210172,100333.0000
1764073819474715004,2025-11-25 18:00:19.473,0.656119,2.458572,56.112778,0.040567,0.013961,0.977111,0.120210,0.427268,9.708407,-0.003782,-0.011511,-0.006691,0.223130,0.845487,-1.211156,100332.0000
1764073819575077911,2025-11-25 18:00:19.573,0.616138,2.488889,56.121544,0.043280,0.011462,0.978010,0.600768,-0.058745,9.904941,-0.013072,-0.010817,0.000153,0.222672,0.845546,-1.208261,100330.0000
1764073819675401393,2025-11-25 18:00:19.673,0.579891,2.509977,56.147587,0.044723,0.007231,0.977899,0.494043,0.192292,9.741978,-0.000586,-0.005368,-0.001391,0.217373,0.845034,-1.208657,100335.0000
1764073819774630004,2025-11-25 18:00:19.773,0.567367,2.524115,56.183392,0.046849,0.006489,0.978056,0.169924,-0.047236,9.709115,-0.000230,-0.011441,-0.005088,0.218812,0.844086,-1.208663,100328.0000
1764073819874769800,2025-11-25 18:00:19.873,0.573470,2.493422,56.211395,0.050306,0.006108,0.977520,0.792508,0.368789,9.805073,-0.001546,0.009161,-0.009362,0.218327,0.846431,-1.210618,100332.0000
1764073819974576392,2025-11-25 18:00:19.973,0.603400,2.415218,56.217403,0.045015,0.006630,0.977123,0.284791,0.149571,9.709702,0.011624,0.014229,0.004709,0.221228,0.845540,-1.208239,100320.0000
1764073820074159652,2025-11-25 18:00:20.072,0.627827,2.341889,56.206184,0.037917,0.009236,0.976801,0.333405,-0.034575,9.779275,0.006154,0.007048,0.007976,0.221701,0.846934,-1.210194,100328.0000
1764073820174932077,2025-11-25 18:00:20.173,0.631833,2.319238,56.186508,0.036665,0.012553,0.978449,-0.048083,-0.011073,9.673615,0.005910,0.003762,0.006300,0.221715,0.845084,-1.207277,100328.0000
1764073820274792077,2025-11-25 18:00:20.273,0.619424,2.352270,56.161140,0.036436,0.011825,0.977657,0.623294,-0.015956,9.884027,-0.002721,-0.008969,0.006110,0.221235,0.844615,-1.206781,100325.0000
1764073820375502651,2025-11-25 18:00:20.373,0.603661,2.414549,56.141541,0.039569,0.008362,0.977741,0.194577,0.045853,9.634675,-0.001055,-0.008820,0.000624,0.222650,0.845017,-1.210661,100331.0000
1764073820474902392,2025-11-25 18:00:20.473,0.602974,2.476783,56.113560,0.044157,0.008007,0.977020,0.835504,-0.211080,9.876471,0.003779,-0.011800,0.010690,0.224593,0.845545,-1.208771,100322.0000
1764073820574992762,2025-11-25 18:00:20.573,0.621823,2.508117,56.085312,0.048311,0.010772,0.977691,0.409978,0.509432,9.763695,-0.005154,-0.003405,-0.001449,0.221717,0.845562,-1.207284,100336.0000
1764073820675140188,2025-11-25 18:00:20.673,0.637528,2.500868,56.059036,0.048582,0.009425,0.976700,0.442264,-0.136400,9.724425,0.005269,0.007345,0.008750,0.220270,0.845545,-1.207744,100326.0000
1764073820774950244,2025-11-25 18:00:20.773,0.630597,2.468779,56.025768,0.045670,0.010672,0.977670,0.294576,-0.222399,9.595433,0.001214,0.008866,0.003792,0.222170,0.844547,-1.210165,100329.0000
1764073820874690003,2025-11-25 18:00:20.873,0.622521,2.427052,55.978210,0.043309,0.010031,0.977922,0.663349,0.328836,9.741910,0.005381,0.002387,0.002129,0.224117,0.845085,-1.207793,100329.0000
1764073820974693762,2025-11-25 18:00:20.973,0.616548,2.389832,55.928165,0.040021,0.008835,0.977197,0.185644,-0.152325,9.847327,0.010289,0.009272,0.016658,0.222192,0.845076,-1.207765,100324.0000
1764073821074354818,2025-11-25 18:00:21.073,0.616978,2.369919,55.865807,0.041725,0.011251,0.978966,0.187580,0.337613,9.636306,0.002767,-0.001265,0.010829,0.223627,0.844117,-1.208253,100332.0000
1764073821175249947,2025-11-25 18:00:21.173,0.610955,2.352229,55.809189,0.042345,0.010703,0.978001,0.500526,0.199213,9.825068,-0.001788,0.002791,0.007536,0.226985,0.843634,-1.209258,100330.0000
1764073821275146169,2025-11-25 18:00:21.273,0.597242,2.362298,55.777760,0.039155,0.010450,0.975889,0.449603,-0.091430,9.819056,-0.001321,0.001253,0.005790,0.226523,0.846041,-1.208325,100335.0000
1764073821374902484,2025-11-25 18:00:21.373,0.580084,2.379144,55.767742,0.039080,0.011312,0.976357,0.206567,-0.066413,9.725237,-0.003125,-0.010498,-0.001426,0.227011,0.846531,-1.207858,100338.0000
1764073821475326614,2025-11-25 18:00:21.473,0.577912,2.427228,55.758846,0.040281,0.006572,0.976955,0.338766,0.167445,9.680558,0.001037,-0.014454,-0.002986,0.225079,0.846502,-1.208793,100328.0000
1764073821574958188,2025-11-25 18:00:21.573,0.604572,2.480415,55.733570,0.043715,0.006558,0.978225,0.930479,0.412616,9.822420,0.008331,-0.013661,0.007313,0.227002,0.846978,-1.209310,100333.0000
1764073821674980354,2025-11-25 18:00:21.673,0.640795,2.522750,55.701412,0.047609,0.008729,0.979486,0.425529,-0.080556,10.076550,0.009532,-0.001727,0.008457,0.225065,0.843168,-1.208260,100330.0000
1764073821775397151,2025-11-25 18:00:21.773,0.651138,2.514113,55.685493,0.050206,0.012907,0.979323,0.499549,0.076224,9.659212,0.004013,0.012432,0.012182,0.225547,0.845528,-1.209748,100327.0000
1764073821875366169,2025-11-25 18:00:21.873,0.634078,2.488028,55.690731,0.046319,0.013726,0.978029,0.318375,0.270090,9.841198,0.000693,0.008062,-0.006902,0.225550,0.844593,-1.208770,100326.0000
1764073821974678039,2025-11-25 18:00:21.973,0.603717,2.476808,55.705532,0.044413,0.008751,0.977897,1.007192,-0.025053,10.083558,-0.003587,0.005436,0.007256,0.226510,0.844120,-1.208777,100327.0000
1764073822074185373,2025-11-25 18:00:22.072,0.583784,2.469517,55.706768,0.043653,0.007662,0.977074,0.405797,0.015683,9.674356,0.003496,-0.001263,-0.001834,0.226053,0.845124,-1.206378,100328.0000
1764073822176330280,2025-11-25 18:00:22.173,0.595294,2.443846,55.680401,0.044637,0.005363,0.977726,0.029540,-0.022899,9.699246,0.006207,0.002682,0.005603,0.227969,0.846525,-1.208354,100323.0000
1764073822274539891,2025-11-25 18:00:22.273,0.617406,2.422527,55.649017,0.041405,0.010157,0.975476,0.470722,0.042417,9.674220,0.000905,0.000584,-0.000045,0.230344,0.844097,-1.210760,100335.0000
1764073822375117391,2025-11-25 18:00:22.373,0.628952,2.429256,55.609833,0.041718,0.010143,0.977081,0.629189,0.232428,9.734416,0.004147,-0.008530,0.006306,0.228920,0.844141,-1.208331,100335.0000
1764073822475326298,2025-11-25 18:00:22.473,0.634067,2.431302,55.559616,0.043865,0.010717,0.977810,0.310538,0.322467,9.798530,0.003335,-0.006759,0.006879,0.229890,0.844166,-1.207383,100326.0000
1764073822575147483,2025-11-25 18:00:22.573,0.625449,2.434891,55.529118,0.042115,0.011515,0.977255,0.468554,-0.338615,9.736751,0.004009,-0.007489,-0.001340,0.230340,0.844086,-1.211241,100331.0000
1764073822675214595,2025-11-25 18:00:22.673,0.611163,2.467158,55.513187,0.045494,0.009875,0.979428,1.005469,-0.086205,10.062550,-0.002310,-0.007873,0.009523,0.228920,0.846499,-1.209812,100328.0000
1764073822784335113,2025-11-25 18:00:22.783,0.607363,2.497676,55.487045,0.046737,0.008608,0.977829,0.556277,-0.213182,9.729061,-0.000183,-0.004256,0.014689,0.228922,0.844619,-1.208339,100326.0000
1764073822875140761,2025-11-25 18:00:22.873,0.614972,2.503013,55.449295,0.047108,0.008793,0.976013,0.408715,0.180159,9.781650,0.000736,0.009135,0.006416,0.229881,0.843200,-1.207850,100330.0000
1764073822974658131,2025-11-25 18:00:22.973,0.630949,2.461080,55.430038,0.044429,0.011201,0.976334,0.729695,0.154809,9.763317,0.005855,0.008602,-0.000840,0.229848,0.841228,-1.210709,100329.0000
1764073823074219168,2025-11-25 18:00:23.072,0.635170,2.441256,55.438755,0.038207,0.010524,0.975709,0.329470,0.091684,9.850474,0.000921,0.000040,0.008785,0.229376,0.842191,-1.210235,100337.0000
1764073823175658891,2025-11-25 18:00:23.173,0.629526,2.478636,55.448574,0.040334,0.010640,0.977968,0.291331,0.503642,9.689855,0.002778,-0.016881,0.002373,0.228414,0.843133,-1.210717,100330.0000
1764073823274599020,2025-11-25 18:00:23.273,0.618361,2.540440,55.463287,0.047383,0.009206,0.979788,0.540411,0.075309,9.786288,0.003151,-0.006818,0.010298,0.227911,0.841656,-1.212613,100336.0000
1764073823375466483,2025-11-25 18:00:23.373,0.605393,2.588377,55.489941,0.048012,0.011058,0.979437,0.168598,0.424779,9.839582,-0.001957,-0.003648,-0.012711,0.227469,0.845059,-1.209769,100331.0000
1764073823475099798,2025-11-25 18:00:23.473,0.598209,2.604876,55.520786,0.050882,0.008142,0.978109,0.883114,-0.104720,10.000573,0.003668,0.008366,0.004319,0.227946,0.844106,-1.209762,100329.0000
1764073823574713001,2025-11-25 18:00:23.573,0.604166,2.585405,55.563145,0.048596,0.008495,0.974790,0.816102,0.106305,9.800843,-0.004501,0.006519,-0.005315,0.228909,0.843643,-1.209287,100327.0000
1764073823674615520,2025-11-25 18:00:23.673,0.622208,2.545506,55.592999,0.044834,0.007434,0.975871,0.371890,-0.176483,9.734796,0.002860,0.000963,-0.003386,0.227468,0.844114,-1.209273,100322.0000
1764073823775569946,2025-11-25 18:00:23.773,0.634045,2.518177,55.605354,0.044454,0.010117,0.978001,0.363863,0.134574,9.749283,-0.003635,-0.000272,0.001667,0.225060,0.845038,-1.210215,100328.0000
1764073823874643964,2025-11-25 18:00:23.873,0.631306,2.509732,55.608669,0.044012,0.010980,0.978612,0.466558,0.288816,9.792912,0.007367,0.001536,-0.003059,0.227480,0.844145,-1.207829,100328.0000
1764073823974765909,2025-11-25 18:00:23.973,0.604628,2.504659,55.596985,0.043908,0.010053,0.979389,0.277627,0.057847,9.679926,-0.006619,0.002771,0.002487,0.227471,0.844592,-1.209280,100333.0000
1764073824074247779,2025-11-25 18:00:24.073,0.568645,2.503110,55.564613,0.045505,0.009679,0.979430,0.211247,0.005251,9.650330,-0.003620,0.004806,0.015911,0.229396,0.843188,-1.208324,100324.0000
1764073824175992371,2025-11-25 18:00:24.173,0.549086,2.477314,55.514969,0.045807,0.006982,0.977845,0.592567,-0.021050,9.787194,-0.003209,0.013871,0.001763,0.229891,0.845111,-1.207879,100335.0000
1764073824275023353,2025-11-25 18:00:24.273,0.564159,2.435140,55.462795,0.042351,0.006675,0.975209,0.385222,0.057943,9.780243,0.010788,-0.000115,0.016626,0.232789,0.845154,-1.206478,100324.0000
1764073824374781464,2025-11-25 18:00:24.373,0.600579,2.415520,55.435440,0.040979,0.009015,0.977139,0.160914,-0.146675,9.718809,0.005107,-0.003039,0.003872,0.232308,0.845152,-1.206470,100332.0000
1764073824475323464,2025-11-25 18:00:24.473,0.634170,2.448396,55.420101,0.039387,0.012294,0.977362,0.376633,0.299278,9.657358,0.007764,-0.015397,0.008308,0.231799,0.842721,-1.208352,100330.0000
1764073824575326390,2025-11-25 18:00:24.573,0.650832,2.499189,55.408054,0.044212,0.013057,0.977838,0.443087,0.034024,9.789488,0.006119,-0.005308,0.008716,0.230347,0.844107,-1.210278,100335.0000
1764073824675135371,2025-11-25 18:00:24.673,0.642646,2.528970,55.394611,0.047056,0.013668,0.977197,0.379867,0.135686,9.862414,-0.002802,-0.009127,-0.001299,0.229849,0.843586,-1.212189,100324.0000
1764073824775095538,2025-11-25 18:00:24.773,0.609576,2.531283,55.360378,0.048365,0.010133,0.978172,0.906524,0.031824,9.905296,-0.005141,0.015902,0.010590,0.231782,0.840790,-1.209286,100333.0000
1764073824874572408,2025-11-25 18:00:24.873,0.585766,2.481297,55.313190,0.042608,0.008344,0.977606,0.369748,0.000428,9.791289,0.002558,0.009122,0.013878,0.233243,0.845085,-1.209854,100330.0000
1764073824974741019,2025-11-25 18:00:24.973,0.586879,2.437147,55.269417,0.040881,0.009157,0.976708,0.195464,0.290350,9.549046,0.003440,0.007419,0.010100,0.232781,0.846547,-1.208425,100333.0000
1764073825074276297,2025-11-25 18:00:25.072,0.598940,2.445248,55.243584,0.038276,0.009722,0.977693,0.538498,0.191958,9.923668,0.004574,-0.006472,0.008565,0.233708,0.842689,-1.210306,100328.0000
1764073825175720500,2025-11-25 18:00:25.173,0.618380,2.497652,55.236408,0.039821,0.011160,0.977423,0.519550,0.202567,9.779181,-0.000226,-0.014899,-0.004436,0.234677,0.843181,-1.209846,100332.0000
1764073825275318556,2025-11-25 18:00:25.273,0.630350,2.552492,55.259506,0.045835,0.013163,0.976698,0.745901,0.480757,9.807799,0.005158,-0.013071,0.005811,0.232738,0.844077,-1.212239,100340.0000
1764073825375116426,2025-11-25 18:00:25.373,0.608711,2.616705,55.313240,0.047130,0.012473,0.978729,0.467130,0.146146,9.881660,-0.004210,-0.015463,-0.000006,0.231302,0.841733,-1.209774,100331.0000
1764073825475281482,2025-11-25 18:00:25.473,0.575200,2.670609,55.369354,0.050562,0.008483,0.978801,0.441744,-0.250665,9.928989,-0.000901,0.000660,-0.005724,0.230821,0.842676,-1.210263,100326.0000
1764073825574826074,2025-11-25 18:00:25.573,0.549797,2.655428,55.408573,0.054710,0.006726,0.979688,0.626434,0.341499,9.821343,-0.011866,0.012680,-0.005704,0.231334,0.845117,-1.207900,100326.0000
1764073825675062167,2025-11-25 18:00:25.673,0.545407,2.575175,55.444828,0.048189,0.005707,0.977896,0.154540,-0.034707,9.543900,0.009996,0.019257,-0.001595,0.233241,0.844607,-1.209847,100332.0000
1764073825775370259,2025-11-25 18:00:25.773,0.562880,2.508569,55.457256,0.041375,0.006987,0.976041,-0.034548,0.131532,9.606807,0.003143,0.010857,0.001479,0.232306,0.845620,-1.206959,100334.0000
1764073825874828982,2025-11-25 18:00:25.873,0.587392,2.510941,55.474133,0.040126,0.008887,0.975616,0.545322,0.106646,9.831451,0.009525,-0.004870,-0.000391,0.232768,0.841800,-1.206908,100333.0000
1764073825974623278,2025-11-25 18:00:25.973,0.591998,2.551397,55.497204,0.042126,0.011487,0.977284,0.506819,-0.316116,9.859921,-0.002990,-0.013129,-0.007195,0.230359,0.844137,-1.208834,100335.0000
1764073826074206111,2025-11-25 18:00:26.072,0.582145,2.603602,55.510677,0.045212,0.010637,0.977518,0.302055,0.344976,9.748205,-0.007936,-0.013847,-0.011417,0.232748,0.843162,-1.210299,100326.0000
1764073826175345185,2025-11-25 18:00:26.173,0.573329,2.663881,55.521278,0.046046,0.008836,0.978025,0.469202,0.092441,9.733853,-0.000134,-0.008401,-0.008519,0.228906,0.844578,-1.210264,100327.0000
1764073826275253629,2025-11-25 18:00:26.273,0.571295,2.717354,55.564671,0.050030,0.008942,0.977370,0.722322,0.002368,9.873187,0.010454,-0.001298,-0.001003,0.229853,0.843596,-1.211708,100329.0000
1764073826375528703,2025-11-25 18:00:26.373,0.585865,2.717460,55.629787,0.052601,0.010047,0.978894,0.736959,-0.190896,9.831390,0.001395,0.000515,-0.016050,0.225535,0.843140,-1.209711,100322.0000
1764073826475197537,2025-11-25 18:00:26.473,0.602741,2.678320,55.690823,0.047452,0.009872,0.976992,0.692017,-0.060138,9.712521,0.005972,0.001879,-0.013101,0.226035,0.844606,-1.208296,100328.0000
1764073826575712111,2025-11-25 18:00:26.573,0.617198,2.642580,55.755894,0.043447,0.009000,0.976605,0.507803,0.084721,9.768252,0.000564,-0.006038,-0.013640,0.226992,0.843655,-1.208296,100332.0000
1764073826674571981,2025-11-25 18:00:26.673,0.626487,2.631023,55.830009,0.043635,0.010297,0.977830,0.622768,-0.260845,9.783554,-0.000024,-0.009359,-0.015683,0.225058,0.843148,-1.209222,100326.0000
1764073826774970870,2025-11-25 18:00:26.773,0.601584,2.662572,55.889759,0.044781,0.009781,0.976531,0.411828,-0.118428,9.584003,-0.004370,-0.002245,-0.009542,0.226024,0.844575,-1.209740,100326.0000
1764073826875325759,2025-11-25 18:00:26.873,0.563823,2.714144,55.911247,0.045730,0.009721,0.976587,0.400843,0.126581,9.715053,-0.011842,-0.011800,-0.011080,0.224599,0.844620,-1.207312,100329.0000
1764073826974639370,2025-11-25 18:00:26.973,0.527378,2.753928,55.916981,0.047416,0.007783,0.978044,0.191061,0.288384,9.507912,-0.008756,-0.007913,-0.003356,0.224605,0.846520,-1.207823,100332.0000
1764073827083001870,2025-11-25 18:00:27.079,0.515238,2.789669,55.913288,0.048304,0.006213,0.979696,0.695120,0.419446,9.866938,0.000038,-0.010461,-0.004319,0.223135,0.841259,-1.207721,100330.0000
1764073827174798296,2025-11-25 18:00:27.173,0.541101,2.811011,55.932209,0.052895,0.005065,0.979206,0.636095,0.347749,9.741534,0.014153,0.001383,-0.003380,0.222177,0.843623,-1.208706,100331.0000
1764073827276001055,2025-11-25 18:00:27.273,0.572450,2.797862,55.951283,0.053744,0.009123,0.976622,0.461746,0.254296,9.647912,0.006337,0.008253,-0.006831,0.226020,0.844565,-1.210222,100331.0000
1764073827374612240,2025-11-25 18:00:27.373,0.592200,2.745505,55.955723,0.051362,0.011209,0.976636,0.599952,0.052376,9.751037,0.004381,0.006068,-0.002495,0.223619,0.844097,-1.209216,100330.0000
1764073827475003684,2025-11-25 18:00:27.473,0.599980,2.692770,55.965763,0.047280,0.009232,0.975453,0.551332,-0.288652,9.720348,-0.001260,0.003453,-0.000669,0.224579,0.843623,-1.209223,100334.0000
1764073827574841906,2025-11-25 18:00:27.573,0.589153,2.675112,55.979065,0.042586,0.012140,0.976084,0.609730,0.083674,9.768587,0.002773,-0.011848,0.007352,0.222642,0.842639,-1.210143,100342.0000
1764073827674377980,2025-11-25 18:00:27.672,0.571523,2.683786,55.997047,0.046317,0.010852,0.978136,0.739766,-0.278141,9.854429,-0.004873,-0.003361,-0.002136,0.225065,0.843168,-1.208260,100335.0000
1764073827774536147,2025-11-25 18:00:27.773,0.551783,2.719849,56.025234,0.045774,0.008922,0.978605,0.429857,0.143486,9.882626,0.000697,-0.006627,-0.005738,0.225059,0.844093,-1.209719,100329.0000
1764073827875189647,2025-11-25 18:00:27.873,0.545429,2.756468,56.068180,0.050741,0.006991,0.979276,0.556244,-0.194872,9.779395,-0.001227,-0.007850,-0.011306,0.225078,0.845557,-1.208296,100326.0000
1764073827974622147,2025-11-25 18:00:27.973,0.564546,2.757710,56.117447,0.051419,0.006149,0.977529,0.532078,-0.345373,9.896996,0.013410,0.008888,-0.008935,0.221676,0.842625,-1.210610,100331.0000
1764073828074214536,2025-11-25 18:00:28.072,0.607893,2.730367,56.162109,0.047847,0.008707,0.976225,0.148846,0.057846,9.567245,0.005923,0.005996,-0.004053,0.220235,0.845454,-1.212076,100332.0000
1764073828175050739,2025-11-25 18:00:28.173,0.643266,2.691921,56.210911,0.045724,0.011012,0.977631,0.609015,-0.045305,9.826530,0.007116,0.000237,-0.010829,0.221678,0.843102,-1.210617,100325.0000
1764073828275281332,2025-11-25 18:00:28.273,0.662163,2.660852,56.280094,0.044852,0.013898,0.977870,0.423348,0.433367,9.783405,-0.006227,-0.000768,-0.022571,0.219754,0.844039,-1.211085,100324.0000
1764073828375529869,2025-11-25 18:00:28.373,0.647677,2.655862,56.363918,0.043767,0.011048,0.978349,0.403215,0.183306,9.731451,-0.006903,-0.005664,-0.014111,0.218791,0.843089,-1.210574,100333.0000
1764073828474640239,2025-11-25 18:00:28.473,0.614556,2.684757,56.412395,0.047597,0.008708,0.978318,0.611509,-0.047383,9.900243,-0.006921,-0.003962,-0.000655,0.216376,0.841168,-1.210510,100330.0000
1764073828575119998,2025-11-25 18:00:28.573,0.591339,2.689535,56.408215,0.051729,0.006717,0.976548,0.683206,0.143614,9.807098,0.004702,-0.003799,0.010140,0.219294,0.843620,-1.208182,100334.0000
1764073828674689665,2025-11-25 18:00:28.673,0.597189,2.652407,56.406040,0.047077,0.008275,0.974974,0.170968,0.205307,9.771798,0.004323,0.008926,-0.006563,0.215937,0.845048,-1.207673,100331.0000
1764073828774732702,2025-11-25 18:00:28.773,0.621475,2.632249,56.462128,0.041100,0.010838,0.975462,0.266920,-0.192516,9.610235,0.009672,-0.006493,-0.020701,0.217831,0.841205,-1.209087,100331.0000
1764073828874721609,2025-11-25 18:00:28.873,0.645553,2.642837,56.542377,0.043489,0.010814,0.979360,0.450001,0.104887,9.724199,-0.002085,-0.009794,-0.008833,0.216877,0.843579,-1.209591,100332.0000
1764073828976020591,2025-11-25 18:00:28.973,0.660559,2.662020,56.627552,0.045881,0.011384,0.979724,0.302020,0.203189,9.792309,0.008874,-0.009083,-0.010925,0.213985,0.842610,-1.209533,100337.0000
1764073829080883461,2025-11-25 18:00:29.073,0.659161,2.665515,56.708752,0.046759,0.010984,0.979188,0.512776,0.103916,9.884433,-0.005145,-0.003850,-0.009117,0.214472,0.843100,-1.209066,100331.0000
1764073829178536813,2025-11-25 18:00:29.173,0.645349,2.676317,56.780361,0.045332,0.010414,0.975380,0.579079,0.026159,9.767668,-0.002969,-0.002469,-0.011322,0.215433,0.844985,-1.210554,100329.0000
1764073829276230942,2025-11-25 18:00:29.274,0.620121,2.690500,56.849659,0.047091,0.008933,0.977203,0.872845,0.092840,9.895696,0.000801,-0.000674,-0.002058,0.212079,0.844065,-1.208083,100330.0000
1764073829374952368,2025-11-25 18:00:29.373,0.604910,2.717111,56.912533,0.044483,0.007568,0.976330,0.533661,0.506441,9.735552,0.000869,-0.007812,-0.012314,0.211114,0.843583,-1.208061,100334.0000
1764073829475269516,2025-11-25 18:00:29.473,0.601819,2.766991,56.992428,0.050288,0.006571,0.976873,0.677732,0.121178,9.732239,-0.002325,-0.014514,-0.013257,0.208704,0.844975,-1.209491,100335.0000
1764073829575102757,2025-11-25 18:00:29.573,0.614480,2.820899,57.076614,0.054362,0.007604,0.979320,0.830928,-0.009675,9.752337,0.004001,-0.002650,-0.012722,0.210152,0.842634,-1.207551,100331.0000
1764073829674318127,2025-11-25 18:00:29.672,0.633781,2.841209,57.161892,0.051201,0.010298,0.976316,0.352335,0.293627,9.685328,0.001271,0.005001,-0.017450,0.206290,0.843999,-1.209923,100331.0000
1764073829775194794,2025-11-25 18:00:29.773,0.639109,2.807567,57.265583,0.054807,0.010892,0.979057,0.471337,0.078405,9.767223,-0.003731,0.012089,-0.026128,0.205833,0.845003,-1.207523,100321.0000
1764073829874623498,2025-11-25 18:00:29.873,0.636876,2.706766,57.388752,0.050990,0.008449,0.977393,0.201164,0.160227,9.719212,-0.000220,0.024945,-0.016862,0.204362,0.842567,-1.209391,100329.0000
1764073829974759812,2025-11-25 18:00:29.973,0.633700,2.635357,57.485790,0.044585,0.006640,0.977638,0.415280,0.069444,9.891068,-0.003175,0.006142,-0.016785,0.201952,0.842546,-1.209836,100333.0000
1764073830074186960,2025-11-25 18:00:30.072,0.628713,2.622605,57.559822,0.040970,0.008470,0.975969,-0.063848,-0.171366,9.581902,0.002093,-0.006615,-0.013992,0.203915,0.845482,-1.207021,100330.0000
1764073830175602886,2025-11-25 18:00:30.173,0.622893,2.644253,57.643101,0.041828,0.007671,0.976743,0.374197,0.189041,9.987643,0.000226,-0.010791,-0.012373,0.201484,0.843520,-1.208881,100329.0000
1764073830274925146,2025-11-25 18:00:30.273,0.629642,2.713187,57.715538,0.044753,0.008021,0.977019,0.790552,0.267534,9.876097,0.002325,-0.024954,-0.011216,0.200052,0.845901,-1.208897,100342.0000
1764073830375173053,2025-11-25 18:00:30.373,0.634425,2.740029,57.746414,0.053023,0.008103,0.979526,1.254017,0.012246,10.002719,0.001030,-0.000182,-0.005020,0.199582,0.847343,-1.208430,100331.0000
1764073830474987497,2025-11-25 18:00:30.473,0.650480,2.700269,57.750187,0.052899,0.008338,0.979716,0.887334,0.111695,9.805521,0.001320,0.020895,0.001852,0.200521,0.843515,-1.208867,100333.0000
1764073830574596905,2025-11-25 18:00:30.573,0.647786,2.610677,57.739853,0.042719,0.011107,0.975983,0.001428,0.363364,9.544473,-0.005071,0.024136,-0.000511,0.199555,0.841143,-1.207854,100335.0000
1764073830674287071,2025-11-25 18:00:30.672,0.632726,2.555016,57.722107,0.038462,0.009194,0.975885,0.389690,0.018957,9.932537,-0.001383,-0.000622,0.000054,0.201984,0.844985,-1.207466,100331.0000
1764073830774812238,2025-11-25 18:00:30.773,0.626490,2.558534,57.708359,0.040108,0.008525,0.977109,0.271588,-0.017571,9.779256,-0.003006,-0.004851,0.004976,0.202441,0.842569,-1.208881,100324.0000
1764073830875339904,2025-11-25 18:00:30.873,0.629779,2.585166,57.687469,0.044681,0.007894,0.979158,0.172143,0.240448,9.635608,0.007227,-0.006791,0.008345,0.203429,0.844524,-1.206999,100328.0000
1764073830974704978,2025-11-25 18:00:30.973,0.646739,2.594595,57.633137,0.048884,0.008530,0.981270,0.725802,0.187675,9.995189,0.002535,0.004692,0.013091,0.200530,0.845893,-1.209385,100326.0000
1764073831074139219,2025-11-25 18:00:31.072,0.666369,2.550947,57.550690,0.045909,0.013418,0.977498,0.328287,0.234022,9.753710,-0.001182,0.015317,0.015877,0.203412,0.844951,-1.209413,100329.0000
1764073831176393997,2025-11-25 18:00:31.173,0.656839,2.495933,57.482471,0.041628,0.011440,0.977059,0.244665,-0.057645,9.728894,-0.002026,0.010606,0.007017,0.203424,0.843569,-1.206985,100333.0000
1764073831280622515,2025-11-25 18:00:31.278,0.641788,2.464053,57.424576,0.037278,0.010165,0.974566,0.425519,0.129318,9.724396,-0.004001,-0.002837,0.012481,0.205809,0.841639,-1.208435,100334.0000
1764073831375118515,2025-11-25 18:00:31.373,0.627650,2.472192,57.326290,0.039311,0.009994,0.976108,0.456252,0.356024,9.767105,-0.007532,-0.010401,0.027486,0.207729,0.841637,-1.208945,100333.0000
1764073831475321330,2025-11-25 18:00:31.473,0.618462,2.498264,57.204510,0.041919,0.010152,0.976151,0.355788,-0.257154,9.798729,0.000410,-0.009295,0.016253,0.208713,0.843583,-1.207544,100325.0000
1764073831574547663,2025-11-25 18:00:31.573,0.621349,2.546842,57.102993,0.045010,0.012225,0.977920,0.358662,-0.236593,9.845848,0.002631,-0.010915,0.016727,0.211597,0.844530,-1.208564,100329.0000
1764073831674405422,2025-11-25 18:00:31.673,0.632487,2.585189,57.017551,0.043045,0.011862,0.978361,0.450679,0.119431,9.785514,0.008645,-0.008007,0.013796,0.209670,0.842632,-1.207543,100333.0000
1764073831775198978,2025-11-25 18:00:31.773,0.650437,2.621384,56.946018,0.045269,0.011429,0.979005,0.588937,0.203941,9.887994,0.008027,-0.002447,0.010338,0.207285,0.843617,-1.205597,100329.0000
1764073831875357256,2025-11-25 18:00:31.873,0.675296,2.598233,56.851009,0.045965,0.010525,0.978733,0.565035,0.361999,9.588580,0.009432,0.004127,0.027434,0.212546,0.844972,-1.210511,100331.0000
1764073831975147404,2025-11-25 18:00:31.973,0.689055,2.549302,56.737667,0.044609,0.012971,0.977656,0.465189,0.277147,9.828869,0.006067,0.011541,0.018523,0.214471,0.843568,-1.209555,100330.0000
1764073832074328052,2025-11-25 18:00:32.073,0.692196,2.488633,56.631565,0.045210,0.013561,0.977830,0.632512,0.171151,9.797591,0.000714,0.013384,0.016276,0.213016,0.841173,-1.209497,100323.0000
1764073832175271589,2025-11-25 18:00:32.173,0.697741,2.444414,56.533421,0.042104,0.013369,0.975945,0.270800,0.418881,9.596334,0.004341,0.007072,0.022962,0.214944,0.842604,-1.210029,100327.0000
1764073832275345459,2025-11-25 18:00:32.273,0.695924,2.439338,56.442364,0.040785,0.013732,0.976611,0.471115,0.317538,9.808586,-0.000866,0.001867,0.013757,0.219286,0.843600,-1.209144,100331.0000
1764073832374581422,2025-11-25 18:00:32.373,0.693051,2.450342,56.342495,0.038532,0.011122,0.977363,0.380741,0.337505,9.638988,0.003694,0.000067,0.022167,0.219759,0.842636,-1.209618,100340.0000
1764073832473822107,2025-11-25 18:00:32.472,0.699551,2.460424,56.233269,0.038946,0.012700,0.977780,0.354997,0.706152,9.660150,0.001363,-0.002201,0.020240,0.221694,0.844088,-1.209187,100326.0000
1764073832574764589,2025-11-25 18:00:32.573,0.693778,2.462068,56.104137,0.040473,0.011610,0.978845,0.441214,0.287262,9.763411,0.006778,-0.002613,0.026956,0.223129,0.843129,-1.209676,100333.0000
1764073832674530126,2025-11-25 18:00:32.673,0.685473,2.453833,55.950878,0.043548,0.013614,0.978839,0.602659,0.120112,9.740174,0.001155,0.005398,0.030163,0.223147,0.843647,-1.207757,100322.0000
1764073832774653570,2025-11-25 18:00:32.773,0.676011,2.445086,55.823101,0.041866,0.013963,0.977205,0.854659,0.000659,9.998497,-0.000982,0.002460,0.021463,0.225494,0.838790,-1.212052,100328.0000
1764073832875314440,2025-11-25 18:00:32.873,0.686337,2.459560,55.732479,0.040616,0.014135,0.977723,0.651662,-0.152708,9.833968,0.005782,-0.004661,0.015859,0.229373,0.840769,-1.209732,100328.0000
1764073832974672885,2025-11-25 18:00:32.973,0.705858,2.478895,55.662285,0.045228,0.014817,0.978113,0.353466,0.108351,9.721227,0.008775,0.001610,0.015119,0.226965,0.841226,-1.210185,100331.0000
1764073833074169477,2025-11-25 18:00:33.072,0.702927,2.466788,55.602711,0.043503,0.015500,0.976981,0.076371,-0.105964,9.667143,-0.001430,0.004652,0.001788,0.228406,0.840754,-1.210199,100337.0000
1764073833175110348,2025-11-25 18:00:33.173,0.670174,2.436388,55.560177,0.043680,0.013647,0.975494,0.447754,0.031268,9.825608,-0.008284,0.001028,0.007593,0.229348,0.838817,-1.211628,100326.0000
1764073833274211922,2025-11-25 18:00:33.272,0.624625,2.420949,55.530491,0.042444,0.011764,0.976397,0.159433,0.108048,9.683507,-0.010879,-0.002249,0.000930,0.229369,0.840758,-1.210213,100329.0000
1764073833375372051,2025-11-25 18:00:33.373,0.597722,2.437981,55.504349,0.038841,0.006595,0.977084,0.313977,-0.174132,9.839428,0.003767,-0.018304,0.006357,0.230838,0.842249,-1.207849,100341.0000
1764073833473898884,2025-11-25 18:00:33.471,0.610538,2.454817,55.468853,0.043394,0.009198,0.979843,0.605516,-0.047475,9.891631,0.005106,-0.001589,0.002968,0.231796,0.843656,-1.209330,100329.0000
1764073833575096181,2025-11-25 18:00:33.573,0.647554,2.448290,55.452225,0.043724,0.011046,0.981019,0.469703,0.215368,9.937733,0.007368,0.002566,-0.001871,0.232731,0.841231,-1.211233,100328.0000
1764073833674553144,2025-11-25 18:00:33.673,0.677720,2.418300,55.467842,0.044292,0.012348,0.978099,0.617133,0.089394,9.910741,0.006848,0.009301,0.005160,0.232741,0.839371,-1.208797,100336.0000
1764073833774517273,2025-11-25 18:00:33.773,0.676729,2.364119,55.504597,0.043937,0.014375,0.975534,0.629144,0.225551,9.778131,0.004486,0.014659,-0.009507,0.233218,0.840776,-1.210270,100328.0000
1764073833874741069,2025-11-25 18:00:33.873,0.649088,2.344239,55.532513,0.037588,0.011924,0.975641,0.512897,0.168329,9.783646,-0.007717,-0.001870,-0.010961,0.229845,0.839805,-1.210205,100331.0000
1764073833974598384,2025-11-25 18:00:33.973,0.611407,2.360273,55.549515,0.038011,0.006881,0.977581,0.637266,-0.112190,9.894135,-0.001496,-0.007420,0.005652,0.234692,0.842276,-1.207425,100331.0000
1764073834078434051,2025-11-25 18:00:34.074,0.577798,2.401274,55.542793,0.040816,0.010054,0.977766,0.686040,0.307780,9.721297,-0.006369,-0.006436,0.002074,0.231794,0.843178,-1.209322,100331.0000
1764073834175136180,2025-11-25 18:00:34.173,0.554690,2.456697,55.508949,0.040638,0.005461,0.978756,0.133028,-0.037075,9.764270,0.002531,-0.008253,0.013849,0.226504,0.842220,-1.208266,100333.0000
1764073834274781884,2025-11-25 18:00:34.273,0.554168,2.484584,55.466743,0.045132,0.006874,0.977924,0.389647,-0.162679,9.760329,0.002512,-0.001038,-0.007343,0.229896,0.842296,-1.205428,100327.0000
1764073834374905532,2025-11-25 18:00:34.373,0.572029,2.467127,55.419197,0.046944,0.006427,0.977852,0.658578,0.029824,9.957850,0.004867,0.005905,0.011158,0.232745,0.841739,-1.209796,100331.0000
1764073834479645013,2025-11-25 18:00:34.473,0.600666,2.434027,55.350994,0.040893,0.006832,0.976823,0.046007,-0.315001,9.786748,0.010828,0.005462,0.028668,0.233243,0.842728,-1.208373,100331.0000
1764073834582043865,2025-11-25 18:00:34.578,0.623588,2.424113,55.261204,0.040474,0.013540,0.978500,0.393820,0.318766,9.819976,0.007789,0.004168,0.010511,0.232290,0.843221,-1.207404,100326.0000
1764073834675124698,2025-11-25 18:00:34.673,0.632506,2.421004,55.180519,0.041129,0.010237,0.978015,0.357621,-0.411979,9.977217,0.000124,0.009006,0.026190,0.236116,0.842232,-1.209853,100331.0000
1764073834774674273,2025-11-25 18:00:34.773,0.614478,2.393947,55.112881,0.045733,0.014640,0.977773,0.497855,-0.142974,9.681211,-0.001690,0.008209,0.020412,0.238043,0.841306,-1.208904,100325.0000
1764073834882838347,2025-11-25 18:00:34.881,0.602050,2.356972,55.036018,0.040654,0.009716,0.976014,0.434359,-0.304320,9.872764,0.002688,0.008869,0.015112,0.238994,0.841280,-1.210362,100339.0000
1764073834977602328,2025-11-25 18:00:34.974,0.591222,2.336127,54.956615,0.040605,0.011607,0.976415,0.345218,-0.208666,9.759202,-0.003766,0.005044,0.011579,0.238025,0.840787,-1.210822,100327.0000
1764073835074281865,2025-11-25 18:00:35.073,0.590167,2.324006,54.872574,0.037217,0.009361,0.976487,0.114416,0.360500,9.651720,-0.004189,0.002242,0.006755,0.241400,0.841290,-1.210398,100331.0000
1764073835193536698,2025-11-25 18:00:35.180,0.600234,2.332555,54.803871,0.037443,0.010426,0.979013,0.328656,0.325998,9.861822,-0.000215,-0.000929,0.012862,0.240451,0.841794,-1.208947,100331.0000
1764073835276916883,2025-11-25 18:00:35.275,0.603251,2.389552,54.742336,0.037776,0.008423,0.978327,0.499370,0.141369,9.736766,-0.002365,-0.007828,0.014827,0.241396,0.839867,-1.209895,100331.0000
1764073835377858568,2025-11-25 18:00:35.372,0.613605,2.466474,54.675030,0.042102,0.009873,0.978831,0.796969,-0.091035,9.926010,0.009633,-0.010905,0.013920,0.242845,0.840829,-1.209931,100338.0000
1764073835474932031,2025-11-25 18:00:35.473,0.628312,2.523674,54.608311,0.048794,0.010135,0.979388,1.024873,-0.234070,10.060360,0.001178,-0.007664,0.011495,0.242339,0.837463,-1.210835,100331.0000
1764073835577405050,2025-11-25 18:00:35.573,0.638344,2.525462,54.546745,0.053479,0.013181,0.977755,0.595888,0.108951,9.621073,-0.003457,0.009698,0.002847,0.244292,0.840846,-1.209471,100334.0000
1764073835675020550,2025-11-25 18:00:35.673,0.638070,2.475853,54.513206,0.048525,0.013432,0.974701,0.266576,0.268996,9.711298,0.005377,0.011077,0.003211,0.242848,0.840840,-1.209449,100332.0000
1764073835775405883,2025-11-25 18:00:35.773,0.629433,2.400699,54.498085,0.042978,0.010289,0.975066,0.429688,-0.060924,9.675374,-0.001328,0.010367,0.003406,0.242357,0.840339,-1.210397,100329.0000
1764073835875040050,2025-11-25 18:00:35.873,0.618197,2.353438,54.481091,0.036966,0.010265,0.975864,0.290215,-0.059478,9.777298,0.000946,-0.004883,0.005957,0.243791,0.838435,-1.210389,100330.0000
1764073835979267513,2025-11-25 18:00:35.974,0.600577,2.388329,54.475819,0.036596,0.011685,0.978271,0.532675,0.353620,9.791368,-0.006662,-0.014300,-0.010166,0.246715,0.839017,-1.206107,100333.0000
1764073836074307105,2025-11-25 18:00:36.073,0.587513,2.487130,54.480228,0.041382,0.007673,0.981766,0.502069,0.254475,9.728632,0.004938,-0.019870,0.002603,0.243322,0.839409,-1.209434,100334.0000
1764073836175381364,2025-11-25 18:00:36.173,0.585289,2.600066,54.500248,0.048262,0.008087,0.979250,0.390876,0.120480,9.780121,-0.004983,-0.010044,0.005146,0.244292,0.839433,-1.208486,100334.0000
1764073836274624586,2025-11-25 18:00:36.273,0.585871,2.650878,54.533600,0.053015,0.008554,0.975848,0.642048,-0.154823,9.913276,0.005806,-0.000621,-0.002840,0.239479,0.839879,-1.208903,100339.0000
1764073836374398216,2025-11-25 18:00:36.373,0.590256,2.624079,54.573383,0.051277,0.008871,0.974291,0.152969,-0.114622,9.693907,-0.001718,0.003524,-0.010517,0.241898,0.839453,-1.207006,100339.0000
1764073836474803623,2025-11-25 18:00:36.473,0.596937,2.559282,54.611523,0.045542,0.008369,0.975209,0.024521,0.264500,9.546037,0.009945,0.009077,-0.010635,0.241889,0.839900,-1.208457,100325.0000
1764073836575397160,2025-11-25 18:00:36.573,0.595422,2.500372,54.665668,0.043204,0.009537,0.978058,0.607330,0.209880,9.787885,-0.003582,0.003717,-0.006199,0.243329,0.842254,-1.210441,100337.0000
1764073836674599420,2025-11-25 18:00:36.673,0.586372,2.500699,54.739285,0.041305,0.008833,0.979064,0.534632,0.044946,9.910009,0.003047,-0.003853,-0.007318,0.240440,0.841763,-1.210391,100325.0000
1764073836774533642,2025-11-25 18:00:36.773,0.580475,2.571944,54.810905,0.043706,0.006959,0.980705,0.452571,-0.104397,10.004616,0.001394,-0.014621,-0.016528,0.239964,0.838946,-1.207933,100343.0000
1764073836875266419,2025-11-25 18:00:36.873,0.577116,2.657319,54.862705,0.047897,0.007548,0.977202,0.373903,-0.129481,9.752419,0.000785,-0.010457,-0.009516,0.236102,0.840311,-1.210305,100334.0000
1764073836981135179,2025-11-25 18:00:36.973,0.569359,2.694161,54.898407,0.053079,0.007892,0.978017,0.562413,0.245333,9.869511,-0.003887,0.003676,-0.012563,0.236605,0.840842,-1.207913,100338.0000
1764073837074239308,2025-11-25 18:00:37.072,0.567240,2.658954,54.916813,0.051935,0.008339,0.975854,0.485048,0.288496,9.703937,0.005355,0.012543,-0.001609,0.236107,0.839854,-1.209335,100338.0000
1764073837175201049,2025-11-25 18:00:37.173,0.565790,2.606077,54.912231,0.046825,0.006726,0.975677,0.809784,0.015512,9.842746,0.005570,0.012839,0.002076,0.235653,0.841336,-1.206943,100333.0000
1764073837283354697,2025-11-25 18:00:37.279,0.564526,2.581554,54.901730,0.045341,0.009311,0.977532,0.739335,-0.170848,9.940804,-0.003721,-0.000937,0.007981,0.236116,0.842232,-1.209853,100330.0000
1764073837374380104,2025-11-25 18:00:37.372,0.571311,2.595945,54.892403,0.041671,0.009897,0.976776,0.128537,0.480913,9.633307,0.008802,-0.011399,-0.013494,0.236595,0.840344,-1.208868,100333.0000
1764073837474850345,2025-11-25 18:00:37.473,0.581577,2.639868,54.900017,0.047565,0.008628,0.979029,0.480206,-0.175186,9.730678,0.003012,-0.008415,-0.001451,0.236588,0.842681,-1.211311,100329.0000
1764073837575290549,2025-11-25 18:00:37.573,0.584889,2.682643,54.917080,0.049722,0.010341,0.978452,0.516159,0.394756,9.769492,0.001649,-0.005540,-0.000022,0.235620,0.840777,-1.210787,100329.0000
1764073837674790252,2025-11-25 18:00:37.673,0.579193,2.728311,54.927216,0.051372,0.006670,0.977484,0.587371,0.113860,9.843575,-0.000810,-0.010793,0.009341,0.235156,0.842705,-1.209846,100337.0000
1764073837775072511,2025-11-25 18:00:37.773,0.581714,2.744379,54.936367,0.053224,0.008756,0.977211,0.381892,0.172794,9.592371,0.003560,-0.004012,-0.008777,0.234670,0.840335,-1.208840,100332.0000
1764073837875159030,2025-11-25 18:00:37.873,0.576514,2.715698,54.966137,0.052182,0.009337,0.976824,0.656623,-0.043989,10.063835,-0.007040,0.009771,-0.022974,0.233219,0.840308,-1.209781,100333.0000
1764073837974616456,2025-11-25 18:00:37.973,0.581190,2.686440,55.011730,0.047921,0.008325,0.976396,0.790714,0.178401,9.985030,0.005826,-0.000704,-0.007617,0.233726,0.840849,-1.206907,100328.0000
1764073838074159363,2025-11-25 18:00:38.072,0.586623,2.688726,55.088814,0.049075,0.009239,0.977853,0.514121,0.048449,9.762659,-0.004630,-0.000384,-0.020399,0.231782,0.839377,-1.208301,100326.0000
1764073838175355382,2025-11-25 18:00:38.173,0.600406,2.691295,55.180038,0.048226,0.007340,0.977577,0.844805,-0.030384,9.749757,0.014103,-0.004234,-0.025650,0.232284,0.842733,-1.207878,100329.0000
1764073838274745900,2025-11-25 18:00:38.273,0.616788,2.719894,55.283321,0.047357,0.009163,0.977437,0.337211,-0.072746,9.544603,0.005309,-0.008423,-0.016844,0.229850,0.839348,-1.209235,100338.0000
1764073838374725863,2025-11-25 18:00:38.373,0.615614,2.763769,55.395828,0.050478,0.008580,0.977188,0.282943,0.120861,9.698477,-0.004980,-0.006861,-0.027158,0.230331,0.839350,-1.209242,100334.0000
1764073838474473178,2025-11-25 18:00:38.473,0.606980,2.775280,55.488739,0.053027,0.007532,0.977027,0.516864,0.282949,9.790690,0.000856,0.001192,-0.024713,0.226018,0.841262,-1.208245,100335.0000
1764073838574639696,2025-11-25 18:00:38.573,0.589381,2.769181,55.575706,0.049512,0.006618,0.977279,0.643854,0.263965,9.919348,0.002683,-0.001501,-0.010085,0.225073,0.843189,-1.207297,100337.0000
1764073838698477178,2025-11-25 18:00:38.683,0.570350,2.748547,55.657444,0.048189,0.006249,0.977425,0.558659,0.105506,9.750956,-0.004580,-0.003739,0.000361,0.223608,0.840296,-1.208194,100333.0000
1764073838774306455,2025-11-25 18:00:38.772,0.562287,2.732871,55.698357,0.050479,0.007049,0.977572,0.534016,0.069813,9.943106,0.000518,-0.000405,0.005968,0.224081,0.840278,-1.209164,100339.0000
1764073838874395789,2025-11-25 18:00:38.873,0.562378,2.732031,55.723484,0.052029,0.007776,0.977568,0.593096,0.008713,9.911160,-0.006319,0.002654,-0.014124,0.226491,0.842656,-1.210199,100333.0000
1764073838974638214,2025-11-25 18:00:38.973,0.570855,2.717922,55.779362,0.052231,0.006449,0.979037,0.380689,0.228262,9.773932,0.004014,0.009288,-0.009589,0.223623,0.844107,-1.208735,100334.0000
1764073839074189937,2025-11-25 18:00:39.072,0.592995,2.706769,55.861244,0.047305,0.008570,0.976539,0.535151,0.095686,9.792928,0.005828,0.003400,-0.018380,0.223622,0.843162,-1.208238,100335.0000
1764073839174829233,2025-11-25 18:00:39.173,0.617722,2.717751,55.938152,0.044632,0.009394,0.976271,0.363313,-0.024059,9.746409,0.000591,-0.010548,-0.031373,0.222151,0.838368,-1.208626,100333.0000
1764073839275210918,2025-11-25 18:00:39.273,0.631817,2.716305,56.000221,0.049422,0.010247,0.978016,0.377374,0.293159,9.740762,0.006803,-0.004345,-0.018475,0.221223,0.843639,-1.207729,100327.0000
1764073839375030918,2025-11-25 18:00:39.373,0.631851,2.712997,56.060776,0.051076,0.010002,0.978685,0.830524,0.107558,10.034143,-0.002461,0.002064,-0.000698,0.220703,0.841177,-1.211055,100329.0000
1764073839475068510,2025-11-25 18:00:39.473,0.616929,2.719469,56.119610,0.048422,0.010642,0.977072,0.749073,0.164952,9.901208,-0.009322,-0.003941,-0.001380,0.217362,0.839821,-1.206651,100334.0000
1764073839575134807,2025-11-25 18:00:39.573,0.589070,2.730440,56.198887,0.052232,0.008290,0.976441,0.930805,-0.381817,9.921696,-0.005791,0.003960,-0.005253,0.215445,0.843603,-1.208125,100335.0000
1764073839674505955,2025-11-25 18:00:39.673,0.584713,2.703570,56.291340,0.049173,0.007650,0.975974,0.383477,-0.190948,9.502487,-0.010279,0.004820,-0.018165,0.216403,0.843597,-1.208621,100334.0000
1764073839774911714,2025-11-25 18:00:39.773,0.595554,2.690854,56.374302,0.043801,0.006052,0.975597,0.191669,-0.217362,9.610573,0.003323,-0.005111,-0.027006,0.214946,0.840724,-1.208555,100334.0000
1764073839875055066,2025-11-25 18:00:39.873,0.618898,2.710767,56.454865,0.044694,0.007865,0.977540,0.431282,0.324559,9.623247,0.004770,-0.008185,-0.023062,0.213509,0.843563,-1.209541,100329.0000
1764073839974637047,2025-11-25 18:00:39.973,0.646244,2.763867,56.554268,0.045977,0.008946,0.977033,0.430649,0.423136,9.746434,0.003832,-0.015586,-0.018234,0.211589,0.843097,-1.208542,100335.0000
1764073840074217121,2025-11-25 18:00:40.072,0.656614,2.825210,56.660202,0.049542,0.009554,0.978912,0.493815,-0.019482,9.704935,0.000084,-0.012749,-0.018555,0.208699,0.841662,-1.207996,100338.0000
1764073840175918769,2025-11-25 18:00:40.173,0.656834,2.873113,56.767494,0.057735,0.006783,0.980741,0.527698,-0.235785,9.739993,-0.000158,-0.002403,-0.012923,0.209670,0.841686,-1.207048,100328.0000
1764073840274673047,2025-11-25 18:00:40.273,0.640907,2.847941,56.845371,0.057959,0.009429,0.977157,0.745830,0.111211,9.686536,-0.004335,0.000880,-0.021937,0.207242,0.843505,-1.210892,100339.0000
1764073840374582251,2025-11-25 18:00:40.373,0.616345,2.793397,56.939800,0.053054,0.009586,0.976299,1.008477,-0.088969,9.950535,-0.005540,0.011045,-0.019489,0.204862,0.841675,-1.206495,100343.0000
1764073840474649658,2025-11-25 18:00:40.473,0.596887,2.709295,57.034470,0.050823,0.007404,0.976386,0.976786,0.155019,9.810741,0.005745,0.018294,-0.005676,0.205339,0.841667,-1.206984,100338.0000
1764073840575563565,2025-11-25 18:00:40.573,0.592522,2.601930,57.119190,0.046063,0.005251,0.977130,0.442792,0.037755,9.687303,0.001158,0.025884,-0.007940,0.206303,0.843562,-1.207990,100335.0000
1764073840674396936,2025-11-25 18:00:40.673,0.605592,2.558888,57.216122,0.040870,0.008045,0.976742,0.191574,0.498087,9.643498,0.005100,0.001680,-0.022438,0.206316,0.844537,-1.207042,100339.0000
1764073840774880010,2025-11-25 18:00:40.773,0.627117,2.614993,57.328518,0.040777,0.007420,0.976662,0.687391,-0.087198,9.915458,0.005930,-0.012142,-0.019109,0.203404,0.843518,-1.209391,100338.0000
1764073840874976139,2025-11-25 18:00:40.873,0.642236,2.708974,57.420464,0.043212,0.005705,0.978014,0.015196,-0.199365,9.465170,0.012938,-0.017896,-0.006694,0.198584,0.842531,-1.209787,100339.0000
1764073840974996047,2025-11-25 18:00:40.973,0.649216,2.785502,57.460579,0.049962,0.007612,0.978731,0.426232,-0.220476,9.907796,-0.002599,-0.012482,-0.003856,0.197633,0.843970,-1.209313,100334.0000
1764073841074170658,2025-11-25 18:00:41.072,0.653048,2.809674,57.488937,0.051544,0.009738,0.975632,0.184479,-0.057408,9.502330,0.000365,-0.014051,0.003582,0.200050,0.844011,-1.207905,100328.0000
1764073841176471713,2025-11-25 18:00:41.173,0.644740,2.819476,57.524071,0.055435,0.010713,0.979092,0.504413,0.409672,9.761324,0.001330,-0.008009,-0.006096,0.199551,0.843491,-1.209816,100332.0000
1764073841275079620,2025-11-25 18:00:41.273,0.614861,2.781174,57.546108,0.057402,0.010234,0.978299,0.806621,0.006041,9.942685,-0.004419,0.012261,-0.002957,0.198616,0.844970,-1.207416,100341.0000
1764073841375134491,2025-11-25 18:00:41.373,0.581066,2.691364,57.532803,0.049070,0.007309,0.976585,0.416367,-0.157705,9.636034,-0.012273,0.015082,0.011375,0.201034,0.844544,-1.205519,100338.0000
1764073841474678046,2025-11-25 18:00:41.473,0.561628,2.610413,57.498077,0.044769,0.006831,0.975334,0.411042,0.017292,9.837854,-0.005621,0.010916,0.004261,0.199576,0.844497,-1.207424,100331.0000
1764073841574505120,2025-11-25 18:00:41.573,0.568914,2.571233,57.502296,0.041068,0.007581,0.976844,0.024943,-0.004630,9.466498,0.004662,-0.000903,-0.012548,0.201011,0.844483,-1.208408,100331.0000
1764073841674520379,2025-11-25 18:00:41.673,0.605909,2.600344,57.507454,0.039336,0.006700,0.977571,0.115596,-0.047960,9.578485,0.006643,-0.016800,0.006483,0.198131,0.844958,-1.207891,100340.0000
1764073841775400954,2025-11-25 18:00:41.773,0.649723,2.657796,57.466755,0.044000,0.008369,0.979543,0.753379,-0.042772,10.079204,0.009022,-0.021882,0.017132,0.199564,0.843054,-1.207883,100337.0000
1764073841875352120,2025-11-25 18:00:41.873,0.682401,2.739739,57.394592,0.045490,0.013885,0.976288,0.646775,0.316561,9.830395,0.009561,-0.021978,0.013774,0.201976,0.843552,-1.207444,100333.0000
1764073841974689490,2025-11-25 18:00:41.973,0.688074,2.800507,57.323135,0.054231,0.015643,0.978238,0.612413,-0.015702,9.552082,0.002850,-0.005309,0.017029,0.200513,0.841137,-1.208349,100331.0000
1764073842074238083,2025-11-25 18:00:42.073,0.658623,2.815407,57.272141,0.054404,0.013965,0.976809,0.497951,0.331705,9.836355,-0.004348,-0.002418,0.007458,0.202456,0.844022,-1.207940,100328.0000
1764073842175158101,2025-11-25 18:00:42.173,0.631602,2.788897,57.222378,0.053075,0.009907,0.977469,0.677479,0.039376,9.742263,0.001822,0.008617,0.025056,0.201018,0.843558,-1.206949,100331.0000
1764073842274806620,2025-11-25 18:00:42.273,0.602655,2.721019,57.174953,0.051888,0.010441,0.979125,0.332685,-0.243908,9.882192,-0.000247,0.006722,-0.002059,0.203410,0.843061,-1.208421,100331.0000
1764073842374970324,2025-11-25 18:00:42.373,0.593471,2.635531,57.128113,0.048211,0.009463,0.976640,0.445451,0.079414,9.677518,0.006282,0.013037,0.016104,0.204359,0.841144,-1.208888,100337.0000
1764073842475344675,2025-11-25 18:00:42.473,0.603294,2.569839,57.094414,0.043390,0.009313,0.975639,0.271932,0.075424,9.793184,0.003149,0.004647,-0.002390,0.204360,0.840677,-1.208399,100331.0000
1764073842574837231,2025-11-25 18:00:42.573,0.603671,2.551076,57.053905,0.039206,0.009334,0.974801,0.527125,-0.154405,9.686062,0.002690,-0.004852,0.015346,0.205840,0.844078,-1.206065,100334.0000
1764073842674432120,2025-11-25 18:00:42.673,0.599919,2.587224,57.017078,0.041233,0.010935,0.979893,0.372896,0.095738,9.773706,0.002986,-0.009147,0.001869,0.206797,0.846898,-1.208530,100338.0000
1764073842774971694,2025-11-25 18:00:42.773,0.607898,2.657373,56.999931,0.044909,0.009219,0.978990,0.330559,-0.138548,9.801278,-0.002737,-0.012943,0.000753,0.206779,0.844021,-1.208967,100321.0000
1764073842875014953,2025-11-25 18:00:42.873,0.626320,2.742208,56.978786,0.048710,0.008775,0.978879,0.397320,0.106041,9.757585,0.010208,-0.015224,0.007268,0.206786,0.843096,-1.207508,100344.0000
1764073842974684231,2025-11-25 18:00:42.973,0.640442,2.785542,56.955952,0.056656,0.012412,0.978526,0.523842,0.169123,9.858523,-0.002098,-0.000588,0.001331,0.203404,0.842573,-1.208895,100333.0000
1764073843074188619,2025-11-25 18:00:43.072,0.628590,2.744913,56.936867,0.054463,0.013190,0.975380,0.541938,0.038938,9.865083,0.005689,0.010136,-0.006451,0.206260,0.842505,-1.212789,100335.0000
1764073843175329619,2025-11-25 18:00:43.173,0.601036,2.633751,56.939827,0.051688,0.011321,0.975869,0.554237,0.038031,9.723605,-0.002939,0.018860,-0.000871,0.208228,0.842157,-1.207034,100329.0000
1764073843274883119,2025-11-25 18:00:43.273,0.585353,2.511233,56.963051,0.045171,0.008120,0.976111,0.344966,0.170806,9.687840,0.000004,0.011990,-0.011339,0.211115,0.842170,-1.207076,100324.0000
1764073843376170841,2025-11-25 18:00:43.373,0.600869,2.437269,56.958050,0.040346,0.005926,0.978131,0.967600,0.137086,9.965557,0.008516,0.014245,0.002236,0.207729,0.841637,-1.208945,100333.0000
1764073843475336119,2025-11-25 18:00:43.473,0.615247,2.439433,56.927135,0.034320,0.009169,0.978065,0.421034,0.173310,9.657766,-0.001181,0.004878,0.007430,0.209194,0.843585,-1.207551,100338.0000
1764073843574709656,2025-11-25 18:00:43.573,0.620225,2.531780,56.873455,0.037221,0.008406,0.977307,0.179987,0.073318,9.717976,0.003500,-0.022380,0.014594,0.209191,0.844520,-1.208529,100333.0000
1764073843677583786,2025-11-25 18:00:43.675,0.613623,2.631740,56.798191,0.045947,0.010957,0.979306,0.508544,0.111344,9.819010,-0.005177,-0.017116,0.015841,0.207753,0.842643,-1.206552,100334.0000
1764073843774863971,2025-11-25 18:00:43.773,0.613403,2.696015,56.720249,0.049081,0.008961,0.977094,0.474239,-0.014054,9.810634,0.002265,-0.010583,0.012280,0.209669,0.843099,-1.208032,100335.0000
1764073843874810545,2025-11-25 18:00:43.873,0.627513,2.694915,56.645382,0.052156,0.011806,0.978864,0.514650,-0.041670,9.788162,0.000418,0.013753,0.013158,0.210119,0.840662,-1.210410,100333.0000
1764073843974801711,2025-11-25 18:00:43.973,0.636950,2.628884,56.598564,0.049252,0.012760,0.975278,0.378016,0.084325,9.743940,0.006396,0.019483,0.012850,0.212075,0.844055,-1.208564,100331.0000
1764073844074170952,2025-11-25 18:00:44.072,0.640875,2.548799,56.552193,0.047528,0.011024,0.977298,0.456922,0.135026,9.819510,0.003622,0.014070,0.012169,0.215432,0.841682,-1.208577,100333.0000
1764073844174960471,2025-11-25 18:00:44.173,0.644998,2.492869,56.496147,0.042533,0.011403,0.977939,0.129771,0.071768,9.547325,0.003994,0.010811,0.016682,0.214953,0.842157,-1.208577,100333.0000
1764073844277137878,2025-11-25 18:00:44.274,0.630498,2.468193,56.436275,0.039583,0.012391,0.976791,0.077584,0.361129,9.730766,0.000330,-0.000135,0.010047,0.214001,0.843596,-1.208104,100337.0000
1764073844374637230,2025-11-25 18:00:44.373,0.617538,2.468134,56.361134,0.039036,0.009154,0.978279,0.378960,0.080366,9.816496,0.003597,-0.005095,0.013157,0.218803,0.843120,-1.209130,100337.0000
1764073844475986896,2025-11-25 18:00:44.473,0.623834,2.454638,56.273151,0.040157,0.009437,0.976919,0.357142,0.141397,9.768768,0.005297,0.001323,0.020940,0.220243,0.844061,-1.210129,100337.0000
1764073844576057156,2025-11-25 18:00:44.573,0.646448,2.434283,56.150059,0.037807,0.010285,0.978001,0.326397,0.200333,9.765150,0.001205,-0.004418,0.019776,0.219270,0.842614,-1.210574,100335.0000
1764073844674470396,2025-11-25 18:00:44.673,0.671597,2.436697,56.003326,0.039238,0.014099,0.977652,0.608146,0.417076,9.889994,0.000787,-0.002582,0.024004,0.222166,0.843592,-1.210150,100333.0000
1764073844774696785,2025-11-25 18:00:44.773,0.669948,2.476463,55.847095,0.039734,0.015224,0.979015,0.231820,0.387334,9.643413,0.001745,-0.005791,0.031698,0.224555,0.842617,-1.211615,100327.0000
1764073844874631729,2025-11-25 18:00:44.873,0.636225,2.513516,55.703812,0.045942,0.015481,0.978441,0.122001,0.203599,9.554150,0.002492,-0.000774,0.024854,0.224572,0.839833,-1.207720,100337.0000
1764073844974258452,2025-11-25 18:00:44.972,0.602920,2.510771,55.553520,0.045044,0.012404,0.976911,0.447781,0.108389,9.778045,0.001635,0.004439,0.032821,0.225050,0.840770,-1.208705,100340.0000
1764073845074170785,2025-11-25 18:00:45.072,0.594111,2.472008,55.421158,0.045142,0.011634,0.976315,0.561119,-0.096720,9.937753,-0.000531,0.011779,0.019169,0.230817,0.840308,-1.209264,100334.0000
1764073845176309007,2025-11-25 18:00:45.173,0.614214,2.413507,55.310471,0.040877,0.011169,0.976170,0.384092,0.064724,9.815969,0.011131,0.007342,0.013213,0.232264,0.841737,-1.209789,100335.0000
1764073845275095488,2025-11-25 18:00:45.273,0.634007,2.381406,55.229984,0.039004,0.013855,0.977444,0.314458,0.313684,9.670962,0.002146,0.002307,0.005470,0.235137,0.838884,-1.209788,100329.0000
1764073845374676229,2025-11-25 18:00:45.373,0.640445,2.385675,55.166473,0.040395,0.011561,0.979445,0.478703,0.238624,9.800792,0.002356,-0.003410,0.011116,0.231766,0.838391,-1.209731,100339.0000
1764073845474611544,2025-11-25 18:00:45.473,0.640550,2.418455,55.090221,0.043133,0.012704,0.978689,0.715223,0.289876,9.743393,0.002701,0.003938,0.018502,0.233698,0.838420,-1.208796,100336.0000
1764073845575316025,2025-11-25 18:00:45.573,0.640643,2.442123,55.007397,0.043442,0.012625,0.978605,0.390157,0.053383,9.828431,0.002734,0.003436,0.014586,0.237056,0.837937,-1.209801,100340.0000
1764073845674391766,2025-11-25 18:00:45.673,0.632636,2.456890,54.935425,0.044461,0.013016,0.978055,0.836800,-0.057296,9.779927,0.005656,0.006093,0.016992,0.238516,0.840342,-1.209378,100335.0000
1764073845774962284,2025-11-25 18:00:45.773,0.618026,2.463209,54.889690,0.042225,0.011120,0.975528,0.577337,0.004048,9.813955,0.002131,0.006310,0.010077,0.236581,0.839836,-1.210305,100331.0000
1764073845874912581,2025-11-25 18:00:45.873,0.593272,2.454818,54.855114,0.041408,0.009688,0.976845,0.850858,-0.037591,9.847293,-0.002105,0.003725,0.006032,0.238515,0.839397,-1.208882,100331.0000
1764073845974668432,2025-11-25 18:00:45.973,0.579914,2.474633,54.825535,0.042691,0.009029,0.976447,0.592511,0.169386,9.696608,-0.007614,0.003645,0.014081,0.239470,0.837969,-1.208874,100337.0000
1764073846074339303,2025-11-25 18:00:46.073,0.580226,2.495775,54.812893,0.044398,0.009526,0.977886,0.293046,0.251625,9.712769,0.007294,0.002611,-0.004460,0.236101,0.840779,-1.210794,100335.0000
1764073846175739803,2025-11-25 18:00:46.173,0.586658,2.507112,54.826450,0.045539,0.009513,0.979523,0.530678,0.125571,9.899378,0.002832,-0.001751,-0.008056,0.237544,0.842198,-1.211800,100335.0000
1764073846274816710,2025-11-25 18:00:46.273,0.598139,2.520120,54.831928,0.045882,0.008643,0.979844,0.319572,0.059796,9.767253,0.003831,0.002044,0.008932,0.238021,0.840777,-1.211304,100336.0000
1764073846374702117,2025-11-25 18:00:46.373,0.615962,2.509014,54.795441,0.049645,0.009397,0.978706,0.472357,-0.021657,9.800694,0.002771,0.016910,0.007931,0.237998,0.838358,-1.212711,100336.0000
1764073846475379228,2025-11-25 18:00:46.473,0.622181,2.441720,54.725269,0.047743,0.010029,0.975383,0.404127,-0.002847,9.631671,-0.002249,0.020142,0.020732,0.240925,0.840363,-1.208932,100335.0000
1764073846574913303,2025-11-25 18:00:46.573,0.616570,2.377869,54.644073,0.038187,0.012522,0.975210,-0.207181,0.141890,9.609053,0.002137,0.008534,0.017242,0.239968,0.841315,-1.208933,100337.0000
1764073846674523099,2025-11-25 18:00:46.673,0.600925,2.356069,54.567451,0.034003,0.010687,0.975709,0.365435,-0.071263,9.910671,-0.000562,-0.003449,0.018192,0.240450,0.842262,-1.209436,100335.0000
1764073846775108339,2025-11-25 18:00:46.773,0.603041,2.396900,54.500164,0.038381,0.010592,0.978817,0.507826,-0.234624,9.996973,0.004131,-0.007254,0.022074,0.239970,0.841792,-1.208940,100350.0000
1764073846889400821,2025-11-25 18:00:46.876,0.598719,2.458006,54.428234,0.043500,0.011060,0.978671,0.527791,0.031193,9.866615,0.001354,-0.006074,0.010531,0.243326,0.839419,-1.208953,100339.0000
1764073846974852099,2025-11-25 18:00:46.973,0.597853,2.504801,54.363396,0.046986,0.009736,0.977996,0.458120,-0.103123,9.879642,-0.004206,0.000027,0.013454,0.244274,0.838915,-1.210404,100335.0000
1764073847074216228,2025-11-25 18:00:47.073,0.598814,2.524729,54.284916,0.048538,0.008285,0.977166,0.282957,0.041487,9.650975,0.004261,0.000086,0.014231,0.245237,0.837506,-1.209433,100335.0000
1764073847175086839,2025-11-25 18:00:47.173,0.613320,2.497013,54.180752,0.046981,0.010426,0.976879,0.244304,0.273282,9.656859,0.008904,0.008799,0.014809,0.246210,0.838009,-1.208492,100343.0000
1764073847274765376,2025-11-25 18:00:47.273,0.632768,2.436575,54.079285,0.044154,0.012926,0.977763,0.488223,0.306006,9.675154,0.004067,0.016742,0.017806,0.248125,0.838465,-1.209972,100333.0000
1764073847375014709,2025-11-25 18:00:47.373,0.645948,2.365588,54.003590,0.042072,0.014150,0.979309,0.704281,-0.046699,9.905305,0.008973,0.013515,0.010964,0.248118,0.838445,-1.210935,100337.0000
1764073847474962783,2025-11-25 18:00:47.473,0.653683,2.325185,53.927963,0.038921,0.011013,0.978483,0.547882,-0.121178,9.777164,0.001931,0.001465,0.021586,0.250547,0.839462,-1.208578,100333.0000
1764073847575238820,2025-11-25 18:00:47.573,0.650494,2.323329,53.853104,0.039502,0.014434,0.976748,0.289448,0.042354,9.569929,0.000482,-0.003481,0.013285,0.250531,0.839888,-1.210993,100330.0000
1764073847674667598,2025-11-25 18:00:47.673,0.611262,2.350511,53.787651,0.039214,0.015782,0.976356,0.264665,0.613293,9.620940,-0.010567,-0.002671,0.001257,0.252925,0.836098,-1.210007,100338.0000
1764073847774787376,2025-11-25 18:00:47.773,0.565989,2.414239,53.746052,0.040625,0.011423,0.975549,0.151558,0.357614,9.515532,-0.003859,-0.009465,0.012263,0.251500,0.838968,-1.209548,100333.0000
1764073847875040542,2025-11-25 18:00:47.873,0.543092,2.503707,53.733032,0.044324,0.006399,0.977497,0.579549,0.004343,9.858013,-0.001249,-0.018457,0.007543,0.251492,0.838947,-1.210511,100331.0000
1764073847974886579,2025-11-25 18:00:47.973,0.558863,2.572529,53.727085,0.048197,0.005157,0.978333,0.523313,-0.181832,9.682587,0.007887,-0.013295,0.008461,0.250523,0.838455,-1.210971,100337.0000
1764073848074180339,2025-11-25 18:00:48.072,0.597155,2.581938,53.712883,0.051679,0.009686,0.978312,0.601406,0.426377,9.773375,0.003657,-0.001608,0.000725,0.248606,0.838467,-1.209980,100335.0000
1764073848175501876,2025-11-25 18:00:48.173,0.630473,2.519328,53.696770,0.051159,0.010034,0.978223,0.544208,0.269056,9.804786,0.004179,0.014035,0.007211,0.251025,0.839453,-1.209067,100337.0000
1764073848275075172,2025-11-25 18:00:48.273,0.645731,2.460317,53.695778,0.045015,0.010131,0.977212,0.508299,-0.094022,9.890134,0.004726,0.010689,0.004699,0.251482,0.836091,-1.209986,100340.0000
1764073848375372376,2025-11-25 18:00:48.373,0.643034,2.429681,53.678417,0.039656,0.012390,0.976949,0.126706,0.517146,9.511408,-0.006668,-0.003991,0.000264,0.251013,0.839423,-1.210511,100327.0000
1764073848475318487,2025-11-25 18:00:48.473,0.617963,2.458815,53.670963,0.040825,0.011708,0.977772,0.459754,-0.280299,9.905991,0.002646,-0.004036,0.012359,0.251012,0.838478,-1.210015,100335.0000
1764073848575079190,2025-11-25 18:00:48.573,0.585092,2.509142,53.679817,0.045396,0.012511,0.976820,0.297561,0.276360,9.724195,-0.004613,-0.008242,-0.009777,0.250516,0.837022,-1.210949,100336.0000
1764073848674437246,2025-11-25 18:00:48.673,0.558493,2.554737,53.700661,0.046786,0.008748,0.977800,0.923352,-0.123148,10.006132,-0.007031,-0.005416,0.006518,0.250527,0.838465,-1.210489,100325.0000
1764073848775528116,2025-11-25 18:00:48.773,0.542171,2.596416,53.769279,0.047991,0.009883,0.978480,0.572402,0.069420,9.725269,0.001882,-0.005949,-0.025452,0.245723,0.836106,-1.207975,100335.0000
1764073848874389912,2025-11-25 18:00:48.873,0.549864,2.622541,53.863430,0.049464,0.006091,0.979022,0.456276,0.399577,9.797948,0.005447,-0.003466,-0.018884,0.247637,0.837030,-1.209943,100330.0000
1764073848975697320,2025-11-25 18:00:48.973,0.575173,2.615434,53.952839,0.052371,0.005039,0.977590,0.556161,-0.052227,9.670280,0.009072,0.001594,-0.013202,0.247634,0.837965,-1.210921,100325.0000
1764073849074284357,2025-11-25 18:00:49.073,0.592051,2.571478,54.037132,0.051135,0.009486,0.974776,0.433256,0.023912,9.768244,0.003671,0.013319,-0.013418,0.247172,0.838013,-1.208506,100331.0000
1764073849175465060,2025-11-25 18:00:49.173,0.599812,2.538265,54.131714,0.042797,0.009725,0.974881,0.367849,-0.109530,9.656838,-0.000049,-0.003026,-0.023800,0.245249,0.841308,-1.210455,100334.0000
1764073849274761542,2025-11-25 18:00:49.273,0.597719,2.549195,54.228104,0.041407,0.008331,0.976900,0.456877,0.370299,9.687784,-0.001935,-0.007720,-0.009385,0.240435,0.838450,-1.208896,100334.0000
1764073849374987505,2025-11-25 18:00:49.373,0.585929,2.599418,54.339542,0.044107,0.007735,0.979958,0.494218,0.272777,9.691401,0.001665,-0.015469,-0.019985,0.241380,0.838881,-1.211324,100336.0000
1764073849474660227,2025-11-25 18:00:49.473,0.565486,2.657374,54.443707,0.050204,0.007258,0.979960,0.551565,-0.216409,9.816378,-0.002032,-0.013368,-0.004792,0.240432,0.839385,-1.209873,100332.0000
1764073849574569819,2025-11-25 18:00:49.573,0.545020,2.680074,54.534698,0.053546,0.008843,0.978203,0.707431,0.153629,9.813524,-0.004577,-0.004048,-0.013974,0.238064,0.843247,-1.207489,100339.0000
1764073849674274208,2025-11-25 18:00:49.673,0.529623,2.646965,54.626282,0.053229,0.006208,0.977741,0.582507,-0.074440,9.919412,-0.001638,0.006618,-0.011146,0.236584,0.838901,-1.209327,100335.0000
1764073849774754134,2025-11-25 18:00:49.773,0.526319,2.593760,54.730587,0.045480,0.005888,0.973357,0.238950,0.132413,9.660445,0.000797,0.005279,-0.017697,0.236607,0.840374,-1.207424,100335.0000
1764073849875546634,2025-11-25 18:00:49.873,0.520008,2.580418,54.826141,0.045800,0.005048,0.976542,0.573381,-0.109656,9.820780,-0.005031,-0.001280,-0.015644,0.234666,0.839380,-1.208825,100333.0000
1764073849975001449,2025-11-25 18:00:49.973,0.525234,2.586314,54.912155,0.046806,0.006097,0.976710,0.320507,0.017719,9.792048,0.004286,-0.002430,-0.020710,0.234676,0.839878,-1.207870,100334.0000
1764073850074239560,2025-11-25 18:00:50.073,0.539807,2.612871,54.982880,0.047952,0.006605,0.979086,0.639151,0.236502,9.995934,-0.000992,-0.006076,-0.012989,0.233218,0.840776,-1.210270,100335.0000
1764073850175598004,2025-11-25 18:00:50.173,0.552275,2.633435,55.054546,0.045902,0.008123,0.977778,0.208704,0.479992,9.648583,0.005020,-0.008225,-0.021237,0.230822,0.841263,-1.209278,100342.0000
1764073850274754023,2025-11-25 18:00:50.273,0.566887,2.674201,55.110069,0.046327,0.004771,0.978391,0.090463,0.360628,9.633508,0.007093,-0.009076,-0.007048,0.230820,0.840785,-1.209271,100331.0000
1764073850374834226,2025-11-25 18:00:50.373,0.583376,2.708721,55.142117,0.052327,0.007668,0.979245,0.265948,0.137620,9.621450,0.009710,-0.000715,-0.004142,0.232260,0.839369,-1.208789,100335.0000
1764073850475310096,2025-11-25 18:00:50.473,0.586557,2.696706,55.175304,0.052201,0.010216,0.977884,0.582370,-0.080813,9.684819,0.003066,0.003295,0.000850,0.228903,0.840797,-1.208280,100332.0000
1764073850575655819,2025-11-25 18:00:50.573,0.587318,2.623388,55.225517,0.051954,0.012117,0.976809,0.516961,-0.025226,9.899278,0.004775,0.014141,-0.012476,0.228912,0.841763,-1.207814,100338.0000
1764073850674321226,2025-11-25 18:00:50.673,0.592109,2.536321,55.300110,0.050382,0.008004,0.977717,0.595057,-0.152582,9.814909,0.000598,0.019705,-0.009265,0.227423,0.838809,-1.211599,100337.0000
1764073850774695059,2025-11-25 18:00:50.773,0.591121,2.465881,55.362484,0.041924,0.007521,0.975642,0.239812,0.237314,9.755203,-0.001937,0.007438,-0.014784,0.228396,0.840256,-1.211154,100330.0000
1764073850875339300,2025-11-25 18:00:50.873,0.592272,2.457398,55.381687,0.038128,0.006946,0.976622,0.236287,0.201391,9.758831,0.001327,-0.008406,0.001802,0.227936,0.843608,-1.210717,100338.0000
1764073850974753448,2025-11-25 18:00:50.973,0.589672,2.503532,55.368050,0.041519,0.008605,0.976947,0.371199,0.272141,9.650493,0.003914,-0.013840,0.000266,0.230360,0.841312,-1.206865,100336.0000
1764073851074197800,2025-11-25 18:00:51.072,0.569752,2.575347,55.332893,0.048379,0.011311,0.978257,0.766253,0.128905,10.016272,-0.001853,-0.013941,0.010392,0.226963,0.843106,-1.211658,100333.0000
1764073851175045170,2025-11-25 18:00:51.173,0.545736,2.616158,55.322475,0.049700,0.011388,0.978038,0.521175,0.041787,9.758620,-0.001398,-0.005480,0.004459,0.229385,0.844102,-1.210264,100332.0000
1764073851275163559,2025-11-25 18:00:51.273,0.538735,2.613895,55.335026,0.048529,0.006908,0.979397,0.191555,0.454767,9.587115,0.007008,0.002433,0.007460,0.229863,0.842682,-1.209768,100341.0000
1764073851374915614,2025-11-25 18:00:51.373,0.562036,2.601624,55.335285,0.049501,0.006849,0.976519,0.355075,0.156921,9.486323,0.007515,-0.002212,-0.001261,0.226018,0.841262,-1.208245,100327.0000
1764073851479638633,2025-11-25 18:00:51.473,0.594272,2.588105,55.342030,0.047951,0.010912,0.976727,0.375301,-0.034552,9.703655,0.001696,0.004892,-0.010777,0.226007,0.841231,-1.209689,100333.0000
1764073851574870503,2025-11-25 18:00:51.573,0.606504,2.593735,55.386700,0.046828,0.012103,0.975002,0.733847,0.334658,9.841512,0.001123,-0.010742,-0.014375,0.228409,0.841232,-1.210206,100332.0000
1764073851674731670,2025-11-25 18:00:51.673,0.603639,2.609915,55.450638,0.047118,0.007564,0.977592,0.505843,-0.186847,9.639513,-0.000305,-0.008789,-0.001604,0.225527,0.840762,-1.209193,100338.0000
1764073851774953744,2025-11-25 18:00:51.773,0.595436,2.623945,55.505493,0.048988,0.009539,0.978407,0.518692,-0.361740,9.851425,0.003700,-0.003214,-0.009380,0.225999,0.841211,-1.210652,100333.0000
1764073851877144392,2025-11-25 18:00:51.874,0.582164,2.633425,55.561802,0.051215,0.010592,0.978815,0.437263,0.071251,9.851906,0.000761,0.003324,-0.020944,0.224083,0.839810,-1.208676,100333.0000
1764073851975079781,2025-11-25 18:00:51.973,0.575438,2.638081,55.659744,0.047635,0.010953,0.978341,0.146676,0.590237,9.827727,0.002843,0.002355,-0.022986,0.225060,0.842681,-1.208734,100330.0000
1764073852075844170,2025-11-25 18:00:52.074,0.565797,2.647237,55.790607,0.045649,0.007171,0.975919,0.171793,0.344049,9.534016,0.004097,-0.004173,-0.031025,0.222154,0.839791,-1.209128,100333.0000
1764073852175122281,2025-11-25 18:00:52.173,0.562875,2.667577,55.904839,0.046512,0.004619,0.976826,0.107725,0.031789,9.608526,0.003348,-0.007682,-0.019968,0.219278,0.841222,-1.208627,100329.0000
1764073852274822966,2025-11-25 18:00:52.273,0.575525,2.703757,55.994041,0.049092,0.005319,0.976086,0.311805,-0.025361,9.702356,0.000363,-0.004581,-0.010118,0.216887,0.841719,-1.207155,100333.0000
1764073852374819206,2025-11-25 18:00:52.373,0.592057,2.729729,56.078976,0.053831,0.007147,0.977004,0.215112,0.068180,9.669789,0.001753,-0.000880,-0.009479,0.218794,0.842154,-1.209597,100339.0000
1764073852475197503,2025-11-25 18:00:52.473,0.592012,2.711878,56.151367,0.054980,0.007274,0.976976,0.422488,-0.128591,9.761536,0.003553,0.007149,-0.008561,0.214927,0.841618,-1.211458,100333.0000
1764073852575238206,2025-11-25 18:00:52.573,0.601529,2.670738,56.217072,0.050518,0.008385,0.978407,0.609173,-0.062377,9.745595,-0.003132,0.011075,-0.016573,0.212539,0.842126,-1.209504,100332.0000
1764073852674570243,2025-11-25 18:00:52.673,0.610073,2.633731,56.290028,0.047955,0.008669,0.979547,0.510231,-0.107752,9.921766,-0.005520,0.009799,-0.022785,0.213473,0.840169,-1.211896,100333.0000
1764073852775134317,2025-11-25 18:00:52.773,0.614801,2.618569,56.356339,0.044090,0.008719,0.978783,0.197756,0.260601,9.663040,0.002091,0.001841,-0.005449,0.212066,0.842144,-1.208535,100337.0000
1764073852874349021,2025-11-25 18:00:52.873,0.605578,2.643492,56.411652,0.044790,0.010916,0.975555,0.292953,-0.039754,9.858895,-0.001681,-0.008229,-0.005660,0.212548,0.843092,-1.209038,100337.0000
1764073852975347410,2025-11-25 18:00:52.973,0.577957,2.677444,56.476627,0.049464,0.009313,0.975546,0.326292,-0.353855,9.592107,-0.002446,-0.008482,-0.007287,0.211575,0.841644,-1.209483,100329.0000
1764073853074156039,2025-11-25 18:00:53.072,0.560917,2.704407,56.520855,0.054325,0.004656,0.976652,0.360618,-0.257790,9.668664,0.000439,-0.005268,-0.010465,0.212069,0.843567,-1.209038,100335.0000
1764073853174848984,2025-11-25 18:00:53.173,0.571633,2.685057,56.527508,0.054988,0.006584,0.977067,0.536058,0.263198,9.860456,0.006963,0.016157,-0.001446,0.212072,0.842632,-1.208061,100333.0000
1764073853275094002,2025-11-25 18:00:53.273,0.584186,2.622954,56.532791,0.050283,0.008685,0.976826,0.527996,-0.107298,9.928189,0.001955,0.013396,0.003997,0.209669,0.843099,-1.208032,100335.0000
1764073853374888539,2025-11-25 18:00:53.373,0.596080,2.580851,56.556057,0.042745,0.008015,0.977099,0.211339,-0.076318,9.588694,0.005910,0.004091,-0.005940,0.209675,0.843587,-1.207558,100337.0000
1764073853475050021,2025-11-25 18:00:53.473,0.607357,2.573859,56.586124,0.041963,0.010439,0.979277,0.280439,-0.370026,9.820367,0.007426,-0.006949,-0.012017,0.210133,0.841170,-1.208973,100331.0000
1764073853575191317,2025-11-25 18:00:53.573,0.616389,2.612465,56.611103,0.043652,0.012015,0.978571,0.280354,0.147148,9.797090,0.002320,-0.009809,-0.005879,0.210125,0.841150,-1.209936,100331.0000
1764073853674498983,2025-11-25 18:00:53.673,0.619265,2.663440,56.632324,0.048037,0.010403,0.978673,0.371533,-0.352098,9.848886,0.009636,-0.012778,0.003268,0.208211,0.842584,-1.209448,100333.0000
1764073853775327057,2025-11-25 18:00:53.773,0.618713,2.704098,56.672581,0.050286,0.011278,0.976758,0.537578,-0.002393,9.780483,0.005957,-0.013193,0.005702,0.210147,0.844036,-1.209017,100329.0000
1764073853875378335,2025-11-25 18:00:53.873,0.617276,2.731735,56.727764,0.056661,0.009597,0.977472,0.799528,0.238900,9.903065,0.003023,-0.010172,-0.001056,0.207268,0.844044,-1.208011,100334.0000
1764073853974661539,2025-11-25 18:00:53.973,0.615117,2.722944,56.771912,0.055821,0.009109,0.976426,0.658218,0.111308,9.779809,0.000534,0.008275,-0.011768,0.207247,0.842102,-1.209426,100338.0000
1764073854074257317,2025-11-25 18:00:54.073,0.600272,2.679059,56.809784,0.050270,0.007828,0.976960,0.502561,0.198095,9.855526,-0.008821,0.013003,0.004580,0.208685,0.842566,-1.210418,100329.0000
1764073854175168409,2025-11-25 18:00:54.173,0.587828,2.597207,56.829350,0.047551,0.009125,0.976363,0.266560,0.236650,9.732268,0.001765,0.011724,-0.005363,0.206283,0.840208,-1.208420,100329.0000
1764073854274653761,2025-11-25 18:00:54.273,0.586419,2.536559,56.843315,0.040655,0.007549,0.975474,0.055298,-0.133989,9.555140,-0.002109,0.001393,-0.007045,0.208224,0.843560,-1.208500,100331.0000
1764073854374828927,2025-11-25 18:00:54.373,0.596739,2.565133,56.841095,0.040942,0.008257,0.979568,0.670507,0.086026,10.025311,0.005545,-0.015265,0.005791,0.208712,0.844995,-1.208529,100335.0000
1764073854475356131,2025-11-25 18:00:54.473,0.608741,2.634696,56.848507,0.043771,0.009254,0.976982,0.675279,-0.083904,9.779544,-0.000077,-0.018421,-0.007620,0.208216,0.843540,-1.209462,100337.0000
1764073854574844631,2025-11-25 18:00:54.573,0.629306,2.708315,56.863659,0.049946,0.012051,0.977135,0.746964,-0.075567,9.724458,0.003400,-0.010179,-0.001947,0.206760,0.842558,-1.210389,100330.0000
1764073854674254168,2025-11-25 18:00:54.673,0.629797,2.756502,56.898514,0.056482,0.010183,0.979150,1.237589,0.284038,9.933030,-0.003844,-0.001086,-0.004491,0.204381,0.844031,-1.207969,100329.0000
1764073854774669205,2025-11-25 18:00:54.773,0.619912,2.735605,56.923542,0.056454,0.008898,0.979157,0.807573,0.306311,9.735411,0.001775,0.020846,0.005997,0.204382,0.843563,-1.207480,100333.0000
1764073854875033298,2025-11-25 18:00:54.873,0.604604,2.664961,56.903770,0.050414,0.008037,0.976945,0.321302,-0.061676,9.673671,-0.004230,0.015477,0.008044,0.204848,0.843525,-1.209413,100333.0000
1764073854974543872,2025-11-25 18:00:54.973,0.589188,2.569126,56.878788,0.045390,0.011001,0.975918,0.162900,-0.009194,9.764835,-0.000058,0.013280,-0.001017,0.204353,0.843014,-1.210842,100334.0000
1764073855074200186,2025-11-25 18:00:55.073,0.572941,2.496568,56.849186,0.040936,0.009297,0.976133,-0.084761,-0.053328,9.602990,0.001888,0.006428,0.001553,0.207247,0.842102,-1.209426,100330.0000
1764073855176056112,2025-11-25 18:00:55.173,0.568509,2.473231,56.796932,0.041097,0.007562,0.978380,0.416964,0.129918,9.875729,0.010261,-0.005803,0.007047,0.208230,0.841690,-1.206545,100340.0000
1764073855274961390,2025-11-25 18:00:55.273,0.574260,2.488723,56.731831,0.041258,0.009975,0.977693,0.239621,0.045109,9.608933,0.002562,-0.010625,0.018740,0.208711,0.844050,-1.208033,100332.0000
1764073855375377705,2025-11-25 18:00:55.373,0.592650,2.547124,56.682999,0.045676,0.010773,0.977918,0.943777,0.161662,10.079741,-0.004672,-0.014930,0.009666,0.209181,0.840251,-1.207018,100339.0000
1764073855475360279,2025-11-25 18:00:55.473,0.597196,2.604067,56.628807,0.047943,0.013220,0.976754,0.634893,0.069947,9.726476,0.003385,-0.005839,0.014741,0.210139,0.841658,-1.208499,100338.0000
1764073855575446964,2025-11-25 18:00:55.573,0.593905,2.635431,56.563789,0.049315,0.008486,0.975238,0.234307,0.155628,9.646118,0.005963,-0.012478,0.011399,0.210626,0.842148,-1.208032,100342.0000
1764073855674561649,2025-11-25 18:00:55.673,0.611350,2.634023,56.489239,0.051349,0.010206,0.977220,0.666743,0.266580,9.806837,0.007070,0.001829,0.014122,0.212046,0.841148,-1.210446,100336.0000
1764073855775352241,2025-11-25 18:00:55.773,0.614483,2.576468,56.393208,0.053421,0.013564,0.978617,0.767273,0.515468,9.811027,-0.001407,0.012131,0.019648,0.212543,0.842136,-1.209023,100333.0000
1764073855874693630,2025-11-25 18:00:55.873,0.609302,2.480462,56.286720,0.044189,0.012226,0.978434,0.388476,0.018675,9.824633,-0.000367,0.010169,0.016874,0.215422,0.842129,-1.210029,100333.0000
1764073855974733260,2025-11-25 18:00:55.973,0.598936,2.418598,56.212383,0.040268,0.010994,0.979115,0.660657,-0.062350,9.800064,-0.004162,-0.001347,0.003209,0.217352,0.841680,-1.209087,100331.0000
1764073856074209908,2025-11-25 18:00:56.073,0.584994,2.440058,56.150578,0.039085,0.009633,0.977895,0.789565,0.242140,9.845852,-0.000638,-0.011526,0.008989,0.215922,0.841237,-1.207133,100336.0000
1764073856175567519,2025-11-25 18:00:56.173,0.585849,2.526755,56.074818,0.044607,0.012314,0.976732,0.277910,0.203715,9.639484,0.001405,-0.010503,0.007014,0.215914,0.842629,-1.209080,100342.0000
1764073856274789278,2025-11-25 18:00:56.273,0.585295,2.587878,56.020142,0.052002,0.010437,0.977614,0.716112,0.227969,9.882901,0.002830,0.002054,0.012546,0.217333,0.841629,-1.211494,100333.0000
1764073856375114500,2025-11-25 18:00:56.373,0.584804,2.591040,55.965191,0.052086,0.009761,0.975822,0.629397,0.033857,9.868705,-0.001213,0.011423,0.016287,0.219754,0.841681,-1.209604,100336.0000
1764073856474974408,2025-11-25 18:00:56.473,0.588259,2.521768,55.876835,0.049086,0.012414,0.976752,0.228255,-0.182411,9.779372,0.006062,0.024606,0.014904,0.219256,0.839748,-1.210530,100336.0000
1764073856575090537,2025-11-25 18:00:56.573,0.590259,2.453961,55.777199,0.039958,0.012791,0.976888,0.247561,0.134971,9.633677,-0.002584,0.012085,0.020464,0.222638,0.840271,-1.209143,100342.0000
1764073856674438278,2025-11-25 18:00:56.673,0.577494,2.438458,55.709312,0.038912,0.010886,0.978330,0.046639,0.172888,9.615149,0.004695,-0.003067,0.016565,0.225524,0.839339,-1.208690,100342.0000
1764073856775102482,2025-11-25 18:00:56.773,0.564888,2.452982,55.620350,0.045868,0.009125,0.978589,0.449918,0.190979,9.821944,0.002533,0.000163,0.020737,0.226513,0.843185,-1.207800,100336.0000
1764073856874698222,2025-11-25 18:00:56.873,0.564754,2.465068,55.510738,0.049098,0.011940,0.978008,0.622909,0.333215,9.884028,-0.002364,0.000468,0.017487,0.225049,0.839825,-1.208208,100327.0000
1764073856975015833,2025-11-25 18:00:56.973,0.576293,2.440063,55.432415,0.047481,0.011777,0.977345,0.369962,0.042779,9.797970,0.003587,0.007260,-0.002186,0.227458,0.841258,-1.208748,100341.0000
1764073857074270167,2025-11-25 18:00:57.073,0.596872,2.407344,55.376286,0.044167,0.013075,0.976672,0.118344,0.350245,9.853994,-0.000340,0.000890,0.005825,0.228916,0.841773,-1.207332,100338.0000
1764073857174880481,2025-11-25 18:00:57.173,0.596678,2.404386,55.317295,0.040044,0.012416,0.977042,0.529527,0.192244,9.916773,-0.002865,0.000411,0.007864,0.227939,0.842673,-1.209739,100328.0000
1764073857275068722,2025-11-25 18:00:57.273,0.586446,2.448296,55.267921,0.038105,0.011222,0.977226,0.357266,-0.041951,9.713449,-0.000848,-0.011739,0.017565,0.228896,0.841722,-1.209739,100335.0000
1764073857374301703,2025-11-25 18:00:57.372,0.579008,2.503469,55.227753,0.044727,0.008987,0.977563,0.576488,0.144698,9.834528,-0.001122,-0.014949,0.011392,0.228418,0.842198,-1.209739,100332.0000
1764073857475087463,2025-11-25 18:00:57.473,0.571487,2.512648,55.172070,0.051634,0.012534,0.977032,0.605621,-0.127561,9.903740,0.000847,0.000253,0.009064,0.229380,0.842202,-1.209754,100330.0000
1764073857581660407,2025-11-25 18:00:57.580,0.557220,2.473376,55.130028,0.048603,0.012362,0.976686,0.697971,0.092679,9.919753,0.001714,0.005720,0.007152,0.230804,0.840745,-1.211197,100336.0000
1764073857674613518,2025-11-25 18:00:57.673,0.550794,2.445061,55.087845,0.042950,0.008914,0.979059,0.415321,0.346784,9.828616,0.006655,0.005290,0.012555,0.230351,0.841759,-1.208316,100337.0000
1764073857775145240,2025-11-25 18:00:57.773,0.549207,2.456876,55.049870,0.038668,0.010211,0.977541,0.245626,0.438750,9.625562,0.001939,-0.002543,0.006445,0.231779,0.841724,-1.210263,100338.0000
1764073857874986203,2025-11-25 18:00:57.873,0.555922,2.524544,55.003708,0.042863,0.010237,0.978358,0.125748,0.094124,9.732195,0.010325,-0.014494,0.006788,0.230330,0.844533,-1.212692,100336.0000
1764073857974715073,2025-11-25 18:00:57.973,0.560334,2.590414,54.968254,0.048059,0.012150,0.977310,0.304065,-0.078542,9.763601,0.004744,-0.017633,-0.002918,0.232265,0.841270,-1.209300,100338.0000
1764073858074199555,2025-11-25 18:00:58.072,0.568358,2.633981,54.952412,0.052259,0.010839,0.977062,0.507857,-0.045209,9.762742,0.006081,-0.002523,0.000753,0.229396,0.843188,-1.208324,100331.0000
1764073858175514536,2025-11-25 18:00:58.173,0.579885,2.614888,54.941658,0.052991,0.010534,0.977540,0.566639,0.280937,9.787731,0.000635,0.006225,-0.008798,0.229374,0.838888,-1.208258,100339.0000
1764073858275146110,2025-11-25 18:00:58.273,0.571036,2.566507,54.920734,0.049426,0.012260,0.975033,0.557873,-0.194846,9.837527,-0.003934,-0.000198,-0.000788,0.230329,0.842643,-1.211700,100335.0000
1764073858374376592,2025-11-25 18:00:58.373,0.537169,2.523076,54.925716,0.049531,0.012766,0.978336,0.414621,0.381893,9.761786,0.001121,0.007899,-0.000825,0.234650,0.840752,-1.211735,100334.0000
1764073858474868018,2025-11-25 18:00:58.473,0.505909,2.510695,54.966728,0.044456,0.010281,0.976522,0.584746,0.205570,9.711662,-0.001471,-0.005102,-0.018347,0.232284,0.841788,-1.207382,100331.0000
1764073858576718425,2025-11-25 18:00:58.573,0.489619,2.517339,55.013187,0.043414,0.004343,0.977774,0.860695,0.071261,9.775755,-0.005371,-0.003276,-0.007105,0.231773,0.841237,-1.210737,100334.0000
1764073858674883184,2025-11-25 18:00:58.673,0.510670,2.553307,55.035225,0.044660,0.004768,0.978598,0.495114,0.329175,9.818807,0.011113,-0.002517,-0.003370,0.231774,0.842182,-1.211233,100334.0000
1764073858774651166,2025-11-25 18:00:58.773,0.560688,2.598650,55.031071,0.047879,0.007559,0.976795,0.401848,-0.139444,9.728755,0.007541,-0.002792,0.002753,0.227927,0.840285,-1.209703,100332.0000
1764073858874839499,2025-11-25 18:00:58.873,0.609021,2.627222,55.017235,0.052666,0.011058,0.977862,0.661223,0.185427,9.928597,0.008097,0.003121,0.010960,0.229835,0.839307,-1.211161,100337.0000
1764073858974768054,2025-11-25 18:00:58.973,0.622029,2.625940,55.041107,0.050996,0.014825,0.976272,0.164618,0.059829,9.665931,-0.001298,0.004457,-0.004812,0.229376,0.840779,-1.209250,100333.0000
1764073859074172221,2025-11-25 18:00:59.072,0.596279,2.610963,55.083767,0.049324,0.013035,0.977283,0.374684,0.252536,9.834296,-0.003530,0.000640,-0.000476,0.231790,0.840810,-1.208323,100335.0000
1764073859176114684,2025-11-25 18:00:59.173,0.547958,2.604750,55.112843,0.046721,0.011147,0.977055,0.101738,0.353520,9.643962,-0.010765,-0.002347,-0.004619,0.229372,0.842181,-1.210716,100338.0000
1764073859274331684,2025-11-25 18:00:59.272,0.500980,2.595198,55.148338,0.047741,0.008058,0.977940,0.654442,0.007143,9.833207,-0.005579,-0.000998,0.000363,0.229386,0.842690,-1.209279,100340.0000
1764073859374783054,2025-11-25 18:00:59.373,0.482950,2.617961,55.176140,0.045743,0.003585,0.976525,0.232930,-0.054507,9.674076,0.002334,-0.016521,0.003825,0.229863,0.842682,-1.209768,100329.0000
1764073859474598906,2025-11-25 18:00:59.473,0.502581,2.651362,55.182739,0.051553,0.005927,0.979032,1.062781,0.109221,10.041870,0.012066,-0.006975,-0.000405,0.227933,0.843130,-1.210709,100330.0000
1764073859574672665,2025-11-25 18:00:59.573,0.533669,2.618621,55.193626,0.056231,0.008453,0.978122,0.557393,0.178158,9.614823,0.002222,0.013935,-0.007413,0.228388,0.839291,-1.211621,100334.0000
1764073859674521924,2025-11-25 18:00:59.673,0.560086,2.546947,55.206802,0.049693,0.010374,0.976424,0.641100,0.145084,9.761073,0.002890,0.013625,-0.006308,0.230341,0.841261,-1.209271,100341.0000
1764073859774492758,2025-11-25 18:00:59.773,0.565146,2.479254,55.219353,0.042069,0.010649,0.976945,0.391398,0.165026,9.761491,-0.000836,0.009917,-0.002511,0.230325,0.838862,-1.209716,100332.0000
1764073859874612591,2025-11-25 18:00:59.873,0.559403,2.461614,55.228863,0.039389,0.012216,0.975794,0.213306,0.251193,9.614694,0.002070,-0.005636,0.005513,0.231780,0.838899,-1.208294,100332.0000
1764073859974710035,2025-11-25 18:00:59.973,0.534511,2.503589,55.245388,0.040854,0.010269,0.977055,0.140211,0.297079,9.728260,-0.006490,-0.010026,-0.009376,0.229859,0.841726,-1.209753,100338.0000
1764073860074205443,2025-11-25 18:01:00.072,0.521686,2.599600,55.258957,0.047409,0.005114,0.979938,0.667316,-0.265196,10.055515,0.006782,-0.017406,0.004711,0.227936,0.842195,-1.209732,100332.0000
1764073860175180406,2025-11-25 18:01:00.173,0.526451,2.696486,55.244576,0.051779,0.008035,0.977643,0.338746,0.260613,9.491035,0.001334,-0.012898,0.002446,0.226958,0.841205,-1.211147,100329.0000
1764073860274715850,2025-11-25 18:01:00.273,0.536400,2.723732,55.225452,0.055447,0.009117,0.977411,0.615700,0.253455,9.868088,0.004162,0.001435,0.005517,0.226021,0.841740,-1.208252,100337.0000
1764073860375553572,2025-11-25 18:01:00.373,0.545855,2.688327,55.191418,0.051945,0.008805,0.976023,0.162060,0.170792,9.707389,0.002607,0.011337,0.007978,0.225988,0.839768,-1.211111,100336.0000
1764073860475062091,2025-11-25 18:01:00.473,0.552280,2.619364,55.114929,0.048853,0.010268,0.976583,0.557558,0.345079,9.994460,-0.000694,0.008321,0.008971,0.228908,0.844110,-1.209776,100332.0000
1764073860574814479,2025-11-25 18:01:00.573,0.552211,2.527799,55.004833,0.046704,0.009882,0.977723,0.437663,0.365323,9.786608,0.004087,0.012899,0.021758,0.231761,0.841206,-1.212181,100337.0000
1764073860674904350,2025-11-25 18:01:00.673,0.547585,2.468562,54.890644,0.042269,0.011918,0.978826,0.593628,0.115145,9.798276,0.004936,0.006414,0.025852,0.234170,0.838869,-1.210255,100333.0000
1764073860775485572,2025-11-25 18:01:00.773,0.542580,2.478657,54.781055,0.039983,0.012218,0.976658,0.663685,-0.008189,9.972199,0.003971,-0.011462,0.013071,0.235614,0.841234,-1.211757,100336.0000
1764073860875661868,2025-11-25 18:01:00.873,0.543753,2.556363,54.680908,0.043629,0.011770,0.977982,0.571452,0.138714,9.818610,0.004574,-0.017386,0.026756,0.235149,0.841272,-1.209824,100339.0000
1764073860974761590,2025-11-25 18:01:00.973,0.539455,2.633748,54.605465,0.050220,0.011700,0.977507,0.576418,-0.175737,9.918035,0.004076,-0.014407,0.019946,0.236580,0.840303,-1.210793,100336.0000
1764073861074159609,2025-11-25 18:01:01.072,0.544192,2.682054,54.538578,0.050365,0.011429,0.976669,0.496207,-0.556502,9.644812,0.002183,-0.009016,0.011209,0.237044,0.839319,-1.212230,100334.0000
1764073861175548553,2025-11-25 18:01:01.173,0.551376,2.690059,54.491947,0.051491,0.011448,0.977653,0.451282,0.069084,9.839074,-0.000748,0.001230,-0.005166,0.237057,0.838882,-1.210297,100335.0000
1764073861275252072,2025-11-25 18:01:01.273,0.568999,2.670940,54.466030,0.051949,0.012791,0.978130,0.720758,0.448773,9.762057,0.014272,0.007305,-0.007329,0.237546,0.840317,-1.210326,100333.0000
1764073861375170664,2025-11-25 18:01:01.373,0.569622,2.642468,54.485855,0.048327,0.012965,0.977243,0.567811,0.508487,9.872257,-0.004484,0.000969,-0.007430,0.237540,0.838417,-1.209816,100339.0000
1764073861475288423,2025-11-25 18:01:01.473,0.542505,2.668040,54.541283,0.043261,0.012224,0.975775,0.609856,-0.004545,9.742573,-0.001108,-0.014748,-0.016236,0.238036,0.842230,-1.210363,100333.0000
1764073861574889608,2025-11-25 18:01:01.573,0.504692,2.734669,54.609093,0.049122,0.008726,0.977938,0.573195,-0.027909,9.601515,0.000839,-0.021700,-0.010107,0.233698,0.839833,-1.209781,100336.0000
1764073861674494590,2025-11-25 18:01:01.673,0.489481,2.794019,54.692085,0.053209,0.006215,0.977166,0.648602,0.126105,9.914310,0.002890,-0.013474,-0.020020,0.232740,0.840784,-1.209781,100338.0000
1764073861775178571,2025-11-25 18:01:01.773,0.503387,2.814585,54.785149,0.055880,0.004740,0.977577,0.665356,0.382948,9.831120,0.003920,-0.004823,-0.011414,0.232269,0.841280,-1.208819,100336.0000
1764073861875053071,2025-11-25 18:01:01.873,0.534058,2.791639,54.876049,0.053465,0.006695,0.977304,0.479247,-0.244072,9.812712,0.002495,0.007800,-0.008080,0.232265,0.841270,-1.209300,100336.0000
1764073861974546497,2025-11-25 18:01:01.973,0.556384,2.750790,54.960835,0.052739,0.011837,0.977299,0.539194,-0.357647,9.697119,0.002565,0.008014,-0.013168,0.231299,0.841255,-1.209767,100334.0000
1764073862074196182,2025-11-25 18:01:02.072,0.541556,2.710121,55.035942,0.048990,0.012792,0.975887,0.341577,-0.058937,9.676423,-0.001064,0.002068,-0.013405,0.229860,0.841259,-1.209264,100327.0000
1764073862175154034,2025-11-25 18:01:02.173,0.502773,2.701558,55.131603,0.048636,0.008058,0.977372,0.517537,0.213188,9.753694,-0.003948,-0.001911,-0.025043,0.231301,0.839375,-1.208294,100330.0000
1764073862275337089,2025-11-25 18:01:02.273,0.476909,2.713065,55.223724,0.049258,0.003620,0.978259,0.691637,0.269540,9.889349,0.001154,-0.005630,-0.012800,0.226965,0.841226,-1.210185,100332.0000
1764073862375050515,2025-11-25 18:01:02.373,0.473214,2.742655,55.285698,0.049799,0.007138,0.977009,0.661421,0.472416,9.776997,-0.002003,-0.007549,-0.007591,0.226954,0.839782,-1.210644,100335.0000
1764073862474653886,2025-11-25 18:01:02.473,0.478203,2.773038,55.337067,0.048039,0.006786,0.977265,0.760922,0.076504,9.859606,-0.005390,-0.009286,-0.005488,0.227454,0.841248,-1.209229,100338.0000
1764073862574990904,2025-11-25 18:01:02.573,0.482891,2.811466,55.378223,0.051534,0.007916,0.977044,0.778615,-0.112794,9.743406,-0.003377,-0.008174,-0.002195,0.223149,0.843180,-1.207269,100340.0000
1764073862674958571,2025-11-25 18:01:02.673,0.480696,2.837665,55.414425,0.055973,0.009769,0.979223,0.783562,0.167396,9.867071,-0.002820,0.004671,-0.000753,0.222149,0.842606,-1.211580,100328.0000
1764073862775128274,2025-11-25 18:01:02.773,0.471471,2.842302,55.451027,0.054707,0.006603,0.977579,0.456642,-0.100551,9.862565,0.006871,0.010024,0.003593,0.224549,0.842129,-1.212089,100338.0000
1764073862874671700,2025-11-25 18:01:02.873,0.464997,2.812389,55.467194,0.050507,0.008236,0.974758,0.138166,0.516386,9.607597,0.002682,0.003651,-0.000019,0.222648,0.843127,-1.209669,100338.0000
1764073862974902293,2025-11-25 18:01:02.973,0.471755,2.788213,55.491592,0.050170,0.007187,0.976098,0.245532,0.211767,9.755792,0.010111,0.003659,-0.011276,0.222631,0.841196,-1.210602,100335.0000
1764073863074297737,2025-11-25 18:01:03.073,0.493754,2.772969,55.488888,0.051037,0.006130,0.978799,0.455529,0.208978,9.843742,0.010841,0.004378,-0.001835,0.222657,0.841735,-1.207721,100342.0000
1764073863175460793,2025-11-25 18:01:03.173,0.509510,2.761223,55.466011,0.049435,0.010443,0.978728,0.554781,0.409081,9.629745,0.009152,0.006612,-0.002490,0.225056,0.843615,-1.209711,100340.0000
1764073863274792107,2025-11-25 18:01:03.273,0.517169,2.782784,55.466175,0.051527,0.009556,0.978778,0.511277,0.109234,9.847633,0.006953,0.007603,0.001518,0.223118,0.841686,-1.210135,100332.0000
1764073863375320422,2025-11-25 18:01:03.373,0.515471,2.799638,55.478836,0.052950,0.009318,0.977450,0.657048,0.069110,9.814761,-0.002303,0.009880,0.008957,0.223125,0.843119,-1.210157,100342.0000
1764073863475162496,2025-11-25 18:01:03.473,0.517285,2.795200,55.494453,0.050638,0.008618,0.975167,0.648564,0.092683,9.693571,0.008673,0.001865,0.002413,0.222173,0.843613,-1.209187,100334.0000
1764073863574945311,2025-11-25 18:01:03.573,0.528624,2.780478,55.530270,0.049923,0.011804,0.975498,0.923467,0.084703,9.904410,-0.000990,0.000824,-0.008711,0.220726,0.843596,-1.209647,100335.0000
1764073863674766848,2025-11-25 18:01:03.673,0.528228,2.772358,55.604996,0.052590,0.010647,0.975941,0.928929,0.042420,10.008463,0.003353,0.003871,-0.023104,0.223119,0.842631,-1.210631,100340.0000
1764073863774489107,2025-11-25 18:01:03.773,0.511122,2.765333,55.678226,0.051991,0.007426,0.978829,0.898532,0.097865,9.807341,-0.001824,0.012073,-0.013370,0.219756,0.843571,-1.210596,100331.0000
1764073863875063070,2025-11-25 18:01:03.873,0.500490,2.756878,55.728523,0.050220,0.005985,0.978218,0.500607,0.192745,9.901325,0.006268,0.009783,-0.005983,0.221675,0.844037,-1.211594,100334.0000
1764073863974703329,2025-11-25 18:01:03.973,0.504956,2.753131,55.768444,0.047787,0.007850,0.977858,0.697112,0.362947,9.774768,0.001290,0.006477,-0.008636,0.218318,0.843107,-1.209604,100340.0000
1764073864074230829,2025-11-25 18:01:04.073,0.520750,2.753464,55.803619,0.050804,0.007127,0.979378,0.577143,0.201092,9.919937,0.004108,0.012156,-0.002013,0.219770,0.844079,-1.209159,100332.0000
1764073864180474977,2025-11-25 18:01:04.175,0.540756,2.750205,55.825516,0.050779,0.008453,0.976123,0.432945,0.060427,9.803567,0.005718,0.007842,-0.003741,0.220733,0.845029,-1.209669,100331.0000
1764073864275240551,2025-11-25 18:01:04.273,0.554645,2.721642,55.873367,0.049366,0.010187,0.977501,0.404186,-0.010872,9.588460,-0.000651,0.010491,0.006005,0.217324,0.839719,-1.211465,100330.0000
1764073864375124329,2025-11-25 18:01:04.373,0.559570,2.705621,55.945011,0.047790,0.010151,0.975555,0.423094,-0.060593,9.867308,-0.000825,0.006643,-0.001591,0.216863,0.843070,-1.211027,100332.0000
1764073864474976366,2025-11-25 18:01:04.473,0.564190,2.717178,56.005695,0.045910,0.007423,0.976142,0.245004,-0.193618,9.541314,-0.000131,0.005379,-0.004228,0.214463,0.839777,-1.208052,100331.0000
1764073864576029070,2025-11-25 18:01:04.574,0.561804,2.756946,56.049778,0.048792,0.010388,0.978347,0.344215,0.235102,9.683713,0.001152,-0.007813,-0.013240,0.215429,0.843562,-1.210051,100335.0000
1764073864674929921,2025-11-25 18:01:04.673,0.556363,2.794621,56.097145,0.052702,0.009381,0.978512,0.453969,0.177605,9.671328,-0.002643,0.001248,-0.020626,0.214955,0.842635,-1.208585,100332.0000
1764073864780576551,2025-11-25 18:01:04.774,0.559351,2.811088,56.144352,0.051379,0.006749,0.976832,0.439493,0.076718,9.837986,0.005196,-0.000143,-0.007403,0.211593,0.842162,-1.207565,100332.0000
1764073864874500847,2025-11-25 18:01:04.873,0.562804,2.812323,56.190041,0.049772,0.007774,0.976030,0.327006,0.107423,9.693189,0.004950,-0.001034,-0.000668,0.213014,0.841640,-1.209985,100330.0000
1764073864974676884,2025-11-25 18:01:04.973,0.562545,2.799818,56.200706,0.053320,0.010589,0.978045,0.326048,0.233831,9.686514,0.002435,0.004044,0.003940,0.212061,0.843547,-1.210001,100334.0000
1764073865074202310,2025-11-25 18:01:05.072,0.555282,2.763628,56.196712,0.052949,0.010293,0.977516,0.154681,0.313224,9.691295,0.001570,0.006791,-0.002753,0.213516,0.842639,-1.208082,100338.0000
1764073865174684143,2025-11-25 18:01:05.173,0.539017,2.709200,56.198154,0.049248,0.008185,0.976793,0.245011,0.622351,9.691581,-0.003983,0.008330,-0.012241,0.210154,0.843111,-1.207558,100326.0000
1764073865280244921,2025-11-25 18:01:05.273,0.533260,2.672755,56.218361,0.044668,0.007168,0.976448,0.352359,0.228577,9.786441,0.001824,0.000018,-0.013087,0.212060,0.841656,-1.209009,100334.0000
1764073865374822162,2025-11-25 18:01:05.373,0.546768,2.689801,56.234360,0.045935,0.007074,0.979290,0.503914,0.150315,9.897764,0.004529,-0.000840,0.003475,0.211104,0.844498,-1.210001,100331.0000
1764073865475492069,2025-11-25 18:01:05.473,0.568312,2.727497,56.263470,0.046854,0.010041,0.977692,0.237785,-0.080830,9.667580,0.001301,-0.010298,-0.006122,0.211104,0.843085,-1.209016,100327.0000
1764073865574935236,2025-11-25 18:01:05.573,0.580007,2.756667,56.296429,0.049522,0.008634,0.976781,0.337412,-0.202258,9.633398,0.001565,-0.004624,0.001197,0.212058,0.843537,-1.210482,100336.0000
1764073865676995013,2025-11-25 18:01:05.673,0.586862,2.761148,56.299332,0.051694,0.008662,0.977199,0.602808,0.149252,9.718481,-0.005237,-0.005278,-0.006379,0.212073,0.843577,-1.208557,100332.0000
1764073865775097143,2025-11-25 18:01:05.773,0.595983,2.740693,56.275650,0.051725,0.009665,0.976329,0.813675,0.368354,9.863369,0.000724,-0.000975,0.017354,0.207704,0.841098,-1.211826,100340.0000
1764073865878686161,2025-11-25 18:01:05.877,0.609018,2.699826,56.243492,0.051579,0.013470,0.976798,0.435279,0.327309,9.636786,-0.005686,0.012278,0.008563,0.212059,0.840711,-1.208513,100338.0000
1764073865974317106,2025-11-25 18:01:05.972,0.604343,2.653726,56.236908,0.045825,0.011056,0.978253,0.530430,0.439923,9.693861,0.000426,0.008397,-0.003475,0.212058,0.843537,-1.210482,100336.0000
1764073866074078291,2025-11-25 18:01:06.072,0.583187,2.629756,56.230774,0.043494,0.012060,0.977097,0.560682,0.182195,9.822003,-0.005497,-0.004965,-0.004635,0.212056,0.844004,-1.210971,100334.0000
1764073866175216587,2025-11-25 18:01:06.173,0.552995,2.648117,56.234509,0.044906,0.011507,0.979044,0.601384,0.193771,9.840526,0.003426,-0.012181,0.000180,0.212077,0.843588,-1.208075,100337.0000
1764073866278765124,2025-11-25 18:01:06.276,0.536765,2.698932,56.253143,0.046260,0.007651,0.977088,0.662270,0.153663,9.971757,-0.006884,-0.024509,-0.003998,0.210618,0.843540,-1.209980,100340.0000
1764073866375185383,2025-11-25 18:01:06.373,0.552376,2.758641,56.289516,0.050900,0.005992,0.978438,0.678389,0.186453,9.744198,0.006054,-0.009482,0.003801,0.207255,0.843068,-1.208959,100336.0000
1764073866474279717,2025-11-25 18:01:06.473,0.591488,2.775616,56.332573,0.054143,0.005381,0.977761,0.672961,0.003581,9.786635,0.007227,-0.004546,-0.011073,0.208664,0.841570,-1.212328,100334.0000
1764073866575131772,2025-11-25 18:01:06.573,0.643663,2.747790,56.339092,0.054906,0.008785,0.976370,0.984048,0.285336,9.904196,0.015969,0.004807,-0.001304,0.210118,0.839717,-1.209913,100336.0000
1764073866674336124,2025-11-25 18:01:06.673,0.673267,2.688625,56.327888,0.052345,0.012848,0.975775,0.389561,0.264150,9.617941,0.006445,0.014051,0.001948,0.210133,0.841170,-1.208973,100332.0000
1764073866780898809,2025-11-25 18:01:06.772,0.661096,2.605197,56.317253,0.045962,0.014044,0.975774,0.557583,0.359895,9.713477,-0.005831,0.009815,-0.006103,0.211560,0.838778,-1.209439,100330.0000
1764073866874976494,2025-11-25 18:01:06.873,0.621490,2.566786,56.314339,0.040604,0.009765,0.976724,0.572579,0.293252,9.866041,-0.002167,0.001254,0.002060,0.210630,0.843571,-1.208535,100334.0000
1764073866974501457,2025-11-25 18:01:06.973,0.587367,2.596964,56.291027,0.041231,0.010477,0.979666,0.175532,0.036968,9.605862,-0.002125,-0.009265,0.002437,0.212060,0.844014,-1.210490,100334.0000
1764073867076897383,2025-11-25 18:01:07.073,0.553270,2.642270,56.264496,0.046065,0.009235,0.980772,0.397705,-0.175922,9.882323,-0.009055,-0.009885,0.002717,0.210619,0.842128,-1.208995,100336.0000
1764073867174849846,2025-11-25 18:01:07.173,0.543178,2.676581,56.243675,0.048921,0.006291,0.977301,0.277890,-0.143384,9.641794,0.009778,-0.010050,-0.004834,0.211113,0.841693,-1.207069,100333.0000
1764073867274824309,2025-11-25 18:01:07.273,0.566698,2.689083,56.217136,0.050622,0.005277,0.975371,0.378870,-0.038116,9.672319,0.007213,-0.000677,0.010837,0.212542,0.844962,-1.210992,100331.0000
1764073867374837772,2025-11-25 18:01:07.373,0.611926,2.655334,56.189472,0.050789,0.009651,0.976024,0.744398,0.077087,9.876387,0.010826,0.004205,0.008629,0.212567,0.844555,-1.207615,100337.0000
1764073867475034346,2025-11-25 18:01:07.473,0.660270,2.573856,56.154655,0.049081,0.010839,0.977094,0.629216,0.008623,9.864787,0.010533,0.007592,0.001734,0.213031,0.843572,-1.209052,100328.0000
1764073867574869531,2025-11-25 18:01:07.573,0.698352,2.518435,56.113686,0.043588,0.012534,0.978269,0.481195,-0.006685,9.794848,0.004944,0.008238,0.012316,0.213477,0.842537,-1.212896,100338.0000
1764073867684013049,2025-11-25 18:01:07.682,0.710113,2.491909,56.067200,0.043131,0.014572,0.978284,0.481880,-0.049171,9.951246,-0.004000,0.005915,0.007180,0.212996,0.838764,-1.210423,100331.0000
1764073867779353179,2025-11-25 18:01:07.776,0.703927,2.498805,56.015442,0.038571,0.015136,0.977813,0.569785,0.021392,9.904837,0.004744,-0.012227,0.006598,0.214470,0.842623,-1.209059,100335.0000
1764073867876860790,2025-11-25 18:01:07.875,0.678329,2.534761,55.979187,0.044560,0.014519,0.977390,0.283224,0.014888,9.718774,-0.006692,-0.005928,0.011279,0.214940,0.841182,-1.209525,100337.0000
1764073867974644197,2025-11-25 18:01:07.973,0.652057,2.573927,55.962440,0.043286,0.011766,0.976296,0.145139,0.473488,9.645164,0.002223,-0.010656,-0.000984,0.215899,0.839763,-1.209036,100333.0000
1764073868074370234,2025-11-25 18:01:08.073,0.639228,2.626923,55.943348,0.047620,0.008450,0.977343,0.736547,-0.415549,9.757460,0.002152,-0.007121,0.011489,0.213977,0.841645,-1.210000,100334.0000
1764073868174724475,2025-11-25 18:01:08.173,0.645809,2.660003,55.930214,0.049358,0.010001,0.977308,0.677544,0.239164,9.979629,0.007608,-0.003057,0.001218,0.213488,0.841622,-1.210955,100334.0000
1764073868275402456,2025-11-25 18:01:08.273,0.659433,2.668099,55.920181,0.051828,0.010482,0.978552,0.752034,0.445009,9.828354,0.007166,0.001340,0.001511,0.214471,0.844981,-1.210540,100336.0000
1764073868375138123,2025-11-25 18:01:08.373,0.668016,2.658639,55.928158,0.051509,0.012805,0.978434,0.411521,0.560355,9.673796,-0.001178,0.003210,-0.007907,0.217827,0.842607,-1.210553,100326.0000
1764073868478234641,2025-11-25 18:01:08.473,0.662862,2.644571,55.944519,0.049192,0.009703,0.976461,0.635856,-0.196145,9.795766,0.002930,0.000416,0.000505,0.215429,0.843562,-1.210051,100332.0000
1764073868586525900,2025-11-25 18:01:08.577,0.657893,2.618503,55.931702,0.049478,0.009681,0.976303,0.751685,-0.106117,9.812593,0.003133,0.008656,0.010362,0.216407,0.845020,-1.209124,100334.0000
1764073868675363863,2025-11-25 18:01:08.673,0.654758,2.580649,55.929466,0.045694,0.011155,0.975496,0.414787,0.048700,9.707789,0.004859,0.010118,0.007048,0.215898,0.842588,-1.211006,100331.0000
1764073868775106567,2025-11-25 18:01:08.773,0.656248,2.561499,55.967911,0.044368,0.011028,0.977065,0.363621,0.140585,9.916220,-0.000761,-0.001174,-0.008618,0.216382,0.841655,-1.210036,100332.0000
1764073868875243882,2025-11-25 18:01:08.873,0.653423,2.575064,56.024017,0.045749,0.008843,0.978217,0.641767,0.297323,9.883073,-0.001473,0.005797,-0.001264,0.215435,0.840747,-1.207600,100335.0000
1764073868974768604,2025-11-25 18:01:08.973,0.641939,2.618423,56.059181,0.046002,0.008932,0.979993,0.661762,0.084212,9.957127,0.000366,-0.009931,-0.001929,0.213524,0.843604,-1.207615,100338.0000
1764073869074185400,2025-11-25 18:01:09.072,0.641639,2.659341,56.054928,0.044803,0.009901,0.977729,0.190935,0.162232,9.661679,-0.004790,-0.006530,0.004947,0.213020,0.841183,-1.209015,100334.0000
1764073869175894011,2025-11-25 18:01:09.173,0.645852,2.701523,56.041412,0.047772,0.010288,0.976031,0.216001,-0.078055,9.682567,-0.000008,-0.003759,0.004193,0.215913,0.841684,-1.208584,100333.0000
1764073869275073678,2025-11-25 18:01:09.273,0.633390,2.725940,56.057705,0.051127,0.011674,0.976712,0.458914,0.148698,9.769889,-0.004391,-0.010617,-0.009247,0.212068,0.844980,-1.210023,100328.0000
1764073869375167678,2025-11-25 18:01:09.373,0.626549,2.720526,56.078014,0.054569,0.006554,0.977647,0.886764,-0.147665,9.844235,-0.001211,-0.001581,-0.005366,0.211587,0.842620,-1.208535,100338.0000
1764073869474816270,2025-11-25 18:01:09.473,0.625744,2.673304,56.094780,0.052561,0.009788,0.977698,0.569567,0.364227,9.866140,0.003740,0.013653,-0.010724,0.213041,0.845482,-1.209081,100337.0000
1764073869575439233,2025-11-25 18:01:09.573,0.642081,2.607882,56.090061,0.048318,0.007661,0.977785,0.717063,0.040634,9.940589,0.002339,0.018607,0.005156,0.214473,0.841688,-1.208081,100336.0000
1764073869675494122,2025-11-25 18:01:09.674,0.657990,2.566787,56.060295,0.041177,0.009644,0.976438,-0.006162,0.113687,9.771097,0.008900,-0.001186,0.004778,0.214466,0.842612,-1.209540,100338.0000
1764073869774602974,2025-11-25 18:01:09.773,0.666076,2.563727,56.019569,0.040564,0.010495,0.977324,0.175051,0.274919,9.613640,0.001890,-0.006933,0.005850,0.214929,0.843509,-1.212450,100335.0000
1764073869874949603,2025-11-25 18:01:09.873,0.676374,2.601626,55.980888,0.039665,0.011325,0.976423,0.256941,0.033771,9.806984,0.009084,-0.016777,0.007269,0.214944,0.842604,-1.210029,100332.0000
1764073869975231474,2025-11-25 18:01:09.973,0.680568,2.669307,55.952999,0.046911,0.011695,0.979413,1.014187,0.160521,10.011255,0.001763,-0.015240,0.008276,0.214473,0.844045,-1.209562,100331.0000
1764073870074224529,2025-11-25 18:01:10.073,0.675431,2.720580,55.918797,0.050675,0.012025,0.977382,0.969984,-0.022580,9.859534,0.005953,-0.013754,0.000814,0.212524,0.840673,-1.210445,100337.0000
1764073870180839788,2025-11-25 18:01:10.178,0.653094,2.757219,55.870842,0.053767,0.011696,0.977571,0.571110,0.145106,9.744166,-0.000406,0.005891,0.010707,0.215918,0.843584,-1.209095,100335.0000
1764073870274788288,2025-11-25 18:01:10.273,0.636106,2.753419,55.816063,0.051478,0.010159,0.977684,-0.022762,0.293751,9.676919,0.004685,0.012321,0.005416,0.216870,0.843091,-1.210065,100340.0000
1764073870375490585,2025-11-25 18:01:10.373,0.620629,2.698043,55.748238,0.050358,0.007631,0.976815,0.525739,-0.278260,9.803553,0.004254,0.017028,0.018513,0.216887,0.844077,-1.208635,100339.0000
1764073870474696733,2025-11-25 18:01:10.473,0.618609,2.619996,55.655796,0.044191,0.008374,0.976967,0.260918,0.125233,9.813547,0.002638,0.005170,0.019507,0.218821,0.843638,-1.207212,100328.0000
1764073870574915510,2025-11-25 18:01:10.573,0.632966,2.550886,55.548866,0.042011,0.007357,0.976652,0.777314,0.017526,9.963444,0.004383,0.003129,0.018002,0.224104,0.844109,-1.208742,100334.0000
1764073870674895066,2025-11-25 18:01:10.673,0.670013,2.528126,55.421638,0.042814,0.010990,0.978977,0.322496,0.011324,9.800975,0.010479,0.001956,0.036212,0.224584,0.844579,-1.209237,100339.0000
1764073870775039566,2025-11-25 18:01:10.773,0.691796,2.523580,55.311222,0.042107,0.015214,0.978841,0.524106,0.047699,9.833844,-0.001621,-0.006219,0.013084,0.225047,0.841705,-1.209682,100332.0000
1764073870875562529,2025-11-25 18:01:10.873,0.694557,2.540614,55.229443,0.042471,0.014391,0.977902,0.543044,0.171699,9.872876,-0.003587,-0.000654,0.011519,0.226485,0.842169,-1.210674,100333.0000
1764073870974304899,2025-11-25 18:01:10.973,0.682218,2.570251,55.162498,0.042951,0.013961,0.977711,0.745295,0.207477,9.890128,0.000749,-0.004527,0.020473,0.227908,0.842592,-1.213590,100330.0000
1764073871074238547,2025-11-25 18:01:11.073,0.678794,2.626798,55.107368,0.042689,0.012395,0.974576,0.560319,0.380658,9.626451,0.000614,-0.010637,0.009133,0.227435,0.841197,-1.211636,100336.0000
1764073871174251436,2025-11-25 18:01:11.173,0.678972,2.680174,55.056255,0.046910,0.012179,0.976293,0.607848,-0.103619,9.703525,-0.000463,-0.011600,0.006658,0.229372,0.842181,-1.210716,100332.0000
1764073871274593473,2025-11-25 18:01:11.273,0.672351,2.698061,55.020630,0.050438,0.012205,0.977513,0.983946,-0.005700,9.920608,-0.000482,-0.003689,0.002114,0.228897,0.842667,-1.210235,100336.0000
1764073871374823417,2025-11-25 18:01:11.373,0.657825,2.697371,54.966190,0.050499,0.011578,0.977790,0.799437,0.048956,9.829288,-0.003981,0.008745,0.009737,0.225523,0.842164,-1.210659,100328.0000
1764073871475062769,2025-11-25 18:01:11.473,0.629984,2.677087,54.911274,0.051984,0.009382,0.979224,0.422442,0.211899,9.791276,0.001762,0.019000,0.013459,0.229856,0.843606,-1.211227,100338.0000
1764073871575296936,2025-11-25 18:01:11.573,0.621175,2.610043,54.826168,0.049997,0.007658,0.978747,0.188756,0.218387,9.724114,-0.000146,0.016520,0.015127,0.232728,0.842166,-1.212210,100334.0000
1764073871676024565,2025-11-25 18:01:11.674,0.639720,2.532612,54.728958,0.040790,0.010364,0.977291,0.199530,0.229386,9.715735,0.002897,0.011842,0.014900,0.235622,0.841254,-1.210794,100338.0000
1764073871774846621,2025-11-25 18:01:11.773,0.660126,2.476174,54.649609,0.038261,0.015468,0.977167,-0.041622,0.478531,9.680091,-0.003835,0.000048,0.001146,0.235616,0.840766,-1.211268,100334.0000
1764073871875316436,2025-11-25 18:01:11.873,0.677269,2.483591,54.609600,0.035101,0.012917,0.975389,0.272206,0.238189,9.776562,0.002630,-0.015038,0.004926,0.236116,0.844590,-1.211334,100344.0000
1764073871975008510,2025-11-25 18:01:11.973,0.669497,2.591578,54.584503,0.039526,0.013349,0.976175,0.495999,0.374906,9.919392,-0.004104,-0.027611,0.002594,0.237550,0.842686,-1.211326,100338.0000
1764073872074236843,2025-11-25 18:01:12.072,0.642837,2.728326,54.578785,0.049794,0.012089,0.978830,0.716983,-0.084009,9.967005,-0.002665,-0.022672,-0.007512,0.235136,0.840297,-1.210772,100335.0000
1764073872175194343,2025-11-25 18:01:12.173,0.619278,2.813106,54.593273,0.057277,0.008955,0.978726,0.482621,-0.039716,9.743510,-0.006227,-0.000560,-0.003258,0.236099,0.841246,-1.211282,100331.0000
1764073872274675565,2025-11-25 18:01:12.273,0.606114,2.810199,54.597275,0.056072,0.008263,0.978189,0.137471,0.178192,9.634265,0.002077,0.014179,-0.001481,0.233722,0.843197,-1.208869,100328.0000
1764073872375635361,2025-11-25 18:01:12.373,0.601490,2.720119,54.571541,0.054308,0.008339,0.978058,0.362559,0.029949,9.766828,-0.001851,0.025483,0.008292,0.232707,0.838812,-1.212640,100334.0000
1764073872475068028,2025-11-25 18:01:12.473,0.608728,2.600424,54.544567,0.043368,0.009958,0.974876,0.317925,-0.017814,9.597816,0.008125,0.015247,0.010326,0.237090,0.843212,-1.208919,100337.0000
1764073872574956509,2025-11-25 18:01:12.573,0.609830,2.523506,54.532711,0.038439,0.010801,0.976198,0.257142,-0.024911,9.792735,-0.002084,0.006958,0.004985,0.238028,0.841265,-1.210830,100336.0000
1764073872675056509,2025-11-25 18:01:12.673,0.620483,2.525703,54.549850,0.037768,0.010278,0.977205,0.459212,0.319675,9.878191,0.004350,-0.010890,0.004409,0.237077,0.841291,-1.209371,100337.0000
1764073872774685805,2025-11-25 18:01:12.773,0.636489,2.630675,54.594727,0.041624,0.011043,0.977516,0.531999,-0.035774,9.718342,0.001109,-0.032681,-0.013208,0.233692,0.841703,-1.211736,100340.0000
1764073872874898583,2025-11-25 18:01:12.873,0.638977,2.751577,54.642044,0.050904,0.010032,0.979635,0.825859,-0.145843,9.895741,0.004668,-0.021151,-0.000619,0.233699,0.840778,-1.210277,100338.0000
1764073872974573065,2025-11-25 18:01:12.973,0.638470,2.825640,54.679905,0.054515,0.008523,0.978747,0.463458,-0.013179,9.757399,-0.000340,-0.003570,-0.001460,0.230796,0.840724,-1.212160,100332.0000
1764073873074194935,2025-11-25 18:01:13.072,0.637663,2.822602,54.708275,0.055837,0.008403,0.976981,0.609470,0.022025,9.836312,-0.001263,0.010476,-0.001734,0.230809,0.841700,-1.211212,100333.0000
1764073873175502250,2025-11-25 18:01:13.173,0.643396,2.748178,54.740444,0.052855,0.009288,0.976491,0.632334,0.225748,9.744998,0.005356,0.022303,-0.001794,0.233202,0.840735,-1.212195,100335.0000
1764073873274817416,2025-11-25 18:01:13.273,0.652445,2.654879,54.785305,0.045152,0.009511,0.977126,0.438679,0.161455,9.695793,-0.003292,0.016253,-0.012320,0.232282,0.844613,-1.209351,100329.0000
1764073873374716490,2025-11-25 18:01:13.373,0.661384,2.610704,54.829460,0.044170,0.010096,0.977731,0.730103,0.245574,9.814972,0.000154,-0.004243,-0.011883,0.232732,0.839818,-1.210248,100334.0000
1764073873475092490,2025-11-25 18:01:13.473,0.660332,2.637242,54.890064,0.044293,0.010437,0.976820,0.807559,0.126180,9.701216,-0.005567,-0.006941,-0.014762,0.231289,0.842170,-1.211707,100331.0000
1764073873575536620,2025-11-25 18:01:13.573,0.654671,2.723731,54.948532,0.043381,0.010671,0.975783,0.289505,0.240927,9.725775,-0.002042,-0.013417,-0.009479,0.229364,0.842161,-1.211679,100334.0000
1764073873674836638,2025-11-25 18:01:13.673,0.638445,2.848398,55.000374,0.049083,0.008985,0.976782,0.494902,-0.073712,9.792266,-0.006545,-0.023415,-0.008951,0.228887,0.842169,-1.211190,100336.0000
1764073873775308157,2025-11-25 18:01:13.773,0.613220,2.931699,55.041618,0.057579,0.010413,0.978274,0.498138,0.241927,9.894234,-0.006999,-0.006361,-0.014624,0.226972,0.842659,-1.210207,100340.0000
1764073873874995434,2025-11-25 18:01:13.873,0.591443,2.932087,55.085510,0.059005,0.006813,0.978217,0.481598,-0.197052,9.762236,0.003703,0.007727,-0.002990,0.225525,0.840284,-1.209186,100332.0000
1764073873974614564,2025-11-25 18:01:13.973,0.587742,2.863488,55.130493,0.055103,0.006477,0.977575,0.549219,0.261116,9.748791,0.004183,0.013627,-0.017067,0.226986,0.844579,-1.209755,100335.0000
1764073874074226194,2025-11-25 18:01:14.073,0.605170,2.756749,55.190735,0.051268,0.008771,0.978371,0.209425,0.036828,9.706563,0.000318,0.022471,-0.007237,0.226972,0.844071,-1.211191,100330.0000
1764073874175533916,2025-11-25 18:01:14.173,0.631836,2.676951,55.285587,0.045966,0.008256,0.977248,0.229119,0.144961,9.732506,0.010438,0.005089,-0.017654,0.224080,0.843103,-1.211134,100332.0000
1764073874274689434,2025-11-25 18:01:14.273,0.654761,2.672364,55.396507,0.042306,0.008168,0.975269,0.575124,-0.231649,9.796010,0.003905,-0.006800,-0.013756,0.225512,0.843079,-1.212599,100335.0000
1764073874375157675,2025-11-25 18:01:14.373,0.659398,2.767091,55.484535,0.041854,0.009136,0.976493,0.327945,0.145602,9.765388,-0.004989,-0.036258,-0.014886,0.223134,0.844085,-1.209690,100330.0000
1764073874475085360,2025-11-25 18:01:14.473,0.645345,2.903455,55.545719,0.054642,0.008602,0.977901,1.102868,0.080830,9.822222,-0.008774,-0.022277,-0.008365,0.218788,0.844024,-1.211552,100338.0000
1764073874574772638,2025-11-25 18:01:14.573,0.620664,2.990166,55.600979,0.058992,0.010058,0.977819,0.618193,0.395196,9.817039,-0.010446,0.002816,-0.013793,0.217833,0.843095,-1.210079,100338.0000
1764073874675643175,2025-11-25 18:01:14.673,0.599816,2.972291,55.682411,0.059108,0.006503,0.977486,0.398089,-0.021806,9.738640,0.002171,0.014280,-0.010123,0.218804,0.844065,-1.209626,100332.0000
1764073874775360563,2025-11-25 18:01:14.773,0.586768,2.905327,55.744278,0.055192,0.006837,0.976603,0.181129,0.058308,9.573180,-0.002914,0.016132,-0.006544,0.216894,0.845510,-1.208657,100332.0000
1764073874875161860,2025-11-25 18:01:14.873,0.584370,2.814025,55.786854,0.048037,0.007222,0.977476,0.144379,0.540434,9.707566,0.000079,0.014206,-0.008961,0.216888,0.843609,-1.208146,100332.0000
1764073874975105452,2025-11-25 18:01:14.973,0.595907,2.786768,55.835068,0.040418,0.005767,0.976387,0.156276,-0.168744,9.608264,0.010581,-0.007790,-0.008064,0.215408,0.843033,-1.212450,100330.0000
1764073875074185360,2025-11-25 18:01:15.072,0.616788,2.822176,55.868256,0.045182,0.008834,0.977984,0.542219,0.109094,9.899302,0.001171,-0.020097,-0.007227,0.215429,0.844975,-1.211035,100338.0000
1764073875175904619,2025-11-25 18:01:15.173,0.629915,2.876099,55.896877,0.054456,0.009661,0.979486,1.229249,0.234999,9.900874,0.000682,-0.009693,-0.005310,0.216871,0.844036,-1.210561,100332.0000
1764073875275003915,2025-11-25 18:01:15.273,0.640869,2.877042,55.928982,0.057602,0.009393,0.977897,0.966847,-0.020187,9.848557,0.002413,0.012415,-0.015619,0.213516,0.847354,-1.211043,100336.0000
1764073875375109082,2025-11-25 18:01:15.373,0.645276,2.858284,55.972534,0.052174,0.009379,0.975748,0.521080,-0.142674,9.852892,-0.000169,0.001989,-0.006344,0.213508,0.844976,-1.210525,100330.0000
1764073875474773063,2025-11-25 18:01:15.473,0.634930,2.854936,56.001591,0.049688,0.010360,0.976604,0.150529,0.325510,9.637596,-0.000448,0.007004,-0.003993,0.213028,0.843561,-1.209534,100334.0000
1764073875575093619,2025-11-25 18:01:15.573,0.609244,2.831042,56.005322,0.047608,0.006791,0.976442,0.028547,0.059811,9.756060,-0.002785,0.007716,-0.003373,0.214472,0.843100,-1.209066,100327.0000
1764073875676910730,2025-11-25 18:01:15.675,0.588776,2.796914,55.968681,0.048513,0.006376,0.978482,0.650592,0.271564,9.889080,0.003792,-0.000148,0.026445,0.212560,0.845480,-1.209074,100328.0000
1764073875774869878,2025-11-25 18:01:15.773,0.580506,2.766280,55.915333,0.050265,0.010155,0.978841,0.505823,0.168705,9.648441,-0.003708,0.004615,-0.005415,0.215912,0.845455,-1.211050,100335.0000
1764073875875465155,2025-11-25 18:01:15.873,0.583301,2.750257,55.885536,0.049191,0.009269,0.978113,0.750117,0.341736,9.786425,0.006548,-0.000638,0.003871,0.214476,0.844523,-1.209569,100338.0000
1764073875974650841,2025-11-25 18:01:15.973,0.585521,2.755391,55.872620,0.046334,0.009275,0.976185,0.571603,0.590605,9.749412,0.000657,-0.003759,-0.005353,0.217833,0.845453,-1.211560,100331.0000
1764073876097355211,2025-11-25 18:01:16.080,0.598014,2.778696,55.865700,0.045444,0.007785,0.975354,0.470549,0.329649,9.773492,0.005142,-0.008073,-0.001947,0.215424,0.844019,-1.211021,100332.0000
1764073876177820489,2025-11-25 18:01:16.174,0.618402,2.825186,55.860954,0.047229,0.009012,0.976176,0.078705,-0.041337,9.622562,0.002490,-0.020163,0.001196,0.218801,0.843587,-1.209619,100334.0000
1764073876275079507,2025-11-25 18:01:16.273,0.635922,2.857765,55.851986,0.050206,0.009655,0.977154,0.706140,0.092569,9.897997,-0.000496,-0.012457,-0.002476,0.215430,0.844507,-1.210547,100331.0000
1764073876379226396,2025-11-25 18:01:16.377,0.640973,2.890432,55.865597,0.048663,0.010704,0.978010,0.962624,0.115402,9.918122,0.007260,-0.007895,-0.000355,0.215905,0.844021,-1.211028,100331.0000
1764073876481147322,2025-11-25 18:01:16.474,0.635874,2.923149,55.880119,0.052898,0.011595,0.979383,0.525352,0.300785,9.677837,-0.000018,-0.000540,-0.010099,0.213491,0.843045,-1.211459,100331.0000
1764073876574700655,2025-11-25 18:01:16.573,0.628871,2.923213,55.887157,0.052983,0.011208,0.978129,0.693868,-0.005701,9.696948,-0.008053,-0.000745,-0.002725,0.213498,0.844478,-1.211481,100330.0000
1764073876676465322,2025-11-25 18:01:16.673,0.610969,2.893542,55.902927,0.051078,0.007918,0.977185,0.703854,-0.227515,9.660542,-0.010799,0.009059,0.000563,0.214946,0.843082,-1.210036,100342.0000
1764073876774933710,2025-11-25 18:01:16.773,0.603643,2.872059,55.896969,0.048524,0.006263,0.976219,0.472680,0.162510,9.658352,0.001781,0.010274,-0.007857,0.214454,0.843994,-1.211969,100338.0000
1764073876874609562,2025-11-25 18:01:16.873,0.601963,2.839312,55.872372,0.046718,0.009258,0.977458,0.212533,0.483283,9.631041,0.001391,0.005964,0.011441,0.213024,0.843551,-1.210015,100332.0000
1764073876974828858,2025-11-25 18:01:16.973,0.606714,2.825706,55.860020,0.049212,0.009665,0.976794,0.175886,0.290198,9.569283,-0.004617,-0.001418,-0.002329,0.218312,0.842620,-1.210078,100336.0000
1764073877074613118,2025-11-25 18:01:17.072,0.634242,2.826984,55.841217,0.048907,0.006477,0.978356,0.520104,-0.118630,9.874516,0.004419,0.003865,0.002807,0.216871,0.844036,-1.210561,100333.0000
1764073877176031766,2025-11-25 18:01:17.173,0.666362,2.836147,55.827370,0.047923,0.011670,0.977246,0.691338,0.218308,9.911191,0.006478,0.003980,-0.001781,0.217804,0.843491,-1.213937,100335.0000
1764073877275792173,2025-11-25 18:01:17.273,0.678622,2.843708,55.815765,0.047270,0.013631,0.976817,0.102705,0.048774,9.780303,0.002973,0.001356,0.010058,0.216886,0.845489,-1.209620,100337.0000
1764073877375673617,2025-11-25 18:01:17.373,0.674352,2.850663,55.813469,0.048197,0.012339,0.977194,0.241852,-0.181083,9.570746,0.002453,-0.006388,0.003111,0.215418,0.843531,-1.211495,100338.0000
1764073877475844858,2025-11-25 18:01:17.473,0.653879,2.847913,55.814018,0.051028,0.009887,0.977962,0.380631,0.205624,9.709790,0.003328,0.000703,0.004975,0.214462,0.842602,-1.210021,100338.0000
1764073877575362191,2025-11-25 18:01:17.573,0.634050,2.847198,55.823479,0.051788,0.009836,0.977302,0.672387,-0.029125,9.832326,0.000809,0.000435,-0.009298,0.215915,0.848290,-1.212538,100339.0000
1764073877677276321,2025-11-25 18:01:17.675,0.615852,2.812573,55.821144,0.050548,0.010469,0.977268,0.424168,0.138457,9.633860,-0.002322,0.010448,0.005008,0.214952,0.844983,-1.210547,100338.0000
1764073877775993802,2025-11-25 18:01:17.773,0.614897,2.745361,55.799122,0.048302,0.007616,0.977223,0.248225,0.100879,9.710139,-0.000394,0.005973,0.005829,0.213977,0.844003,-1.211481,100332.0000
1764073877875989932,2025-11-25 18:01:17.873,0.633389,2.709050,55.780270,0.044041,0.007988,0.977638,0.555914,0.172428,9.877980,0.006459,-0.001376,-0.002481,0.218304,0.846370,-1.213507,100339.0000
1764073877975694284,2025-11-25 18:01:17.973,0.657432,2.756734,55.782242,0.040257,0.011415,0.976301,0.356351,0.637534,9.853071,0.011014,-0.010271,0.003531,0.216893,0.848335,-1.210627,100331.0000
1764073878074754543,2025-11-25 18:01:18.072,0.648647,2.834605,55.808285,0.049462,0.012439,0.978440,0.782142,0.285178,9.823019,-0.009294,-0.010426,0.001548,0.216378,0.845416,-1.212982,100330.0000
1764073878176496061,2025-11-25 18:01:18.173,0.637906,2.887323,55.828674,0.052693,0.008452,0.977847,0.436837,0.208594,9.694240,0.000950,-0.003944,-0.008919,0.217846,0.846429,-1.210612,100336.0000
1764073878275941932,2025-11-25 18:01:18.273,0.630113,2.867869,55.849236,0.057152,0.007846,0.979248,0.665112,-0.145306,9.914433,-0.008364,0.001640,0.002510,0.214466,0.846383,-1.212006,100337.0000
1764073878376785580,2025-11-25 18:01:18.373,0.624572,2.784597,55.873306,0.051127,0.009680,0.975008,0.402302,0.118998,9.754085,0.004621,0.014343,-0.011326,0.214943,0.844017,-1.211013,100332.0000
1764073878475666098,2025-11-25 18:01:18.473,0.625558,2.680944,55.869259,0.044792,0.008658,0.976367,0.377483,0.018060,9.810951,-0.004238,0.015877,0.000384,0.214938,0.844474,-1.211984,100336.0000
1764073878575487932,2025-11-25 18:01:18.573,0.631526,2.627630,55.845608,0.039655,0.007598,0.976796,0.595340,0.043616,9.896579,-0.000933,0.005405,0.012379,0.215408,0.845391,-1.213931,100337.0000
1764073878675673080,2025-11-25 18:01:18.673,0.647771,2.662458,55.825001,0.038095,0.010694,0.977393,0.427482,0.416442,9.722840,0.005915,-0.012925,-0.000119,0.216367,0.843973,-1.213442,100338.0000
1764073878775763728,2025-11-25 18:01:18.773,0.666639,2.757334,55.792126,0.042662,0.010212,0.977391,0.103987,0.265223,9.532354,0.002080,-0.025717,0.005081,0.216373,0.844460,-1.212968,100332.0000
1764073878875167524,2025-11-25 18:01:18.873,0.678454,2.855094,55.741528,0.054214,0.010257,0.980436,0.711049,0.093755,9.679944,0.003258,-0.015905,0.001457,0.218768,0.843028,-1.213462,100331.0000
1764073878975401042,2025-11-25 18:01:18.973,0.679132,2.877651,55.680706,0.057977,0.012306,0.977868,1.002408,-0.145465,9.845797,-0.000066,0.004251,0.015853,0.216874,0.844514,-1.210568,100334.0000
1764073879074816950,2025-11-25 18:01:19.073,0.669599,2.805887,55.652733,0.052737,0.015109,0.975868,0.553201,-0.489923,9.838026,-0.001463,0.017562,-0.008610,0.217343,0.845898,-1.213004,100331.0000
1764073879177419135,2025-11-25 18:01:19.173,0.649837,2.698122,55.641571,0.047011,0.010952,0.975302,0.689410,0.042378,9.792933,-0.006614,0.013281,0.011677,0.216870,0.844503,-1.211049,100330.0000
1764073879276737931,2025-11-25 18:01:19.273,0.641808,2.628086,55.615627,0.042918,0.008822,0.977493,0.990344,-0.010180,9.947979,0.001446,0.005961,-0.000081,0.222662,0.845048,-1.209216,100337.0000
1764073879375538468,2025-11-25 18:01:19.373,0.638153,2.620694,55.564774,0.039894,0.009662,0.978801,0.784626,-0.004926,9.902658,0.001009,0.000523,0.024085,0.221222,0.846464,-1.209699,100334.0000
1764073879475870320,2025-11-25 18:01:19.473,0.636565,2.681503,55.529320,0.038405,0.011061,0.977099,0.804409,0.292039,9.804349,0.002800,-0.014856,0.000812,0.219740,0.843530,-1.212521,100334.0000
1764073879575652468,2025-11-25 18:01:19.573,0.633793,2.786105,55.501759,0.045495,0.009515,0.977394,0.767542,-0.087102,9.857847,0.001870,-0.020330,0.001832,0.219747,0.844018,-1.212047,100333.0000
1764073879676195746,2025-11-25 18:01:19.673,0.634037,2.865212,55.465115,0.053090,0.008366,0.978233,1.019624,-0.451116,9.889313,0.003093,-0.008653,0.017181,0.219263,0.845896,-1.213513,100335.0000
1764073879775925746,2025-11-25 18:01:19.773,0.633588,2.857069,55.435047,0.058353,0.011644,0.979816,0.891621,-0.273463,9.986357,-0.004240,0.002922,-0.006564,0.220241,0.843583,-1.210122,100330.0000
1764073879875879246,2025-11-25 18:01:19.873,0.635091,2.767316,55.427418,0.053453,0.010788,0.976355,0.632818,-0.034998,9.847103,0.000984,0.023322,0.007727,0.221686,0.845481,-1.211135,100334.0000
1764073879975462449,2025-11-25 18:01:19.972,0.649016,2.657837,55.435627,0.042605,0.009019,0.974254,0.267720,0.228544,9.644072,-0.005677,0.017701,-0.005430,0.222164,0.845473,-1.211623,100330.0000
1764073880074755320,2025-11-25 18:01:20.073,0.668548,2.576589,55.441078,0.039853,0.008896,0.977699,0.538981,-0.098826,9.805295,0.006588,0.003358,-0.006450,0.223119,0.844044,-1.211616,100334.0000
1764073880176559782,2025-11-25 18:01:20.173,0.691115,2.562965,55.439308,0.038736,0.010338,0.977532,0.709200,0.124280,9.801730,0.003196,-0.002539,0.000874,0.223105,0.843535,-1.213053,100338.0000
1764073880276547801,2025-11-25 18:01:20.273,0.697060,2.626210,55.468399,0.038086,0.013021,0.977484,0.776344,-0.287564,9.817780,0.005781,-0.015476,0.000056,0.222633,0.843086,-1.211594,100338.0000
1764073880375395208,2025-11-25 18:01:20.373,0.680571,2.744853,55.512630,0.043684,0.012501,0.979436,0.603605,0.113872,9.798593,0.002227,-0.014935,-0.007597,0.221676,0.844982,-1.212090,100331.0000
1764073880475606708,2025-11-25 18:01:20.473,0.662367,2.838098,55.557003,0.050860,0.009527,0.978358,0.373855,0.229231,9.713316,-0.008000,-0.006815,-0.010591,0.218792,0.846392,-1.212551,100333.0000
1764073880575788745,2025-11-25 18:01:20.573,0.646458,2.867786,55.604263,0.055562,0.008725,0.977191,0.669872,-0.347745,9.855779,-0.002070,0.008651,-0.002644,0.219768,0.845960,-1.210632,100332.0000
1764073880676441060,2025-11-25 18:01:20.673,0.625922,2.816566,55.640335,0.054640,0.008870,0.977028,0.165993,-0.149968,9.699976,-0.002914,0.020040,0.002044,0.217837,0.845463,-1.211078,100333.0000
1764073880775497671,2025-11-25 18:01:20.773,0.607270,2.719234,55.675888,0.048601,0.007269,0.976482,0.070642,0.194913,9.748946,-0.000418,0.015816,-0.004969,0.219279,0.845937,-1.211588,100338.0000
1764073880875405727,2025-11-25 18:01:20.873,0.609165,2.630697,55.689213,0.041277,0.004579,0.977127,0.464844,0.149612,9.758699,0.006638,0.007066,0.013588,0.219763,0.845004,-1.210618,100332.0000
1764073880975377634,2025-11-25 18:01:20.972,0.641845,2.605069,55.669155,0.036049,0.007431,0.977065,0.287471,0.384777,9.718791,0.006394,-0.017421,0.011321,0.220252,0.847385,-1.211143,100329.0000
1764073881074773337,2025-11-25 18:01:21.072,0.680642,2.642135,55.625439,0.042852,0.010308,0.979033,0.740041,-0.000728,9.889942,0.007341,-0.013287,0.015852,0.221660,0.842584,-1.212535,100330.0000
1764073881176363893,2025-11-25 18:01:21.173,0.696034,2.686447,55.597477,0.046524,0.014651,0.979725,0.485961,0.258228,9.770219,0.001450,-0.006893,0.005007,0.224108,0.847890,-1.210726,100332.0000
1764073881275930782,2025-11-25 18:01:21.273,0.668919,2.735325,55.599934,0.050161,0.013712,0.978006,0.307272,0.321743,9.744790,-0.001271,0.001793,-0.001380,0.219758,0.845462,-1.211588,100326.0000
1764073881375143448,2025-11-25 18:01:21.373,0.629428,2.749335,55.598618,0.048378,0.010787,0.974500,0.462346,0.333871,9.672135,-0.010064,0.002239,0.002313,0.218807,0.846901,-1.211114,100329.0000
1764073881475484708,2025-11-25 18:01:21.473,0.598270,2.756143,55.592655,0.047904,0.008165,0.975748,0.370294,0.213268,9.668584,-0.002056,-0.006554,-0.009625,0.221209,0.847846,-1.212127,100330.0000
1764073881576338208,2025-11-25 18:01:21.573,0.589203,2.731074,55.575245,0.048471,0.005030,0.976956,0.004471,0.013651,9.539331,0.000009,-0.003812,0.003147,0.220726,0.845009,-1.210632,100336.0000
1764073881677503485,2025-11-25 18:01:21.673,0.613864,2.653724,55.553520,0.050058,0.007470,0.979870,0.229524,0.055764,9.791909,0.008021,0.013318,0.002344,0.222171,0.845493,-1.210661,100336.0000
1764073881775722559,2025-11-25 18:01:21.773,0.635666,2.559881,55.545166,0.043941,0.011028,0.978696,0.569815,0.006789,9.855370,-0.003378,0.014067,-0.002256,0.223097,0.843515,-1.214016,100330.0000
1764073881875584874,2025-11-25 18:01:21.873,0.647697,2.518097,55.521572,0.037175,0.009900,0.977427,0.387648,0.126515,9.792841,0.004738,-0.008223,0.014731,0.225543,0.846931,-1.211214,100335.0000
1764073881975492393,2025-11-25 18:01:21.973,0.649272,2.552448,55.494003,0.037057,0.012083,0.976211,0.400984,0.270730,9.907434,-0.007602,-0.012424,0.004185,0.225037,0.844977,-1.213103,100324.0000
1764073882074747985,2025-11-25 18:01:22.072,0.648527,2.631251,55.492744,0.039845,0.008973,0.975454,0.424864,-0.022260,9.704741,0.005449,-0.017710,-0.000052,0.222636,0.845922,-1.213082,100330.0000
1764073882176589744,2025-11-25 18:01:22.173,0.659917,2.708798,55.497196,0.047413,0.010366,0.978415,0.382593,0.471674,9.757586,0.002728,-0.011910,-0.004064,0.223613,0.847379,-1.212155,100331.0000
1764073882275840318,2025-11-25 18:01:22.273,0.673177,2.744773,55.492374,0.052121,0.009861,0.978658,0.639106,0.000247,9.948364,0.008088,-0.002818,0.004702,0.222166,0.845950,-1.211631,100329.0000
1764073882375696300,2025-11-25 18:01:22.373,0.671149,2.719557,55.482742,0.052327,0.011639,0.979367,0.893274,0.261665,9.853485,0.000563,0.010939,0.010685,0.223131,0.846432,-1.211653,100332.0000
1764073882478541522,2025-11-25 18:01:22.473,0.660752,2.641086,55.460442,0.050166,0.011771,0.979396,0.644925,0.312312,9.863007,0.010554,0.022734,0.008649,0.224075,0.845918,-1.213584,100336.0000
1764073882576176651,2025-11-25 18:01:22.573,0.635451,2.529974,55.435913,0.042117,0.011563,0.977087,0.438240,-0.065090,9.755247,-0.000119,0.019807,0.011775,0.226009,0.843122,-1.210681,100334.0000
1764073882675361540,2025-11-25 18:01:22.673,0.611535,2.471405,55.433758,0.035005,0.010800,0.974370,0.298758,0.162917,9.635015,0.004542,0.007418,0.006336,0.226991,0.847893,-1.211250,100330.0000
1764073882775741744,2025-11-25 18:01:22.773,0.602456,2.503193,55.437065,0.033658,0.005883,0.975995,0.703861,0.059593,9.783797,0.004251,-0.011973,0.006608,0.225549,0.847419,-1.210740,100331.0000
1764073882875805948,2025-11-25 18:01:22.873,0.621725,2.635487,55.439526,0.036215,0.009526,0.976479,0.642456,0.630254,9.745767,0.008904,-0.028608,0.009028,0.225516,0.845447,-1.213599,100329.0000
1764073882975794262,2025-11-25 18:01:22.973,0.656410,2.782810,55.459431,0.049001,0.008508,0.979979,0.613321,0.539908,9.784578,0.000644,-0.026651,-0.007528,0.222645,0.845475,-1.211631,100335.0000
1764073883075090466,2025-11-25 18:01:23.072,0.680497,2.851771,55.477768,0.059256,0.010497,0.979662,0.758658,0.273843,9.622930,-0.000322,-0.004531,-0.001410,0.222144,0.843063,-1.212550,100338.0000
1764073883175998503,2025-11-25 18:01:23.173,0.674855,2.810742,55.479950,0.057311,0.010924,0.976706,0.697828,0.246890,9.646749,-0.003838,0.010574,-0.001713,0.221690,0.846903,-1.211639,100330.0000
1764073883276152521,2025-11-25 18:01:23.273,0.654170,2.696775,55.477814,0.050904,0.011903,0.975582,1.038210,-0.014396,9.875211,-0.002675,0.025218,0.002329,0.223602,0.845936,-1.212615,100335.0000
1764073883375781262,2025-11-25 18:01:23.373,0.629697,2.591208,55.485645,0.041180,0.010036,0.975692,0.911355,0.118383,9.747929,-0.003461,0.022155,0.008720,0.225051,0.845486,-1.211666,100336.0000
1764073883475968262,2025-11-25 18:01:23.473,0.609057,2.572022,55.499966,0.035415,0.010231,0.977850,0.501743,0.166559,9.829827,0.000536,-0.001898,-0.000058,0.226011,0.845012,-1.211673,100336.0000
1764073883576228188,2025-11-25 18:01:23.573,0.597191,2.652655,55.531910,0.035712,0.009827,0.979314,-0.004308,0.395650,10.069064,0.002202,-0.020070,-0.000616,0.224577,0.845504,-1.210696,100330.0000
1764073883676278410,2025-11-25 18:01:23.673,0.591245,2.768854,55.567795,0.048271,0.008561,0.978748,0.366231,0.291221,9.725762,0.003861,-0.017429,-0.008231,0.222155,0.846865,-1.213571,100332.0000
1764073883775441188,2025-11-25 18:01:23.773,0.580428,2.845564,55.592438,0.056360,0.006623,0.978766,0.840327,0.070332,9.861675,0.007319,-0.002226,0.004146,0.221212,0.846911,-1.211150,100331.0000
1764073883875315336,2025-11-25 18:01:23.873,0.586288,2.858963,55.609463,0.055355,0.007167,0.976445,0.544080,0.144119,9.699198,0.006193,0.005454,0.003989,0.217348,0.846853,-1.213019,100336.0000
1764073883975485891,2025-11-25 18:01:23.973,0.611208,2.790850,55.637665,0.053453,0.008946,0.976128,0.208973,0.113616,9.592717,0.010436,0.012604,-0.009125,0.222153,0.846387,-1.213564,100330.0000
1764073884074749225,2025-11-25 18:01:24.072,0.627083,2.699419,55.686836,0.045859,0.010340,0.975792,0.318573,0.008338,9.795458,0.000987,0.009929,-0.005265,0.220234,0.845921,-1.212565,100332.0000
1764073884176184613,2025-11-25 18:01:24.173,0.626072,2.653626,55.740376,0.040538,0.008536,0.976467,0.295196,0.060798,9.740753,0.004295,0.002820,-0.007037,0.222172,0.846438,-1.211157,100333.0000
1764073884276132539,2025-11-25 18:01:24.273,0.628142,2.656137,55.760944,0.040146,0.008057,0.977662,0.336322,0.223726,9.594963,-0.001464,-0.015797,-0.000837,0.224104,0.850237,-1.212688,100332.0000
1764073884376820373,2025-11-25 18:01:24.373,0.628727,2.705731,55.758224,0.044663,0.008272,0.979994,0.728346,0.126614,10.072658,-0.003518,-0.017258,-0.000610,0.219732,0.844923,-1.214469,100333.0000
1764073884476028298,2025-11-25 18:01:24.473,0.628834,2.765021,55.757179,0.050149,0.010442,0.976913,0.270724,0.095689,9.689679,0.004434,-0.005888,-0.002003,0.220234,0.845921,-1.212565,100337.0000
1764073884575949372,2025-11-25 18:01:24.573,0.626579,2.789152,55.779953,0.051142,0.011575,0.977163,0.561817,0.167942,9.844792,-0.000611,-0.000721,-0.008504,0.218785,0.844959,-1.212529,100330.0000
1764073884675548798,2025-11-25 18:01:24.673,0.627504,2.786395,55.807869,0.049345,0.009767,0.976587,0.634514,-0.065378,9.716569,0.003066,-0.000801,-0.010515,0.220717,0.844043,-1.211099,100332.0000
1764073884776135909,2025-11-25 18:01:24.773,0.630481,2.798011,55.840599,0.045907,0.009702,0.976725,0.435209,0.047608,9.714501,0.004042,0.000743,-0.015386,0.217820,0.845890,-1.213492,100334.0000
1764073884875588854,2025-11-25 18:01:24.873,0.626157,2.818416,55.870373,0.048992,0.009260,0.977939,0.729740,-0.072304,9.816829,-0.008515,-0.007822,-0.004481,0.218790,0.845914,-1.212543,100336.0000
1764073884975664909,2025-11-25 18:01:24.973,0.607799,2.808743,55.885910,0.052419,0.008642,0.979845,0.735784,0.041797,9.688334,-0.001497,0.004210,-0.004967,0.215917,0.846410,-1.211064,100327.0000
1764073885074878446,2025-11-25 18:01:25.073,0.584419,2.787688,55.866070,0.048007,0.006443,0.976879,0.388472,-0.097101,9.670386,-0.000834,0.009647,0.009473,0.217832,0.845920,-1.212048,100332.0000
1764073885176378150,2025-11-25 18:01:25.173,0.585936,2.750690,55.837551,0.046672,0.009190,0.977452,0.459545,0.385818,9.769145,-0.000951,0.001834,-0.001257,0.219270,0.846384,-1.213040,100330.0000
1764073885275812816,2025-11-25 18:01:25.273,0.599823,2.707591,55.831593,0.048162,0.009086,0.976857,0.648022,0.132062,9.819510,-0.002324,0.007834,0.001347,0.219292,0.846913,-1.210640,100333.0000
1764073885376047631,2025-11-25 18:01:25.373,0.621552,2.700555,55.854481,0.045802,0.009222,0.976614,0.472173,0.190218,9.769808,0.003008,0.004097,0.001918,0.221202,0.846413,-1.212105,100331.0000
1764073885475691576,2025-11-25 18:01:25.473,0.639537,2.726837,55.879765,0.047246,0.010466,0.977115,0.274590,-0.014474,9.696719,-0.001246,-0.001000,-0.010390,0.217824,0.845900,-1.213011,100330.0000
1764073885575357020,2025-11-25 18:01:25.573,0.638595,2.740821,55.906963,0.046462,0.010593,0.978364,0.114912,0.262208,9.675210,0.005298,-0.003953,-0.006013,0.218809,0.845965,-1.210137,100328.0000
1764073885676557335,2025-11-25 18:01:25.674,0.615658,2.753861,55.919426,0.049532,0.011341,0.977835,0.307625,0.170724,9.867516,-0.009128,0.002797,-0.002930,0.218331,0.846441,-1.210137,100334.0000
1764073885775541724,2025-11-25 18:01:25.773,0.587703,2.744563,55.895340,0.048500,0.009168,0.977890,0.177312,0.214914,9.772882,-0.001598,0.001173,0.006464,0.219751,0.846386,-1.213047,100330.0000
1764073885875565390,2025-11-25 18:01:25.873,0.562643,2.695243,55.852642,0.048036,0.007961,0.977805,0.603856,0.002351,9.837379,-0.000884,0.005003,0.006295,0.220721,0.847824,-1.213083,100329.0000
1764073885995606075,2025-11-25 18:01:25.974,0.562741,2.630601,55.814201,0.045718,0.007882,0.977606,0.536338,0.042982,9.848725,0.001312,0.015060,0.004301,0.222164,0.847830,-1.213104,100336.0000
1764073886074905594,2025-11-25 18:01:26.072,0.580380,2.598609,55.808201,0.040373,0.007036,0.976434,0.465107,-0.054755,9.902941,0.004843,-0.001948,0.012655,0.221233,0.846495,-1.208254,100330.0000
1764073886176134834,2025-11-25 18:01:26.173,0.618401,2.647727,55.799622,0.037594,0.008993,0.975019,0.555424,0.527510,9.688077,0.014155,-0.019459,0.002037,0.219770,0.846437,-1.210640,100325.0000
1764073886275479316,2025-11-25 18:01:26.273,0.660127,2.755185,55.766747,0.044100,0.010949,0.978576,0.385343,0.291578,9.805511,-0.000078,-0.023909,0.001533,0.222633,0.846857,-1.214060,100325.0000
1764073886376006779,2025-11-25 18:01:26.373,0.677241,2.811195,55.731625,0.053753,0.013170,0.979453,0.634259,-0.023164,9.920867,-0.003807,-0.000038,0.006644,0.220711,0.845913,-1.213054,100330.0000
1764073886475624982,2025-11-25 18:01:26.473,0.659854,2.802691,55.714039,0.052080,0.014810,0.977297,0.456170,0.315744,9.661530,-0.009178,0.002469,-0.002829,0.221195,0.847338,-1.213564,100334.0000
1764073886575329945,2025-11-25 18:01:26.573,0.625800,2.749501,55.703175,0.051310,0.010230,0.977619,0.373375,0.198513,9.811342,-0.001351,0.011304,0.002309,0.222172,0.847851,-1.212141,100336.0000
1764073886675966353,2025-11-25 18:01:26.673,0.592148,2.690130,55.680176,0.046608,0.008234,0.976875,0.168781,-0.013542,9.664532,-0.003026,0.015923,0.004510,0.220713,0.846391,-1.213061,100332.0000
1764073886775655612,2025-11-25 18:01:26.773,0.574381,2.647286,55.651356,0.042148,0.009363,0.977117,0.407894,-0.271537,9.779307,0.003620,0.000806,0.005355,0.223130,0.845487,-1.211156,100328.0000
1764073886875656612,2025-11-25 18:01:26.873,0.581963,2.638019,55.624329,0.041822,0.008713,0.977842,0.180338,-0.030801,9.713082,0.006676,-0.003919,-0.000819,0.222184,0.846469,-1.209713,100330.0000
1764073886977464149,2025-11-25 18:01:26.974,0.603401,2.656603,55.593086,0.045061,0.008870,0.976401,0.465742,-0.247228,9.627396,0.003018,-0.006495,0.006792,0.223131,0.846432,-1.211653,100328.0000
1764073887077465260,2025-11-25 18:01:27.072,0.617596,2.694861,55.579796,0.045874,0.012104,0.976755,0.328624,0.092764,9.699756,0.002312,-0.010614,-0.002086,0.225057,0.845973,-1.211192,100332.0000
1764073887176502038,2025-11-25 18:01:27.173,0.609476,2.723491,55.589790,0.048755,0.011780,0.976901,0.344592,-0.345590,9.615866,-0.008007,-0.009104,-0.008445,0.222159,0.846875,-1.213090,100328.0000
1764073887275895426,2025-11-25 18:01:27.273,0.583501,2.747503,55.602440,0.049090,0.009212,0.977415,0.320308,0.191621,9.760889,-0.002144,-0.008770,0.001679,0.223609,0.847369,-1.212637,100330.0000
1764073887375626204,2025-11-25 18:01:27.373,0.560360,2.751564,55.597431,0.048115,0.006208,0.978233,0.337210,-0.069911,9.783242,-0.000966,-0.000793,-0.005689,0.223600,0.846404,-1.213104,100328.0000
1764073887475256686,2025-11-25 18:01:27.473,0.561554,2.738055,55.591713,0.048830,0.007191,0.978253,0.605872,-0.190152,9.767688,0.006412,-0.002403,0.010765,0.223129,0.844542,-1.210660,100331.0000
1764073887575239334,2025-11-25 18:01:27.573,0.584091,2.713071,55.599133,0.048749,0.007982,0.977849,0.332866,0.013919,9.750835,0.004865,0.005454,-0.014007,0.224575,0.847384,-1.212170,100331.0000
1764073887675973148,2025-11-25 18:01:27.673,0.606656,2.691350,55.611965,0.046175,0.009312,0.976816,0.483618,-0.131617,9.830291,0.007289,-0.003679,-0.000879,0.226019,0.845978,-1.211206,100337.0000
1764073887776084630,2025-11-25 18:01:27.773,0.627443,2.689031,55.622890,0.044821,0.009798,0.976912,0.420006,0.495001,9.818892,0.006050,-0.001309,-0.001628,0.223641,0.848396,-1.209282,100343.0000
1764073887875642926,2025-11-25 18:01:27.873,0.635515,2.696824,55.619110,0.046382,0.011519,0.978129,0.425985,0.172780,9.849990,-0.001277,-0.003040,-0.002858,0.223624,0.847410,-1.210711,100336.0000
1764073887975751204,2025-11-25 18:01:27.973,0.624692,2.704520,55.611870,0.045161,0.010797,0.976934,0.623026,-0.168021,9.926767,0.002191,0.004944,0.011597,0.223120,0.845934,-1.212608,100333.0000
1764073888074709722,2025-11-25 18:01:28.072,0.603406,2.718147,55.591545,0.044927,0.009616,0.976687,0.526343,0.088931,9.745159,-0.003828,-0.008473,-0.003817,0.225520,0.845457,-1.213117,100336.0000
1764073888176349685,2025-11-25 18:01:28.173,0.584632,2.746328,55.569592,0.045953,0.008571,0.977853,0.642044,-0.102479,9.845279,0.003348,-0.007446,0.007378,0.223617,0.845977,-1.210689,100328.0000
1764073888275711296,2025-11-25 18:01:28.273,0.584957,2.777883,55.551476,0.049098,0.008707,0.978639,0.513367,0.107137,9.790454,0.001875,-0.007083,0.004370,0.225531,0.844542,-1.211177,100336.0000
1764073888377167037,2025-11-25 18:01:28.373,0.591846,2.778303,55.546608,0.050195,0.009362,0.977858,0.424321,0.160955,9.820188,0.005533,-0.002248,0.003842,0.223608,0.845011,-1.211156,100334.0000
1764073888476469426,2025-11-25 18:01:28.473,0.608743,2.762052,55.571285,0.051551,0.008413,0.978269,0.435920,-0.062547,9.734838,0.003763,0.001244,0.006748,0.220237,0.844986,-1.211588,100330.0000
1764073888576290315,2025-11-25 18:01:28.573,0.632867,2.708998,55.604595,0.049701,0.009690,0.976213,0.260636,0.123037,9.705374,0.009001,0.002845,-0.017433,0.225048,0.845008,-1.211659,100332.0000
1764073888675326018,2025-11-25 18:01:28.673,0.654913,2.658208,55.647686,0.045647,0.010686,0.976669,0.517666,-0.463666,9.780987,-0.004029,0.002764,-0.004973,0.225539,0.846921,-1.211695,100331.0000
1764073888775479277,2025-11-25 18:01:28.773,0.652519,2.635606,55.700584,0.041691,0.013224,0.977267,0.325470,0.127264,9.707630,-0.001760,-0.005611,-0.013767,0.223112,0.843556,-1.212090,100332.0000
1764073888875744666,2025-11-25 18:01:28.873,0.623567,2.644039,55.742077,0.043894,0.010393,0.977116,0.425737,-0.068443,9.757143,-0.013278,-0.001417,-0.005262,0.222642,0.844997,-1.211623,100330.0000
1764073888975812148,2025-11-25 18:01:28.973,0.591107,2.692103,55.778912,0.045538,0.008492,0.977552,0.235652,0.288331,9.659376,0.000618,-0.007238,-0.012040,0.219753,0.844506,-1.211573,100328.0000
1764073889075193925,2025-11-25 18:01:29.072,0.568127,2.746913,55.807907,0.046737,0.008042,0.976624,0.372733,0.404534,9.795197,-0.005036,-0.008318,-0.004419,0.221683,0.847828,-1.213097,100332.0000
1764073889175776073,2025-11-25 18:01:29.173,0.565927,2.777039,55.847771,0.049826,0.007303,0.977534,0.494664,-0.085782,9.663882,-0.000654,-0.005142,-0.004878,0.219768,0.847372,-1.211617,100330.0000
1764073889276403647,2025-11-25 18:01:29.273,0.563377,2.772235,55.902908,0.050663,0.007505,0.978412,0.440923,0.406478,9.818075,-0.005465,-0.000481,-0.024132,0.219297,0.846455,-1.209670,100334.0000
1764073889375727481,2025-11-25 18:01:29.373,0.578200,2.756455,55.961678,0.050578,0.005103,0.979002,0.739562,-0.009270,9.947566,0.003865,0.001685,-0.002955,0.219269,0.845439,-1.212543,100331.0000
1764073889475731777,2025-11-25 18:01:29.473,0.612818,2.747327,55.996117,0.046457,0.008712,0.976690,0.348298,0.225652,9.730668,0.007173,-0.002221,-0.010958,0.217336,0.843052,-1.211997,100332.0000
1764073889576602055,2025-11-25 18:01:29.573,0.644034,2.753522,56.039669,0.048330,0.010307,0.977643,0.227811,-0.134050,9.702025,0.004192,-0.006441,-0.008792,0.218803,0.845478,-1.210611,100330.0000
1764073889677193943,2025-11-25 18:01:29.674,0.659196,2.777701,56.095837,0.045586,0.011297,0.976306,0.430086,0.319222,9.818157,-0.000880,-0.010147,-0.015082,0.215914,0.844987,-1.210561,100335.0000
1764073889778996629,2025-11-25 18:01:29.773,0.647384,2.811652,56.186005,0.045661,0.012271,0.975052,0.603089,-0.096310,9.836246,-0.005673,-0.006187,-0.014604,0.213026,0.845442,-1.211007,100340.0000
1764073889875666388,2025-11-25 18:01:29.873,0.618347,2.841927,56.290565,0.050785,0.009268,0.978093,0.717447,0.393919,9.818269,-0.005969,-0.007419,-0.023584,0.213967,0.843504,-1.212436,100331.0000
1764073889975649166,2025-11-25 18:01:29.973,0.616021,2.826746,56.363071,0.055280,0.004081,0.980044,0.987202,0.016209,9.877404,0.004213,0.006983,-0.012657,0.212054,0.843526,-1.210964,100338.0000
1764073890074861036,2025-11-25 18:01:30.072,0.638034,2.779685,56.409302,0.050099,0.006733,0.977170,0.529683,0.241220,9.746333,0.004788,0.023311,-0.012199,0.212557,0.846415,-1.210052,100330.0000
1764073890176488239,2025-11-25 18:01:30.173,0.648709,2.723387,56.444908,0.046452,0.009734,0.977160,0.226388,0.091049,9.718694,-0.001109,0.013428,-0.011921,0.213026,0.845442,-1.211007,100329.0000
1764073890276144795,2025-11-25 18:01:30.273,0.628190,2.692481,56.478821,0.043323,0.012046,0.975920,0.241240,0.207811,9.737825,-0.010153,0.006123,-0.004373,0.211106,0.846388,-1.210993,100330.0000
1764073890375795813,2025-11-25 18:01:30.373,0.586692,2.732350,56.517139,0.042308,0.008586,0.976532,0.425247,0.170578,9.853570,-0.007457,-0.005579,-0.008327,0.211119,0.844539,-1.208076,100336.0000
1764073890476271665,2025-11-25 18:01:30.473,0.551136,2.775848,56.532825,0.048370,0.005371,0.977791,0.330472,0.078666,9.773962,-0.002199,-0.001031,-0.001457,0.208712,0.848766,-1.210994,100334.0000
1764073890575749758,2025-11-25 18:01:30.573,0.551048,2.804327,56.537098,0.047377,0.004802,0.977372,0.077239,-0.144999,9.523369,0.005875,-0.000566,-0.015306,0.209173,0.846359,-1.211928,100345.0000
1764073890675620702,2025-11-25 18:01:30.673,0.583224,2.792835,56.525146,0.051051,0.005966,0.978721,0.396235,-0.076645,9.650176,0.015030,0.002860,0.007737,0.209171,0.844469,-1.210935,100332.0000
1764073890783871424,2025-11-25 18:01:30.780,0.613061,2.737406,56.494144,0.052458,0.010536,0.977737,0.267818,0.296677,9.699705,0.003386,0.011542,0.004500,0.213523,0.847842,-1.210569,100331.0000
1764073890877354276,2025-11-25 18:01:30.873,0.623007,2.674987,56.476719,0.045942,0.012278,0.977290,0.125843,0.429672,9.749723,0.003260,0.005721,-0.000237,0.210636,0.846416,-1.209542,100334.0000
1764073890975811758,2025-11-25 18:01:30.973,0.612243,2.654946,56.490742,0.042203,0.011407,0.976366,0.281053,0.088470,9.858989,-0.000608,-0.002434,-0.011344,0.212069,0.843567,-1.209038,100332.0000
1764073891075025294,2025-11-25 18:01:31.073,0.607299,2.686100,56.511093,0.042389,0.007623,0.976938,0.517916,0.154918,9.806221,-0.000036,-0.007162,-0.009370,0.209183,0.844499,-1.209491,100330.0000
1764073891176577869,2025-11-25 18:01:31.173,0.635171,2.705783,56.503239,0.048758,0.006155,0.979574,0.437355,-0.066978,9.806175,0.016206,-0.002250,0.008940,0.212557,0.846415,-1.210052,100334.0000
1764073891276765609,2025-11-25 18:01:31.273,0.666527,2.670476,56.455711,0.050055,0.011042,0.979172,0.318158,0.206034,9.685835,0.000011,0.007236,0.013925,0.211579,0.844012,-1.210482,100339.0000
1764073891375759628,2025-11-25 18:01:31.373,0.674338,2.572013,56.389961,0.049903,0.011440,0.978335,0.808461,0.042849,9.975149,0.000231,0.022374,0.018695,0.212558,0.845947,-1.209563,100330.0000
1764073891475667739,2025-11-25 18:01:31.473,0.681031,2.448231,56.316021,0.041479,0.013193,0.976708,0.270664,0.286240,9.763163,-0.001781,0.022022,0.021919,0.214956,0.843580,-1.209081,100334.0000
1764073891575880442,2025-11-25 18:01:31.573,0.687361,2.383578,56.266327,0.034973,0.013783,0.976850,0.185064,0.105023,9.714869,0.000963,0.006423,-0.000863,0.215439,0.844060,-1.209095,100342.0000
1764073891675260998,2025-11-25 18:01:31.673,0.677315,2.415951,56.229443,0.032865,0.012832,0.975675,0.299012,0.111754,9.787373,-0.001770,-0.017673,0.011415,0.215425,0.842607,-1.210036,100334.0000
1764073891775833664,2025-11-25 18:01:31.773,0.676030,2.500403,56.185123,0.038406,0.010131,0.976866,0.260151,0.416985,9.759152,0.000042,-0.022772,0.007707,0.216868,0.844026,-1.211042,100334.0000
1764073891875718461,2025-11-25 18:01:31.873,0.690557,2.575427,56.135002,0.046307,0.010989,0.978911,0.256751,0.443992,9.768649,0.000494,-0.014355,0.012424,0.217839,0.844996,-1.210590,100340.0000
1764073891976666757,2025-11-25 18:01:31.973,0.708958,2.589312,56.101040,0.049716,0.013714,0.978197,0.376950,0.656065,9.747415,0.006120,0.005054,0.002145,0.216399,0.844999,-1.210087,100335.0000
1764073892075097127,2025-11-25 18:01:32.072,0.710981,2.556004,56.087315,0.046051,0.014646,0.977717,0.126012,-0.124061,9.635135,0.001752,0.012713,-0.001493,0.217830,0.844030,-1.211056,100327.0000
1764073892175941923,2025-11-25 18:01:32.173,0.696080,2.528589,56.084545,0.041835,0.013224,0.975762,0.106220,0.251765,9.524578,-0.000940,0.006662,0.006618,0.217364,0.841711,-1.207643,100332.0000
1764073892276349368,2025-11-25 18:01:32.273,0.677462,2.524450,56.108620,0.041457,0.011609,0.977460,0.109554,0.235224,9.743990,-0.001888,-0.002367,-0.010914,0.217349,0.844028,-1.211049,100331.0000
1764073892376373109,2025-11-25 18:01:32.373,0.660863,2.535562,56.146770,0.040260,0.010785,0.978325,-0.086238,-0.025826,9.592465,-0.002718,-0.008126,-0.007483,0.215907,0.843554,-1.210539,100331.0000
1764073892475964312,2025-11-25 18:01:32.473,0.650206,2.569686,56.210815,0.046566,0.008661,0.977916,-0.007751,0.308388,9.584582,0.004270,-0.005717,-0.019438,0.217849,0.844081,-1.208650,100331.0000
1764073892576332868,2025-11-25 18:01:32.573,0.658406,2.607166,56.274933,0.045167,0.007505,0.978000,0.687160,0.030484,9.871084,0.004975,-0.009973,-0.010004,0.214466,0.844025,-1.210525,100335.0000
1764073892675618571,2025-11-25 18:01:32.673,0.670016,2.628067,56.319004,0.048282,0.009400,0.978220,0.530681,0.374403,9.818039,-0.001180,-0.003184,-0.002831,0.213971,0.844460,-1.212451,100326.0000
1764073892775815738,2025-11-25 18:01:32.773,0.679369,2.620850,56.352295,0.048278,0.011568,0.977090,0.214337,-0.001098,9.688898,0.000840,0.003141,-0.005486,0.213976,0.845415,-1.212465,100333.0000
1764073892876068960,2025-11-25 18:01:32.873,0.681392,2.590046,56.430691,0.045329,0.012544,0.976162,0.306561,0.336594,9.733704,-0.004294,-0.000433,-0.016466,0.212550,0.847340,-1.211510,100336.0000
1764073892976220460,2025-11-25 18:01:32.973,0.678030,2.564018,56.563320,0.043353,0.010800,0.976567,0.132244,0.058740,9.639665,-0.002630,-0.004303,-0.031071,0.211563,0.841613,-1.210927,100339.0000
1764073893075114349,2025-11-25 18:01:33.073,0.673904,2.569790,56.702591,0.045402,0.007907,0.977048,0.777114,0.192193,9.874509,-0.003946,-0.007650,-0.012942,0.212541,0.844017,-1.210497,100336.0000
1764073893177440571,2025-11-25 18:01:33.173,0.679053,2.612410,56.795498,0.046834,0.007433,0.978036,0.843795,0.251700,9.846895,0.003012,-0.003164,-0.016085,0.207239,0.844440,-1.211870,100333.0000
1764073893275918497,2025-11-25 18:01:33.273,0.681202,2.631342,56.864380,0.048435,0.009521,0.978813,0.549469,-0.072140,9.871123,-0.001217,0.008636,-0.012148,0.206281,0.844446,-1.211374,100334.0000
1764073893376138386,2025-11-25 18:01:33.373,0.660990,2.626812,56.926346,0.043073,0.010957,0.977430,-0.259577,-0.026991,9.561970,-0.006648,-0.001816,-0.010801,0.207732,0.845885,-1.211417,100330.0000
1764073893475771089,2025-11-25 18:01:33.473,0.628484,2.629332,56.994686,0.044891,0.008375,0.977513,0.336949,0.121874,9.661844,0.000847,-0.005003,-0.008870,0.206281,0.843033,-1.210390,100340.0000
1764073893576223330,2025-11-25 18:01:33.573,0.608412,2.642440,57.036346,0.045273,0.006256,0.976115,0.156982,-0.020267,9.551629,-0.004724,-0.009124,-0.002748,0.205329,0.847297,-1.211885,100336.0000
1764073893675898756,2025-11-25 18:01:33.673,0.624081,2.673587,57.061039,0.047194,0.007101,0.978293,0.904068,0.157943,9.833719,0.005027,-0.009871,-0.002767,0.203888,0.845411,-1.210390,100326.0000
1764073893775659571,2025-11-25 18:01:33.773,0.644302,2.682326,57.087246,0.052218,0.010542,0.979110,1.151258,0.363642,10.026476,0.002930,0.012693,-0.009374,0.203898,0.845909,-1.209435,100341.0000
1764073893875788163,2025-11-25 18:01:33.873,0.647970,2.669604,57.104687,0.046575,0.009999,0.976807,0.413888,0.068851,9.892732,-0.003045,0.012194,0.000287,0.201953,0.844904,-1.211317,100332.0000
1764073893975708608,2025-11-25 18:01:33.973,0.631646,2.653747,57.080730,0.046764,0.006753,0.976720,0.305894,-0.588826,9.782825,-0.002131,0.009980,0.007317,0.205818,0.845907,-1.209945,100334.0000
1764073894074886311,2025-11-25 18:01:34.072,0.611326,2.597006,57.005581,0.044896,0.010512,0.978026,-0.029850,0.276953,9.537704,-0.004239,0.015271,0.012102,0.203890,0.844476,-1.209413,100332.0000
1764073894177915459,2025-11-25 18:01:34.173,0.604742,2.526543,56.940861,0.043681,0.009754,0.979142,0.663201,0.205456,9.998839,0.006282,0.005699,0.006444,0.204864,0.844511,-1.207983,100336.0000
1764073894276222181,2025-11-25 18:01:34.273,0.608435,2.460257,56.892563,0.040623,0.008641,0.976619,0.161655,0.061931,9.607488,0.001950,0.006547,0.013740,0.207740,0.843080,-1.208485,100328.0000
1764073894375841626,2025-11-25 18:01:34.373,0.626947,2.458750,56.846165,0.038386,0.009663,0.976510,0.567890,0.358061,9.764059,0.006137,-0.010295,0.004868,0.208721,0.844548,-1.207077,100337.0000
1764073894475638181,2025-11-25 18:01:34.473,0.655537,2.502315,56.775578,0.043518,0.007865,0.978522,0.712349,-0.181091,9.767733,0.009200,-0.010294,0.017734,0.207274,0.844531,-1.207537,100332.0000
1764073894576346941,2025-11-25 18:01:34.573,0.669308,2.522411,56.672203,0.047936,0.012850,0.979007,0.735399,0.155447,9.870645,0.010569,0.010479,0.022406,0.210619,0.844485,-1.210475,100330.0000
1764073894676130570,2025-11-25 18:01:34.673,0.667766,2.496226,56.555355,0.043889,0.013806,0.976290,0.039046,0.180354,9.660634,0.002533,0.013222,0.015107,0.210622,0.847321,-1.211964,100337.0000
1764073894776115052,2025-11-25 18:01:34.773,0.645696,2.425547,56.426216,0.040958,0.011355,0.976939,0.113275,0.132861,9.768368,-0.004268,0.024287,0.022067,0.212553,0.846405,-1.210533,100336.0000
1764073894876661533,2025-11-25 18:01:34.873,0.628410,2.367316,56.268986,0.035433,0.011624,0.976421,0.171933,0.041610,9.773450,0.000570,0.001701,0.029403,0.215934,0.845983,-1.208650,100336.0000
1764073894976099329,2025-11-25 18:01:34.973,0.620448,2.379855,56.130344,0.034969,0.010557,0.978539,0.282947,-0.081733,9.769652,-0.002326,-0.007206,0.030540,0.216390,0.844034,-1.210554,100333.0000
1764073895075040366,2025-11-25 18:01:35.072,0.640679,2.449603,55.992527,0.040588,0.008958,0.979170,0.344442,0.247164,9.860940,0.005452,-0.013365,0.022559,0.218814,0.843150,-1.207686,100335.0000
1764073895176927866,2025-11-25 18:01:35.173,0.667131,2.502442,55.833164,0.048646,0.011070,0.980104,0.738548,-0.066797,10.004916,0.002768,0.001465,0.031731,0.219759,0.842636,-1.209618,100330.0000
1764073895276170625,2025-11-25 18:01:35.273,0.689873,2.506840,55.672375,0.046244,0.014111,0.976753,0.295707,-0.416264,9.778301,0.006750,0.002926,0.035549,0.223594,0.843558,-1.212097,100336.0000
1764073895375847607,2025-11-25 18:01:35.373,0.691733,2.481066,55.520512,0.044488,0.016059,0.975938,0.563836,0.380316,9.966108,-0.002733,0.002276,0.014902,0.225060,0.842681,-1.208734,100334.0000
1764073895475891292,2025-11-25 18:01:35.473,0.671501,2.438400,55.357063,0.042892,0.014598,0.977278,0.320162,0.491598,9.719205,-0.003027,0.011065,0.032855,0.226466,0.840705,-1.212096,100333.0000
1764073895576244903,2025-11-25 18:01:35.573,0.642022,2.405066,55.209873,0.043105,0.013748,0.977118,0.608782,0.138940,9.853934,-0.004167,0.007430,0.021134,0.230825,0.842686,-1.209782,100326.0000
1764073895675888866,2025-11-25 18:01:35.673,0.620904,2.403970,55.109653,0.037174,0.010910,0.977109,0.463094,-0.287884,9.862896,-0.002335,-0.006553,0.017442,0.228917,0.841306,-1.206843,100330.0000
1764073895775852755,2025-11-25 18:01:35.773,0.621558,2.461961,55.051487,0.040597,0.009776,0.976904,0.458446,0.060501,9.767019,0.008168,-0.007484,0.009701,0.230836,0.844129,-1.209323,100332.0000
1764073895875484088,2025-11-25 18:01:35.873,0.639254,2.531428,54.991123,0.042634,0.008952,0.977494,0.641362,0.101580,9.665546,-0.001960,-0.019998,0.010251,0.234683,0.843669,-1.209372,100339.0000
1764073895976045940,2025-11-25 18:01:35.973,0.660432,2.603897,54.919579,0.046241,0.010197,0.977832,0.671519,-0.008287,9.726945,0.000070,-0.017028,0.018746,0.231764,0.840271,-1.211204,100325.0000
1764073896074912884,2025-11-25 18:01:36.072,0.669215,2.654944,54.846996,0.051119,0.012782,0.977393,0.728704,-0.172866,9.777615,0.002281,-0.007494,0.010241,0.230808,0.840755,-1.210716,100328.0000
1764073896177297736,2025-11-25 18:01:36.173,0.671491,2.669711,54.768063,0.050246,0.012647,0.977646,0.811748,-0.293168,9.762662,-0.000519,0.004883,0.011886,0.231310,0.842698,-1.209308,100332.0000
1764073896275884143,2025-11-25 18:01:36.273,0.660194,2.652905,54.706627,0.046574,0.014089,0.977203,0.592772,-0.021320,9.783059,-0.004047,0.004061,0.003230,0.234208,0.844155,-1.208891,100335.0000
1764073896376081625,2025-11-25 18:01:36.373,0.644784,2.650683,54.653439,0.047405,0.010223,0.978306,0.720231,-0.364488,9.863298,-0.002980,-0.003626,0.009827,0.235133,0.841232,-1.211750,100329.0000
1764073896475683958,2025-11-25 18:01:36.473,0.636585,2.678157,54.596432,0.047441,0.009310,0.979471,0.678178,0.018795,9.759345,0.002650,-0.000835,0.009631,0.234665,0.842205,-1.210795,100335.0000
1764073896576548162,2025-11-25 18:01:36.573,0.627761,2.679418,54.546635,0.049563,0.011187,0.978024,0.728725,-0.069156,9.740295,-0.002884,0.008293,0.005447,0.235619,0.839831,-1.210291,100331.0000
1764073896676448902,2025-11-25 18:01:36.673,0.628759,2.642697,54.510704,0.050396,0.009336,0.975651,0.884458,-0.003633,9.768709,-0.000139,0.008720,0.015381,0.236112,0.842222,-1.210334,100332.0000
1764073896775894143,2025-11-25 18:01:36.773,0.643426,2.610557,54.463226,0.048129,0.008739,0.975743,0.691625,0.088345,9.833081,0.005108,0.007319,0.013982,0.237543,0.841253,-1.211304,100336.0000
1764073896876128124,2025-11-25 18:01:36.873,0.660197,2.598677,54.411694,0.043864,0.011329,0.977099,0.716824,0.259068,9.830183,0.003925,0.006172,0.017223,0.239460,0.839828,-1.211310,100340.0000
1764073896975664458,2025-11-25 18:01:36.973,0.676744,2.596817,54.370781,0.043850,0.012125,0.977160,0.633763,0.208201,9.724809,0.007326,0.002921,0.019633,0.238985,0.841726,-1.211814,100340.0000
1764073897075011717,2025-11-25 18:01:37.072,0.679377,2.620943,54.345695,0.047369,0.012978,0.980115,0.827369,0.183060,9.881586,-0.001946,-0.002321,0.002878,0.237058,0.839828,-1.210793,100334.0000
1764073897176017106,2025-11-25 18:01:37.173,0.664555,2.655432,54.336449,0.048325,0.011448,0.978172,0.922351,-0.151552,9.983639,0.003982,0.000131,0.013574,0.239473,0.839391,-1.209378,100337.0000
1764073897275888291,2025-11-25 18:01:37.273,0.648469,2.670651,54.324299,0.049114,0.011425,0.977197,0.634117,0.097174,9.902119,-0.008198,0.004298,0.004681,0.236590,0.840801,-1.209838,100331.0000
1764073897376510902,2025-11-25 18:01:37.373,0.631391,2.674311,54.312229,0.045291,0.009504,0.974180,0.675542,-0.257405,9.722506,-0.004067,-0.006316,-0.002378,0.239483,0.841302,-1.209407,100338.0000
1764073897475653365,2025-11-25 18:01:37.473,0.605887,2.695537,54.320847,0.047861,0.009997,0.976761,0.887834,0.123619,9.895037,-0.002299,-0.010836,0.003157,0.238975,0.839816,-1.211784,100330.0000
1764073897576972309,2025-11-25 18:01:37.573,0.591477,2.700367,54.339779,0.049883,0.008050,0.978118,0.678514,-0.202915,9.768061,-0.002888,-0.001901,-0.007647,0.237544,0.842198,-1.211800,100334.0000
1764073897677076346,2025-11-25 18:01:37.674,0.594521,2.689306,54.352257,0.050249,0.007011,0.979596,0.794021,-0.176222,9.888507,0.000210,0.001209,0.006120,0.239948,0.841264,-1.211340,100337.0000
1764073897775944753,2025-11-25 18:01:37.773,0.598048,2.664308,54.378960,0.047656,0.008562,0.977898,0.488027,0.053474,9.704761,0.001352,-0.000353,-0.017182,0.239960,0.841294,-1.209895,100333.0000
1764073897876419087,2025-11-25 18:01:37.873,0.619411,2.643664,54.415691,0.048283,0.007822,0.978110,0.386185,-0.007690,9.617775,0.002403,0.006671,0.000551,0.236580,0.840303,-1.210793,100337.0000
1764073897975762216,2025-11-25 18:01:37.973,0.638739,2.624168,54.468220,0.046398,0.009181,0.977493,-0.000224,0.548292,9.472920,-0.000384,0.001608,-0.021404,0.237058,0.841240,-1.211778,100339.0000
1764073898074885216,2025-11-25 18:01:38.072,0.659420,2.631325,54.521774,0.044065,0.006964,0.975888,0.375570,-0.221996,9.635473,0.007698,-0.008234,-0.002566,0.238016,0.838876,-1.210793,100343.0000
1764073898176682938,2025-11-25 18:01:38.173,0.669885,2.665929,54.563213,0.047520,0.012144,0.976165,0.686215,0.165366,9.814864,-0.001675,-0.013300,-0.023295,0.234171,0.839815,-1.210751,100332.0000
1764073898277109475,2025-11-25 18:01:38.273,0.660398,2.684829,54.611420,0.049721,0.010794,0.978195,0.618249,-0.089508,9.692199,0.001069,-0.003333,-0.010992,0.235151,0.841750,-1.209832,100332.0000
1764073898376061698,2025-11-25 18:01:38.373,0.638190,2.684821,54.677311,0.047713,0.009280,0.977688,0.578749,0.249215,9.709563,-0.006453,-0.005530,-0.022916,0.235144,0.840317,-1.209810,100327.0000
1764073898475992494,2025-11-25 18:01:38.473,0.622643,2.685868,54.747517,0.045093,0.008052,0.976851,0.430968,0.342891,9.644347,-0.004140,-0.005296,-0.007912,0.234201,0.842722,-1.208869,100334.0000
1764073898575828272,2025-11-25 18:01:38.573,0.613582,2.732602,54.818001,0.045423,0.007072,0.977215,0.474313,0.008369,9.576623,-0.006319,-0.011179,-0.019185,0.232740,0.840784,-1.209781,100332.0000
1764073898676730068,2025-11-25 18:01:38.674,0.609572,2.810316,54.879742,0.050448,0.005316,0.978047,0.794058,0.205710,9.859528,-0.000781,-0.009422,-0.017169,0.227936,0.844553,-1.211213,100332.0000
1764073898775729105,2025-11-25 18:01:38.773,0.614637,2.882987,54.921169,0.052281,0.006194,0.977795,1.047120,-0.189269,9.940330,0.003894,-0.002916,-0.005219,0.230331,0.840763,-1.210227,100329.0000
1764073898875636401,2025-11-25 18:01:38.873,0.625934,2.885393,54.966404,0.057363,0.010156,0.978733,0.970356,-0.019125,9.939309,0.000923,0.002593,0.003918,0.228432,0.841293,-1.207318,100337.0000
1764073898979659586,2025-11-25 18:01:38.976,0.643620,2.808639,55.027893,0.056092,0.007760,0.977570,0.703420,-0.133962,9.742925,0.007450,0.015414,-0.011954,0.227444,0.843108,-1.211665,100331.0000
1764073899074995105,2025-11-25 18:01:39.073,0.672448,2.697868,55.090664,0.049966,0.008105,0.976370,0.870949,0.246397,9.842336,0.007088,0.014167,-0.009127,0.226972,0.841713,-1.209711,100342.0000
1764073899176200456,2025-11-25 18:01:39.173,0.689151,2.603471,55.136993,0.042241,0.009661,0.975749,0.778703,0.085603,9.925592,0.004190,0.013408,-0.003849,0.227914,0.840722,-1.211636,100336.0000
1764073899275867808,2025-11-25 18:01:39.273,0.680002,2.578633,55.180553,0.037687,0.013177,0.976891,0.457053,0.027297,9.786260,-0.006582,-0.005665,-0.001003,0.228901,0.842677,-1.209754,100330.0000
1764073899375517808,2025-11-25 18:01:39.373,0.652953,2.662647,55.265884,0.037416,0.011028,0.977210,0.514182,-0.295958,9.797299,-0.008129,-0.030927,-0.021279,0.225994,0.841668,-1.211622,100337.0000
1764073899476552178,2025-11-25 18:01:39.473,0.633914,2.818751,55.354954,0.047723,0.005729,0.978787,0.648847,-0.023671,9.775078,-0.005417,-0.032866,-0.017616,0.222179,0.843155,-1.208217,100332.0000
1764073899576920845,2025-11-25 18:01:39.573,0.628083,2.962111,55.431839,0.058192,0.006783,0.977693,0.930675,0.196492,9.943746,0.004818,-0.021927,-0.014251,0.217831,0.842617,-1.210071,100338.0000
1764073899675587215,2025-11-25 18:01:39.673,0.628476,2.998058,55.510063,0.061448,0.008201,0.977792,1.187848,-0.050882,9.962595,-0.005730,-0.003322,-0.024435,0.221201,0.843110,-1.210128,100341.0000
1764073899775604549,2025-11-25 18:01:39.773,0.629574,2.936127,55.628780,0.060904,0.008980,0.977904,0.779433,-0.234974,9.734764,-0.000163,0.016744,-0.026398,0.217852,0.842201,-1.207176,100329.0000
1764073899879622697,2025-11-25 18:01:39.873,0.632290,2.800147,55.759792,0.056008,0.007692,0.976481,1.093610,-0.001718,10.124353,-0.003147,0.019565,-0.029107,0.218793,0.842622,-1.210086,100336.0000
1764073899977060845,2025-11-25 18:01:39.973,0.650580,2.679243,55.898880,0.048291,0.006936,0.977103,0.796521,0.033818,9.908515,0.006434,0.021027,-0.009712,0.216879,0.841699,-1.208117,100332.0000
1764073900074994289,2025-11-25 18:01:40.073,0.662521,2.631077,56.060112,0.041426,0.008453,0.976027,0.522746,0.006354,9.879578,-0.002436,0.010189,-0.020512,0.216383,0.844013,-1.211516,100335.0000
1764073900176834845,2025-11-25 18:01:40.173,0.658262,2.696878,56.215759,0.040658,0.008217,0.976595,0.270079,-0.216665,9.583117,-0.004262,-0.018252,-0.025644,0.213987,0.840730,-1.208060,100337.0000
1764073900275817141,2025-11-25 18:01:40.273,0.648595,2.804877,56.363335,0.049081,0.008513,0.977035,0.729172,-0.055639,9.929321,-0.004753,-0.017198,-0.028618,0.210140,0.842603,-1.208995,100337.0000
1764073900376021826,2025-11-25 18:01:40.373,0.623968,2.873449,56.510918,0.055273,0.007297,0.977656,0.232859,0.025749,9.691636,-0.003920,-0.004090,-0.032969,0.206769,0.843523,-1.209923,100337.0000
1764073900476806585,2025-11-25 18:01:40.473,0.605893,2.874850,56.670872,0.055485,0.004726,0.976895,0.605768,-0.342517,9.889541,-0.005800,0.006577,-0.020333,0.204849,0.843057,-1.208924,100335.0000
1764073900575854604,2025-11-25 18:01:40.573,0.609247,2.832645,56.820999,0.051860,0.006203,0.978378,0.370143,0.183000,9.762332,0.004548,0.010706,-0.032781,0.202921,0.843038,-1.209377,100339.0000
1764073900677394530,2025-11-25 18:01:40.674,0.618160,2.803779,56.959743,0.048760,0.003781,0.978193,0.479559,-0.173079,9.954206,0.006780,0.001374,-0.016435,0.201011,0.842125,-1.206927,100335.0000
1764073900775944159,2025-11-25 18:01:40.773,0.633011,2.806250,57.078690,0.047300,0.005643,0.978266,0.238884,0.478428,9.742059,0.010472,-0.011025,-0.017603,0.201494,0.846375,-1.209407,100334.0000
1764073900875914363,2025-11-25 18:01:40.873,0.654445,2.854813,57.167999,0.049526,0.008221,0.976265,0.752899,0.196804,9.833679,0.005006,-0.008715,-0.016189,0.198100,0.843464,-1.210757,100330.0000
1764073900975751640,2025-11-25 18:01:40.973,0.656066,2.879875,57.251034,0.055725,0.010130,0.978040,0.880586,-0.211356,9.739058,-0.002389,0.002510,-0.015746,0.196672,0.843498,-1.208810,100343.0000
1764073901074965011,2025-11-25 18:01:41.072,0.642866,2.855203,57.310631,0.056135,0.008200,0.976138,0.286034,0.279248,9.698002,0.002015,0.004422,-0.010802,0.196663,0.843945,-1.210262,100331.0000
1764073901176126048,2025-11-25 18:01:41.173,0.619721,2.770290,57.335327,0.053926,0.007927,0.976698,0.592095,0.051278,9.745247,-0.003334,0.025938,-0.002046,0.198134,0.844968,-1.207409,100343.0000
1764073901276523937,2025-11-25 18:01:41.273,0.611881,2.664223,57.331631,0.042664,0.005905,0.975857,0.022648,-0.119672,9.635963,0.003576,0.010980,0.002709,0.197152,0.843968,-1.209306,100337.0000
1764073901376116511,2025-11-25 18:01:41.373,0.627334,2.612576,57.293655,0.040308,0.007910,0.977016,0.466264,-0.015119,9.791050,0.001184,0.005069,0.008616,0.201002,0.844930,-1.209859,100332.0000
1764073901476149455,2025-11-25 18:01:41.473,0.644017,2.630568,57.260761,0.039434,0.011919,0.978468,0.241085,0.220951,9.822051,0.011352,-0.012680,0.006827,0.198610,0.843070,-1.206906,100332.0000
1764073901577225436,2025-11-25 18:01:41.573,0.645128,2.702653,57.257797,0.044408,0.013448,0.979394,0.463977,0.177968,9.806385,-0.005391,-0.018411,-0.002453,0.199579,0.844507,-1.206942,100337.0000
1764073901675894881,2025-11-25 18:01:41.673,0.631710,2.760469,57.266830,0.049632,0.011069,0.978236,0.756745,-0.048989,9.951300,-0.005143,-0.015790,0.008895,0.196663,0.843945,-1.210262,100329.0000
1764073901775928510,2025-11-25 18:01:41.773,0.612757,2.776988,57.280064,0.052938,0.010531,0.976423,0.743904,0.244214,9.836302,-0.001750,-0.002425,0.008192,0.199089,0.844952,-1.208386,100332.0000
1764073901875319899,2025-11-25 18:01:41.873,0.595764,2.773480,57.284500,0.053642,0.007052,0.976816,0.556652,0.222812,9.840261,-0.002403,0.011329,0.002329,0.198602,0.843049,-1.207868,100338.0000
1764073901975911214,2025-11-25 18:01:41.973,0.599663,2.694456,57.263378,0.052063,0.007887,0.977618,0.262342,-0.008460,9.669098,0.003466,0.021014,0.004093,0.199555,0.843501,-1.209334,100330.0000
1764073902074984584,2025-11-25 18:01:42.073,0.614401,2.592257,57.238602,0.044466,0.008425,0.976150,0.250793,0.054764,9.704646,0.002717,0.021664,0.002582,0.199069,0.843956,-1.210298,100334.0000
1764073902177436158,2025-11-25 18:01:42.173,0.631612,2.505602,57.218796,0.040789,0.008665,0.978070,0.352820,-0.029424,9.729198,0.010021,0.008332,0.004131,0.201014,0.843548,-1.207430,100332.0000
1764073902275296714,2025-11-25 18:01:42.273,0.652453,2.463817,57.182602,0.035350,0.011437,0.976876,0.352295,0.340751,9.874349,0.001019,-0.008912,0.008825,0.204383,0.844508,-1.207976,100335.0000
1764073902375363473,2025-11-25 18:01:42.373,0.657898,2.485930,57.129829,0.042413,0.011869,0.978564,0.595485,0.236264,9.738157,0.004089,-0.005367,0.009591,0.203401,0.843508,-1.209873,100335.0000
1764073902476695899,2025-11-25 18:01:42.473,0.645451,2.534249,57.090508,0.044683,0.014371,0.978056,0.683585,0.620741,9.818783,0.003344,-0.002500,-0.001179,0.201987,0.844051,-1.206489,100335.0000
1764073902577441806,2025-11-25 18:01:42.573,0.626100,2.587695,57.073368,0.045023,0.010493,0.977702,0.329551,0.183201,9.736619,-0.000879,-0.002630,-0.009598,0.201961,0.843512,-1.209370,100341.0000
1764073902675716880,2025-11-25 18:01:42.673,0.615889,2.595030,57.040112,0.048125,0.007988,0.978360,0.196678,0.350223,9.553092,0.002492,0.000844,0.004308,0.201472,0.843489,-1.210326,100333.0000
1764073902776231380,2025-11-25 18:01:42.773,0.625655,2.553332,56.998329,0.045282,0.008868,0.976575,0.415860,0.224773,9.709538,0.000682,0.003054,0.004737,0.202455,0.844490,-1.208429,100341.0000
1764073902876002343,2025-11-25 18:01:42.873,0.644634,2.490673,56.929607,0.047627,0.010321,0.978056,0.908721,-0.133128,9.788460,-0.004272,0.009165,0.018001,0.203911,0.844059,-1.206517,100333.0000
1764073902975364139,2025-11-25 18:01:42.973,0.655679,2.422080,56.850475,0.041273,0.012530,0.977636,0.645118,-0.090236,9.765988,0.002052,0.006586,0.012123,0.204857,0.843078,-1.207961,100330.0000
1764073903074917158,2025-11-25 18:01:43.072,0.641219,2.386020,56.776337,0.039631,0.012428,0.976725,0.098598,0.055631,9.583162,-0.009716,0.006516,0.009156,0.207261,0.841198,-1.207005,100337.0000
1764073903176023547,2025-11-25 18:01:43.173,0.622090,2.379398,56.700085,0.039076,0.010683,0.976861,0.351770,0.280369,9.667073,-0.004289,-0.002979,0.008704,0.209184,0.841674,-1.207522,100331.0000
1764073903276340935,2025-11-25 18:01:43.273,0.610528,2.404460,56.616005,0.034843,0.008885,0.976209,0.079128,0.476566,9.478937,0.000156,-0.012744,0.010364,0.207250,0.841167,-1.208449,100337.0000
1764073903375897917,2025-11-25 18:01:43.373,0.615782,2.460740,56.507767,0.042387,0.009070,0.978601,0.606573,0.333361,9.824792,0.006222,-0.006305,0.019618,0.209667,0.843567,-1.208521,100339.0000
1764073903476261269,2025-11-25 18:01:43.473,0.629354,2.502497,56.398113,0.046318,0.012111,0.978813,0.530310,0.350772,9.756599,0.006412,-0.003501,0.025971,0.210623,0.842138,-1.208513,100332.0000
1764073903575755065,2025-11-25 18:01:43.573,0.640934,2.527732,56.308762,0.046861,0.011727,0.977838,0.752068,0.076439,9.824158,0.000964,-0.001368,0.016550,0.213024,0.843551,-1.210015,100336.0000
1764073903676373065,2025-11-25 18:01:43.673,0.647769,2.528930,56.238842,0.045289,0.013699,0.976831,0.321810,-0.002627,9.634016,0.007740,-0.001324,0.015902,0.212543,0.842136,-1.209023,100336.0000
1764073903776409065,2025-11-25 18:01:43.773,0.651351,2.497751,56.187714,0.043727,0.012159,0.976796,0.196080,-0.063082,9.634642,-0.001547,-0.002922,0.003748,0.213507,0.841673,-1.208549,100330.0000
1764073903876292713,2025-11-25 18:01:43.873,0.648925,2.455564,56.149235,0.041955,0.012563,0.977083,0.429910,0.211214,9.795067,-0.002482,0.001429,-0.000241,0.214458,0.841647,-1.210007,100338.0000
1764073903975715639,2025-11-25 18:01:43.973,0.649811,2.453488,56.132492,0.041754,0.010555,0.976732,0.581141,0.369537,9.706120,0.009045,-0.007942,-0.005116,0.213972,0.840689,-1.209985,100328.0000
1764073904074978416,2025-11-25 18:01:44.072,0.653924,2.483995,56.125744,0.042190,0.010952,0.978302,0.401330,0.398470,9.783207,-0.000630,-0.005227,-0.003570,0.215421,0.842597,-1.210517,100329.0000
1764073904176628009,2025-11-25 18:01:44.173,0.661656,2.513363,56.132919,0.044564,0.011748,0.978384,0.502748,0.551760,9.828212,0.003687,-0.002583,0.003841,0.214467,0.843557,-1.210036,100335.0000
1764073904275858601,2025-11-25 18:01:44.273,0.653393,2.553103,56.144089,0.042797,0.010310,0.978142,0.495249,0.211974,9.792881,-0.005932,-0.006523,0.001232,0.213970,0.841157,-1.210474,100337.0000
1764073904375788490,2025-11-25 18:01:44.373,0.635211,2.599692,56.152618,0.046147,0.010348,0.978095,0.208480,-0.156662,9.666637,-0.001117,-0.004248,0.004709,0.213509,0.843563,-1.209541,100328.0000
1764073904476568768,2025-11-25 18:01:44.473,0.602170,2.590230,56.139572,0.050657,0.009799,0.977790,0.306977,0.004518,9.709369,-0.000860,0.005780,0.002022,0.214498,0.845052,-1.207170,100339.0000
1764073904576396083,2025-11-25 18:01:44.573,0.587083,2.542981,56.109158,0.045386,0.006578,0.977491,0.504348,-0.111858,9.795925,0.004234,0.003923,0.015662,0.213509,0.843563,-1.209541,100341.0000
1764073904675913842,2025-11-25 18:01:44.673,0.599212,2.492897,56.063210,0.044162,0.007107,0.976250,0.545969,0.049103,9.843912,0.006232,0.003154,0.009738,0.216417,0.844105,-1.207184,100336.0000
1764073904775614416,2025-11-25 18:01:44.773,0.628921,2.469231,56.009190,0.040399,0.008236,0.977600,0.810278,0.063725,9.898649,0.013559,-0.000716,0.013796,0.216379,0.841645,-1.210517,100335.0000
1764073904875813638,2025-11-25 18:01:44.873,0.663265,2.485349,55.964401,0.041846,0.012003,0.978540,0.441623,0.099400,9.759980,0.009737,-0.001994,0.013926,0.216403,0.842652,-1.208124,100339.0000
1764073904976218638,2025-11-25 18:01:44.973,0.679667,2.546176,55.927044,0.042021,0.014281,0.977137,0.556252,0.174769,9.744852,-0.001850,-0.008799,0.003431,0.216882,0.843121,-1.208620,100337.0000
1764073905075153434,2025-11-25 18:01:45.072,0.656840,2.609835,55.888660,0.045516,0.013526,0.977223,0.705378,0.225905,9.807153,0.004940,-0.010554,0.007321,0.216386,0.841666,-1.209554,100330.0000
1764073905177386453,2025-11-25 18:01:45.173,0.609618,2.655757,55.849293,0.049072,0.012101,0.976416,0.567164,0.412401,9.825642,-0.006422,-0.002183,0.002190,0.216396,0.842164,-1.208599,100331.0000
1764073905276192379,2025-11-25 18:01:45.273,0.593820,2.667028,55.801418,0.052336,0.007743,0.976304,0.753199,0.272479,9.677454,-0.002086,0.000275,0.000537,0.218333,0.843148,-1.207679,100332.0000
1764073905375877582,2025-11-25 18:01:45.373,0.619959,2.606981,55.766502,0.049750,0.007082,0.979281,0.402569,-0.081299,9.792550,0.003973,0.009342,-0.000015,0.217353,0.842625,-1.209583,100329.0000
1764073905476003101,2025-11-25 18:01:45.473,0.672973,2.529213,55.730682,0.048023,0.010456,0.979421,0.837037,0.110874,9.854717,0.014285,0.015110,0.003016,0.220699,0.841167,-1.211536,100337.0000
1764073905576159341,2025-11-25 18:01:45.573,0.712596,2.463166,55.684990,0.042869,0.014491,0.977851,0.721963,0.008561,9.892035,-0.000694,0.013700,0.008367,0.222152,0.841671,-1.210602,100326.0000
1764073905676108156,2025-11-25 18:01:45.673,0.716985,2.416793,55.642365,0.039453,0.016321,0.977504,0.670118,0.106624,9.799126,-0.002992,0.000990,0.005179,0.221199,0.842633,-1.210121,100336.0000
1764073905775706378,2025-11-25 18:01:45.773,0.686181,2.421747,55.633926,0.038693,0.013325,0.977500,0.473120,-0.224854,9.891482,-0.006185,-0.003500,0.004652,0.221681,0.842167,-1.209640,100337.0000
1764073905877197897,2025-11-25 18:01:45.873,0.643505,2.463464,55.607773,0.038380,0.010152,0.976439,0.734576,-0.007180,9.791091,-0.001196,-0.009320,0.003606,0.221193,0.840732,-1.209611,100337.0000
1764073905975757841,2025-11-25 18:01:45.973,0.607206,2.530979,55.563267,0.041759,0.009802,0.977132,0.542413,0.178626,9.678905,-0.005420,-0.012717,0.002096,0.220730,0.841248,-1.207685,100335.0000
1764073906074891397,2025-11-25 18:01:46.072,0.594344,2.579489,55.511219,0.047366,0.005111,0.977803,0.475292,-0.110611,9.819692,0.006634,-0.004358,0.026369,0.219278,0.841222,-1.208627,100337.0000
1764073906176484897,2025-11-25 18:01:46.173,0.607952,2.581366,55.443542,0.052459,0.007368,0.978377,1.042065,0.032027,9.904158,0.008607,0.008356,0.010369,0.225042,0.840749,-1.209667,100336.0000
1764073906277504545,2025-11-25 18:01:46.273,0.624383,2.543072,55.383194,0.048348,0.011964,0.976110,0.704268,-0.117086,9.884660,0.004761,0.012766,0.011705,0.224087,0.842178,-1.209675,100334.0000
1764073906376575100,2025-11-25 18:01:46.373,0.640182,2.520499,55.348385,0.045886,0.012170,0.976570,0.995393,-0.003082,10.079775,0.006476,0.014298,0.011521,0.225052,0.843605,-1.210193,100343.0000
1764073906477102211,2025-11-25 18:01:46.473,0.650819,2.521642,55.338394,0.044500,0.013714,0.977552,0.864079,-0.122551,9.925887,-0.001997,0.000951,0.001609,0.224090,0.841243,-1.208698,100339.0000
1764073906576511452,2025-11-25 18:01:46.573,0.641664,2.541858,55.335155,0.045737,0.011436,0.978832,0.826880,-0.039788,9.829228,0.003552,-0.004910,0.005636,0.223112,0.841198,-1.210609,100337.0000
1764073906676427507,2025-11-25 18:01:46.673,0.626748,2.558230,55.316532,0.048445,0.010722,0.977613,0.727624,0.071550,9.824860,0.000935,0.004469,0.001528,0.224091,0.842188,-1.209194,100333.0000
1764073906776444100,2025-11-25 18:01:46.773,0.617846,2.540534,55.293476,0.045865,0.010009,0.977423,0.941689,0.199079,9.945528,0.003047,0.008147,0.010923,0.225041,0.839804,-1.209171,100334.0000
1764073906876512137,2025-11-25 18:01:46.873,0.604339,2.517261,55.293217,0.044664,0.010449,0.976370,0.847434,-0.114468,9.916100,-0.004488,0.006145,0.003816,0.225524,0.841697,-1.210171,100337.0000
1764073906976934100,2025-11-25 18:01:46.973,0.597544,2.521900,55.295486,0.043909,0.008936,0.977521,0.814326,-0.086207,9.867668,0.003119,0.009115,0.001044,0.226013,0.839361,-1.207734,100335.0000
1764073907075544155,2025-11-25 18:01:47.072,0.588159,2.549559,55.284149,0.041958,0.009279,0.976983,0.269952,0.174066,9.754098,0.001903,0.001089,0.008285,0.224584,0.840808,-1.206772,100338.0000
1764073907176839618,2025-11-25 18:01:47.173,0.583299,2.595711,55.269081,0.043538,0.008151,0.977997,0.163405,0.133320,9.633016,0.001043,-0.006158,0.000881,0.225055,0.841725,-1.208719,100333.0000
1764073907277076470,2025-11-25 18:01:47.273,0.593183,2.642447,55.239323,0.045773,0.008035,0.979171,0.365505,-0.011611,9.797258,0.002093,-0.011169,0.005658,0.224075,0.841202,-1.210623,100339.0000
1764073907377340396,2025-11-25 18:01:47.373,0.605547,2.661369,55.204620,0.049923,0.009447,0.977954,0.435428,0.172434,9.954913,-0.005674,-0.006735,-0.003528,0.226008,0.842176,-1.210185,100337.0000
1764073907477293155,2025-11-25 18:01:47.473,0.612400,2.627624,55.172039,0.052099,0.010255,0.977173,0.393838,0.239832,9.720665,0.004936,0.011009,-0.000495,0.225529,0.842652,-1.210185,100341.0000
1764073907576776951,2025-11-25 18:01:47.573,0.627492,2.581906,55.133476,0.045179,0.011419,0.975863,0.261314,0.548014,9.723650,-0.000701,0.008775,-0.005404,0.225989,0.838355,-1.210127,100333.0000
1764073907676697599,2025-11-25 18:01:47.673,0.634317,2.554511,55.079224,0.045310,0.011938,0.976329,0.207456,0.465305,9.653919,0.009057,0.011386,0.003040,0.228895,0.840777,-1.209243,100334.0000
1764073907776127322,2025-11-25 18:01:47.773,0.626904,2.559672,55.021725,0.043732,0.012839,0.976891,0.322349,0.391370,9.736039,0.002475,-0.000268,0.002132,0.226959,0.840738,-1.210659,100345.0000
1764073907876722896,2025-11-25 18:01:47.873,0.610672,2.604380,54.997841,0.046196,0.011662,0.979290,0.821660,0.034701,9.948429,-0.003369,-0.007390,0.013874,0.226962,0.842161,-1.211162,100334.0000
1764073907979552729,2025-11-25 18:01:47.973,0.590005,2.648753,55.019325,0.046487,0.010245,0.978002,0.705039,-0.111122,9.800274,-0.000920,-0.011513,-0.004900,0.227459,0.842203,-1.209244,100337.0000
1764073908075471562,2025-11-25 18:01:48.073,0.576247,2.670900,55.049576,0.049388,0.007908,0.977314,0.834639,-0.060667,9.738237,0.002505,-0.008315,-0.005609,0.227938,0.841728,-1.209243,100340.0000
1764073908177611821,2025-11-25 18:01:48.173,0.581411,2.663310,55.042908,0.051554,0.005838,0.977587,0.966395,-0.421077,9.820912,-0.001366,0.002118,0.004726,0.226501,0.843154,-1.209244,100337.0000
1764073908277461877,2025-11-25 18:01:48.274,0.596510,2.617166,55.028641,0.049640,0.008082,0.977305,0.644711,-0.047921,9.848179,0.007877,0.004940,0.009286,0.226488,0.841234,-1.209696,100338.0000
1764073908379540414,2025-11-25 18:01:48.373,0.614045,2.575404,55.027386,0.045921,0.011918,0.975694,0.601803,0.283366,9.733164,-0.004512,0.005614,-0.007716,0.227444,0.839337,-1.209200,100335.0000
1764073908476528988,2025-11-25 18:01:48.473,0.607780,2.589301,55.034550,0.038404,0.012956,0.975913,0.442596,-0.134361,9.608026,-0.006143,-0.012972,0.003892,0.228422,0.840795,-1.208273,100330.0000
1764073908576492303,2025-11-25 18:01:48.573,0.574845,2.649384,55.063889,0.047289,0.010399,0.979028,0.295805,-0.082581,9.695222,-0.005575,-0.017177,-0.020248,0.227464,0.841746,-1.208274,100337.0000
1764073908677620303,2025-11-25 18:01:48.673,0.549181,2.691425,55.097443,0.051444,0.006489,0.979560,0.756166,-0.197511,9.730910,-0.004376,-0.015552,-0.015023,0.225522,0.841219,-1.210163,100337.0000
1764073908776552895,2025-11-25 18:01:48.773,0.556246,2.709435,55.128502,0.050910,0.006069,0.978661,0.899281,-0.175724,9.857657,0.004206,-0.009131,-0.002413,0.224086,0.841233,-1.209179,100343.0000
1764073908877879099,2025-11-25 18:01:48.873,0.591490,2.702076,55.162857,0.052886,0.008926,0.976027,1.014625,-0.039253,9.885529,0.003145,0.009649,-0.003838,0.223600,0.840275,-1.209157,100332.0000
1764073908977148062,2025-11-25 18:01:48.973,0.626458,2.647150,55.187572,0.051100,0.009106,0.977294,0.829209,0.120476,9.936722,0.014458,0.021371,0.008961,0.226496,0.841254,-1.208733,100332.0000
1764073909075780136,2025-11-25 18:01:49.072,0.634232,2.570289,55.197289,0.045086,0.012551,0.976583,0.711055,0.306538,9.935966,-0.004798,0.023880,-0.002597,0.225522,0.839806,-1.209178,100335.0000
1764073909177812210,2025-11-25 18:01:49.173,0.608473,2.519908,55.213631,0.040307,0.011639,0.976236,0.585462,-0.055414,9.778886,-0.007590,0.003260,-0.004432,0.225516,0.840731,-1.210637,100337.0000
1764073909277070506,2025-11-25 18:01:49.273,0.569028,2.539564,55.250782,0.036919,0.009512,0.976529,0.659572,-0.044451,9.856089,-0.004205,-0.012769,0.000089,0.224559,0.840269,-1.209653,100333.0000
1764073909376356172,2025-11-25 18:01:49.373,0.550485,2.653942,55.287529,0.040698,0.005496,0.978218,0.889226,-0.364043,9.885394,0.001561,-0.019533,-0.003901,0.222197,0.844619,-1.206795,100337.0000
1764073909476356413,2025-11-25 18:01:49.473,0.559890,2.788251,55.302921,0.052142,0.005844,0.981248,0.741880,0.259489,9.743574,0.013622,-0.009197,0.009911,0.223121,0.842163,-1.210142,100335.0000
1764073909577288617,2025-11-25 18:01:49.573,0.601863,2.845208,55.321880,0.058182,0.009296,0.978952,0.599514,0.295674,9.699958,0.010265,0.005893,-0.010136,0.220706,0.841187,-1.210574,100336.0000
1764073909676087913,2025-11-25 18:01:49.673,0.630109,2.795245,55.354248,0.057115,0.011138,0.977137,0.654298,0.143513,9.711504,0.004622,0.016850,0.009924,0.220716,0.840740,-1.209122,100336.0000
1764073909777480080,2025-11-25 18:01:49.773,0.624507,2.659075,55.371357,0.053494,0.012608,0.974733,0.688102,0.357923,9.891392,-0.000679,0.031072,-0.008108,0.224068,0.840715,-1.211097,100332.0000
1764073909877211783,2025-11-25 18:01:49.873,0.589006,2.515728,55.368984,0.041724,0.010670,0.974152,0.738100,-0.053696,9.864599,-0.007580,0.023219,-0.002484,0.221202,0.840285,-1.208159,100337.0000
1764073909976995394,2025-11-25 18:01:49.973,0.555029,2.481180,55.360554,0.032219,0.008766,0.975942,0.763010,0.127223,9.907475,-0.004646,-0.003116,0.016244,0.224091,0.840776,-1.208209,100337.0000
1764073910075593339,2025-11-25 18:01:50.072,0.545151,2.558579,55.368557,0.036471,0.009647,0.979305,0.850408,0.050139,9.953355,0.000472,-0.019399,-0.010629,0.223133,0.840781,-1.207713,100324.0000
1764073910179156728,2025-11-25 18:01:50.173,0.561476,2.712923,55.400524,0.045003,0.005974,0.980581,0.744180,-0.263771,9.962447,0.011804,-0.029557,-0.000143,0.219750,0.839313,-1.208604,100333.0000
1764073910275724579,2025-11-25 18:01:50.273,0.596690,2.847033,55.429634,0.053218,0.007060,0.978420,0.979470,-0.449796,9.846669,-0.001599,-0.018640,-0.003192,0.220711,0.839785,-1.209107,100332.0000
1764073910376747653,2025-11-25 18:01:50.373,0.629950,2.893251,55.460987,0.058412,0.012331,0.977189,0.632831,0.056825,9.865799,0.002873,-0.003842,-0.012181,0.219751,0.840258,-1.209100,100332.0000
1764073910476968172,2025-11-25 18:01:50.473,0.641726,2.822039,55.492332,0.058371,0.013617,0.974594,0.299865,0.028373,9.565840,-0.005260,0.009994,-0.015661,0.218808,0.842663,-1.208160,100337.0000
1764073910576110172,2025-11-25 18:01:50.573,0.620238,2.684695,55.547932,0.049556,0.011998,0.975491,0.460770,-0.221907,9.670172,-0.004458,0.020599,-0.014525,0.218817,0.841270,-1.206213,100334.0000
1764073910676453616,2025-11-25 18:01:50.673,0.588626,2.546541,55.605991,0.041466,0.009386,0.977787,0.288880,0.104332,9.671212,-0.009485,0.015648,-0.007164,0.221683,0.840287,-1.208166,100339.0000
1764073910776808005,2025-11-25 18:01:50.773,0.563773,2.500866,55.676685,0.034431,0.007842,0.978034,0.295678,0.203750,9.642143,-0.000688,-0.006697,-0.020198,0.220230,0.842140,-1.210581,100337.0000
1764073910878484579,2025-11-25 18:01:50.873,0.557029,2.567217,55.764122,0.038603,0.007966,0.979613,0.477257,0.209709,9.781397,-0.002885,-0.016581,-0.018485,0.217848,0.843136,-1.208153,100337.0000
1764073910976576209,2025-11-25 18:01:50.973,0.563796,2.664150,55.858528,0.046739,0.006726,0.979100,0.689577,0.072181,9.721352,-0.000760,-0.013879,-0.020547,0.217344,0.840715,-1.209554,100341.0000
1764073911075370931,2025-11-25 18:01:51.072,0.588058,2.726137,55.940395,0.049687,0.005316,0.977209,0.946843,-0.337977,9.800645,0.007675,-0.007338,-0.010016,0.213991,0.842153,-1.208563,100337.0000
1764073911178066894,2025-11-25 18:01:51.173,0.600234,2.728112,55.994572,0.048853,0.008789,0.975071,0.856453,-0.050948,9.925820,-0.002636,0.000912,-0.009596,0.214472,0.842155,-1.208570,100335.0000
1764073911276490690,2025-11-25 18:01:51.273,0.610182,2.680907,56.002148,0.050135,0.008061,0.976190,0.639283,0.101447,9.715785,0.002006,0.015977,0.006666,0.213036,0.842169,-1.207586,100332.0000
1764073911376123653,2025-11-25 18:01:51.373,0.608661,2.585467,55.976788,0.047401,0.010298,0.977491,0.431931,-0.076986,9.651164,-0.001703,0.022255,0.012667,0.215419,0.840706,-1.209525,100335.0000
1764073911476686375,2025-11-25 18:01:51.473,0.601341,2.465879,55.949055,0.044796,0.010881,0.980677,0.555602,0.141444,9.833630,0.000132,0.026844,0.008184,0.217845,0.844071,-1.209131,100337.0000
1764073911577035708,2025-11-25 18:01:51.573,0.593740,2.376938,55.909687,0.034219,0.009508,0.979495,0.531961,0.017686,9.902654,0.005805,0.013555,0.011348,0.219260,0.839758,-1.210049,100335.0000
1764073911676881579,2025-11-25 18:01:51.673,0.594957,2.382738,55.871540,0.031064,0.010446,0.977978,0.507658,0.284166,9.776628,0.001581,0.000241,0.009905,0.218331,0.842671,-1.207671,100340.0000
1764073911777335004,2025-11-25 18:01:51.773,0.600751,2.460418,55.827454,0.034883,0.010147,0.977545,0.766869,0.021092,9.889774,-0.001188,-0.015373,0.015018,0.217827,0.842607,-1.210553,100329.0000
1764073911876785615,2025-11-25 18:01:51.873,0.597880,2.550571,55.793499,0.042351,0.012410,0.975474,0.850035,-0.023496,9.974401,-0.004009,-0.021356,0.012570,0.217844,0.843126,-1.208635,100336.0000
1764073911977081486,2025-11-25 18:01:51.973,0.590693,2.620830,55.794376,0.050329,0.013178,0.975481,0.459935,0.345549,9.522252,-0.006718,-0.013510,-0.013262,0.218319,0.840282,-1.207635,100333.0000
1764073912075673800,2025-11-25 18:01:52.073,0.582023,2.614538,55.812347,0.053774,0.007740,0.977403,0.192181,0.238031,9.720835,-0.000346,0.009026,-0.001787,0.217353,0.842625,-1.209583,100340.0000
1764073912185988226,2025-11-25 18:01:52.183,0.586448,2.549389,55.817097,0.050171,0.005630,0.978723,0.553302,0.446528,9.764827,0.007354,0.018605,-0.000430,0.218322,0.843118,-1.209123,100338.0000
1764073912277089745,2025-11-25 18:01:52.273,0.607836,2.451946,55.785965,0.041332,0.008692,0.978641,0.223045,0.464406,9.825835,0.010201,0.020388,0.001176,0.216868,0.840255,-1.208577,100334.0000
1764073912379663763,2025-11-25 18:01:52.373,0.618152,2.387484,55.744728,0.037227,0.009518,0.979018,0.624591,0.100832,9.855568,-0.000139,0.007002,0.015924,0.220702,0.840232,-1.210559,100335.0000
1764073912476910911,2025-11-25 18:01:52.473,0.617939,2.380816,55.710037,0.034198,0.011160,0.976605,0.398272,-0.228727,9.758373,0.005766,-0.005747,0.007231,0.220732,0.844084,-1.209173,100332.0000
1764073912577271634,2025-11-25 18:01:52.573,0.605938,2.447392,55.700790,0.038333,0.012761,0.976556,0.376804,-0.094847,9.754646,-0.003696,-0.014486,0.004512,0.221212,0.842196,-1.208188,100335.0000
1764073912677358930,2025-11-25 18:01:52.673,0.592467,2.559849,55.704067,0.040781,0.011154,0.975549,0.445706,0.412559,9.688601,-0.003193,-0.019556,0.004570,0.217833,0.841682,-1.209094,100333.0000
1764073912776924874,2025-11-25 18:01:52.773,0.580837,2.655654,55.706650,0.049815,0.008240,0.979210,0.560628,0.161472,9.833920,0.006931,-0.010953,0.001067,0.216389,0.843088,-1.210057,100337.0000
1764073912876583856,2025-11-25 18:01:52.873,0.586539,2.673095,55.736828,0.051598,0.007037,0.978592,0.357259,-0.012544,9.796132,0.003850,0.008306,-0.001074,0.216866,0.840723,-1.209065,100332.0000
1764073912976640485,2025-11-25 18:01:52.973,0.600549,2.625969,55.772236,0.048027,0.007616,0.976941,0.265717,-0.152948,9.704404,0.010491,0.010940,-0.000801,0.217339,0.839759,-1.209539,100334.0000
1764073913075943281,2025-11-25 18:01:53.072,0.610556,2.542519,55.773037,0.046011,0.008336,0.978659,0.453902,0.027759,9.860749,0.000873,0.015074,0.001604,0.218332,0.843616,-1.208168,100336.0000
1764073913177511985,2025-11-25 18:01:53.173,0.613945,2.489700,55.750702,0.038512,0.009300,0.976650,0.147756,0.374199,9.650499,0.005439,0.003921,0.003659,0.216394,0.841686,-1.208591,100339.0000
1764073913277306892,2025-11-25 18:01:53.273,0.618116,2.503699,55.743877,0.036650,0.011047,0.977108,0.181250,0.158496,9.744574,0.000692,-0.009140,0.002829,0.220247,0.841714,-1.208167,100332.0000
1764073913376728929,2025-11-25 18:01:53.373,0.611570,2.577127,55.746853,0.044113,0.009791,0.978346,0.285911,-0.009827,9.898362,-0.007396,-0.017701,-0.004598,0.217842,0.842648,-1.208627,100341.0000
1764073913476221837,2025-11-25 18:01:53.473,0.613342,2.624309,55.741287,0.050138,0.008886,0.977629,0.477573,0.167229,9.764444,0.004948,0.005377,0.006254,0.216867,0.839310,-1.208080,100335.0000
1764073913576078207,2025-11-25 18:01:53.573,0.612218,2.597279,55.745621,0.046914,0.008243,0.976442,0.405981,-0.360798,9.822484,-0.001719,0.011063,0.003520,0.216413,0.843150,-1.207169,100335.0000
1764073913676731633,2025-11-25 18:01:53.673,0.616554,2.536494,55.764481,0.043114,0.009218,0.975827,0.317967,0.643996,9.670884,0.005607,0.006368,-0.008104,0.220237,0.839803,-1.208137,100335.0000
1764073913776810948,2025-11-25 18:01:53.773,0.620131,2.522055,55.762177,0.040602,0.008360,0.978495,0.566418,-0.128664,9.787430,-0.001486,0.003747,0.007231,0.218810,0.842195,-1.207671,100336.0000
1764073913876940929,2025-11-25 18:01:53.873,0.619569,2.522821,55.764744,0.040367,0.012143,0.979192,0.567266,0.282369,9.757462,0.003694,-0.006761,-0.007722,0.219282,0.842644,-1.209130,100335.0000
1764073913976968948,2025-11-25 18:01:53.973,0.620539,2.525717,55.799065,0.043655,0.009521,0.979745,0.477384,0.394413,9.865858,-0.001295,-0.000415,-0.010055,0.219272,0.842146,-1.210085,100336.0000
1764073914075858892,2025-11-25 18:01:54.072,0.619814,2.545532,55.853363,0.043559,0.008183,0.977034,0.354943,0.464487,9.888047,0.006025,-0.005429,-0.004773,0.215425,0.841194,-1.209051,100334.0000
1764073914177457355,2025-11-25 18:01:54.173,0.623124,2.595597,55.884914,0.045296,0.007652,0.975104,0.114174,-0.117949,9.571071,0.006688,-0.007069,-0.009981,0.214491,0.842206,-1.206163,100333.0000
1764073914276571355,2025-11-25 18:01:54.273,0.635470,2.620165,55.884239,0.047217,0.008307,0.976585,0.370179,-0.014808,9.763671,0.010719,-0.000100,0.012963,0.214952,0.841212,-1.208081,100338.0000
1764073914376419169,2025-11-25 18:01:54.373,0.652749,2.613388,55.893330,0.047613,0.013014,0.977873,0.505553,0.601148,9.753809,0.003380,0.001346,-0.013786,0.216372,0.838799,-1.209510,100335.0000
1764073914476837021,2025-11-25 18:01:54.473,0.641794,2.583375,55.944462,0.043590,0.010972,0.978946,0.519580,-0.321563,9.933227,0.004066,0.002293,-0.002408,0.218800,0.841697,-1.208627,100337.0000
1764073914577524262,2025-11-25 18:01:54.573,0.625446,2.562885,55.994518,0.043670,0.010767,0.978926,0.280123,0.503988,9.793004,-0.003041,0.003749,-0.007226,0.213009,0.840685,-1.209971,100331.0000
1764073914676508706,2025-11-25 18:01:54.673,0.617387,2.559037,56.020256,0.044999,0.007487,0.978342,0.417246,0.396719,9.747537,0.002598,0.004546,-0.006108,0.213524,0.841247,-1.206134,100334.0000
1764073914776742447,2025-11-25 18:01:54.773,0.618980,2.566171,56.033665,0.045305,0.007979,0.977087,0.600793,0.086277,9.786731,-0.004994,-0.000751,-0.006432,0.211105,0.841672,-1.208032,100331.0000
1764073914877328410,2025-11-25 18:01:54.873,0.621652,2.572167,56.055073,0.043893,0.010595,0.975759,0.202291,-0.138679,9.472393,0.001175,0.003016,-0.009849,0.212548,0.843092,-1.209038,100333.0000
1764073914976881114,2025-11-25 18:01:54.972,0.611026,2.590411,56.090420,0.041241,0.010471,0.974678,0.398000,0.309270,9.739894,-0.004159,-0.007085,-0.010990,0.211567,0.841624,-1.210446,100335.0000
1764073915075534039,2025-11-25 18:01:55.072,0.611334,2.622568,56.128323,0.044891,0.006011,0.977204,0.707521,0.335531,9.852163,0.006144,-0.009573,-0.002133,0.210610,0.839749,-1.208477,100334.0000
1764073915177547132,2025-11-25 18:01:55.173,0.630113,2.639357,56.142242,0.045404,0.007402,0.978918,0.404203,0.110948,9.768192,0.000906,-0.010449,0.005127,0.213043,0.841244,-1.206127,100339.0000
1764073915278030854,2025-11-25 18:01:55.273,0.648731,2.632270,56.136456,0.048622,0.010898,0.980349,0.411802,0.122953,9.933255,0.004395,0.003738,0.004818,0.211091,0.841164,-1.209469,100332.0000
1764073915376419669,2025-11-25 18:01:55.373,0.655315,2.583985,56.137115,0.047344,0.012505,0.979175,0.286913,0.227520,9.869697,-0.007311,0.010752,-0.009885,0.211585,0.843087,-1.209023,100336.0000
1764073915477223965,2025-11-25 18:01:55.473,0.643679,2.529331,56.152901,0.040757,0.010828,0.977341,0.195113,0.063106,9.577462,0.004964,0.003155,0.003320,0.213982,0.841187,-1.209030,100327.0000
1764073915577281650,2025-11-25 18:01:55.573,0.623333,2.511963,56.156284,0.039136,0.009732,0.974875,0.055755,0.172282,9.641092,-0.002181,-0.004098,0.001877,0.211108,0.843095,-1.208535,100334.0000
1764073915677217928,2025-11-25 18:01:55.673,0.615826,2.529964,56.139160,0.040119,0.008349,0.975551,0.459583,-0.134663,9.893721,0.002771,-0.010706,0.005579,0.214968,0.843611,-1.207636,100336.0000
1764073915776236039,2025-11-25 18:01:55.773,0.624528,2.569577,56.103436,0.042735,0.008998,0.977230,0.515790,0.410752,9.965476,-0.002147,-0.015406,-0.002799,0.212546,0.841201,-1.208045,100329.0000
1764073915877172613,2025-11-25 18:01:55.873,0.645489,2.570034,56.085152,0.045570,0.009620,0.978909,0.859497,-0.127337,10.054445,0.007141,0.006881,0.005423,0.211591,0.842630,-1.208053,100336.0000
1764073915976381298,2025-11-25 18:01:55.973,0.660253,2.558111,56.073940,0.043416,0.010234,0.979172,0.657807,-0.197598,9.814972,-0.002494,0.001963,0.009234,0.211594,0.841695,-1.207076,100330.0000
1764073916075852539,2025-11-25 18:01:56.073,0.673676,2.556335,56.034531,0.043949,0.010027,0.979389,0.510224,-0.005875,9.785684,-0.000028,0.005007,-0.004384,0.214494,0.842684,-1.206170,100331.0000
1764073916176809872,2025-11-25 18:01:56.173,0.669162,2.537306,55.964314,0.044091,0.013264,0.978292,0.161647,0.530824,9.692195,-0.001254,0.011918,0.007071,0.214475,0.842165,-1.208089,100334.0000
1764073916276736057,2025-11-25 18:01:56.273,0.657842,2.499051,55.923626,0.042262,0.011304,0.975507,0.103257,0.123954,9.525460,0.004912,0.005579,-0.007093,0.214459,0.841179,-1.209518,100330.0000
1764073916377916613,2025-11-25 18:01:56.373,0.650263,2.468787,55.905483,0.040570,0.010522,0.975773,0.500645,-0.096655,9.786337,-0.004334,0.001656,0.008889,0.217845,0.841713,-1.207650,100332.0000
1764073916476628150,2025-11-25 18:01:56.473,0.653535,2.453522,55.860771,0.039916,0.009342,0.976478,0.325433,0.033418,9.813674,0.005919,-0.008581,0.017677,0.217840,0.843115,-1.209116,100335.0000
1764073916577756150,2025-11-25 18:01:56.573,0.650513,2.447438,55.799412,0.041288,0.011295,0.976598,0.157198,0.224572,9.648822,-0.000412,0.002163,0.006931,0.217840,0.842170,-1.208620,100338.0000
1764073916676065446,2025-11-25 18:01:56.673,0.653422,2.447499,55.764694,0.040605,0.010988,0.979446,0.492661,-0.003625,9.951398,0.005315,0.003833,0.009042,0.219763,0.842646,-1.209137,100329.0000
1764073916777660205,2025-11-25 18:01:56.773,0.656276,2.481008,55.735325,0.038518,0.010979,0.978688,0.421640,0.545974,9.743868,-0.002827,-0.005697,0.001941,0.219762,0.841701,-1.208641,100331.0000
1764073916876412149,2025-11-25 18:01:56.873,0.655050,2.530103,55.688713,0.040480,0.009762,0.980191,0.417114,0.042140,9.840646,0.004260,-0.002653,0.010424,0.220232,0.841673,-1.210092,100330.0000
1764073916977410205,2025-11-25 18:01:56.973,0.658612,2.527374,55.641953,0.044346,0.012447,0.979003,0.540628,0.100531,9.775269,0.004119,0.003219,0.005802,0.218312,0.841207,-1.209094,100337.0000
1764073917076143835,2025-11-25 18:01:57.073,0.663741,2.463385,55.616928,0.045381,0.010944,0.977354,0.576064,-0.084636,9.735705,0.001177,0.011884,0.005024,0.220735,0.839378,-1.205730,100333.0000
1764073917178108279,2025-11-25 18:01:57.173,0.668450,2.396795,55.603256,0.040600,0.011007,0.975131,0.091642,-0.292890,9.594316,0.007897,0.011708,-0.000626,0.221225,0.844117,-1.207736,100343.0000
1764073917277408890,2025-11-25 18:01:57.273,0.666965,2.388392,55.594982,0.036790,0.011236,0.975428,0.634332,0.212145,9.705112,-0.000638,-0.007612,-0.000507,0.220234,0.839793,-1.208619,100333.0000
1764073917377149890,2025-11-25 18:01:57.373,0.660195,2.442927,55.579697,0.037976,0.009855,0.977908,0.421835,0.206879,9.821496,0.003827,-0.006951,0.005677,0.221686,0.840765,-1.208174,100330.0000
1764073917477296631,2025-11-25 18:01:57.473,0.645156,2.505299,55.544647,0.040730,0.009811,0.978228,0.590854,0.247014,9.781364,0.000056,-0.010708,0.007732,0.222661,0.841745,-1.207240,100331.0000
1764073917576218371,2025-11-25 18:01:57.573,0.641380,2.504715,55.503422,0.043378,0.009258,0.979843,0.429108,-0.158553,9.955451,0.006508,0.008555,0.006574,0.222668,0.841765,-1.206277,100332.0000
1764073917676956575,2025-11-25 18:01:57.673,0.636186,2.459932,55.474373,0.043107,0.010522,0.978467,0.469535,0.152695,9.692787,0.004819,0.007038,0.014667,0.222665,0.842700,-1.207255,100333.0000
1764073917776362482,2025-11-25 18:01:57.773,0.634243,2.421540,55.456413,0.041904,0.011001,0.977671,0.191051,0.281119,9.678005,-0.001371,0.003143,-0.003357,0.220241,0.841226,-1.208641,100338.0000
1764073917877177519,2025-11-25 18:01:57.873,0.636170,2.419795,55.410851,0.041055,0.009073,0.976880,0.766661,0.272889,9.874205,0.005199,0.005173,0.019188,0.224096,0.839373,-1.206743,100336.0000
1764073917977136408,2025-11-25 18:01:57.973,0.635753,2.413277,55.352386,0.034878,0.009895,0.976374,0.215634,0.033408,9.711089,-0.003541,-0.002081,0.003840,0.225023,0.839286,-1.211090,100337.0000
1764073918075910427,2025-11-25 18:01:58.073,0.639835,2.440777,55.303383,0.037249,0.009915,0.976629,0.222262,0.019677,9.705181,0.003010,-0.011164,0.009368,0.224554,0.839314,-1.209638,100339.0000
1764073918176975149,2025-11-25 18:01:58.173,0.652630,2.475059,55.258190,0.042646,0.011714,0.979762,0.579005,0.453920,9.795282,0.000451,-0.008662,0.002373,0.224566,0.841702,-1.209675,100333.0000
1764073918276269797,2025-11-25 18:01:58.273,0.653963,2.492573,55.184952,0.041441,0.009166,0.977576,0.542671,-0.110867,9.849197,0.005855,-0.003315,0.022161,0.225531,0.842185,-1.209697,100324.0000
1764073918377076741,2025-11-25 18:01:58.373,0.652135,2.501924,55.101929,0.044214,0.011275,0.978436,0.410201,0.221329,9.720027,-0.001112,0.000497,0.021621,0.226971,0.840768,-1.209214,100336.0000
1764073918476670741,2025-11-25 18:01:58.473,0.650213,2.528988,55.043839,0.044783,0.012035,0.976850,0.605994,0.367284,9.882607,0.001729,-0.004051,0.006815,0.226984,0.842689,-1.208762,100332.0000
1764073918577320963,2025-11-25 18:01:58.573,0.641144,2.555222,55.014683,0.043546,0.011312,0.975610,0.517117,-0.004677,9.837559,0.003153,-0.004650,0.013669,0.228901,0.842677,-1.209754,100328.0000
1764073918676031537,2025-11-25 18:01:58.673,0.634462,2.547476,54.998852,0.045365,0.009951,0.977851,0.464438,-0.133125,9.726935,0.004859,0.003084,0.005413,0.225497,0.839267,-1.212059,100333.0000
1764073918777046426,2025-11-25 18:01:58.773,0.638941,2.528690,54.974380,0.042323,0.011970,0.976990,0.550435,-0.052506,9.826407,-0.000190,0.004092,-0.003720,0.230806,0.838864,-1.209724,100335.0000
1764073918877045926,2025-11-25 18:01:58.873,0.642183,2.526335,54.959530,0.038312,0.011158,0.978200,0.311504,0.104657,9.981648,0.004671,0.002213,0.006461,0.229386,0.841277,-1.208295,100334.0000
1764073918976465815,2025-11-25 18:01:58.973,0.641424,2.558121,54.962261,0.039111,0.009589,0.977841,0.456393,-0.034346,9.647466,0.008810,-0.008813,0.008138,0.227930,0.839350,-1.208725,100333.0000
1764073919075862444,2025-11-25 18:01:59.072,0.639584,2.621991,54.972919,0.041400,0.010606,0.978803,0.385183,-0.067365,9.705659,0.000218,-0.016517,0.000532,0.229849,0.839815,-1.209724,100332.0000
1764073919177222241,2025-11-25 18:01:59.173,0.629720,2.693732,54.968815,0.047216,0.010156,0.977564,0.305843,0.376001,9.779177,0.002935,-0.012731,-0.009260,0.227443,0.842163,-1.211169,100336.0000
1764073919276442852,2025-11-25 18:01:59.273,0.630873,2.740792,54.943100,0.051075,0.008312,0.977730,0.645612,0.039160,9.732992,0.008671,-0.003446,0.002182,0.226013,0.841719,-1.209215,100330.0000
1764073919376966907,2025-11-25 18:01:59.373,0.640383,2.721078,54.930641,0.049973,0.009749,0.976682,0.483426,-0.263646,9.891002,0.007248,0.009847,0.002485,0.225054,0.840780,-1.208223,100334.0000
1764073919477169074,2025-11-25 18:01:59.473,0.653836,2.639605,54.937000,0.047670,0.010599,0.977930,0.187173,0.060326,9.741983,0.003099,0.019141,0.000305,0.229844,0.838860,-1.209709,100340.0000
1764073919576768592,2025-11-25 18:01:59.573,0.662035,2.594261,54.947025,0.039002,0.011342,0.976556,0.183343,0.266973,9.619645,0.000300,0.005227,0.000472,0.228391,0.838356,-1.210643,100340.0000
1764073919676031092,2025-11-25 18:01:59.673,0.663390,2.603469,54.949894,0.039054,0.011499,0.977153,0.277383,0.120114,9.631457,-0.000683,-0.010502,-0.000701,0.229361,0.840738,-1.211176,100337.0000
1764073919776696814,2025-11-25 18:01:59.773,0.654497,2.670682,54.938908,0.042774,0.011583,0.977405,0.473789,0.527968,9.674138,0.007068,-0.012653,0.003349,0.227928,0.841230,-1.210199,100332.0000
1764073919876979925,2025-11-25 18:01:59.873,0.644137,2.756737,54.936005,0.047264,0.010845,0.978520,0.578252,0.335656,9.845372,0.004735,-0.020693,-0.009615,0.229861,0.840791,-1.208776,100327.0000
1764073919978896277,2025-11-25 18:01:59.973,0.632491,2.810080,54.945271,0.052081,0.010646,0.977950,0.543157,0.149204,9.867813,-0.006682,-0.002782,0.005322,0.227450,0.841238,-1.209711,100337.0000
1764073920075943666,2025-11-25 18:02:00.073,0.616741,2.804856,54.971794,0.053615,0.010457,0.977458,0.586582,-0.180046,9.877807,0.003679,0.006199,-0.003453,0.228416,0.840307,-1.208747,100327.0000
1764073920177474759,2025-11-25 18:02:00.173,0.607055,2.749509,54.990318,0.048721,0.008400,0.976593,0.295648,-0.085643,9.856384,0.002793,0.011433,-0.004315,0.229402,0.841318,-1.206369,100336.0000
1764073920276546870,2025-11-25 18:02:00.273,0.598762,2.695121,55.007423,0.044736,0.011213,0.976471,0.136687,0.366232,9.629537,0.001565,0.007805,0.001700,0.227936,0.839838,-1.208251,100329.0000
1764073920376811036,2025-11-25 18:02:00.373,0.592658,2.679090,55.030399,0.042476,0.007560,0.976975,0.269552,0.207019,9.793114,-0.000055,-0.005369,-0.005191,0.226973,0.841246,-1.209222,100324.0000
1764073920476159944,2025-11-25 18:02:00.473,0.594333,2.703753,55.047951,0.043718,0.009581,0.977848,0.312437,0.170911,9.829909,0.001191,-0.005813,-0.002400,0.229379,0.839844,-1.208273,100340.0000
1764073920576556684,2025-11-25 18:02:00.573,0.602911,2.748868,55.089127,0.046786,0.008822,0.976805,0.293809,0.120619,9.623702,0.002349,-0.004673,-0.012853,0.224571,0.838887,-1.207224,100328.0000
1764073920676255092,2025-11-25 18:02:00.673,0.621206,2.802673,55.156223,0.048281,0.009306,0.978393,0.468233,-0.200734,9.881142,0.004232,-0.002034,-0.005111,0.226970,0.842181,-1.210199,100330.0000
1764073920776617943,2025-11-25 18:02:00.773,0.636693,2.833423,55.222412,0.050808,0.010228,0.979187,0.381166,0.039432,9.779407,-0.000098,0.000950,-0.005261,0.223094,0.838322,-1.211047,100331.0000
1764073920876790740,2025-11-25 18:02:00.873,0.649751,2.810030,55.273838,0.049097,0.010143,0.976239,0.297479,-0.072141,9.642591,0.005137,0.006042,-0.008412,0.223116,0.839796,-1.209143,100331.0000
1764073920976592036,2025-11-25 18:02:00.973,0.640852,2.765689,55.324429,0.048256,0.010769,0.978321,0.155354,0.102771,9.760550,-0.001968,0.003519,-0.007386,0.224071,0.839779,-1.210120,100323.0000
1764073921075566240,2025-11-25 18:02:01.073,0.621279,2.728241,55.381447,0.046123,0.010125,0.977398,0.285141,0.340026,9.758899,0.004665,-0.000380,-0.017973,0.220700,0.838341,-1.209567,100335.0000
1764073921176978406,2025-11-25 18:02:01.173,0.597591,2.725929,55.430363,0.044838,0.008421,0.977740,0.629604,0.132054,9.878940,-0.003818,-0.002230,-0.002129,0.221191,0.840254,-1.209603,100331.0000
1764073921277152073,2025-11-25 18:02:01.273,0.591161,2.753086,55.454666,0.044713,0.005375,0.976896,0.426671,-0.020578,9.806582,0.003329,-0.002121,0.003073,0.221686,0.840765,-1.208174,100333.0000
1764073921377057591,2025-11-25 18:02:01.373,0.591938,2.784081,55.458145,0.048019,0.009602,0.978919,0.442322,-0.049047,9.834159,-0.000444,0.001694,0.001070,0.223122,0.839338,-1.208173,100331.0000
1764073921475851295,2025-11-25 18:02:01.473,0.592122,2.781833,55.453259,0.048191,0.009984,0.977789,0.265194,-0.024063,9.640641,-0.003689,-0.004521,-0.001129,0.221217,0.841738,-1.207219,100329.0000
1764073921576416665,2025-11-25 18:02:01.573,0.595953,2.771433,55.445488,0.047193,0.009653,0.976179,0.576530,0.036424,9.811625,0.004205,-0.000361,-0.003883,0.223122,0.839338,-1.208173,100341.0000
1764073921677231980,2025-11-25 18:02:01.673,0.590404,2.753134,55.427895,0.048308,0.009500,0.976373,0.442260,0.320029,9.739700,0.004729,0.004767,0.003236,0.222170,0.842190,-1.208684,100333.0000
1764073921776779665,2025-11-25 18:02:01.773,0.577377,2.714949,55.391407,0.050026,0.008231,0.977066,0.942467,0.156564,9.991432,0.002198,0.014168,0.014438,0.221692,0.841253,-1.207699,100330.0000
1764073921876390258,2025-11-25 18:02:01.873,0.572923,2.678040,55.329651,0.044498,0.007381,0.977934,0.665464,-0.003305,9.821749,0.003466,0.010850,0.018288,0.223604,0.840286,-1.208676,100329.0000
1764073921976657628,2025-11-25 18:02:01.973,0.573053,2.642344,55.248734,0.041085,0.009668,0.976245,0.242806,0.195663,9.834768,0.001109,-0.002660,0.014737,0.225069,0.843178,-1.207778,100342.0000
1764073922075323850,2025-11-25 18:02:02.072,0.580919,2.643352,55.176834,0.040021,0.010288,0.978607,0.301445,-0.347232,9.862325,0.000955,-0.002774,0.019328,0.228407,0.839342,-1.209214,100337.0000
1764073922177642109,2025-11-25 18:02:02.173,0.596538,2.674953,55.117821,0.040008,0.011589,0.977305,0.384863,-0.214946,9.758907,0.002282,-0.008449,0.012750,0.227464,0.843159,-1.209258,100340.0000
1764073922277126350,2025-11-25 18:02:02.273,0.606030,2.729485,55.074192,0.046508,0.012836,0.980031,0.379304,0.249010,9.841595,0.006867,-0.008614,0.007068,0.228405,0.839809,-1.209703,100327.0000
1764073922377089331,2025-11-25 18:02:02.373,0.605159,2.773422,55.041557,0.047960,0.012356,0.977732,0.395930,0.413608,9.698638,-0.000156,-0.009337,0.003083,0.226956,0.839315,-1.210155,100335.0000
1764073922476772220,2025-11-25 18:02:02.473,0.601266,2.789401,55.019314,0.051491,0.010990,0.978405,0.365031,-0.052584,9.665363,-0.000272,0.000726,0.003437,0.226496,0.841254,-1.208733,100330.0000
1764073922577266942,2025-11-25 18:02:02.573,0.597514,2.744554,55.019024,0.049594,0.010350,0.976689,0.637466,-0.215185,9.798899,0.005208,0.013129,0.000291,0.226960,0.840270,-1.210170,100333.0000
1764073922675744128,2025-11-25 18:02:02.672,0.606160,2.687230,55.049446,0.045859,0.009908,0.975908,0.309405,-0.245533,9.832964,0.003443,0.006736,-0.004920,0.227926,0.837927,-1.208222,100335.0000
1764073922777110905,2025-11-25 18:02:02.773,0.618050,2.622436,55.085442,0.042770,0.009949,0.976084,0.208424,-0.083600,9.837754,-0.002986,0.003575,-0.007096,0.227925,0.838394,-1.208711,100332.0000
1764073922876831813,2025-11-25 18:02:02.873,0.624225,2.580846,55.104275,0.039234,0.010556,0.976960,0.274908,0.378703,9.853483,-0.003200,0.001733,-0.006332,0.228395,0.839311,-1.210658,100327.0000
1764073922976905164,2025-11-25 18:02:02.973,0.618461,2.605062,55.110939,0.038375,0.010322,0.977727,0.449969,0.079019,9.805528,-0.002792,-0.015867,-0.009038,0.228410,0.840764,-1.209718,100329.0000
1764073923075933498,2025-11-25 18:02:03.072,0.595233,2.673551,55.107742,0.040556,0.008618,0.978982,0.211221,0.105143,9.627166,-0.003990,-0.015844,0.002167,0.229850,0.839348,-1.209235,100331.0000
1764073923177117424,2025-11-25 18:02:03.173,0.570962,2.738050,55.093548,0.044611,0.008782,0.979286,0.629496,0.211104,9.850355,0.003505,-0.014277,0.010113,0.224556,0.839792,-1.209646,100329.0000
1764073923276927683,2025-11-25 18:02:03.273,0.555802,2.765288,55.087788,0.050545,0.008365,0.978622,0.916569,-0.017471,10.105758,-0.003499,0.003571,0.007724,0.224061,0.837869,-1.210090,100327.0000
1764073923376668757,2025-11-25 18:02:03.373,0.563453,2.780772,55.088924,0.046597,0.009712,0.975391,0.836206,-0.064189,9.744566,0.001877,-0.003958,-0.008970,0.226988,0.840342,-1.206800,100343.0000
1764073923476745794,2025-11-25 18:02:03.473,0.578162,2.780520,55.104053,0.049116,0.010581,0.977719,0.466946,0.134071,9.724269,0.001967,0.000399,0.001137,0.225053,0.838422,-1.206743,100330.0000
1764073923576523016,2025-11-25 18:02:03.573,0.581584,2.755464,55.133846,0.048142,0.011108,0.976265,0.272974,0.690732,9.692130,0.000580,0.008259,-0.013044,0.227922,0.839329,-1.209688,100329.0000
1764073923677573349,2025-11-25 18:02:03.673,0.561712,2.725039,55.176952,0.045431,0.009598,0.978072,0.501705,-0.007622,9.589157,-0.000610,0.005229,-0.010245,0.225521,0.838861,-1.208683,100336.0000
1764073923776991034,2025-11-25 18:02:03.773,0.547319,2.689421,55.219055,0.043798,0.006405,0.978857,0.516259,-0.056056,9.903659,0.001182,-0.000470,-0.000722,0.225075,0.841309,-1.205824,100330.0000
1764073923876321386,2025-11-25 18:02:03.873,0.551731,2.652866,55.244171,0.044145,0.006347,0.979891,0.558445,0.064372,9.803600,0.002520,0.008973,-0.004102,0.226029,0.841760,-1.207289,100335.0000
1764073923975889905,2025-11-25 18:02:03.972,0.570798,2.634992,55.270649,0.039688,0.007985,0.976853,0.336833,0.052129,9.773367,0.005488,-0.000749,-0.003905,0.225993,0.840723,-1.211126,100337.0000
1764073924078572645,2025-11-25 18:02:04.073,0.590886,2.655488,55.310043,0.041727,0.009660,0.976272,0.314109,0.044865,9.659348,-0.000454,-0.009558,-0.006908,0.225539,0.839380,-1.206764,100326.0000
1764073924176820053,2025-11-25 18:02:04.173,0.591418,2.680903,55.329609,0.045278,0.011880,0.976209,0.378633,0.464245,9.703649,0.000372,-0.010830,-0.004689,0.223107,0.837885,-1.209113,100339.0000
1764073924277884978,2025-11-25 18:02:04.273,0.572307,2.717405,55.329601,0.044320,0.009237,0.975596,0.678693,0.210485,9.818374,-0.005611,-0.014750,0.003013,0.222169,0.843602,-1.209669,100331.0000
1764073924376496312,2025-11-25 18:02:04.373,0.549132,2.737379,55.358898,0.044884,0.009560,0.978226,0.527580,0.071614,9.956202,0.002956,-0.005129,-0.013561,0.223127,0.838881,-1.207203,100335.0000
1764073924476197978,2025-11-25 18:02:04.473,0.534630,2.781352,55.421398,0.043532,0.007623,0.977882,0.228081,0.054266,9.612333,-0.001772,-0.014146,-0.008644,0.221206,0.837937,-1.206197,100327.0000
1764073924577591052,2025-11-25 18:02:04.573,0.534141,2.852810,55.487400,0.050148,0.005622,0.979876,0.332124,0.022934,9.693354,0.006076,-0.006638,-0.002838,0.219287,0.842187,-1.208160,100334.0000
1764073924677022645,2025-11-25 18:02:04.673,0.558159,2.870316,55.549339,0.051497,0.007296,0.979212,0.472729,0.140376,9.881158,0.011427,0.002019,-0.009074,0.219286,0.841242,-1.207664,100335.0000
1764073924777377756,2025-11-25 18:02:04.773,0.576259,2.847000,55.622185,0.051917,0.010054,0.977661,0.532648,0.134342,9.932872,0.000428,0.005932,-0.005476,0.217828,0.838369,-1.207599,100327.0000
1764073924877385385,2025-11-25 18:02:04.873,0.584549,2.789852,55.696556,0.050105,0.009752,0.975620,0.311670,0.187147,9.743536,0.006533,0.011824,-0.025615,0.218778,0.838810,-1.209546,100335.0000
1764073924976240848,2025-11-25 18:02:04.973,0.580323,2.738398,55.774857,0.046260,0.009380,0.975267,0.573762,-0.030887,9.847364,-0.000922,0.011686,-0.005429,0.219290,0.841252,-1.207183,100337.0000
1764073925075661885,2025-11-25 18:02:05.072,0.562056,2.724655,55.875946,0.040175,0.009695,0.975793,0.671896,0.176413,9.874272,-0.001399,-0.006704,-0.023813,0.217342,0.838824,-1.208562,100334.0000
1764073925177771108,2025-11-25 18:02:05.173,0.549519,2.768984,55.989281,0.042239,0.006228,0.977267,0.614887,-0.111940,9.791909,0.001825,-0.010150,-0.011930,0.214472,0.840742,-1.207585,100332.0000
1764073925276708959,2025-11-25 18:02:05.273,0.560518,2.845690,56.098442,0.045336,0.005119,0.978835,0.770705,0.153840,9.790123,0.004500,-0.008842,-0.018702,0.210619,0.840715,-1.208010,100336.0000
1764073925376338126,2025-11-25 18:02:05.373,0.572004,2.883827,56.190296,0.050152,0.005670,0.978203,1.006649,-0.429725,9.966269,0.003357,0.000461,-0.012388,0.209649,0.838332,-1.207478,100341.0000
1764073925476992255,2025-11-25 18:02:05.473,0.581161,2.883544,56.277290,0.051645,0.008135,0.978824,0.867462,0.006684,9.966749,0.002849,0.006464,-0.015041,0.209677,0.841707,-1.206085,100331.0000
1764073925577357070,2025-11-25 18:02:05.573,0.586683,2.854138,56.363834,0.052200,0.008680,0.978385,0.859637,-0.176754,9.826183,-0.000727,0.007497,-0.014884,0.209668,0.842154,-1.207536,100333.0000
1764073925676903366,2025-11-25 18:02:05.673,0.591230,2.814814,56.438091,0.048830,0.006823,0.976527,0.831459,-0.042678,9.798052,0.000398,0.007829,-0.007089,0.209193,0.840282,-1.205574,100333.0000
1764073925776547181,2025-11-25 18:02:05.773,0.591582,2.767644,56.496307,0.045828,0.008873,0.977008,0.686991,0.126707,9.875720,-0.000159,0.007778,-0.010646,0.206784,0.843564,-1.207997,100329.0000
1764073925877231237,2025-11-25 18:02:05.873,0.587231,2.721179,56.561291,0.045250,0.009378,0.978329,0.769752,-0.054520,9.898584,0.001285,0.005847,-0.019343,0.204359,0.841144,-1.208888,100332.0000
1764073925976818255,2025-11-25 18:02:05.973,0.577283,2.687652,56.651497,0.042394,0.007855,0.977518,0.999161,-0.176497,9.888203,-0.010191,0.004405,-0.016705,0.207724,0.839736,-1.208434,100329.0000
1764073926075462051,2025-11-25 18:02:06.072,0.574651,2.711717,56.733166,0.042592,0.005505,0.976211,0.765850,-0.123050,9.829102,0.003906,0.000872,-0.011829,0.202927,0.842581,-1.208407,100331.0000
1764073926177621162,2025-11-25 18:02:06.173,0.584642,2.771742,56.802956,0.045598,0.005879,0.978326,0.716175,0.036299,9.834480,0.003422,-0.001434,-0.000584,0.203876,0.841610,-1.209369,100335.0000
1764073926276643459,2025-11-25 18:02:06.273,0.608811,2.824141,56.844349,0.046998,0.007833,0.977630,0.273253,0.289462,9.588587,0.003322,-0.003822,-0.002901,0.202441,0.838798,-1.206415,100335.0000
1764073926376443403,2025-11-25 18:02:06.373,0.631358,2.834816,56.863926,0.048784,0.010388,0.976595,0.598240,0.341375,9.772703,0.006417,0.002285,0.004456,0.200512,0.840192,-1.207853,100331.0000
1764073926477045051,2025-11-25 18:02:06.473,0.632810,2.794307,56.894051,0.050349,0.011622,0.979335,0.473348,0.231222,9.635938,0.001021,0.007429,0.000499,0.201461,0.839688,-1.209304,100327.0000
1764073926576630014,2025-11-25 18:02:06.573,0.618153,2.739269,56.948624,0.046093,0.009941,0.978172,0.639722,0.144071,9.838169,-0.003045,0.011289,-0.006047,0.203897,0.842606,-1.207458,100328.0000
1764073926676867162,2025-11-25 18:02:06.673,0.591779,2.700631,56.994930,0.044312,0.009513,0.977409,1.244718,0.195195,10.074448,-0.002374,0.010788,-0.002449,0.200518,0.839735,-1.206883,100330.0000
1764073926777285014,2025-11-25 18:02:06.773,0.572992,2.677225,57.030994,0.042703,0.005894,0.976690,0.749196,-0.029697,9.773919,0.003680,0.016092,0.001814,0.201025,0.840276,-1.204009,100333.0000
1764073926876452421,2025-11-25 18:02:06.873,0.575426,2.658858,57.032261,0.042633,0.004723,0.977331,0.399691,-0.066721,9.690237,0.004761,0.006567,0.005794,0.202940,0.843089,-1.206970,100334.0000
1764073926976851532,2025-11-25 18:02:06.973,0.593257,2.649339,57.014664,0.041842,0.009645,0.976458,0.789232,0.117664,9.905066,0.011089,-0.000944,-0.002477,0.201493,0.840715,-1.205949,100334.0000
1764073927075439088,2025-11-25 18:02:07.073,0.613904,2.645764,57.007492,0.040519,0.009584,0.976667,0.642580,-0.101501,9.764337,0.003486,-0.007258,-0.001353,0.201005,0.840225,-1.206416,100333.0000
1764073927176918032,2025-11-25 18:02:07.173,0.625511,2.664415,56.994102,0.044342,0.010674,0.977811,0.588383,0.125783,9.785571,-0.000876,-0.004910,0.002346,0.200979,0.838741,-1.208801,100333.0000
1764073927277808717,2025-11-25 18:02:07.273,0.629001,2.659457,56.960976,0.044803,0.011024,0.978664,0.333665,-0.059180,9.692458,0.000415,0.005623,0.005171,0.202455,0.842132,-1.206948,100333.0000
1764073927376487551,2025-11-25 18:02:07.373,0.623466,2.642071,56.917015,0.044058,0.011135,0.978046,0.603890,0.319297,9.707489,-0.009400,0.008074,0.012560,0.201480,0.839739,-1.206897,100329.0000
1764073927476705977,2025-11-25 18:02:07.473,0.612178,2.628627,56.887527,0.041671,0.011535,0.978045,0.191269,0.404091,9.607381,0.000738,0.001651,0.005849,0.203428,0.842167,-1.205518,100327.0000
1764073927576753365,2025-11-25 18:02:07.573,0.595939,2.617239,56.858521,0.042505,0.007908,0.978751,0.516471,0.084810,9.767094,0.002077,0.000686,0.015500,0.202942,0.842622,-1.206481,100329.0000
1764073927676880736,2025-11-25 18:02:07.673,0.590041,2.593202,56.814213,0.043750,0.009760,0.978456,0.440984,-0.054345,9.872443,0.002201,-0.002148,0.010638,0.202942,0.842622,-1.206481,100332.0000
1764073927777320291,2025-11-25 18:02:07.773,0.597374,2.567843,56.756866,0.042638,0.009040,0.977892,0.537559,-0.306607,9.666125,0.004450,0.003114,0.004822,0.203402,0.840683,-1.207903,100331.0000
1764073927876946050,2025-11-25 18:02:07.873,0.609981,2.579699,56.711830,0.040938,0.012152,0.976996,0.345822,0.282878,9.628021,0.000851,-0.003649,0.000522,0.205812,0.839291,-1.206473,100329.0000
1764073927976891606,2025-11-25 18:02:07.973,0.620415,2.614105,56.682339,0.041785,0.010330,0.977549,0.634827,0.101930,9.800485,0.013000,-0.006821,0.003070,0.204363,0.839742,-1.207421,100335.0000
1764073928075699124,2025-11-25 18:02:08.072,0.616985,2.639575,56.648228,0.041681,0.011167,0.976158,0.340587,0.266992,9.667515,0.004445,-0.007729,0.016363,0.206293,0.839293,-1.206480,100334.0000
1764073928177156939,2025-11-25 18:02:08.173,0.599140,2.643040,56.600960,0.043942,0.010583,0.975689,0.351507,-0.003299,9.773611,-0.003182,-0.005110,0.007470,0.205314,0.838303,-1.207895,100335.0000
1764073928276958958,2025-11-25 18:02:08.273,0.590943,2.638267,56.549000,0.043913,0.009532,0.976962,0.421937,-0.263160,9.794467,-0.000196,-0.001017,0.001227,0.208214,0.839291,-1.206990,100335.0000
1764073928376411735,2025-11-25 18:02:08.373,0.597320,2.624134,56.496967,0.044289,0.010152,0.977952,0.157999,0.366713,9.695984,0.007349,0.001247,0.001389,0.207747,0.842155,-1.207027,100332.0000
1764073928476677661,2025-11-25 18:02:08.473,0.600801,2.613477,56.444481,0.044421,0.011145,0.979160,0.160413,0.096751,9.623013,0.008484,0.002702,0.014871,0.210626,0.839790,-1.206551,100337.0000
1764073928576903883,2025-11-25 18:02:08.573,0.592853,2.614349,56.381504,0.042704,0.010755,0.978953,0.461344,0.209830,9.776835,-0.000245,0.001827,0.018829,0.208217,0.840714,-1.207493,100339.0000
1764073928676423179,2025-11-25 18:02:08.673,0.590445,2.627413,56.298775,0.041730,0.009125,0.978500,0.392030,-0.444562,9.914273,0.005248,-0.003150,0.018881,0.211575,0.840231,-1.208498,100329.0000
1764073928777297883,2025-11-25 18:02:08.773,0.594436,2.599304,56.230934,0.044253,0.012580,0.978978,0.488873,0.347965,9.768055,0.006683,0.011161,0.012327,0.210135,0.839290,-1.207499,100329.0000
1764073928877942124,2025-11-25 18:02:08.873,0.598235,2.541220,56.199486,0.040589,0.012161,0.976622,0.456347,-0.099068,9.843767,0.000928,0.003157,-0.000521,0.213993,0.840273,-1.207090,100331.0000
1764073928977093920,2025-11-25 18:02:08.973,0.604691,2.508356,56.156170,0.039377,0.010354,0.977420,0.406676,0.641982,9.760537,-0.001685,0.005007,0.008938,0.214953,0.839799,-1.207097,100332.0000
1764073929075609624,2025-11-25 18:02:09.072,0.615365,2.527980,56.097633,0.038116,0.009158,0.975398,0.290419,0.347216,9.587533,0.008593,-0.007066,0.014161,0.214486,0.843608,-1.207629,100326.0000
1764073929177601272,2025-11-25 18:02:09.173,0.611091,2.575708,56.032585,0.040258,0.010283,0.977480,0.242721,-0.176910,9.583249,-0.007485,-0.008660,0.013869,0.214961,0.840765,-1.206630,100337.0000
1764073929276578290,2025-11-25 18:02:09.273,0.593105,2.614652,55.967102,0.042508,0.013049,0.977309,0.793851,0.268798,9.794137,0.000360,-0.008773,0.003206,0.215432,0.841682,-1.208577,100332.0000
1764073929376614494,2025-11-25 18:02:09.373,0.574964,2.633331,55.921848,0.044639,0.009301,0.978453,0.321171,-0.148123,9.818909,-0.002504,-0.004899,0.013362,0.213495,0.840697,-1.209497,100331.0000
1764073929476975068,2025-11-25 18:02:09.473,0.573184,2.643033,55.891045,0.046850,0.011960,0.979321,0.310426,0.445864,9.776076,0.006909,0.001622,0.003893,0.215414,0.839751,-1.209511,100329.0000
1764073929576850846,2025-11-25 18:02:09.573,0.586785,2.656806,55.863838,0.047262,0.007369,0.979292,0.529526,0.297296,9.779190,0.006421,0.008506,0.010655,0.215912,0.839326,-1.207104,100339.0000
1764073929676614012,2025-11-25 18:02:09.673,0.620645,2.643469,55.834545,0.044693,0.008291,0.977590,0.365899,-0.143200,9.803711,0.012052,0.008620,0.019188,0.218313,0.838382,-1.207125,100337.0000
1764073929776390216,2025-11-25 18:02:09.773,0.640112,2.615655,55.790920,0.044559,0.014155,0.976503,0.439966,0.044471,9.929984,-0.000614,0.005749,0.003501,0.217827,0.838837,-1.208087,100333.0000
1764073929876811623,2025-11-25 18:02:09.873,0.624906,2.555272,55.764320,0.042522,0.014867,0.975214,0.629612,0.060421,9.813658,-0.003091,0.012631,0.000522,0.217821,0.838349,-1.208562,100335.0000
1764073929976322697,2025-11-25 18:02:09.973,0.586754,2.518040,55.763405,0.039278,0.011379,0.976159,0.666857,-0.060319,9.876535,-0.003083,-0.005284,0.001351,0.220725,0.840293,-1.207670,100326.0000
1764073930075783179,2025-11-25 18:02:10.073,0.570720,2.543299,55.779175,0.038208,0.009129,0.978043,0.229871,0.018365,9.633785,-0.003693,-0.007074,-0.005503,0.218319,0.837924,-1.206154,100333.0000
1764073930176558142,2025-11-25 18:02:10.173,0.581241,2.608315,55.815536,0.041000,0.007329,0.979711,0.435878,0.319841,9.767354,0.012914,-0.012096,-0.005679,0.216869,0.837430,-1.206607,100325.0000
1764073930276618716,2025-11-25 18:02:10.273,0.608957,2.683223,55.859463,0.045484,0.008330,0.979366,0.506485,0.015193,9.774804,0.006388,-0.004519,-0.009814,0.215426,0.837423,-1.206586,100333.0000
1764073930377127567,2025-11-25 18:02:10.373,0.639142,2.720884,55.905891,0.048529,0.009168,0.976740,0.617408,-0.078805,9.692945,0.004611,0.005622,-0.001402,0.217364,0.840298,-1.206658,100339.0000
1764073930477064030,2025-11-25 18:02:10.473,0.654579,2.700323,55.947773,0.047184,0.010927,0.975157,0.504741,0.079685,9.707996,-0.001531,0.005116,-0.008882,0.214915,0.835460,-1.208956,100331.0000
1764073930576715364,2025-11-25 18:02:10.573,0.651092,2.639414,55.986538,0.044875,0.011702,0.975583,0.317951,-0.088816,9.798933,0.002619,0.005749,-0.004275,0.215898,0.838818,-1.208541,100336.0000
1764073930676424734,2025-11-25 18:02:10.673,0.630655,2.600335,56.022736,0.039291,0.011430,0.976753,0.637755,0.146662,9.804319,-0.005585,-0.007222,-0.006750,0.213974,0.837396,-1.207527,100336.0000
1764073930776690882,2025-11-25 18:02:10.773,0.600898,2.607641,56.065964,0.039443,0.010552,0.979527,0.296464,-0.145979,9.825512,0.007224,-0.007980,-0.011777,0.212061,0.841189,-1.208520,100333.0000
1764073930876945974,2025-11-25 18:02:10.873,0.573017,2.670013,56.112663,0.043397,0.008471,0.980548,0.636059,0.134667,9.885921,-0.004554,-0.020193,-0.001418,0.213990,0.839795,-1.207082,100333.0000
1764073930976837715,2025-11-25 18:02:10.973,0.569087,2.719155,56.159740,0.048583,0.006321,0.980626,0.537760,-0.074514,9.893223,0.004527,-0.000825,-0.013131,0.212538,0.840236,-1.208512,100333.0000
1764073931076074974,2025-11-25 18:02:11.073,0.574382,2.733758,56.302879,0.049576,0.009176,0.976594,0.596147,0.217411,9.491115,-0.004028,0.002020,-0.041651,0.209641,0.838312,-1.208441,100334.0000
1764073931177169678,2025-11-25 18:02:11.173,0.567919,2.717991,56.665226,0.049460,0.007455,0.976927,0.043618,-0.159072,9.880831,-0.001852,0.001660,-0.080476,0.203903,0.839323,-1.204519,100331.0000
1764073931276498882,2025-11-25 18:02:11.273,0.533581,2.768525,57.286560,0.043807,0.004307,0.972068,-0.075012,0.114672,9.750795,-0.012093,-0.026680,-0.119140,0.195231,0.840199,-1.206331,100333.0000
1764073931376983770,2025-11-25 18:02:11.373,0.466897,2.910927,58.069946,0.053475,-0.001279,0.975595,0.900932,0.449404,9.655235,-0.021879,-0.036827,-0.151880,0.184663,0.841137,-1.204745,100335.0000
1764073931477073196,2025-11-25 18:02:11.473,0.410830,3.051864,58.839294,0.058810,-0.013367,0.977433,0.158788,-0.374656,9.758701,-0.015291,-0.016186,-0.141819,0.173151,0.842122,-1.200737,100333.0000
1764073931576287548,2025-11-25 18:02:11.573,0.389136,3.130350,59.535446,0.063309,-0.014591,0.979474,1.645918,0.001977,10.047029,-0.009986,0.001450,-0.122133,0.164463,0.842957,-1.204475,100335.0000
1764073931676494659,2025-11-25 18:02:11.673,0.413589,3.104199,60.181698,0.058105,-0.014890,0.977408,0.790658,0.146829,9.938511,0.007568,0.020273,-0.112459,0.154846,0.842457,-1.203363,100335.0000
1764073931777637955,2025-11-25 18:02:11.773,0.472923,2.987196,60.783192,0.054317,-0.009788,0.976154,0.148530,-0.125493,9.563231,0.011400,0.021025,-0.097108,0.148125,0.843880,-1.202323,100339.0000
1764073931877560029,2025-11-25 18:02:11.873,0.533190,2.845958,61.363361,0.051380,-0.003973,0.976347,0.606693,-0.054946,9.747231,0.005753,0.017224,-0.107773,0.139934,0.840042,-1.201180,100340.0000
1764073931976646455,2025-11-25 18:02:11.973,0.569480,2.753290,61.920631,0.043244,-0.002049,0.978758,0.210505,-0.135500,9.892334,-0.002884,0.013114,-0.099141,0.135127,0.840976,-1.201124,100328.0000
1764073932078066789,2025-11-25 18:02:12.073,0.581298,2.764176,62.457893,0.038469,0.000635,0.979940,0.785628,0.038649,9.844151,0.001864,-0.005968,-0.087124,0.129826,0.840932,-1.202008,100331.0000
1764073932182504029,2025-11-25 18:02:12.173,0.567107,2.903841,63.028938,0.038246,0.000194,0.978513,-0.113200,-0.212985,9.465784,-0.009220,-0.022714,-0.096529,0.116846,0.839959,-1.199876,100326.0000
1764073932276362307,2025-11-25 18:02:12.273,0.546514,3.098887,63.597095,0.048994,-0.000949,0.978625,0.321518,0.643296,9.875093,-0.001003,-0.028728,-0.103512,0.108653,0.840359,-1.201688,100333.0000
1764073932376410918,2025-11-25 18:02:12.373,0.536184,3.256735,64.121346,0.059264,-0.005520,0.976561,0.188279,-0.521244,9.577209,-0.008439,-0.022636,-0.100121,0.100967,0.838942,-1.199145,100328.0000
1764073932477624659,2025-11-25 18:02:12.473,0.546895,3.285047,64.590134,0.068322,-0.005748,0.977110,0.870582,-0.496502,9.923238,0.001860,-0.001304,-0.077015,0.093740,0.838411,-1.199994,100330.0000
1764073932576052696,2025-11-25 18:02:12.573,0.570508,3.118721,65.019669,0.071628,-0.002294,0.971752,0.796966,0.029799,9.743672,0.005332,0.041759,-0.072518,0.088445,0.837910,-1.199909,100336.0000
1764073932677750066,2025-11-25 18:02:12.673,0.591438,2.811311,65.408745,0.057343,0.002293,0.972872,0.410722,0.444329,9.669846,-0.004497,0.058673,-0.070125,0.086532,0.837932,-1.198436,100338.0000
1764073932777657436,2025-11-25 18:02:12.773,0.596876,2.556288,65.780968,0.034215,0.001113,0.976080,0.094061,0.330036,9.694861,-0.000010,0.031404,-0.062536,0.085070,0.836462,-1.199837,100334.0000
1764073932877762196,2025-11-25 18:02:12.873,0.590054,2.524230,66.137009,0.021685,0.003493,0.981354,0.249945,0.578078,10.017076,-0.008020,-0.019583,-0.067980,0.080719,0.835446,-1.201684,100334.0000
1764073932976354214,2025-11-25 18:02:12.973,0.574895,2.721338,66.480667,0.025071,0.002729,0.985049,0.022127,0.158465,9.541803,-0.010677,-0.053625,-0.059748,0.074503,0.835520,-1.196778,100340.0000
1764073933075939121,2025-11-25 18:02:13.073,0.568528,3.016940,66.795845,0.045168,0.001983,0.985065,1.093571,0.158306,10.141173,-0.014419,-0.051566,-0.061808,0.065820,0.836365,-1.200034,100328.0000
1764073933177254195,2025-11-25 18:02:13.173,0.557733,3.188328,67.102768,0.067749,0.002132,0.978804,1.120708,0.112044,9.946451,-0.005888,-0.009747,-0.063427,0.060532,0.835884,-1.198985,100337.0000
1764073933276991455,2025-11-25 18:02:13.273,0.563834,3.115428,67.427643,0.070751,-0.000515,0.970439,0.466246,0.089646,9.719266,0.004009,0.024485,-0.050696,0.057652,0.834946,-1.197484,100340.0000
1764073933379893417,2025-11-25 18:02:13.373,0.579095,2.869251,67.737801,0.064855,0.002244,0.970789,0.550497,-0.029121,9.720937,0.007303,0.054629,-0.065892,0.054262,0.834402,-1.199834,100331.0000
1764073933475870769,2025-11-25 18:02:13.473,0.580500,2.598806,68.011177,0.044849,0.002834,0.971998,0.144453,0.056064,9.698441,0.002703,0.043072,-0.044482,0.053775,0.833912,-1.200301,100335.0000
1764073933577169251,2025-11-25 18:02:13.573,0.574479,2.465936,68.257774,0.027537,0.004801,0.978559,0.451984,0.128567,9.899528,0.000540,0.012830,-0.043286,0.052322,0.831995,-1.200250,100328.0000
1764073933676212306,2025-11-25 18:02:13.673,0.556832,2.508205,68.495995,0.023510,0.004092,0.983357,0.403510,-0.615549,9.938890,-0.002644,-0.018351,-0.046478,0.046059,0.831947,-1.201120,100330.0000
1764073933777055510,2025-11-25 18:02:13.773,0.538697,2.684924,68.720078,0.033551,0.004831,0.984905,0.792616,-0.125541,10.035607,-0.005362,-0.036569,-0.043093,0.042241,0.829653,-1.195732,100335.0000
1764073933879582362,2025-11-25 18:02:13.873,0.537694,2.851431,68.922112,0.053372,0.002552,0.980568,0.710429,-0.190176,9.936816,0.002160,-0.017401,-0.039091,0.037916,0.831534,-1.196178,100333.0000
1764073933976579658,2025-11-25 18:02:13.973,0.552092,2.862369,69.108200,0.062010,0.003227,0.973270,0.952140,-0.272635,10.022299,-0.002268,0.010593,-0.044751,0.033572,0.831952,-1.198047,100336.0000
1764073934076227658,2025-11-25 18:02:14.073,0.569154,2.738294,69.287781,0.052768,0.005510,0.971514,0.322779,0.408878,9.560428,0.004288,0.031116,-0.034917,0.035004,0.830982,-1.199016,100333.0000
1764073934175678528,2025-11-25 18:02:14.173,0.574368,2.612809,69.464684,0.038069,0.006153,0.975541,-0.100348,0.270713,9.699649,-0.002122,0.015365,-0.032729,0.030677,0.829561,-1.197486,100330.0000
1764073934306963695,2025-11-25 18:02:14.282,0.577487,2.539193,69.650398,0.036151,0.007364,0.980018,0.497867,-0.137660,9.936009,-0.000545,0.007874,-0.036625,0.028238,0.828991,-1.201295,100329.0000
1764073934378558843,2025-11-25 18:02:14.373,0.567726,2.518341,69.864662,0.031544,0.008492,0.978625,0.013289,0.201352,9.709317,-0.009533,-0.011604,-0.039412,0.026312,0.829449,-1.201755,100328.0000
1764073934477968472,2025-11-25 18:02:14.473,0.563017,2.567921,70.104752,0.038330,0.004371,0.980893,0.546637,0.170425,9.867472,0.005601,-0.010518,-0.054487,0.023926,0.828077,-1.198328,100337.0000
1764073934577082583,2025-11-25 18:02:14.573,0.573498,2.614666,70.337738,0.045644,0.002235,0.978723,0.528344,-0.215293,9.608650,-0.003434,-0.008647,-0.040686,0.019112,0.828990,-1.199234,100331.0000
1764073934692460361,2025-11-25 18:02:14.675,0.586274,2.604008,70.547829,0.046438,0.005643,0.975669,0.409153,0.541184,9.914492,-0.000448,0.010624,-0.023572,0.014781,0.828026,-1.198674,100331.0000
1764073934801815935,2025-11-25 18:02:14.783,0.593534,2.536202,70.734451,0.043785,0.006898,0.974585,0.522611,-0.175737,9.699962,-0.004339,0.013320,-0.039427,0.013350,0.828995,-1.197704,100330.0000
1764073934894922491,2025-11-25 18:02:14.879,0.606210,2.484205,70.918633,0.036421,0.003702,0.977867,0.421978,0.269650,9.995675,0.000524,0.006392,-0.039913,0.011908,0.827108,-1.196210,100333.0000
1764073934980039268,2025-11-25 18:02:14.975,0.631151,2.485296,71.105034,0.033178,0.005854,0.980932,0.382837,0.414706,9.921735,0.005648,-0.004440,-0.042249,0.009952,0.826073,-1.199536,100337.0000
1764073935076119935,2025-11-25 18:02:15.072,0.653461,2.527850,71.282845,0.034375,0.007869,0.980774,0.355547,0.078949,9.845197,0.001026,-0.007162,-0.033459,0.006106,0.823708,-1.197517,100337.0000
1764073935181463120,2025-11-25 18:02:15.173,0.651178,2.583694,71.467010,0.040723,0.010649,0.976984,0.204720,-0.411393,9.312507,-0.006901,-0.015293,-0.024634,0.002251,0.823203,-1.197934,100329.0000
1764073935280169027,2025-11-25 18:02:15.273,0.613425,2.627941,71.626823,0.048383,0.010201,0.977006,0.505174,0.268580,9.931033,-0.012858,-0.001910,-0.029184,-0.000141,0.823700,-1.196462,100335.0000
1764073935380605398,2025-11-25 18:02:15.373,0.565644,2.591722,71.768692,0.052882,0.006939,0.974103,0.479258,-0.069022,9.769228,-0.007127,0.014873,-0.021912,-0.001593,0.820371,-1.195426,100334.0000
1764073935481010638,2025-11-25 18:02:15.473,0.538212,2.477708,71.929657,0.045942,0.003336,0.976484,0.459408,-0.099723,9.859760,0.001251,0.030047,-0.028135,-0.003042,0.821766,-1.196871,100333.0000
1764073935584719453,2025-11-25 18:02:15.576,0.548389,2.375446,72.103973,0.033314,0.002477,0.978218,0.300043,-0.104236,9.797747,0.006249,0.011181,-0.033891,-0.007394,0.821218,-1.199207,100332.0000
1764073935691372286,2025-11-25 18:02:15.676,0.678376,2.947230,74.012604,-1.267716,0.402556,0.780575,-49.938164,-5.195328,-1.634523,0.023773,-1.358320,-1.832030,-0.024709,0.816913,-1.195515,100331.0000
1764073935785927157,2025-11-25 18:02:15.773,-0.570616,4.125241,75.607262,0.132429,-0.240605,1.091982,-7.340903,-5.233909,6.057856,-0.071892,-0.703711,-0.203149,-0.064478,0.818117,-1.174721,100330.0000
1764073935878027453,2025-11-25 18:02:15.874,-0.631883,5.790192,76.396873,0.333812,-0.109392,1.065116,-2.753273,-0.203287,8.541073,-0.029750,-0.460574,-0.057758,-0.091872,0.816663,-1.169480,100331.0000
1764073935983948508,2025-11-25 18:02:15.973,-0.115311,7.320218,76.527740,0.089483,-0.051408,0.953949,-17.834837,-5.023885,5.441909,0.117063,-0.570619,-0.437626,-0.104880,0.808545,-1.166275,100337.0000
1764073936115666657,2025-11-25 18:02:16.084,0.977804,8.018375,78.250504,0.103097,-0.002567,0.982392,-0.180288,1.769950,7.132803,0.132163,-0.523838,-0.282730,-0.134393,0.795728,-1.178167,100332.0000
1764073936179379342,2025-11-25 18:02:16.176,1.895761,8.436948,80.284142,0.260288,0.085256,0.990102,-3.687641,6.531258,8.947337,0.011008,0.241912,-0.291003,-0.164341,0.776904,-1.180329,100331.0000
1764073936279730231,2025-11-25 18:02:16.273,2.049199,9.076776,82.071892,0.176528,0.081755,0.970739,2.138788,3.023223,9.987926,-0.134337,0.084332,-0.377933,-0.188391,0.768330,-1.173583,100328.0000
1764073936388628897,2025-11-25 18:02:16.374,1.788376,9.345189,84.474632,0.224625,0.043963,0.966591,0.500834,-1.342935,8.569414,-0.122353,0.005125,-0.468514,-0.220612,0.756914,-1.163785,100333.0000
1764073936475616749,2025-11-25 18:02:16.473,1.164117,9.221794,87.062386,0.222673,0.061330,0.950827,1.411162,2.011870,8.731681,-0.211848,0.067286,-0.456066,-0.248001,0.748874,-1.153627,100332.0000
1764073936578795656,2025-11-25 18:02:16.575,0.508213,8.876338,89.772133,0.070842,-0.033154,0.964291,-8.097102,-3.375743,11.257769,-0.131344,0.012939,-0.277408,-0.277347,0.735084,-1.143835,100335.0000
1764073936676927675,2025-11-25 18:02:16.673,0.116326,9.873803,90.173943,-0.050583,-0.081313,0.946939,5.278863,2.311900,9.919683,0.088060,-0.232126,-0.009685,-0.289731,0.734886,-1.127757,100333.0000
1764073936777390712,2025-11-25 18:02:16.773,-0.069886,10.492286,90.651176,0.209460,-0.022553,0.987336,-0.309523,-0.889224,9.745816,0.093559,-0.009834,-0.129333,-0.300248,0.736435,-1.119920,100337.0000
1764073936876396656,2025-11-25 18:02:16.873,0.185612,10.524627,91.639702,0.183889,-0.048918,0.987598,2.410933,1.533838,9.821776,0.084338,0.007317,-0.197267,-0.308958,0.727310,-1.120135,100336.0000
1764073936978582934,2025-11-25 18:02:16.973,0.580589,10.396991,92.605637,0.201192,-0.004455,0.968985,-0.049636,-1.162446,10.635613,-0.022712,-0.103851,-0.136239,-0.318214,0.714239,-1.126060,100334.0000
1764073937079581526,2025-11-25 18:02:17.073,0.895908,10.375455,93.259140,0.152883,-0.015836,0.950757,5.162594,1.602447,11.311504,0.027606,-0.045421,-0.076727,-0.326949,0.705520,-1.129651,100332.0000
1764073937176997786,2025-11-25 18:02:17.173,0.930669,10.500472,93.536194,0.202661,0.022295,0.957560,3.894940,1.971545,10.912099,-0.025721,0.002993,-0.005615,-0.331737,0.706505,-1.127187,100320.0000
1764073937282194860,2025-11-25 18:02:17.276,0.872778,10.469507,93.531158,0.213095,0.014515,0.957238,3.066462,-1.102879,10.195473,-0.078989,0.034253,0.033125,-0.332216,0.704623,-1.125707,100333.0000
1764073937378291934,2025-11-25 18:02:17.373,0.739082,10.299739,93.243462,0.190816,0.001202,0.954043,0.751275,0.217506,10.040305,-0.025668,0.103591,0.075864,-0.327867,0.709876,-1.126814,100333.0000
1764073937477351637,2025-11-25 18:02:17.473,0.481664,10.434960,92.662224,0.166253,-0.004590,0.961616,0.219623,-1.367095,9.292689,0.057925,0.148803,0.066637,-0.325902,0.713290,-1.124006,100335.0000
1764073937576259711,2025-11-25 18:02:17.573,0.474716,10.457313,91.978180,0.174633,-0.006115,0.969945,0.648813,-0.116921,9.488140,0.002388,-0.000762,0.174899,-0.316261,0.718567,-1.125191,100328.0000
1764073937676208119,2025-11-25 18:02:17.673,0.571267,10.437240,91.241669,0.111099,-0.012174,0.966182,2.398995,-0.382050,9.701141,0.053372,0.033371,0.123002,-0.308562,0.724730,-1.129251,100333.0000
1764073937780014637,2025-11-25 18:02:17.773,0.664988,10.443695,90.343880,0.148166,-0.007882,0.966023,-0.105018,-0.159644,9.496254,0.075206,-0.070486,0.198714,-0.296992,0.732384,-1.131465,100332.0000
1764073937879513081,2025-11-25 18:02:17.873,0.842787,10.317701,89.279579,0.180482,0.017365,0.973643,4.305845,2.150521,10.496793,0.051040,-0.026488,0.174380,-0.285481,0.734224,-1.137441,100333.0000
1764073937976621655,2025-11-25 18:02:17.973,0.910008,10.171816,88.013748,0.193943,0.015850,0.968579,0.115953,-1.047143,8.633383,0.069136,0.025617,0.229375,-0.270045,0.742881,-1.138282,100332.0000
1764073938075753211,2025-11-25 18:02:18.073,0.892393,9.912817,86.675133,0.201192,0.039826,0.968308,5.129254,1.737513,10.390575,0.017621,0.044505,0.241304,-0.253220,0.751402,-1.145883,100337.0000
1764073938176780711,2025-11-25 18:02:18.173,0.737848,9.969064,85.808914,0.082407,0.059932,0.975040,8.901711,1.306538,12.323396,-0.042404,0.126350,0.064499,-0.245014,0.756694,-1.146085,100329.0000
1764073938277232859,2025-11-25 18:02:18.273,0.358967,10.140272,86.125183,0.154771,0.053516,0.945116,-1.648412,-0.412624,8.776991,-0.069909,0.023255,-0.011473,-0.249307,0.755831,-1.140711,100334.0000
1764073938376763211,2025-11-25 18:02:18.373,0.051180,10.300873,85.915581,0.164769,-0.029297,0.941017,0.597553,-0.325449,8.942758,0.028264,-0.008608,-0.025580,-0.246813,0.762672,-1.134110,100331.0000
1764073938476688711,2025-11-25 18:02:18.473,0.079979,10.691351,86.018387,0.168038,0.000108,0.970812,2.268467,1.945325,9.792546,0.050487,-0.022687,0.001195,-0.252589,0.760756,-1.133032,100336.0000
1764073938576460618,2025-11-25 18:02:18.573,0.236256,10.759531,85.995010,0.214331,0.019060,0.982273,2.595001,1.031902,9.320289,0.024393,0.033495,-0.010008,-0.249196,0.762722,-1.131186,100329.0000
1764073938676723062,2025-11-25 18:02:18.673,0.214956,10.556059,86.017021,0.198913,0.018059,0.988180,2.448346,0.884485,10.151962,0.009991,0.081914,-0.059562,-0.250634,0.764616,-1.131675,100329.0000
1764073938776907544,2025-11-25 18:02:18.773,0.271942,10.082562,86.007034,0.187354,0.001882,0.978699,0.223184,0.448378,8.722801,0.024412,0.126414,-0.030539,-0.245372,0.764558,-1.135604,100325.0000
1764073938876876210,2025-11-25 18:02:18.873,0.243328,9.447319,86.008057,0.176554,0.003938,0.968545,1.092540,-0.226338,9.518893,0.007369,0.124587,-0.005187,-0.240615,0.763492,-1.141919,100332.0000
1764073938979610970,2025-11-25 18:02:18.973,0.476268,8.702113,86.007996,0.172579,-0.022899,0.955352,2.052084,0.340041,9.461263,0.073830,0.160233,0.002623,-0.234900,0.761007,-1.147744,100332.0000
1764073939075968173,2025-11-25 18:02:19.073,0.851125,7.293501,86.017105,0.232352,0.017375,0.935954,2.609221,0.432429,9.741148,0.055519,0.358567,-0.003711,-0.223487,0.757877,-1.162794,100334.0000
1764073939177773470,2025-11-25 18:02:19.173,1.033538,4.224971,85.975349,0.255527,0.042478,0.936719,1.604640,0.621460,9.424888,-0.000683,0.654279,-0.007035,-0.196239,0.757532,-1.185343,100332.0000
1764073939276971025,2025-11-25 18:02:19.273,0.873464,0.086705,85.926208,0.084848,0.041774,0.958416,-0.354811,0.192431,9.837767,-0.055290,0.695013,-0.011808,-0.159372,0.757219,-1.208516,100332.0000
1764073939376805914,2025-11-25 18:02:19.373,0.477928,-3.143357,85.978546,-0.132719,0.022327,0.983205,-2.237694,0.018405,9.858970,-0.071625,0.382671,-0.015576,-0.124832,0.760402,-1.224002,100330.0000
1764073939477037451,2025-11-25 18:02:19.473,0.103566,-3.969255,86.135307,-0.249907,-0.001600,0.985051,-2.318146,-0.031512,9.844528,-0.044101,-0.077113,-0.030607,-0.117597,0.763311,-1.223671,100330.0000
1764073939576676062,2025-11-25 18:02:19.573,0.003831,-2.346685,86.328621,-0.208976,-0.021846,0.960437,-1.311818,-0.349117,9.450815,0.013946,-0.427738,-0.034520,-0.134332,0.764456,-1.210921,100327.0000
1764073939676473969,2025-11-25 18:02:19.673,0.207577,0.524984,86.485161,-0.081962,-0.002128,0.930492,0.104389,0.621932,9.257261,0.016055,-0.497028,-0.013258,-0.165055,0.761676,-1.199831,100335.0000
1764073939776861636,2025-11-25 18:02:19.773,0.453878,2.735351,86.395111,0.079250,-0.012106,0.951504,2.143299,-0.330399,9.872813,0.041050,-0.319469,0.040579,-0.183739,0.760860,-1.188949,100334.0000
1764073939877010006,2025-11-25 18:02:19.873,0.676517,3.807946,86.294876,0.151592,0.017058,0.980574,2.281389,0.571348,10.120949,0.032017,-0.064582,0.018662,-0.194768,0.757610,-1.181994,100328.0000
1764073939977164969,2025-11-25 18:02:19.973,0.700137,3.571330,86.332687,0.156114,0.037327,1.000827,1.494061,0.634504,10.047616,-0.030401,0.164058,-0.030735,-0.193836,0.757065,-1.185371,100334.0000
1764073940075843562,2025-11-25 18:02:20.073,0.493713,2.365320,86.495628,0.110947,0.027945,1.005207,0.413728,0.079831,9.833800,-0.057225,0.281036,-0.043765,-0.184739,0.757928,-1.191779,100330.0000
1764073940176871191,2025-11-25 18:02:20.173,0.219014,0.808657,86.705925,0.038177,0.007292,0.995858,-0.530984,-0.024320,9.699349,-0.040786,0.272067,-0.038732,-0.172247,0.761237,-1.196348,100332.0000
1764073940277437450,2025-11-25 18:02:20.273,0.075644,-0.479556,86.893349,-0.028134,-0.007709,0.979099,-1.074632,-0.184835,9.518964,0.000266,0.167323,-0.028544,-0.160270,0.759268,-1.201791,100332.0000
1764073940376461969,2025-11-25 18:02:20.373,0.155935,-1.078999,87.027870,-0.064006,-0.008507,0.965145,-0.817965,0.102217,9.557759,0.042770,0.013845,-0.018373,-0.157909,0.761047,-1.208595,100334.0000
1764073940476793432,2025-11-25 18:02:20.473,0.417537,-0.893702,87.111641,-0.064019,-0.003135,0.957837,-0.245496,-0.047628,9.697027,0.056333,-0.104369,-0.013556,-0.160341,0.755781,-1.208479,100329.0000
1764073940576540821,2025-11-25 18:02:20.573,0.698999,-0.164309,87.210960,-0.035674,0.009613,0.959705,0.309059,0.125068,9.781262,0.048684,-0.160959,-0.016527,-0.167094,0.752408,-1.208328,100335.0000
1764073940677111191,2025-11-25 18:02:20.673,0.823071,0.742378,87.379929,0.002866,0.027085,0.968109,0.613706,0.462377,9.845227,0.006510,-0.146946,-0.033906,-0.180074,0.747664,-1.203731,100331.0000
1764073940776462450,2025-11-25 18:02:20.773,0.736779,1.526321,87.591484,0.037488,0.029372,0.977159,0.653883,0.227430,9.826104,-0.024579,-0.094625,-0.035546,-0.188673,0.750146,-1.197381,100335.0000
1764073940876216469,2025-11-25 18:02:20.872,0.539192,1.951460,87.768997,0.061609,0.016723,0.985158,0.478240,0.006963,9.842196,-0.038685,-0.026010,-0.028728,-0.194404,0.750232,-1.192001,100326.0000
1764073940976952635,2025-11-25 18:02:20.973,0.385210,1.915611,87.888214,0.070378,0.004538,0.990578,0.410894,-0.125619,9.843874,-0.011740,0.041504,-0.014053,-0.195836,0.748844,-1.189551,100329.0000
1764073941076071950,2025-11-25 18:02:21.072,0.353467,1.454788,87.974243,0.061595,0.003539,0.992674,0.233220,0.153760,9.833458,0.004789,0.096011,-0.011993,-0.192979,0.749720,-1.193940,100333.0000
1764073941176554468,2025-11-25 18:02:21.173,0.406525,0.743961,88.068619,0.036114,0.006076,0.990201,0.130389,0.055924,9.903800,0.009452,0.116324,-0.025978,-0.190131,0.747274,-1.197316,100331.0000
1764073941276807802,2025-11-25 18:02:21.273,0.461153,0.049384,88.196098,0.004021,0.010104,0.981249,0.101474,0.091133,9.859158,0.004218,0.096108,-0.024219,-0.182957,0.748606,-1.203703,100331.0000
1764073941376495357,2025-11-25 18:02:21.373,0.448337,-0.366669,88.360703,-0.022419,0.013203,0.970611,-0.065906,0.210556,9.807525,-0.006543,0.038926,-0.033792,-0.181537,0.747606,-1.206116,100331.0000
1764073941477066968,2025-11-25 18:02:21.473,0.379347,-0.355468,88.520477,-0.033825,0.010463,0.962312,-0.164215,-0.010759,9.649697,-0.018167,-0.028767,-0.028406,-0.184430,0.743335,-1.204082,100335.0000
1764073941576783653,2025-11-25 18:02:21.573,0.322974,0.030529,88.635445,-0.026318,0.003630,0.961693,-0.212724,0.050593,9.624545,0.000393,-0.085487,-0.014410,-0.186341,0.745247,-1.203602,100333.0000
1764073941676461301,2025-11-25 18:02:21.673,0.360419,0.618956,88.690392,-0.002747,0.000923,0.968523,-0.071781,-0.103823,9.657872,0.015523,-0.100757,-0.008362,-0.192556,0.744854,-1.198206,100323.0000
1764073941776641320,2025-11-25 18:02:21.773,0.496010,1.148684,88.729538,0.027657,0.006031,0.979174,0.233321,0.126376,9.769024,0.029186,-0.079774,-0.008833,-0.200720,0.744858,-1.196160,100327.0000
1764073941876774172,2025-11-25 18:02:21.873,0.646380,1.409762,88.810394,0.051357,0.016624,0.988889,0.519512,0.185197,9.922853,0.021624,-0.022940,-0.019509,-0.202188,0.740075,-1.196066,100339.0000
1764073941976444653,2025-11-25 18:02:21.973,0.704883,1.303163,88.929207,0.057283,0.025505,0.992278,0.607780,0.235019,9.950273,0.002567,0.038540,-0.020586,-0.204619,0.739525,-1.198911,100335.0000
1764073942076828431,2025-11-25 18:02:22.073,0.604259,0.888449,89.068314,0.043435,0.024799,0.989666,0.457308,0.219645,9.967593,-0.027554,0.085208,-0.028123,-0.200305,0.738559,-1.200404,100330.0000
1764073942176810227,2025-11-25 18:02:22.173,0.393768,0.362678,89.217018,0.016261,0.013123,0.982795,0.126991,-0.009886,9.832193,-0.035728,0.090130,-0.026840,-0.198875,0.739002,-1.202359,100332.0000
1764073942277001597,2025-11-25 18:02:22.273,0.209722,-0.027856,89.331253,-0.011237,-0.001438,0.975300,-0.241902,0.003698,9.695390,-0.023622,0.050435,-0.014117,-0.196931,0.740474,-1.200965,100330.0000
1764073942376726449,2025-11-25 18:02:22.373,0.194467,-0.123721,89.377647,-0.024527,-0.009660,0.972037,-0.307612,-0.091202,9.726213,0.019559,-0.003588,-0.006903,-0.195964,0.743792,-1.202475,100333.0000
1764073942477069079,2025-11-25 18:02:22.473,0.369135,0.055022,89.365379,-0.023017,-0.005814,0.970583,-0.410782,-0.057095,9.596186,0.046570,-0.052075,0.007085,-0.197880,0.740978,-1.199514,100327.0000
1764073942577045616,2025-11-25 18:02:22.573,0.638513,0.421310,89.340103,-0.007139,0.009569,0.971348,0.001961,0.232135,9.699629,0.046470,-0.073275,0.001961,-0.199358,0.738522,-1.202344,100331.0000
1764073942676657986,2025-11-25 18:02:22.673,0.816710,0.790029,89.335251,0.015174,0.027090,0.974683,0.267499,0.376082,9.757766,0.014812,-0.061293,-0.001607,-0.203244,0.735110,-1.204643,100332.0000
1764073942776543856,2025-11-25 18:02:22.773,0.780133,0.985993,89.360008,0.033902,0.034028,0.978117,0.446586,0.358155,9.806303,-0.024808,-0.016230,-0.006905,-0.207061,0.736119,-1.201231,100333.0000
1764073942877018912,2025-11-25 18:02:22.873,0.536917,0.936943,89.395370,0.040527,0.027145,0.980691,0.563609,0.152561,9.894035,-0.053623,0.027592,-0.008850,-0.207501,0.740467,-1.198883,100325.0000
1764073942976740004,2025-11-25 18:02:22.973,0.234382,0.683307,89.393311,0.032289,0.009382,0.983813,0.269122,-0.007544,9.944484,-0.046623,0.059217,0.001484,-0.204102,0.740564,-1.195082,100327.0000
1764073943076140893,2025-11-25 18:02:23.073,0.041548,0.360156,89.329071,0.014964,-0.009069,0.984704,0.021044,-0.096903,9.804801,-0.015011,0.060374,0.011402,-0.201228,0.743372,-1.198538,100331.0000
1764073943176973004,2025-11-25 18:02:23.173,0.077510,0.120373,89.223747,-0.002225,-0.015225,0.982958,-0.160361,-0.077403,9.741347,0.030762,0.033298,0.021237,-0.194022,0.741961,-1.199104,100329.0000
1764073943277198634,2025-11-25 18:02:23.273,0.312987,0.077126,89.128014,-0.011438,-0.006894,0.978409,-0.175449,0.036696,9.768173,0.047152,-0.014126,0.009364,-0.197400,0.743806,-1.201491,100332.0000
1764073943376453356,2025-11-25 18:02:23.373,0.612576,0.244276,89.078804,-0.007123,0.010367,0.973222,-0.003351,0.132916,9.708788,0.053385,-0.051954,0.006461,-0.196004,0.738029,-1.203831,100335.0000
1764073943475950615,2025-11-25 18:02:23.473,0.792988,0.532954,89.085114,0.006473,0.027447,0.970947,0.214884,0.407293,9.748117,0.013606,-0.056373,-0.001927,-0.199365,0.739447,-1.203803,100334.0000
1764073943576530060,2025-11-25 18:02:23.573,0.765423,0.777597,89.104393,0.022833,0.031697,0.972607,0.395438,0.187624,9.791956,-0.022186,-0.038338,-0.006285,-0.203219,0.738474,-1.203731,100337.0000
1764073943676556263,2025-11-25 18:02:23.673,0.561612,0.884485,89.116402,0.032566,0.024357,0.977887,0.408044,0.147465,9.825120,-0.039138,0.000673,0.001462,-0.205590,0.740913,-1.200844,100333.0000
1764073943776832022,2025-11-25 18:02:23.773,0.322844,0.828273,89.109962,0.031969,0.009724,0.983462,0.287810,-0.012752,9.878088,-0.036343,0.021877,0.001448,-0.204122,0.741926,-1.198473,100333.0000
1764073943876005319,2025-11-25 18:02:23.873,0.191387,0.666998,89.075623,0.023909,-0.003085,0.986543,0.165865,-0.078467,9.847306,-0.005610,0.032301,0.007448,-0.202158,0.742981,-1.194184,100333.0000
1764073943976797189,2025-11-25 18:02:23.972,0.209942,0.494942,89.035637,0.012297,-0.006259,0.985306,-0.039609,0.007522,9.803680,0.015602,0.024624,0.003360,-0.198833,0.741939,-1.199033,100338.0000
1764073944075359485,2025-11-25 18:02:24.072,0.346754,0.413589,89.027374,0.005172,0.000204,0.980233,0.000117,0.019507,9.761777,0.033270,0.002523,0.000281,-0.199304,0.741023,-1.197086,100333.0000
1764073944176901930,2025-11-25 18:02:24.173,0.493881,0.438398,89.080093,0.006077,0.010980,0.974604,-0.117853,0.323705,9.614856,0.020089,-0.012385,-0.010926,-0.201255,0.739530,-1.199442,100332.0000
1764073944277012911,2025-11-25 18:02:24.273,0.567956,0.491706,89.145241,0.015319,0.017286,0.973090,0.258704,0.133941,9.795638,0.011676,-0.013495,-0.009912,-0.200313,0.739951,-1.202352,100329.0000
1764073944376502466,2025-11-25 18:02:24.373,0.555501,0.500007,89.193428,0.022135,0.018890,0.973224,0.361529,0.151078,9.804528,-0.005363,0.005074,-0.006724,-0.198374,0.737642,-1.198974,100328.0000
1764073944476733929,2025-11-25 18:02:24.473,0.484022,0.428679,89.216637,0.021145,0.015914,0.976386,0.204385,0.138129,9.833032,-0.016557,0.015047,-0.009547,-0.200322,0.736627,-1.201338,100325.0000
1764073944576184411,2025-11-25 18:02:24.573,0.396595,0.332446,89.214767,0.012408,0.008935,0.979196,0.015465,-0.065186,9.756639,-0.012313,0.012231,0.003912,-0.199820,0.738571,-1.199930,100336.0000
1764073944676566966,2025-11-25 18:02:24.673,0.355225,0.309967,89.201195,0.002807,0.005500,0.981025,-0.068353,0.134088,9.787983,-0.005399,-0.005852,0.000212,-0.200294,0.740002,-1.199945,100329.0000
1764073944776816503,2025-11-25 18:02:24.773,0.374890,0.421609,89.210831,0.000264,0.004629,0.980777,-0.018729,0.006069,9.784486,0.010272,-0.032109,-0.005233,-0.203653,0.739539,-1.198444,100335.0000
1764073944877472948,2025-11-25 18:02:24.873,0.432623,0.634091,89.268280,0.009675,0.006942,0.979394,0.138977,0.151559,9.772701,0.011369,-0.043131,-0.011814,-0.205105,0.740925,-1.200370,100329.0000
1764073944976836688,2025-11-25 18:02:24.973,0.480908,0.819940,89.353951,0.025663,0.010673,0.978434,0.460877,0.140459,9.831686,0.014791,-0.031423,-0.015948,-0.206552,0.738551,-1.199349,100331.0000
1764073945075470947,2025-11-25 18:02:25.072,0.488551,0.853078,89.440300,0.035994,0.014676,0.977683,0.456282,0.191419,9.770885,-0.007148,0.014987,-0.010169,-0.207023,0.737634,-1.197402,100337.0000
1764073945177426355,2025-11-25 18:02:25.173,0.439159,0.686170,89.494812,0.034500,0.014476,0.979621,0.347864,0.114100,9.848476,-0.006415,0.041227,-0.010007,-0.208017,0.736603,-1.200743,100339.0000
1764073945278206003,2025-11-25 18:02:25.273,0.372529,0.394251,89.497871,0.020724,0.011106,0.979820,0.122900,0.012062,9.790009,-0.013190,0.054576,0.001274,-0.206551,0.739496,-1.199845,100333.0000
1764073945377347947,2025-11-25 18:02:25.373,0.337322,0.142935,89.481346,0.002500,0.007300,0.979380,-0.213524,0.118316,9.764613,0.000287,0.032187,0.002837,-0.202243,0.738986,-1.202309,100334.0000
1764073945476980355,2025-11-25 18:02:25.473,0.345575,0.078243,89.491287,-0.008095,0.004899,0.977704,-0.100306,-0.012446,9.726695,0.005056,-0.008611,-0.007524,-0.202717,0.739472,-1.201828,100337.0000
1764073945576438262,2025-11-25 18:02:25.573,0.401436,0.228981,89.544052,-0.006061,0.005663,0.975973,-0.042178,0.135243,9.727134,0.015120,-0.043228,-0.013460,-0.204654,0.737075,-1.201763,100331.0000
1764073945675984206,2025-11-25 18:02:25.673,0.470869,0.504108,89.632568,0.007764,0.008020,0.975790,0.149072,0.076318,9.777895,0.009071,-0.052895,-0.015066,-0.206072,0.736195,-1.197875,100333.0000
1764073945776531058,2025-11-25 18:02:25.773,0.524233,0.726189,89.700684,0.024372,0.011858,0.977303,0.343021,0.165468,9.785646,0.005601,-0.026358,-0.007132,-0.210890,0.737098,-1.199264,100331.0000
1764073945876637743,2025-11-25 18:02:25.873,0.530093,0.768692,89.726151,0.032869,0.015877,0.979291,0.314437,0.185891,9.812809,-0.000551,0.010091,-0.002404,-0.210415,0.734255,-1.198264,100331.0000
1764073945982061706,2025-11-25 18:02:25.973,0.481320,0.632610,89.721382,0.029531,0.016398,0.981103,0.154409,0.078300,9.805175,-0.014718,0.035463,0.002792,-0.212820,0.732831,-1.197244,100339.0000
1764073946075469484,2025-11-25 18:02:26.072,0.394895,0.398948,89.709328,0.018013,0.013989,0.980606,0.052380,0.212442,9.804830,-0.013246,0.039735,-0.000947,-0.207046,0.737573,-1.200290,100329.0000
1764073946176904854,2025-11-25 18:02:26.173,0.309820,0.192713,89.685852,0.004465,0.009101,0.979563,-0.060422,-0.011018,9.816444,-0.011614,0.029695,0.005329,-0.205604,0.738047,-1.200800,100333.0000
1764073946276408465,2025-11-25 18:02:26.273,0.264751,0.115882,89.654274,-0.005757,0.004902,0.977117,-0.090357,0.091390,9.707692,-0.001956,-0.005414,0.005186,-0.205603,0.737579,-1.200312,100334.0000
1764073946377055336,2025-11-25 18:02:26.373,0.280389,0.220976,89.639931,-0.006821,0.001269,0.977248,-0.039498,-0.044247,9.785765,0.009109,-0.035065,-0.000060,-0.206558,0.738063,-1.199823,100331.0000
1764073946476451854,2025-11-25 18:02:26.473,0.358196,0.448531,89.633400,0.003987,0.001743,0.978094,0.103999,-0.008071,9.772223,0.022521,-0.043819,0.005780,-0.208005,0.735221,-1.198314,100336.0000
1764073946577060317,2025-11-25 18:02:26.573,0.464490,0.664914,89.611412,0.019503,0.006671,0.978737,0.333484,0.143646,9.838375,0.016811,-0.026915,0.005021,-0.208954,0.737138,-1.197847,100335.0000
1764073946676207484,2025-11-25 18:02:26.673,0.554125,0.733098,89.557152,0.032235,0.013838,0.979371,0.316938,0.131117,9.720065,0.012152,0.007700,0.010548,-0.209950,0.734216,-1.200196,100341.0000
1764073946776825891,2025-11-25 18:02:26.773,0.579402,0.611071,89.474228,0.032034,0.019653,0.979126,0.220296,0.298680,9.790670,-0.000796,0.034356,0.012595,-0.207067,0.735631,-1.201705,100329.0000
1764073946876817632,2025-11-25 18:02:26.873,0.528147,0.386690,89.390533,0.020261,0.019844,0.978199,0.107232,0.096039,9.802052,-0.008850,0.039645,0.013458,-0.203199,0.737113,-1.200340,100330.0000
1764073946976218409,2025-11-25 18:02:26.973,0.422506,0.209822,89.325119,0.003750,0.014846,0.977612,-0.098814,0.126387,9.738136,-0.021477,0.018917,0.011765,-0.202713,0.738070,-1.200361,100336.0000
1764073947075536446,2025-11-25 18:02:27.072,0.320544,0.193775,89.282661,-0.005242,0.007838,0.977921,-0.043807,0.052918,9.792348,-0.009304,-0.013724,0.002371,-0.202232,0.735714,-1.198888,100331.0000
1764073947177105354,2025-11-25 18:02:27.173,0.258428,0.360639,89.256676,-0.001713,0.002312,0.978558,0.065467,-0.005103,9.775497,-0.005957,-0.041153,0.004694,-0.203692,0.738492,-1.202762,100335.0000
1764073947276715280,2025-11-25 18:02:27.273,0.262024,0.621531,89.227074,0.011660,0.001033,0.979376,0.230827,0.078450,9.815343,0.004494,-0.043781,0.002763,-0.205588,0.736675,-1.197890,100332.0000
1764073947376405002,2025-11-25 18:02:27.373,0.321239,0.815364,89.182671,0.027495,0.002771,0.979727,0.403978,-0.015349,9.810616,0.018070,-0.018375,0.009547,-0.208903,0.739628,-1.193070,100329.0000
1764073947476817131,2025-11-25 18:02:27.473,0.406940,0.838823,89.117661,0.035772,0.008716,0.979521,0.315881,0.197371,9.775296,0.010638,0.011674,0.009631,-0.208458,0.738593,-1.196914,100333.0000
1764073947576587853,2025-11-25 18:02:27.573,0.477453,0.670690,89.053749,0.033294,0.014265,0.978826,0.264505,0.135980,9.784460,0.010575,0.043427,0.007495,-0.204629,0.736669,-1.198386,100337.0000
1764073947676663853,2025-11-25 18:02:27.673,0.498750,0.396633,89.014145,0.022173,0.017666,0.977767,0.112036,0.185199,9.748811,0.002590,0.050079,0.005440,-0.204164,0.738043,-1.201303,100330.0000
1764073947775966020,2025-11-25 18:02:27.773,0.460932,0.156817,89.012413,0.008376,0.017425,0.976938,-0.005342,0.177985,9.793302,-0.007184,0.032410,-0.007720,-0.197916,0.737583,-1.201870,100329.0000
1764073947876381501,2025-11-25 18:02:27.873,0.374867,0.051526,89.027184,-0.002080,0.012764,0.977416,-0.028548,0.033493,9.789163,-0.018085,0.003205,-0.002636,-0.199845,0.738977,-1.203307,100331.0000
1764073947976595594,2025-11-25 18:02:27.973,0.292274,0.131730,89.029640,-0.004993,0.007379,0.978244,-0.030501,0.134722,9.769770,-0.005433,-0.027558,0.002005,-0.200303,0.739036,-1.200412,100337.0000
1764073948075358298,2025-11-25 18:02:28.072,0.246520,0.351183,88.990974,0.001056,0.001816,0.979121,0.118303,-0.057243,9.796581,0.000628,-0.044860,0.010598,-0.201734,0.741418,-1.200427,100331.0000
1764073948177838686,2025-11-25 18:02:28.173,0.268609,0.614555,88.921951,0.012806,0.001153,0.978539,0.192340,0.058290,9.769399,0.008865,-0.042654,0.015008,-0.203176,0.738586,-1.198436,100333.0000
1764073948277133409,2025-11-25 18:02:28.273,0.353681,0.812597,88.867783,0.025762,0.004745,0.978233,0.345835,0.051329,9.799852,0.024590,-0.023155,0.002557,-0.203652,0.738127,-1.197459,100332.0000
1764073948376780149,2025-11-25 18:02:28.373,0.457029,0.855164,88.854195,0.033743,0.010468,0.978829,0.326666,0.114812,9.752160,0.017134,0.007328,0.001636,-0.204121,0.741458,-1.197984,100335.0000
1764073948475521538,2025-11-25 18:02:28.472,0.529999,0.717454,88.875008,0.033730,0.016251,0.980044,0.260619,0.247818,9.802914,0.009953,0.036814,-0.006223,-0.205600,0.738057,-1.200319,100336.0000
1764073948576743779,2025-11-25 18:02:28.573,0.533134,0.454361,88.902939,0.024611,0.018459,0.980474,0.187992,0.098675,9.812696,-0.006627,0.048448,-0.005570,-0.201761,0.737576,-1.201331,100336.0000
1764073948677019834,2025-11-25 18:02:28.673,0.466347,0.192325,88.924721,0.011001,0.017079,0.979724,0.027368,0.212017,9.770678,-0.015981,0.040472,0.000847,-0.198878,0.737579,-1.201856,100331.0000
1764073948776875205,2025-11-25 18:02:28.773,0.357136,0.044024,88.922714,-0.000848,0.011707,0.978618,-0.026156,0.034201,9.808281,-0.014717,0.008210,0.000327,-0.199850,0.737077,-1.202797,100333.0000
1764073948876295056,2025-11-25 18:02:28.873,0.260606,0.086751,88.892357,-0.005817,0.005248,0.976830,-0.038039,0.020658,9.744907,-0.012697,-0.020338,0.007923,-0.197409,0.739537,-1.199980,100333.0000
1764073948976622075,2025-11-25 18:02:28.972,0.222300,0.289362,88.852043,-0.000791,0.002019,0.975956,0.065414,0.060693,9.781805,0.001961,-0.047546,0.003106,-0.201719,0.741459,-1.198502,100337.0000
1764073949075516167,2025-11-25 18:02:29.072,0.257293,0.548690,88.831017,0.011370,0.001889,0.976308,0.208016,-0.118080,9.734389,0.012595,-0.039897,0.004278,-0.201222,0.741502,-1.196583,100335.0000
1764073949176516315,2025-11-25 18:02:29.173,0.344294,0.741986,88.838669,0.024464,0.006619,0.977539,0.286599,0.190533,9.763257,0.016978,-0.025926,-0.003846,-0.205102,0.739045,-1.198897,100331.0000
1764073949276497556,2025-11-25 18:02:29.273,0.444073,0.786065,88.867867,0.032915,0.010650,0.979443,0.356354,0.077628,9.829487,0.017770,0.005860,-0.007022,-0.204109,0.741489,-1.196540,100331.0000
1764073949376625834,2025-11-25 18:02:29.373,0.502875,0.659911,88.891350,0.032134,0.015343,0.980631,0.257525,0.215084,9.785698,0.003969,0.032151,-0.001884,-0.203195,0.735710,-1.198874,100335.0000
1764073949476452519,2025-11-25 18:02:29.473,0.500704,0.431734,88.894066,0.022963,0.016163,0.981190,0.178095,0.165922,9.842734,0.000097,0.040741,-0.000145,-0.202718,0.738527,-1.201332,100339.0000
1764073949576945093,2025-11-25 18:02:29.573,0.444086,0.217406,88.880753,0.010323,0.013577,0.980248,0.048259,0.060091,9.790578,-0.011272,0.032761,0.004041,-0.199357,0.738054,-1.201856,100333.0000
1764073949677215963,2025-11-25 18:02:29.673,0.370215,0.114730,88.871933,0.000303,0.010777,0.979030,-0.074619,0.159544,9.792665,-0.009900,0.005970,-0.002989,-0.197903,0.739972,-1.201906,100337.0000
1764073949776517352,2025-11-25 18:02:29.773,0.323402,0.162283,88.887352,-0.002110,0.006932,0.977537,0.022007,-0.015279,9.779302,0.001000,-0.019355,-0.005180,-0.200297,0.740937,-1.200923,100333.0000
1764073949878860908,2025-11-25 18:02:29.873,0.321072,0.332314,88.924934,0.002891,0.006217,0.976891,0.041900,0.130982,9.752748,0.001818,-0.035016,-0.005562,-0.204149,0.738084,-1.199377,100333.0000
1764073949976928704,2025-11-25 18:02:29.972,0.343550,0.539496,88.966850,0.012526,0.008151,0.976675,0.209945,0.076375,9.796782,0.005808,-0.035887,-0.009057,-0.202680,0.742400,-1.198983,100337.0000
1764073950075475500,2025-11-25 18:02:30.073,0.363840,0.690619,88.979225,0.022468,0.010437,0.976948,0.262018,0.113720,9.758732,0.008372,-0.020341,0.003955,-0.206543,0.738104,-1.197898,100331.0000
1764073950177331815,2025-11-25 18:02:30.173,0.357759,0.725698,88.964859,0.027587,0.012008,0.978217,0.286813,0.144583,9.817768,-0.004671,0.007214,0.001253,-0.207499,0.740000,-1.198394,100331.0000
1764073950276623130,2025-11-25 18:02:30.273,0.328224,0.639017,88.948807,0.027214,0.010186,0.979821,0.278305,0.026853,9.818435,-0.003677,0.023497,0.005488,-0.205084,0.740508,-1.197474,100327.0000
1764073950376131259,2025-11-25 18:02:30.373,0.307801,0.477844,88.940926,0.021248,0.007576,0.980521,0.131047,0.141730,9.787977,0.000524,0.030739,-0.001098,-0.204622,0.740460,-1.199888,100332.0000
1764073950477012407,2025-11-25 18:02:30.473,0.320320,0.311628,88.957314,0.013594,0.006005,0.980078,0.106208,0.006235,9.816958,0.007249,0.025840,-0.007768,-0.202219,0.737635,-1.198436,100335.0000
1764073950577073907,2025-11-25 18:02:30.573,0.375615,0.199336,88.997787,0.007811,0.007246,0.979301,0.006410,0.132906,9.762286,0.020847,0.010225,-0.007959,-0.201266,0.739499,-1.200886,100332.0000
1764073950676649481,2025-11-25 18:02:30.673,0.450173,0.180299,89.049103,0.004827,0.010605,0.978567,0.066032,0.123054,9.797560,0.009741,-0.003848,-0.012997,-0.202725,0.738039,-1.201806,100327.0000
1764073950776779685,2025-11-25 18:02:30.773,0.493456,0.246667,89.086349,0.004677,0.014161,0.977425,0.082674,0.137759,9.739899,0.004647,-0.018802,-0.000970,-0.203223,0.736106,-1.202732,100331.0000
1764073950876257092,2025-11-25 18:02:30.873,0.473320,0.372690,89.101013,0.007210,0.016102,0.976734,0.123545,0.204151,9.782085,-0.009810,-0.023506,-0.006378,-0.203695,0.735657,-1.201273,100335.0000
1764073950976507018,2025-11-25 18:02:30.972,0.395519,0.519405,89.099770,0.011706,0.014151,0.976128,0.180467,0.058196,9.757417,-0.014174,-0.021723,-0.000119,-0.207521,0.738058,-1.199809,100333.0000
1764073951075461351,2025-11-25 18:02:31.072,0.295159,0.640444,89.099541,0.017871,0.009868,0.976927,0.184606,0.136051,9.763649,-0.011374,-0.018207,-0.000010,-0.207026,0.736211,-1.196899,100327.0000
1764073951177224685,2025-11-25 18:02:31.173,0.231139,0.697697,89.119896,0.023205,0.005079,0.978651,0.278639,-0.023654,9.810576,-0.005472,-0.005632,-0.008365,-0.207490,0.739553,-1.196943,100333.0000
1764073951276637203,2025-11-25 18:02:31.273,0.239454,0.666544,89.154350,0.025408,0.003541,0.980682,0.216225,0.072773,9.795306,0.016183,0.014581,-0.005409,-0.207993,0.737609,-1.198351,100337.0000
1764073951376751870,2025-11-25 18:02:31.373,0.304478,0.554454,89.195534,0.023748,0.005265,0.981985,0.203335,0.098109,9.840205,0.010964,0.023891,-0.008374,-0.208960,0.736650,-1.198322,100331.0000
1764073951476789518,2025-11-25 18:02:31.473,0.381497,0.391959,89.224022,0.018213,0.008910,0.981510,0.130852,0.074105,9.788713,0.016798,0.032788,-0.002534,-0.209461,0.738009,-1.201706,100325.0000
1764073951576647962,2025-11-25 18:02:31.573,0.434168,0.244683,89.247398,0.010380,0.012429,0.978976,0.043100,0.206744,9.790224,0.005715,0.018507,-0.001840,-0.204176,0.735655,-1.201266,100333.0000
1764073951677066610,2025-11-25 18:02:31.673,0.438759,0.174178,89.268982,0.004262,0.013972,0.976285,0.040463,0.054108,9.757293,0.001674,0.000873,-0.008029,-0.205624,0.735638,-1.201727,100341.0000
1764073951776270518,2025-11-25 18:02:31.773,0.398836,0.208911,89.296013,0.001942,0.013377,0.974646,-0.009114,0.188186,9.742610,-0.007844,-0.017487,-0.008551,-0.204671,0.733731,-1.201711,100331.0000
1764073951876495295,2025-11-25 18:02:31.873,0.351070,0.344850,89.328148,0.004283,0.010530,0.975517,0.107143,0.031215,9.781078,-0.003110,-0.030183,-0.008093,-0.209946,0.734226,-1.199715,100332.0000
1764073951976452721,2025-11-25 18:02:31.973,0.326533,0.520133,89.361198,0.011632,0.008332,0.977836,0.162694,0.092902,9.763379,-0.003638,-0.029873,-0.002218,-0.208499,0.733298,-1.198759,100336.0000
1764073952075541517,2025-11-25 18:02:32.073,0.329289,0.661605,89.391510,0.019656,0.007983,0.980072,0.239449,0.087721,9.813051,0.007421,-0.022792,-0.004966,-0.214239,0.736189,-1.196311,100331.0000
1764073952176616425,2025-11-25 18:02:32.173,0.344530,0.712609,89.415451,0.025143,0.008666,0.981322,0.276747,0.042001,9.806107,0.003094,-0.001850,-0.001705,-0.211862,0.735183,-1.199220,100333.0000
1764073952276118221,2025-11-25 18:02:32.273,0.353546,0.656774,89.433258,0.025562,0.009665,0.980459,0.227636,0.173382,9.797590,-0.003117,0.015614,-0.002041,-0.213775,0.735205,-1.197747,100335.0000
1764073952376409943,2025-11-25 18:02:32.373,0.344587,0.529053,89.460320,0.022130,0.009408,0.979117,0.229167,0.020952,9.802739,0.000826,0.026472,-0.008554,-0.210433,0.731379,-1.198702,100330.0000
1764073952476262202,2025-11-25 18:02:32.473,0.331509,0.375903,89.501259,0.016340,0.009041,0.978093,0.097436,0.133089,9.746849,-0.000404,0.024132,-0.005152,-0.209920,0.737123,-1.198315,100339.0000
1764073952576317925,2025-11-25 18:02:32.573,0.335420,0.255328,89.557854,0.010371,0.008983,0.978077,0.063966,0.075459,9.783422,0.005200,0.018170,-0.012288,-0.209449,0.734270,-1.197796,100331.0000
1764073952677042887,2025-11-25 18:02:32.673,0.358005,0.201809,89.608139,0.005493,0.009535,0.977976,0.036809,0.081714,9.772757,0.008667,0.003073,-0.004621,-0.208528,0.733694,-1.202617,100332.0000
1764073952776812239,2025-11-25 18:02:32.773,0.393501,0.237108,89.643211,0.003507,0.011063,0.978346,0.016943,0.169955,9.788228,0.005216,-0.015307,-0.006676,-0.212866,0.733654,-1.203516,100328.0000
1764073952877042924,2025-11-25 18:02:32.873,0.413572,0.354100,89.657272,0.005706,0.011984,0.977895,0.104126,0.061716,9.778468,0.001478,-0.021500,-0.001618,-0.213335,0.732270,-1.201080,100336.0000
1764073952976674702,2025-11-25 18:02:32.973,0.391191,0.510404,89.669991,0.012043,0.012825,0.977532,0.149991,0.198924,9.765840,-0.008672,-0.030401,-0.002593,-0.211880,0.732307,-1.199657,100335.0000
1764073953075764424,2025-11-25 18:02:33.073,0.340053,0.638518,89.696556,0.020440,0.010858,0.977478,0.289830,0.036939,9.802967,-0.004821,-0.016792,-0.009775,-0.213795,0.731851,-1.198177,100335.0000
1764073953176743183,2025-11-25 18:02:33.173,0.299322,0.677060,89.741867,0.026258,0.007441,0.978570,0.254222,0.102229,9.773968,-0.000779,0.003873,-0.011575,-0.214764,0.732772,-1.199622,100333.0000
1764073953276266406,2025-11-25 18:02:33.273,0.295633,0.596997,89.800697,0.026534,0.005537,0.980029,0.239758,0.054649,9.822884,-0.000608,0.023564,-0.013176,-0.216658,0.732845,-1.195743,100341.0000
1764073953376871109,2025-11-25 18:02:33.373,0.343000,0.437935,89.848213,0.020534,0.006495,0.980891,0.158300,0.044136,9.799814,0.013595,0.030086,-0.004727,-0.218116,0.733743,-1.198143,100329.0000
1764073953476829387,2025-11-25 18:02:33.473,0.408168,0.286356,89.884453,0.009937,0.010480,0.980579,0.014209,0.206145,9.796924,0.010301,0.019262,-0.006430,-0.216222,0.732257,-1.201037,100333.0000
1764073953577021387,2025-11-25 18:02:33.573,0.447080,0.219634,89.914505,0.003199,0.013670,0.979509,0.044552,0.079913,9.781505,0.004002,0.004106,-0.007309,-0.215739,0.730379,-1.199571,100330.0000
1764073953676696831,2025-11-25 18:02:33.673,0.437113,0.274747,89.945610,0.002132,0.015427,0.977614,0.030208,0.206980,9.764795,-0.008149,-0.016581,-0.003846,-0.215754,0.730338,-1.201497,100333.0000
1764073953776598424,2025-11-25 18:02:33.773,0.375647,0.413214,89.982918,0.007801,0.012866,0.976676,0.164426,0.063823,9.798461,-0.013882,-0.025207,-0.011429,-0.217660,0.731793,-1.200046,100325.0000
1764073953876462350,2025-11-25 18:02:33.873,0.299120,0.553170,90.030396,0.016245,0.009400,0.976913,0.207112,0.093143,9.753757,-0.012136,-0.016993,-0.007961,-0.220056,0.729923,-1.197574,100332.0000
1764073953976799998,2025-11-25 18:02:33.973,0.252807,0.623620,90.072693,0.023715,0.006393,0.978321,0.417499,-0.059049,9.891592,-0.002164,-0.000549,-0.010002,-0.221967,0.729477,-1.195613,100327.0000
1764073954075648924,2025-11-25 18:02:34.072,0.260302,0.570996,90.096329,0.024041,0.005339,0.978505,0.218305,0.052527,9.763362,-0.000420,0.020451,-0.003551,-0.221961,0.729965,-1.195139,100335.0000
1764073954177687238,2025-11-25 18:02:34.173,0.303784,0.450644,90.117035,0.019255,0.007914,0.978739,0.101056,0.132163,9.774793,0.013849,0.020630,-0.006485,-0.219591,0.728939,-1.199011,100331.0000
1764073954276440016,2025-11-25 18:02:34.273,0.352590,0.328956,90.135735,0.012866,0.009939,0.978755,0.071494,0.028297,9.787503,0.008378,0.017980,-0.007539,-0.219588,0.730362,-1.199514,100335.0000
1764073954377000146,2025-11-25 18:02:34.373,0.376057,0.257620,90.165581,0.007518,0.012143,0.978450,0.051549,0.206032,9.759812,0.005118,0.006428,-0.002524,-0.219126,0.727955,-1.200447,100335.0000
1764073954475683831,2025-11-25 18:02:34.472,0.359379,0.267936,90.213913,0.006046,0.012303,0.978635,0.116369,0.068593,9.837196,-0.004183,-0.008055,-0.009081,-0.218648,0.728892,-1.201432,100333.0000
1764073954577782683,2025-11-25 18:02:34.573,0.329771,0.339875,90.266068,0.008800,0.009921,0.978825,0.092326,0.079242,9.765947,-0.000443,-0.013208,-0.006130,-0.223444,0.728911,-1.199435,100331.0000
1764073954676278979,2025-11-25 18:02:34.673,0.319209,0.435779,90.305946,0.012800,0.008143,0.979257,0.204325,0.140674,9.806528,0.000632,-0.017013,-0.009904,-0.221513,0.727995,-1.198005,100328.0000
1764073954776576127,2025-11-25 18:02:34.773,0.335420,0.517410,90.327911,0.016225,0.008154,0.979144,0.262374,0.027119,9.805624,0.009377,-0.009699,-0.001890,-0.225346,0.728964,-1.196518,100329.0000
1764073954876551460,2025-11-25 18:02:34.873,0.366071,0.566450,90.339371,0.017938,0.010073,0.978645,0.171459,0.229367,9.803525,0.006598,-0.006313,-0.000744,-0.223446,0.727021,-1.198443,100337.0000
1764073954976545275,2025-11-25 18:02:34.972,0.385010,0.575507,90.353386,0.019413,0.011947,0.978761,0.208205,0.007190,9.805630,0.006659,0.000010,-0.002373,-0.223452,0.726533,-1.198918,100333.0000
1764073955075451627,2025-11-25 18:02:35.073,0.368266,0.538309,90.384384,0.018766,0.013513,0.978567,0.105403,0.153093,9.703316,-0.009424,0.008993,-0.008889,-0.222951,0.727531,-1.197014,100337.0000
1764073955176101312,2025-11-25 18:02:35.173,0.323314,0.468709,90.432999,0.017522,0.011350,0.979335,0.163421,0.177438,9.871071,-0.007983,0.012144,-0.011818,-0.223432,0.727529,-1.197006,100332.0000
1764073955276589404,2025-11-25 18:02:35.273,0.277848,0.384525,90.485367,0.014879,0.007631,0.979092,0.096389,0.024352,9.790010,-0.005283,0.015517,-0.006821,-0.222497,0.725104,-1.198910,100329.0000
1764073955376582367,2025-11-25 18:02:35.373,0.261126,0.312035,90.529449,0.011648,0.006111,0.978905,0.104274,0.093098,9.809029,0.005810,0.007451,-0.007392,-0.223447,0.727489,-1.198932,100334.0000
1764073955477158867,2025-11-25 18:02:35.473,0.282841,0.270594,90.553246,0.008692,0.005753,0.978293,0.131808,-0.032787,9.803303,0.008578,0.003549,-0.005262,-0.223473,0.725537,-1.200828,100329.0000
1764073955576501423,2025-11-25 18:02:35.573,0.338399,0.285828,90.557854,0.006816,0.008308,0.977381,0.027569,0.159141,9.763423,0.016832,-0.008764,0.003251,-0.222995,0.725529,-1.201317,100335.0000
1764073955676864497,2025-11-25 18:02:35.673,0.384077,0.357015,90.563484,0.007630,0.011502,0.977053,0.101913,0.085801,9.783799,0.009501,-0.014560,-0.003990,-0.224933,0.722187,-1.200755,100334.0000
1764073955776474663,2025-11-25 18:02:35.773,0.400562,0.456664,90.584511,0.011797,0.013928,0.977245,0.130868,0.159700,9.766562,0.002582,-0.019666,-0.001503,-0.226839,0.721284,-1.197824,100329.0000
1764073955876711441,2025-11-25 18:02:35.873,0.377074,0.547348,90.619110,0.016796,0.013449,0.978699,0.228072,0.106566,9.829997,-0.012945,-0.013201,-0.012693,-0.226786,0.728022,-1.195520,100330.0000
1764073955976738422,2025-11-25 18:02:35.973,0.322561,0.575858,90.652321,0.020760,0.010860,0.979701,0.261265,0.050855,9.807904,-0.007337,-0.001696,-0.001498,-0.227791,0.724135,-1.198335,100329.0000
1764073956075657719,2025-11-25 18:02:36.072,0.276441,0.532488,90.669510,0.021117,0.008917,0.980700,0.179071,0.158243,9.803324,-0.003112,0.011901,-0.003282,-0.228750,0.725554,-1.198824,100329.0000
1764073956176998311,2025-11-25 18:02:36.173,0.262712,0.428687,90.666046,0.017548,0.006681,0.980669,0.188095,-0.016405,9.818789,0.005450,0.020176,0.002048,-0.226825,0.725563,-1.198853,100332.0000
1764073956276723311,2025-11-25 18:02:36.273,0.274597,0.327283,90.654762,0.011958,0.007526,0.979570,0.026890,0.092402,9.785238,0.004687,0.015216,0.002389,-0.223932,0.727476,-1.199406,100332.0000
1764073956376723626,2025-11-25 18:02:36.373,0.301197,0.271613,90.650925,0.006499,0.008689,0.978395,0.040488,-0.024500,9.780791,0.006683,0.003732,-0.004405,-0.226840,0.724109,-1.199793,100329.0000
1764073956476588774,2025-11-25 18:02:36.473,0.326577,0.291749,90.662506,0.004924,0.009993,0.976415,0.022398,0.167095,9.740356,0.006969,-0.007961,0.000368,-0.228293,0.724550,-1.201224,100335.0000
1764073956579806255,2025-11-25 18:02:36.573,0.340798,0.371660,90.678268,0.007448,0.010080,0.976213,0.149327,0.117091,9.786991,0.003343,-0.019566,-0.006017,-0.227806,0.722682,-1.199276,100332.0000
1764073956677047867,2025-11-25 18:02:36.673,0.344357,0.468682,90.682732,0.012992,0.009866,0.977531,0.178654,0.029240,9.776518,0.001245,-0.013347,0.005794,-0.228737,0.725117,-1.196892,100329.0000
1764073956776459255,2025-11-25 18:02:36.773,0.343787,0.512193,90.658554,0.016648,0.010098,0.979090,0.263586,0.206076,9.866746,-0.001332,-0.002716,0.001243,-0.228260,0.724164,-1.196884,100330.0000
1764073956876354700,2025-11-25 18:02:36.873,0.340591,0.499115,90.609512,0.017229,0.009715,0.980461,0.174756,-0.082698,9.826898,0.001377,0.004985,0.006724,-0.228275,0.725068,-1.199306,100331.0000
1764073956977596644,2025-11-25 18:02:36.973,0.345670,0.447207,90.549706,0.015252,0.010442,0.980794,0.093906,0.202326,9.759132,0.002753,0.010163,0.011491,-0.226830,0.724607,-1.198838,100336.0000
1764073957075519922,2025-11-25 18:02:37.073,0.353569,0.405587,90.502663,0.012496,0.010521,0.979624,0.099466,0.092272,9.775213,0.003148,0.002829,0.004758,-0.224887,0.725134,-1.196948,100329.0000
1764073957177115329,2025-11-25 18:02:37.173,0.348308,0.400665,90.471893,0.011679,0.010729,0.978533,0.246472,0.019661,9.807785,-0.005102,-0.006104,0.003879,-0.226824,0.726508,-1.199349,100333.0000
1764073957276254237,2025-11-25 18:02:37.273,0.328142,0.473935,90.475052,0.012991,0.011518,0.975854,0.315196,0.177764,9.838416,0.000428,-0.018321,-0.006569,-0.226360,0.724579,-1.200289,100335.0000
1764073957376395422,2025-11-25 18:02:37.373,0.291020,0.635416,90.557999,0.018996,0.012922,0.975334,0.320925,0.142659,9.742791,-0.011609,-0.024332,-0.023091,-0.226834,0.724597,-1.199319,100329.0000
1764073957477054848,2025-11-25 18:02:37.473,0.238297,0.819756,90.781441,0.027832,0.012488,0.975089,0.345833,0.518376,9.797046,-0.007702,-0.051184,-0.059677,-0.231630,0.724617,-1.197323,100337.0000
1764073957576872625,2025-11-25 18:02:37.573,0.198452,1.174958,91.286575,0.041888,0.010132,0.975276,0.637783,0.046167,9.799731,-0.005859,-0.063781,-0.130884,-0.241718,0.720841,-1.192783,100335.0000
1764073957677130477,2025-11-25 18:02:37.673,0.166488,1.496883,92.301216,0.059448,0.013062,0.980596,0.071707,0.283156,9.762160,-0.001033,-0.040765,-0.221959,-0.253280,0.714153,-1.190102,100333.0000
1764073957777508125,2025-11-25 18:02:37.773,0.154889,1.689198,93.854622,0.065882,0.007889,0.977621,0.547931,-0.234189,10.020900,-0.001511,-0.035354,-0.291983,-0.272567,0.703588,-1.188212,100333.0000
1764073957876652773,2025-11-25 18:02:37.873,0.163086,1.797819,95.829292,0.069463,0.011846,0.979625,0.377351,0.761179,9.734771,-0.010212,-0.024676,-0.389218,-0.292869,0.683922,-1.187132,100333.0000
1764073957977088255,2025-11-25 18:02:37.973,0.155955,1.783470,98.213760,0.078045,0.008828,0.979863,1.475548,0.375631,9.828811,-0.016901,0.010272,-0.443735,-0.316063,0.663289,-1.185995,100335.0000
1764073958075373218,2025-11-25 18:02:38.072,0.135603,1.677857,101.040627,0.068917,0.005871,0.981399,-0.384349,0.463776,9.320218,-0.025187,0.024177,-0.525528,-0.344063,0.644534,-1.185296,100327.0000
1764073958177184329,2025-11-25 18:02:38.173,0.097809,1.543749,104.269768,0.060864,0.002560,0.975106,-0.843300,-0.436739,9.821612,-0.027190,0.013209,-0.603640,-0.373085,0.613833,-1.184401,100329.0000
1764073958278273403,2025-11-25 18:02:38.273,0.062863,1.430215,107.793922,0.060186,-0.002029,0.976965,0.966873,-0.265641,9.504822,-0.017109,0.022342,-0.623461,-0.401191,0.579243,-1.186831,100333.0000
1764073958376097180,2025-11-25 18:02:38.373,0.027054,1.307148,111.433090,0.055247,-0.008062,0.981848,1.041683,-0.723287,10.327149,-0.015737,0.031220,-0.641732,-0.429283,0.542804,-1.186343,100328.0000
1764073958477009940,2025-11-25 18:02:38.473,-0.025731,1.139192,115.064896,0.047816,-0.008956,0.979575,0.678184,-0.078614,10.393485,-0.012537,0.031848,-0.621450,-0.456431,0.504906,-1.187292,100335.0000
1764073958576835069,2025-11-25 18:02:38.573,-0.096853,0.904987,118.699089,0.041028,-0.009586,0.978845,0.397963,0.305877,9.524531,-0.017959,0.049399,-0.643534,-0.477810,0.464666,-1.187326,100335.0000
1764073958676971125,2025-11-25 18:02:38.673,-0.191355,0.644224,122.309166,0.033864,-0.015762,0.975990,0.211507,-0.263762,9.628642,-0.013679,0.051874,-0.635811,-0.495851,0.425304,-1.191758,100333.0000
1764073958776970791,2025-11-25 18:02:38.773,-0.245512,0.378925,125.758484,0.019024,-0.025657,0.975045,-0.344908,-1.200456,9.378770,-0.014462,0.044680,-0.585832,-0.511012,0.382164,-1.194729,100337.0000
1764073958876274884,2025-11-25 18:02:38.873,-0.207304,0.113316,128.965973,0.007963,-0.023228,0.976385,-0.023920,0.071799,9.801082,0.019741,0.043362,-0.539070,-0.523267,0.343804,-1.198298,100337.0000
1764073958976673236,2025-11-25 18:02:38.973,-0.091648,-0.063179,131.937469,-0.007289,-0.018153,0.980186,0.315007,-0.519495,9.906066,0.021872,0.020769,-0.500626,-0.535528,0.304956,-1.202341,100335.0000
1764073959075301587,2025-11-25 18:02:39.072,0.060778,-0.078439,134.672897,-0.017857,-0.008477,0.980705,-0.357141,0.195260,9.841397,0.027102,-0.012389,-0.456787,-0.541959,0.269580,-1.201706,100336.0000
1764073959176887384,2025-11-25 18:02:39.173,0.173338,0.074326,137.190430,-0.014371,0.001470,0.980014,0.050606,0.146804,9.844535,0.013455,-0.037290,-0.425603,-0.550756,0.238543,-1.198696,100331.0000
1764073959276685939,2025-11-25 18:02:39.273,0.240884,0.231996,139.454193,-0.002882,0.002262,0.979901,0.047901,0.292717,9.732088,0.014099,-0.015690,-0.368349,-0.557186,0.202699,-1.197572,100331.0000
1764073959376842143,2025-11-25 18:02:39.373,0.269669,0.343029,141.463791,0.000488,0.004489,0.975575,0.086389,0.031730,9.846883,-0.000308,-0.019568,-0.341307,-0.559215,0.179315,-1.195741,100333.0000
1764073959476596550,2025-11-25 18:02:39.473,0.256753,0.410167,143.198929,0.001186,0.004050,0.974066,-0.615164,-0.007133,9.327889,-0.015046,0.007570,-0.263521,-0.564149,0.154932,-1.195297,100330.0000
1764073959576492494,2025-11-25 18:02:39.573,0.198432,0.333142,144.548187,-0.013110,0.004293,0.976361,-0.466944,-0.075819,9.126254,-0.011818,0.029760,-0.194538,-0.564243,0.140540,-1.197965,100329.0000
1764073959676685013,2025-11-25 18:02:39.673,0.132486,0.116973,145.459641,-0.021060,0.001433,0.980515,-0.053953,0.598049,10.004003,-0.017895,0.018452,-0.115711,-0.562378,0.129552,-1.198307,100335.0000
1764073959776595994,2025-11-25 18:02:39.773,0.092691,0.003472,146.101273,-0.037174,0.001878,0.981683,-0.742464,-0.572304,9.636993,0.004120,0.003790,-0.114841,-0.562444,0.120893,-1.201063,100336.0000
1764073959877007142,2025-11-25 18:02:39.873,0.110400,0.181004,146.589325,-0.034350,0.004299,0.977199,-0.155259,0.015948,9.937318,0.000599,-0.059187,-0.066830,-0.563900,0.116140,-1.199524,100331.0000
1764073959977092420,2025-11-25 18:02:39.973,0.162017,0.568809,146.927582,-0.018195,0.003098,0.978909,-0.225192,0.130198,9.749092,0.017557,-0.069627,-0.038745,-0.565807,0.111934,-1.194616,100331.0000
1764073960075680624,2025-11-25 18:02:40.072,0.223055,0.978597,147.127945,0.004168,0.010470,0.976653,-0.017734,0.166109,9.497563,0.011736,-0.058513,-0.018205,-0.572537,0.103906,-1.188615,100328.0000
1764073960176177957,2025-11-25 18:02:40.173,0.254957,1.206822,147.220886,0.025956,0.014578,0.979116,0.218676,0.092807,9.887674,-0.001217,-0.019328,-0.009744,-0.572525,0.102524,-1.186187,100334.0000
1764073960279142179,2025-11-25 18:02:40.274,0.242149,1.172641,147.232468,0.029095,0.014669,0.981587,-0.082862,0.189302,9.739773,-0.007283,0.018419,-0.003140,-0.571524,0.104043,-1.182372,100328.0000
1764073960379557512,2025-11-25 18:02:40.373,0.192632,0.962810,147.235367,0.029008,0.016614,0.980121,0.351271,0.040794,9.802042,-0.011665,0.043685,-0.005726,-0.571562,0.104886,-1.187682,100331.0000
1764073960477074401,2025-11-25 18:02:40.473,0.123372,0.679232,147.272858,0.017356,0.013388,0.983105,0.182770,0.194931,9.883184,-0.018957,0.050501,-0.015459,-0.568217,0.105785,-1.191116,100330.0000
1764073960577582975,2025-11-25 18:02:40.573,0.069949,0.438402,147.387009,0.001961,0.005669,0.979789,-0.035742,0.045920,9.867326,0.001757,0.032482,-0.029342,-0.564884,0.103351,-1.194017,100331.0000
1764073960676488160,2025-11-25 18:02:40.673,0.051317,0.346920,147.551422,-0.007105,0.004154,0.977701,-0.133589,0.093230,9.760742,0.003210,0.003405,-0.026653,-0.564433,0.101859,-1.196891,100333.0000
1764073960776809123,2025-11-25 18:02:40.773,0.073254,0.419483,147.704834,-0.007173,0.005441,0.975655,0.045619,0.151819,9.675467,0.004207,-0.023573,-0.022708,-0.567327,0.098055,-1.195345,100337.0000
1764073960875864605,2025-11-25 18:02:40.873,0.114267,0.598032,147.777405,0.000608,0.006278,0.972173,0.098170,-0.141596,9.767416,0.008172,-0.035841,-0.005505,-0.565867,0.097635,-1.192952,100331.0000
1764073960976242512,2025-11-25 18:02:40.973,0.158858,0.807446,147.777771,0.009780,0.010839,0.975977,0.063683,0.199386,9.753471,0.004258,-0.037585,0.001570,-0.570682,0.093832,-1.190897,100332.0000
1764073961075602827,2025-11-25 18:02:41.072,0.178955,0.990035,147.800293,0.018443,0.014564,0.978945,0.268308,0.156695,9.844182,0.002540,-0.033055,-0.011369,-0.570142,0.098703,-1.186645,100335.0000
1764073961176748475,2025-11-25 18:02:41.173,0.150756,1.096094,147.920547,0.024299,0.014686,0.982954,0.358988,-0.016722,9.844599,-0.013214,-0.015796,-0.030121,-0.573522,0.094887,-1.185574,100329.0000
1764073961276516401,2025-11-25 18:02:41.273,0.097753,1.102566,148.135071,0.028940,0.011143,0.983784,0.303107,0.004972,9.843216,-0.006767,0.013178,-0.045038,-0.571138,0.093424,-1.187513,100329.0000
1764073961376777808,2025-11-25 18:02:41.373,0.044109,0.972381,148.366074,0.028494,0.006285,0.978717,0.291474,-0.008237,9.779401,-0.002891,0.035103,-0.034732,-0.570682,0.089117,-1.187936,100325.0000
1764073961476935697,2025-11-25 18:02:41.473,0.041531,0.756340,148.557800,0.020880,0.001900,0.976876,0.113294,0.079808,9.745011,0.009076,0.042655,-0.028286,-0.569252,0.089560,-1.189890,100329.0000
1764073961576846364,2025-11-25 18:02:41.573,0.092282,0.558430,148.703842,0.008211,0.003595,0.975727,-0.045348,-0.057784,9.752722,0.009621,0.029183,-0.023847,-0.565927,0.084748,-1.192273,100329.0000
1764073961677430271,2025-11-25 18:02:41.673,0.161395,0.471165,148.830292,-0.002262,0.009958,0.979833,-0.144657,0.162826,9.781706,0.008885,-0.000144,-0.019659,-0.566915,0.084204,-1.195140,100331.0000
1764073961776899308,2025-11-25 18:02:41.773,0.206627,0.531631,148.972321,-0.003692,0.014844,0.980715,-0.019691,0.131355,9.811317,0.004264,-0.022845,-0.027968,-0.565490,0.078977,-1.194118,100332.0000
1764073961876905789,2025-11-25 18:02:41.873,0.201919,0.690998,149.139175,0.005307,0.015240,0.978725,0.151224,0.085156,9.788795,-0.004732,-0.033202,-0.028324,-0.568356,0.079492,-1.191676,100333.0000
1764073961976451363,2025-11-25 18:02:41.973,0.146846,0.878266,149.345581,0.015392,0.012167,0.976384,0.258399,0.147462,9.800379,-0.012668,-0.033323,-0.043693,-0.567883,0.076171,-1.190669,100330.0000
1764073962075639511,2025-11-25 18:02:42.072,0.093323,1.034729,149.588165,0.022617,0.007573,0.975017,0.321146,0.024898,9.759603,-0.006864,-0.019656,-0.044072,-0.569795,0.073368,-1.187227,100328.0000
1764073962177240808,2025-11-25 18:02:42.173,0.072096,1.115929,149.833023,0.024906,0.003754,0.977720,0.246111,0.103253,9.783882,0.001813,-0.001391,-0.040629,-0.570267,0.072919,-1.185768,100334.0000
1764073962276750048,2025-11-25 18:02:42.273,0.106848,1.103672,150.050461,0.026842,0.004894,0.980512,0.249656,-0.078501,9.770993,0.011392,0.012033,-0.039694,-0.571746,0.065747,-1.185637,100329.0000
1764073962376598956,2025-11-25 18:02:42.373,0.175782,0.981637,150.228989,0.028280,0.009059,0.979856,0.153437,0.193275,9.749424,0.013996,0.026457,-0.023605,-0.568858,0.066705,-1.186176,100333.0000
1764073962481552845,2025-11-25 18:02:42.473,0.229253,0.789218,150.383469,0.022602,0.013101,0.980142,0.181455,0.167123,9.826948,0.002524,0.034607,-0.031493,-0.566488,0.064266,-1.189063,100338.0000
1764073962576926141,2025-11-25 18:02:42.573,0.233733,0.614561,150.565887,0.010397,0.014396,0.979124,0.025722,0.098141,9.803119,-0.000574,0.020312,-0.031826,-0.566059,0.059888,-1.192855,100327.0000
1764073962676139733,2025-11-25 18:02:42.673,0.186662,0.580324,150.828873,0.000146,0.013407,0.980311,0.001705,0.179727,9.811829,-0.013541,-0.008465,-0.058488,-0.565614,0.056495,-1.195218,100335.0000
1764073962776366715,2025-11-25 18:02:42.773,0.109785,0.714568,151.173111,0.001670,0.009267,0.977198,0.095047,0.032422,9.707930,-0.013472,-0.035533,-0.061950,-0.566567,0.053686,-1.192271,100333.0000
1764073962876248400,2025-11-25 18:02:42.873,0.055160,0.945505,151.515869,0.014403,0.004113,0.973871,0.202665,0.076158,9.732314,-0.009693,-0.041569,-0.053780,-0.567021,0.052343,-1.187910,100329.0000
1764073962977103215,2025-11-25 18:02:42.973,0.093470,1.160791,151.763611,0.028571,-0.000841,0.973928,0.351395,-0.077021,9.730984,0.018721,-0.032015,-0.036066,-0.572806,0.044745,-1.184338,100337.0000
