Timestamp,Time,Roll,Pitch,Yaw,Velocity_Increment_X,Velocity_Increment_Y,Velocity_Increment_Z,Acc_X,Acc_Y,Acc_Z,Gyro_X,Gyro_Y,Gyro_Z,Mag_X,Mag_Y,Mag_Z,Pressure
1764076094214735407,2025-11-25 18:38:14.194,0.563797,0.959223,208.803680,0.013436,0.010233,0.978651,0.101763,0.198455,9.767572,-0.000477,-0.005390,-0.000755,-0.163614,-0.564627,-1.194065,100309.0000
1764076094305920648,2025-11-25 18:38:14.295,0.565756,0.968897,208.823563,0.014500,0.009798,0.978718,0.174270,0.009447,9.814809,-0.002343,0.001133,-0.006040,-0.163124,-0.563659,-1.193605,100308.0000
1764076094398216648,2025-11-25 18:38:14.394,0.570780,0.971086,208.847168,0.014772,0.010330,0.978147,0.129504,0.148307,9.750518,0.001902,0.000191,-0.000301,-0.163111,-0.565509,-1.190688,100312.0000
1764076094497750148,2025-11-25 18:38:14.494,0.574075,0.963556,208.877792,0.014868,0.010113,0.978182,0.169950,0.112758,9.801053,0.000816,0.001963,-0.011961,-0.163122,-0.565539,-1.192132,100309.0000
1764076094606111074,2025-11-25 18:38:14.593,0.581527,0.948659,208.911301,0.013889,0.010140,0.978329,0.144210,0.014626,9.784184,0.008891,0.001947,-0.001928,-0.160734,-0.566047,-1.194086,100300.0000
1764076094699284722,2025-11-25 18:38:14.690,0.591010,0.946480,208.941025,0.012775,0.010938,0.978368,0.106762,0.229515,9.787293,0.001895,0.000166,-0.003771,-0.162158,-0.566002,-1.191657,100304.0000
1764076094798830611,2025-11-25 18:38:14.793,0.597493,0.954702,208.966263,0.012791,0.010377,0.978431,0.160553,-0.005874,9.802874,0.005664,-0.005788,-0.003545,-0.158792,-0.564107,-1.193180,100302.0000
1764076094898904629,2025-11-25 18:38:14.893,0.595765,0.968912,208.990082,0.012805,0.010710,0.978088,0.117859,0.177411,9.753869,0.001698,-0.003679,0.002961,-0.160232,-0.566461,-1.191197,100304.0000
1764076094999787851,2025-11-25 18:38:14.993,0.587120,0.982630,209.011688,0.014322,0.010972,0.978393,0.153500,0.098854,9.805571,-0.004798,-0.003452,-0.008105,-0.162158,-0.566002,-1.191657,100307.0000
1764076095098438740,2025-11-25 18:38:15.087,0.577267,0.994691,209.036575,0.015385,0.010428,0.978443,0.158181,0.048152,9.783447,0.000677,-0.000913,-0.002856,-0.156354,-0.564482,-1.188877,100309.0000
1764076095204311944,2025-11-25 18:38:15.196,0.568709,0.992597,209.066879,0.015781,0.009881,0.978984,0.131505,0.176521,9.790401,-0.004232,0.000872,-0.007938,-0.158785,-0.566445,-1.190737,100306.0000
1764076095301167999,2025-11-25 18:38:15.293,0.570732,0.973908,209.099655,0.015614,0.009076,0.979145,0.174837,-0.011208,9.816154,0.009805,0.002160,-0.007374,-0.160227,-0.566919,-1.190227,100302.0000
1764076095404666684,2025-11-25 18:38:15.395,0.579575,0.947094,209.128159,0.013943,0.009493,0.978848,0.098789,0.192164,9.771161,-0.001063,0.006588,-0.001888,-0.159273,-0.566935,-1.191204,100307.0000
1764076095506793055,2025-11-25 18:38:15.493,0.595935,0.933298,209.155014,0.012569,0.010030,0.978784,0.136235,0.072787,9.800598,0.005210,-0.000698,-0.005308,-0.157332,-0.566885,-1.189307,100306.0000
1764076095615779184,2025-11-25 18:38:15.594,0.606418,0.939595,209.176041,0.011648,0.010933,0.978177,0.122042,0.095243,9.761634,0.000244,-0.005121,0.002201,-0.156903,-0.568906,-1.194580,100307.0000
1764076095698470055,2025-11-25 18:38:15.694,0.603872,0.965698,209.203735,0.012062,0.011803,0.977818,0.113254,0.181749,9.783533,0.003914,-0.010503,-0.010883,-0.157827,-0.566450,-1.191233,100306.0000
1764076095800534703,2025-11-25 18:38:15.793,0.595961,0.991637,209.234650,0.013790,0.010533,0.977875,0.171126,-0.004869,9.781077,-0.002886,-0.005399,-0.004977,-0.157830,-0.567873,-1.190729,100304.0000
1764076095896181443,2025-11-25 18:38:15.893,0.585377,1.012832,209.267365,0.014447,0.010582,0.978170,0.124327,0.189395,9.767347,0.000859,-0.005772,-0.002506,-0.157367,-0.569335,-1.192159,100304.0000
1764076095996280814,2025-11-25 18:38:15.993,0.576614,1.026645,209.300507,0.014866,0.009809,0.978713,0.171284,0.028500,9.815274,0.000849,-0.002621,-0.010698,-0.155908,-0.568342,-1.190751,100306.0000
1764076096096356295,2025-11-25 18:38:16.093,0.574457,1.024509,209.328354,0.015512,0.009507,0.979066,0.149418,0.113720,9.778955,0.004566,0.005106,-0.000209,-0.154944,-0.568806,-1.190276,100304.0000
1764076096196176906,2025-11-25 18:38:16.193,0.576940,1.008197,209.351044,0.015195,0.010258,0.978780,0.172188,0.139153,9.798868,0.000022,0.001464,-0.004905,-0.158808,-0.570276,-1.191160,100304.0000
1764076096296043147,2025-11-25 18:38:16.293,0.583529,0.979548,209.374237,0.015089,0.009772,0.978561,0.160952,0.025948,9.776942,0.005464,0.008519,-0.000650,-0.154953,-0.568358,-1.191728,100302.0000
1764076096395723017,2025-11-25 18:38:16.393,0.585643,0.949478,209.402557,0.013561,0.010699,0.978349,0.094596,0.214714,9.769220,-0.000548,0.002758,-0.002595,-0.154949,-0.567403,-1.191742,100304.0000
1764076096497435887,2025-11-25 18:38:16.489,0.583260,0.935646,209.431503,0.011949,0.010116,0.978251,0.157363,-0.006635,9.800426,-0.000557,0.000173,-0.006246,-0.152550,-0.568825,-1.191756,100298.0000
1764076096616243906,2025-11-25 18:38:16.596,0.580737,0.945519,209.465698,0.011237,0.010488,0.978585,0.079182,0.199780,9.753970,0.002318,-0.006493,-0.001959,-0.154467,-0.569759,-1.190269,100300.0000
1764076096699450147,2025-11-25 18:38:16.693,0.580007,0.972101,209.499374,0.011935,0.010084,0.978521,0.156212,0.045647,9.805155,-0.003357,-0.008001,-0.008250,-0.153510,-0.568352,-1.191749,100302.0000
1764076096795852017,2025-11-25 18:38:16.793,0.588933,1.007159,209.528870,0.013455,0.009730,0.978320,0.135436,0.110239,9.760462,0.001251,-0.008688,0.000485,-0.152557,-0.568846,-1.192719,100302.0000
1764076096896298369,2025-11-25 18:38:16.893,0.598420,1.028183,209.553619,0.014633,0.010648,0.978241,0.160859,0.163289,9.794141,0.000888,-0.006607,-0.008664,-0.153998,-0.571200,-1.190735,100293.0000
1764076096997922665,2025-11-25 18:38:16.993,0.600786,1.036222,209.580734,0.016012,0.010621,0.978229,0.167600,0.033846,9.785273,0.000901,0.003705,-0.003045,-0.153996,-0.569309,-1.191727,100304.0000
1764076097099673665,2025-11-25 18:38:17.093,0.590653,1.027865,209.616653,0.015494,0.011844,0.978306,0.134357,0.223948,9.774093,-0.001456,0.000365,-0.007890,-0.153504,-0.567864,-1.191275,100306.0000
1764076097196062665,2025-11-25 18:38:17.193,0.578876,1.014069,209.648682,0.015080,0.010211,0.978874,0.169678,-0.008988,9.781060,-0.003560,0.000204,-0.005128,-0.154933,-0.567362,-1.189817,100305.0000
1764076097295994517,2025-11-25 18:38:17.293,0.568782,0.991230,209.682434,0.014218,0.009270,0.978921,0.110650,0.165419,9.779863,-0.000659,0.003042,-0.002303,-0.153054,-0.571246,-1.193156,100302.0000
1764076097410492239,2025-11-25 18:38:17.398,0.570906,0.973444,209.709274,0.012835,0.009141,0.978720,0.148540,0.028973,9.807397,0.007827,-0.001678,-0.008043,-0.151104,-0.570699,-1.190304,100308.0000
1764076097497433961,2025-11-25 18:38:17.488,0.584794,0.969935,209.737823,0.012455,0.009624,0.978292,0.103768,0.145196,9.754283,0.002405,-0.001779,0.001820,-0.149647,-0.568771,-1.189873,100299.0000
1764076097593772257,2025-11-25 18:38:17.586,0.601863,0.974737,209.767548,0.012537,0.010413,0.977661,0.130165,0.148257,9.806232,0.002721,-0.001872,-0.007312,-0.151580,-0.571158,-1.189326,100306.0000
1764076097701225924,2025-11-25 18:38:17.689,0.603885,0.991584,209.799377,0.013394,0.010767,0.977776,0.158653,0.049096,9.777866,-0.001746,-0.003883,0.000184,-0.151610,-0.571707,-1.192689,100307.0000
1764076097803349461,2025-11-25 18:38:17.788,0.600214,1.006716,209.834259,0.013851,0.011326,0.977967,0.131465,0.220248,9.778016,0.004115,-0.003753,-0.007998,-0.150628,-0.569294,-1.191777,100305.0000
1764076097898934220,2025-11-25 18:38:17.892,0.588308,1.016733,209.872818,0.014497,0.010301,0.978682,0.171186,-0.008345,9.798624,-0.006110,-0.002316,-0.005603,-0.152078,-0.572146,-1.190749,100304.0000
1764076097996539090,2025-11-25 18:38:17.993,0.587280,1.027202,209.909409,0.014439,0.009628,0.979005,0.124696,0.187765,9.760238,0.001996,-0.000500,-0.005143,-0.152074,-0.570724,-1.191252,100302.0000
1764076098097625960,2025-11-25 18:38:18.094,0.591571,1.036585,209.948334,0.013840,0.009612,0.979562,0.146716,0.071245,9.809684,0.002980,-0.003447,-0.009700,-0.150628,-0.571652,-1.190296,100305.0000
1764076098196124886,2025-11-25 18:38:18.193,0.595503,1.042542,209.974747,0.013918,0.009871,0.978844,0.140719,0.078242,9.757258,0.000118,0.002901,0.003452,-0.150629,-0.571184,-1.190785,100310.0000
1764076098295927923,2025-11-25 18:38:18.293,0.602443,1.044281,209.996292,0.014353,0.010988,0.978185,0.139543,0.158205,9.799619,0.004826,-0.002333,-0.005885,-0.148713,-0.571196,-1.191776,100306.0000
1764076098398595164,2025-11-25 18:38:18.395,0.600782,1.038664,210.018234,0.015420,0.010690,0.977769,0.191278,0.016061,9.775608,-0.004387,0.003855,-0.002915,-0.149673,-0.571668,-1.191273,100304.0000
1764076098495744516,2025-11-25 18:38:18.493,0.597877,1.018275,210.048981,0.015284,0.011682,0.977794,0.143064,0.213466,9.768733,0.000724,-0.000066,-0.005775,-0.147252,-0.571617,-1.189383,100308.0000
1764076098595334071,2025-11-25 18:38:18.593,0.582159,0.986969,210.089645,0.014721,0.010225,0.978366,0.168923,-0.009905,9.801238,-0.001413,0.005056,-0.005108,-0.146302,-0.572588,-1.190346,100304.0000
1764076098696192405,2025-11-25 18:38:18.693,0.569202,0.956799,210.127716,0.012592,0.009634,0.978508,0.072628,0.189157,9.779335,-0.001881,0.002850,-0.002321,-0.147781,-0.575044,-1.193176,100300.0000
1764076098796143497,2025-11-25 18:38:18.793,0.572960,0.951688,210.161713,0.011116,0.008793,0.978999,0.126375,0.011328,9.809729,0.006523,-0.003225,-0.006698,-0.148257,-0.574091,-1.193183,100304.0000
1764076098896126219,2025-11-25 18:38:18.893,0.583730,0.970190,210.187943,0.010864,0.009054,0.978315,0.072602,0.146071,9.756453,0.004609,-0.003858,0.000278,-0.148711,-0.571664,-1.191288,100303.0000
1764076098995341367,2025-11-25 18:38:18.993,0.596635,1.007982,210.213776,0.012688,0.009827,0.977991,0.173789,0.063537,9.808364,0.004215,-0.007666,-0.008949,-0.145855,-0.573145,-1.194196,100295.0000
1764076099095838645,2025-11-25 18:38:19.093,0.607479,1.046290,210.241821,0.014888,0.010607,0.978031,0.155901,0.144547,9.761114,0.004065,-0.006227,-0.001659,-0.147306,-0.575530,-1.193657,100297.0000
1764076099196208849,2025-11-25 18:38:19.193,0.612226,1.066917,210.273636,0.016174,0.011209,0.978403,0.189455,0.106716,9.812093,0.001822,-0.004388,-0.009656,-0.145361,-0.574525,-1.191775,100302.0000
1764076099295516904,2025-11-25 18:38:19.292,0.609872,1.061714,210.311783,0.016499,0.011278,0.978963,0.131584,0.116326,9.760488,0.000395,-0.002317,-0.003726,-0.142957,-0.574047,-1.192299,100306.0000
1764076099395732200,2025-11-25 18:38:19.393,0.602129,1.042045,210.347244,0.015385,0.011088,0.979319,0.164709,0.098646,9.827173,-0.004368,0.003340,-0.008739,-0.144903,-0.575997,-1.193686,100304.0000
1764076099495523182,2025-11-25 18:38:19.492,0.592332,1.012095,210.380661,0.014158,0.009874,0.978906,0.115302,0.099828,9.758639,0.002508,0.003729,-0.002094,-0.145359,-0.576405,-1.190301,100306.0000
1764076099596612441,2025-11-25 18:38:19.593,0.592147,0.991796,210.410843,0.013008,0.009842,0.978394,0.146364,0.102414,9.813972,-0.001499,-0.002293,-0.007291,-0.143916,-0.572628,-1.192788,100304.0000
1764076099696339163,2025-11-25 18:38:19.693,0.595511,0.984459,210.441315,0.012236,0.009928,0.977649,0.078550,0.108461,9.727874,0.004936,-0.001606,0.001051,-0.142966,-0.575958,-1.192270,100306.0000
1764076099795829848,2025-11-25 18:38:19.793,0.592259,0.990104,210.471481,0.012163,0.010391,0.977830,0.145370,0.112767,9.811396,-0.002748,-0.001375,-0.013850,-0.141993,-0.575922,-1.190840,100295.0000
1764076099895324441,2025-11-25 18:38:19.892,0.587855,1.007380,210.509781,0.012985,0.010270,0.977950,0.118059,0.106889,9.746637,0.006247,-0.005136,-0.000969,-0.140553,-0.574514,-1.192327,100312.0000
1764076099996213200,2025-11-25 18:38:19.993,0.580596,1.025046,210.545959,0.013746,0.010463,0.978016,0.158617,0.106148,9.815038,0.000879,-0.003346,-0.007297,-0.141494,-0.573989,-1.189913,100306.0000
1764076100095672163,2025-11-25 18:38:20.092,0.579277,1.040493,210.575546,0.014644,0.009850,0.978541,0.116932,0.107623,9.739413,0.004686,-0.002983,-0.001104,-0.142965,-0.576425,-1.191781,100304.0000
1764076100195837978,2025-11-25 18:38:20.193,0.583540,1.045334,210.603592,0.015483,0.009904,0.978940,0.164985,0.085220,9.815707,-0.001285,-0.000580,-0.010164,-0.141513,-0.575453,-1.191336,100305.0000
1764076100296613218,2025-11-25 18:38:20.293,0.588198,1.040508,210.631500,0.015528,0.009621,0.978874,0.129216,0.105316,9.761955,0.004160,0.002722,-0.000238,-0.140583,-0.577421,-1.194209,100301.0000
1764076100395965441,2025-11-25 18:38:20.393,0.597051,1.026765,210.663712,0.014585,0.010242,0.979127,0.164363,0.106322,9.826002,-0.000351,0.002051,-0.007780,-0.141501,-0.576835,-1.188906,100311.0000
1764076100495832866,2025-11-25 18:38:20.493,0.609747,1.014794,210.698929,0.013379,0.010274,0.978626,0.105118,0.112346,9.749539,0.002967,0.004052,-0.002353,-0.139116,-0.574995,-1.192823,100313.0000
1764076100595562903,2025-11-25 18:38:20.593,0.612902,1.012650,210.730408,0.012757,0.010964,0.978332,0.145778,0.112925,9.812607,-0.003297,-0.005448,-0.007864,-0.139570,-0.576338,-1.188461,100302.0000
1764076100695965422,2025-11-25 18:38:20.693,0.610375,1.019404,210.758865,0.012733,0.010864,0.977652,0.139931,0.118791,9.752130,0.002618,-0.002298,-0.000092,-0.140549,-0.577329,-1.189876,100299.0000
1764076100795766551,2025-11-25 18:38:20.793,0.597094,1.028615,210.787598,0.013620,0.010689,0.977444,0.157081,0.100312,9.809433,-0.003767,-0.004170,-0.009077,-0.141511,-0.575920,-1.190847,100303.0000
1764076100895534144,2025-11-25 18:38:20.892,0.590569,1.036165,210.814468,0.014205,0.010327,0.977682,0.131740,0.100583,9.740569,0.006272,0.000682,-0.003234,-0.138650,-0.578804,-1.192290,100300.0000
1764076100995601700,2025-11-25 18:38:20.992,0.578451,1.037719,210.843414,0.014343,0.010382,0.978399,0.163067,0.098661,9.801217,-0.003281,-0.002203,-0.007101,-0.140556,-0.578762,-1.189854,100307.0000
1764076101096060440,2025-11-25 18:38:21.093,0.573649,1.035127,210.874283,0.014109,0.009433,0.979128,0.123020,0.084282,9.759576,0.001734,-0.003943,-0.000879,-0.137672,-0.577814,-1.190875,100306.0000
1764076101196310459,2025-11-25 18:38:21.193,0.575469,1.035902,210.907013,0.014038,0.009783,0.979533,0.148537,0.105063,9.818876,0.000330,0.000822,-0.007573,-0.139115,-0.577820,-1.190853,100302.0000
1764076101296008051,2025-11-25 18:38:21.293,0.586579,1.033181,210.935837,0.014056,0.009603,0.979169,0.129923,0.071791,9.757341,0.005309,-0.000245,-0.000524,-0.139116,-0.576408,-1.191838,100307.0000
1764076101396186218,2025-11-25 18:38:21.393,0.597908,1.028581,210.967468,0.014314,0.010212,0.978800,0.140321,0.136911,9.806003,-0.000697,0.000072,-0.010103,-0.136224,-0.576852,-1.190910,100304.0000
1764076101495650033,2025-11-25 18:38:21.493,0.606406,1.022668,210.995789,0.014073,0.010421,0.978170,0.140099,0.095891,9.743738,0.002302,-0.005185,-0.000486,-0.134802,-0.579732,-1.191851,100302.0000
1764076101596511792,2025-11-25 18:38:21.593,0.613594,1.020022,211.020370,0.013672,0.010967,0.977770,0.139535,0.135906,9.805026,0.008955,-0.000761,-0.008638,-0.135258,-0.577783,-1.189947,100305.0000
1764076101696665310,2025-11-25 18:38:21.693,0.610307,1.020526,211.042664,0.012874,0.011475,0.977281,0.087538,0.076617,9.745993,-0.001307,-0.000997,-0.001219,-0.136229,-0.578753,-1.190400,100307.0000
1764076101796614347,2025-11-25 18:38:21.793,0.600431,1.024307,211.065445,0.013015,0.011146,0.977780,0.156040,0.131338,9.807193,0.001373,-0.003228,-0.007634,-0.137177,-0.578248,-1.188949,100310.0000
1764076101897011495,2025-11-25 18:38:21.893,0.584336,1.034784,211.095078,0.013263,0.009952,0.977922,0.118032,0.091082,9.768260,0.000640,-0.004865,-0.003233,-0.134795,-0.578299,-1.191873,100303.0000
1764076101995641977,2025-11-25 18:38:21.993,0.578696,1.051260,211.130035,0.014139,0.009621,0.978966,0.177456,0.094550,9.822640,0.000547,-0.005460,-0.010155,-0.135264,-0.579683,-1.189437,100302.0000
1764076102095655699,2025-11-25 18:38:22.093,0.583655,1.058523,211.157547,0.014856,0.008972,0.979297,0.159429,0.085010,9.760915,0.002917,-0.001298,-0.003035,-0.134800,-0.579254,-1.191858,100306.0000
1764076102196089402,2025-11-25 18:38:22.193,0.594604,1.057959,211.176682,0.014781,0.009557,0.979148,0.173207,0.123285,9.829896,0.008530,-0.001298,-0.006220,-0.134291,-0.576823,-1.189976,100301.0000
1764076102295498458,2025-11-25 18:38:22.292,0.609288,1.049219,211.200409,0.015156,0.009833,0.978838,0.138169,0.099123,9.768531,0.005488,0.003306,-0.003197,-0.135748,-0.578750,-1.190407,100306.0000
1764076102395620125,2025-11-25 18:38:22.392,0.619763,1.035221,211.227692,0.014334,0.010939,0.978373,0.155973,0.142103,9.802368,0.004753,0.001061,-0.008076,-0.134320,-0.582555,-1.189888,100303.0000
1764076102495315569,2025-11-25 18:38:22.493,0.626963,1.019835,211.254425,0.013815,0.011380,0.977848,0.113871,0.094725,9.736773,0.002727,0.002660,-0.000182,-0.133845,-0.581628,-1.191354,100300.0000
1764076102595676958,2025-11-25 18:38:22.593,0.628740,1.012561,211.279221,0.012772,0.011826,0.978036,0.139683,0.126243,9.823347,-0.000315,0.001598,-0.006534,-0.131882,-0.577747,-1.189034,100304.0000
1764076102695850717,2025-11-25 18:38:22.693,0.619279,1.015788,211.307327,0.012618,0.010651,0.977948,0.101962,0.082496,9.766211,0.000826,-0.000630,0.002555,-0.133841,-0.579260,-1.192353,100302.0000
1764076102795718013,2025-11-25 18:38:22.793,0.603715,1.028536,211.330353,0.012847,0.010793,0.978330,0.143497,0.119615,9.807998,0.002031,-0.005129,-0.002510,-0.131907,-0.581111,-1.189946,100302.0000
1764076102896261161,2025-11-25 18:38:22.893,0.593012,1.049611,211.351181,0.013518,0.009610,0.978648,0.127570,0.080304,9.756827,-0.003985,-0.003404,0.000957,-0.131893,-0.579190,-1.189494,100306.0000
1764076102995577346,2025-11-25 18:38:22.993,0.588039,1.068311,211.371277,0.014786,0.009471,0.978937,0.165881,0.091565,9.810737,0.007796,-0.000519,-0.008299,-0.132856,-0.577782,-1.190464,100302.0000
1764076103095997143,2025-11-25 18:38:23.093,0.592032,1.074584,211.392746,0.015556,0.009185,0.978733,0.128231,0.086046,9.751801,0.002986,-0.001482,0.003597,-0.132387,-0.580168,-1.190435,100302.0000
1764076103195686569,2025-11-25 18:38:23.192,0.603027,1.063012,211.417328,0.015666,0.009491,0.978719,0.179224,0.087183,9.809505,0.003566,0.000023,-0.006310,-0.134324,-0.581152,-1.191355,100302.0000
1764076103296393383,2025-11-25 18:38:23.293,0.621391,1.043413,211.442719,0.014858,0.010100,0.978330,0.119338,0.109893,9.761117,0.003835,0.003082,-0.006754,-0.131441,-0.581150,-1.191879,100301.0000
1764076103395935550,2025-11-25 18:38:23.393,0.635754,1.022344,211.465866,0.013615,0.011035,0.978446,0.144751,0.100124,9.812336,0.005010,-0.000466,-0.006999,-0.129982,-0.581102,-1.189974,100309.0000
1764076103496316846,2025-11-25 18:38:23.493,0.636834,1.012312,211.483414,0.012884,0.011232,0.978113,0.110956,0.119497,9.752045,-0.002686,0.002877,-0.001607,-0.132865,-0.581105,-1.189450,100298.0000
1764076103595657124,2025-11-25 18:38:23.593,0.623555,1.014332,211.506500,0.013054,0.011710,0.978227,0.153184,0.132543,9.821512,-0.000189,-0.001379,-0.007103,-0.131911,-0.579709,-1.191412,100304.0000
1764076103696233531,2025-11-25 18:38:23.693,0.611451,1.022997,211.525681,0.013116,0.010690,0.978133,0.123136,0.096680,9.755420,-0.006796,-0.003255,0.001360,-0.130969,-0.582113,-1.192352,100302.0000
1764076103796070976,2025-11-25 18:38:23.793,0.599694,1.040801,211.551437,0.013502,0.010160,0.978638,0.159913,0.120604,9.810387,0.002925,-0.004038,-0.006531,-0.130946,-0.580639,-1.190449,100301.0000
1764076103895628994,2025-11-25 18:38:23.893,0.597784,1.057039,211.573944,0.014142,0.009288,0.978531,0.120905,0.078734,9.756106,-0.002110,-0.003767,0.000624,-0.130969,-0.582113,-1.192352,100298.0000
1764076103995521309,2025-11-25 18:38:23.992,0.604314,1.070299,211.599136,0.014834,0.009234,0.979052,0.165305,0.109750,9.798136,0.007658,-0.002638,-0.007045,-0.131449,-0.579757,-1.193826,100310.0000
1764076104095753512,2025-11-25 18:38:24.093,0.615139,1.072918,211.616592,0.015416,0.009795,0.978556,0.149970,0.103342,9.762188,0.004222,0.000263,0.000466,-0.130483,-0.581156,-1.192374,100300.0000
1764076104196441420,2025-11-25 18:38:24.193,0.628232,1.061875,211.632523,0.015479,0.011148,0.978314,0.169976,0.126511,9.820789,0.002611,0.002309,-0.007868,-0.127098,-0.581567,-1.190010,100309.0000
1764076104296939031,2025-11-25 18:38:24.293,0.629090,1.043949,211.651047,0.014428,0.011519,0.978300,0.120356,0.097269,9.761652,-0.001804,0.003381,0.001148,-0.130982,-0.584034,-1.192804,100308.0000
1764076104395810938,2025-11-25 18:38:24.393,0.616233,1.020394,211.672195,0.013777,0.011156,0.978266,0.158178,0.111270,9.802772,0.005581,0.000608,-0.004561,-0.127597,-0.580675,-1.192905,100304.0000
1764076104495772605,2025-11-25 18:38:24.493,0.604973,1.005811,211.691010,0.012542,0.009553,0.977731,0.098255,0.074819,9.755778,-0.003910,0.001180,0.002369,-0.129033,-0.580661,-1.191921,100304.0000
1764076104596185068,2025-11-25 18:38:24.593,0.606483,1.004942,211.714859,0.011986,0.009521,0.977971,0.121732,0.102661,9.806569,0.000580,-0.002175,-0.007459,-0.127596,-0.583501,-1.190936,100300.0000
1764076104695970957,2025-11-25 18:38:24.693,0.620181,1.018524,211.737381,0.012695,0.009139,0.978231,0.107247,0.098700,9.742515,-0.000610,-0.004087,0.001500,-0.125675,-0.583502,-1.191446,100308.0000
1764076104796178382,2025-11-25 18:38:24.793,0.627949,1.049658,211.760864,0.013181,0.011121,0.978909,0.154799,0.128771,9.824256,0.001658,-0.007313,-0.008308,-0.128079,-0.583035,-1.191418,100301.0000
1764076104895394938,2025-11-25 18:38:24.893,0.626769,1.074148,211.782791,0.014414,0.011470,0.979097,0.148936,0.110777,9.764234,-0.003028,-0.004491,0.000363,-0.129031,-0.582541,-1.190448,100304.0000
1764076104996091808,2025-11-25 18:38:24.993,0.618706,1.086909,211.802383,0.015775,0.011391,0.978924,0.180248,0.124321,9.829627,0.001538,-0.001546,-0.004920,-0.127609,-0.584476,-1.191884,100306.0000
1764076105095866642,2025-11-25 18:38:25.093,0.607420,1.077789,211.825745,0.015914,0.010004,0.978337,0.145206,0.083792,9.748902,-0.002330,-0.001153,-0.001153,-0.128079,-0.583035,-1.191418,100303.0000
1764076105195729308,2025-11-25 18:38:25.193,0.601693,1.050311,211.852966,0.015318,0.009506,0.978311,0.167832,0.112781,9.809230,0.002166,0.005700,-0.005620,-0.127582,-0.580635,-1.190980,100304.0000
1764076105295910271,2025-11-25 18:38:25.293,0.607546,1.017876,211.875015,0.014213,0.009026,0.978061,0.130744,0.094681,9.759583,0.008641,0.004922,0.000723,-0.124714,-0.582085,-1.192444,100308.0000
1764076105396032327,2025-11-25 18:38:25.393,0.618557,0.995266,211.898605,0.012910,0.009991,0.977998,0.140053,0.112528,9.815583,-0.003106,0.003012,-0.008748,-0.125197,-0.583978,-1.191446,100308.0000
1764076105495999345,2025-11-25 18:38:25.493,0.632720,0.986744,211.914154,0.012177,0.010154,0.978167,0.118975,0.108490,9.764274,0.003791,0.001016,0.002025,-0.126162,-0.583047,-1.192409,100301.0000
1764076105596000660,2025-11-25 18:38:25.593,0.637858,0.996667,211.932831,0.011558,0.011102,0.978516,0.131558,0.109540,9.818995,0.001814,-0.003911,-0.008355,-0.125186,-0.583480,-1.190490,100305.0000
1764076105696299067,2025-11-25 18:38:25.693,0.634801,1.022745,211.956024,0.012096,0.011116,0.978502,0.130285,0.091487,9.762660,0.001678,-0.008901,0.003862,-0.126167,-0.584948,-1.191898,100300.0000
1764076105795779123,2025-11-25 18:38:25.793,0.631224,1.057641,211.980316,0.013354,0.011139,0.978692,0.180385,0.114284,9.821172,-0.003321,-0.006105,-0.009162,-0.124246,-0.584004,-1.192904,100306.0000
1764076105895856752,2025-11-25 18:38:25.893,0.625550,1.086422,212.004486,0.015197,0.010208,0.978471,0.165121,0.091405,9.747985,0.000788,-0.004246,-0.003343,-0.125657,-0.582039,-1.190024,100303.0000
1764076105996515474,2025-11-25 18:38:25.993,0.621225,1.100079,212.028610,0.016269,0.010249,0.978558,0.176023,0.113873,9.819336,0.002256,-0.003931,-0.006730,-0.123752,-0.584439,-1.190978,100306.0000
1764076106096013122,2025-11-25 18:38:26.093,0.615370,1.087095,212.047180,0.016548,0.010022,0.978621,0.136390,0.107310,9.752718,-0.006223,0.004999,-0.000851,-0.122300,-0.583467,-1.190533,100305.0000
1764076106195771456,2025-11-25 18:38:26.193,0.614383,1.061503,212.071548,0.015665,0.009604,0.978287,0.176940,0.106772,9.815301,0.003824,0.005905,-0.004192,-0.125668,-0.583482,-1.190483,100311.0000
1764076106295663511,2025-11-25 18:38:26.293,0.617101,1.027142,212.088196,0.014373,0.009817,0.978210,0.105360,0.096670,9.763192,-0.002575,0.004161,0.002065,-0.121347,-0.583960,-1.191503,100311.0000
1764076106395354141,2025-11-25 18:38:26.393,0.616334,0.998950,212.108612,0.013155,0.009985,0.978458,0.151350,0.104434,9.812035,0.002148,0.003676,-0.006673,-0.123291,-0.584020,-1.193881,100303.0000
1764076106495797455,2025-11-25 18:38:26.493,0.617954,0.988561,212.131836,0.012207,0.010240,0.978230,0.085069,0.108288,9.757231,0.001676,-0.000893,0.000418,-0.124247,-0.584949,-1.192408,100302.0000
1764076106595937048,2025-11-25 18:38:26.593,0.624558,0.996142,212.156143,0.012388,0.010672,0.978418,0.144695,0.096333,9.818253,0.012537,-0.003811,-0.008564,-0.123283,-0.585412,-1.191933,100296.0000
1764076106695884381,2025-11-25 18:38:26.693,0.629844,1.010479,212.177689,0.012934,0.010464,0.978119,0.107558,0.106396,9.753724,0.001133,-0.001696,0.000123,-0.121354,-0.584448,-1.191977,100308.0000
1764076106796135474,2025-11-25 18:38:26.793,0.633923,1.025721,212.197571,0.013575,0.010301,0.978206,0.157654,0.075213,9.818110,0.006350,-0.004299,-0.008416,-0.121849,-0.584959,-1.193406,100304.0000
1764076106896483270,2025-11-25 18:38:26.893,0.634926,1.038574,212.216949,0.013826,0.010338,0.978141,0.122481,0.134588,9.747717,0.001625,0.000128,-0.000347,-0.121820,-0.585355,-1.189548,100306.0000
1764076106996520214,2025-11-25 18:38:26.993,0.635307,1.051235,212.235886,0.013879,0.010826,0.978316,0.150758,0.117260,9.820887,-0.001381,-0.002570,-0.012009,-0.121842,-0.585883,-1.191947,100304.0000
1764076107095787140,2025-11-25 18:38:27.093,0.633589,1.063254,212.256592,0.014645,0.011015,0.978739,0.117805,0.131872,9.768377,-0.001033,-0.000423,0.001947,-0.120857,-0.584405,-1.190058,100307.0000
1764076107196617640,2025-11-25 18:38:27.193,0.624003,1.068471,212.288040,0.015463,0.011275,0.979000,0.190509,0.096001,9.819139,0.005029,-0.004492,-0.009175,-0.121368,-0.585901,-1.192917,100306.0000
1764076107296028140,2025-11-25 18:38:27.293,0.614112,1.055588,212.317093,0.015887,0.010387,0.978962,0.144334,0.142213,9.755845,-0.002089,0.002469,0.000507,-0.120391,-0.584444,-1.191991,100310.0000
1764076107395722936,2025-11-25 18:38:27.393,0.611441,1.026715,212.344772,0.015428,0.009626,0.978678,0.162808,0.087371,9.817320,0.001232,0.007320,-0.004034,-0.121842,-0.585883,-1.191947,100302.0000
1764076107496233251,2025-11-25 18:38:27.493,0.612733,0.990265,212.358978,0.013493,0.009329,0.977910,0.088218,0.138363,9.752213,-0.000916,0.006496,-0.000075,-0.120398,-0.585877,-1.191969,100308.0000
1764076107595920140,2025-11-25 18:38:27.593,0.624953,0.971556,212.378616,0.011858,0.009457,0.978004,0.124012,0.072501,9.805552,0.006867,0.001236,-0.006916,-0.120865,-0.584426,-1.191021,100305.0000
1764076107695707733,2025-11-25 18:38:27.693,0.630553,0.977697,212.395844,0.010711,0.010529,0.977974,0.076463,0.139314,9.758996,0.003658,-0.007058,-0.001052,-0.120402,-0.585887,-1.192450,100302.0000
1764076107795968344,2025-11-25 18:38:27.793,0.638395,1.006694,212.419922,0.011893,0.010954,0.978615,0.175575,0.081825,9.812985,0.005110,-0.008157,-0.008018,-0.120387,-0.584434,-1.191510,100308.0000
1764076107895738121,2025-11-25 18:38:27.893,0.639229,1.042029,212.447647,0.014389,0.011210,0.978672,0.130052,0.135378,9.766177,0.000241,-0.004730,-0.002626,-0.118476,-0.583988,-1.193471,100302.0000
1764076107995959621,2025-11-25 18:38:27.993,0.639510,1.067600,212.475510,0.015833,0.011032,0.979185,0.193420,0.065839,9.802523,-0.000846,-0.002427,-0.007119,-0.120893,-0.586387,-1.193398,100302.0000
1764076108095978251,2025-11-25 18:38:28.093,0.634138,1.066208,212.502136,0.016262,0.010425,0.978494,0.124960,0.148986,9.765487,0.003486,-0.001100,0.001801,-0.119431,-0.586330,-1.191013,100303.0000
1764076108196321862,2025-11-25 18:38:28.193,0.627877,1.049981,212.524841,0.014998,0.009549,0.978084,0.185638,0.036822,9.793672,-0.001127,0.005961,-0.005625,-0.118004,-0.587309,-1.192464,100304.0000
1764076108296174288,2025-11-25 18:38:28.293,0.630064,1.027694,212.542221,0.013821,0.009456,0.977640,0.100596,0.155983,9.751379,0.002797,0.004550,0.004100,-0.117998,-0.589179,-1.190509,100304.0000
1764076108395769621,2025-11-25 18:38:28.393,0.633825,1.011033,212.566910,0.013069,0.009731,0.978087,0.163891,0.057589,9.810870,0.000318,-0.000997,-0.005063,-0.118469,-0.586326,-1.191027,100307.0000
1764076108496132751,2025-11-25 18:38:28.493,0.636573,1.008308,212.593002,0.012441,0.010788,0.978196,0.088611,0.166607,9.764618,0.008000,-0.003404,-0.000548,-0.115133,-0.588282,-1.193936,100305.0000
1764076108595900047,2025-11-25 18:38:28.593,0.641134,1.020930,212.624054,0.012846,0.010819,0.978832,0.161735,0.026702,9.808778,-0.001548,-0.001268,-0.007788,-0.116062,-0.587727,-1.190078,100304.0000
1764076108696061325,2025-11-25 18:38:28.693,0.640474,1.034136,212.653976,0.013691,0.010706,0.979059,0.109596,0.165011,9.775191,-0.000801,-0.001937,0.002586,-0.117033,-0.586340,-1.192011,100309.0000
1764076108796117102,2025-11-25 18:38:28.793,0.643893,1.042870,212.674225,0.014838,0.010062,0.978790,0.192087,0.011719,9.806411,-0.004099,-0.002960,-0.005192,-0.115106,-0.585853,-1.192047,100305.0000
1764076108895357584,2025-11-25 18:38:28.893,0.645275,1.035280,212.696091,0.015134,0.010152,0.978206,0.096088,0.185606,9.751924,0.000318,-0.003284,0.002291,-0.115592,-0.589169,-1.190545,100305.0000
1764076108995826528,2025-11-25 18:38:28.993,0.646906,1.019230,212.721069,0.015476,0.010235,0.977846,0.182376,0.032934,9.803015,0.004797,0.001645,-0.003802,-0.118475,-0.586813,-1.191501,100297.0000
1764076109095554972,2025-11-25 18:38:29.093,0.648800,0.998270,212.749146,0.014595,0.010565,0.977522,0.103452,0.188933,9.751578,0.000170,0.001712,-0.000391,-0.115607,-0.589209,-1.192470,100305.0000
1764076109196282176,2025-11-25 18:38:29.193,0.649970,0.984524,212.775879,0.013570,0.010088,0.978461,0.158275,0.030931,9.811810,-0.000537,0.000396,-0.011370,-0.117522,-0.587307,-1.192471,100299.0000
1764076109296285491,2025-11-25 18:38:29.293,0.644059,0.980948,212.802002,0.012449,0.010105,0.978901,0.094506,0.180190,9.773164,-0.004219,-0.004774,-0.001872,-0.114166,-0.587323,-1.193965,100306.0000
1764076109396330657,2025-11-25 18:38:29.393,0.641825,0.990754,212.828552,0.012338,0.009872,0.979634,0.154941,0.019496,9.829833,0.005810,-0.005921,-0.004909,-0.115605,-0.588732,-1.192477,100306.0000
1764076109496178213,2025-11-25 18:38:29.493,0.644306,1.009216,212.855743,0.013019,0.010113,0.979064,0.108635,0.195460,9.765023,0.000587,-0.006283,-0.002134,-0.115111,-0.589166,-1.190552,100298.0000
1764076109595817194,2025-11-25 18:38:29.593,0.651633,1.028570,212.871185,0.014455,0.009897,0.978605,0.181116,0.017666,9.797600,0.003414,0.001256,-0.002752,-0.114631,-0.586339,-1.192528,100303.0000
1764076109695960380,2025-11-25 18:38:29.693,0.655019,1.041221,212.896835,0.015126,0.010603,0.977697,0.120705,0.190898,9.742614,0.000084,-0.002670,-0.001034,-0.113656,-0.587717,-1.190113,100308.0000
1764076109796267250,2025-11-25 18:38:29.793,0.656024,1.037258,212.930298,0.015610,0.010258,0.977884,0.168854,0.034079,9.795453,0.003820,-0.001106,-0.003456,-0.117511,-0.587276,-1.191027,100306.0000
1764076109896048898,2025-11-25 18:38:29.893,0.658180,1.021390,212.954437,0.014737,0.010431,0.977486,0.102715,0.178834,9.750905,0.001361,0.003591,-0.004619,-0.112711,-0.589643,-1.191061,100300.0000
1764076109995603398,2025-11-25 18:38:29.993,0.659880,1.001827,212.982361,0.014360,0.010218,0.978104,0.191105,0.028830,9.799544,0.002431,0.002932,-0.007990,-0.113629,-0.585287,-1.188225,100305.0000
1764076110095679157,2025-11-25 18:38:30.093,0.660483,0.985899,213.006912,0.014065,0.010606,0.978623,0.118084,0.189574,9.780469,-0.004426,0.005049,-0.004497,-0.112706,-0.590101,-1.190091,100300.0000
1764076110195940657,2025-11-25 18:38:30.193,0.657352,0.968150,213.035492,0.013803,0.010015,0.978903,0.138669,0.019354,9.809419,-0.002302,0.002971,-0.004517,-0.113197,-0.586830,-1.193505,100316.0000
1764076110296175787,2025-11-25 18:38:30.293,0.662813,0.957374,213.063339,0.013223,0.010635,0.979063,0.127219,0.186508,9.779428,0.000094,-0.001698,-0.000434,-0.113179,-0.590082,-1.189121,100305.0000
1764076110395638249,2025-11-25 18:38:30.393,0.666586,0.958517,213.090286,0.012422,0.010268,0.979159,0.155162,0.016702,9.806318,0.001723,-0.001245,-0.003317,-0.112710,-0.588698,-1.191557,100307.0000
1764076110495582898,2025-11-25 18:38:30.493,0.668703,0.975988,213.115448,0.012041,0.010738,0.978550,0.098119,0.198861,9.774323,-0.002573,-0.007389,-0.000965,-0.112207,-0.588167,-1.189165,100311.0000
1764076110596342990,2025-11-25 18:38:30.593,0.667827,1.006175,213.145523,0.013136,0.010138,0.978184,0.161025,0.016555,9.799660,0.004560,-0.008116,-0.001614,-0.110306,-0.588220,-1.192082,100309.0000
1764076110696214175,2025-11-25 18:38:30.693,0.669093,1.035683,213.173874,0.014806,0.010474,0.977850,0.116926,0.194553,9.753672,0.000579,-0.003633,-0.003843,-0.112707,-0.587275,-1.192061,100301.0000
1764076110795706490,2025-11-25 18:38:30.793,0.667141,1.045701,213.199600,0.016392,0.010245,0.978122,0.191814,0.017194,9.796474,0.000953,-0.001257,-0.001501,-0.111733,-0.584883,-1.192111,100302.0000
1764076110895353657,2025-11-25 18:38:30.892,0.663901,1.026806,213.229340,0.016813,0.010590,0.978305,0.133995,0.192788,9.767271,-0.004591,0.002539,-0.001870,-0.111737,-0.588663,-1.190127,100306.0000
1764076110996573508,2025-11-25 18:38:30.993,0.662595,0.986406,213.258896,0.015877,0.009701,0.978654,0.179423,-0.008301,9.813376,0.003891,0.009919,-0.003191,-0.111749,-0.589639,-1.191076,100306.0000
1764076111095716527,2025-11-25 18:38:31.093,0.668905,0.939524,213.287399,0.013843,0.009866,0.978222,0.080168,0.176382,9.766660,0.001807,0.006195,-0.002961,-0.111764,-0.588735,-1.193497,100302.0000
1764076111195943360,2025-11-25 18:38:31.193,0.683929,0.912236,213.314316,0.011969,0.009608,0.977963,0.142023,0.017757,9.791085,0.007893,0.000782,-0.003400,-0.109845,-0.590626,-1.193015,100306.0000
1764076111296201564,2025-11-25 18:38:31.292,0.696967,0.913307,213.344025,0.010543,0.010617,0.978315,0.072043,0.208459,9.778724,0.000013,-0.005405,-0.005602,-0.110318,-0.590608,-1.192045,100300.0000
1764076111395931008,2025-11-25 18:38:31.393,0.700968,0.944003,213.372528,0.011545,0.011005,0.978438,0.156156,0.011974,9.802217,0.000818,-0.005285,-0.006071,-0.108867,-0.590581,-1.191104,100308.0000
1764076111495783249,2025-11-25 18:38:31.493,0.691551,0.985099,213.397095,0.013016,0.012104,0.978423,0.115162,0.205979,9.773553,0.004557,-0.013977,-0.001679,-0.106935,-0.590552,-1.190169,100305.0000
1764076111595636064,2025-11-25 18:38:31.593,0.678559,1.022854,213.422592,0.015445,0.011170,0.978591,0.197513,0.013215,9.796946,-0.004317,-0.006208,-0.005250,-0.109809,-0.589589,-1.189178,100304.0000
1764076111695668786,2025-11-25 18:38:31.693,0.662758,1.034075,213.451691,0.017037,0.010246,0.978406,0.157059,0.184464,9.772326,-0.000993,0.002478,-0.003196,-0.107890,-0.587711,-1.191162,100299.0000
1764076111796685897,2025-11-25 18:38:31.793,0.656911,1.011513,213.486664,0.017466,0.008619,0.978675,0.199061,0.014207,9.799007,-0.001042,0.006250,-0.008589,-0.108383,-0.590101,-1.191118,100304.0000
1764076111895684286,2025-11-25 18:38:31.892,0.663712,0.968521,213.521500,0.015972,0.008739,0.978378,0.095713,0.161616,9.752583,0.003557,0.009917,-0.005571,-0.109343,-0.591041,-1.190126,100298.0000
1764076111996887286,2025-11-25 18:38:31.993,0.682348,0.918503,213.548706,0.013339,0.009391,0.978464,0.134175,0.027297,9.796616,0.006057,0.005113,-0.003784,-0.106469,-0.590591,-1.192102,100309.0000
1764076112095996748,2025-11-25 18:38:32.093,0.702876,0.893397,213.571213,0.011123,0.010848,0.978345,0.075854,0.193318,9.770391,0.002969,-0.001149,0.000181,-0.106481,-0.591566,-1.193050,100308.0000
1764076112196341637,2025-11-25 18:38:32.193,0.706377,0.895784,213.590881,0.010796,0.011591,0.978547,0.123740,0.037453,9.803570,0.000599,-0.003901,-0.007986,-0.107898,-0.589144,-1.191140,100307.0000
1764076112295800822,2025-11-25 18:38:32.293,0.700569,0.925391,213.615524,0.011606,0.011994,0.978078,0.103131,0.221964,9.759901,-0.002616,-0.006746,-0.001108,-0.106464,-0.591993,-1.190636,100306.0000
1764076112395727322,2025-11-25 18:38:32.392,0.689921,0.965271,213.647339,0.013665,0.010577,0.978622,0.194473,0.019928,9.796362,-0.001313,-0.005636,-0.005016,-0.106487,-0.591109,-1.194020,100302.0000
1764076112495729952,2025-11-25 18:38:32.493,0.684319,0.995690,213.675491,0.014967,0.009865,0.978477,0.121135,0.166507,9.765220,-0.001491,-0.006543,-0.000047,-0.106961,-0.592036,-1.192554,100302.0000
1764076112595556859,2025-11-25 18:38:32.593,0.685047,1.009370,213.704056,0.016412,0.009497,0.978854,0.198950,0.023311,9.809431,-0.001315,-0.004172,-0.005615,-0.105997,-0.592500,-1.192080,100300.0000
1764076112696064137,2025-11-25 18:38:32.692,0.685190,0.999016,213.734329,0.016412,0.010171,0.978729,0.120627,0.184514,9.784016,0.001569,0.002095,0.000179,-0.106947,-0.591528,-1.191117,100310.0000
1764076112795765100,2025-11-25 18:38:32.793,0.691315,0.974149,213.765213,0.016094,0.010402,0.979032,0.198191,0.022454,9.800159,-0.000497,0.008533,-0.008262,-0.107907,-0.589642,-1.192095,100302.0000
1764076112895516322,2025-11-25 18:38:32.893,0.695911,0.939546,213.790512,0.014782,0.010569,0.978727,0.103252,0.210572,9.768088,0.001971,0.006781,-0.002382,-0.104546,-0.592473,-1.191139,100304.0000
1764076112995374081,2025-11-25 18:38:32.993,0.697022,0.904915,213.818298,0.013511,0.010362,0.978769,0.143707,0.005984,9.809294,-0.003760,0.005633,-0.005595,-0.104533,-0.590552,-1.190686,100309.0000
1764076113095895989,2025-11-25 18:38:33.093,0.700366,0.884058,213.847458,0.012536,0.010158,0.978080,0.065847,0.176207,9.767216,0.005759,0.001932,-0.000138,-0.105515,-0.591552,-1.192583,100302.0000
1764076113195971581,2025-11-25 18:38:33.193,0.706014,0.881285,213.875473,0.012071,0.009939,0.977851,0.158433,0.022425,9.774751,0.002114,-0.000312,-0.003369,-0.102145,-0.593417,-1.191159,100301.0000
1764076113295984692,2025-11-25 18:38:33.293,0.714617,0.899815,213.902969,0.012024,0.010486,0.977518,0.108987,0.192124,9.763940,0.006735,-0.005906,-0.002037,-0.103593,-0.592021,-1.192604,100302.0000
1764076113396860192,2025-11-25 18:38:33.393,0.718156,0.926182,213.924530,0.012891,0.010609,0.977735,0.152840,0.023574,9.779016,0.000732,-0.004195,-0.005085,-0.105017,-0.591977,-1.190176,100306.0000
1764076113495976507,2025-11-25 18:38:33.493,0.711541,0.956065,213.946411,0.014232,0.011086,0.978200,0.121828,0.222742,9.778686,0.002074,-0.003448,-0.000659,-0.102634,-0.593440,-1.192115,100306.0000
1764076113595842248,2025-11-25 18:38:33.593,0.702166,0.974176,213.971008,0.015555,0.010529,0.979016,0.167604,0.001530,9.807166,-0.002212,-0.002203,-0.005063,-0.103623,-0.594928,-1.194486,100306.0000
1764076113696196285,2025-11-25 18:38:33.693,0.696386,0.975964,213.997879,0.016139,0.010410,0.979757,0.133526,0.177840,9.794121,0.002034,-0.001232,-0.003114,-0.102141,-0.591049,-1.192158,100309.0000
1764076113795930266,2025-11-25 18:38:33.793,0.692209,0.963782,214.026459,0.016361,0.009518,0.979312,0.187505,-0.000560,9.779593,-0.000603,0.001619,-0.002909,-0.103115,-0.593442,-1.192108,100304.0000
1764076113895314321,2025-11-25 18:38:33.893,0.693072,0.938276,214.054459,0.015402,0.009680,0.978803,0.131656,0.171175,9.788394,0.005518,0.002836,-0.004095,-0.103106,-0.593889,-1.190656,100306.0000
1764076113995814377,2025-11-25 18:38:33.992,0.701629,0.906189,214.081985,0.014164,0.009818,0.977773,0.154072,0.007800,9.767811,0.003219,0.007311,-0.002695,-0.103597,-0.594389,-1.191605,100306.0000
1764076114095670192,2025-11-25 18:38:34.093,0.713455,0.886825,214.100662,0.012465,0.010576,0.977529,0.109383,0.189850,9.787609,0.002415,-0.003689,-0.003760,-0.101171,-0.591024,-1.191210,100302.0000
1764076114196091692,2025-11-25 18:38:34.193,0.716251,0.881866,214.121109,0.012244,0.010905,0.977512,0.127532,0.010978,9.767119,0.001135,0.000731,-0.003032,-0.102634,-0.593440,-1.192115,100309.0000
1764076114295916636,2025-11-25 18:38:34.293,0.712306,0.894423,214.149216,0.012639,0.010831,0.978147,0.110568,0.186820,9.787665,-0.000623,-0.006367,-0.004337,-0.101644,-0.592419,-1.189255,100300.0000
1764076114395331525,2025-11-25 18:38:34.393,0.710743,0.914073,214.177414,0.013597,0.009804,0.978395,0.138770,0.012139,9.763929,0.005170,-0.006058,-0.001758,-0.100216,-0.592453,-1.191202,100307.0000
1764076114495996766,2025-11-25 18:38:34.493,0.716724,0.931893,214.212982,0.013910,0.009772,0.979082,0.131317,0.171637,9.819167,-0.002491,-0.002879,-0.006701,-0.099769,-0.593955,-1.194557,100301.0000
1764076114596803469,2025-11-25 18:38:34.593,0.726272,0.949842,214.239624,0.014675,0.009629,0.978806,0.143499,0.029858,9.771865,-0.000126,-0.002526,0.000736,-0.100240,-0.593459,-1.193594,100306.0000
1764076114695801877,2025-11-25 18:38:34.693,0.731700,0.957479,214.260101,0.015152,0.010936,0.978839,0.156500,0.156728,9.809653,-0.000536,-0.002866,-0.005367,-0.104084,-0.593934,-1.192568,100304.0000
1764076114795681376,2025-11-25 18:38:34.793,0.734821,0.955161,214.279922,0.015733,0.011198,0.978777,0.148020,0.046258,9.772162,0.005139,0.001747,0.002405,-0.102639,-0.594395,-1.192100,100306.0000
1764076114895601191,2025-11-25 18:38:34.892,0.722837,0.938254,214.304886,0.015644,0.011285,0.978786,0.155733,0.167967,9.804811,-0.005075,-0.001125,-0.007792,-0.100718,-0.594397,-1.192610,100302.0000
1764076114996692524,2025-11-25 18:38:34.993,0.710225,0.911320,214.342575,0.015648,0.010076,0.978415,0.124443,0.056080,9.753642,0.001556,0.004953,0.000478,-0.103592,-0.592489,-1.192116,100296.0000
1764076115095611154,2025-11-25 18:38:35.092,0.703732,0.882198,214.380783,0.014111,0.009303,0.978465,0.132733,0.137729,9.809561,-0.003088,0.003805,-0.007320,-0.100236,-0.593449,-1.193113,100303.0000
1764076115195282858,2025-11-25 18:38:35.192,0.708887,0.856143,214.422104,0.012542,0.008658,0.978087,0.093116,0.064559,9.742597,0.004585,0.000452,-0.001667,-0.098788,-0.594845,-1.191669,100302.0000
1764076115295724987,2025-11-25 18:38:35.293,0.722632,0.852921,214.451324,0.011327,0.009716,0.978176,0.153356,0.124286,9.818881,0.001306,-0.004143,-0.007064,-0.098310,-0.593908,-1.192653,100304.0000
1764076115396311246,2025-11-25 18:38:35.393,0.744400,0.878092,214.477814,0.012025,0.010226,0.978429,0.123039,0.077252,9.773828,0.007780,-0.006512,0.002530,-0.098768,-0.592437,-1.190743,100303.0000
1764076115495925358,2025-11-25 18:38:35.493,0.754073,0.907956,214.500748,0.013399,0.011410,0.978512,0.159171,0.151379,9.818858,-0.002530,-0.005052,-0.006648,-0.097831,-0.592026,-1.194134,100304.0000
1764076115595806265,2025-11-25 18:38:35.593,0.753569,0.934408,214.528275,0.015144,0.011786,0.978385,0.140964,0.110496,9.764026,0.000265,-0.006105,-0.000495,-0.099749,-0.595317,-1.191165,100303.0000
1764076115696248006,2025-11-25 18:38:35.693,0.740226,0.944348,214.569504,0.015955,0.011928,0.978877,0.198559,0.136756,9.814891,0.000519,-0.005566,-0.008044,-0.099268,-0.593902,-1.192157,100308.0000
1764076115796141950,2025-11-25 18:38:35.793,0.730285,0.937408,214.609344,0.016092,0.010401,0.978898,0.144513,0.107590,9.756860,-0.005843,-0.000160,-0.001948,-0.096866,-0.595314,-1.191690,100300.0000
1764076115896169135,2025-11-25 18:38:35.893,0.716557,0.917029,214.651962,0.015192,0.009648,0.978791,0.164029,0.081795,9.810617,0.000446,0.000148,-0.008819,-0.096858,-0.595294,-1.190727,100294.0000
1764076115995950228,2025-11-25 18:38:35.993,0.715467,0.891004,214.681335,0.014455,0.008814,0.978536,0.118992,0.087734,9.755831,0.000474,0.004298,-0.000878,-0.096864,-0.593424,-1.192681,100299.0000
1764076116095838950,2025-11-25 18:38:36.093,0.727238,0.864596,214.712692,0.013568,0.009001,0.978593,0.161391,0.112088,9.814520,0.001509,0.004188,-0.006734,-0.095422,-0.595308,-1.191711,100308.0000
1764076116196707265,2025-11-25 18:38:36.193,0.743546,0.848292,214.748245,0.012570,0.009856,0.978050,0.114491,0.095743,9.744617,-0.000829,0.002608,-0.001185,-0.096857,-0.595761,-1.190238,100300.0000
1764076116295973431,2025-11-25 18:38:36.293,0.759192,0.854023,214.787338,0.012437,0.010743,0.978006,0.145655,0.137504,9.823153,0.002911,-0.001831,-0.009443,-0.093515,-0.595818,-1.193658,100306.0000
1764076116396098190,2025-11-25 18:38:36.393,0.768405,0.866069,214.830185,0.012436,0.010618,0.977777,0.119526,0.127226,9.758554,0.000432,0.000618,-0.003896,-0.093970,-0.596694,-1.189785,100301.0000
1764076116495848375,2025-11-25 18:38:36.493,0.776546,0.885436,214.875305,0.013407,0.011138,0.978482,0.153636,0.091148,9.810563,0.004527,-0.003833,-0.009284,-0.094475,-0.595344,-1.193651,100304.0000
1764076116595646487,2025-11-25 18:38:36.593,0.776224,0.900858,214.918564,0.014391,0.011193,0.978641,0.123287,0.112627,9.745911,-0.004142,-0.003362,-0.000040,-0.094458,-0.593413,-1.192717,100305.0000
1764076116695910209,2025-11-25 18:38:36.693,0.769065,0.911183,214.956757,0.015285,0.011584,0.978863,0.193000,0.109440,9.823291,0.000281,-0.002563,-0.007104,-0.095888,-0.597627,-1.188298,100305.0000
1764076116795684523,2025-11-25 18:38:36.793,0.757893,0.910057,215.000671,0.015074,0.010361,0.978656,0.126900,0.105011,9.771157,-0.004159,-0.001237,0.001930,-0.093489,-0.594334,-1.191273,100304.0000
1764076116896302134,2025-11-25 18:38:36.893,0.742414,0.894354,215.046814,0.014546,0.010156,0.978614,0.165514,0.082129,9.820774,-0.001309,0.004369,-0.013130,-0.092557,-0.597236,-1.193169,100298.0000
1764076116995630190,2025-11-25 18:38:36.993,0.737502,0.878782,215.095871,0.014110,0.009100,0.978277,0.127505,0.116260,9.755684,-0.000281,0.001309,-0.003166,-0.091570,-0.596226,-1.190791,100304.0000
1764076117096202190,2025-11-25 18:38:37.093,0.743461,0.864606,215.148575,0.013395,0.009295,0.978607,0.138056,0.070364,9.807534,0.005199,-0.001012,-0.011266,-0.093514,-0.598643,-1.191688,100300.0000
1764076117195991968,2025-11-25 18:38:37.193,0.754984,0.859856,215.195999,0.013228,0.009344,0.978445,0.103032,0.130807,9.756625,0.001583,0.004576,-0.002694,-0.091122,-0.598195,-1.193656,100308.0000
1764076117296468560,2025-11-25 18:38:37.293,0.771737,0.853199,215.249954,0.013335,0.010270,0.978617,0.154872,0.084778,9.813277,0.004531,-0.003051,-0.010968,-0.091099,-0.596721,-1.191753,100300.0000
1764076117396166912,2025-11-25 18:38:37.393,0.789995,0.850496,215.292572,0.013859,0.010520,0.977980,0.115326,0.152335,9.739187,0.003709,0.001331,0.000116,-0.089655,-0.595770,-1.192270,100305.0000
1764076117496125319,2025-11-25 18:38:37.493,0.803567,0.848143,215.332153,0.014039,0.011118,0.977998,0.174651,0.081522,9.806530,0.003290,-0.002714,-0.007642,-0.089659,-0.598137,-1.191271,100304.0000
1764076117596382856,2025-11-25 18:38:37.593,0.803334,0.843365,215.377167,0.013736,0.011307,0.977906,0.129332,0.162650,9.746242,-0.001173,-0.003981,-0.004530,-0.090144,-0.598150,-1.191745,100302.0000
1764076117695757856,2025-11-25 18:38:37.693,0.793994,0.846694,215.428925,0.013417,0.011322,0.978205,0.167642,0.064460,9.816671,0.006956,-0.004050,-0.011564,-0.087755,-0.597713,-1.194195,100306.0000
1764076117796157208,2025-11-25 18:38:37.793,0.784686,0.851513,215.485535,0.013271,0.010017,0.978469,0.111255,0.129156,9.764318,-0.003674,-0.005121,-0.005405,-0.089660,-0.597670,-1.191760,100302.0000
1764076117896525245,2025-11-25 18:38:37.893,0.780019,0.864648,215.541504,0.013664,0.009701,0.979005,0.164987,0.045226,9.810968,0.000694,-0.004912,-0.011656,-0.091132,-0.598693,-1.194612,100308.0000
1764076117995676338,2025-11-25 18:38:37.993,0.777656,0.876347,215.584412,0.014490,0.009885,0.979277,0.124860,0.157019,9.767979,-0.000277,-0.000297,-0.001016,-0.086289,-0.598590,-1.190832,100304.0000
1764076118095763949,2025-11-25 18:38:38.093,0.781922,0.880775,215.625122,0.015248,0.010330,0.979510,0.194342,0.065804,9.821253,0.003794,-0.001536,-0.002777,-0.087732,-0.597651,-1.191307,100302.0000
1764076118196760689,2025-11-25 18:38:38.193,0.788093,0.867302,215.668915,0.015497,0.010643,0.978806,0.108761,0.151902,9.757492,-0.001752,-0.000687,-0.002421,-0.090143,-0.599563,-1.190760,100302.0000
1764076118295920504,2025-11-25 18:38:38.293,0.790364,0.844096,215.724884,0.015444,0.010346,0.978116,0.188878,0.058118,9.807073,-0.000430,0.003311,-0.007687,-0.086308,-0.601466,-1.191269,100302.0000
1764076118396157300,2025-11-25 18:38:38.393,0.795962,0.810634,215.774231,0.014409,0.009747,0.977510,0.110591,0.133175,9.743925,0.002272,0.003187,-0.007099,-0.084862,-0.599569,-1.192283,100302.0000
1764076118496040745,2025-11-25 18:38:38.493,0.802640,0.778920,215.825577,0.013129,0.009658,0.977740,0.161641,0.048873,9.813281,0.006039,0.002930,-0.009488,-0.083409,-0.599065,-1.191349,100300.0000
1764076118596089337,2025-11-25 18:38:38.593,0.809560,0.764326,215.879166,0.011578,0.009943,0.978000,0.075063,0.145064,9.771870,0.000150,0.001712,-0.003820,-0.085320,-0.597153,-1.190868,100301.0000
1764076118695951578,2025-11-25 18:38:38.693,0.826562,0.777033,215.930939,0.010994,0.010062,0.978557,0.132790,0.051700,9.813903,0.007818,-0.006765,-0.007793,-0.084859,-0.600504,-1.191305,100302.0000
1764076118796368115,2025-11-25 18:38:38.793,0.840492,0.811745,215.977478,0.012155,0.010684,0.978771,0.097445,0.169417,9.763188,-0.000427,-0.007689,-0.002724,-0.082940,-0.600039,-1.192304,100303.0000
1764076118895917837,2025-11-25 18:38:38.892,0.845824,0.848881,216.028793,0.014201,0.011716,0.979093,0.176469,0.081756,9.795318,0.004972,-0.009313,-0.007225,-0.084839,-0.599508,-1.189394,100313.0000
1764076118996042707,2025-11-25 18:38:38.993,0.842856,0.873760,216.085800,0.015808,0.011637,0.978771,0.147026,0.179816,9.764752,-0.003867,-0.000624,-0.003165,-0.085817,-0.599553,-1.191306,100306.0000
1764076119095462429,2025-11-25 18:38:39.092,0.826676,0.867279,216.166229,0.016959,0.012482,0.978965,0.274273,0.142582,9.808597,-0.003581,0.006081,-0.021190,-0.084873,-0.602425,-1.191757,100302.0000
1764076119195634355,2025-11-25 18:38:39.193,0.792921,0.822173,216.341644,0.014719,0.012459,0.977521,0.167765,0.292502,9.809293,-0.012326,0.000684,-0.033307,-0.080537,-0.601451,-1.191836,100301.0000
1764076119295986837,2025-11-25 18:38:39.293,0.747112,0.838737,216.652969,0.015320,0.012411,0.979008,0.090340,0.032360,9.870442,-0.010073,0.000848,-0.071096,-0.079586,-0.604302,-1.191325,100306.0000
1764076119395922726,2025-11-25 18:38:39.393,0.699358,0.779765,217.307022,0.013492,0.011445,0.978519,-0.340210,-0.547443,9.481373,-0.003002,0.011356,-0.149204,-0.068542,-0.603369,-1.194873,100306.0000
1764076119495770781,2025-11-25 18:38:39.493,0.655540,0.730653,218.476776,0.008257,0.015870,0.977211,0.167622,0.706322,9.690538,-0.004470,0.018039,-0.256663,-0.053670,-0.609074,-1.196931,100305.0000
1764076119596171337,2025-11-25 18:38:39.593,0.649494,0.835372,220.027832,-0.000204,0.002114,0.974514,0.309254,-0.127008,9.903543,0.006440,-0.033117,-0.278475,-0.033950,-0.615134,-1.194239,100306.0000
1764076119696158133,2025-11-25 18:38:39.693,0.686668,1.018406,221.733444,0.011463,0.008143,0.978208,0.160948,0.393828,9.644141,0.001990,-0.034144,-0.312081,-0.016636,-0.620260,-1.192008,100302.0000
1764076119795949373,2025-11-25 18:38:39.793,0.744383,1.159551,223.574493,0.025595,0.006038,0.981332,0.400880,0.071653,9.746218,0.016477,-0.014564,-0.320718,0.004958,-0.628801,-1.194122,100306.0000
1764076119896355429,2025-11-25 18:38:39.893,0.797089,1.170254,225.576035,0.028292,0.015454,0.980919,-0.251959,0.272268,9.533664,0.002713,-0.001277,-0.372510,0.029963,-0.635326,-1.191982,100308.0000
1764076119995364466,2025-11-25 18:38:39.993,0.835635,1.036690,227.697510,0.028923,0.010542,0.981128,0.247143,0.038659,9.769723,-0.008021,0.025456,-0.375911,0.059288,-0.639503,-1.192832,100308.0000
1764076120095879558,2025-11-25 18:38:40.093,0.852621,0.806778,229.849442,0.023341,0.008652,0.981098,0.302075,-0.014616,9.708397,0.003996,0.040485,-0.371453,0.087676,-0.641733,-1.191770,100303.0000
1764076120196186503,2025-11-25 18:38:40.193,0.857196,0.583146,231.952377,0.009544,0.013155,0.978307,0.035225,0.311050,9.635268,-0.005886,0.039516,-0.360566,0.118437,-0.645925,-1.193604,100311.0000
1764076120296258207,2025-11-25 18:38:40.293,0.844279,0.454438,233.988213,-0.000746,0.009452,0.975818,-0.379810,-0.569984,9.594932,-0.002909,0.007478,-0.348002,0.144896,-0.645816,-1.194477,100308.0000
1764076120395854799,2025-11-25 18:38:40.393,0.822262,0.448594,235.977325,-0.000205,0.012723,0.974046,0.204377,0.109999,9.769883,-0.007704,-0.017258,-0.343067,0.170374,-0.649533,-1.195276,100304.0000
1764076120495943521,2025-11-25 18:38:40.493,0.779434,0.531640,237.982368,0.005527,0.012647,0.974347,0.333779,0.336460,9.913555,-0.010660,-0.024500,-0.351742,0.194932,-0.647959,-1.194217,100303.0000
1764076120595631058,2025-11-25 18:38:40.593,0.717360,0.645264,240.055923,0.009175,0.012975,0.978338,0.188195,-0.325372,9.969296,-0.021095,-0.025270,-0.374650,0.222845,-0.644988,-1.195636,100305.0000
1764076120696191817,2025-11-25 18:38:40.693,0.685181,0.746548,242.197609,0.015243,0.002775,0.979614,0.323642,-0.615121,9.695824,0.008617,-0.021236,-0.367765,0.248329,-0.644447,-1.198428,100305.0000
1764076120791124669,2025-11-25 18:38:40.787,0.698666,0.803912,257.840149,0.019730,0.009572,0.981688,0.281051,0.714700,9.735156,-0.006581,-0.003295,-0.377396,0.277714,-0.640453,-1.196995,100305.0000
1764076120896133336,2025-11-25 18:38:40.893,0.746203,0.788776,274.927452,0.020616,0.004870,0.980662,0.233518,-0.417035,9.755256,0.004902,0.007280,-0.354591,0.304197,-0.634154,-1.198925,100304.0000
1764076120996253410,2025-11-25 18:38:40.993,0.794795,0.700216,276.979515,0.017662,0.010407,0.979131,0.034597,0.099116,9.741186,0.004590,0.015163,-0.350024,0.331665,-0.630149,-1.196501,100302.0000
1764076121096515410,2025-11-25 18:38:41.093,0.809302,0.589611,279.013985,0.014787,0.013537,0.977565,0.299211,-0.133921,9.702958,0.005082,0.014139,-0.349163,0.355727,-0.627673,-1.197856,100305.0000
1764076121196138225,2025-11-25 18:38:41.193,0.772365,0.475848,281.083565,0.010218,0.017515,0.978239,0.224729,0.890259,9.988480,-0.012759,0.014256,-0.364599,0.383209,-0.618443,-1.196956,100309.0000
1764076121295919224,2025-11-25 18:38:41.293,0.701052,0.416791,283.195038,0.006214,0.011471,0.979601,0.073717,-0.262271,9.971760,-0.011231,-0.002502,-0.377755,0.410175,-0.612610,-1.198405,100303.0000
1764076121396395335,2025-11-25 18:38:41.393,0.652760,0.445396,285.313332,0.006602,0.004469,0.976735,0.172830,0.183822,9.560269,0.001182,-0.012790,-0.354184,0.435247,-0.601989,-1.198936,100303.0000
1764076121495896058,2025-11-25 18:38:41.493,0.649378,0.536682,287.419243,0.009210,0.008918,0.977749,0.115062,-0.040251,9.718785,0.003794,-0.019953,-0.368589,0.461745,-0.592825,-1.200911,100298.0000
1764076121595763391,2025-11-25 18:38:41.593,0.686227,0.644350,289.481697,0.014147,0.006252,0.976776,0.204976,-0.117146,9.766538,0.005198,-0.020591,-0.352005,0.483451,-0.581741,-1.201399,100307.0000
1764076121695970335,2025-11-25 18:38:41.693,0.733006,0.710386,291.508942,0.017413,0.011369,0.976904,0.021865,-0.154585,9.629666,0.011478,-0.011454,-0.348424,0.507073,-0.571146,-1.202872,100307.0000
1764076121795941335,2025-11-25 18:38:41.793,0.747582,0.706194,293.527756,0.020139,0.014983,0.977351,0.208001,0.337645,9.794712,-0.002296,-0.001406,-0.351653,0.530241,-0.558592,-1.201959,100303.0000
1764076121895497817,2025-11-25 18:38:41.893,0.709384,0.657139,295.557671,0.017502,0.015557,0.980769,0.172488,0.167331,9.952085,-0.013433,0.004440,-0.355666,0.554830,-0.548451,-1.202476,100304.0000
1764076121995737557,2025-11-25 18:38:41.993,0.635881,0.609080,297.602497,0.014308,0.012120,0.982119,0.239947,-0.168738,9.968326,-0.017177,0.003567,-0.362018,0.577533,-0.530675,-1.203081,100302.0000
1764076122095776483,2025-11-25 18:38:42.093,0.568537,0.585387,299.653591,0.012636,0.005932,0.980057,0.308366,-0.348076,9.842067,-0.007664,0.000048,-0.351856,0.598296,-0.515774,-1.203614,100302.0000
1764076122196314224,2025-11-25 18:38:42.193,0.539874,0.594826,301.713612,0.012059,0.007198,0.977248,0.098853,0.567231,9.763984,-0.002715,-0.007109,-0.358285,0.620487,-0.501853,-1.205598,100302.0000
1764076122295978687,2025-11-25 18:38:42.293,0.556386,0.622258,303.781006,0.013640,0.005948,0.977030,0.037379,0.219096,9.772480,0.003092,-0.011687,-0.360976,0.642241,-0.484986,-1.203767,100302.0000
1764076122396095724,2025-11-25 18:38:42.393,0.613561,0.640009,305.778870,0.015408,0.004427,0.977547,-0.008424,-0.061540,9.683246,0.011988,-0.006627,-0.331395,0.663480,-0.469158,-1.205766,100309.0000
1764076122496061539,2025-11-25 18:38:42.493,0.682399,0.648452,307.629631,0.017341,0.009882,0.976678,0.156504,0.195420,9.677461,0.002684,-0.001960,-0.309194,0.679942,-0.453727,-1.202872,100310.0000
1764076122596227353,2025-11-25 18:38:42.593,0.713038,0.628809,309.358387,0.017388,0.014086,0.978021,0.044573,0.404108,9.727983,-0.000225,-0.000209,-0.298652,0.696880,-0.440195,-1.199476,100310.0000
1764076122696132575,2025-11-25 18:38:42.693,0.696791,0.577904,310.973404,0.019459,0.012476,0.979490,0.285281,-0.172463,9.829394,-0.003701,0.007705,-0.267385,0.711838,-0.426347,-1.203278,100306.0000
1764076122796036909,2025-11-25 18:38:42.793,0.656442,0.647413,312.434246,0.011683,0.009232,0.975355,0.134100,0.088068,9.838727,-0.013190,-0.031402,-0.242656,0.725840,-0.408244,-1.209058,100303.0000
1764076122895348853,2025-11-25 18:38:42.892,0.637311,0.922906,313.732887,0.023047,0.007923,0.977126,0.278617,0.169880,9.732629,0.001894,-0.059100,-0.204728,0.734560,-0.397676,-1.208384,100304.0000
1764076122995898946,2025-11-25 18:38:42.993,0.645916,1.520585,314.719921,0.034664,0.003068,0.969726,0.411854,-0.039835,9.651000,-0.007274,-0.169690,-0.131963,0.737446,-0.387297,-1.215327,100302.0000
1764076123095464909,2025-11-25 18:38:43.092,0.676852,2.620134,315.241203,0.085358,0.003509,0.972777,1.125101,0.062734,9.603470,0.014253,-0.201668,-0.058687,0.731139,-0.382275,-1.224943,100306.0000
1764076123196202983,2025-11-25 18:38:43.193,0.672889,3.562062,315.551594,0.139882,0.012704,0.978221,1.525809,0.139057,9.927386,-0.006766,-0.112127,-0.044493,0.724840,-0.378177,-1.233100,100298.0000
1764076123295390594,2025-11-25 18:38:43.293,0.613510,3.852533,315.866909,0.167047,0.014250,0.975040,1.475690,0.120143,9.606034,-0.026862,-0.016307,-0.061000,0.721435,-0.376404,-1.238856,100298.0000
1764076123395945834,2025-11-25 18:38:43.393,0.523027,3.789777,316.311832,0.167452,0.006753,0.974186,1.741444,-0.262541,9.780662,-0.024501,0.022898,-0.092546,0.727223,-0.372099,-1.239970,100303.0000
1764076123496419094,2025-11-25 18:38:43.493,0.443770,3.600976,316.821987,0.159653,0.000777,0.974312,2.192352,0.169186,10.090615,-0.017093,0.051223,-0.094200,0.731134,-0.362020,-1.238736,100296.0000
1764076123595751427,2025-11-25 18:38:43.593,0.438279,3.384400,317.272949,0.139542,-0.006318,0.970002,1.470526,0.388767,9.993174,0.003150,0.041950,-0.076715,0.738369,-0.361469,-1.236925,100300.0000
1764076123696015334,2025-11-25 18:38:43.693,0.494345,3.177644,317.653545,0.127978,-0.005364,0.968966,1.050460,0.084265,9.662825,0.013297,0.035302,-0.056137,0.743712,-0.357542,-1.233211,100304.0000
1764076123796515316,2025-11-25 18:38:43.793,0.576204,3.071562,317.996536,0.116593,0.000266,0.968424,0.823707,-0.667341,9.560761,0.017376,0.003252,-0.056383,0.748066,-0.354159,-1.232363,100304.0000
1764076123895743075,2025-11-25 18:38:43.893,0.637218,3.116054,318.262398,0.110457,0.006043,0.969308,1.014391,-0.575321,9.579820,-0.003261,-0.029492,-0.040369,0.748079,-0.350825,-1.232896,100306.0000
1764076123995621204,2025-11-25 18:38:43.993,0.667827,3.295409,318.425388,0.113442,0.009264,0.972035,1.420906,0.886941,9.734606,0.001273,-0.045504,-0.028784,0.751422,-0.350404,-1.236323,100305.0000
1764076124095945649,2025-11-25 18:38:44.093,0.672802,3.563414,318.504578,0.122378,0.006286,0.974022,1.242307,0.347232,9.798677,0.004065,-0.045737,0.006123,0.746123,-0.350915,-1.236719,100305.0000
1764076124196235926,2025-11-25 18:38:44.193,0.679611,3.833248,318.524330,0.130864,0.009948,0.974808,1.400054,-0.056178,9.967148,0.012154,-0.022716,0.006269,0.745155,-0.349050,-1.238659,100306.0000
1764076124296391963,2025-11-25 18:38:44.293,0.698689,3.821528,318.498020,0.129775,0.011106,0.973594,1.382365,-0.168391,9.735000,0.003027,0.030798,0.017077,0.741775,-0.351453,-1.238573,100304.0000
1764076124396257834,2025-11-25 18:38:44.393,0.737495,3.414053,318.406578,0.114644,0.013606,0.975487,1.074314,0.181291,9.788129,0.011246,0.102908,0.017278,0.749505,-0.352750,-1.233851,100310.0000
1764076124496676889,2025-11-25 18:38:44.493,0.773154,2.776415,318.235420,0.075291,0.015322,0.976115,0.182893,0.128788,9.721575,0.008130,0.119069,0.046085,0.752443,-0.352604,-1.227635,100305.0000
1764076124596224611,2025-11-25 18:38:44.593,0.772906,2.202250,317.975433,0.038824,0.021404,0.979621,0.175682,0.605759,9.560089,-0.001639,0.073011,0.044163,0.755350,-0.355366,-1.223302,100300.0000
1764076124696237352,2025-11-25 18:38:44.693,0.739685,1.903178,317.600193,0.020748,0.017014,0.980822,0.736458,0.694010,9.739791,-0.001849,0.016206,0.072645,0.755365,-0.357682,-1.219895,100308.0000
1764076124795248130,2025-11-25 18:38:44.792,0.706082,1.900073,317.110573,0.020171,0.016985,0.982645,0.460530,0.308937,9.903946,0.000882,-0.021528,0.085414,0.753903,-0.365281,-1.217350,100302.0000
1764076124896802259,2025-11-25 18:38:44.893,0.683404,2.084190,316.548920,0.032350,0.018217,0.977010,0.713143,-0.167297,9.767197,0.001950,-0.029615,0.106992,0.746631,-0.370171,-1.221021,100300.0000
1764076124995596648,2025-11-25 18:38:44.993,0.680429,2.293730,315.910553,0.046889,0.018277,0.975616,0.250624,0.473009,9.468122,0.009896,-0.016376,0.112143,0.740334,-0.375495,-1.222774,100300.0000
1764076125095754352,2025-11-25 18:38:45.093,0.693727,2.379527,315.196201,0.054603,0.019077,0.974503,0.302241,0.106956,9.756449,0.013624,0.006804,0.142570,0.734054,-0.381245,-1.222112,100305.0000
1764076125196386352,2025-11-25 18:38:45.193,0.732506,2.300437,314.426418,0.054848,0.023856,0.975233,0.266876,0.219096,9.713572,0.019958,0.027753,0.128961,0.730639,-0.394584,-1.219450,100308.0000
1764076125296448629,2025-11-25 18:38:45.293,0.773956,2.134269,313.622898,0.045460,0.026933,0.977479,0.162219,0.338660,9.667333,0.014905,0.028895,0.149831,0.722924,-0.400320,-1.217804,100308.0000
1764076125396407352,2025-11-25 18:38:45.393,0.795503,1.980582,312.801018,0.035176,0.030239,0.978612,-0.198125,0.381477,9.613782,0.013181,0.012635,0.146891,0.716656,-0.407452,-1.214714,100304.0000
1764076125495983277,2025-11-25 18:38:45.493,0.780238,1.914006,311.945610,0.036976,0.029200,0.981230,1.558002,-0.029907,10.285966,0.001634,0.008504,0.154623,0.710355,-0.415144,-1.215467,100306.0000
1764076125595345277,2025-11-25 18:38:45.593,0.757136,1.960945,311.043804,0.032129,0.029116,0.978360,0.162726,0.601613,9.462800,0.006324,-0.001529,0.157153,0.701162,-0.423803,-1.216163,100306.0000
1764076125695913018,2025-11-25 18:38:45.693,0.756369,2.092236,310.103493,0.032114,0.024283,0.975206,-0.874954,-0.089745,9.586636,0.003614,-0.021890,0.164350,0.692446,-0.433416,-1.216851,100300.0000
1764076125796776518,2025-11-25 18:38:45.793,0.782875,2.246715,309.131550,0.041964,0.028284,0.972898,0.838922,0.347216,9.872874,0.020204,-0.028647,0.170617,0.683755,-0.442490,-1.214658,100301.0000
1764076125896112370,2025-11-25 18:38:45.893,0.813150,2.343162,308.134377,0.051043,0.030839,0.977767,1.638073,0.207559,9.935956,0.014062,0.003798,0.172047,0.672128,-0.451710,-1.218681,100309.0000
1764076125996085444,2025-11-25 18:38:45.993,0.839787,2.371488,307.118927,0.041391,0.030986,0.976087,0.451115,0.425579,9.462004,0.010129,-0.010988,0.184564,0.659568,-0.459440,-1.219823,100305.0000
1764076126095488240,2025-11-25 18:38:46.093,0.859937,2.366950,306.082565,0.043790,0.032797,0.977801,-0.002241,0.200286,9.440108,0.004566,-0.004353,0.187044,0.652350,-0.467958,-1.214289,100299.0000
1764076126197019592,2025-11-25 18:38:46.193,0.871357,2.371994,305.032963,0.040781,0.033811,0.977757,-0.256483,0.444797,9.439533,0.005778,-0.007225,0.180277,0.642187,-0.479000,-1.214453,100298.0000
1764076126295326684,2025-11-25 18:38:46.293,0.862631,2.435401,303.981026,0.041590,0.034681,0.977611,0.406917,0.149644,9.677417,-0.007783,-0.017542,0.183153,0.628675,-0.486236,-1.214625,100304.0000
1764076126395727925,2025-11-25 18:38:46.393,0.826709,2.543403,302.927448,0.043176,0.035040,0.976675,1.061535,0.255827,9.949751,-0.000796,-0.028725,0.187017,0.616105,-0.496822,-1.215242,100302.0000
1764076126495944573,2025-11-25 18:38:46.493,0.772464,2.689343,301.871033,0.051241,0.032054,0.977150,1.322380,0.064919,9.701744,0.003370,-0.016431,0.183203,0.603553,-0.501705,-1.217391,100304.0000
1764076126596255129,2025-11-25 18:38:46.593,0.729554,2.819831,300.801365,0.055851,0.030298,0.976081,0.481954,0.299889,9.942831,-0.005056,-0.019111,0.186603,0.592428,-0.509449,-1.219517,100293.0000
1764076126695901018,2025-11-25 18:38:46.693,0.707705,2.891760,299.725479,0.056333,0.027360,0.978070,-0.376050,0.263670,9.602903,0.018020,0.000210,0.190190,0.580352,-0.519056,-1.219192,100300.0000
1764076126796012425,2025-11-25 18:38:46.793,0.714800,2.892888,298.659321,0.059975,0.030244,0.976868,1.099115,0.188470,9.937391,0.001603,-0.006634,0.184897,0.568769,-0.527686,-1.217927,100301.0000
1764076126896000851,2025-11-25 18:38:46.893,0.748640,2.848916,297.618099,0.061256,0.029724,0.977516,1.099464,0.161666,9.554550,0.028043,0.019042,0.176169,0.559618,-0.532463,-1.215793,100307.0000
1764076126995350036,2025-11-25 18:38:46.993,0.784190,2.797945,296.622299,0.054022,0.034457,0.978570,0.228278,0.250180,10.133985,0.012302,0.020282,0.174364,0.548033,-0.540158,-1.215506,100304.0000
1764076127095555388,2025-11-25 18:38:47.092,0.816341,2.761489,295.669189,0.044917,0.033641,0.975045,-0.499293,0.491586,9.323701,0.018089,-0.001815,0.163334,0.536945,-0.548277,-1.212810,100305.0000
1764076127196190832,2025-11-25 18:38:47.193,0.828770,2.798996,294.743126,0.049377,0.031612,0.975724,1.157637,0.294755,9.462420,0.011687,-0.001707,0.163051,0.526338,-0.554037,-1.211603,100305.0000
1764076127296006665,2025-11-25 18:38:47.293,0.806969,2.903842,293.829468,0.049423,0.034184,0.978042,-0.759603,0.126804,9.977211,0.000702,-0.011252,0.159544,0.514774,-0.557432,-1.211381,100304.0000
1764076127395955239,2025-11-25 18:38:47.393,0.763774,3.006409,292.920395,0.057678,0.029232,0.976740,1.800034,0.434607,10.082793,0.003601,-0.022520,0.162610,0.504124,-0.565194,-1.214477,100302.0000
1764076127495930758,2025-11-25 18:38:47.493,0.723762,3.053697,292.017967,0.063142,0.027332,0.978399,0.259100,0.222909,9.971006,0.004355,0.001419,0.165925,0.492544,-0.572401,-1.213715,100304.0000
1764076127595746350,2025-11-25 18:38:47.593,0.702256,3.071849,291.122101,0.057052,0.023663,0.977208,1.299248,-0.224601,9.970405,0.003014,-0.022839,0.162029,0.484351,-0.575771,-1.213062,100308.0000
1764076127695612610,2025-11-25 18:38:47.693,0.709938,3.054980,290.230064,0.065368,0.027621,0.977582,0.876652,0.444821,9.618865,0.012084,0.012845,0.148595,0.472794,-0.578679,-1.212366,100305.0000
1764076127795714295,2025-11-25 18:38:47.793,0.743691,3.021928,289.381073,0.050668,0.025580,0.975281,-0.899160,0.475754,9.526879,0.014092,0.013504,0.136861,0.460737,-0.585877,-1.211115,100304.0000
1764076127896015998,2025-11-25 18:38:47.893,0.786913,3.008352,288.574699,0.057803,0.028143,0.978662,1.855131,0.162025,10.085071,0.013863,0.005682,0.143331,0.454964,-0.588729,-1.209060,100300.0000
1764076127995347480,2025-11-25 18:38:47.993,0.793288,3.007706,287.786018,0.054852,0.029968,0.976247,0.270072,-0.224110,9.848393,0.000558,0.008886,0.143637,0.444820,-0.594537,-1.210267,100302.0000
1764076128096029109,2025-11-25 18:38:48.093,0.765394,3.038419,287.012863,0.046563,0.028129,0.975275,-0.933807,0.154038,9.208983,0.007413,-0.011628,0.131064,0.433277,-0.597404,-1.207646,100304.0000
1764076128195826609,2025-11-25 18:38:48.193,0.718721,3.101388,286.234924,0.053748,0.025943,0.974735,1.365264,0.392930,9.713764,0.001350,-0.019958,0.143420,0.423147,-0.597988,-1.210377,100304.0000
1764076128295636665,2025-11-25 18:38:48.293,0.690454,3.180549,285.453148,0.060553,0.021765,0.979545,0.607605,-0.244365,10.047061,0.003858,-0.006902,0.141655,0.415438,-0.600879,-1.209738,100306.0000
1764076128396446942,2025-11-25 18:38:48.393,0.683688,3.217615,284.667419,0.057158,0.022775,0.977847,-0.304790,0.197459,9.955576,0.015421,0.003399,0.133888,0.404369,-0.606122,-1.206606,100306.0000
1764076128495729739,2025-11-25 18:38:48.493,0.694686,3.194044,283.899712,0.061902,0.026342,0.978037,-0.156230,0.399433,9.291872,0.014400,0.013586,0.125934,0.396165,-0.607165,-1.208877,100312.0000
1764076128596239498,2025-11-25 18:38:48.593,0.701838,3.141846,283.183861,0.056618,0.028439,0.975522,0.097903,0.763613,9.405950,0.000328,0.004201,0.115425,0.387011,-0.613365,-1.206240,100303.0000
1764076128696113590,2025-11-25 18:38:48.693,0.702678,3.097575,282.518608,0.049846,0.022104,0.974145,-0.180657,-0.398567,9.442362,-0.000130,-0.000720,0.105866,0.376878,-0.613959,-1.209453,100301.0000
1764076128796460072,2025-11-25 18:38:48.793,0.698333,3.101582,281.893921,0.050348,0.021833,0.978110,0.123947,-0.112947,9.760600,0.006348,-0.014100,0.119112,0.366761,-0.618751,-1.207786,100302.0000
1764076128895761683,2025-11-25 18:38:48.892,0.686928,3.144852,281.298820,0.050789,0.023929,0.977392,0.003953,0.684451,9.224173,0.005218,-0.016108,0.098754,0.363874,-0.618764,-1.207744,100304.0000
1764076128995329405,2025-11-25 18:38:48.993,0.674584,3.206971,280.740028,0.054842,0.024794,0.976648,0.071732,0.100932,9.406902,-0.001357,-0.009780,0.082539,0.353754,-0.621208,-1.208039,100301.0000
1764076129095605109,2025-11-25 18:38:49.093,0.666854,3.252617,280.215347,0.056150,0.015901,0.979088,-0.370611,0.011128,10.034854,0.014330,-0.002675,0.087523,0.351341,-0.625009,-1.206500,100301.0000
1764076129196564923,2025-11-25 18:38:49.193,0.668254,3.281616,279.731133,0.057549,0.024089,0.975223,0.811477,0.416777,10.311123,-0.009232,-0.016190,0.086802,0.342693,-0.626430,-1.203944,100302.0000
1764076129296319738,2025-11-25 18:38:49.293,0.678143,3.282408,279.294388,0.060584,0.017872,0.978456,0.371145,0.394766,9.511122,0.009195,0.015867,0.078500,0.336897,-0.626985,-1.206258,100306.0000
1764076129395969071,2025-11-25 18:38:49.393,0.694427,3.267801,278.874229,0.053118,0.016970,0.976157,1.252157,0.168534,9.724762,0.009504,0.001466,0.065796,0.329684,-0.628420,-1.204685,100304.0000
1764076129495924942,2025-11-25 18:38:49.493,0.729158,3.219028,278.472839,0.056343,0.019256,0.977828,0.204260,0.059118,9.374882,0.017021,0.011740,0.072836,0.329677,-0.628440,-1.205648,100312.0000
1764076129595690108,2025-11-25 18:38:49.593,0.764083,3.158981,278.114456,0.052363,0.022491,0.977857,0.059632,0.192100,10.043097,0.002472,0.018520,0.054395,0.323908,-0.631281,-1.203112,100306.0000
1764076129696576368,2025-11-25 18:38:49.693,0.780340,3.126784,279.292435,0.046706,0.019620,0.974696,1.337178,-0.283623,10.003325,0.006062,0.001071,0.054784,0.322452,-0.632263,-1.204039,100310.0000
1764076129795863886,2025-11-25 18:38:49.793,0.776198,3.128089,278.981033,0.047560,0.019935,0.978213,0.435577,0.379655,9.521729,-0.000654,-0.003826,0.062372,0.315728,-0.633676,-1.201510,100299.0000
1764076129895568460,2025-11-25 18:38:49.892,0.775586,3.193242,278.689636,0.050744,0.018843,0.979381,0.022254,0.031385,9.868396,-0.000553,-0.005541,0.048211,0.309451,-0.636591,-1.202336,100303.0000
1764076129995603886,2025-11-25 18:38:49.993,0.759323,3.281688,278.428719,0.052759,0.019269,0.975698,1.401514,-0.085964,10.032401,-0.004828,-0.029444,0.048620,0.305588,-0.634758,-1.205197,100304.0000
1764076130095659664,2025-11-25 18:38:50.092,0.731734,3.361363,278.211876,0.061433,0.017675,0.976550,0.777511,0.397364,9.605837,-0.002573,-0.009764,0.052744,0.301293,-0.633741,-1.201296,100306.0000
1764076130195771330,2025-11-25 18:38:50.193,0.702259,3.392278,278.004486,0.065857,0.013307,0.977034,0.688174,-0.083393,9.933511,0.008421,0.013112,0.037833,0.297434,-0.634256,-1.202195,100304.0000
1764076130296123404,2025-11-25 18:38:50.293,0.682818,3.358642,277.799599,0.060373,0.013907,0.974636,0.037216,-0.222941,9.490598,-0.002380,0.007273,0.040613,0.297909,-0.636154,-1.201692,100301.0000
1764076130396012867,2025-11-25 18:38:50.393,0.688798,3.252821,277.651123,0.058346,0.016430,0.977669,0.829022,0.422053,9.923604,0.007856,0.016534,0.011522,0.296457,-0.637127,-1.202137,100302.0000
1764076130495668497,2025-11-25 18:38:50.493,0.714901,3.146743,277.596573,0.052280,0.012553,0.977220,0.963591,0.026459,9.867151,0.016390,0.025109,0.016453,0.296939,-0.637125,-1.202144,100306.0000
1764076130595316830,2025-11-25 18:38:50.592,0.766730,3.110579,277.604713,0.043937,0.011914,0.976611,0.080627,-0.044146,9.518477,0.011986,0.008725,0.007038,0.292621,-0.635223,-1.201628,100306.0000
1764076130695614423,2025-11-25 18:38:50.692,0.808980,3.146475,277.633415,0.042172,0.015276,0.977498,0.492307,0.359272,9.831602,0.008740,-0.007188,0.000067,0.294050,-0.636670,-1.202590,100302.0000
1764076130795586645,2025-11-25 18:38:50.793,0.819491,3.232075,277.681381,0.045100,0.015250,0.977245,0.046439,-0.264758,9.644981,-0.002270,-0.027695,0.002526,0.292129,-0.639026,-1.200599,100305.0000
1764076130895663959,2025-11-25 18:38:50.893,0.775678,3.330775,277.778816,0.056526,0.017106,0.979073,1.032500,0.171618,9.951255,-0.010704,-0.019027,-0.027821,0.294055,-0.637127,-1.201620,100304.0000
1764076130996281404,2025-11-25 18:38:50.993,0.695219,3.395130,277.919388,0.064523,0.009956,0.978904,1.374539,0.022430,10.109896,-0.011989,0.000609,-0.016745,0.293579,-0.633816,-1.203108,100297.0000
1764076131095506107,2025-11-25 18:38:51.092,0.624903,3.372100,278.091370,0.062023,0.004192,0.975976,0.360913,-0.008216,9.580850,-0.006368,0.025452,-0.020188,0.293567,-0.634792,-1.204056,100306.0000
1764076131195786256,2025-11-25 18:38:51.193,0.603209,3.247020,278.293648,0.059710,0.002202,0.976834,0.402809,-0.144092,9.746593,-0.000731,0.023607,-0.038146,0.297425,-0.633809,-1.203647,100303.0000
1764076131295319218,2025-11-25 18:38:51.292,0.627349,3.084208,278.559387,0.050479,0.002593,0.976559,0.456298,-0.091341,9.880999,0.000794,0.027004,-0.058043,0.302223,-0.633350,-1.205650,100312.0000
1764076131396012626,2025-11-25 18:38:51.393,0.673287,2.948197,278.878876,0.042004,0.002447,0.977867,0.501172,-0.038306,10.062072,-0.003986,0.018615,-0.038205,0.308491,-0.633759,-1.203810,100306.0000
1764076131495898274,2025-11-25 18:38:51.493,0.710129,2.886292,279.192497,0.035974,0.006262,0.977326,0.227258,0.023093,9.709104,0.005489,0.000419,-0.056274,0.313330,-0.631309,-1.201992,100304.0000
1764076131595676218,2025-11-25 18:38:51.593,0.699296,2.873075,279.498367,0.038310,0.008927,0.978395,0.251749,0.319090,9.686679,-0.011263,-0.004238,-0.047997,0.315257,-0.630822,-1.202028,100304.0000
1764076131696320163,2025-11-25 18:38:51.693,0.644154,2.878535,279.826996,0.041533,0.006047,0.978195,0.700227,-0.019567,9.943969,-0.012985,-0.000789,-0.050565,0.319545,-0.633273,-1.205906,100302.0000
1764076131795732514,2025-11-25 18:38:51.793,0.569817,2.876087,280.185982,0.045084,0.003188,0.976928,0.358218,0.393803,9.690410,-0.017013,0.006649,-0.058897,0.322948,-0.628450,-1.204586,100306.0000
1764076131895351255,2025-11-25 18:38:51.893,0.525109,2.829814,280.582596,0.045800,-0.001811,0.978060,0.352931,-0.051325,9.700736,-0.006407,0.005827,-0.065460,0.329191,-0.630810,-1.204641,100302.0000
1764076131995356237,2025-11-25 18:38:51.993,0.539341,2.764855,281.007996,0.044200,-0.004909,0.978158,0.407299,-0.052104,9.800731,0.006571,0.012120,-0.065899,0.333519,-0.627498,-1.207163,100305.0000
1764076132095930237,2025-11-25 18:38:52.093,0.608991,2.692732,281.443192,0.043286,-0.003658,0.977826,0.461039,-0.099951,9.761153,0.021235,0.016495,-0.056587,0.341736,-0.624534,-1.204440,100306.0000
1764076132195945607,2025-11-25 18:38:52.193,0.681411,2.619660,281.861465,0.035456,0.002541,0.977034,0.367659,0.169105,9.679896,0.011821,0.010287,-0.066167,0.343136,-0.629355,-1.206795,100302.0000
1764076132295509940,2025-11-25 18:38:52.293,0.719131,2.563260,282.272156,0.033490,0.007075,0.977085,0.259385,0.002151,9.785364,-0.001329,0.011721,-0.058542,0.347988,-0.623571,-1.205510,100311.0000
1764076132395758940,2025-11-25 18:38:52.393,0.714865,2.537262,282.676048,0.035102,0.007833,0.980397,0.277899,0.459921,9.653613,0.000931,0.005570,-0.066696,0.353762,-0.624958,-1.204611,100294.0000
1764076132495871144,2025-11-25 18:38:52.493,0.685175,2.523003,283.087769,0.037225,0.004980,0.978811,0.510262,-0.181354,9.754520,-0.009873,0.004744,-0.065497,0.358083,-0.625437,-1.205630,100301.0000
1764076132596007514,2025-11-25 18:38:52.593,0.655129,2.504185,283.524071,0.034857,0.004030,0.977246,0.392748,0.063728,9.686958,-0.009688,0.001910,-0.062705,0.364857,-0.620121,-1.204366,100308.0000
1764076132696129662,2025-11-25 18:38:52.693,0.633630,2.499506,283.974556,0.036149,0.001000,0.977702,0.267184,-0.061316,9.671191,-0.001332,-0.001490,-0.081784,0.368704,-0.619636,-1.204912,100305.0000
1764076132796058218,2025-11-25 18:38:52.793,0.641904,2.487891,284.428696,0.037315,-0.002246,0.977385,0.665296,-0.122439,9.875663,0.003271,0.001899,-0.065788,0.374957,-0.617728,-1.206478,100310.0000
1764076132895577236,2025-11-25 18:38:52.892,0.665078,2.487058,284.867561,0.034879,-0.000168,0.976961,0.292600,-0.284580,9.638519,0.008182,-0.002827,-0.064303,0.379805,-0.614312,-1.204193,100307.0000
1764076132995569755,2025-11-25 18:38:52.993,0.669814,2.446379,285.298874,0.040751,0.004085,0.978848,0.250138,-0.289147,9.748357,0.003468,0.010598,-0.067866,0.382696,-0.613344,-1.204250,100305.0000
1764076133096123440,2025-11-25 18:38:53.093,0.663358,2.382172,285.737358,0.037057,0.004153,0.979126,0.517153,-0.104949,9.911710,-0.001239,0.012282,-0.073617,0.391350,-0.614738,-1.204357,100305.0000
1764076133196325773,2025-11-25 18:38:53.193,0.654701,2.339644,286.176399,0.033239,0.002746,0.978635,0.154550,0.087530,9.857499,-0.006528,0.008675,-0.074163,0.395694,-0.610439,-1.205449,100302.0000
1764076133296236865,2025-11-25 18:38:53.293,0.662719,2.308688,286.619263,0.031038,0.000771,0.977401,0.522902,-0.004538,9.820060,0.007307,0.001836,-0.080036,0.401963,-0.609903,-1.204105,100302.0000
1764076133395768532,2025-11-25 18:38:53.393,0.681464,2.300732,287.075073,0.032291,0.004574,0.977690,0.499534,0.101061,9.597571,-0.009004,-0.009585,-0.078621,0.408236,-0.605586,-1.204745,100302.0000
1764076133495521699,2025-11-25 18:38:53.493,0.692554,2.325305,287.572021,0.032889,0.002784,0.976931,0.247745,-0.189615,9.786342,0.003227,-0.008972,-0.082852,0.414984,-0.606938,-1.202415,100299.0000
1764076133596122736,2025-11-25 18:38:53.593,0.686351,2.371753,288.075768,0.034039,0.002811,0.976312,0.120615,0.280604,9.604452,-0.010237,-0.016018,-0.080297,0.416879,-0.606066,-1.206791,100306.0000
1764076133695533754,2025-11-25 18:38:53.693,0.681454,2.438885,288.538864,0.038481,-0.000015,0.977763,0.226624,0.053227,9.610883,0.001772,-0.010220,-0.068393,0.422179,-0.602251,-1.208372,100308.0000
1764076133795306310,2025-11-25 18:38:53.793,0.674142,2.466649,288.969566,0.043826,0.000853,0.980282,0.562520,-0.110646,9.939850,-0.006489,-0.002698,-0.066379,0.426525,-0.602191,-1.206510,100304.0000
1764076133895945328,2025-11-25 18:38:53.893,0.670838,2.435373,289.395897,0.039821,0.002830,0.979039,0.281238,-0.238988,9.554003,0.001239,0.008663,-0.071293,0.433764,-0.597859,-1.206683,100300.0000
1764076133996810754,2025-11-25 18:38:53.993,0.669959,2.384276,289.842003,0.035755,0.002539,0.978055,0.079843,0.370969,9.631218,-0.005262,-0.000744,-0.066064,0.438576,-0.596892,-1.207250,100304.0000
1764076134095477643,2025-11-25 18:38:54.092,0.670209,2.358680,290.318230,0.035771,0.003333,0.976174,0.150924,0.167596,9.777757,-0.005267,-0.009083,-0.087200,0.444357,-0.595434,-1.207358,100306.0000
1764076134196344013,2025-11-25 18:38:54.193,0.672765,2.385860,290.797279,0.036238,-0.001264,0.976127,0.333248,0.118934,9.823103,-0.000291,-0.012419,-0.071551,0.449185,-0.592068,-1.207480,100304.0000
1764076134295664217,2025-11-25 18:38:54.293,0.673395,2.410431,291.251404,0.039934,0.000762,0.978996,0.542045,-0.109314,9.725966,-0.003009,-0.002734,-0.077548,0.455458,-0.587751,-1.208119,100306.0000
1764076134395733402,2025-11-25 18:38:54.393,0.673723,2.413273,291.683640,0.036747,0.002959,0.978173,0.336884,0.091683,9.682605,0.003330,0.005158,-0.083313,0.460259,-0.585870,-1.210627,100306.0000
1764076134495744976,2025-11-25 18:38:54.493,0.672723,2.430537,292.102234,0.035677,0.001347,0.979175,0.685319,-0.066842,10.098351,-0.002674,-0.003213,-0.073837,0.466035,-0.586311,-1.210224,100300.0000
1764076134596125087,2025-11-25 18:38:54.593,0.662199,2.464675,292.517586,0.038099,0.004812,0.978558,0.215065,0.191873,9.705487,-0.002163,-0.008019,-0.080224,0.470391,-0.583395,-1.208887,100298.0000
1764076134695796328,2025-11-25 18:38:54.693,0.643770,2.517164,292.955299,0.042508,0.002690,0.977914,0.597711,-0.015293,9.938936,-0.005396,-0.005142,-0.079840,0.475210,-0.579583,-1.210461,100304.0000
1764076134796287328,2025-11-25 18:38:54.793,0.619043,2.540626,293.405518,0.042848,0.002324,0.975781,0.524430,0.217978,9.925190,-0.004603,-0.004689,-0.080713,0.480507,-0.579549,-1.210058,100300.0000
1764076134895643624,2025-11-25 18:38:54.893,0.608277,2.539878,293.854599,0.043299,-0.000037,0.976802,0.334598,0.052815,9.739141,-0.003463,0.000140,-0.065097,0.484840,-0.575749,-1.212106,100304.0000
1764076134996447716,2025-11-25 18:38:54.993,0.626311,2.505428,294.274712,0.043420,-0.001523,0.978440,0.378542,-0.021891,9.763352,0.002964,0.003242,-0.070761,0.489684,-0.572343,-1.210303,100301.0000
1764076135096269883,2025-11-25 18:38:55.093,0.663485,2.474401,294.661552,0.041410,0.000556,0.978841,0.341592,0.242390,9.821033,0.002399,0.009388,-0.068283,0.494997,-0.569910,-1.209455,100300.0000
1764076135195923031,2025-11-25 18:38:55.193,0.688722,2.467352,295.026527,0.036397,0.003832,0.977760,0.305080,0.183763,9.753872,0.001738,0.003397,-0.058790,0.501230,-0.570410,-1.211947,100302.0000
1764076135295982864,2025-11-25 18:38:55.293,0.688318,2.498366,295.388260,0.038190,0.005000,0.977956,0.555111,-0.302642,9.740369,-0.003343,-0.010556,-0.057330,0.502201,-0.569441,-1.211495,100307.0000
1764076135396488864,2025-11-25 18:38:55.393,0.679694,2.562623,295.743591,0.041955,0.004229,0.978238,0.256564,0.151737,9.737392,-0.001738,-0.014104,-0.068780,0.506085,-0.563203,-1.211165,100310.0000
1764076135495283179,2025-11-25 18:38:55.492,0.663625,2.608933,296.095444,0.047763,0.003832,0.977938,0.501530,-0.241235,9.683207,-0.008407,-0.001473,-0.049504,0.510402,-0.561335,-1.214147,100305.0000
1764076135595491105,2025-11-25 18:38:55.593,0.648735,2.599487,296.417583,0.046096,0.004375,0.975612,0.277875,0.137280,9.679189,-0.006183,0.002540,-0.064003,0.514286,-0.560280,-1.210367,100301.0000
1764076135695923031,2025-11-25 18:38:55.693,0.639636,2.546218,296.695335,0.044897,0.002897,0.977497,0.678451,-0.210075,9.858754,-0.002527,0.013104,-0.042019,0.516193,-0.559377,-1.213299,100306.0000
1764076135795964494,2025-11-25 18:38:55.793,0.640360,2.487102,296.963543,0.040155,0.004684,0.977775,0.169791,0.211375,9.636772,0.000988,0.010194,-0.050766,0.519543,-0.559881,-1.215267,100295.0000
1764076135895552716,2025-11-25 18:38:55.893,0.645759,2.474399,297.230793,0.035886,0.003737,0.977405,0.193410,-0.136099,9.568599,0.000894,-0.007709,-0.037418,0.524419,-0.555448,-1.210109,100303.0000
1764076135996082938,2025-11-25 18:38:55.993,0.653032,2.523152,297.485970,0.039455,0.003818,0.977660,0.161956,0.052804,9.596496,-0.005023,-0.014805,-0.043433,0.527285,-0.554073,-1.213543,100304.0000
1764076136095533012,2025-11-25 18:38:56.093,0.667801,2.599530,297.732975,0.045264,0.006630,0.978299,0.728860,0.055256,9.789490,0.004251,-0.015462,-0.048662,0.531152,-0.552125,-1.212666,100303.0000
1764076136197547753,2025-11-25 18:38:56.193,0.678371,2.682219,297.988789,0.047886,0.006871,0.978022,0.596274,0.186192,9.838413,-0.000992,-0.012510,-0.047862,0.530658,-0.555461,-1.212127,100305.0000
1764076136296192419,2025-11-25 18:38:56.293,0.680671,2.726815,298.258957,0.050446,0.007256,0.977488,0.750488,0.173088,9.763883,0.001489,-0.000156,-0.043184,0.534485,-0.552201,-1.217049,100302.0000
1764076136396561567,2025-11-25 18:38:56.393,0.675148,2.709507,298.530994,0.047980,0.004737,0.977381,0.564346,0.055771,9.726625,-0.002376,0.002594,-0.035819,0.538387,-0.547803,-1.213320,100306.0000
1764076136496314901,2025-11-25 18:38:56.493,0.658723,2.678459,298.766491,0.048696,0.005983,0.977615,0.406771,0.229083,9.802250,0.000152,0.004873,-0.044115,0.540300,-0.547825,-1.214793,100300.0000
1764076136596174326,2025-11-25 18:38:56.593,0.652531,2.647583,298.970249,0.045669,0.004297,0.977297,0.447188,0.080948,9.950606,0.004105,0.009650,-0.034428,0.540793,-0.545435,-1.214837,100304.0000
1764076136695941845,2025-11-25 18:38:56.693,0.666229,2.644693,299.170212,0.041951,0.005571,0.976088,0.212835,-0.233882,9.592264,0.002976,-0.004357,-0.030760,0.544677,-0.542968,-1.212042,100304.0000
1764076136795965623,2025-11-25 18:38:56.793,0.682213,2.666926,299.375465,0.044632,0.008347,0.976851,0.555184,-0.072418,9.770202,0.000828,-0.004133,-0.047328,0.546096,-0.542555,-1.215441,100302.0000
1764076136896467789,2025-11-25 18:38:56.893,0.690537,2.703572,299.573406,0.043756,0.006317,0.978260,0.537644,0.212042,9.914717,0.003625,-0.006091,-0.020041,0.547072,-0.540630,-1.215002,100306.0000
1764076136995366937,2025-11-25 18:38:56.993,0.696711,2.744928,299.745361,0.046497,0.007434,0.978461,0.524562,0.103867,9.818905,-0.003726,-0.007864,-0.042553,0.549964,-0.539662,-1.215060,100303.0000
1764076137095586104,2025-11-25 18:38:57.093,0.706064,2.773780,299.892128,0.049387,0.007489,0.978037,0.419521,0.017619,9.682027,0.003327,-0.005831,-0.007610,0.553355,-0.538640,-1.212718,100295.0000
1764076137197164252,2025-11-25 18:38:57.193,0.708098,2.766448,300.039707,0.050593,0.010434,0.978293,0.568883,0.372486,9.844407,-0.006672,0.003863,-0.027960,0.553352,-0.538650,-1.213199,100299.0000
1764076137295935419,2025-11-25 18:38:57.293,0.701961,2.746430,300.192554,0.047597,0.008008,0.975192,0.535351,-0.077463,9.732108,0.003024,-0.004464,-0.021705,0.555292,-0.536243,-1.212782,100300.0000
1764076137395893715,2025-11-25 18:38:57.393,0.698271,2.745168,300.330784,0.046451,0.009125,0.976032,0.639508,0.216497,9.720742,0.001792,-0.004307,-0.022350,0.556724,-0.536267,-1.214248,100303.0000
1764076137495516678,2025-11-25 18:38:57.493,0.700419,2.739752,300.449104,0.045967,0.007823,0.978309,0.502659,0.342781,9.728798,0.005677,0.005355,-0.011857,0.559604,-0.535329,-1.215749,100309.0000
1764076137595922696,2025-11-25 18:38:57.593,0.716610,2.760067,300.546036,0.045187,0.006690,0.980378,0.344007,-0.209218,9.753119,0.005314,0.006226,-0.016551,0.561038,-0.537233,-1.215742,100302.0000
1764076137695889196,2025-11-25 18:38:57.693,0.735635,2.788658,300.622562,0.046386,0.011622,0.978700,0.365990,0.240658,9.737839,0.010965,0.000826,-0.005113,0.561075,-0.532894,-1.213882,100303.0000
1764076137796189474,2025-11-25 18:38:57.793,0.746244,2.807962,300.699738,0.049491,0.012247,0.976803,0.450600,-0.025742,9.743963,0.003291,-0.006406,-0.016107,0.561065,-0.533392,-1.214837,100306.0000
1764076137896238418,2025-11-25 18:38:57.893,0.723059,2.837287,300.749016,0.050347,0.014343,0.974751,0.477333,0.341369,9.598876,0.001159,-0.009059,-0.009069,0.558174,-0.533415,-1.215276,100310.0000
1764076137995351140,2025-11-25 18:38:57.993,0.685739,2.829288,300.788612,0.050931,0.011352,0.976150,0.182640,0.135649,9.591970,-0.008100,-0.002875,-0.017773,0.560079,-0.534402,-1.217215,100303.0000
1764076138096585270,2025-11-25 18:38:58.093,0.660200,2.798179,300.822716,0.050782,0.007402,0.978232,0.462877,0.151006,9.775517,-0.001245,0.006137,-0.001092,0.560568,-0.534380,-1.216259,100300.0000
1764076138196434085,2025-11-25 18:38:58.193,0.653811,2.764583,300.849865,0.048054,0.008542,0.978136,0.609500,0.158168,9.810045,-0.005672,0.006579,-0.013286,0.562028,-0.532442,-1.215347,100296.0000
1764076138296505474,2025-11-25 18:38:58.293,0.661348,2.763936,300.986843,0.044560,0.011578,0.978152,0.426786,0.560421,9.599448,0.001082,-0.000871,-0.035342,0.563478,-0.533361,-1.213910,100299.0000
1764076138396357696,2025-11-25 18:38:58.393,0.645961,2.853813,301.389851,0.042398,0.009127,0.975944,-0.215833,-0.068493,9.510295,-0.003897,-0.039169,-0.104476,0.565399,-0.529592,-1.216885,100307.0000
1764076138495539307,2025-11-25 18:38:58.493,0.606244,3.063774,302.085342,0.058414,0.004193,0.975522,1.557225,0.284652,9.737696,-0.013533,-0.050854,-0.139616,0.572618,-0.523899,-1.220450,100301.0000
1764076138596140214,2025-11-25 18:38:58.593,0.524741,3.308964,303.020645,0.063609,-0.001995,0.976162,-0.134694,-0.698597,10.194213,-0.032223,-0.046258,-0.183590,0.580340,-0.516729,-1.222117,100300.0000
1764076138696422047,2025-11-25 18:38:58.693,0.458311,3.449508,304.018368,0.072213,-0.015982,0.975131,1.024093,-0.370997,9.491751,-0.010566,-0.025975,-0.167705,0.589033,-0.507178,-1.224317,100306.0000
1764076138796154603,2025-11-25 18:38:58.793,0.437989,3.406491,304.953365,0.076644,-0.021873,0.980343,0.357104,0.192269,9.795540,-0.004399,0.031104,-0.157474,0.601093,-0.501859,-1.224094,100300.0000
1764076138896162566,2025-11-25 18:38:58.893,0.477861,3.186832,305.819828,0.064904,-0.016781,0.978804,0.149893,-0.550410,9.514366,0.000739,0.052667,-0.146684,0.610769,-0.491774,-1.223909,100302.0000
1764076138995309362,2025-11-25 18:38:58.993,0.553653,2.903392,306.659073,0.048778,-0.015894,0.978956,1.331085,0.057023,10.021179,0.014282,0.045872,-0.129524,0.618499,-0.489300,-1.221653,100303.0000
1764076139095558640,2025-11-25 18:38:59.092,0.625308,2.691877,307.488804,0.037673,-0.004792,0.980416,0.426319,-0.121706,10.146607,0.001058,0.038463,-0.157376,0.630584,-0.481085,-1.220029,100302.0000
1764076139196652529,2025-11-25 18:38:59.193,0.669202,2.640780,308.301022,0.023177,-0.006325,0.972102,-0.256848,0.125105,9.215335,0.001835,-0.013919,-0.127593,0.640721,-0.478123,-1.217816,100298.0000
1764076139296179362,2025-11-25 18:38:59.293,0.671344,2.764470,309.097675,0.029712,0.002650,0.976161,-0.081664,0.233260,9.829877,-0.015013,-0.039497,-0.142094,0.646993,-0.470980,-1.220425,100299.0000
1764076139395609880,2025-11-25 18:38:59.393,0.652832,2.935277,309.895283,0.048835,-0.007871,0.977799,1.081994,-0.535165,9.892730,-0.002129,-0.024313,-0.132017,0.652810,-0.459998,-1.222123,100306.0000
1764076139495746528,2025-11-25 18:38:59.493,0.642513,3.026528,310.656548,0.058468,-0.004733,0.979328,1.035178,-0.017222,9.876886,-0.006914,0.002249,-0.127086,0.660037,-0.455697,-1.223740,100302.0000
1764076139595555473,2025-11-25 18:38:59.593,0.645371,3.009197,311.386021,0.055701,-0.004276,0.977136,-0.098122,-0.298557,9.448644,-0.004893,0.019307,-0.127298,0.666822,-0.447526,-1.223001,100303.0000
1764076139696153769,2025-11-25 18:38:59.693,0.658795,2.911282,312.063545,0.053708,-0.005432,0.979354,0.448624,0.275143,9.728807,-0.004801,0.017801,-0.108660,0.671644,-0.444648,-1.223597,100304.0000
1764076139795580417,2025-11-25 18:38:59.793,0.668378,2.751530,312.681904,0.048440,-0.003033,0.979722,0.527787,0.409805,9.868054,0.002429,0.028109,-0.106724,0.683712,-0.437419,-1.223404,100303.0000
1764076139896917306,2025-11-25 18:38:59.893,0.672044,2.602403,313.237499,0.039626,-0.000399,0.977167,0.331814,0.567822,9.682533,-0.001542,0.020727,-0.094788,0.690021,-0.431120,-1.220703,100304.0000
1764076139996366713,2025-11-25 18:38:59.993,0.652696,2.525293,313.750698,0.035848,0.000690,0.977441,0.308476,-0.078573,9.590073,-0.005615,0.002462,-0.093114,0.692424,-0.430174,-1.221716,100308.0000
1764076140096216713,2025-11-25 18:39:00.093,0.622194,2.537954,314.233086,0.035454,-0.001280,0.976549,0.177233,-0.306600,9.633126,-0.011085,-0.015598,-0.077952,0.699684,-0.422489,-1.221458,100306.0000
1764076140196768658,2025-11-25 18:39:00.193,0.592634,2.598825,314.682762,0.045561,0.002429,0.976560,0.639958,-0.177312,9.789264,-0.008851,-0.011903,-0.083316,0.701143,-0.417726,-1.222516,100298.0000
1764076140296197602,2025-11-25 18:39:00.293,0.568384,2.665444,315.109646,0.044437,0.000032,0.975800,0.358143,-0.079486,9.625817,-0.014121,-0.008511,-0.071289,0.704514,-0.414876,-1.224054,100302.0000
1764076140396103695,2025-11-25 18:39:00.393,0.563944,2.705664,315.513927,0.048294,-0.001403,0.978383,0.157990,-0.195078,9.604092,0.001798,0.007096,-0.072432,0.708849,-0.411543,-1.225613,100303.0000
1764076140496116880,2025-11-25 18:39:00.493,0.577944,2.694302,315.914356,0.044722,0.000045,0.977230,0.302247,0.199492,9.808315,0.001114,-0.004156,-0.075229,0.711287,-0.406735,-1.224759,100304.0000
1764076140595938861,2025-11-25 18:39:00.593,0.607506,2.687610,316.297832,0.044981,0.000774,0.977859,0.351125,0.134928,9.819780,0.001962,-0.004079,-0.064845,0.715175,-0.400487,-1.223948,100298.0000
1764076140695740435,2025-11-25 18:39:00.693,0.633951,2.657215,316.657925,0.047945,0.003600,0.980154,0.764317,0.427029,9.737873,-0.002879,0.004098,-0.063786,0.719023,-0.400003,-1.224494,100308.0000
1764076140795509398,2025-11-25 18:39:00.793,0.640551,2.603543,316.998283,0.045090,0.004215,0.977575,0.615705,-0.273621,9.657139,-0.001579,0.003443,-0.057359,0.722899,-0.396143,-1.223647,100297.0000
1764076140895459083,2025-11-25 18:39:00.893,0.635796,2.575050,317.314610,0.042281,0.004653,0.977139,0.282699,-0.130319,9.814864,-0.002896,0.003008,-0.055377,0.727255,-0.393227,-1.222311,100310.0000
1764076140996103953,2025-11-25 18:39:00.993,0.626727,2.615590,317.617977,0.039047,0.005085,0.975221,0.140754,0.180432,9.512577,-0.008984,-0.007447,-0.055751,0.728720,-0.388922,-1.222398,100303.0000
1764076141095844750,2025-11-25 18:39:01.093,0.623521,2.704669,317.913544,0.037810,0.002997,0.975893,0.137779,-0.009038,9.692476,-0.000660,-0.014934,-0.045623,0.730629,-0.386596,-1.225833,100304.0000
1764076141195724861,2025-11-25 18:39:01.193,0.626192,2.807077,318.176056,0.044300,0.004324,0.976058,0.420520,-0.088404,9.710752,0.003563,-0.026658,-0.048938,0.731597,-0.384691,-1.226358,100305.0000
1764076141296000268,2025-11-25 18:39:01.293,0.644170,2.881792,318.388706,0.052401,0.004737,0.979432,0.909075,0.240403,9.860153,0.006574,-0.010125,-0.033833,0.730634,-0.384228,-1.226832,100303.0000
1764076141396184935,2025-11-25 18:39:01.393,0.669039,2.877125,318.559803,0.053229,0.006359,0.979748,0.613022,-0.025249,9.805987,0.006874,0.006684,-0.025326,0.731623,-0.378024,-1.227423,100302.0000
1764076141495285564,2025-11-25 18:39:01.492,0.688750,2.824497,318.703362,0.051070,0.007100,0.978380,0.486998,0.175169,9.804233,0.001860,0.014215,-0.013518,0.733564,-0.380800,-1.223556,100305.0000
1764076141595901046,2025-11-25 18:39:01.593,0.684036,2.756433,318.830822,0.046971,0.009767,0.977151,0.547151,-0.124472,9.723119,-0.002251,0.011526,-0.019372,0.735983,-0.378868,-1.223140,100304.0000
1764076141695891009,2025-11-25 18:39:01.693,0.659010,2.713689,318.928749,0.043584,0.008823,0.977433,0.629159,-0.150711,10.068834,-0.006079,0.000742,-0.020624,0.737421,-0.378405,-1.224131,100307.0000
1764076141795520731,2025-11-25 18:39:01.793,0.644431,2.723662,319.004986,0.042512,0.008494,0.976665,0.208449,0.268773,9.693534,0.001522,-0.001553,-0.004136,0.735967,-0.377497,-1.226050,100304.0000
1764076141896964249,2025-11-25 18:39:01.893,0.636015,2.780131,319.078636,0.042700,0.007497,0.976831,0.313769,-0.314674,9.702330,-0.004458,-0.013353,-0.014033,0.739365,-0.374575,-1.224218,100305.0000
1764076141995579212,2025-11-25 18:39:01.992,0.639080,2.872827,319.148045,0.046453,0.009039,0.976473,0.539869,0.313010,9.739147,0.001100,-0.021397,-0.020399,0.738389,-0.375087,-1.225641,100301.0000
1764076142095947749,2025-11-25 18:39:02.093,0.645308,2.949529,319.205544,0.053698,0.009351,0.977759,0.738104,0.441982,9.857144,-0.001039,-0.015232,-0.011211,0.739834,-0.373190,-1.226654,100304.0000
1764076142196202508,2025-11-25 18:39:02.193,0.642703,2.964072,319.243607,0.054756,0.010374,0.976466,0.490513,0.254811,9.628418,-0.000869,-0.003425,0.000646,0.738391,-0.374609,-1.225648,100306.0000
1764076142295968379,2025-11-25 18:39:02.293,0.618396,2.925428,319.269085,0.054081,0.011118,0.978018,0.616126,0.078306,9.950676,-0.005947,0.010215,0.002802,0.736944,-0.373681,-1.226604,100302.0000
1764076142395959786,2025-11-25 18:39:02.393,0.594387,2.872753,319.286785,0.049477,0.007156,0.977828,0.435392,-0.141319,9.806352,0.000636,0.007942,-0.006276,0.738869,-0.373672,-1.226633,100306.0000
1764076142495735897,2025-11-25 18:39:02.493,0.589901,2.835225,319.295582,0.049068,0.008629,0.978650,0.363050,0.348547,9.776917,0.007723,0.008099,0.003721,0.738868,-0.374617,-1.226137,100300.0000
1764076142596195119,2025-11-25 18:39:02.593,0.605213,2.841235,319.322826,0.045206,0.008899,0.977415,0.424522,-0.010600,9.619655,0.004419,-0.001460,-0.002036,0.739355,-0.372715,-1.226655,100307.0000
1764076142696628508,2025-11-25 18:39:02.693,0.630926,2.885336,319.338055,0.046489,0.009906,0.976831,0.346926,0.193437,9.801397,0.009817,-0.011446,-0.000616,0.742708,-0.374153,-1.227645,100300.0000
1764076142795990045,2025-11-25 18:39:02.793,0.644549,2.906995,319.339920,0.050431,0.011481,0.976863,0.535801,-0.132068,9.820102,-0.001308,-0.006023,0.001188,0.738382,-0.373217,-1.227596,100301.0000
1764076142896061286,2025-11-25 18:39:02.893,0.645556,2.909051,319.350574,0.051941,0.012684,0.977247,0.723886,-0.172307,9.993864,0.001089,-0.000768,0.000277,0.741287,-0.373631,-1.225224,100300.0000
1764076142995325193,2025-11-25 18:39:02.992,0.638399,2.884932,319.386539,0.046536,0.013304,0.977082,0.366719,0.048805,9.847447,-0.008169,-0.000062,-0.012845,0.741281,-0.373174,-1.226194,100301.0000
1764076143095757360,2025-11-25 18:39:03.092,0.633267,2.875851,319.453270,0.047453,0.009857,0.978523,0.429425,0.051785,9.934457,0.001611,-0.001481,-0.009697,0.741286,-0.372218,-1.226209,100300.0000
1764076143195785582,2025-11-25 18:39:03.192,0.637580,2.902758,319.520073,0.050018,0.006588,0.979188,0.382791,-0.028522,9.774141,0.002156,0.001514,-0.004772,0.740326,-0.373158,-1.225217,100304.0000
1764076143295603600,2025-11-25 18:39:03.293,0.650725,2.928834,319.573753,0.049856,0.009739,0.976292,0.144239,0.227746,9.626042,0.008289,-0.000828,-0.015691,0.740805,-0.372220,-1.226202,100306.0000
1764076143396321433,2025-11-25 18:39:03.393,0.663266,2.943317,319.603821,0.051796,0.010757,0.976605,0.424376,-0.097647,9.710594,0.007014,-0.005153,-0.006020,0.740818,-0.370299,-1.225750,100302.0000
1764076143496049100,2025-11-25 18:39:03.493,0.666562,2.919406,319.619907,0.049590,0.012075,0.976370,0.379151,0.066755,9.731729,-0.002068,0.004625,-0.009006,0.740303,-0.373219,-1.228105,100308.0000
1764076143596518433,2025-11-25 18:39:03.593,0.644741,2.890336,319.627728,0.047232,0.010623,0.976415,0.431238,-0.168563,9.724767,0.002281,0.003810,0.007821,0.743202,-0.370817,-1.228185,100304.0000
1764076143696059359,2025-11-25 18:39:03.693,0.613066,2.898168,319.634968,0.045789,0.010262,0.976379,0.416118,0.253030,9.811248,-0.005072,-0.007830,0.003657,0.742228,-0.370852,-1.229615,100300.0000
1764076143796778952,2025-11-25 18:39:03.793,0.594504,2.922338,319.623569,0.049599,0.007788,0.979107,0.405516,-0.083988,9.770979,0.000672,-0.003236,0.012716,0.742240,-0.370821,-1.228171,100301.0000
1764076143896538655,2025-11-25 18:39:03.893,0.610747,2.932145,319.577793,0.051067,0.009157,0.979468,0.154694,0.273928,9.680667,0.002370,-0.002789,0.011464,0.741770,-0.369380,-1.227704,100304.0000
1764076143995951266,2025-11-25 18:39:03.993,0.638564,2.901956,319.530655,0.052061,0.011976,0.977949,0.325096,0.336836,9.719545,0.011633,0.009928,0.014216,0.742248,-0.370801,-1.227208,100304.0000
1764076144095726174,2025-11-25 18:39:04.093,0.635873,2.852720,319.508789,0.046919,0.016075,0.976451,0.427532,0.013137,9.755699,-0.003919,0.004292,0.003717,0.742243,-0.373169,-1.226208,100302.0000
1764076144196683266,2025-11-25 18:39:04.193,0.599897,2.814502,319.500893,0.044496,0.012915,0.976070,0.442319,0.178207,9.664910,-0.000262,0.002267,0.008870,0.743210,-0.373155,-1.225741,100304.0000
1764076144295528026,2025-11-25 18:39:04.293,0.566446,2.809096,319.483860,0.044091,0.007354,0.976482,0.366800,0.185585,9.762670,0.002020,-0.005048,0.003702,0.740321,-0.371288,-1.227172,100300.0000
1764076144395782563,2025-11-25 18:39:04.393,0.560475,2.848683,319.453152,0.045319,0.007833,0.977858,0.704924,0.192898,9.808865,0.005995,-0.011738,0.005515,0.742244,-0.370811,-1.227690,100302.0000
1764076144496166655,2025-11-25 18:39:04.493,0.581494,2.908490,319.424976,0.047193,0.009128,0.978021,0.703598,0.017707,9.990423,0.003182,-0.007087,0.006250,0.739816,-0.373709,-1.228573,100304.0000
1764076144596129340,2025-11-25 18:39:04.593,0.626101,2.981613,319.409908,0.050199,0.009726,0.978522,0.562735,0.142408,9.813566,0.017262,-0.010593,0.008212,0.738384,-0.371327,-1.228588,100305.0000
1764076144695827562,2025-11-25 18:39:04.693,0.659900,3.013459,319.375740,0.056353,0.011910,0.979126,0.406419,0.183316,9.921665,-0.003245,-0.002739,-0.000035,0.739830,-0.375558,-1.225655,100296.0000
1764076144795331451,2025-11-25 18:39:04.793,0.660350,2.962399,319.304573,0.054177,0.013654,0.977533,0.375663,0.217736,9.791088,-0.005134,0.007519,0.019676,0.737421,-0.374634,-1.226597,100304.0000
1764076144896185636,2025-11-25 18:39:04.893,0.618851,2.865905,319.234447,0.051444,0.012835,0.976874,0.708337,0.245407,10.028859,-0.005403,0.019969,0.008857,0.741289,-0.374566,-1.224247,100302.0000
1764076144995576377,2025-11-25 18:39:04.993,0.580952,2.794406,319.172741,0.044588,0.009751,0.975190,0.652991,0.297320,9.794532,-0.004923,0.007062,0.011173,0.738884,-0.374577,-1.224211,100304.0000
1764076145095485821,2025-11-25 18:39:05.093,0.572356,2.781724,319.141529,0.040609,0.008476,0.976370,0.858779,0.196093,9.945820,-0.001701,-0.002019,0.010300,0.738380,-0.377465,-1.225123,100301.0000
1764076145196178340,2025-11-25 18:39:05.193,0.601543,2.830759,319.126732,0.045552,0.008516,0.979611,0.657441,0.497876,9.816403,0.013415,-0.004061,0.007990,0.739345,-0.375571,-1.226129,100315.0000
1764076145295857581,2025-11-25 18:39:05.293,0.640821,2.877032,319.093651,0.048369,0.010825,0.979696,0.620520,0.191114,9.946335,-0.000704,0.005682,0.000779,0.737903,-0.376045,-1.225619,100310.0000
1764076145396085395,2025-11-25 18:39:05.393,0.657877,2.889145,319.052345,0.047708,0.013538,0.976076,0.663694,0.370280,9.825071,-0.001094,-0.001493,0.011821,0.738370,-0.376551,-1.227063,100303.0000
1764076145495350654,2025-11-25 18:39:05.492,0.652095,2.872210,319.004829,0.047019,0.012775,0.975262,0.774787,0.200309,10.013581,-0.004374,0.006668,0.016290,0.737896,-0.377478,-1.225597,100297.0000
1764076145595877747,2025-11-25 18:39:05.593,0.636784,2.852032,318.941006,0.045531,0.012968,0.976863,0.603582,0.440697,9.884763,-0.003233,-0.000299,0.006460,0.737418,-0.377470,-1.225109,100306.0000
1764076145696081728,2025-11-25 18:39:05.693,0.619341,2.831221,318.863964,0.047184,0.010662,0.977494,0.554910,0.047859,9.731940,-0.006507,0.001996,0.018780,0.736925,-0.377502,-1.226546,100303.0000
1764076145795848265,2025-11-25 18:39:05.793,0.615085,2.826324,318.795128,0.046681,0.010888,0.978402,0.393933,0.360164,9.639861,0.001484,-0.003692,0.010815,0.737386,-0.379441,-1.227968,100304.0000
1764076145896575117,2025-11-25 18:39:05.893,0.620757,2.825923,318.730053,0.047022,0.011259,0.978626,0.625045,0.125728,10.012072,0.003589,-0.002281,0.011757,0.734975,-0.380408,-1.227917,100300.0000
1764076145996246339,2025-11-25 18:39:05.993,0.634320,2.824854,318.652779,0.046146,0.011623,0.977245,0.470303,0.197037,9.856387,0.004263,-0.002205,0.023015,0.732580,-0.381333,-1.225942,100300.0000
1764076146095397876,2025-11-25 18:39:06.092,0.638416,2.827357,318.593330,0.045964,0.014759,0.976311,0.085105,0.253375,9.543928,-0.001996,-0.003248,0.005960,0.733998,-0.381866,-1.228844,100307.0000
1764076146195640580,2025-11-25 18:39:06.193,0.630841,2.842032,318.556187,0.044225,0.011716,0.976528,0.216472,0.451177,9.686969,0.005825,-0.006635,0.008438,0.730159,-0.382797,-1.226847,100308.0000
1764076146295665450,2025-11-25 18:39:06.293,0.617653,2.880688,318.539043,0.050400,0.011908,0.978766,0.822135,-0.076962,10.034136,0.002011,-0.005706,0.006206,0.734497,-0.381345,-1.226933,100297.0000
1764076146396110450,2025-11-25 18:39:06.393,0.614806,2.890631,318.551437,0.051584,0.011688,0.977232,0.666411,0.178336,9.901979,0.000233,-0.000167,-0.004127,0.733534,-0.379936,-1.227904,100306.0000
1764076146496087283,2025-11-25 18:39:06.493,0.610777,2.859570,318.588379,0.048891,0.010147,0.976389,0.244026,0.240637,9.695940,-0.000889,0.009503,-0.014342,0.733535,-0.381349,-1.226919,100299.0000
1764076146595519395,2025-11-25 18:39:06.593,0.604484,2.814852,318.639107,0.047886,0.008247,0.976594,0.635484,0.002342,9.807192,0.001914,0.005380,-0.006311,0.733543,-0.380384,-1.226452,100304.0000
1764076146695506209,2025-11-25 18:39:06.693,0.601620,2.768671,318.680084,0.043030,0.008686,0.978086,0.663092,-0.188504,9.876592,0.003906,0.006215,0.002088,0.734997,-0.379879,-1.225518,100302.0000
1764076146796012802,2025-11-25 18:39:06.793,0.604245,2.744960,318.717148,0.039283,0.010480,0.977283,0.244661,0.087844,9.753641,0.000403,-0.005245,-0.015747,0.736919,-0.380348,-1.225539,100304.0000
1764076146896324265,2025-11-25 18:39:06.893,0.612843,2.766200,318.751003,0.041535,0.009937,0.977857,0.355900,0.261800,9.569863,0.000404,-0.007895,-0.006158,0.736914,-0.381303,-1.225524,100303.0000
1764076146996457561,2025-11-25 18:39:06.993,0.610983,2.813915,318.779331,0.046140,0.009659,0.979082,0.600610,0.615871,9.635080,-0.000791,-0.003400,-0.004839,0.735481,-0.378454,-1.226028,100298.0000
1764076147095666691,2025-11-25 18:39:07.093,0.607150,2.841592,318.803223,0.050162,0.009410,0.979240,0.517818,0.051899,9.758725,0.003607,0.001071,-0.009219,0.735479,-0.378932,-1.226021,100298.0000
1764076147195696616,2025-11-25 18:39:07.193,0.606739,2.812640,318.842838,0.049757,0.009637,0.977884,0.376680,-0.103558,9.742345,0.000175,0.005077,-0.016031,0.735951,-0.382253,-1.225014,100296.0000
1764076147295336116,2025-11-25 18:39:07.292,0.620166,2.745852,318.890629,0.046554,0.008198,0.977257,0.644515,-0.210420,9.746826,0.005920,0.008576,-0.003333,0.736952,-0.378376,-1.222680,100310.0000
1764076147396215894,2025-11-25 18:39:07.393,0.640579,2.669185,318.926495,0.043256,0.010622,0.976977,0.532811,0.352196,9.835917,-0.001492,0.009566,-0.007969,0.739329,-0.380327,-1.225093,100303.0000
1764076147496117968,2025-11-25 18:39:07.493,0.668846,2.613252,318.933163,0.038204,0.009765,0.977172,0.421474,0.123078,9.720261,0.010252,0.005147,0.007794,0.741262,-0.380765,-1.223670,100301.0000
1764076147595339542,2025-11-25 18:39:07.593,0.691149,2.611657,318.938820,0.032897,0.013653,0.975009,0.536919,0.253440,9.816403,-0.001664,-0.010026,0.009310,0.741281,-0.379302,-1.222248,100301.0000
1764076147696151968,2025-11-25 18:39:07.693,0.692340,2.677840,318.952560,0.041212,0.013215,0.977440,0.382470,0.290534,9.737635,0.004957,-0.018696,0.003392,0.738851,-0.380319,-1.224604,100307.0000
1764076147796179523,2025-11-25 18:39:07.793,0.667927,2.754915,318.955944,0.043365,0.012027,0.977653,0.358645,-0.062966,9.812279,-0.009944,-0.018216,0.001470,0.736938,-0.376526,-1.225597,100302.0000
1764076147896593023,2025-11-25 18:39:07.893,0.633440,2.802860,318.930859,0.049117,0.011023,0.980160,0.617160,0.009568,9.971125,-0.008495,-0.009979,0.020826,0.737409,-0.377022,-1.226560,100305.0000
1764076147995402616,2025-11-25 18:39:07.993,0.608550,2.803949,318.899021,0.052768,0.009492,0.978874,0.525009,0.044711,9.946087,0.005015,0.008612,0.012816,0.735481,-0.378454,-1.226028,100306.0000
1764076148095891746,2025-11-25 18:39:08.093,0.615682,2.780942,318.878735,0.047269,0.009384,0.976249,0.474685,0.265226,9.716839,0.002857,0.006529,-0.004784,0.736920,-0.379403,-1.226035,100302.0000
1764076148198296042,2025-11-25 18:39:08.193,0.657005,2.764536,318.869923,0.046350,0.010771,0.974465,0.165378,0.219619,9.495021,0.014697,-0.001878,0.000893,0.736459,-0.380767,-1.222636,100304.0000
1764076148295944227,2025-11-25 18:39:08.293,0.683803,2.744969,318.880287,0.045897,0.014047,0.976988,0.214264,0.081355,9.637568,0.005470,0.002972,0.001164,0.735962,-0.380810,-1.224555,100299.0000
1764076148396140449,2025-11-25 18:39:08.393,0.692493,2.726235,318.915661,0.041554,0.013571,0.976926,0.462892,-0.085697,9.969257,0.005879,0.000362,-0.014208,0.738848,-0.377971,-1.226567,100300.0000
1764076148496407616,2025-11-25 18:39:08.493,0.687570,2.744640,318.961281,0.042298,0.013064,0.978993,0.633273,0.038371,9.850592,-0.001716,-0.005259,0.001593,0.738833,-0.379425,-1.227508,100305.0000
1764076148595674449,2025-11-25 18:39:08.593,0.679839,2.785929,319.014439,0.045560,0.011329,0.980034,0.496259,-0.035006,9.970995,-0.004510,-0.009057,-0.004912,0.737897,-0.375587,-1.226589,100304.0000
1764076148695754375,2025-11-25 18:39:08.693,0.676903,2.829159,319.086697,0.047381,0.011999,0.978082,0.500009,0.256098,9.655843,0.001618,-0.004491,-0.007360,0.735952,-0.377537,-1.227975,100304.0000
1764076148796293245,2025-11-25 18:39:08.793,0.674716,2.849386,319.186729,0.051946,0.011068,0.977395,0.212464,-0.028091,9.697617,0.001417,0.008525,-0.021640,0.736427,-0.377078,-1.228953,100297.0000
1764076148896217949,2025-11-25 18:39:08.893,0.672633,2.813987,319.277676,0.048785,0.010209,0.976827,-0.027268,0.053296,9.595187,0.005073,0.014907,-0.012841,0.737907,-0.376035,-1.225138,100306.0000
1764076148995958634,2025-11-25 18:39:08.993,0.675334,2.755453,319.388355,0.045005,0.009598,0.976989,0.181985,0.071922,9.659313,0.004489,0.002833,-0.017477,0.741771,-0.374564,-1.224254,100307.0000
1764076149095783282,2025-11-25 18:39:09.092,0.679632,2.714194,319.506634,0.042084,0.009727,0.977868,0.434511,-0.027216,9.880471,-0.000257,0.000351,-0.022731,0.741775,-0.373608,-1.224269,100302.0000
1764076149195960874,2025-11-25 18:39:09.193,0.682091,2.704129,319.607021,0.042418,0.009614,0.977790,0.284787,0.101133,9.849764,0.009695,-0.002904,-0.014266,0.743232,-0.371681,-1.223838,100299.0000
1764076149295304041,2025-11-25 18:39:09.293,0.679620,2.713452,319.708439,0.043678,0.011271,0.977213,0.540749,0.215146,9.766517,-0.007824,-0.005917,-0.016521,0.745165,-0.369294,-1.224384,100306.0000
1764076149396862634,2025-11-25 18:39:09.393,0.655593,2.749042,319.829685,0.046404,0.011469,0.977233,0.296202,0.292770,9.846433,-0.004242,-0.007554,-0.020733,0.743245,-0.368347,-1.224370,100306.0000
1764076149496286134,2025-11-25 18:39:09.493,0.625346,2.780286,319.956295,0.047906,0.006983,0.977793,0.812546,0.183908,10.011620,-0.009584,-0.001122,-0.019335,0.745164,-0.368827,-1.224873,100306.0000
1764076149595748856,2025-11-25 18:39:09.593,0.605590,2.778325,320.062904,0.046542,0.004905,0.977817,0.421069,-0.100969,9.845345,-0.001085,-0.000151,-0.013855,0.746143,-0.363121,-1.226419,100301.0000
1764076149696100800,2025-11-25 18:39:09.693,0.606339,2.751962,320.153809,0.047266,0.007293,0.977011,0.364799,-0.007225,9.789720,0.006194,0.002075,-0.012949,0.746627,-0.365466,-1.224464,100300.0000
1764076149795587356,2025-11-25 18:39:09.793,0.627112,2.694436,320.234638,0.048214,0.008869,0.977470,0.712169,0.102682,9.845262,0.007223,0.007746,-0.014981,0.749502,-0.366429,-1.225455,100309.0000
1764076149895317837,2025-11-25 18:39:09.892,0.653476,2.622273,320.305599,0.044048,0.009111,0.976899,0.596390,0.089474,9.960309,-0.003195,0.013398,-0.015209,0.749037,-0.365445,-1.224018,100311.0000
1764076149995549781,2025-11-25 18:39:09.993,0.679118,2.571960,320.384678,0.038512,0.010604,0.978333,0.417245,0.126860,9.823088,0.002222,0.006639,-0.012175,0.750004,-0.363073,-1.225032,100300.0000
1764076150095852318,2025-11-25 18:39:10.093,0.687902,2.564552,320.471081,0.036953,0.012083,0.978540,0.529483,0.241118,9.829159,0.001733,0.002227,-0.014089,0.753400,-0.363454,-1.221223,100303.0000
1764076150195823763,2025-11-25 18:39:10.193,0.684417,2.595209,320.540737,0.037114,0.010071,0.977646,0.280847,0.288388,9.556939,-0.001179,-0.005193,-0.003106,0.750488,-0.364006,-1.224061,100302.0000
1764076150295553207,2025-11-25 18:39:10.293,0.674809,2.642898,320.579556,0.039875,0.011744,0.977166,0.207637,0.211259,9.774228,-0.004469,-0.016843,-0.011742,0.752425,-0.360663,-1.224623,100298.0000
1764076150395998170,2025-11-25 18:39:10.393,0.654898,2.680471,320.621380,0.046266,0.010853,0.976721,0.772323,0.046183,9.810856,-0.004589,-0.017916,-0.010773,0.753379,-0.361625,-1.225104,100302.0000
1764076150496242096,2025-11-25 18:39:10.493,0.643470,2.681425,320.659210,0.049090,0.008222,0.977204,0.666661,-0.216575,9.728685,-0.003131,-0.000586,-0.009565,0.753384,-0.362082,-1.224134,100311.0000
1764076150596014929,2025-11-25 18:39:10.593,0.644734,2.643337,320.698128,0.045573,0.007468,0.977038,0.970909,-0.304237,10.025290,-0.002533,0.006097,-0.005620,0.753869,-0.360657,-1.224644,100297.0000
1764076150695535874,2025-11-25 18:39:10.693,0.668896,2.608634,320.721802,0.043449,0.009702,0.979009,0.769055,-0.078154,9.833084,0.006199,0.013374,0.001228,0.752914,-0.360641,-1.223667,100303.0000
1764076150795981059,2025-11-25 18:39:10.793,0.692098,2.624949,320.734749,0.037565,0.012036,0.976718,0.431242,0.265732,9.606289,-0.000635,0.005470,0.003258,0.753405,-0.356370,-1.225184,100300.0000
1764076150896248411,2025-11-25 18:39:10.893,0.705174,2.692477,320.764465,0.041175,0.012437,0.979056,0.308071,0.198535,9.688464,0.007199,-0.006132,0.001214,0.755788,-0.361604,-1.224658,100296.0000
1764076150995378892,2025-11-25 18:39:10.993,0.703673,2.747524,320.785110,0.047755,0.012931,0.977228,0.491248,-0.012360,9.705640,0.002981,-0.006367,0.001502,0.752421,-0.360674,-1.225104,100302.0000
1764076151095710188,2025-11-25 18:39:11.093,0.688857,2.759123,320.810238,0.051164,0.013192,0.976569,0.440727,0.239680,9.810193,0.001835,0.000690,-0.003698,0.753381,-0.359734,-1.226096,100298.0000
1764076151196119873,2025-11-25 18:39:11.193,0.674902,2.714778,320.840385,0.047255,0.009790,0.976623,0.571513,-0.025441,9.745595,0.003177,0.009553,-0.003078,0.752433,-0.360643,-1.223660,100311.0000
1764076151296030281,2025-11-25 18:39:11.293,0.670095,2.659246,320.866428,0.044382,0.011717,0.979079,0.437681,0.311585,9.839145,-0.001877,0.010214,-0.006682,0.753861,-0.360677,-1.225607,100304.0000
1764076151396244818,2025-11-25 18:39:11.393,0.662498,2.631684,320.904228,0.039822,0.010871,0.978157,0.184135,-0.091454,9.754472,-0.003241,-0.000607,-0.007689,0.755832,-0.358188,-1.221339,100298.0000
1764076151495874947,2025-11-25 18:39:11.493,0.657029,2.669947,320.964348,0.040975,0.010993,0.977881,0.584640,0.130792,9.912442,-0.007021,-0.012473,-0.015524,0.756774,-0.357768,-1.224249,100307.0000
1764076151595802373,2025-11-25 18:39:11.593,0.650988,2.757735,321.031940,0.043248,0.009028,0.977022,0.456758,-0.091492,9.793489,-0.000230,-0.018885,-0.001262,0.754829,-0.358773,-1.226132,100302.0000
1764076151696390317,2025-11-25 18:39:11.693,0.654199,2.843577,321.097252,0.051571,0.008682,0.978455,0.267624,0.043504,9.594346,-0.003854,-0.006405,-0.008797,0.754346,-0.358307,-1.226613,100305.0000
1764076151796185225,2025-11-25 18:39:11.793,0.661308,2.864780,321.165710,0.053664,0.009509,0.977123,0.062603,0.225609,9.495217,0.005144,0.002434,-0.014008,0.754834,-0.355459,-1.227627,100294.0000
1764076151895292188,2025-11-25 18:39:11.892,0.672583,2.795692,321.232857,0.053163,0.008654,0.977030,0.250504,0.071312,9.648728,0.004260,0.020153,-0.015725,0.756273,-0.356408,-1.227634,100306.0000
1764076151995872317,2025-11-25 18:39:11.993,0.682670,2.683104,321.298271,0.045504,0.010231,0.977090,0.256292,0.336746,9.820174,-0.006235,0.017370,-0.009560,0.756815,-0.353418,-1.221908,100304.0000
1764076152095687373,2025-11-25 18:39:12.092,0.678822,2.596746,321.373775,0.038324,0.009618,0.976726,0.386855,0.036514,9.748617,0.003739,0.003328,-0.013604,0.756806,-0.354383,-1.222375,100300.0000
1764076152196843280,2025-11-25 18:39:12.193,0.662254,2.596749,321.429489,0.035893,0.010413,0.976664,0.278319,0.215473,9.722591,-0.005643,-0.010657,-0.000348,0.760153,-0.353952,-1.225320,100306.0000
1764076152295536910,2025-11-25 18:39:12.293,0.635298,2.666382,321.493423,0.039864,0.011422,0.977440,0.421858,0.025965,9.903292,-0.003059,-0.022193,-0.013509,0.762572,-0.352020,-1.224904,100304.0000
1764076152395890650,2025-11-25 18:39:12.393,0.621176,2.744435,321.547684,0.046767,0.006712,0.978679,0.505247,-0.017547,9.829839,-0.003720,-0.014475,0.002693,0.759195,-0.353946,-1.224825,100299.0000
1764076152496526706,2025-11-25 18:39:12.493,0.613121,2.772942,321.598389,0.051270,0.009109,0.978151,0.696097,0.115930,9.764559,-0.000929,0.000794,-0.004972,0.760628,-0.352079,-1.227282,100308.0000
1764076152595767854,2025-11-25 18:39:12.593,0.600998,2.743260,321.658466,0.048050,0.008966,0.977237,0.642753,0.170217,9.548882,-0.003508,0.004507,-0.004213,0.760173,-0.347772,-1.226859,100299.0000
1764076152695343613,2025-11-25 18:39:12.693,0.595623,2.691954,321.732090,0.043695,0.006366,0.976613,0.317099,0.055894,9.739972,0.008271,0.004164,-0.013337,0.760654,-0.351541,-1.224401,100298.0000
1764076152795349150,2025-11-25 18:39:12.793,0.601436,2.672112,321.777973,0.045295,0.005999,0.978378,0.776377,0.276418,9.979452,0.000166,-0.002520,-0.002935,0.763055,-0.350127,-1.225903,100299.0000
1764076152895689557,2025-11-25 18:39:12.893,0.620073,2.636092,321.786915,0.044820,0.006936,0.978786,0.541329,0.075890,9.832754,0.006652,0.005131,-0.000276,0.762575,-0.349184,-1.226392,100305.0000
1764076152995822687,2025-11-25 18:39:12.993,0.649036,2.608506,321.788300,0.041481,0.010134,0.978490,0.456977,0.219037,9.781750,0.005664,0.007835,0.002498,0.762573,-0.351075,-1.225400,100303.0000
1764076153095784280,2025-11-25 18:39:13.093,0.663949,2.579717,321.796158,0.041674,0.011751,0.977936,0.154282,0.131281,9.727703,0.000412,0.007884,0.007715,0.761627,-0.350093,-1.223956,100301.0000
1764076153196914168,2025-11-25 18:39:13.193,0.666536,2.562250,321.784389,0.038336,0.010738,0.977113,0.336407,0.050830,9.710891,0.005796,0.002337,0.014314,0.762102,-0.352937,-1.222957,100302.0000
1764076153295713965,2025-11-25 18:39:13.293,0.656993,2.571608,321.749363,0.041152,0.012267,0.975995,0.420181,-0.074500,9.728391,-0.005379,-0.011539,0.009284,0.763061,-0.351997,-1.223948,100304.0000
1764076153396278779,2025-11-25 18:39:13.393,0.633849,2.585439,321.721905,0.043407,0.011658,0.977759,0.311360,0.265570,9.802787,-0.004846,-0.003110,0.000177,0.759690,-0.349665,-1.225861,100302.0000
1764076153496747557,2025-11-25 18:39:13.493,0.602380,2.589461,321.690208,0.045221,0.008391,0.976978,0.419242,0.310272,9.660592,0.002667,-0.001072,0.010209,0.762568,-0.350617,-1.226370,100308.0000
1764076153595537761,2025-11-25 18:39:13.593,0.595127,2.594080,321.625751,0.043039,0.006711,0.976703,0.169840,0.036704,9.583128,0.005033,-0.001538,0.015327,0.760181,-0.350577,-1.223927,100303.0000
1764076153695686927,2025-11-25 18:39:13.693,0.624676,2.609227,321.542309,0.039831,0.007458,0.977812,0.268310,-0.420495,9.917079,0.009628,-0.005274,0.020639,0.760628,-0.354437,-1.225802,100298.0000
1764076153796007742,2025-11-25 18:39:13.793,0.664774,2.636242,321.461761,0.044639,0.012895,0.978226,0.660761,0.477171,9.977987,0.007362,-0.010188,0.009013,0.759667,-0.354909,-1.225299,100302.0000
1764076153896061724,2025-11-25 18:39:13.893,0.678207,2.652253,321.386059,0.046924,0.013622,0.979202,0.477164,0.154549,9.888608,0.004325,0.000476,0.016520,0.758227,-0.353493,-1.225781,100303.0000
1764076153996089927,2025-11-25 18:39:13.993,0.672417,2.639999,321.295742,0.047730,0.013411,0.978141,0.915086,-0.039600,10.009949,0.004638,0.007132,0.029003,0.756302,-0.354447,-1.225256,100302.0000
1764076154095725686,2025-11-25 18:39:14.093,0.657494,2.588521,321.203949,0.046403,0.013962,0.975809,0.567633,-0.247260,9.664189,-0.009147,0.009629,0.015929,0.759205,-0.354860,-1.222885,100303.0000
1764076154196325057,2025-11-25 18:39:14.193,0.650754,2.532164,321.118149,0.040208,0.012877,0.974203,0.204400,0.300373,9.666710,0.003235,0.007171,0.012956,0.757259,-0.357755,-1.223775,100302.0000
1764076154296243705,2025-11-25 18:39:14.293,0.646498,2.500206,321.056133,0.038370,0.012398,0.977190,0.192256,0.090317,9.528136,-0.000848,0.003476,0.005859,0.757759,-0.356290,-1.222360,100302.0000
1764076154395893631,2025-11-25 18:39:14.393,0.649971,2.525320,321.000404,0.036276,0.010580,0.979137,0.224950,0.082006,9.768800,0.003977,-0.006249,0.006503,0.756771,-0.358245,-1.224242,100296.0000
1764076154496208945,2025-11-25 18:39:14.493,0.667852,2.601967,320.944302,0.039554,0.011298,0.979593,0.808242,0.278392,9.843692,0.003198,-0.019150,0.015806,0.756272,-0.361124,-1.224672,100302.0000
1764076154595691686,2025-11-25 18:39:14.593,0.682972,2.669715,320.909111,0.045698,0.011837,0.978854,0.097816,0.239023,9.755993,0.004662,-0.013045,0.003636,0.754852,-0.358712,-1.223243,100302.0000
1764076154695544723,2025-11-25 18:39:14.693,0.686765,2.678149,320.883682,0.049335,0.011502,0.978781,0.531410,0.090365,9.747851,0.005991,0.000579,0.009105,0.755334,-0.357764,-1.223747,100309.0000
1764076154795952019,2025-11-25 18:39:14.793,0.690659,2.639585,320.857250,0.048238,0.012122,0.976225,0.601937,0.541150,9.802403,0.006520,0.008299,0.005221,0.753876,-0.360636,-1.223681,100302.0000
1764076154896441186,2025-11-25 18:39:14.892,0.689485,2.572631,320.835484,0.045895,0.011073,0.976794,0.650146,-0.360602,9.942092,-0.000009,0.008232,0.007048,0.753397,-0.361106,-1.223185,100308.0000
1764076154996057130,2025-11-25 18:39:14.993,0.675969,2.515176,320.811893,0.041840,0.013105,0.976729,0.384840,0.077892,9.679932,-0.001809,0.007873,0.003316,0.755806,-0.359672,-1.223724,100303.0000
1764076155095449001,2025-11-25 18:39:15.092,0.631294,2.508102,320.816727,0.037450,0.014480,0.976611,0.346046,0.317810,9.695398,-0.008941,-0.003165,-0.008601,0.755317,-0.359695,-1.224680,100302.0000
1764076155196010093,2025-11-25 18:39:15.193,0.563150,2.534766,320.842133,0.037461,0.008763,0.979041,0.335332,-0.072280,9.815793,-0.007442,-0.006168,-0.001798,0.755314,-0.358760,-1.225657,100301.0000
1764076155295818926,2025-11-25 18:39:15.293,0.545141,2.608910,320.834061,0.037954,0.003715,0.978193,0.316746,0.272672,9.885491,0.010126,-0.014246,0.007280,0.754344,-0.360198,-1.225621,100307.0000
1764076155396203426,2025-11-25 18:39:15.393,0.584736,2.677097,320.817802,0.042577,0.005904,0.977634,0.364996,-0.046675,9.716203,0.014170,-0.012251,-0.001948,0.753883,-0.357791,-1.224688,100299.0000
1764076155496132352,2025-11-25 18:39:15.493,0.651009,2.710984,320.829533,0.049769,0.009669,0.978533,0.657919,0.212556,9.729754,0.016469,-0.000228,0.002413,0.753371,-0.361645,-1.226067,100298.0000
1764076155595513260,2025-11-25 18:39:15.592,0.706624,2.670142,320.850983,0.049956,0.012886,0.977139,0.626257,0.045566,9.916578,0.003604,0.011686,-0.003226,0.753862,-0.359732,-1.226103,100303.0000
1764076155695742871,2025-11-25 18:39:15.693,0.725497,2.597772,320.859825,0.045947,0.015730,0.977637,0.279033,0.223865,9.574868,0.005465,0.015520,-0.000883,0.756279,-0.359691,-1.224694,100302.0000
1764076155795295704,2025-11-25 18:39:15.792,0.704484,2.508207,320.885048,0.042509,0.014085,0.977287,0.397946,0.147312,9.717175,-0.010200,0.017751,-0.019856,0.755811,-0.360130,-1.222754,100307.0000
1764076155895886463,2025-11-25 18:39:15.893,0.667505,2.477995,320.892216,0.036758,0.010186,0.977805,0.305341,0.124976,9.693007,-0.002612,-0.001214,0.006035,0.758236,-0.356298,-1.222848,100302.0000
1764076155995271130,2025-11-25 18:39:15.992,0.630475,2.522240,320.890148,0.037206,0.010324,0.978576,0.432264,0.007702,9.854289,-0.006184,-0.006790,0.000083,0.754380,-0.359160,-1.221785,100298.0000
1764076156095745704,2025-11-25 18:39:16.093,0.607693,2.572878,320.899128,0.040088,0.007796,0.978524,0.203223,0.066946,9.702573,0.004573,-0.006315,0.007426,0.756277,-0.360169,-1.224687,100292.0000
1764076156196345093,2025-11-25 18:39:16.193,0.619586,2.620743,320.893917,0.044489,0.007874,0.976906,0.375424,0.177520,9.713980,0.002077,-0.009507,-0.005425,0.753392,-0.359704,-1.224652,100296.0000
1764076156295548259,2025-11-25 18:39:16.293,0.643644,2.647368,320.859894,0.047295,0.009414,0.976410,0.598622,0.192344,9.882167,0.009526,-0.000784,0.019744,0.754820,-0.362096,-1.225118,100300.0000
1764076156395605055,2025-11-25 18:39:16.393,0.670306,2.657638,320.847088,0.046277,0.011799,0.976177,0.338660,0.226888,9.747279,0.003875,-0.000908,0.000605,0.753865,-0.360667,-1.225125,100307.0000
1764076156495859518,2025-11-25 18:39:16.493,0.677686,2.639894,320.845631,0.046575,0.011570,0.977254,0.375383,0.070685,9.692599,0.000279,0.000933,-0.003691,0.754844,-0.358732,-1.224206,100301.0000
1764076156595608000,2025-11-25 18:39:16.593,0.669585,2.619875,320.843487,0.045041,0.012312,0.979144,0.602976,0.338022,9.969926,-0.002169,0.005265,-0.003915,0.752420,-0.361619,-1.224608,100302.0000
1764076156695744500,2025-11-25 18:39:16.693,0.663199,2.618083,320.838329,0.042826,0.009949,0.978610,0.547475,0.196235,9.839362,0.003330,0.000829,0.009429,0.754355,-0.359699,-1.224666,100303.0000
1764076156795959907,2025-11-25 18:39:16.793,0.657755,2.605474,320.849068,0.044032,0.011649,0.978660,0.000573,0.380595,9.613860,0.007884,0.002719,-0.004371,0.754847,-0.358254,-1.224213,100311.0000
1764076156895898962,2025-11-25 18:39:16.893,0.650741,2.603549,320.845966,0.044242,0.010374,0.977789,0.577655,-0.075738,9.787305,0.007800,0.003507,0.010086,0.755341,-0.358689,-1.222288,100298.0000
1764076156995383222,2025-11-25 18:39:16.993,0.631893,2.601451,320.821869,0.043082,0.011662,0.976654,0.110461,0.069096,9.825887,-0.002146,-0.000937,-0.002156,0.752918,-0.360631,-1.223186,100301.0000
1764076157095643259,2025-11-25 18:39:17.093,0.613473,2.586477,320.801041,0.041562,0.009277,0.974902,0.834238,-0.135497,9.909956,0.005516,0.000551,0.011462,0.754821,-0.361151,-1.225614,100303.0000
1764076157197093610,2025-11-25 18:39:17.193,0.600685,2.620573,320.788956,0.040335,0.008340,0.975631,0.504180,-0.497304,9.807825,-0.005737,-0.021508,-0.002857,0.757247,-0.360144,-1.223738,100303.0000
1764076157296095333,2025-11-25 18:39:17.293,0.604810,2.686369,320.765854,0.043632,0.010088,0.977201,0.463916,0.584924,9.611354,-0.000928,-0.015956,0.010022,0.752398,-0.362147,-1.227008,100305.0000
1764076157395756888,2025-11-25 18:39:17.393,0.619533,2.754885,320.722607,0.046988,0.007766,0.981036,0.301560,0.172639,9.665462,0.006833,-0.007931,0.003950,0.753376,-0.363048,-1.224600,100303.0000
1764076157496019129,2025-11-25 18:39:17.493,0.633922,2.771702,320.656696,0.052794,0.009172,0.979121,0.382941,-0.064103,9.631237,0.009288,0.005879,0.015299,0.751447,-0.361654,-1.226038,100304.0000
1764076157596164129,2025-11-25 18:39:17.593,0.643668,2.747515,320.572662,0.050896,0.013399,0.977153,0.606886,0.261880,9.854218,-0.001770,0.009662,0.004624,0.752410,-0.363062,-1.225068,100303.0000
1764076157696108518,2025-11-25 18:39:17.693,0.638111,2.668475,320.489822,0.048598,0.012757,0.975371,0.635991,0.367789,9.667715,-0.000196,0.015354,0.025473,0.752405,-0.361660,-1.226533,100300.0000
1764076157795509962,2025-11-25 18:39:17.793,0.626024,2.580157,320.426353,0.040842,0.010494,0.975747,0.255310,0.025826,9.662714,0.000126,0.010985,0.014278,0.749053,-0.365404,-1.222093,100298.0000
1764076157896257462,2025-11-25 18:39:17.893,0.630714,2.585262,320.349400,0.035873,0.009173,0.976580,0.077582,0.163375,9.616201,0.015789,-0.009922,0.021290,0.748578,-0.364919,-1.221611,100303.0000
1764076157995932203,2025-11-25 18:39:17.993,0.652189,2.660143,320.251007,0.042070,0.012744,0.980133,0.594080,0.367190,9.852834,-0.001173,-0.018640,0.015208,0.746610,-0.367397,-1.225398,100296.0000
1764076158095609258,2025-11-25 18:39:18.093,0.668815,2.715757,320.158367,0.046117,0.012235,0.980096,0.589438,-0.125364,10.034193,0.005282,-0.013582,0.021273,0.749480,-0.365545,-1.228839,100302.0000
1764076158195402795,2025-11-25 18:39:18.193,0.665850,2.752685,320.084827,0.050186,0.012863,0.977724,0.242278,0.128459,9.665033,0.003024,-0.006254,0.019449,0.747586,-0.369243,-1.222494,100311.0000
1764076158295775443,2025-11-25 18:39:18.293,0.653572,2.750926,319.997208,0.051548,0.013634,0.976396,0.576599,0.195283,9.714257,-0.003950,-0.004867,0.024168,0.748030,-0.369810,-1.226827,100296.0000
1764076158396309573,2025-11-25 18:39:18.393,0.635952,2.697448,319.901680,0.050218,0.011858,0.976468,0.855257,0.101968,9.859735,0.000648,0.012398,0.009449,0.744670,-0.371217,-1.224829,100307.0000
1764076158496251795,2025-11-25 18:39:18.493,0.630919,2.655103,319.821430,0.045384,0.010982,0.976675,0.664430,0.201500,9.917786,0.002774,0.007863,0.011983,0.745632,-0.372158,-1.224347,100309.0000
1764076158595946184,2025-11-25 18:39:18.593,0.630792,2.646901,319.763264,0.044399,0.011048,0.977301,0.401511,-0.125844,9.668191,0.006510,-0.000922,0.016043,0.745149,-0.371693,-1.224829,100305.0000
1764076158696100961,2025-11-25 18:39:18.693,0.641692,2.695325,319.701618,0.043510,0.011852,0.978419,0.299938,0.138391,9.937487,-0.002638,-0.009231,0.013942,0.743706,-0.373112,-1.223823,100301.0000
1764076158796696258,2025-11-25 18:39:18.793,0.647744,2.736413,319.640228,0.046534,0.012385,0.977646,0.654931,0.305543,9.834552,0.004859,0.000910,0.020399,0.744186,-0.375000,-1.222838,100305.0000
1764076158895279332,2025-11-25 18:39:18.892,0.644678,2.779499,319.597221,0.048607,0.013910,0.977238,0.690069,-0.088032,9.896703,0.000291,-0.003653,0.011643,0.741287,-0.372686,-1.225720,100301.0000
1764076158995337035,2025-11-25 18:39:18.993,0.624770,2.810110,319.561405,0.048328,0.012915,0.976369,0.383497,0.300183,9.620807,-0.001968,-0.006011,-0.004826,0.741762,-0.374116,-1.225706,100307.0000
1764076159095992517,2025-11-25 18:39:19.092,0.613602,2.809211,319.542011,0.051200,0.009777,0.976486,0.363072,0.261120,9.614798,0.003581,0.002528,0.000682,0.741276,-0.375074,-1.225683,100295.0000
1764076159196616554,2025-11-25 18:39:19.193,0.617070,2.754899,319.512249,0.050420,0.009412,0.977764,0.354572,0.163420,9.679042,0.005336,0.011622,0.010209,0.737887,-0.376085,-1.227545,100304.0000
1764076159295965739,2025-11-25 18:39:19.293,0.631640,2.688473,319.487358,0.045194,0.011719,0.978515,0.380234,-0.070101,9.761370,0.003629,0.018983,0.004486,0.742255,-0.375496,-1.223284,100302.0000
1764076159396441961,2025-11-25 18:39:19.392,0.635213,2.644139,319.451996,0.041198,0.012567,0.977774,0.605673,0.147353,9.925159,-0.007781,0.002347,0.003711,0.741292,-0.375501,-1.223269,100304.0000
1764076159495654554,2025-11-25 18:39:19.493,0.629609,2.656535,319.397564,0.040324,0.012205,0.977343,0.324930,0.477073,9.786395,-0.001939,-0.009468,0.010022,0.740311,-0.376969,-1.224677,100299.0000
1764076159595889479,2025-11-25 18:39:19.593,0.602556,2.703192,319.333202,0.043107,0.011889,0.977284,0.577369,0.107551,9.745872,-0.003141,-0.009451,0.022298,0.739815,-0.378424,-1.225611,100299.0000
1764076159696113665,2025-11-25 18:39:19.693,0.575708,2.778540,319.266911,0.045973,0.012125,0.977485,0.553059,0.137787,9.928020,0.005856,-0.019241,0.013036,0.741245,-0.380339,-1.226084,100296.0000
1764076159795314424,2025-11-25 18:39:19.793,0.554312,2.813022,319.210403,0.053021,0.011046,0.978079,0.080302,0.379943,9.642322,-0.007118,0.001243,0.004204,0.737379,-0.379929,-1.228442,100307.0000
1764076159895926590,2025-11-25 18:39:19.893,0.553677,2.812288,319.189732,0.052131,0.009059,0.976831,0.507693,-0.029696,9.611294,0.008841,0.002200,-0.001672,0.736922,-0.378925,-1.226042,100302.0000
1764076159995395553,2025-11-25 18:39:19.993,0.573602,2.778093,319.180336,0.050034,0.007986,0.977457,0.487748,-0.400339,9.825441,0.005427,0.007135,0.005974,0.739325,-0.377979,-1.227055,100304.0000
1764076160095835238,2025-11-25 18:39:20.093,0.610005,2.712994,319.163376,0.047508,0.010823,0.977189,0.449640,0.362008,9.931777,0.010970,0.010442,-0.003400,0.737409,-0.380793,-1.224095,100308.0000
1764076160197345183,2025-11-25 18:39:20.193,0.636118,2.648289,319.135441,0.042409,0.012036,0.977099,0.301344,0.332765,9.712662,0.003176,0.012928,0.011901,0.739320,-0.382705,-1.224575,100300.0000
1764076160296219886,2025-11-25 18:39:20.293,0.626221,2.602399,319.099030,0.041285,0.012814,0.978535,0.447764,0.068883,9.764663,0.001140,0.005541,0.007300,0.740776,-0.380310,-1.224633,100301.0000
1764076160395858831,2025-11-25 18:39:20.393,0.602458,2.615131,319.046051,0.040208,0.012479,0.977756,0.879611,-0.028909,9.888735,-0.010394,-0.003507,0.018518,0.738384,-0.382171,-1.221680,100302.0000
1764076160495884349,2025-11-25 18:39:20.493,0.579588,2.665223,319.006241,0.041571,0.012003,0.976509,0.505230,0.008938,9.754600,-0.004425,-0.010101,0.005939,0.736432,-0.382251,-1.225021,100307.0000
1764076160596256682,2025-11-25 18:39:20.593,0.569855,2.749054,318.980499,0.044368,0.009493,0.978105,0.279960,0.005147,9.606339,-0.004503,-0.014286,0.002683,0.736927,-0.381740,-1.223591,100309.0000
1764076160696409312,2025-11-25 18:39:20.693,0.576122,2.800217,318.946922,0.049473,0.009876,0.977409,0.399903,0.315820,9.671714,-0.000858,-0.008539,0.002251,0.736419,-0.383226,-1.225969,100302.0000
1764076160796289497,2025-11-25 18:39:20.793,0.586791,2.796530,318.908710,0.049226,0.010787,0.976714,0.422964,0.410314,9.592206,0.007676,-0.000197,0.007578,0.735464,-0.382743,-1.225481,100306.0000
1764076160895572812,2025-11-25 18:39:20.893,0.597209,2.758404,318.846527,0.049718,0.011773,0.978476,0.544771,0.327983,9.785287,0.007758,0.010315,0.011578,0.734029,-0.383196,-1.224008,100303.0000
1764076160995404793,2025-11-25 18:39:20.993,0.591066,2.691587,318.769707,0.049029,0.012184,0.978515,0.642178,0.158846,9.847534,-0.004695,0.011417,0.019047,0.735925,-0.385149,-1.226414,100302.0000
1764076161095934219,2025-11-25 18:39:21.092,0.580762,2.661856,318.699326,0.044728,0.010794,0.977632,0.343378,0.017119,9.814789,0.001263,-0.001637,0.009623,0.735472,-0.384135,-1.223534,100307.0000
1764076161195716682,2025-11-25 18:39:21.193,0.564747,2.645369,318.658058,0.046474,0.012756,0.978703,0.472647,0.432284,9.720277,-0.005407,0.008923,0.006402,0.733050,-0.385132,-1.224928,100310.0000
1764076161295496682,2025-11-25 18:39:21.293,0.546777,2.641420,318.644199,0.044204,0.010255,0.975684,0.264733,0.258486,9.691176,-0.001220,-0.007965,-0.007874,0.735027,-0.382155,-1.220186,100295.0000
1764076161396370367,2025-11-25 18:39:21.393,0.540425,2.655891,318.620251,0.042160,0.009122,0.976374,0.147840,0.176709,9.526458,0.003224,-0.004228,0.009087,0.734513,-0.385074,-1.222542,100302.0000
1764076161495812034,2025-11-25 18:39:21.493,0.549541,2.666683,318.614429,0.042865,0.009578,0.977281,0.341555,-0.099481,9.952644,0.000684,-0.001226,-0.008687,0.734497,-0.385115,-1.224467,100304.0000
1764076161596514774,2025-11-25 18:39:21.593,0.569300,2.718898,318.604153,0.043746,0.009406,0.977584,0.530064,0.543744,9.681979,0.001538,-0.012961,0.003891,0.734967,-0.386556,-1.224934,100304.0000
1764076161696526441,2025-11-25 18:39:21.693,0.601228,2.770967,318.582382,0.046486,0.010372,0.977784,0.425770,-0.062965,9.814661,0.006381,-0.004327,0.002171,0.730637,-0.386576,-1.224870,100302.0000
1764076161796444385,2025-11-25 18:39:21.793,0.611248,2.770753,318.575478,0.047315,0.014509,0.977493,0.204648,0.181336,9.713191,-0.002218,-0.000507,0.005470,0.733519,-0.386105,-1.225882,100302.0000
1764076161896280404,2025-11-25 18:39:21.893,0.598400,2.764986,318.576683,0.048459,0.011960,0.977675,0.889229,-0.003136,9.738875,0.003825,-0.003224,0.000681,0.732083,-0.386092,-1.224899,100303.0000
1764076161995817534,2025-11-25 18:39:21.992,0.576516,2.714147,318.560059,0.051339,0.010959,0.978209,0.239801,-0.090612,9.714327,-0.004034,0.012538,0.001447,0.733525,-0.387030,-1.224424,100304.0000
1764076162095720145,2025-11-25 18:39:22.093,0.564960,2.638829,318.514515,0.046531,0.009488,0.977922,0.621493,0.410961,9.805614,0.004455,0.008510,0.004343,0.733055,-0.385589,-1.223957,100302.0000
1764076162195784404,2025-11-25 18:39:22.193,0.578276,2.615914,318.465359,0.040921,0.008734,0.975712,0.607779,0.410873,9.779003,0.004447,-0.006020,0.013481,0.730654,-0.384645,-1.223937,100299.0000
1764076162296116478,2025-11-25 18:39:22.293,0.601940,2.666651,318.427795,0.038953,0.011093,0.977128,0.224571,-0.072994,9.707000,0.000340,-0.015207,0.005001,0.732589,-0.386496,-1.221529,100298.0000
1764076162396859867,2025-11-25 18:39:22.393,0.610340,2.776322,318.385761,0.042869,0.013596,0.977399,0.473699,0.042047,9.831932,0.006745,-0.021294,0.009962,0.732063,-0.388500,-1.225824,100299.0000
1764076162495339274,2025-11-25 18:39:22.493,0.593367,2.876616,318.313755,0.051072,0.011725,0.978155,0.248882,0.268168,9.504612,0.001774,-0.015142,0.015257,0.729661,-0.387088,-1.226293,100306.0000
1764076162595282774,2025-11-25 18:39:22.592,0.584035,2.912862,318.237358,0.054913,0.012060,0.979095,0.444588,0.072199,9.751948,0.007117,-0.001288,0.021025,0.729158,-0.389977,-1.227204,100305.0000
1764076162696117329,2025-11-25 18:39:22.693,0.580943,2.875619,318.195629,0.055720,0.011500,0.978464,0.541524,-0.204461,9.914057,0.002880,0.008041,0.003712,0.728691,-0.387113,-1.227241,100304.0000
1764076162795807959,2025-11-25 18:39:22.793,0.593016,2.812700,318.168404,0.055115,0.009026,0.975935,0.493919,0.200714,9.865379,0.006792,0.012127,0.000337,0.730123,-0.390908,-1.226241,100301.0000
1764076162896030644,2025-11-25 18:39:22.893,0.613685,2.733499,318.128601,0.047992,0.013268,0.975572,0.371813,0.514046,9.730779,0.003168,0.018643,0.006439,0.732537,-0.392289,-1.224329,100309.0000
1764076162995354903,2025-11-25 18:39:22.993,0.623919,2.674026,318.103165,0.040470,0.013687,0.976446,0.153458,0.171257,9.692610,0.009595,0.005201,0.009114,0.730639,-0.390814,-1.221916,100309.0000
1764076163095765644,2025-11-25 18:39:23.092,0.622513,2.687083,318.065788,0.038791,0.013713,0.977933,0.159381,0.354164,9.789032,-0.005056,-0.005796,0.000845,0.730108,-0.393774,-1.226197,100299.0000
1764076163197022218,2025-11-25 18:39:23.193,0.608995,2.757046,318.017620,0.040535,0.013006,0.978268,0.189912,0.369371,9.788426,-0.001670,-0.015756,0.007004,0.727727,-0.395136,-1.222288,100305.0000
1764076163296224422,2025-11-25 18:39:23.293,0.578213,2.860502,317.951309,0.047175,0.010514,0.979428,0.431394,0.188292,9.947197,0.004157,-0.013717,0.022317,0.726272,-0.392815,-1.225192,100311.0000
1764076163395891718,2025-11-25 18:39:23.393,0.573724,2.908095,317.737289,0.056786,0.009499,0.978071,0.335753,0.125962,9.548383,-0.000082,-0.002077,0.062996,0.725766,-0.396181,-1.226097,100306.0000
1764076163496187273,2025-11-25 18:39:23.493,0.605462,2.886361,317.292583,0.056766,0.010481,0.978023,0.155537,0.459158,10.117952,0.011853,0.013894,0.097207,0.722360,-0.400069,-1.228395,100298.0000
1764076163595751940,2025-11-25 18:39:23.593,0.670794,2.817319,316.604275,0.055758,0.016869,0.976001,1.121626,0.229932,9.620543,0.025057,0.014006,0.135109,0.716582,-0.406233,-1.224845,100305.0000
1764076163695676014,2025-11-25 18:39:23.693,0.736514,2.789461,315.695908,0.046760,0.025032,0.974059,0.581343,-0.263543,10.033449,0.028169,-0.005238,0.186793,0.709323,-0.415332,-1.224118,100300.0000
1764076163795899458,2025-11-25 18:39:23.793,0.783049,2.869126,314.583073,0.046830,0.034297,0.975470,1.039931,0.457953,9.898670,0.018446,-0.016088,0.217561,0.698207,-0.426825,-1.222816,100300.0000
1764076163896204551,2025-11-25 18:39:23.893,0.816727,2.902371,313.232487,0.054754,0.039743,0.978918,0.823675,0.887926,9.925048,0.022946,-0.001004,0.259666,0.685644,-0.439748,-1.220988,100307.0000
1764076163995293606,2025-11-25 18:39:23.993,0.871626,2.947597,311.692429,0.056548,0.037669,0.978334,0.369738,-1.057220,9.595403,0.029577,-0.006207,0.286224,0.668728,-0.455110,-1.220505,100298.0000
1764076164095737143,2025-11-25 18:39:24.093,0.952613,2.892253,309.971725,0.057339,0.054902,0.979844,0.337620,2.234805,9.478447,0.017770,0.019587,0.309335,0.651827,-0.469485,-1.218592,100300.0000
1764076164195797791,2025-11-25 18:39:24.193,1.037308,2.685472,308.203197,0.052537,0.053731,0.975790,0.262750,2.024975,10.080400,0.038074,0.040153,0.331069,0.639746,-0.485231,-1.214803,100302.0000
1764076164295345643,2025-11-25 18:39:24.293,1.071172,2.524497,306.513653,0.038947,0.058257,0.971147,-0.010972,-1.661999,8.862040,0.018448,0.020672,0.296619,0.621877,-0.501044,-1.212855,100305.0000
1764076164395993032,2025-11-25 18:39:24.393,1.093609,2.460093,304.845886,0.034490,0.058974,0.976407,-0.477688,1.214309,9.207732,0.013285,0.008546,0.293661,0.605930,-0.514968,-1.212407,100307.0000
1764076164496069014,2025-11-25 18:39:24.493,1.079582,2.555092,303.194069,0.032038,0.056238,0.975655,0.557238,-1.795387,9.715625,-0.004296,-0.023969,0.254115,0.588094,-0.525505,-1.209576,100300.0000
1764076164596281884,2025-11-25 18:39:24.593,1.020056,2.763021,301.545349,0.036758,0.052786,0.978472,-0.052331,1.901147,10.076163,0.008508,-0.033119,0.290508,0.568755,-0.538093,-1.212952,100313.0000
1764076164696232736,2025-11-25 18:39:24.693,0.914387,3.014865,299.867035,0.051346,0.051796,0.975509,1.331653,-0.371280,9.483154,-0.004457,-0.027266,0.306947,0.547541,-0.546787,-1.212508,100311.0000
1764076164795367106,2025-11-25 18:39:24.793,0.816725,3.174166,298.122078,0.058256,0.049053,0.977108,0.286287,1.851658,10.147455,-0.010077,-0.011926,0.299474,0.522433,-0.560803,-1.214332,100301.0000
1764076164895971624,2025-11-25 18:39:24.893,0.759316,3.160605,296.373856,0.065442,0.040681,0.977809,0.424838,-0.363407,9.850648,0.008294,0.038093,0.304237,0.505553,-0.571824,-1.211989,100311.0000
1764076164995346847,2025-11-25 18:39:24.993,0.732789,2.770495,294.744072,0.057623,0.045079,0.983181,1.165100,0.510325,9.951182,0.012929,0.122033,0.284958,0.488700,-0.579004,-1.208742,100309.0000
1764076165095663032,2025-11-25 18:39:25.093,0.742413,2.074562,293.210579,0.031881,0.041730,0.979877,-0.379818,0.735576,9.037668,0.018964,0.109795,0.269731,0.476646,-0.587137,-1.206514,100297.0000
1764076165196164032,2025-11-25 18:39:25.193,0.826486,1.729313,291.732246,0.002856,0.038982,0.977732,0.653643,0.210811,9.950544,0.032874,0.009628,0.270461,0.461220,-0.597654,-1.203238,100301.0000
1764076165295369828,2025-11-25 18:39:25.293,0.919963,2.029916,290.245613,0.005932,0.049828,0.971167,0.359048,1.356819,9.749927,0.027416,-0.098929,0.276438,0.441940,-0.603016,-1.203835,100300.0000
1764076165395550883,2025-11-25 18:39:25.393,0.925369,2.799330,288.782021,0.031605,0.052631,0.969361,0.135823,-0.118200,9.355955,-0.004414,-0.141885,0.259679,0.416883,-0.611238,-1.202859,100302.0000
1764076165496332272,2025-11-25 18:39:25.493,0.842642,3.523679,287.360794,0.075859,0.049931,0.973641,0.599537,-0.007651,9.622484,-0.003041,-0.100775,0.260519,0.390342,-0.618635,-1.207653,100303.0000
1764076165596485772,2025-11-25 18:39:25.593,0.704326,3.840977,285.983551,0.097626,0.044049,0.976700,0.303242,0.259138,9.500421,-0.011997,-0.019487,0.242484,0.368184,-0.622098,-1.208238,100308.0000
1764076165696405920,2025-11-25 18:39:25.693,0.596370,3.708199,284.668938,0.096033,0.036180,0.978843,0.403116,0.509345,9.814291,0.002061,0.057113,0.224281,0.352745,-0.626050,-1.210840,100300.0000
1764076165795295291,2025-11-25 18:39:25.793,0.565200,3.327161,283.447433,0.077181,0.031102,0.979150,0.931186,0.440741,10.003885,0.017835,0.066538,0.209544,0.340250,-0.630781,-1.205768,100303.0000
1764076165896541179,2025-11-25 18:39:25.893,0.597865,2.970066,282.307411,0.049888,0.028620,0.978260,0.632251,0.541117,9.395282,0.024647,0.046102,0.214052,0.330619,-0.634615,-1.204123,100294.0000
1764076165996596735,2025-11-25 18:39:25.993,0.660407,2.796903,281.174271,0.037341,0.033126,0.978859,0.988918,-0.088333,9.940297,0.029597,0.014542,0.203449,0.314733,-0.637065,-1.203370,100312.0000
1764076166096051550,2025-11-25 18:39:26.093,0.700240,2.858065,280.047516,0.034063,0.037763,0.977155,0.845099,0.142010,9.995399,0.007677,-0.026752,0.203304,0.299351,-0.640396,-1.199240,100305.0000
1764076166196802309,2025-11-25 18:39:26.193,0.693420,3.058843,278.931160,0.042686,0.039277,0.973197,-0.547953,0.309736,9.522358,0.003629,-0.038000,0.196620,0.282016,-0.642395,-1.199436,100305.0000
1764076166296190901,2025-11-25 18:39:26.293,0.643380,3.276526,277.844887,0.059717,0.035422,0.975478,1.148662,0.469941,9.577538,0.005817,-0.020719,0.195043,0.265639,-0.644400,-1.200128,100311.0000
1764076166396282012,2025-11-25 18:39:26.393,0.594011,3.383747,276.819420,0.057441,0.032016,0.975504,-0.960612,0.242514,9.201776,0.011831,-0.010010,0.177259,0.252613,-0.649265,-1.201306,100302.0000
1764076166495883772,2025-11-25 18:39:26.493,0.562728,3.371048,275.838432,0.066338,0.030457,0.975966,1.319623,0.698202,9.510839,0.012688,0.003520,0.174383,0.239632,-0.650238,-1.199174,100309.0000
1764076166596024253,2025-11-25 18:39:26.593,0.586563,3.274722,274.900238,0.059176,0.025496,0.980355,-0.497912,0.045130,9.405433,0.019856,0.013082,0.160534,0.225677,-0.649833,-1.199457,100303.0000
1764076166695543660,2025-11-25 18:39:26.693,0.639108,3.147650,274.004517,0.062087,0.030563,0.978129,1.551038,0.545003,9.807047,0.018286,0.022354,0.163350,0.214131,-0.650353,-1.198797,100302.0000
1764076166795857642,2025-11-25 18:39:26.793,0.680674,3.039539,273.153191,0.051361,0.031754,0.977281,-0.385177,0.443132,10.064866,0.007995,0.022673,0.147607,0.204030,-0.653691,-1.196190,100307.0000
1764076166895851197,2025-11-25 18:39:26.893,0.700935,2.970619,272.339401,0.042447,0.028597,0.978090,-0.179448,0.371760,9.222939,0.009139,-0.005472,0.150004,0.192959,-0.653751,-1.196508,100306.0000
1764076166996053568,2025-11-25 18:39:26.993,0.695736,2.941694,271.531540,0.050283,0.029391,0.978193,1.666167,0.398986,10.161548,0.008332,0.003013,0.143169,0.184319,-0.655151,-1.192988,100311.0000
1764076167097604642,2025-11-25 18:39:27.093,0.679253,2.931998,270.746765,0.048621,0.029274,0.975714,0.626478,-0.138737,9.642023,0.008062,0.010802,0.142226,0.171796,-0.652413,-1.196216,100300.0000
1764076167196535438,2025-11-25 18:39:27.193,0.653752,2.930035,270.026520,0.051080,0.027411,0.977031,0.875521,-0.485936,9.764693,0.016494,0.010947,0.119832,0.162651,-0.653877,-1.195578,100308.0000
1764076167296085364,2025-11-25 18:39:27.293,0.639894,2.920776,269.346802,0.046510,0.023965,0.975513,1.183659,0.716203,9.780016,0.012777,0.004180,0.122374,0.154960,-0.653891,-1.194501,100307.0000
1764076167396445382,2025-11-25 18:39:27.393,0.644153,2.902818,268.711594,0.051781,0.026836,0.978451,1.703180,0.641189,9.918543,0.012441,0.017472,0.096242,0.142445,-0.653490,-1.195286,100304.0000
1764076167495942882,2025-11-25 18:39:27.493,0.651913,2.849705,268.124947,0.045306,0.023918,0.977241,1.105292,0.168568,9.908431,-0.006047,0.007563,0.096069,0.138130,-0.653469,-1.193297,100306.0000
1764076167596527567,2025-11-25 18:39:27.593,0.657941,2.785491,267.563049,0.048276,0.017966,0.980132,0.205370,-0.340977,9.664039,0.002560,0.003557,0.109812,0.130891,-0.651672,-1.197071,100304.0000
1764076167696186067,2025-11-25 18:39:27.693,0.663540,2.723686,266.996132,0.046906,0.019247,0.979264,-0.432392,0.248258,9.714452,0.021808,0.016013,0.109070,0.123219,-0.652580,-1.193091,100310.0000
1764076167795649604,2025-11-25 18:39:27.793,0.665889,2.651384,266.466599,0.048327,0.026553,0.975274,1.381578,0.521540,9.982025,0.002928,0.013716,0.092664,0.117433,-0.652637,-1.194450,100307.0000
1764076167895519734,2025-11-25 18:39:27.892,0.666515,2.574545,266.013725,0.043603,0.021117,0.976176,0.684464,-0.144030,9.720984,0.003957,0.017981,0.076984,0.111189,-0.653580,-1.192417,100302.0000
1764076167995399789,2025-11-25 18:39:27.993,0.679060,2.519061,265.604774,0.039064,0.016024,0.979173,0.323064,0.089406,9.970279,0.013028,0.014843,0.068664,0.106396,-0.652138,-1.190924,100311.0000
1764076168095738141,2025-11-25 18:39:28.092,0.694426,2.496248,265.215195,0.036419,0.022266,0.975694,-0.037541,0.421839,9.510195,0.002626,0.001937,0.063233,0.103966,-0.653155,-1.193280,100300.0000
1764076168196736345,2025-11-25 18:39:28.193,0.696113,2.477231,264.862549,0.037843,0.016803,0.977446,0.392085,0.162091,9.964263,0.003277,-0.014420,0.070676,0.099174,-0.650768,-1.192283,100305.0000
1764076168296567308,2025-11-25 18:39:28.293,0.681936,2.467350,264.555801,0.040673,0.019942,0.977806,0.812462,0.310095,9.840371,0.001380,0.001920,0.054018,0.092446,-0.649365,-1.192206,100308.0000
1764076168395789530,2025-11-25 18:39:28.393,0.641095,2.471994,264.284615,0.038787,0.016226,0.976839,0.432318,0.554257,9.748305,-0.002800,0.004431,0.032964,0.091944,-0.650363,-1.194109,100300.0000
1764076168496069011,2025-11-25 18:39:28.493,0.602840,2.476572,264.041199,0.040640,0.014234,0.978146,0.141126,0.539494,9.601974,-0.002906,0.006075,0.032880,0.086200,-0.646069,-1.193127,100302.0000
1764076168595919900,2025-11-25 18:39:28.593,0.598857,2.449097,263.848495,0.042864,0.010889,0.979886,0.592744,0.308535,9.877342,0.011098,0.009605,0.030705,0.086664,-0.649411,-1.193083,100304.0000
1764076168696437807,2025-11-25 18:39:28.693,0.624130,2.395891,263.714142,0.041251,0.011088,0.980142,0.294438,-0.070226,9.802524,0.007851,0.012110,0.020341,0.081837,-0.649473,-1.194938,100298.0000
1764076168795561585,2025-11-25 18:39:28.793,0.668962,2.358047,263.618431,0.037030,0.011562,0.977282,0.347339,0.006067,9.688095,0.003954,0.009670,0.009090,0.081857,-0.649423,-1.192531,100304.0000
1764076168896191992,2025-11-25 18:39:28.893,0.702966,2.325574,263.561119,0.036284,0.014741,0.977065,0.138339,0.374995,9.696362,-0.000506,0.008262,0.016059,0.082359,-0.647479,-1.191123,100311.0000
1764076168995298437,2025-11-25 18:39:28.993,0.705776,2.277420,263.543884,0.034198,0.013873,0.976202,0.062975,0.199956,9.587401,-0.000966,0.005139,0.004060,0.082343,-0.647520,-1.193048,100300.0000
1764076169095482826,2025-11-25 18:39:29.092,0.684003,2.235907,263.571495,0.032247,0.012749,0.977644,0.548943,0.250138,9.808668,-0.002759,-0.001013,-0.006557,0.081857,-0.648477,-1.193027,100305.0000
1764076169195654177,2025-11-25 18:39:29.193,0.660955,2.227900,263.650421,0.031997,0.009680,0.978282,0.135320,0.074433,9.755116,-0.003466,0.000584,-0.010962,0.084753,-0.649857,-1.191122,100301.0000
1764076169296027788,2025-11-25 18:39:29.293,0.650569,2.249669,263.750526,0.035380,0.006783,0.978549,0.518126,0.282268,9.856877,-0.002688,-0.010074,-0.024899,0.085213,-0.650851,-1.193040,100304.0000
1764076169397082437,2025-11-25 18:39:29.393,0.672490,2.281567,263.861557,0.037516,0.006511,0.979015,0.493182,0.078560,9.967463,-0.002157,-0.001113,-0.025080,0.085729,-0.649344,-1.189699,100309.0000
1764076169495796751,2025-11-25 18:39:29.493,0.696709,2.294088,263.995903,0.036371,0.008000,0.976566,0.773946,0.315352,9.887101,0.006746,0.000857,-0.020662,0.087133,-0.650385,-1.194038,100315.0000
1764076169595728640,2025-11-25 18:39:29.593,0.706982,2.308258,264.141907,0.034529,0.008899,0.977085,-0.021894,0.028830,9.604616,-0.002670,0.002327,-0.030450,0.088108,-0.649405,-1.193105,100302.0000
1764076169696037733,2025-11-25 18:39:29.693,0.694785,2.334960,264.320007,0.038992,0.009903,0.978376,0.492342,0.210386,9.754800,-0.001429,-0.007495,-0.039003,0.089544,-0.650831,-1.193104,100307.0000
1764076169796148510,2025-11-25 18:39:29.793,0.656454,2.371382,264.521759,0.038959,0.006921,0.978003,0.479658,-0.075823,9.859779,-0.011564,-0.010937,-0.033947,0.092446,-0.649365,-1.192206,100308.0000
1764076169895929695,2025-11-25 18:39:29.893,0.623698,2.350600,264.726662,0.042844,0.003479,0.978628,0.169936,0.080860,9.649842,-0.003905,0.004266,-0.032681,0.096256,-0.651807,-1.195596,100305.0000
1764076169995591399,2025-11-25 18:39:29.992,0.615095,2.282632,264.945534,0.039930,0.001962,0.976694,0.746026,-0.071004,9.771000,-0.004319,0.009896,-0.040204,0.097715,-0.653173,-1.192707,100307.0000
1764076170096022010,2025-11-25 18:39:30.093,0.633278,2.215328,265.191704,0.036303,0.003758,0.977076,0.294641,0.218889,9.652677,0.001223,0.016562,-0.042992,0.100609,-0.650314,-1.193756,100311.0000
1764076170197340584,2025-11-25 18:39:30.193,0.656242,2.176546,265.458473,0.034059,0.006072,0.978415,0.037653,0.176600,9.767999,0.004147,0.002420,-0.051064,0.105901,-0.650290,-1.193835,100297.0000
1764076170295767103,2025-11-25 18:39:30.293,0.664663,2.170898,265.734665,0.034343,0.005014,0.978689,0.364518,0.087700,9.897883,-0.006052,0.002184,-0.046934,0.109746,-0.651228,-1.193877,100297.0000
1764076170396243084,2025-11-25 18:39:30.393,0.659128,2.180094,266.024948,0.033398,0.004195,0.977880,0.193167,0.119696,9.759233,-0.003606,-0.003652,-0.049037,0.113618,-0.649737,-1.192030,100307.0000
1764076170496366065,2025-11-25 18:39:30.493,0.652137,2.183145,266.334770,0.032660,0.004790,0.977365,0.228856,0.222048,9.693754,-0.005086,-0.001839,-0.062157,0.118400,-0.654035,-1.192998,100305.0000
1764076170596404140,2025-11-25 18:39:30.593,0.652444,2.193166,266.652046,0.033992,-0.000403,0.978610,0.383968,-0.186263,9.762218,0.003184,-0.003355,-0.043332,0.121280,-0.653097,-1.194499,100313.0000
1764076170696038676,2025-11-25 18:39:30.693,0.668593,2.208676,266.974083,0.036778,0.004045,0.978648,0.399106,0.265238,9.898966,-0.003836,-0.007595,-0.061383,0.125621,-0.651635,-1.194104,100304.0000
1764076170795332399,2025-11-25 18:39:30.793,0.693258,2.219997,267.304329,0.038428,0.003491,0.977777,0.388616,-0.142111,9.958022,0.010253,-0.007750,-0.057618,0.129473,-0.653498,-1.192688,100305.0000
1764076170896298232,2025-11-25 18:39:30.893,0.712200,2.209522,267.648781,0.040743,0.004702,0.977961,0.687281,0.145907,9.904232,-0.001501,0.003300,-0.056146,0.133783,-0.654474,-1.194663,100305.0000
1764076170995391491,2025-11-25 18:39:30.993,0.712988,2.190249,268.001297,0.038504,0.005463,0.977640,0.189540,-0.024396,9.752896,-0.000159,0.000994,-0.070674,0.138116,-0.655390,-1.193749,100307.0000
1764076171095319102,2025-11-25 18:39:31.092,0.713428,2.174280,268.370201,0.036581,0.003227,0.976405,0.324869,0.274537,9.837407,0.003917,0.004483,-0.070056,0.145335,-0.653467,-1.194848,100309.0000
1764076171196169472,2025-11-25 18:39:31.193,0.718460,2.161391,268.764763,0.033430,0.002437,0.977902,0.279867,-0.142878,9.743725,0.002603,0.003241,-0.058270,0.148683,-0.654448,-1.196809,100300.0000
1764076171295759546,2025-11-25 18:39:31.293,0.729461,2.177114,269.175377,0.034084,0.005112,0.978908,0.075320,0.183610,9.714993,-0.001032,-0.009948,-0.085985,0.154475,-0.653903,-1.194976,100305.0000
1764076171395800306,2025-11-25 18:39:31.393,0.744896,2.199690,269.593147,0.034974,0.000916,0.977940,0.367440,0.180673,9.885068,0.005837,-0.009991,-0.061671,0.158313,-0.655330,-1.195492,100299.0000
1764076171495772732,2025-11-25 18:39:31.493,0.757878,2.234925,270.016785,0.035875,0.005051,0.978186,0.473042,0.311141,9.732968,-0.001886,-0.012257,-0.063361,0.162656,-0.654334,-1.194608,100303.0000
1764076171595559120,2025-11-25 18:39:31.593,0.763978,2.286524,270.460342,0.038941,0.005326,0.979174,0.290063,-0.361408,9.591075,-0.007243,-0.014150,-0.077184,0.169397,-0.653349,-1.194722,100303.0000
1764076171695722806,2025-11-25 18:39:31.693,0.762840,2.318846,270.919937,0.043892,0.002618,0.978479,0.542071,0.194788,9.787760,-0.002441,-0.007284,-0.076159,0.175644,-0.655698,-1.194297,100303.0000
1764076171795593880,2025-11-25 18:39:31.793,0.750678,2.327859,271.376610,0.043560,0.003016,0.976284,0.533304,0.079514,9.747721,-0.006521,-0.000433,-0.061620,0.180455,-0.654265,-1.195353,100300.0000
1764076171896676676,2025-11-25 18:39:31.893,0.718509,2.325948,271.816612,0.042311,0.005410,0.975796,0.632677,0.100641,9.746424,-0.010738,-0.001570,-0.079950,0.185726,-0.654769,-1.197830,100308.0000
1764076171995566528,2025-11-25 18:39:31.993,0.690657,2.340542,272.249229,0.037173,0.000852,0.975528,0.130072,-0.005756,9.725333,-0.002049,-0.006152,-0.064263,0.190559,-0.655631,-1.194517,100305.0000
1764076172095764639,2025-11-25 18:39:32.092,0.679654,2.367784,272.689568,0.042875,0.000975,0.978863,0.410399,0.080715,9.896146,-0.002301,-0.007773,-0.070416,0.196307,-0.653319,-1.199453,100300.0000
1764076172196181861,2025-11-25 18:39:32.193,0.692609,2.394435,273.118736,0.043694,-0.001508,0.979223,0.340243,-0.267657,9.620631,0.001577,-0.003856,-0.065007,0.199225,-0.653225,-1.195645,100305.0000
1764076172296035879,2025-11-25 18:39:32.293,0.712114,2.395514,273.513580,0.044264,0.002929,0.980781,0.514305,0.187984,9.853000,0.006371,0.006496,-0.070998,0.204980,-0.654662,-1.197152,100301.0000
1764076172395996694,2025-11-25 18:39:32.393,0.725719,2.356843,273.882324,0.042792,0.004467,0.977955,0.266658,-0.208958,9.584030,0.000083,0.002650,-0.055608,0.209326,-0.653657,-1.195787,100300.0000
1764076172496277527,2025-11-25 18:39:32.493,0.730715,2.316115,274.265915,0.041106,0.007679,0.977275,0.317667,0.477906,9.734731,-0.004739,0.001002,-0.063572,0.216070,-0.652194,-1.195908,100299.0000
1764076172596102990,2025-11-25 18:39:32.593,0.720497,2.323060,274.662560,0.040354,0.003482,0.976633,0.421222,-0.136597,9.869115,0.000240,-0.003018,-0.050176,0.222765,-0.654156,-1.199829,100303.0000
1764076172695564916,2025-11-25 18:39:32.693,0.711415,2.337227,275.060097,0.042085,0.004243,0.976366,0.550958,-0.196123,9.703635,-0.007760,-0.006058,-0.069530,0.225671,-0.652679,-1.198450,100299.0000
1764076172796462675,2025-11-25 18:39:32.793,0.712311,2.352564,275.447289,0.041190,0.002743,0.977944,0.667890,0.009207,9.927454,0.005226,-0.004356,-0.065539,0.230970,-0.652167,-1.198054,100300.0000
1764076172896476564,2025-11-25 18:39:32.893,0.706909,2.377418,275.831535,0.043121,0.004505,0.979274,0.801801,0.201366,9.931846,-0.011857,-0.001916,-0.063366,0.235306,-0.651660,-1.197644,100305.0000
1764076172995607397,2025-11-25 18:39:32.993,0.711764,2.402174,276.191895,0.044279,0.001244,0.978220,0.428137,-0.056656,9.665686,-0.001787,-0.002767,-0.055653,0.237235,-0.651641,-1.197191,100297.0000
1764076173095899268,2025-11-25 18:39:33.092,0.718300,2.400293,276.518364,0.045372,0.004857,0.977860,0.621052,0.287275,9.838230,-0.002413,0.003209,-0.048283,0.243018,-0.649704,-1.197306,100296.0000
1764076173196263916,2025-11-25 18:39:33.193,0.723992,2.372330,276.829567,0.042594,0.004152,0.976447,0.212996,-0.052825,9.671386,0.001350,0.002973,-0.054855,0.245893,-0.652080,-1.197312,100303.0000
1764076173295345508,2025-11-25 18:39:33.292,0.730454,2.337553,277.135582,0.042441,0.006619,0.977237,0.925303,0.008591,9.862319,0.005469,0.001354,-0.055430,0.249772,-0.647743,-1.196472,100301.0000
1764076173396314045,2025-11-25 18:39:33.393,0.725193,2.334264,277.420822,0.040592,0.004596,0.977287,0.588785,0.220439,9.779385,-0.007259,-0.008609,-0.029702,0.255030,-0.651582,-1.198417,100305.0000
1764076173496429804,2025-11-25 18:39:33.493,0.716603,2.374833,277.670250,0.042844,0.005838,0.978645,0.252531,0.163935,9.811077,-0.002618,-0.010348,-0.046122,0.256987,-0.648188,-1.196571,100305.0000
1764076173596072990,2025-11-25 18:39:33.593,0.709701,2.416311,277.894791,0.044277,0.005684,0.978421,0.294497,0.017411,9.827505,-0.000638,-0.005094,-0.039939,0.259836,-0.648745,-1.200939,100303.0000
1764076173695863397,2025-11-25 18:39:33.693,0.713082,2.435558,278.102585,0.045714,0.005548,0.977364,0.608669,-0.389996,9.813027,0.007368,-0.003194,-0.030354,0.261297,-0.650578,-1.197562,100300.0000
1764076173795522638,2025-11-25 18:39:33.793,0.724913,2.436703,278.306351,0.045455,0.007582,0.976420,0.207804,0.098044,9.709051,-0.002809,-0.000652,-0.020747,0.262745,-0.648203,-1.198582,100306.0000
1764076173896153878,2025-11-25 18:39:33.893,0.736449,2.444385,278.500847,0.042321,0.007196,0.976860,0.360281,-0.087457,9.831583,0.010952,-0.005457,-0.029586,0.268059,-0.647651,-1.196261,100303.0000
1764076173996028767,2025-11-25 18:39:33.993,0.740910,2.476958,278.689133,0.044512,0.008614,0.977897,0.285540,0.128469,9.646444,0.000121,-0.007946,-0.024135,0.267083,-0.646751,-1.198668,100309.0000
1764076174095439656,2025-11-25 18:39:34.093,0.742163,2.518646,278.865158,0.048309,0.007399,0.979476,0.618412,0.027102,9.862833,-0.000305,-0.002701,-0.029757,0.270446,-0.649104,-1.197719,100306.0000
1764076174195933008,2025-11-25 18:39:34.193,0.745900,2.538847,279.003975,0.047282,0.006287,0.978360,0.510121,-0.277665,9.717174,0.004812,-0.004078,-0.013689,0.270930,-0.646266,-1.199214,100298.0000
1764076174296040471,2025-11-25 18:39:34.293,0.748195,2.529947,279.107979,0.049402,0.009087,0.977583,0.575058,-0.009490,9.868907,-0.002016,0.008564,-0.013850,0.272363,-0.649115,-1.198710,100302.0000
1764076174395648785,2025-11-25 18:39:34.393,0.747533,2.493010,279.174080,0.047489,0.009053,0.977753,0.518351,0.070181,9.865025,-0.001665,0.009520,0.000496,0.272377,-0.646249,-1.198754,100301.0000
1764076174496255989,2025-11-25 18:39:34.493,0.739829,2.440340,279.225739,0.046131,0.010810,0.976617,0.237608,0.027810,9.603266,-0.000492,0.004297,-0.011489,0.273332,-0.646265,-1.199731,100305.0000
1764076174595744063,2025-11-25 18:39:34.593,0.729634,2.418487,279.260567,0.041367,0.010165,0.975059,0.454263,0.509289,9.676020,-0.000157,-0.003154,0.002118,0.276204,-0.650064,-1.199233,100307.0000
1764076174695979767,2025-11-25 18:39:34.693,0.719687,2.454798,279.285576,0.040334,0.008849,0.976878,0.487596,0.053423,9.868604,-0.004179,-0.019028,0.000315,0.278154,-0.645746,-1.198847,100303.0000
1764076174795892007,2025-11-25 18:39:34.793,0.721036,2.521763,279.280357,0.044511,0.007584,0.977877,0.876410,0.099848,9.919585,0.005786,-0.015570,0.015913,0.270925,-0.648167,-1.198703,100304.0000
1764076174896225452,2025-11-25 18:39:34.893,0.731610,2.592365,279.256943,0.048555,0.011922,0.978883,0.410626,0.201368,9.778216,0.000503,-0.007221,0.003279,0.271387,-0.651041,-1.199148,100309.0000
1764076174995564433,2025-11-25 18:39:34.993,0.738127,2.628378,279.238762,0.052252,0.011874,0.979089,0.484237,0.023461,9.680971,0.004214,0.002805,0.005831,0.272363,-0.649115,-1.198710,100308.0000
1764076175095651766,2025-11-25 18:39:35.092,0.742512,2.619267,279.210655,0.050324,0.011249,0.978091,0.376604,0.035268,9.754601,0.001942,0.000596,0.005817,0.270426,-0.648687,-1.200614,100300.0000
1764076175196177507,2025-11-25 18:39:35.193,0.737830,2.598284,279.165184,0.048283,0.013669,0.975832,0.499362,0.475897,9.595157,0.002148,0.002449,0.014755,0.271885,-0.648640,-1.198710,100304.0000
1764076175295288192,2025-11-25 18:39:35.293,0.722605,2.570326,279.126602,0.047461,0.012439,0.976600,0.236670,-0.077006,9.780746,-0.003645,0.001266,0.010654,0.270437,-0.648657,-1.199170,100300.0000
1764076175396171914,2025-11-25 18:39:35.393,0.710019,2.539914,279.095894,0.047604,0.011461,0.977099,0.420412,0.178365,9.731849,-0.004600,-0.000711,0.006590,0.270925,-0.648167,-1.198703,100305.0000
1764076175495969192,2025-11-25 18:39:35.493,0.707638,2.509908,279.063019,0.047537,0.007886,0.978006,0.458771,0.074932,9.593395,0.008565,-0.000392,0.017394,0.269474,-0.649606,-1.198660,100300.0000
1764076175596143637,2025-11-25 18:39:35.593,0.721588,2.491241,279.003578,0.046451,0.010580,0.979085,0.278348,0.329977,9.783084,0.003785,0.009420,0.018668,0.267545,-0.649625,-1.199113,100303.0000
1764076175695644951,2025-11-25 18:39:35.693,0.732919,2.487135,278.928406,0.045309,0.012829,0.978414,0.468944,-0.066485,9.909024,0.003832,0.001132,0.017236,0.267058,-0.650115,-1.199580,100305.0000
1764076175796096488,2025-11-25 18:39:35.793,0.734313,2.496364,278.839180,0.043675,0.012739,0.976914,0.302969,-0.120314,9.840479,0.000826,-0.001463,0.023464,0.265123,-0.652980,-1.199026,100309.0000
1764076175896192433,2025-11-25 18:39:35.893,0.739683,2.515606,278.732132,0.043176,0.011797,0.976318,0.328581,-0.203913,9.975197,0.001007,-0.007267,0.021425,0.264193,-0.651012,-1.196153,100307.0000
1764076175996155470,2025-11-25 18:39:35.993,0.756715,2.539735,278.608490,0.046460,0.012759,0.977349,0.233930,-0.048128,9.789476,0.008135,-0.009721,0.031166,0.263677,-0.652051,-1.199982,100300.0000
1764076176095468581,2025-11-25 18:39:36.092,0.774964,2.557628,278.461601,0.047642,0.015274,0.977127,0.543988,0.144557,9.753527,0.013500,-0.003216,0.033657,0.259357,-0.652985,-1.197978,100307.0000
1764076176195837562,2025-11-25 18:39:36.193,0.792551,2.562094,278.291336,0.046653,0.015403,0.977728,0.281360,0.263514,9.706607,0.000540,-0.000336,0.034271,0.257436,-0.652983,-1.197468,100303.0000
1764076176296070969,2025-11-25 18:39:36.293,0.800840,2.579572,278.114494,0.045062,0.015333,0.977340,0.256090,-0.000131,9.672280,0.006958,-0.009757,0.030854,0.254057,-0.654442,-1.197878,100298.0000
1764076176395909840,2025-11-25 18:39:36.393,0.795357,2.614819,277.926880,0.047869,0.016231,0.977621,0.634306,0.195083,9.717970,0.009444,-0.006203,0.048950,0.252133,-0.654450,-1.197849,100305.0000
1764076176496104525,2025-11-25 18:39:36.493,0.776079,2.693475,277.735298,0.049343,0.018772,0.976563,0.286810,0.372027,9.762714,-0.012729,-0.016676,0.030240,0.246379,-0.653480,-1.195853,100308.0000
1764076176596493284,2025-11-25 18:39:36.593,0.746080,2.795666,277.540085,0.054012,0.015529,0.977045,0.861393,0.160181,10.009617,-0.006681,-0.026470,0.033681,0.244414,-0.655481,-1.199646,100300.0000
1764076176696058043,2025-11-25 18:39:36.693,0.724805,2.883114,277.328568,0.059599,0.013527,0.977138,0.831193,0.283550,9.802203,0.002819,-0.007934,0.042108,0.239616,-0.654994,-1.198138,100305.0000
1764076176795600580,2025-11-25 18:39:36.793,0.729350,2.922496,277.106285,0.055807,0.013848,0.976451,0.197117,0.361978,9.584729,0.005748,0.002834,0.045715,0.237701,-0.653093,-1.198139,100307.0000
1764076176895518562,2025-11-25 18:39:36.893,0.756708,2.910426,276.869995,0.057769,0.013031,0.977550,0.485682,0.116752,9.842691,0.010463,0.010232,0.045209,0.234313,-0.655517,-1.199015,100305.0000
1764076176995314173,2025-11-25 18:39:36.993,0.780766,2.847229,276.627541,0.054980,0.017178,0.978064,0.517846,0.068803,9.964131,0.001840,0.009859,0.043147,0.230026,-0.654479,-1.194152,100298.0000
1764076177095312747,2025-11-25 18:39:37.092,0.784007,2.772053,276.403221,0.054223,0.020326,0.978340,1.246599,0.581659,10.161164,0.005252,0.011812,0.040269,0.227096,-0.657907,-1.197428,100302.0000
1764076177196263321,2025-11-25 18:39:37.193,0.772141,2.726134,276.210258,0.048843,0.016913,0.977606,0.816256,0.022478,9.852161,-0.000061,0.007382,0.038124,0.226165,-0.655472,-1.195043,100303.0000
1764076177296025024,2025-11-25 18:39:37.293,0.769101,2.730454,276.019135,0.046497,0.015420,0.976018,0.385447,0.195956,9.617356,0.004836,0.011269,0.029469,0.223749,-0.657393,-1.194979,100305.0000
1764076177395751302,2025-11-25 18:39:37.393,0.781156,2.770127,275.841095,0.045265,0.014985,0.976168,0.086817,0.213998,9.759267,0.005144,0.000229,0.033584,0.220367,-0.658862,-1.195870,100296.0000
1764076177495975265,2025-11-25 18:39:37.493,0.792014,2.826108,275.684990,0.047952,0.016010,0.976318,0.850672,0.259380,9.970076,0.001789,-0.011128,0.030403,0.220362,-0.659817,-1.195855,100302.0000
1764076177596204321,2025-11-25 18:39:37.593,0.790275,2.854284,275.537094,0.051781,0.016128,0.977081,0.368113,0.080090,9.869476,-0.008156,-0.010767,0.027427,0.215565,-0.656973,-1.195828,100292.0000
1764076177696465098,2025-11-25 18:39:37.693,0.784136,2.870004,275.387085,0.053997,0.015976,0.978373,1.016830,0.179768,9.867375,0.004069,-0.012171,0.026999,0.212675,-0.658408,-1.195282,100299.0000
1764076177796520857,2025-11-25 18:39:37.793,0.769421,2.848154,275.258072,0.060372,0.017219,0.979624,0.936451,0.619640,9.824137,-0.005317,0.006032,0.019940,0.211249,-0.655539,-1.194823,100303.0000
1764076177896423580,2025-11-25 18:39:37.893,0.750652,2.802462,275.154221,0.053250,0.011313,0.978258,0.230647,-0.065381,9.709951,0.001843,0.020805,0.020742,0.211225,-0.658903,-1.195734,100306.0000
1764076177995286283,2025-11-25 18:39:37.992,0.752783,2.762382,275.059311,0.047293,0.010858,0.975512,0.249029,0.228226,9.675613,0.007110,0.007274,0.022488,0.206398,-0.656607,-1.199070,100304.0000
1764076178095390524,2025-11-25 18:39:38.092,0.762656,2.759984,274.973648,0.044229,0.013711,0.975888,-0.274403,0.165223,9.345565,-0.002176,-0.018535,0.024294,0.206432,-0.659819,-1.192760,100309.0000
1764076178196656450,2025-11-25 18:39:38.193,0.761763,2.771253,274.911217,0.052778,0.015435,0.978775,1.266225,0.088752,10.158623,-0.005957,-0.010914,0.008065,0.205451,-0.656571,-1.197130,100304.0000
1764076178296034135,2025-11-25 18:39:38.293,0.751332,2.775816,274.854744,0.055846,0.011886,0.977753,0.779153,0.130492,9.886535,0.004937,0.010996,0.011623,0.204964,-0.659419,-1.196116,100305.0000
1764076178395898931,2025-11-25 18:39:38.393,0.734610,2.742470,274.780922,0.051455,0.010821,0.976372,0.490003,-0.043394,9.859404,-0.005162,0.009182,0.013994,0.203055,-0.657029,-1.195643,100300.0000
1764076178495501209,2025-11-25 18:39:38.493,0.722226,2.682476,274.696861,0.045944,0.012868,0.977212,0.182223,0.183605,9.757660,-0.004034,-0.000627,0.012989,0.203520,-0.658013,-1.197079,100304.0000
1764076178595953709,2025-11-25 18:39:38.593,0.717980,2.654325,274.628914,0.047265,0.010648,0.978233,0.726924,0.160837,9.917981,0.001721,-0.005864,0.009851,0.203525,-0.658470,-1.196109,100313.0000
1764076178695877709,2025-11-25 18:39:38.693,0.722659,2.659916,274.576691,0.049815,0.010965,0.978113,0.838534,0.303442,9.685150,-0.002550,0.003446,0.012941,0.202082,-0.658477,-1.196088,100300.0000
1764076178795731246,2025-11-25 18:39:38.793,0.735645,2.707415,274.531693,0.045697,0.012615,0.976940,0.104225,0.349747,9.582051,0.005575,-0.000043,0.009236,0.198239,-0.657061,-1.196053,100305.0000
1764076178895824394,2025-11-25 18:39:38.893,0.750874,2.745219,274.489998,0.047615,0.010100,0.976969,-0.079415,-0.059865,9.540189,0.003229,-0.002537,0.009752,0.199660,-0.658528,-1.197978,100305.0000
1764076178995665431,2025-11-25 18:39:38.993,0.761444,2.765652,274.447395,0.050021,0.013323,0.976692,0.100884,0.310534,9.664907,-0.001248,-0.009561,0.012963,0.198241,-0.658940,-1.194580,100307.0000
1764076179095945468,2025-11-25 18:39:39.093,0.757032,2.756060,274.406136,0.058614,0.012777,0.979949,1.824783,0.054905,10.270448,-0.003631,0.010347,0.005902,0.196312,-0.657547,-1.196017,100306.0000
1764076179195848320,2025-11-25 18:39:39.193,0.732163,2.722384,274.353638,0.051172,0.012212,0.976387,0.296737,0.199674,9.694618,-0.005949,0.019324,0.014420,0.196781,-0.658520,-1.196972,100306.0000
1764076179295327560,2025-11-25 18:39:39.293,0.717883,2.691555,274.291237,0.044182,0.009509,0.974771,-0.076939,-0.304812,9.588619,0.004390,0.006925,0.010259,0.193902,-0.659926,-1.194982,100308.0000
1764076179396373023,2025-11-25 18:39:39.393,0.722523,2.659499,274.254547,0.041654,0.011545,0.976279,-0.160593,0.328940,9.399712,-0.007055,-0.011045,0.009797,0.193898,-0.659936,-1.195464,100305.0000
1764076179496074356,2025-11-25 18:39:39.493,0.744435,2.676981,274.222359,0.044217,0.010402,0.977786,0.518711,0.559689,9.774687,-0.001283,-0.021859,0.017215,0.193910,-0.658493,-1.195004,100301.0000
1764076179596555505,2025-11-25 18:39:39.593,0.769283,2.729710,274.167831,0.053172,0.010788,0.981152,0.812117,0.312561,9.908315,0.005803,-0.003804,0.008684,0.195332,-0.660427,-1.196440,100303.0000
1764076179695776375,2025-11-25 18:39:39.693,0.771359,2.785522,274.099716,0.051239,0.013750,0.976237,0.458332,0.052558,9.618834,0.003589,0.001627,0.018568,0.191962,-0.662333,-1.195399,100303.0000
1764076179795263838,2025-11-25 18:39:39.792,0.739631,2.835361,274.020004,0.050386,0.013667,0.974722,-0.012764,0.159606,9.687730,-0.001314,-0.003034,0.019929,0.190045,-0.659964,-1.195888,100308.0000
1764076179896933301,2025-11-25 18:39:39.893,0.698783,2.872121,273.926300,0.052168,0.010960,0.975423,0.152951,-0.026342,9.607101,-0.000742,-0.016346,0.025689,0.190527,-0.659016,-1.196391,100300.0000
1764076179995492467,2025-11-25 18:39:39.993,0.664723,2.907226,273.835716,0.057939,0.010137,0.977959,1.776448,-0.202498,10.119084,-0.005513,-0.007714,0.021699,0.185209,-0.659579,-1.199194,100302.0000
1764076180095479745,2025-11-25 18:39:40.092,0.650259,2.934712,273.776833,0.053831,0.009036,0.978406,0.289361,0.121925,9.780235,0.002107,0.006424,0.009701,0.184738,-0.659083,-1.198232,100298.0000
1764076180196140856,2025-11-25 18:39:40.193,0.658352,2.991627,273.712135,0.051481,0.006941,0.976193,0.001216,0.282190,9.391541,0.010343,-0.010975,0.001522,0.184760,-0.658554,-1.195832,100300.0000
1764076180296004578,2025-11-25 18:39:40.293,0.696447,3.024995,273.626480,0.054899,0.008714,0.977273,-0.014036,0.038371,9.383254,0.016891,-0.010164,0.019083,0.182833,-0.660453,-1.194811,100306.0000
1764076180396063948,2025-11-25 18:39:40.393,0.733576,2.991648,273.541054,0.060072,0.014750,0.979934,0.933828,-0.020934,9.940809,0.008312,0.008230,0.016840,0.181875,-0.658090,-1.195797,100298.0000
1764076180496129856,2025-11-25 18:39:40.493,0.738912,2.894092,273.481659,0.056916,0.014433,0.977947,0.660866,0.273911,9.902325,0.000114,0.018915,0.007261,0.182817,-0.659081,-1.197722,100302.0000
1764076180596276448,2025-11-25 18:39:40.593,0.713119,2.796002,273.430733,0.047708,0.012811,0.976998,0.600635,0.096997,9.766883,0.002360,0.015245,0.009519,0.179447,-0.659574,-1.197665,100307.0000
1764076180695598485,2025-11-25 18:39:40.693,0.692394,2.784583,273.393135,0.044015,0.010986,0.976185,0.427452,0.122450,9.657817,-0.007936,-0.005279,0.002123,0.181875,-0.658090,-1.195797,100312.0000
1764076180795994633,2025-11-25 18:39:40.793,0.694530,2.842617,273.382187,0.048390,0.008458,0.977262,0.698682,0.097055,9.771182,0.010711,-0.009215,0.000095,0.181388,-0.658580,-1.196264,100307.0000
1764076180896234022,2025-11-25 18:39:40.893,0.707203,2.902395,273.367203,0.051891,0.010170,0.978090,0.263502,0.295042,9.632321,-0.000571,-0.002083,0.013552,0.178970,-0.659566,-1.197176,100296.0000
1764076180995349300,2025-11-25 18:39:40.993,0.713104,2.892687,273.363274,0.055433,0.013273,0.977295,0.499916,0.212639,9.851562,0.003059,0.003492,-0.009177,0.178510,-0.659040,-1.194770,100305.0000
1764076181095772689,2025-11-25 18:39:41.093,0.705064,2.819531,273.375580,0.052618,0.009730,0.976713,0.763304,-0.045696,9.891585,-0.000682,0.016630,0.012343,0.180430,-0.659986,-1.194784,100305.0000
1764076181196648374,2025-11-25 18:39:41.193,0.698590,2.743255,273.390053,0.047888,0.009507,0.976396,0.333328,0.101539,9.593492,0.005834,0.017777,-0.000782,0.178977,-0.659546,-1.196213,100305.0000
1764076181296601744,2025-11-25 18:39:41.293,0.685421,2.703087,273.388489,0.043758,0.008995,0.978833,0.120563,-0.061545,9.856602,-0.000436,0.003195,-0.004549,0.179973,-0.656624,-1.193865,100305.0000
1764076181396229966,2025-11-25 18:39:41.393,0.689044,2.715402,273.396233,0.043629,0.008979,0.979205,0.484685,-0.009138,9.758111,0.012004,-0.003005,-0.004029,0.179469,-0.660458,-1.194280,100309.0000
1764076181495684318,2025-11-25 18:39:41.493,0.701064,2.748887,273.413628,0.048236,0.009103,0.977911,0.358436,0.138999,9.692026,0.001714,-0.009835,0.010741,0.179962,-0.656655,-1.195309,100302.0000
1764076181596293689,2025-11-25 18:39:41.593,0.714407,2.758911,273.425560,0.050984,0.011374,0.977066,0.673686,0.464006,9.914330,-0.002333,-0.009426,0.000772,0.182348,-0.659053,-1.196270,100307.0000
1764076181696484614,2025-11-25 18:39:41.693,0.720193,2.737330,273.420235,0.051038,0.010829,0.973947,0.717448,0.457405,9.801023,0.004803,-0.003264,0.001613,0.179943,-0.661889,-1.194265,100302.0000
1764076181795557725,2025-11-25 18:39:41.792,0.720514,2.702811,273.424728,0.046610,0.009656,0.976645,0.769206,-0.148547,9.911372,-0.000055,0.004190,-0.010972,0.179954,-0.659033,-1.194791,100307.0000
1764076181896154392,2025-11-25 18:39:41.893,0.714436,2.690902,273.430367,0.047951,0.013082,0.979863,0.550545,0.259579,9.741145,-0.001892,0.009663,0.003202,0.178509,-0.659985,-1.194273,100304.0000
1764076181995382985,2025-11-25 18:39:41.993,0.695696,2.681561,273.444305,0.046600,0.012397,0.980837,0.482160,0.197527,9.822797,-0.007666,0.009908,-0.005903,0.180419,-0.659072,-1.196723,100300.0000
1764076182095862096,2025-11-25 18:39:42.092,0.682946,2.678940,273.473694,0.046897,0.007867,0.978446,0.270957,-0.219298,9.732440,0.006636,-0.000173,-0.008102,0.178998,-0.658550,-1.194303,100305.0000
1764076182195952521,2025-11-25 18:39:42.193,0.686857,2.691511,273.512062,0.046247,0.008663,0.976521,0.164162,-0.169087,9.737239,-0.003173,-0.006422,-0.007903,0.180905,-0.658114,-1.196745,100299.0000
1764076182295749558,2025-11-25 18:39:42.293,0.695276,2.718597,273.538132,0.047173,0.008605,0.976444,0.359804,0.308271,9.615803,0.010771,-0.008190,0.008633,0.178989,-0.658103,-1.195754,100296.0000
1764076182396050429,2025-11-25 18:39:42.393,0.701924,2.714308,273.559906,0.046785,0.010133,0.975276,0.438220,0.140206,10.077295,-0.000026,-0.009738,-0.009691,0.180425,-0.660942,-1.194769,100305.0000
1764076182496156855,2025-11-25 18:39:42.493,0.711091,2.694905,273.560181,0.049788,0.009953,0.976177,0.764736,0.224706,9.904788,0.004601,-0.000266,0.007968,0.179952,-0.660924,-1.193799,100304.0000
1764076182595723669,2025-11-25 18:39:42.593,0.715419,2.685763,273.546005,0.047218,0.011773,0.977287,0.653088,0.037064,9.890059,0.003737,0.005096,0.003987,0.181890,-0.655224,-1.195840,100310.0000
1764076182696019669,2025-11-25 18:39:42.693,0.709559,2.690178,273.567940,0.043159,0.012209,0.978759,0.496964,0.227177,9.824103,0.000911,-0.005766,-0.006442,0.180914,-0.659506,-1.194798,100301.0000
1764076182795617040,2025-11-25 18:39:42.793,0.703681,2.721910,273.588860,0.047037,0.011716,0.978489,0.537898,0.043437,9.734571,-0.000048,-0.003820,-0.000970,0.180445,-0.656175,-1.195323,100300.0000
1764076182896635762,2025-11-25 18:39:42.893,0.695961,2.746037,273.593384,0.047484,0.010413,0.978839,0.566989,0.307859,9.867597,0.003763,-0.007018,0.007738,0.179475,-0.658558,-1.194791,100306.0000
1764076182995674780,2025-11-25 18:39:42.993,0.685831,2.727873,273.591438,0.052821,0.009699,0.979550,0.649553,-0.195027,9.897326,0.005955,0.009332,-0.003699,0.182364,-0.656654,-1.195826,100310.0000
1764076183095336206,2025-11-25 18:39:43.092,0.686522,2.658995,273.578560,0.048737,0.008369,0.976050,0.458287,0.214868,9.674417,-0.001003,0.009252,0.010477,0.178999,-0.656659,-1.195295,100302.0000
1764076183195753651,2025-11-25 18:39:43.193,0.692729,2.627973,273.591019,0.041825,0.009557,0.975955,0.393868,-0.052885,9.773832,0.006367,-0.006778,-0.017645,0.181861,-0.660956,-1.195753,100302.0000
1764076183296957076,2025-11-25 18:39:43.293,0.684332,2.642613,273.624710,0.044151,0.009142,0.976322,0.242740,0.051356,9.662112,-0.004228,-0.004564,-0.003234,0.180450,-0.656632,-1.194353,100305.0000
1764076183395905539,2025-11-25 18:39:43.393,0.665480,2.666996,273.645378,0.044986,0.009028,0.978148,0.320017,0.137689,9.754980,-0.002727,-0.002181,-0.013706,0.178991,-0.657625,-1.195761,100293.0000
1764076183495546798,2025-11-25 18:39:43.493,0.658843,2.674577,273.672249,0.047505,0.006476,0.979272,0.731367,0.037528,9.870951,0.001607,0.004408,0.001513,0.181882,-0.656657,-1.195819,100305.0000
1764076183595936595,2025-11-25 18:39:43.593,0.664067,2.685610,273.713333,0.046393,0.010181,0.977691,0.697082,0.426141,9.918682,0.000315,-0.005121,-0.013720,0.182357,-0.657142,-1.196300,100307.0000
1764076183695744595,2025-11-25 18:39:43.693,0.663660,2.675998,273.749161,0.046288,0.008615,0.977787,0.590539,0.207222,9.750322,-0.001538,-0.005585,0.007143,0.183801,-0.657136,-1.196321,100298.0000
1764076183795955298,2025-11-25 18:39:43.793,0.703079,2.667671,273.770355,0.045468,0.007004,0.977794,0.646472,0.217510,9.830910,0.019880,0.001569,0.003534,0.181871,-0.659045,-1.195782,100301.0000
1764076183895522983,2025-11-25 18:39:43.893,0.763103,2.678802,273.790558,0.045022,0.011985,0.977337,0.696070,-0.024783,9.822457,0.005777,-0.004535,0.012276,0.183324,-0.658540,-1.194848,100309.0000
1764076183995797539,2025-11-25 18:39:43.992,0.795359,2.697531,273.854301,0.046200,0.015750,0.974926,0.144577,-0.247870,9.746829,0.003039,-0.008893,-0.016188,0.183303,-0.660481,-1.196263,100307.0000
1764076184096088687,2025-11-25 18:39:44.093,0.787691,2.731471,273.922188,0.049227,0.014606,0.975231,0.230103,0.687386,9.695200,-0.005940,-0.011575,-0.011665,0.184775,-0.658514,-1.193907,100311.0000
1764076184196363928,2025-11-25 18:39:44.193,0.742118,2.746681,273.994957,0.053424,0.012866,0.977727,0.619550,-0.301068,9.857454,-0.002899,-0.000630,-0.003515,0.182377,-0.657091,-1.193893,100305.0000
1764076184295754150,2025-11-25 18:39:44.293,0.685432,2.741103,274.072517,0.050435,0.009091,0.978907,0.676507,-0.339112,9.840606,-0.010545,0.002908,-0.013903,0.184786,-0.655658,-1.194432,100307.0000
1764076184395362020,2025-11-25 18:39:44.393,0.654017,2.726245,274.145317,0.051430,0.005919,0.982364,0.493009,0.026379,9.921784,-0.002323,0.006970,-0.017215,0.185722,-0.657137,-1.196831,100299.0000
1764076184496057631,2025-11-25 18:39:44.493,0.655500,2.677698,274.260109,0.048836,0.006066,0.978760,0.928891,-0.026969,9.956912,0.003977,0.003466,-0.017733,0.187647,-0.656183,-1.197356,100304.0000
1764076184596208372,2025-11-25 18:39:44.593,0.686265,2.640668,274.416710,0.047888,0.007286,0.977621,0.434664,-0.116043,9.713586,0.010135,0.004168,-0.036104,0.191502,-0.656623,-1.196442,100308.0000
1764076184696304761,2025-11-25 18:39:44.693,0.736414,2.619389,274.575714,0.046431,0.007370,0.975041,0.317118,0.131634,9.561209,0.005995,0.001656,-0.025636,0.192481,-0.657046,-1.194043,100300.0000
1764076184795946557,2025-11-25 18:39:44.793,0.762415,2.615576,274.725609,0.046614,0.012303,0.975712,0.459804,0.460280,9.690524,0.003928,0.008741,-0.030784,0.195356,-0.657063,-1.195529,100298.0000
1764076184896468983,2025-11-25 18:39:44.893,0.741819,2.602534,274.896797,0.044588,0.011755,0.975495,0.472751,0.133397,9.700168,-0.008327,0.001595,-0.033875,0.192954,-0.657064,-1.195012,100313.0000
1764076184996675149,2025-11-25 18:39:44.993,0.684672,2.608923,275.070244,0.041885,0.008516,0.976313,0.117734,0.061289,9.716635,-0.008943,-0.004729,-0.021488,0.199702,-0.654645,-1.195148,100304.0000
1764076185095566779,2025-11-25 18:39:45.092,0.631834,2.658006,275.233177,0.039717,0.004575,0.979284,-0.000266,-0.015739,9.648975,-0.003364,-0.020238,-0.032481,0.200160,-0.657062,-1.196563,100298.0000
1764076185195549575,2025-11-25 18:39:45.193,0.608790,2.743551,275.380005,0.049250,0.003128,0.979796,0.442341,-0.068786,9.715143,-0.003062,-0.019903,-0.019572,0.203510,-0.656153,-1.199516,100308.0000
1764076185296810964,2025-11-25 18:39:45.293,0.617082,2.782975,275.524200,0.056774,0.005253,0.980345,0.456504,0.226278,9.776259,0.008539,-0.001122,-0.027770,0.200175,-0.655609,-1.195622,100305.0000
1764076185396206668,2025-11-25 18:39:45.393,0.642458,2.752256,275.694733,0.057343,0.005244,0.977309,0.663048,-0.069707,9.843268,0.002540,0.015478,-0.038651,0.207894,-0.652220,-1.195306,100312.0000
1764076185495530723,2025-11-25 18:39:45.493,0.680340,2.653889,275.853165,0.051130,0.005140,0.976860,0.624083,0.289467,9.964822,0.003450,0.016819,-0.015153,0.207882,-0.654609,-1.195269,100302.0000
1764076185595690853,2025-11-25 18:39:45.593,0.726052,2.548820,276.008820,0.042602,0.006099,0.975038,0.480590,0.359584,9.683792,0.005390,0.015405,-0.021647,0.214123,-0.655089,-1.196798,100305.0000
1764076185695966427,2025-11-25 18:39:45.693,0.728735,2.493318,276.178833,0.037505,0.011491,0.976194,0.217060,0.064168,9.706622,-0.002758,0.001421,-0.026765,0.212197,-0.654630,-1.197259,100314.0000
1764076185795870630,2025-11-25 18:39:45.793,0.690860,2.520824,276.312202,0.036098,0.009368,0.977672,0.307958,-0.069428,9.808930,-0.007407,-0.010836,-0.023334,0.216536,-0.653645,-1.196856,100303.0000
1764076185896540612,2025-11-25 18:39:45.893,0.645035,2.631001,276.403191,0.039330,0.006609,0.978001,0.440946,-0.082443,9.779270,-0.006416,-0.026479,-0.018257,0.215087,-0.653194,-1.197805,100301.0000
1764076185996667816,2025-11-25 18:39:45.993,0.621237,2.735859,276.504448,0.048659,0.004530,0.977431,0.424763,0.059185,9.835522,0.000365,-0.020395,-0.015870,0.215089,-0.653661,-1.197316,100300.0000
1764076186095952482,2025-11-25 18:39:46.092,0.624533,2.803530,276.607689,0.052007,0.004672,0.978910,0.548256,0.249277,9.704295,-0.000942,-0.002702,-0.014806,0.216514,-0.654173,-1.199256,100301.0000
1764076186195623297,2025-11-25 18:39:46.193,0.648200,2.808280,276.700439,0.055586,0.005205,0.979074,0.441856,0.015226,9.712896,0.009920,0.009047,-0.014444,0.217986,-0.653151,-1.196403,100306.0000
1764076186296351204,2025-11-25 18:39:46.293,0.688228,2.729933,276.790581,0.054741,0.006346,0.979182,0.423022,0.031638,9.767792,0.008903,0.023372,-0.015210,0.217986,-0.650793,-1.197884,100297.0000
1764076186395982723,2025-11-25 18:39:46.393,0.742427,2.608182,276.881454,0.050133,0.007818,0.977754,0.531451,-0.291047,9.850928,0.013273,0.027558,-0.007088,0.222788,-0.651737,-1.198422,100299.0000
1764076186495945778,2025-11-25 18:39:46.493,0.789678,2.489311,276.947456,0.041113,0.011932,0.974474,0.236749,0.287337,9.757609,0.003206,0.017691,-0.000526,0.223281,-0.654062,-1.195504,100308.0000
1764076186596343352,2025-11-25 18:39:46.593,0.807384,2.456728,276.962013,0.031459,0.015660,0.977535,0.306495,-0.005343,9.926229,0.000235,-0.009022,0.005592,0.226164,-0.654059,-1.196028,100307.0000
1764076186695900760,2025-11-25 18:39:46.693,0.764271,2.575324,276.914703,0.031394,0.021023,0.979089,0.332242,0.308083,9.940751,-0.008257,-0.028251,0.022588,0.223286,-0.653107,-1.195519,100307.0000
1764076186795526871,2025-11-25 18:39:46.793,0.677669,2.740101,276.907738,0.047926,0.014555,0.978222,0.604433,0.452114,9.645690,-0.010791,-0.021300,-0.013998,0.218940,-0.653167,-1.197380,100309.0000
1764076186896406889,2025-11-25 18:39:46.893,0.618321,2.847073,276.980423,0.057403,-0.002131,0.973086,1.012997,0.038979,10.033874,-0.001055,-0.006864,-0.009094,0.220399,-0.646991,-1.199422,100307.0000
1764076186996404908,2025-11-25 18:39:46.993,0.611864,2.879711,277.079697,0.056392,-0.000679,0.974919,0.696216,-0.176118,9.799668,0.008063,0.009117,-0.006959,0.221342,-0.650808,-1.199378,100305.0000
1764076187096263685,2025-11-25 18:39:47.093,0.639557,2.842351,277.149170,0.057647,0.004300,0.979199,0.488196,-0.088218,9.823250,0.003781,0.018698,-0.017180,0.221820,-0.650816,-1.199867,100302.0000
1764076187195720370,2025-11-25 18:39:47.193,0.684526,2.711383,277.203285,0.052481,0.007092,0.978476,0.324513,-0.066922,9.818288,0.008230,0.024347,0.002056,0.226175,-0.650258,-1.197050,100308.0000
1764076187296216315,2025-11-25 18:39:47.293,0.713710,2.572378,277.241585,0.039905,0.012748,0.979786,0.309513,0.394014,9.903135,0.000143,0.018955,-0.009410,0.227158,-0.650670,-1.194168,100305.0000
1764076187395560167,2025-11-25 18:39:47.393,0.710612,2.524451,277.213318,0.035633,0.013383,0.979826,0.274677,-0.015575,9.847863,0.002161,0.001383,0.012064,0.228576,-0.652148,-1.196574,100302.0000
1764076187495396333,2025-11-25 18:39:47.493,0.709030,2.586112,277.138237,0.037209,0.013056,0.978687,0.165477,0.284587,9.845629,0.005454,-0.021275,0.004943,0.225210,-0.649327,-1.198013,100298.0000
1764076187596431944,2025-11-25 18:39:47.593,0.727368,2.717963,277.074471,0.045710,0.010300,0.977408,0.291295,0.328809,9.653004,0.008587,-0.022976,0.019529,0.223291,-0.651206,-1.196030,100309.0000
1764076187695675203,2025-11-25 18:39:47.693,0.767727,2.817268,277.019257,0.052694,0.010554,0.977025,0.251364,0.098166,9.619081,0.014180,-0.010483,0.008207,0.218940,-0.653167,-1.197380,100310.0000
1764076187795891185,2025-11-25 18:39:47.793,0.796890,2.844433,276.971695,0.056733,0.015851,0.976189,0.484525,0.074141,9.751149,0.004268,0.005523,0.012651,0.220859,-0.652701,-1.198379,100304.0000
1764076187896147037,2025-11-25 18:39:47.893,0.780792,2.797177,276.936256,0.055635,0.014996,0.975376,0.626985,-0.398257,9.925996,-0.004109,0.017023,0.016521,0.221369,-0.653095,-1.194528,100307.0000
1764076187995596388,2025-11-25 18:39:47.993,0.732557,2.713103,276.866486,0.048816,0.013771,0.976005,0.437492,0.266579,9.898616,-0.009073,0.008689,0.005440,0.222310,-0.653619,-1.196941,100311.0000
1764076188095639740,2025-11-25 18:39:48.092,0.691268,2.671388,276.763779,0.041184,0.009656,0.975261,0.142923,0.096784,9.741102,-0.002034,-0.002130,0.021265,0.219428,-0.650319,-1.198394,100300.0000
1764076188195945573,2025-11-25 18:39:48.193,0.687695,2.688555,276.660263,0.044379,0.006639,0.978944,0.476510,0.366366,9.795830,0.008130,0.006495,0.021228,0.217973,-0.651769,-1.198832,100301.0000
1764076188296130536,2025-11-25 18:39:48.293,0.703471,2.743322,276.575180,0.045124,0.010667,0.978431,0.709195,-0.122199,9.742054,0.005903,-0.006655,0.019215,0.217502,-0.652218,-1.197374,100307.0000
1764076188396263814,2025-11-25 18:39:48.393,0.723606,2.786427,276.498932,0.049614,0.014898,0.980147,0.792902,-0.068695,9.856161,0.006926,-0.004459,0.020116,0.213167,-0.652247,-1.197791,100296.0000
1764076188496387758,2025-11-25 18:39:48.493,0.725677,2.810726,276.430893,0.050454,0.015936,0.977552,0.528575,-0.288719,9.620337,0.004892,-0.009881,0.004438,0.212210,-0.652709,-1.196807,100310.0000
1764076188595977592,2025-11-25 18:39:48.593,0.708394,2.846259,276.364632,0.052797,0.012692,0.977056,0.609659,0.002164,9.713648,0.000475,-0.008837,0.009941,0.212218,-0.650331,-1.197325,100304.0000
1764076188696207129,2025-11-25 18:39:48.693,0.705006,2.830149,276.327515,0.058236,0.011281,0.978429,0.534301,0.174457,9.699878,-0.001735,0.004416,-0.002310,0.210282,-0.652728,-1.197260,100309.0000
1764076188795274425,2025-11-25 18:39:48.792,0.694295,2.741880,276.313622,0.055672,0.011393,0.976403,0.476465,0.256111,9.635698,-0.006218,0.024438,-0.003018,0.211259,-0.649857,-1.197317,100302.0000
1764076188896356740,2025-11-25 18:39:48.893,0.689110,2.639578,276.307945,0.046264,0.010072,0.972871,0.348678,0.181905,9.556064,-0.009266,0.012660,-0.016034,0.212221,-0.649853,-1.197332,100305.0000
1764076188995350703,2025-11-25 18:39:48.993,0.669031,2.591999,276.334671,0.041253,0.007928,0.977120,0.839779,-0.227232,9.808383,-0.002429,-0.004122,-0.003699,0.212700,-0.649383,-1.197828,100298.0000
1764076189095447591,2025-11-25 18:39:49.092,0.661974,2.648349,276.352791,0.040545,0.004934,0.980501,0.448160,0.030571,9.755388,0.003160,-0.004672,0.000407,0.212220,-0.650798,-1.196836,100306.0000
1764076189196381369,2025-11-25 18:39:49.193,0.681225,2.737697,276.313950,0.041757,0.007576,0.978293,0.167206,-0.053865,9.808294,0.000234,-0.017329,0.019288,0.211248,-0.650356,-1.198273,100305.0000
1764076189295761017,2025-11-25 18:39:49.293,0.666016,2.826256,276.223610,0.050545,0.013867,0.979758,0.584641,0.082267,9.851000,-0.003387,-0.006464,0.007475,0.209830,-0.648411,-1.196356,100311.0000
1764076189396242832,2025-11-25 18:39:49.393,0.644124,2.853032,276.132584,0.057780,0.011449,0.978690,0.639659,-0.028829,9.788108,-0.000128,0.010577,0.018384,0.208830,-0.651342,-1.199186,100302.0000
1764076189495749721,2025-11-25 18:39:49.493,0.622481,2.826361,276.055977,0.050992,0.010940,0.973033,0.347010,0.057469,9.653423,-0.002733,0.008163,0.015746,0.207384,-0.651826,-1.199157,100307.0000
1764076189595992684,2025-11-25 18:39:49.593,0.620723,2.791947,275.998566,0.044485,0.009416,0.974504,0.063328,0.008579,9.674397,0.002563,0.003780,0.005069,0.207394,-0.651328,-1.198202,100301.0000
1764076189696186795,2025-11-25 18:39:49.693,0.640517,2.785193,275.996925,0.043650,0.007953,0.977208,0.207221,0.076199,9.651791,0.001936,-0.005540,-0.013187,0.209787,-0.653238,-1.198690,100310.0000
1764076189796504276,2025-11-25 18:39:49.793,0.676266,2.819432,276.034012,0.046786,0.005912,0.978854,0.417481,0.053454,9.792896,0.010895,-0.010587,0.007081,0.207874,-0.653216,-1.197217,100305.0000
1764076189896089147,2025-11-25 18:39:49.893,0.707363,2.900084,276.007828,0.047484,0.009205,0.978971,0.280503,-0.184473,9.674019,0.004439,-0.023001,0.014538,0.204995,-0.650851,-1.197692,100300.0000
1764076189995359869,2025-11-25 18:39:49.993,0.714023,2.968133,275.876503,0.053489,0.016762,0.979247,1.038493,0.141255,9.978342,-0.003771,-0.018877,0.036481,0.207396,-0.651796,-1.197713,100309.0000
1764076190095783609,2025-11-25 18:39:50.093,0.684139,2.970412,275.677406,0.058154,0.016070,0.978345,0.950907,0.177375,9.887071,-0.007966,0.006774,0.037632,0.201634,-0.649433,-1.197664,100302.0000
1764076190196478887,2025-11-25 18:39:50.193,0.666831,2.913354,275.508347,0.057271,0.011204,0.975316,0.609503,-0.022745,9.695134,0.007655,0.007766,0.027171,0.198282,-0.650820,-1.194704,100300.0000
1764076190295753665,2025-11-25 18:39:50.293,0.670609,2.865228,275.372169,0.050773,0.013650,0.976579,0.351243,-0.146647,9.683163,0.006099,0.007384,0.014210,0.197776,-0.652774,-1.196593,100298.0000
1764076190395738739,2025-11-25 18:39:50.393,0.672337,2.879431,275.321823,0.045902,0.013303,0.975989,0.276334,-0.519284,9.508103,0.002432,-0.013953,0.009344,0.198735,-0.654192,-1.196104,100307.0000
1764076190495803350,2025-11-25 18:39:50.492,0.649437,2.968276,275.338440,0.047645,0.013521,0.977252,0.398122,0.000619,9.718660,-0.007632,-0.025698,-0.019641,0.196827,-0.650857,-1.196127,100299.0000
1764076190596172479,2025-11-25 18:39:50.593,0.613579,3.076061,275.358086,0.056751,0.010238,0.977948,0.935964,0.229213,9.842265,-0.000085,-0.013349,0.011007,0.194885,-0.649027,-1.199497,100305.0000
1764076190696101572,2025-11-25 18:39:50.693,0.598693,3.130246,275.314598,0.064208,0.009954,0.978820,0.752855,0.246942,9.727698,0.003212,0.010015,0.004203,0.194878,-0.650460,-1.199475,100305.0000
1764076190796157239,2025-11-25 18:39:50.793,0.612655,2.985818,275.189018,0.065921,0.007200,0.980209,0.457479,0.163883,9.769067,0.009365,0.062761,0.041397,0.192507,-0.650379,-1.195108,100300.0000
1764076190896448979,2025-11-25 18:39:50.893,0.642347,2.410812,274.912857,0.048165,0.007843,0.981569,-0.018133,0.187117,9.685116,0.005798,0.131011,0.047398,0.199223,-0.650399,-1.197614,100308.0000
1764076190996189053,2025-11-25 18:39:50.993,0.689762,1.568910,274.497467,0.012574,0.013606,0.981346,-0.535848,-0.016260,9.765889,0.009327,0.144327,0.080486,0.200683,-0.651765,-1.194725,100306.0000
1764076191095579701,2025-11-25 18:39:51.092,0.740364,0.660847,273.957497,-0.017479,0.020293,0.986811,-0.229681,0.079526,10.033054,0.001180,0.149403,0.100630,0.200677,-0.653665,-1.194215,100302.0000
1764076191195636738,2025-11-25 18:39:51.193,0.809975,-0.074778,273.313278,-0.048818,0.022542,0.984763,-0.471848,0.499963,9.803688,0.014542,0.111224,0.109576,0.200672,-0.654621,-1.194200,100305.0000
1764076191296305035,2025-11-25 18:39:51.293,0.906896,-0.593849,272.666656,-0.063976,0.020784,0.983059,-0.612717,0.510661,9.758080,0.023755,0.088031,0.131096,0.197320,-0.656008,-1.191240,100302.0000
1764076191395521516,2025-11-25 18:39:51.393,0.983611,-1.137120,271.938896,-0.080260,0.032138,0.976269,-1.443675,1.760872,9.885197,-0.005679,0.093439,0.172248,0.190575,-0.655591,-1.192592,100306.0000
1764076191495768146,2025-11-25 18:39:51.493,0.957075,-1.793735,270.916695,-0.129293,0.038781,0.967607,-0.623993,1.282034,10.209558,-0.056930,0.113305,0.234888,0.186222,-0.659442,-1.192951,100300.0000
1764076191595699997,2025-11-25 18:39:51.593,0.779846,-2.253434,269.517044,-0.155309,0.031818,0.968943,-2.090168,1.143867,9.394003,-0.034503,0.016353,0.239457,0.171318,-0.654763,-1.194247,100301.0000
1764076191696036664,2025-11-25 18:39:51.693,0.616496,-2.072568,268.168526,-0.132653,0.015880,0.974066,-1.355329,0.845811,9.664065,-0.025827,-0.079896,0.240225,0.153530,-0.649619,-1.195509,100307.0000
1764076191795349238,2025-11-25 18:39:51.792,0.552168,-1.507385,266.915932,-0.114083,0.007643,0.975441,-0.883290,-0.425381,9.540516,-0.005599,-0.137867,0.228873,0.133302,-0.648348,-1.198602,100297.0000
1764076191895313479,2025-11-25 18:39:51.892,0.623155,-0.688028,265.673836,-0.078974,0.004603,0.970910,-0.029137,0.581998,9.781022,0.028192,-0.138085,0.218102,0.105907,-0.646032,-1.195826,100305.0000
1764076191996369497,2025-11-25 18:39:51.993,0.729774,0.116097,264.331512,-0.047952,0.010580,0.965315,-0.566203,-0.353761,9.637802,0.049064,-0.077605,0.252327,0.081823,-0.648569,-1.197359,100304.0000
1764076192095702034,2025-11-25 18:39:52.092,0.798243,0.536811,262.861809,-0.027066,0.034133,0.968990,0.686163,2.231632,10.443267,-0.006104,-0.038595,0.232431,0.058294,-0.642892,-1.194692,100302.0000
1764076192196728164,2025-11-25 18:39:52.193,0.733807,0.643197,261.376442,-0.022434,0.024729,0.973094,0.238012,-1.248314,9.669466,-0.015303,0.015692,0.250883,0.038109,-0.640564,-1.192986,100296.0000
1764076192295296849,2025-11-25 18:39:52.293,0.590239,0.579224,259.902527,-0.027591,0.020273,0.986190,-0.238557,0.030467,10.007401,-0.003518,0.021742,0.260703,0.020777,-0.635011,-1.197631,100302.0000
1764076192396115201,2025-11-25 18:39:52.393,0.413017,0.501150,258.396751,-0.027503,0.015634,0.983447,-1.074479,0.149282,8.993670,-0.041051,-0.004606,0.290381,0.002518,-0.629372,-1.197930,100311.0000
1764076192496160330,2025-11-25 18:39:52.493,0.305951,0.490108,256.738960,-0.018120,-0.006506,0.989722,-0.083345,-0.753600,9.858209,0.005918,-0.005760,0.284884,-0.018623,-0.621377,-1.199186,100300.0000
1764076192595916015,2025-11-25 18:39:52.593,0.339243,0.531869,254.830345,-0.005333,-0.008368,0.985231,0.042699,-0.070195,10.020789,0.018515,-0.007695,0.355132,-0.042637,-0.615712,-1.196992,100305.0000
1764076192695559867,2025-11-25 18:39:52.692,0.489352,0.552157,252.712471,0.004888,-0.004256,0.979515,0.298192,-0.018331,9.994909,0.036632,0.001067,0.371625,-0.070018,-0.607705,-1.196230,100311.0000
1764076192795801997,2025-11-25 18:39:52.793,0.704366,0.534605,250.492294,0.003901,0.008739,0.978236,-0.096797,0.412714,9.550576,0.042334,0.012795,0.384671,-0.097851,-0.596792,-1.193579,100296.0000
1764076192896124867,2025-11-25 18:39:52.893,0.843566,0.528860,248.318520,0.002175,0.021188,0.974257,0.023501,0.251375,9.754234,0.017758,0.007358,0.370165,-0.122829,-0.590197,-1.192349,100303.0000
1764076192995378256,2025-11-25 18:39:52.993,0.854189,0.569895,246.251930,0.003321,0.022656,0.974211,-0.381761,-0.002908,9.686324,-0.001317,-0.005494,0.353476,-0.147308,-0.579778,-1.191184,100292.0000
1764076193095692885,2025-11-25 18:39:53.093,0.766531,0.663665,244.239670,0.009929,0.017097,0.974846,0.186575,-0.219011,9.688663,-0.007893,-0.009289,0.351850,-0.171315,-0.567497,-1.192463,100306.0000
1764076193197550608,2025-11-25 18:39:53.193,0.693779,0.730150,242.165054,0.015292,0.013442,0.976063,0.039348,0.518714,9.603149,-0.002779,-0.010861,0.369107,-0.196742,-0.552803,-1.192313,100309.0000
1764076193296200478,2025-11-25 18:39:53.293,0.691703,0.748558,240.001717,0.018301,0.008190,0.979134,0.526346,0.265180,9.870217,0.006305,0.003042,0.372009,-0.219272,-0.535241,-1.192731,100305.0000
1764076193396338107,2025-11-25 18:39:53.393,0.739493,0.730498,237.821686,0.014374,0.012764,0.980818,0.413675,0.292614,9.894095,0.021638,0.005119,0.387478,-0.245167,-0.522400,-1.189657,100307.0000
1764076193496614181,2025-11-25 18:39:53.493,0.765033,0.696948,235.723831,0.011829,0.018623,0.983297,-0.070775,0.182271,9.723585,0.004216,0.010572,0.353096,-0.265303,-0.505802,-1.191058,100308.0000
1764076193596614033,2025-11-25 18:39:53.593,0.737339,0.682344,233.689102,0.007467,0.016797,0.981343,0.249874,0.062355,9.770161,-0.001025,0.005172,0.355868,-0.286889,-0.492524,-1.190943,100300.0000
1764076193696451422,2025-11-25 18:39:53.693,0.668301,0.700126,231.698761,0.008511,0.015349,0.978951,0.001559,0.135877,9.787201,-0.010150,-0.002313,0.340255,-0.309405,-0.471629,-1.191894,100303.0000
1764076193796039348,2025-11-25 18:39:53.793,0.608258,0.739596,229.782394,0.012823,0.012932,0.976605,0.102601,0.081413,9.662299,-0.000079,-0.005922,0.327889,-0.326660,-0.455974,-1.193324,100300.0000
1764076193896118496,2025-11-25 18:39:53.893,0.606223,0.713566,227.981094,0.019176,0.009211,0.978472,0.107868,0.026315,9.841111,0.005125,0.018019,0.296965,-0.343886,-0.440715,-1.190895,100308.0000
1764076193995842200,2025-11-25 18:39:53.993,0.670486,0.598755,226.359497,0.013567,0.008863,0.976347,-0.010802,0.091790,9.686236,0.023119,0.022813,0.281086,-0.356323,-0.425496,-1.191426,100298.0000
1764076194096231700,2025-11-25 18:39:54.092,0.769568,0.500345,224.866074,0.006368,0.019047,0.975915,-0.031614,0.123993,9.845315,0.017255,0.017056,0.238777,-0.371188,-0.413174,-1.192840,100299.0000
1764076194196505162,2025-11-25 18:39:54.193,0.814537,0.533278,223.521240,-0.001945,0.020106,0.973617,-0.034815,0.140979,9.794405,0.002801,-0.029411,0.226272,-0.385529,-0.399792,-1.189462,100300.0000
1764076194295443848,2025-11-25 18:39:54.293,0.760088,1.028211,222.348190,0.005325,0.023217,0.969857,0.412044,0.327367,9.775776,-0.012335,-0.115833,0.171808,-0.396533,-0.386477,-1.189984,100303.0000
1764076194396112162,2025-11-25 18:39:54.393,0.639954,1.893683,221.432129,0.043668,0.015018,0.974537,0.595285,-0.330371,9.752852,-0.017606,-0.161686,0.145965,-0.412758,-0.375828,-1.179795,100311.0000
1764076194496865218,2025-11-25 18:39:54.493,0.564826,2.822367,220.713959,0.088625,0.004955,0.978661,1.024544,0.420090,9.655131,0.006967,-0.152638,0.119403,-0.428024,-0.366597,-1.169116,100308.0000
1764076194596255199,2025-11-25 18:39:54.593,0.623190,3.397130,220.043686,0.129069,0.004643,0.983105,1.512830,0.321898,9.735233,0.019481,-0.056457,0.112323,-0.437579,-0.359861,-1.164744,100305.0000
1764076194696204847,2025-11-25 18:39:54.693,0.794619,3.465285,219.314575,0.140269,0.011356,0.977600,1.275228,-0.134066,9.772112,0.032392,-0.005311,0.135438,-0.446683,-0.358387,-1.160779,100298.0000
1764076194796373884,2025-11-25 18:39:54.793,0.977032,3.455134,218.380096,0.137854,0.021596,0.973832,1.458071,-0.327179,9.650564,0.032787,0.018696,0.162648,-0.454326,-0.347435,-1.160834,100305.0000
1764076194895452477,2025-11-25 18:39:54.893,1.070113,3.408856,217.403046,0.134792,0.038865,0.972055,1.089786,0.615065,9.910156,0.016707,0.022636,0.158628,-0.461495,-0.339327,-1.159889,100300.0000
1764076194995354625,2025-11-25 18:39:54.993,1.011713,3.292009,216.567444,0.128377,0.040350,0.968486,1.213758,0.292377,9.581516,-0.015605,0.025717,0.133418,-0.465293,-0.329780,-1.159497,100307.0000
1764076195095566884,2025-11-25 18:39:55.093,0.863502,3.209905,215.856155,0.118136,0.030121,0.967685,1.078903,0.491439,9.881636,-0.019346,0.009183,0.116570,-0.471512,-0.320286,-1.160995,100307.0000
1764076195195539217,2025-11-25 18:39:55.193,0.707894,3.248793,215.219040,0.112708,0.021973,0.968521,0.991578,-0.096395,9.736928,-0.008818,-0.022512,0.116859,-0.477722,-0.307467,-1.163508,100299.0000
1764076195295306569,2025-11-25 18:39:55.293,0.634572,3.441353,214.655777,0.112742,0.016934,0.973033,1.318141,0.325801,9.962300,0.005332,-0.049334,0.085266,-0.477679,-0.302639,-1.161174,100300.0000
1764076195395516217,2025-11-25 18:39:55.393,0.672416,3.692152,214.202652,0.121703,0.012549,0.976889,1.542308,0.158228,9.952780,0.021461,-0.037508,0.074467,-0.485790,-0.297310,-1.155838,100305.0000
1764076195495848532,2025-11-25 18:39:55.493,0.790020,3.779178,213.852051,0.128001,0.016685,0.976901,0.907834,0.239736,9.720853,0.028362,0.008983,0.056588,-0.489133,-0.293961,-1.154877,100303.0000
1764076195595892310,2025-11-25 18:39:55.593,0.898111,3.501254,213.570892,0.119318,0.023569,0.976555,1.184617,0.230559,9.757366,0.012927,0.077283,0.048158,-0.488670,-0.292119,-1.158283,100306.0000
1764076195695870458,2025-11-25 18:39:55.693,0.917537,2.927658,213.336761,0.092528,0.027472,0.974832,1.016895,0.458138,9.819667,-0.005836,0.116325,0.026774,-0.483895,-0.292667,-1.162680,100305.0000
1764076195795374717,2025-11-25 18:39:55.793,0.850528,2.284126,213.138397,0.055593,0.021225,0.977325,0.212333,-0.148606,9.736429,-0.011191,0.102272,0.038058,-0.478657,-0.287603,-1.172947,100311.0000
1764076195895645050,2025-11-25 18:39:55.893,0.749448,1.848312,212.982849,0.025263,0.017041,0.980900,-0.000502,0.079180,9.747130,-0.014030,0.050525,0.020110,-0.480128,-0.285323,-1.177776,100307.0000
1764076195995393643,2025-11-25 18:39:55.992,0.684492,1.752474,212.866074,0.011009,0.007240,0.979868,-0.140019,-0.189744,9.861505,0.002714,-0.010010,0.028202,-0.478683,-0.285784,-1.177309,100304.0000
1764076196095724717,2025-11-25 18:39:56.092,0.692463,1.946268,212.757782,0.017918,0.007315,0.977435,0.100113,0.092395,9.584898,0.006022,-0.055741,0.026274,-0.480589,-0.282916,-1.176843,100300.0000
1764076196196197791,2025-11-25 18:39:56.193,0.752172,2.241376,212.637650,0.038893,0.010678,0.975239,0.578408,0.166717,9.776456,0.022998,-0.047821,0.028817,-0.483440,-0.279534,-1.174445,100306.0000
1764076196295982328,2025-11-25 18:39:56.293,0.819273,2.435497,212.457520,0.055087,0.017647,0.974135,0.686124,0.012178,9.910713,0.005355,-0.017339,0.030513,-0.486307,-0.278551,-1.172491,100305.0000
1764076196396236124,2025-11-25 18:39:56.393,0.859531,2.394395,212.209793,0.059195,0.019590,0.976192,0.260826,0.161570,9.663372,0.012244,0.026318,0.060637,-0.486286,-0.277555,-1.170580,100303.0000
1764076196496134143,2025-11-25 18:39:56.493,0.854125,2.120998,211.908081,0.051228,0.022588,0.981161,0.606206,0.139807,10.003241,-0.004473,0.061612,0.056061,-0.485798,-0.273762,-1.172090,100301.0000
1764076196596089661,2025-11-25 18:39:56.593,0.815621,1.733032,211.542252,0.037916,0.020180,0.982684,0.406353,0.598878,9.753710,-0.005959,0.073764,0.070816,-0.487269,-0.268657,-1.178889,100294.0000
1764076196696104439,2025-11-25 18:39:56.693,0.777922,1.374801,211.123413,0.016630,0.016066,0.981676,-0.024203,0.111237,9.789561,-0.000414,0.050610,0.081262,-0.486801,-0.263502,-1.183790,100301.0000
1764076196795895679,2025-11-25 18:39:56.793,0.773883,1.142537,210.666763,0.010338,0.015111,0.981171,-0.040144,-0.011390,9.493605,0.003966,0.034549,0.081951,-0.484877,-0.260668,-1.185788,100305.0000
1764076196895949957,2025-11-25 18:39:56.893,0.809721,1.071306,210.205704,-0.000805,0.015359,0.976997,-0.099298,0.134196,9.720730,0.006164,-0.011000,0.076221,-0.489158,-0.251602,-1.185382,100298.0000
1764076196995970753,2025-11-25 18:39:56.993,0.875811,1.163539,209.766220,0.009331,0.015926,0.975955,0.076812,0.141068,9.648026,0.018167,-0.022827,0.080284,-0.491076,-0.250178,-1.185375,100309.0000
1764076197095822235,2025-11-25 18:39:57.093,0.924197,1.369257,209.345917,0.011931,0.021900,0.970662,0.193473,0.215220,9.786900,0.013455,-0.043748,0.075758,-0.496807,-0.243963,-1.183941,100303.0000
1764076197196409772,2025-11-25 18:39:57.193,0.924931,1.608347,208.936096,0.024361,0.024217,0.972516,0.299807,0.149532,9.711734,-0.002823,-0.031982,0.071221,-0.500120,-0.239120,-1.180114,100308.0000
1764076197295340161,2025-11-25 18:39:57.292,0.884976,1.810598,208.519394,0.028187,0.022960,0.975096,0.215989,0.053081,9.575088,-0.011216,-0.023688,0.071197,-0.502975,-0.235748,-1.178196,100313.0000
1764076197395726494,2025-11-25 18:39:57.393,0.821766,1.959064,208.102066,0.026524,0.020662,0.979302,0.258294,0.108564,9.795620,-0.008413,-0.022994,0.079899,-0.507740,-0.229519,-1.176295,100305.0000
1764076197495352883,2025-11-25 18:39:57.493,0.752596,2.070228,207.689819,0.032273,0.018112,0.982160,0.304623,0.198147,9.890884,-0.002869,-0.019988,0.072313,-0.510586,-0.222824,-1.175392,100307.0000
1764076197596612401,2025-11-25 18:39:57.593,0.712522,2.174386,207.243439,0.035114,0.011954,0.981751,0.317400,-0.276004,9.724288,0.000866,-0.015351,0.083818,-0.515362,-0.216626,-1.174935,100297.0000
1764076197695777364,2025-11-25 18:39:57.693,0.734076,2.262702,206.735733,0.038582,0.012063,0.980092,0.652449,0.492236,9.789075,0.015145,-0.019684,0.085921,-0.515797,-0.211790,-1.172112,100304.0000
1764076197796001142,2025-11-25 18:39:57.793,0.788115,2.290328,206.205414,0.041673,0.017779,0.977394,0.544902,0.582549,9.837284,0.011097,-0.003339,0.093610,-0.523476,-0.205645,-1.173538,100305.0000
1764076197896520068,2025-11-25 18:39:57.893,0.820617,2.238983,205.671219,0.042925,0.023153,0.975428,0.664322,0.236139,9.836951,0.006802,0.014735,0.085619,-0.522957,-0.198946,-1.173166,100304.0000
1764076197995943771,2025-11-25 18:39:57.993,0.824683,2.138015,205.139740,0.037679,0.023718,0.975777,0.370814,0.281441,9.864153,0.000383,0.023009,0.093056,-0.526302,-0.195129,-1.172694,100313.0000
1764076198095558679,2025-11-25 18:39:58.092,0.827636,2.048724,204.621384,0.031154,0.020284,0.978895,0.133328,-0.194326,9.734484,0.007509,0.011915,0.086718,-0.527239,-0.186108,-1.175225,100308.0000
1764076198196246697,2025-11-25 18:39:58.193,0.834036,2.039612,204.085907,0.028123,0.021170,0.979163,0.339212,0.329478,9.882328,0.003927,0.004389,0.098191,-0.530081,-0.179404,-1.173841,100306.0000
1764076198296294382,2025-11-25 18:39:58.293,0.826636,2.078218,203.538757,0.033972,0.020735,0.978735,0.278742,0.200708,9.741716,0.000776,-0.001970,0.098204,-0.532469,-0.173713,-1.175338,100304.0000
1764076198395527216,2025-11-25 18:39:58.393,0.809386,2.091758,202.993088,0.037702,0.019753,0.976737,0.565688,0.281802,9.826185,0.004615,-0.000488,0.102123,-0.534377,-0.168020,-1.176841,100308.0000
1764076198495822327,2025-11-25 18:39:58.493,0.795729,2.063302,202.456268,0.041244,0.016378,0.977840,0.514968,0.039362,9.864455,0.003740,0.008897,0.097264,-0.538161,-0.157965,-1.175012,100307.0000
1764076198596234827,2025-11-25 18:39:58.593,0.795299,1.966025,201.907379,0.040218,0.017735,0.979031,0.458900,0.023693,9.815401,0.009956,0.025414,0.100799,-0.540577,-0.154704,-1.178398,100303.0000
1764076198695937252,2025-11-25 18:39:58.693,0.788056,1.850150,201.341278,0.031837,0.019955,0.976691,0.413916,0.434077,9.725706,-0.005651,0.018086,0.088119,-0.538601,-0.147489,-1.176611,100301.0000
1764076198796051549,2025-11-25 18:39:58.793,0.768510,1.779317,200.753830,0.025555,0.019238,0.977489,0.207476,0.329736,9.855603,0.005578,0.006813,0.115107,-0.541952,-0.140390,-1.179078,100308.0000
1764076198895536660,2025-11-25 18:39:58.893,0.741373,1.773346,200.172226,0.023345,0.019957,0.978066,0.201984,0.271022,9.778315,-0.000712,-0.000612,0.098939,-0.543868,-0.133304,-1.182529,100307.0000
1764076198995360530,2025-11-25 18:39:58.993,0.741309,1.849506,199.603088,0.025246,0.016308,0.978690,0.716078,0.289842,9.960979,0.008524,-0.019196,0.097107,-0.549572,-0.127019,-1.177725,100306.0000
1764076199095511011,2025-11-25 18:39:59.092,0.780389,1.963706,199.051224,0.031261,0.012958,0.979476,0.401824,-0.018169,9.748045,0.011923,-0.018097,0.095708,-0.551919,-0.116033,-1.177376,100305.0000
1764076199196225900,2025-11-25 18:39:59.193,0.823899,2.052014,198.512665,0.034695,0.020111,0.977678,0.025760,0.420342,9.558411,0.012501,-0.009981,0.095647,-0.555742,-0.112208,-1.176415,100305.0000
1764076199295967659,2025-11-25 18:39:59.293,0.841769,2.101711,197.998596,0.038385,0.022561,0.978001,0.753388,0.339772,9.948451,-0.000688,-0.009811,0.085364,-0.554744,-0.105039,-1.176539,100309.0000
1764076199395347363,2025-11-25 18:39:59.393,0.831861,2.087933,197.512863,0.041753,0.018888,0.977940,0.587469,0.042374,9.800787,0.003440,0.009450,0.097443,-0.558069,-0.098814,-1.175141,100303.0000
1764076199495947770,2025-11-25 18:39:59.493,0.817846,2.059058,197.040222,0.033748,0.019901,0.975401,-0.138020,0.201308,9.677483,0.001540,0.009979,0.076673,-0.557564,-0.091677,-1.176702,100309.0000
1764076199595510604,2025-11-25 18:39:59.593,0.812789,2.048861,196.582230,0.034033,0.017245,0.977253,0.836964,0.209567,9.913811,0.009528,-0.001333,0.078194,-0.559457,-0.087834,-1.175288,100309.0000
1764076199696014122,2025-11-25 18:39:59.693,0.814202,2.042920,196.175247,0.031690,0.018309,0.976523,0.047625,0.040756,9.680066,0.000980,-0.004927,0.065680,-0.561830,-0.081157,-1.175354,100302.0000
1764076199795330511,2025-11-25 18:39:59.793,0.809659,2.078206,195.805801,0.033444,0.017442,0.978872,0.398252,0.373781,9.688796,0.002839,-0.010080,0.063440,-0.562768,-0.077797,-1.174429,100306.0000
1764076199896204233,2025-11-25 18:39:59.893,0.799565,2.152625,195.472549,0.032795,0.016568,0.978062,0.275793,0.203158,9.847457,0.005009,-0.014751,0.050547,-0.564650,-0.070153,-1.174036,100306.0000
1764076199995579511,2025-11-25 18:39:59.993,0.783009,2.247713,195.177994,0.036742,0.016436,0.975827,0.327979,-0.278063,9.813107,-0.001441,-0.023400,0.050446,-0.566556,-0.068698,-1.172585,100300.0000
1764076200095666622,2025-11-25 18:40:00.093,0.764857,2.369893,194.929855,0.041128,0.017136,0.977327,0.182296,-0.266888,9.716337,-0.001027,-0.018139,0.033548,-0.566536,-0.063931,-1.173140,100305.0000
1764076200195688585,2025-11-25 18:40:00.193,0.750950,2.475309,194.707291,0.044315,0.015295,0.978090,0.365811,0.081462,9.873988,-0.005322,-0.012680,0.032246,-0.569383,-0.060539,-1.170260,100303.0000
1764076200296071474,2025-11-25 18:40:00.293,0.735809,2.518862,194.516571,0.048482,0.012244,0.978040,0.328204,0.026653,9.720626,-0.005693,0.001134,0.024853,-0.569850,-0.059088,-1.169312,100300.0000
1764076200396217807,2025-11-25 18:40:00.393,0.731680,2.486144,194.354095,0.048276,0.011700,0.978426,0.341713,0.115781,9.651678,-0.003564,0.013719,0.025690,-0.570341,-0.059588,-1.170261,100299.0000
1764076200495979270,2025-11-25 18:40:00.493,0.720310,2.430664,194.215439,0.042937,0.011753,0.978040,0.500130,0.356667,9.900241,-0.006802,0.011557,0.014498,-0.571304,-0.056767,-1.172216,100306.0000
1764076200596027381,2025-11-25 18:40:00.593,0.715934,2.361927,194.099380,0.042161,0.010300,0.978809,0.692213,0.123899,9.877392,-0.002415,0.014640,0.018726,-0.569839,-0.053874,-1.171319,100301.0000
1764076200696306010,2025-11-25 18:40:00.693,0.712665,2.292381,193.993164,0.038341,0.009968,0.978755,0.428267,0.239945,9.767562,-0.003009,0.009174,0.014867,-0.571778,-0.051566,-1.174696,100301.0000
1764076200795957418,2025-11-25 18:40:00.793,0.718925,2.259185,193.870956,0.034411,0.008369,0.978129,0.429517,0.469553,9.619665,-0.000472,0.002445,0.029460,-0.570807,-0.050596,-1.174244,100296.0000
1764076200896428973,2025-11-25 18:40:00.893,0.739612,2.252749,193.724762,0.036118,0.007871,0.978617,0.495665,0.315606,9.735683,0.001636,0.000968,0.019663,-0.570798,-0.048685,-1.174273,100307.0000
1764076200996236825,2025-11-25 18:40:00.993,0.774688,2.249585,193.561569,0.036293,0.011281,0.978478,0.388793,0.337822,9.633328,0.006718,0.000841,0.015640,-0.568864,-0.049124,-1.172850,100305.0000
1764076201095648307,2025-11-25 18:40:01.092,0.805455,2.223746,193.419312,0.036152,0.011687,0.978498,0.083118,-0.183686,9.692478,0.003022,0.006882,0.021689,-0.569812,-0.046262,-1.172880,100308.0000
1764076201197193936,2025-11-25 18:40:01.193,0.831665,2.196496,193.282471,0.034353,0.013080,0.977885,0.178057,-0.091635,9.752131,0.009106,0.000263,0.030391,-0.570780,-0.043451,-1.175317,100306.0000
1764076201295356455,2025-11-25 18:40:01.293,0.837440,2.193419,193.155518,0.034456,0.017210,0.978062,0.264691,0.572313,9.716426,0.006425,-0.005006,0.022217,-0.569320,-0.042459,-1.173908,100310.0000
1764076201395270343,2025-11-25 18:40:01.392,0.816964,2.204884,193.064865,0.036122,0.018956,0.976232,0.408537,0.582188,9.483734,-0.003705,-0.011451,0.013008,-0.570299,-0.042036,-1.176308,100309.0000
1764076201495288195,2025-11-25 18:40:01.493,0.776128,2.223855,193.006531,0.036152,0.009573,0.977022,0.028314,-0.479244,9.726652,-0.007956,0.000111,0.008216,-0.571250,-0.042010,-1.174850,100302.0000
1764076201595911084,2025-11-25 18:40:01.593,0.749524,2.239123,192.954346,0.034349,0.008838,0.977217,0.302255,0.119016,9.815400,0.002331,-0.005515,0.022943,-0.573643,-0.039633,-1.174851,100314.0000
1764076201695864102,2025-11-25 18:40:01.693,0.746034,2.240754,192.920319,0.035617,0.009723,0.976258,0.394887,0.580607,9.556385,-0.000567,-0.003332,-0.002602,-0.571720,-0.040569,-1.174384,100304.0000
1764076201796290306,2025-11-25 18:40:01.793,0.764690,2.242018,192.904724,0.036312,0.009399,0.977343,0.694147,0.368729,9.745444,0.000264,-0.006761,-0.002111,-0.571717,-0.037734,-1.175872,100304.0000
1764076201896402788,2025-11-25 18:40:01.893,0.787573,2.275057,192.879669,0.034335,0.006870,0.978704,0.166556,-0.410035,9.817371,0.007097,-0.009530,0.004079,-0.573629,-0.039125,-1.173414,100295.0000
1764076201995342658,2025-11-25 18:40:01.993,0.801282,2.312560,192.838791,0.037696,0.012645,0.980260,0.278410,0.466033,9.691652,0.007113,-0.004936,0.011333,-0.572662,-0.039577,-1.172458,100307.0000
1764076202095857676,2025-11-25 18:40:02.093,0.798626,2.358391,192.799469,0.037449,0.013222,0.977596,0.380572,0.231085,9.527806,-0.009441,-0.009929,0.005031,-0.573137,-0.039092,-1.171977,100305.0000
1764076202196291769,2025-11-25 18:40:02.193,0.792902,2.397062,192.749603,0.040872,0.009426,0.979350,0.493259,0.353485,9.853580,0.004470,-0.003726,0.010208,-0.573625,-0.040527,-1.171948,100308.0000
1764076202295773324,2025-11-25 18:40:02.293,0.791779,2.421798,192.717621,0.040749,0.009355,0.976962,0.679180,-0.289640,9.814876,0.000030,-0.003258,0.004960,-0.574583,-0.038163,-1.172933,100304.0000
1764076202395384121,2025-11-25 18:40:02.393,0.800948,2.438628,192.692764,0.041916,0.012436,0.976895,0.469725,0.427269,9.579209,0.003404,-0.002885,0.004702,-0.572640,-0.036691,-1.171540,100303.0000
1764076202495781954,2025-11-25 18:40:02.493,0.812071,2.456590,192.711700,0.041433,0.011219,0.977653,0.526109,-0.003207,9.932807,0.000339,-0.002359,-0.000919,-0.575532,-0.037659,-1.171482,100303.0000
1764076202595993269,2025-11-25 18:40:02.593,0.814050,2.478723,192.775940,0.041515,0.013250,0.976730,0.390567,0.347872,9.831342,0.003679,-0.000301,-0.004602,-0.574559,-0.037157,-1.170541,100306.0000
1764076202696511269,2025-11-25 18:40:02.693,0.797272,2.487834,192.880066,0.043020,0.010411,0.977493,0.591983,0.179374,9.846014,-0.002098,0.003493,-0.019549,-0.574571,-0.039545,-1.170504,100303.0000
1764076202796265657,2025-11-25 18:40:02.793,0.778190,2.487013,193.015640,0.041083,0.009164,0.977122,0.314915,0.147402,9.709737,-0.002913,-0.004356,-0.022464,-0.574564,-0.039057,-1.170030,100301.0000
1764076202896294120,2025-11-25 18:40:02.893,0.765224,2.491880,193.173599,0.041580,0.007832,0.978467,0.327149,-0.045521,9.767831,-0.006773,0.000295,-0.030953,-0.573150,-0.043370,-1.170949,100301.0000
1764076202995516583,2025-11-25 18:40:02.992,0.761153,2.499251,193.337753,0.041979,0.004500,0.978931,0.298097,0.202941,9.799030,-0.000749,-0.003819,-0.022991,-0.572690,-0.045309,-1.172370,100306.0000
1764076203095949139,2025-11-25 18:40:03.093,0.771325,2.478098,193.506943,0.041893,0.004995,0.978676,0.163086,-0.243599,9.853400,0.008874,0.006693,-0.029400,-0.571236,-0.046218,-1.170452,100305.0000
1764076203196159990,2025-11-25 18:40:03.193,0.778334,2.431674,193.669952,0.041434,0.008304,0.977536,0.325824,-0.012335,9.711882,-0.005031,0.009930,-0.027913,-0.570306,-0.049598,-1.172340,100305.0000
1764076203295347583,2025-11-25 18:40:03.293,0.773479,2.377056,193.822998,0.038156,0.010093,0.978157,0.387810,0.280125,9.755857,-0.002918,0.010273,-0.030967,-0.572246,-0.051060,-1.173253,100298.0000
1764076203395337694,2025-11-25 18:40:03.393,0.752715,2.325050,193.970383,0.035480,0.005699,0.978405,0.367421,0.253966,9.754945,-0.005396,0.006023,-0.021395,-0.570328,-0.052484,-1.173259,100307.0000
1764076203496044361,2025-11-25 18:40:03.493,0.736976,2.298298,194.114349,0.034545,0.006604,0.977448,0.241484,0.165087,9.858605,0.001838,0.005674,-0.023376,-0.570304,-0.051478,-1.170867,100304.0000
1764076203596661805,2025-11-25 18:40:03.593,0.739572,2.302531,194.275772,0.033198,0.004829,0.976880,0.271844,0.005860,9.769745,-0.001444,-0.007293,-0.028087,-0.570834,-0.054438,-1.175148,100305.0000
1764076203696051694,2025-11-25 18:40:03.693,0.769296,2.348356,194.446625,0.035859,0.004583,0.977630,0.567345,-0.011168,9.670451,0.010412,-0.011373,-0.031202,-0.569885,-0.057767,-1.174630,100307.0000
1764076203796315805,2025-11-25 18:40:03.793,0.804862,2.409710,194.620682,0.037952,0.008659,0.977940,0.451464,0.238833,9.760223,0.002042,-0.010465,-0.028894,-0.568422,-0.059122,-1.171259,100306.0000
1764076203896456046,2025-11-25 18:40:03.893,0.822428,2.463620,194.809525,0.041566,0.009112,0.978604,0.549830,-0.001123,9.899861,0.003631,-0.008730,-0.033435,-0.568447,-0.062019,-1.172660,100306.0000
1764076203995722675,2025-11-25 18:40:03.992,0.800738,2.486070,195.003540,0.043876,0.011357,0.978029,0.481904,0.310050,9.847064,-0.013280,-0.000077,-0.029406,-0.567975,-0.065340,-1.171653,100298.0000
1764076204095510323,2025-11-25 18:40:04.092,0.763113,2.470930,195.205505,0.043767,0.006720,0.977878,0.224262,-0.231581,9.791056,0.000933,0.005171,-0.034468,-0.566999,-0.064828,-1.170230,100305.0000
1764076204195759471,2025-11-25 18:40:04.193,0.734422,2.430780,195.416428,0.042476,0.005957,0.977213,0.520768,0.141203,9.748639,-0.007406,0.007051,-0.035524,-0.566582,-0.071594,-1.173986,100303.0000
1764076204296005601,2025-11-25 18:40:04.293,0.727499,2.395889,195.628098,0.036681,0.004051,0.977115,0.418881,-0.037182,9.689399,-0.003657,0.001112,-0.041943,-0.564190,-0.073504,-1.174474,100309.0000
1764076204396127193,2025-11-25 18:40:04.393,0.742068,2.392266,195.825043,0.034790,0.001250,0.977217,0.336220,0.058128,9.800804,0.006942,-0.007628,-0.031136,-0.566094,-0.073929,-1.171549,100307.0000
1764076204496071379,2025-11-25 18:40:04.493,0.768297,2.417571,196.008942,0.036677,0.005271,0.977709,0.409656,-0.004814,9.887527,0.008981,-0.007866,-0.028394,-0.565156,-0.077289,-1.172475,100299.0000
1764076204596235508,2025-11-25 18:40:04.593,0.794886,2.459495,196.188370,0.038378,0.007327,0.978318,0.139926,-0.073939,9.855038,0.003113,-0.010073,-0.028254,-0.565630,-0.079629,-1.170024,100303.0000
1764076204696046823,2025-11-25 18:40:04.693,0.806170,2.497885,196.371826,0.041826,0.008129,0.977803,0.437111,0.076628,9.721959,-0.000530,-0.012918,-0.027132,-0.565179,-0.083479,-1.171417,100307.0000
1764076204796033656,2025-11-25 18:40:04.793,0.801975,2.527802,196.561264,0.044521,0.009772,0.978395,0.531050,0.337371,9.663343,-0.003085,0.001364,-0.037108,-0.562299,-0.084899,-1.171438,100307.0000
1764076204896962304,2025-11-25 18:40:04.893,0.791157,2.549516,196.772675,0.042576,0.006016,0.977324,0.446837,-0.197396,9.803642,0.000737,-0.002743,-0.038085,-0.563264,-0.085381,-1.171416,100298.0000
1764076204995358341,2025-11-25 18:40:04.993,0.790063,2.569200,196.987503,0.045302,0.006151,0.977379,0.687949,0.105822,9.800936,0.001483,-0.004423,-0.034913,-0.563283,-0.090615,-1.170373,100307.0000
1764076205095740786,2025-11-25 18:40:05.092,0.798788,2.585471,197.176819,0.044105,0.004347,0.977600,0.541742,0.140822,9.616788,-0.000473,-0.005001,-0.026524,-0.563277,-0.091072,-1.169403,100303.0000
1764076205196416267,2025-11-25 18:40:05.193,0.811118,2.582446,197.331924,0.044927,0.006554,0.978533,0.079760,0.053532,9.851496,0.006614,0.002166,-0.023486,-0.562824,-0.095857,-1.169818,100306.0000
1764076205295286285,2025-11-25 18:40:05.293,0.808973,2.563350,197.478363,0.044006,0.008182,0.977193,0.548976,0.028585,9.733580,-0.002825,0.000505,-0.021844,-0.559929,-0.095824,-1.168898,100312.0000
1764076205396082211,2025-11-25 18:40:05.393,0.790208,2.534426,197.616257,0.042735,0.008993,0.976682,0.177987,-0.017710,9.772011,0.001927,0.003833,-0.018076,-0.561395,-0.097304,-1.170780,100303.0000
1764076205495897489,2025-11-25 18:40:05.493,0.764274,2.512455,197.749893,0.040053,0.008042,0.976968,0.262821,0.151312,9.785563,-0.001235,0.002538,-0.020228,-0.558537,-0.101611,-1.171720,100301.0000
1764076205595974563,2025-11-25 18:40:05.593,0.735997,2.525542,197.895920,0.039803,0.008226,0.977526,0.288757,-0.017318,9.777797,-0.003691,-0.007636,-0.025578,-0.560444,-0.098743,-1.171254,100305.0000
1764076205696159100,2025-11-25 18:40:05.693,0.717295,2.570505,198.053482,0.040211,0.005878,0.978821,0.380288,0.070419,9.817225,-0.001598,-0.007101,-0.025448,-0.561422,-0.104916,-1.169219,100303.0000
1764076205795967970,2025-11-25 18:40:05.793,0.713124,2.612686,198.216827,0.044151,0.004399,0.979069,0.342683,0.063190,9.878703,-0.000590,-0.009725,-0.018153,-0.559997,-0.104016,-1.172143,100301.0000
1764076205895985748,2025-11-25 18:40:05.893,0.735586,2.641334,198.370148,0.045611,0.004437,0.978048,0.428729,-0.019896,9.759817,0.004269,-0.011033,-0.022871,-0.558544,-0.106814,-1.169233,100303.0000
1764076205995306989,2025-11-25 18:40:05.992,0.772184,2.652007,198.525192,0.047744,0.007670,0.977781,0.302238,0.144269,9.821879,0.005454,0.003284,-0.034069,-0.559046,-0.110170,-1.169655,100308.0000
1764076206095751322,2025-11-25 18:40:06.092,0.806229,2.655220,198.675079,0.048601,0.008395,0.976708,0.689482,0.021029,9.777147,0.001086,0.003501,-0.024853,-0.558067,-0.110593,-1.167255,100305.0000
1764076206195943878,2025-11-25 18:40:06.193,0.818405,2.639685,198.832565,0.045777,0.010459,0.976017,0.345640,0.142868,9.708826,-0.007157,-0.004004,-0.028073,-0.558087,-0.111589,-1.169166,100309.0000
1764076206295583063,2025-11-25 18:40:06.293,0.814280,2.627934,198.989395,0.045741,0.009313,0.977160,0.590288,-0.092927,9.690560,0.004407,0.000742,-0.026117,-0.558117,-0.114496,-1.171048,100304.0000
1764076206395680803,2025-11-25 18:40:06.393,0.798317,2.637460,199.134384,0.041395,0.007476,0.976994,0.505148,0.177624,9.825874,-0.008032,-0.009308,-0.018117,-0.556664,-0.116349,-1.168633,100305.0000
1764076206495957692,2025-11-25 18:40:06.493,0.792039,2.691691,199.253647,0.043789,0.006903,0.978006,0.474583,-0.182027,9.855894,0.002579,-0.013366,-0.021994,-0.555709,-0.114952,-1.170595,100307.0000
1764076206595532377,2025-11-25 18:40:06.593,0.795457,2.761509,199.355499,0.045854,0.008873,0.977369,0.526365,0.327251,9.834921,0.000293,-0.012390,-0.012523,-0.556189,-0.117780,-1.168618,100305.0000
1764076206696000877,2025-11-25 18:40:06.693,0.817663,2.824096,199.480301,0.049544,0.008582,0.978119,0.455486,0.286260,9.849691,0.010050,-0.007807,-0.020737,-0.559083,-0.122996,-1.166088,100301.0000
1764076206795996581,2025-11-25 18:40:06.793,0.837333,2.851289,199.616455,0.052306,0.008258,0.977116,0.464559,0.022049,9.687285,0.001865,-0.000696,-0.023428,-0.556666,-0.120597,-1.166160,100304.0000
1764076206896275877,2025-11-25 18:40:06.893,0.856927,2.853748,199.735275,0.050881,0.010522,0.977817,0.581835,-0.002276,9.893233,0.007852,0.000417,-0.022405,-0.557171,-0.123963,-1.167065,100301.0000
1764076206995566562,2025-11-25 18:40:06.992,0.864897,2.848970,199.849350,0.047940,0.010447,0.976897,0.461578,0.128723,9.716867,-0.003532,-0.004716,-0.023224,-0.557665,-0.124941,-1.168006,100304.0000
1764076207095620544,2025-11-25 18:40:07.092,0.851369,2.845748,199.967178,0.047774,0.011341,0.976985,0.475318,-0.218595,9.768994,-0.000072,-0.000394,-0.010666,-0.555741,-0.127290,-1.166553,100307.0000
1764076207195931525,2025-11-25 18:40:07.193,0.819102,2.843005,200.091354,0.047870,0.010898,0.978858,0.264717,0.204596,9.750431,-0.005677,0.006480,-0.017222,-0.554795,-0.126859,-1.168982,100308.0000
1764076207296981803,2025-11-25 18:40:07.293,0.793389,2.842968,200.220734,0.048420,0.007799,0.977864,0.455195,-0.083856,9.675557,0.002833,0.006761,-0.021240,-0.553823,-0.130127,-1.165575,100304.0000
1764076207395767969,2025-11-25 18:40:07.393,0.778986,2.867093,200.339203,0.047713,0.007301,0.976554,0.816373,0.175320,9.887099,-0.000900,-0.009117,-0.025761,-0.554322,-0.130648,-1.167486,100302.0000
1764076207496081932,2025-11-25 18:40:07.493,0.775435,2.875928,200.447556,0.050587,0.007552,0.977180,0.357266,0.143017,9.740847,0.003635,-0.001649,-0.011265,-0.553346,-0.131080,-1.165568,100307.0000
1764076207596625580,2025-11-25 18:40:07.593,0.788365,2.853955,200.551392,0.051178,0.008639,0.978217,0.673811,-0.137692,9.857868,0.005670,0.009318,-0.020610,-0.551937,-0.134936,-1.167456,100307.0000
1764076207696351858,2025-11-25 18:40:07.693,0.795401,2.795873,200.669113,0.047349,0.010028,0.978581,0.507662,0.223068,9.714917,-0.002936,0.013342,-0.011700,-0.551924,-0.133015,-1.167004,100305.0000
1764076207796802173,2025-11-25 18:40:07.793,0.792312,2.716304,200.821732,0.046520,0.009619,0.980333,0.313833,-0.035446,9.741219,0.001513,0.009080,-0.035181,-0.550991,-0.137330,-1.167915,100307.0000
1764076207896732062,2025-11-25 18:40:07.893,0.781126,2.644677,200.998215,0.045255,0.007996,0.977704,0.477002,-0.048764,9.716340,0.000048,0.013530,-0.022411,-0.549097,-0.138816,-1.170809,100296.0000
1764076207996138895,2025-11-25 18:40:07.993,0.780477,2.577271,201.189224,0.041286,0.004868,0.976191,0.491627,0.238525,9.791003,0.000544,0.008420,-0.030738,-0.548124,-0.140671,-1.168387,100304.0000
1764076208095403302,2025-11-25 18:40:08.092,0.798343,2.510605,201.397873,0.039938,0.006663,0.975246,0.300378,0.169424,9.694312,0.010921,0.005796,-0.042555,-0.543817,-0.142126,-1.170355,100304.0000
1764076208196786747,2025-11-25 18:40:08.193,0.822422,2.475607,201.631042,0.038840,0.008734,0.976273,0.856794,0.147697,9.944304,0.000745,0.001408,-0.043433,-0.546735,-0.146936,-1.171202,100304.0000
1764076208295995339,2025-11-25 18:40:08.293,0.821637,2.490376,201.910355,0.037509,0.009341,0.977688,0.448166,0.238746,9.823330,-0.000318,-0.002115,-0.049695,-0.545327,-0.151737,-1.172594,100301.0000
1764076208397348247,2025-11-25 18:40:08.393,0.798895,2.533323,202.201981,0.038557,0.007643,0.979365,0.311198,0.269576,9.907165,-0.008951,-0.010281,-0.055705,-0.543399,-0.154076,-1.170660,100309.0000
1764076208495492839,2025-11-25 18:40:08.493,0.767661,2.609453,202.472260,0.041784,0.004319,0.979006,0.521687,-0.055450,9.760678,-0.013443,-0.011924,-0.032724,-0.543414,-0.157887,-1.170120,100305.0000
1764076208595341876,2025-11-25 18:40:08.593,0.743149,2.671318,202.713058,0.045711,0.004760,0.978876,0.618743,0.104621,9.785147,-0.004606,-0.007692,-0.044845,-0.542466,-0.160749,-1.170091,100304.0000
1764076208696099932,2025-11-25 18:40:08.693,0.729551,2.642919,202.962494,0.048875,0.003366,0.977081,0.395197,-0.112066,9.660814,0.001511,0.004576,-0.046540,-0.541494,-0.162604,-1.167669,100312.0000
1764076208796080135,2025-11-25 18:40:08.793,0.733726,2.562632,203.225586,0.047703,0.003087,0.976554,0.706685,-0.128237,9.715198,0.002706,0.017661,-0.055865,-0.538154,-0.163606,-1.170592,100306.0000
1764076208896178672,2025-11-25 18:40:08.893,0.751838,2.483641,203.491379,0.040371,0.003454,0.977209,0.419250,-0.258729,9.761280,0.005852,0.021571,-0.038025,-0.538184,-0.170283,-1.170008,100304.0000
1764076208995317506,2025-11-25 18:40:08.992,0.773265,2.417221,203.748413,0.036925,0.006595,0.977672,0.253219,-0.065503,9.812120,0.000842,0.013116,-0.050250,-0.536301,-0.173212,-1.173363,100305.0000
1764076209098424024,2025-11-25 18:40:09.092,0.794307,2.425582,203.972580,0.034535,0.006299,0.978484,0.521324,0.231928,9.659542,0.000320,-0.008416,-0.026336,-0.534375,-0.174615,-1.172406,100312.0000
1764076209195762172,2025-11-25 18:40:09.193,0.792808,2.484042,204.183289,0.036970,0.008414,0.977826,0.280328,0.044658,9.793588,-0.004975,-0.015169,-0.033459,-0.533893,-0.177439,-1.170444,100305.0000
1764076209295670376,2025-11-25 18:40:09.293,0.763130,2.563457,204.383591,0.041792,0.009538,0.978513,0.529716,0.223566,9.905927,-0.009160,-0.010619,-0.034032,-0.534377,-0.178864,-1.169934,100298.0000
1764076209395484079,2025-11-25 18:40:09.393,0.728261,2.613513,204.564758,0.043193,0.005012,0.977980,0.532012,-0.198514,9.821752,-0.008700,-0.011469,-0.031061,-0.532937,-0.181693,-1.168467,100308.0000
1764076209495532079,2025-11-25 18:40:09.493,0.714128,2.622161,204.726990,0.047218,0.004392,0.977043,0.456496,0.077263,9.756166,-0.007556,-0.001613,-0.019528,-0.531502,-0.182652,-1.168955,100309.0000
1764076209596282376,2025-11-25 18:40:09.593,0.723458,2.581805,204.868851,0.046228,0.005376,0.977557,0.316670,-0.198674,9.924565,0.007353,0.016014,-0.027626,-0.530083,-0.184597,-1.170872,100303.0000
1764076209696050875,2025-11-25 18:40:09.693,0.746905,2.516675,205.000671,0.042659,0.007556,0.976737,0.568982,-0.146445,9.760340,0.000770,0.016937,-0.023538,-0.529139,-0.186524,-1.171820,100301.0000
1764076209796026227,2025-11-25 18:40:09.793,0.780770,2.458099,205.117126,0.036916,0.008172,0.976795,0.245230,0.244080,9.678251,0.012059,0.004430,-0.013221,-0.528654,-0.188869,-1.169865,100307.0000
1764076209895549320,2025-11-25 18:40:09.893,0.802394,2.441570,205.212463,0.034092,0.010556,0.977588,0.358734,0.022152,9.835608,0.001569,0.001408,-0.010799,-0.527228,-0.189381,-1.171805,100303.0000
1764076209995937172,2025-11-25 18:40:09.993,0.811117,2.467614,205.282471,0.034642,0.011470,0.978450,0.368700,0.255321,9.666516,0.003432,-0.006399,-0.006482,-0.527721,-0.189414,-1.173242,100297.0000
1764076210096158042,2025-11-25 18:40:10.092,0.801111,2.548154,205.329285,0.035221,0.011190,0.979072,0.389137,0.107534,9.639986,-0.000072,-0.016924,-0.007089,-0.530108,-0.190319,-1.170303,100297.0000
1764076210197164597,2025-11-25 18:40:10.193,0.787860,2.637861,205.373367,0.040724,0.009143,0.978671,0.312898,-0.151225,9.836749,0.004680,-0.018528,-0.004781,-0.530114,-0.192219,-1.169793,100294.0000
1764076210295290560,2025-11-25 18:40:10.293,0.780200,2.704258,205.417679,0.048266,0.011954,0.976499,0.823594,0.375280,9.877569,-0.000157,-0.007683,-0.009776,-0.531540,-0.190295,-1.168838,100304.0000
1764076210396052931,2025-11-25 18:40:10.393,0.781451,2.717021,205.460632,0.049270,0.008267,0.975779,0.439730,0.086102,9.904387,-0.002710,0.002993,-0.015279,-0.529611,-0.191688,-1.167400,100305.0000
1764076210496030190,2025-11-25 18:40:10.493,0.782296,2.688251,205.484711,0.046617,0.009386,0.975766,0.262511,-0.002496,9.744771,-0.003534,0.003201,0.001593,-0.531549,-0.193618,-1.167824,100299.0000
1764076210596327708,2025-11-25 18:40:10.593,0.761606,2.646503,205.469666,0.043673,0.012826,0.977503,0.637257,-0.086204,9.907466,-0.003017,-0.000046,0.004591,-0.528668,-0.191735,-1.169821,100309.0000
1764076210696431004,2025-11-25 18:40:10.693,0.731774,2.623675,205.434647,0.044592,0.011873,0.979923,0.364318,0.117899,9.645577,-0.003591,-0.001568,0.014801,-0.529162,-0.192713,-1.170762,100303.0000
1764076210795336449,2025-11-25 18:40:10.793,0.707518,2.584966,205.399414,0.045421,0.009873,0.980387,0.226976,0.146941,9.711444,-0.002448,0.016884,0.006066,-0.529143,-0.188892,-1.170821,100301.0000
1764076210895830023,2025-11-25 18:40:10.893,0.699233,2.550719,205.365616,0.043603,0.008704,0.978091,0.436295,0.354076,9.789218,0.003251,0.006653,0.010495,-0.529635,-0.190337,-1.171273,100304.0000
1764076210995501875,2025-11-25 18:40:10.993,0.723226,2.533424,205.355362,0.040872,0.009226,0.975925,0.638703,-0.164400,9.822454,0.011359,-0.000445,-0.001487,-0.531563,-0.190356,-1.171726,100307.0000
1764076211095872726,2025-11-25 18:40:11.092,0.760206,2.552580,205.387039,0.039445,0.011646,0.976344,0.202054,-0.034371,9.824928,0.012322,-0.007267,-0.004125,-0.528206,-0.191784,-1.172235,100303.0000
1764076211196220597,2025-11-25 18:40:11.193,0.793543,2.590683,205.442780,0.043352,0.013293,0.978154,0.384420,-0.123767,9.752583,0.010922,-0.006648,-0.011519,-0.530127,-0.194140,-1.170245,100303.0000
1764076211295695967,2025-11-25 18:40:11.293,0.794985,2.641655,205.477798,0.045392,0.013676,0.978164,0.709374,0.293372,9.751823,-0.007297,-0.011279,-0.006148,-0.527701,-0.190775,-1.169850,100307.0000
1764076211396049023,2025-11-25 18:40:11.393,0.768280,2.640000,205.482239,0.049623,0.010448,0.979426,0.550479,0.016308,9.810084,-0.002105,0.011193,0.003559,-0.529615,-0.191699,-1.167881,100303.0000
1764076211496445004,2025-11-25 18:40:11.493,0.729837,2.563265,205.472656,0.046254,0.009561,0.977274,0.132032,-0.356182,9.742233,0.000751,0.019635,0.005918,-0.528181,-0.192190,-1.168858,100311.0000
1764076211595980911,2025-11-25 18:40:11.593,0.691349,2.476179,205.455841,0.040564,0.011638,0.977551,0.568218,0.317755,9.816878,-0.004844,0.019002,-0.001579,-0.529638,-0.191760,-1.170770,100296.0000
1764076211695647319,2025-11-25 18:40:11.693,0.667623,2.459459,205.417740,0.035046,0.007225,0.976799,0.432672,-0.111609,9.998020,0.003304,-0.006889,0.014987,-0.526264,-0.191257,-1.170345,100305.0000
1764076211795943708,2025-11-25 18:40:11.793,0.661087,2.491202,205.358170,0.037255,0.010703,0.976220,0.411676,-0.097064,9.782866,-0.000334,-0.006054,0.007838,-0.528185,-0.189842,-1.170820,100309.0000
1764076211896506022,2025-11-25 18:40:11.893,0.669057,2.523622,205.295120,0.039824,0.010438,0.978086,0.417286,0.412322,9.839666,-0.001029,-0.007319,0.007383,-0.529628,-0.188904,-1.171295,100309.0000
1764076211995795207,2025-11-25 18:40:11.993,0.677433,2.572747,205.225311,0.038860,0.008110,0.976807,0.187844,-0.264585,9.821581,0.005771,-0.017183,0.023190,-0.530101,-0.190298,-1.169340,100302.0000
1764076212096064633,2025-11-25 18:40:12.093,0.696995,2.631458,205.143188,0.045361,0.009909,0.978863,0.487698,0.330300,9.779519,0.007920,-0.005596,0.015429,-0.532010,-0.188854,-1.168371,100302.0000
1764076212196253004,2025-11-25 18:40:12.193,0.718108,2.651673,205.043594,0.045713,0.012104,0.979814,0.504179,0.279285,9.987400,0.003021,-0.001298,0.015743,-0.532000,-0.186943,-1.168400,100301.0000
1764076212295580504,2025-11-25 18:40:12.293,0.733724,2.639626,204.949600,0.045560,0.012816,0.977926,0.659748,0.009523,10.033086,0.010404,0.003019,0.021754,-0.531025,-0.185018,-1.167962,100304.0000
1764076212396397244,2025-11-25 18:40:12.393,0.740608,2.599724,204.865189,0.044931,0.015112,0.976120,0.413830,0.091969,9.779307,0.000812,0.005025,0.015082,-0.534899,-0.184629,-1.171283,100307.0000
1764076212496368429,2025-11-25 18:40:12.493,0.742663,2.589455,204.764816,0.041546,0.013510,0.975429,0.248668,0.460497,9.747537,0.005880,0.000468,0.019326,-0.532952,-0.183146,-1.169407,100303.0000
1764076212596311633,2025-11-25 18:40:12.593,0.731812,2.598017,204.673523,0.041158,0.013154,0.976767,0.336126,-0.306434,9.759336,-0.007129,-0.004638,0.015638,-0.533437,-0.185516,-1.168401,100301.0000
1764076212696441540,2025-11-25 18:40:12.693,0.708969,2.634247,204.585938,0.041486,0.014261,0.978482,0.566903,0.489520,9.660905,-0.002957,-0.011936,0.013495,-0.535359,-0.182689,-1.169861,100311.0000
1764076212795601040,2025-11-25 18:40:12.793,0.686120,2.681963,204.481537,0.043663,0.008056,0.978482,0.581449,-0.015465,9.877766,0.000725,-0.003297,0.031469,-0.533904,-0.180294,-1.169919,100299.0000
1764076212895624355,2025-11-25 18:40:12.893,0.668472,2.716715,204.354141,0.047285,0.012211,0.978929,0.293203,0.091341,9.735796,-0.001048,-0.001682,0.013452,-0.536280,-0.178344,-1.167506,100301.0000
1764076212995770966,2025-11-25 18:40:12.993,0.668363,2.689414,204.228867,0.048413,0.011434,0.978293,0.418423,-0.098124,9.714801,0.000750,0.013410,0.018047,-0.537729,-0.177893,-1.168454,100301.0000
1764076213095785744,2025-11-25 18:40:13.093,0.675705,2.600782,204.118149,0.044757,0.009355,0.976932,0.830113,0.452770,9.907806,0.009990,0.017704,0.028749,-0.537732,-0.176958,-1.169432,100309.0000
1764076213196015188,2025-11-25 18:40:13.193,0.693892,2.514676,204.003128,0.038671,0.013088,0.976124,0.510150,-0.013926,9.806758,0.001586,0.007212,0.024694,-0.534839,-0.172687,-1.171466,100305.0000
1764076213296476021,2025-11-25 18:40:13.293,0.703048,2.486536,203.873947,0.037686,0.013635,0.978782,0.291636,0.288467,9.740518,-0.000336,-0.004923,0.023637,-0.535306,-0.172181,-1.170022,100306.0000
1764076213396082781,2025-11-25 18:40:13.393,0.697345,2.499413,203.753738,0.039630,0.012657,0.977892,0.316988,0.055436,9.714091,0.007806,-0.009301,0.025789,-0.539645,-0.170808,-1.171905,100302.0000
1764076213495928466,2025-11-25 18:40:13.493,0.681464,2.534887,203.634689,0.040790,0.013511,0.976772,0.478211,0.260800,9.795002,-0.009720,-0.008520,0.023899,-0.538666,-0.171230,-1.169505,100303.0000
1764076213595984503,2025-11-25 18:40:13.593,0.673470,2.563197,203.511520,0.042389,0.010482,0.976499,0.404145,0.339385,9.580361,0.003862,-0.005718,0.025508,-0.537208,-0.166000,-1.171051,100307.0000
1764076213696056058,2025-11-25 18:40:13.693,0.673894,2.581003,203.397766,0.041123,0.011683,0.976793,0.262802,0.289645,9.790359,-0.000033,-0.009092,0.018491,-0.538152,-0.165486,-1.169119,100301.0000
1764076213795312706,2025-11-25 18:40:13.793,0.679924,2.598701,203.280762,0.042620,0.013360,0.978185,0.595408,-0.176806,9.915152,0.002894,-0.005026,0.026765,-0.539591,-0.163124,-1.170097,100301.0000
1764076213896417836,2025-11-25 18:40:13.893,0.680024,2.604017,203.180069,0.044888,0.014387,0.979091,0.549972,0.078325,9.825315,0.000002,-0.001015,0.019921,-0.538645,-0.165518,-1.170556,100303.0000
1764076213996508151,2025-11-25 18:40:13.993,0.659908,2.585240,203.115067,0.044864,0.013220,0.979307,0.356934,0.065229,9.791684,-0.000670,0.009624,0.016040,-0.541517,-0.162665,-1.170557,100299.0000
1764076214095629558,2025-11-25 18:40:14.093,0.631453,2.554388,203.090469,0.045070,0.013057,0.978276,0.590414,0.255319,9.799215,-0.007358,0.010430,-0.008198,-0.542477,-0.162192,-1.170550,100307.0000
1764076214195787836,2025-11-25 18:40:14.193,0.613122,2.505325,203.086670,0.041237,0.008069,0.976110,0.381806,0.162707,9.799442,-0.000655,0.012419,0.012653,-0.540065,-0.160748,-1.170608,100305.0000
1764076214295323947,2025-11-25 18:40:14.293,0.609986,2.470717,203.119827,0.038484,0.008466,0.976770,0.229314,0.159400,9.831759,0.002111,0.003931,-0.010689,-0.541524,-0.161740,-1.172016,100299.0000
1764076214395402465,2025-11-25 18:40:14.393,0.614161,2.458702,203.181915,0.038007,0.007234,0.976670,0.409908,0.077217,9.755603,-0.003471,0.005425,-0.006878,-0.539615,-0.163185,-1.172985,100300.0000
1764076214495582021,2025-11-25 18:40:14.493,0.622413,2.463867,203.274170,0.037852,0.006323,0.977490,0.406075,0.044814,9.638152,0.009731,-0.009178,-0.013089,-0.538638,-0.164085,-1.170578,100302.0000
1764076214595978298,2025-11-25 18:40:14.593,0.640686,2.489283,203.360886,0.039303,0.007113,0.978250,0.147592,0.239173,9.658769,0.002831,-0.003727,-0.014998,-0.538188,-0.166523,-1.172955,100303.0000
1764076214695977484,2025-11-25 18:40:14.693,0.664054,2.523386,203.450851,0.040781,0.008435,0.979407,0.637947,0.125613,9.936557,0.004472,-0.004851,-0.022316,-0.540114,-0.168422,-1.171935,100302.0000
1764076214796317465,2025-11-25 18:40:14.793,0.671798,2.526556,203.557678,0.042486,0.010503,0.978266,0.320214,0.023666,9.819307,0.002035,0.007994,-0.015848,-0.540612,-0.169410,-1.173357,100299.0000
1764076214896013983,2025-11-25 18:40:14.893,0.662804,2.521269,203.651321,0.043995,0.010569,0.977758,0.631536,0.115111,9.835665,0.000142,0.001071,-0.021843,-0.536247,-0.169299,-1.169089,100304.0000
1764076214995947280,2025-11-25 18:40:14.993,0.645160,2.489381,203.725113,0.041052,0.006984,0.977290,0.404796,0.048889,9.795396,-0.002125,0.009546,0.000162,-0.535800,-0.168443,-1.173924,100308.0000
1764076215096072409,2025-11-25 18:40:15.093,0.632418,2.438844,203.797668,0.039681,0.009949,0.977653,0.238978,0.109752,9.760283,0.007779,0.005956,-0.016959,-0.535313,-0.171256,-1.171481,100307.0000
1764076215196469280,2025-11-25 18:40:15.193,0.619369,2.415006,203.878815,0.036491,0.008428,0.976081,0.510953,0.113004,9.802849,-0.005995,-0.001804,-0.013569,-0.534378,-0.173681,-1.173384,100303.0000
1764076215296750465,2025-11-25 18:40:15.293,0.600035,2.432984,203.960617,0.034995,0.006331,0.976392,0.286898,0.015195,9.844631,0.001104,-0.013296,-0.012493,-0.537233,-0.171722,-1.170482,100309.0000
1764076215396077076,2025-11-25 18:40:15.393,0.594112,2.487417,204.029037,0.039588,0.009060,0.978030,0.487558,0.488568,9.775088,0.001129,-0.010552,-0.000052,-0.537711,-0.172659,-1.169498,100303.0000
1764076215495964668,2025-11-25 18:40:15.493,0.608726,2.558476,204.097153,0.042289,0.007362,0.978643,0.580307,-0.143044,9.810150,0.008611,-0.009032,-0.019817,-0.534850,-0.175542,-1.170941,100292.0000
1764076215596171020,2025-11-25 18:40:15.593,0.640979,2.612281,204.153839,0.043296,0.006969,0.978334,0.405788,0.072067,9.873670,0.007417,-0.007855,-0.002694,-0.534850,-0.174130,-1.171925,100303.0000
1764076215695744724,2025-11-25 18:40:15.693,0.667252,2.619875,204.196884,0.046359,0.010784,0.979172,0.687094,-0.152745,9.730615,0.004131,0.005980,-0.009368,-0.535294,-0.174975,-1.166608,100308.0000
1764076215795507520,2025-11-25 18:40:15.793,0.676743,2.573494,204.223129,0.046455,0.012506,0.978949,0.410149,0.180056,9.746249,0.002602,0.017360,0.000234,-0.536769,-0.176008,-1.169942,100301.0000
1764076215896538001,2025-11-25 18:40:15.893,0.664217,2.497513,204.249268,0.041473,0.012214,0.977210,0.379900,0.136741,9.780626,-0.003129,0.009621,-0.004975,-0.533427,-0.177477,-1.172376,100303.0000
1764076215996648335,2025-11-25 18:40:15.993,0.634216,2.461648,204.274780,0.037076,0.010399,0.974907,0.062653,0.131920,9.596581,-0.003346,-0.001493,0.008828,-0.533892,-0.176494,-1.170940,100305.0000
1764076216095717779,2025-11-25 18:40:16.092,0.600958,2.471300,204.283249,0.038989,0.009883,0.976129,0.281854,0.097778,9.797695,-0.004052,-0.007780,-0.000335,-0.535342,-0.176988,-1.171393,100299.0000
1764076216196741557,2025-11-25 18:40:16.193,0.576110,2.486555,204.279755,0.040350,0.008574,0.977290,0.724977,0.161771,9.721371,-0.002794,0.000194,-0.002342,-0.535334,-0.174610,-1.171911,100307.0000
1764076216295598742,2025-11-25 18:40:16.293,0.576996,2.455659,204.263977,0.031587,0.004558,0.977809,0.604840,-0.071398,9.929826,0.006732,0.001613,0.006902,-0.533430,-0.177955,-1.172369,100299.0000
1764076216396000779,2025-11-25 18:40:16.393,0.604716,2.429380,204.229645,0.035641,0.008970,0.979683,0.466974,0.251863,9.794767,0.009497,-0.005633,0.009171,-0.533874,-0.173617,-1.170503,100303.0000
1764076216495965131,2025-11-25 18:40:16.493,0.638601,2.469603,204.187210,0.038962,0.012267,0.981218,0.394053,0.129368,9.921628,0.007500,-0.006863,0.004569,-0.531965,-0.176007,-1.170976,100303.0000
1764076216596097908,2025-11-25 18:40:16.593,0.657772,2.552804,204.151901,0.043443,0.013501,0.979143,0.369202,0.465846,9.756285,0.005060,-0.009642,0.006024,-0.536291,-0.175071,-1.170927,100307.0000
1764076216696154334,2025-11-25 18:40:16.693,0.653973,2.625383,204.136154,0.046849,0.012574,0.976134,0.348102,0.152261,9.655948,0.000800,-0.018620,0.006948,-0.535327,-0.177892,-1.168971,100301.0000
1764076216795713927,2025-11-25 18:40:16.793,0.631301,2.645167,204.127182,0.050918,0.010714,0.974626,0.669501,0.126037,9.707114,-0.001892,-0.004002,0.002078,-0.538682,-0.175987,-1.168469,100304.0000
1764076216895673927,2025-11-25 18:40:16.893,0.629121,2.608995,204.108856,0.049210,0.009199,0.975819,0.541135,0.307601,9.885118,0.003794,0.006303,-0.000918,-0.535313,-0.175026,-1.169015,100294.0000
1764076216997091260,2025-11-25 18:40:16.993,0.642353,2.531678,204.086731,0.044980,0.008860,0.976887,0.439792,0.155777,9.952708,0.001367,0.018576,0.004659,-0.536745,-0.175002,-1.167550,100298.0000
1764076217096365186,2025-11-25 18:40:17.092,0.666646,2.436235,204.049469,0.039591,0.010655,0.978301,0.512297,-0.036263,9.919008,0.009191,0.014991,0.011703,-0.534845,-0.173175,-1.171940,100304.0000
1764076217196260075,2025-11-25 18:40:17.193,0.688048,2.376654,204.000397,0.037812,0.013530,0.980988,0.284623,0.226385,9.819159,0.007708,0.010986,0.010987,-0.535337,-0.173675,-1.172888,100304.0000
1764076217296489519,2025-11-25 18:40:17.293,0.686949,2.372489,203.946274,0.034365,0.014935,0.979591,0.092712,0.248055,9.797796,-0.000793,-0.007588,0.001840,-0.535809,-0.174124,-1.171429,100307.0000
1764076217396158575,2025-11-25 18:40:17.393,0.661501,2.418400,203.904816,0.037718,0.013448,0.977716,0.365186,-0.012847,9.808210,-0.002966,-0.010255,0.010826,-0.534835,-0.172676,-1.170985,100307.0000
1764076217496610019,2025-11-25 18:40:17.493,0.616574,2.485656,203.866272,0.040658,0.011672,0.975301,0.513532,-0.029110,9.707204,-0.006387,-0.019002,0.009474,-0.534819,-0.169333,-1.171036,100309.0000
1764076217596251278,2025-11-25 18:40:17.593,0.574989,2.541008,203.823761,0.045292,0.011269,0.977203,0.662668,0.440417,9.751315,-0.009734,-0.007091,0.001085,-0.536725,-0.168823,-1.169089,100308.0000
1764076217696146852,2025-11-25 18:40:17.693,0.565571,2.540834,203.787613,0.044794,0.004352,0.976792,0.206750,-0.259775,9.661622,0.010873,0.000404,0.020230,-0.538203,-0.170334,-1.172415,100305.0000
1764076217795628741,2025-11-25 18:40:17.793,0.584706,2.510741,203.741913,0.044045,0.010076,0.978723,0.371657,0.567719,9.682288,-0.003115,0.005595,0.001218,-0.536756,-0.168904,-1.172940,100296.0000
1764076217896244852,2025-11-25 18:40:17.893,0.618614,2.457818,203.691376,0.040886,0.008079,0.978759,0.405329,0.191679,9.919720,0.007678,0.005202,0.015112,-0.534345,-0.169351,-1.172006,100303.0000
1764076217995393926,2025-11-25 18:40:17.993,0.651280,2.415046,203.635315,0.040271,0.013696,0.977679,0.259445,-0.235079,9.707166,0.006159,0.003548,0.008173,-0.535771,-0.168839,-1.170066,100298.0000
1764076218095920333,2025-11-25 18:40:18.092,0.667142,2.402253,203.557068,0.037348,0.014605,0.977952,0.349042,0.306356,9.847265,0.004694,0.001944,0.016961,-0.536734,-0.167431,-1.171037,100301.0000
1764076218196865093,2025-11-25 18:40:18.193,0.666318,2.431317,203.479340,0.037950,0.013469,0.976042,0.213148,0.058817,9.721195,0.005182,-0.008942,0.012953,-0.536259,-0.167916,-1.171517,100300.0000
1764076218295563037,2025-11-25 18:40:18.293,0.648395,2.479080,203.409012,0.041069,0.013072,0.977280,0.453022,-0.175939,9.831991,0.000056,-0.009768,0.016759,-0.537686,-0.165524,-1.171052,100303.0000
1764076218396345685,2025-11-25 18:40:18.393,0.621749,2.514038,203.352615,0.042102,0.014324,0.977045,0.578058,0.106267,9.777869,-0.005623,-0.007720,0.007707,-0.539620,-0.166499,-1.171490,100302.0000
1764076218496240204,2025-11-25 18:40:18.493,0.600026,2.523816,203.297409,0.043747,0.011890,0.978682,0.598471,0.070713,9.750484,-0.003568,0.000452,0.004413,-0.540092,-0.165535,-1.171016,100302.0000
1764076218596253648,2025-11-25 18:40:18.593,0.593180,2.528215,203.233337,0.040533,0.010453,0.977942,0.429603,0.349238,9.909606,0.001977,-0.004090,0.012101,-0.540556,-0.163606,-1.170075,100309.0000
1764076218695939537,2025-11-25 18:40:18.693,0.590349,2.529523,203.163498,0.043990,0.011073,0.978701,0.469129,-0.089256,9.718678,0.001179,-0.001470,0.007326,-0.541999,-0.165025,-1.169069,100295.0000
1764076218795817907,2025-11-25 18:40:18.793,0.588866,2.516912,203.101868,0.043402,0.012581,0.977531,0.407416,0.189008,9.750385,0.003922,0.000994,0.009322,-0.541003,-0.159746,-1.168201,100307.0000
1764076218895308814,2025-11-25 18:40:18.893,0.576571,2.472126,203.024734,0.043956,0.008985,0.978032,0.360028,0.048907,9.769197,-0.001748,0.022519,0.027279,-0.543906,-0.160745,-1.169588,100302.0000
1764076218996125981,2025-11-25 18:40:18.993,0.585182,2.224011,202.833603,0.039988,0.011290,0.981817,0.562707,0.345767,9.810368,0.007577,0.061211,0.037476,-0.539107,-0.157929,-1.173073,100299.0000
1764076219095681666,2025-11-25 18:40:19.093,0.623147,1.740141,202.531342,0.024347,0.012315,0.983341,-0.151352,0.216125,9.832467,0.005739,0.099567,0.058581,-0.536245,-0.152794,-1.179454,100305.0000
1764076219195710536,2025-11-25 18:40:19.193,0.682406,1.039496,202.124115,-0.000070,0.012679,0.984959,-0.526410,-0.036087,9.829371,0.007681,0.136225,0.084179,-0.529572,-0.151047,-1.188730,100307.0000
1764076219295798222,2025-11-25 18:40:19.293,0.757793,0.326593,201.604126,-0.029295,0.020465,0.981295,-0.045357,0.392692,9.939715,0.016967,0.108528,0.087006,-0.528645,-0.143593,-1.198007,100306.0000
1764076219396421888,2025-11-25 18:40:19.393,0.814653,-0.273443,201.060883,-0.045852,0.024131,0.981176,-0.683835,0.644816,10.053050,0.004436,0.096253,0.092895,-0.521936,-0.141276,-1.202957,100306.0000
1764076219496095166,2025-11-25 18:40:19.493,0.846559,-0.950721,200.443604,-0.068334,0.025834,0.984085,-0.662198,2.144443,9.974274,-0.010691,0.156131,0.112446,-0.520045,-0.134286,-1.211760,100309.0000
1764076219595306444,2025-11-25 18:40:19.592,0.819925,-1.802866,199.508392,-0.127663,0.021915,0.971130,-1.657018,0.008610,9.871361,0.001749,0.148042,0.208636,-0.515280,-0.123543,-1.224515,100300.0000
1764076219696209684,2025-11-25 18:40:19.693,0.685194,-2.275898,198.361496,-0.157062,0.032559,0.970226,-0.875388,2.102560,10.394359,-0.046957,0.020776,0.203838,-0.514769,-0.104607,-1.232999,100307.0000
1764076219795667869,2025-11-25 18:40:19.793,0.576081,-2.077708,197.235855,-0.144192,0.013489,0.970495,-1.622619,1.050608,9.329757,-0.013752,-0.059802,0.208227,-0.516592,-0.091149,-1.228843,100299.0000
1764076219895942943,2025-11-25 18:40:19.893,0.511899,-1.577538,196.105408,-0.128372,0.013610,0.972409,-0.829081,-1.221102,9.846793,0.005931,-0.105045,0.162500,-0.525622,-0.074867,-1.225106,100307.0000
1764076219995600017,2025-11-25 18:40:19.993,0.532846,-0.800743,194.886261,-0.102144,0.003612,0.959399,0.142287,0.069385,9.444797,0.000197,-0.156377,0.261243,-0.537998,-0.062788,-1.215958,100305.0000
1764076220096034036,2025-11-25 18:40:20.093,0.584080,0.029174,193.576202,-0.061650,0.021930,0.968429,-1.009360,1.071414,9.752137,-0.014092,-0.145217,0.215906,-0.550342,-0.046379,-1.205431,100304.0000
1764076220195558628,2025-11-25 18:40:20.193,0.588212,0.646828,192.158569,-0.024325,0.001500,0.976045,-0.493995,-1.601366,10.026356,0.013376,-0.094506,0.266069,-0.560735,-0.024706,-1.195014,100309.0000
1764076220295510647,2025-11-25 18:40:20.293,0.519745,0.913772,190.690735,-0.002534,0.026653,0.977826,-0.242889,1.291111,9.810493,0.000744,-0.016445,0.269710,-0.566881,-0.006064,-1.193281,100301.0000
1764076220395286202,2025-11-25 18:40:20.392,0.372881,0.870897,189.225067,0.001279,0.018745,0.982431,0.710486,-0.021943,9.913293,-0.014511,0.032002,0.238885,-0.565328,0.013558,-1.192159,100306.0000
1764076220495370869,2025-11-25 18:40:20.493,0.252819,0.585449,187.682907,-0.005516,0.000256,0.988358,-0.028039,-0.947506,9.953406,-0.003125,0.088720,0.299433,-0.569577,0.034495,-1.195306,100302.0000
1764076220595342980,2025-11-25 18:40:20.593,0.233699,-0.021595,185.846313,-0.021907,-0.009805,0.990626,-0.200146,0.268267,9.551291,0.016250,0.120514,0.350202,-0.562304,0.058715,-1.203969,100309.0000
1764076220695942054,2025-11-25 18:40:20.693,0.328257,-0.529107,183.794525,-0.055876,-0.001699,0.983869,-0.687790,0.091219,9.709000,-0.001111,0.049634,0.340843,-0.556912,0.085397,-1.208790,100306.0000
1764076220795838369,2025-11-25 18:40:20.793,0.457545,-0.444994,181.666794,-0.061261,-0.007712,0.975300,-0.812383,-0.548164,9.663157,0.027011,-0.053973,0.378930,-0.560151,0.109764,-1.208151,100304.0000
1764076220895740517,2025-11-25 18:40:20.893,0.526335,0.063704,179.450851,-0.035133,0.006251,0.971349,-0.298523,0.698068,9.592232,0.001856,-0.113367,0.400044,-0.565723,0.139497,-1.201780,100309.0000
1764076220995792795,2025-11-25 18:40:20.993,0.494873,0.633716,177.193115,0.003339,0.010566,0.970577,0.436024,-0.056195,9.685211,-0.012510,-0.083534,0.394470,-0.565056,0.169685,-1.197916,100302.0000
1764076221095630424,2025-11-25 18:40:21.092,0.427853,0.959641,174.976791,0.026364,0.003455,0.976011,0.301364,-0.118506,9.898833,0.000191,-0.024404,0.382790,-0.567257,0.198497,-1.190618,100311.0000
1764076221196187628,2025-11-25 18:40:21.193,0.393592,0.941480,172.853348,0.031733,0.003648,0.980294,0.613947,0.303073,9.830588,-0.001236,0.032421,0.366058,-0.562303,0.226235,-1.190632,100308.0000
1764076221295698517,2025-11-25 18:40:21.293,0.425015,0.636092,170.800705,0.020996,0.001190,0.983874,-0.216151,-0.133316,9.823000,0.021969,0.084848,0.358579,-0.555488,0.252872,-1.197882,100299.0000
1764076221395888406,2025-11-25 18:40:21.393,0.511845,0.139895,168.723434,-0.001602,0.001678,0.983858,-0.071314,-0.682323,9.810397,0.022631,0.079569,0.354434,-0.545767,0.278629,-1.202270,100300.0000
1764076221496213109,2025-11-25 18:40:21.493,0.596217,-0.106369,166.656982,-0.027879,0.007822,0.976171,-0.399687,-0.001185,9.705132,0.017280,0.013661,0.370216,-0.532661,0.302560,-1.203310,100304.0000
1764076221595822109,2025-11-25 18:40:21.593,0.620678,0.014689,164.613892,-0.030733,0.012783,0.975040,-0.231841,0.224902,9.790337,-0.000335,-0.045682,0.352108,-0.527733,0.328814,-1.205709,100311.0000
1764076221696582257,2025-11-25 18:40:21.693,0.577598,0.398977,162.630936,-0.015299,0.008922,0.973754,-0.224689,-0.305665,9.796777,-0.004059,-0.081755,0.342974,-0.525142,0.353827,-1.198423,100304.0000
1764076221796244702,2025-11-25 18:40:21.793,0.516259,0.815025,160.726883,0.011907,0.005401,0.975873,0.229206,-0.492412,9.911918,0.001122,-0.065219,0.329560,-0.517769,0.376422,-1.193579,100302.0000
1764076221896198590,2025-11-25 18:40:21.893,0.491845,1.070448,158.875061,0.029956,0.003155,0.980302,0.216726,0.029188,9.908135,0.003851,-0.022965,0.318217,-0.511377,0.400853,-1.192120,100301.0000
1764076221995364794,2025-11-25 18:40:21.992,0.543674,1.123390,157.083939,0.036131,0.002081,0.982958,0.488138,-0.190454,9.904224,0.023894,0.008522,0.302418,-0.503080,0.421470,-1.190630,100299.0000
1764076222095386405,2025-11-25 18:40:22.092,0.635069,1.017749,155.385208,0.031713,0.007486,0.983266,0.222797,0.150495,9.833748,0.017088,0.032813,0.286437,-0.490009,0.439650,-1.192544,100300.0000
1764076222196177109,2025-11-25 18:40:22.193,0.696118,0.809456,153.826797,0.023884,0.014921,0.981318,0.158738,0.180510,9.813230,0.009979,0.045421,0.259607,-0.478876,0.459203,-1.196859,100311.0000
1764076222296337535,2025-11-25 18:40:22.293,0.667913,0.582633,152.428253,0.010492,0.018097,0.976161,-0.145173,0.401346,9.702600,-0.007813,0.026640,0.233994,-0.468713,0.474015,-1.199161,100304.0000
1764076222395813775,2025-11-25 18:40:22.393,0.569253,0.526212,151.180832,0.001491,0.014592,0.972225,-0.128455,0.192225,9.705122,-0.017975,-0.012744,0.214950,-0.459483,0.490318,-1.198582,100302.0000
1764076222495668868,2025-11-25 18:40:22.493,0.444282,0.766778,150.082855,0.003387,0.010122,0.966845,0.713500,-0.264977,9.890237,-0.013873,-0.099619,0.169775,-0.454116,0.501379,-1.196422,100308.0000
1764076222596044794,2025-11-25 18:40:22.593,0.363481,1.687631,135.827942,0.030080,0.006046,0.966282,0.700157,-0.242560,9.521560,-0.007650,-0.211486,0.102634,-0.455431,0.510195,-1.185943,100307.0000
1764076222695743257,2025-11-25 18:40:22.693,0.414149,2.977854,120.412712,0.093103,-0.001967,0.974920,1.176674,0.109010,9.776115,0.026322,-0.221294,0.057499,-0.465397,0.513342,-1.170433,100301.0000
1764076222796475775,2025-11-25 18:40:22.793,0.598227,4.004076,115.644569,0.151649,0.004126,0.983910,1.917059,0.162196,9.929258,0.036324,-0.116047,0.036650,-0.472021,0.519736,-1.160319,100301.0000
1764076222895576997,2025-11-25 18:40:22.893,0.817902,4.349095,115.442383,0.179581,0.017538,0.980406,2.048943,0.693322,9.918116,0.038340,-0.017529,0.045709,-0.475871,0.516416,-1.158286,100301.0000
1764076222995377479,2025-11-25 18:40:22.993,0.958628,4.342589,115.051941,0.180657,0.024364,0.972688,1.933600,-0.193038,9.759368,0.021322,0.025822,0.086812,-0.472989,0.520189,-1.161275,100307.0000
1764076223096498238,2025-11-25 18:40:23.093,0.959518,4.092812,114.448975,0.175088,0.032183,0.971188,1.530055,0.038760,9.882568,0.003405,0.069818,0.129012,-0.466713,0.527341,-1.163403,100303.0000
1764076223195851997,2025-11-25 18:40:23.193,0.835997,3.607167,113.840462,0.154024,0.034588,0.966301,1.807327,-0.335376,9.653191,-0.024748,0.087075,0.093213,-0.456603,0.534003,-1.167025,100305.0000
1764076223296065997,2025-11-25 18:40:23.293,0.692836,3.111848,113.229706,0.128723,0.019972,0.965304,1.227695,0.156253,9.785856,-0.015613,0.071461,0.119325,-0.445998,0.542587,-1.170201,100301.0000
1764076223395718182,2025-11-25 18:40:23.393,0.627808,2.813242,112.594475,0.108815,0.019065,0.969824,1.232533,-0.111477,9.626751,0.002714,0.029907,0.098000,-0.439278,0.547760,-1.175677,100305.0000
1764076223496256404,2025-11-25 18:40:23.493,0.682112,2.803787,111.952003,0.093654,0.016862,0.971140,0.859140,0.364553,9.542091,0.022434,-0.027416,0.104498,-0.435396,0.553520,-1.175340,100313.0000
1764076223596135960,2025-11-25 18:40:23.593,0.812117,3.105015,111.379456,0.097235,0.025373,0.973979,1.051876,0.388638,9.763268,0.029289,-0.074041,0.088011,-0.432942,0.560259,-1.173553,100307.0000
1764076223696977145,2025-11-25 18:40:23.693,0.906794,3.596179,110.929596,0.114436,0.034916,0.972582,1.356031,1.048482,9.753647,0.017906,-0.091482,0.069899,-0.433867,0.562236,-1.170198,100302.0000
1764076223796062663,2025-11-25 18:40:23.793,0.889984,3.887473,110.577965,0.133837,0.033808,0.977545,1.262620,0.422075,9.760045,-0.009479,-0.011310,0.058280,-0.435277,0.567505,-1.169294,100297.0000
1764076223896122256,2025-11-25 18:40:23.893,0.757748,3.650062,110.279968,0.131936,0.029543,0.977150,1.436671,-0.034846,10.065908,-0.021928,0.087509,0.044024,-0.428518,0.571367,-1.168971,100301.0000
1764076223995762108,2025-11-25 18:40:23.993,0.581960,2.989370,110.033897,0.098521,0.020619,0.975562,0.399127,0.097654,9.606532,-0.028912,0.137728,0.031644,-0.424717,0.573142,-1.176278,100301.0000
1764076224096212478,2025-11-25 18:40:24.093,0.451461,2.227448,109.842773,0.057029,0.009553,0.977956,0.211396,0.400059,9.701327,-0.007055,0.124787,0.024419,-0.415087,0.579801,-1.179892,100306.0000
1764076224196241404,2025-11-25 18:40:24.193,0.434512,1.704263,109.707558,0.021128,0.004734,0.978812,-0.011056,-0.150981,9.757339,0.012911,0.060246,0.010539,-0.408420,0.579181,-1.188168,100301.0000
1764076224295676367,2025-11-25 18:40:24.293,0.526100,1.585362,109.588943,0.008825,0.005618,0.977861,0.195645,0.221242,9.812654,0.021294,-0.008419,0.018245,-0.406496,0.578244,-1.187701,100298.0000
1764076224395833589,2025-11-25 18:40:24.393,0.655780,1.794659,109.481216,0.018504,0.017376,0.975763,0.063105,0.292938,9.739177,0.019731,-0.055671,0.015402,-0.407941,0.581063,-1.189649,100299.0000
1764076224496250256,2025-11-25 18:40:24.493,0.741983,2.108829,109.409073,0.041351,0.021926,0.976013,0.582821,0.419608,9.836867,0.014621,-0.054424,0.008844,-0.409861,0.577294,-1.186673,100300.0000
1764076224596561978,2025-11-25 18:40:24.593,0.758350,2.285838,109.355141,0.061369,0.022445,0.977765,0.627640,0.068655,9.736975,-0.006930,-0.006020,0.011755,-0.412238,0.576887,-1.182780,100307.0000
1764076224695331848,2025-11-25 18:40:24.692,0.717176,2.210650,109.297874,0.065270,0.019651,0.980158,0.524265,0.000426,9.693831,-0.008635,0.035679,0.008935,-0.410304,0.578806,-1.182837,100293.0000
1764076224795954181,2025-11-25 18:40:24.793,0.651836,1.902283,109.227196,0.054228,0.014640,0.981312,0.561402,0.359314,9.814618,-0.013686,0.067342,0.013636,-0.407420,0.582112,-1.185338,100302.0000
1764076224896219866,2025-11-25 18:40:24.893,0.593005,1.535684,109.164383,0.033069,0.010900,0.979198,0.217817,-0.157622,9.705668,-0.009522,0.055965,0.002560,-0.400722,0.582040,-1.190252,100303.0000
1764076224995527070,2025-11-25 18:40:24.993,0.572200,1.288353,109.099319,0.015020,0.006635,0.977703,-0.038156,0.111169,9.686249,0.001219,0.027440,0.005973,-0.400244,0.582977,-1.191236,100303.0000
1764076225096248588,2025-11-25 18:40:25.093,0.578121,1.264013,109.048035,0.008062,0.007791,0.975209,-0.175345,-0.099230,9.890143,0.006585,-0.014453,0.009744,-0.399779,0.580581,-1.191688,100300.0000
1764076225196527514,2025-11-25 18:40:25.193,0.598704,1.450030,108.996979,0.011888,0.014745,0.974186,0.377331,0.460895,9.735956,0.008169,-0.045880,0.012492,-0.402635,0.582062,-1.188779,100298.0000
1764076225295851459,2025-11-25 18:40:25.293,0.596151,1.748014,108.949089,0.025535,0.013592,0.975908,0.258420,-0.625513,9.692840,-0.009361,-0.049796,0.004280,-0.405028,0.583972,-1.188291,100305.0000
1764076225395613144,2025-11-25 18:40:25.393,0.559609,2.004791,108.885048,0.038948,0.010340,0.979295,0.367520,-0.266376,9.949771,0.003954,-0.042801,0.021843,-0.405976,0.582118,-1.185360,100297.0000
1764076225496674440,2025-11-25 18:40:25.493,0.509246,2.146308,108.810249,0.049684,0.013747,0.979065,0.746446,0.725993,9.647061,-0.008517,-0.009707,0.008994,-0.404984,0.585030,-1.183492,100301.0000
1764076225596292662,2025-11-25 18:40:25.593,0.482511,2.156025,108.739273,0.048455,0.009365,0.977593,0.670914,0.434364,9.702313,-0.005254,0.006529,0.008070,-0.405935,0.585056,-1.182034,100297.0000
1764076225696277699,2025-11-25 18:40:25.693,0.497919,2.056383,108.667076,0.044943,0.006700,0.979596,0.271730,-0.123368,9.840409,0.001075,0.026179,0.002099,-0.404967,0.585548,-1.181574,100303.0000
1764076225795330866,2025-11-25 18:40:25.792,0.542574,1.950796,108.582413,0.036569,0.009565,0.978720,0.436385,-0.126325,10.027148,0.007073,0.015498,0.010474,-0.404027,0.585491,-1.184476,100299.0000
1764076225895917384,2025-11-25 18:40:25.893,0.587253,1.906294,108.487465,0.032671,0.013042,0.977375,0.063100,-0.056242,9.763372,0.008334,-0.000382,0.014081,-0.403557,0.584050,-1.184943,100295.0000
1764076225995958736,2025-11-25 18:40:25.993,0.605536,1.924756,108.380981,0.033146,0.015126,0.977065,0.277700,-0.138372,9.775841,0.004900,-0.008027,0.025335,-0.404979,0.588342,-1.184988,100304.0000
1764076226095727940,2025-11-25 18:40:26.093,0.589487,1.984561,108.254608,0.034306,0.015476,0.976755,0.353812,0.410420,9.787705,0.003529,-0.015229,0.026646,-0.402569,0.586951,-1.183557,100301.0000
1764076226196090069,2025-11-25 18:40:26.193,0.555106,2.036057,108.118721,0.040199,0.014472,0.978829,0.581794,0.433702,9.817228,-0.006836,-0.003565,0.026276,-0.402559,0.587449,-1.182601,100305.0000
1764076226295321680,2025-11-25 18:40:26.293,0.524642,2.020842,107.972122,0.041843,0.011921,0.977607,0.485473,0.415922,9.614519,-0.000018,0.004433,0.017020,-0.401114,0.590759,-1.184600,100303.0000
1764076226395552884,2025-11-25 18:40:26.393,0.512612,1.954597,107.813416,0.042121,0.009962,0.978832,0.383528,-0.017067,9.698216,-0.003792,0.019220,0.026044,-0.398702,0.591257,-1.184161,100298.0000
1764076226495980495,2025-11-25 18:40:26.493,0.522635,1.841872,107.656891,0.037737,0.011913,0.978409,0.176742,-0.249180,9.731042,0.001532,0.019619,0.017372,-0.397265,0.593134,-1.186137,100303.0000
1764076226595718421,2025-11-25 18:40:26.593,0.545197,1.771866,107.491333,0.030615,0.009569,0.978057,0.249409,-0.191359,9.901192,0.006472,0.007266,0.036177,-0.394379,0.593614,-1.186669,100305.0000
1764076226696049217,2025-11-25 18:40:26.693,0.562985,1.766195,107.309868,0.030406,0.010601,0.979165,0.263374,-0.185329,9.922541,0.005611,-0.003660,0.027786,-0.391945,0.594642,-1.183830,100309.0000
1764076226795975532,2025-11-25 18:40:26.793,0.581799,1.807381,107.120445,0.031663,0.013170,0.978810,0.432831,0.541354,9.785453,0.009487,-0.011669,0.031751,-0.392439,0.597434,-1.187237,100302.0000
1764076226896032217,2025-11-25 18:40:26.893,0.598993,1.860737,106.924225,0.035302,0.015080,0.978135,0.579544,0.323193,9.681955,0.002538,-0.009664,0.027279,-0.392916,0.598387,-1.187244,100307.0000
1764076226995481791,2025-11-25 18:40:26.993,0.600159,1.909535,106.731567,0.038933,0.017822,0.975928,0.432063,-0.222690,9.677157,-0.002041,-0.004831,0.024738,-0.389067,0.599817,-1.188286,100298.0000
1764076227096305291,2025-11-25 18:40:27.093,0.578588,1.932533,106.571068,0.038688,0.012106,0.977657,0.445116,-0.271936,10.073540,0.001971,-0.003674,0.035151,-0.387599,0.601775,-1.186411,100298.0000
1764076227196367032,2025-11-25 18:40:27.193,0.550817,1.919835,106.415886,0.041678,0.013364,0.977125,0.632424,0.545463,9.690476,-0.000318,-0.000158,0.028298,-0.388053,0.603257,-1.184020,100307.0000
1764076227295307735,2025-11-25 18:40:27.293,0.547536,1.902500,106.261368,0.040148,0.012588,0.977828,0.497101,0.319709,9.680992,-0.003617,0.000759,0.014019,-0.388549,0.606517,-1.187914,100300.0000
1764076227395991328,2025-11-25 18:40:27.393,0.565866,1.896725,106.107605,0.038401,0.010101,0.979017,0.223363,-0.374799,9.781268,0.003648,0.006178,0.028655,-0.384697,0.603242,-1.185513,100303.0000
1764076227496187087,2025-11-25 18:40:27.493,0.586030,1.874186,105.954277,0.040394,0.012840,0.979879,0.180415,-0.196429,9.855100,0.008001,0.005421,0.025784,-0.385634,0.608959,-1.186068,100306.0000
1764076227596169143,2025-11-25 18:40:27.593,0.568833,1.849090,105.806335,0.035771,0.017675,0.977046,0.463818,0.593503,9.753619,-0.008972,0.001126,0.022940,-0.385141,0.609937,-1.185127,100307.0000
1764076227695845402,2025-11-25 18:40:27.693,0.521525,1.837814,105.656822,0.035194,0.014962,0.975940,0.280176,0.092507,9.649811,-0.010130,-0.005947,0.012859,-0.382759,0.608941,-1.187555,100303.0000
1764076227795336439,2025-11-25 18:40:27.793,0.489401,1.843060,105.508026,0.033396,0.005257,0.978329,0.281194,-0.200831,10.006831,-0.002205,-0.007916,0.026100,-0.381297,0.610411,-1.186154,100301.0000
1764076227895931439,2025-11-25 18:40:27.893,0.498488,1.866077,105.373878,0.035346,0.009271,0.979869,0.562766,0.417924,9.723921,0.006589,-0.007465,0.020846,-0.380326,0.611381,-1.185702,100307.0000
1764076227995308309,2025-11-25 18:40:27.993,0.539568,1.898389,105.253143,0.039427,0.012934,0.977335,0.556057,0.229747,9.671495,0.000406,-0.001933,0.011011,-0.378888,0.611845,-1.186693,100311.0000
1764076228095655624,2025-11-25 18:40:28.092,0.571863,1.906233,105.151184,0.037031,0.009742,0.977484,0.170092,-0.172031,9.979186,0.013176,-0.003453,0.022342,-0.377916,0.612347,-1.185752,100302.0000
1764076228195995550,2025-11-25 18:40:28.193,0.575790,1.908864,105.065567,0.037487,0.017680,0.975840,0.461782,0.759572,9.621814,-0.000971,-0.002554,0.012258,-0.379359,0.613754,-1.186715,100300.0000
1764076228295883383,2025-11-25 18:40:28.293,0.550600,1.946735,105.011986,0.031860,0.011430,0.976495,0.199048,-0.430251,9.842146,-0.002264,-0.014721,0.010989,-0.381734,0.616182,-1.184310,100300.0000
1764076228395640679,2025-11-25 18:40:28.393,0.545354,2.050101,104.915901,0.026095,0.010539,0.981696,0.165469,0.280473,9.907313,0.004741,-0.021721,0.009405,-0.377886,0.616667,-1.184855,100301.0000
1764076228495560494,2025-11-25 18:40:28.493,0.571639,2.172020,104.802734,0.037400,0.006713,0.980343,0.495567,0.047261,10.063474,0.014562,-0.022269,0.025028,-0.377892,0.616179,-1.185329,100303.0000
1764076228596089383,2025-11-25 18:40:28.593,0.600354,2.225846,104.705734,0.049902,0.016850,0.977540,0.643580,0.305762,9.940515,0.004394,-0.004371,0.000213,-0.376900,0.617678,-1.182477,100296.0000
1764076228696125012,2025-11-25 18:40:28.693,0.614002,2.185060,104.642212,0.052531,0.013070,0.976433,0.636090,0.045143,9.857791,0.001835,0.016930,0.006124,-0.377416,0.615226,-1.185322,100301.0000
1764076228795781475,2025-11-25 18:40:28.793,0.614135,2.081487,104.591782,0.048990,0.013450,0.977177,0.519588,0.443101,9.961028,-0.001754,0.025285,0.001846,-0.375957,0.616686,-1.184402,100299.0000
1764076228895998883,2025-11-25 18:40:28.893,0.591566,1.943748,104.564072,0.043681,0.012326,0.975513,0.298126,-0.186863,9.787457,-0.001066,0.030088,0.000749,-0.374543,0.614731,-1.186801,100301.0000
1764076228995311234,2025-11-25 18:40:28.992,0.550876,1.835217,104.556595,0.035660,0.014471,0.976524,0.137689,0.292620,9.726680,-0.015602,0.010556,-0.008789,-0.374537,0.616631,-1.187312,100303.0000
1764076229095363864,2025-11-25 18:40:29.092,0.507155,1.817058,104.553574,0.031260,0.007884,0.977798,0.274390,0.205674,9.712909,-0.000222,-0.007533,0.005549,-0.374511,0.618115,-1.184927,100292.0000
1764076229195611234,2025-11-25 18:40:29.193,0.480432,1.876760,104.530968,0.033210,0.005338,0.978658,0.126374,-0.337106,9.721899,-0.001885,-0.014656,0.005648,-0.375937,0.620040,-1.183972,100303.0000
1764076229296040697,2025-11-25 18:40:29.293,0.482188,1.961634,104.495041,0.037153,0.007675,0.979487,0.130232,0.184960,9.521513,0.007202,-0.021240,0.000956,-0.374512,0.617170,-1.184431,100299.0000
1764076229395955049,2025-11-25 18:40:29.393,0.511699,2.057110,104.460426,0.034771,0.011372,0.976963,0.008160,0.805257,9.965421,-0.002137,-0.020217,-0.007167,-0.376446,0.616663,-1.185358,100308.0000
1764076229495934845,2025-11-25 18:40:29.493,0.562688,2.051992,104.444908,0.025756,0.014394,0.972905,1.797393,0.514010,10.591940,-0.002462,-0.008870,-0.028369,-0.375961,0.615263,-1.183899,100299.0000
1764076229595958549,2025-11-25 18:40:29.593,0.551277,2.028627,104.394951,0.022923,0.016756,0.976363,1.036090,-0.413300,9.795897,-0.015806,-0.005730,0.008223,-0.376896,0.619101,-1.182981,100299.0000
1764076229696076456,2025-11-25 18:40:29.693,0.481470,2.159402,104.331909,0.045404,0.014361,0.986459,0.162946,1.168995,9.791158,-0.015468,-0.022824,-0.005499,-0.377372,0.618641,-1.182003,100302.0000
1764076229796187123,2025-11-25 18:40:29.793,0.429035,2.392970,104.353600,0.062775,0.002653,0.985172,0.159811,0.304692,9.502621,-0.008687,-0.031024,-0.016627,-0.378780,0.619672,-1.178145,100307.0000
1764076229895941900,2025-11-25 18:40:29.893,0.441168,2.507790,104.424629,0.071450,0.002514,0.980030,0.789408,0.159526,9.589078,0.005310,-0.009995,-0.013236,-0.380242,0.615844,-1.178066,100303.0000
1764076229995639715,2025-11-25 18:40:29.993,0.507364,2.424742,104.490051,0.070827,0.004287,0.973746,0.854040,0.042693,9.701181,0.014335,0.033996,-0.007834,-0.383137,0.615810,-1.178986,100303.0000
1764076230096062641,2025-11-25 18:40:30.092,0.578582,2.182946,104.550720,0.057686,0.008354,0.969740,0.091998,-0.287346,9.681093,0.021228,0.053760,-0.003907,-0.379807,0.616669,-1.184345,100300.0000
1764076230196065067,2025-11-25 18:40:30.193,0.606090,1.904315,104.611160,0.037832,0.017160,0.972185,0.135818,0.303665,9.631866,-0.002624,0.037820,-0.024345,-0.375019,0.614271,-1.185824,100305.0000
1764076230296096363,2025-11-25 18:40:30.293,0.571184,1.754290,104.640366,0.026451,0.010299,0.974632,0.089254,0.136863,9.753183,-0.002707,0.003065,0.005640,-0.374558,0.613277,-1.187742,100305.0000
1764076230396451271,2025-11-25 18:40:30.393,0.506355,1.762485,104.646515,0.026659,0.013755,0.980806,0.412531,0.008721,9.845005,-0.014946,-0.014694,-0.011495,-0.377920,0.611392,-1.185737,100303.0000
1764076230496249733,2025-11-25 18:40:30.493,0.453689,1.909637,104.651703,0.028667,0.006689,0.982224,0.430008,0.181877,9.869657,-0.002469,-0.031308,0.001017,-0.379351,0.614719,-1.186248,100299.0000
1764076230596256937,2025-11-25 18:40:30.593,0.427072,2.117356,104.667671,0.039745,0.006025,0.980932,0.311462,-0.119179,9.887673,-0.000502,-0.031402,-0.008021,-0.384638,0.614238,-1.185200,100306.0000
1764076230696188974,2025-11-25 18:40:30.693,0.437136,2.278811,104.683037,0.052905,0.005121,0.979558,0.683833,-0.040770,9.804173,0.006410,-0.018410,-0.006299,-0.382208,0.613843,-1.181859,100301.0000
1764076230795897326,2025-11-25 18:40:30.793,0.482695,2.299810,104.713509,0.058543,0.007403,0.976902,0.464575,0.191333,9.670883,0.011775,0.009527,-0.010189,-0.382690,0.612895,-1.181356,100303.0000
1764076230895954252,2025-11-25 18:40:30.893,0.540502,2.165985,104.755997,0.054741,0.008947,0.975534,0.252037,0.237188,9.890632,0.012277,0.028317,-0.002766,-0.384622,0.612867,-1.182290,100309.0000
1764076230996605048,2025-11-25 18:40:30.993,0.581327,1.962722,104.802673,0.042925,0.012737,0.974981,0.362083,0.104414,9.689157,0.000691,0.028635,-0.015174,-0.380794,0.610942,-1.183762,100302.0000
1764076231095564826,2025-11-25 18:40:31.092,0.597663,1.812530,104.837524,0.033127,0.011999,0.978115,0.434471,0.099939,9.872510,0.002460,0.017330,-0.005787,-0.379864,0.608975,-1.186635,100301.0000
1764076231196843363,2025-11-25 18:40:31.193,0.583555,1.768049,104.867386,0.028813,0.013558,0.980235,0.314199,-0.338190,9.728099,-0.004801,0.002052,-0.015605,-0.380356,0.608475,-1.187583,100303.0000
1764076231295526844,2025-11-25 18:40:31.293,0.549510,1.819467,104.881828,0.028617,0.011760,0.980416,0.383099,0.185341,9.836554,-0.002669,-0.015242,-0.007488,-0.381779,0.610877,-1.186636,100301.0000
1764076231396105437,2025-11-25 18:40:31.393,0.514603,1.927283,104.885384,0.036388,0.009759,0.978378,0.411129,0.270061,9.783270,0.001263,-0.017813,-0.000496,-0.382745,0.609449,-1.186118,100301.0000
1764076231496195992,2025-11-25 18:40:31.493,0.490414,2.036131,104.909241,0.040589,0.010539,0.974909,0.415691,0.070976,9.700732,-0.006226,-0.016531,-0.009939,-0.386573,0.609016,-1.183166,100304.0000
1764076231595311418,2025-11-25 18:40:31.593,0.487290,2.107285,104.939713,0.045022,0.005510,0.974981,0.628392,-0.085877,9.773321,0.009470,-0.007326,-0.007474,-0.387073,0.607550,-1.184581,100302.0000
1764076231695801529,2025-11-25 18:40:31.693,0.503629,2.125857,104.968742,0.048594,0.008132,0.976711,0.367041,0.072115,9.719183,0.002877,0.007164,-0.007285,-0.385132,0.608545,-1.183180,100301.0000
1764076231795893196,2025-11-25 18:40:31.793,0.531408,2.084880,105.001602,0.046175,0.011347,0.978318,0.471148,0.172863,9.806187,0.007129,0.005060,-0.009231,-0.387060,0.607113,-1.182648,100301.0000
1764076231895966010,2025-11-25 18:40:31.893,0.554057,2.030870,105.042435,0.041821,0.011861,0.979847,0.290779,0.337582,9.606633,-0.005389,0.004232,-0.015431,-0.386586,0.608040,-1.184114,100306.0000
1764076231995338121,2025-11-25 18:40:31.992,0.562691,2.022210,105.077019,0.040292,0.010570,0.979210,0.220329,0.066835,9.578493,-0.002713,0.002363,0.000675,-0.389959,0.607070,-1.184050,100301.0000
1764076232095705621,2025-11-25 18:40:32.093,0.552370,2.032357,105.103249,0.039969,0.012151,0.978312,0.301869,0.096192,9.881561,-0.000495,-0.005324,-0.005466,-0.387079,0.605650,-1.184070,100301.0000
1764076232195969844,2025-11-25 18:40:32.193,0.529929,2.039915,105.115250,0.043408,0.012384,0.977105,0.336097,-0.000346,9.597739,-0.010624,-0.002793,-0.001489,-0.387557,0.607071,-1.184566,100305.0000
1764076232296239214,2025-11-25 18:40:32.293,0.502125,2.040598,105.122307,0.042469,0.011218,0.976469,0.490635,0.420973,9.838543,-0.005264,-0.000349,-0.003935,-0.387055,0.608069,-1.182663,100296.0000
1764076232395742325,2025-11-25 18:40:32.393,0.477995,2.049812,105.148071,0.039738,0.006150,0.976913,0.301086,-0.124607,9.784000,-0.003105,-0.009542,-0.001641,-0.388521,0.605176,-1.183560,100307.0000
1764076232496357417,2025-11-25 18:40:32.493,0.481302,2.086235,105.169502,0.043698,0.005468,0.978112,0.421482,-0.067471,9.756319,0.003912,-0.012591,-0.005951,-0.388026,0.605686,-1.182130,100298.0000
1764076232596203084,2025-11-25 18:40:32.593,0.517697,2.099231,105.150528,0.047699,0.007657,0.980436,0.567385,0.074109,9.866108,0.007723,0.007789,0.000199,-0.390447,0.604222,-1.183036,100306.0000
1764076232695802436,2025-11-25 18:40:32.693,0.569997,2.070966,105.106056,0.046431,0.011759,0.977570,0.679997,0.349781,9.920264,0.016293,0.007425,0.001213,-0.388997,0.604716,-1.182583,100296.0000
1764076232795585677,2025-11-25 18:40:32.793,0.605169,1.998270,105.073570,0.041166,0.014755,0.975527,0.152157,-0.241263,9.682922,0.003081,0.013626,0.005249,-0.391909,0.604164,-1.185421,100307.0000
1764076232896007769,2025-11-25 18:40:32.893,0.601954,1.947384,105.069679,0.036586,0.017684,0.977125,0.201267,0.128309,9.746621,-0.005293,0.004548,-0.010312,-0.387091,0.604674,-1.185018,100299.0000
1764076232995312732,2025-11-25 18:40:32.993,0.574201,1.965850,105.071053,0.037018,0.013412,0.978498,0.578028,0.541268,9.762592,-0.004381,-0.012315,0.002419,-0.387566,0.607518,-1.186018,100305.0000
1764076233095949158,2025-11-25 18:40:33.093,0.535522,2.020662,105.076744,0.040373,0.010808,0.977036,0.366032,0.231585,9.810053,-0.002299,-0.013787,0.003095,-0.389007,0.606576,-1.185019,100303.0000
1764076233195681769,2025-11-25 18:40:33.193,0.501930,2.074134,105.105629,0.044271,0.011720,0.976789,0.377539,0.080705,9.590475,-0.003806,-0.012100,-0.011502,-0.389965,0.606582,-1.184523,100299.0000
1764076233295748491,2025-11-25 18:40:33.293,0.480390,2.125609,105.165199,0.045108,0.005173,0.977450,0.409079,0.053220,9.758984,-0.004645,-0.005021,-0.016037,-0.389470,0.604735,-1.181613,100303.0000
1764076233395765824,2025-11-25 18:40:33.393,0.492817,2.164979,105.212265,0.047588,0.003263,0.978335,0.950448,0.346582,9.973028,0.013838,-0.000799,-0.002892,-0.391413,0.604207,-1.183503,100296.0000
1764076233496117158,2025-11-25 18:40:33.493,0.530795,2.151997,105.222382,0.049788,0.009833,0.978254,0.564299,-0.144081,9.808941,0.010280,0.010763,-0.004331,-0.390913,0.603315,-1.180607,100307.0000
1764076233596892065,2025-11-25 18:40:33.593,0.558858,2.077899,105.203865,0.047618,0.014607,0.978837,0.389051,0.429680,9.632963,-0.000941,0.018221,-0.002207,-0.390942,0.603711,-1.184465,100299.0000
1764076233696320583,2025-11-25 18:40:33.693,0.551381,1.987382,105.206215,0.039176,0.012571,0.977099,0.053498,-0.059785,9.670846,0.001805,0.009430,0.002832,-0.390937,0.602309,-1.182999,100303.0000
1764076233796047120,2025-11-25 18:40:33.793,0.507267,1.944959,105.227966,0.035652,0.012232,0.977891,0.624997,-0.028906,9.819494,-0.010715,-0.003117,-0.002212,-0.389988,0.602750,-1.184946,100309.0000
1764076233895360546,2025-11-25 18:40:33.893,0.478680,1.955703,105.232559,0.039452,0.007933,0.977956,0.468735,0.180787,9.786839,0.000573,-0.003741,0.001385,-0.390942,0.605124,-1.185450,100301.0000
1764076233995861583,2025-11-25 18:40:33.993,0.484968,1.978309,105.215691,0.042466,0.008547,0.977468,0.210336,-0.186046,9.686497,0.002594,0.001303,-0.001708,-0.390945,0.602289,-1.183962,100300.0000
1764076234095836916,2025-11-25 18:40:34.092,0.507120,1.978384,105.210419,0.039235,0.011009,0.977314,0.109695,0.275918,9.633206,0.000744,-0.002552,-0.001831,-0.390464,0.603703,-1.184954,100307.0000
1764076234195941898,2025-11-25 18:40:34.193,0.525914,2.002688,105.230301,0.037861,0.007965,0.978624,0.478755,0.168634,9.783762,0.003966,-0.008576,-0.002730,-0.392868,0.601813,-1.183445,100303.0000
1764076234296024805,2025-11-25 18:40:34.293,0.545824,2.045226,105.234367,0.043571,0.008453,0.978925,0.203710,-0.361294,9.805861,0.008111,-0.005508,0.005728,-0.392385,0.602292,-1.183459,100303.0000
1764076234395762879,2025-11-25 18:40:34.393,0.566555,2.050648,105.215286,0.047979,0.015877,0.978168,0.332774,0.409572,9.596879,0.005713,0.000362,-0.007270,-0.391430,0.602276,-1.184436,100299.0000
1764076234496065213,2025-11-25 18:40:34.493,0.566438,1.997252,105.206535,0.043343,0.012743,0.977032,0.289382,0.252966,9.813845,-0.001029,0.002229,0.005497,-0.392395,0.600849,-1.183919,100301.0000
1764076234595788750,2025-11-25 18:40:34.593,0.540318,1.955240,105.218987,0.037593,0.013312,0.976722,0.745191,0.240251,9.882210,-0.003666,0.003928,-0.007479,-0.393378,0.599849,-1.185816,100296.0000
1764076234695601101,2025-11-25 18:40:34.693,0.507177,1.968916,105.217934,0.036970,0.007387,0.978616,0.236392,0.277244,9.665169,0.000232,-0.007327,0.011360,-0.391906,0.603230,-1.184444,100296.0000
1764076234795360027,2025-11-25 18:40:34.792,0.486810,1.973720,105.171509,0.042983,0.008761,0.978990,0.504216,-0.464044,9.810648,-0.005156,0.005840,-0.003195,-0.390464,0.602291,-1.183969,100303.0000
1764076234895523972,2025-11-25 18:40:34.893,0.488950,1.957862,105.112320,0.040525,0.011672,0.977551,0.539644,0.553014,9.806808,0.005951,-0.001379,0.003190,-0.390927,0.605165,-1.183525,100309.0000
1764076234995606749,2025-11-25 18:40:34.993,0.483898,1.959434,105.099068,0.034190,0.009233,0.976120,0.315518,0.366259,9.742419,-0.002006,-0.007339,0.004504,-0.392853,0.601854,-1.181519,100299.0000
1764076235095489657,2025-11-25 18:40:35.093,0.480051,2.024837,105.094933,0.036064,0.010419,0.976999,0.288422,0.089463,9.676880,-0.005744,-0.019300,0.001834,-0.391911,0.602274,-1.184429,100303.0000
1764076235196193842,2025-11-25 18:40:35.193,0.485745,2.086335,105.035637,0.045406,0.007386,0.978515,0.276184,0.160889,9.670518,0.004943,-0.007146,0.011130,-0.390446,0.601397,-1.181066,100303.0000
1764076235295554619,2025-11-25 18:40:35.293,0.493293,2.084323,104.932610,0.049731,0.014536,0.977037,0.654082,0.028769,9.955099,0.003614,0.007761,0.011900,-0.391414,0.603262,-1.183007,100309.0000
1764076235395358897,2025-11-25 18:40:35.393,0.490593,2.043479,104.874268,0.041345,0.013903,0.977819,0.440238,0.407786,9.809297,-0.004472,0.008962,-0.005317,-0.389023,0.603232,-1.184968,100303.0000
1764076235496427212,2025-11-25 18:40:35.493,0.475869,2.053385,104.874817,0.036574,0.007104,0.978709,0.183905,0.129298,9.771100,0.002299,-0.010904,0.002701,-0.390923,0.605175,-1.183043,100305.0000
1764076235595865008,2025-11-25 18:40:35.593,0.467683,2.104197,104.849228,0.046804,0.008656,0.980036,0.622518,-0.244715,9.894146,0.002260,-0.008773,0.001407,-0.389955,0.603310,-1.181102,100300.0000
1764076235695528897,2025-11-25 18:40:35.693,0.464536,2.101277,104.767502,0.049515,0.012793,0.978944,0.473041,0.403773,9.866801,0.002426,0.002710,0.018365,-0.390439,0.604242,-1.182073,100303.0000
1764076235795626119,2025-11-25 18:40:35.793,0.455252,2.030764,104.701851,0.044657,0.010377,0.976129,0.517691,0.049555,9.821745,-0.005112,0.019640,0.009443,-0.389511,0.604155,-1.186420,100298.0000
1764076235896286119,2025-11-25 18:40:35.893,0.448208,1.966416,104.667130,0.037783,0.007778,0.976161,0.240328,-0.076721,9.643148,0.004736,0.006934,0.005943,-0.388995,0.606606,-1.183575,100304.0000
1764076235996172489,2025-11-25 18:40:35.993,0.457888,1.942587,104.610451,0.040425,0.008434,0.977416,0.500786,0.247363,9.788879,0.003381,0.011504,0.009422,-0.388047,0.606103,-1.185026,100306.0000
1764076236095467600,2025-11-25 18:40:36.092,0.470629,1.917149,104.529495,0.040897,0.012304,0.976784,0.342162,-0.244544,9.628269,0.002230,0.010472,0.008091,-0.387573,0.604672,-1.185011,100303.0000
1764076236196720823,2025-11-25 18:40:36.193,0.478595,1.889032,104.477219,0.033839,0.011941,0.978522,0.247977,0.251066,9.804101,0.006125,-0.001841,0.000473,-0.386595,0.604717,-1.183100,100305.0000
1764076236295341730,2025-11-25 18:40:36.293,0.472353,1.920627,104.472794,0.034582,0.009952,0.979802,0.392269,0.115578,9.778598,0.000700,-0.015231,-0.001614,-0.385650,0.605148,-1.185528,100305.0000
1764076236396324878,2025-11-25 18:40:36.393,0.464573,1.993933,104.449730,0.042733,0.009362,0.979242,0.509725,0.037594,9.753622,-0.002152,-0.014393,0.000517,-0.388994,0.607552,-1.184071,100310.0000
1764076236495748137,2025-11-25 18:40:36.493,0.473836,2.041343,104.369186,0.049127,0.010289,0.978045,0.922598,0.280572,9.829093,0.003456,0.005518,0.013551,-0.388037,0.606601,-1.184071,100301.0000
1764076236595724211,2025-11-25 18:40:36.593,0.473680,1.992808,104.306885,0.043008,0.011268,0.975214,0.325393,0.251787,9.730993,0.002491,0.005820,0.010979,-0.387554,0.606135,-1.183589,100303.0000
1764076236695955804,2025-11-25 18:40:36.693,0.470281,1.940003,104.289124,0.037291,0.010644,0.976887,0.382686,0.027850,9.762754,-0.001864,0.009211,-0.001431,-0.386095,0.608541,-1.183165,100307.0000
1764076236795348933,2025-11-25 18:40:36.793,0.477663,1.932349,104.247017,0.036774,0.008155,0.977838,0.746879,0.435117,9.831540,0.005046,-0.000800,0.001399,-0.383688,0.609496,-1.183697,100296.0000
1764076236896584859,2025-11-25 18:40:36.893,0.491530,1.923900,104.154266,0.038255,0.010258,0.976650,0.341243,0.326337,9.763589,0.008365,-0.003394,0.028435,-0.384172,0.610429,-1.184667,100301.0000
1764076236995720618,2025-11-25 18:40:36.993,0.498282,1.923149,104.078094,0.038057,0.017201,0.979061,0.389315,0.189554,9.760303,-0.003056,-0.003206,-0.001045,-0.386586,0.608040,-1.184114,100300.0000
1764076237095778100,2025-11-25 18:40:37.092,0.488488,1.987972,104.064255,0.035484,0.012962,0.978223,0.583062,0.206933,9.674809,-0.002478,-0.014228,-0.004228,-0.387049,0.608557,-1.182188,100307.0000
1764076237196239285,2025-11-25 18:40:37.193,0.478151,2.094852,104.064285,0.041064,0.008097,0.978951,0.465945,0.261704,9.827012,-0.000019,-0.014550,0.004242,-0.387057,0.609949,-1.184136,100302.0000
1764076237296201470,2025-11-25 18:40:37.293,0.473552,2.137087,104.026886,0.052018,0.011789,0.978723,0.532895,0.341876,9.734325,0.000883,0.000106,0.002972,-0.385600,0.610464,-1.182721,100301.0000
1764076237395915822,2025-11-25 18:40:37.393,0.462997,2.094801,104.003830,0.046567,0.012216,0.977057,0.248344,0.070555,9.753459,0.001115,0.015024,0.000640,-0.385599,0.609996,-1.182232,100305.0000
1764076237495793137,2025-11-25 18:40:37.493,0.455444,2.047220,104.039436,0.039551,0.008720,0.976367,0.295956,0.144914,9.820531,0.000764,0.004261,-0.011151,-0.385581,0.610515,-1.180314,100303.0000
1764076237595984044,2025-11-25 18:40:37.593,0.464680,2.039912,104.072716,0.043232,0.006967,0.977024,0.296874,-0.103728,9.566346,0.002586,-0.000516,-0.003352,-0.385615,0.609010,-1.183661,100306.0000
1764076237695755211,2025-11-25 18:40:37.693,0.484212,2.015471,104.060814,0.042830,0.011178,0.978565,0.256805,0.322592,9.831756,0.004999,0.005066,0.001205,-0.386569,0.609971,-1.183180,100301.0000
1764076237795838599,2025-11-25 18:40:37.793,0.496723,1.988497,104.070946,0.037980,0.012743,0.978532,0.701814,0.153394,9.991244,0.000544,-0.002735,-0.010264,-0.388025,0.608989,-1.184107,100299.0000
1764076237895285655,2025-11-25 18:40:37.893,0.487140,2.019759,104.133224,0.035551,0.009757,0.978591,0.417247,0.157793,9.899796,0.004101,-0.012822,-0.008477,-0.387067,0.605680,-1.182626,100305.0000
1764076237995310044,2025-11-25 18:40:37.992,0.471263,2.104114,104.179398,0.044231,0.009486,0.977942,0.713634,0.013143,9.701074,0.000159,-0.012146,-0.009048,-0.387069,0.608506,-1.184595,100307.0000
1764076238095344470,2025-11-25 18:40:38.092,0.467314,2.140266,104.184822,0.048778,0.009884,0.976230,0.511582,0.396679,9.678812,0.000978,0.003950,-0.005163,-0.388021,0.606641,-1.182145,100303.0000
1764076238195820933,2025-11-25 18:40:38.193,0.473288,2.119852,104.205605,0.042945,0.009647,0.975919,0.380655,-0.006663,9.618729,0.006308,-0.000458,-0.002643,-0.387561,0.604702,-1.183567,100304.0000
1764076238295729321,2025-11-25 18:40:38.293,0.471269,2.110832,104.278717,0.040904,0.010537,0.977063,0.188540,-0.097929,9.839501,-0.003799,-0.008187,-0.014498,-0.389968,0.605159,-1.184020,100309.0000
1764076238395473044,2025-11-25 18:40:38.393,0.467254,2.112193,104.321999,0.045350,0.008917,0.978706,0.241440,-0.161062,9.699099,0.000870,-0.003804,-0.004774,-0.389966,0.603279,-1.182547,100304.0000
1764076238496173599,2025-11-25 18:40:38.493,0.460368,2.092902,104.308670,0.046366,0.010594,0.978253,0.207060,0.384349,9.597033,-0.009114,0.003414,-0.000686,-0.389960,0.603767,-1.182072,100303.0000
1764076238595951988,2025-11-25 18:40:38.593,0.444864,2.052347,104.291138,0.042779,0.009548,0.978515,0.534451,0.183980,9.748384,-0.001409,0.001914,0.004160,-0.390929,0.604687,-1.183517,100306.0000
1764076238695550895,2025-11-25 18:40:38.693,0.428485,2.033272,104.304588,0.039919,0.009270,0.977316,0.438782,0.096474,9.692617,0.002637,-0.004144,-0.005237,-0.390918,0.606131,-1.183058,100308.0000
1764076238796016914,2025-11-25 18:40:38.793,0.424777,2.045058,104.304710,0.041925,0.008446,0.979227,0.432961,-0.116405,9.854503,-0.002501,0.002672,-0.004237,-0.388057,0.603247,-1.184501,100297.0000
1764076238895949006,2025-11-25 18:40:38.893,0.433225,2.045794,104.287102,0.042203,0.009707,0.978989,0.467133,0.287812,9.642884,0.005992,0.005947,-0.007303,-0.388994,0.607552,-1.184071,100303.0000
1764076238995693710,2025-11-25 18:40:38.993,0.448968,2.034477,104.291153,0.038651,0.009731,0.977052,0.224354,0.215971,9.759889,-0.001344,0.001802,0.006088,-0.389497,0.603251,-1.183998,100309.0000
1764076239095912525,2025-11-25 18:40:39.093,0.448826,2.044703,104.312340,0.039684,0.011948,0.977023,0.141097,0.125511,9.641153,-0.003236,-0.009726,-0.014423,-0.390458,0.604191,-1.184480,100298.0000
1764076239196468617,2025-11-25 18:40:39.193,0.444021,2.058064,104.318871,0.042781,0.007892,0.975551,0.253420,0.017496,9.649101,0.002144,-0.004753,0.012192,-0.391425,0.603232,-1.184451,100301.0000
1764076239295352136,2025-11-25 18:40:39.293,0.438103,2.064534,104.307617,0.042739,0.009585,0.977150,0.713100,0.034607,9.991329,-0.000986,0.001810,-0.008156,-0.389462,0.604755,-1.180650,100297.0000
1764076239395874895,2025-11-25 18:40:39.393,0.442140,2.054807,104.311867,0.044698,0.011047,0.977936,0.482671,0.096278,9.609633,-0.000259,0.006857,0.000273,-0.390449,0.603744,-1.183028,100308.0000
1764076239495669302,2025-11-25 18:40:39.493,0.440378,2.042438,104.332222,0.041615,0.010315,0.979573,0.259784,0.186732,9.846478,-0.004058,0.005981,-0.006113,-0.390938,0.603722,-1.183984,100294.0000
1764076239595604598,2025-11-25 18:40:39.593,0.443467,2.048301,104.349564,0.039392,0.006866,0.979699,0.391282,0.164926,9.712824,0.003620,-0.005380,0.003354,-0.390445,0.603754,-1.182547,100305.0000
1764076239695542672,2025-11-25 18:40:39.693,0.452988,2.061526,104.365601,0.043493,0.008861,0.979179,0.535317,0.139401,9.832631,0.000701,0.004306,-0.004085,-0.390453,0.603734,-1.183510,100302.0000
1764076239795381969,2025-11-25 18:40:39.793,0.464749,2.052338,104.372917,0.045591,0.010358,0.977281,0.341474,0.022189,9.760478,0.001917,0.007132,-0.001536,-0.390450,0.602799,-1.182532,100302.0000
1764076239896196617,2025-11-25 18:40:39.893,0.468002,2.005312,104.379974,0.042381,0.010699,0.975387,0.510577,0.249030,9.815936,-0.002463,0.009654,-0.014938,-0.390470,0.601803,-1.184443,100307.0000
1764076239995563006,2025-11-25 18:40:39.992,0.458795,1.962312,104.404526,0.035661,0.008671,0.975615,0.228284,0.178452,9.688101,-0.001783,-0.004709,-0.005570,-0.392391,0.603217,-1.184918,100298.0000
1764076240096151617,2025-11-25 18:40:40.092,0.455255,1.971283,104.429176,0.039203,0.009201,0.978807,0.702508,-0.064955,10.001753,0.002363,0.001756,-0.005986,-0.390984,0.599829,-1.187295,100306.0000
1764076240195858005,2025-11-25 18:40:40.193,0.458305,1.999537,104.424362,0.042136,0.009357,0.978181,0.464717,0.151102,9.791281,0.002981,0.002998,-0.001075,-0.393376,0.600326,-1.185823,100303.0000
1764076240295608061,2025-11-25 18:40:40.293,0.472609,2.006755,104.419312,0.038270,0.009637,0.978714,0.102341,0.059951,9.790585,0.005601,0.001239,0.003585,-0.392868,0.599455,-1.181964,100303.0000
1764076240395915746,2025-11-25 18:40:40.393,0.495348,2.037207,104.445473,0.037417,0.010255,0.979191,0.332868,0.339343,9.817087,0.006830,-0.004283,-0.006195,-0.392865,0.600877,-1.182467,100301.0000
1764076240495888172,2025-11-25 18:40:40.493,0.515366,2.090056,104.487984,0.042672,0.009935,0.978444,0.657316,0.184606,9.792989,0.002001,-0.001436,-0.010125,-0.392392,0.602272,-1.184422,100305.0000
1764076240595596913,2025-11-25 18:40:40.592,0.515971,2.104539,104.492699,0.046570,0.011650,0.976715,0.313662,-0.157053,9.749668,0.000880,-0.000790,0.002237,-0.392382,0.601357,-1.182482,100306.0000
1764076240696466505,2025-11-25 18:40:40.693,0.490442,2.066168,104.495522,0.044304,0.014095,0.977306,0.566042,-0.118744,9.766933,-0.006642,0.008338,-0.007860,-0.392879,0.598012,-1.182423,100303.0000
1764076240796022598,2025-11-25 18:40:40.793,0.453025,2.027131,104.550598,0.038218,0.009825,0.976859,0.495621,0.085502,9.714755,-0.013733,0.002761,-0.012294,-0.392885,0.599881,-1.184378,100303.0000
1764076240896241616,2025-11-25 18:40:40.893,0.427238,2.018792,104.599106,0.039493,0.005433,0.977502,0.388856,-0.125697,9.739568,-0.000573,-0.004196,-0.002245,-0.395775,0.599391,-1.184328,100301.0000
1764076240995789523,2025-11-25 18:40:40.993,0.422479,2.000790,104.598106,0.043070,0.008590,0.978243,0.332261,0.177543,9.734392,0.004450,0.004045,-0.000395,-0.391951,0.595099,-1.184801,100305.0000
1764076241096005209,2025-11-25 18:40:41.092,0.427311,1.985653,104.624435,0.035492,0.008705,0.979323,0.113197,0.103821,9.814600,0.001655,0.003546,-0.008748,-0.391943,0.598890,-1.186303,100305.0000
1764076241195983338,2025-11-25 18:40:41.193,0.447932,2.026708,104.724030,0.035321,0.006950,0.978484,0.269682,-0.043644,9.791831,0.006455,-0.016163,-0.021652,-0.395791,0.596992,-1.184773,100307.0000
1764076241295925671,2025-11-25 18:40:41.293,0.479077,2.095691,104.789955,0.048987,0.008376,0.978167,0.551738,-0.086594,9.848428,0.005730,-0.000265,-0.008521,-0.396263,0.597956,-1.184299,100298.0000
1764076241395754727,2025-11-25 18:40:41.393,0.500040,2.089173,104.811821,0.048816,0.011918,0.977298,0.552137,0.454511,9.888815,0.004785,0.008278,-0.000683,-0.395764,0.598476,-1.182388,100307.0000
1764076241495896819,2025-11-25 18:40:41.493,0.503721,2.027291,104.878990,0.041000,0.009842,0.977568,0.215631,-0.006808,9.753068,0.002208,0.015127,-0.017377,-0.396271,0.595577,-1.183781,100301.0000
1764076241596133819,2025-11-25 18:40:41.593,0.492659,1.990281,104.994080,0.037611,0.010856,0.976273,0.387463,0.298139,9.764283,-0.004992,-0.000697,-0.018964,-0.396302,0.591725,-1.185167,100309.0000
1764076241696329245,2025-11-25 18:40:41.693,0.465361,1.993261,105.065948,0.042011,0.009476,0.976343,0.501239,0.093852,9.778470,0.000166,-0.005947,-0.002686,-0.398692,0.595526,-1.185671,100296.0000
1764076241795540967,2025-11-25 18:40:41.792,0.441625,1.976472,105.112839,0.040938,0.010243,0.978869,0.418917,-0.041607,9.835731,-0.006906,0.002232,-0.017935,-0.395814,0.593161,-1.185196,100304.0000
1764076241895535782,2025-11-25 18:40:41.892,0.449798,1.968708,105.224350,0.035042,0.006449,0.979803,0.282735,-0.058552,9.845180,0.004700,-0.002893,-0.029672,-0.399653,0.592696,-1.183688,100303.0000
1764076241995330764,2025-11-25 18:40:41.993,0.464479,1.999432,105.366592,0.042030,0.006116,0.979885,0.699532,-0.045097,9.795957,-0.000303,-0.004123,-0.023225,-0.403519,0.589335,-1.183579,100309.0000
1764076242095941134,2025-11-25 18:40:42.092,0.468473,2.012014,105.448296,0.044895,0.008152,0.976982,0.233704,0.156253,9.617469,0.001144,0.005114,-0.006455,-0.401103,0.589844,-1.182659,100309.0000
1764076242195457504,2025-11-25 18:40:42.193,0.465000,1.984388,105.521301,0.037963,0.008676,0.976818,0.325474,0.098827,9.841818,0.003390,0.000442,-0.022549,-0.403038,0.589337,-1.183586,100302.0000
1764076242295290023,2025-11-25 18:40:42.292,0.465053,1.964923,105.653358,0.038143,0.007506,0.976651,0.413114,-0.085042,9.835065,-0.003865,-0.001983,-0.026203,-0.402110,0.584067,-1.184483,100296.0000
1764076242395343374,2025-11-25 18:40:42.393,0.476296,1.981836,105.770477,0.042495,0.007122,0.976772,0.410484,0.185946,9.814000,0.009122,-0.007240,-0.010904,-0.404507,0.587379,-1.185461,100296.0000
1764076242495903745,2025-11-25 18:40:42.493,0.483545,2.003769,105.828255,0.040416,0.008592,0.978196,0.568460,0.086752,9.791218,-0.003862,-0.003158,-0.005379,-0.407378,0.587407,-1.183493,100308.0000
1764076242595548597,2025-11-25 18:40:42.593,0.479760,2.028143,105.891296,0.037878,0.010264,0.978940,0.250679,0.024524,9.672187,-0.001243,-0.007830,-0.012441,-0.407393,0.585954,-1.184434,100298.0000
1764076242695752430,2025-11-25 18:40:42.693,0.455108,2.065155,105.979324,0.041729,0.011382,0.979365,0.434412,0.321714,9.797605,-0.010390,-0.004056,-0.015097,-0.406903,0.586922,-1.183974,100301.0000
1764076242795788282,2025-11-25 18:40:42.793,0.421041,2.068778,106.026329,0.045137,0.006060,0.978545,0.574638,0.079683,9.914227,-0.001377,0.002405,-0.003237,-0.407887,0.582618,-1.183894,100308.0000
1764076242896236596,2025-11-25 18:40:42.893,0.409983,2.018799,106.033211,0.040483,0.004317,0.976738,0.226102,-0.234477,9.663089,0.005796,0.002996,0.002404,-0.406432,0.585013,-1.183952,100302.0000
1764076242995319578,2025-11-25 18:40:42.992,0.445514,1.985845,106.079292,0.035559,0.008987,0.977355,0.517256,-0.075010,9.746024,0.009884,-0.000413,-0.023488,-0.407389,0.584551,-1.182968,100299.0000
1764076243095356467,2025-11-25 18:40:43.092,0.494390,2.008655,106.160965,0.039933,0.009151,0.977222,0.645017,0.317941,9.713716,0.009361,-0.002353,-0.011629,-0.408850,0.581669,-1.183384,100309.0000
1764076243196017355,2025-11-25 18:40:43.193,0.534220,2.034629,106.207199,0.041593,0.010750,0.976715,0.326504,-0.063121,9.753855,0.009705,-0.000921,-0.001963,-0.408882,0.578284,-1.185258,100301.0000
1764076243295711652,2025-11-25 18:40:43.293,0.552990,2.060160,106.222420,0.040285,0.014820,0.978820,0.237251,-0.021598,9.726233,0.000841,-0.006657,-0.003784,-0.407911,0.579254,-1.184806,100302.0000
1764076243396407504,2025-11-25 18:40:43.393,0.547886,2.071243,106.242966,0.040529,0.015173,0.980024,0.207452,0.240079,9.619178,-0.004873,-0.002002,-0.005744,-0.411298,0.577775,-1.186178,100309.0000
1764076243496733559,2025-11-25 18:40:43.493,0.511722,2.050423,106.274284,0.041095,0.012238,0.978408,0.419493,0.198361,9.870122,-0.010643,-0.001455,-0.002052,-0.409339,0.579288,-1.182859,100307.0000
1764076243596252281,2025-11-25 18:40:43.593,0.457824,2.014195,106.274551,0.042548,0.009618,0.977240,0.246921,-0.162932,9.769302,-0.005442,0.000856,0.005118,-0.410319,0.578765,-1.184763,100295.0000
1764076243695984263,2025-11-25 18:40:43.693,0.426147,1.984936,106.266609,0.039302,0.008550,0.977512,0.404042,-0.171104,9.901636,-0.003096,0.006351,-0.007860,-0.407900,0.579285,-1.183362,100307.0000
1764076243795994300,2025-11-25 18:40:43.793,0.434930,1.985706,106.279495,0.037939,0.007357,0.977425,0.570917,0.249643,9.765059,-0.000005,0.000724,-0.017338,-0.407405,0.581207,-1.182917,100301.0000
1764076243896005651,2025-11-25 18:40:43.893,0.469882,2.005343,106.266472,0.039556,0.006375,0.977328,0.330896,0.357916,9.748327,0.008026,-0.007823,0.012129,-0.410314,0.578308,-1.183792,100306.0000
1764076243995347244,2025-11-25 18:40:43.993,0.501494,2.033016,106.210777,0.043064,0.011278,0.977821,0.263685,-0.477607,9.727712,0.007343,0.001668,0.011228,-0.409847,0.577802,-1.185237,100303.0000
1764076244095269336,2025-11-25 18:40:44.092,0.522677,2.036240,106.133926,0.041171,0.016906,0.977831,0.347063,0.469647,9.652100,0.001597,0.001230,0.002683,-0.408367,0.582149,-1.183398,100311.0000
1764076244196176188,2025-11-25 18:40:44.193,0.521010,2.013580,106.076790,0.040006,0.012718,0.978409,0.421695,0.161158,9.730193,-0.001151,0.001727,0.012413,-0.407434,0.579246,-1.185294,100305.0000
1764076244295260503,2025-11-25 18:40:44.292,0.497270,1.990232,106.017723,0.038341,0.013159,0.977886,0.190418,0.246720,9.691053,-0.000159,-0.001427,0.015998,-0.407911,0.579254,-1.184806,100298.0000
1764076244395392299,2025-11-25 18:40:44.393,0.480353,1.972297,105.960258,0.039348,0.013071,0.979367,0.523144,-0.008697,9.843000,0.004396,-0.003199,0.005496,-0.405966,0.582617,-1.184404,100295.0000
1764076244496243262,2025-11-25 18:40:44.493,0.482656,1.973519,105.907768,0.040638,0.010220,0.978888,0.606122,0.187591,9.769688,0.002916,-0.002756,0.009181,-0.405020,0.583992,-1.187328,100301.0000
1764076244596219336,2025-11-25 18:40:44.593,0.505520,1.988976,105.863564,0.041133,0.008051,0.976431,0.413074,-0.055001,9.699493,0.007783,-0.000895,0.014532,-0.407415,0.583067,-1.185353,100303.0000
1764076244695992725,2025-11-25 18:40:44.693,0.532563,2.016106,105.822441,0.043688,0.013885,0.976555,0.420642,0.239154,9.887438,0.008084,-0.001742,0.005055,-0.404997,0.581696,-1.182959,100298.0000
1764076244795321132,2025-11-25 18:40:44.792,0.540153,2.032453,105.787788,0.043395,0.015791,0.976327,0.613213,-0.158500,9.748562,-0.009665,0.002329,-0.002702,-0.407406,0.582620,-1.183901,100301.0000
1764076244895792392,2025-11-25 18:40:44.893,0.513688,2.039608,105.768951,0.039738,0.014923,0.977899,0.350356,0.538478,9.875803,-0.008601,-0.000965,0.007038,-0.405492,0.584956,-1.186855,100307.0000
1764076244995306077,2025-11-25 18:40:44.993,0.471866,2.058869,105.756462,0.041090,0.011231,0.979523,0.320492,0.045848,9.819757,-0.006582,-0.006260,-0.000456,-0.404039,0.581690,-1.183455,100305.0000
1764076245095545132,2025-11-25 18:40:45.092,0.442519,2.066328,105.736382,0.042858,0.009933,0.978554,0.406372,0.070141,9.820971,-0.002143,0.001282,-0.000486,-0.407903,0.581632,-1.185324,100295.0000
1764076245196625928,2025-11-25 18:40:45.193,0.445635,2.044721,105.708145,0.041386,0.007053,0.977504,0.456845,0.158452,9.820650,0.009177,0.005350,0.005678,-0.404030,0.585013,-1.184469,100299.0000
1764076245295668688,2025-11-25 18:40:45.293,0.470695,2.024283,105.690086,0.039512,0.008370,0.976659,0.276349,0.193723,9.777971,0.008546,-0.002342,0.003607,-0.404991,0.584542,-1.183966,100303.0000
1764076245395991095,2025-11-25 18:40:45.393,0.506202,2.035391,105.683609,0.039956,0.011141,0.977810,0.331705,-0.324099,9.873661,0.013109,0.000057,0.002814,-0.406928,0.583557,-1.184886,100296.0000
1764076245496006947,2025-11-25 18:40:45.493,0.520886,2.062145,105.672760,0.041847,0.014949,0.977666,0.537501,0.420540,9.724587,-0.004905,-0.012000,-0.006717,-0.404045,0.583560,-1.185410,100307.0000
1764076245596301150,2025-11-25 18:40:45.593,0.517088,2.075554,105.642715,0.042723,0.011432,0.978329,0.388226,0.290823,9.730674,0.007888,-0.001243,0.014842,-0.404977,0.584105,-1.182033,100301.0000
1764076245696202669,2025-11-25 18:40:45.693,0.499496,2.058586,105.625076,0.042687,0.012316,0.978649,0.329538,-0.231411,9.862108,-0.004137,-0.001154,-0.009752,-0.405968,0.583084,-1.184893,100301.0000
1764076245796162261,2025-11-25 18:40:45.793,0.482310,2.037954,105.632729,0.043114,0.012112,0.978137,0.300233,0.111444,9.701273,-0.006836,-0.002124,0.001331,-0.402123,0.584504,-1.186416,100305.0000
1764076245896409669,2025-11-25 18:40:45.893,0.477676,2.009152,105.620811,0.042385,0.008125,0.978024,0.640385,0.396303,9.739965,0.002518,0.000998,0.005104,-0.405496,0.583533,-1.186352,100298.0000
1764076245995551076,2025-11-25 18:40:45.992,0.492185,1.976369,105.587120,0.039066,0.010057,0.977239,0.262181,-0.321884,9.770120,0.010817,0.007153,0.013587,-0.404049,0.582604,-1.185395,100303.0000
1764076246095527595,2025-11-25 18:40:46.092,0.500368,1.966216,105.588753,0.037472,0.016255,0.977439,0.226343,0.243635,9.576839,-0.004088,-0.000999,-0.013233,-0.405969,0.583551,-1.185382,100307.0000
1764076246196275631,2025-11-25 18:40:46.193,0.492263,1.982807,105.606224,0.038674,0.010547,0.976528,0.323138,0.285848,9.687139,-0.000993,-0.006682,0.007372,-0.403555,0.582170,-1.183470,100308.0000
1764076246296248557,2025-11-25 18:40:46.293,0.478387,2.016578,105.602913,0.040015,0.009336,0.978466,0.485740,0.192276,9.843160,0.001943,-0.013925,0.006960,-0.404537,0.582115,-1.185862,100304.0000
1764076246395356798,2025-11-25 18:40:46.393,0.467464,2.042586,105.604630,0.042119,0.010275,0.978357,0.545351,-0.082492,9.815776,-0.002927,-0.008927,0.001195,-0.406931,0.583547,-1.185367,100309.0000
1764076246496170020,2025-11-25 18:40:46.493,0.475868,2.064710,105.618553,0.044796,0.008680,0.978744,0.541039,0.342939,9.693887,0.002490,-0.008518,-0.010110,-0.403566,0.583084,-1.185410,100306.0000
1764076246595919761,2025-11-25 18:40:46.593,0.488739,2.067244,105.617073,0.045463,0.009244,0.977575,0.274437,0.136800,9.734212,0.005489,0.001631,0.013233,-0.404988,0.583607,-1.182989,100304.0000
1764076246696270576,2025-11-25 18:40:46.693,0.498157,2.042918,105.607552,0.044769,0.013709,0.977451,0.456380,0.433907,9.659387,-0.002609,0.005745,-0.005697,-0.405965,0.582149,-1.183915,100300.0000
1764076246795306687,2025-11-25 18:40:46.793,0.498344,1.994113,105.599571,0.039234,0.009731,0.977009,0.342086,0.256346,9.850086,0.002617,0.009827,0.011170,-0.402124,0.583559,-1.185920,100305.0000
1764076246896294742,2025-11-25 18:40:46.893,0.485440,1.982155,105.602943,0.038775,0.012898,0.977509,0.540499,-0.294142,9.863759,0.001803,-0.004349,-0.014481,-0.403103,0.582568,-1.187335,100300.0000
1764076246996274150,2025-11-25 18:40:46.993,0.473623,2.003665,105.591927,0.039658,0.010332,0.977838,0.520876,0.472040,9.982760,-0.005424,0.000331,-0.002242,-0.406445,0.583092,-1.184404,100297.0000
1764076247095391538,2025-11-25 18:40:47.092,0.476141,2.028957,105.573341,0.040981,0.007390,0.977674,0.473311,-0.063216,9.957080,0.006064,-0.003030,-0.000325,-0.405969,0.582139,-1.184397,100302.0000
1764076247195601557,2025-11-25 18:40:47.193,0.484012,2.047562,105.553741,0.040656,0.011413,0.977737,0.511953,0.071912,9.816767,0.002329,-0.005234,0.009834,-0.405467,0.583137,-1.182493,100303.0000
1764076247295768668,2025-11-25 18:40:47.293,0.491166,2.043846,105.542664,0.044180,0.011535,0.979744,0.249500,0.128448,9.673576,-0.000844,0.006258,0.001246,-0.404991,0.583597,-1.183470,100300.0000
1764076247396771983,2025-11-25 18:40:47.393,0.481417,2.019166,105.518143,0.043497,0.011404,0.977899,0.401043,-0.273109,9.872962,-0.003256,0.012423,0.004821,-0.405974,0.584009,-1.186352,100303.0000
1764076247496297168,2025-11-25 18:40:47.493,0.471421,1.985935,105.504166,0.041646,0.011394,0.976262,0.591888,0.154177,9.620728,-0.003326,0.007405,-0.006127,-0.403086,0.585912,-1.187386,100299.0000
1764076247595568057,2025-11-25 18:40:47.593,0.459077,1.964320,105.501984,0.038397,0.009301,0.977062,0.443828,0.270936,9.808416,0.000856,0.004080,0.007702,-0.403550,0.585483,-1.184965,100304.0000
1764076247695788668,2025-11-25 18:40:47.693,0.445225,1.954345,105.519646,0.038619,0.011218,0.978861,0.349894,-0.074809,9.724421,-0.008245,-0.001990,-0.014187,-0.404065,0.582564,-1.187321,100305.0000
1764076247795849705,2025-11-25 18:40:47.793,0.430273,1.959759,105.539558,0.038853,0.007650,0.979319,0.477613,0.265654,9.780740,0.005298,-0.006253,0.000021,-0.400672,0.582173,-1.183993,100301.0000
1764076247896471316,2025-11-25 18:40:47.893,0.419099,1.962854,105.550179,0.038507,0.005071,0.977844,0.374289,-0.082074,9.774838,0.002323,-0.007799,0.004446,-0.405013,0.583068,-1.185870,100296.0000
1764076247995382167,2025-11-25 18:40:47.993,0.429695,1.974603,105.542793,0.040617,0.010387,0.975839,0.329128,0.062674,9.561310,-0.004687,-0.004710,-0.000771,-0.403575,0.583532,-1.186861,100297.0000
1764076248096069260,2025-11-25 18:40:48.093,0.443650,1.963531,105.548347,0.040659,0.010250,0.976506,0.433238,0.250887,9.713870,0.002468,0.001320,-0.008327,-0.404057,0.582584,-1.186358,100310.0000
1764076248196311075,2025-11-25 18:40:48.193,0.446035,1.931491,105.574722,0.039753,0.009756,0.976765,0.249669,-0.294193,9.727538,0.002627,0.005240,-0.005086,-0.403068,0.584073,-1.183987,100303.0000
1764076248295448334,2025-11-25 18:40:48.293,0.437046,1.895409,105.604790,0.038399,0.010775,0.978410,0.242267,0.148508,9.688221,-0.001582,0.010462,-0.012109,-0.402129,0.582603,-1.185905,100298.0000
1764076248396102797,2025-11-25 18:40:48.393,0.425699,1.891498,105.622894,0.036120,0.007425,0.978811,0.125002,0.263444,9.832308,-0.000956,-0.003588,-0.000056,-0.405011,0.583546,-1.185877,100303.0000
1764076248496053982,2025-11-25 18:40:48.493,0.421751,1.909142,105.629684,0.035703,0.008046,0.979229,0.416858,-0.177489,9.791642,0.003736,-0.007423,-0.000882,-0.403094,0.581176,-1.185387,100307.0000
1764076248595752334,2025-11-25 18:40:48.593,0.430552,1.934731,105.633087,0.037910,0.007526,0.978885,0.349939,0.446598,9.671431,-0.000174,-0.006715,0.004975,-0.403106,0.581145,-1.186831,100303.0000
1764076248696252778,2025-11-25 18:40:48.693,0.448032,1.945320,105.628700,0.041672,0.009329,0.978274,0.405011,-0.094122,9.822809,0.011030,0.000163,-0.000271,-0.403094,0.581176,-1.185387,100303.0000
1764076248795617223,2025-11-25 18:40:48.793,0.461433,1.930321,105.628357,0.039839,0.011083,0.976875,0.248446,0.309250,9.620424,0.000230,0.002382,-0.004533,-0.405019,0.581167,-1.185359,100300.0000
1764076248895272630,2025-11-25 18:40:48.892,0.465500,1.923176,105.627121,0.038578,0.008511,0.975920,0.268348,-0.096918,9.637873,0.006625,-0.003565,0.008357,-0.405032,0.581604,-1.187292,100303.0000
1764076248995340630,2025-11-25 18:40:48.993,0.466026,1.928453,105.590836,0.039946,0.011368,0.978196,0.563306,-0.136797,9.928917,-0.003675,0.009500,-0.001317,-0.405502,0.580687,-1.185345,100301.0000
1764076249095575259,2025-11-25 18:40:49.092,0.476761,1.724249,105.455536,0.035852,0.007832,0.981481,-0.125227,-0.145477,9.719182,0.005407,0.060744,0.036096,-0.399251,0.583063,-1.187399,100309.0000
1764076249195935889,2025-11-25 18:40:49.193,0.500087,1.249439,105.239235,0.021402,0.012185,0.983090,0.226970,0.368543,9.836669,0.001628,0.100475,0.045221,-0.396386,0.583960,-1.190826,100300.0000
1764076249296488833,2025-11-25 18:40:49.293,0.544496,0.522087,104.886856,-0.001054,0.012544,0.984498,-0.231267,0.310405,10.057754,0.014428,0.132071,0.082195,-0.385392,0.587119,-1.202113,100303.0000
1764076249395822833,2025-11-25 18:40:49.393,0.611829,-0.181465,104.421875,-0.029299,0.016505,0.981686,-0.395519,0.116283,9.857583,0.015845,0.103688,0.088581,-0.374836,0.591333,-1.208593,100297.0000
1764076249496240222,2025-11-25 18:40:49.493,0.680710,-0.738699,103.904053,-0.050623,0.022835,0.984967,-0.645351,0.362551,9.789747,0.014993,0.101058,0.080976,-0.362840,0.594599,-1.215080,100308.0000
1764076249596189796,2025-11-25 18:40:49.593,0.746860,-1.383107,103.266701,-0.075907,0.015441,0.982037,-0.629650,-0.867699,9.646120,0.005473,0.142595,0.172854,-0.353270,0.596389,-1.222954,100303.0000
1764076249696272778,2025-11-25 18:40:49.693,0.725598,-2.223022,102.221115,-0.131885,0.034394,0.972503,-1.616211,0.344792,9.628015,-0.022738,0.146703,0.211297,-0.336410,0.611130,-1.230169,100308.0000
1764076249795729685,2025-11-25 18:40:49.793,0.577696,-2.551368,101.046791,-0.154618,0.034291,0.967739,-1.784215,0.815520,9.582674,-0.038085,0.016702,0.195538,-0.322883,0.622178,-1.230537,100303.0000
1764076249895369592,2025-11-25 18:40:49.893,0.448929,-2.391780,99.841377,-0.142217,0.008146,0.971830,-1.058455,1.799590,9.529217,-0.015883,-0.045788,0.199154,-0.312708,0.635608,-1.230410,100309.0000
1764076249995327833,2025-11-25 18:40:49.993,0.412147,-1.883253,98.602989,-0.134476,0.008986,0.966896,-3.082497,-0.466163,8.918053,-0.001198,-0.124326,0.232194,-0.307298,0.646782,-1.222954,100296.0000
1764076250095669666,2025-11-25 18:40:50.093,0.466504,-1.084470,97.283791,-0.097465,0.001698,0.959472,-0.736883,0.404128,9.329688,0.024429,-0.167302,0.237980,-0.299502,0.655557,-1.216460,100305.0000
1764076250196275351,2025-11-25 18:40:50.193,0.573486,-0.300454,95.897011,-0.048082,0.019046,0.975280,0.198509,0.940617,10.371067,-0.003801,-0.127786,0.209102,-0.293145,0.667639,-1.211441,100304.0000
1764076250295920759,2025-11-25 18:40:50.293,0.610741,0.174783,94.438210,-0.018335,0.007960,0.980786,0.461800,-2.429123,9.998058,0.023748,-0.021827,0.279390,-0.284871,0.679710,-1.207413,100306.0000
1764076250396288573,2025-11-25 18:40:50.393,0.533494,0.301333,92.886261,-0.016102,0.023126,0.979163,-1.230947,1.329205,9.777570,-0.026630,-0.008971,0.301213,-0.270362,0.690812,-1.205387,100299.0000
1764076250496457092,2025-11-25 18:40:50.493,0.344007,0.165001,91.280815,-0.013822,0.020385,0.980654,0.165190,0.166692,9.697274,-0.026141,0.035011,0.293340,-0.249099,0.707179,-1.204505,100303.0000
1764076250595862703,2025-11-25 18:40:50.593,0.169207,-0.105502,89.583984,-0.023952,-0.000832,0.983104,-0.257239,-0.125978,10.237988,-0.034030,0.042023,0.316308,-0.231243,0.721071,-1.206906,100298.0000
1764076250696009203,2025-11-25 18:40:50.693,0.152868,-0.358805,87.719421,-0.032285,-0.015717,0.986340,-0.535428,-0.545472,9.692404,0.007132,0.034921,0.357773,-0.206610,0.734627,-1.204105,100304.0000
1764076250795625573,2025-11-25 18:40:50.793,0.307185,-0.488656,85.669708,-0.035294,-0.015423,0.983527,-0.351205,-0.053704,9.876701,0.026800,0.000766,0.375182,-0.184950,0.745589,-1.210370,100303.0000
1764076250895981110,2025-11-25 18:40:50.893,0.500051,-0.458867,83.498344,-0.032542,-0.002402,0.979808,0.288096,-0.361150,10.190617,0.032871,-0.022697,0.392109,-0.160805,0.760068,-1.209019,100303.0000
1764076250995551166,2025-11-25 18:40:50.993,0.619457,-0.329461,81.273911,-0.020578,0.009490,0.979361,0.761620,0.545305,10.349747,0.002161,-0.017114,0.396071,-0.134312,0.769222,-1.211475,100303.0000
1764076251095938962,2025-11-25 18:40:51.093,0.600190,-0.207146,79.054329,-0.013817,0.013245,0.975040,0.168247,-0.016871,9.898172,-0.015745,-0.005618,0.381745,-0.108729,0.780395,-1.208651,100301.0000
1764076251196335332,2025-11-25 18:40:51.193,0.500901,-0.144393,76.913864,-0.011922,0.008066,0.973782,-0.411663,0.290348,9.638840,-0.017405,-0.010851,0.363677,-0.085063,0.792992,-1.205820,100305.0000
1764076251295775443,2025-11-25 18:40:51.293,0.443164,-0.096656,74.867889,-0.011588,-0.001947,0.974111,-0.189324,0.109041,9.869714,-0.000676,-0.002753,0.353669,-0.057575,0.804122,-1.205432,100297.0000
1764076251396173573,2025-11-25 18:40:51.393,0.510003,-0.033305,72.863083,-0.009047,-0.010221,0.977771,-0.062887,-0.275034,9.720927,0.026314,-0.000594,0.350945,-0.036371,0.810904,-1.205847,100309.0000
1764076251496036925,2025-11-25 18:40:51.493,0.674381,0.080465,70.832794,-0.012878,-0.000560,0.976611,-0.016852,0.598685,9.815864,0.025096,-0.035590,0.353378,-0.010382,0.817637,-1.209703,100300.0000
1764076251595897258,2025-11-25 18:40:51.593,0.808258,0.387195,68.861404,-0.000337,0.010018,0.979249,0.262133,0.174834,9.771089,0.016462,-0.055908,0.329823,0.013205,0.820599,-1.210577,100299.0000
1764076251695744128,2025-11-25 18:40:51.693,0.826744,0.697524,66.966362,0.017616,0.011254,0.983151,0.313190,-0.357382,9.852151,-0.006534,-0.035490,0.326177,0.033420,0.823536,-1.211883,100309.0000
1764076251796191887,2025-11-25 18:40:51.793,0.722004,0.823593,65.171432,0.031128,0.013298,0.982842,0.176821,0.322114,9.732755,-0.019142,0.001591,0.316277,0.056101,0.831829,-1.208972,100300.0000
1764076251895256924,2025-11-25 18:40:51.892,0.578416,0.727607,63.449432,0.030555,0.008316,0.980604,0.244733,-0.183147,9.696856,-0.017687,0.036909,0.296716,0.078276,0.837224,-1.207454,100298.0000
1764076251995342313,2025-11-25 18:40:51.993,0.519425,0.479046,61.733299,0.020481,-0.003186,0.980946,0.386047,0.085083,10.006313,0.004303,0.046899,0.304937,0.102346,0.838307,-1.206862,100300.0000
1764076252095535239,2025-11-25 18:40:52.092,0.606683,0.266193,59.953873,0.005617,-0.007909,0.977774,-0.182484,-0.284955,9.674816,0.028072,0.027916,0.318251,0.124955,0.840279,-1.209151,100306.0000
1764076252196430202,2025-11-25 18:40:52.193,0.782396,0.246945,58.129658,-0.001533,-0.002145,0.976251,0.151576,0.086142,9.808892,0.026977,-0.018798,0.321062,0.150463,0.841827,-1.209550,100304.0000
1764076252296708720,2025-11-25 18:40:52.293,0.910827,0.426523,56.361210,0.003173,0.007776,0.974706,0.341893,0.056218,9.789337,0.017766,-0.043124,0.306379,0.171127,0.841381,-1.212737,100305.0000
1764076252396005961,2025-11-25 18:40:52.393,0.935481,0.702216,54.657848,0.014692,0.013589,0.974473,-0.005994,0.497028,9.592128,0.000693,-0.042203,0.294631,0.196129,0.838617,-1.213544,100309.0000
1764076252495946794,2025-11-25 18:40:52.493,0.873043,0.937899,52.995918,0.029645,0.012121,0.975372,0.654806,-0.346431,9.901806,-0.013696,-0.025644,0.284102,0.213465,0.838735,-1.211874,100300.0000
1764076252595846313,2025-11-25 18:40:52.593,0.801566,1.023005,51.411346,0.038112,0.009435,0.978175,0.418101,0.518615,9.656592,0.001079,0.005630,0.270948,0.230785,0.839281,-1.212619,100300.0000
1764076252695978313,2025-11-25 18:40:52.693,0.761174,0.937642,49.988155,0.037560,0.007738,0.980263,0.441627,-0.021556,9.714002,0.002928,0.027650,0.228700,0.251955,0.837486,-1.211940,100306.0000
1764076252795653553,2025-11-25 18:40:52.793,0.788296,0.737581,48.698708,0.030315,0.003876,0.983599,0.351797,0.159214,9.853362,0.015654,0.042318,0.216132,0.270229,0.835657,-1.212181,100305.0000
1764076252896429387,2025-11-25 18:40:52.893,0.849679,0.547264,47.506561,0.019204,0.006503,0.984345,0.219925,-0.045254,9.874792,0.012028,0.030326,0.202471,0.286585,0.832895,-1.210935,100298.0000
1764076252995375461,2025-11-25 18:40:52.993,0.899065,0.437508,46.412651,0.012788,0.011171,0.982027,0.099620,0.296467,9.798079,0.006518,0.013614,0.179985,0.301957,0.829600,-1.212074,100303.0000
1764076253096210572,2025-11-25 18:40:53.092,0.890447,0.433477,45.456375,0.011380,0.011791,0.977966,0.171367,-0.132056,9.836134,-0.006075,-0.002961,0.155132,0.315424,0.827761,-1.211762,100305.0000
1764076253196316664,2025-11-25 18:40:53.193,0.851636,0.631023,44.700836,0.012573,0.013416,0.970727,0.310082,0.214041,9.789700,-0.002968,-0.058736,0.115165,0.322616,0.825841,-1.213765,100306.0000
1764076253295301738,2025-11-25 18:40:53.292,0.803268,1.011301,44.185787,0.029900,0.013314,0.970340,0.453686,0.068365,9.721571,-0.000740,-0.075094,0.076285,0.328868,0.824447,-1.213354,100300.0000
1764076253396065572,2025-11-25 18:40:53.393,0.795264,1.581064,43.860989,0.050512,0.013101,0.967685,0.776189,-0.192643,9.665619,0.005426,-0.126444,0.033490,0.323563,0.825805,-1.215705,100301.0000
1764076253495713257,2025-11-25 18:40:53.493,0.861315,2.610502,43.797859,0.088958,0.007609,0.967855,1.639776,-0.004509,9.767399,0.025384,-0.205236,0.007795,0.316821,0.823874,-1.215095,100307.0000
1764076253596045034,2025-11-25 18:40:53.593,0.980760,3.900856,43.818237,0.148585,0.010962,0.975513,1.633001,0.107593,9.655819,0.019509,-0.220593,0.003834,0.303263,0.822644,-1.224990,100301.0000
1764076253695302312,2025-11-25 18:40:53.693,1.080808,4.890530,43.678486,0.206660,0.015263,0.978453,2.103214,0.337687,9.777388,0.016226,-0.123858,0.039288,0.296032,0.822103,-1.226320,100306.0000
1764076253795347201,2025-11-25 18:40:53.793,1.081090,5.126670,43.353027,0.236898,0.023045,0.976261,2.734473,-0.171892,9.818210,-0.000872,0.030338,0.072404,0.296984,0.819252,-1.225809,100304.0000
1764076253895513627,2025-11-25 18:40:53.893,1.001539,4.555536,42.941586,0.221380,0.020243,0.970474,2.358426,0.315830,10.155042,-0.005034,0.153552,0.078135,0.307580,0.820743,-1.225506,100292.0000
1764076253995553238,2025-11-25 18:40:53.993,0.909925,3.525588,42.480667,0.174520,0.016769,0.962002,1.593878,-0.524186,9.587459,-0.012920,0.195740,0.090709,0.322522,0.819936,-1.221861,100300.0000
1764076254096109960,2025-11-25 18:40:54.093,0.898057,2.535075,41.932964,0.116619,0.015849,0.964638,0.908041,0.163280,9.597953,0.015749,0.150031,0.100971,0.337932,0.818156,-1.219171,100298.0000
1764076254196626942,2025-11-25 18:40:54.193,0.980480,2.025557,41.308693,0.072489,0.017902,0.966962,0.434820,0.207408,9.637598,0.024329,0.038200,0.109143,0.349468,0.814874,-1.218809,100302.0000
1764076254296048590,2025-11-25 18:40:54.293,1.094172,2.208456,40.698719,0.064340,0.025635,0.971327,0.419218,0.591271,9.598082,0.024947,-0.077173,0.105224,0.359064,0.812021,-1.220352,100296.0000
1764076254395982164,2025-11-25 18:40:54.393,1.162776,2.908650,40.193825,0.086917,0.029438,0.972416,0.783366,-0.212856,9.687383,0.006608,-0.146813,0.079356,0.358043,0.808560,-1.225581,100303.0000
1764076254496232145,2025-11-25 18:40:54.493,1.130140,3.765460,39.780766,0.126836,0.032551,0.973123,1.462642,0.775580,9.655833,-0.004816,-0.141518,0.069920,0.355129,0.807063,-1.227923,100299.0000
1764076254596201275,2025-11-25 18:40:54.593,1.003520,4.316096,39.422684,0.160094,0.025069,0.976152,2.089355,-0.168687,9.979020,-0.032318,-0.054899,0.051902,0.353207,0.807532,-1.227902,100298.0000
1764076254695954441,2025-11-25 18:40:54.693,0.872816,4.232115,39.068226,0.166715,0.017038,0.975891,1.529300,0.273324,9.749169,-0.005997,0.080774,0.053563,0.358033,0.809007,-1.227033,100299.0000
1764076254796264200,2025-11-25 18:40:54.793,0.809357,3.481519,38.712978,0.139833,0.012760,0.975630,1.182604,0.553600,9.768806,0.000722,0.171130,0.058637,0.370072,0.804844,-1.223294,100301.0000
1764076254896528200,2025-11-25 18:40:54.893,0.846952,2.386287,38.352993,0.083207,0.013420,0.974174,0.545345,0.006435,9.648130,0.020917,0.195913,0.066414,0.384537,0.804990,-1.219656,100307.0000
1764076254995981108,2025-11-25 18:40:54.993,0.959080,1.481727,38.020428,0.025069,0.019610,0.976343,-0.002435,0.241110,9.771906,0.019581,0.115668,0.047606,0.398014,0.803648,-1.218389,100307.0000
1764076255095948404,2025-11-25 18:40:55.092,1.076780,1.134853,37.756901,-0.009372,0.024516,0.977851,-0.126972,0.498167,9.885114,0.014100,0.000811,0.038181,0.407168,0.802307,-1.216095,100304.0000
1764076255196014867,2025-11-25 18:40:55.193,1.116393,1.418975,37.583851,-0.004812,0.029428,0.976833,0.033003,0.769557,9.582481,-0.004530,-0.092847,0.036014,0.404707,0.800264,-1.221807,100305.0000
1764076255295900237,2025-11-25 18:40:55.293,1.048457,2.043389,37.498440,0.028288,0.024648,0.976826,0.479482,-0.395380,9.496393,-0.026482,-0.112216,0.006413,0.400861,0.800256,-1.221268,100301.0000
1764076255396210367,2025-11-25 18:40:55.393,0.911598,2.603841,37.475857,0.065759,0.019574,0.976618,0.781461,0.829212,9.940752,-0.021948,-0.067541,-0.008206,0.395558,0.801147,-1.223131,100307.0000
1764076255495777644,2025-11-25 18:40:55.493,0.765338,2.819275,37.536987,0.082995,0.007957,0.975566,1.089276,-0.241519,9.808207,-0.015418,0.000225,-0.005706,0.391243,0.801168,-1.221141,100303.0000
1764076255595983718,2025-11-25 18:40:55.593,0.697248,2.672783,37.675297,0.078649,0.003010,0.978027,0.498650,-0.257914,9.713693,-0.003892,0.047430,-0.047072,0.390304,0.804996,-1.220704,100298.0000
1764076255696073570,2025-11-25 18:40:55.693,0.754462,2.312555,37.866615,0.061904,-0.002309,0.979595,0.318787,0.016965,9.745071,0.020545,0.062458,-0.038095,0.392706,0.805942,-1.221717,100299.0000
1764076255795386329,2025-11-25 18:40:55.793,0.887043,1.913517,38.097633,0.042404,0.004999,0.981956,0.289363,0.152711,9.826825,0.023500,0.058823,-0.040118,0.394660,0.805554,-1.217887,100298.0000
1764076255895595033,2025-11-25 18:40:55.893,1.017785,1.629180,38.317406,0.028528,0.010852,0.980414,0.276247,-0.214041,9.598739,0.022075,0.035752,-0.027894,0.395590,0.804532,-1.221256,100298.0000
1764076255996215107,2025-11-25 18:40:55.993,1.069695,1.487866,38.507317,0.024221,0.015885,0.978233,0.329491,0.115582,9.925419,-0.000752,0.015184,-0.033070,0.393192,0.804541,-1.220258,100302.0000
1764076256095924089,2025-11-25 18:40:56.093,1.024713,1.483849,38.691669,0.021998,0.014941,0.973941,0.408870,-0.359754,9.615349,-0.011481,-0.005795,-0.015897,0.389809,0.804485,-1.222134,100303.0000
1764076256196254737,2025-11-25 18:40:56.193,0.918241,1.592434,38.914230,0.024994,0.016380,0.973720,-0.055330,0.653065,9.661597,-0.026506,-0.021066,-0.054282,0.386969,0.809310,-1.219276,100298.0000
1764076256295305848,2025-11-25 18:40:56.293,0.826703,1.766734,39.212124,0.031923,-0.000909,0.973560,0.243857,-1.321849,9.704926,-0.010961,-0.036269,-0.059060,0.380732,0.806976,-1.215296,100299.0000
1764076256395334440,2025-11-25 18:40:56.393,0.807012,1.943977,39.544823,0.036654,-0.002687,0.977116,0.449428,0.772497,9.895334,0.010006,-0.034121,-0.050147,0.377353,0.810700,-1.219156,100304.0000
1764076256496252755,2025-11-25 18:40:56.493,0.846355,2.068489,39.898182,0.044386,0.002361,0.981153,0.602969,0.014607,9.786561,0.002749,-0.023482,-0.071596,0.369639,0.809212,-1.219983,100305.0000
1764076256596247292,2025-11-25 18:40:56.593,0.916969,2.134231,40.268414,0.046007,-0.000505,0.979664,0.951378,0.038719,9.981240,0.012556,-0.012494,-0.063036,0.362918,0.812993,-1.220423,100300.0000
1764076256695742570,2025-11-25 18:40:56.693,0.970637,2.192945,40.678463,0.046381,0.007379,0.980756,0.260763,-0.477676,9.445842,0.005511,-0.005215,-0.079276,0.358579,0.811063,-1.220330,100302.0000
1764076256795389384,2025-11-25 18:40:56.793,0.982536,2.202429,41.088722,0.046619,0.006780,0.976159,0.286464,0.415552,9.601356,0.002749,-0.000561,-0.069251,0.352337,0.814368,-1.220770,100304.0000
1764076256896609403,2025-11-25 18:40:56.893,0.968169,2.206586,41.501942,0.044657,0.008937,0.975313,0.516088,-0.018579,9.725092,-0.010918,-0.003677,-0.070298,0.347044,0.814344,-1.220692,100303.0000
1764076256995712607,2025-11-25 18:40:56.993,0.936386,2.241033,41.933250,0.040123,0.005899,0.975016,0.648392,0.342908,9.787036,-0.013562,-0.003037,-0.080677,0.340822,0.818646,-1.219221,100301.0000
1764076257095931773,2025-11-25 18:40:57.093,0.901630,2.312739,42.381920,0.040590,0.001027,0.976308,0.013498,-0.149667,9.640122,0.002339,-0.010526,-0.063797,0.336009,0.817680,-1.218654,100304.0000
1764076257196286106,2025-11-25 18:40:57.193,0.868071,2.393174,42.836029,0.047802,0.004695,0.978724,0.747364,0.132162,10.012911,-0.002573,-0.016481,-0.089077,0.329753,0.820477,-1.220531,100300.0000
1764076257295932014,2025-11-25 18:40:57.293,0.855536,2.458694,43.285824,0.050074,-0.000830,0.979746,0.648398,0.070378,9.858130,-0.009264,-0.006138,-0.070800,0.322563,0.820516,-1.217054,100305.0000
1764076257396402829,2025-11-25 18:40:57.393,0.858920,2.502217,43.729530,0.052029,-0.001171,0.979970,0.569852,0.096418,9.775839,0.002957,-0.004279,-0.081740,0.316753,0.820865,-1.221790,100303.0000
1764076257495959180,2025-11-25 18:40:57.493,0.865906,2.504343,44.162903,0.053342,0.000982,0.979356,0.354188,-0.300185,9.560890,-0.009510,0.006661,-0.076593,0.311023,0.822842,-1.217402,100304.0000
1764076257596239273,2025-11-25 18:40:57.593,0.876217,2.437487,44.574825,0.052487,0.002426,0.978125,0.244829,0.382060,9.645390,0.000048,0.011075,-0.069160,0.306206,0.826103,-1.220270,100307.0000
1764076257696227125,2025-11-25 18:40:57.693,0.884730,2.338834,44.994698,0.048243,0.002194,0.976635,0.770645,-0.253644,9.925700,-0.003664,0.008499,-0.071955,0.303811,0.826123,-1.218790,100303.0000
1764076257796537328,2025-11-25 18:40:57.793,0.888222,2.257983,45.416382,0.043908,0.004247,0.977082,0.391591,0.458286,9.611712,-0.001910,0.012172,-0.072904,0.295639,0.826106,-1.217707,100305.0000
1764076257896240365,2025-11-25 18:40:57.893,0.891236,2.218758,45.829845,0.042505,0.002127,0.976553,0.252571,-0.164558,9.604124,0.005130,0.009789,-0.068977,0.292270,0.826558,-1.218146,100305.0000
1764076257995354717,2025-11-25 18:40:57.993,0.891793,2.215617,46.238544,0.039696,0.002909,0.976449,0.297599,-0.164999,9.881657,-0.004173,0.001782,-0.071154,0.288431,0.827984,-1.217629,100303.0000
1764076258096695902,2025-11-25 18:40:58.093,0.889356,2.269463,46.653290,0.037682,0.004520,0.975995,0.373618,0.144901,9.666969,-0.003509,-0.018519,-0.074412,0.286027,0.827506,-1.217106,100300.0000
1764076258196331217,2025-11-25 18:40:58.193,0.878076,2.349686,47.074329,0.042329,0.004587,0.977296,0.477616,0.037941,9.727513,-0.007005,-0.019509,-0.079458,0.275941,0.830337,-1.216518,100300.0000
1764076258295687458,2025-11-25 18:40:58.293,0.860014,2.417305,47.490444,0.046597,0.003140,0.978116,0.472722,0.184593,9.931697,-0.007924,-0.016984,-0.080512,0.269209,0.830317,-1.215937,100303.0000
1764076258395323346,2025-11-25 18:40:58.393,0.837801,2.452122,47.909939,0.051787,0.001496,0.978846,0.585078,0.312287,9.887300,-0.008325,-0.003343,-0.080614,0.262963,0.831254,-1.215378,100295.0000
1764076258495781346,2025-11-25 18:40:58.493,0.824966,2.449999,48.322491,0.052929,0.000698,0.978235,0.653050,0.155265,9.817465,0.005851,0.007142,-0.066768,0.257661,0.831678,-1.216751,100295.0000
1764076258596247087,2025-11-25 18:40:58.593,0.828691,2.398824,48.728687,0.049490,0.000701,0.977857,0.648060,0.055238,9.834154,-0.001851,0.015615,-0.069371,0.254302,0.834986,-1.217715,100297.0000
1764076258695979809,2025-11-25 18:40:58.693,0.847797,2.323585,49.128899,0.046697,0.001353,0.978032,0.448040,-0.076754,9.727816,0.007218,0.014125,-0.063422,0.249014,0.834505,-1.216667,100296.0000
1764076258796349031,2025-11-25 18:40:58.793,0.874275,2.291084,49.522541,0.040634,0.002250,0.976046,0.151639,-0.016786,9.627309,0.008872,0.001125,-0.076303,0.244200,0.834006,-1.216589,100298.0000
1764076258896282272,2025-11-25 18:40:58.893,0.888183,2.316054,49.895420,0.041745,0.004088,0.977225,0.243564,0.049495,9.760521,0.002263,-0.006216,-0.049467,0.237935,0.833479,-1.217452,100298.0000
1764076258995340050,2025-11-25 18:40:58.993,0.891271,2.368756,50.248119,0.042402,0.005712,0.976737,0.630655,0.017505,9.750569,-0.002222,-0.016244,-0.065076,0.236501,0.833026,-1.215979,100294.0000
1764076259095533642,2025-11-25 18:40:59.092,0.879348,2.414976,50.595818,0.044632,0.005100,0.978189,0.544752,0.056874,9.819809,-0.001182,-0.016452,-0.059949,0.229275,0.833440,-1.217324,100300.0000
1764076259195510790,2025-11-25 18:40:59.193,0.855031,2.453160,50.937092,0.050190,0.005396,0.979960,0.660781,0.216932,9.876189,-0.006491,0.002104,-0.055686,0.226419,0.837279,-1.215895,100299.0000
1764076259295329290,2025-11-25 18:40:59.293,0.821230,2.447881,51.247021,0.050069,0.003146,0.978230,0.540974,0.084407,9.769740,-0.007244,0.006837,-0.054429,0.221122,0.837245,-1.216298,100299.0000
1764076259395776031,2025-11-25 18:40:59.393,0.790228,2.393062,51.517605,0.048557,0.002268,0.977865,0.413025,0.005879,9.795104,-0.005704,0.013287,-0.037302,0.218697,0.834826,-1.217189,100305.0000
1764076259496218309,2025-11-25 18:40:59.493,0.775211,2.302677,51.783154,0.042831,0.002743,0.977917,-0.035471,0.045172,9.607310,-0.002225,0.020179,-0.050733,0.214867,0.837217,-1.216206,100298.0000
1764076259595613420,2025-11-25 18:40:59.593,0.787837,2.253340,52.048702,0.038245,0.001192,0.977081,0.423754,0.162585,9.917768,0.009356,0.002773,-0.041071,0.213456,0.840595,-1.214311,100301.0000
1764076259696017068,2025-11-25 18:40:59.693,0.812886,2.283425,52.305973,0.037198,0.002830,0.976473,0.289900,-0.340674,9.695677,0.004388,-0.011366,-0.041490,0.209116,0.838665,-1.214217,100305.0000
1764076259795677253,2025-11-25 18:40:59.793,0.848918,2.364107,52.532898,0.042754,0.005828,0.977637,0.617735,-0.108081,9.826095,0.008945,-0.014521,-0.047260,0.207641,0.838577,-1.218047,100303.0000
1764076259896047531,2025-11-25 18:40:59.893,0.875254,2.453311,52.743870,0.046191,0.007643,0.977301,0.607209,0.505626,9.840192,0.000462,-0.007787,-0.022259,0.202369,0.838137,-1.215073,100298.0000
1764076259995617531,2025-11-25 18:40:59.993,0.877144,2.480136,52.968761,0.050845,0.009392,0.978260,0.475186,-0.067662,9.837839,-0.001702,0.006913,-0.038443,0.199463,0.835715,-1.215957,100303.0000
1764076260095903568,2025-11-25 18:41:00.093,0.857421,2.460954,53.183987,0.046958,0.008244,0.976670,0.465213,0.197533,9.658564,-0.004596,0.008686,-0.043194,0.196570,0.835214,-1.216388,100295.0000
1764076260196379179,2025-11-25 18:41:00.193,0.832359,2.431548,53.399094,0.044134,0.005742,0.975944,0.331085,0.020470,9.776076,-0.002690,-0.002051,-0.033321,0.195144,0.837139,-1.215433,100296.0000
1764076260296079456,2025-11-25 18:41:00.293,0.813369,2.418048,53.623348,0.044635,0.006584,0.978005,0.233378,-0.227170,9.687575,-0.006649,0.002667,-0.041905,0.190341,0.836670,-1.213910,100305.0000
1764076260395980067,2025-11-25 18:41:00.393,0.798619,2.433177,53.851513,0.044516,0.006535,0.978197,0.602727,0.411987,9.690090,-0.001352,-0.011939,-0.045566,0.187456,0.838547,-1.214860,100313.0000
1764076260496046012,2025-11-25 18:41:00.493,0.793951,2.456645,54.059372,0.045254,0.001874,0.978303,0.454499,-0.094367,9.618321,-0.002130,-0.007403,-0.018026,0.187449,0.837114,-1.214838,100303.0000
1764076260596084123,2025-11-25 18:41:00.593,0.799656,2.465796,54.238014,0.047258,0.006116,0.978340,0.444083,0.228027,9.742385,-0.002501,0.000988,-0.038967,0.183577,0.837981,-1.218166,100296.0000
1764076260695349141,2025-11-25 18:41:00.693,0.804075,2.443584,54.405468,0.047380,0.007297,0.977780,0.400279,-0.025128,9.641183,-0.001001,0.012479,-0.036343,0.180723,0.837582,-1.213783,100304.0000
1764076260796375419,2025-11-25 18:41:00.793,0.803793,2.428763,54.589939,0.043071,0.007162,0.977176,0.448498,0.315590,9.891251,-0.001886,0.000408,-0.023902,0.178314,0.838507,-1.214725,100304.0000
1764076260896334567,2025-11-25 18:41:00.893,0.808323,2.446084,54.783737,0.043494,0.007016,0.978027,0.199841,-0.020746,9.692856,0.000037,0.003691,-0.039931,0.176400,0.837583,-1.212756,100307.0000
1764076260995309734,2025-11-25 18:41:00.992,0.819433,2.465501,54.970520,0.045801,0.006750,0.977639,0.725450,0.145572,9.921989,0.001494,-0.005204,-0.028637,0.173990,0.840388,-1.215171,100303.0000
1764076261096110660,2025-11-25 18:41:01.093,0.835049,2.482129,55.166653,0.048046,0.005696,0.978770,0.841514,0.273580,9.887906,0.006725,-0.003270,-0.029318,0.167736,0.839892,-1.214590,100310.0000
1764076261196561993,2025-11-25 18:41:01.193,0.846291,2.506469,55.355255,0.049254,0.005833,0.976802,0.508729,-0.169434,9.735040,0.001863,-0.002840,-0.035567,0.167232,0.836058,-1.215006,100303.0000
1764076261296223178,2025-11-25 18:41:01.293,0.844885,2.510586,55.492123,0.050093,0.008675,0.977412,0.675159,0.247126,9.795104,-0.000993,0.005146,-0.029256,0.167228,0.838406,-1.216968,100306.0000
1764076261395857456,2025-11-25 18:41:01.393,0.836312,2.472598,55.605206,0.047623,0.008809,0.976799,0.487003,0.145040,9.808539,-0.003633,0.008381,-0.029099,0.164828,0.837938,-1.215963,100299.0000
1764076261495671808,2025-11-25 18:41:01.493,0.824156,2.418873,55.721802,0.044710,0.007051,0.977331,0.371542,0.264415,9.751549,-0.000579,0.009672,-0.015988,0.163886,0.838929,-1.214037,100303.0000
1764076261596260122,2025-11-25 18:41:01.593,0.820576,2.360324,55.828926,0.040331,0.007628,0.977320,0.202359,0.078988,9.710195,0.006917,0.009464,-0.015997,0.161461,0.837455,-1.215424,100303.0000
1764076261696290307,2025-11-25 18:41:01.693,0.816538,2.313990,55.922916,0.038575,0.009050,0.977651,0.095886,0.171163,9.661948,-0.001142,-0.000283,-0.009322,0.164355,0.837956,-1.214992,100305.0000
1764076261795786159,2025-11-25 18:41:01.793,0.813138,2.308663,56.002480,0.040294,0.006595,0.978386,0.514900,-0.382303,9.797557,0.002633,-0.001209,-0.008209,0.162443,0.837510,-1.213031,100304.0000
1764076261896855992,2025-11-25 18:41:01.893,0.818102,2.338469,56.087711,0.040206,0.009526,0.977473,0.603280,0.209405,9.969216,-0.000926,-0.008916,-0.013081,0.160992,0.837483,-1.213973,100305.0000
1764076261995395992,2025-11-25 18:41:01.992,0.819611,2.396168,56.186714,0.043844,0.009155,0.977911,0.458110,-0.226365,9.692728,-0.006167,-0.010401,-0.012224,0.159541,0.837457,-1.214914,100299.0000
1764076262096231603,2025-11-25 18:41:02.093,0.823532,2.445098,56.267082,0.044739,0.009528,0.978753,0.596017,0.010287,9.786553,0.004657,-0.007215,-0.006858,0.158100,0.838873,-1.215396,100307.0000
1764076262196550492,2025-11-25 18:41:02.193,0.829536,2.478417,56.349998,0.046419,0.008297,0.977291,0.161598,0.095890,9.594390,0.000325,0.000534,-0.009452,0.155683,0.837419,-1.215820,100306.0000
1764076262296030177,2025-11-25 18:41:02.293,0.840327,2.476150,56.432076,0.047846,0.008102,0.978530,0.560391,0.447381,9.682411,-0.000163,0.005864,-0.012561,0.156176,0.838864,-1.215367,100304.0000
1764076262395779918,2025-11-25 18:41:02.393,0.853567,2.396824,56.491791,0.046968,0.007178,0.978065,0.189358,0.084240,9.741838,0.002901,0.015530,-0.003117,0.155237,0.838921,-1.212465,100303.0000
1764076262496246140,2025-11-25 18:41:02.493,0.858393,2.277531,56.530205,0.042976,0.010380,0.976506,0.626624,0.003672,9.731256,0.002074,0.014804,-0.006002,0.155219,0.838403,-1.214384,100299.0000
1764076262595911270,2025-11-25 18:41:02.593,0.864157,2.193295,56.542713,0.037203,0.011159,0.976830,0.606229,-0.037123,9.921439,0.001351,0.010185,-0.002991,0.157605,0.836005,-1.215345,100300.0000
1764076262696371677,2025-11-25 18:41:02.693,0.861479,2.175810,56.537498,0.032011,0.011339,0.976669,-0.015067,0.169075,9.565659,-0.004050,0.001244,0.001747,0.155693,0.835559,-1.213384,100301.0000
1764076262796037307,2025-11-25 18:41:02.793,0.857790,2.230733,56.526131,0.035252,0.009658,0.978119,0.785353,0.026558,10.115015,0.003720,-0.010227,0.006631,0.156654,0.836031,-1.213887,100298.0000
1764076262896555196,2025-11-25 18:41:02.893,0.853557,2.297356,56.512882,0.038747,0.011741,0.977950,0.229931,0.257741,9.744679,0.001192,-0.004884,0.008751,0.157614,0.836970,-1.214878,100304.0000
1764076262995404473,2025-11-25 18:41:02.993,0.849884,2.349320,56.494694,0.042860,0.013436,0.977793,0.382368,0.050597,9.776188,0.002505,-0.007798,-0.002686,0.156652,0.836966,-1.214864,100304.0000
1764076263096014695,2025-11-25 18:41:03.093,0.839249,2.359430,56.469704,0.045337,0.011903,0.978945,0.352241,0.037183,9.803291,-0.003145,0.001081,0.008857,0.156176,0.838864,-1.215367,100303.0000
1764076263196146936,2025-11-25 18:41:03.193,0.817547,2.312792,56.436646,0.047166,0.011653,0.979161,0.642121,0.079307,9.771505,-0.003798,0.010673,0.011798,0.157136,0.838391,-1.215375,100305.0000
1764076263295658399,2025-11-25 18:41:03.293,0.800187,2.228919,56.397430,0.041884,0.012234,0.978334,0.612237,0.714184,9.835401,0.001127,0.011981,0.006171,0.161970,0.837529,-1.212061,100301.0000
1764076263395804047,2025-11-25 18:41:03.393,0.787832,2.155532,56.348618,0.034395,0.009204,0.975951,0.281568,-0.227909,9.870995,0.001628,0.009794,0.011275,0.160011,0.836016,-1.215381,100302.0000
1764076263496595195,2025-11-25 18:41:03.493,0.789786,2.129114,56.295677,0.034401,0.011200,0.978100,0.332134,-0.159328,9.735918,-0.001716,-0.005736,0.006363,0.160513,0.839372,-1.214957,100301.0000
1764076263595755343,2025-11-25 18:41:03.593,0.812438,2.141154,56.231636,0.036976,0.008557,0.979949,0.454972,0.160166,9.719037,0.007741,-0.002545,0.006426,0.163391,0.838419,-1.215467,100305.0000
1764076263695815899,2025-11-25 18:41:03.693,0.836660,2.165825,56.169415,0.038086,0.011802,0.977186,0.254464,-0.123499,9.955462,0.005694,-0.004786,0.008777,0.163867,0.837466,-1.215459,100295.0000
1764076263795536677,2025-11-25 18:41:03.793,0.854614,2.177042,56.076591,0.038244,0.013504,0.976066,0.381112,0.374974,9.595708,0.000829,-0.001489,0.028013,0.164826,0.836047,-1.214970,100305.0000
1764076263896358936,2025-11-25 18:41:03.893,0.856377,2.168560,55.988708,0.037634,0.015142,0.976041,0.375598,-0.045054,9.881802,-0.005275,-0.002853,0.007239,0.163867,0.837466,-1.215459,100303.0000
1764076263995553250,2025-11-25 18:41:03.993,0.862987,2.164862,55.891594,0.034339,0.009495,0.979368,0.663949,0.326983,10.131659,0.005096,0.002004,0.032712,0.167702,0.836975,-1.216953,100294.0000
1764076264095800343,2025-11-25 18:41:04.093,0.854569,2.187713,55.812153,0.035399,0.019487,0.978310,0.569416,0.622788,9.731860,-0.011781,-0.004430,-0.000860,0.167740,0.839902,-1.214109,100299.0000
1764076264195857213,2025-11-25 18:41:04.193,0.839097,2.221247,55.735504,0.035644,0.008567,0.978641,0.048034,-0.552141,9.837179,0.000490,-0.004249,0.022627,0.165806,0.836570,-1.213067,100303.0000
1764076264296120232,2025-11-25 18:41:04.293,0.823258,2.279207,55.620399,0.039100,0.012495,0.978844,0.460815,0.288475,9.817543,0.005199,-0.013640,0.022217,0.168186,0.836042,-1.215983,100296.0000
1764076264395839047,2025-11-25 18:41:04.393,0.813723,2.298715,55.479252,0.042439,0.014703,0.975761,0.510006,0.027212,9.560223,-0.007368,0.001924,0.008423,0.168697,0.838951,-1.214108,100297.0000
1764076264496211232,2025-11-25 18:41:04.493,0.798178,2.286520,55.336403,0.039723,0.009455,0.976900,0.329780,-0.091690,9.933195,0.003857,0.003701,0.021479,0.170603,0.837496,-1.215559,100304.0000
1764076264596030713,2025-11-25 18:41:04.593,0.786106,2.269177,55.172245,0.036912,0.010353,0.976831,0.420079,0.312465,9.772749,0.009023,-0.001878,0.040235,0.175888,0.837499,-1.216600,100308.0000
1764076264695469361,2025-11-25 18:41:04.693,0.779229,2.270097,54.979122,0.039857,0.013220,0.976782,0.533559,0.129806,9.536072,-0.002767,-0.002418,0.029905,0.176375,0.837044,-1.215637,100306.0000
1764076264795955306,2025-11-25 18:41:04.793,0.786595,2.277809,54.764091,0.038417,0.008825,0.981188,0.234012,-0.070455,10.116002,0.010269,-0.000454,0.043404,0.179273,0.837088,-1.214236,100303.0000
1764076264896249787,2025-11-25 18:41:04.893,0.801730,2.274307,54.548431,0.040294,0.015139,0.979922,0.628188,0.548775,9.848774,-0.002327,0.004121,0.037985,0.184083,0.837577,-1.214795,100305.0000
1764076264995532305,2025-11-25 18:41:04.993,0.809568,2.247392,54.344208,0.040679,0.013207,0.977211,0.376647,-0.445492,9.751421,0.008201,0.008461,0.033901,0.185534,0.837604,-1.213854,100302.0000
1764076265095735565,2025-11-25 18:41:05.093,0.824495,2.229690,54.144791,0.038167,0.014470,0.978986,0.354630,0.288493,9.768476,0.004541,-0.001686,0.027279,0.190351,0.837168,-1.212955,100301.0000
1764076265196369157,2025-11-25 18:41:05.193,0.839090,2.235997,53.954407,0.039052,0.017644,0.976144,0.591932,0.300038,9.610926,-0.001605,0.000091,0.033562,0.191771,0.836168,-1.215369,100303.0000
1764076265295965305,2025-11-25 18:41:05.293,0.847706,2.261743,53.774273,0.037521,0.011447,0.976677,0.151824,-0.135741,9.931428,0.001900,-0.006873,0.031378,0.194178,0.838070,-1.216396,100297.0000
1764076265395860250,2025-11-25 18:41:05.393,0.846461,2.263061,53.576363,0.040619,0.014823,0.977822,0.422262,0.167724,9.646893,0.012766,0.004520,0.048639,0.197549,0.838562,-1.216453,100304.0000
1764076265496097101,2025-11-25 18:41:05.493,0.838868,2.241380,53.367950,0.042022,0.020347,0.976035,0.523388,0.882570,9.638793,-0.008837,0.008069,0.020118,0.199939,0.834762,-1.215949,100296.0000
1764076265596102713,2025-11-25 18:41:05.593,0.830679,2.239021,53.181137,0.035973,0.012098,0.977595,0.350882,-0.861111,10.004442,0.004509,-0.001723,0.037984,0.202348,0.836196,-1.216488,100298.0000
1764076265695335157,2025-11-25 18:41:05.693,0.827646,2.261855,53.008167,0.035790,0.014584,0.979373,0.188293,0.563509,9.698426,0.007070,-0.004744,0.031749,0.203324,0.838121,-1.216050,100303.0000
1764076265795308490,2025-11-25 18:41:05.793,0.823802,2.284637,52.831882,0.042244,0.016669,0.978918,0.390598,0.482279,9.396441,-0.003150,-0.001167,0.022837,0.204789,0.840069,-1.214657,100311.0000
1764076265895396509,2025-11-25 18:41:05.893,0.812726,2.294249,52.647778,0.041294,0.010991,0.978204,0.536050,-0.337047,9.938403,-0.002720,0.000863,0.026223,0.210529,0.837177,-1.217105,100307.0000
1764076265995364731,2025-11-25 18:41:05.992,0.811043,2.301017,52.445984,0.039556,0.009571,0.979486,0.149547,-0.211720,9.903444,0.007894,0.004099,0.053658,0.212960,0.839140,-1.215244,100298.0000
1764076266095798046,2025-11-25 18:41:06.092,0.819199,2.292331,52.230980,0.043212,0.015539,0.976780,0.369759,0.848414,9.469883,0.003409,-0.000827,0.034265,0.214401,0.837256,-1.214273,100306.0000
1764076266196769545,2025-11-25 18:41:06.193,0.831155,2.263337,52.019478,0.042924,0.015598,0.975647,0.296883,-0.015691,9.610611,-0.000889,0.007131,0.027905,0.217756,0.836763,-1.215760,100305.0000
1764076266295522453,2025-11-25 18:41:06.293,0.829443,2.246353,51.820854,0.038819,0.012457,0.976227,0.517112,-0.314343,10.087266,0.001677,0.000505,0.031931,0.219674,0.836284,-1.216262,100300.0000
1764076266396203768,2025-11-25 18:41:06.393,0.824300,2.241191,51.627758,0.035877,0.013868,0.977558,0.345280,0.115535,9.829791,0.007993,-0.004784,0.044417,0.223525,0.835833,-1.215831,100297.0000
1764076266495479379,2025-11-25 18:41:06.493,0.818021,2.259876,51.434586,0.039143,0.018333,0.978562,0.509595,0.851273,9.534836,-0.000665,-0.003717,0.031602,0.225914,0.834858,-1.217296,100304.0000
1764076266595357527,2025-11-25 18:41:06.593,0.798442,2.301931,51.241821,0.040402,0.012377,0.979659,0.297578,-0.473923,9.784047,-0.006905,-0.005801,0.025636,0.227383,0.837762,-1.215917,100297.0000
1764076266696079601,2025-11-25 18:41:06.693,0.795273,2.354288,51.028206,0.039947,0.009935,0.978322,0.394202,0.617851,9.881040,0.008891,-0.012936,0.041928,0.229780,0.836807,-1.216419,100296.0000
1764076266795390008,2025-11-25 18:41:06.793,0.795245,2.381989,50.817719,0.045477,0.017005,0.975869,0.411733,0.791806,9.520992,-0.006258,-0.001816,0.027400,0.230720,0.835337,-1.218337,100300.0000
1764076266896319693,2025-11-25 18:41:06.893,0.796727,2.356102,50.617332,0.043125,0.010299,0.977430,0.198787,-0.472212,9.932510,0.008704,0.010358,0.031946,0.233653,0.837830,-1.214084,100300.0000
1764076266995268489,2025-11-25 18:41:06.992,0.804037,2.326234,50.419174,0.039631,0.014579,0.978142,0.516644,0.253469,9.647827,0.004876,-0.001773,0.047586,0.238422,0.835382,-1.217970,100303.0000
1764076267096095563,2025-11-25 18:41:07.092,0.801468,2.306258,50.244511,0.040318,0.015974,0.976654,0.496706,-0.156472,9.802696,0.002746,-0.001455,0.022608,0.238926,0.836858,-1.216073,100295.0000
1764076267197187156,2025-11-25 18:41:07.193,0.792459,2.340336,50.080681,0.037700,0.013746,0.978146,0.079557,0.033189,9.615842,-0.001220,-0.009947,0.035211,0.243248,0.835912,-1.216604,100300.0000
1764076267295893267,2025-11-25 18:41:07.293,0.780793,2.386931,49.938339,0.041834,0.013535,0.977595,0.641979,-0.010868,9.784718,0.005413,-0.012623,0.018899,0.242764,0.835432,-1.216589,100294.0000
1764076267396096230,2025-11-25 18:41:07.393,0.787375,2.418220,49.783352,0.045236,0.012981,0.979223,0.690312,0.308816,9.889710,0.004693,-0.004720,0.032065,0.245159,0.834000,-1.217084,100307.0000
1764076267496213526,2025-11-25 18:41:07.493,0.786992,2.425892,49.639915,0.047457,0.011914,0.977641,0.533410,-0.309938,9.796824,0.001590,0.008105,0.025348,0.247565,0.836368,-1.218601,100299.0000
1764076267596170100,2025-11-25 18:41:07.593,0.775268,2.413550,49.499302,0.044417,0.015290,0.978959,0.425265,0.798418,9.875278,-0.002108,0.007388,0.022176,0.250459,0.834044,-1.216200,100298.0000
1764076267696516452,2025-11-25 18:41:07.693,0.752433,2.409348,49.375008,0.040101,0.009556,0.977337,0.185620,-0.327129,9.843203,-0.004239,-0.002394,0.025088,0.250472,0.833607,-1.214267,100303.0000
1764076267795723045,2025-11-25 18:41:07.793,0.747241,2.413126,49.246311,0.042232,0.012191,0.978287,0.362462,0.218398,9.649281,-0.001245,-0.003803,0.025011,0.253825,0.835939,-1.217723,100302.0000
1764076267896314563,2025-11-25 18:41:07.893,0.764816,2.418785,49.116074,0.041677,0.009539,0.977621,0.662923,0.101242,9.820054,0.003931,-0.002738,0.019274,0.254310,0.833594,-1.215768,100297.0000
1764076267995618933,2025-11-25 18:41:07.992,0.795092,2.408802,48.968754,0.043533,0.009989,0.976653,0.418583,-0.247400,9.933378,0.007562,0.003473,0.030891,0.256236,0.835493,-1.216789,100303.0000
1764076268095793730,2025-11-25 18:41:08.092,0.828636,2.396981,48.814430,0.042809,0.013982,0.976843,0.432699,0.324748,9.593562,0.002575,-0.000963,0.030531,0.258626,0.833105,-1.217269,100302.0000
1764076268195499563,2025-11-25 18:41:08.193,0.836442,2.401831,48.658546,0.044163,0.015934,0.978162,0.595165,0.666419,9.778298,-0.001266,0.001954,0.037029,0.259599,0.833607,-1.216327,100303.0000
1764076268296617803,2025-11-25 18:41:08.293,0.823973,2.409220,48.521473,0.041450,0.015860,0.977668,0.162540,0.200161,9.897272,-0.001626,-0.001180,0.021910,0.262006,0.833151,-1.215875,100294.0000
1764076268396282618,2025-11-25 18:41:08.393,0.796125,2.426413,48.415966,0.043000,0.013371,0.978207,0.147166,-0.201819,9.705530,-0.005708,0.000050,0.014169,0.264403,0.832196,-1.216377,100300.0000
1764076268496068822,2025-11-25 18:41:08.493,0.773647,2.460584,48.330593,0.043340,0.012005,0.978143,0.400234,0.053191,9.723869,-0.002704,-0.009244,0.009420,0.263435,0.831703,-1.216837,100298.0000
1764076268595781877,2025-11-25 18:41:08.593,0.763392,2.480085,48.243687,0.046024,0.009446,0.977338,0.570256,0.588169,9.681545,-0.004736,-0.006448,0.025215,0.265860,0.831765,-1.214465,100298.0000
1764076268695619618,2025-11-25 18:41:08.693,0.775294,2.479037,48.168163,0.046574,0.010664,0.977293,0.674807,0.490892,9.827973,0.006572,-0.001105,0.007139,0.265847,0.832202,-1.216398,100300.0000
1764076268795646303,2025-11-25 18:41:08.793,0.788447,2.488115,48.100605,0.044097,0.010969,0.976753,0.483743,0.071486,9.851155,0.002761,-0.003627,0.006357,0.266794,0.832166,-1.218338,100307.0000
1764076268895365044,2025-11-25 18:41:08.893,0.795106,2.506333,48.057777,0.044858,0.013090,0.978559,0.397243,-0.235990,9.761870,0.006315,-0.004955,0.002243,0.266811,0.832685,-1.216420,100305.0000
1764076268995368470,2025-11-25 18:41:08.993,0.778592,2.510714,48.028263,0.045775,0.015330,0.978833,0.622791,0.339244,9.758023,-0.009355,-0.000690,-0.002452,0.266314,0.831696,-1.217842,100305.0000
1764076269095901747,2025-11-25 18:41:09.093,0.750086,2.500670,48.020500,0.045050,0.010457,0.977219,0.391994,0.256311,9.783509,0.000208,0.004033,-0.006117,0.267795,0.834630,-1.215019,100304.0000
1764076269196197359,2025-11-25 18:41:09.193,0.728130,2.504756,48.023117,0.043027,0.007640,0.976504,0.322455,-0.170288,9.702963,-0.002344,-0.008434,0.007699,0.263447,0.834092,-1.216873,100305.0000
1764076269296001007,2025-11-25 18:41:09.293,0.724143,2.534817,48.031864,0.045267,0.007057,0.977504,0.625864,0.079800,9.903956,0.009062,-0.003569,-0.004237,0.267789,0.832730,-1.214509,100294.0000
1764076269395851229,2025-11-25 18:41:09.393,0.743204,2.567341,48.023903,0.046100,0.006777,0.977170,0.605612,0.090392,9.833863,0.003387,-0.003838,0.008244,0.268256,0.832223,-1.215952,100302.0000
1764076269495813247,2025-11-25 18:41:09.493,0.771999,2.571560,47.995213,0.047980,0.009230,0.978280,0.405114,0.073844,9.704321,0.000778,0.000434,0.005345,0.266351,0.834623,-1.214998,100299.0000
1764076269596327006,2025-11-25 18:41:09.593,0.796600,2.545355,47.950058,0.047327,0.012294,0.979147,0.608980,0.156409,9.888467,-0.001686,0.011083,-0.000252,0.268724,0.832662,-1.217893,100301.0000
1764076269695917099,2025-11-25 18:41:09.693,0.802975,2.519709,47.911274,0.042916,0.012500,0.977305,0.497128,0.015160,9.870273,-0.002229,0.002234,0.001903,0.270181,0.829874,-1.214500,100301.0000
1764076269795580025,2025-11-25 18:41:09.793,0.794430,2.504232,47.879360,0.044891,0.012766,0.977356,0.506339,-0.022626,9.742536,0.000727,-0.001264,0.004914,0.268731,0.831738,-1.216434,100296.0000
1764076269896197858,2025-11-25 18:41:09.893,0.777360,2.528766,47.866737,0.042226,0.010642,0.977192,0.820076,-0.045022,10.050240,-0.001593,-0.011117,0.006608,0.268767,0.835132,-1.214078,100306.0000
1764076269995295006,2025-11-25 18:41:09.992,0.765616,2.564806,47.855556,0.045961,0.009521,0.977253,0.307309,0.007736,9.680808,0.009315,-0.007172,0.006776,0.270202,0.834173,-1.214566,100305.0000
1764076270096026821,2025-11-25 18:41:10.093,0.761003,2.597067,47.838352,0.048110,0.010612,0.977423,0.552542,0.017566,9.719434,0.005418,-0.005982,0.003451,0.271620,0.833641,-1.217468,100305.0000
1764076270195942728,2025-11-25 18:41:10.193,0.761969,2.619925,47.829773,0.048646,0.010821,0.977305,0.487417,0.221981,9.818006,0.008420,-0.005452,-0.002832,0.269704,0.832240,-1.215492,100303.0000
1764076270296162580,2025-11-25 18:41:10.293,0.773400,2.619290,47.822056,0.048150,0.009192,0.977366,0.630553,-0.052085,9.908752,0.007494,-0.005777,0.000616,0.269203,0.832187,-1.217892,100306.0000
1764076270396643654,2025-11-25 18:41:10.393,0.789362,2.613496,47.800838,0.046505,0.009504,0.977766,0.529550,0.487630,9.747003,0.013993,-0.005690,0.011084,0.268753,0.834624,-1.215515,100299.0000
1764076270496145302,2025-11-25 18:41:10.493,0.806965,2.627040,47.780697,0.047953,0.010665,0.979333,0.358630,-0.372310,9.901950,0.003191,0.003770,0.005297,0.269708,0.833195,-1.215507,100299.0000
1764076270595563080,2025-11-25 18:41:10.593,0.811605,2.635056,47.760349,0.048739,0.013160,0.977417,0.624847,0.282065,9.768206,0.005308,0.003784,0.001928,0.269699,0.831285,-1.215478,100305.0000
1764076270695535784,2025-11-25 18:41:10.693,0.802002,2.642174,47.750866,0.047161,0.011834,0.975796,0.422802,-0.109624,9.687181,-0.007027,0.000827,-0.003537,0.270200,0.836054,-1.216039,100304.0000
1764076270795378043,2025-11-25 18:41:10.793,0.794296,2.631296,47.745003,0.050391,0.011006,0.977291,0.416863,0.038850,9.699377,0.000724,0.003258,0.004543,0.269702,0.832708,-1.215981,100301.0000
1764076270895315432,2025-11-25 18:41:10.893,0.788791,2.603116,47.752682,0.046960,0.012076,0.977766,0.571870,0.166381,9.855075,-0.003810,0.002185,-0.008732,0.269704,0.833185,-1.215988,100308.0000
1764076270995354728,2025-11-25 18:41:10.993,0.783728,2.581614,47.763252,0.045559,0.009208,0.977396,0.611057,-0.095855,9.947604,0.006037,-0.002278,0.000048,0.268756,0.835102,-1.215522,100300.0000
1764076271095405283,2025-11-25 18:41:11.092,0.772644,2.568003,47.780731,0.048766,0.010515,0.978057,0.422385,0.155846,9.603189,0.004031,0.002331,0.001193,0.271138,0.830336,-1.215484,100300.0000
1764076271197384394,2025-11-25 18:41:11.193,0.755321,2.567180,47.819252,0.045029,0.010951,0.977646,0.437683,0.347560,9.794960,0.000607,-0.003177,-0.020403,0.269227,0.834606,-1.216485,100298.0000
1764076271295974135,2025-11-25 18:41:11.293,0.735717,2.580210,47.852386,0.046252,0.007503,0.978145,0.914047,0.193229,10.017471,-0.002763,-0.001624,0.005803,0.269708,0.833195,-1.215507,100300.0000
1764076271396276042,2025-11-25 18:41:11.393,0.721613,2.584126,47.880795,0.045993,0.008851,0.977006,0.258714,0.308778,9.773555,-0.003460,-0.002230,-0.001904,0.268290,0.832783,-1.212109,100294.0000
1764076271496618839,2025-11-25 18:41:11.493,0.715807,2.574972,47.914871,0.048233,0.007847,0.977398,0.245981,-0.244726,9.586801,0.002617,0.001565,-0.009285,0.268752,0.835092,-1.216003,100306.0000
1764076271595699450,2025-11-25 18:41:11.593,0.719534,2.558220,47.953617,0.043890,0.008871,0.976771,0.302282,0.349771,9.759092,-0.005543,-0.000233,-0.014703,0.269232,0.834149,-1.215515,100305.0000
1764076271696191653,2025-11-25 18:41:11.693,0.736629,2.559583,48.014641,0.043047,0.007795,0.976679,0.323737,0.005936,9.694690,0.005525,-0.004073,-0.015008,0.267784,0.833187,-1.215479,100305.0000
1764076271795969801,2025-11-25 18:41:11.793,0.754332,2.594759,48.078083,0.043156,0.007513,0.977853,0.117762,-0.256949,9.685628,0.001188,-0.013218,-0.012392,0.264921,0.836538,-1.214524,100301.0000
1764076271896016894,2025-11-25 18:41:11.893,0.764239,2.638045,48.142883,0.046763,0.009764,0.978735,0.722989,-0.019850,9.927588,0.007714,-0.008149,0.004281,0.262479,0.834545,-1.217829,100303.0000
1764076271995437672,2025-11-25 18:41:11.993,0.759783,2.647178,48.208397,0.050639,0.011438,0.977479,0.562411,0.346973,9.801523,0.003844,0.002803,-0.008021,0.262497,0.833651,-1.214926,100305.0000
1764076272096186912,2025-11-25 18:41:12.093,0.749554,2.610990,48.269058,0.052073,0.009208,0.978887,0.331256,-0.195146,9.636083,0.005700,0.013141,-0.004505,0.263948,0.835090,-1.214969,100297.0000
1764076272196602709,2025-11-25 18:41:12.193,0.745268,2.558243,48.328732,0.047146,0.010125,0.976872,0.477429,0.416710,9.689657,-0.005112,0.010366,-0.016027,0.263954,0.833220,-1.213015,100300.0000
1764076272296537301,2025-11-25 18:41:12.293,0.751760,2.505880,48.377682,0.043333,0.007033,0.977679,0.401302,0.421545,9.714670,0.007215,0.014396,-0.006288,0.260602,0.835604,-1.212520,100299.0000
1764076272396005042,2025-11-25 18:41:12.393,0.758593,2.448848,48.406441,0.041382,0.008669,0.978669,0.409229,-0.076665,9.931979,0.004979,0.012525,-0.014660,0.261066,0.836033,-1.214941,100302.0000
1764076272496073320,2025-11-25 18:41:12.493,0.763907,2.398344,48.419907,0.036084,0.009291,0.977572,0.424480,-0.081442,9.894025,0.004750,0.002116,0.004667,0.263471,0.835098,-1.214481,100308.0000
1764076272595328819,2025-11-25 18:41:12.593,0.770633,2.373773,48.440151,0.038319,0.010757,0.977588,0.553276,-0.033414,9.877687,0.005597,0.001294,-0.007865,0.263955,0.836523,-1.214991,100307.0000
1764076272696159986,2025-11-25 18:41:12.693,0.767668,2.385925,48.459560,0.039643,0.012377,0.977901,0.552380,0.405775,9.828933,-0.003324,-0.002872,-0.005786,0.262535,0.836578,-1.212082,100305.0000
1764076272795911727,2025-11-25 18:41:12.793,0.754579,2.421864,48.481625,0.040322,0.009656,0.976271,0.324076,0.131880,9.888453,-0.004410,-0.007687,-0.011691,0.262032,0.836047,-1.214475,100300.0000
1764076272896235412,2025-11-25 18:41:12.893,0.739239,2.467554,48.514027,0.042706,0.009467,0.977054,0.454228,0.038305,9.712683,-0.008594,-0.005594,-0.010239,0.257699,0.835550,-1.214404,100299.0000
1764076272995581486,2025-11-25 18:41:12.992,0.727591,2.506028,48.549530,0.042959,0.007941,0.977107,0.315250,0.049631,9.784822,-0.002247,-0.011728,-0.003317,0.259143,0.835557,-1.214425,100297.0000
1764076273096138282,2025-11-25 18:41:13.093,0.722403,2.530863,48.593189,0.048793,0.009222,0.978892,0.444317,-0.040174,9.791192,0.003041,-0.009031,0.003213,0.256742,0.836501,-1.214404,100293.0000
1764076273196420838,2025-11-25 18:41:13.193,0.725815,2.521114,48.650967,0.048656,0.008264,0.978558,0.705662,0.124008,9.761657,-0.002249,0.008739,-0.007439,0.258183,0.834617,-1.213432,100304.0000
1764076273296641745,2025-11-25 18:41:13.293,0.741311,2.479124,48.706310,0.044742,0.007310,0.977611,0.436054,0.181542,9.691097,0.006151,0.008236,-0.003373,0.257229,0.833221,-1.211471,100297.0000
1764076273395354134,2025-11-25 18:41:13.393,0.760102,2.429863,48.760509,0.040895,0.009066,0.978130,0.228313,0.267004,9.671466,0.001518,0.003785,-0.015255,0.257219,0.835080,-1.213907,100305.0000
1764076273495358208,2025-11-25 18:41:13.493,0.761295,2.419123,48.820087,0.039899,0.011365,0.977108,0.457695,0.255206,9.808924,-0.003239,-0.000139,-0.016402,0.255302,0.836505,-1.213901,100296.0000
1764076273596380300,2025-11-25 18:41:13.593,0.750437,2.451526,48.898785,0.040704,0.011114,0.976855,0.357868,-0.328764,9.735766,-0.001465,-0.009526,-0.009897,0.255785,0.834627,-1.212434,100298.0000
1764076273696033337,2025-11-25 18:41:13.693,0.733850,2.515449,48.994682,0.044596,0.008876,0.978028,0.555425,0.040929,9.916367,-0.006862,-0.007667,-0.010788,0.253376,0.836964,-1.214361,100300.0000
1764076273796381245,2025-11-25 18:41:13.793,0.723393,2.576853,49.109585,0.046650,0.007664,0.976808,0.422528,0.192367,9.610884,0.004531,-0.011847,-0.012847,0.250990,0.835591,-1.210934,100299.0000
1764076273895296911,2025-11-25 18:41:13.892,0.721965,2.615625,49.230156,0.049721,0.007105,0.978252,0.520167,0.152887,9.849212,0.003309,-0.005491,-0.025375,0.249990,0.834072,-1.214749,100307.0000
1764076273995308041,2025-11-25 18:41:13.992,0.724582,2.627827,49.329456,0.050431,0.006271,0.977882,0.456311,-0.201646,9.754525,-0.002676,-0.002953,-0.022989,0.249060,0.838398,-1.213356,100307.0000
1764076274095875022,2025-11-25 18:41:14.093,0.729368,2.596633,49.414234,0.050103,0.007103,0.977020,0.354217,-0.282598,9.672770,0.005783,0.003610,-0.011551,0.246657,0.838865,-1.213328,100305.0000
1764076274195992652,2025-11-25 18:41:14.193,0.728909,2.532414,49.481445,0.047126,0.009439,0.978154,0.383846,0.166700,9.750102,-0.002671,0.015993,-0.005510,0.246653,0.836496,-1.212329,100301.0000
1764076274295926874,2025-11-25 18:41:14.293,0.719368,2.474977,49.537640,0.042924,0.009292,0.976900,0.388545,0.288253,9.644864,0.001382,0.005043,-0.003150,0.246187,0.837948,-1.211381,100303.0000
1764076274396208800,2025-11-25 18:41:14.393,0.710556,2.451014,49.604774,0.041044,0.008762,0.979252,0.478008,0.033609,9.734135,-0.004443,0.000055,-0.014528,0.245717,0.839389,-1.210914,100299.0000
1764076274496278633,2025-11-25 18:41:14.493,0.696991,2.454829,49.701214,0.042551,0.007909,0.977763,0.265912,0.080270,9.842975,-0.001780,-0.005278,-0.022041,0.242809,0.837434,-1.212286,100300.0000
1764076274596115726,2025-11-25 18:41:14.593,0.696767,2.492225,49.803535,0.043072,0.007195,0.976962,0.591110,-0.261443,9.710439,0.000256,-0.011950,-0.015347,0.242355,0.839862,-1.210390,100297.0000
1764076274696442874,2025-11-25 18:41:14.693,0.714212,2.516845,49.897629,0.045563,0.006241,0.976955,0.440217,0.350182,9.784815,0.006280,0.000865,-0.017587,0.239452,0.837450,-1.210792,100300.0000
1764076274795570763,2025-11-25 18:41:14.793,0.746959,2.499793,49.970085,0.046215,0.007154,0.977142,0.668360,0.173187,9.831950,0.005712,-0.000827,-0.012154,0.239930,0.839800,-1.212762,100308.0000
1764076274895954614,2025-11-25 18:41:14.893,0.768428,2.457939,50.012695,0.042933,0.009766,0.977849,0.635297,0.050244,9.993320,0.001271,0.004650,-0.008632,0.240406,0.838846,-1.212754,100303.0000
1764076274996023688,2025-11-25 18:41:14.993,0.768018,2.392200,50.055355,0.045314,0.010802,0.978867,0.353846,-0.241161,9.659233,0.000044,0.019462,-0.001411,0.238932,0.837346,-1.215599,100303.0000
1764076275095467725,2025-11-25 18:41:15.092,0.753669,2.305562,50.099735,0.041606,0.012045,0.979322,0.516684,0.272642,9.775877,-0.002199,0.019443,-0.018725,0.239433,0.837399,-1.213199,100305.0000
1764076275196114151,2025-11-25 18:41:15.193,0.741804,2.217626,50.129265,0.036509,0.009652,0.978156,0.267175,0.213272,9.786096,0.002586,0.013828,-0.002221,0.239920,0.837889,-1.212732,100307.0000
1764076275295302096,2025-11-25 18:41:15.293,0.743343,2.174718,50.162052,0.033074,0.010076,0.976868,0.385048,0.386618,9.759541,0.000208,0.001409,-0.008467,0.241370,0.836971,-1.211295,100295.0000
1764076275396048262,2025-11-25 18:41:15.393,0.749426,2.184788,50.219063,0.035217,0.011450,0.978190,0.490141,0.318148,9.884931,0.007459,-0.011503,-0.010177,0.240414,0.838867,-1.211791,100305.0000
1764076275495598892,2025-11-25 18:41:15.493,0.754036,2.229424,50.292458,0.038048,0.008831,0.976910,0.363930,-0.105957,9.746640,-0.001594,-0.010468,-0.006769,0.238936,0.837356,-1.215118,100300.0000
1764076275595671114,2025-11-25 18:41:15.593,0.766103,2.285753,50.346123,0.039994,0.009284,0.977246,0.531214,0.283321,9.654341,0.008919,-0.007020,-0.002718,0.237995,0.837880,-1.212704,100300.0000
1764076275695786781,2025-11-25 18:41:15.693,0.771804,2.313942,50.362446,0.040453,0.011370,0.976189,0.283880,0.224565,9.793931,0.002058,-0.008159,0.003910,0.237515,0.838823,-1.213193,100305.0000
1764076275795561855,2025-11-25 18:41:15.793,0.762610,2.318211,50.381927,0.044147,0.012108,0.978536,0.704673,0.065746,9.851014,-0.006778,0.000726,-0.010043,0.237520,0.839779,-1.213207,100305.0000
1764076275896520669,2025-11-25 18:41:15.893,0.745942,2.294276,50.424049,0.043918,0.010755,0.980065,0.491845,0.363829,9.795517,-0.001383,0.006027,-0.013752,0.236070,0.836927,-1.212179,100303.0000
1764076275995604429,2025-11-25 18:41:15.993,0.724964,2.260594,50.461922,0.043030,0.008853,0.979333,0.455479,0.364508,9.740324,-0.003649,0.012128,0.004070,0.235113,0.838823,-1.212676,100307.0000
1764076276095458225,2025-11-25 18:41:16.092,0.724031,2.227026,50.483067,0.036169,0.008956,0.976100,0.154043,0.417005,9.713686,0.004293,0.001650,-0.003565,0.236568,0.836502,-1.209772,100303.0000
1764076276196360688,2025-11-25 18:41:16.193,0.732660,2.209115,50.498562,0.039317,0.010698,0.978280,0.268781,-0.067024,9.631422,-0.002336,0.008147,-0.003427,0.234642,0.839319,-1.211713,100305.0000
1764076276295280577,2025-11-25 18:41:16.293,0.746889,2.195274,50.525101,0.035286,0.011641,0.977064,0.144734,0.317838,9.790738,-0.001287,-0.003033,-0.008080,0.235106,0.837390,-1.212654,100298.0000
1764076276396249151,2025-11-25 18:41:16.393,0.744201,2.209033,50.556541,0.035459,0.012116,0.976051,0.545947,0.338300,9.761509,-0.000350,-0.010993,-0.006746,0.233206,0.838387,-1.210233,100301.0000
1764076276496071873,2025-11-25 18:41:16.493,0.734017,2.253463,50.584396,0.038374,0.009006,0.976631,0.332008,-0.041377,9.895255,-0.002165,-0.012882,-0.007217,0.235139,0.839361,-1.209795,100305.0000
1764076276596124984,2025-11-25 18:41:16.593,0.732027,2.296736,50.588684,0.042117,0.009546,0.978326,0.379366,-0.095187,9.686206,0.003224,-0.004219,0.001474,0.233191,0.839292,-1.212655,100297.0000
1764076276695969169,2025-11-25 18:41:16.693,0.737373,2.311937,50.596462,0.041179,0.011635,0.978138,0.459596,0.025342,9.823562,0.003212,0.001560,-0.011543,0.233676,0.839304,-1.212180,100295.0000
1764076276795837021,2025-11-25 18:41:16.793,0.740912,2.323831,50.613590,0.040032,0.009877,0.978306,0.049610,-0.179254,9.724313,0.000870,-0.000330,-0.001971,0.233191,0.839292,-1.212655,100300.0000
1764076276896713039,2025-11-25 18:41:16.893,0.749165,2.329027,50.652821,0.041649,0.011811,0.977914,0.610302,0.078635,9.885115,0.005014,-0.005357,-0.008764,0.232225,0.837865,-1.212137,100299.0000
1764076276995642002,2025-11-25 18:41:16.993,0.746620,2.333368,50.712212,0.044079,0.011505,0.978097,0.470515,0.003810,9.883730,-0.004040,-0.001213,-0.010910,0.232704,0.837389,-1.212137,100303.0000
1764076277096218650,2025-11-25 18:41:17.092,0.733141,2.328281,50.760841,0.042848,0.010696,0.977949,0.785601,-0.025154,9.806484,-0.002372,-0.000638,-0.014001,0.230784,0.838336,-1.212123,100300.0000
1764076277195358891,2025-11-25 18:41:17.193,0.708874,2.316776,50.816685,0.044947,0.010292,0.977149,0.528037,0.464237,9.646424,-0.008996,0.004854,-0.007647,0.229825,0.836451,-1.210635,100296.0000
1764076277295315094,2025-11-25 18:41:17.293,0.680883,2.305185,50.879829,0.041893,0.008233,0.977863,0.308028,0.454729,9.640649,-0.002449,0.003066,-0.015887,0.229360,0.839793,-1.210680,100309.0000
1764076277395320631,2025-11-25 18:41:17.392,0.667513,2.311351,50.941574,0.040840,0.005727,0.978188,0.418643,-0.086535,9.862666,-0.008723,0.002192,-0.008686,0.228405,0.839809,-1.209703,100300.0000
1764076277496020391,2025-11-25 18:41:17.493,0.669697,2.314647,50.995243,0.039972,0.007132,0.977722,0.101727,-0.161256,9.671386,0.001638,-0.004150,-0.007021,0.226483,0.841691,-1.210666,100300.0000
1764076277596103224,2025-11-25 18:41:17.593,0.683098,2.327592,51.047813,0.042320,0.008991,0.976952,0.405447,0.431143,9.694272,-0.005571,-0.007400,-0.006711,0.225021,0.838808,-1.211082,100298.0000
1764076277696220279,2025-11-25 18:41:17.693,0.706221,2.340055,51.107719,0.045000,0.006811,0.977871,0.396790,0.120995,9.646411,0.008500,-0.003867,-0.006493,0.225037,0.841207,-1.210638,100300.0000
1764076277795607002,2025-11-25 18:41:17.793,0.719087,2.358711,51.147289,0.042662,0.008937,0.977567,0.500893,0.257226,9.766097,-0.000022,-0.003193,-0.012405,0.224055,0.838793,-1.211549,100305.0000
1764076277895331594,2025-11-25 18:41:17.893,0.722763,2.365476,51.174126,0.043321,0.010355,0.977480,0.644189,-0.145341,9.981299,0.005183,-0.000341,-0.005531,0.221150,0.840620,-1.214906,100300.0000
1764076277995642872,2025-11-25 18:41:17.993,0.717605,2.369585,51.218082,0.042790,0.010967,0.977454,0.210369,-0.009555,9.819764,-0.003229,-0.004470,-0.005785,0.223575,0.838324,-1.211054,100309.0000
1764076278096051316,2025-11-25 18:41:18.093,0.710259,2.408548,51.276730,0.042406,0.010289,0.977124,0.361329,0.017072,9.655023,0.001437,-0.010541,-0.018587,0.223097,0.839745,-1.211550,100297.0000
1764076278196433261,2025-11-25 18:41:18.193,0.715801,2.456621,51.334442,0.043336,0.007584,0.978461,0.328324,0.320446,9.819477,0.002862,-0.011946,-0.011635,0.221168,0.838780,-1.211507,100294.0000
1764076278295819983,2025-11-25 18:41:18.293,0.737209,2.476873,51.376354,0.048329,0.008425,0.978130,0.454536,-0.136219,9.755739,0.005099,-0.001146,-0.004030,0.220222,0.839762,-1.210063,100298.0000
1764076278396231279,2025-11-25 18:41:18.393,0.754480,2.489459,51.421715,0.048812,0.011426,0.977774,0.873960,0.302678,10.021510,0.002465,0.001669,-0.007890,0.219240,0.839707,-1.212456,100306.0000
1764076278496068020,2025-11-25 18:41:18.493,0.743951,2.470913,51.480576,0.048743,0.011683,0.975421,0.302789,0.199942,9.660635,-0.002597,0.005642,-0.011592,0.221171,0.837846,-1.210529,100305.0000
1764076278596265131,2025-11-25 18:41:18.593,0.722322,2.438279,51.546967,0.048104,0.010449,0.978111,0.556406,-0.042449,9.710741,-0.007370,0.006871,-0.010886,0.219240,0.837349,-1.210975,100303.0000
1764076278695727927,2025-11-25 18:41:18.693,0.697715,2.427761,51.631901,0.041354,0.008835,0.976012,0.542717,0.229965,9.638015,-0.008073,-0.000533,-0.008319,0.216857,0.841170,-1.210517,100301.0000
1764076278795511501,2025-11-25 18:41:18.793,0.690004,2.446265,51.719833,0.043124,0.005013,0.978225,0.200723,0.010943,9.704172,0.005250,-0.004748,-0.014069,0.215878,0.839234,-1.211436,100296.0000
1764076278895586519,2025-11-25 18:41:18.893,0.696291,2.491778,51.775593,0.045261,0.005489,0.979387,0.423735,-0.236268,9.996054,0.000424,-0.010180,-0.011020,0.212529,0.839270,-1.208979,100300.0000
1764076278995767445,2025-11-25 18:41:18.993,0.710969,2.524802,51.823761,0.048295,0.009941,0.978556,0.697258,0.024837,9.908839,0.012106,-0.002707,-0.008484,0.213009,0.839740,-1.209475,100304.0000
1764076279096015760,2025-11-25 18:41:19.093,0.709515,2.544363,51.880394,0.049384,0.011021,0.976599,0.383885,0.248907,9.668042,-0.004902,-0.000511,-0.004780,0.213494,0.842110,-1.210481,100307.0000
1764076279195981482,2025-11-25 18:41:19.193,0.714059,2.511552,51.908936,0.052261,0.008598,0.977904,0.288912,-0.206485,9.627619,0.001142,0.012337,-0.004556,0.212029,0.837804,-1.210394,100296.0000
1764076279295326890,2025-11-25 18:41:19.292,0.718313,2.446346,51.930264,0.045743,0.009830,0.976987,0.348016,0.172379,9.769133,-0.005554,0.009525,0.000064,0.214458,0.841647,-1.210007,100292.0000
1764076279396104556,2025-11-25 18:41:19.393,0.719505,2.389160,51.957867,0.042026,0.011945,0.976578,0.260117,0.495684,9.762427,0.003814,0.002800,-0.009910,0.213004,0.842555,-1.211926,100299.0000
1764076279496079945,2025-11-25 18:41:19.493,0.711487,2.385501,52.009525,0.041031,0.010322,0.977134,0.611225,0.119595,9.798479,-0.010278,-0.007717,-0.006951,0.214937,0.842117,-1.210503,100300.0000
1764076279595522871,2025-11-25 18:41:19.593,0.701676,2.423604,52.052990,0.042561,0.007231,0.978042,0.995821,-0.086833,10.003735,0.004526,-0.004641,0.003067,0.212038,0.841128,-1.211408,100294.0000
1764076279695996149,2025-11-25 18:41:19.693,0.693373,2.455987,52.079037,0.044939,0.010150,0.977885,0.249180,0.113521,9.688518,-0.004712,-0.002234,-0.007599,0.211082,0.839253,-1.209439,100294.0000
1764076279795798445,2025-11-25 18:41:19.793,0.680479,2.482395,52.106182,0.047331,0.009094,0.978632,0.609390,0.276376,9.792784,-0.003813,-0.004273,-0.009596,0.210597,0.840186,-1.210410,100294.0000
1764076279896457815,2025-11-25 18:41:19.893,0.676975,2.435935,52.116512,0.049173,0.005992,0.980572,0.684862,-0.171445,9.959141,-0.000365,0.027402,-0.004372,0.208681,0.840198,-1.209418,100296.0000
1764076279996105111,2025-11-25 18:41:19.993,0.700126,2.098391,51.997478,0.043470,0.005851,0.982164,0.304028,0.135862,9.897389,0.013773,0.087032,0.029746,0.215906,0.842609,-1.210043,100301.0000
1764076280095291593,2025-11-25 18:41:20.092,0.740311,1.462918,51.753410,0.022785,0.013250,0.982010,-0.110321,0.363058,9.647632,0.006735,0.126354,0.056607,0.226484,0.842636,-1.211162,100296.0000
1764076280195490482,2025-11-25 18:41:20.193,0.788767,0.625741,51.353119,-0.008471,0.011652,0.983020,-0.281666,0.213278,9.829375,0.007621,0.145833,0.081795,0.237541,0.837950,-1.209327,100298.0000
1764076280295940019,2025-11-25 18:41:20.293,0.861556,-0.133272,50.824375,-0.039994,0.015964,0.981207,-0.409065,0.154543,9.870380,0.017491,0.104611,0.106702,0.251015,0.837542,-1.209037,100307.0000
1764076280395348537,2025-11-25 18:41:20.393,0.947498,-0.680006,50.250366,-0.057608,0.020121,0.984335,0.389877,0.033125,10.127447,0.023453,0.088721,0.085979,0.263983,0.835182,-1.210637,100303.0000
1764076280495996648,2025-11-25 18:41:20.493,1.030207,-1.253656,49.581947,-0.083382,0.025675,0.978282,-2.984923,-1.109463,8.990005,0.019569,0.119152,0.116470,0.275024,0.832335,-1.212201,100300.0000
1764076280595633815,2025-11-25 18:41:20.593,1.011814,-2.000712,48.567661,-0.128371,0.034692,0.976256,-0.591644,-0.082683,10.523493,-0.011398,0.140378,0.200398,0.296214,0.833426,-1.210603,100300.0000
1764076280695666333,2025-11-25 18:41:20.693,0.868007,-2.394801,47.328262,-0.151983,0.032729,0.966539,-0.860177,0.989361,9.868901,-0.040703,0.017829,0.228989,0.316924,0.832158,-1.207517,100294.0000
1764076280795940166,2025-11-25 18:41:20.793,0.676671,-2.220515,46.144329,-0.153591,0.024390,0.970197,-2.142682,1.438637,9.853976,-0.037689,-0.066012,0.193496,0.331367,0.829418,-1.204798,100305.0000
1764076280895943092,2025-11-25 18:41:20.893,0.583589,-1.690489,44.960854,-0.125917,-0.005185,0.967528,-1.009379,-0.211471,9.542727,0.005761,-0.119699,0.238849,0.340536,0.830942,-1.202549,100305.0000
1764076280995816222,2025-11-25 18:41:20.993,0.631894,-0.888820,43.710926,-0.098769,0.011814,0.967071,-0.577137,-0.025601,9.753478,-0.006171,-0.153682,0.199101,0.348668,0.826142,-1.205485,100308.0000
1764076281095542370,2025-11-25 18:41:21.092,0.742958,-0.045999,42.378983,-0.056015,-0.000015,0.967260,0.168491,0.488955,9.640663,0.030090,-0.129838,0.279900,0.359685,0.820876,-1.208456,100298.0000
1764076281195626240,2025-11-25 18:41:21.193,0.762933,0.510238,40.991722,-0.020939,0.032913,0.975312,0.237853,2.702966,9.850250,-0.020864,-0.082785,0.225220,0.373103,0.814665,-1.211448,100300.0000
1764076281295717611,2025-11-25 18:41:21.293,0.640975,0.688867,39.591816,-0.008794,0.020016,0.978755,-0.759059,-0.995872,8.990931,-0.026544,0.008164,0.250435,0.388030,0.812405,-1.208744,100305.0000
1764076281396081314,2025-11-25 18:41:21.393,0.474259,0.543888,38.156166,-0.007447,0.009715,0.987530,0.165650,-0.055187,10.023602,-0.023616,0.049237,0.263162,0.402955,0.809668,-1.206032,100303.0000
1764076281495999499,2025-11-25 18:41:21.493,0.372257,0.169010,36.639851,-0.018472,-0.002710,0.989065,-1.108745,-0.106376,9.478724,0.001112,0.078930,0.279229,0.429387,0.801219,-1.204847,100304.0000
1764076281596077962,2025-11-25 18:41:21.593,0.406197,-0.214633,34.984272,-0.029369,-0.009236,0.984402,-0.611468,-0.921142,9.294214,0.015824,0.061406,0.318429,0.451017,0.796071,-1.204606,100301.0000
1764076281696013110,2025-11-25 18:41:21.693,0.570311,-0.456006,33.142113,-0.042570,-0.003910,0.980803,-0.458197,0.087686,9.920662,0.035383,0.018856,0.317570,0.474079,0.788075,-1.203860,100295.0000
1764076281796281647,2025-11-25 18:41:21.793,0.754847,-0.478902,31.127962,-0.043937,0.000911,0.974923,-0.769264,0.352394,9.543167,0.022411,-0.020249,0.363704,0.500475,0.776232,-1.205031,100298.0000
1764076281895534166,2025-11-25 18:41:21.893,0.856573,-0.308269,29.056353,-0.035127,0.013389,0.973393,-0.248935,0.383825,9.711283,-0.000194,-0.035364,0.367794,0.523973,0.762932,-1.206618,100301.0000
1764076281995591092,2025-11-25 18:41:21.993,0.824794,-0.055208,27.008240,-0.019996,0.018306,0.973200,0.051608,0.036921,9.847896,-0.009498,-0.035828,0.364826,0.545069,0.749632,-1.207689,100306.0000
1764076282096644499,2025-11-25 18:41:22.093,0.691850,0.149279,24.982548,-0.007009,0.011108,0.975035,-0.227075,-0.212509,9.583081,-0.026433,-0.023808,0.362924,0.566686,0.738794,-1.205434,100304.0000
1764076282196570777,2025-11-25 18:41:22.193,0.575170,0.223198,22.934706,0.002136,0.001878,0.980066,0.162340,0.030155,9.884410,-0.013088,0.009188,0.361228,0.588748,0.725508,-1.206037,100309.0000
1764076282295994295,2025-11-25 18:41:22.293,0.544175,0.173923,20.833826,-0.001815,-0.005936,0.982657,-0.269951,0.020010,9.697001,0.005380,0.022877,0.365346,0.612230,0.711222,-1.209054,100300.0000
1764076282396204351,2025-11-25 18:41:22.393,0.615197,0.093578,18.727764,-0.009069,-0.008175,0.983101,-0.338000,-0.444394,9.799381,0.027244,0.011795,0.366623,0.634290,0.692276,-1.206200,100300.0000
1764076282496079110,2025-11-25 18:41:22.493,0.742996,0.049305,16.617100,-0.014853,-0.002741,0.982137,-0.317189,-0.015093,9.753789,0.021760,-0.000264,0.374180,0.657298,0.674706,-1.206271,100297.0000
1764076282595887647,2025-11-25 18:41:22.593,0.839445,0.088619,14.502132,-0.014634,0.005552,0.979219,0.047291,0.095472,9.828840,0.011841,-0.010878,0.361481,0.676918,0.658014,-1.209194,100300.0000
1764076282696077702,2025-11-25 18:41:22.693,0.843315,0.219959,12.403293,-0.012199,0.007867,0.975118,0.003754,-0.243339,9.587311,-0.002134,-0.011320,0.366243,0.692212,0.638956,-1.210092,100298.0000
1764076282795866443,2025-11-25 18:41:22.793,0.766011,0.354779,10.324361,-0.002831,0.008395,0.972764,0.223985,0.095530,9.691374,-0.018482,-0.020940,0.352834,0.712802,0.619932,-1.210587,100304.0000
1764076282896252443,2025-11-25 18:41:22.893,0.673323,0.558997,8.301208,0.005865,0.002085,0.973745,-0.011112,-0.011538,9.733852,-0.013284,-0.026621,0.345834,0.729075,0.604222,-1.211549,100304.0000
1764076282995460628,2025-11-25 18:41:22.993,0.649975,0.740391,6.288966,0.015676,-0.005851,0.978729,0.002148,-0.085593,9.703933,0.001552,-0.017745,0.342018,0.745304,0.581326,-1.213365,100304.0000
1764076283095319906,2025-11-25 18:41:23.092,0.720170,0.825258,4.293588,0.019839,-0.006141,0.981597,0.084961,-0.055615,9.752059,0.024280,-0.001659,0.339474,0.760587,0.559411,-1.213737,100296.0000
1764076283195992776,2025-11-25 18:41:23.193,0.817748,0.822432,2.371866,0.017614,0.000360,0.983015,-0.042308,-0.112596,9.973662,0.019300,0.004172,0.321739,0.777310,0.539851,-1.216093,100294.0000
1764076283295250832,2025-11-25 18:41:23.292,0.882653,0.776737,0.549473,0.014054,0.003936,0.981491,0.001285,-0.150900,9.753496,0.025217,0.011306,0.322318,0.792135,0.521767,-1.216035,100306.0000
1764076283396083702,2025-11-25 18:41:23.393,0.880984,0.730081,358.796085,0.010633,0.011629,0.978585,0.298559,0.154528,9.807003,-0.004036,0.002877,0.296975,0.803590,0.503189,-1.215920,100304.0000
1764076283496324202,2025-11-25 18:41:23.493,0.859230,0.753038,357.041180,0.008342,0.005358,0.976448,0.007565,-0.159690,9.744193,-0.002685,-0.013320,0.304947,0.816960,0.481297,-1.214820,100307.0000
1764076283595379591,2025-11-25 18:41:23.593,0.855493,0.881214,355.225585,0.013953,0.000924,0.976000,0.468771,0.201672,9.963463,0.003524,-0.019054,0.314835,0.826961,0.462215,-1.215639,100305.0000
1764076283696335387,2025-11-25 18:41:23.693,0.875269,1.031230,353.404435,0.022866,0.006011,0.977518,0.687345,0.175606,9.969875,0.011539,-0.017390,0.317312,0.839831,0.441682,-1.217923,100309.0000
1764076283796010831,2025-11-25 18:41:23.793,0.911879,1.133751,351.654547,0.025778,0.006024,0.978654,0.074099,0.193467,9.853232,0.008620,-0.007112,0.300148,0.846915,0.418267,-1.219597,100303.0000
1764076283896031461,2025-11-25 18:41:23.893,0.949521,1.194404,350.000459,0.025466,0.008551,0.980684,0.266949,0.203411,9.871183,0.013678,-0.001353,0.284655,0.855500,0.400663,-1.218009,100300.0000
1764076283996552905,2025-11-25 18:41:23.993,0.965202,1.222808,348.403035,0.024519,0.010311,0.980508,0.256161,0.183031,9.943300,0.001673,-0.010674,0.277873,0.863576,0.381572,-1.218800,100300.0000
1764076284096014016,2025-11-25 18:41:24.092,0.945230,1.228743,346.815540,0.028121,0.009682,0.980333,0.625963,-0.031355,9.893339,-0.002963,0.009274,0.284584,0.870669,0.360536,-1.220992,100304.0000
1764076284195620683,2025-11-25 18:41:24.193,0.901860,1.201274,345.196801,0.029574,0.007047,0.978743,0.191379,0.216851,9.779731,0.000149,0.023223,0.292826,0.877321,0.343847,-1.220835,100304.0000
1764076284296110164,2025-11-25 18:41:24.293,0.866103,1.146345,343.521259,0.024400,0.005260,0.976700,-0.145323,-0.002253,9.719663,0.003263,0.010029,0.292400,0.885397,0.321454,-1.219649,100296.0000
1764076284396225220,2025-11-25 18:41:24.393,0.865687,1.089492,341.814552,0.027676,0.004465,0.977363,0.705802,0.212522,9.935118,0.005745,0.013448,0.296867,0.893473,0.300005,-1.218959,100303.0000
1764076284495991775,2025-11-25 18:41:24.493,0.892824,1.054457,340.144520,0.022291,0.004850,0.977005,-0.227788,-0.075069,9.619530,0.011365,0.012898,0.287963,0.901583,0.280061,-1.214921,100298.0000
1764076284596110460,2025-11-25 18:41:24.593,0.913527,1.062884,338.557621,0.017213,0.011067,0.976393,-0.133712,0.015826,9.578394,0.010542,-0.003666,0.270728,0.902912,0.260909,-1.217057,100299.0000
1764076284695909553,2025-11-25 18:41:24.693,0.896562,1.092245,337.100578,0.021531,0.014433,0.977498,0.441047,0.604677,9.650354,-0.002276,-0.006142,0.242821,0.907123,0.241760,-1.219716,100298.0000
1764076284795307460,2025-11-25 18:41:24.792,0.852139,1.097485,335.774097,0.025690,0.009962,0.979938,0.453193,0.096652,9.947415,-0.006540,0.002054,0.220142,0.910412,0.225067,-1.219028,100307.0000
1764076284895924701,2025-11-25 18:41:24.893,0.811692,1.049845,334.531437,0.026590,0.003605,0.980785,0.251535,-0.053933,9.849221,0.005476,0.017146,0.212316,0.914677,0.207474,-1.215933,100300.0000
1764076284995501682,2025-11-25 18:41:24.993,0.804028,0.959602,333.371620,0.023858,0.004887,0.980690,0.200990,0.256770,9.774817,0.002313,0.017450,0.193336,0.917017,0.195055,-1.216259,100296.0000
1764076285096181108,2025-11-25 18:41:25.093,0.837460,0.849145,332.313004,0.022604,0.003062,0.980962,0.442036,-0.116378,9.910305,0.020251,0.020758,0.179132,0.918419,0.182225,-1.213195,100307.0000
1764076285195634108,2025-11-25 18:41:25.193,0.897521,0.871183,331.401188,0.016241,0.008368,0.975032,0.307593,-0.028049,9.882822,0.013068,-0.024249,0.143575,0.919307,0.166476,-1.212486,100303.0000
1764076285295324830,2025-11-25 18:41:25.293,0.948994,1.132912,330.681587,0.023700,0.015619,0.972984,0.315666,0.163043,9.751707,0.010642,-0.054941,0.113946,0.919709,0.156843,-1.216198,100302.0000
1764076285395573608,2025-11-25 18:41:25.393,0.963157,1.598404,330.147606,0.035500,0.021858,0.968853,0.357624,0.599833,9.527386,-0.004254,-0.120135,0.070693,0.916234,0.149002,-1.224696,100300.0000
1764076285496617552,2025-11-25 18:41:25.493,0.939703,2.668991,329.952911,0.066811,0.018006,0.963681,2.168021,0.299615,10.086975,-0.003753,-0.264946,0.003125,0.906496,0.146772,-1.237521,100303.0000
1764076285595941349,2025-11-25 18:41:25.593,0.946421,4.325317,329.998661,0.141232,0.006095,0.970926,2.177203,-0.167962,9.957095,0.013565,-0.301143,-0.000446,0.888056,0.148163,-1.257979,100300.0000
1764076285695938478,2025-11-25 18:41:25.693,0.993353,5.821657,329.927671,0.216992,0.008763,0.975217,2.092782,0.620043,9.576007,0.013710,-0.206207,0.036634,0.872491,0.144352,-1.276475,100299.0000
1764076285795941589,2025-11-25 18:41:25.793,1.060145,6.407015,329.596106,0.272881,0.012993,0.977763,3.623966,0.495068,9.933883,0.012608,-0.011861,0.061147,0.866152,0.141274,-1.285003,100292.0000
1764076285896028571,2025-11-25 18:41:25.893,1.110810,5.833360,329.121508,0.270297,0.017273,0.969953,2.602759,0.265808,9.750654,0.019587,0.199044,0.087393,0.874363,0.136210,-1.277823,100302.0000
1764076285995359941,2025-11-25 18:41:25.993,1.117368,4.462595,328.649359,0.209926,0.028505,0.960322,1.295838,0.238247,9.410007,0.004432,0.279275,0.073296,0.885053,0.128046,-1.259555,100300.0000
1764076286096031182,2025-11-25 18:41:26.093,1.071627,3.000617,328.177271,0.127816,0.029150,0.956744,0.812604,0.077317,9.522790,-0.008219,0.225994,0.077402,0.902985,0.124225,-1.240978,100298.0000
1764076286196589978,2025-11-25 18:41:26.193,1.004991,2.124224,327.709015,0.063269,0.026545,0.962599,0.720038,0.101660,9.842737,-0.004800,0.076751,0.072502,0.911683,0.116347,-1.231354,100304.0000
1764076286295272885,2025-11-25 18:41:26.293,0.961537,2.154647,327.277996,0.038313,0.019340,0.969881,0.334407,0.477047,9.753851,-0.001439,-0.080949,0.072995,0.911674,0.111611,-1.229355,100305.0000
1764076286395886904,2025-11-25 18:41:26.393,0.972576,2.998060,326.933914,0.064701,0.016602,0.974354,1.316663,0.301381,9.757046,0.017678,-0.190401,0.054169,0.906737,0.107015,-1.242216,100299.0000
1764076286496333219,2025-11-25 18:41:26.493,1.033155,4.211019,326.694187,0.113831,0.013547,0.975758,1.602090,-0.170611,9.403287,0.012199,-0.207424,0.045599,0.892183,0.102864,-1.254460,100300.0000
1764076286595952681,2025-11-25 18:41:26.593,1.090346,5.109609,326.542465,0.168295,0.020112,0.979184,1.242529,0.500942,9.692563,0.014783,-0.100568,0.027115,0.883412,0.101594,-1.267314,100301.0000
1764076286695791774,2025-11-25 18:41:26.693,1.077368,5.164968,326.448147,0.191221,0.021457,0.979475,2.423428,0.296775,9.777271,-0.011181,0.068569,0.006461,0.879069,0.099654,-1.267703,100294.0000
1764076286795302255,2025-11-25 18:41:26.793,0.992128,4.418965,326.429737,0.157383,0.019119,0.972178,1.164122,0.346324,9.637536,-0.014595,0.186025,-0.009255,0.886842,0.099415,-1.258181,100307.0000
1764076286895389218,2025-11-25 18:41:26.893,0.875623,3.296361,326.529282,0.099066,0.013243,0.967083,0.469371,0.229238,9.697417,-0.020322,0.202046,-0.033463,0.900469,0.106012,-1.243071,100304.0000
1764076286995317478,2025-11-25 18:41:26.993,0.774515,2.328269,326.682957,0.037613,0.006002,0.969415,-0.082846,0.362282,9.610474,-0.017224,0.132931,-0.032436,0.910639,0.106230,-1.235037,100305.0000
1764076287096059200,2025-11-25 18:41:27.092,0.744210,1.886020,326.871681,0.003367,0.003776,0.975613,-0.283234,-0.322249,9.637638,-0.003941,0.019608,-0.040916,0.915049,0.110702,-1.227946,100287.0000
1764076287196293922,2025-11-25 18:41:27.193,0.773286,2.040974,327.150894,0.005638,0.006032,0.978903,0.462031,0.141851,9.916508,0.001351,-0.071858,-0.065683,0.914105,0.114986,-1.228480,100309.0000
1764076287295355459,2025-11-25 18:41:27.292,0.816579,2.585928,327.552891,0.030457,0.000708,0.982818,1.207344,-0.823932,10.012547,0.006341,-0.121747,-0.058981,0.908760,0.116710,-1.236133,100301.0000
1764076287395293181,2025-11-25 18:41:27.393,0.856425,3.178018,328.040775,0.073394,0.002612,0.984427,1.001739,0.513110,10.067226,0.008107,-0.073394,-0.075317,0.898143,0.121764,-1.243278,100296.0000
1764076287495607311,2025-11-25 18:41:27.493,0.888918,3.475560,328.616610,0.092485,0.003181,0.979292,0.698638,-0.140238,9.545134,0.005056,-0.015174,-0.116840,0.895753,0.131225,-1.247239,100297.0000
1764076287595797570,2025-11-25 18:41:27.593,0.924342,3.365316,329.272795,0.092924,-0.001224,0.976678,1.653834,0.027165,10.079857,-0.003809,0.046275,-0.122238,0.897724,0.137485,-1.245438,100296.0000
1764076287695701792,2025-11-25 18:41:27.693,0.954182,2.991475,330.014366,0.074153,-0.000610,0.972719,0.852428,-0.014263,9.584264,-0.002764,0.074395,-0.120281,0.903100,0.147153,-1.241330,100297.0000
1764076287795361959,2025-11-25 18:41:27.793,0.957322,2.602579,330.800709,0.042352,0.000282,0.970292,0.391977,0.150553,9.448938,-0.009675,0.041116,-0.141963,0.905604,0.157795,-1.235750,100302.0000
1764076287896569144,2025-11-25 18:41:27.893,0.937901,2.421514,331.609016,0.028047,-0.000981,0.976528,0.432809,-0.092128,9.463335,-0.010854,0.010905,-0.140415,0.907113,0.169286,-1.234984,100300.0000
1764076287995560662,2025-11-25 18:41:27.992,0.906854,2.538148,332.457302,0.022621,0.001499,0.974426,0.864448,0.202465,10.074988,-0.011630,-0.048598,-0.153926,0.903799,0.181671,-1.236088,100298.0000
1764076288095570736,2025-11-25 18:41:28.092,0.860427,2.878506,333.352835,0.037258,-0.005076,0.976737,-0.880605,-0.378377,9.244827,-0.018540,-0.071813,-0.148483,0.899995,0.193087,-1.237651,100296.0000
1764076288195558310,2025-11-25 18:41:28.193,0.808648,3.269539,334.296957,0.061690,-0.006109,0.979800,0.785032,0.454697,9.697159,-0.013440,-0.067452,-0.170156,0.893736,0.204360,-1.245436,100299.0000
1764076288295343588,2025-11-25 18:41:28.293,0.770963,3.511253,335.282108,0.083213,-0.015085,0.979164,-0.251581,-0.650497,9.565349,-0.008576,-0.020463,-0.163640,0.888001,0.215280,-1.247445,100300.0000
1764076288396232643,2025-11-25 18:41:28.393,0.777393,3.485787,336.306091,0.087919,-0.014905,0.979165,1.522422,-0.069908,9.846258,0.000365,0.016527,-0.183095,0.885693,0.232496,-1.246228,100297.0000
1764076288496042291,2025-11-25 18:41:28.493,0.822423,3.231424,337.375799,0.079165,-0.018395,0.979951,-0.143924,-0.183090,9.758705,0.002713,0.053807,-0.186044,0.888172,0.244012,-1.244514,100296.0000
1764076288596193199,2025-11-25 18:41:28.593,0.879554,2.903339,338.471251,0.059019,-0.015551,0.976586,1.392051,0.348361,9.953467,0.006368,0.039538,-0.205554,0.887794,0.257954,-1.240387,100301.0000
1764076288696017291,2025-11-25 18:41:28.693,0.921608,2.675625,339.605963,0.041753,-0.011748,0.976918,-0.479074,-0.815384,9.876353,0.006389,0.026533,-0.202294,0.886433,0.269006,-1.237165,100301.0000
1764076288796530402,2025-11-25 18:41:28.793,0.940158,2.650911,340.782492,0.037380,-0.011608,0.976087,1.337305,0.066131,9.932838,-0.010937,-0.017071,-0.204713,0.882648,0.284243,-1.238786,100289.0000
1764076288895354069,2025-11-25 18:41:28.893,0.947097,2.810376,341.986467,0.040740,-0.013629,0.976225,-0.497537,-0.156954,9.578175,-0.009408,-0.035723,-0.205255,0.878396,0.301400,-1.239949,100298.0000
1764076288995608421,2025-11-25 18:41:28.993,0.956384,3.072991,343.234465,0.047688,-0.016313,0.974644,0.917988,-0.337796,9.603659,-0.008564,-0.057848,-0.211504,0.869811,0.315702,-1.239559,100296.0000
1764076289095608736,2025-11-25 18:41:29.092,0.978472,3.310829,344.478297,0.063671,-0.014511,0.974634,0.643707,-0.412969,9.715935,-0.008141,-0.033507,-0.213063,0.859734,0.329397,-1.244917,100297.0000
1764076289195851198,2025-11-25 18:41:29.193,0.991032,3.466584,345.696657,0.063219,-0.013593,0.976335,0.658625,0.165094,9.653807,-0.011641,-0.027263,-0.213033,0.855477,0.345598,-1.246065,100296.0000
1764076289296114143,2025-11-25 18:41:29.293,0.985845,3.502679,346.874987,0.073327,-0.012591,0.978981,1.757715,0.446515,10.056705,-0.014874,-0.000343,-0.204666,0.848818,0.360386,-1.245711,100298.0000
1764076289395569532,2025-11-25 18:41:29.393,0.964114,3.463488,348.014445,0.062103,-0.014480,0.977825,-0.386848,-0.891608,9.998958,-0.014049,-0.000889,-0.205596,0.844562,0.373762,-1.244889,100296.0000
1764076289495674272,2025-11-25 18:41:29.493,0.937402,3.384024,349.106883,0.065768,-0.016048,0.977535,1.157995,-0.075203,9.712343,-0.004217,0.010556,-0.168058,0.839829,0.389504,-1.245060,100305.0000
1764076289595816865,2025-11-25 18:41:29.593,0.915324,3.324960,350.158604,0.060092,-0.009786,0.978362,-0.345860,0.237549,9.681727,-0.015988,0.007654,-0.184969,0.835593,0.402931,-1.241831,100304.0000
1764076289695801624,2025-11-25 18:41:29.693,0.902237,3.335682,351.210215,0.054187,-0.019201,0.976582,0.690919,-0.685854,9.376211,-0.011405,-0.017232,-0.166649,0.827451,0.411949,-1.242812,100289.0000
1764076289795894365,2025-11-25 18:41:29.793,0.903140,3.398962,352.225292,0.062278,-0.011914,0.977387,0.345454,0.564028,9.800334,-0.014634,-0.004629,-0.167046,0.820293,0.425271,-1.243873,100294.0000
1764076289895338994,2025-11-25 18:41:29.893,0.912877,3.483609,353.194602,0.058436,-0.014357,0.976072,0.415770,-0.279989,9.511477,-0.004111,-0.017047,-0.176454,0.813594,0.435709,-1.245860,100305.0000
1764076289996365679,2025-11-25 18:41:29.993,0.941646,3.495914,354.126266,0.067556,-0.011325,0.976277,1.680728,0.219466,9.948223,-0.003862,-0.007879,-0.161715,0.810786,0.447689,-1.243593,100305.0000
1764076290095637365,2025-11-25 18:41:30.092,0.965656,3.481425,355.031831,0.063613,-0.007501,0.975206,0.289995,-0.008827,9.799633,-0.010331,0.003362,-0.149477,0.803611,0.457668,-1.244603,100300.0000
1764076290195695902,2025-11-25 18:41:30.193,0.982163,3.478547,355.902126,0.058858,-0.009029,0.977224,0.137189,-0.035810,9.579293,-0.001999,-0.010984,-0.158181,0.798845,0.466722,-1.244671,100298.0000
1764076290296198327,2025-11-25 18:41:30.293,0.972130,3.504523,356.728549,0.064247,-0.006008,0.977536,1.345446,0.283294,9.709432,-0.015943,-0.014097,-0.132092,0.793110,0.473871,-1.244214,100300.0000
1764076290395959327,2025-11-25 18:41:30.393,0.944189,3.521732,357.542412,0.065393,-0.004854,0.976459,0.742569,-0.305217,9.847770,-0.012077,-0.004418,-0.146515,0.786917,0.483905,-1.242831,100298.0000
1764076290496203846,2025-11-25 18:41:30.493,0.902440,3.520308,358.325184,0.065387,-0.008638,0.976870,0.614767,-0.184476,9.499957,-0.012408,0.007432,-0.134164,0.781176,0.494337,-1.245314,100301.0000
1764076290595972994,2025-11-25 18:41:30.593,0.878753,3.510238,359.067607,0.062117,-0.008822,0.976301,0.484540,-0.171961,9.667827,-0.000182,0.001390,-0.139825,0.775973,0.506804,-1.242056,100303.0000
1764076290695715568,2025-11-25 18:41:30.693,0.875122,3.493588,359.754004,0.063624,-0.007382,0.977809,1.319103,0.732214,10.062904,-0.006455,0.009021,-0.123813,0.772629,0.512511,-1.242576,100303.0000
1764076290795352086,2025-11-25 18:41:30.793,0.897767,3.465180,0.403028,0.057409,-0.008829,0.978123,1.424683,-0.410368,10.091975,-0.002139,0.003714,-0.094045,0.768323,0.517268,-1.242585,100302.0000
1764076290896158623,2025-11-25 18:41:30.893,0.930957,3.434982,1.020944,0.060288,-0.002415,0.979274,0.427005,-0.125874,9.499873,-0.000141,0.004623,-0.113728,0.761162,0.525397,-1.240678,100304.0000
1764076290996558827,2025-11-25 18:41:30.993,0.945801,3.428838,1.637965,0.056600,-0.000145,0.976571,-0.290060,0.397346,9.592470,-0.005788,0.004290,-0.105035,0.756362,0.531534,-1.243109,100294.0000
1764076291095549345,2025-11-25 18:41:31.092,0.946222,3.422132,2.223195,0.062172,-0.002341,0.975168,0.625532,0.052191,9.543746,-0.003719,0.003970,-0.108085,0.753510,0.537741,-1.242680,100299.0000
1764076291195975827,2025-11-25 18:41:31.193,0.941075,3.410056,2.778230,0.055102,-0.002632,0.976046,0.046082,-0.418857,9.570233,-0.007932,-0.002206,-0.089729,0.747301,0.543964,-1.240757,100292.0000
1764076291295842697,2025-11-25 18:41:31.293,0.945257,3.397695,3.304893,0.055790,-0.001125,0.974273,0.415142,0.230067,9.542477,0.001366,-0.002095,-0.089862,0.747323,0.548263,-1.240823,100301.0000
1764076291395954771,2025-11-25 18:41:31.393,0.965996,3.395103,3.789582,0.058532,-0.001933,0.977984,0.685195,0.081726,9.990049,-0.004680,-0.001216,-0.089623,0.741577,0.553024,-1.240329,100308.0000
1764076291496216160,2025-11-25 18:41:31.493,0.991041,3.405186,4.222841,0.057015,-0.001268,0.979200,0.323764,-0.140060,9.927853,0.001182,-0.007507,-0.074228,0.736295,0.555856,-1.240776,100296.0000
1764076291596426864,2025-11-25 18:41:31.593,0.994971,3.391670,4.607865,0.061777,0.003368,0.980172,0.525514,-0.076746,9.965870,-0.001498,0.006349,-0.063669,0.733932,0.562086,-1.239392,100298.0000
1764076291695886364,2025-11-25 18:41:31.693,0.979488,3.330565,4.940145,0.054875,0.004741,0.975913,0.163592,0.147418,9.807433,-0.009152,0.005011,-0.055222,0.733474,0.566860,-1.239458,100294.0000
1764076291796321938,2025-11-25 18:41:31.793,0.968453,3.273295,5.230258,0.052995,0.002610,0.974838,0.298551,-0.015081,9.797843,-0.004676,0.008527,-0.046048,0.733007,0.569724,-1.239495,100298.0000
1764076291896311901,2025-11-25 18:41:31.893,0.969896,3.212634,5.475800,0.053023,0.003584,0.978435,0.264171,-0.432964,9.779316,-0.000590,0.018366,-0.037751,0.730611,0.569266,-1.238008,100300.0000
1764076291995330271,2025-11-25 18:41:31.993,0.972258,3.155414,5.682392,0.046539,0.007130,0.976897,0.445973,-0.335173,9.854959,-0.001134,-0.001011,-0.030892,0.729174,0.572106,-1.238993,100298.0000
1764076292095356308,2025-11-25 18:41:32.092,0.967946,3.147088,5.875305,0.049906,0.009118,0.979116,0.327499,0.459721,9.751719,0.002538,0.000832,-0.035969,0.727278,0.574058,-1.236587,100303.0000
1764076292196173530,2025-11-25 18:41:32.193,0.957324,3.153257,6.041617,0.051455,0.005489,0.977570,0.167317,0.013475,9.745451,0.004496,-0.008921,-0.022777,0.725375,0.578349,-1.236625,100298.0000
1764076292296466678,2025-11-25 18:41:32.293,0.941923,3.138888,6.168390,0.051145,0.008108,0.975314,0.880365,0.222073,9.927759,-0.006857,-0.000054,-0.032001,0.727301,0.576945,-1.235668,100300.0000
1764076292395589604,2025-11-25 18:41:32.393,0.921639,3.091082,6.268900,0.052663,0.009348,0.978659,0.838970,0.406309,9.931868,-0.005873,0.007857,-0.004960,0.724417,0.580713,-1.237610,100301.0000
1764076292496115271,2025-11-25 18:41:32.493,0.912056,3.002785,6.377759,0.050140,0.008120,0.978440,0.458401,0.417977,9.841096,-0.004044,0.021347,-0.032024,0.723939,0.579776,-1.236625,100296.0000
1764076292595450289,2025-11-25 18:41:32.593,0.922096,2.915496,6.474694,0.046831,0.005357,0.978135,0.720828,0.027618,9.875398,0.000589,0.009635,-0.009380,0.725403,0.581724,-1.235232,100297.0000
1764076292695371511,2025-11-25 18:41:32.693,0.939638,2.864381,6.543846,0.043766,0.006835,0.978302,0.931183,0.280222,9.901690,-0.000607,-0.000433,-0.004032,0.724455,0.584585,-1.235261,100299.0000
1764076292796200826,2025-11-25 18:41:32.793,0.956185,2.855235,6.565722,0.044034,0.008832,0.977348,0.689864,0.148707,9.739838,0.005410,0.012424,0.008136,0.725425,0.582252,-1.232832,100305.0000
1764076292895949455,2025-11-25 18:41:32.893,0.955797,2.842833,6.549016,0.046162,0.011208,0.975969,0.482111,0.067607,9.806665,0.000898,0.010186,-0.001468,0.726383,0.581301,-1.232832,100299.0000
1764076292995347363,2025-11-25 18:41:32.993,0.942295,2.797752,6.495680,0.044222,0.011251,0.976546,0.161375,0.156487,9.670518,-0.000981,0.010076,0.015402,0.727819,0.579875,-1.232831,100294.0000
1764076293095663641,2025-11-25 18:41:33.092,0.935618,2.721396,6.409462,0.043202,0.011953,0.978271,0.513907,0.316239,9.908438,0.002035,0.014360,0.012774,0.726367,0.578902,-1.233276,100300.0000
1764076293196345215,2025-11-25 18:41:33.193,0.937228,2.640219,6.295531,0.036781,0.010465,0.977865,0.294431,0.051683,9.772510,-0.005193,0.010693,0.028113,0.729746,0.580361,-1.232867,100304.0000
1764076293296227770,2025-11-25 18:41:33.293,0.946116,2.581075,6.164720,0.034800,0.012295,0.980520,0.295237,-0.013458,9.989596,0.002297,0.011894,0.022983,0.731685,0.579465,-1.230474,100295.0000
1764076293396268326,2025-11-25 18:41:33.393,0.962322,2.568400,6.036011,0.034474,0.014708,0.978413,0.338020,0.596526,9.874913,-0.001706,-0.002739,0.016905,0.734060,0.575624,-1.231895,100298.0000
1764076293496493418,2025-11-25 18:41:33.493,0.971586,2.584896,5.924881,0.038266,0.014168,0.976282,0.354940,0.193182,9.835631,0.001527,-0.005987,0.010314,0.734546,0.574223,-1.230436,100301.0000
1764076293595563918,2025-11-25 18:41:33.593,0.974437,2.626701,5.797083,0.041360,0.014314,0.976350,0.536578,0.092852,9.958248,0.006391,-0.002536,0.025912,0.733579,0.575621,-1.231888,100300.0000
1764076293696164103,2025-11-25 18:41:33.693,0.960900,2.647079,5.643856,0.043649,0.016544,0.978046,0.387349,0.205460,9.838486,-0.008550,0.004341,0.026513,0.732122,0.573694,-1.232319,100305.0000
1764076293795821436,2025-11-25 18:41:33.793,0.933542,2.607886,5.491366,0.043377,0.014064,0.977330,0.225684,0.270579,9.770943,-0.003593,0.010217,0.034768,0.734029,0.570827,-1.232785,100308.0000
1764076293896330529,2025-11-25 18:41:33.893,0.913400,2.541316,5.310303,0.039678,0.009473,0.978612,0.226007,-0.445890,9.828262,0.000243,0.007710,0.031165,0.738871,0.572342,-1.229989,100300.0000
1764076293995668307,2025-11-25 18:41:33.993,0.920666,2.458390,5.059030,0.036411,0.011025,0.978937,0.288801,0.546354,9.745957,0.004832,0.014229,0.054004,0.741272,0.566215,-1.226560,100309.0000
1764076294095834214,2025-11-25 18:41:34.092,0.936666,2.382529,4.776270,0.034923,0.015197,0.976789,0.495284,-0.102349,9.916192,0.012926,0.015646,0.029563,0.745099,0.564758,-1.228521,100309.0000
1764076294195920770,2025-11-25 18:41:34.193,0.953386,2.336550,4.516407,0.029564,0.016896,0.977176,0.645125,0.010593,9.983650,0.009493,0.007695,0.049315,0.747006,0.562836,-1.229483,100296.0000
1764076294295364010,2025-11-25 18:41:34.293,0.957676,2.338287,4.294180,0.028526,0.016757,0.975514,-0.223391,-0.029690,9.560586,0.001647,-0.009522,0.035660,0.750844,0.559052,-1.228518,100296.0000
1764076294395361195,2025-11-25 18:41:34.393,0.970127,2.401505,4.062847,0.035356,0.017914,0.979322,0.456336,0.712513,9.747649,0.010041,-0.007048,0.046554,0.752260,0.556629,-1.230428,100299.0000
1764076294496200473,2025-11-25 18:41:34.493,0.971927,2.457821,3.833399,0.039643,0.015296,0.979599,0.364581,0.540556,9.811456,0.009681,-0.004669,0.049442,0.751286,0.556595,-1.231858,100299.0000
1764076294596255788,2025-11-25 18:41:34.593,0.964134,2.485642,3.607767,0.041136,0.019471,0.978649,0.635737,0.701801,9.696599,-0.000431,-0.004268,0.030232,0.752232,0.553255,-1.231821,100296.0000
1764076294695549158,2025-11-25 18:41:34.693,0.955916,2.482668,3.381104,0.038993,0.010125,0.977151,0.136474,-0.887753,9.878018,0.003804,-0.000712,0.041360,0.755101,0.548979,-1.231316,100300.0000
1764076294795306565,2025-11-25 18:41:34.793,0.951601,2.456066,3.154008,0.040762,0.016091,0.978614,0.490010,0.276198,9.664690,0.000533,0.007935,0.040905,0.757984,0.546624,-1.230360,100304.0000
1764076294896580047,2025-11-25 18:41:34.893,0.947681,2.412336,2.931996,0.039887,0.018096,0.975780,0.430823,-0.111862,9.695148,-0.008129,0.015816,0.021075,0.761822,0.546611,-1.231861,100300.0000
1764076294995925139,2025-11-25 18:41:34.993,0.943858,2.372224,2.706206,0.035814,0.012738,0.978153,0.463852,0.032704,10.107969,0.000646,0.010301,0.044309,0.761842,0.543836,-1.227484,100296.0000
1764076295095707769,2025-11-25 18:41:35.092,0.932093,2.346837,2.485351,0.034425,0.017322,0.977583,0.559334,0.982050,9.778139,0.007002,-0.002304,0.042064,0.763272,0.541922,-1.227958,100301.0000
1764076295195335380,2025-11-25 18:41:35.192,0.909696,2.343006,2.274791,0.034993,0.017499,0.976078,0.618810,0.666574,9.627069,-0.002437,0.002250,0.038655,0.762279,0.540424,-1.230810,100304.0000
1764076295295300584,2025-11-25 18:41:35.293,0.893560,2.386068,2.053422,0.033858,0.012879,0.978340,0.290094,-0.122499,9.765071,-0.006503,-0.007549,0.034795,0.766112,0.537097,-1.230816,100294.0000
1764076295395713269,2025-11-25 18:41:35.393,0.890703,2.449733,1.828786,0.036914,0.011239,0.978511,0.387597,-0.106465,9.913483,0.008466,-0.016245,0.049527,0.769470,0.535202,-1.230836,100300.0000
1764076295495523435,2025-11-25 18:41:35.493,0.887187,2.499186,1.608237,0.042206,0.014425,0.978610,0.516280,0.341605,9.935385,0.005836,-0.010384,0.048162,0.768001,0.532298,-1.232215,100296.0000
1764076295595807861,2025-11-25 18:41:35.593,0.891822,2.505209,1.382424,0.043446,0.016106,0.976510,0.526208,0.726788,9.793462,0.010690,-0.007428,0.048428,0.768961,0.531825,-1.232222,100294.0000
1764076295695528898,2025-11-25 18:41:35.693,0.883091,2.479278,1.151329,0.042260,0.015737,0.977145,0.953747,0.425193,10.003464,0.001570,0.008253,0.039334,0.772293,0.524675,-1.232162,100300.0000
1764076295796075287,2025-11-25 18:41:35.793,0.874013,2.438360,0.924067,0.039762,0.012632,0.979131,0.726908,0.560266,9.898001,0.007260,0.010241,0.044353,0.774728,0.525235,-1.228835,100300.0000
1764076295896127620,2025-11-25 18:41:35.893,0.873708,2.388233,0.685269,0.038755,0.012156,0.979405,0.507853,0.530787,9.847232,0.006301,0.009674,0.045117,0.775660,0.523745,-1.231715,100296.0000
1764076295996347768,2025-11-25 18:41:35.993,0.890698,2.343430,0.431886,0.035512,0.014010,0.977968,0.325509,0.593864,9.674073,0.012993,0.005117,0.047260,0.780002,0.521437,-1.228855,100298.0000
1764076296095357602,2025-11-25 18:41:36.092,0.906360,2.331789,0.178770,0.034957,0.016544,0.976303,0.447679,0.641016,9.811305,0.002545,-0.005195,0.038831,0.781889,0.516161,-1.230247,100298.0000
1764076296195851231,2025-11-25 18:41:36.193,0.916136,2.342759,359.925443,0.034577,0.015330,0.975376,0.617040,0.535287,9.796890,0.010971,-0.008791,0.044593,0.783800,0.514249,-1.230727,100298.0000
1764076296295955435,2025-11-25 18:41:36.293,0.932705,2.372331,359.661458,0.035401,0.016758,0.976628,0.491056,0.615549,9.719995,0.006707,-0.005549,0.040564,0.783789,0.510448,-1.229706,100300.0000
1764076296395883602,2025-11-25 18:41:36.393,0.925734,2.408413,359.386640,0.037720,0.017704,0.978352,0.588886,0.520085,9.771494,-0.002027,-0.002482,0.050453,0.785221,0.511369,-1.231668,100296.0000
1764076296496516713,2025-11-25 18:41:36.493,0.905102,2.423074,359.100326,0.037858,0.015891,0.979052,0.768438,0.534605,9.851348,0.002747,-0.000829,0.051378,0.788550,0.504208,-1.232089,100305.0000
1764076296595931138,2025-11-25 18:41:36.593,0.884336,2.443426,358.814155,0.037960,0.014590,0.979242,0.682370,0.523396,9.826270,-0.001174,-0.002489,0.053224,0.788522,0.499422,-1.232497,100298.0000
1764076296696121064,2025-11-25 18:41:36.693,0.872506,2.459626,358.520501,0.041521,0.014825,0.978860,0.255084,0.223714,9.711154,0.006130,-0.002517,0.052587,0.791411,0.499912,-1.232547,100308.0000
1764076296795909527,2025-11-25 18:41:36.793,0.870770,2.448222,358.222236,0.042861,0.013527,0.977987,0.344533,-0.453282,9.916376,0.000724,0.009417,0.057392,0.793804,0.494232,-1.230569,100300.0000
1764076296896013083,2025-11-25 18:41:36.893,0.875697,2.402748,357.930513,0.041497,0.014682,0.976501,0.184533,-0.088613,9.829664,0.008056,0.013876,0.046884,0.796187,0.490411,-1.231027,100296.0000
1764076296995591249,2025-11-25 18:41:36.993,0.882911,2.326029,357.638673,0.039221,0.014724,0.977507,0.319216,-0.038829,9.792320,0.011704,0.013044,0.066310,0.798109,0.486171,-1.228583,100300.0000
1764076297095915120,2025-11-25 18:41:37.092,0.895156,2.277996,357.339034,0.033655,0.016847,0.976133,0.243380,0.392104,9.843286,0.012434,0.003828,0.053271,0.800504,0.484739,-1.229078,100294.0000
1764076297196080897,2025-11-25 18:41:37.193,0.892702,2.283545,357.048558,0.032135,0.018611,0.976851,0.576297,0.376519,9.816171,-0.000143,-0.004044,0.050541,0.802397,0.481363,-1.230981,100297.0000
1764076297296224657,2025-11-25 18:41:37.293,0.883915,2.329739,356.778048,0.033451,0.018355,0.977862,0.522782,0.118846,9.680567,-0.005803,-0.012116,0.038688,0.805284,0.481376,-1.231023,100301.0000
1764076297395358249,2025-11-25 18:41:37.393,0.872730,2.421521,356.498413,0.037531,0.015028,0.978763,0.260649,0.372115,9.784385,-0.004060,-0.008028,0.040620,0.804279,0.477489,-1.233839,100295.0000
1764076297495298545,2025-11-25 18:41:37.493,0.865776,2.495645,356.234503,0.040644,0.013070,0.978322,0.073300,-0.421663,9.706374,0.005061,-0.016077,0.039487,0.807646,0.474201,-1.231912,100298.0000
1764076297596335805,2025-11-25 18:41:37.593,0.864263,2.544038,355.972823,0.043547,0.013575,0.977768,0.445452,0.237389,9.867617,0.000561,-0.004500,0.050536,0.808088,0.467973,-1.232787,100300.0000
1764076297695958082,2025-11-25 18:41:37.693,0.865003,2.565468,355.704485,0.045828,0.016635,0.976843,0.678439,1.063277,9.730241,0.005948,-0.001548,0.048817,0.810978,0.467051,-1.231852,100298.0000
1764076297795338230,2025-11-25 18:41:37.793,0.863093,2.513343,355.460830,0.045934,0.015167,0.978987,0.542968,0.247882,9.779227,-0.003602,0.016158,0.038210,0.810481,0.466063,-1.233274,100306.0000
1764076297895953378,2025-11-25 18:41:37.893,0.855295,2.453961,355.221719,0.040085,0.014755,0.978059,0.311098,0.058564,9.693685,-0.003837,0.007260,0.039566,0.815268,0.461308,-1.233272,100293.0000
1764076297995999545,2025-11-25 18:41:37.993,0.844642,2.433888,354.966836,0.037287,0.011289,0.979400,0.222789,-0.457879,9.920759,0.002044,0.003473,0.054054,0.818144,0.457520,-1.232294,100294.0000
1764076298095679675,2025-11-25 18:41:38.092,0.832824,2.420557,354.710886,0.039112,0.014028,0.978649,0.313786,0.513361,9.845359,0.005285,0.001149,0.050737,0.819111,0.457067,-1.231338,100298.0000
1764076298195844267,2025-11-25 18:41:38.193,0.841615,2.432639,354.468270,0.037544,0.014791,0.974931,0.827008,0.062348,9.893525,0.008077,-0.004415,0.042961,0.819602,0.456622,-1.229893,100292.0000
1764076298295549563,2025-11-25 18:41:38.293,0.859441,2.460965,354.245533,0.040194,0.017885,0.975277,0.515216,0.147708,9.840596,-0.009654,-0.003027,0.023241,0.821963,0.452273,-1.232751,100299.0000
1764076298395924193,2025-11-25 18:41:38.393,0.859746,2.500314,354.034280,0.041041,0.011089,0.977940,-0.058307,-0.630060,9.743983,0.008119,-0.011414,0.046582,0.821456,0.447961,-1.233159,100298.0000
1764076298495995934,2025-11-25 18:41:38.493,0.841392,2.550212,353.817183,0.045061,0.019079,0.978883,0.732792,0.820758,9.688584,-0.005383,-0.006521,0.030624,0.820471,0.446483,-1.235049,100300.0000
1764076298596353785,2025-11-25 18:41:38.593,0.819821,2.584640,353.628510,0.044319,0.012662,0.976647,0.444390,-0.190867,9.712333,-0.004335,-0.003610,0.035435,0.823826,0.442219,-1.234070,100298.0000
1764076298696209915,2025-11-25 18:41:38.693,0.816012,2.618904,353.433622,0.045291,0.009694,0.979098,0.353776,0.400655,9.963779,0.005129,-0.005446,0.041097,0.821396,0.441202,-1.236427,100298.0000
1764076298795850508,2025-11-25 18:41:38.793,0.831063,2.616471,353.224874,0.048025,0.013205,0.976775,0.356222,0.520982,9.543816,0.003870,-0.000036,0.032652,0.827168,0.439338,-1.235520,100300.0000
1764076298896412248,2025-11-25 18:41:38.893,0.851330,2.581525,353.038138,0.047290,0.013363,0.978150,0.460837,-0.204317,9.867276,0.005317,0.013731,0.029596,0.827161,0.436492,-1.234513,100297.0000
1764076298995461933,2025-11-25 18:41:38.993,0.851301,2.528810,352.846172,0.041188,0.014669,0.979064,0.097004,0.366389,9.833393,-0.000408,0.005639,0.034557,0.827654,0.434167,-1.231595,100304.0000
1764076299095850230,2025-11-25 18:41:39.093,0.831497,2.504977,352.650242,0.042472,0.017277,0.977193,0.745925,0.250770,9.733300,-0.002751,0.008784,0.034437,0.830047,0.433202,-1.232579,100297.0000
1764076299196144118,2025-11-25 18:41:39.193,0.804858,2.489799,352.459842,0.039257,0.011424,0.977456,0.156459,0.006737,9.812985,0.002559,-0.007299,0.043781,0.829560,0.432712,-1.233046,100305.0000
1764076299296085137,2025-11-25 18:41:39.293,0.793467,2.487957,352.264949,0.041845,0.014391,0.977088,0.426389,0.667094,9.703471,0.007027,-0.003445,0.018785,0.830505,0.430785,-1.233994,100298.0000
1764076299395582211,2025-11-25 18:41:39.393,0.795029,2.500988,352.065909,0.038967,0.006213,0.976475,0.258689,-0.574226,9.826150,0.008675,-0.008460,0.043266,0.831920,0.427417,-1.235408,100292.0000
1764076299495328915,2025-11-25 18:41:39.493,0.813113,2.544451,351.863565,0.042016,0.015832,0.978988,0.922142,0.686341,9.951862,0.003185,-0.010542,0.023717,0.832380,0.423121,-1.235349,100303.0000
1764076299596300766,2025-11-25 18:41:39.593,0.845234,2.596439,351.679863,0.043053,0.011769,0.977897,0.499148,0.139197,9.873626,0.006945,-0.005079,0.043797,0.835747,0.424548,-1.236384,100303.0000
1764076299696034822,2025-11-25 18:41:39.693,0.864964,2.623513,351.519909,0.046323,0.016770,0.977476,0.260884,0.353839,9.536671,-0.000794,-0.003374,0.020944,0.832373,0.418862,-1.233358,100300.0000
1764076299795646340,2025-11-25 18:41:39.793,0.870145,2.614253,351.382605,0.046623,0.012335,0.977956,0.348503,-0.132963,9.721031,0.007406,-0.001798,0.033362,0.836217,0.419337,-1.234385,100297.0000
1764076299896181729,2025-11-25 18:41:39.893,0.858705,2.585783,351.240107,0.047267,0.015498,0.977540,0.435406,0.151307,9.918447,-0.008118,0.006666,0.011759,0.834758,0.416932,-1.234808,100296.0000
1764076299995286285,2025-11-25 18:41:39.993,0.845791,2.521173,351.076177,0.044594,0.011652,0.978574,0.807448,-0.123204,9.983156,0.003791,0.010766,0.039711,0.838117,0.415036,-1.234829,100294.0000
1764076300095924859,2025-11-25 18:41:40.093,0.825883,2.464706,350.918335,0.039949,0.014909,0.977014,0.449177,0.086191,9.720581,-0.008704,0.005226,0.019412,0.837170,0.415073,-1.232889,100299.0000
1764076300196186340,2025-11-25 18:41:40.193,0.804630,2.445259,350.760124,0.037992,0.010577,0.977490,0.277276,0.298969,9.557639,0.004869,-0.004261,0.036724,0.841464,0.410285,-1.234324,100298.0000
1764076300295984988,2025-11-25 18:41:40.293,0.786776,2.482682,350.610761,0.039556,0.011087,0.977524,0.428860,-0.243103,9.892452,0.001837,-0.009436,0.020308,0.838070,0.406428,-1.235178,100303.0000
1764076300396208340,2025-11-25 18:41:40.393,0.796120,2.533184,350.455459,0.041689,0.011739,0.977561,0.454818,0.323481,9.827102,0.002215,-0.001467,0.027469,0.839050,0.409308,-1.234755,100296.0000
1764076300495289581,2025-11-25 18:41:40.493,0.830532,2.580821,350.305554,0.043954,0.009386,0.977553,0.260111,0.317767,9.819569,0.018783,-0.011728,0.024392,0.839501,0.403101,-1.234667,100301.0000
1764076300595326692,2025-11-25 18:41:40.593,0.874188,2.594291,350.159148,0.047557,0.015038,0.978089,0.585148,-0.185250,9.782029,0.006732,0.001514,0.027952,0.842853,0.401662,-1.235658,100292.0000
1764076300696208469,2025-11-25 18:41:40.693,0.897268,2.565014,350.036980,0.044891,0.017344,0.977960,0.778768,0.418259,10.067577,0.006966,0.010024,0.022261,0.841391,0.400192,-1.237059,100303.0000
1764076300796044525,2025-11-25 18:41:40.793,0.886253,2.543118,349.934231,0.041031,0.014568,0.976232,0.408275,-0.272377,9.754544,0.000406,-0.000377,0.021801,0.843314,0.398311,-1.236095,100305.0000
1764076300896163525,2025-11-25 18:41:40.893,0.865451,2.547455,349.825890,0.043662,0.013265,0.978000,0.494812,-0.127913,9.823792,0.005373,-0.002577,0.014719,0.842859,0.401205,-1.234687,100300.0000
1764076300995355543,2025-11-25 18:41:40.993,0.840137,2.573891,349.706200,0.044440,0.014436,0.977502,0.495161,0.307080,9.630527,-0.011719,-0.003263,0.013001,0.845244,0.395504,-1.233672,100294.0000
1764076301095936210,2025-11-25 18:41:41.092,0.817589,2.605569,349.611101,0.045373,0.010816,0.977919,0.644174,0.163258,9.998418,0.000738,-0.005659,0.009049,0.843316,0.396431,-1.234621,100301.0000
1764076301196144599,2025-11-25 18:41:41.193,0.807432,2.644049,349.535529,0.046434,0.008730,0.976377,0.290565,0.029886,9.625940,0.006485,-0.000729,0.017445,0.842346,0.397818,-1.236555,100298.0000
1764076301296141265,2025-11-25 18:41:41.293,0.805901,2.679311,349.462034,0.049016,0.011514,0.977755,0.204761,-0.196060,9.923962,0.003407,-0.005002,0.005920,0.841385,0.395934,-1.235067,100291.0000
1764076301395484358,2025-11-25 18:41:41.393,0.800366,2.671165,349.375850,0.049248,0.011188,0.977430,0.598864,0.021029,9.875744,-0.002041,0.007266,0.025966,0.844753,0.397362,-1.236101,100299.0000
1764076301495314358,2025-11-25 18:41:41.493,0.789509,2.617943,349.295768,0.046930,0.012969,0.977810,0.591320,-0.040592,9.836435,0.001685,0.012607,0.010751,0.847164,0.395503,-1.234182,100305.0000
1764076301595784321,2025-11-25 18:41:41.593,0.776826,2.544025,349.235750,0.043592,0.010635,0.978132,0.171898,-0.061018,9.478018,0.000846,0.005836,0.012662,0.847172,0.395523,-1.233220,100296.0000
1764076301696003450,2025-11-25 18:41:41.693,0.772950,2.510264,349.188477,0.041315,0.010432,0.978191,0.177963,0.262807,9.664900,0.000631,-0.002123,-0.003380,0.846690,0.394576,-1.232716,100296.0000
1764076301795947802,2025-11-25 18:41:41.793,0.783932,2.534021,349.141632,0.041288,0.007524,0.977413,0.774781,-0.032066,10.059965,0.008553,-0.010649,0.018339,0.847155,0.393592,-1.234153,100306.0000
1764076301895308061,2025-11-25 18:41:41.893,0.810699,2.590558,349.102855,0.044728,0.008847,0.976280,0.364610,0.167725,9.613523,0.006264,-0.009524,0.010315,0.846655,0.392126,-1.235568,100300.0000
1764076301995860228,2025-11-25 18:41:41.993,0.832687,2.643820,349.068582,0.046790,0.010962,0.977657,0.373828,-0.123614,9.937041,0.004858,-0.003855,0.006921,0.846145,0.390162,-1.237938,100304.0000
1764076302095863543,2025-11-25 18:41:42.093,0.850077,2.672695,349.026297,0.048290,0.012192,0.977116,0.870844,0.364662,10.006190,0.001406,-0.000802,0.010868,0.849525,0.388795,-1.235559,100298.0000
1764076302195744506,2025-11-25 18:41:42.193,0.838366,2.669954,348.980896,0.045221,0.013309,0.975606,0.201160,0.140595,9.721309,-0.009800,-0.003145,0.012095,0.847592,0.387821,-1.235998,100305.0000
1764076302295649135,2025-11-25 18:41:42.293,0.815315,2.653326,348.963700,0.045813,0.012249,0.977711,0.237124,-0.054130,9.592402,-0.002435,-0.000889,0.000069,0.845193,0.389243,-1.235984,100294.0000
1764076302396291783,2025-11-25 18:41:42.393,0.783667,2.644889,348.972553,0.047511,0.009779,0.978556,0.443975,0.230920,9.790747,-0.008504,0.000104,-0.001484,0.847132,0.392118,-1.236056,100300.0000
1764076302495951339,2025-11-25 18:41:42.493,0.763437,2.645280,348.969089,0.046486,0.008302,0.978717,0.754211,0.118957,10.018851,-0.002554,0.000936,-0.000377,0.848568,0.392104,-1.237041,100300.0000
1764076302595529079,2025-11-25 18:41:42.593,0.771592,2.644998,348.956309,0.045336,0.006169,0.977613,0.304003,0.163167,9.648974,0.003448,0.006706,0.012500,0.847131,0.392586,-1.236545,100292.0000
1764076302695663579,2025-11-25 18:41:42.693,0.795496,2.667684,348.960275,0.044204,0.009716,0.978129,0.447971,0.320118,9.700240,0.001814,-0.000833,-0.007471,0.848535,0.387774,-1.238419,100300.0000
1764076302795860635,2025-11-25 18:41:42.793,0.808397,2.685023,348.983695,0.044918,0.010686,0.976750,0.218663,0.166699,9.678882,-0.000713,0.003025,0.000815,0.846171,0.389289,-1.234073,100309.0000
1764076302896711894,2025-11-25 18:41:42.893,0.811067,2.690345,349.002554,0.046913,0.009856,0.976624,0.114529,-0.053685,9.619151,0.004483,-0.004403,0.001026,0.846628,0.389697,-1.237457,100298.0000
1764076302995643431,2025-11-25 18:41:42.993,0.822612,2.674719,349.003911,0.047030,0.009996,0.977265,0.862249,0.172938,9.836483,-0.003949,0.004337,-0.002848,0.847592,0.390179,-1.237478,100294.0000
1764076303096442968,2025-11-25 18:41:43.093,0.843670,2.663115,349.004209,0.044645,0.009542,0.976379,0.594082,0.200337,9.862552,0.006236,-0.006020,-0.000593,0.845695,0.392599,-1.235561,100294.0000
1764076303196556135,2025-11-25 18:41:43.193,0.846991,2.670506,349.017347,0.043628,0.011668,0.977225,0.375107,0.018270,9.777084,-0.002590,0.003379,0.002923,0.846137,0.390142,-1.238901,100298.0000
1764076303296137931,2025-11-25 18:41:43.293,0.836201,2.671747,349.028642,0.043999,0.010449,0.978834,0.713495,0.224206,9.937774,0.002896,0.002276,-0.001049,0.846173,0.391179,-1.235065,100294.0000
1764076303396422246,2025-11-25 18:41:43.393,0.815335,2.692398,349.035451,0.045652,0.010898,0.978748,0.447895,-0.116831,9.686152,0.000007,-0.005493,0.000932,0.847601,0.392557,-1.237997,100303.0000
1764076303495969394,2025-11-25 18:41:43.493,0.800559,2.715479,349.033382,0.048492,0.010539,0.977971,0.592549,-0.047091,9.846307,-0.001813,-0.002703,-0.000195,0.846637,0.391608,-1.237486,100299.0000
1764076303596044042,2025-11-25 18:41:43.593,0.793515,2.725263,349.028173,0.048787,0.009602,0.977658,0.448410,0.410691,9.961516,-0.004460,-0.001292,-0.000601,0.843766,0.391635,-1.235518,100307.0000
1764076303696253134,2025-11-25 18:41:43.693,0.799901,2.710793,349.031068,0.049794,0.008236,0.977842,0.541291,-0.198270,9.820739,0.001550,0.005533,-0.009722,0.848576,0.392125,-1.236078,100296.0000
1764076303796314097,2025-11-25 18:41:43.793,0.811730,2.653397,349.043566,0.048175,0.010502,0.976832,0.431550,0.243977,9.873435,0.001523,0.010236,0.006959,0.845223,0.392150,-1.234103,100298.0000
1764076303896057579,2025-11-25 18:41:43.893,0.823003,2.586433,349.072357,0.045704,0.010909,0.977640,0.595068,0.154070,9.793222,0.005148,0.007179,-0.010514,0.848571,0.392582,-1.237048,100298.0000
1764076303995318782,2025-11-25 18:41:43.992,0.834426,2.561592,349.125322,0.040470,0.011333,0.977125,0.253721,0.337007,9.658345,0.002957,-0.007663,-0.001994,0.846175,0.391656,-1.235072,100296.0000
1764076304095371930,2025-11-25 18:41:44.092,0.851044,2.606444,349.225310,0.043229,0.010999,0.977776,0.521217,0.329391,9.778406,-0.000260,-0.007933,-0.032993,0.846197,0.394543,-1.234154,100296.0000
1764076304196199541,2025-11-25 18:41:44.193,0.862534,2.658552,349.340684,0.047115,0.008710,0.977248,0.640421,0.204645,9.958316,0.004011,-0.008244,-0.010553,0.844742,0.394506,-1.235576,100303.0000
1764076304295829356,2025-11-25 18:41:44.293,0.859306,2.695879,349.470699,0.049560,0.010160,0.976325,0.213456,-0.037452,9.600157,-0.005121,-0.003059,-0.032096,0.843770,0.396361,-1.237998,100300.0000
1764076304395519097,2025-11-25 18:41:44.393,0.845356,2.703386,349.594810,0.050190,0.008533,0.976637,0.402412,-0.005122,9.776347,0.001267,-0.005563,-0.023680,0.843315,0.399256,-1.236591,100297.0000
1764076304495949412,2025-11-25 18:41:44.493,0.822663,2.679609,349.726588,0.050893,0.007685,0.977706,0.785716,0.048214,9.908527,-0.009011,0.003818,-0.016564,0.839952,0.398783,-1.235571,100300.0000
1764076304595350430,2025-11-25 18:41:44.593,0.800821,2.639826,349.862002,0.048745,0.006850,0.978225,0.690803,0.354922,9.802290,0.002089,0.010072,-0.016498,0.841409,0.400711,-1.235140,100299.0000
1764076304695971560,2025-11-25 18:41:44.693,0.799174,2.605110,350.001565,0.043017,0.004560,0.977423,0.154245,-0.053809,9.687656,-0.000495,0.005808,-0.025675,0.842396,0.404079,-1.234243,100300.0000
1764076304795364171,2025-11-25 18:41:44.793,0.809421,2.601851,350.137172,0.043720,0.006648,0.978268,0.057538,-0.029998,9.591997,0.003050,-0.002396,-0.031174,0.841905,0.403579,-1.235191,100289.0000
1764076304895384059,2025-11-25 18:41:44.893,0.817937,2.610395,350.271267,0.043354,0.007658,0.978127,0.399619,-0.161163,9.596584,-0.006469,-0.002393,-0.031631,0.839524,0.407877,-1.234740,100299.0000
1764076304995374078,2025-11-25 18:41:44.992,0.805556,2.623121,350.401702,0.044993,0.008410,0.976816,0.424974,0.267822,9.822160,0.002292,-0.007407,-0.021312,0.840019,0.409801,-1.234295,100298.0000
1764076305095592448,2025-11-25 18:41:45.092,0.773187,2.642915,350.536841,0.046294,0.006749,0.976358,0.530364,-0.165455,9.839627,-0.006818,-0.002299,-0.018892,0.835175,0.406394,-1.236098,100297.0000
1764076305196338115,2025-11-25 18:41:45.193,0.745616,2.672429,350.668436,0.047120,0.006229,0.977860,0.712358,0.131408,9.879596,0.006103,-0.004382,-0.018030,0.836176,0.412629,-1.235245,100290.0000
1764076305295295633,2025-11-25 18:41:45.293,0.742484,2.686831,350.814363,0.048058,0.004153,0.978302,0.288969,0.079621,9.605941,0.008636,0.005542,-0.027446,0.835699,0.412637,-1.234756,100296.0000
1764076305396170133,2025-11-25 18:41:45.393,0.763725,2.672567,350.943254,0.048147,0.004582,0.978908,0.499859,0.024156,9.651197,0.004245,0.007374,-0.027226,0.835207,0.413550,-1.236690,100306.0000
1764076305496597763,2025-11-25 18:41:45.493,0.787075,2.631144,351.055006,0.047336,0.006471,0.978447,0.480108,0.147131,9.824636,0.000451,0.009570,-0.018063,0.835687,0.412607,-1.236201,100296.0000
1764076305596702800,2025-11-25 18:41:45.593,0.806154,2.595991,351.160432,0.044782,0.008181,0.976694,0.364592,0.459656,9.615584,0.005510,0.003677,-0.020157,0.835222,0.415003,-1.235749,100294.0000
1764076305695988392,2025-11-25 18:41:45.693,0.825329,2.553200,351.259842,0.044035,0.006860,0.977500,0.297739,0.328955,9.826140,-0.000753,-0.000786,-0.024059,0.833780,0.418299,-1.237704,100306.0000
1764076305795367911,2025-11-25 18:41:45.793,0.838080,2.527303,351.350632,0.042777,0.007615,0.976650,0.416621,-0.030149,9.870954,0.004911,0.000900,-0.017103,0.833309,0.417383,-1.235757,100298.0000
1764076305896357855,2025-11-25 18:41:45.893,0.839742,2.522910,351.434587,0.040017,0.010081,0.976734,0.492132,0.018049,9.668866,0.004064,-0.004660,-0.015654,0.832842,0.419301,-1.235298,100299.0000
1764076305995337040,2025-11-25 18:41:45.993,0.828905,2.564935,351.509155,0.040061,0.010109,0.977991,0.433508,0.344262,9.759197,0.007883,-0.011262,-0.022743,0.833816,0.419336,-1.233868,100296.0000
1764076306096031874,2025-11-25 18:41:46.092,0.810857,2.531193,351.581900,0.045073,0.007597,0.981610,0.427059,0.201796,9.859003,-0.004738,0.028312,-0.018591,0.833345,0.422190,-1.234386,100300.0000
1764076306195674299,2025-11-25 18:41:46.193,0.794268,2.099495,351.678490,0.040250,0.004786,0.984244,0.136272,-0.690406,9.858462,0.004394,0.113700,-0.018746,0.837240,0.423742,-1.229651,100292.0000
1764076306296358688,2025-11-25 18:41:46.293,0.792943,1.227426,351.768885,0.013924,0.007724,0.985637,-0.347370,0.092891,9.847374,0.001651,0.177005,-0.015498,0.845026,0.423066,-1.218197,100299.0000
1764076306396231836,2025-11-25 18:41:46.393,0.792938,0.157397,351.868759,-0.029081,0.009167,0.983655,-0.473907,0.280828,9.864955,0.004256,0.176130,-0.024435,0.852835,0.425276,-1.205825,100304.0000
1764076306496050133,2025-11-25 18:41:46.493,0.801928,-0.717814,351.973370,-0.067559,0.005434,0.981519,-0.978607,-0.120554,9.801125,0.000480,0.121631,-0.013122,0.862536,0.427881,-1.197820,100290.0000
1764076306595829595,2025-11-25 18:41:46.593,0.817510,-1.136704,352.048279,-0.090928,0.006014,0.976644,-0.945450,0.282780,9.833797,0.010282,0.036402,-0.010741,0.865478,0.427570,-1.190634,100294.0000
1764076306696205355,2025-11-25 18:41:46.693,0.839458,-1.259821,352.068469,-0.088293,0.008263,0.975438,-1.349299,-0.015467,9.477854,0.001681,0.013305,0.006931,0.865960,0.428517,-1.191138,100296.0000
1764076306796059077,2025-11-25 18:41:46.793,0.846718,-1.245545,352.107455,-0.079872,0.012522,0.971488,-0.878864,0.060412,9.707325,0.005405,-0.025876,-0.005549,0.866435,0.428031,-1.191619,100296.0000
1764076306896276614,2025-11-25 18:41:46.893,0.830487,-1.168579,352.149812,-0.065168,0.010645,0.976077,-0.759761,-0.563326,10.111923,0.001462,-0.013686,-0.007778,0.865018,0.429509,-1.189212,100298.0000
1764076306995874947,2025-11-25 18:41:46.993,0.836644,-1.311255,352.205595,-0.076919,0.006456,0.976076,-2.407491,-0.652568,9.292421,0.010979,0.032744,-0.011432,0.866921,0.427576,-1.190655,100298.0000
1764076307095788466,2025-11-25 18:41:47.093,0.808160,-1.517492,352.171935,-0.100051,0.013508,0.972487,0.039282,0.706788,9.452896,0.003571,0.015458,-0.015801,0.869369,0.430524,-1.187366,100298.0000
1764076307196158521,2025-11-25 18:41:47.193,0.797105,-1.507046,352.168770,-0.114890,0.007405,0.972417,-0.865514,-0.335956,10.254164,0.001691,-0.041827,-0.002059,0.867909,0.429532,-1.188774,100298.0000
1764076307295552762,2025-11-25 18:41:47.293,0.755328,-0.940025,352.190105,-0.117994,0.013266,0.962119,-1.007508,-0.734834,9.437454,-0.000282,-0.136057,-0.006085,0.865947,0.430366,-1.194055,100299.0000
1764076307395358391,2025-11-25 18:41:47.393,0.716248,0.012528,352.207439,-0.074021,0.009191,0.970671,-0.399565,0.633473,9.984907,-0.002526,-0.173572,0.018011,0.854792,0.431028,-1.205459,100303.0000
1764076307496350317,2025-11-25 18:41:47.493,0.727076,0.935664,352.234437,-0.024293,0.002535,0.974451,0.113897,-0.404854,9.905354,0.012477,-0.138597,-0.013127,0.844606,0.432181,-1.216403,100299.0000
1764076307596043595,2025-11-25 18:41:47.593,0.795568,1.601059,352.259557,0.006503,0.002899,0.977564,0.095887,-0.036003,9.671011,0.030400,-0.093993,-0.008926,0.839718,0.430542,-1.224975,100302.0000
1764076307695959854,2025-11-25 18:41:47.693,0.867773,1.870215,352.293557,0.032908,0.015519,0.987796,0.008790,-0.269076,9.800181,0.009961,-0.015289,-0.017874,0.836795,0.429493,-1.228769,100300.0000
1764076307796255817,2025-11-25 18:41:47.793,0.889520,1.681666,352.322597,0.042443,0.014981,0.992444,0.500684,-0.216803,10.079919,0.001506,0.060215,-0.001381,0.836346,0.431462,-1.225903,100294.0000
1764076307896044817,2025-11-25 18:41:47.893,0.873114,1.142262,352.350499,0.031341,0.015564,0.988685,0.380351,0.291535,9.976478,-0.008719,0.115720,-0.009051,0.840712,0.429215,-1.220154,100299.0000
1764076307996374280,2025-11-25 18:41:47.993,0.830262,0.475818,352.388269,0.009018,0.012856,0.983154,0.139215,0.057594,9.823672,-0.006976,0.123511,-0.015794,0.848933,0.428420,-1.214483,100302.0000
1764076308095533798,2025-11-25 18:41:48.093,0.792787,-0.081538,352.438124,-0.022758,0.010551,0.974655,-0.539055,0.138965,9.734092,-0.003410,0.071087,-0.003259,0.853361,0.431997,-1.204490,100294.0000
1764076308196478095,2025-11-25 18:41:48.193,0.775318,-0.306508,352.474753,-0.040528,0.007252,0.970647,-0.469116,-0.007713,9.697063,0.001882,-0.002889,-0.005035,0.856752,0.432073,-1.201651,100303.0000
1764076308295944520,2025-11-25 18:41:48.293,0.791171,-0.133854,352.489944,-0.040448,0.007793,0.970325,-0.388015,-0.166840,9.675827,0.009067,-0.060942,0.003792,0.852884,0.434363,-1.205482,100296.0000
1764076308395948113,2025-11-25 18:41:48.393,0.814604,0.331902,352.477270,-0.023619,0.010672,0.974544,0.050792,0.241170,9.869921,-0.001891,-0.097539,0.004741,0.847525,0.430863,-1.211611,100299.0000
1764076308495327798,2025-11-25 18:41:48.493,0.812252,0.862020,352.439466,0.001240,0.010721,0.977400,0.118081,-0.077905,9.770974,0.006238,-0.084411,0.012509,0.844140,0.432219,-1.214471,100306.0000
1764076308595601650,2025-11-25 18:41:48.593,0.772357,1.255811,352.392422,0.024469,0.013115,0.979580,0.412190,0.409576,9.885036,-0.007952,-0.052781,0.009290,0.840248,0.432090,-1.219709,100309.0000
1764076308695989428,2025-11-25 18:41:48.693,0.731179,1.378653,352.353118,0.037813,0.009762,0.981562,0.548562,-0.016494,9.829114,-0.002611,0.002346,0.003925,0.836372,0.432001,-1.223022,100302.0000
1764076308796732113,2025-11-25 18:41:48.793,0.726919,1.209313,352.308508,0.036548,0.006653,0.982410,0.211127,0.010043,9.846039,-0.003008,0.046670,0.004442,0.843125,0.431605,-1.220707,100306.0000
1764076308895987094,2025-11-25 18:41:48.893,0.757592,0.926768,352.241400,0.023139,0.005747,0.980543,0.106074,0.029448,9.795825,0.011081,0.053575,0.015346,0.843618,0.429279,-1.217790,100296.0000
1764076308995964168,2025-11-25 18:41:48.993,0.797119,0.674994,352.138857,0.010241,0.008911,0.978895,-0.049656,0.216215,9.743256,0.009108,0.033375,0.020484,0.846062,0.430805,-1.213996,100301.0000
1764076309096120353,2025-11-25 18:41:49.093,0.818448,0.529788,352.003115,0.003206,0.011793,0.978475,0.030039,0.009412,9.773918,0.005013,0.015602,0.025242,0.849429,0.428462,-1.212565,100305.0000
1764076309195583835,2025-11-25 18:41:49.193,0.798450,0.481952,351.873002,0.001386,0.013286,0.978022,-0.019287,0.252459,9.784436,-0.009186,0.004800,0.016915,0.850403,0.426139,-1.209654,100301.0000
1764076309295555798,2025-11-25 18:41:49.293,0.746255,0.520276,351.768840,0.003013,0.011092,0.977297,0.095362,-0.012293,9.719423,-0.001906,-0.012468,0.019981,0.847987,0.427988,-1.212055,100309.0000
1764076309395749464,2025-11-25 18:41:49.393,0.703635,0.606267,351.678072,0.005865,0.006862,0.976918,0.077546,0.161039,9.801208,-0.005729,-0.017434,0.015874,0.849864,0.422214,-1.214402,100299.0000
1764076309496394983,2025-11-25 18:41:49.493,0.705223,0.706345,351.580325,0.009366,0.003771,0.976993,0.133906,-0.099884,9.739532,0.010073,-0.015832,0.019190,0.847932,0.422185,-1.215337,100310.0000
1764076309595307742,2025-11-25 18:41:49.593,0.739736,0.791161,351.448569,0.013365,0.006423,0.977240,0.097044,0.173705,9.727662,0.009021,-0.011660,0.022661,0.848410,0.423122,-1.216322,100298.0000
1764076309695980223,2025-11-25 18:41:49.693,0.783460,0.831750,351.320100,0.016334,0.010389,0.978520,0.236240,0.136045,9.829790,0.010436,-0.007506,0.020352,0.849832,0.418830,-1.216277,100305.0000
1764076309795760408,2025-11-25 18:41:49.793,0.789486,0.801114,351.230443,0.018227,0.012629,0.980345,0.224553,0.307001,9.780969,-0.000624,0.011748,0.014525,0.849356,0.418370,-1.215299,100294.0000
1764076309896333316,2025-11-25 18:41:49.893,0.763664,0.684780,351.175185,0.016177,0.012179,0.981561,0.191379,-0.065147,9.809582,-0.002234,0.025471,0.005932,0.851759,0.417903,-1.215328,100302.0000
1764076309995342482,2025-11-25 18:41:49.993,0.714620,0.543707,351.137287,0.009830,0.009998,0.980299,0.002789,0.102506,9.804887,-0.013071,0.020332,0.005676,0.853220,0.417483,-1.212935,100300.0000
1764076310095908001,2025-11-25 18:41:50.092,0.684647,0.437612,351.089050,0.002073,0.005808,0.977905,-0.138341,-0.023181,9.692378,0.001983,0.012813,0.009724,0.854183,0.416075,-1.211964,100305.0000
1764076310196709538,2025-11-25 18:41:50.193,0.679743,0.403267,351.040147,-0.000797,0.006106,0.976750,-0.059062,0.105633,9.768986,0.000421,0.002781,0.007701,0.855649,0.417555,-1.210082,100308.0000
1764076310296168964,2025-11-25 18:41:50.293,0.700082,0.434340,351.005635,-0.000157,0.007490,0.976928,-0.064269,-0.044382,9.712426,0.011009,-0.009239,0.006911,0.855650,0.418500,-1.210578,100297.0000
1764076310396342241,2025-11-25 18:41:50.393,0.740503,0.509001,350.988271,0.003630,0.007493,0.978060,0.062204,0.202208,9.781997,0.006322,-0.018581,0.005182,0.855134,0.414636,-1.212438,100303.0000
1764076310496746649,2025-11-25 18:41:50.493,0.774757,0.587008,350.987850,0.007855,0.009427,0.979052,0.119951,0.102796,9.748961,0.002268,-0.012585,0.001534,0.852260,0.415599,-1.211447,100296.0000
1764076310595309797,2025-11-25 18:41:50.593,0.780940,0.643143,351.003502,0.010730,0.011135,0.979100,0.185517,0.136219,9.807828,-0.001464,-0.005614,-0.007800,0.854167,0.413676,-1.212409,100306.0000
1764076310695964371,2025-11-25 18:41:50.693,0.768373,0.657666,351.040338,0.012686,0.010311,0.978558,0.131521,-0.026859,9.725374,0.002784,0.001891,-0.007000,0.852735,0.416058,-1.212425,100298.0000
1764076310796210371,2025-11-25 18:41:50.793,0.749502,0.633432,351.104365,0.012615,0.011968,0.977611,0.101186,0.288028,9.760735,-0.004560,0.002121,-0.014734,0.853222,0.419373,-1.213927,100307.0000
1764076310895998704,2025-11-25 18:41:50.893,0.735498,0.593267,351.173512,0.013276,0.009161,0.978600,0.078065,0.117196,9.717394,-0.002679,0.007777,-0.010861,0.852265,0.417499,-1.211958,100292.0000
1764076310996034056,2025-11-25 18:41:50.993,0.736899,0.546870,351.242627,0.011106,0.008494,0.980391,0.054849,0.200737,9.790912,-0.002696,0.005698,-0.014537,0.852741,0.419371,-1.213920,100301.0000
1764076311095858408,2025-11-25 18:41:51.093,0.757970,0.500510,351.332442,0.010082,0.008840,0.980554,0.055062,0.019687,9.711873,0.009360,0.006434,-0.014254,0.851801,0.419428,-1.211017,100306.0000
1764076311196265241,2025-11-25 18:41:51.193,0.775883,0.472546,351.450331,0.007721,0.010840,0.979348,0.065252,0.252102,9.823847,-0.002857,-0.003097,-0.025614,0.853232,0.422229,-1.214452,100298.0000
1764076311296125574,2025-11-25 18:41:51.293,0.787445,0.484564,351.588239,0.007791,0.010240,0.977590,0.160094,-0.040508,9.758430,0.004248,-0.007577,-0.023845,0.852765,0.422735,-1.213008,100303.0000
1764076311396283982,2025-11-25 18:41:51.393,0.789092,0.530703,351.744144,0.009083,0.011428,0.976641,0.129760,0.190383,9.754935,0.001134,-0.011368,-0.026934,0.847454,0.422193,-1.214849,100298.0000
1764076311496027056,2025-11-25 18:41:51.493,0.785618,0.609015,351.896431,0.011941,0.010087,0.975971,0.134833,0.008164,9.753804,0.002934,-0.015400,-0.023513,0.849406,0.426043,-1.213973,100301.0000
1764076311596057518,2025-11-25 18:41:51.593,0.787065,0.690329,352.039542,0.016271,0.010540,0.977592,0.162436,0.178208,9.793597,-0.001146,-0.015723,-0.022757,0.845570,0.429360,-1.214448,100306.0000
1764076311695535000,2025-11-25 18:41:51.693,0.791350,0.731829,352.176619,0.021268,0.011840,0.979342,0.238565,0.063119,9.786327,0.005883,-0.003853,-0.018348,0.844588,0.429304,-1.216841,100294.0000
1764076311796454815,2025-11-25 18:41:51.793,0.795528,0.709300,352.328774,0.022739,0.011991,0.980780,0.203783,0.165534,9.819055,-0.002629,0.009883,-0.032799,0.846043,0.429341,-1.215418,100304.0000
1764076311895559796,2025-11-25 18:41:51.893,0.789888,0.625074,352.489754,0.020090,0.010914,0.980482,0.158852,0.038063,9.782163,-0.002332,0.019500,-0.027609,0.845091,0.433606,-1.216914,100301.0000
1764076311996415166,2025-11-25 18:41:51.993,0.777518,0.520159,352.660080,0.015637,0.010493,0.979778,0.125236,0.068741,9.850445,-0.002323,0.021205,-0.029867,0.845146,0.437051,-1.212151,100298.0000
1764076312095303037,2025-11-25 18:41:52.092,0.764340,0.420021,352.821981,0.010741,0.009728,0.979079,0.144332,0.012254,9.799608,0.006883,0.013424,-0.021529,0.843712,0.438955,-1.212159,100305.0000
1764076312196814888,2025-11-25 18:41:52.193,0.760755,0.374360,352.972155,0.007291,0.010249,0.977472,0.051040,0.245497,9.794586,0.001000,0.002602,-0.030158,0.843724,0.439931,-1.211211,100309.0000
1764076312295654425,2025-11-25 18:41:52.293,0.774547,0.394829,353.120855,0.006718,0.010020,0.976900,0.037187,0.018550,9.711671,0.002972,-0.007535,-0.021387,0.843721,0.442279,-1.213173,100301.0000
1764076312396156536,2025-11-25 18:41:52.393,0.797294,0.460969,353.261502,0.008689,0.011273,0.976369,0.072711,0.123798,9.773064,0.001984,-0.013695,-0.026112,0.842740,0.443169,-1.216062,100298.0000
1764076312495992944,2025-11-25 18:41:52.493,0.808827,0.528925,353.405765,0.013238,0.012570,0.977252,0.128596,0.038023,9.731853,0.002150,-0.012088,-0.023867,0.839396,0.444160,-1.213620,100298.0000
1764076312596016073,2025-11-25 18:41:52.593,0.799058,0.564833,353.559834,0.016506,0.013719,0.978711,0.223782,0.120483,9.821057,-0.002729,-0.004589,-0.031823,0.836961,0.443600,-1.216947,100306.0000
1764076312698008647,2025-11-25 18:41:52.695,0.778428,0.547503,353.704110,0.017203,0.011852,0.979793,0.172408,0.040825,9.793647,-0.005474,0.007719,-0.021228,0.837954,0.447456,-1.215576,100304.0000
1764076312795929740,2025-11-25 18:41:52.793,0.758031,0.489796,353.835948,0.014908,0.009925,0.980833,0.171579,0.073601,9.849534,-0.004475,0.010895,-0.028078,0.840371,0.446553,-1.213671,100301.0000
1764076312895987295,2025-11-25 18:41:52.893,0.755350,0.424492,353.951620,0.011544,0.008357,0.980071,0.053511,0.128535,9.745605,-0.002175,0.010771,-0.016732,0.837042,0.451355,-1.211769,100302.0000
1764076312995311925,2025-11-25 18:41:52.992,0.768157,0.364746,354.053322,0.009763,0.009019,0.980290,0.113404,0.149131,9.785108,0.010391,0.012388,-0.016116,0.836561,0.452298,-1.212258,100298.0000
1764076313096191999,2025-11-25 18:41:53.093,0.792306,0.286629,354.117962,0.006155,0.011503,0.978364,-0.008852,0.134430,9.743663,0.003822,0.013818,-0.002603,0.833675,0.453230,-1.212711,100305.0000
1764076313195911666,2025-11-25 18:41:53.193,0.808804,0.233974,354.167012,0.003162,0.012338,0.977335,0.017300,0.129843,9.847486,0.006522,0.008157,-0.014394,0.837068,0.454252,-1.210369,100304.0000
1764076313296227369,2025-11-25 18:41:53.293,0.808095,0.222005,354.195802,0.002693,0.011729,0.976176,0.048830,0.203440,9.713861,0.003155,-0.003130,0.003967,0.837512,0.449914,-1.212236,100297.0000
1764076313395934110,2025-11-25 18:41:53.393,0.793684,0.252152,354.207778,0.003429,0.012760,0.977311,0.038907,0.118767,9.780096,-0.005147,-0.008646,-0.007199,0.836093,0.453272,-1.211303,100292.0000
1764076313495495999,2025-11-25 18:41:53.493,0.768606,0.331826,354.204842,0.004922,0.011164,0.977089,0.055053,-0.042316,9.743305,-0.007212,-0.015841,0.010353,0.835606,0.453727,-1.212265,100305.0000
1764076313596014276,2025-11-25 18:41:53.593,0.739963,0.434633,354.179148,0.009396,0.010306,0.978591,0.226223,0.196544,9.738096,-0.004852,-0.017367,0.003748,0.835598,0.451349,-1.211748,100298.0000
1764076313695445869,2025-11-25 18:41:53.693,0.721900,0.515561,354.132789,0.013590,0.009011,0.979378,0.088969,0.147419,9.822696,-0.002647,-0.012585,0.008799,0.833643,0.452204,-1.216066,100298.0000
1764076313795321165,2025-11-25 18:41:53.793,0.730021,0.546647,354.075654,0.016116,0.006811,0.980020,0.154001,-0.098076,9.813795,0.009229,-0.003590,0.011036,0.833639,0.451248,-1.216052,100295.0000
1764076313895486980,2025-11-25 18:41:53.893,0.761460,0.521933,354.007255,0.017348,0.009122,0.979456,0.185951,0.140810,9.835578,0.004895,0.008453,0.015385,0.834127,0.448913,-1.213615,100305.0000
1764076313995396091,2025-11-25 18:41:53.993,0.783788,0.465852,353.940287,0.016041,0.012116,0.978784,0.172893,0.138536,9.822783,0.004865,0.003836,0.006376,0.836064,0.451310,-1.213680,100296.0000
1764076314095672406,2025-11-25 18:41:54.093,0.788518,0.403405,353.874479,0.013178,0.012131,0.978266,0.082308,0.023423,9.783712,-0.005403,0.008195,0.014072,0.838482,0.452297,-1.212768,100297.0000
1764076314196437498,2025-11-25 18:41:54.193,0.770850,0.365395,353.797375,0.010728,0.012262,0.978249,0.147478,0.138159,9.842245,-0.004267,0.004305,0.012198,0.837505,0.448481,-1.212214,100302.0000
1764076314295959943,2025-11-25 18:41:54.293,0.744870,0.365021,353.708291,0.010078,0.011535,0.978097,0.116585,0.185178,9.745872,-0.002858,-0.003827,0.019918,0.838461,0.447998,-1.212702,100303.0000
1764076314396085757,2025-11-25 18:41:54.393,0.724728,0.409855,353.612997,0.010754,0.009359,0.978371,0.067862,0.088168,9.765887,0.003861,-0.012927,0.013108,0.838939,0.447522,-1.212702,100298.0000
1764076314496231757,2025-11-25 18:41:54.493,0.715216,0.485179,353.524418,0.013546,0.007796,0.977915,0.122613,0.090725,9.743165,0.000550,-0.016246,0.018377,0.837505,0.448481,-1.212214,100307.0000
1764076314596367850,2025-11-25 18:41:54.593,0.725152,0.551854,353.441299,0.017194,0.008146,0.978161,0.212783,0.085007,9.823799,0.006562,-0.013833,0.011283,0.838440,0.444643,-1.213132,100296.0000
1764076314696013146,2025-11-25 18:41:54.693,0.740013,0.591899,353.365485,0.019847,0.009925,0.977475,0.228032,0.110475,9.757096,0.003351,-0.005872,0.016410,0.836950,0.442157,-1.217407,100301.0000
1764076314795670961,2025-11-25 18:41:54.793,0.757507,0.597565,353.296846,0.020770,0.011400,0.978227,0.262339,0.119684,9.840712,0.002885,-0.000005,0.006828,0.839833,0.442159,-1.217930,100305.0000
1764076314896285202,2025-11-25 18:41:54.893,0.754312,0.561249,353.230733,0.020227,0.011481,0.979127,0.173457,0.133501,9.766580,-0.005364,0.009546,0.012598,0.839842,0.441712,-1.216479,100303.0000
1764076314996531553,2025-11-25 18:41:54.993,0.741473,0.501361,353.164841,0.018768,0.010399,0.980611,0.190680,0.092893,9.840429,-0.001274,0.013163,0.008216,0.842749,0.442722,-1.214611,100293.0000
1764076315096180868,2025-11-25 18:41:55.093,0.730117,0.440064,353.086680,0.016031,0.009225,0.980355,0.088794,0.099834,9.757580,0.002028,0.010747,0.021346,0.841778,0.441752,-1.215063,100299.0000
1764076315196571813,2025-11-25 18:41:55.193,0.738358,0.390176,353.009557,0.013747,0.009186,0.979082,0.038332,0.166545,9.718649,0.005028,0.007445,0.010922,0.840833,0.441321,-1.212635,100298.0000
1764076315296154164,2025-11-25 18:41:55.293,0.749123,0.366178,352.938493,0.012202,0.010630,0.977103,0.078986,0.173769,9.774331,0.008089,0.000187,0.013802,0.841801,0.441813,-1.212175,100291.0000
1764076315395285424,2025-11-25 18:41:55.393,0.749412,0.373744,352.888624,0.010989,0.010509,0.975943,0.123100,0.067660,9.776595,-0.000104,-0.003466,0.005520,0.844170,0.437484,-1.214070,100303.0000
1764076315495340535,2025-11-25 18:41:55.493,0.741725,0.412856,352.837991,0.011842,0.010680,0.976903,0.141220,0.148076,9.766008,0.000081,-0.010754,0.013238,0.844194,0.439903,-1.212663,100296.0000
1764076315595315479,2025-11-25 18:41:55.593,0.729601,0.468428,352.788182,0.013442,0.009803,0.978227,0.164420,0.040550,9.813372,-0.000596,-0.007279,0.004352,0.842726,0.437945,-1.214537,100302.0000
1764076315695338368,2025-11-25 18:41:55.693,0.719182,0.509320,352.736265,0.016003,0.009755,0.979503,0.139825,0.116733,9.765916,-0.000016,-0.004415,0.013474,0.842251,0.436073,-1.212576,100295.0000
1764076315796291460,2025-11-25 18:41:55.793,0.723649,0.529900,352.685490,0.018216,0.009693,0.980008,0.222779,0.039559,9.821550,0.003339,-0.001273,0.005718,0.842700,0.433635,-1.214953,100301.0000
1764076315896259553,2025-11-25 18:41:55.893,0.725675,0.504811,352.650532,0.019532,0.009959,0.979602,0.149574,0.151885,9.752497,0.005011,0.009132,0.009937,0.843192,0.435081,-1.214501,100301.0000
1764076315995364701,2025-11-25 18:41:55.993,0.725555,0.439765,352.631125,0.018187,0.010196,0.979099,0.184600,0.055378,9.814694,-0.001238,0.014485,-0.000586,0.842237,0.434152,-1.213028,100301.0000
1764076316095935701,2025-11-25 18:41:56.093,0.719945,0.359853,352.616467,0.014490,0.010244,0.978688,0.103998,0.123862,9.787119,0.001230,0.012985,0.008692,0.844179,0.436092,-1.212123,100299.0000
1764076316195545775,2025-11-25 18:41:56.193,0.719426,0.301985,352.603882,0.010144,0.009757,0.978596,0.166419,0.044404,9.842720,0.000792,0.010456,-0.002471,0.846103,0.437513,-1.213136,100295.0000
1764076316296042312,2025-11-25 18:41:56.293,0.717118,0.300417,352.605986,0.007070,0.009417,0.977616,0.023744,0.168172,9.737235,0.004503,-0.005958,0.004987,0.846125,0.438041,-1.210736,100306.0000
1764076316395932627,2025-11-25 18:41:56.393,0.714645,0.338317,352.622078,0.008463,0.010089,0.978141,0.135565,0.012283,9.819147,-0.000164,-0.005869,-0.005284,0.841767,0.435593,-1.212561,100302.0000
1764076316496251127,2025-11-25 18:41:56.493,0.715161,0.382542,352.649968,0.009937,0.010157,0.977066,0.101726,0.117791,9.765817,0.004988,-0.008552,-0.002946,0.845131,0.435598,-1.213092,100301.0000
1764076316595999182,2025-11-25 18:41:56.593,0.716170,0.421410,352.688385,0.012728,0.010787,0.978217,0.146292,0.084198,9.823711,0.003253,-0.007377,-0.008209,0.845127,0.435588,-1.213574,100302.0000
1764076316695726775,2025-11-25 18:41:56.693,0.715428,0.442390,352.733665,0.013758,0.010521,0.978865,0.149270,0.135895,9.813399,-0.001975,-0.004994,-0.004626,0.844645,0.434640,-1.213070,100297.0000
1764076316795680719,2025-11-25 18:41:56.793,0.710125,0.443899,352.804585,0.015393,0.010916,0.979672,0.210610,0.040849,9.835241,-0.002418,0.003114,-0.015489,0.844636,0.437445,-1.216003,100305.0000
1764076316895503663,2025-11-25 18:41:56.893,0.700100,0.423903,352.882971,0.016184,0.010720,0.979841,0.127009,0.129982,9.777829,0.001471,0.006940,-0.012076,0.842719,0.437457,-1.215012,100304.0000
1764076316995310812,2025-11-25 18:41:56.993,0.690210,0.383665,352.970048,0.015827,0.010059,0.979334,0.159823,0.032118,9.815226,0.001437,0.011638,-0.018411,0.841280,0.436048,-1.213524,100305.0000
1764076317095555904,2025-11-25 18:41:57.093,0.684947,0.344158,353.053323,0.012625,0.008770,0.977662,0.048612,0.130664,9.759941,-0.000108,0.005546,-0.011259,0.844672,0.438482,-1.212166,100300.0000
1764076317196658367,2025-11-25 18:41:57.193,0.695588,0.346457,353.124856,0.010112,0.008670,0.977792,0.128510,0.026981,9.795097,0.001371,-0.003888,-0.013955,0.840834,0.442266,-1.213131,100303.0000
1764076317295353459,2025-11-25 18:41:57.293,0.711621,0.399472,353.184331,0.009061,0.009823,0.977379,0.052361,0.186451,9.746115,0.006525,-0.016410,-0.008178,0.841309,0.441780,-1.213612,100299.0000
1764076317395871052,2025-11-25 18:41:57.393,0.728183,0.487963,353.247753,0.012283,0.010811,0.977577,0.176817,0.054622,9.784171,0.003941,-0.018252,-0.013953,0.839835,0.440279,-1.216457,100296.0000
1764076317495935163,2025-11-25 18:41:57.493,0.736010,0.570610,353.300890,0.018222,0.011837,0.978410,0.230083,0.209319,9.804234,0.001381,-0.012282,-0.009702,0.838410,0.443149,-1.215998,100306.0000
1764076317596239700,2025-11-25 18:41:57.593,0.724661,0.600204,353.356085,0.023376,0.011645,0.979269,0.283806,0.032286,9.802175,-0.005142,0.001502,-0.011693,0.840328,0.442670,-1.216501,100304.0000
1764076317695949959,2025-11-25 18:41:57.693,0.704418,0.554565,353.401634,0.024147,0.011221,0.979997,0.188204,0.191393,9.791167,-0.000433,0.017231,-0.007201,0.838896,0.442694,-1.215035,100301.0000
1764076317796293848,2025-11-25 18:41:57.793,0.682627,0.450109,353.440234,0.020990,0.009749,0.979945,0.183106,0.016733,9.807962,-0.005514,0.021814,-0.008052,0.838917,0.446048,-1.214605,100309.0000
1764076317895969292,2025-11-25 18:41:57.893,0.672283,0.338525,353.472770,0.013861,0.008724,0.978963,0.056560,0.159778,9.782009,0.006180,0.015125,-0.003154,0.837966,0.443717,-1.211666,100299.0000
1764076317996438052,2025-11-25 18:41:57.993,0.671444,0.270765,353.497932,0.008307,0.008181,0.977703,0.072584,-0.004276,9.759126,-0.002090,0.003375,-0.005924,0.840368,0.443717,-1.212183,100297.0000
1764076318096130440,2025-11-25 18:41:58.093,0.681761,0.279838,353.518386,0.006312,0.009514,0.977135,0.054497,0.184339,9.776105,0.006257,-0.010916,-0.002704,0.839896,0.445626,-1.212205,100302.0000
1764076318196167755,2025-11-25 18:41:58.193,0.698822,0.356879,353.537181,0.008821,0.010656,0.977255,0.146272,0.034079,9.782926,0.004062,-0.016922,-0.000210,0.839867,0.443664,-1.214583,100303.0000
1764076318295553866,2025-11-25 18:41:58.293,0.708866,0.463028,353.556458,0.013785,0.011882,0.978136,0.157769,0.210022,9.807807,0.003952,-0.014470,-0.001635,0.836993,0.446985,-1.215073,100293.0000
1764076318395981088,2025-11-25 18:41:58.393,0.708549,0.538459,353.573419,0.019420,0.010556,0.979148,0.224957,0.009720,9.785336,-0.001465,-0.008724,-0.000992,0.837474,0.446042,-1.214584,100302.0000
1764076318495969237,2025-11-25 18:41:58.493,0.701430,0.552107,353.571554,0.021896,0.010361,0.979335,0.191299,0.175599,9.789947,0.002710,0.003097,-0.000104,0.836493,0.443161,-1.215007,100302.0000
1764076318595358477,2025-11-25 18:41:58.593,0.693141,0.504002,353.570286,0.021481,0.009831,0.978504,0.190972,0.017024,9.775687,-0.000048,0.014429,0.003411,0.836037,0.445110,-1.213104,100300.0000
1764076318695811662,2025-11-25 18:41:58.693,0.691909,0.415943,353.559205,0.017091,0.010520,0.978036,0.126427,0.205740,9.799003,0.005647,0.012616,0.003286,0.838443,0.447479,-1.214620,100301.0000
1764076318795889718,2025-11-25 18:41:58.793,0.691916,0.341170,353.553042,0.012763,0.010053,0.978564,0.117467,0.012616,9.806304,-0.002508,0.009477,0.003018,0.840352,0.445089,-1.215093,100296.0000
1764076318895315014,2025-11-25 18:41:58.892,0.692184,0.315840,353.552020,0.009305,0.010538,0.979040,0.083684,0.198614,9.804862,-0.000337,-0.002992,0.001475,0.839419,0.445634,-1.211717,100300.0000
1764076318995335607,2025-11-25 18:41:58.993,0.692514,0.343392,353.548028,0.009741,0.009967,0.979590,0.139131,-0.000526,9.782660,0.004376,-0.008586,0.002841,0.841312,0.443203,-1.214116,100307.0000
1764076319095848625,2025-11-25 18:41:59.093,0.695453,0.400000,353.537175,0.012288,0.010424,0.978871,0.146337,0.200030,9.783555,0.004692,-0.010803,0.002760,0.839436,0.447565,-1.210783,100296.0000
1764076319196596847,2025-11-25 18:41:59.193,0.699870,0.447512,353.517889,0.015743,0.010533,0.978385,0.251245,-0.006702,9.836798,-0.001289,-0.009018,0.004413,0.836497,0.445529,-1.216007,100298.0000
1764076319295515625,2025-11-25 18:41:59.293,0.703308,0.439340,353.512244,0.017247,0.010648,0.977541,0.268978,0.221618,9.812806,-0.001508,0.003051,0.001442,0.838444,0.447012,-1.214131,100299.0000
1764076319396007143,2025-11-25 18:41:59.393,0.696720,0.404013,353.507774,0.016829,0.009975,0.977095,0.163421,0.073390,9.763992,0.002605,0.007723,0.004951,0.837488,0.445137,-1.212162,100304.0000
1764076319496000199,2025-11-25 18:41:59.493,0.692429,0.370638,353.494020,0.014131,0.010450,0.978174,0.059036,0.188355,9.771897,0.000299,0.005923,0.002328,0.841820,0.447047,-1.213218,100298.0000
1764076319595976717,2025-11-25 18:41:59.593,0.696864,0.348113,353.476851,0.012845,0.009406,0.979305,0.119641,-0.006567,9.789672,0.003589,0.001708,0.001336,0.838918,0.445581,-1.214116,100306.0000
1764076319695308310,2025-11-25 18:41:59.693,0.702850,0.345886,353.460488,0.011883,0.010437,0.980312,0.115199,0.180722,9.799665,0.001992,-0.002149,0.002211,0.839385,0.445074,-1.215560,100301.0000
1764076319795936828,2025-11-25 18:41:59.793,0.707836,0.365535,353.450459,0.011335,0.010426,0.979450,0.132366,0.017744,9.776263,0.001286,-0.007033,0.005052,0.840367,0.446542,-1.214152,100299.0000
1764076319895561995,2025-11-25 18:41:59.893,0.701350,0.403727,353.445814,0.012384,0.011229,0.977838,0.109692,0.211464,9.769511,0.000897,-0.009093,-0.000705,0.837939,0.442233,-1.214051,100294.0000
1764076319996245939,2025-11-25 18:41:59.993,0.696833,0.438381,353.438006,0.014838,0.010390,0.977129,0.194767,-0.025304,9.762117,0.003442,-0.000610,0.004257,0.839380,0.445532,-1.216530,100298.0000
1764076320095790939,2025-11-25 18:42:00.092,0.686933,0.449534,353.430540,0.016548,0.010225,0.977198,0.159746,0.213195,9.790804,-0.002786,-0.004370,0.000435,0.838916,0.443690,-1.213124,100302.0000
1764076320195916680,2025-11-25 18:42:00.193,0.683088,0.437387,353.420031,0.016756,0.008867,0.978600,0.172886,-0.019662,9.781968,0.006777,0.003432,0.001667,0.839401,0.445115,-1.213635,100305.0000
1764076320295558069,2025-11-25 18:42:00.293,0.687826,0.397488,353.409621,0.015278,0.009514,0.979821,0.123967,0.171784,9.783897,0.001927,0.008824,-0.001117,0.839873,0.445564,-1.215093,100301.0000
1764076320395547013,2025-11-25 18:42:00.393,0.700389,0.351840,353.390991,0.013292,0.009578,0.979586,0.127486,0.048926,9.805971,0.008114,0.003518,0.006336,0.839885,0.444182,-1.212665,100296.0000
1764076320495670569,2025-11-25 18:42:00.493,0.712385,0.324832,353.380707,0.010868,0.010870,0.979058,0.111101,0.235384,9.812941,-0.000055,0.000895,0.000998,0.838442,0.442764,-1.211658,100295.0000
1764076320596047754,2025-11-25 18:42:00.593,0.716491,0.305752,353.392500,0.010038,0.011498,0.978148,0.093695,0.050020,9.766579,0.005589,0.002965,0.001431,0.840367,0.445130,-1.213168,100298.0000
1764076320695632902,2025-11-25 18:42:00.693,0.709257,0.292557,353.422521,0.009330,0.011365,0.977443,0.088022,0.236291,9.787806,-0.004473,0.002928,-0.007829,0.837959,0.444641,-1.213125,100303.0000
1764076320795313272,2025-11-25 18:42:00.793,0.694160,0.306973,353.459301,0.009356,0.010834,0.977482,0.096616,0.026281,9.759863,0.001403,-0.001576,-0.002509,0.837018,0.445166,-1.210711,100305.0000
1764076320895302976,2025-11-25 18:42:00.892,0.682824,0.337678,353.499640,0.009636,0.010654,0.977903,0.086154,0.220534,9.784259,-0.001509,-0.003161,-0.010125,0.839404,0.446538,-1.214138,100306.0000
1764076320995322365,2025-11-25 18:42:00.992,0.671767,0.372628,353.539885,0.010673,0.009288,0.978633,0.148130,0.046314,9.788373,0.001318,-0.006808,-0.003184,0.837483,0.445595,-1.213132,100303.0000
1764076321095744698,2025-11-25 18:42:01.092,0.673163,0.407266,353.584249,0.012016,0.009026,0.979021,0.086997,0.159906,9.770766,-0.000390,-0.008563,-0.011130,0.837998,0.450872,-1.212257,100298.0000
1764076321195730790,2025-11-25 18:42:01.193,0.681738,0.429887,353.638684,0.014443,0.009181,0.979149,0.169469,-0.023748,9.783512,0.003706,-0.000326,-0.007429,0.837003,0.447483,-1.214117,100302.0000
1764076321295723605,2025-11-25 18:42:01.293,0.700485,0.429584,353.692317,0.015376,0.010097,0.978860,0.097721,0.192594,9.791681,0.005938,0.002604,-0.010039,0.835531,0.444102,-1.215489,100297.0000
1764076321396133179,2025-11-25 18:42:01.393,0.715616,0.411666,353.752144,0.013909,0.010841,0.978693,0.136875,-0.004238,9.785947,0.002129,0.004294,-0.008796,0.837012,0.446090,-1.212170,100298.0000
1764076321495608420,2025-11-25 18:42:01.493,0.720711,0.411139,353.806043,0.012069,0.012253,0.977701,0.127546,0.222844,9.793321,-0.000152,-0.005346,-0.009542,0.836050,0.450802,-1.215117,100300.0000
1764076321595561790,2025-11-25 18:42:01.593,0.710075,0.436055,353.855730,0.012447,0.011660,0.977952,0.163673,0.015724,9.775621,-0.002723,-0.007057,-0.005991,0.835096,0.449405,-1.213155,100302.0000
1764076321696195049,2025-11-25 18:42:01.693,0.692272,0.470059,353.899992,0.014785,0.010903,0.977920,0.134610,0.187007,9.767965,0.004026,-0.005220,-0.005402,0.836533,0.451282,-1.215132,100298.0000
1764076321795927753,2025-11-25 18:42:01.793,0.680636,0.483465,353.924488,0.017853,0.009016,0.978917,0.170313,0.001838,9.777070,-0.002409,0.002031,-0.002113,0.835095,0.450818,-1.214140,100303.0000
1764076321896136660,2025-11-25 18:42:01.893,0.684677,0.475324,353.945261,0.017859,0.009301,0.979652,0.182373,0.179722,9.807653,0.003621,-0.000890,-0.006954,0.836546,0.452257,-1.214183,100296.0000
1764076321995605123,2025-11-25 18:42:01.993,0.686756,0.443039,353.960810,0.016424,0.009527,0.979919,0.165178,0.016687,9.787679,0.000898,0.005909,-0.002019,0.835575,0.451288,-1.214636,100300.0000
1764076322096295753,2025-11-25 18:42:02.093,0.689389,0.416299,353.970390,0.013769,0.010098,0.979407,0.115502,0.188099,9.813196,0.003890,0.004078,-0.003263,0.834638,0.451822,-1.211741,100307.0000
1764076322196186734,2025-11-25 18:42:02.193,0.695334,0.405206,353.971612,0.013079,0.010064,0.978507,0.149808,0.004574,9.777965,-0.001697,0.004878,-0.003363,0.835587,0.452263,-1.213688,100299.0000
1764076322296151327,2025-11-25 18:42:02.293,0.703598,0.408317,353.965323,0.013193,0.009666,0.977847,0.113751,0.179759,9.769733,0.005212,0.000393,0.000035,0.835105,0.451316,-1.213185,100294.0000
1764076322396336216,2025-11-25 18:42:02.393,0.710525,0.417885,353.957577,0.014003,0.009584,0.977259,0.117577,0.020049,9.746587,0.001220,0.004880,0.000314,0.836055,0.450345,-1.214147,100304.0000
1764076322495932234,2025-11-25 18:42:02.493,0.714979,0.432456,353.951427,0.014235,0.011093,0.977021,0.123966,0.188680,9.769942,0.001184,-0.005892,0.001364,0.835102,0.451306,-1.213666,100293.0000
1764076322595838197,2025-11-25 18:42:02.593,0.710427,0.444378,353.943677,0.014819,0.011007,0.978115,0.164497,0.032918,9.771998,-0.000899,0.000650,-0.000921,0.836036,0.450294,-1.216554,100302.0000
1764076322695981641,2025-11-25 18:42:02.693,0.700630,0.453402,353.928199,0.014454,0.011032,0.978950,0.148872,0.184334,9.802829,-0.002661,0.001021,0.002186,0.836071,0.450385,-1.212222,100297.0000
1764076322796677456,2025-11-25 18:42:02.793,0.686684,0.456268,353.907832,0.014954,0.010035,0.979492,0.138896,-0.095333,9.754192,0.000408,-0.000220,0.003582,0.837504,0.452252,-1.214679,100302.0000
1764076322896216993,2025-11-25 18:42:02.893,0.675122,0.450957,353.881706,0.014636,0.009512,0.979707,0.136725,0.220072,9.819396,-0.005652,0.002292,0.001988,0.836058,0.450822,-1.214154,100307.0000
1764076322995379604,2025-11-25 18:42:02.993,0.674654,0.442168,353.857605,0.015535,0.008569,0.979267,0.182206,0.012030,9.778739,0.004162,0.002005,0.003805,0.835597,0.450404,-1.211252,100303.0000
1764076323095902123,2025-11-25 18:42:03.092,0.680238,0.428355,353.829255,0.014778,0.008595,0.978847,0.137646,0.151820,9.798919,0.002070,0.006262,0.003997,0.837038,0.451345,-1.212250,100298.0000
1764076323196456604,2025-11-25 18:42:03.193,0.697667,0.422232,353.799221,0.014136,0.009101,0.978471,0.126199,0.019819,9.741048,0.012350,0.003014,0.006874,0.836540,0.451769,-1.214657,100297.0000
1764076323295384030,2025-11-25 18:42:03.293,0.711826,0.406693,353.773174,0.013465,0.010612,0.977508,0.097248,0.174241,9.789351,0.002075,0.001967,0.000327,0.836053,0.448454,-1.213155,100300.0000
1764076323396179530,2025-11-25 18:42:03.393,0.722724,0.390311,353.759160,0.012496,0.011182,0.977656,0.125121,0.021391,9.747913,0.003141,-0.001554,0.003714,0.838950,0.450378,-1.213227,100305.0000
1764076323506171363,2025-11-25 18:42:03.503,0.721174,0.389235,353.746541,0.011686,0.011768,0.977998,0.138896,0.162222,9.803808,-0.001921,-0.001660,0.000087,0.837981,0.449886,-1.213687,100305.0000
1764076323596084678,2025-11-25 18:42:03.593,0.714027,0.404126,353.731657,0.012100,0.010911,0.978170,0.168581,0.040799,9.776415,0.001903,-0.004056,0.003469,0.836559,0.451820,-1.212250,100305.0000
1764076323695341900,2025-11-25 18:42:03.693,0.700829,0.427589,353.724355,0.012824,0.010778,0.978659,0.126410,0.184998,9.789122,-0.001487,-0.004984,-0.002343,0.838465,0.450366,-1.213701,100305.0000
1764076323795528511,2025-11-25 18:42:03.793,0.686898,0.443379,353.714017,0.013977,0.009637,0.979141,0.131818,0.052461,9.766085,0.000771,0.000151,0.005835,0.837485,0.448430,-1.214620,100298.0000
1764076323895950974,2025-11-25 18:42:03.893,0.678951,0.445570,353.702802,0.014914,0.009515,0.979699,0.148918,0.146206,9.805437,0.001711,-0.000324,-0.003330,0.836049,0.447499,-1.213140,100298.0000
1764076323996159122,2025-11-25 18:42:03.993,0.683557,0.436006,353.698292,0.013786,0.009139,0.979332,0.124902,0.056705,9.743347,0.001666,0.003106,0.000800,0.836521,0.448893,-1.215095,100309.0000
1764076324095298881,2025-11-25 18:42:04.092,0.692501,0.420554,353.699192,0.012507,0.009556,0.978599,0.124898,0.165977,9.822414,0.001677,-0.000058,-0.001837,0.835571,0.448920,-1.213637,100295.0000
1764076324196719381,2025-11-25 18:42:04.193,0.704027,0.410759,353.700135,0.011535,0.009629,0.978166,0.122807,0.073867,9.761225,0.004307,0.000713,0.002599,0.836537,0.447521,-1.212185,100299.0000
1764076324295989381,2025-11-25 18:42:04.293,0.712396,0.418573,353.713805,0.011247,0.011002,0.977596,0.147778,0.182491,9.797767,-0.000734,-0.003435,-0.004499,0.837987,0.449428,-1.212716,100307.0000
1764076324396001752,2025-11-25 18:42:04.393,0.715113,0.409325,353.753108,0.012002,0.011782,0.977902,0.111561,0.100298,9.759115,-0.000245,0.002554,-0.003210,0.838455,0.448455,-1.213672,100308.0000
1764076324495949844,2025-11-25 18:42:04.493,0.708305,0.386544,353.802464,0.011428,0.011523,0.978200,0.065739,0.180822,9.775992,-0.002874,0.002099,-0.011027,0.836071,0.450385,-1.212222,100298.0000
1764076324596012881,2025-11-25 18:42:04.593,0.696936,0.369459,353.858974,0.010855,0.010104,0.978802,0.080948,0.087912,9.756112,-0.000495,0.004887,-0.004208,0.836529,0.448914,-1.214132,100298.0000
1764076324695826622,2025-11-25 18:42:04.693,0.685009,0.365835,353.915188,0.009549,0.009553,0.979323,0.152975,0.182390,9.843887,-0.003805,-0.000726,-0.013661,0.835599,0.453706,-1.213228,100298.0000
1764076324795911122,2025-11-25 18:42:04.793,0.691261,0.386384,353.979117,0.009414,0.008717,0.978828,0.143941,0.026601,9.766016,0.010149,-0.005251,-0.006208,0.835100,0.451773,-1.214155,100304.0000
1764076324896068381,2025-11-25 18:42:04.893,0.703761,0.423037,354.057794,0.010442,0.010132,0.978509,0.025473,0.085950,9.778045,-0.000187,-0.007031,-0.017417,0.836088,0.454674,-1.212769,100297.0000
1764076324995313529,2025-11-25 18:42:04.992,0.710291,0.470319,354.142211,0.012289,0.010998,0.977734,0.165513,0.139236,9.763519,0.003691,-0.008782,-0.011119,0.834135,0.452704,-1.215118,100303.0000
1764076325096077510,2025-11-25 18:42:05.093,0.707286,0.527376,354.224606,0.014846,0.011750,0.977686,0.208336,0.140700,9.831250,-0.002450,-0.012649,-0.015593,0.832695,0.454120,-1.215600,100300.0000
1764076325196484973,2025-11-25 18:42:05.193,0.703716,0.570001,354.288041,0.017259,0.010252,0.978491,0.168926,0.113033,9.753248,0.005912,-0.003610,-0.007949,0.832704,0.452260,-1.213164,100294.0000
1764076325295528344,2025-11-25 18:42:05.292,0.699893,0.580001,354.342604,0.018954,0.009994,0.979130,0.184063,0.111095,9.817428,-0.002185,-0.000110,-0.014192,0.831756,0.456535,-1.214178,100306.0000
1764076325396075603,2025-11-25 18:42:05.393,0.705813,0.551476,354.382205,0.018899,0.009837,0.979696,0.157477,0.098594,9.761812,0.007443,0.009219,-0.001156,0.830788,0.456988,-1.215134,100303.0000
1764076325495943177,2025-11-25 18:42:05.493,0.707168,0.495879,354.421123,0.017071,0.009977,0.979490,0.193834,0.115928,9.817272,0.001567,0.010804,-0.012841,0.831275,0.456533,-1.214171,100297.0000
1764076325595567547,2025-11-25 18:42:05.593,0.709301,0.437733,354.461274,0.013241,0.010462,0.978435,0.071583,0.117077,9.739729,0.002638,0.009768,-0.003872,0.832748,0.459446,-1.212311,100307.0000
1764076325695961843,2025-11-25 18:42:05.693,0.707588,0.411038,354.504656,0.010915,0.010810,0.977778,0.094688,0.110818,9.804420,-0.001197,0.000244,-0.012377,0.828888,0.458930,-1.213209,100299.0000
1764076325795318788,2025-11-25 18:42:05.793,0.707190,0.421623,354.546110,0.010252,0.010209,0.977345,0.095182,0.109284,9.750390,-0.003238,-0.007124,-0.005588,0.831304,0.460852,-1.213274,100303.0000
1764076325895724732,2025-11-25 18:42:05.893,0.704320,0.462882,354.585617,0.011965,0.009857,0.978333,0.169587,0.072648,9.850164,-0.000912,-0.005955,-0.011809,0.831294,0.460354,-1.214230,100309.0000
1764076325996232269,2025-11-25 18:42:05.993,0.706190,0.505476,354.606630,0.014518,0.009364,0.978759,0.121631,0.129913,9.762593,0.003776,-0.008014,-0.002487,0.830805,0.458919,-1.214201,100296.0000
1764076326095573213,2025-11-25 18:42:06.092,0.719978,0.531766,354.616771,0.016633,0.009685,0.979349,0.215840,0.054863,9.826009,0.006914,-0.000905,-0.006791,0.829858,0.458955,-1.212261,100298.0000
1764076326196098473,2025-11-25 18:42:06.193,0.732612,0.530751,354.629079,0.017256,0.009521,0.978867,0.142604,0.139522,9.751710,-0.004558,0.002514,-0.002490,0.831286,0.460334,-1.215192,100297.0000
1764076326295559528,2025-11-25 18:42:06.293,0.748068,0.511980,354.638536,0.015609,0.010261,0.978578,0.167946,0.053388,9.803646,0.009557,-0.000166,-0.005369,0.829872,0.462289,-1.212793,100304.0000
1764076326396181695,2025-11-25 18:42:06.393,0.753306,0.484792,354.653853,0.013584,0.011067,0.977833,0.078519,0.170835,9.744376,-0.002096,0.005361,-0.000655,0.830338,0.460838,-1.213742,100300.0000
1764076326496299176,2025-11-25 18:42:06.493,0.749186,0.471243,354.671793,0.012596,0.011329,0.977829,0.161584,0.052537,9.802379,0.000447,-0.000150,-0.005583,0.829855,0.461303,-1.214223,100299.0000
1764076326596091195,2025-11-25 18:42:06.593,0.738860,0.475798,354.681858,0.012703,0.011067,0.978217,0.114352,0.163979,9.762905,-0.002059,0.001034,-0.002643,0.829392,0.464177,-1.213778,100297.0000
1764076326695962435,2025-11-25 18:42:06.693,0.725204,0.488806,354.690595,0.013758,0.010094,0.978986,0.164982,0.031864,9.822659,0.002200,-0.004176,-0.002429,0.829387,0.463222,-1.213764,100298.0000
1764076326795685602,2025-11-25 18:42:06.793,0.715025,0.497520,354.688708,0.014798,0.009223,0.979196,0.143242,0.144512,9.768756,0.002513,-0.000395,-0.000596,0.831323,0.462316,-1.211852,100293.0000
1764076326896051417,2025-11-25 18:42:06.893,0.720132,0.495273,354.686889,0.015583,0.008668,0.979436,0.172223,0.035475,9.819444,0.001002,0.000350,-0.006523,0.831770,0.461759,-1.215703,100303.0000
1764076326995528491,2025-11-25 18:42:06.992,0.738091,0.484690,354.680255,0.014883,0.008763,0.979155,0.107607,0.166895,9.762718,0.006227,0.003975,0.000910,0.831327,0.462326,-1.211371,100298.0000
1764076327095925287,2025-11-25 18:42:07.093,0.760279,0.472454,354.681188,0.013517,0.009826,0.978688,0.162137,0.032197,9.797579,0.001635,0.002236,-0.008005,0.828431,0.462760,-1.212779,100297.0000
1764076327196366305,2025-11-25 18:42:07.193,0.774720,0.475566,354.683650,0.012612,0.011010,0.977879,0.087674,0.179314,9.746669,0.003936,-0.002730,0.000145,0.828412,0.461297,-1.214202,100303.0000
1764076327295534287,2025-11-25 18:42:07.293,0.778734,0.488965,354.687082,0.013126,0.011558,0.977964,0.171295,0.047888,9.795609,-0.004100,-0.001519,-0.003023,0.826981,0.462266,-1.213232,100299.0000
1764076327396163972,2025-11-25 18:42:07.393,0.773207,0.504417,354.679872,0.013571,0.011610,0.977837,0.107173,0.197492,9.774817,-0.001469,-0.004189,0.002755,0.827967,0.465634,-1.212335,100300.0000
1764076327495712472,2025-11-25 18:42:07.493,0.762856,0.514135,354.662158,0.014425,0.010158,0.978700,0.173106,0.021280,9.811407,-0.004444,-0.000576,-0.000321,0.829391,0.464645,-1.214267,100297.0000
1764076327596260861,2025-11-25 18:42:07.593,0.758672,0.514614,354.649451,0.014699,0.009442,0.979049,0.105814,0.166608,9.775595,0.009482,-0.003310,0.002432,0.829887,0.466100,-1.213333,100303.0000
1764076327695662675,2025-11-25 18:42:07.693,0.761604,0.510886,354.643116,0.014742,0.009164,0.979507,0.177810,0.025110,9.810421,-0.000939,0.001192,-0.004544,0.828926,0.464216,-1.211846,100298.0000
1764076327796470268,2025-11-25 18:42:07.793,0.769050,0.500972,354.645577,0.014235,0.009828,0.978788,0.110831,0.184412,9.777093,0.001565,0.001840,-0.001255,0.829381,0.464147,-1.215223,100302.0000
1764076327896199435,2025-11-25 18:42:07.893,0.781874,0.494440,354.638785,0.013863,0.009703,0.978380,0.141243,0.023682,9.796777,0.008270,0.000734,-0.002691,0.827471,0.464179,-1.213269,100301.0000
1764076327995691435,2025-11-25 18:42:07.993,0.791133,0.490927,354.624625,0.013442,0.010457,0.977851,0.102563,0.196318,9.758451,-0.000439,-0.000819,0.000739,0.828444,0.464681,-1.212327,100299.0000
1764076328096048731,2025-11-25 18:42:08.092,0.805205,0.495182,354.610498,0.013759,0.009947,0.978440,0.167962,0.020562,9.804998,0.006938,-0.000949,0.001124,0.827967,0.465634,-1.212335,100303.0000
1764076328196159564,2025-11-25 18:42:08.193,0.812747,0.501063,354.600441,0.014402,0.010647,0.978834,0.136602,0.180373,9.768404,0.000561,0.001120,0.000395,0.828456,0.465657,-1.211379,100304.0000
1764076328296068990,2025-11-25 18:42:08.293,0.816277,0.504673,354.587518,0.014957,0.010700,0.978870,0.185758,0.025415,9.796679,0.003393,-0.001247,0.002149,0.829392,0.464177,-1.213778,100300.0000
1764076328396020990,2025-11-25 18:42:08.393,0.816534,0.498846,354.574636,0.014806,0.011686,0.978475,0.111376,0.190710,9.765032,-0.005391,-0.000343,-0.000014,0.829381,0.462734,-1.214238,100303.0000
1764076328495317786,2025-11-25 18:42:08.493,0.805295,0.486144,354.566850,0.013780,0.010942,0.978207,0.157719,0.041648,9.781605,-0.001975,0.000680,-0.000436,0.828917,0.466075,-1.214282,100300.0000
1764076328596026416,2025-11-25 18:42:08.593,0.795881,0.481069,354.552991,0.012254,0.010182,0.978002,0.099136,0.186530,9.756777,0.001855,-0.003791,0.000925,0.829870,0.465114,-1.214763,100298.0000
1764076328695944545,2025-11-25 18:42:08.693,0.782538,0.493814,354.541796,0.012284,0.008800,0.978128,0.136736,-0.012407,9.785435,0.001288,-0.003603,-0.000418,0.826032,0.464182,-1.212766,100297.0000
1764076328795376656,2025-11-25 18:42:08.793,0.790322,0.519435,354.516090,0.013100,0.008713,0.978295,0.121261,0.165315,9.784261,0.003286,-0.003350,0.002886,0.829372,0.463181,-1.215689,100295.0000
1764076328896081712,2025-11-25 18:42:08.893,0.802707,0.540588,354.491083,0.015028,0.008675,0.979100,0.166050,0.003297,9.801754,0.003550,-0.000357,0.000967,0.827470,0.464646,-1.213757,100301.0000
1764076328995394656,2025-11-25 18:42:08.992,0.818838,0.545432,354.467417,0.015842,0.010272,0.979305,0.130683,0.182771,9.775551,0.007385,-0.002421,0.002792,0.830341,0.462261,-1.214245,100304.0000
1764076329095532378,2025-11-25 18:42:09.092,0.833812,0.530414,354.448290,0.016048,0.010346,0.979164,0.184971,0.021414,9.774598,-0.002836,0.004515,0.000909,0.828908,0.462752,-1.213268,100293.0000
1764076329195709230,2025-11-25 18:42:09.193,0.845786,0.503185,354.438541,0.014395,0.010856,0.978322,0.123319,0.182512,9.786963,0.006352,0.007577,-0.002585,0.829869,0.465582,-1.215252,100304.0000
1764076329295564526,2025-11-25 18:42:09.293,0.854915,0.477098,354.428006,0.013465,0.010225,0.977491,0.135271,0.031348,9.776933,-0.000946,0.005741,0.004301,0.830353,0.464649,-1.214281,100305.0000
1764076329396093674,2025-11-25 18:42:09.393,0.852190,0.463199,354.404407,0.012136,0.010958,0.977272,0.111593,0.183594,9.786748,-0.002753,-0.006033,0.005591,0.828423,0.462740,-1.213742,100307.0000
1764076329496343452,2025-11-25 18:42:09.493,0.844760,0.476767,354.372573,0.011539,0.010189,0.978019,0.133465,0.006582,9.797108,0.002214,-0.003932,0.006144,0.829851,0.461293,-1.214704,100295.0000
1764076329596260563,2025-11-25 18:42:09.593,0.835693,0.507852,354.343956,0.012552,0.009971,0.979273,0.138676,0.172698,9.807763,-0.002772,-0.006769,0.002593,0.828417,0.463197,-1.214712,100294.0000
1764076329696021434,2025-11-25 18:42:09.693,0.834669,0.540985,354.323437,0.014684,0.009669,0.979841,0.166893,0.008100,9.794908,0.001301,-0.003706,0.004008,0.831811,0.466109,-1.213362,100303.0000
1764076329795394396,2025-11-25 18:42:09.793,0.833159,0.550931,354.307613,0.016044,0.009430,0.979504,0.147553,0.167813,9.776050,-0.004991,-0.003083,0.000598,0.829379,0.464614,-1.215711,100298.0000
1764076329896011637,2025-11-25 18:42:09.893,0.836949,0.537225,354.292633,0.016052,0.009500,0.978494,0.170010,0.026634,9.751529,0.010147,0.003105,0.002947,0.830813,0.462710,-1.215703,100300.0000
1764076329995519544,2025-11-25 18:42:09.993,0.843288,0.515324,354.271377,0.014001,0.010324,0.977551,0.119241,0.169475,9.788157,0.000634,0.000724,0.001436,0.828413,0.463187,-1.215194,100303.0000
1764076330095846804,2025-11-25 18:42:10.092,0.853927,0.506761,354.244789,0.013037,0.010203,0.977548,0.155699,0.044767,9.763877,0.002546,0.003704,0.006665,0.829392,0.461819,-1.212297,100296.0000
1764076330196403322,2025-11-25 18:42:10.193,0.854577,0.508009,354.211933,0.013486,0.010945,0.978022,0.143810,0.180082,9.816704,-0.003572,-0.002394,0.003068,0.829384,0.461799,-1.213260,100304.0000
1764076330295779489,2025-11-25 18:42:10.293,0.850662,0.504881,354.185155,0.014767,0.010123,0.979352,0.163265,-0.024564,9.793293,0.003345,0.003472,0.004664,0.828905,0.462274,-1.213261,100300.0000
1764076330396362766,2025-11-25 18:42:10.393,0.850260,0.483923,354.167512,0.015021,0.010443,0.980163,0.092682,0.035142,9.826740,-0.000810,0.006434,-0.000076,0.830826,0.462273,-1.213771,100303.0000
1764076330495939970,2025-11-25 18:42:10.493,0.859247,0.455758,354.154881,0.012209,0.008772,0.979066,0.061096,0.013495,9.768448,0.004048,0.003007,0.001358,0.831313,0.461818,-1.212808,100300.0000
1764076330596065970,2025-11-25 18:42:10.593,0.874406,0.451929,354.146281,0.009532,0.010024,0.977691,0.091256,0.134489,9.797658,0.002477,-0.003692,-0.002211,0.830820,0.461785,-1.214245,100296.0000
1764076330695995100,2025-11-25 18:42:10.693,0.887026,0.491745,354.127567,0.010347,0.010431,0.976575,0.144780,0.077823,9.764078,0.008230,-0.007046,0.009236,0.828408,0.461286,-1.214683,100300.0000
1764076330796286896,2025-11-25 18:42:10.793,0.889250,0.551342,354.109497,0.013258,0.011523,0.977357,0.068080,0.207028,9.744356,-0.004470,-0.008464,0.001427,0.829864,0.462269,-1.213756,100304.0000
1764076330895466229,2025-11-25 18:42:10.893,0.881997,0.599116,354.086747,0.016340,0.010522,0.978780,0.174936,0.056068,9.782297,0.000039,-0.003366,0.007427,0.831311,0.462285,-1.213296,100303.0000
1764076330995283248,2025-11-25 18:42:10.992,0.867016,0.601635,354.070656,0.018260,0.010593,0.980506,0.168097,0.165302,9.837166,-0.005843,0.005016,0.001551,0.830349,0.459923,-1.211801,100298.0000
1764076331095640822,2025-11-25 18:42:11.092,0.857466,0.562202,354.061315,0.017192,0.009430,0.980223,0.142398,0.057791,9.787146,0.007741,0.007423,0.002108,0.828394,0.459365,-1.215135,100300.0000
1764076331195593377,2025-11-25 18:42:11.193,0.861649,0.502034,354.059974,0.013608,0.009178,0.978822,0.108043,0.135266,9.791137,0.002993,0.008764,-0.000622,0.827957,0.465136,-1.213290,100299.0000
1764076331295544729,2025-11-25 18:42:11.293,0.877092,0.460428,354.058992,0.010285,0.009154,0.977289,0.077395,0.050446,9.753374,0.001482,0.005320,0.003765,0.830344,0.462738,-1.214252,100296.0000
1764076331395727655,2025-11-25 18:42:11.393,0.895071,0.460204,354.054634,0.009476,0.010223,0.976924,0.076239,0.159035,9.795535,0.005783,-0.009383,-0.000510,0.832270,0.460867,-1.212807,100310.0000
1764076331495775340,2025-11-25 18:42:11.493,0.906248,0.495359,354.050352,0.010574,0.010990,0.977740,0.109939,0.072821,9.745252,-0.001538,-0.003352,0.007049,0.830353,0.462291,-1.212801,100304.0000
1764076331595927395,2025-11-25 18:42:11.593,0.902251,0.541013,354.047857,0.013438,0.011514,0.979500,0.139830,0.121117,9.806827,-0.000672,-0.008076,-0.000581,0.830348,0.462749,-1.213771,100298.0000
1764076331696285766,2025-11-25 18:42:11.693,0.884149,0.565641,354.043272,0.015675,0.010849,0.980247,0.143016,0.052704,9.771742,0.000017,-0.001237,0.004385,0.829359,0.459847,-1.215157,100301.0000
1764076331796035062,2025-11-25 18:42:11.793,0.873280,0.561142,354.044963,0.015311,0.009457,0.979314,0.145557,0.132009,9.812463,-0.000956,0.002655,-0.002199,0.829847,0.461283,-1.215186,100303.0000
1764076331895880895,2025-11-25 18:42:11.893,0.873828,0.543388,354.058328,0.013666,0.008577,0.977850,0.124106,0.073363,9.758786,0.001765,0.004415,-0.001848,0.828908,0.462752,-1.213268,100296.0000
1764076331996154488,2025-11-25 18:42:11.993,0.883214,0.511762,354.084111,0.012202,0.009913,0.977582,0.186415,0.135926,9.842524,0.009151,0.003879,-0.008303,0.829383,0.462266,-1.213749,100298.0000
1764076332095316414,2025-11-25 18:42:12.092,0.897334,0.481499,354.120479,0.010777,0.010044,0.977931,0.103472,0.059675,9.780343,0.003829,0.006960,-0.005178,0.829890,0.463753,-1.211371,100307.0000
1764076332196950321,2025-11-25 18:42:12.193,0.904247,0.466897,354.160065,0.010471,0.011914,0.979544,0.093615,0.156669,9.805858,-0.000232,0.001045,-0.010238,0.827956,0.464191,-1.212794,100295.0000
1764076332295736673,2025-11-25 18:42:12.293,0.900104,0.463341,354.207923,0.010715,0.011149,0.980624,0.135213,0.094987,9.760371,-0.000227,0.001381,-0.007047,0.830848,0.465159,-1.212852,100304.0000
1764076332396184488,2025-11-25 18:42:12.393,0.887659,0.468887,354.263744,0.009292,0.010442,0.979560,0.113135,0.101961,9.815073,-0.005714,-0.001798,-0.014376,0.831329,0.465161,-1.212859,100301.0000
1764076332496527265,2025-11-25 18:42:12.493,0.874836,0.503039,354.318271,0.008785,0.008638,0.976862,0.053478,0.016080,9.693304,0.005904,-0.010354,-0.005650,0.827952,0.461823,-1.211795,100300.0000
1764076332596399136,2025-11-25 18:42:12.593,0.880388,0.571503,354.375896,0.011562,0.008773,0.975904,0.154447,0.117513,9.796635,0.002734,-0.012845,-0.013376,0.830362,0.465615,-1.213815,100294.0000
1764076332696294895,2025-11-25 18:42:12.693,0.899517,0.649545,354.426858,0.015861,0.009235,0.976805,0.183280,0.106510,9.750234,0.002724,-0.011106,-0.006461,0.826500,0.464621,-1.214706,100296.0000
1764076332795593376,2025-11-25 18:42:12.793,0.921889,0.699204,354.476850,0.019809,0.010665,0.979763,0.240431,0.116712,9.840544,0.004759,-0.009071,-0.013480,0.823622,0.467932,-1.215677,100301.0000
1764076332896127395,2025-11-25 18:42:12.893,0.927593,0.685210,354.516251,0.020848,0.011600,0.981691,0.175720,0.132294,9.788967,-0.000103,0.007451,-0.006023,0.825055,0.467440,-1.216654,100298.0000
1764076332995630432,2025-11-25 18:42:12.993,0.918336,0.616847,354.549197,0.018913,0.012276,0.981771,0.194401,0.093802,9.837008,0.003990,0.012422,-0.007602,0.824610,0.466117,-1.211329,100294.0000
1764076333095464376,2025-11-25 18:42:13.092,0.897714,0.523179,354.583563,0.014440,0.010667,0.978856,0.093939,0.093351,9.746669,-0.004300,0.016998,-0.003902,0.825585,0.470400,-1.212373,100302.0000
1764076333196376339,2025-11-25 18:42:13.193,0.876054,0.463008,354.616568,0.010740,0.009372,0.975999,0.097436,0.095421,9.793942,-0.001697,0.007183,-0.013923,0.827972,0.470360,-1.214815,100298.0000
1764076333295488172,2025-11-25 18:42:13.293,0.872339,0.453393,354.651097,0.008623,0.007700,0.975970,0.058060,0.078653,9.721974,-0.002579,-0.001465,-0.001178,0.825098,0.469910,-1.212840,100303.0000
1764076333396178728,2025-11-25 18:42:13.393,0.891234,0.494058,354.681118,0.009747,0.008098,0.977788,0.133718,0.074880,9.824193,0.007802,-0.010968,-0.011017,0.827485,0.470815,-1.215778,100306.0000
1764076333495311561,2025-11-25 18:42:13.493,0.917754,0.559609,354.704369,0.012205,0.010120,0.979799,0.104533,0.142066,9.780118,-0.001146,-0.011073,-0.001496,0.823637,0.469385,-1.214736,100300.0000
1764076333595548635,2025-11-25 18:42:13.593,0.939891,0.615133,354.722667,0.015196,0.011721,0.980418,0.195706,0.092414,9.821940,0.006663,-0.010617,-0.007155,0.824597,0.468912,-1.214743,100303.0000
1764076333695736709,2025-11-25 18:42:13.693,0.938206,0.635104,354.735682,0.017355,0.012316,0.978674,0.154380,0.157285,9.738657,-0.006832,0.000393,-0.000592,0.826539,0.470852,-1.213838,100303.0000
1764076333796017487,2025-11-25 18:42:13.793,0.915579,0.623386,354.746634,0.017863,0.011701,0.977139,0.188799,0.066026,9.796663,-0.001808,0.003029,-0.006639,0.824588,0.467946,-1.215210,100296.0000
1764076333896224598,2025-11-25 18:42:13.893,0.892459,0.591419,354.762323,0.016135,0.009723,0.977241,0.112115,0.116830,9.762206,-0.006162,0.009803,-0.000261,0.823658,0.471326,-1.213321,100298.0000
1764076333995301338,2025-11-25 18:42:13.993,0.885369,0.556301,354.787724,0.014630,0.008162,0.979237,0.170746,0.050832,9.827378,0.003402,0.005107,-0.008296,0.824630,0.473241,-1.213365,100296.0000
1764076334095502209,2025-11-25 18:42:14.092,0.897214,0.524530,354.808236,0.013019,0.007855,0.980984,0.108378,0.115462,9.788439,0.003435,0.004176,-0.002329,0.824626,0.473231,-1.213847,100298.0000
1764076334196046061,2025-11-25 18:42:14.193,0.920375,0.510366,354.821693,0.011842,0.009430,0.980843,0.145203,0.074082,9.817790,0.004384,0.002813,-0.004893,0.824610,0.472245,-1.215276,100294.0000
1764076334295614468,2025-11-25 18:42:14.293,0.945381,0.513943,354.827880,0.011763,0.011097,0.978385,0.080484,0.155736,9.737299,0.006170,-0.000974,0.002176,0.826084,0.472333,-1.211446,100304.0000
1764076334395547468,2025-11-25 18:42:14.393,0.956544,0.535210,354.825428,0.012074,0.012403,0.976021,0.171008,0.073158,9.768330,0.001161,-0.004838,-0.003481,0.822697,0.472267,-1.213803,100300.0000
1764076334496242005,2025-11-25 18:42:14.493,0.951482,0.571300,354.829260,0.013326,0.011976,0.975352,0.100996,0.173499,9.724509,-0.002281,-0.006532,0.000683,0.821242,0.473175,-1.215722,100290.0000
1764076334596141097,2025-11-25 18:42:14.593,0.929351,0.604699,354.838714,0.014791,0.010674,0.976866,0.189789,0.043659,9.808816,-0.003417,-0.007750,-0.004175,0.823668,0.474182,-1.213847,100301.0000
1764076334695327801,2025-11-25 18:42:14.693,0.906421,0.619967,354.854778,0.015899,0.009324,0.979649,0.147358,0.130025,9.782635,-0.000523,0.001100,-0.000582,0.822690,0.473192,-1.215262,100300.0000
1764076334795327468,2025-11-25 18:42:14.793,0.893702,0.611711,354.863557,0.015998,0.008926,0.981021,0.196387,0.009593,9.826565,0.001322,0.000931,-0.005183,0.820286,0.471301,-1.213753,100303.0000
1764076334895525134,2025-11-25 18:42:14.893,0.903609,0.591512,354.862451,0.016250,0.008623,0.980614,0.147931,0.154292,9.784101,0.004292,0.004783,-0.000277,0.823664,0.474172,-1.214328,100300.0000
1764076334996239579,2025-11-25 18:42:14.993,0.923034,0.558912,354.860479,0.014999,0.008639,0.979228,0.180519,0.027224,9.802486,0.004944,0.005524,-0.003019,0.822693,0.472257,-1.214285,100297.0000
1764076335095657801,2025-11-25 18:42:15.092,0.949769,0.526378,354.855876,0.013404,0.010590,0.977886,0.077004,0.188746,9.756083,0.010290,0.005419,0.003457,0.822204,0.470822,-1.214255,100303.0000
1764076335195541930,2025-11-25 18:42:15.193,0.966041,0.510890,354.857197,0.011809,0.011700,0.977319,0.125660,0.043877,9.782763,-0.000909,0.001170,-0.003005,0.823662,0.473694,-1.214321,100301.0000
1764076335295718467,2025-11-25 18:42:15.293,0.961918,0.520571,354.863563,0.010683,0.012580,0.977378,0.075901,0.212346,9.749256,-0.001698,-0.003283,0.000327,0.823668,0.474182,-1.213847,100296.0000
1764076335396261060,2025-11-25 18:42:15.393,0.937144,0.554438,354.875728,0.011944,0.011642,0.977794,0.156293,0.035534,9.794151,-0.006522,-0.007899,-0.001505,0.821762,0.474692,-1.211900,100298.0000
1764076335496236412,2025-11-25 18:42:15.493,0.910599,0.588280,354.880092,0.014559,0.010275,0.977933,0.126831,0.158659,9.782276,-0.001566,-0.002754,0.001499,0.823199,0.474211,-1.212395,100296.0000
1764076335596004837,2025-11-25 18:42:15.593,0.894005,0.610253,354.865859,0.016580,0.008430,0.978674,0.198540,-0.016434,9.798800,0.002515,-0.000681,0.001908,0.822684,0.473649,-1.216232,100303.0000
1764076335695815930,2025-11-25 18:42:15.693,0.901200,0.606835,354.857351,0.016111,0.008118,0.978906,0.129432,0.167847,9.781053,0.001913,0.001210,0.001863,0.822216,0.473210,-1.214292,100303.0000
1764076335796270911,2025-11-25 18:42:15.793,0.921511,0.585838,354.850286,0.014649,0.008351,0.979515,0.161009,-0.014114,9.806858,0.006965,0.005266,-0.000895,0.822710,0.474188,-1.213351,100300.0000
1764076335895941708,2025-11-25 18:42:15.893,0.944967,0.566561,354.851388,0.013598,0.009970,0.979130,0.100026,0.180633,9.781188,0.005669,0.002484,-0.001358,0.821259,0.474161,-1.214292,100294.0000
1764076335995395374,2025-11-25 18:42:15.993,0.963427,0.562435,354.858664,0.013744,0.010788,0.978660,0.170350,0.032121,9.798061,0.003968,0.003666,-0.002991,0.824621,0.474634,-1.215313,100306.0000
1764076336095942226,2025-11-25 18:42:16.093,0.968261,0.565360,354.860028,0.013832,0.012797,0.978387,0.133999,0.199496,9.760042,-0.004657,0.000441,0.000728,0.822227,0.474654,-1.213833,100300.0000
1764076336195652911,2025-11-25 18:42:16.193,0.954077,0.567120,354.854931,0.014504,0.011951,0.978720,0.190718,0.031213,9.793257,0.001196,0.003019,0.001821,0.822720,0.474686,-1.212396,100302.0000
1764076336295308467,2025-11-25 18:42:16.293,0.934751,0.558986,354.850270,0.013840,0.010854,0.978711,0.120590,0.194155,9.778688,-0.004416,-0.001591,-0.000677,0.823196,0.475146,-1.213373,100305.0000
1764076336396018911,2025-11-25 18:42:16.393,0.924313,0.542487,354.843224,0.013504,0.008734,0.978316,0.161260,-0.009090,9.797976,0.002203,0.006836,0.001047,0.825112,0.474189,-1.213868,100298.0000
1764076336495933707,2025-11-25 18:42:16.493,0.929093,0.538682,354.836076,0.012491,0.008869,0.977495,0.091157,0.164982,9.779001,0.003805,-0.002049,0.002809,0.822713,0.473253,-1.212374,100302.0000
1764076336595971670,2025-11-25 18:42:16.593,0.949455,0.558978,354.827534,0.012829,0.009559,0.977918,0.143985,0.011110,9.780809,0.004214,-0.005022,-0.000219,0.821743,0.475586,-1.214803,100305.0000
1764076336696185726,2025-11-25 18:42:16.693,0.949269,0.587731,354.825255,0.013163,0.011470,0.979034,0.116181,0.193929,9.785144,0.001158,-0.005375,-0.000274,0.822213,0.474145,-1.215269,100299.0000
1764076336795670633,2025-11-25 18:42:16.793,0.943476,0.616290,354.825861,0.014349,0.011015,0.979980,0.189560,0.022044,9.820553,-0.000192,0.001039,-0.002564,0.820307,0.473242,-1.212338,100298.0000
1764076336895883800,2025-11-25 18:42:16.893,0.928376,0.625715,354.828658,0.015649,0.010696,0.979594,0.142976,0.174054,9.799917,0.001212,-0.006189,-0.000997,0.823189,0.476070,-1.214832,100300.0000
1764076336995690318,2025-11-25 18:42:16.993,0.925533,0.611756,354.827273,0.015859,0.009205,0.977872,0.167656,0.019606,9.759374,0.001297,0.001788,-0.000098,0.823184,0.475115,-1.214817,100296.0000
1764076337095493170,2025-11-25 18:42:17.092,0.931233,0.589917,354.814806,0.015230,0.009416,0.976772,0.142469,0.189781,9.764869,0.000784,0.000531,0.000242,0.821764,0.475170,-1.211907,100300.0000
1764076337195604540,2025-11-25 18:42:17.193,0.948804,0.567218,354.803336,0.014274,0.009732,0.977424,0.146903,0.024210,9.772690,0.001146,0.002479,-0.000311,0.822705,0.473233,-1.213336,100298.0000
1764076337295344114,2025-11-25 18:42:17.293,0.957425,0.553859,354.798892,0.013195,0.011449,0.979314,0.115008,0.207941,9.803534,0.004116,-0.000711,0.000291,0.823661,0.474162,-1.214810,100302.0000
1764076337396163170,2025-11-25 18:42:17.393,0.954823,0.550854,354.797163,0.012000,0.011324,0.980263,0.127138,0.019678,9.785192,0.000894,0.001846,0.002238,0.823197,0.474678,-1.212884,100305.0000
1764076337496405188,2025-11-25 18:42:17.493,0.943578,0.564063,354.797294,0.012144,0.010730,0.979416,0.111134,0.189209,9.789563,-0.000389,-0.005232,0.002305,0.822706,0.474178,-1.213832,100294.0000
1764076337595959484,2025-11-25 18:42:17.593,0.934010,0.584411,354.800798,0.013471,0.009124,0.977788,0.155764,0.004075,9.774341,-0.004650,-0.002288,0.000163,0.822246,0.473759,-1.210930,100301.0000
1764076337695979818,2025-11-25 18:42:17.693,0.936084,0.604817,354.793245,0.015157,0.009414,0.976880,0.141874,0.179713,9.772013,0.005931,-0.007242,0.000236,0.820298,0.473689,-1.213790,100306.0000
1764076337795764966,2025-11-25 18:42:17.793,0.949878,0.609241,354.782642,0.016387,0.010034,0.977683,0.167826,0.019123,9.784307,-0.000214,-0.000516,0.006968,0.823662,0.475107,-1.215306,100302.0000
1764076337896104725,2025-11-25 18:42:17.893,0.959565,0.595268,354.773327,0.015561,0.011978,0.979554,0.117900,0.216005,9.800048,0.003962,0.001414,0.002555,0.822694,0.474147,-1.215276,100299.0000
1764076337996045355,2025-11-25 18:42:17.993,0.947343,0.578220,354.771408,0.014115,0.011250,0.980324,0.150781,-0.004344,9.801036,-0.007839,0.003072,-0.000704,0.823664,0.475585,-1.215313,100298.0000
1764076338096140706,2025-11-25 18:42:18.093,0.925881,0.563831,354.773583,0.012694,0.009933,0.979361,0.111480,0.177670,9.785302,0.000246,-0.001395,-0.001821,0.821270,0.474192,-1.212848,100302.0000
1764076338195612669,2025-11-25 18:42:18.193,0.915793,0.566817,354.776606,0.012703,0.008002,0.977413,0.141865,-0.005744,9.756183,-0.000341,-0.003900,-0.001375,0.823213,0.477077,-1.212439,100302.0000
1764076338295729780,2025-11-25 18:42:18.293,0.926909,0.577990,354.766451,0.013709,0.008703,0.976704,0.146027,0.173848,9.783097,0.007334,-0.004865,0.004284,0.820789,0.474190,-1.212841,100309.0000
1764076338395614225,2025-11-25 18:42:18.393,0.948343,0.585830,354.756854,0.013824,0.009748,0.977704,0.142708,0.031257,9.781466,0.002354,0.000341,0.003273,0.821733,0.472730,-1.214278,100304.0000
1764076338496026428,2025-11-25 18:42:18.493,0.965417,0.589489,354.751400,0.013301,0.011246,0.979612,0.130656,0.174131,9.809851,0.007702,-0.002853,-0.001053,0.823179,0.471802,-1.213322,100300.0000
1764076338596230780,2025-11-25 18:42:18.593,0.972219,0.600430,354.753208,0.013557,0.011285,0.980193,0.136803,0.029143,9.788104,-0.004213,-0.000835,-0.001140,0.822712,0.476078,-1.214343,100301.0000
1764076338696233132,2025-11-25 18:42:18.693,0.964611,0.612299,354.760700,0.013972,0.011769,0.979281,0.113605,0.190294,9.793217,0.000161,-0.002583,-0.004433,0.824138,0.474154,-1.215298,100301.0000
1764076338795320965,2025-11-25 18:42:18.793,0.949050,0.620315,354.759135,0.015090,0.010601,0.977631,0.181924,0.013100,9.764991,-0.005198,0.001646,0.002511,0.821748,0.474184,-1.213337,100295.0000
1764076338895466335,2025-11-25 18:42:18.893,0.927946,0.618427,354.753125,0.014825,0.010465,0.977262,0.127568,0.191895,9.782585,-0.001350,0.001183,-0.000338,0.823686,0.476113,-1.212913,100305.0000
1764076338995957372,2025-11-25 18:42:18.993,0.914092,0.609137,354.745064,0.014361,0.008647,0.978058,0.152279,0.005495,9.775136,0.002002,0.003661,0.008144,0.823186,0.473235,-1.213344,100299.0000
1764076339095878391,2025-11-25 18:42:19.092,0.915679,0.602294,354.743176,0.013506,0.008637,0.979236,0.120812,0.162179,9.799030,0.003110,-0.001559,-0.001218,0.821276,0.476092,-1.213359,100300.0000
1764076339196046298,2025-11-25 18:42:19.193,0.934079,0.602191,354.754365,0.013793,0.008950,0.979632,0.144258,0.025289,9.771390,0.001758,0.001623,-0.000162,0.821737,0.473686,-1.214292,100304.0000
1764076339296032872,2025-11-25 18:42:19.293,0.955966,0.596849,354.761525,0.013589,0.010764,0.979020,0.116430,0.185862,9.799397,0.009528,-0.002831,-0.003981,0.820761,0.473173,-1.215715,100299.0000
1764076339395955669,2025-11-25 18:42:19.393,0.968374,0.593583,354.759482,0.013294,0.011517,0.978293,0.114398,0.053893,9.762941,0.000987,-0.000804,0.001883,0.823203,0.476579,-1.213395,100302.0000
1764076339495516502,2025-11-25 18:42:19.493,0.965530,0.601082,354.750941,0.012450,0.012156,0.977536,0.124909,0.169611,9.795897,-0.001790,-0.001944,0.000113,0.823668,0.474182,-1.213847,100305.0000
1764076339595921983,2025-11-25 18:42:19.593,0.948842,0.618483,354.744148,0.013540,0.010385,0.977938,0.162940,0.013633,9.761123,-0.003879,-0.006444,0.001938,0.822233,0.475141,-1.213359,100296.0000
1764076339695950520,2025-11-25 18:42:19.693,0.931487,0.636999,354.748509,0.015430,0.009745,0.978536,0.164287,0.156908,9.821789,-0.001734,-0.002054,-0.003959,0.821742,0.474641,-1.214307,100296.0000
1764076339795709687,2025-11-25 18:42:19.793,0.929105,0.638009,354.759713,0.016791,0.008919,0.979172,0.180340,0.037584,9.772122,0.001629,-0.000820,0.000159,0.825100,0.474158,-1.215312,100305.0000
1764076339896529909,2025-11-25 18:42:19.893,0.934948,0.620930,354.767539,0.015745,0.010237,0.979465,0.141937,0.168808,9.815722,-0.005280,0.005972,-0.000746,0.821753,0.476084,-1.213848,100302.0000
1764076339995358835,2025-11-25 18:42:19.992,0.950322,0.589196,354.768394,0.013078,0.011163,0.978743,0.108272,0.057496,9.762597,0.005331,0.005046,0.002370,0.820315,0.475620,-1.212856,100301.0000
1764076340096068613,2025-11-25 18:42:20.092,0.950086,0.573932,354.775624,0.010990,0.012259,0.977798,0.117694,0.170253,9.803062,-0.001542,0.001526,-0.004733,0.822706,0.474178,-1.213832,100299.0000
1764076340196578909,2025-11-25 18:42:20.193,0.932162,0.591802,354.778234,0.011675,0.010182,0.977379,0.124218,0.027283,9.750477,0.001436,-0.005926,-0.000625,0.824636,0.475142,-1.213876,100309.0000
1764076340295965372,2025-11-25 18:42:20.293,0.912911,0.630163,354.783117,0.013875,0.008998,0.977958,0.158623,0.130062,9.810473,-0.000552,-0.008870,-0.008028,0.820798,0.475155,-1.212375,100301.0000
1764076340395299890,2025-11-25 18:42:20.393,0.910945,0.663520,354.783638,0.016201,0.008242,0.979342,0.167887,0.048937,9.769385,0.000589,-0.003069,0.002483,0.822720,0.477044,-1.213876,100295.0000
1764076340495325316,2025-11-25 18:42:20.493,0.926282,0.668386,354.784281,0.016079,0.009493,0.980623,0.149246,0.146915,9.819543,0.005337,0.003895,-0.006373,0.820305,0.475123,-1.213812,100291.0000
1764076340595718834,2025-11-25 18:42:20.593,0.946031,0.646074,354.789070,0.014813,0.010667,0.979628,0.140098,0.097827,9.761751,0.005365,0.007214,-0.001276,0.822227,0.476066,-1.214817,100303.0000
1764076340695886594,2025-11-25 18:42:20.693,0.955786,0.618403,354.798426,0.013649,0.011937,0.977612,0.144380,0.157351,9.802639,0.003827,0.002269,-0.006385,0.820327,0.475651,-1.211412,100292.0000
1764076340795319279,2025-11-25 18:42:20.793,0.950390,0.602202,354.813516,0.013574,0.011091,0.976281,0.136770,0.061221,9.738834,-0.004029,0.002932,0.001277,0.824161,0.475627,-1.213395,100300.0000
1764076340895723427,2025-11-25 18:42:20.893,0.942328,0.605981,354.822505,0.013839,0.010255,0.976897,0.147739,0.109987,9.806729,0.000679,-0.001040,-0.004707,0.822713,0.475611,-1.213855,100294.0000
1764076340995456612,2025-11-25 18:42:20.993,0.937516,0.612858,354.824321,0.013918,0.009053,0.979281,0.127747,0.087885,9.783397,-0.003196,0.000608,0.003747,0.820801,0.476578,-1.212878,100302.0000
1764076341095729130,2025-11-25 18:42:21.092,0.932919,0.617227,354.826971,0.013273,0.010295,0.981131,0.145538,0.124874,9.854859,0.002886,0.000931,-0.001647,0.821289,0.479426,-1.213892,100292.0000
1764076341196339093,2025-11-25 18:42:21.193,0.933955,0.621670,354.837698,0.012677,0.010721,0.980978,0.099096,0.111733,9.756830,0.000661,-0.001160,0.002475,0.819849,0.478484,-1.212893,100298.0000
1764076341295653760,2025-11-25 18:42:21.293,0.924226,0.637586,354.850418,0.012638,0.010974,0.978355,0.152815,0.087247,9.786187,0.002858,-0.008056,-0.006530,0.821283,0.477525,-1.213381,100300.0000
1764076341396210223,2025-11-25 18:42:21.393,0.918425,0.663087,354.868505,0.013638,0.009724,0.975768,0.119118,0.131616,9.724050,0.000065,-0.003624,-0.000209,0.822238,0.476097,-1.213373,100297.0000
1764076341496296908,2025-11-25 18:42:21.493,0.919710,0.685038,354.884450,0.015563,0.008968,0.975784,0.209875,0.066435,9.798196,0.003651,-0.004935,-0.005467,0.820781,0.475582,-1.214789,100291.0000
1764076341596403223,2025-11-25 18:42:21.593,0.931889,0.689264,354.889381,0.016678,0.009054,0.978024,0.134041,0.111767,9.755914,0.007013,-0.001716,0.001850,0.818380,0.476526,-1.214768,100299.0000
1764076341696003241,2025-11-25 18:42:21.693,0.951950,0.668564,354.892695,0.015916,0.010486,0.980915,0.173770,0.080785,9.842560,0.001304,0.000414,-0.007966,0.820333,0.478497,-1.212419,100296.0000
1764076341796288297,2025-11-25 18:42:21.793,0.956985,0.632623,354.897576,0.014098,0.012125,0.981365,0.095502,0.164828,9.776397,0.004078,0.006802,0.000237,0.818885,0.477535,-1.212383,100290.0000
1764076341896441074,2025-11-25 18:42:21.893,0.940086,0.608958,354.918957,0.012058,0.012667,0.979935,0.149612,0.096084,9.824374,-0.003844,0.000998,-0.007800,0.819840,0.477519,-1.213360,100301.0000
1764076341995362611,2025-11-25 18:42:21.993,0.914849,0.609573,354.941043,0.011762,0.010705,0.977012,0.096844,0.132948,9.719532,-0.006258,-0.002830,-0.002473,0.820318,0.478456,-1.214344,100304.0000
1764076342095574667,2025-11-25 18:42:22.092,0.898358,0.634673,354.961423,0.012835,0.008566,0.976104,0.172959,0.019715,9.786569,0.000022,-0.007930,-0.004003,0.819370,0.478960,-1.212893,100306.0000
1764076342195650982,2025-11-25 18:42:22.193,0.909505,0.667876,354.961547,0.014377,0.007747,0.977464,0.132713,0.131016,9.757734,0.005231,-0.006123,0.003202,0.820328,0.481312,-1.214869,100300.0000
1764076342296782852,2025-11-25 18:42:22.293,0.934241,0.687264,354.962039,0.015758,0.009177,0.979861,0.206054,0.057831,9.825497,0.003026,-0.000376,-0.003849,0.819837,0.478454,-1.214337,100302.0000
1764076342396018667,2025-11-25 18:42:22.393,0.952520,0.684758,354.968432,0.015570,0.011408,0.980899,0.120972,0.186237,9.795061,0.004060,0.000194,-0.000654,0.822229,0.478902,-1.216306,100298.0000
1764076342496007444,2025-11-25 18:42:22.493,0.946237,0.659430,354.991498,0.015322,0.012582,0.979472,0.143190,0.081376,9.808968,-0.000355,0.007232,-0.007531,0.821276,0.477505,-1.214344,100302.0000
1764076342595975907,2025-11-25 18:42:22.593,0.925255,0.632775,355.018770,0.013966,0.011274,0.976696,0.090280,0.176520,9.735135,0.000044,0.004301,-0.000833,0.820324,0.478944,-1.213870,100300.0000
1764076342695639592,2025-11-25 18:42:22.693,0.906962,0.618158,355.037380,0.013151,0.008546,0.976296,0.153014,-0.008701,9.786418,-0.003233,0.003341,-0.004550,0.820326,0.480834,-1.214862,100293.0000
1764076342796551055,2025-11-25 18:42:22.793,0.912137,0.631943,355.038763,0.012502,0.007710,0.977423,0.106138,0.139547,9.780737,0.004519,-0.006501,0.004242,0.820340,0.481342,-1.213426,100300.0000
1764076342895671111,2025-11-25 18:42:22.893,0.939550,0.650315,355.037777,0.012614,0.008920,0.979979,0.154722,0.005687,9.844183,0.004742,-0.003677,0.000903,0.819843,0.478942,-1.213863,100306.0000
1764076342995528963,2025-11-25 18:42:22.993,0.964996,0.669057,355.042216,0.013614,0.012509,0.980929,0.114398,0.214751,9.808319,0.001681,-0.003652,0.001200,0.818893,0.481326,-1.213886,100302.0000
1764076343095746703,2025-11-25 18:42:23.092,0.959447,0.678312,355.065402,0.014285,0.013724,0.979713,0.182740,0.048640,9.797580,-0.004739,-0.001835,-0.008408,0.820328,0.481312,-1.214869,100298.0000
1764076343195745703,2025-11-25 18:42:23.193,0.923149,0.690073,355.098722,0.014679,0.012792,0.977525,0.134893,0.195665,9.751744,-0.010465,-0.002048,-0.006757,0.818893,0.479913,-1.212901,100303.0000
1764076343296156111,2025-11-25 18:42:23.293,0.877407,0.687136,355.121621,0.015273,0.009321,0.976593,0.175882,-0.013343,9.776039,-0.001840,-0.000340,-0.002625,0.817444,0.481777,-1.214834,100303.0000
1764076343395911666,2025-11-25 18:42:23.393,0.861629,0.682596,355.126159,0.015398,0.006922,0.977121,0.143650,0.147426,9.783471,0.002120,-0.002400,-0.000963,0.819850,0.482732,-1.215366,100298.0000
1764076343495326796,2025-11-25 18:42:23.493,0.887221,0.664078,355.126143,0.014548,0.006209,0.979341,0.142803,-0.006498,9.818937,0.007418,0.004296,-0.001138,0.819854,0.482743,-1.214885,100298.0000
1764076343596561796,2025-11-25 18:42:23.593,0.938498,0.647555,355.130035,0.013262,0.009541,0.980329,0.122960,0.199502,9.795856,0.008273,0.002615,-0.001751,0.819860,0.482286,-1.213915,100299.0000
1764076343696675777,2025-11-25 18:42:23.693,0.972031,0.644067,355.149133,0.012175,0.012602,0.979830,0.159098,0.058419,9.796598,0.006086,0.000848,-0.003800,0.818398,0.480815,-1.215315,100303.0000
1764076343796441851,2025-11-25 18:42:23.793,0.969542,0.659005,355.177586,0.012302,0.014402,0.977913,0.109474,0.217517,9.774509,-0.003537,-0.005797,-0.004383,0.820334,0.480855,-1.213900,100294.0000
1764076343895797036,2025-11-25 18:42:23.893,0.933408,0.683049,355.206520,0.013384,0.012871,0.976769,0.147979,0.018000,9.759512,-0.003284,-0.005734,-0.007545,0.816482,0.480360,-1.213835,100301.0000
1764076343995565462,2025-11-25 18:42:23.993,0.891795,0.704962,355.216625,0.014461,0.010130,0.976697,0.122969,0.172894,9.761154,-0.005277,-0.000070,0.000646,0.817443,0.480831,-1.214338,100299.0000
1764076344095254555,2025-11-25 18:42:24.092,0.877641,0.713099,355.219314,0.015216,0.006775,0.978618,0.185097,-0.026340,9.789567,0.008737,0.001330,0.001591,0.816495,0.482281,-1.213383,100302.0000
1764076344197002443,2025-11-25 18:42:24.193,0.901530,0.702449,355.216246,0.015392,0.007586,0.979690,0.117505,0.177851,9.803802,0.005151,0.001452,0.000304,0.818904,0.482769,-1.213426,100298.0000
1764076344295550203,2025-11-25 18:42:24.293,0.933889,0.690990,355.227589,0.014256,0.010355,0.980330,0.182838,0.044057,9.797206,0.010203,0.003017,-0.004523,0.818410,0.483204,-1.215352,100305.0000
1764076344396020758,2025-11-25 18:42:24.393,0.949330,0.677341,355.257046,0.013145,0.013545,0.979241,0.118974,0.232086,9.777679,-0.001053,0.000187,-0.004604,0.818909,0.483724,-1.213441,100298.0000
1764076344496276832,2025-11-25 18:42:24.493,0.927595,0.671239,355.298193,0.012910,0.012587,0.977743,0.135920,0.019940,9.767606,-0.006400,-0.001100,-0.004801,0.816977,0.482283,-1.213390,100312.0000
1764076344595314332,2025-11-25 18:42:24.592,0.895676,0.675154,355.323133,0.013208,0.010186,0.976490,0.113883,0.184258,9.778344,-0.002093,-0.002210,0.000130,0.816495,0.482281,-1.213383,100299.0000
1764076344696074332,2025-11-25 18:42:24.693,0.881121,0.682991,355.328958,0.013674,0.006783,0.977086,0.149076,-0.010383,9.773306,0.002989,-0.002631,-0.000520,0.816501,0.484181,-1.213894,100305.0000
1764076344796023758,2025-11-25 18:42:24.793,0.902289,0.690422,355.321771,0.014135,0.008180,0.978260,0.130529,0.186862,9.799989,0.007013,-0.002215,0.000562,0.818910,0.485615,-1.214433,100294.0000
1764076344895528239,2025-11-25 18:42:24.893,0.930807,0.693798,355.329419,0.013534,0.010366,0.979835,0.131701,0.035312,9.789299,0.006903,0.002879,-0.000498,0.817455,0.483220,-1.214375,100302.0000
1764076344995479369,2025-11-25 18:42:24.993,0.944438,0.702256,355.356300,0.013188,0.012484,0.980356,0.124356,0.220728,9.812110,0.005078,-0.005034,-0.009027,0.819375,0.482273,-1.214389,100302.0000
1764076345095504239,2025-11-25 18:42:25.092,0.935859,0.712296,355.394093,0.013752,0.012045,0.979562,0.171279,0.036640,9.773571,-0.004490,0.000955,-0.008503,0.817931,0.483679,-1.215352,100302.0000
1764076345195814498,2025-11-25 18:42:25.193,0.916413,0.704946,355.419908,0.015124,0.010795,0.978517,0.014203,0.066917,9.767281,-0.004728,0.002937,-0.005209,0.817454,0.483687,-1.214863,100304.0000
1764076345295338091,2025-11-25 18:42:25.293,0.897643,0.675030,355.422604,0.014576,0.009101,0.977652,0.138855,-0.094422,9.767145,-0.002108,0.008628,0.000745,0.818422,0.484179,-1.214404,100303.0000
1764076345395674832,2025-11-25 18:42:25.393,0.896302,0.654524,355.417961,0.011866,0.008754,0.977135,0.017183,0.194362,9.740582,0.000171,0.002503,-0.002155,0.818450,0.487554,-1.213011,100301.0000
1764076345496142609,2025-11-25 18:42:25.493,0.903823,0.652687,355.413418,0.010708,0.009897,0.978473,0.088863,0.054639,9.767710,0.006027,-0.001385,0.001496,0.816038,0.484698,-1.211969,100295.0000
1764076345595728776,2025-11-25 18:42:25.593,0.909061,0.674819,355.424603,0.012322,0.011742,0.979543,0.198000,0.173790,9.832937,-0.000720,-0.007439,-0.007551,0.815550,0.485620,-1.213420,100296.0000
1764076345695942072,2025-11-25 18:42:25.692,0.901687,0.715323,355.442752,0.014426,0.011023,0.978949,0.209395,-0.004571,9.791066,0.002074,-0.005807,-0.001060,0.816018,0.486059,-1.215360,100295.0000
1764076345795615980,2025-11-25 18:42:25.793,0.882942,0.738357,355.462527,0.015782,0.010283,0.977992,0.132231,0.208842,9.781027,-0.004184,-0.000434,-0.012122,0.814105,0.488439,-1.215369,100288.0000
1764076345895676054,2025-11-25 18:42:25.893,0.877707,0.735025,355.479954,0.016465,0.008162,0.977851,0.133184,0.032994,9.755232,0.002873,0.006130,0.000711,0.817451,0.485567,-1.216337,100298.0000
1764076345995385016,2025-11-25 18:42:25.993,0.894903,0.716918,355.481370,0.014786,0.008429,0.977973,0.115562,0.162014,9.789696,0.006007,0.002759,0.000227,0.814578,0.487475,-1.215842,100296.0000
1764076346095848090,2025-11-25 18:42:26.093,0.922736,0.694355,355.476495,0.013468,0.010254,0.978605,0.124294,0.086413,9.773052,0.004818,-0.001183,0.002999,0.817939,0.486057,-1.215870,100292.0000
1764076346195709276,2025-11-25 18:42:26.193,0.931501,0.692953,355.472297,0.012740,0.013245,0.979167,0.121518,0.187157,9.802813,-0.004382,-0.003688,-0.004284,0.815565,0.487073,-1.212479,100300.0000
1764076346295315220,2025-11-25 18:42:26.293,0.912290,0.700220,355.488996,0.013686,0.012791,0.979393,0.174071,0.043812,9.779550,-0.003070,0.001089,-0.003370,0.817971,0.487084,-1.212515,100304.0000
1764076346396013072,2025-11-25 18:42:26.393,0.879001,0.706798,355.517350,0.014826,0.010612,0.978980,0.198524,0.112701,9.825181,-0.004817,-0.001516,-0.007325,0.815548,0.487500,-1.214893,100302.0000
1764076346495898590,2025-11-25 18:42:26.493,0.868223,0.704386,355.541281,0.014701,0.007934,0.977898,0.137836,0.081331,9.738807,0.001129,0.001274,0.003733,0.814119,0.488947,-1.213932,100300.0000
1764076346595961349,2025-11-25 18:42:26.593,0.882879,0.695250,355.545641,0.013389,0.007924,0.977437,0.089880,0.089641,9.789030,0.001129,-0.000905,-0.004332,0.815061,0.484185,-1.213391,100302.0000
1764076346696295386,2025-11-25 18:42:26.693,0.908475,0.690483,355.541052,0.012523,0.009841,0.977293,0.081996,0.127323,9.717296,0.004067,0.000227,0.003466,0.814570,0.485097,-1.215324,100305.0000
1764076346796245072,2025-11-25 18:42:26.793,0.915989,0.705937,355.548100,0.012282,0.012602,0.978481,0.153455,0.159954,9.811206,-0.002872,-0.002367,-0.005385,0.814586,0.487496,-1.214879,100295.0000
1764076346896186997,2025-11-25 18:42:26.893,0.902527,0.729554,355.575306,0.014426,0.012145,0.979457,0.188056,0.120001,9.799755,-0.000833,-0.005959,-0.001933,0.813601,0.488375,-1.218250,100298.0000
1764076346995581053,2025-11-25 18:42:26.993,0.878391,0.743060,355.608564,0.016095,0.010626,0.979934,0.180442,0.098521,9.828823,-0.005292,0.001298,-0.010695,0.813635,0.487522,-1.213421,100301.0000
1764076347096082516,2025-11-25 18:42:27.092,0.865355,0.734458,355.628965,0.015752,0.008621,0.978815,0.148994,0.032555,9.746661,0.009477,0.003214,0.002616,0.813155,0.489410,-1.214406,100301.0000
1764076347196431256,2025-11-25 18:42:27.193,0.872747,0.709178,355.640221,0.014163,0.008726,0.978087,0.136137,0.063894,9.754435,0.000312,0.002382,-0.006440,0.813644,0.488488,-1.212955,100309.0000
1764076347295736479,2025-11-25 18:42:27.293,0.895100,0.696648,355.648689,0.012314,0.009415,0.978213,0.073654,0.220683,9.786434,0.008284,0.000098,0.003825,0.813649,0.488031,-1.211984,100301.0000
1764076347395547904,2025-11-25 18:42:27.392,0.910161,0.708203,355.666762,0.012196,0.010615,0.978674,0.184496,0.103086,9.829055,0.001646,-0.002665,-0.009721,0.813145,0.486555,-1.213881,100299.0000
1764076347496944701,2025-11-25 18:42:27.493,0.912650,0.729957,355.689980,0.013972,0.011700,0.978821,0.157456,0.092471,9.733075,0.003191,-0.005809,-0.003369,0.812694,0.490404,-1.212488,100296.0000
1764076347596134015,2025-11-25 18:42:27.593,0.899962,0.741094,355.722849,0.015224,0.010976,0.978771,0.187270,0.058722,9.858732,-0.000808,0.001054,-0.007981,0.815564,0.489899,-1.214449,100291.0000
1764076347696226423,2025-11-25 18:42:27.693,0.889038,0.724827,355.745930,0.014457,0.010147,0.977692,0.111306,0.117544,9.763618,0.007030,0.004709,0.003781,0.813148,0.487977,-1.214384,100290.0000
1764076347795380275,2025-11-25 18:42:27.793,0.887930,0.703678,355.756083,0.013617,0.009967,0.977360,0.180343,0.024682,9.804405,-0.002510,0.002726,-0.005429,0.815096,0.490405,-1.213005,100305.0000
1764076347895737423,2025-11-25 18:42:27.893,0.891748,0.687512,355.762079,0.012268,0.010253,0.977693,0.100038,0.210500,9.745850,-0.003353,0.000744,0.002814,0.811722,0.489902,-1.213429,100306.0000
1764076347995329756,2025-11-25 18:42:27.993,0.894830,0.695115,355.771618,0.012352,0.010205,0.979066,0.144910,0.006121,9.819836,0.002629,-0.002982,-0.007875,0.813665,0.489016,-1.210555,100289.0000
1764076348096068830,2025-11-25 18:42:28.093,0.892822,0.715606,355.782058,0.012765,0.010712,0.979977,0.095352,0.196935,9.793065,0.002654,-0.001913,-0.001828,0.814133,0.490868,-1.213480,100298.0000
1764076348195868052,2025-11-25 18:42:28.193,0.886225,0.736712,355.794918,0.013106,0.010360,0.980160,0.124494,0.002414,9.804815,0.001151,-0.003700,-0.003155,0.814609,0.489915,-1.213472,100300.0000
1764076348296186071,2025-11-25 18:42:28.293,0.877739,0.739323,355.803694,0.013543,0.010848,0.979211,0.118320,0.159250,9.789462,-0.000394,0.002221,0.005869,0.809349,0.491863,-1.210535,100304.0000
1764076348396111922,2025-11-25 18:42:28.393,0.871156,0.731698,355.803311,0.014126,0.009869,0.977865,0.162103,0.008293,9.780270,-0.000202,0.001980,-0.001668,0.812218,0.492770,-1.213480,100298.0000
1764076348495576700,2025-11-25 18:42:28.493,0.868021,0.720577,355.794227,0.013836,0.009594,0.976497,0.115102,0.197171,9.747929,0.003467,0.003618,0.004313,0.811701,0.487961,-1.214844,100294.0000
1764076348596320052,2025-11-25 18:42:28.593,0.875085,0.710350,355.782646,0.014001,0.009236,0.977026,0.168777,-0.011872,9.790606,0.005227,0.003650,-0.001566,0.813636,0.490825,-1.215398,100290.0000
1764076348695483978,2025-11-25 18:42:28.693,0.885835,0.708867,355.772981,0.012850,0.009735,0.979008,0.114121,0.167432,9.780846,0.001648,-0.002508,-0.000792,0.813156,0.490355,-1.214902,100303.0000
1764076348796205830,2025-11-25 18:42:28.793,0.896953,0.711902,355.774396,0.012891,0.009958,0.979797,0.172553,0.036380,9.815299,0.008252,0.000121,0.000433,0.814133,0.490868,-1.213480,100300.0000
1764076348895503237,2025-11-25 18:42:28.893,0.903906,0.721279,355.770333,0.012894,0.011188,0.979076,0.097576,0.183585,9.755154,-0.003751,0.001765,0.002167,0.813170,0.492276,-1.214450,100298.0000
1764076348995567718,2025-11-25 18:42:28.993,0.900664,0.717430,355.754941,0.013432,0.011129,0.978590,0.146715,-0.038408,9.789842,-0.002376,0.004028,0.003949,0.814143,0.491366,-1.212524,100301.0000
1764076349096244348,2025-11-25 18:42:29.093,0.887655,0.693913,355.719640,0.012553,0.011262,0.978029,0.127936,0.208138,9.779077,-0.006367,0.005228,0.005243,0.814130,0.490390,-1.213472,100303.0000
1764076349196069903,2025-11-25 18:42:29.193,0.870981,0.673728,355.684108,0.011818,0.010403,0.978466,0.087777,0.049838,9.799309,0.000426,0.001930,0.005504,0.813197,0.492348,-1.211080,100298.0000
1764076349295507181,2025-11-25 18:42:29.293,0.861442,0.665245,355.641604,0.011431,0.009857,0.979505,0.095431,0.151278,9.800730,-0.000664,0.002781,0.006900,0.814132,0.489923,-1.212984,100298.0000
1764076349395499885,2025-11-25 18:42:29.393,0.859506,0.662200,355.588430,0.010808,0.008812,0.979701,0.144638,-0.043481,9.791233,0.004329,0.002022,0.009065,0.812678,0.487060,-1.212437,100294.0000
1764076349495392755,2025-11-25 18:42:29.493,0.864955,0.674945,355.526445,0.009614,0.009932,0.978049,0.057572,0.147681,9.731418,0.001702,-0.004984,0.009730,0.815091,0.488504,-1.212494,100298.0000
1764076349595862885,2025-11-25 18:42:29.593,0.874542,0.716868,355.471510,0.011057,0.009713,0.977439,0.133018,0.011275,9.762882,0.001252,-0.008596,0.008696,0.816042,0.488478,-1.213953,100291.0000
1764076349696040514,2025-11-25 18:42:29.693,0.871537,0.777285,355.420770,0.013784,0.010732,0.977106,0.157801,0.192083,9.814415,0.005816,-0.009656,0.004845,0.812656,0.487945,-1.215821,100303.0000
1764076349795506662,2025-11-25 18:42:29.793,0.864887,0.827475,355.369905,0.016997,0.010822,0.978070,0.197017,0.044285,9.781921,-0.002420,-0.004440,0.009875,0.815062,0.486543,-1.214872,100300.0000
1764076349895590866,2025-11-25 18:42:29.893,0.857757,0.843501,355.314654,0.018427,0.010744,0.979146,0.154005,0.162969,9.799925,0.003524,-0.001745,0.008044,0.812662,0.488432,-1.215347,100295.0000
1764076349995651699,2025-11-25 18:42:29.993,0.859849,0.821659,355.255024,0.018477,0.009561,0.980013,0.176118,0.031819,9.778624,-0.001692,0.005299,0.011605,0.815539,0.484177,-1.213880,100298.0000
1764076350096459477,2025-11-25 18:42:30.093,0.863199,0.769681,355.203854,0.016258,0.010417,0.979776,0.144287,0.182330,9.820447,0.004507,0.008814,0.004640,0.819377,0.485109,-1.215877,100299.0000
1764076350196246662,2025-11-25 18:42:30.193,0.860008,0.712550,355.172606,0.014041,0.010096,0.978502,0.103867,0.043460,9.770637,-0.004462,0.008683,0.005997,0.814131,0.485207,-1.210022,100296.0000
1764076350295260755,2025-11-25 18:42:30.293,0.854038,0.678879,355.152656,0.011712,0.010774,0.978116,0.100177,0.151402,9.802698,0.000415,0.005290,0.001428,0.816018,0.483702,-1.213879,100296.0000
1764076350396004180,2025-11-25 18:42:30.393,0.850532,0.674995,355.128248,0.010800,0.010045,0.978004,0.111627,0.064440,9.757323,0.001236,-0.000806,0.006533,0.815532,0.482744,-1.213858,100303.0000
1764076350496002440,2025-11-25 18:42:30.493,0.849609,0.705701,355.095096,0.010945,0.010314,0.978484,0.121801,0.138016,9.805315,-0.004434,-0.006690,0.001159,0.817930,0.482734,-1.214856,100302.0000
1764076350595544903,2025-11-25 18:42:30.593,0.851142,0.752327,355.057381,0.012894,0.010028,0.978628,0.105461,0.079245,9.757407,0.006804,-0.008950,0.009810,0.817921,0.481768,-1.215323,100297.0000
1764076350696303069,2025-11-25 18:42:30.693,0.853378,0.789207,355.031500,0.015430,0.011055,0.978242,0.186309,0.120589,9.807078,0.002014,-0.008557,-0.000441,0.816494,0.480390,-1.212391,100305.0000
1764076350795833162,2025-11-25 18:42:30.793,0.853850,0.804652,355.014517,0.016674,0.010357,0.978003,0.158224,0.088556,9.754048,0.005006,0.000233,0.007699,0.817465,0.483718,-1.213419,100302.0000
1764076350896312569,2025-11-25 18:42:30.893,0.851435,0.801359,355.011959,0.015912,0.010556,0.977932,0.172674,0.119269,9.788231,-0.002397,-0.000459,-0.004796,0.816512,0.485624,-1.213435,100299.0000
1764076350995742921,2025-11-25 18:42:30.993,0.844086,0.787482,355.008665,0.014876,0.010225,0.978128,0.113675,0.094101,9.755461,-0.000121,0.001480,0.004344,0.818425,0.481832,-1.212441,100307.0000
1764076351095899125,2025-11-25 18:42:31.093,0.834932,0.774907,355.003232,0.014328,0.010387,0.979027,0.141555,0.103731,9.826735,0.000218,0.001661,-0.001718,0.818894,0.480858,-1.213397,100298.0000
1764076351196492384,2025-11-25 18:42:31.193,0.830643,0.763762,354.984828,0.014148,0.010100,0.979618,0.113487,0.106947,9.765725,-0.001317,0.003010,0.005108,0.816018,0.483702,-1.213879,100300.0000
1764076351295652773,2025-11-25 18:42:31.293,0.834194,0.752580,354.971884,0.013906,0.009906,0.979804,0.183568,0.076409,9.821616,0.000213,-0.001680,-0.000555,0.816489,0.481793,-1.213857,100296.0000
1764076351396286328,2025-11-25 18:42:31.393,0.838169,0.740920,354.962765,0.013830,0.010065,0.979179,0.110382,0.101648,9.752019,0.003896,0.003037,0.005279,0.817918,0.482703,-1.216300,100302.0000
1764076351496064013,2025-11-25 18:42:31.493,0.840671,0.733332,354.965968,0.013099,0.010345,0.978412,0.161396,0.103144,9.828839,-0.001594,0.000194,-0.007834,0.816488,0.480848,-1.213361,100295.0000
1764076351596196198,2025-11-25 18:42:31.593,0.836716,0.742556,354.979399,0.012241,0.010755,0.977615,0.094045,0.133477,9.742621,-0.000600,-0.003404,0.002617,0.817477,0.483749,-1.211975,100303.0000
1764076351695339254,2025-11-25 18:42:31.693,0.834763,0.765892,354.993254,0.012698,0.010614,0.977604,0.165584,0.079297,9.815978,0.000148,-0.000717,-0.004789,0.816967,0.481785,-1.214346,100295.0000
1764076351796272569,2025-11-25 18:42:31.793,0.829038,0.793709,354.996027,0.014148,0.010188,0.977966,0.128989,0.131253,9.746150,-0.005331,-0.000559,0.001750,0.817927,0.483669,-1.215833,100298.0000
1764076351895675346,2025-11-25 18:42:31.893,0.822080,0.807691,355.002027,0.015206,0.010136,0.979043,0.184676,0.058433,9.810031,-0.000257,-0.000651,-0.002162,0.818403,0.480358,-1.214345,100304.0000
1764076351995338217,2025-11-25 18:42:31.993,0.815466,0.804531,355.007854,0.015588,0.009916,0.979122,0.111234,0.143386,9.760436,0.004977,0.002210,0.002523,0.815993,0.481750,-1.215775,100298.0000
1764076352095449772,2025-11-25 18:42:32.092,0.814491,0.788566,355.018054,0.015117,0.009771,0.979501,0.169421,0.046621,9.825831,-0.000367,0.002000,-0.005109,0.818417,0.483224,-1.214389,100299.0000
1764076352195934939,2025-11-25 18:42:32.193,0.818053,0.773010,355.030184,0.013968,0.009986,0.978530,0.107317,0.150167,9.750257,0.001077,0.000771,-0.002537,0.814087,0.481792,-1.213340,100303.0000
1764076352295287531,2025-11-25 18:42:32.293,0.828634,0.768652,355.048681,0.013096,0.009864,0.978600,0.173077,0.064927,9.810095,0.001849,-0.000202,-0.002903,0.817457,0.483698,-1.214382,100294.0000
1764076352395557476,2025-11-25 18:42:32.393,0.836201,0.771396,355.066591,0.013043,0.010564,0.977989,0.110409,0.143607,9.753651,-0.000506,-0.000297,-0.000830,0.817947,0.482307,-1.212442,100304.0000
1764076352495963179,2025-11-25 18:42:32.493,0.839220,0.778418,355.087805,0.014034,0.011748,0.978020,0.169868,0.070358,9.806893,0.002802,-0.001198,-0.008186,0.815534,0.483222,-1.213865,100301.0000
1764076352596437383,2025-11-25 18:42:32.593,0.826418,0.785283,355.105407,0.014167,0.011523,0.978094,0.112959,0.164738,9.756059,-0.001999,-0.003519,-0.002047,0.817911,0.481270,-1.216278,100293.0000
1764076352696355142,2025-11-25 18:42:32.693,0.804913,0.792963,355.129226,0.014284,0.010519,0.978322,0.164948,0.040291,9.799691,-0.003094,-0.002819,-0.007053,0.817472,0.485151,-1.213441,100298.0000
1764076352796023142,2025-11-25 18:42:32.793,0.788860,0.792852,355.154238,0.013775,0.009565,0.978441,0.089337,0.165076,9.762656,0.000047,-0.000725,-0.004337,0.814581,0.485128,-1.213880,100301.0000
1764076352895929938,2025-11-25 18:42:32.893,0.785525,0.798460,355.186712,0.013976,0.008617,0.978764,0.170716,0.011318,9.812107,0.000862,-0.000428,-0.007031,0.816046,0.487076,-1.212486,100298.0000
1764076352995328179,2025-11-25 18:42:32.993,0.800245,0.801277,355.223013,0.014397,0.009060,0.979259,0.123094,0.180085,9.794224,0.004923,0.001202,-0.005839,0.814599,0.487059,-1.212947,100297.0000
1764076353096093068,2025-11-25 18:42:33.093,0.820108,0.799273,355.258977,0.014865,0.009888,0.979412,0.162574,0.022441,9.803453,0.000360,0.003115,-0.008954,0.814569,0.486510,-1.216309,100298.0000
1764076353196081975,2025-11-25 18:42:33.193,0.832003,0.793513,355.289244,0.014677,0.011085,0.978876,0.122219,0.194355,9.759897,0.005604,-0.000522,-0.004356,0.816021,0.485124,-1.214383,100296.0000
1764076353295999123,2025-11-25 18:42:33.293,0.829687,0.782556,355.323645,0.013951,0.011121,0.978363,0.144756,0.040995,9.798039,-0.003848,0.002177,-0.006110,0.814107,0.487972,-1.214880,100296.0000
1764076353396502012,2025-11-25 18:42:33.393,0.818859,0.777668,355.361482,0.013231,0.011545,0.977385,0.082497,0.212990,9.764928,-0.000363,-0.003160,-0.006505,0.812188,0.487506,-1.213881,100290.0000
1764076353496392197,2025-11-25 18:42:33.493,0.808506,0.788542,355.404304,0.012927,0.010622,0.977235,0.138946,0.024834,9.783831,-0.004472,0.001737,-0.009540,0.813155,0.487052,-1.212925,100298.0000
1764076353596287697,2025-11-25 18:42:33.593,0.804600,0.804213,355.453396,0.012980,0.010406,0.978156,0.091135,0.196505,9.792274,0.005347,-0.006914,-0.007142,0.812670,0.488453,-1.214384,100298.0000
1764076353696121456,2025-11-25 18:42:33.693,0.800068,0.797372,355.496870,0.014061,0.009978,0.979529,0.045900,-0.092640,9.754475,-0.003294,0.002338,-0.009733,0.813617,0.487004,-1.215339,100298.0000
1764076353795360808,2025-11-25 18:42:33.793,0.804820,0.787331,355.530675,0.013149,0.009373,0.979359,0.136977,0.070899,9.821110,0.002404,-0.002456,-0.005939,0.813660,0.489474,-1.211525,100296.0000
1764076353895969827,2025-11-25 18:42:33.893,0.808928,0.782829,355.570667,0.013810,0.010403,0.979029,0.215464,0.080390,9.798483,-0.004360,0.002357,-0.009467,0.813179,0.489472,-1.211518,100296.0000
1764076353996504901,2025-11-25 18:42:33.993,0.807063,0.781684,355.609490,0.013494,0.010778,0.978567,0.117167,0.222482,9.775984,0.000940,-0.000885,-0.009248,0.813170,0.490864,-1.213465,100303.0000
1764076354095633400,2025-11-25 18:42:34.093,0.799059,0.788404,355.652804,0.013348,0.009603,0.978293,0.141299,0.020879,9.750361,0.001986,-0.001444,-0.007732,0.813184,0.491372,-1.212029,100299.0000
1764076354195724141,2025-11-25 18:42:34.193,0.796605,0.801706,355.695956,0.013942,0.010190,0.978621,0.131799,0.169888,9.803734,0.005251,-0.006031,-0.009213,0.811744,0.492788,-1.212510,100296.0000
1764076354295654511,2025-11-25 18:42:34.293,0.803769,0.810883,355.740750,0.014123,0.010152,0.978966,0.135164,0.012479,9.766532,0.001630,-0.002246,-0.007657,0.813633,0.493173,-1.217360,100300.0000
1764076354395959974,2025-11-25 18:42:34.393,0.809122,0.808928,355.783414,0.014032,0.010444,0.978525,0.096793,0.187637,9.802319,-0.000977,-0.000800,-0.010498,0.812696,0.491349,-1.212984,100300.0000
1764076354496069197,2025-11-25 18:42:34.493,0.803963,0.804193,355.829128,0.013938,0.010584,0.978173,0.147922,0.001730,9.770568,0.003703,0.002022,-0.006002,0.810783,0.493729,-1.212992,100298.0000
1764076354596116215,2025-11-25 18:42:34.593,0.795004,0.791277,355.878383,0.013595,0.011342,0.977945,0.153365,0.168940,9.798341,-0.004495,0.000932,-0.010189,0.812236,0.495646,-1.213043,100296.0000
1764076354695925308,2025-11-25 18:42:34.693,0.787474,0.778787,355.921873,0.013423,0.009285,0.978274,0.165362,0.012543,9.802023,0.003810,0.007235,-0.005763,0.811261,0.494666,-1.213977,100299.0000
1764076354796201530,2025-11-25 18:42:34.793,0.784835,0.763638,355.955613,0.011996,0.009164,0.978531,0.117183,0.174978,9.816562,-0.002692,0.005006,-0.008737,0.810315,0.495648,-1.212533,100294.0000
1764076354896171585,2025-11-25 18:42:34.893,0.796896,0.750530,355.985834,0.011626,0.009248,0.979345,0.124737,0.099354,9.775949,0.006254,0.004667,-0.002155,0.810791,0.496107,-1.213510,100305.0000
1764076354995869733,2025-11-25 18:42:34.993,0.805637,0.722586,356.005645,0.010447,0.010171,0.979259,0.102312,0.188246,9.769268,0.003495,0.005932,-0.008416,0.811270,0.494219,-1.212525,100295.0000
1764076355095557307,2025-11-25 18:42:35.092,0.815292,0.703096,356.007490,0.009119,0.011384,0.978507,0.088277,0.085214,9.713322,0.001694,0.004201,0.000697,0.810310,0.493748,-1.212022,100299.0000
1764076355195554104,2025-11-25 18:42:35.193,0.811503,0.710436,355.999403,0.008129,0.012209,0.978061,0.086960,0.214925,9.781493,0.000303,-0.004337,-0.000463,0.810779,0.496077,-1.214954,100296.0000
1764076355295547066,2025-11-25 18:42:35.293,0.794492,0.734733,355.976029,0.009507,0.010741,0.978251,0.148012,0.070853,9.781978,-0.008601,-0.004023,0.006545,0.812239,0.494711,-1.212066,100303.0000
1764076355396091918,2025-11-25 18:42:35.393,0.770266,0.765995,355.940262,0.011173,0.009688,0.978148,0.088265,0.154437,9.803726,0.002506,-0.003921,0.005038,0.810306,0.493737,-1.212504,100302.0000
1764076355496878752,2025-11-25 18:42:35.493,0.752211,0.788941,355.896496,0.012490,0.008236,0.978846,0.037335,0.016331,9.725274,-0.000282,-0.002587,0.012541,0.811250,0.493223,-1.214436,100295.0000
1764076355596806677,2025-11-25 18:42:35.593,0.755437,0.802075,355.844551,0.012988,0.008089,0.978875,0.114648,0.156195,9.815690,0.004575,-0.005023,0.005460,0.809322,0.491792,-1.213905,100295.0000
1764076355695351807,2025-11-25 18:42:35.693,0.777569,0.805125,355.790505,0.013115,0.008747,0.978583,0.100514,0.163652,9.746677,0.010231,-0.000137,0.012681,0.811263,0.492786,-1.212503,100296.0000
1764076355795991862,2025-11-25 18:42:35.793,0.800447,0.801959,355.731922,0.013323,0.010416,0.978390,0.167596,0.118096,9.793234,0.006132,0.002963,0.010591,0.813160,0.491778,-1.215405,100293.0000
1764076355895936918,2025-11-25 18:42:35.893,0.810767,0.793785,355.670759,0.013094,0.011602,0.978052,0.070185,0.072299,9.727235,0.006416,0.001361,0.016425,0.811747,0.491854,-1.211533,100298.0000
1764076355995401992,2025-11-25 18:42:35.993,0.802164,0.795137,355.614272,0.013008,0.012929,0.977906,0.124946,0.110832,9.825975,-0.003115,-0.003376,0.003069,0.812201,0.491784,-1.214910,100296.0000
1764076356095924473,2025-11-25 18:42:36.092,0.781239,0.815381,355.562910,0.013834,0.011407,0.978453,0.143114,0.108639,9.771877,-0.003618,-0.003241,0.010959,0.813155,0.489410,-1.214406,100301.0000
1764076356195894047,2025-11-25 18:42:36.193,0.757586,0.832779,355.520668,0.014202,0.009469,0.978919,0.151188,0.092875,9.823102,-0.000923,-0.001705,0.006401,0.814091,0.487931,-1.216805,100305.0000
1764076356296496492,2025-11-25 18:42:36.293,0.743832,0.851206,355.483794,0.015238,0.008349,0.979075,0.152710,0.098923,9.766667,-0.002472,-0.003027,0.011243,0.812197,0.489416,-1.213910,100298.0000
1764076356395973473,2025-11-25 18:42:36.393,0.750799,0.860015,355.453384,0.016346,0.009112,0.978957,0.212856,0.083574,9.820290,0.002066,-0.000956,-0.000610,0.811717,0.492717,-1.215880,100300.0000
1764076356495615066,2025-11-25 18:42:36.493,0.765181,0.854758,355.425384,0.016726,0.009930,0.978365,0.138923,0.115789,9.757402,0.002291,0.002267,0.006526,0.811701,0.490318,-1.216325,100304.0000
1764076356595976362,2025-11-25 18:42:36.593,0.774322,0.827107,355.408757,0.016646,0.011571,0.978157,0.170271,0.105384,9.802148,-0.000319,0.005377,-0.002319,0.813142,0.487489,-1.214858,100296.0000
1764076356695931177,2025-11-25 18:42:36.693,0.770779,0.787598,355.399320,0.015014,0.011576,0.978106,0.113398,0.133235,9.734941,0.003460,0.003817,0.008367,0.812686,0.491797,-1.214436,100302.0000
1764076356795872251,2025-11-25 18:42:36.793,0.758593,0.749155,355.389964,0.013354,0.010536,0.978854,0.147259,0.067981,9.841391,-0.005095,0.004414,-0.002706,0.814118,0.489415,-1.214420,100303.0000
1764076356896386399,2025-11-25 18:42:36.893,0.753540,0.740271,355.389737,0.011862,0.009390,0.978981,0.081157,0.137201,9.764143,0.000727,-0.001619,0.007534,0.813166,0.488496,-1.212466,100300.0000
1764076356995317010,2025-11-25 18:42:36.992,0.757831,0.765904,355.389134,0.011157,0.009463,0.978943,0.162430,0.069922,9.825382,0.002028,-0.011318,-0.002992,0.815081,0.488006,-1.213450,100296.0000
1764076357096307343,2025-11-25 18:42:37.093,0.769299,0.812652,355.392384,0.012943,0.009831,0.978408,0.137695,0.140151,9.749387,0.002169,-0.008010,0.000970,0.813630,0.486567,-1.213406,100291.0000
1764076357196440528,2025-11-25 18:42:37.193,0.777586,0.855819,355.405636,0.015089,0.011308,0.978201,0.199205,0.067136,9.812407,0.005927,-0.008158,-0.004811,0.813635,0.489880,-1.214902,100304.0000
1764076357296254602,2025-11-25 18:42:37.293,0.774489,0.879670,355.423756,0.016967,0.012396,0.977977,0.128718,0.173207,9.749790,-0.001227,-0.002684,-0.002266,0.813149,0.490335,-1.215865,100298.0000
1764076357395889732,2025-11-25 18:42:37.393,0.758459,0.871891,355.447663,0.017486,0.011753,0.978491,0.198473,0.054570,9.820259,-0.003066,0.001223,-0.008340,0.812677,0.489886,-1.214406,100292.0000
1764076357496125602,2025-11-25 18:42:37.493,0.741940,0.836180,355.473473,0.016478,0.010077,0.978980,0.112523,0.153370,9.758781,0.001361,0.009078,-0.003623,0.811223,0.490794,-1.216325,100295.0000
1764076357596887287,2025-11-25 18:42:37.593,0.732598,0.797394,355.504143,0.014691,0.008840,0.979207,0.169267,0.028883,9.814260,-0.003808,0.008808,-0.007766,0.810775,0.489938,-1.211489,100302.0000
1764076357695977547,2025-11-25 18:42:37.693,0.739037,0.774022,355.541458,0.012986,0.008815,0.978760,0.139285,0.096582,9.785081,0.009349,0.003327,-0.001109,0.813182,0.492307,-1.213006,100298.0000
1764076357795821009,2025-11-25 18:42:37.793,0.753196,0.772175,355.583677,0.012138,0.010494,0.978756,0.163672,0.027841,9.801677,0.005470,-0.000620,-0.010303,0.812205,0.491794,-1.214428,100301.0000
1764076357895552954,2025-11-25 18:42:37.892,0.761459,0.785582,355.627090,0.012663,0.011228,0.978063,0.098739,0.150056,9.759319,0.003716,-0.004572,-0.006777,0.809802,0.492261,-1.214400,100302.0000
1764076357995778676,2025-11-25 18:42:37.993,0.755447,0.803849,355.673525,0.014248,0.011332,0.977874,0.141103,0.049883,9.810394,-0.001387,-0.003096,-0.009499,0.810777,0.493241,-1.213466,100290.0000
1764076358096594009,2025-11-25 18:42:38.092,0.745535,0.818594,355.719444,0.015323,0.010486,0.978277,0.130651,0.158660,9.783097,-0.003397,-0.004152,-0.005428,0.807881,0.493675,-1.214875,100298.0000
1764076358196207231,2025-11-25 18:42:38.193,0.745162,0.819826,355.769232,0.015273,0.009548,0.978476,0.173635,-0.014178,9.806539,0.004534,0.002807,-0.010461,0.811237,0.493660,-1.216369,100304.0000
1764076358295387528,2025-11-25 18:42:38.293,0.750867,0.808973,355.819703,0.014385,0.009534,0.978863,0.067380,0.151430,9.735388,0.000605,0.003574,-0.012076,0.810777,0.493241,-1.213466,100297.0000
1764076358400203824,2025-11-25 18:42:38.393,0.758018,0.792615,355.875906,0.013787,0.009905,0.979177,0.131830,0.007254,9.811731,0.003630,0.000589,-0.010153,0.808861,0.495143,-1.213467,100301.0000
1764076358495531861,2025-11-25 18:42:38.493,0.761752,0.776778,355.933370,0.013135,0.011371,0.978847,0.101507,0.184163,9.774708,0.003522,0.000164,-0.007142,0.809820,0.495138,-1.213963,100298.0000
1764076358597206583,2025-11-25 18:42:38.593,0.765268,0.763233,355.982446,0.013469,0.011452,0.978607,0.192040,0.015293,9.812623,0.000961,0.003006,-0.010264,0.811255,0.494178,-1.214451,100304.0000
1764076358695948527,2025-11-25 18:42:38.693,0.761098,0.755760,356.030549,0.012622,0.010953,0.978329,0.096000,0.134885,9.767972,0.005418,0.001087,-0.003191,0.811264,0.496089,-1.214480,100302.0000
1764076358795639861,2025-11-25 18:42:38.793,0.752286,0.755307,356.073754,0.011695,0.010109,0.978065,0.128847,0.011834,9.807572,0.001130,-0.002652,-0.008617,0.806943,0.497035,-1.213949,100302.0000
1764076358895778805,2025-11-25 18:42:38.893,0.747133,0.762390,356.115427,0.011742,0.009932,0.978478,0.120488,0.136534,9.781406,0.002483,-0.007527,-0.003745,0.809345,0.499394,-1.215947,100302.0000
1764076358995920046,2025-11-25 18:42:38.993,0.749205,0.778027,356.153060,0.011956,0.009561,0.978535,0.163715,0.054870,9.837884,-0.001355,-0.004122,-0.011791,0.808395,0.498007,-1.213504,100302.0000
1764076359096229342,2025-11-25 18:42:39.093,0.753241,0.793958,356.182635,0.012233,0.009923,0.978500,0.096466,0.111119,9.782955,0.006084,-0.002276,0.001623,0.807416,0.497017,-1.214919,100293.0000
1764076359195725323,2025-11-25 18:42:39.193,0.752862,0.776827,356.189003,0.013505,0.009971,0.979271,0.268198,0.031362,9.836474,0.003733,0.002615,-0.004532,0.806458,0.499381,-1.215904,100296.0000
1764076359296074212,2025-11-25 18:42:39.293,0.748906,0.735548,356.174852,0.012117,0.010488,0.979039,0.106849,0.163118,9.791000,0.001087,0.008931,0.003787,0.806474,0.498009,-1.212994,100296.0000
1764076359395483379,2025-11-25 18:42:39.393,0.744208,0.696505,356.151958,0.009645,0.009931,0.979132,0.145596,-0.011305,9.867053,0.007035,0.004795,0.007414,0.809372,0.498053,-1.211593,100300.0000
1764076359495951249,2025-11-25 18:42:39.493,0.740485,0.678893,356.113480,0.008286,0.011133,0.978211,0.123658,0.308825,9.728629,-0.002273,0.000573,0.009139,0.806950,0.498468,-1.213971,100296.0000
1764076359595881416,2025-11-25 18:42:39.593,0.737112,0.693912,356.063740,0.008017,0.009671,0.978203,0.070260,0.083230,9.767047,0.001642,-0.001013,0.008701,0.810811,0.498516,-1.212584,100298.0000
1764076359696358323,2025-11-25 18:42:39.693,0.737907,0.730013,356.004846,0.009032,0.008903,0.977859,0.030949,0.195623,9.777177,0.003339,-0.009067,0.016182,0.810778,0.496544,-1.215443,100297.0000
1764076359795835693,2025-11-25 18:42:39.793,0.738718,0.778050,355.935925,0.011318,0.010176,0.977725,0.130169,0.066460,9.781106,0.000863,-0.006492,0.008203,0.808856,0.493243,-1.212957,100301.0000
1764076359895759064,2025-11-25 18:42:39.892,0.740338,0.822188,355.858676,0.013769,0.010406,0.977801,0.137001,0.060972,9.770248,0.004319,-0.007549,0.017052,0.808858,0.496078,-1.214445,100301.0000
1764076360001500564,2025-11-25 18:42:39.993,0.736072,0.848910,355.779071,0.015723,0.010729,0.979013,0.195642,0.026882,9.766453,0.002138,-0.005736,0.008898,0.809790,0.494588,-1.217325,100296.0000
1764076360096319804,2025-11-25 18:42:40.093,0.733046,0.853048,355.696244,0.015958,0.010311,0.979179,0.070956,0.214712,9.752090,0.003482,0.000092,0.019082,0.810774,0.494176,-1.214444,100290.0000
1764076360195550064,2025-11-25 18:42:40.193,0.732106,0.848562,355.628861,0.016066,0.010185,0.979452,0.188492,0.014279,9.827782,0.001693,-0.000041,0.005545,0.810280,0.495556,-1.216865,100300.0000
1764076360296030008,2025-11-25 18:42:40.293,0.731947,0.841771,355.568830,0.016372,0.010705,0.978916,0.148126,0.169861,9.759286,0.003631,0.003164,0.013787,0.812211,0.493695,-1.214939,100300.0000
1764076360396343749,2025-11-25 18:42:40.393,0.732156,0.831006,355.514830,0.016435,0.010774,0.978522,0.182839,0.045268,9.818180,0.000256,0.001281,0.007327,0.812218,0.491357,-1.212496,100297.0000
1764076360495967915,2025-11-25 18:42:40.493,0.723252,0.810374,355.462500,0.015336,0.010833,0.978108,0.091198,0.163730,9.750153,0.000988,0.002116,0.013651,0.813677,0.492817,-1.211576,100300.0000
1764076360596566952,2025-11-25 18:42:40.593,0.709127,0.790013,355.417517,0.014328,0.010141,0.978644,0.155114,0.039033,9.809119,0.002246,0.005222,0.006320,0.812215,0.493705,-1.214458,100296.0000
1764076360695978711,2025-11-25 18:42:40.693,0.701757,0.781721,355.377603,0.013530,0.009771,0.978493,0.111376,0.137669,9.760269,0.003557,-0.001522,0.010757,0.813165,0.488963,-1.212955,100296.0000
1764076360796193378,2025-11-25 18:42:40.793,0.704091,0.788461,355.345209,0.013695,0.009423,0.978812,0.188010,0.033116,9.823223,0.000293,-0.004120,0.001429,0.810734,0.489359,-1.216296,100296.0000
1764076360896118433,2025-11-25 18:42:40.893,0.717674,0.804196,355.319448,0.014093,0.009875,0.978227,0.121359,0.153131,9.748366,0.005457,-0.003654,0.008854,0.814127,0.488968,-1.212969,100296.0000
1764076361000150730,2025-11-25 18:42:40.993,0.730348,0.819628,355.300529,0.014621,0.010335,0.977957,0.194014,0.044813,9.807348,0.000572,-0.004820,0.002669,0.813142,0.488902,-1.215843,100296.0000
1764076361095819082,2025-11-25 18:42:41.093,0.734540,0.835405,355.288720,0.015286,0.010884,0.977827,0.111218,0.151604,9.751069,0.005477,-0.003725,0.004737,0.813149,0.488922,-1.214880,100301.0000
1764076361197168433,2025-11-25 18:42:41.193,0.728525,0.839060,355.276096,0.015715,0.011295,0.978644,0.191515,0.051499,9.816401,-0.005571,0.000635,-0.001280,0.813163,0.488485,-1.212947,100307.0000
1764076361295943415,2025-11-25 18:42:41.293,0.717427,0.835043,355.264141,0.015703,0.011008,0.978504,0.151347,0.142532,9.768881,-0.001464,-0.000305,0.004107,0.812674,0.489408,-1.214399,100296.0000
1764076361396426452,2025-11-25 18:42:41.393,0.696748,0.821519,355.260243,0.015128,0.010352,0.979275,0.165741,0.060234,9.824259,-0.003777,0.001570,-0.002937,0.814108,0.487504,-1.214391,100297.0000
1764076361495295378,2025-11-25 18:42:41.493,0.687215,0.807242,355.259924,0.014754,0.009461,0.978718,0.122165,0.144487,9.762613,0.005873,0.000492,0.002931,0.812674,0.489408,-1.214399,100297.0000
1764076361596353507,2025-11-25 18:42:41.593,0.687588,0.796690,355.269237,0.014220,0.009005,0.978510,0.176383,0.063641,9.815694,0.002956,0.000376,-0.004421,0.814619,0.491825,-1.213501,100295.0000
1764076361696296526,2025-11-25 18:42:41.693,0.701843,0.792899,355.280644,0.013745,0.009385,0.978471,0.106188,0.135857,9.769338,0.002901,-0.001264,0.001646,0.812195,0.488939,-1.213903,100305.0000
1764076361796259933,2025-11-25 18:42:41.793,0.710021,0.796471,355.291308,0.013888,0.010676,0.978544,0.152139,0.058933,9.802353,-0.002284,-0.000006,-0.005834,0.813635,0.487522,-1.213421,100296.0000
1764076361896044007,2025-11-25 18:42:41.893,0.716083,0.803115,355.291676,0.014399,0.011473,0.978789,0.110365,0.164952,9.763175,0.004332,-0.006550,0.000669,0.814609,0.489915,-1.213472,100296.0000
1764076361995586396,2025-11-25 18:42:41.993,0.711118,0.809351,355.296616,0.014672,0.011443,0.978679,0.196062,0.081685,9.821476,-0.001446,0.001193,-0.004982,0.812213,0.491815,-1.213466,100295.0000
1764076362095953655,2025-11-25 18:42:42.093,0.697327,0.811175,355.309610,0.014773,0.010545,0.978289,0.114672,0.155665,9.754388,0.004291,-0.000132,0.003863,0.810752,0.489877,-1.214378,100302.0000
1764076362195474359,2025-11-25 18:42:42.192,0.688069,0.812650,355.327703,0.014802,0.009426,0.978327,0.202238,0.033706,9.805511,0.001610,-0.000677,-0.006095,0.810747,0.490334,-1.215348,100300.0000
1764076362295302192,2025-11-25 18:42:42.292,0.684178,0.816034,355.346078,0.014545,0.009441,0.977995,0.116672,0.167653,9.778273,0.004610,-0.002162,0.000532,0.812681,0.492254,-1.215406,100297.0000
1764076362396313321,2025-11-25 18:42:42.393,0.690627,0.817965,355.366448,0.014647,0.009814,0.978583,0.163038,0.019657,9.813996,0.002471,-0.000639,-0.004220,0.812187,0.488918,-1.214866,100304.0000
1764076362496664062,2025-11-25 18:42:42.493,0.707157,0.821199,355.381643,0.014572,0.010808,0.978678,0.103895,0.199369,9.780774,0.007631,0.001274,-0.001751,0.812696,0.493707,-1.214465,100297.0000
1764076362595630618,2025-11-25 18:42:42.593,0.711386,0.814708,355.397884,0.014801,0.011250,0.979021,0.184937,0.027033,9.809656,-0.001459,0.003308,-0.003621,0.812201,0.489426,-1.213429,100296.0000
1764076362695967525,2025-11-25 18:42:42.693,0.697167,0.812581,355.414017,0.014066,0.011627,0.978671,0.127888,0.183427,9.775501,0.000063,0.000707,-0.000366,0.814143,0.493724,-1.214005,100300.0000
1764076362796013414,2025-11-25 18:42:42.793,0.677522,0.811029,355.432120,0.014323,0.010280,0.978402,0.146798,0.018965,9.779900,-0.005300,-0.000998,-0.004900,0.813641,0.491780,-1.215413,100298.0000
