Timestamp,Time,Error,Status_1,Status_2,Status_3,Status_4,V_alt_1,V_alt_2,V_alt_3,V_alt_4,V_rad_1,V_rad_2,V_rad_3,V_rad_4,WV_rad_1,WV_rad_2,WV_rad_3,WV_rad_4,WV_credit_1,WV_credit_2,WV_credit_3,WV_credit_4,V_inst_1,V_inst_2,V_inst_3,V_inst_4,V_earth_1,V_earth_2,V_earth_3,V_earth_4,WV_inst_1,WV_inst_2,WV_inst_3,WV_inst_4,WV_earth_1,WV_earth_2,WV_earth_3,WV_earth_4,Roll,Pitch,Yaw,Altitude,Temperature,Pressure,Salinity,Sound_Speed
1779273321419839589,2026-05-20 16:05:21.419,0X0000,1,1,1,1,0.9,0.9,0.9,0.8,7.1,9.1,-6.9,-5.5,0.0,0.0,0.0,0.0,0.0,0.0,0.0,0.0,0.018699999999999998,0.0195,0.001,0.001,-25.9,-7.7,-0.3,1.0,0.0,0.0,0.0,0.0,0.0,0.0,0.0,0.0,-2.56,1.29,150.3,0.8,35.0,65.882,35.0,1555.0
1779273321771125571,2026-05-20 16:05:21.770,0X0000,1,1,1,1,0.9,0.9,0.9,0.8,11.0,8.5,-7.8,-5.4,0.0,0.0,0.0,0.0,0.0,0.0,0.0,0.0,0.0251,0.018600000000000002,0.0017,0.001,-30.4,-7.2,0.5,1.0,0.0,0.0,0.0,0.0,0.0,0.0,0.0,0.0,-1.99,1.38,156.7,0.8,35.0,65.882,35.0,1555.0
1779273322124443663,2026-05-20 16:05:22.123,0X0000,1,1,1,1,0.9,0.9,0.9,0.8,11.4,13.2,-8.8,-7.4,0.0,0.0,0.0,0.0,0.0,0.0,0.0,0.0,0.027,0.0275,0.0022,0.001,-33.5,-19.3,0.4,1.0,0.0,0.0,0.0,0.0,0.0,0.0,0.0,0.0,-2.29,1.56,164.3,0.8,35.0,65.882,35.0,1555.0
1779273322477826496,!2026-05-20 16:05:22.477,0X0000,1,1,1,1,0.9,0.9,0.9,0.8,12.0,12.1,-5.2,-6.2,0.0,0.0,0.0,0.0,0.0,0.0,0.0,0.0,0.023,0.024399999999999998,0.0034,0.001,-26.5,-20.8,2.0,1.0,0.0,0.0,0.0,0.0,0.0,0.0,0.0,0.0,-1.86,1.47,171.4,0.8,35.0,65.882,35.0,1555.0
1779273322833160737,2026-05-20 16:05:22.832,0X0000,1,1,1,1,0.9,0.9,0.8,0.8,14.4,10.4,-19.4,-9.3,0.0,0.0,0.0,0.0,0.0,0.0,0.0,0.0,0.0451,0.0263,-0.0011,0.001,-45.2,-25.8,-3.2,1.0,0.0,0.0,0.0,0.0,0.0,0.0,0.0,0.0,-2.29,1.37,179.5,0.8,35.0,65.882,35.0,1555.0
1779273323189569940,2026-05-20 16:05:23.188,0X0000,1,1,1,1,0.9,0.9,0.8,0.9,13.7,11.5,-8.8,-12.3,0.0,0.0,0.0,0.0,0.0,0.0,0.0,0.0,0.03,0.0318,0.0011,0.001,-25.5,-35.5,-1.0,1.0,0.0,0.0,0.0,0.0,0.0,0.0,0.0,0.0,-2.46,1.35,187.7,0.8,35.0,65.882,35.0,1555.0
1779273323542294533,2026-05-20 16:05:23.541,0X0000,1,1,1,1,0.9,0.9,0.9,0.8,20.0,11.3,-12.6,-9.1,0.0,0.0,0.0,0.0,0.0,0.0,0.0,0.0,0.0435,0.0272,0.0026,0.001,-34.6,-38.0,0.5,1.0,0.0,0.0,0.0,0.0,0.0,0.0,0.0,0.0,-2.2,1.34,195.6,0.8,35.0,65.882,35.0,1555.0
1779273323896739273,2026-05-20 16:05:23.896,0X0000,1,1,1,1,0.9,0.9,0.8,0.8,19.8,13.7,-23.2,-9.7,0.0,0.0,0.0,0.0,0.0,0.0,0.0,0.0,0.0574,0.0312,0.0002,0.001,-39.9,-51.7,-2.4,1.0,0.0,0.0,0.0,0.0,0.0,0.0,0.0,0.0,-2.26,1.42,203.8,0.8,34.9,65.882,35.0,1555.0
1779273324252485014,2026-05-20 16:05:24.251,0X0000,1,1,1,1,0.9,0.9,0.9,0.9,21.4,14.1,-16.6,-9.1,0.0,0.0,0.0,0.0,0.0,0.0,0.0,0.0,0.0507,0.031,0.0026,0.001,-26.2,-53.4,-0.1,1.0,0.0,0.0,0.0,0.0,0.0,0.0,0.0,0.0,-2.48,1.56,212.3,0.9,35.0,65.882,35.0,1555.0
1779273324605904476,#2026-05-20 16:05:24.605,0X0000,1,1,1,1,0.9,0.9,0.9,0.8,23.5,16.7,-12.9,-7.6,0.0,0.0,0.0,0.0,0.0,0.0,0.0,0.0,0.048600000000000004,0.0324,0.0053,0.001,-16.4,-56.2,3.0,1.0,0.0,0.0,0.0,0.0,0.0,0.0,0.0,0.0,-2.04,1.31,220.0,0.8,35.0,65.882,35.0,1555.0
1779273324961797569,A2026-05-20 16:05:24.961,0X0000,1,1,1,1,0.9,0.9,0.9,0.9,23.2,11.7,-18.2,-8.8,0.0,0.0,0.0,0.0,0.0,0.0,0.0,0.0,0.055299999999999995,0.027399999999999997,0.0021000000000000003,0.001,-16.4,-59.5,-0.2,1.0,0.0,0.0,0.0,0.0,0.0,0.0,0.0,0.0,-2.37,1.24,228.2,0.9,34.9,65.882,35.0,1555.0
1779273325314847087,2026-05-20 16:05:25.314,0X0000,1,1,1,1,0.9,0.9,0.8,0.8,26.6,13.0,-21.7,-6.5,0.0,0.0,0.0,0.0,0.0,0.0,0.0,0.0,0.0645,0.026,0.003,0.001,-14.4,-68.1,0.5,1.0,0.0,0.0,0.0,0.0,0.0,0.0,0.0,0.0,-2.36,1.3,236.0,0.8,35.0,65.882,35.0,1555.0
1779273325668222217,2026-05-20 16:05:25.667,0X0000,1,1,1,1,0.9,0.9,0.9,0.9,28.1,13.3,-21.2,-6.4,0.0,0.0,0.0,0.0,0.0,0.0,0.0,0.0,0.0658,0.0263,0.0037,0.001,-5.4,-70.8,0.8,1.0,0.0,0.0,0.0,0.0,0.0,0.0,0.0,0.0,-2.31,1.6,243.8,0.9,35.0,65.882,35.0,1555.0
1779273326019555587,2026-05-20 16:05:26.019,0X0000,1,1,1,1,0.9,0.9,0.8,0.8,29.2,12.5,-25.0,-6.6,0.0,0.0,0.0,0.0,0.0,0.0,0.0,0.0,0.0723,0.0255,0.0027,0.001,0.6,-76.7,0.1,1.0,0.0,0.0,0.0,0.0,0.0,0.0,0.0,0.0,-2.01,1.33,251.0,0.8,35.0,65.882,35.0,1555.0
1779273326371102475,2026-05-20 16:05:26.370,0X0000,1,1,1,1,0.9,0.9,0.9,0.9,31.7,12.4,-24.6,-4.2,0.0,0.0,0.0,0.0,0.0,0.0,0.0,0.0,0.0751,0.0222,0.0040999999999999995,0.001,6.9,-78.1,1.5,1.0,0.0,0.0,0.0,0.0,0.0,0.0,0.0,0.0,-2.49,1.25,258.5,0.9,34.9,65.882,35.0,1555.0
1779273326724394568,2026-05-20 16:05:26.723,0X0000,1,1,1,1,0.9,0.9,0.8,0.9,32.5,16.0,-24.7,-8.7,0.0,0.0,0.0,0.0,0.0,0.0,0.0,0.0,0.07629999999999999,0.033,0.004,0.001,27.4,-78.6,0.9,1.0,0.0,0.0,0.0,0.0,0.0,0.0,0.0,0.0,-2.05,1.43,265.8,0.8,35.0,65.882,35.0,1555.0
1779273327077766345,!2026-05-20 16:05:27.077,0X0000,1,1,1,1,0.9,0.9,0.9,0.9,37.5,14.0,-31.5,-5.8,0.0,0.0,0.0,0.0,0.0,0.0,0.0,0.0,0.09209999999999999,0.0264,0.0038,0.001,31.8,-90.5,0.5,1.0,0.0,0.0,0.0,0.0,0.0,0.0,0.0,0.0,-2.01,1.48,273.3,0.9,35.0,65.882,35.0,1555.0
1779273327431390845,2026-05-20 16:05:27.430,0X0000,1,1,1,1,0.9,0.9,0.8,0.8,40.3,14.9,-30.3,-5.4,0.0,0.0,0.0,0.0,0.0,0.0,0.0,0.0,0.0942,0.027100000000000003,0.0052,0.001,43.8,-87.8,1.9,1.0,0.0,0.0,0.0,0.0,0.0,0.0,0.0,0.0,-1.97,1.47,280.4,0.8,35.0,65.882,35.0,1555.0
1779273327784372549,2026-05-20 16:05:27.783,0X0000,1,1,1,1,0.9,0.9,0.9,0.8,43.8,13.4,-34.4,-6.6,0.0,0.0,0.0,0.0,0.0,0.0,0.0,0.0,0.1044,0.026699999999999998,0.0044,0.001,56.5,-91.9,1.0,1.0,0.0,0.0,0.0,0.0,0.0,0.0,0.0,0.0,-2.58,1.23,287.2,0.8,35.0,65.882,35.0,1555.0
1779273328139771623,2026-05-20 16:05:28.139,0X0000,1,1,1,1,0.9,0.9,0.8,0.8,44.2,12.6,-49.1,-5.8,0.0,0.0,0.0,0.0,0.0,0.0,0.0,0.0,0.1245,0.0246,0.0005,0.001,74.6,-102.6,-4.1,1.0,0.0,0.0,0.0,0.0,0.0,0.0,0.0,0.0,-2.34,1.66,294.9,0.8,35.0,65.882,35.0,1555.0
1779273328493366808,2026-05-20 16:05:28.492,0X0000,1,1,1,1,0.9,0.9,0.9,0.8,56.4,15.5,-45.2,-5.6,0.0,0.0,0.0,0.0,0.0,0.0,0.0,0.0,0.1356,0.0282,0.0056,0.001,96.1,-99.9,0.8,1.0,0.0,0.0,0.0,0.0,0.0,0.0,0.0,0.0,-1.81,1.65,302.1,0.8,35.0,65.882,35.0,1555.0
1779273328846920344,2026-05-20 16:05:28.846,0X0000,1,1,1,1,0.9,0.9,0.9,0.8,31.0,11.0,-24.1,-7.4,0.0,0.0,0.0,0.0,0.0,0.0,0.0,0.0,0.0735,0.0246,0.0028,0.001,65.2,-42.0,-2.6,1.0,0.0,0.0,0.0,0.0,0.0,0.0,0.0,0.0,-2.24,3.43,308.7,0.8,35.0,65.882,35.0,1555.0
1779273329209053196,2026-05-20 16:05:29.208,0X0000,1,1,1,1,0.9,0.9,0.8,0.8,-121.7,-19.0,47.6,-32.8,0.0,0.0,0.0,0.0,0.0,0.0,0.0,0.0,-0.226,0.0184,-0.034,0.001,-145.2,177.4,0.7,1.0,0.0,0.0,0.0,0.0,0.0,0.0,0.0,0.0,-2.88,8.95,313.7,0.8,35.0,65.882,35.0,1555.0
1779273329573017122,72026-05-20 16:05:29.572,0X0000,1,1,1,1,0.9,0.9,0.8,0.9,-178.7,-25.5,105.2,-32.5,0.0,0.0,0.0,0.0,0.0,0.0,0.0,0.0,-0.37889999999999996,0.009300000000000001,-0.0355,0.001,-255.7,281.5,17.6,1.0,0.0,0.0,0.0,0.0,0.0,0.0,0.0,0.0,-2.2,8.06,313.6,0.8,35.0,65.882,35.0,1555.0
1779273329948750140,2026-05-20 16:05:29.948,0X0000,0,1,1,1,0.9,0.9,0.9,0.8,0.0,-31.6,-118.9,-34.9,89.0,0.0,0.0,0.0,1.0,0.0,0.0,0.0,0.2286,0.0044,-0.0359,0.001,152.3,-161.0,-66.8,1.0,0.0,0.0,0.0,0.0,0.0,0.0,0.0,0.0,-1.88,7.82,312.7,0.8,35.0,65.882,35.0,1555.0
1779273330287674306,2026-05-20 16:05:30.286,0X0000,1,1,1,1,0.9,0.9,0.8,0.9,-336.6,-97.2,270.3,-93.5,0.0,0.0,0.0,0.0,0.0,0.0,0.0,0.0,0.0,0.0,0.0,0.0,0.0,0.0,0.0,0.0,0.0,0.0,0.0,0.0,0.0,0.0,0.0,0.0,-2.11,5.55,308.5,0.8,35.0,65.882,35.0,1555.0
1779273330655977251,+2026-05-20 16:05:30.655,0X0000,1,1,1,1,0.9,0.9,0.8,0.8,-418.5,-145.4,309.9,-44.4,0.0,0.0,0.0,0.0,0.0,0.0,0.0,0.0,-0.9721000000000001,-0.1348,-0.0805,0.001,-706.7,685.7,-8.6,1.0,0.0,0.0,0.0,0.0,0.0,0.0,0.0,0.0,-2.22,3.92,307.9,0.8,35.0,65.882,35.0,1555.0
1779273331019949195,2026-05-20 16:05:31.019,0X0000,1,1,1,1,0.9,0.9,0.8,0.8,-432.3,-49.5,316.2,-42.9,0.0,0.0,0.0,0.0,0.0,0.0,0.0,0.0,-0.999,-0.0088,-0.0562,0.001,-600.2,800.6,-4.1,1.0,0.0,0.0,0.0,0.0,0.0,0.0,0.0,0.0,-2.06,2.97,306.3,0.8,34.9,65.882,35.0,1555.0
1779273331385388195,2026-05-20 16:05:31.384,0X0000,1,1,1,1,0.9,0.9,0.8,0.8,-441.2,-50.5,332.5,-75.8,0.0,0.0,0.0,0.0,0.0,0.0,0.0,0.0,-1.0326,0.0338,-0.0634,0.001,-580.3,857.1,-9.8,1.0,0.0,0.0,0.0,0.0,0.0,0.0,0.0,0.0,-2.27,3.05,305.9,0.8,35.0,65.882,35.0,1555.0
1779273331748878972,72026-05-20 16:05:31.748,0X0000,1,1,1,1,0.9,0.9,0.8,0.8,-401.7,-46.1,328.4,-36.3,0.0,0.0,0.0,0.0,0.0,0.0,0.0,0.0,-0.9743999999999999,-0.013099999999999999,-0.042,0.001,-572.1,790.0,-5.3,1.0,0.0,0.0,0.0,0.0,0.0,0.0,0.0,0.0,-2.03,2.13,305.1,0.8,35.0,65.882,35.0,1555.0
1779273332115298639,+2026-05-20 16:05:32.114,0X0000,1,1,1,1,0.9,0.9,0.8,0.8,-353.6,-136.5,318.3,-68.3,0.0,0.0,0.0,0.0,0.0,0.0,0.0,0.0,-0.8967,-0.091,-0.06470000000000001,0.001,-593.6,681.1,-13.8,1.0,0.0,0.0,0.0,0.0,0.0,0.0,0.0,0.0,-2.2,3.03,305.2,0.8,35.0,65.882,35.0,1555.0
1779273332479117083,2026-05-20 16:05:32.478,0X0000,1,1,1,1,0.9,0.9,0.8,0.8,-423.4,-59.1,327.5,-42.8,0.0,0.0,0.0,0.0,0.0,0.0,0.0,0.0,-1.0022,-0.0218,-0.053399999999999996,0.001,-590.2,812.0,-7.9,1.0,0.0,0.0,0.0,0.0,0.0,0.0,0.0,0.0,-2.32,2.55,304.7,0.8,35.0,65.882,35.0,1555.0
1779273332847384398,2026-05-20 16:05:32.846,0X0000,1,1,1,1,0.9,0.9,0.8,0.8,-433.3,-24.4,345.2,-237.6,0.0,0.0,0.0,0.0,0.0,0.0,0.0,0.0,-1.039,0.2845,-0.09440000000000001,0.001,-362.3,1017.4,-54.7,1.0,0.0,0.0,0.0,0.0,0.0,0.0,0.0,0.0,-2.48,2.86,304.7,0.8,34.9,65.882,35.0,1555.0
1779273333209259360,+2026-05-20 16:05:33.208,0X0000,1,1,1,1,0.8,0.9,0.8,0.8,-454.3,-40.7,316.4,-46.2,0.0,0.0,0.0,0.0,0.0,0.0,0.0,0.0,-1.0286,0.0073,-0.060700000000000004,0.001,-584.7,848.4,-8.8,1.0,0.0,0.0,0.0,0.0,0.0,0.0,0.0,0.0,-2.57,2.91,304.9,0.8,35.0,65.882,35.0,1555.0
1779273333568931786,'2026-05-20 16:05:33.568,0X0000,1,1,1,1,0.8,0.8,0.8,0.8,-395.9,-5.3,330.0,-62.2,0.0,0.0,0.0,0.0,0.0,0.0,0.0,0.0,-0.9688,0.07590000000000001,-0.036,0.001,-501.5,833.0,9.4,1.0,0.0,0.0,0.0,0.0,0.0,0.0,0.0,0.0,-2.45,2.88,305.5,0.8,34.9,65.882,35.0,1555.0
1779273333905160508,2026-05-20 16:05:33.904,0X0000,1,1,1,1,0.9,0.9,0.8,0.8,-129.8,-31.8,327.1,-77.8,0.0,0.0,0.0,0.0,0.0,0.0,0.0,0.0,0.0,0.0,0.0,0.0,0.0,0.0,0.0,0.0,0.0,0.0,0.0,0.0,0.0,0.0,0.0,0.0,-2.49,2.8,305.9,0.8,34.9,65.882,35.0,1555.0
1779273334266966711,72026-05-20 16:05:34.266,0X0000,1,1,1,1,0.8,0.8,0.8,0.8,-412.8,-47.3,326.6,-76.9,0.0,0.0,0.0,0.0,0.0,0.0,0.0,0.0,-0.9867999999999999,0.0395,-0.056799999999999996,0.001,-558.7,816.3,-8.0,1.0,0.0,0.0,0.0,0.0,0.0,0.0,0.0,0.0,-2.39,2.93,306.6,0.8,34.9,65.882,35.0,1555.0
1779273334630920137,82026-05-20 16:05:34.630,0X0000,1,1,1,1,0.8,0.8,0.8,0.8,-454.4,-31.2,336.2,-18.2,0.0,0.0,0.0,0.0,0.0,0.0,0.0,0.0,-1.0552000000000001,-0.0174,-0.045200000000000004,0.001,-655.6,828.1,16.0,1.0,0.0,0.0,0.0,0.0,0.0,0.0,0.0,0.0,-2.24,3.29,307.4,0.8,34.9,65.882,35.0,1555.0
1779273334992458007,2026-05-20 16:05:34.991,0X0000,1,1,1,1,0.8,0.8,0.8,0.8,-385.2,-55.0,373.3,99.9,0.0,0.0,0.0,0.0,0.0,0.0,0.0,0.0,-1.0123,-0.2067,0.0089,0.001,-779.0,675.4,67.7,1.0,0.0,0.0,0.0,0.0,0.0,0.0,0.0,0.0,-2.33,2.86,307.6,0.8,35.0,65.882,35.0,1555.0
1779273335360627415,2026-05-20 16:05:35.359,0X0000,1,1,1,1,0.9,0.8,0.8,0.8,-446.2,-149.2,314.7,-47.4,0.0,0.0,0.0,0.0,0.0,0.0,0.0,0.0,-1.0155,-0.1359,-0.0885,0.001,-739.9,713.8,-27.0,1.0,0.0,0.0,0.0,0.0,0.0,0.0,0.0,0.0,-2.41,3.14,308.3,0.8,34.9,65.882,35.0,1555.0
1779273335724403118,+2026-05-20 16:05:35.723,0X0000,1,1,1,1,0.8,0.8,0.8,0.9,-472.8,-68.5,312.4,-73.1,0.0,0.0,0.0,0.0,0.0,0.0,0.0,0.0,-1.048,0.0060999999999999995,-0.0815,0.001,-652.6,823.7,-26.8,1.0,0.0,0.0,0.0,0.0,0.0,0.0,0.0,0.0,-2.47,3.0,308.6,0.8,34.9,65.882,35.0,1555.0
1779273336088672784,+2026-05-20 16:05:36.087,0X0000,1,1,1,1,0.8,0.8,0.8,0.8,-419.4,-92.8,246.3,19.0,0.0,0.0,0.0,0.0,0.0,0.0,0.0,0.0,-0.8885,-0.1492,-0.06659999999999999,0.001,-680.8,593.6,-12.0,1.0,0.0,0.0,0.0,0.0,0.0,0.0,0.0,0.0,-2.45,3.11,309.3,0.8,34.9,65.882,35.0,1555.0
1779273336454375377,82026-05-20 16:05:36.453,0X0000,1,1,1,1,0.8,0.8,0.8,0.8,-435.3,-95.6,320.9,-73.3,0.0,0.0,0.0,0.0,0.0,0.0,0.0,0.0,-1.0092999999999999,-0.0298,-0.07640000000000001,0.001,-669.5,759.3,-25.7,1.0,0.0,0.0,0.0,0.0,0.0,0.0,0.0,0.0,-2.37,2.81,309.6,0.8,34.9,65.882,35.0,1555.0
1779273336818213062,*2026-05-20 16:05:36.817,0X0000,1,1,1,1,0.8,0.9,0.8,0.8,-356.7,-109.1,316.9,-51.1,0.0,0.0,0.0,0.0,0.0,0.0,0.0,0.0,-0.899,-0.07740000000000001,-0.054,0.001,-637.8,640.5,-4.0,1.0,0.0,0.0,0.0,0.0,0.0,0.0,0.0,0.0,-2.27,2.99,309.9,0.8,34.9,65.882,35.0,1555.0
1779273337182082765,2026-05-20 16:05:37.181,0X0000,1,1,1,1,0.8,0.8,0.8,0.8,-482.8,-40.0,316.5,22.5,0.0,0.0,0.0,0.0,0.0,0.0,0.0,0.0,-1.0668,-0.0834,-0.0496,0.001,-750.9,763.9,12.9,1.0,0.0,0.0,0.0,0.0,0.0,0.0,0.0,0.0,-2.39,3.17,310.0,0.8,34.9,65.882,35.0,1555.0
1779273337545406635,-2026-05-20 16:05:37.544,0X0000,1,1,1,1,0.8,0.8,0.8,0.8,-504.0,-38.6,341.8,-41.7,0.0,0.0,0.0,0.0,0.0,0.0,0.0,0.0,-1.1288,0.0040999999999999995,-0.0654,0.001,-721.7,870.5,-10.2,1.0,0.0,0.0,0.0,0.0,0.0,0.0,0.0,0.0,-2.22,2.81,309.8,0.8,34.9,65.882,35.0,1555.0
1779273337913065024,2026-05-20 16:05:37.912,0X0000,1,1,1,1,0.8,0.8,0.8,0.8,-452.2,-159.4,322.0,-33.3,0.0,0.0,0.0,0.0,0.0,0.0,0.0,0.0,-1.0332999999999999,-0.1683,-0.0871,0.001,-796.6,684.5,-25.2,1.0,0.0,0.0,0.0,0.0,0.0,0.0,0.0,0.0,-2.11,3.09,310.0,0.8,34.9,65.882,35.0,1555.0
1779273338274461691,)2026-05-20 16:05:38.273,0X0000,1,1,1,1,0.9,0.8,0.8,0.8,-389.8,-16.5,338.8,-41.4,0.0,0.0,0.0,0.0,0.0,0.0,0.0,0.0,-0.9723999999999999,0.0332,-0.0294,0.001,-598.4,767.4,22.6,1.0,0.0,0.0,0.0,0.0,0.0,0.0,0.0,0.0,-2.34,3.15,309.9,0.8,34.9,65.882,35.0,1555.0
1779273338638223042,2026-05-20 16:05:38.637,0X0000,1,1,1,1,0.9,0.9,0.8,0.8,-406.5,-86.6,313.1,-38.4,0.0,0.0,0.0,0.0,0.0,0.0,0.0,0.0,-0.9604,-0.0643,-0.0589,0.001,-665.0,698.3,-12.8,1.0,0.0,0.0,0.0,0.0,0.0,0.0,0.0,0.0,-2.19,2.6,309.7,0.8,34.9,65.882,35.0,1555.0
1779273339004135949,+2026-05-20 16:05:39.003,0X0000,1,1,1,1,0.8,0.9,0.8,0.8,-412.8,-142.9,311.2,-57.4,0.0,0.0,0.0,0.0,0.0,0.0,0.0,0.0,-0.9662999999999999,-0.1141,-0.0814,0.001,-713.2,666.6,-19.7,1.0,0.0,0.0,0.0,0.0,0.0,0.0,0.0,0.0,-2.4,3.37,310.1,0.8,34.9,65.882,35.0,1555.0
1779273339367881912,92026-05-20 16:05:39.367,0X0000,1,1,1,1,0.8,0.8,0.8,0.8,-424.1,-69.6,309.0,-44.5,0.0,0.0,0.0,0.0,0.0,0.0,0.0,0.0,-0.9783999999999999,-0.0335,-0.061799999999999994,0.001,-655.5,729.6,-12.9,1.0,0.0,0.0,0.0,0.0,0.0,0.0,0.0,0.0,-2.12,2.79,309.9,0.8,34.8,65.882,35.0,1555.0
1779273339731826542,2026-05-20 16:05:39.731,0X0000,1,1,1,1,0.8,0.8,0.8,0.8,-428.8,-59.9,295.0,-76.3,0.0,0.0,0.0,0.0,0.0,0.0,0.0,0.0,-0.966,0.0219,-0.0728,0.001,-609.8,752.8,-19.5,1.0,0.0,0.0,0.0,0.0,0.0,0.0,0.0,0.0,-2.37,3.21,310.2,0.8,34.9,65.882,35.0,1555.0
1779273340093087745,2026-05-20 16:05:40.092,0X0000,1,1,1,1,0.8,0.8,0.8,0.8,-400.3,-45.7,335.2,-42.8,0.0,0.0,0.0,0.0,0.0,0.0,0.0,0.0,-0.9816,-0.0039,-0.0414,0.001,-637.6,747.5,4.8,1.0,0.0,0.0,0.0,0.0,0.0,0.0,0.0,0.0,-2.29,2.69,310.2,0.8,34.9,65.882,35.0,1555.0
1779273340456957189,*2026-05-20 16:05:40.456,0X0000,1,1,1,1,0.8,0.8,0.8,0.8,-491.8,-63.0,309.1,-82.3,0.0,0.0,0.0,0.0,0.0,0.0,0.0,0.0,-1.0689000000000002,0.0258,-0.0885,0.001,-678.4,830.5,-35.5,1.0,0.0,0.0,0.0,0.0,0.0,0.0,0.0,0.0,-2.15,2.89,310.5,0.8,34.8,65.882,35.0,1555.0
1779273340820509133,)2026-05-20 16:05:40.819,0X0000,1,1,1,1,0.8,0.8,0.8,0.8,-472.8,-36.6,343.1,-97.3,0.0,0.0,0.0,0.0,0.0,0.0,0.0,0.0,-1.0889000000000002,0.081,-0.0711,0.001,-646.9,882.3,-22.0,1.0,0.0,0.0,0.0,0.0,0.0,0.0,0.0,0.0,-2.39,2.76,310.4,0.8,34.8,65.882,35.0,1555.0
1779273341183262559,2026-05-20 16:05:41.182,0X0000,1,1,1,1,0.8,0.8,0.8,0.8,-391.2,-43.4,331.8,-23.5,0.0,0.0,0.0,0.0,0.0,0.0,0.0,0.0,-0.9649,-0.026600000000000002,-0.0341,0.001,-651.1,713.3,16.6,1.0,0.0,0.0,0.0,0.0,0.0,0.0,0.0,0.0,-2.45,2.95,310.8,0.8,34.9,65.882,35.0,1555.0
1779273341548914077,-2026-05-20 16:05:41.548,0X0000,1,1,1,1,0.9,0.8,0.8,0.8,-399.4,-153.6,343.6,-63.1,0.0,0.0,0.0,0.0,0.0,0.0,0.0,0.0,-0.9916,-0.12079999999999999,-0.0735,0.001,-744.7,669.7,-15.4,1.0,0.0,0.0,0.0,0.0,0.0,0.0,0.0,0.0,-2.34,3.07,311.0,0.8,34.8,65.882,35.0,1555.0
1779273341912675614,2026-05-20 16:05:41.912,0X0000,1,1,1,1,0.8,0.8,0.8,0.8,-377.6,-38.3,379.1,-48.0,0.0,0.0,0.0,0.0,0.0,0.0,0.0,0.0,-1.0099,0.0129,-0.0229,0.001,-651.3,771.8,27.0,1.0,0.0,0.0,0.0,0.0,0.0,0.0,0.0,0.0,-1.97,2.86,310.9,0.8,34.8,65.882,35.0,1555.0
1779273342275692651,2026-05-20 16:05:42.275,0X0000,1,1,1,1,0.8,0.8,0.8,0.8,-433.3,-38.7,316.1,-25.8,0.0,0.0,0.0,0.0,0.0,0.0,0.0,0.0,-1.0002,-0.0172,-0.049,0.001,-670.5,743.9,10.5,1.0,0.0,0.0,0.0,0.0,0.0,0.0,0.0,0.0,-2.48,3.37,311.0,0.8,34.8,65.882,35.0,1555.0
1779273342637477484,82026-05-20 16:05:42.636,0X0000,1,1,1,1,0.8,0.8,0.8,0.8,-460.9,-57.0,332.6,-60.1,0.0,0.0,0.0,0.0,0.0,0.0,0.0,0.0,-1.059,0.0040999999999999995,-0.06620000000000001,0.001,-692.6,803.7,-9.8,1.0,0.0,0.0,0.0,0.0,0.0,0.0,0.0,0.0,-2.23,3.06,310.9,0.8,34.9,65.882,35.0,1555.0
1779273343000733447,2026-05-20 16:05:43.000,0X0000,1,1,1,1,0.8,0.8,0.8,0.8,-438.4,-36.4,317.7,-65.3,0.0,0.0,0.0,0.0,0.0,0.0,0.0,0.0,-1.0091,0.0386,-0.06,0.001,-633.5,788.7,-5.8,1.0,0.0,0.0,0.0,0.0,0.0,0.0,0.0,0.0,-2.07,3.16,310.9,0.8,34.8,65.882,35.0,1555.0
1779273343362939428,2026-05-20 16:05:43.362,0X0000,1,1,1,1,0.8,0.8,0.8,0.8,-414.8,-45.9,303.6,-41.1,0.0,0.0,0.0,0.0,0.0,0.0,0.0,0.0,-0.9588,-0.0064,-0.0535,0.001,-629.4,725.3,-4.2,1.0,0.0,0.0,0.0,0.0,0.0,0.0,0.0,0.0,-2.4,2.93,310.5,0.8,34.8,65.882,35.0,1555.0
1779273343725600002,2026-05-20 16:05:43.725,0X0000,1,1,1,1,0.8,0.8,0.8,0.8,-384.0,-61.3,310.7,-98.8,0.0,0.0,0.0,0.0,0.0,0.0,0.0,0.0,-0.9272,0.05,-0.0629,0.001,-567.9,737.2,-14.6,1.0,0.0,0.0,0.0,0.0,0.0,0.0,0.0,0.0,-2.33,3.11,310.6,0.8,34.8,65.882,35.0,1555.0
1779273344088353576,*2026-05-20 16:05:44.087,0X0000,1,1,1,1,0.8,0.8,0.8,0.8,-419.9,-27.1,329.3,-61.7,0.0,0.0,0.0,0.0,0.0,0.0,0.0,0.0,-0.9999,0.046200000000000005,-0.0484,0.001,-618.3,788.6,3.4,1.0,0.0,0.0,0.0,0.0,0.0,0.0,0.0,0.0,-2.17,3.07,310.7,0.8,34.8,65.882,35.0,1555.0
1779273344450584724,2026-05-20 16:05:44.450,0X0000,1,1,1,1,0.8,0.8,0.8,0.8,-474.5,-23.4,330.4,-71.3,0.0,0.0,0.0,0.0,0.0,0.0,0.0,0.0,-1.0742,0.0639,-0.0644,0.001,-646.9,862.3,-12.4,1.0,0.0,0.0,0.0,0.0,0.0,0.0,0.0,0.0,-2.27,2.91,310.2,0.8,34.8,65.882,35.0,1555.0
1779273344814288557,:2026-05-20 16:05:44.813,0X0000,1,1,1,1,0.8,0.8,0.8,0.8,-427.4,-78.7,237.9,-64.8,0.0,0.0,0.0,0.0,0.0,0.0,0.0,0.0,-0.8879,-0.018600000000000002,-0.08979999999999999,0.001,-588.1,670.1,-44.6,1.0,0.0,0.0,0.0,0.0,0.0,0.0,0.0,0.0,-2.42,2.86,309.9,0.8,34.8,65.882,35.0,1555.0
1779273345177994279,*2026-05-20 16:05:45.177,0X0000,1,1,1,1,0.8,0.8,0.7,0.7,-397.2,-75.3,341.9,-30.9,0.0,0.0,0.0,0.0,0.0,0.0,0.0,0.0,-0.9863999999999999,-0.0593,-0.0436,0.001,-682.9,715.5,11.6,1.0,0.0,0.0,0.0,0.0,0.0,0.0,0.0,0.0,-2.03,3.09,310.2,0.7,34.8,65.882,35.0,1555.0
1779273345513881760,2026-05-20 16:05:45.513,0X0000,1,1,1,1,0.8,0.8,0.7,0.7,-443.4,-75.9,113.5,-25.1,0.0,0.0,0.0,0.0,0.0,0.0,0.0,0.0,0.0,0.0,0.0,0.0,0.0,0.0,0.0,0.0,0.0,0.0,0.0,0.0,0.0,0.0,0.0,0.0,-2.48,3.07,309.8,0.7,34.8,65.882,35.0,1555.0
1779273345875507001,2026-05-20 16:05:45.874,0X0000,1,1,1,1,0.8,0.8,0.7,0.7,-477.7,-13.9,349.7,-45.2,0.0,0.0,0.0,0.0,0.0,0.0,0.0,0.0,-1.1043,0.0418,-0.0505,0.001,-680.6,872.1,8.1,1.0,0.0,0.0,0.0,0.0,0.0,0.0,0.0,0.0,-2.29,3.13,310.1,0.7,34.8,65.882,35.0,1555.0
1779273346237125723,(2026-05-20 16:05:46.236,0X0000,1,1,1,1,0.8,0.8,0.7,0.7,-402.2,-23.1,331.3,-68.6,0.0,0.0,0.0,0.0,0.0,0.0,0.0,0.0,-0.979,0.060700000000000004,-0.0439,0.001,-585.3,788.4,6.5,1.0,0.0,0.0,0.0,0.0,0.0,0.0,0.0,0.0,-2.2,3.09,310.1,0.7,34.8,65.882,35.0,1555.0
1779273346598498186,2026-05-20 16:05:46.597,0X0000,1,1,1,1,0.8,0.8,0.7,0.7,-396.7,-48.4,309.8,-66.4,0.0,0.0,0.0,0.0,0.0,0.0,0.0,0.0,-0.9429,0.024,-0.0544,0.001,-588.4,739.2,-5.6,1.0,0.0,0.0,0.0,0.0,0.0,0.0,0.0,0.0,-2.46,3.03,309.9,0.7,34.8,65.882,35.0,1555.0
1779273346960175871,2026-05-20 16:05:46.959,0X0000,1,1,1,1,0.7,0.7,0.7,0.7,-332.4,-47.9,323.7,-64.0,0.0,0.0,0.0,0.0,0.0,0.0,0.0,0.0,-0.8757,0.0215,-0.0325,0.001,-550.5,682.0,16.0,1.0,0.0,0.0,0.0,0.0,0.0,0.0,0.0,0.0,-2.15,3.23,310.3,0.7,34.8,65.882,35.0,1555.0
1779273347323790037,2026-05-20 16:05:47.323,0X0000,1,1,1,1,0.7,0.8,0.7,0.7,-433.5,-60.1,347.7,-45.9,0.0,0.0,0.0,0.0,0.0,0.0,0.0,0.0,-1.0426,-0.019,-0.0518,0.001,-684.9,788.1,-0.8,1.0,0.0,0.0,0.0,0.0,0.0,0.0,0.0,0.0,-2.29,2.76,309.9,0.7,34.8,65.882,35.0,1555.0
1779273347687513000,*2026-05-20 16:05:47.686,0X0000,1,1,1,1,0.7,0.8,0.7,0.7,-481.0,-43.0,338.6,-54.0,0.0,0.0,0.0,0.0,0.0,0.0,0.0,0.0,-1.0939,0.0147,-0.06459999999999999,0.001,-698.6,844.4,-1.6,1.0,0.0,0.0,0.0,0.0,0.0,0.0,0.0,0.0,-2.44,3.33,310.3,0.7,34.8,65.882,35.0,1555.0
1779273348048933611,62026-05-20 16:05:48.048,0X0000,1,1,1,1,0.7,0.7,0.7,0.7,-429.5,-39.8,319.6,-57.0,0.0,0.0,0.0,0.0,0.0,0.0,0.0,0.0,-0.9997999999999999,0.023,-0.055799999999999995,0.001,-629.6,778.9,-4.6,1.0,0.0,0.0,0.0,0.0,0.0,0.0,0.0,0.0,-2.41,2.99,310.2,0.7,34.8,65.882,35.0,1555.0
1779273348410462092,2026-05-20 16:05:48.409,0X0000,1,1,1,1,0.7,0.7,0.7,0.7,-447.1,-37.9,299.1,-38.4,0.0,0.0,0.0,0.0,0.0,0.0,0.0,0.0,-0.9959,0.0007,-0.0605,0.001,-647.0,759.4,-7.5,1.0,0.0,0.0,0.0,0.0,0.0,0.0,0.0,0.0,-2.24,3.05,310.4,0.7,34.8,65.882,35.0,1555.0
1779273348772916258,)2026-05-20 16:05:48.772,0X0000,1,1,1,1,0.7,0.7,0.7,0.7,-463.6,-64.4,348.7,-49.0,0.0,0.0,0.0,0.0,0.0,0.0,0.0,0.0,-1.0840999999999998,-0.0206,-0.0616,0.001,-723.1,810.4,1.4,1.0,0.0,0.0,0.0,0.0,0.0,0.0,0.0,0.0,-2.22,3.29,310.6,0.7,34.8,65.882,35.0,1555.0
1779273349136549240,+2026-05-20 16:05:49.135,0X0000,1,1,1,1,0.7,0.7,0.7,0.7,-445.3,-58.9,363.3,-23.8,0.0,0.0,0.0,0.0,0.0,0.0,0.0,0.0,-1.0792,-0.046799999999999994,-0.0444,0.001,-734.6,793.1,12.7,1.0,0.0,0.0,0.0,0.0,0.0,0.0,0.0,0.0,-2.2,2.94,310.3,0.7,34.8,65.882,35.0,1555.0
1779273349499465184,2026-05-20 16:05:49.498,0X0000,1,1,1,1,0.7,0.7,0.7,0.7,-432.8,-54.2,304.3,-50.2,0.0,0.0,0.0,0.0,0.0,0.0,0.0,0.0,-0.9838,-0.0053,-0.0628,0.001,-643.8,746.4,-12.3,1.0,0.0,0.0,0.0,0.0,0.0,0.0,0.0,0.0,-2.01,2.93,310.4,0.7,34.8,65.882,35.0,1555.0
1779273349858606795,'2026-05-20 16:05:49.858,0X0000,1,1,1,1,0.7,0.7,0.7,0.7,-388.6,-35.8,289.3,-39.2,0.0,0.0,0.0,0.0,0.0,0.0,0.0,0.0,-0.9047999999999999,0.0045,-0.047,0.001,-583.1,693.4,4.3,1.0,0.0,0.0,0.0,0.0,0.0,0.0,0.0,0.0,-2.27,3.26,310.3,0.7,34.8,65.882,35.0,1555.0
1779273350220087313,2026-05-20 16:05:50.219,0X0000,1,1,1,1,0.7,0.7,0.6,0.6,-377.7,-78.8,352.8,-52.7,0.0,0.0,0.0,0.0,0.0,0.0,0.0,0.0,-0.975,-0.0348,-0.0422,0.001,-655.6,723.7,9.8,1.0,0.0,0.0,0.0,0.0,0.0,0.0,0.0,0.0,-2.22,2.98,310.1,0.6,34.8,65.882,35.0,1555.0
1779273350584971887,*2026-05-20 16:05:50.584,0X0000,1,1,1,1,0.6,0.6,0.6,0.6,-448.9,-104.8,340.8,-32.1,0.0,0.0,0.0,0.0,0.0,0.0,0.0,0.0,-1.054,-0.097,-0.06609999999999999,0.001,-757.9,741.8,-3.0,1.0,0.0,0.0,0.0,0.0,0.0,0.0,0.0,0.0,-2.17,3.23,310.3,0.6,34.8,65.882,35.0,1555.0
1779273350947293979,2026-05-20 16:05:50.946,0X0000,1,1,1,1,0.7,0.7,0.6,0.6,-413.1,-65.8,346.7,-57.4,0.0,0.0,0.0,0.0,0.0,0.0,0.0,0.0,-1.0141,-0.0112,-0.0511,0.001,-659.2,772.4,-0.1,1.0,0.0,0.0,0.0,0.0,0.0,0.0,0.0,0.0,-2.25,2.86,309.8,0.6,34.8,65.882,35.0,1555.0
1779273351312055831,-2026-05-20 16:05:51.311,0X0000,1,1,1,1,0.6,0.7,0.6,0.6,-463.1,-95.3,309.1,-50.2,0.0,0.0,0.0,0.0,0.0,0.0,0.0,0.0,-1.0306,-0.060200000000000004,-0.0808,0.001,-709.4,754.0,-24.7,1.0,0.0,0.0,0.0,0.0,0.0,0.0,0.0,0.0,-2.38,2.98,309.8,0.6,34.8,65.882,35.0,1555.0
1779273351671985164,+2026-05-20 16:05:51.671,0X0000,1,1,1,1,0.6,0.6,0.6,0.6,-446.7,-43.3,338.1,-38.9,0.0,0.0,0.0,0.0,0.0,0.0,0.0,0.0,-1.0474,-0.005900000000000001,-0.0515,0.001,-675.0,802.6,3.7,1.0,0.0,0.0,0.0,0.0,0.0,0.0,0.0,0.0,-2.16,3.01,309.7,0.6,34.8,65.882,35.0,1555.0
1779273352036437164,2026-05-20 16:05:52.035,0X0000,1,1,1,1,0.6,0.6,0.6,0.6,-444.2,-76.5,322.1,-43.3,0.0,0.0,0.0,0.0,0.0,0.0,0.0,0.0,-1.0227,-0.0443,-0.06520000000000001,0.001,-685.6,762.8,-11.6,1.0,0.0,0.0,0.0,0.0,0.0,0.0,0.0,0.0,-2.15,2.91,309.4,0.6,34.8,65.882,35.0,1555.0
1779273352396335182,)2026-05-20 16:05:52.395,0X0000,1,1,1,1,0.6,0.6,0.6,0.6,-365.4,-58.0,350.4,-53.0,0.0,0.0,0.0,0.0,0.0,0.0,0.0,0.0,-0.9552999999999999,-0.0067,-0.034,0.001,-608.2,737.3,19.8,1.0,0.0,0.0,0.0,0.0,0.0,0.0,0.0,0.0,-2.46,3.21,309.1,0.6,34.8,65.882,35.0,1555.0
1779273352760919293,2026-05-20 16:05:52.760,0X0000,1,1,1,1,0.6,0.6,0.6,0.6,-386.2,-150.4,338.2,-72.4,0.0,0.0,0.0,0.0,0.0,0.0,0.0,0.0,-0.9668,-0.1041,-0.073,0.001,-694.5,684.4,-17.8,1.0,0.0,0.0,0.0,0.0,0.0,0.0,0.0,0.0,-2.14,3.04,309.2,0.6,34.8,65.882,35.0,1555.0
1779273353122993867,F2026-05-20 16:05:53.122,0X0000,1,1,1,1,0.6,0.6,0.6,0.5,-441.5,-86.9,353.9,-56.5,0.0,0.0,0.0,0.0,0.0,0.0,0.0,0.0,-1.0615999999999999,-0.040600000000000004,-0.062299999999999994,0.001,-703.2,798.8,-8.8,1.0,0.0,0.0,0.0,0.0,0.0,0.0,0.0,0.0,-2.11,2.81,309.1,0.5,34.8,65.882,35.0,1555.0
1779273353483345181,2026-05-20 16:05:53.482,0X0000,1,1,1,1,0.6,0.6,0.6,0.6,-443.7,-51.0,325.3,-47.8,0.0,0.0,0.0,0.0,0.0,0.0,0.0,0.0,-1.0263,-0.0043,-0.0586,0.001,-655.4,792.0,0.4,1.0,0.0,0.0,0.0,0.0,0.0,0.0,0.0,0.0,-2.46,3.28,309.3,0.6,34.8,65.882,35.0,1555.0
1779273353843207237,72026-05-20 16:05:53.842,0X0000,1,1,1,1,0.6,0.6,0.6,0.6,-400.9,-38.6,355.3,-43.0,0.0,0.0,0.0,0.0,0.0,0.0,0.0,0.0,-1.0092999999999999,0.005900000000000001,-0.0343,0.001,-635.3,784.9,16.3,1.0,0.0,0.0,0.0,0.0,0.0,0.0,0.0,0.0,-2.23,2.89,309.3,0.6,34.8,65.882,35.0,1555.0
1779273354207335940,2026-05-20 16:05:54.206,0X0000,1,1,1,1,0.7,0.6,0.6,0.6,-458.1,-76.4,329.1,-67.4,0.0,0.0,0.0,0.0,0.0,0.0,0.0,0.0,-1.0506,-0.012,-0.0736,0.001,-677.5,806.1,-23.1,1.0,0.0,0.0,0.0,0.0,0.0,0.0,0.0,0.0,-2.12,2.73,309.3,0.6,34.8,65.882,35.0,1555.0
1779273354569887125,+2026-05-20 16:05:54.569,0X0000,1,1,1,1,0.6,0.6,0.6,0.6,-462.8,-50.0,347.8,-70.0,0.0,0.0,0.0,0.0,0.0,0.0,0.0,0.0,-1.0819,0.026699999999999998,-0.0634,0.001,-671.2,851.3,-5.0,1.0,0.0,0.0,0.0,0.0,0.0,0.0,0.0,0.0,-2.03,3.14,309.6,0.6,34.9,65.882,35.0,1555.0
1779273354930085736,72026-05-20 16:05:54.929,0X0000,1,1,1,1,0.6,0.6,0.6,0.6,-400.1,-61.1,333.0,-81.9,0.0,0.0,0.0,0.0,0.0,0.0,0.0,0.0,-0.9783999999999999,0.027800000000000002,-0.0567,0.001,-601.6,774.2,-5.4,1.0,0.0,0.0,0.0,0.0,0.0,0.0,0.0,0.0,-2.44,3.07,309.4,0.6,34.9,65.882,35.0,1555.0
1779273355292906088,2026-05-20 16:05:55.292,0X0000,1,1,1,1,0.7,0.6,0.6,0.6,-445.3,-67.7,326.7,-24.3,0.0,0.0,0.0,0.0,0.0,0.0,0.0,0.0,-1.0303,-0.0579,-0.056799999999999996,0.001,-699.2,761.0,-0.5,1.0,0.0,0.0,0.0,0.0,0.0,0.0,0.0,0.0,-2.47,2.99,309.3,0.6,34.9,65.882,35.0,1555.0
1779273355656125032,+2026-05-20 16:05:55.655,0X0000,1,1,1,1,0.7,0.7,0.6,0.6,-426.0,-48.4,325.7,-76.8,0.0,0.0,0.0,0.0,0.0,0.0,0.0,0.0,-1.0032,0.037899999999999996,-0.0608,0.001,-612.5,797.7,-7.6,1.0,0.0,0.0,0.0,0.0,0.0,0.0,0.0,0.0,-2.47,3.13,309.6,0.6,34.9,65.882,35.0,1555.0
1779273356016550161,72026-05-20 16:05:56.015,0X0000,1,1,1,1,0.7,0.7,0.6,0.7,-437.7,-56.9,350.2,-63.9,0.0,0.0,0.0,0.0,0.0,0.0,0.0,0.0,-1.0515999999999999,0.009300000000000001,-0.0562,0.001,-663.6,817.7,-9.6,1.0,0.0,0.0,0.0,0.0,0.0,0.0,0.0,0.0,-2.22,2.56,309.5,0.6,34.9,65.882,35.0,1555.0
1779273356379501550,+2026-05-20 16:05:56.378,0X0000,1,1,1,1,0.7,0.7,0.7,0.7,-469.2,-37.8,344.0,-61.9,0.0,0.0,0.0,0.0,0.0,0.0,0.0,0.0,-1.0853,0.0322,-0.060700000000000004,0.001,-674.9,852.6,-0.9,1.0,0.0,0.0,0.0,0.0,0.0,0.0,0.0,0.0,-2.34,3.23,310.0,0.7,34.9,65.882,35.0,1555.0
1779273356742222957,2026-05-20 16:05:56.741,0X0000,1,1,1,1,0.7,0.7,0.7,0.7,-468.5,-65.0,327.7,-66.2,0.0,0.0,0.0,0.0,0.0,0.0,0.0,0.0,-1.0626,0.0016,-0.0734,0.001,-687.3,813.4,-15.6,1.0,0.0,0.0,0.0,0.0,0.0,0.0,0.0,0.0,-2.15,3.12,310.2,0.7,34.9,65.882,35.0,1555.0
1779273357107500309,2026-05-20 16:05:57.106,0X0000,1,1,1,1,0.7,0.7,0.7,0.7,-453.4,-76.1,318.6,-40.4,0.0,0.0,0.0,0.0,0.0,0.0,0.0,0.0,-1.0303,-0.0476,-0.0678,0.001,-706.4,754.5,-12.9,1.0,0.0,0.0,0.0,0.0,0.0,0.0,0.0,0.0,-2.01,2.96,310.4,0.7,34.9,65.882,35.0,1555.0
1779273357468397920,)2026-05-20 16:05:57.467,0X0000,1,1,1,1,0.7,0.7,0.7,0.7,-430.0,1.7,325.9,-39.1,0.0,0.0,0.0,0.0,0.0,0.0,0.0,0.0,-1.0089,0.0545,-0.038200000000000005,0.001,-614.5,802.8,14.9,1.0,0.0,0.0,0.0,0.0,0.0,0.0,0.0,0.0,-2.29,3.14,310.5,0.7,34.9,65.882,35.0,1555.0
1779273357832208105,2026-05-20 16:05:57.831,0X0000,1,1,1,1,0.8,0.7,0.7,0.7,-445.9,-72.4,321.9,-38.1,0.0,0.0,0.0,0.0,0.0,0.0,0.0,0.0,-1.0247,-0.0458,-0.0633,0.001,-705.2,747.5,-5.4,1.0,0.0,0.0,0.0,0.0,0.0,0.0,0.0,0.0,-2.34,3.13,310.7,0.7,34.9,65.882,35.0,1555.0
1779273358193947123,2026-05-20 16:05:58.193,0X0000,1,1,1,1,0.8,0.8,0.7,0.7,-408.3,-69.2,328.8,-63.3,0.0,0.0,0.0,0.0,0.0,0.0,0.0,0.0,-0.9838,-0.0079,-0.0572,0.001,-646.9,743.4,-5.3,1.0,0.0,0.0,0.0,0.0,0.0,0.0,0.0,0.0,-2.38,3.0,310.5,0.7,34.8,65.882,35.0,1555.0
1779273358558083067,2026-05-20 16:05:58.557,0X0000,1,1,1,1,0.8,0.8,0.7,0.7,-435.7,-76.8,348.5,-64.0,0.0,0.0,0.0,0.0,0.0,0.0,0.0,0.0,-1.0466,-0.0171,-0.0615,0.001,-698.9,781.7,-3.1,1.0,0.0,0.0,0.0,0.0,0.0,0.0,0.0,0.0,-2.2,3.16,310.8,0.7,34.8,65.882,35.0,1555.0
1779273358921708512,+2026-05-20 16:05:58.921,0X0000,1,1,1,1,0.8,0.8,0.7,0.8,-381.9,-96.1,335.0,-58.4,0.0,0.0,0.0,0.0,0.0,0.0,0.0,0.0,-0.9568,-0.0503,-0.054299999999999994,0.001,-662.6,694.2,-3.1,1.0,0.0,0.0,0.0,0.0,0.0,0.0,0.0,0.0,-2.3,2.95,310.6,0.7,34.9,65.882,35.0,1555.0
1779273359287122956,82026-05-20 16:05:59.285,0X0000,1,1,1,1,0.8,0.8,0.8,0.8,-433.8,-47.1,276.3,-71.7,0.0,0.0,0.0,0.0,0.0,0.0,0.0,0.0,-0.9477000000000001,0.032799999999999996,-0.0745,0.001,-596.3,740.6,-25.3,1.0,0.0,0.0,0.0,0.0,0.0,0.0,0.0,0.0,-2.32,3.05,310.7,0.8,34.9,65.882,35.0,1555.0
1779273359649699807,)2026-05-20 16:05:59.649,0X0000,1,1,1,1,0.8,0.8,0.8,0.8,-444.1,-73.6,343.7,-61.9,0.0,0.0,0.0,0.0,0.0,0.0,0.0,0.0,-1.0514000000000001,-0.0156,-0.0636,0.001,-702.5,785.0,-1.0,1.0,0.0,0.0,0.0,0.0,0.0,0.0,0.0,0.0,-2.6,3.37,310.9,0.8,34.9,65.882,35.0,1555.0
1779273360013541511,62026-05-20 16:06:00.012,0X0000,1,1,1,1,0.8,0.8,0.8,0.8,-437.0,-57.1,269.0,-68.3,0.0,0.0,0.0,0.0,0.0,0.0,0.0,0.0,-0.9422999999999999,0.0149,-0.07909999999999999,0.001,-607.9,723.9,-29.6,1.0,0.0,0.0,0.0,0.0,0.0,0.0,0.0,0.0,-2.2,3.04,310.8,0.8,34.9,65.882,35.0,1555.0
1779273360377334659,2026-05-20 16:06:00.376,0X0000,1,1,1,1,0.8,0.8,0.8,0.8,-461.9,-73.6,331.1,-53.0,0.0,0.0,0.0,0.0,0.0,0.0,0.0,0.0,-1.0584,-0.0275,-0.0694,0.001,-716.4,782.6,-6.7,1.0,0.0,0.0,0.0,0.0,0.0,0.0,0.0,0.0,-2.37,3.33,310.9,0.8,34.9,65.882,35.0,1555.0
1779273360739291973,*2026-05-20 16:06:00.738,0X0000,1,1,1,1,0.8,0.8,0.8,0.8,-466.2,-47.2,363.3,-50.8,0.0,0.0,0.0,0.0,0.0,0.0,0.0,0.0,-1.1071,0.0048,-0.054200000000000005,0.001,-721.3,841.6,6.3,1.0,0.0,0.0,0.0,0.0,0.0,0.0,0.0,0.0,-2.14,3.14,310.8,0.8,34.9,65.882,35.0,1555.0
1779273361105238529,2026-05-20 16:06:01.104,0X0000,1,1,1,1,0.8,0.8,0.8,0.8,-424.7,-59.8,364.3,-159.7,0.0,0.0,0.0,0.0,0.0,0.0,0.0,0.0,-1.053,0.1333,-0.0755,0.001,-590.3,885.0,-24.7,1.0,0.0,0.0,0.0,0.0,0.0,0.0,0.0,0.0,-2.18,3.04,310.8,0.8,34.9,65.882,35.0,1555.0
1779273361468912566,*2026-05-20 16:06:01.468,0X0000,1,1,1,1,0.8,0.8,0.8,0.8,-391.3,-117.6,337.0,-46.1,0.0,0.0,0.0,0.0,0.0,0.0,0.0,0.0,-0.972,-0.09540000000000001,-0.0588,0.001,-707.0,676.4,-6.0,1.0,0.0,0.0,0.0,0.0,0.0,0.0,0.0,0.0,-2.3,2.89,310.6,0.8,34.9,65.882,35.0,1555.0
1779273361831949436,2026-05-20 16:06:01.831,0X0000,1,1,1,1,0.8,0.8,0.8,0.8,-439.8,-52.6,334.0,-69.8,0.0,0.0,0.0,0.0,0.0,0.0,0.0,0.0,-1.0327,0.023,-0.0616,0.001,-661.0,796.2,-8.8,1.0,0.0,0.0,0.0,0.0,0.0,0.0,0.0,0.0,-2.13,2.98,310.9,0.8,34.9,65.882,35.0,1555.0
1779273362195782436,+2026-05-20 16:06:02.195,0X0000,1,1,1,1,0.8,0.8,0.8,0.8,-439.3,-69.0,299.6,-40.8,0.0,0.0,0.0,0.0,0.0,0.0,0.0,0.0,-0.9862000000000001,-0.0376,-0.0673,0.001,-678.0,720.2,-14.5,1.0,0.0,0.0,0.0,0.0,0.0,0.0,0.0,0.0,-2.23,2.98,311.0,0.8,34.9,65.882,35.0,1555.0
1779273362559773380,2026-05-20 16:06:02.559,0X0000,1,1,1,1,0.8,0.8,0.8,0.8,-431.2,-53.1,318.2,-59.8,0.0,0.0,0.0,0.0,0.0,0.0,0.0,0.0,-1.0002,0.0089,-0.060899999999999996,0.001,-652.9,760.1,-12.7,1.0,0.0,0.0,0.0,0.0,0.0,0.0,0.0,0.0,-2.04,2.78,311.1,0.8,34.9,65.882,35.0,1555.0
1779273362924621843,2026-05-20 16:06:02.924,0X0000,1,1,1,1,0.8,0.8,0.8,0.8,-489.6,-57.8,379.2,-100.5,0.0,0.0,0.0,0.0,0.0,0.0,0.0,0.0,-1.1595,0.057,-0.0725,0.001,-722.0,912.0,-13.5,1.0,0.0,0.0,0.0,0.0,0.0,0.0,0.0,0.0,-2.12,3.02,311.1,0.8,34.9,65.882,35.0,1555.0
1779273363288308898,2026-05-20 16:06:03.287,0X0000,1,1,1,1,0.8,0.8,0.8,0.8,-446.7,168.2,329.1,-60.6,0.0,0.0,0.0,0.0,0.0,0.0,0.0,0.0,-1.0354,0.3054,-0.0027,0.001,-447.6,981.5,40.3,1.0,0.0,0.0,0.0,0.0,0.0,0.0,0.0,0.0,-2.04,2.99,311.0,0.8,34.9,65.882,35.0,1555.0
1779273363652118620,2026-05-20 16:06:03.651,0X0000,1,1,1,1,0.8,0.8,0.8,0.8,-425.6,-60.0,327.7,-55.9,0.0,0.0,0.0,0.0,0.0,0.0,0.0,0.0,-1.0054,-0.0055,-0.0577,0.001,-657.8,762.5,-10.7,1.0,0.0,0.0,0.0,0.0,0.0,0.0,0.0,0.0,-2.27,2.67,310.4,0.8,34.9,65.882,35.0,1555.0
1779273364015803490,2026-05-20 16:06:04.015,0X0000,1,1,1,1,0.8,0.8,0.8,0.8,-444.8,-47.9,318.5,-42.8,0.0,0.0,0.0,0.0,0.0,0.0,0.0,0.0,-1.0187,-0.0068,-0.0585,0.001,-667.3,772.0,-0.1,1.0,0.0,0.0,0.0,0.0,0.0,0.0,0.0,0.0,-2.16,3.27,310.4,0.8,34.9,65.882,35.0,1555.0
1779273364378497619,2026-05-20 16:06:04.377,0X0000,1,1,1,1,0.8,0.8,0.8,0.8,-439.7,-35.8,359.6,-96.5,0.0,0.0,0.0,0.0,0.0,0.0,0.0,0.0,-1.0668,0.081,-0.0573,0.001,-621.2,873.0,-7.0,1.0,0.0,0.0,0.0,0.0,0.0,0.0,0.0,0.0,-2.35,2.88,309.7,0.8,34.9,65.882,35.0,1555.0
1779273364741256934,2026-05-20 16:06:04.740,0X0000,1,1,1,1,0.9,0.8,0.8,0.8,-432.0,-30.3,327.9,-5.0,0.0,0.0,0.0,0.0,0.0,0.0,0.0,0.0,-1.0142,-0.0338,-0.0376,0.001,-674.4,758.9,19.2,1.0,0.0,0.0,0.0,0.0,0.0,0.0,0.0,0.0,-2.2,3.14,309.7,0.8,34.9,65.882,35.0,1555.0
1779273365105515212,2026-05-20 16:06:05.104,0X0000,1,1,1,1,0.9,0.8,0.8,0.8,-525.7,-48.1,337.2,-59.8,0.0,0.0,0.0,0.0,0.0,0.0,0.0,0.0,-1.1517,0.0156,-0.08,0.001,-719.1,903.1,-26.5,1.0,0.0,0.0,0.0,0.0,0.0,0.0,0.0,0.0,-2.22,2.69,309.2,0.8,34.9,65.882,35.0,1555.0
1779273365467625600,'2026-05-20 16:06:05.467,0X0000,1,1,1,1,0.9,0.8,0.8,0.8,-411.1,-58.7,344.7,-67.6,0.0,0.0,0.0,0.0,0.0,0.0,0.0,0.0,-1.0087000000000002,0.0119,-0.052,0.001,-634.0,786.4,6.1,1.0,0.0,0.0,0.0,0.0,0.0,0.0,0.0,0.0,-2.27,3.33,309.5,0.8,34.9,65.882,35.0,1555.0
1779273365829575711,*2026-05-20 16:06:05.828,0X0000,1,1,1,1,0.9,0.8,0.8,0.8,-432.2,-21.3,311.1,-61.7,0.0,0.0,0.0,0.0,0.0,0.0,0.0,0.0,-0.992,0.053899999999999997,-0.0551,0.001,-587.1,803.4,-4.8,1.0,0.0,0.0,0.0,0.0,0.0,0.0,0.0,0.0,-2.28,3.03,309.2,0.8,34.9,65.882,35.0,1555.0
1779273366193561304,2026-05-20 16:06:06.192,0X0000,1,1,1,1,0.9,0.8,0.8,0.8,-440.5,-45.5,323.9,-34.6,0.0,0.0,0.0,0.0,0.0,0.0,0.0,0.0,-1.0202,-0.0145,-0.0531,0.001,-649.6,788.5,-7.4,1.0,0.0,0.0,0.0,0.0,0.0,0.0,0.0,0.0,-2.58,2.53,308.6,0.8,34.9,65.882,35.0,1555.0
1779273366556314340,2026-05-20 16:06:06.555,0X0000,1,1,1,1,0.9,0.9,0.8,0.8,-458.7,-57.2,342.0,-28.0,0.0,0.0,0.0,0.0,0.0,0.0,0.0,0.0,-1.0686,-0.039,-0.0544,0.001,-703.0,807.5,1.6,1.0,0.0,0.0,0.0,0.0,0.0,0.0,0.0,0.0,-2.5,2.91,308.9,0.8,34.9,65.882,35.0,1555.0
1779273366922186248,+2026-05-20 16:06:06.921,0X0000,1,1,1,1,0.9,0.9,0.8,0.8,-459.0,-74.8,325.4,-57.4,0.0,0.0,0.0,0.0,0.0,0.0,0.0,0.0,-1.0469000000000002,-0.0232,-0.0717,0.001,-678.1,800.8,-18.9,1.0,0.0,0.0,0.0,0.0,0.0,0.0,0.0,0.0,-2.26,2.84,308.9,0.8,34.9,65.882,35.0,1555.0
1779273367284196303,2026-05-20 16:06:07.283,0X0000,1,1,1,1,0.9,0.9,0.8,0.9,-401.8,-53.7,334.8,-35.2,0.0,0.0,0.0,0.0,0.0,0.0,0.0,0.0,-0.9831,-0.0247,-0.042,0.001,-638.9,748.8,9.6,1.0,0.0,0.0,0.0,0.0,0.0,0.0,0.0,0.0,-2.0,2.96,309.0,0.8,34.9,65.882,35.0,1555.0
1779273367650254784,+2026-05-20 16:06:07.649,0X0000,1,1,1,1,0.9,0.9,0.8,0.8,-452.8,-80.4,307.9,-43.5,0.0,0.0,0.0,0.0,0.0,0.0,0.0,0.0,-1.0152999999999999,-0.0492,-0.0725,0.001,-676.1,762.2,-21.0,1.0,0.0,0.0,0.0,0.0,0.0,0.0,0.0,0.0,-2.41,2.79,308.7,0.8,34.9,65.882,35.0,1555.0
1779273368013913117,2026-05-20 16:06:08.013,0X0000,1,1,1,1,0.8,0.9,0.8,0.8,-407.5,-82.2,341.5,-69.9,0.0,0.0,0.0,0.0,0.0,0.0,0.0,0.0,-0.9996,-0.016399999999999998,-0.0588,0.001,-645.1,766.0,-5.2,1.0,0.0,0.0,0.0,0.0,0.0,0.0,0.0,0.0,-2.08,3.04,309.1,0.8,34.9,65.882,35.0,1555.0
1779273368378096747,2026-05-20 16:06:08.377,0X0000,1,1,1,1,0.9,0.9,0.8,0.8,-488.0,-30.2,341.0,-74.7,0.0,0.0,0.0,0.0,0.0,0.0,0.0,0.0,-1.1064,0.0594,-0.068,0.001,-655.6,895.7,-15.0,1.0,0.0,0.0,0.0,0.0,0.0,0.0,0.0,0.0,-1.99,2.85,309.2,0.8,34.9,65.882,35.0,1555.0
1779273368741011469,92026-05-20 16:06:08.740,0X0000,1,1,1,1,0.8,0.9,0.8,0.8,-444.1,-48.2,333.3,-38.2,0.0,0.0,0.0,0.0,0.0,0.0,0.0,0.0,-1.0375,-0.013300000000000001,-0.053200000000000004,0.001,-667.6,796.1,4.5,1.0,0.0,0.0,0.0,0.0,0.0,0.0,0.0,0.0,-2.32,3.16,309.2,0.8,34.9,65.882,35.0,1555.0
1779273369105217468,2026-05-20 16:06:09.104,0X0000,1,1,1,1,0.8,0.8,0.8,0.8,-437.3,-41.4,328.5,-65.1,0.0,0.0,0.0,0.0,0.0,0.0,0.0,0.0,-1.0221,0.0316,-0.0581,0.001,-623.5,812.6,-2.3,1.0,0.0,0.0,0.0,0.0,0.0,0.0,0.0,0.0,-2.4,3.2,309.2,0.8,34.9,65.882,35.0,1555.0
1779273369466451931,2026-05-20 16:06:09.465,0X0000,1,1,1,1,0.9,0.8,0.8,0.8,-423.9,-35.1,343.2,-42.2,0.0,0.0,0.0,0.0,0.0,0.0,0.0,0.0,-1.0238,0.0095,-0.0426,0.001,-640.7,799.7,11.5,1.0,0.0,0.0,0.0,0.0,0.0,0.0,0.0,0.0,-2.19,3.05,309.2,0.8,35.0,65.882,35.0,1555.0
1779273369828282505,2026-05-20 16:06:09.827,0X0000,1,1,1,1,0.8,0.8,0.8,0.8,-437.0,-49.8,328.4,-52.8,0.0,0.0,0.0,0.0,0.0,0.0,0.0,0.0,-1.0215,0.004,-0.057,0.001,-645.7,793.6,0.4,1.0,0.0,0.0,0.0,0.0,0.0,0.0,0.0,0.0,-2.12,3.23,309.3,0.8,34.9,65.882,35.0,1555.0
1779273370190648209,*2026-05-20 16:06:10.189,0X0000,1,1,1,1,0.8,0.8,0.8,0.8,-438.1,-46.1,330.8,-51.6,0.0,0.0,0.0,0.0,0.0,0.0,0.0,0.0,-1.0262,0.0073,-0.055299999999999995,0.001,-641.9,802.6,3.2,1.0,0.0,0.0,0.0,0.0,0.0,0.0,0.0,0.0,-2.51,3.28,309.0,0.8,34.9,65.882,35.0,1555.0
1779273370552438875,2026-05-20 16:06:10.551,0X0000,1,1,1,1,0.8,0.8,0.8,0.8,-429.0,-62.5,300.7,-67.2,0.0,0.0,0.0,0.0,0.0,0.0,0.0,0.0,-0.9739,0.0063,-0.0696,0.001,-613.5,759.5,-13.7,1.0,0.0,0.0,0.0,0.0,0.0,0.0,0.0,0.0,-2.36,3.3,309.2,0.8,35.0,65.882,35.0,1555.0
1779273370918356208,92026-05-20 16:06:10.917,0X0000,1,1,1,1,0.9,0.8,0.8,0.8,-470.0,-78.3,339.9,-38.1,0.0,0.0,0.0,0.0,0.0,0.0,0.0,0.0,-1.0809000000000002,-0.053700000000000005,-0.0665,0.001,-724.3,806.8,-14.3,1.0,0.0,0.0,0.0,0.0,0.0,0.0,0.0,0.0,-2.15,2.66,309.0,0.8,34.9,65.882,35.0,1555.0
1779273371282418615,2026-05-20 16:06:11.281,0X0000,1,1,1,1,0.9,0.8,0.8,0.8,-455.4,-56.8,310.5,-55.8,0.0,0.0,0.0,0.0,0.0,0.0,0.0,0.0,-1.0222,-0.0013,-0.0694,0.001,-653.9,788.7,-7.0,1.0,0.0,0.0,0.0,0.0,0.0,0.0,0.0,0.0,-2.49,3.49,309.5,0.8,34.9,65.882,35.0,1555.0
1779273371644326504,*2026-05-20 16:06:11.643,0X0000,1,1,1,1,0.9,0.8,0.8,0.8,-408.3,-85.1,332.0,-19.7,0.0,0.0,0.0,0.0,0.0,0.0,0.0,0.0,-0.988,-0.0873,-0.048799999999999996,0.001,-691.2,713.2,1.2,1.0,0.0,0.0,0.0,0.0,0.0,0.0,0.0,0.0,-2.41,2.69,309.0,0.8,35.0,65.882,35.0,1555.0
1779273372008131707,82026-05-20 16:06:12.007,0X0000,1,1,1,1,0.9,0.9,0.8,0.8,-376.8,-63.3,319.5,-122.2,0.0,0.0,0.0,0.0,0.0,0.0,0.0,0.0,-0.9292999999999999,0.07859999999999999,-0.0655,0.001,-534.5,766.9,-18.1,1.0,0.0,0.0,0.0,0.0,0.0,0.0,0.0,0.0,-2.25,3.11,309.6,0.8,35.0,65.882,35.0,1555.0
1779273372365443707,52026-05-20 16:06:12.364,0X0000,1,1,1,1,0.9,0.9,0.8,0.9,-432.6,-53.3,312.8,0.0,0.0,0.0,0.0,0.0,0.0,0.0,0.0,0.0,-0.9947999999999999,-0.0711,-0.046700000000000005,0.001,-685.2,726.3,2.9,1.0,0.0,0.0,0.0,0.0,0.0,0.0,0.0,0.0,-2.41,2.69,309.2,0.8,35.0,65.882,35.0,1555.0
1779273372727388726,2026-05-20 16:06:12.726,0X0000,1,1,1,1,1.0,0.9,0.9,0.9,-455.8,-18.4,332.8,-52.2,0.0,0.0,0.0,0.0,0.0,0.0,0.0,0.0,-1.0525,0.0451,-0.0522,0.001,-643.4,835.7,5.7,1.0,0.0,0.0,0.0,0.0,0.0,0.0,0.0,0.0,-2.06,3.24,310.0,0.9,35.0,65.882,35.0,1555.0
1779273373091676281,2026-05-20 16:06:13.091,0X0000,1,1,1,1,1.0,0.9,0.9,0.9,-402.5,-54.6,326.9,78.4,0.0,0.0,0.0,0.0,0.0,0.0,0.0,0.0,-0.9735,-0.1775,-0.014,0.001,-757.5,635.4,42.1,1.0,0.0,0.0,0.0,0.0,0.0,0.0,0.0,0.0,-2.04,2.94,309.7,0.9,35.0,65.882,35.0,1555.0
1779273373458512281,2026-05-20 16:06:13.457,0X0000,1,1,1,1,1.0,1.0,0.9,0.9,-458.6,-87.1,294.6,-221.4,0.0,0.0,0.0,0.0,0.0,0.0,0.0,0.0,-1.0052,0.1792,-0.1274,0.001,-509.6,890.1,-82.2,1.0,0.0,0.0,0.0,0.0,0.0,0.0,0.0,0.0,-2.47,3.01,309.6,0.9,35.0,65.882,35.0,1555.0
1779273373820453818,*2026-05-20 16:06:13.819,0X0000,1,1,1,1,1.0,1.0,0.9,0.9,-463.9,-59.9,374.6,-82.9,0.0,0.0,0.0,0.0,0.0,0.0,0.0,0.0,-1.1191,0.030699999999999998,-0.0626,0.001,-696.3,878.9,2.0,1.0,0.0,0.0,0.0,0.0,0.0,0.0,0.0,0.0,-2.31,3.37,309.9,0.9,35.0,65.882,35.0,1555.0
1779273374187408984,82026-05-20 16:06:14.186,0X0000,1,1,1,1,1.0,1.0,0.9,0.9,-394.5,-156.7,324.8,-56.4,0.0,0.0,0.0,0.0,0.0,0.0,0.0,0.0,-0.96,-0.13390000000000002,-0.07629999999999999,0.001,-715.8,657.6,-24.3,1.0,0.0,0.0,0.0,0.0,0.0,0.0,0.0,0.0,-2.22,2.79,309.4,0.9,35.0,65.882,35.0,1555.0
1779273374554870391,92026-05-20 16:06:14.554,0X0000,1,1,1,1,1.0,1.0,1.0,1.0,-408.1,-196.2,341.8,-34.6,0.0,0.0,0.0,0.0,0.0,0.0,0.0,0.0,-1.0008,-0.21569999999999998,-0.08020000000000001,0.001,-808.2,633.2,-16.2,1.0,0.0,0.0,0.0,0.0,0.0,0.0,0.0,0.0,-2.13,3.2,309.7,1.0,35.0,65.882,35.0,1555.0
1779273374917385687,72026-05-20 16:06:14.916,0X0000,1,1,1,1,1.0,1.0,1.0,1.0,-430.1,-36.2,330.6,-75.8,0.0,0.0,0.0,0.0,0.0,0.0,0.0,0.0,-1.0152999999999999,0.052899999999999996,-0.0571,0.001,-606.9,817.5,-9.6,1.0,0.0,0.0,0.0,0.0,0.0,0.0,0.0,0.0,-2.09,2.79,309.5,1.0,35.0,65.882,35.0,1555.0
1779273375279082428,+2026-05-20 16:06:15.278,0X0000,1,1,1,1,1.0,1.0,1.0,1.0,-335.2,-73.0,319.9,-57.2,0.0,0.0,0.0,0.0,0.0,0.0,0.0,0.0,-0.8743,-0.0211,-0.039299999999999995,0.001,-573.3,661.4,9.3,1.0,0.0,0.0,0.0,0.0,0.0,0.0,0.0,0.0,-2.37,3.13,309.5,1.0,35.0,65.882,35.0,1555.0
1779273375642565094,2026-05-20 16:06:15.642,0X0000,1,1,1,1,1.1,1.0,1.0,1.0,-438.2,-60.5,347.0,-54.9,0.0,0.0,0.0,0.0,0.0,0.0,0.0,0.0,-1.048,-0.0075,-0.0557,0.001,-675.5,803.2,-0.9,1.0,0.0,0.0,0.0,0.0,0.0,0.0,0.0,0.0,-2.08,2.98,309.6,1.0,35.1,65.882,35.0,1555.0
1779273376006588372,2026-05-20 16:06:16.005,0X0000,1,1,1,1,1.1,1.0,1.0,1.0,-450.1,-74.1,337.2,-47.2,0.0,0.0,0.0,0.0,0.0,0.0,0.0,0.0,-1.0508,-0.0359,-0.0632,0.001,-699.6,787.3,-6.3,1.0,0.0,0.0,0.0,0.0,0.0,0.0,0.0,0.0,-2.17,3.03,309.6,1.0,35.0,65.882,35.0,1555.0
1779273376370079575,E2026-05-20 16:06:16.369,0X0000,1,1,1,1,1.0,1.1,1.0,1.0,-489.0,-79.7,333.8,-96.6,0.0,0.0,0.0,0.0,0.0,0.0,0.0,0.0,-1.0980999999999999,0.022600000000000002,-0.08940000000000001,0.001,-685.0,862.7,-29.3,1.0,0.0,0.0,0.0,0.0,0.0,0.0,0.0,0.0,-2.34,3.18,309.5,1.0,35.1,65.882,35.0,1555.0
1779273376735860816,2026-05-20 16:06:16.735,0X0000,1,1,1,1,1.0,1.1,1.0,1.0,-401.0,-48.4,328.1,-32.3,0.0,0.0,0.0,0.0,0.0,0.0,0.0,0.0,-0.9731000000000001,-0.0215,-0.0414,0.001,-623.8,747.1,-43.0,1.0,0.0,0.0,0.0,0.0,0.0,0.0,0.0,0.0,-2.21,-0.15,308.5,1.0,35.1,65.882,35.0,1555.0
1779273377093193241,2026-05-20 16:06:17.092,0X0000,1,1,1,1,1.0,1.1,1.0,1.0,-338.5,3.3,318.3,0.3,0.0,0.0,0.0,0.0,0.0,0.0,0.0,0.0,-0.8766,0.004,-0.0045,0.001,-550.1,681.0,-46.3,1.0,0.0,0.0,0.0,0.0,0.0,0.0,0.0,0.0,-3.23,-2.72,309.1,1.0,35.1,65.882,35.0,1555.0
1779273377429062464,2026-05-20 16:06:17.428,0X0000,1,1,1,1,1.0,1.1,1.0,1.0,-183.2,23.4,217.1,22.5,0.0,0.0,0.0,0.0,0.0,0.0,0.0,0.0,0.0,0.0,0.0,0.0,0.0,0.0,0.0,0.0,0.0,0.0,0.0,0.0,0.0,0.0,0.0,0.0,-3.91,-3.35,312.9,1.0,35.1,65.882,35.0,1555.0
1779273377787145945,2026-05-20 16:06:17.786,0X0000,1,1,1,1,1.0,1.1,1.0,1.0,-126.8,4.0,132.5,7.6,0.0,0.0,0.0,0.0,0.0,0.0,0.0,0.0,-0.3461,-0.0048,0.0047,0.001,-258.9,229.8,-7.5,1.0,0.0,0.0,0.0,0.0,0.0,0.0,0.0,0.0,-3.16,-2.07,317.6,1.0,35.1,65.882,35.0,1555.0
1779273378143154222,2026-05-20 16:06:18.142,0X0000,1,1,1,1,1.1,1.1,1.0,1.0,-83.4,-3.4,60.9,-1.3,0.0,0.0,0.0,0.0,0.0,0.0,0.0,0.0,-0.1926,-0.0028,-0.0073,0.001,-159.0,108.8,-7.7,1.0,0.0,0.0,0.0,0.0,0.0,0.0,0.0,0.0,-2.15,-0.14,324.7,1.0,35.1,65.882,35.0,1555.0
1779273378498298148,2026-05-20 16:06:18.497,0X0000,1,1,1,1,1.1,1.1,1.0,1.0,-60.4,11.3,78.6,-14.9,0.0,0.0,0.0,0.0,0.0,0.0,0.0,0.0,-0.1855,0.035,0.0039,0.001,-147.4,117.9,7.1,1.0,0.0,0.0,0.0,0.0,0.0,0.0,0.0,0.0,-2.32,1.42,332.1,1.0,35.1,65.882,35.0,1555.0
1779273378857663685,)2026-05-20 16:06:18.856,0X0000,1,1,1,1,1.1,1.1,1.0,1.0,-56.5,27.5,72.9,-59.0,0.0,0.0,0.0,0.0,0.0,0.0,0.0,0.0,-0.1727,0.1154,-0.0040999999999999995,0.001,-122.1,168.0,-5.5,1.0,0.0,0.0,0.0,0.0,0.0,0.0,0.0,0.0,-2.29,1.08,339.7,1.0,35.1,65.882,35.0,1555.0
1779273379224857444,62026-05-20 16:06:19.224,0X0000,1,0,1,1,1.1,0.0,1.0,1.0,-71.0,0.0,55.4,-28.1,0.0,123.0,0.0,0.0,0.0,1.0,0.0,0.0,-0.1687,0.054200000000000005,-0.008400000000000001,0.001,-153.8,88.2,-6.9,1.0,0.0,0.0,0.0,0.0,0.0,0.0,0.0,0.0,-1.74,1.08,347.9,1.0,35.1,65.882,35.0,1555.0
1779273379592241259,$2026-05-20 16:06:19.591,0X0000,1,0,1,1,1.1,0.0,1.0,1.0,-51.6,0.0,56.3,-33.2,0.0,-587.0,0.0,0.0,0.0,1.0,0.0,0.0,-0.144,0.09490000000000001,0.0025,0.001,-135.2,107.2,1.9,1.0,0.0,0.0,0.0,0.0,0.0,0.0,0.0,0.0,-2.3,1.3,355.0,1.0,35.2,65.882,35.0,1555.0
1779273379947276129,!2026-05-20 16:06:19.946,0X0000,1,1,1,1,1.1,1.1,1.0,1.0,-38.5,29.6,41.6,-29.2,0.0,0.0,0.0,0.0,0.0,0.0,0.0,0.0,-0.10690000000000001,0.0785,0.0009,0.001,-110.5,73.4,0.3,1.0,0.0,0.0,0.0,0.0,0.0,0.0,0.0,0.0,-2.08,1.2,2.7,1.0,35.2,65.882,35.0,1555.0
1779273380316625795,&2026-05-20 16:06:20.315,0X0000,1,0,1,1,1.1,0.0,1.0,1.0,-45.5,0.0,37.2,-35.0,0.0,-274.0,0.0,0.0,0.0,1.0,0.0,0.0,-0.11040000000000001,0.0823,-0.0045,0.001,-122.2,63.4,-5.9,1.0,0.0,0.0,0.0,0.0,0.0,0.0,0.0,0.0,-2.66,1.26,9.2,1.0,35.2,65.882,35.0,1555.0
1779273380683559202,%2026-05-20 16:06:20.682,0X0000,1,0,1,1,1.1,0.0,1.0,1.0,-32.5,0.0,39.6,-21.7,0.0,-521.0,0.0,0.0,0.0,1.0,0.0,0.0,-0.09620000000000001,0.0674,0.0038,0.001,-111.4,37.3,2.9,1.0,0.0,0.0,0.0,0.0,0.0,0.0,0.0,0.0,-2.69,1.35,16.6,1.0,35.2,65.882,35.0,1555.0
1779273381052331332,&2026-05-20 16:06:21.051,0X0000,1,0,1,1,1.1,0.3,1.0,1.0,-30.2,0.0,27.4,-29.4,0.0,434.0,0.0,0.0,0.0,1.0,0.0,0.0,-0.07690000000000001,0.0747,-0.0015,0.001,-100.0,38.8,-2.1,1.0,0.0,0.0,0.0,0.0,0.0,0.0,0.0,0.0,-2.58,2.04,22.9,1.0,35.2,65.882,35.0,1555.0
1779273381409767387,2026-05-20 16:06:21.409,0X0000,1,1,1,1,1.1,1.1,1.0,1.0,-75.7,7.9,72.0,-30.8,0.0,0.0,0.0,0.0,0.0,0.0,0.0,0.0,-0.1971,0.0517,-0.0072,0.001,-199.3,-41.9,9.8,1.0,0.0,0.0,0.0,0.0,0.0,0.0,0.0,0.0,-2.89,5.71,26.6,1.0,35.2,65.882,35.0,1555.0
1779273381771088054,)2026-05-20 16:06:21.770,0X0000,1,1,1,1,1.1,1.1,1.0,1.0,-158.3,-13.8,93.4,-40.2,0.0,0.0,0.0,0.0,0.0,0.0,0.0,0.0,-0.3359,0.0352,-0.032100000000000004,0.001,-313.9,-128.4,8.2,1.0,0.0,0.0,0.0,0.0,0.0,0.0,0.0,0.0,-3.03,7.17,28.1,1.0,35.2,65.882,35.0,1555.0
1779273382121302035,2026-05-20 16:06:22.120,0X0000,0,1,1,1,1.1,1.1,1.0,1.0,0.0,-27.4,168.0,-48.7,-69.0,0.0,0.0,0.0,1.0,0.0,0.0,0.0,0.0,0.0,0.0,0.0,0.0,0.0,0.0,0.0,0.0,0.0,0.0,0.0,0.0,0.0,0.0,0.0,-2.92,7.59,28.8,1.0,35.2,65.882,35.0,1555.0
1779273382489202905,;2026-05-20 16:06:22.488,0X0000,1,1,1,1,0.1,0.1,1.0,1.0,229.9,-1875.4,136.3,-86.0,0.0,0.0,0.0,0.0,0.0,0.0,0.0,0.0,0.12490000000000001,-2.3882,-0.43010000000000004,0.001,1242.6,-2063.3,-320.4,1.0,0.0,0.0,0.0,0.0,0.0,0.0,0.0,0.0,-2.93,7.76,29.3,0.1,35.2,65.882,35.0,1555.0
1779273382837585349,2026-05-20 16:06:22.837,0X0000,1,1,0,1,1.1,1.1,0.0,1.0,-365.8,-52.1,0.0,-56.1,0.0,0.0,-166.0,0.0,0.0,0.0,1.0,0.0,0.0,0.0,0.0,0.0,0.0,0.0,0.0,0.0,0.0,0.0,0.0,0.0,0.0,0.0,0.0,0.0,-2.22,4.35,30.8,1.0,35.2,65.882,35.0,1555.0
1779273383201967108,*2026-05-20 16:06:23.201,0X0000,1,1,1,1,1.1,1.1,1.0,1.0,-412.3,-57.6,267.7,-64.5,0.0,0.0,0.0,0.0,0.0,0.0,0.0,0.0,-0.9076000000000001,0.0092,-0.0719,0.001,-789.7,-452.8,-18.7,1.0,0.0,0.0,0.0,0.0,0.0,0.0,0.0,0.0,-2.27,3.38,30.3,1.0,35.2,65.882,35.0,1555.0
1779273383565296238,2026-05-20 16:06:23.564,0X0000,1,1,1,1,1.1,1.1,1.0,1.0,-394.4,-60.8,324.8,-64.7,0.0,0.0,0.0,0.0,0.0,0.0,0.0,0.0,-0.9599,0.0052,-0.0526,0.001,-829.5,-485.7,-6.1,1.0,0.0,0.0,0.0,0.0,0.0,0.0,0.0,0.0,-2.08,2.79,30.6,1.0,35.2,65.882,35.0,1555.0
1779273383927029849,2026-05-20 16:06:23.926,0X0000,1,1,1,1,1.1,1.1,1.0,1.0,-389.9,-53.0,313.5,-49.4,0.0,0.0,0.0,0.0,0.0,0.0,0.0,0.0,-0.9388,-0.0048,-0.0482,0.001,-810.3,-476.6,-8.0,1.0,0.0,0.0,0.0,0.0,0.0,0.0,0.0,0.0,-2.55,2.44,30.1,1.0,35.2,65.882,35.0,1555.0
1779273384290902626,2026-05-20 16:06:24.290,0X0000,1,1,1,1,1.0,1.0,1.0,1.0,-444.3,-55.5,306.3,-35.4,0.0,0.0,0.0,0.0,0.0,0.0,0.0,0.0,-1.0018,-0.0268,-0.061700000000000005,0.001,-858.8,-520.2,-4.8,1.0,0.0,0.0,0.0,0.0,0.0,0.0,0.0,0.0,-2.35,3.19,29.6,1.0,35.2,65.882,35.0,1555.0
1779273384654886256,82026-05-20 16:06:24.654,0X0000,1,1,1,1,1.0,1.1,1.0,1.0,-418.4,-58.2,394.5,-33.2,0.0,0.0,0.0,0.0,0.0,0.0,0.0,0.0,-1.0849000000000002,-0.0334,-0.031100000000000003,0.001,-924.0,-569.9,22.6,1.0,0.0,0.0,0.0,0.0,0.0,0.0,0.0,0.0,-2.34,2.77,29.9,1.0,35.2,65.882,35.0,1555.0
1779273385018598496,2026-05-20 16:06:25.018,0X0000,1,1,1,1,1.1,1.0,1.0,1.0,-441.0,-47.9,290.0,-44.7,0.0,0.0,0.0,0.0,0.0,0.0,0.0,0.0,-0.9756,-0.0043,-0.06570000000000001,0.001,-841.8,-496.9,-25.2,1.0,0.0,0.0,0.0,0.0,0.0,0.0,0.0,0.0,-2.18,2.37,30.2,1.0,35.2,65.882,35.0,1555.0
1779273385380197218,2026-05-20 16:06:25.379,0X0000,1,1,1,1,1.1,1.1,1.0,1.0,-377.4,-55.5,282.0,-55.1,0.0,0.0,0.0,0.0,0.0,0.0,0.0,0.0,-0.8801,-0.0005,-0.0555,0.001,-765.2,-438.4,-7.0,1.0,0.0,0.0,0.0,0.0,0.0,0.0,0.0,0.0,-2.2,3.16,29.7,1.0,35.2,65.882,35.0,1555.0
1779273385739466014,*2026-05-20 16:06:25.738,0X0000,1,1,1,1,1.0,1.0,1.0,1.0,-418.7,-37.9,315.5,-38.9,0.0,0.0,0.0,0.0,0.0,0.0,0.0,0.0,-0.9799,0.0013,-0.048600000000000004,0.001,-854.9,-481.2,1.1,1.0,0.0,0.0,0.0,0.0,0.0,0.0,0.0,0.0,-2.32,2.91,29.4,1.0,35.2,65.882,35.0,1555.0
1779273386101131588,+2026-05-20 16:06:26.100,0X0000,1,1,1,1,1.0,1.0,1.0,1.0,-413.2,-54.5,309.0,-21.4,0.0,0.0,0.0,0.0,0.0,0.0,0.0,0.0,-0.9639,-0.0442,-0.048600000000000004,0.001,-816.9,-515.9,1.5,1.0,0.0,0.0,0.0,0.0,0.0,0.0,0.0,0.0,-2.18,2.88,29.6,1.0,35.2,65.882,35.0,1555.0
1779273386464880273,2026-05-20 16:06:26.464,0X0000,1,1,1,1,1.0,1.0,1.0,1.0,-430.1,-71.1,305.6,-58.2,0.0,0.0,0.0,0.0,0.0,0.0,0.0,0.0,-0.9819,-0.0172,-0.0684,0.001,-845.3,-504.0,-23.1,1.0,0.0,0.0,0.0,0.0,0.0,0.0,0.0,0.0,-2.25,2.6,29.7,1.0,35.2,65.882,35.0,1555.0
1779273386828843458,2026-05-20 16:06:26.828,0X0000,1,1,1,1,1.1,1.1,1.0,1.0,-396.8,-76.1,315.0,-61.3,0.0,0.0,0.0,0.0,0.0,0.0,0.0,0.0,-0.95,-0.0198,-0.0591,0.001,-817.9,-487.0,-11.3,1.0,0.0,0.0,0.0,0.0,0.0,0.0,0.0,0.0,-2.07,2.84,29.5,1.0,35.2,65.882,35.0,1555.0
1779273387194975680,92026-05-20 16:06:27.194,0X0000,1,1,1,1,1.0,1.0,1.0,1.0,-395.3,-110.4,332.5,-68.5,0.0,0.0,0.0,0.0,0.0,0.0,0.0,0.0,-0.9712999999999999,-0.0559,-0.06520000000000001,0.001,-821.7,-524.9,-11.8,1.0,0.0,0.0,0.0,0.0,0.0,0.0,0.0,0.0,-2.28,3.02,29.2,1.0,35.3,65.882,35.0,1555.0
1779273387558775717,2026-05-20 16:06:27.558,0X0000,1,1,1,1,1.1,1.0,1.0,1.0,-395.9,-57.5,310.5,-46.9,0.0,0.0,0.0,0.0,0.0,0.0,0.0,0.0,-0.9428,-0.0141,-0.0512,0.001,-816.0,-475.2,-3.3,1.0,0.0,0.0,0.0,0.0,0.0,0.0,0.0,0.0,-2.11,2.88,29.3,1.0,35.3,65.882,35.0,1555.0
1779273387920153513,2026-05-20 16:06:27.919,0X0000,1,1,1,1,1.1,1.0,1.0,1.0,-427.5,-53.2,329.9,4.7,0.0,0.0,0.0,0.0,0.0,0.0,0.0,0.0,-1.0109,-0.0773,-0.0394,0.001,-847.0,-558.3,18.5,1.0,0.0,0.0,0.0,0.0,0.0,0.0,0.0,0.0,-2.18,3.12,29.0,1.0,35.3,65.882,35.0,1555.0
1779273388284216087,+2026-05-20 16:06:28.283,0X0000,1,1,1,1,1.1,1.0,1.0,1.0,-443.9,-37.9,329.6,-58.2,0.0,0.0,0.0,0.0,0.0,0.0,0.0,0.0,-1.0323,0.027100000000000003,-0.0567,0.001,-917.6,-477.1,-6.3,1.0,0.0,0.0,0.0,0.0,0.0,0.0,0.0,0.0,-2.51,2.86,28.9,1.0,35.3,65.882,35.0,1555.0
1779273388645841105,2026-05-20 16:06:28.645,0X0000,1,1,1,1,1.1,1.0,1.0,1.0,-410.2,-62.1,321.7,-60.9,0.0,0.0,0.0,0.0,0.0,0.0,0.0,0.0,-0.9768,-0.0016,-0.057,0.001,-856.2,-473.7,-3.4,1.0,0.0,0.0,0.0,0.0,0.0,0.0,0.0,0.0,-2.21,3.14,28.8,1.0,35.3,65.882,35.0,1555.0
1779273389008926827,82026-05-20 16:06:29.008,0X0000,1,1,1,1,1.0,1.0,1.0,1.0,-411.9,-74.6,324.0,-37.3,0.0,0.0,0.0,0.0,0.0,0.0,0.0,0.0,-0.9822000000000001,-0.0498,-0.053899999999999997,0.001,-837.5,-518.4,-2.8,1.0,0.0,0.0,0.0,0.0,0.0,0.0,0.0,0.0,-2.41,2.86,28.8,1.0,35.3,65.882,35.0,1555.0
1779273389370527605,2026-05-20 16:06:29.369,0X0000,1,1,1,1,1.1,1.0,1.0,1.0,-400.9,-82.2,339.3,-40.3,0.0,0.0,0.0,0.0,0.0,0.0,0.0,0.0,-0.9879,-0.0559,-0.0497,0.001,-839.5,-526.1,5.4,1.0,0.0,0.0,0.0,0.0,0.0,0.0,0.0,0.0,-2.24,3.07,28.8,1.0,35.3,65.882,35.0,1555.0
1779273389734547456,+2026-05-20 16:06:29.733,0X0000,1,1,1,1,1.0,1.0,1.0,1.0,-405.8,-56.2,310.6,-105.3,0.0,0.0,0.0,0.0,0.0,0.0,0.0,0.0,-0.9561000000000001,0.0655,-0.0692,0.001,-870.7,-405.8,-22.6,1.0,0.0,0.0,0.0,0.0,0.0,0.0,0.0,0.0,-2.14,2.94,28.8,1.0,35.3,65.882,35.0,1555.0
1779273390098562308,)2026-05-20 16:06:30.097,0X0000,1,1,1,1,1.1,1.1,1.0,1.0,-412.3,-54.0,327.1,-12.9,0.0,0.0,0.0,0.0,0.0,0.0,0.0,0.0,-0.9867999999999999,-0.0549,-0.041,0.001,-839.6,-522.9,10.4,1.0,0.0,0.0,0.0,0.0,0.0,0.0,0.0,0.0,-2.29,2.86,28.7,1.0,35.3,65.882,35.0,1555.0
1779273390462701604,+2026-05-20 16:06:30.462,0X0000,1,1,1,1,1.1,1.0,1.0,1.0,-386.7,-55.7,318.4,-13.0,0.0,0.0,0.0,0.0,0.0,0.0,0.0,0.0,-0.9411,-0.057,-0.036899999999999995,0.001,-799.3,-501.1,14.0,1.0,0.0,0.0,0.0,0.0,0.0,0.0,0.0,0.0,-2.32,2.96,28.6,1.0,35.3,65.882,35.0,1555.0
1779273390826325881,*2026-05-20 16:06:30.825,0X0000,1,1,1,1,1.1,1.0,1.0,1.0,-416.6,-49.0,309.6,-37.2,0.0,0.0,0.0,0.0,0.0,0.0,0.0,0.0,-0.9692000000000001,-0.0157,-0.0521,0.001,-844.1,-479.3,-2.8,1.0,0.0,0.0,0.0,0.0,0.0,0.0,0.0,0.0,-2.23,2.88,28.6,1.0,35.3,65.882,35.0,1555.0
1779273391190324455,2026-05-20 16:06:31.189,0X0000,1,1,1,1,1.1,1.0,1.0,1.0,-440.1,-61.5,324.6,-74.5,0.0,0.0,0.0,0.0,0.0,0.0,0.0,0.0,-1.0206,0.0174,-0.0678,0.001,-906.4,-474.1,-16.3,1.0,0.0,0.0,0.0,0.0,0.0,0.0,0.0,0.0,-2.21,2.93,28.5,1.0,35.3,65.882,35.0,1555.0
1779273391554008251,*2026-05-20 16:06:31.553,0X0000,1,1,1,1,1.1,1.1,1.0,1.0,-454.6,-44.0,324.0,-30.5,0.0,0.0,0.0,0.0,0.0,0.0,0.0,0.0,-1.0391,-0.018,-0.055299999999999995,0.001,-907.2,-510.1,0.2,1.0,0.0,0.0,0.0,0.0,0.0,0.0,0.0,0.0,-2.34,3.02,28.3,1.0,35.3,65.882,35.0,1555.0
1779273391919585492,2026-05-20 16:06:31.919,0X0000,1,1,1,1,1.1,1.0,1.0,1.0,-418.5,-119.7,369.0,-7.3,0.0,0.0,0.0,0.0,0.0,0.0,0.0,0.0,-1.051,-0.15,-0.0476,0.001,-851.5,-635.7,12.9,1.0,0.0,0.0,0.0,0.0,0.0,0.0,0.0,0.0,-2.18,2.99,28.6,1.0,35.3,65.882,35.0,1555.0
1779273392281433344,+2026-05-20 16:06:32.280,0X0000,1,1,1,1,1.1,1.0,1.0,1.0,-406.1,-58.5,336.8,-50.4,0.0,0.0,0.0,0.0,0.0,0.0,0.0,0.0,-0.9915,-0.0108,-0.048100000000000004,0.001,-866.8,-483.8,5.1,1.0,0.0,0.0,0.0,0.0,0.0,0.0,0.0,0.0,-2.16,3.05,28.5,1.0,35.3,65.882,35.0,1555.0
1779273392645321751,2026-05-20 16:06:32.644,0X0000,1,1,1,1,1.1,1.0,1.0,1.0,-412.8,-60.1,361.5,-59.2,0.0,0.0,0.0,0.0,0.0,0.0,0.0,0.0,-1.0334,-0.0012,-0.046,0.001,-910.8,-490.4,14.5,1.0,0.0,0.0,0.0,0.0,0.0,0.0,0.0,0.0,-2.32,3.35,28.2,1.0,35.3,65.882,35.0,1555.0
1779273393007309991,2026-05-20 16:06:33.006,0X0000,1,1,1,1,1.1,1.0,1.0,1.0,-432.2,-47.6,334.3,-48.4,0.0,0.0,0.0,0.0,0.0,0.0,0.0,0.0,-1.023,0.0011,-0.0523,0.001,-899.5,-490.2,-5.0,1.0,0.0,0.0,0.0,0.0,0.0,0.0,0.0,0.0,-2.17,2.65,28.6,1.0,35.3,65.882,35.0,1555.0
1779273393369031436,*2026-05-20 16:06:33.368,0X0000,1,1,1,1,1.1,1.0,1.0,1.0,-417.0,-54.9,308.6,-55.6,0.0,0.0,0.0,0.0,0.0,0.0,0.0,0.0,-0.9683999999999999,0.0009,-0.0591,0.001,-854.1,-460.3,-10.0,1.0,0.0,0.0,0.0,0.0,0.0,0.0,0.0,0.0,-2.34,2.91,28.3,1.0,35.3,65.882,35.0,1555.0
1779273393730992083,*2026-05-20 16:06:33.730,0X0000,1,1,1,1,1.1,1.0,1.0,1.0,-471.1,-27.9,356.8,-52.7,0.0,0.0,0.0,0.0,0.0,0.0,0.0,0.0,-1.1049,0.033100000000000004,-0.0526,0.001,-990.9,-492.7,5.2,1.0,0.0,0.0,0.0,0.0,0.0,0.0,0.0,0.0,-2.35,3.07,28.1,1.0,35.3,65.882,35.0,1555.0
1779273394096881491,2026-05-20 16:06:34.096,0X0000,1,1,1,1,1.0,1.0,1.0,1.0,-488.1,-52.0,306.3,-127.5,0.0,0.0,0.0,0.0,0.0,0.0,0.0,0.0,-1.0602,0.1008,-0.0974,0.001,-984.6,-414.7,-48.1,1.0,0.0,0.0,0.0,0.0,0.0,0.0,0.0,0.0,-2.29,2.88,28.1,1.0,35.3,65.882,35.0,1555.0
1779273394460994213,2026-05-20 16:06:34.460,0X0000,1,1,1,1,1.1,1.0,1.0,1.0,-416.7,-52.3,350.6,-35.6,0.0,0.0,0.0,0.0,0.0,0.0,0.0,0.0,-1.0241,-0.0223,-0.0415,0.001,-896.0,-498.2,15.8,1.0,0.0,0.0,0.0,0.0,0.0,0.0,0.0,0.0,-2.25,3.16,27.8,1.0,35.3,65.882,35.0,1555.0
1779273394797007564,2026-05-20 16:06:34.796,0X0000,1,1,1,1,1.1,1.0,1.0,1.0,-287.7,-48.1,325.9,-24.9,0.0,0.0,0.0,0.0,0.0,0.0,0.0,0.0,0.0,0.0,0.0,0.0,0.0,0.0,0.0,0.0,0.0,0.0,0.0,0.0,0.0,0.0,0.0,0.0,-2.34,2.83,27.8,1.0,35.3,65.882,35.0,1555.0
1779273395158899305,(2026-05-20 16:06:35.158,0X0000,1,1,1,1,1.0,1.0,1.0,1.0,-430.4,-47.7,317.5,-36.0,0.0,0.0,0.0,0.0,0.0,0.0,0.0,0.0,-0.9982000000000001,-0.0156,-0.053,0.001,-878.9,-476.3,4.6,1.0,0.0,0.0,0.0,0.0,0.0,0.0,0.0,0.0,-2.44,3.27,27.5,1.0,35.3,65.882,35.0,1555.0
1779273395523002619,2026-05-20 16:06:35.522,0X0000,1,1,1,1,1.0,1.0,1.0,1.0,-413.2,-33.9,345.5,-31.9,0.0,0.0,0.0,0.0,0.0,0.0,0.0,0.0,-1.0126,-0.0027,-0.036,0.001,-893.1,-478.4,11.6,1.0,0.0,0.0,0.0,0.0,0.0,0.0,0.0,0.0,-2.11,2.69,28.0,1.0,35.3,65.882,35.0,1555.0
1779273395887536101,2026-05-20 16:06:35.886,0X0000,1,1,1,1,1.0,1.0,1.0,1.0,-465.8,-56.1,318.9,-54.7,0.0,0.0,0.0,0.0,0.0,0.0,0.0,0.0,-1.0473,-0.0019,-0.0695,0.001,-929.3,-487.7,-14.6,1.0,0.0,0.0,0.0,0.0,0.0,0.0,0.0,0.0,-2.29,3.0,27.5,1.0,35.3,65.882,35.0,1555.0
1779273396251437082,2026-05-20 16:06:36.250,0X0000,1,1,1,1,1.0,1.0,1.0,1.0,-422.9,-49.4,297.9,-45.2,0.0,0.0,0.0,0.0,0.0,0.0,0.0,0.0,-0.962,-0.0056,-0.0592,0.001,-851.5,-451.2,-10.3,1.0,0.0,0.0,0.0,0.0,0.0,0.0,0.0,0.0,-2.36,2.9,27.5,1.0,35.3,65.882,35.0,1555.0
1779273396612817674,)2026-05-20 16:06:36.612,0X0000,1,1,1,1,1.0,1.0,1.0,1.0,-422.7,-52.5,320.7,-16.4,0.0,0.0,0.0,0.0,0.0,0.0,0.0,0.0,-0.9922000000000001,-0.0482,-0.0461,0.001,-857.6,-503.5,6.9,1.0,0.0,0.0,0.0,0.0,0.0,0.0,0.0,0.0,-2.16,2.96,27.6,1.0,35.3,65.882,35.0,1555.0
1779273396974313581,2026-05-20 16:06:36.973,0X0000,1,1,1,1,1.0,1.0,1.0,1.0,-352.4,-34.0,327.2,-81.8,0.0,0.0,0.0,0.0,0.0,0.0,0.0,0.0,-0.907,0.0638,-0.038,0.001,-835.7,-360.3,7.3,1.0,0.0,0.0,0.0,0.0,0.0,0.0,0.0,0.0,-2.49,3.04,27.3,1.0,35.3,65.882,35.0,1555.0
1779273397335972415,*2026-05-20 16:06:37.335,0X0000,1,1,1,1,1.0,1.0,1.0,1.0,-413.6,-11.5,334.2,-51.7,0.0,0.0,0.0,0.0,0.0,0.0,0.0,0.0,-0.998,0.053700000000000005,-0.0385,0.001,-911.1,-412.3,12.8,1.0,0.0,0.0,0.0,0.0,0.0,0.0,0.0,0.0,-2.34,3.07,27.4,1.0,35.3,65.882,35.0,1555.0
1779273397697902914,*2026-05-20 16:06:37.697,0X0000,1,1,1,1,1.0,1.0,1.0,1.0,-405.1,-31.1,327.2,-27.0,0.0,0.0,0.0,0.0,0.0,0.0,0.0,0.0,-0.9773999999999999,-0.0055,-0.0367,0.001,-865.6,-455.4,11.6,1.0,0.0,0.0,0.0,0.0,0.0,0.0,0.0,0.0,-2.36,2.82,27.4,1.0,35.4,65.882,35.0,1555.0
1779273398062080562,2026-05-20 16:06:38.061,0X0000,1,1,1,1,1.0,1.0,1.0,1.0,-396.4,-66.7,205.4,-95.3,0.0,0.0,0.0,0.0,0.0,0.0,0.0,0.0,-0.8032,0.038200000000000005,-0.0952,0.001,-733.6,-338.8,-52.4,1.0,0.0,0.0,0.0,0.0,0.0,0.0,0.0,0.0,-2.22,3.15,27.3,1.0,35.4,65.882,35.0,1555.0
1779273398398367247,2026-05-20 16:06:38.397,0X0000,1,1,1,1,1.0,1.0,1.0,1.0,-440.5,-60.8,341.1,-43.7,0.0,0.0,0.0,0.0,0.0,0.0,0.0,0.0,0.0,0.0,0.0,0.0,0.0,0.0,0.0,0.0,0.0,0.0,0.0,0.0,0.0,0.0,0.0,0.0,-2.31,2.77,27.4,1.0,35.3,65.882,35.0,1555.0
1779273398762512766,92026-05-20 16:06:38.761,0X0000,1,1,1,1,1.0,1.0,1.0,1.0,-422.2,-23.4,335.7,-43.3,0.0,0.0,0.0,0.0,0.0,0.0,0.0,0.0,-1.0115,0.026600000000000002,-0.041299999999999996,0.001,-911.5,-441.2,10.2,1.0,0.0,0.0,0.0,0.0,0.0,0.0,0.0,0.0,-2.27,2.98,27.3,1.0,35.4,65.882,35.0,1555.0
1779273399126147988,2026-05-20 16:06:39.125,0X0000,1,1,1,1,1.0,1.0,1.0,1.0,-411.2,27.8,481.9,-61.1,0.0,0.0,0.0,0.0,0.0,0.0,0.0,0.0,-1.192,0.1186,0.01,0.001,-1111.9,-441.0,65.6,1.0,0.0,0.0,0.0,0.0,0.0,0.0,0.0,0.0,-2.1,2.89,27.4,1.0,35.4,65.882,35.0,1555.0
1779273399462079321,2026-05-20 16:06:39.461,0X0000,1,1,1,1,1.0,1.0,0.9,1.0,-395.6,-56.1,316.1,-23.3,0.0,0.0,0.0,0.0,0.0,0.0,0.0,0.0,0.0,0.0,0.0,0.0,0.0,0.0,0.0,0.0,0.0,0.0,0.0,0.0,0.0,0.0,0.0,0.0,-2.16,3.28,27.1,0.9,35.4,65.882,35.0,1555.0
1779273399825804376,2026-05-20 16:06:39.825,0X0000,1,1,1,1,1.0,1.0,1.0,1.0,-424.0,-61.4,367.6,-38.3,0.0,0.0,0.0,0.0,0.0,0.0,0.0,0.0,-1.0565,-0.0308,-0.0421,0.001,-926.1,-511.1,12.3,1.0,0.0,0.0,0.0,0.0,0.0,0.0,0.0,0.0,-2.12,2.89,27.2,1.0,35.4,65.882,35.0,1555.0
1779273400163456135,2026-05-20 16:06:40.162,0X0000,1,1,1,1,1.0,1.0,0.9,1.0,-512.9,2923.8,309.0,-67.8,0.0,0.0,0.0,0.0,0.0,0.0,0.0,0.0,0.0,0.0,0.0,0.0,0.0,0.0,0.0,0.0,0.0,0.0,0.0,0.0,0.0,0.0,0.0,0.0,-2.39,2.89,26.9,0.9,35.4,65.882,35.0,1555.0
1779273400525286190,:2026-05-20 16:06:40.524,0X0000,1,1,1,1,1.0,1.0,1.0,0.9,-434.3,-15.2,266.4,-19.6,0.0,0.0,0.0,0.0,0.0,0.0,0.0,0.0,-0.9352,0.005900000000000001,-0.054700000000000006,0.001,-836.8,-421.2,-10.3,1.0,0.0,0.0,0.0,0.0,0.0,0.0,0.0,0.0,-2.39,2.74,27.0,0.9,35.4,65.882,35.0,1555.0
1779273400889353690,:2026-05-20 16:06:40.888,0X0000,1,1,1,1,1.0,1.0,0.9,0.9,-428.0,-66.6,311.2,-56.2,0.0,0.0,0.0,0.0,0.0,0.0,0.0,0.0,-0.9866,-0.013900000000000001,-0.06459999999999999,0.001,-873.8,-462.5,-13.6,1.0,0.0,0.0,0.0,0.0,0.0,0.0,0.0,0.0,-2.21,2.93,27.0,0.9,35.4,65.882,35.0,1555.0
1779273401253171135,2026-05-20 16:06:41.252,0X0000,1,1,1,1,1.0,1.0,0.9,0.9,-368.2,-62.1,321.4,-41.0,0.0,0.0,0.0,0.0,0.0,0.0,0.0,0.0,-0.9204,-0.0282,-0.0404,0.001,-809.3,-440.9,10.0,1.0,0.0,0.0,0.0,0.0,0.0,0.0,0.0,0.0,-2.21,3.07,26.8,0.9,35.4,65.882,35.0,1555.0
1779273401616979486,2026-05-20 16:06:41.616,0X0000,1,1,1,1,0.9,0.9,0.9,0.9,-398.8,-16.4,266.3,-10.3,0.0,0.0,0.0,0.0,0.0,0.0,0.0,0.0,-0.8877,-0.0081,-0.043,0.001,-778.3,-426.7,-46.5,1.0,0.0,0.0,0.0,0.0,0.0,0.0,0.0,0.0,-2.15,-0.25,28.1,0.9,35.4,65.882,35.0,1555.0
1779273401976850930,'2026-05-20 16:06:41.976,0X0000,1,1,1,1,0.9,1.0,0.9,0.9,-273.0,64.3,312.2,-7.2,0.0,0.0,0.0,0.0,0.0,0.0,0.0,0.0,-0.781,0.09540000000000001,0.0259,0.001,-728.9,-297.4,-1.1,1.0,0.0,0.0,0.0,0.0,0.0,0.0,0.0,0.0,-2.75,-1.64,29.2,0.9,35.4,65.882,35.0,1555.0
1779273402311271245,2026-05-20 16:06:42.310,0X0000,1,1,1,1,0.9,0.9,1.0,0.9,-180.0,30.0,267.2,34.6,0.0,0.0,0.0,0.0,0.0,0.0,0.0,0.0,0.0,0.0,0.0,0.0,0.0,0.0,0.0,0.0,0.0,0.0,0.0,0.0,0.0,0.0,0.0,0.0,-1.94,-3.33,33.2,0.9,35.4,65.882,35.0,1555.0
1779273402672699097,2026-05-20 16:06:42.672,0X0000,1,1,1,1,0.9,0.9,0.9,0.9,-166.0,-2.7,151.3,-13.9,0.0,0.0,0.0,0.0,0.0,0.0,0.0,0.0,-0.4235,0.0149,-0.0085,0.001,-347.3,-241.8,-22.7,1.0,0.0,0.0,0.0,0.0,0.0,0.0,0.0,0.0,-2.07,-1.85,36.8,0.9,35.5,65.882,35.0,1555.0
1779273403006804152,2026-05-20 16:06:43.006,0X0000,1,1,1,1,0.9,0.9,0.9,0.9,-76.3,-5.8,76.0,-18.7,0.0,0.0,0.0,0.0,0.0,0.0,0.0,0.0,0.0,0.0,0.0,0.0,0.0,0.0,0.0,0.0,0.0,0.0,0.0,0.0,0.0,0.0,0.0,0.0,-2.29,-0.69,40.6,0.9,35.5,65.882,35.0,1555.0
1779273403366296059,42026-05-20 16:06:43.365,0X0000,1,1,1,1,0.9,0.9,0.9,0.9,-86.7,42.9,100.9,-13.5,0.0,0.0,0.0,0.0,0.0,0.0,0.0,0.0,-0.2504,0.07529999999999999,0.011800000000000001,0.001,-230.1,-124.1,13.2,1.0,0.0,0.0,0.0,0.0,0.0,0.0,0.0,0.0,-2.3,1.01,45.2,0.9,35.5,65.882,35.0,1555.0
1779273403736194448,%2026-05-20 16:06:43.735,0X0000,1,0,1,1,0.9,0.0,0.9,0.9,-45.9,0.0,80.7,-42.3,0.0,-408.0,0.0,0.0,0.0,1.0,0.0,0.0,-0.169,0.15940000000000001,0.0188,0.001,-230.2,-33.0,15.0,1.0,0.0,0.0,0.0,0.0,0.0,0.0,0.0,0.0,-2.7,1.27,51.7,0.9,35.5,65.882,35.0,1555.0
1779273404091382188,$2026-05-20 16:06:44.090,0X0000,1,1,1,1,0.9,0.9,0.9,0.9,-36.2,22.5,63.5,-5.4,0.0,0.0,0.0,0.0,0.0,0.0,0.0,0.0,-0.1331,0.037200000000000004,0.0119,0.001,-101.0,-94.2,12.7,1.0,0.0,0.0,0.0,0.0,0.0,0.0,0.0,0.0,-2.0,0.92,58.8,0.9,35.5,65.882,35.0,1555.0
1779273404424181114,2026-05-20 16:06:44.423,0X0000,1,1,1,1,0.9,0.3,0.9,0.9,-50.6,1251.8,41.4,-24.8,0.0,0.0,0.0,0.0,0.0,0.0,0.0,0.0,0.0,0.0,0.0,0.0,0.0,0.0,0.0,0.0,0.0,0.0,0.0,0.0,0.0,0.0,0.0,0.0,-2.17,1.01,66.2,0.3,35.5,65.882,35.0,1555.0
1779273404779575910,2026-05-20 16:06:44.778,0X0000,1,1,1,1,0.9,0.9,0.9,0.9,-43.8,19.7,-34.7,-20.2,0.0,0.0,0.0,0.0,0.0,0.0,0.0,0.0,-0.0121,0.0533,-0.0213,0.001,-54.1,3.5,-22.5,1.0,0.0,0.0,0.0,0.0,0.0,0.0,0.0,0.0,-1.59,1.22,72.8,0.9,35.5,65.882,35.0,1555.0
1779273405134756873,2026-05-20 16:06:45.134,0X0000,1,1,1,1,0.9,0.9,0.9,0.9,-32.4,17.3,32.5,-41.0,0.0,0.0,0.0,0.0,0.0,0.0,0.0,0.0,-0.0866,0.0778,-0.0064,0.001,-91.1,-72.2,-8.3,1.0,0.0,0.0,0.0,0.0,0.0,0.0,0.0,0.0,-2.66,1.15,80.2,0.9,35.5,65.882,35.0,1555.0
1779273405489622613,'2026-05-20 16:06:45.489,0X0000,1,1,1,1,0.9,0.9,0.9,0.9,-22.1,16.4,23.5,-53.5,0.0,0.0,0.0,0.0,0.0,0.0,0.0,0.0,-0.060899999999999996,0.0933,-0.0096,0.001,-95.1,-57.6,-12.0,1.0,0.0,0.0,0.0,0.0,0.0,0.0,0.0,0.0,-2.33,1.29,87.9,0.9,35.5,65.882,35.0,1555.0
1779273405842581650,2026-05-20 16:06:45.842,0X0000,1,1,1,1,0.9,0.9,0.9,0.9,-8.4,35.0,18.7,-25.7,0.0,0.0,0.0,0.0,0.0,0.0,0.0,0.0,-0.0362,0.081,0.0053,0.001,-77.7,-43.2,2.2,1.0,0.0,0.0,0.0,0.0,0.0,0.0,0.0,0.0,-2.67,1.1,95.1,0.9,35.6,65.882,35.0,1555.0
1779273406197754891,22026-05-20 16:06:46.197,0X0000,1,1,1,1,0.9,0.9,0.9,0.9,-7.2,29.9,10.7,-30.1,0.0,0.0,0.0,0.0,0.0,0.0,0.0,0.0,-0.023899999999999998,0.08009999999999999,0.0009,0.001,-73.5,-39.8,-1.6,1.0,0.0,0.0,0.0,0.0,0.0,0.0,0.0,0.0,-2.22,1.37,101.8,0.9,35.5,65.882,35.0,1555.0
1779273406550760539,2026-05-20 16:06:46.550,0X0000,1,1,1,1,0.9,0.9,0.9,0.9,0.9,31.1,2.3,-27.3,0.0,0.0,0.0,0.0,0.0,0.0,0.0,0.0,-0.0019,0.07790000000000001,0.0018,0.001,-73.3,-26.5,-1.0,1.0,0.0,0.0,0.0,0.0,0.0,0.0,0.0,0.0,-2.11,1.52,108.5,0.9,35.5,65.882,35.0,1555.0
1779273406913771927,2026-05-20 16:06:46.913,0X0000,1,0,1,1,0.9,0.0,0.9,0.9,9.8,0.0,6.3,-22.9,0.0,-764.0,0.0,0.0,0.0,1.0,0.0,0.0,0.0047,0.08259999999999999,0.0087,0.001,-77.0,-31.0,4.9,1.0,0.0,0.0,0.0,0.0,0.0,0.0,0.0,0.0,-2.53,1.32,115.3,0.9,35.6,65.882,35.0,1555.0
1779273407268872075,2026-05-20 16:06:47.268,0X0000,1,1,1,1,0.9,0.9,0.9,0.9,8.1,25.3,-9.9,-26.2,0.0,0.0,0.0,0.0,0.0,0.0,0.0,0.0,0.024,0.0687,-0.0008,0.001,-70.8,-16.5,-4.1,1.0,0.0,0.0,0.0,0.0,0.0,0.0,0.0,0.0,-2.37,1.1,122.4,0.9,35.5,65.882,35.0,1555.0
1779273407622139353,2026-05-20 16:06:47.621,0X0000,1,1,1,1,0.9,0.9,0.9,0.9,18.2,28.7,-6.5,-19.0,0.0,0.0,0.0,0.0,0.0,0.0,0.0,0.0,0.033,0.0637,0.0057,0.001,-70.5,-14.2,2.5,1.0,0.0,0.0,0.0,0.0,0.0,0.0,0.0,0.0,-2.13,1.49,128.8,0.9,35.5,65.882,35.0,1555.0
1779273407975247279,2026-05-20 16:06:47.974,0X0000,1,1,1,1,0.9,0.9,0.9,0.9,17.6,28.8,-5.8,-22.6,0.0,0.0,0.0,0.0,0.0,0.0,0.0,0.0,0.0312,0.0686,0.0048,0.001,-70.5,-27.1,1.5,1.0,0.0,0.0,0.0,0.0,0.0,0.0,0.0,0.0,-2.18,1.34,135.5,0.9,35.5,65.882,35.0,1555.0
1779273408330661649,2026-05-20 16:06:48.330,0X0000,1,1,1,1,0.9,0.9,0.9,0.9,1.8,19.6,-8.7,-23.7,0.0,0.0,0.0,0.0,0.0,0.0,0.0,0.0,0.014,0.0578,-0.003,0.001,-47.3,-35.6,-6.1,1.0,0.0,0.0,0.0,0.0,0.0,0.0,0.0,0.0,-2.32,3.14,140.4,0.9,35.5,65.882,35.0,1555.0
1779273408666085445,2026-05-20 16:06:48.665,0X0000,1,1,1,1,0.9,0.9,0.9,0.9,-115.0,22.4,66.5,-30.6,0.0,0.0,0.0,0.0,0.0,0.0,0.0,0.0,0.0,0.0,0.0,0.0,0.0,0.0,0.0,0.0,0.0,0.0,0.0,0.0,0.0,0.0,0.0,0.0,-3.18,8.42,142.4,0.9,35.6,65.882,35.0,1555.0
1779273409041338185,)2026-05-20 16:06:49.040,0X0000,1,0,1,1,1.0,0.0,0.9,0.9,-260.4,0.0,150.7,-45.5,0.0,777.0,0.0,0.0,0.0,1.0,0.0,0.0,-0.5487000000000001,-0.025,-0.0592,0.001,457.6,-308.7,22.1,1.0,0.0,0.0,0.0,0.0,0.0,0.0,0.0,0.0,-2.64,8.33,143.3,0.9,35.5,65.882,35.0,1555.0
1779273409407141074,*2026-05-20 16:06:49.406,0X0000,1,1,1,1,0.9,0.9,0.9,0.9,-296.3,-64.3,201.0,-40.9,0.0,0.0,0.0,0.0,0.0,0.0,0.0,0.0,-0.6637000000000001,-0.0312,-0.0541,0.001,554.6,-368.1,35.9,1.0,0.0,0.0,0.0,0.0,0.0,0.0,0.0,0.0,-2.52,7.63,143.7,0.9,35.5,65.882,35.0,1555.0
1779273409744884166,2026-05-20 16:06:49.744,0X0000,1,1,1,1,0.9,0.9,0.1,0.2,-399.3,-69.2,1328.6,-1311.2,0.0,0.0,0.0,0.0,0.0,0.0,0.0,0.0,0.0,0.0,0.0,0.0,0.0,0.0,0.0,0.0,0.0,0.0,0.0,0.0,0.0,0.0,0.0,0.0,-2.37,5.29,145.3,0.1,35.6,65.882,35.0,1555.0
1779273410111326648,*2026-05-20 16:06:50.110,0X0000,1,1,1,1,0.9,0.9,0.9,0.9,-400.1,-53.3,306.2,-44.1,0.0,0.0,0.0,0.0,0.0,0.0,0.0,0.0,-0.9427000000000001,-0.0123,-0.0516,0.001,783.4,-526.7,13.9,1.0,0.0,0.0,0.0,0.0,0.0,0.0,0.0,0.0,-2.37,3.95,145.3,0.9,35.6,65.882,35.0,1555.0
1779273410475225536,.2026-05-20 16:06:50.474,0X0000,1,1,1,1,0.9,0.9,0.9,0.9,-448.6,-64.7,323.2,-63.1,0.0,0.0,0.0,0.0,0.0,0.0,0.0,0.0,-1.0301,-0.0021000000000000003,-0.0683,0.001,850.7,-584.6,-17.0,1.0,0.0,0.0,0.0,0.0,0.0,0.0,0.0,0.0,-2.21,2.85,145.3,0.9,35.5,65.882,35.0,1555.0
1779273410839356221,2026-05-20 16:06:50.838,0X0000,1,1,1,1,0.9,0.9,0.9,0.9,-410.3,-76.1,307.5,-63.4,0.0,0.0,0.0,0.0,0.0,0.0,0.0,0.0,-0.958,-0.0169,-0.0653,0.001,787.5,-549.7,-13.7,1.0,0.0,0.0,0.0,0.0,0.0,0.0,0.0,0.0,-1.91,3.05,144.0,0.9,35.5,65.882,35.0,1555.0
1779273411203231610,2026-05-20 16:06:51.202,0X0000,1,1,1,1,0.9,0.9,0.9,0.9,-335.7,-44.2,324.4,-25.7,0.0,0.0,0.0,0.0,0.0,0.0,0.0,0.0,-0.881,-0.0247,-0.0219,0.001,720.2,-508.0,24.2,1.0,0.0,0.0,0.0,0.0,0.0,0.0,0.0,0.0,-1.97,2.95,143.2,0.9,35.5,65.882,35.0,1555.0
1779273411567238314,2026-05-20 16:06:51.566,0X0000,1,1,1,1,0.9,0.9,0.9,0.9,-415.6,-54.5,315.4,-37.8,0.0,0.0,0.0,0.0,0.0,0.0,0.0,0.0,-0.9756,-0.0223,-0.0519,0.001,794.5,-569.1,-4.4,1.0,0.0,0.0,0.0,0.0,0.0,0.0,0.0,0.0,-2.59,2.73,143.0,0.9,35.6,65.882,35.0,1555.0
1779273411933445591,2026-05-20 16:06:51.932,0X0000,1,1,1,1,0.9,0.9,0.9,0.9,-444.8,-76.7,328.9,-57.1,0.0,0.0,0.0,0.0,0.0,0.0,0.0,0.0,-1.0326,-0.026199999999999998,-0.0674,0.001,827.9,-621.2,-15.2,1.0,0.0,0.0,0.0,0.0,0.0,0.0,0.0,0.0,-1.8,2.85,141.6,0.9,35.6,65.882,35.0,1555.0
1779273412297394646,+2026-05-20 16:06:52.296,0X0000,1,1,1,1,0.9,0.9,0.9,0.9,-425.5,-56.9,274.9,-66.6,0.0,0.0,0.0,0.0,0.0,0.0,0.0,0.0,-0.9348,0.0129,-0.07390000000000001,0.001,719.2,-601.3,-26.5,1.0,0.0,0.0,0.0,0.0,0.0,0.0,0.0,0.0,-1.73,2.93,140.8,0.9,35.6,65.882,35.0,1555.0
1779273412661515109,*2026-05-20 16:06:52.660,0X0000,1,1,1,1,0.9,0.9,0.9,0.9,-431.1,-59.0,331.1,-56.3,0.0,0.0,0.0,0.0,0.0,0.0,0.0,0.0,-1.0172999999999999,-0.0036,-0.0581,0.001,784.6,-650.0,-9.7,1.0,0.0,0.0,0.0,0.0,0.0,0.0,0.0,0.0,-1.83,2.72,140.1,0.9,35.6,65.882,35.0,1555.0
1779273413025482350,2026-05-20 16:06:53.024,0X0000,1,1,1,1,0.9,0.9,0.9,0.9,-453.4,-60.9,324.9,-53.8,0.0,0.0,0.0,0.0,0.0,0.0,0.0,0.0,-1.0387,-0.0095,-0.06559999999999999,0.001,798.5,-667.6,-11.2,1.0,0.0,0.0,0.0,0.0,0.0,0.0,0.0,0.0,-2.11,2.98,139.5,0.9,35.6,65.882,35.0,1555.0
1779273413389101535,2026-05-20 16:06:53.388,0X0000,1,1,1,1,0.9,0.9,0.9,0.9,-413.3,-57.4,307.9,-70.8,0.0,0.0,0.0,0.0,0.0,0.0,0.0,0.0,-0.9625,0.0179,-0.063,0.001,714.8,-647.7,-11.1,1.0,0.0,0.0,0.0,0.0,0.0,0.0,0.0,0.0,-2.26,3.13,138.8,0.9,35.5,65.882,35.0,1555.0
1779273413752531849,2026-05-20 16:06:53.751,0X0000,1,1,1,1,0.9,0.9,0.9,0.9,-441.4,-60.8,350.8,-42.5,0.0,0.0,0.0,0.0,0.0,0.0,0.0,0.0,-1.0573,-0.024399999999999998,-0.0523,0.001,805.9,-686.8,-2.5,1.0,0.0,0.0,0.0,0.0,0.0,0.0,0.0,0.0,-1.69,2.66,138.2,0.9,35.6,65.882,35.0,1555.0
1779273414118942145,2026-05-20 16:06:54.118,0X0000,1,1,1,1,0.9,0.9,0.9,0.9,-389.6,-181.4,316.1,-65.5,0.0,0.0,0.0,0.0,0.0,0.0,0.0,0.0,-0.9419,-0.15469999999999998,-0.0864,0.001,804.2,-520.3,-31.2,1.0,0.0,0.0,0.0,0.0,0.0,0.0,0.0,0.0,-1.8,3.06,137.7,0.9,35.5,65.882,35.0,1555.0
1779273414482870571,2026-05-20 16:06:54.482,0X0000,1,1,1,1,0.9,0.9,0.9,0.8,-425.0,-43.8,341.9,-42.0,0.0,0.0,0.0,0.0,0.0,0.0,0.0,0.0,-1.0235,-0.0024,-0.0456,0.001,762.2,-684.6,11.7,1.0,0.0,0.0,0.0,0.0,0.0,0.0,0.0,0.0,-2.51,3.2,137.9,0.8,35.5,65.882,35.0,1555.0
1779273414846708293,*2026-05-20 16:06:54.846,0X0000,1,1,1,1,0.9,0.9,0.9,0.8,-417.0,-33.0,344.5,-72.6,0.0,0.0,0.0,0.0,0.0,0.0,0.0,0.0,-1.0163,0.052899999999999996,-0.048,0.001,717.5,-723.3,-3.0,1.0,0.0,0.0,0.0,0.0,0.0,0.0,0.0,0.0,-2.17,2.65,137.7,0.8,35.6,65.882,35.0,1555.0
1779273415208664811,)2026-05-20 16:06:55.207,0X0000,1,1,1,1,0.8,0.9,0.8,0.8,-444.6,-50.3,356.3,-44.5,0.0,0.0,0.0,0.0,0.0,0.0,0.0,0.0,-1.0689000000000002,-0.0077,-0.0494,0.001,794.6,-716.6,9.1,1.0,0.0,0.0,0.0,0.0,0.0,0.0,0.0,0.0,-2.25,3.12,137.5,0.8,35.6,65.882,35.0,1555.0
1779273415570547700,F2026-05-20 16:06:55.569,0X0000,1,1,1,1,0.8,0.9,0.8,0.8,-428.2,-54.1,329.1,-55.7,0.0,0.0,0.0,0.0,0.0,0.0,0.0,0.0,-1.0107000000000002,0.0021000000000000003,-0.056299999999999996,0.001,745.6,-684.6,-4.4,1.0,0.0,0.0,0.0,0.0,0.0,0.0,0.0,0.0,-2.11,2.95,137.5,0.8,35.6,65.882,35.0,1555.0
1779273415934352366,2026-05-20 16:06:55.933,0X0000,1,1,1,1,0.8,0.8,0.8,0.8,-431.7,-77.8,279.2,-53.5,0.0,0.0,0.0,0.0,0.0,0.0,0.0,0.0,-0.9488,-0.0324,-0.0765,0.001,730.2,-610.9,-27.4,1.0,0.0,0.0,0.0,0.0,0.0,0.0,0.0,0.0,-2.48,2.88,138.0,0.8,35.6,65.882,35.0,1555.0
1779273416270765607,2026-05-20 16:06:56.270,0X0000,1,1,1,1,0.8,0.8,0.8,0.8,-701.1,-27.6,341.4,-39.6,0.0,0.0,0.0,0.0,0.0,0.0,0.0,0.0,0.0,0.0,0.0,0.0,0.0,0.0,0.0,0.0,0.0,0.0,0.0,0.0,0.0,0.0,0.0,0.0,-2.15,3.34,137.6,0.8,35.6,65.882,35.0,1555.0
1779273416639211273,*2026-05-20 16:06:56.638,0X0000,1,1,1,1,0.8,0.8,0.8,0.8,-400.5,-156.7,202.4,-49.4,0.0,0.0,0.0,0.0,0.0,0.0,0.0,0.0,-0.8047000000000001,-0.1432,-0.109,0.001,699.2,-432.7,-62.4,1.0,0.0,0.0,0.0,0.0,0.0,0.0,0.0,0.0,-2.1,2.94,138.0,0.8,35.6,65.882,35.0,1555.0
1779273416974932755,2026-05-20 16:06:56.974,0X0000,1,1,1,1,0.8,0.8,0.8,0.8,-444.0,-68.4,313.1,-33.5,0.0,0.0,0.0,0.0,0.0,0.0,0.0,0.0,0.0,0.0,0.0,0.0,0.0,0.0,0.0,0.0,0.0,0.0,0.0,0.0,0.0,0.0,0.0,0.0,-2.37,3.0,138.5,0.8,35.5,65.882,35.0,1555.0
1779273417338632421,2026-05-20 16:06:57.338,0X0000,1,1,1,1,0.8,0.8,0.7,0.7,-459.2,-48.3,335.5,-59.3,0.0,0.0,0.0,0.0,0.0,0.0,0.0,0.0,-1.0606,0.0147,-0.0624,0.001,786.7,-714.1,-5.8,1.0,0.0,0.0,0.0,0.0,0.0,0.0,0.0,0.0,-2.08,3.09,138.5,0.7,35.6,65.882,35.0,1555.0
1779273417700393421,E2026-05-20 16:06:57.699,0X0000,1,1,1,1,0.8,0.8,0.7,0.7,-395.6,-48.4,315.2,-8.0,0.0,0.0,0.0,0.0,0.0,0.0,0.0,0.0,-0.9487000000000001,-0.053899999999999997,-0.036899999999999995,0.001,746.0,-589.7,13.0,1.0,0.0,0.0,0.0,0.0,0.0,0.0,0.0,0.0,-1.91,2.91,138.4,0.7,35.6,65.882,35.0,1555.0
1779273418061355013,2026-05-20 16:06:58.060,0X0000,1,1,1,1,0.8,0.8,0.7,0.7,-463.9,-68.6,273.8,-72.0,0.0,0.0,0.0,0.0,0.0,0.0,0.0,0.0,-0.9846,0.0045,-0.0892,0.001,742.2,-652.4,-31.0,1.0,0.0,0.0,0.0,0.0,0.0,0.0,0.0,0.0,-2.44,3.39,138.8,0.7,35.6,65.882,35.0,1555.0
1779273418429801291,-2026-05-20 16:06:58.429,0X0000,1,1,1,1,0.8,0.8,0.7,0.7,-449.1,-210.9,300.0,-140.1,0.0,0.0,0.0,0.0,0.0,0.0,0.0,0.0,-0.9997999999999999,-0.0945,-0.1349,0.001,824.2,-583.7,-81.9,1.0,0.0,0.0,0.0,0.0,0.0,0.0,0.0,0.0,-2.13,2.83,139.1,0.7,35.6,65.882,35.0,1555.0
1779273418793826994,92026-05-20 16:06:58.793,0X0000,1,1,1,1,0.8,0.8,0.7,0.7,-434.9,-58.6,377.3,-29.2,0.0,0.0,0.0,0.0,0.0,0.0,0.0,0.0,-1.084,-0.039200000000000006,-0.039200000000000006,0.001,849.2,-675.7,16.3,1.0,0.0,0.0,0.0,0.0,0.0,0.0,0.0,0.0,-2.32,2.85,139.4,0.7,35.6,65.882,35.0,1555.0
1779273419155998142,*2026-05-20 16:06:59.155,0X0000,1,1,1,1,0.8,0.8,0.7,0.7,-442.7,-33.6,324.3,-29.1,0.0,0.0,0.0,0.0,0.0,0.0,0.0,0.0,-1.0237,-0.006,-0.048799999999999996,0.001,785.0,-658.9,5.4,1.0,0.0,0.0,0.0,0.0,0.0,0.0,0.0,0.0,-2.72,3.02,139.6,0.7,35.5,65.882,35.0,1555.0
1779273419516716568,72026-05-20 16:06:59.516,0X0000,1,1,1,1,0.8,0.8,0.7,0.7,-408.1,-45.0,324.8,-40.0,0.0,0.0,0.0,0.0,0.0,0.0,0.0,0.0,-0.9782000000000001,-0.0067,-0.045399999999999996,0.001,751.7,-627.7,5.7,1.0,0.0,0.0,0.0,0.0,0.0,0.0,0.0,0.0,-2.39,2.98,139.7,0.7,35.6,65.882,35.0,1555.0
1779273419880927642,2026-05-20 16:06:59.880,0X0000,1,1,1,1,0.8,0.8,0.7,0.7,-419.5,-25.2,334.7,-44.2,0.0,0.0,0.0,0.0,0.0,0.0,0.0,0.0,-1.0066,0.0254,-0.0416,0.001,753.3,-669.2,13.3,1.0,0.0,0.0,0.0,0.0,0.0,0.0,0.0,0.0,-2.16,3.18,139.8,0.7,35.6,65.882,35.0,1555.0
1779273420244758364,2026-05-20 16:07:00.244,0X0000,1,1,1,1,0.8,0.8,0.7,0.7,-433.3,-71.9,326.6,-42.3,0.0,0.0,0.0,0.0,0.0,0.0,0.0,0.0,-1.0142,-0.0395,-0.0596,0.001,803.3,-623.2,-6.1,1.0,0.0,0.0,0.0,0.0,0.0,0.0,0.0,0.0,-2.22,2.94,139.9,0.7,35.6,65.882,35.0,1555.0
1779273420608821253,)2026-05-20 16:07:00.608,0X0000,1,1,1,1,0.8,0.8,0.7,0.7,-440.3,-71.8,365.3,-50.0,0.0,0.0,0.0,0.0,0.0,0.0,0.0,0.0,-1.0752000000000002,-0.0291,-0.0531,0.001,841.5,-671.9,8.6,1.0,0.0,0.0,0.0,0.0,0.0,0.0,0.0,0.0,-2.23,3.23,139.8,0.7,35.5,65.882,35.0,1555.0
1779273420970445530,2026-05-20 16:07:00.969,0X0000,1,1,1,1,0.8,0.8,0.7,0.7,-412.4,-53.9,339.8,-56.5,0.0,0.0,0.0,0.0,0.0,0.0,0.0,0.0,-1.0039,0.0035,-0.0494,0.001,770.5,-645.3,3.0,1.0,0.0,0.0,0.0,0.0,0.0,0.0,0.0,0.0,-2.41,3.0,140.2,0.7,35.6,65.882,35.0,1555.0
1779273421338529215,2026-05-20 16:07:01.337,0X0000,1,1,1,1,0.8,0.8,0.7,0.7,-426.5,-138.5,335.4,-33.5,0.0,0.0,0.0,0.0,0.0,0.0,0.0,0.0,-1.0169,-0.1401,-0.071,0.001,871.8,-546.5,-10.0,1.0,0.0,0.0,0.0,0.0,0.0,0.0,0.0,0.0,-2.28,3.12,140.0,0.7,35.6,65.882,35.0,1555.0
1779273421674139104,2026-05-20 16:07:01.673,0X0000,1,1,1,1,0.8,0.8,0.7,0.7,-442.6,-45.2,72.2,-56.0,0.0,0.0,0.0,0.0,0.0,0.0,0.0,0.0,0.0,0.0,0.0,0.0,0.0,0.0,0.0,0.0,0.0,0.0,0.0,0.0,0.0,0.0,0.0,0.0,-2.49,3.02,140.3,0.7,35.6,65.882,35.0,1555.0
1779273422038271844,2026-05-20 16:07:02.037,0X0000,1,1,1,1,0.8,0.8,0.7,0.7,-485.4,-36.2,340.0,-5.9,0.0,0.0,0.0,0.0,0.0,0.0,0.0,0.0,-1.1016,-0.0404,-0.0506,0.001,873.5,-674.2,11.5,1.0,0.0,0.0,0.0,0.0,0.0,0.0,0.0,0.0,-2.47,3.14,140.2,0.7,35.5,65.882,35.0,1555.0
1779273422397305196,2026-05-20 16:07:02.396,0X0000,1,1,1,1,0.8,0.8,0.7,0.7,-407.2,6.4,333.4,17.5,0.0,0.0,0.0,0.0,0.0,0.0,0.0,0.0,-0.9884,-0.0148,-0.0135,0.001,764.6,-625.3,43.2,1.0,0.0,0.0,0.0,0.0,0.0,0.0,0.0,0.0,-2.14,3.26,139.9,0.7,35.6,65.882,35.0,1555.0
1779273422761140122,+2026-05-20 16:07:02.760,0X0000,1,1,1,1,0.8,0.8,0.7,0.7,-416.2,-67.0,361.8,-51.9,0.0,0.0,0.0,0.0,0.0,0.0,0.0,0.0,-1.0383,-0.0202,-0.046700000000000005,0.001,809.6,-652.0,6.8,1.0,0.0,0.0,0.0,0.0,0.0,0.0,0.0,0.0,-2.15,2.91,140.0,0.7,35.6,65.882,35.0,1555.0
1779273423121489899,2026-05-20 16:07:03.120,0X0000,1,1,1,1,0.8,0.8,0.7,0.7,-422.8,-49.6,309.6,-51.4,0.0,0.0,0.0,0.0,0.0,0.0,0.0,0.0,-0.9775,0.0024,-0.0578,0.001,749.4,-630.2,-6.2,1.0,0.0,0.0,0.0,0.0,0.0,0.0,0.0,0.0,-2.31,3.03,140.0,0.7,35.6,65.882,35.0,1555.0
1779273423487550955,*2026-05-20 16:07:03.486,0X0000,1,1,1,1,0.8,0.8,0.7,0.7,-464.6,-70.1,331.2,-46.3,0.0,0.0,0.0,0.0,0.0,0.0,0.0,0.0,-1.0620999999999998,-0.0318,-0.0674,0.001,835.4,-660.0,-10.5,1.0,0.0,0.0,0.0,0.0,0.0,0.0,0.0,0.0,-2.29,3.0,139.9,0.7,35.6,65.882,35.0,1555.0
1779273423851072825,2026-05-20 16:07:03.850,0X0000,1,1,1,1,0.8,0.7,0.7,0.7,-447.8,-61.5,326.0,-59.3,0.0,0.0,0.0,0.0,0.0,0.0,0.0,0.0,-1.0327,-0.0029,-0.0654,0.001,790.7,-667.5,-6.5,1.0,0.0,0.0,0.0,0.0,0.0,0.0,0.0,0.0,-2.2,3.26,139.6,0.7,35.6,65.882,35.0,1555.0
1779273424214574658,+2026-05-20 16:07:04.214,0X0000,1,1,1,1,0.8,0.8,0.7,0.7,-441.6,-70.5,313.6,-46.6,0.0,0.0,0.0,0.0,0.0,0.0,0.0,0.0,-1.0079,-0.0319,-0.06609999999999999,0.001,787.2,-633.5,-3.5,1.0,0.0,0.0,0.0,0.0,0.0,0.0,0.0,0.0,-2.06,3.49,139.3,0.7,35.6,65.882,35.0,1555.0
1779273424577954269,2026-05-20 16:07:04.577,0X0000,1,1,1,1,0.8,0.8,0.7,0.7,-404.7,-73.6,465.4,-35.0,0.0,0.0,0.0,0.0,0.0,0.0,0.0,0.0,-1.1613,-0.0515,-0.013,0.001,919.1,-710.2,45.8,1.0,0.0,0.0,0.0,0.0,0.0,0.0,0.0,0.0,-2.25,2.81,139.8,0.7,35.6,65.882,35.0,1555.0
1779273424941659120,2026-05-20 16:07:04.941,0X0000,1,1,1,1,0.7,0.7,0.7,0.7,-457.9,-55.4,348.2,-87.4,0.0,0.0,0.0,0.0,0.0,0.0,0.0,0.0,-1.0759,0.0427,-0.0681,0.001,798.3,-725.7,-12.3,1.0,0.0,0.0,0.0,0.0,0.0,0.0,0.0,0.0,-2.6,3.07,139.9,0.7,35.6,65.882,35.0,1555.0
1779273425305001824,2026-05-20 16:07:05.304,0X0000,1,1,1,1,0.8,0.7,0.7,0.7,-479.2,-34.8,283.6,-2.4,0.0,0.0,0.0,0.0,0.0,0.0,0.0,0.0,-1.0181,-0.0432,-0.0628,0.001,803.2,-630.1,-1.0,1.0,0.0,0.0,0.0,0.0,0.0,0.0,0.0,0.0,-2.08,3.39,139.4,0.7,35.5,65.882,35.0,1555.0
1779273425666503898,2026-05-20 16:07:05.665,0X0000,1,1,1,1,0.8,0.7,0.7,0.7,-464.0,-28.7,329.5,-29.2,0.0,0.0,0.0,0.0,0.0,0.0,0.0,0.0,-1.059,0.0007,-0.0519,0.001,806.3,-688.5,4.4,1.0,0.0,0.0,0.0,0.0,0.0,0.0,0.0,0.0,-2.08,3.05,139.5,0.7,35.6,65.882,35.0,1555.0
1779273426028071898,2026-05-20 16:07:06.027,0X0000,1,1,1,1,0.8,0.8,0.7,0.7,-463.5,-42.8,385.9,-90.5,0.0,0.0,0.0,0.0,0.0,0.0,0.0,0.0,-1.1336,0.0637,-0.0569,0.001,826.5,-780.5,2.2,1.0,0.0,0.0,0.0,0.0,0.0,0.0,0.0,0.0,-2.37,3.12,139.8,0.7,35.5,65.882,35.0,1555.0
1779273426390751045,*2026-05-20 16:07:06.390,0X0000,1,1,1,1,0.8,0.8,0.7,0.7,-449.5,-41.7,323.1,-77.4,0.0,0.0,0.0,0.0,0.0,0.0,0.0,0.0,-1.0311,0.0476,-0.06620000000000001,0.001,759.5,-702.0,-9.9,1.0,0.0,0.0,0.0,0.0,0.0,0.0,0.0,0.0,-2.66,3.25,139.8,0.7,35.5,65.882,35.0,1555.0
1779273426754497082,2026-05-20 16:07:06.753,0X0000,1,1,1,1,0.7,0.8,0.7,0.7,-513.4,-55.7,324.3,-56.7,0.0,0.0,0.0,0.0,0.0,0.0,0.0,0.0,-1.118,0.0013,-0.0813,0.001,853.8,-726.0,-19.1,1.0,0.0,0.0,0.0,0.0,0.0,0.0,0.0,0.0,-2.19,3.19,139.6,0.7,35.5,65.882,35.0,1555.0
1779273427118314008,.2026-05-20 16:07:07.117,0X0000,1,1,1,1,0.7,0.7,0.7,0.7,-535.5,-62.0,324.3,-58.9,0.0,0.0,0.0,0.0,0.0,0.0,0.0,0.0,-1.1475,-0.0040999999999999995,-0.0896,0.001,880.2,-741.1,-24.7,1.0,0.0,0.0,0.0,0.0,0.0,0.0,0.0,0.0,-2.18,3.23,139.6,0.7,35.5,65.882,35.0,1555.0
1779273427480027915,2026-05-20 16:07:07.479,0X0000,1,1,1,1,0.7,0.7,0.7,0.7,-430.0,-56.9,322.1,-49.5,0.0,0.0,0.0,0.0,0.0,0.0,0.0,0.0,-1.0038,-0.0099,-0.0578,0.001,774.0,-641.9,0.4,1.0,0.0,0.0,0.0,0.0,0.0,0.0,0.0,0.0,-2.43,3.3,139.7,0.7,35.5,65.882,35.0,1555.0
1779273427840044508,42026-05-20 16:07:07.839,0X0000,1,1,1,1,0.7,0.7,0.7,0.7,-405.9,2.6,353.3,-58.6,0.0,0.0,0.0,0.0,0.0,0.0,0.0,0.0,-1.0132999999999999,0.08170000000000001,-0.0293,0.001,718.9,-719.0,22.7,1.0,0.0,0.0,0.0,0.0,0.0,0.0,0.0,0.0,-2.06,3.11,139.6,0.7,35.5,65.882,35.0,1555.0
1779273428202499841,2026-05-20 16:07:08.201,0X0000,1,1,1,1,0.7,0.7,0.7,0.7,-458.1,-65.7,299.3,-69.6,0.0,0.0,0.0,0.0,0.0,0.0,0.0,0.0,-1.0109,0.0052,-0.0793,0.001,772.2,-656.8,-21.9,1.0,0.0,0.0,0.0,0.0,0.0,0.0,0.0,0.0,-2.27,3.26,139.8,0.7,35.5,65.882,35.0,1555.0
1779273428563783785,+2026-05-20 16:07:08.563,0X0000,1,1,1,1,0.7,0.7,0.7,0.7,-407.9,-85.7,323.2,-28.6,0.0,0.0,0.0,0.0,0.0,0.0,0.0,0.0,-0.9758,-0.0762,-0.053700000000000005,0.001,794.1,-574.6,0.8,1.0,0.0,0.0,0.0,0.0,0.0,0.0,0.0,0.0,-1.95,3.05,139.6,0.7,35.5,65.882,35.0,1555.0
1779273428927161637,*2026-05-20 16:07:08.926,0X0000,1,1,1,1,0.7,0.7,0.7,0.7,-448.1,-73.1,328.9,-51.2,0.0,0.0,0.0,0.0,0.0,0.0,0.0,0.0,-1.037,-0.0292,-0.06570000000000001,0.001,812.3,-648.7,-9.5,1.0,0.0,0.0,0.0,0.0,0.0,0.0,0.0,0.0,-2.31,3.04,139.7,0.7,35.5,65.882,35.0,1555.0
1779273429296779303,/2026-05-20 16:07:09.296,0X0000,1,1,1,1,0.7,0.7,0.7,0.7,-445.9,-438.2,219.5,-74.3,0.0,0.0,0.0,0.0,0.0,0.0,0.0,0.0,-0.8881,-0.48569999999999997,-0.1993,0.001,1001.9,-208.7,-130.1,1.0,0.0,0.0,0.0,0.0,0.0,0.0,0.0,0.0,-2.18,3.25,139.5,0.7,35.6,65.882,35.0,1555.0
1779273429660353858,+2026-05-20 16:07:09.659,0X0000,1,1,1,1,0.7,0.7,0.7,0.7,-465.4,-60.1,336.1,16.0,0.0,0.0,0.0,0.0,0.0,0.0,0.0,0.0,-1.0697,-0.1016,-0.046799999999999994,0.001,880.4,-617.6,15.3,1.0,0.0,0.0,0.0,0.0,0.0,0.0,0.0,0.0,-1.98,3.14,139.5,0.7,35.5,65.882,35.0,1555.0
1779273430023789877,92026-05-20 16:07:10.023,0X0000,1,1,1,1,0.7,0.7,0.7,0.7,-426.4,-85.3,283.7,-62.4,0.0,0.0,0.0,0.0,0.0,0.0,0.0,0.0,-0.9477000000000001,-0.030600000000000002,-0.0783,0.001,745.0,-591.1,-25.4,1.0,0.0,0.0,0.0,0.0,0.0,0.0,0.0,0.0,-2.29,3.12,139.6,0.7,35.5,65.882,35.0,1555.0
1779273430389574395,2026-05-20 16:07:10.388,0X0000,1,1,1,1,0.7,0.7,0.7,0.7,-455.4,-88.1,316.7,-49.6,0.0,0.0,0.0,0.0,0.0,0.0,0.0,0.0,-1.0305,-0.0514,-0.0746,0.001,821.1,-629.0,-15.5,1.0,0.0,0.0,0.0,0.0,0.0,0.0,0.0,0.0,-2.31,3.17,139.6,0.7,35.5,65.882,35.0,1555.0
1779273430752397839,2026-05-20 16:07:10.751,0X0000,1,1,1,1,0.7,0.7,0.7,0.7,-435.8,-60.9,317.9,-35.8,0.0,0.0,0.0,0.0,0.0,0.0,0.0,0.0,-1.0059,-0.0335,-0.0579,0.001,790.8,-625.3,-2.4,1.0,0.0,0.0,0.0,0.0,0.0,0.0,0.0,0.0,-2.25,3.09,139.7,0.7,35.5,65.882,35.0,1555.0
1779273431114320820,2026-05-20 16:07:11.113,0X0000,1,1,1,1,0.7,0.7,0.7,0.7,-432.8,-6.5,319.3,-21.3,0.0,0.0,0.0,0.0,0.0,0.0,0.0,0.0,-1.0038,0.0198,-0.0381,0.001,753.5,-664.4,13.3,1.0,0.0,0.0,0.0,0.0,0.0,0.0,0.0,0.0,-2.24,2.98,139.7,0.7,35.5,65.882,35.0,1555.0
1779273431477707876,*2026-05-20 16:07:11.476,0X0000,1,1,1,1,0.7,0.7,0.7,0.7,-487.9,-58.8,346.7,-52.0,0.0,0.0,0.0,0.0,0.0,0.0,0.0,0.0,-1.1139000000000001,-0.0091,-0.068,0.001,859.1,-712.2,-13.4,1.0,0.0,0.0,0.0,0.0,0.0,0.0,0.0,0.0,-2.22,2.79,139.8,0.7,35.5,65.882,35.0,1555.0
1779273431839314024,2026-05-20 16:07:11.838,0X0000,1,1,1,1,0.7,0.7,0.7,0.7,-434.0,-31.6,325.4,-55.4,0.0,0.0,0.0,0.0,0.0,0.0,0.0,0.0,-1.0135,0.0318,-0.0528,0.001,754.2,-680.0,3.2,1.0,0.0,0.0,0.0,0.0,0.0,0.0,0.0,0.0,-2.39,3.24,139.7,0.7,35.5,65.882,35.0,1555.0
1779273432202253931,'2026-05-20 16:07:12.201,0X0000,1,1,1,1,0.7,0.7,0.7,0.7,-451.2,-54.4,330.7,-10.3,0.0,0.0,0.0,0.0,0.0,0.0,0.0,0.0,-1.0435999999999999,-0.0589,-0.05,0.001,834.3,-631.7,5.5,1.0,0.0,0.0,0.0,0.0,0.0,0.0,0.0,0.0,-2.14,2.93,139.6,0.7,35.5,65.882,35.0,1555.0
1779273432562950023,2026-05-20 16:07:12.562,0X0000,1,1,1,1,0.7,0.7,0.7,0.6,-432.8,-65.4,306.5,-70.5,0.0,0.0,0.0,0.0,0.0,0.0,0.0,0.0,-0.9867,0.0068,-0.0707,0.001,746.3,-649.0,-14.1,1.0,0.0,0.0,0.0,0.0,0.0,0.0,0.0,0.0,-2.09,3.3,139.3,0.6,35.5,65.882,35.0,1555.0
1779273432927856856,2026-05-20 16:07:12.927,0X0000,1,1,1,1,0.7,0.7,0.7,0.6,-483.1,-65.8,333.3,-47.4,0.0,0.0,0.0,0.0,0.0,0.0,0.0,0.0,-1.0896,-0.0246,-0.0709,0.001,850.9,-684.5,-14.3,1.0,0.0,0.0,0.0,0.0,0.0,0.0,0.0,0.0,-2.42,2.92,139.8,0.6,35.5,65.882,35.0,1555.0
1779273433291034486,*2026-05-20 16:07:13.290,0X0000,1,1,1,1,0.7,0.7,0.7,0.7,-463.8,-65.1,336.1,-71.9,0.0,0.0,0.0,0.0,0.0,0.0,0.0,0.0,-1.0675999999999999,0.0091,-0.0714,0.001,808.7,-700.5,-15.7,1.0,0.0,0.0,0.0,0.0,0.0,0.0,0.0,0.0,-2.11,3.01,139.5,0.7,35.4,65.882,35.0,1555.0
1779273433654023467,2026-05-20 16:07:13.653,0X0000,1,1,1,1,0.7,0.7,0.7,0.7,-472.5,-46.9,312.7,-54.5,0.0,0.0,0.0,0.0,0.0,0.0,0.0,0.0,-1.048,0.0101,-0.0705,0.001,791.8,-690.0,-11.4,1.0,0.0,0.0,0.0,0.0,0.0,0.0,0.0,0.0,-2.06,3.25,139.4,0.7,35.4,65.882,35.0,1555.0
1779273434016248652,2026-05-20 16:07:14.015,0X0000,1,1,1,1,0.7,0.7,0.7,0.7,-455.0,-59.7,321.1,-60.2,0.0,0.0,0.0,0.0,0.0,0.0,0.0,0.0,-1.0358,0.0007,-0.0685,0.001,793.4,-669.1,-19.7,1.0,0.0,0.0,0.0,0.0,0.0,0.0,0.0,0.0,-2.32,2.7,139.8,0.7,35.5,65.882,35.0,1555.0
1779273434377483337,2026-05-20 16:07:14.376,0X0000,1,1,1,1,0.7,0.7,0.7,0.7,-384.6,-5.7,332.6,-76.0,0.0,0.0,0.0,0.0,0.0,0.0,0.0,0.0,-0.9572,0.0938,-0.0361,0.001,670.2,-690.7,12.5,1.0,0.0,0.0,0.0,0.0,0.0,0.0,0.0,0.0,-2.44,3.15,139.7,0.7,35.5,65.882,35.0,1555.0
1779273434740859985,2026-05-20 16:07:14.740,0X0000,1,1,1,1,0.7,0.7,0.7,0.7,-419.7,-68.1,291.8,-64.2,0.0,0.0,0.0,0.0,0.0,0.0,0.0,0.0,-0.9496,-0.0052,-0.0702,0.001,732.8,-607.8,-19.9,1.0,0.0,0.0,0.0,0.0,0.0,0.0,0.0,0.0,-2.48,3.02,139.9,0.7,35.5,65.882,35.0,1555.0
1779273435105285966,2026-05-20 16:07:15.104,0X0000,1,1,1,1,0.7,0.7,0.7,0.7,-495.7,-44.0,328.9,-113.5,0.0,0.0,0.0,0.0,0.0,0.0,0.0,0.0,-1.1005,0.0928,-0.0874,0.001,786.0,-779.9,-37.7,1.0,0.0,0.0,0.0,0.0,0.0,0.0,0.0,0.0,-2.32,2.78,139.9,0.7,35.5,65.882,35.0,1555.0
1779273435466061225,82026-05-20 16:07:15.465,0X0000,1,1,1,1,0.7,0.7,0.7,0.7,-405.8,-49.0,324.7,-40.2,0.0,0.0,0.0,0.0,0.0,0.0,0.0,0.0,-0.975,-0.011699999999999999,-0.045899999999999996,0.001,753.5,-620.5,9.5,1.0,0.0,0.0,0.0,0.0,0.0,0.0,0.0,0.0,-2.46,3.23,139.8,0.7,35.5,65.882,35.0,1555.0
1779273435826810725,E2026-05-20 16:07:15.826,0X0000,1,1,1,1,0.7,0.7,0.7,0.7,-414.9,-63.6,325.2,-46.6,0.0,0.0,0.0,0.0,0.0,0.0,0.0,0.0,-0.9877999999999999,-0.022699999999999998,-0.053899999999999997,0.001,770.9,-620.4,1.4,1.0,0.0,0.0,0.0,0.0,0.0,0.0,0.0,0.0,-2.24,3.16,139.8,0.7,35.4,65.882,35.0,1555.0
1779273436162792206,2026-05-20 16:07:16.162,0X0000,1,1,1,1,0.7,0.7,0.7,0.7,-58.6,-110.3,296.2,-0.4,0.0,0.0,0.0,0.0,0.0,0.0,0.0,0.0,0.0,0.0,0.0,0.0,0.0,0.0,0.0,0.0,0.0,0.0,0.0,0.0,0.0,0.0,0.0,0.0,-2.02,2.58,140.0,0.7,35.5,65.882,35.0,1555.0
1779273436526328613,2026-05-20 16:07:16.525,0X0000,1,1,1,1,0.7,0.7,0.7,0.7,-414.5,-62.6,273.7,-56.2,0.0,0.0,0.0,0.0,0.0,0.0,0.0,0.0,-0.9185,-0.0085,-0.07,0.001,710.1,-586.7,-14.5,1.0,0.0,0.0,0.0,0.0,0.0,0.0,0.0,0.0,-2.37,3.44,139.8,0.7,35.5,65.882,35.0,1555.0
1779273436887621317,42026-05-20 16:07:16.886,0X0000,1,1,1,1,0.7,0.7,0.7,0.7,-420.1,-56.9,345.1,2.6,0.0,0.0,0.0,0.0,0.0,0.0,0.0,0.0,-1.0212999999999999,-0.07940000000000001,-0.0349,0.001,833.8,-595.7,22.1,1.0,0.0,0.0,0.0,0.0,0.0,0.0,0.0,0.0,-2.2,3.03,140.0,0.7,35.4,65.882,35.0,1555.0
1779273437248260150,E2026-05-20 16:07:17.247,0X0000,1,1,1,1,0.7,0.7,0.6,0.7,-428.2,-62.4,316.7,-27.0,0.0,0.0,0.0,0.0,0.0,0.0,0.0,0.0,-0.9942000000000001,-0.047200000000000006,-0.054200000000000005,0.001,793.7,-603.0,3.0,1.0,0.0,0.0,0.0,0.0,0.0,0.0,0.0,0.0,-2.26,3.19,140.0,0.6,35.5,65.882,35.0,1555.0
1779273437609744317,2026-05-20 16:07:17.609,0X0000,1,1,1,1,0.7,0.7,0.7,0.7,-436.7,-59.8,348.0,-64.8,0.0,0.0,0.0,0.0,0.0,0.0,0.0,0.0,-1.0473,0.0067,-0.0575,0.001,801.1,-677.0,0.7,1.0,0.0,0.0,0.0,0.0,0.0,0.0,0.0,0.0,-2.51,3.2,140.1,0.7,35.4,65.882,35.0,1555.0
1779273437972465057,2026-05-20 16:07:17.971,0X0000,1,1,1,1,0.7,0.7,0.7,0.7,-410.1,-64.0,314.8,-42.5,0.0,0.0,0.0,0.0,0.0,0.0,0.0,0.0,-0.9675,-0.0287,-0.0544,0.001,759.3,-602.7,-3.8,1.0,0.0,0.0,0.0,0.0,0.0,0.0,0.0,0.0,-2.19,2.93,139.8,0.7,35.4,65.882,35.0,1555.0
1779273438338290427,-2026-05-20 16:07:18.337,0X0000,1,1,1,1,0.7,0.7,0.6,0.6,-442.6,-114.3,353.3,-71.7,0.0,0.0,0.0,0.0,0.0,0.0,0.0,0.0,-1.0622,-0.0569,-0.07429999999999999,0.001,844.0,-651.7,-13.4,1.0,0.0,0.0,0.0,0.0,0.0,0.0,0.0,0.0,-1.76,3.19,139.2,0.6,35.4,65.882,35.0,1555.0
1779273438700787649,:2026-05-20 16:07:18.700,0X0000,1,1,1,1,0.7,0.7,0.6,0.6,-462.1,-65.2,340.6,-44.3,0.0,0.0,0.0,0.0,0.0,0.0,0.0,0.0,-1.0713,-0.027899999999999998,-0.062299999999999994,0.001,832.4,-677.8,-3.0,1.0,0.0,0.0,0.0,0.0,0.0,0.0,0.0,0.0,-2.08,3.12,139.3,0.6,35.4,65.882,35.0,1555.0
1779273439067752834,2026-05-20 16:07:19.067,0X0000,1,1,1,1,0.7,0.7,0.6,0.6,-454.3,-192.2,363.6,-62.1,0.0,0.0,0.0,0.0,0.0,0.0,0.0,0.0,-1.0916,-0.1736,-0.093,0.001,943.7,-582.3,-26.2,1.0,0.0,0.0,0.0,0.0,0.0,0.0,0.0,0.0,-2.22,3.15,139.2,0.6,35.4,65.882,35.0,1555.0
1779273439430398167,-2026-05-20 16:07:19.429,0X0000,1,1,1,1,0.6,0.7,0.6,0.6,-478.3,-48.8,324.4,-45.1,0.0,0.0,0.0,0.0,0.0,0.0,0.0,0.0,-1.0713,-0.004900000000000001,-0.0668,0.001,816.6,-696.6,-17.3,1.0,0.0,0.0,0.0,0.0,0.0,0.0,0.0,0.0,-2.01,2.64,139.2,0.6,35.4,65.882,35.0,1555.0
1779273439790679389,2026-05-20 16:07:19.790,0X0000,1,1,1,1,0.6,0.6,0.6,0.6,-415.3,-72.4,376.3,-67.5,0.0,0.0,0.0,0.0,0.0,0.0,0.0,0.0,-1.0565,-0.0065,-0.0482,0.001,801.7,-689.9,8.6,1.0,0.0,0.0,0.0,0.0,0.0,0.0,0.0,0.0,-2.09,3.07,138.9,0.6,35.4,65.882,35.0,1555.0
1779273440152434445,+2026-05-20 16:07:20.151,0X0000,1,1,1,1,0.6,0.6,0.6,0.6,-423.4,-88.9,322.2,-19.8,0.0,0.0,0.0,0.0,0.0,0.0,0.0,0.0,-0.9951,-0.0922,-0.056600000000000004,0.001,815.4,-580.5,-0.4,1.0,0.0,0.0,0.0,0.0,0.0,0.0,0.0,0.0,-2.51,3.0,139.2,0.6,35.4,65.882,35.0,1555.0
1779273440514729889,2026-05-20 16:07:20.514,0X0000,1,1,1,1,0.6,0.6,0.6,0.6,-436.4,-78.7,322.6,-80.6,0.0,0.0,0.0,0.0,0.0,0.0,0.0,0.0,-1.013,0.0025,-0.0737,0.001,764.7,-668.2,-16.7,1.0,0.0,0.0,0.0,0.0,0.0,0.0,0.0,0.0,-2.17,3.23,138.9,0.6,35.4,65.882,35.0,1555.0
1779273440876321352,2026-05-20 16:07:20.875,0X0000,1,1,1,1,0.6,0.6,0.6,0.6,-430.4,-55.6,375.6,-47.8,0.0,0.0,0.0,0.0,0.0,0.0,0.0,0.0,-1.0757,-0.0104,-0.0427,0.001,819.4,-698.0,20.9,1.0,0.0,0.0,0.0,0.0,0.0,0.0,0.0,0.0,-2.34,3.37,139.0,0.6,35.4,65.882,35.0,1555.0
1779273441213539870,2026-05-20 16:07:21.212,0X0000,1,1,1,1,0.6,0.6,0.6,0.6,-451.8,-732.4,308.2,-63.2,0.0,0.0,0.0,0.0,0.0,0.0,0.0,0.0,0.0,0.0,0.0,0.0,0.0,0.0,0.0,0.0,0.0,0.0,0.0,0.0,0.0,0.0,0.0,0.0,-2.78,3.23,139.5,0.6,35.4,65.882,35.0,1555.0
1779273441575665629,92026-05-20 16:07:21.575,0X0000,1,1,1,1,0.6,0.6,0.6,0.6,-452.4,-58.5,272.4,-28.7,0.0,0.0,0.0,0.0,0.0,0.0,0.0,0.0,-0.9672999999999999,-0.039799999999999995,-0.0721,0.001,765.6,-596.7,-18.1,1.0,0.0,0.0,0.0,0.0,0.0,0.0,0.0,0.0,-2.63,3.09,139.6,0.6,35.3,65.882,35.0,1555.0
1779273441937973277,2026-05-20 16:07:21.937,0X0000,1,1,1,1,0.6,0.6,0.6,0.6,-470.7,-28.8,350.7,-13.1,0.0,0.0,0.0,0.0,0.0,0.0,0.0,0.0,-1.0963,-0.021,-0.0437,0.001,849.3,-694.7,15.5,1.0,0.0,0.0,0.0,0.0,0.0,0.0,0.0,0.0,-2.4,3.05,139.6,0.6,35.4,65.882,35.0,1555.0
1779273442301516443,-2026-05-20 16:07:22.300,0X0000,1,1,1,1,0.6,0.6,0.6,0.6,-449.8,-142.5,336.7,-75.9,0.0,0.0,0.0,0.0,0.0,0.0,0.0,0.0,-1.0497,-0.0889,-0.08940000000000001,0.001,858.6,-616.1,-30.3,1.0,0.0,0.0,0.0,0.0,0.0,0.0,0.0,0.0,-2.06,3.05,139.4,0.6,35.3,65.882,35.0,1555.0
1779273442663038258,D2026-05-20 16:07:22.662,0X0000,1,1,1,1,0.6,0.6,0.6,0.6,-425.0,-57.6,354.9,-42.4,0.0,0.0,0.0,0.0,0.0,0.0,0.0,0.0,-1.0409000000000002,-0.020300000000000002,-0.045899999999999996,0.001,808.2,-657.8,0.2,1.0,0.0,0.0,0.0,0.0,0.0,0.0,0.0,0.0,-2.18,2.5,139.7,0.6,35.4,65.882,35.0,1555.0
1779273443025410443,-2026-05-20 16:07:23.024,0X0000,1,1,1,1,0.6,0.6,0.6,0.6,-435.7,-72.2,295.3,-60.7,0.0,0.0,0.0,0.0,0.0,0.0,0.0,0.0,-0.9756,-0.015300000000000001,-0.0737,0.001,751.5,-626.4,-15.7,1.0,0.0,0.0,0.0,0.0,0.0,0.0,0.0,0.0,-2.13,3.37,139.2,0.6,35.3,65.882,35.0,1555.0
1779273443383022165,2026-05-20 16:07:23.382,0X0000,1,1,1,1,0.6,0.6,0.6,0.6,-384.7,-50.3,327.7,-54.8,0.0,0.0,0.0,0.0,0.0,0.0,0.0,0.0,-0.9508,0.006,-0.0437,0.001,719.2,-623.4,9.0,1.0,0.0,0.0,0.0,0.0,0.0,0.0,0.0,0.0,-2.31,3.19,139.4,0.6,35.3,65.882,35.0,1555.0
1779273443744977591,2026-05-20 16:07:23.744,0X0000,1,1,1,1,0.6,0.6,0.6,0.6,-447.2,-59.7,326.0,-64.8,0.0,0.0,0.0,0.0,0.0,0.0,0.0,0.0,-1.0319,0.0068,-0.0663,0.001,785.2,-672.7,-14.7,1.0,0.0,0.0,0.0,0.0,0.0,0.0,0.0,0.0,-2.34,2.88,139.7,0.6,35.3,65.882,35.0,1555.0
1779273444105608979,'2026-05-20 16:07:24.104,0X0000,1,1,1,1,0.7,0.6,0.6,0.6,-477.2,-55.5,313.9,4.1,0.0,0.0,0.0,0.0,0.0,0.0,0.0,0.0,-1.0557999999999998,-0.0795,-0.0579,0.001,857.3,-623.9,-1.3,1.0,0.0,0.0,0.0,0.0,0.0,0.0,0.0,0.0,-2.27,2.9,139.6,0.6,35.3,65.882,35.0,1555.0
1779273444466120201,2026-05-20 16:07:24.465,0X0000,1,1,1,1,0.7,0.7,0.6,0.6,-381.7,-53.5,346.3,-51.9,0.0,0.0,0.0,0.0,0.0,0.0,0.0,0.0,-0.9716,-0.0021000000000000003,-0.038,0.001,745.4,-624.3,15.6,1.0,0.0,0.0,0.0,0.0,0.0,0.0,0.0,0.0,-2.76,3.16,139.9,0.6,35.3,65.882,35.0,1555.0
1779273444829224053,2026-05-20 16:07:24.828,0X0000,1,1,1,1,0.7,0.7,0.6,0.6,-458.2,-51.6,291.9,-46.8,0.0,0.0,0.0,0.0,0.0,0.0,0.0,0.0,-1.0011,-0.0064,-0.0714,0.001,768.2,-645.6,-18.4,1.0,0.0,0.0,0.0,0.0,0.0,0.0,0.0,0.0,-2.16,3.02,139.5,0.6,35.3,65.882,35.0,1555.0
1779273445192169682,2026-05-20 16:07:25.191,0X0000,1,1,1,1,0.8,0.7,0.6,0.7,-443.9,-47.2,306.8,-44.9,0.0,0.0,0.0,0.0,0.0,0.0,0.0,0.0,-1.0019,-0.0031,-0.061799999999999994,0.001,766.1,-648.6,-9.1,1.0,0.0,0.0,0.0,0.0,0.0,0.0,0.0,0.0,-2.12,3.01,139.5,0.6,35.3,65.882,35.0,1555.0
1779273445527815108,2026-05-20 16:07:25.527,0X0000,1,1,1,1,0.7,0.7,0.7,0.7,-442.4,-57.6,92.6,-78.5,0.0,0.0,0.0,0.0,0.0,0.0,0.0,0.0,0.0,0.0,0.0,0.0,0.0,0.0,0.0,0.0,0.0,0.0,0.0,0.0,0.0,0.0,0.0,0.0,-2.37,3.42,139.4,0.7,35.3,65.882,35.0,1555.0
1779273445893867589,2026-05-20 16:07:25.893,0X0000,1,1,1,1,0.7,0.7,0.7,0.7,-516.8,-57.2,318.2,-31.2,0.0,0.0,0.0,0.0,0.0,0.0,0.0,0.0,-1.1144,-0.0347,-0.07740000000000001,0.001,874.2,-696.0,-16.1,1.0,0.0,0.0,0.0,0.0,0.0,0.0,0.0,0.0,-2.35,3.08,139.6,0.7,35.3,65.882,35.0,1555.0
1779273446255651885,*2026-05-20 16:07:26.255,0X0000,1,1,1,1,0.8,0.8,0.7,0.7,-415.7,-16.4,336.3,-69.9,0.0,0.0,0.0,0.0,0.0,0.0,0.0,0.0,-1.0036,0.0714,-0.044700000000000004,0.001,720.6,-703.7,2.8,1.0,0.0,0.0,0.0,0.0,0.0,0.0,0.0,0.0,-2.32,2.88,139.7,0.7,35.3,65.882,35.0,1555.0
1779273446617127848,2026-05-20 16:07:26.616,0X0000,1,1,1,1,0.8,0.8,0.7,0.7,-416.2,-50.0,373.0,-56.6,0.0,0.0,0.0,0.0,0.0,0.0,0.0,0.0,-1.0533,0.0088,-0.0404,0.001,796.0,-690.8,13.4,1.0,0.0,0.0,0.0,0.0,0.0,0.0,0.0,0.0,-2.15,2.95,139.5,0.7,35.3,65.882,35.0,1555.0
1779273446980920348,.2026-05-20 16:07:26.980,0X0000,1,1,1,1,0.8,0.8,0.7,0.7,-547.6,-75.0,336.6,-71.9,0.0,0.0,0.0,0.0,0.0,0.0,0.0,0.0,-1.1801,-0.0040999999999999995,-0.0965,0.001,902.8,-765.4,-31.2,1.0,0.0,0.0,0.0,0.0,0.0,0.0,0.0,0.0,-2.11,3.16,139.4,0.7,35.3,65.882,35.0,1555.0
1779273447340502811,2026-05-20 16:07:27.339,0X0000,1,1,1,1,0.8,0.8,0.7,0.7,-419.0,-37.2,324.6,-43.1,0.0,0.0,0.0,0.0,0.0,0.0,0.0,0.0,-0.9924,0.0079,-0.0471,0.001,755.4,-645.3,7.1,1.0,0.0,0.0,0.0,0.0,0.0,0.0,0.0,0.0,-2.58,3.15,139.9,0.7,35.3,65.882,35.0,1555.0
1779273447702244681,2026-05-20 16:07:27.701,0X0000,1,1,1,1,0.8,0.8,0.7,0.7,-420.6,-51.4,325.4,-63.0,0.0,0.0,0.0,0.0,0.0,0.0,0.0,0.0,-0.9956,0.0155,-0.0565,0.001,751.3,-656.0,0.8,1.0,0.0,0.0,0.0,0.0,0.0,0.0,0.0,0.0,-2.25,3.33,139.7,0.7,35.3,65.882,35.0,1555.0
1779273448063914792,2026-05-20 16:07:28.063,0X0000,1,1,1,1,0.8,0.8,0.7,0.7,-416.6,-59.8,330.9,-53.7,0.0,0.0,0.0,0.0,0.0,0.0,0.0,0.0,-0.9976,-0.0081,-0.053700000000000005,0.001,771.2,-635.2,-1.5,1.0,0.0,0.0,0.0,0.0,0.0,0.0,0.0,0.0,-2.22,2.98,140.0,0.7,35.3,65.882,35.0,1555.0
1779273448425635125,2026-05-20 16:07:28.425,0X0000,1,1,1,1,0.8,0.8,0.7,0.8,-450.3,-53.7,338.5,-54.7,0.0,0.0,0.0,0.0,0.0,0.0,0.0,0.0,-1.0528,0.0013,-0.0594,0.001,808.8,-676.5,1.2,1.0,0.0,0.0,0.0,0.0,0.0,0.0,0.0,0.0,-2.28,3.3,140.1,0.7,35.2,65.882,35.0,1555.0
1779273448789446606,62026-05-20 16:07:28.788,0X0000,1,1,1,1,0.8,0.8,0.8,0.7,-450.1,-58.2,332.2,-66.9,0.0,0.0,0.0,0.0,0.0,0.0,0.0,0.0,-1.0440999999999998,0.0116,-0.06559999999999999,0.001,800.8,-673.2,-3.9,1.0,0.0,0.0,0.0,0.0,0.0,0.0,0.0,0.0,-2.59,3.41,140.5,0.7,35.3,65.882,35.0,1555.0
1779273449153347902,2026-05-20 16:07:29.152,0X0000,1,1,1,1,0.8,0.8,0.8,0.8,-463.3,-57.1,315.5,-58.4,0.0,0.0,0.0,0.0,0.0,0.0,0.0,0.0,-1.0394,0.0017,-0.071,0.001,808.5,-656.8,-17.9,1.0,0.0,0.0,0.0,0.0,0.0,0.0,0.0,0.0,-2.45,2.93,140.9,0.8,35.2,65.882,35.0,1555.0
1779273449519265809,2026-05-20 16:07:29.518,0X0000,1,1,1,1,0.8,0.8,0.8,0.8,-436.9,-77.6,331.8,-58.2,0.0,0.0,0.0,0.0,0.0,0.0,0.0,0.0,-1.0259,-0.0259,-0.065,0.001,814.9,-626.9,-15.3,1.0,0.0,0.0,0.0,0.0,0.0,0.0,0.0,0.0,-2.13,2.72,140.9,0.8,35.2,65.882,35.0,1555.0
1779273449855545513,2026-05-20 16:07:29.854,0X0000,1,1,1,1,0.8,0.8,0.8,0.8,-813.1,-5.2,305.1,-37.1,0.0,0.0,0.0,0.0,0.0,0.0,0.0,0.0,0.0,0.0,0.0,0.0,0.0,0.0,0.0,0.0,0.0,0.0,0.0,0.0,0.0,0.0,0.0,0.0,-2.34,3.33,140.8,0.8,35.2,65.882,35.0,1555.0
1779273450219002902,2026-05-20 16:07:30.218,0X0000,1,1,1,1,0.8,0.8,0.8,0.8,-441.0,-52.5,313.6,-25.9,0.0,0.0,0.0,0.0,0.0,0.0,0.0,0.0,-1.0071,-0.0355,-0.0555,0.001,806.9,-606.3,-5.1,1.0,0.0,0.0,0.0,0.0,0.0,0.0,0.0,0.0,-2.2,2.79,141.0,0.8,35.2,65.882,35.0,1555.0
1779273450580498235,2026-05-20 16:07:30.579,0X0000,1,1,1,1,0.8,0.8,0.8,0.8,-411.4,-0.7,372.1,-34.4,0.0,0.0,0.0,0.0,0.0,0.0,0.0,0.0,-1.0457,0.045,-0.0201,0.001,783.9,-693.1,32.9,1.0,0.0,0.0,0.0,0.0,0.0,0.0,0.0,0.0,-2.53,3.02,141.0,0.8,35.2,65.882,35.0,1555.0
1779273450946360809,2026-05-20 16:07:30.945,0X0000,1,1,1,1,0.8,0.8,0.8,0.8,-435.0,-97.9,341.5,-53.2,0.0,0.0,0.0,0.0,0.0,0.0,0.0,0.0,-1.0363,-0.0597,-0.066,0.001,841.0,-611.9,-10.6,1.0,0.0,0.0,0.0,0.0,0.0,0.0,0.0,0.0,-1.96,2.95,140.6,0.8,35.2,65.882,35.0,1555.0
1779273451312503494,2026-05-20 16:07:31.311,0X0000,1,1,1,1,0.8,0.8,0.8,0.7,-467.2,-67.8,331.9,-57.0,0.0,0.0,0.0,0.0,0.0,0.0,0.0,0.0,-1.0665,-0.0144,-0.0702,0.001,833.6,-669.0,-13.3,1.0,0.0,0.0,0.0,0.0,0.0,0.0,0.0,0.0,-2.14,3.03,140.4,0.7,35.2,65.882,35.0,1555.0
1779273451676176845,)2026-05-20 16:07:31.675,0X0000,1,1,1,1,0.8,0.8,0.8,0.8,-473.3,-48.0,309.6,-47.7,0.0,0.0,0.0,0.0,0.0,0.0,0.0,0.0,-1.0449000000000002,-0.0004,-0.07,0.001,810.5,-663.0,-12.4,1.0,0.0,0.0,0.0,0.0,0.0,0.0,0.0,0.0,-2.44,3.16,140.6,0.8,35.2,65.882,35.0,1555.0
1779273452038176049,2026-05-20 16:07:32.037,0X0000,1,1,1,1,0.8,0.8,0.8,0.7,-431.8,-52.3,332.7,-52.7,0.0,0.0,0.0,0.0,0.0,0.0,0.0,0.0,-1.0203,0.0005,-0.055,0.001,789.9,-648.1,-4.1,1.0,0.0,0.0,0.0,0.0,0.0,0.0,0.0,0.0,-2.2,2.86,140.6,0.7,35.2,65.882,35.0,1555.0
1779273452401161623,2026-05-20 16:07:32.400,0X0000,1,1,1,1,0.8,0.8,0.8,0.8,-409.7,-83.7,348.1,-51.6,0.0,0.0,0.0,0.0,0.0,0.0,0.0,0.0,-1.0114,-0.0428,-0.0531,0.001,810.4,-609.0,-0.6,1.0,0.0,0.0,0.0,0.0,0.0,0.0,0.0,0.0,-2.26,2.88,140.6,0.8,35.2,65.882,35.0,1555.0
1779273452767305141,+2026-05-20 16:07:32.766,0X0000,1,1,1,1,0.8,0.8,0.8,0.8,-535.3,-93.2,314.8,-74.2,0.0,0.0,0.0,0.0,0.0,0.0,0.0,0.0,-1.1345999999999998,-0.0254,-0.1046,0.001,896.6,-702.3,-41.9,1.0,0.0,0.0,0.0,0.0,0.0,0.0,0.0,0.0,-2.39,3.11,140.5,0.8,35.2,65.882,35.0,1555.0
1779273453131210289,2026-05-20 16:07:33.130,0X0000,1,1,1,1,0.8,0.8,0.8,0.8,-444.7,-54.2,307.2,-76.4,0.0,0.0,0.0,0.0,0.0,0.0,0.0,0.0,-1.0035,0.0296,-0.0723,0.001,756.1,-664.0,-20.0,1.0,0.0,0.0,0.0,0.0,0.0,0.0,0.0,0.0,-2.13,3.05,140.3,0.8,35.2,65.882,35.0,1555.0
1779273453494723603,*2026-05-20 16:07:33.494,0X0000,1,1,1,1,0.8,0.8,0.8,0.8,-404.9,-98.6,316.0,-65.6,0.0,0.0,0.0,0.0,0.0,0.0,0.0,0.0,-0.9621000000000001,-0.044,-0.0682,0.001,770.0,-582.3,-15.0,1.0,0.0,0.0,0.0,0.0,0.0,0.0,0.0,0.0,-2.15,3.07,140.2,0.8,35.2,65.882,35.0,1555.0
1779273453858538029,82026-05-20 16:07:33.857,0X0000,1,1,1,1,0.8,0.8,0.8,0.8,-423.1,-70.0,380.8,-29.0,0.0,0.0,0.0,0.0,0.0,0.0,0.0,0.0,-1.0729000000000002,-0.054700000000000006,-0.0381,0.001,855.0,-650.8,31.1,1.0,0.0,0.0,0.0,0.0,0.0,0.0,0.0,0.0,-2.32,3.58,139.8,0.8,35.2,65.882,35.0,1555.0
1779273454224493084,+2026-05-20 16:07:34.223,0X0000,1,1,1,1,0.8,0.8,0.8,0.8,-433.0,-70.5,318.3,-47.8,0.0,0.0,0.0,0.0,0.0,0.0,0.0,0.0,-1.0027000000000001,-0.0303,-0.0629,0.001,787.6,-624.3,-10.7,1.0,0.0,0.0,0.0,0.0,0.0,0.0,0.0,0.0,-2.12,2.92,139.8,0.8,35.2,65.882,35.0,1555.0
1779273454588922621,;2026-05-20 16:07:34.588,0X0000,1,1,1,1,0.8,0.8,0.8,0.8,-438.3,-60.9,307.6,-55.6,0.0,0.0,0.0,0.0,0.0,0.0,0.0,0.0,-0.9955,-0.0070999999999999995,-0.06670000000000001,0.001,763.0,-642.8,-13.6,1.0,0.0,0.0,0.0,0.0,0.0,0.0,0.0,0.0,-2.04,3.04,139.4,0.8,35.2,65.882,35.0,1555.0
1779273454952265584,)2026-05-20 16:07:34.951,0X0000,1,1,1,1,0.8,0.8,0.8,0.8,-472.8,-68.4,361.8,-48.6,0.0,0.0,0.0,0.0,0.0,0.0,0.0,0.0,-1.1139000000000001,-0.0264,-0.0615,0.001,862.5,-708.1,0.4,1.0,0.0,0.0,0.0,0.0,0.0,0.0,0.0,0.0,-2.29,3.13,139.2,0.8,35.2,65.882,35.0,1555.0
1779273455322456787,.2026-05-20 16:07:35.321,0X0000,1,1,1,1,0.8,0.8,0.8,0.8,-448.9,-387.1,332.4,-107.1,0.0,0.0,0.0,0.0,0.0,0.0,0.0,0.0,-1.0428,-0.3737,-0.16469999999999999,0.001,1040.4,-404.5,-90.1,1.0,0.0,0.0,0.0,0.0,0.0,0.0,0.0,0.0,-2.46,3.2,138.9,0.8,35.2,65.882,35.0,1555.0
1779273455685283547,2026-05-20 16:07:35.684,0X0000,1,1,1,1,0.8,0.8,0.8,0.8,-440.8,-44.7,338.7,-13.1,0.0,0.0,0.0,0.0,0.0,0.0,0.0,0.0,-1.0403,-0.0422,-0.0432,0.001,811.6,-653.6,8.6,1.0,0.0,0.0,0.0,0.0,0.0,0.0,0.0,0.0,-2.29,2.76,138.8,0.8,35.2,65.882,35.0,1555.0
1779273456048829843,72026-05-20 16:07:36.048,0X0000,1,1,1,1,0.8,0.8,0.8,0.8,-430.2,-29.6,329.0,-7.7,0.0,0.0,0.0,0.0,0.0,0.0,0.0,0.0,-1.0132999999999999,-0.0292,-0.037399999999999996,0.001,778.8,-649.6,19.5,1.0,0.0,0.0,0.0,0.0,0.0,0.0,0.0,0.0,-2.22,3.16,138.5,0.8,35.2,65.882,35.0,1555.0
1779273456414604953,.2026-05-20 16:07:36.414,0X0000,1,1,1,1,0.8,0.8,0.8,0.8,-415.4,-51.9,335.7,-34.1,0.0,0.0,0.0,0.0,0.0,0.0,0.0,0.0,-1.0024,-0.0238,-0.044700000000000004,0.001,782.9,-626.0,-51.7,1.0,0.0,0.0,0.0,0.0,0.0,0.0,0.0,0.0,-1.88,-0.45,139.9,0.8,35.1,65.882,35.0,1555.0
1779273456776192101,72026-05-20 16:07:36.775,0X0000,1,1,1,1,0.8,0.8,0.8,0.8,-298.1,-3.1,321.0,38.9,0.0,0.0,0.0,0.0,0.0,0.0,0.0,0.0,-0.8262999999999999,-0.056100000000000004,0.0158,0.001,669.9,-486.8,-21.9,1.0,0.0,0.0,0.0,0.0,0.0,0.0,0.0,0.0,-1.79,-2.74,140.1,0.8,35.2,65.882,35.0,1555.0
1779273457137986953,2026-05-20 16:07:37.137,0X0000,1,1,1,1,0.8,0.8,0.8,0.8,-272.1,81.0,241.0,57.8,0.0,0.0,0.0,0.0,0.0,0.0,0.0,0.0,-0.6848,0.031,0.029,0.001,515.1,-452.7,-22.6,1.0,0.0,0.0,0.0,0.0,0.0,0.0,0.0,0.0,-2.37,-4.21,141.3,0.8,35.2,65.882,35.0,1555.0
1779273457473939897,2026-05-20 16:07:37.473,0X0000,1,1,1,1,0.8,0.8,0.8,0.8,-157.8,-10.0,152.4,-9.1,0.0,0.0,0.0,0.0,0.0,0.0,0.0,0.0,0.0,0.0,0.0,0.0,0.0,0.0,0.0,0.0,0.0,0.0,0.0,0.0,0.0,0.0,0.0,0.0,-1.71,-2.4,140.3,0.8,35.2,65.882,35.0,1555.0
1779273457835242064,2026-05-20 16:07:37.834,0X0000,1,1,1,1,0.8,0.8,0.8,0.8,-84.4,-24.0,86.4,-24.9,0.0,0.0,0.0,0.0,0.0,0.0,0.0,0.0,-0.228,0.0012,-0.0127,0.001,175.9,-144.9,-13.9,1.0,0.0,0.0,0.0,0.0,0.0,0.0,0.0,0.0,-2.18,-0.3,140.7,0.8,35.2,65.882,35.0,1555.0
1779273458190975156,2026-05-20 16:07:38.190,0X0000,1,1,1,1,0.8,0.8,0.8,0.8,-45.8,21.0,86.4,8.3,0.0,0.0,0.0,0.0,0.0,0.0,0.0,0.0,-0.1764,0.0169,0.0188,0.001,123.6,-126.9,19.5,1.0,0.0,0.0,0.0,0.0,0.0,0.0,0.0,0.0,-1.88,0.41,139.9,0.8,35.2,65.882,35.0,1555.0
1779273458549674841,)2026-05-20 16:07:38.548,0X0000,1,1,1,1,0.8,0.8,0.8,0.8,-119.5,-1.0,70.7,4.3,0.0,0.0,0.0,0.0,0.0,0.0,0.0,0.0,-0.2538,-0.0070999999999999995,-0.0123,0.001,198.5,-158.4,-10.4,1.0,0.0,0.0,0.0,0.0,0.0,0.0,0.0,0.0,-2.3,0.36,139.7,0.8,35.2,65.882,35.0,1555.0
1779273458911220674,2026-05-20 16:07:38.910,0X0000,1,1,1,1,0.8,0.8,0.8,0.8,-30.8,-16.3,19.9,-110.9,0.0,0.0,0.0,0.0,0.0,0.0,0.0,0.0,-0.0677,0.1263,-0.0373,0.001,-30.1,-139.2,-40.4,1.0,0.0,0.0,0.0,0.0,0.0,0.0,0.0,0.0,-2.01,1.06,139.1,0.8,35.2,65.882,35.0,1555.0
1779273459262187711,2026-05-20 16:07:39.261,0X0000,1,1,1,1,0.8,0.8,0.8,0.8,-20.0,-5.3,36.9,5.8,0.0,0.0,0.0,0.0,0.0,0.0,0.0,0.0,-0.07590000000000001,-0.0148,0.0047,0.001,66.3,-39.3,7.3,1.0,0.0,0.0,0.0,0.0,0.0,0.0,0.0,0.0,-2.39,1.54,138.5,0.8,35.2,65.882,35.0,1555.0
1779273459615263915,2026-05-20 16:07:39.614,0X0000,1,1,1,1,0.8,0.8,0.8,0.8,-33.7,-7.7,31.3,0.3,0.0,0.0,0.0,0.0,0.0,0.0,0.0,0.0,-0.0868,-0.0107,-0.0027,0.001,72.1,-49.6,-0.2,1.0,0.0,0.0,0.0,0.0,0.0,0.0,0.0,0.0,-2.18,1.38,138.4,0.8,35.1,65.882,35.0,1555.0
1779273459970523470,2026-05-20 16:07:39.969,0X0000,1,1,1,1,0.8,0.9,0.8,0.8,-35.0,-2.3,29.9,-16.9,0.0,0.0,0.0,0.0,0.0,0.0,0.0,0.0,-0.0866,0.0195,-0.0066,0.001,52.1,-72.1,-5.2,1.0,0.0,0.0,0.0,0.0,0.0,0.0,0.0,0.0,-2.23,1.43,138.4,0.8,35.1,65.882,35.0,1555.0
