Timestamp,Time,Error,Status_1,Status_2,Status_3,Status_4,V_alt_1,V_alt_2,V_alt_3,V_alt_4,V_rad_1,V_rad_2,V_rad_3,V_rad_4,WV_rad_1,WV_rad_2,WV_rad_3,WV_rad_4,WV_credit_1,WV_credit_2,WV_credit_3,WV_credit_4,V_inst_1,V_inst_2,V_inst_3,V_inst_4,V_earth_1,V_earth_2,V_earth_3,V_earth_4,WV_inst_1,WV_inst_2,WV_inst_3,WV_inst_4,WV_earth_1,WV_earth_2,WV_earth_3,WV_earth_4,Roll,Pitch,Yaw,Altitude,Temperature,Pressure,Salinity,Sound_Speed
1779272919410859774,#2026-05-20 15:58:39.402,0X0000,1,1,1,1,0.8,0.9,0.8,0.8,9.1,-0.3,-8.9,-1.9,0.0,0.0,0.0,0.0,0.0,0.0,0.0,0.0,0.024,0.0021000000000000003,-0.0006,0.001,-21.0,-11.9,-1.3,1.0,0.0,0.0,0.0,0.0,0.0,0.0,0.0,0.0,-2.27,1.48,204.5,0.8,34.2,65.882,35.0,1554.0
1779272919750364940,2026-05-20 15:58:39.749,0X0000,1,1,1,1,0.8,0.8,0.8,0.8,11.6,1.7,-11.3,1.7,0.0,0.0,0.0,0.0,0.0,0.0,0.0,0.0,0.030600000000000002,0.0,0.001,0.001,-27.8,-12.9,0.2,1.0,0.0,0.0,0.0,0.0,0.0,0.0,0.0,0.0,-2.25,1.46,204.9,0.8,34.2,65.882,35.0,1554.0
1779272920098667588,2026-05-20 15:58:40.098,0X0000,1,1,1,1,0.8,0.8,0.8,0.8,9.8,2.4,-5.8,0.5,0.0,0.0,0.0,0.0,0.0,0.0,0.0,0.0,0.0208,0.0025,0.0019,0.001,-17.7,-11.2,1.3,1.0,0.0,0.0,0.0,0.0,0.0,0.0,0.0,0.0,-2.18,1.48,205.1,0.8,34.2,65.882,35.0,1554.0
1779272920450133180,2026-05-20 15:58:40.449,0X0000,1,1,1,1,0.8,0.9,0.8,0.8,5.7,0.4,-6.5,-1.1,0.0,0.0,0.0,0.0,0.0,0.0,0.0,0.0,0.016300000000000002,0.002,-0.0004,0.001,-13.9,-8.8,-0.9,1.0,0.0,0.0,0.0,0.0,0.0,0.0,0.0,0.0,-2.22,1.55,205.4,0.8,34.2,65.882,35.0,1554.0
1779272920797040088,2026-05-20 15:58:40.796,0X0000,1,1,1,1,0.8,0.9,0.8,0.8,5.9,1.8,-2.8,0.4,0.0,0.0,0.0,0.0,0.0,0.0,0.0,0.0,0.0116,0.0019,0.0014,0.001,-9.7,-6.7,1.0,1.0,0.0,0.0,0.0,0.0,0.0,0.0,0.0,0.0,-2.25,1.55,205.3,0.8,34.2,65.882,35.0,1554.0
1779272921145573550,2026-05-20 15:58:41.145,0X0000,1,1,1,1,0.8,0.9,0.8,0.8,-0.4,0.2,0.4,-0.8,0.0,0.0,0.0,0.0,0.0,0.0,0.0,0.0,-0.0011,0.0013,-0.0002,0.001,1.6,-0.7,-0.2,1.0,0.0,0.0,0.0,0.0,0.0,0.0,0.0,0.0,-2.24,1.77,205.3,0.8,34.2,65.882,35.0,1554.0
1779272921494596846,2026-05-20 15:58:41.494,0X0000,1,1,1,1,0.8,0.9,0.8,0.8,-4.4,-0.4,3.2,-1.1,0.0,0.0,0.0,0.0,0.0,0.0,0.0,0.0,-0.0101,0.0009,-0.0007,0.001,9.6,3.4,-0.4,1.0,0.0,0.0,0.0,0.0,0.0,0.0,0.0,0.0,-2.11,1.73,204.6,0.8,34.3,65.882,35.0,1554.0
1779272921841593605,2026-05-20 15:58:41.841,0X0000,1,1,1,1,0.8,0.9,0.8,0.8,-2.2,1.9,6.6,1.2,0.0,0.0,0.0,0.0,0.0,0.0,0.0,0.0,-0.011699999999999999,0.0009,0.002,0.001,11.0,3.8,2.2,1.0,0.0,0.0,0.0,0.0,0.0,0.0,0.0,0.0,-2.27,1.39,204.1,0.8,34.2,65.882,35.0,1554.0
1779272922193580179,#2026-05-20 15:58:42.193,0X0000,1,1,1,1,0.8,0.8,0.8,0.8,-7.8,-2.1,4.1,-2.0,0.0,0.0,0.0,0.0,0.0,0.0,0.0,0.0,-0.0159,-0.0001,-0.0021000000000000003,0.001,14.5,6.5,-1.7,1.0,0.0,0.0,0.0,0.0,0.0,0.0,0.0,0.0,-2.21,1.41,203.4,0.8,34.2,65.882,35.0,1554.0
1779272922544200957,2026-05-20 15:58:42.543,0X0000,1,1,1,1,0.8,0.8,0.8,0.8,-5.9,-0.7,5.1,-0.4,0.0,0.0,0.0,0.0,0.0,0.0,0.0,0.0,-0.0147,-0.0004,-0.0005,0.001,13.4,6.1,-0.1,1.0,0.0,0.0,0.0,0.0,0.0,0.0,0.0,0.0,-2.28,1.47,203.0,0.8,34.2,65.882,35.0,1554.0
1779272922893124049,2026-05-20 15:58:42.892,0X0000,1,1,1,1,0.8,0.8,0.8,0.8,-4.8,-0.1,6.0,0.9,0.0,0.0,0.0,0.0,0.0,0.0,0.0,0.0,-0.0144,-0.0013,0.0005,0.001,12.8,6.7,0.9,1.0,0.0,0.0,0.0,0.0,0.0,0.0,0.0,0.0,-2.34,1.32,202.4,0.8,34.2,65.882,35.0,1554.0
1779272923244440808,2026-05-20 15:58:43.243,0X0000,1,1,1,1,0.8,0.8,0.8,0.8,-8.1,-2.1,4.3,-1.7,0.0,0.0,0.0,0.0,0.0,0.0,0.0,0.0,-0.0165,-0.0005,-0.002,0.001,15.1,6.7,-1.6,1.0,0.0,0.0,0.0,0.0,0.0,0.0,0.0,0.0,-2.2,1.46,201.8,0.8,34.2,65.882,35.0,1554.0
1779272923593841364,2026-05-20 15:58:43.593,0X0000,1,1,1,1,0.8,0.8,0.8,0.8,-4.7,-0.3,4.9,0.8,0.0,0.0,0.0,0.0,0.0,0.0,0.0,0.0,-0.0128,-0.0015,0.0002,0.001,11.4,6.0,0.6,1.0,0.0,0.0,0.0,0.0,0.0,0.0,0.0,0.0,-2.25,1.48,201.3,0.8,34.2,65.882,35.0,1554.0
1779272923940531086,2026-05-20 15:58:43.939,0X0000,1,1,1,1,0.8,0.8,0.8,0.8,-3.7,0.1,4.0,0.6,0.0,0.0,0.0,0.0,0.0,0.0,0.0,0.0,-0.0103,-0.0007,0.0003,0.001,9.4,4.3,0.6,1.0,0.0,0.0,0.0,0.0,0.0,0.0,0.0,0.0,-2.2,1.77,201.0,0.8,34.2,65.882,35.0,1554.0
1779272924290038974,2026-05-20 15:58:44.289,0X0000,1,1,1,1,0.8,0.9,0.8,0.8,-3.1,0.5,1.0,-2.4,0.0,0.0,0.0,0.0,0.0,0.0,0.0,0.0,-0.0055,0.0039,-0.0011,0.001,6.6,-1.6,-1.1,1.0,0.0,0.0,0.0,0.0,0.0,0.0,0.0,0.0,-2.14,1.55,201.9,0.8,34.2,65.882,35.0,1554.0
1779272924642451715,2026-05-20 15:58:44.641,0X0000,1,1,1,1,0.8,0.9,0.8,0.8,-3.0,1.2,-2.8,-10.8,0.0,0.0,0.0,0.0,0.0,0.0,0.0,0.0,-0.0003,0.016,-0.004200000000000001,0.001,7.7,-13.8,-4.8,1.0,0.0,0.0,0.0,0.0,0.0,0.0,0.0,0.0,-2.05,1.38,207.7,0.8,34.2,65.882,35.0,1554.0
1779272924991510455,2026-05-20 15:58:44.990,0X0000,1,1,1,1,0.8,0.8,0.8,0.8,17.3,13.2,2.4,1.3,0.0,0.0,0.0,0.0,0.0,0.0,0.0,0.0,0.019899999999999998,0.0159,0.0092,0.001,-6.8,-24.9,8.1,1.0,0.0,0.0,0.0,0.0,0.0,0.0,0.0,0.0,-2.16,1.42,215.9,0.8,34.2,65.882,35.0,1554.0
1779272925342977400,2026-05-20 15:58:45.342,0X0000,1,1,1,1,0.8,0.9,0.8,0.8,5.0,6.4,-4.9,-10.3,0.0,0.0,0.0,0.0,0.0,0.0,0.0,0.0,0.0132,0.0223,-0.001,0.001,5.6,-25.2,-2.2,1.0,0.0,0.0,0.0,0.0,0.0,0.0,0.0,0.0,-2.24,1.29,223.3,0.8,34.2,65.882,35.0,1554.0
1779272925694536603,2026-05-20 15:58:45.693,0X0000,1,1,1,1,0.8,0.9,0.8,0.8,7.6,11.8,-4.2,-7.2,0.0,0.0,0.0,0.0,0.0,0.0,0.0,0.0,0.0157,0.0254,0.0021000000000000003,0.001,10.1,-28.2,0.6,1.0,0.0,0.0,0.0,0.0,0.0,0.0,0.0,0.0,-2.47,1.5,231.3,0.8,34.2,65.882,35.0,1554.0
1779272926044895418,2026-05-20 15:58:46.044,0X0000,1,1,1,1,0.8,0.9,0.8,0.8,15.0,13.2,-3.8,-4.3,0.0,0.0,0.0,0.0,0.0,0.0,0.0,0.0,0.0251,0.023399999999999997,0.0054,0.001,7.2,-33.8,3.6,1.0,0.0,0.0,0.0,0.0,0.0,0.0,0.0,0.0,-2.62,1.59,238.9,0.8,34.2,65.882,35.0,1554.0
1779272926398567029,02026-05-20 15:58:46.397,0X0000,1,1,1,1,0.8,0.9,0.8,0.8,7.4,12.1,-6.6,-11.2,0.0,0.0,0.0,0.0,0.0,0.0,0.0,0.0,0.018699999999999998,0.031100000000000003,0.0004,0.001,20.6,-29.9,-1.2,1.0,0.0,0.0,0.0,0.0,0.0,0.0,0.0,0.0,-2.04,1.41,245.6,0.8,34.2,65.882,35.0,1554.0
1779272926749730047,2026-05-20 15:58:46.749,0X0000,1,1,1,1,0.8,0.9,0.8,0.8,14.1,19.4,-7.7,-9.8,0.0,0.0,0.0,0.0,0.0,0.0,0.0,0.0,0.0291,0.039,0.0043,0.001,29.0,-39.3,1.5,1.0,0.0,0.0,0.0,0.0,0.0,0.0,0.0,0.0,-2.98,1.42,253.1,0.8,34.2,65.882,35.0,1554.0
1779272927101081602,2026-05-20 15:58:47.100,0X0000,1,1,1,1,0.8,0.9,0.8,0.8,14.0,18.6,-7.0,-8.9,0.0,0.0,0.0,0.0,0.0,0.0,0.0,0.0,0.028,0.0367,0.0045,0.001,31.4,-34.0,2.5,1.0,0.0,0.0,0.0,0.0,0.0,0.0,0.0,0.0,-1.9,1.55,260.1,0.8,34.2,65.882,35.0,1554.0
1779272927456642528,2026-05-20 15:58:47.456,0X0000,1,1,1,1,0.8,0.9,0.8,0.8,16.0,15.2,-10.1,-11.9,0.0,0.0,0.0,0.0,0.0,0.0,0.0,0.0,0.0348,0.0362,0.0025,0.001,34.7,-36.4,-0.1,1.0,0.0,0.0,0.0,0.0,0.0,0.0,0.0,0.0,-2.6,1.64,267.5,0.8,34.2,65.882,35.0,1554.0
1779272927810143343,2026-05-20 15:58:47.809,0X0000,1,1,1,1,0.8,0.9,0.8,0.8,19.7,22.1,-12.5,-9.7,0.0,0.0,0.0,0.0,0.0,0.0,0.0,0.0,0.043,0.0424,0.0053,0.001,46.0,-39.4,2.7,1.0,0.0,0.0,0.0,0.0,0.0,0.0,0.0,0.0,-1.89,1.64,274.8,0.8,34.2,65.882,35.0,1554.0
1779272928163864102,02026-05-20 15:58:48.163,0X0000,1,1,1,1,0.9,0.9,0.8,0.8,21.5,16.3,-13.2,-9.4,0.0,0.0,0.0,0.0,0.0,0.0,0.0,0.0,0.046299999999999994,0.0343,0.0040999999999999995,0.001,43.1,-38.5,1.7,1.0,0.0,0.0,0.0,0.0,0.0,0.0,0.0,0.0,-2.3,1.29,281.7,0.8,34.2,65.882,35.0,1554.0
1779272928517491101,2026-05-20 15:58:48.516,0X0000,1,1,1,1,0.8,0.9,0.8,0.8,20.0,15.6,-25.6,-10.1,0.0,0.0,0.0,0.0,0.0,0.0,0.0,0.0,0.060899999999999996,0.0343,0.0,0.001,52.3,-46.3,-3.0,1.0,0.0,0.0,0.0,0.0,0.0,0.0,0.0,0.0,-2.48,1.4,289.2,0.8,34.2,65.882,35.0,1554.0
1779272928871273620,2026-05-20 15:58:48.870,0X0000,1,1,1,1,0.8,0.9,0.8,0.8,20.6,17.8,-16.5,-10.7,0.0,0.0,0.0,0.0,0.0,0.0,0.0,0.0,0.0495,0.038,0.003,0.001,56.2,-27.3,0.3,1.0,0.0,0.0,0.0,0.0,0.0,0.0,0.0,0.0,-2.32,1.38,296.5,0.8,34.2,65.882,35.0,1554.0
1779272929227338675,2026-05-20 15:58:49.226,0X0000,1,1,1,1,0.8,0.9,0.8,0.8,19.0,16.8,-15.9,-11.7,0.0,0.0,0.0,0.0,0.0,0.0,0.0,0.0,0.0466,0.038,0.0022,0.001,57.5,-17.7,-0.6,1.0,0.0,0.0,0.0,0.0,0.0,0.0,0.0,0.0,-2.63,1.34,303.7,0.8,34.2,65.882,35.0,1554.0
1779272929581000638,2026-05-20 15:58:49.580,0X0000,1,1,1,1,0.9,0.9,0.8,0.8,25.8,18.4,-18.5,-12.7,0.0,0.0,0.0,0.0,0.0,0.0,0.0,0.0,0.0591,0.0415,0.0035,0.001,70.4,-16.8,0.9,1.0,0.0,0.0,0.0,0.0,0.0,0.0,0.0,0.0,-1.63,1.39,311.5,0.8,34.2,65.882,35.0,1554.0
1779272929936555619,2026-05-20 15:58:49.935,0X0000,1,1,1,1,0.9,0.9,0.8,0.8,28.9,18.4,-25.3,-11.7,0.0,0.0,0.0,0.0,0.0,0.0,0.0,0.0,0.0723,0.0402,0.0027,0.001,80.6,-18.5,-0.8,1.0,0.0,0.0,0.0,0.0,0.0,0.0,0.0,0.0,-2.63,1.32,318.0,0.8,34.2,65.882,35.0,1554.0
1779272930292322656,2026-05-20 15:58:50.291,0X0000,1,1,1,1,0.9,0.9,0.8,0.8,31.9,17.1,-30.3,-13.0,0.0,0.0,0.0,0.0,0.0,0.0,0.0,0.0,0.083,0.0402,0.0015,0.001,91.2,-13.4,-2.0,1.0,0.0,0.0,0.0,0.0,0.0,0.0,0.0,0.0,-1.78,1.58,325.8,0.8,34.2,65.882,35.0,1554.0
1779272930643879304,2026-05-20 15:58:50.643,0X0000,1,1,1,1,0.9,0.9,0.8,0.8,38.3,22.4,-26.2,-9.7,0.0,0.0,0.0,0.0,0.0,0.0,0.0,0.0,0.0861,0.0428,0.0066,0.001,96.3,-1.2,3.3,1.0,0.0,0.0,0.0,0.0,0.0,0.0,0.0,0.0,-1.69,1.35,332.8,0.8,34.3,65.882,35.0,1554.0
1779272930996380452,2026-05-20 15:58:50.995,0X0000,1,1,1,1,0.9,0.9,0.8,0.8,40.1,20.7,-31.1,-5.0,0.0,0.0,0.0,0.0,0.0,0.0,0.0,0.0,0.095,0.0343,0.0067,0.001,101.1,-2.6,2.7,1.0,0.0,0.0,0.0,0.0,0.0,0.0,0.0,0.0,-2.79,1.4,338.6,0.8,34.2,65.882,35.0,1554.0
1779272931350126896,2026-05-20 15:58:51.349,0X0000,1,1,1,1,0.9,0.9,0.8,0.8,51.9,21.1,-29.9,-8.2,0.0,0.0,0.0,0.0,0.0,0.0,0.0,0.0,0.1092,0.0391,0.0094,0.001,115.7,10.9,5.2,1.0,0.0,0.0,0.0,0.0,0.0,0.0,0.0,0.0,-1.72,1.61,345.6,0.8,34.3,65.882,35.0,1554.0
1779272931702968766,!2026-05-20 15:58:51.702,0X0000,1,1,1,1,0.8,0.9,0.8,0.8,13.7,14.2,-14.6,-7.0,0.0,0.0,0.0,0.0,0.0,0.0,0.0,0.0,0.0378,0.028300000000000002,0.0017,0.001,42.2,21.2,-2.2,1.0,0.0,0.0,0.0,0.0,0.0,0.0,0.0,0.0,-2.4,4.05,349.9,0.8,34.3,65.882,35.0,1554.0
1779272932041057618,2026-05-20 15:58:52.040,0X0000,1,1,1,1,0.9,0.9,0.8,0.8,-104.1,-11.5,98.8,-19.0,0.0,0.0,0.0,0.0,0.0,0.0,0.0,0.0,0.0,0.0,0.0,0.0,0.0,0.0,0.0,0.0,0.0,0.0,0.0,0.0,0.0,0.0,0.0,0.0,-2.72,8.78,352.2,0.8,34.3,65.882,35.0,1554.0
1779272932416817692,2026-05-20 15:58:52.416,0X0000,0,1,1,1,0.9,0.9,0.8,0.8,0.0,-29.8,122.9,-46.1,-55.0,0.0,0.0,0.0,1.0,0.0,0.0,0.0,-0.4294,0.0218,-0.0409,0.001,-423.5,83.3,16.7,1.0,0.0,0.0,0.0,0.0,0.0,0.0,0.0,0.0,-2.46,7.78,351.7,0.8,34.2,65.882,35.0,1554.0
1779272932755534525,2026-05-20 15:58:52.754,0X0000,1,1,1,1,0.9,0.9,0.8,0.8,-320.1,-19.8,264.0,-48.7,0.0,0.0,0.0,0.0,0.0,0.0,0.0,0.0,0.0,0.0,0.0,0.0,0.0,0.0,0.0,0.0,0.0,0.0,0.0,0.0,0.0,0.0,0.0,0.0,-2.2,7.63,350.0,0.8,34.3,65.882,35.0,1554.0
1779272933119742025,)2026-05-20 15:58:53.119,0X0000,1,1,1,1,0.9,0.9,0.8,0.8,-424.6,-94.9,270.0,-82.0,0.0,0.0,0.0,0.0,0.0,0.0,0.0,0.0,-0.927,-0.0172,-0.08940000000000001,0.001,-915.1,173.7,2.9,1.0,0.0,0.0,0.0,0.0,0.0,0.0,0.0,0.0,-2.04,5.65,348.1,0.8,34.2,65.882,35.0,1554.0
1779272933482145432,52026-05-20 15:58:53.481,0X0000,1,1,1,1,0.9,0.9,0.8,0.8,-406.3,-46.4,306.0,-50.6,0.0,0.0,0.0,0.0,0.0,0.0,0.0,0.0,-0.9507000000000001,0.0056,-0.053200000000000004,0.001,-925.9,222.1,8.0,1.0,0.0,0.0,0.0,0.0,0.0,0.0,0.0,0.0,-2.26,3.7,346.8,0.8,34.2,65.882,35.0,1554.0
1779272933844234654,+2026-05-20 15:58:53.843,0X0000,1,1,1,1,0.9,0.9,0.8,0.8,-416.2,-51.7,331.5,-98.4,0.0,0.0,0.0,0.0,0.0,0.0,0.0,0.0,-0.9979,0.062299999999999994,-0.0633,0.001,-954.4,304.5,-4.6,1.0,0.0,0.0,0.0,0.0,0.0,0.0,0.0,0.0,-2.25,3.51,345.8,0.8,34.3,65.882,35.0,1554.0
1779272934208274894,2026-05-20 15:58:54.207,0X0000,1,1,1,1,0.9,0.9,0.8,0.8,-444.6,-49.5,312.2,-14.6,0.0,0.0,0.0,0.0,0.0,0.0,0.0,0.0,-1.0101,-0.0466,-0.053,0.001,-989.3,215.8,-2.2,1.0,0.0,0.0,0.0,0.0,0.0,0.0,0.0,0.0,-2.19,2.78,345.0,0.8,34.2,65.882,35.0,1554.0
1779272934570382690,2026-05-20 15:58:54.569,0X0000,1,1,1,1,0.9,0.9,0.8,0.8,-401.8,-32.8,325.6,-48.8,0.0,0.0,0.0,0.0,0.0,0.0,0.0,0.0,-0.9708,0.0214,-0.0426,0.001,-929.9,282.8,0.5,1.0,0.0,0.0,0.0,0.0,0.0,0.0,0.0,0.0,-2.17,2.59,344.3,0.8,34.3,65.882,35.0,1554.0
1779272934934584190,2026-05-20 15:58:54.933,0X0000,1,1,1,1,0.9,0.9,0.8,0.8,-394.7,-62.6,314.2,-38.1,0.0,0.0,0.0,0.0,0.0,0.0,0.0,0.0,-0.9461,-0.0327,-0.0489,0.001,-919.5,230.5,-2.5,1.0,0.0,0.0,0.0,0.0,0.0,0.0,0.0,0.0,-2.2,2.74,343.9,0.8,34.2,65.882,35.0,1554.0
1779272935300732153,2026-05-20 15:58:55.300,0X0000,1,1,1,1,0.9,0.9,0.8,0.8,-419.1,-85.9,335.3,-56.5,0.0,0.0,0.0,0.0,0.0,0.0,0.0,0.0,-1.0068,-0.039200000000000006,-0.061,0.001,-980.7,239.0,-10.1,1.0,0.0,0.0,0.0,0.0,0.0,0.0,0.0,0.0,-2.24,2.81,344.0,0.8,34.3,65.882,35.0,1554.0
1779272935666892931,2026-05-20 15:58:55.666,0X0000,1,1,1,1,0.9,0.9,0.8,0.8,-437.1,-69.6,339.0,-51.2,0.0,0.0,0.0,0.0,0.0,0.0,0.0,0.0,-1.0358,-0.0246,-0.059,0.001,-1003.3,264.6,-7.7,1.0,0.0,0.0,0.0,0.0,0.0,0.0,0.0,0.0,-2.36,2.78,343.8,0.8,34.2,65.882,35.0,1554.0
1779272936031271912,+2026-05-20 15:58:56.030,0X0000,1,1,1,1,0.9,0.9,0.9,0.8,-420.5,-58.6,296.8,-107.5,0.0,0.0,0.0,0.0,0.0,0.0,0.0,0.0,-0.9572999999999999,0.0653,-0.0782,0.001,-904.3,328.0,-35.5,1.0,0.0,0.0,0.0,0.0,0.0,0.0,0.0,0.0,-2.64,2.73,343.8,0.8,34.2,65.882,35.0,1554.0
1779272936393956856,)2026-05-20 15:58:56.393,0X0000,1,1,1,1,0.9,0.9,0.8,0.8,-379.1,-54.4,350.8,-32.0,0.0,0.0,0.0,0.0,0.0,0.0,0.0,0.0,-0.9742000000000001,-0.0299,-0.031,0.001,-946.4,234.7,17.0,1.0,0.0,0.0,0.0,0.0,0.0,0.0,0.0,0.0,-2.58,2.75,344.3,0.8,34.2,65.882,35.0,1554.0
1779272936757936930,92026-05-20 15:58:56.757,0X0000,1,1,1,1,0.9,0.9,0.8,0.8,-438.2,-84.9,259.2,-36.9,0.0,0.0,0.0,0.0,0.0,0.0,0.0,0.0,-0.9308,-0.06409999999999999,-0.08109999999999999,0.001,-919.2,177.6,-26.7,1.0,0.0,0.0,0.0,0.0,0.0,0.0,0.0,0.0,-2.38,3.18,345.0,0.8,34.2,65.882,35.0,1554.0
1779272937119887319,2026-05-20 15:58:57.119,0X0000,1,1,1,1,0.9,0.9,0.8,0.8,-402.0,-93.4,317.2,52.0,0.0,0.0,0.0,0.0,0.0,0.0,0.0,0.0,-0.9599,-0.1941,-0.034,0.001,-978.5,48.8,17.2,1.0,0.0,0.0,0.0,0.0,0.0,0.0,0.0,0.0,-2.13,2.63,345.7,0.8,34.2,65.882,35.0,1554.0
1779272937479956652,2026-05-20 15:58:57.479,0X0000,1,1,1,1,0.9,0.9,0.8,0.8,-417.6,-28.8,293.1,-34.6,0.0,0.0,0.0,0.0,0.0,0.0,0.0,0.0,-0.9485,0.0077,-0.0507,0.001,-919.2,239.5,0.6,1.0,0.0,0.0,0.0,0.0,0.0,0.0,0.0,0.0,-2.73,3.12,345.8,0.8,34.2,65.882,35.0,1554.0
1779272937841477485,+2026-05-20 15:58:57.840,0X0000,1,1,1,1,0.9,0.8,0.8,0.8,-426.0,-50.7,335.6,-45.5,0.0,0.0,0.0,0.0,0.0,0.0,0.0,0.0,-1.0165,-0.006900000000000001,-0.0503,0.001,-992.6,224.8,3.5,1.0,0.0,0.0,0.0,0.0,0.0,0.0,0.0,0.0,-2.46,3.02,346.8,0.8,34.2,65.882,35.0,1554.0
1779272938205210948,)2026-05-20 15:58:58.204,0X0000,1,1,1,1,0.8,0.8,0.8,0.8,-426.1,-65.8,315.8,-83.8,0.0,0.0,0.0,0.0,0.0,0.0,0.0,0.0,-0.9902000000000001,0.024,-0.0701,0.001,-963.7,238.1,-22.0,1.0,0.0,0.0,0.0,0.0,0.0,0.0,0.0,0.0,-2.46,2.84,347.4,0.8,34.2,65.882,35.0,1554.0
1779272938568491614,2026-05-20 15:58:58.567,0X0000,1,1,1,1,0.8,0.8,0.8,0.8,-419.2,-47.6,318.1,-85.6,0.0,0.0,0.0,0.0,0.0,0.0,0.0,0.0,-0.984,0.0507,-0.0632,0.001,-953.4,256.0,-19.0,1.0,0.0,0.0,0.0,0.0,0.0,0.0,0.0,0.0,-2.65,2.71,347.8,0.8,34.3,65.882,35.0,1554.0
1779272938932607206,2026-05-20 15:58:58.932,0X0000,1,1,1,1,0.8,0.8,0.8,0.8,-436.2,-51.6,347.5,12.5,0.0,0.0,0.0,0.0,0.0,0.0,0.0,0.0,-1.046,-0.0856,-0.0345,0.001,-1042.3,124.5,25.7,1.0,0.0,0.0,0.0,0.0,0.0,0.0,0.0,0.0,-2.73,3.08,348.5,0.8,34.3,65.882,35.0,1554.0
1779272939298691354,2026-05-20 15:58:59.298,0X0000,1,1,1,1,0.8,0.8,0.8,0.8,-420.8,-54.5,325.1,-131.4,0.0,0.0,0.0,0.0,0.0,0.0,0.0,0.0,-0.9955,0.1026,-0.07590000000000001,0.001,-960.6,288.8,-32.9,1.0,0.0,0.0,0.0,0.0,0.0,0.0,0.0,0.0,-2.57,2.74,349.0,0.8,34.2,65.882,35.0,1554.0
1779272939660343224,2026-05-20 15:58:59.659,0X0000,1,1,1,1,0.8,0.8,0.8,0.8,-459.0,-7.3,303.7,-52.5,0.0,0.0,0.0,0.0,0.0,0.0,0.0,0.0,-1.0179,0.0603,-0.058,0.001,-991.3,245.3,-8.0,1.0,0.0,0.0,0.0,0.0,0.0,0.0,0.0,0.0,-2.8,2.98,349.4,0.8,34.3,65.882,35.0,1554.0
1779272940024535780,72026-05-20 15:59:00.023,0X0000,1,1,1,1,0.8,0.8,0.8,0.8,-418.5,-54.0,318.3,-44.2,0.0,0.0,0.0,0.0,0.0,0.0,0.0,0.0,-0.9833999999999999,-0.013099999999999999,-0.0535,0.001,-972.9,153.6,-4.9,1.0,0.0,0.0,0.0,0.0,0.0,0.0,0.0,0.0,-2.35,2.8,350.2,0.8,34.3,65.882,35.0,1554.0
1779272940360714557,2026-05-20 15:59:00.360,0X0000,1,1,1,1,0.8,0.8,0.8,0.8,-157.8,-53.1,316.0,-26.3,0.0,0.0,0.0,0.0,0.0,0.0,0.0,0.0,0.0,0.0,0.0,0.0,0.0,0.0,0.0,0.0,0.0,0.0,0.0,0.0,0.0,0.0,0.0,0.0,-2.28,3.01,350.8,0.8,34.3,65.882,35.0,1554.0
1779272940722967094,82026-05-20 15:59:00.722,0X0000,1,1,1,1,0.8,0.8,0.8,0.8,-434.4,-50.0,319.3,-34.7,0.0,0.0,0.0,0.0,0.0,0.0,0.0,0.0,-1.0059,-0.020399999999999998,-0.053899999999999997,0.001,-998.1,138.0,0.0,1.0,0.0,0.0,0.0,0.0,0.0,0.0,0.0,0.0,-2.6,3.02,350.9,0.8,34.2,65.882,35.0,1554.0
1779272941086887538,+2026-05-20 15:59:01.086,0X0000,1,1,1,1,0.8,0.8,0.8,0.8,-375.6,-51.0,376.4,-68.8,0.0,0.0,0.0,0.0,0.0,0.0,0.0,0.0,-1.0036,0.0238,-0.032100000000000004,0.001,-988.5,176.8,17.7,1.0,0.0,0.0,0.0,0.0,0.0,0.0,0.0,0.0,-2.61,2.91,351.2,0.8,34.3,65.882,35.0,1554.0
1779272941447861149,*2026-05-20 15:59:01.447,0X0000,1,1,1,1,0.8,0.8,0.8,0.8,-411.7,-67.1,322.8,-23.2,0.0,0.0,0.0,0.0,0.0,0.0,0.0,0.0,-0.9803,-0.0586,-0.048299999999999996,0.001,-979.8,81.1,2.0,1.0,0.0,0.0,0.0,0.0,0.0,0.0,0.0,0.0,-2.47,2.79,351.8,0.8,34.3,65.882,35.0,1554.0
1779272941813736964,2026-05-20 15:59:01.813,0X0000,1,1,1,1,0.8,0.8,0.8,0.8,-446.5,-25.9,335.0,-13.4,0.0,0.0,0.0,0.0,0.0,0.0,0.0,0.0,-1.043,-0.0167,-0.0407,0.001,-1036.5,122.8,17.9,1.0,0.0,0.0,0.0,0.0,0.0,0.0,0.0,0.0,-2.46,3.18,352.3,0.8,34.3,65.882,35.0,1554.0
1779272942180049519,-2026-05-20 15:59:02.179,0X0000,1,1,1,1,0.8,0.8,0.8,0.8,-443.0,-49.0,312.7,-61.3,0.0,0.0,0.0,0.0,0.0,0.0,0.0,0.0,-1.0086,0.016399999999999998,-0.0649,0.001,-1000.2,144.9,-16.6,1.0,0.0,0.0,0.0,0.0,0.0,0.0,0.0,0.0,-2.32,2.78,352.6,0.8,34.3,65.882,35.0,1554.0
1779272942539603167,*2026-05-20 15:59:02.539,0X0000,1,1,1,1,0.8,0.8,0.7,0.7,-373.4,-46.7,327.3,-48.3,0.0,0.0,0.0,0.0,0.0,0.0,0.0,0.0,-0.9352,0.0021000000000000003,-0.0381,0.001,-928.4,118.9,7.5,1.0,0.0,0.0,0.0,0.0,0.0,0.0,0.0,0.0,-2.19,2.8,352.8,0.7,34.3,65.882,35.0,1554.0
1779272942903720852,82026-05-20 15:59:02.903,0X0000,1,1,1,1,0.8,0.8,0.8,0.8,-427.8,-76.4,353.8,-53.8,0.0,0.0,0.0,0.0,0.0,0.0,0.0,0.0,-1.0432000000000001,-0.030199999999999998,-0.0551,0.001,-1040.3,100.0,3.3,1.0,0.0,0.0,0.0,0.0,0.0,0.0,0.0,0.0,-2.27,3.14,352.8,0.8,34.3,65.882,35.0,1554.0
1779272943269773778,-2026-05-20 15:59:03.269,0X0000,1,1,1,1,0.8,0.8,0.7,0.7,-410.1,-152.4,316.4,-36.5,0.0,0.0,0.0,0.0,0.0,0.0,0.0,0.0,-0.9696,-0.15469999999999998,-0.0762,0.001,-984.0,-32.0,-23.9,1.0,0.0,0.0,0.0,0.0,0.0,0.0,0.0,0.0,-2.38,2.71,352.7,0.7,34.3,65.882,35.0,1554.0
1779272943636049981,2026-05-20 15:59:03.635,0X0000,1,1,1,1,0.7,0.8,0.7,0.7,-444.5,-58.0,324.4,-83.4,0.0,0.0,0.0,0.0,0.0,0.0,0.0,0.0,-1.0262,0.0339,-0.0706,0.001,-1016.0,162.6,-19.8,1.0,0.0,0.0,0.0,0.0,0.0,0.0,0.0,0.0,-2.25,2.91,352.7,0.7,34.3,65.882,35.0,1554.0
1779272943999914185,+2026-05-20 15:59:03.999,0X0000,1,1,1,1,0.8,0.8,0.7,0.7,-422.8,-78.0,314.3,-56.6,0.0,0.0,0.0,0.0,0.0,0.0,0.0,0.0,-0.9838,-0.0286,-0.06559999999999999,0.001,-981.7,93.8,-12.5,1.0,0.0,0.0,0.0,0.0,0.0,0.0,0.0,0.0,-2.17,3.03,352.8,0.7,34.3,65.882,35.0,1554.0
1779272944365441148,*2026-05-20 15:59:04.364,0X0000,1,1,1,1,0.7,0.8,0.7,0.7,-460.2,-64.8,313.7,-38.5,0.0,0.0,0.0,0.0,0.0,0.0,0.0,0.0,-1.0329000000000002,-0.0351,-0.0674,0.001,-1031.6,91.7,-13.1,1.0,0.0,0.0,0.0,0.0,0.0,0.0,0.0,0.0,-2.2,2.94,352.9,0.7,34.3,65.882,35.0,1554.0
1779272944724858740,2026-05-20 15:59:04.724,0X0000,1,1,1,1,0.7,0.7,0.7,0.7,-372.6,-36.4,301.9,-37.0,0.0,0.0,0.0,0.0,0.0,0.0,0.0,0.0,-0.9002,0.0008,-0.0389,0.001,-893.8,113.3,9.6,1.0,0.0,0.0,0.0,0.0,0.0,0.0,0.0,0.0,-2.23,3.09,352.8,0.7,34.3,65.882,35.0,1554.0
1779272945090882258,)2026-05-20 15:59:05.090,0X0000,1,1,1,1,0.7,0.7,0.7,0.7,-458.5,-9.9,332.6,-98.3,0.0,0.0,0.0,0.0,0.0,0.0,0.0,0.0,-1.0557999999999998,0.118,-0.0631,0.001,-1033.4,253.4,-19.0,1.0,0.0,0.0,0.0,0.0,0.0,0.0,0.0,0.0,-2.41,2.66,352.5,0.7,34.4,65.882,35.0,1554.0
1779272945454430073,)2026-05-20 15:59:05.453,0X0000,1,1,1,1,0.7,0.7,0.7,0.7,-461.1,26.7,318.5,-57.0,0.0,0.0,0.0,0.0,0.0,0.0,0.0,0.0,-1.0405,0.11170000000000001,-0.0466,0.001,-1019.3,240.8,11.1,1.0,0.0,0.0,0.0,0.0,0.0,0.0,0.0,0.0,-2.08,3.4,352.8,0.7,34.3,65.882,35.0,1554.0
1779272945819389739,+2026-05-20 15:59:05.818,0X0000,1,1,1,1,0.7,0.7,0.7,0.7,-439.2,-60.1,338.1,-86.3,0.0,0.0,0.0,0.0,0.0,0.0,0.0,0.0,-1.0374,0.035,-0.06670000000000001,0.001,-1026.5,167.1,-18.8,1.0,0.0,0.0,0.0,0.0,0.0,0.0,0.0,0.0,-2.15,2.72,352.6,0.7,34.4,65.882,35.0,1554.0
1779272946183231221,+2026-05-20 15:59:06.182,0X0000,1,1,1,1,0.8,0.7,0.7,0.7,-448.8,-66.3,308.8,-69.3,0.0,0.0,0.0,0.0,0.0,0.0,0.0,0.0,-1.0111,0.004,-0.07429999999999999,0.001,-1003.8,141.3,-19.4,1.0,0.0,0.0,0.0,0.0,0.0,0.0,0.0,0.0,-2.48,3.12,352.1,0.7,34.4,65.882,35.0,1554.0
1779272946542731239,*2026-05-20 15:59:06.542,0X0000,1,1,1,1,0.7,0.7,0.7,0.7,-414.9,-29.9,313.8,-35.1,0.0,0.0,0.0,0.0,0.0,0.0,0.0,0.0,-0.9725,0.006900000000000001,-0.0448,0.001,-963.9,136.6,9.0,1.0,0.0,0.0,0.0,0.0,0.0,0.0,0.0,0.0,-2.26,3.19,352.3,0.7,34.4,65.882,35.0,1554.0
1779272946904227628,)2026-05-20 15:59:06.903,0X0000,1,1,1,1,0.7,0.7,0.7,0.7,-415.2,-32.9,332.5,-40.2,0.0,0.0,0.0,0.0,0.0,0.0,0.0,0.0,-0.9979,0.009699999999999999,-0.042,0.001,-988.3,144.6,11.4,1.0,0.0,0.0,0.0,0.0,0.0,0.0,0.0,0.0,-2.3,3.09,352.2,0.7,34.4,65.882,35.0,1554.0
1779272947268085035,2026-05-20 15:59:07.267,0X0000,1,1,1,1,0.8,0.7,0.7,0.7,-421.9,-72.1,345.8,-36.9,0.0,0.0,0.0,0.0,0.0,0.0,0.0,0.0,-1.0246,-0.047,-0.0499,0.001,-1022.5,93.6,10.3,1.0,0.0,0.0,0.0,0.0,0.0,0.0,0.0,0.0,-2.37,3.26,352.1,0.7,34.4,65.882,35.0,1554.0
1779272947631829035,2026-05-20 15:59:07.631,0X0000,1,1,1,1,0.8,0.7,0.7,0.7,-448.3,-23.3,330.2,-71.5,0.0,0.0,0.0,0.0,0.0,0.0,0.0,0.0,-1.039,0.0643,-0.0574,0.001,-1022.7,202.1,-5.6,1.0,0.0,0.0,0.0,0.0,0.0,0.0,0.0,0.0,-2.0,2.98,352.3,0.7,34.4,65.882,35.0,1554.0
1779272947995613016,*2026-05-20 15:59:07.995,0X0000,1,1,1,1,0.7,0.7,0.7,0.7,-404.4,-116.6,335.0,-41.9,0.0,0.0,0.0,0.0,0.0,0.0,0.0,0.0,-0.9867999999999999,-0.0997,-0.0615,0.001,-993.1,34.2,-7.7,1.0,0.0,0.0,0.0,0.0,0.0,0.0,0.0,0.0,-2.11,2.91,352.2,0.7,34.5,65.882,35.0,1554.0
1779272948363579553,02026-05-20 15:59:08.362,0X0000,1,1,1,1,0.7,0.7,0.7,0.7,-431.3,-116.4,354.9,-101.2,0.0,0.0,0.0,0.0,0.0,0.0,0.0,0.0,-1.0493,-0.020300000000000002,-0.0793,0.001,-1044.6,126.0,-23.1,1.0,0.0,0.0,0.0,0.0,0.0,0.0,0.0,0.0,-2.45,3.02,351.9,0.7,34.4,65.882,35.0,1554.0
1779272948725277608,82026-05-20 15:59:08.724,0X0000,1,1,1,1,0.7,0.7,0.7,0.7,-400.5,-71.4,304.9,-43.4,0.0,0.0,0.0,0.0,0.0,0.0,0.0,0.0,-0.9415,-0.037399999999999996,-0.056799999999999996,0.001,-939.2,94.6,-5.9,1.0,0.0,0.0,0.0,0.0,0.0,0.0,0.0,0.0,-2.45,3.0,351.9,0.7,34.5,65.882,35.0,1554.0
1779272949087853885,*2026-05-20 15:59:09.087,0X0000,1,1,1,1,0.7,0.7,0.7,0.7,-414.1,-47.0,310.9,-95.2,0.0,0.0,0.0,0.0,0.0,0.0,0.0,0.0,-0.9676,0.0643,-0.06620000000000001,0.001,-952.3,193.8,-19.2,1.0,0.0,0.0,0.0,0.0,0.0,0.0,0.0,0.0,-2.2,2.93,352.2,0.7,34.5,65.882,35.0,1554.0
1779272949453330459,72026-05-20 15:59:09.452,0X0000,1,1,1,1,0.7,0.7,0.7,0.7,-426.2,-64.3,329.6,-183.5,0.0,0.0,0.0,0.0,0.0,0.0,0.0,0.0,-1.0087000000000002,0.1591,-0.09290000000000001,0.001,-981.8,292.6,-46.0,1.0,0.0,0.0,0.0,0.0,0.0,0.0,0.0,0.0,-2.15,3.0,352.2,0.7,34.5,65.882,35.0,1554.0
1779272949814707867,2026-05-20 15:59:09.814,0X0000,1,1,1,1,0.7,0.7,0.7,0.7,-416.4,-57.9,308.7,-52.2,0.0,0.0,0.0,0.0,0.0,0.0,0.0,0.0,-0.9677,-0.0076,-0.0588,0.001,-961.5,124.4,-6.3,1.0,0.0,0.0,0.0,0.0,0.0,0.0,0.0,0.0,-2.32,3.09,352.1,0.7,34.5,65.882,35.0,1554.0
1779272950176175996,72026-05-20 15:59:10.175,0X0000,1,1,1,1,0.7,0.7,0.7,0.7,-381.4,-53.4,353.9,-60.4,0.0,0.0,0.0,0.0,0.0,0.0,0.0,0.0,-0.9813999999999999,0.009300000000000001,-0.0381,0.001,-972.2,138.7,13.2,1.0,0.0,0.0,0.0,0.0,0.0,0.0,0.0,0.0,-2.16,3.02,352.4,0.7,34.5,65.882,35.0,1554.0
1779272950539476588,2026-05-20 15:59:10.538,0X0000,1,1,1,1,0.7,0.7,0.7,0.7,-437.7,-66.7,343.0,-28.5,0.0,0.0,0.0,0.0,0.0,0.0,0.0,0.0,-1.042,-0.051,-0.0512,0.001,-1040.6,88.5,14.2,1.0,0.0,0.0,0.0,0.0,0.0,0.0,0.0,0.0,-2.53,3.47,352.3,0.7,34.5,65.882,35.0,1554.0
1779272950903240051,2026-05-20 15:59:10.902,0X0000,1,1,1,1,0.7,0.7,0.7,0.7,-452.3,-54.6,369.3,-11.8,0.0,0.0,0.0,0.0,0.0,0.0,0.0,0.0,-1.0965,-0.0571,-0.040299999999999996,0.001,-1095.5,84.2,10.8,1.0,0.0,0.0,0.0,0.0,0.0,0.0,0.0,0.0,-2.34,2.55,352.6,0.7,34.5,65.882,35.0,1554.0
1779272951266529069,2026-05-20 15:59:11.265,0X0000,1,1,1,1,0.7,0.7,0.7,0.7,-421.0,-41.9,298.8,-70.4,0.0,0.0,0.0,0.0,0.0,0.0,0.0,0.0,-0.9607,0.038,-0.0633,0.001,-950.3,158.5,-14.4,1.0,0.0,0.0,0.0,0.0,0.0,0.0,0.0,0.0,-2.4,3.01,352.7,0.7,34.5,65.882,35.0,1554.0
1779272951632047791,2026-05-20 15:59:11.631,0X0000,1,1,1,1,0.7,0.7,0.7,0.7,-415.9,-105.3,343.4,-39.4,0.0,0.0,0.0,0.0,0.0,0.0,0.0,0.0,-1.0134,-0.088,-0.0586,0.001,-1018.3,33.4,-2.6,1.0,0.0,0.0,0.0,0.0,0.0,0.0,0.0,0.0,-2.3,2.97,353.1,0.7,34.5,65.882,35.0,1554.0
1779272951997660976,82026-05-20 15:59:11.996,0X0000,1,1,1,1,0.7,0.7,0.7,0.7,-447.9,-67.0,312.8,-45.1,0.0,0.0,0.0,0.0,0.0,0.0,0.0,0.0,-1.0152999999999999,-0.0292,-0.06670000000000001,0.001,-1014.1,86.5,-14.6,1.0,0.0,0.0,0.0,0.0,0.0,0.0,0.0,0.0,-2.18,2.88,353.4,0.7,34.5,65.882,35.0,1554.0
1779272952359847421,*2026-05-20 15:59:12.359,0X0000,1,1,1,1,0.7,0.7,0.7,0.7,-440.8,-50.5,303.1,-82.8,0.0,0.0,0.0,0.0,0.0,0.0,0.0,0.0,-0.9927999999999999,0.0431,-0.0731,0.001,-983.7,157.3,-15.7,1.0,0.0,0.0,0.0,0.0,0.0,0.0,0.0,0.0,-2.34,3.41,353.3,0.7,34.6,65.882,35.0,1555.0
1779272952723439346,2026-05-20 15:59:12.722,0X0000,1,1,1,1,0.7,0.7,0.7,0.7,-440.2,-68.7,336.9,-17.0,0.0,0.0,0.0,0.0,0.0,0.0,0.0,0.0,-1.0371,-0.069,-0.051,0.001,-1039.4,49.9,-3.4,1.0,0.0,0.0,0.0,0.0,0.0,0.0,0.0,0.0,-2.15,2.49,353.4,0.7,34.6,65.882,35.0,1555.0
1779272953088804346,2026-05-20 15:59:13.088,0X0000,1,1,1,1,0.7,0.7,0.7,0.7,-427.4,-99.9,346.4,-69.4,0.0,0.0,0.0,0.0,0.0,0.0,0.0,0.0,-1.0327,-0.0407,-0.0675,0.001,-1032.6,78.9,-10.1,1.0,0.0,0.0,0.0,0.0,0.0,0.0,0.0,0.0,-2.17,3.1,353.3,0.7,34.6,65.882,35.0,1555.0
1779272953452441309,+2026-05-20 15:59:13.451,0X0000,1,1,1,1,0.7,0.7,0.7,0.7,-428.3,-75.1,383.0,-35.1,0.0,0.0,0.0,0.0,0.0,0.0,0.0,0.0,-1.0828,-0.053399999999999996,-0.0419,0.001,-1082.0,78.6,17.0,1.0,0.0,0.0,0.0,0.0,0.0,0.0,0.0,0.0,-2.37,3.0,353.0,0.7,34.6,65.882,35.0,1555.0
1779272953815578642,:2026-05-20 15:59:13.815,0X0000,1,1,1,1,0.7,0.7,0.7,0.7,-449.4,-43.5,323.1,-38.3,0.0,0.0,0.0,0.0,0.0,0.0,0.0,0.0,-1.031,-0.006900000000000001,-0.056100000000000004,0.001,-1026.0,116.3,-6.1,1.0,0.0,0.0,0.0,0.0,0.0,0.0,0.0,0.0,-1.92,2.77,353.1,0.7,34.6,65.882,35.0,1555.0
1779272954178879864,*2026-05-20 15:59:14.178,0X0000,1,1,1,1,0.7,0.7,0.7,0.7,-331.0,-84.9,330.6,-63.2,0.0,0.0,0.0,0.0,0.0,0.0,0.0,0.0,-0.883,-0.029,-0.040100000000000004,0.001,-880.2,82.6,-22.2,1.0,0.0,0.0,0.0,0.0,0.0,0.0,0.0,0.0,-1.73,1.11,352.7,0.7,34.6,65.882,35.0,1555.0
1779272954539803142,2026-05-20 15:59:14.539,0X0000,1,1,1,1,0.7,0.7,0.7,0.7,-318.2,-18.6,293.8,31.1,0.0,0.0,0.0,0.0,0.0,0.0,0.0,0.0,-0.8168,-0.0663,-0.0033,0.001,-816.7,61.8,-26.9,1.0,0.0,0.0,0.0,0.0,0.0,0.0,0.0,0.0,-1.73,-1.8,351.0,0.7,34.6,65.882,35.0,1555.0
1779272954875610641,2026-05-20 15:59:14.874,0X0000,1,1,1,1,0.7,0.7,0.7,0.7,-204.7,13.5,239.8,39.2,0.0,0.0,0.0,0.0,0.0,0.0,0.0,0.0,0.0,0.0,0.0,0.0,0.0,0.0,0.0,0.0,0.0,0.0,0.0,0.0,0.0,0.0,0.0,0.0,-0.49,-4.42,349.4,0.7,34.6,65.882,35.0,1555.0
1779272955236598511,2026-05-20 15:59:15.236,0X0000,1,1,1,1,0.7,0.7,0.7,0.7,-204.7,22.2,183.0,-1.7,0.0,0.0,0.0,0.0,0.0,0.0,0.0,0.0,-0.5174,0.0319,-0.0003,0.001,-489.6,168.4,-26.3,1.0,0.0,0.0,0.0,0.0,0.0,0.0,0.0,0.0,-2.06,-2.76,344.5,0.7,34.6,65.882,35.0,1555.0
1779272955571888030,2026-05-20 15:59:15.571,0X0000,1,1,1,1,0.7,0.7,0.7,0.7,-115.0,-26.4,64.5,-36.3,0.0,0.0,0.0,0.0,0.0,0.0,0.0,0.0,0.0,0.0,0.0,0.0,0.0,0.0,0.0,0.0,0.0,0.0,0.0,0.0,0.0,0.0,0.0,0.0,-2.23,-1.17,339.4,0.7,34.6,65.882,35.0,1555.0
1779272955926265715,42026-05-20 15:59:15.925,0X0000,1,1,1,1,0.7,0.7,0.7,0.7,-10.0,1.6,24.4,-18.0,0.0,0.0,0.0,0.0,0.0,0.0,0.0,0.0,-0.045899999999999996,0.026199999999999998,-0.0005,0.001,-29.7,43.6,-2.0,1.0,0.0,0.0,0.0,0.0,0.0,0.0,0.0,0.0,-2.86,-0.27,333.9,0.7,34.6,65.882,35.0,1555.0
1779272956280750992,%2026-05-20 15:59:16.280,0X0000,1,1,1,1,0.7,0.7,0.7,0.7,-23.4,-10.7,42.1,14.0,0.0,0.0,0.0,0.0,0.0,0.0,0.0,0.0,-0.0874,-0.033,0.005900000000000001,0.001,-91.1,20.2,7.1,1.0,0.0,0.0,0.0,0.0,0.0,0.0,0.0,0.0,-2.36,-0.07,327.0,0.7,34.6,65.882,35.0,1555.0
1779272956632889400,2026-05-20 15:59:16.632,0X0000,1,1,1,1,0.7,0.7,0.7,0.7,-3.0,-26.8,-7.5,28.8,0.0,0.0,0.0,0.0,0.0,0.0,0.0,0.0,0.006,-0.0742,-0.0023,0.001,-43.6,-60.3,1.0,1.0,0.0,0.0,0.0,0.0,0.0,0.0,0.0,0.0,-2.54,0.19,319.5,0.7,34.6,65.882,35.0,1555.0
1779272956987349288,%2026-05-20 15:59:16.986,0X0000,1,1,1,1,0.7,0.7,0.7,0.7,22.6,-45.1,-32.8,64.7,0.0,0.0,0.0,0.0,0.0,0.0,0.0,0.0,0.07390000000000001,-0.1465,0.0025,0.001,-57.6,-153.5,7.6,1.0,0.0,0.0,0.0,0.0,0.0,0.0,0.0,0.0,-2.76,1.52,312.6,0.7,34.6,65.882,35.0,1555.0
1779272957352512362,22026-05-20 15:59:17.351,0X0000,1,1,0,1,0.7,0.7,0.0,0.7,30.3,-29.2,0.0,28.6,0.0,0.0,648.0,0.0,0.0,0.0,1.0,0.0,0.08170000000000001,-0.07709999999999999,-0.0003,0.001,-15.9,-111.2,1.4,1.0,0.0,0.0,0.0,0.0,0.0,0.0,0.0,0.0,-2.46,1.1,305.2,0.7,34.6,65.882,35.0,1555.0
1779272957711602714,(2026-05-20 15:59:17.710,0X0000,1,1,1,1,0.7,0.7,0.7,0.7,37.0,-31.1,-49.6,36.0,0.0,0.0,0.0,0.0,0.0,0.0,0.0,0.0,0.1156,-0.0896,-0.0021000000000000003,0.001,-22.5,-144.5,-2.2,1.0,0.0,0.0,0.0,0.0,0.0,0.0,0.0,0.0,-2.41,1.9,299.0,0.7,34.6,65.882,35.0,1555.0
1779272958068893676,2026-05-20 15:59:18.068,0X0000,1,1,1,1,0.7,0.7,0.7,0.7,39.9,-35.0,-35.3,35.3,0.0,0.0,0.0,0.0,0.0,0.0,0.0,0.0,0.1004,-0.0938,0.0013,0.001,-49.5,-128.2,3.0,1.0,0.0,0.0,0.0,0.0,0.0,0.0,0.0,0.0,-2.66,1.5,291.9,0.7,34.6,65.882,35.0,1555.0
1779272958427492750,2026-05-20 15:59:18.426,0X0000,1,1,1,1,0.7,0.7,0.7,0.7,43.4,-32.4,-44.9,46.8,0.0,0.0,0.0,0.0,0.0,0.0,0.0,0.0,0.1178,-0.1057,0.0035,0.001,-68.4,-142.6,4.6,1.0,0.0,0.0,0.0,0.0,0.0,0.0,0.0,0.0,-2.53,1.74,286.2,0.7,34.7,65.882,35.0,1555.0
1779272958786495139,2026-05-20 15:59:18.785,0X0000,1,1,1,1,0.7,0.7,0.7,0.7,45.8,-32.7,-48.9,33.9,0.0,0.0,0.0,0.0,0.0,0.0,0.0,0.0,0.1264,-0.0889,-0.0006,0.001,-63.9,-140.7,-1.6,1.0,0.0,0.0,0.0,0.0,0.0,0.0,0.0,0.0,-2.39,2.15,280.7,0.7,34.6,65.882,35.0,1555.0
1779272959143263102,2026-05-20 15:59:19.142,0X0000,1,1,1,1,0.7,0.7,0.7,0.7,48.3,-36.1,-46.0,36.8,0.0,0.0,0.0,0.0,0.0,0.0,0.0,0.0,0.1259,-0.0973,0.0008,0.001,-86.4,-133.6,0.4,1.0,0.0,0.0,0.0,0.0,0.0,0.0,0.0,0.0,-2.41,2.05,274.8,0.7,34.7,65.882,35.0,1555.0
1779272959501989120,2026-05-20 15:59:19.501,0X0000,1,1,1,1,0.7,0.7,0.7,0.7,48.9,-31.8,-48.1,33.1,0.0,0.0,0.0,0.0,0.0,0.0,0.0,0.0,0.1295,-0.0866,0.0005,0.001,-89.3,-127.7,-0.2,1.0,0.0,0.0,0.0,0.0,0.0,0.0,0.0,0.0,-2.29,1.86,268.8,0.7,34.7,65.882,35.0,1555.0
1779272959857867731,2026-05-20 15:59:19.857,0X0000,1,1,1,1,0.7,0.7,0.7,0.7,60.1,-27.2,-43.8,35.1,0.0,0.0,0.0,0.0,0.0,0.0,0.0,0.0,0.1387,-0.0831,0.0065,0.001,-99.7,-127.4,5.3,1.0,0.0,0.0,0.0,0.0,0.0,0.0,0.0,0.0,-2.19,1.8,262.8,0.7,34.7,65.882,35.0,1555.0
1779272960217501231,(2026-05-20 15:59:20.216,0X0000,1,1,1,1,0.7,0.7,0.7,0.7,52.2,-28.6,-56.5,27.9,0.0,0.0,0.0,0.0,0.0,0.0,0.0,0.0,0.1451,-0.07540000000000001,-0.0014,0.001,-106.8,-123.7,-2.8,1.0,0.0,0.0,0.0,0.0,0.0,0.0,0.0,0.0,-2.35,1.76,256.7,0.7,34.7,65.882,35.0,1555.0
1779272960576707527,2026-05-20 15:59:20.576,0X0000,1,1,1,1,0.7,0.7,0.7,0.7,61.9,-22.3,-49.5,31.5,0.0,0.0,0.0,0.0,0.0,0.0,0.0,0.0,0.1487,-0.0718,0.0058,0.001,-117.4,-116.2,4.4,1.0,0.0,0.0,0.0,0.0,0.0,0.0,0.0,0.0,-2.44,1.7,250.4,0.7,34.7,65.882,35.0,1555.0
1779272960935218304,2026-05-20 15:59:20.934,0X0000,1,1,1,1,0.7,0.7,0.6,0.7,64.3,-21.4,-55.4,27.2,0.0,0.0,0.0,0.0,0.0,0.0,0.0,0.0,0.1598,-0.0649,0.0039,0.001,-128.1,-115.5,1.8,1.0,0.0,0.0,0.0,0.0,0.0,0.0,0.0,0.0,-2.27,1.67,244.1,0.6,34.7,65.882,35.0,1555.0
1779272961294146526,%2026-05-20 15:59:21.293,0X0000,1,1,1,1,0.7,0.7,0.7,0.7,80.5,-14.1,-56.3,30.6,0.0,0.0,0.0,0.0,0.0,0.0,0.0,0.0,0.18259999999999998,-0.0597,0.011,0.001,-148.3,-122.4,7.8,1.0,0.0,0.0,0.0,0.0,0.0,0.0,0.0,0.0,-2.24,1.74,237.5,0.7,34.7,65.882,35.0,1555.0
1779272961653201397,'2026-05-20 15:59:21.652,0X0000,1,1,1,1,0.7,0.7,0.7,0.7,51.7,-23.2,-65.7,26.6,0.0,0.0,0.0,0.0,0.0,0.0,0.0,0.0,0.15669999999999998,-0.0665,-0.0029,0.001,-150.4,-79.7,-4.6,1.0,0.0,0.0,0.0,0.0,0.0,0.0,0.0,0.0,-2.41,1.65,231.0,0.7,34.7,65.882,35.0,1555.0
1779272962009847544,32026-05-20 15:59:22.009,0X0000,1,1,1,1,0.7,0.7,0.7,0.6,75.9,-20.4,-62.2,22.2,0.0,0.0,0.0,0.0,0.0,0.0,0.0,0.0,0.18430000000000002,-0.0569,0.004200000000000001,0.001,-172.1,-87.2,1.0,1.0,0.0,0.0,0.0,0.0,0.0,0.0,0.0,0.0,-2.44,1.74,224.0,0.6,34.8,65.882,35.0,1555.0
1779272962366779878,$2026-05-20 15:59:22.366,0X0000,1,1,1,1,0.7,0.7,0.7,0.6,72.3,-4.9,-64.6,23.1,0.0,0.0,0.0,0.0,0.0,0.0,0.0,0.0,0.1827,-0.037399999999999996,0.007,0.001,-168.8,-79.4,3.1,1.0,0.0,0.0,0.0,0.0,0.0,0.0,0.0,0.0,-1.85,1.59,216.7,0.6,34.7,65.882,35.0,1555.0
1779272962723495526,2026-05-20 15:59:22.722,0X0000,1,1,1,1,0.7,0.7,0.7,0.7,68.6,-8.1,-56.7,17.2,0.0,0.0,0.0,0.0,0.0,0.0,0.0,0.0,0.1672,-0.0338,0.0056,0.001,-159.2,-61.5,-0.8,1.0,0.0,0.0,0.0,0.0,0.0,0.0,0.0,0.0,-2.29,2.66,212.5,0.7,34.8,65.882,35.0,1555.0
1779272963080299785,$2026-05-20 15:59:23.079,0X0000,1,1,1,1,0.7,0.7,0.6,0.7,-30.3,-24.0,15.5,-4.5,0.0,0.0,0.0,0.0,0.0,0.0,0.0,0.0,-0.0611,-0.026,-0.011699999999999999,0.001,39.2,54.7,-2.7,1.0,0.0,0.0,0.0,0.0,0.0,0.0,0.0,0.0,-2.4,7.35,211.4,0.6,34.8,65.882,35.0,1555.0
1779272963417677784,2026-05-20 15:59:23.417,0X0000,1,1,1,1,0.7,0.7,0.6,0.7,-136.6,-42.1,90.2,-12.2,0.0,0.0,0.0,0.0,0.0,0.0,0.0,0.0,0.0,0.0,0.0,0.0,0.0,0.0,0.0,0.0,0.0,0.0,0.0,0.0,0.0,0.0,0.0,0.0,-2.11,8.82,210.8,0.6,34.8,65.882,35.0,1555.0
1779272963794807432,&2026-05-20 15:59:23.794,0X0000,0,1,1,1,0.7,0.7,0.7,0.7,0.0,-46.0,172.9,-31.0,116.0,0.0,0.0,0.0,1.0,0.0,0.0,0.0,-0.5642999999999999,-0.02,-0.0415,0.001,482.3,293.6,41.4,1.0,0.0,0.0,0.0,0.0,0.0,0.0,0.0,0.0,-1.66,8.35,209.3,0.7,34.8,65.882,35.0,1555.0
1779272964132450969,2026-05-20 15:59:24.131,0X0000,1,1,1,1,0.7,0.7,0.6,0.7,-363.8,-81.2,226.5,-68.2,0.0,0.0,0.0,0.0,0.0,0.0,0.0,0.0,0.0,0.0,0.0,0.0,0.0,0.0,0.0,0.0,0.0,0.0,0.0,0.0,0.0,0.0,0.0,0.0,-2.42,6.42,206.7,0.6,34.8,65.882,35.0,1555.0
1779272964498023858,D2026-05-20 15:59:24.497,0X0000,1,1,1,1,0.7,0.7,0.7,0.7,-371.8,-71.7,275.4,-170.9,0.0,0.0,0.0,0.0,0.0,0.0,0.0,0.0,-0.8637999999999999,0.13240000000000002,-0.09140000000000001,0.001,839.8,255.3,-37.5,1.0,0.0,0.0,0.0,0.0,0.0,0.0,0.0,0.0,-2.51,3.95,205.4,0.7,34.8,65.882,35.0,1555.0
1779272964861291395,+2026-05-20 15:59:24.860,0X0000,1,1,1,1,0.7,0.7,0.7,0.6,-397.1,-52.2,330.8,-27.4,0.0,0.0,0.0,0.0,0.0,0.0,0.0,0.0,-0.9715,-0.033100000000000004,-0.0394,0.001,867.7,439.7,16.2,1.0,0.0,0.0,0.0,0.0,0.0,0.0,0.0,0.0,-2.01,3.21,204.9,0.6,34.8,65.882,35.0,1555.0
1779272965220336117,2026-05-20 15:59:25.219,0X0000,1,1,1,1,0.7,0.7,0.7,0.7,-401.7,12.0,301.5,-51.0,0.0,0.0,0.0,0.0,0.0,0.0,0.0,0.0,-0.9385,0.0841,-0.0375,0.001,891.0,308.6,12.3,1.0,0.0,0.0,0.0,0.0,0.0,0.0,0.0,0.0,-1.89,3.21,204.2,0.7,34.8,65.882,35.0,1555.0
1779272965581815931,2026-05-20 15:59:25.581,0X0000,1,1,1,1,0.7,0.7,0.7,0.7,-376.8,-91.7,333.1,-37.1,0.0,0.0,0.0,0.0,0.0,0.0,0.0,0.0,-0.9475,-0.0729,-0.0466,0.001,837.4,451.8,-4.3,1.0,0.0,0.0,0.0,0.0,0.0,0.0,0.0,0.0,-2.21,2.39,203.9,0.7,34.8,65.882,35.0,1555.0
1779272965944038950,2026-05-20 15:59:25.943,0X0000,1,1,1,1,0.7,0.7,0.7,0.7,-419.0,-55.3,301.8,-47.2,0.0,0.0,0.0,0.0,0.0,0.0,0.0,0.0,-0.962,-0.0108,-0.0593,0.001,878.3,397.0,-10.7,1.0,0.0,0.0,0.0,0.0,0.0,0.0,0.0,0.0,-2.41,2.87,203.6,0.7,34.8,65.882,35.0,1555.0
1779272966302749209,2026-05-20 15:59:26.302,0X0000,1,1,1,1,0.7,0.7,0.7,0.7,-370.9,-29.1,310.3,-32.4,0.0,0.0,0.0,0.0,0.0,0.0,0.0,0.0,-0.9092,0.0044,-0.033,0.001,837.1,356.0,13.9,1.0,0.0,0.0,0.0,0.0,0.0,0.0,0.0,0.0,-2.09,2.97,203.3,0.7,34.8,65.882,35.0,1555.0
1779272966664053764,+2026-05-20 15:59:26.663,0X0000,1,1,1,1,0.7,0.7,0.7,0.7,-488.5,-41.1,304.4,-46.3,0.0,0.0,0.0,0.0,0.0,0.0,0.0,0.0,-1.0582,0.006900000000000001,-0.0732,0.001,972.6,423.3,-15.4,1.0,0.0,0.0,0.0,0.0,0.0,0.0,0.0,0.0,-2.39,3.14,203.8,0.7,34.9,65.882,35.0,1555.0
1779272967025282134,2026-05-20 15:59:27.024,0X0000,1,1,1,1,0.7,0.7,0.7,0.7,-387.2,-60.9,291.6,-36.2,0.0,0.0,0.0,0.0,0.0,0.0,0.0,0.0,-0.906,-0.033,-0.052,0.001,812.4,405.9,-1.1,1.0,0.0,0.0,0.0,0.0,0.0,0.0,0.0,0.0,-2.36,3.13,204.4,0.7,34.8,65.882,35.0,1555.0
1779272967386759097,*2026-05-20 15:59:27.386,0X0000,1,1,1,1,0.7,0.7,0.7,0.7,-399.6,-53.2,348.2,-37.0,0.0,0.0,0.0,0.0,0.0,0.0,0.0,0.0,-0.998,-0.0216,-0.038200000000000005,0.001,898.0,437.2,16.3,1.0,0.0,0.0,0.0,0.0,0.0,0.0,0.0,0.0,-1.92,3.09,204.7,0.7,34.8,65.882,35.0,1555.0
1779272967748536689,62026-05-20 15:59:27.747,0X0000,1,1,1,1,0.7,0.7,0.7,0.7,-469.8,-55.0,333.3,-53.7,0.0,0.0,0.0,0.0,0.0,0.0,0.0,0.0,-1.0717999999999999,-0.0017,-0.06609999999999999,0.001,960.4,480.4,-3.5,1.0,0.0,0.0,0.0,0.0,0.0,0.0,0.0,0.0,-2.69,3.34,206.4,0.7,34.8,65.882,35.0,1555.0
1779272968107891893,(2026-05-20 15:59:28.107,0X0000,1,1,1,1,0.7,0.7,0.7,0.7,-420.5,-32.1,323.4,-29.3,0.0,0.0,0.0,0.0,0.0,0.0,0.0,0.0,-0.9927999999999999,-0.0037,-0.0428,0.001,885.7,450.5,1.5,1.0,0.0,0.0,0.0,0.0,0.0,0.0,0.0,0.0,-2.18,2.55,206.7,0.7,34.8,65.882,35.0,1555.0
1779272968468638078,2026-05-20 15:59:28.468,0X0000,1,1,1,1,0.7,0.7,0.7,0.7,-462.8,-37.0,314.9,-45.1,0.0,0.0,0.0,0.0,0.0,0.0,0.0,0.0,-1.0379,0.0108,-0.0621,0.001,921.7,481.5,-2.2,1.0,0.0,0.0,0.0,0.0,0.0,0.0,0.0,0.0,-2.55,3.33,208.1,0.7,34.8,65.882,35.0,1555.0
1779272968832184911,82026-05-20 15:59:28.831,0X0000,1,1,1,1,0.7,0.7,0.7,0.7,-427.6,-63.0,325.4,-40.0,0.0,0.0,0.0,0.0,0.0,0.0,0.0,0.0,-1.005,-0.030699999999999998,-0.055299999999999995,0.001,868.4,509.8,-5.0,1.0,0.0,0.0,0.0,0.0,0.0,0.0,0.0,0.0,-2.57,2.79,208.6,0.7,34.8,65.882,35.0,1555.0
1779272969195838336,)2026-05-20 15:59:29.195,0X0000,1,1,1,1,0.7,0.7,0.7,0.7,-418.3,-65.1,334.6,18.5,0.0,0.0,0.0,0.0,0.0,0.0,0.0,0.0,-1.0048,-0.11159999999999999,-0.0351,0.001,823.9,586.3,26.7,1.0,0.0,0.0,0.0,0.0,0.0,0.0,0.0,0.0,-2.22,3.28,209.1,0.7,34.9,65.882,35.0,1555.0
1779272969559516966,'2026-05-20 15:59:29.558,0X0000,1,1,1,1,0.7,0.7,0.7,0.7,-426.9,-76.2,303.0,-52.2,0.0,0.0,0.0,0.0,0.0,0.0,0.0,0.0,-0.9742000000000001,-0.032,-0.068,0.001,828.8,517.5,-13.1,1.0,0.0,0.0,0.0,0.0,0.0,0.0,0.0,0.0,-2.6,3.14,210.0,0.7,34.9,65.882,35.0,1555.0
1779272969923503521,+2026-05-20 15:59:29.922,0X0000,1,1,1,1,0.7,0.7,0.7,0.7,-434.3,-41.2,349.8,-100.7,0.0,0.0,0.0,0.0,0.0,0.0,0.0,0.0,-1.0465,0.07940000000000001,-0.0611,0.001,945.1,460.0,-14.1,1.0,0.0,0.0,0.0,0.0,0.0,0.0,0.0,0.0,-2.43,2.76,210.2,0.7,34.8,65.882,35.0,1555.0
1779272970285019854,2026-05-20 15:59:30.284,0X0000,1,1,1,1,0.8,0.7,0.7,0.7,-299.6,-60.8,344.6,-47.2,0.0,0.0,0.0,0.0,0.0,0.0,0.0,0.0,-0.8598,-0.0182,-0.017,0.001,729.1,455.4,29.4,1.0,0.0,0.0,0.0,0.0,0.0,0.0,0.0,0.0,-2.32,3.05,210.8,0.7,34.8,65.882,35.0,1555.0
1779272970646401558,2026-05-20 15:59:30.645,0X0000,1,1,1,1,0.8,0.8,0.7,0.7,-420.4,-67.5,309.3,-72.9,0.0,0.0,0.0,0.0,0.0,0.0,0.0,0.0,-0.9739,0.0072,-0.0678,0.001,837.0,502.3,-15.9,1.0,0.0,0.0,0.0,0.0,0.0,0.0,0.0,0.0,-2.24,3.07,211.3,0.7,34.9,65.882,35.0,1555.0
1779272971010372521,2026-05-20 15:59:31.009,0X0000,1,1,1,1,0.8,0.8,0.7,0.7,-419.4,-51.0,358.5,-32.5,0.0,0.0,0.0,0.0,0.0,0.0,0.0,0.0,-1.0382,-0.0247,-0.0389,0.001,867.6,571.6,22.8,1.0,0.0,0.0,0.0,0.0,0.0,0.0,0.0,0.0,-2.41,3.35,212.0,0.7,34.8,65.882,35.0,1555.0
1779272971371738502,42026-05-20 15:59:31.371,0X0000,1,1,1,1,0.8,0.8,0.7,0.7,-425.0,-44.3,323.7,-73.0,0.0,0.0,0.0,0.0,0.0,0.0,0.0,0.0,-0.9992000000000001,0.038299999999999994,-0.059,0.001,867.6,500.6,-8.4,1.0,0.0,0.0,0.0,0.0,0.0,0.0,0.0,0.0,-2.3,2.99,212.1,0.7,34.8,65.882,35.0,1555.0
1779272971736144131,2026-05-20 15:59:31.735,0X0000,1,1,1,1,0.8,0.8,0.7,0.7,-454.1,-81.2,318.8,-52.0,0.0,0.0,0.0,0.0,0.0,0.0,0.0,0.0,-1.0315,-0.039,-0.0724,0.001,852.2,586.7,-16.8,1.0,0.0,0.0,0.0,0.0,0.0,0.0,0.0,0.0,-2.09,3.01,212.3,0.7,34.9,65.882,35.0,1555.0
1779272972101636242,2026-05-20 15:59:32.100,0X0000,1,1,1,1,0.8,0.8,0.7,0.7,-442.7,-75.1,182.0,-228.6,0.0,0.0,0.0,0.0,0.0,0.0,0.0,0.0,-0.8337,0.2049,-0.1522,0.001,814.1,291.3,-112.6,1.0,0.0,0.0,0.0,0.0,0.0,0.0,0.0,0.0,-2.55,3.33,213.0,0.7,34.9,65.882,35.0,1555.0
1779272972465344520,2026-05-20 15:59:32.464,0X0000,1,1,1,1,0.8,0.8,0.7,0.7,-429.4,-94.6,349.8,-50.3,0.0,0.0,0.0,0.0,0.0,0.0,0.0,0.0,-1.0399,-0.0591,-0.0605,0.001,844.9,611.9,-6.7,1.0,0.0,0.0,0.0,0.0,0.0,0.0,0.0,0.0,-2.34,2.83,212.6,0.7,34.8,65.882,35.0,1555.0
1779272972831271408,2026-05-20 15:59:32.830,0X0000,1,1,1,1,0.8,0.8,0.7,0.7,-501.3,-107.2,329.6,-128.3,0.0,0.0,0.0,0.0,0.0,0.0,0.0,0.0,-1.1089,0.0282,-0.1098,0.001,951.1,578.5,-56.1,1.0,0.0,0.0,0.0,0.0,0.0,0.0,0.0,0.0,-2.26,2.83,212.6,0.7,34.9,65.882,35.0,1555.0
1779272973193183742,(2026-05-20 15:59:33.192,0X0000,1,1,1,1,0.8,0.8,0.8,0.8,-475.4,-53.4,342.9,-51.4,0.0,0.0,0.0,0.0,0.0,0.0,0.0,0.0,-1.0920999999999998,-0.0027,-0.064,0.001,915.3,599.2,-2.7,1.0,0.0,0.0,0.0,0.0,0.0,0.0,0.0,0.0,-2.31,3.21,213.0,0.8,34.9,65.882,35.0,1555.0
1779272973556714908,2026-05-20 15:59:33.556,0X0000,1,1,1,1,0.8,0.8,0.7,0.8,-426.0,-32.5,360.0,-19.3,0.0,0.0,0.0,0.0,0.0,0.0,0.0,0.0,-1.049,-0.0176,-0.0318,0.001,872.4,583.2,21.2,1.0,0.0,0.0,0.0,0.0,0.0,0.0,0.0,0.0,-2.25,2.86,212.8,0.7,34.9,65.882,35.0,1555.0
1779272973916193223,2026-05-20 15:59:33.915,0X0000,1,1,1,1,0.8,0.8,0.8,0.8,-417.0,-36.1,331.6,-57.1,0.0,0.0,0.0,0.0,0.0,0.0,0.0,0.0,-0.9991,0.028,-0.0482,0.001,854.7,520.4,2.1,1.0,0.0,0.0,0.0,0.0,0.0,0.0,0.0,0.0,-2.14,2.95,212.9,0.8,34.9,65.882,35.0,1555.0
1779272974275809500,2026-05-20 15:59:34.275,0X0000,1,1,1,1,0.8,0.8,0.8,0.8,-327.2,-57.0,334.0,-90.7,0.0,0.0,0.0,0.0,0.0,0.0,0.0,0.0,-0.8825,0.045,-0.038,0.001,764.2,445.1,7.5,1.0,0.0,0.0,0.0,0.0,0.0,0.0,0.0,0.0,-2.25,3.07,213.1,0.8,34.8,65.882,35.0,1555.0
1779272974637173463,52026-05-20 15:59:34.636,0X0000,1,1,1,1,0.8,0.8,0.8,0.8,-436.7,-35.7,363.4,-70.8,0.0,0.0,0.0,0.0,0.0,0.0,0.0,0.0,-1.0677999999999999,0.046799999999999994,-0.0485,0.001,923.5,540.2,6.0,1.0,0.0,0.0,0.0,0.0,0.0,0.0,0.0,0.0,-2.05,3.02,212.8,0.8,34.9,65.882,35.0,1555.0
1779272975000897500,2026-05-20 15:59:35.000,0X0000,1,1,1,1,0.8,0.8,0.8,0.8,-421.4,-75.4,340.1,-56.2,0.0,0.0,0.0,0.0,0.0,0.0,0.0,0.0,-1.0163,-0.0256,-0.0574,0.001,839.1,576.8,-0.3,1.0,0.0,0.0,0.0,0.0,0.0,0.0,0.0,0.0,-2.41,3.16,213.0,0.8,34.9,65.882,35.0,1555.0
1779272975362685981,(2026-05-20 15:59:35.362,0X0000,1,1,1,1,0.9,0.8,0.8,0.8,-446.0,-40.1,355.1,-71.4,0.0,0.0,0.0,0.0,0.0,0.0,0.0,0.0,-1.0692000000000002,0.0418,-0.0546,0.001,924.0,542.4,-1.4,1.0,0.0,0.0,0.0,0.0,0.0,0.0,0.0,0.0,-2.16,2.94,212.6,0.8,34.9,65.882,35.0,1555.0
1779272975724318018,2026-05-20 15:59:35.723,0X0000,1,1,1,1,0.8,0.8,0.8,0.8,-425.4,-45.6,328.7,-54.2,0.0,0.0,0.0,0.0,0.0,0.0,0.0,0.0,-1.0064,0.0115,-0.053,0.001,855.5,532.7,-5.7,1.0,0.0,0.0,0.0,0.0,0.0,0.0,0.0,0.0,-2.13,2.72,212.5,0.8,34.9,65.882,35.0,1555.0
1779272976087894758,*2026-05-20 15:59:36.087,0X0000,1,1,1,1,0.8,0.8,0.8,0.8,-437.2,-76.1,331.4,-106.8,0.0,0.0,0.0,0.0,0.0,0.0,0.0,0.0,-1.0258,0.041,-0.07790000000000001,0.001,887.5,521.2,-26.5,1.0,0.0,0.0,0.0,0.0,0.0,0.0,0.0,0.0,-2.22,2.96,212.6,0.8,34.9,65.882,35.0,1555.0
1779272976451504851,2026-05-20 15:59:36.450,0X0000,1,1,1,1,0.8,0.8,0.8,0.8,-438.9,-79.6,333.9,-25.5,0.0,0.0,0.0,0.0,0.0,0.0,0.0,0.0,-1.0314,-0.0722,-0.0567,0.001,833.9,613.8,-5.1,1.0,0.0,0.0,0.0,0.0,0.0,0.0,0.0,0.0,-2.08,2.72,212.3,0.8,34.9,65.882,35.0,1555.0
1779272976812647517,2026-05-20 15:59:36.812,0X0000,1,1,1,1,0.8,0.8,0.8,0.8,-437.3,-60.3,338.9,-30.0,0.0,0.0,0.0,0.0,0.0,0.0,0.0,0.0,-1.0359,-0.0404,-0.0509,0.001,851.6,593.5,4.1,1.0,0.0,0.0,0.0,0.0,0.0,0.0,0.0,0.0,-2.22,2.96,212.6,0.8,34.9,65.882,35.0,1555.0
1779272977176405924,+2026-05-20 15:59:37.175,0X0000,1,1,1,1,0.8,0.8,0.8,0.8,-409.9,-86.1,407.9,-52.3,0.0,0.0,0.0,0.0,0.0,0.0,0.0,0.0,-1.0915,-0.0451,-0.037899999999999996,0.001,895.5,626.5,20.2,1.0,0.0,0.0,0.0,0.0,0.0,0.0,0.0,0.0,-2.34,2.96,212.6,0.8,34.9,65.882,35.0,1555.0
1779272977538778609,2026-05-20 15:59:37.538,0X0000,1,1,1,1,0.8,0.8,0.8,0.8,-451.0,-54.2,302.8,-47.6,0.0,0.0,0.0,0.0,0.0,0.0,0.0,0.0,-1.006,-0.0088,-0.0674,0.001,847.7,545.8,-14.6,1.0,0.0,0.0,0.0,0.0,0.0,0.0,0.0,0.0,-1.94,2.99,212.2,0.8,34.9,65.882,35.0,1555.0
1779272977900510591,*2026-05-20 15:59:37.899,0X0000,1,1,1,1,0.8,0.8,0.8,0.8,-445.6,-34.9,353.7,-41.2,0.0,0.0,0.0,0.0,0.0,0.0,0.0,0.0,-1.0668,0.008400000000000001,-0.0453,0.001,904.7,566.9,15.2,1.0,0.0,0.0,0.0,0.0,0.0,0.0,0.0,0.0,-2.14,3.27,212.5,0.8,34.9,65.882,35.0,1555.0
1779272978261804720,72026-05-20 15:59:38.261,0X0000,1,1,1,1,0.8,0.8,0.8,0.8,-401.5,-42.5,340.4,-34.4,0.0,0.0,0.0,0.0,0.0,0.0,0.0,0.0,-0.9902000000000001,-0.0108,-0.037200000000000004,0.001,830.5,540.4,12.9,1.0,0.0,0.0,0.0,0.0,0.0,0.0,0.0,0.0,-2.39,2.88,212.4,0.8,34.9,65.882,35.0,1555.0
1779272978623757812,2026-05-20 15:59:38.623,0X0000,1,1,1,1,0.8,0.8,0.8,0.8,-439.8,-56.4,357.8,-25.2,0.0,0.0,0.0,0.0,0.0,0.0,0.0,0.0,-1.0645,-0.0416,-0.0441,0.001,879.0,603.5,8.1,1.0,0.0,0.0,0.0,0.0,0.0,0.0,0.0,0.0,-2.38,2.72,212.2,0.8,34.9,65.882,35.0,1555.0
1779272978986020423,2026-05-20 15:59:38.985,0X0000,1,1,1,1,0.8,0.8,0.7,0.7,-391.7,-94.1,328.0,-27.8,0.0,0.0,0.0,0.0,0.0,0.0,0.0,0.0,-0.9605,-0.0885,-0.0501,0.001,774.9,574.8,-43.9,1.0,0.0,0.0,0.0,0.0,0.0,0.0,0.0,0.0,-2.18,0.17,211.2,0.7,34.9,65.882,35.0,1555.0
1779272979349847756,2026-05-20 15:59:39.349,0X0000,1,1,1,1,0.7,0.7,0.7,0.7,-294.9,-15.7,285.2,-42.0,0.0,0.0,0.0,0.0,0.0,0.0,0.0,0.0,-0.7742,0.0351,-0.0182,0.001,665.1,396.4,-39.0,1.0,0.0,0.0,0.0,0.0,0.0,0.0,0.0,0.0,-2.72,-1.42,213.3,0.7,34.9,65.882,35.0,1555.0
1779272979707044867,&2026-05-20 15:59:39.706,0X0000,1,1,1,1,0.7,0.7,0.8,0.7,-216.3,17.1,229.0,5.4,0.0,0.0,0.0,0.0,0.0,0.0,0.0,0.0,-0.5942999999999999,0.0156,0.0094,0.001,491.0,334.1,-29.3,1.0,0.0,0.0,0.0,0.0,0.0,0.0,0.0,0.0,-2.51,-3.67,215.7,0.7,34.9,65.882,35.0,1555.0
1779272980068155682,)2026-05-20 15:59:40.067,0X0000,1,1,1,1,0.7,0.7,0.7,0.7,-199.7,-0.9,166.0,-13.3,0.0,0.0,0.0,0.0,0.0,0.0,0.0,0.0,-0.48810000000000003,0.0165,-0.013,0.001,375.8,310.6,-32.3,1.0,0.0,0.0,0.0,0.0,0.0,0.0,0.0,0.0,-2.64,-2.18,221.4,0.7,34.9,65.882,35.0,1555.0
1779272980403578496,2026-05-20 15:59:40.402,0X0000,1,1,1,1,0.7,0.7,0.7,0.7,-102.2,9.7,-108.6,-13.6,0.0,0.0,0.0,0.0,0.0,0.0,0.0,0.0,0.0,0.0,0.0,0.0,0.0,0.0,0.0,0.0,0.0,0.0,0.0,0.0,0.0,0.0,0.0,0.0,-1.65,-0.56,227.1,0.7,34.9,65.882,35.0,1555.0
1779272980756050515,2026-05-20 15:59:40.755,0X0000,1,1,1,1,0.7,0.7,0.7,0.7,-70.5,5.7,56.0,38.1,0.0,0.0,0.0,0.0,0.0,0.0,0.0,0.0,-0.1688,-0.0432,0.0079,0.001,63.3,162.1,11.5,1.0,0.0,0.0,0.0,0.0,0.0,0.0,0.0,0.0,-1.66,0.8,234.4,0.7,34.9,65.882,35.0,1555.0
1779272981110727496,2026-05-20 15:59:41.110,0X0000,1,1,1,1,0.7,0.7,0.7,0.7,-67.1,18.2,92.8,-24.1,0.0,0.0,0.0,0.0,0.0,0.0,0.0,0.0,-0.2134,0.0565,0.0053,0.001,148.8,162.9,8.5,1.0,0.0,0.0,0.0,0.0,0.0,0.0,0.0,0.0,-2.08,1.43,242.5,0.7,34.9,65.882,35.0,1555.0
1779272981467518200,'2026-05-20 15:59:41.466,0X0000,1,1,1,1,0.7,0.7,0.7,0.7,-57.2,32.7,115.6,-30.6,0.0,0.0,0.0,0.0,0.0,0.0,0.0,0.0,-0.2306,0.0845,0.016300000000000002,0.001,156.2,189.5,16.9,1.0,0.0,0.0,0.0,0.0,0.0,0.0,0.0,0.0,-2.22,0.97,250.8,0.7,34.9,65.882,35.0,1555.0
1779272981825219755,32026-05-20 15:59:41.824,0X0000,1,1,1,1,0.7,0.7,0.7,0.7,-54.4,28.9,42.8,-50.4,0.0,0.0,0.0,0.0,0.0,0.0,0.0,0.0,-0.12969999999999998,0.10579999999999999,-0.009,0.001,128.2,107.4,-10.6,1.0,0.0,0.0,0.0,0.0,0.0,0.0,0.0,0.0,-2.35,1.19,259.0,0.7,34.9,65.882,35.0,1555.0
1779272982177541107,2026-05-20 15:59:42.176,0X0000,1,1,1,1,0.7,0.7,0.7,0.7,-46.8,21.7,65.6,-15.5,0.0,0.0,0.0,0.0,0.0,0.0,0.0,0.0,-0.15,0.0496,0.0067,0.001,57.4,147.1,7.8,1.0,0.0,0.0,0.0,0.0,0.0,0.0,0.0,0.0,-2.6,1.27,267.1,0.7,34.9,65.882,35.0,1555.0
1779272982532438495,2026-05-20 15:59:42.531,0X0000,1,1,1,1,0.7,0.7,0.7,0.7,-41.7,38.9,37.0,-23.0,0.0,0.0,0.0,0.0,0.0,0.0,0.0,0.0,-0.105,0.08259999999999999,0.003,0.001,72.5,112.2,2.5,1.0,0.0,0.0,0.0,0.0,0.0,0.0,0.0,0.0,-1.9,1.24,275.4,0.7,34.9,65.882,35.0,1555.0
1779272982888125736,'2026-05-20 15:59:42.887,0X0000,1,1,1,1,0.7,0.7,0.7,0.7,-42.0,23.8,27.3,-27.8,0.0,0.0,0.0,0.0,0.0,0.0,0.0,0.0,-0.0925,0.0689,-0.0050999999999999995,0.001,45.6,105.8,-6.5,1.0,0.0,0.0,0.0,0.0,0.0,0.0,0.0,0.0,-3.01,1.34,283.2,0.7,34.9,65.882,35.0,1555.0
1779272983242434828,$2026-05-20 15:59:43.241,0X0000,1,1,1,1,0.7,0.7,0.7,0.6,-31.9,28.7,31.9,-28.2,0.0,0.0,0.0,0.0,0.0,0.0,0.0,0.0,-0.0851,0.07590000000000001,0.0001,0.001,38.9,107.2,-0.2,1.0,0.0,0.0,0.0,0.0,0.0,0.0,0.0,0.0,-1.73,1.36,291.8,0.6,34.9,65.882,35.0,1555.0
1779272983597117291,$2026-05-20 15:59:43.596,0X0000,1,1,1,1,0.7,0.7,0.7,0.6,-22.0,24.7,27.2,-31.2,0.0,0.0,0.0,0.0,0.0,0.0,0.0,0.0,-0.06570000000000001,0.0746,-0.0004,0.001,33.0,93.7,-3.2,1.0,0.0,0.0,0.0,0.0,0.0,0.0,0.0,0.0,-3.24,1.24,299.2,0.6,34.9,65.882,35.0,1555.0
1779272983954081605,2026-05-20 15:59:43.953,0X0000,1,1,1,1,0.7,0.7,0.7,0.6,-53.4,25.2,20.8,-28.1,0.0,0.0,0.0,0.0,0.0,0.0,0.0,0.0,-0.099,0.0711,-0.0096,0.001,-4.3,121.7,-10.3,1.0,0.0,0.0,0.0,0.0,0.0,0.0,0.0,0.0,-2.15,1.13,307.5,0.6,34.9,65.882,35.0,1555.0
1779272984308770346,#2026-05-20 15:59:44.308,0X0000,1,1,1,1,0.7,0.7,0.7,0.6,-28.3,18.6,22.9,-28.1,0.0,0.0,0.0,0.0,0.0,0.0,0.0,0.0,-0.0683,0.062299999999999994,-0.004,0.001,-4.1,92.4,-3.2,1.0,0.0,0.0,0.0,0.0,0.0,0.0,0.0,0.0,-2.25,2.7,314.8,0.6,34.9,65.882,35.0,1555.0
1779272984669554253,'2026-05-20 15:59:44.669,0X0000,1,1,1,1,0.7,0.7,0.7,0.6,-115.8,-6.3,68.2,-17.3,0.0,0.0,0.0,0.0,0.0,0.0,0.0,0.0,-0.24559999999999998,0.0147,-0.0192,0.001,-174.9,174.0,5.9,1.0,0.0,0.0,0.0,0.0,0.0,0.0,0.0,0.0,-2.52,5.98,318.5,0.6,34.9,65.882,35.0,1555.0
1779272985020916790,2026-05-20 15:59:45.020,0X0000,0,1,1,1,0.7,0.7,0.7,0.6,0.0,-49.6,138.8,-43.8,434.0,0.0,0.0,0.0,1.0,0.0,0.0,0.0,0.0,0.0,0.0,0.0,0.0,0.0,0.0,0.0,0.0,0.0,0.0,0.0,0.0,0.0,0.0,0.0,-2.99,8.24,321.0,0.6,34.9,65.882,35.0,1555.0
1779272985384021253,2026-05-20 15:59:45.383,0X0000,1,1,1,1,0.7,0.7,0.7,0.6,-327.4,-58.6,223.4,-91.5,0.0,0.0,0.0,0.0,0.0,0.0,0.0,0.0,-0.7351,0.0439,-0.0685,0.001,-551.4,491.9,31.3,1.0,0.0,0.0,0.0,0.0,0.0,0.0,0.0,0.0,-3.03,7.93,321.6,0.6,34.9,65.882,35.0,1555.0
1779272985756463253,*2026-05-20 15:59:45.755,0X0000,1,1,1,0,0.7,0.7,0.6,0.0,-387.1,-46.6,282.1,0.0,0.0,0.0,0.0,72.0,0.0,0.0,0.0,1.0,-0.8931,0.0157,-0.056600000000000004,0.001,-687.7,572.4,22.6,1.0,0.0,0.0,0.0,0.0,0.0,0.0,0.0,0.0,-1.99,5.11,321.2,0.6,34.9,65.882,35.0,1555.0
1779272986117055234,2026-05-20 15:59:46.116,0X0000,1,1,1,1,0.7,0.7,0.6,0.6,-402.3,-50.3,299.9,-45.2,0.0,0.0,0.0,0.0,0.0,0.0,0.0,0.0,-0.9372,-0.0068,-0.053399999999999996,0.001,-735.2,583.5,14.6,1.0,0.0,0.0,0.0,0.0,0.0,0.0,0.0,0.0,-2.31,4.14,321.1,0.6,35.0,65.882,35.0,1555.0
1779272986480309363,2026-05-20 15:59:46.479,0X0000,1,1,1,1,0.7,0.7,0.6,0.6,-422.0,-16.9,339.8,-38.0,0.0,0.0,0.0,0.0,0.0,0.0,0.0,0.0,-1.0167,0.0282,-0.037,0.001,-760.4,676.5,12.3,1.0,0.0,0.0,0.0,0.0,0.0,0.0,0.0,0.0,-2.14,2.84,319.9,0.6,35.0,65.882,35.0,1555.0
1779272986841187993,2026-05-20 15:59:46.840,0X0000,1,1,1,1,0.7,0.7,0.6,0.6,-411.5,-66.8,316.5,-59.7,0.0,0.0,0.0,0.0,0.0,0.0,0.0,0.0,-0.9716,-0.0095,-0.0597,0.001,-751.4,618.9,-1.0,1.0,0.0,0.0,0.0,0.0,0.0,0.0,0.0,0.0,-2.17,3.44,319.9,0.6,34.9,65.882,35.0,1555.0
1779272987201796215,2026-05-20 15:59:47.201,0X0000,1,1,1,1,0.7,0.7,0.6,0.6,-387.4,-25.4,351.4,-28.3,0.0,0.0,0.0,0.0,0.0,0.0,0.0,0.0,-0.986,0.0039,-0.0242,0.001,-738.5,653.8,13.5,1.0,0.0,0.0,0.0,0.0,0.0,0.0,0.0,0.0,-2.64,2.2,318.7,0.6,34.9,65.882,35.0,1555.0
1779272987562387788,)2026-05-20 15:59:47.561,0X0000,1,1,1,1,0.6,0.7,0.6,0.6,-392.8,-51.7,309.8,-33.3,0.0,0.0,0.0,0.0,0.0,0.0,0.0,0.0,-0.9377000000000001,-0.0246,-0.0453,0.001,-724.0,598.2,8.4,1.0,0.0,0.0,0.0,0.0,0.0,0.0,0.0,0.0,-2.04,3.23,318.9,0.6,34.9,65.882,35.0,1555.0
1779272987925436307,)2026-05-20 15:59:47.924,0X0000,1,1,1,1,0.7,0.7,0.6,0.6,-428.7,-35.1,341.6,-63.0,0.0,0.0,0.0,0.0,0.0,0.0,0.0,0.0,-1.0281,0.037200000000000004,-0.05,0.001,-743.3,713.0,-6.9,1.0,0.0,0.0,0.0,0.0,0.0,0.0,0.0,0.0,-2.46,2.49,318.2,0.6,35.0,65.882,35.0,1555.0
1779272988287924936,2026-05-20 15:59:48.287,0X0000,1,1,1,1,0.6,0.7,0.6,0.6,-464.7,-49.5,313.6,-69.2,0.0,0.0,0.0,0.0,0.0,0.0,0.0,0.0,-1.0387,0.0263,-0.0728,0.001,-757.1,715.4,-12.8,1.0,0.0,0.0,0.0,0.0,0.0,0.0,0.0,0.0,-1.61,3.35,318.0,0.6,34.9,65.882,35.0,1555.0
1779272988648906343,+2026-05-20 15:59:48.648,0X0000,1,1,1,1,0.6,0.7,0.6,0.6,-412.0,-59.9,327.6,-22.2,0.0,0.0,0.0,0.0,0.0,0.0,0.0,0.0,-0.9871,-0.0503,-0.044899999999999995,0.001,-764.1,628.6,7.7,1.0,0.0,0.0,0.0,0.0,0.0,0.0,0.0,0.0,-2.68,2.92,317.6,0.6,35.0,65.882,35.0,1555.0
1779272989011181973,2026-05-20 15:59:49.010,0X0000,1,1,1,1,0.6,0.6,0.6,0.6,-416.7,-85.6,326.9,-58.9,0.0,0.0,0.0,0.0,0.0,0.0,0.0,0.0,-0.9924,-0.0356,-0.0632,0.001,-752.3,651.2,-10.9,1.0,0.0,0.0,0.0,0.0,0.0,0.0,0.0,0.0,-1.92,2.95,317.0,0.6,35.0,65.882,35.0,1555.0
1779272989371726602,(2026-05-20 15:59:49.371,0X0000,1,1,1,1,0.6,0.6,0.6,0.6,-392.1,-96.7,340.8,-28.5,0.0,0.0,0.0,0.0,0.0,0.0,0.0,0.0,-0.9782000000000001,-0.091,-0.0476,0.001,-777.7,602.1,7.4,1.0,0.0,0.0,0.0,0.0,0.0,0.0,0.0,0.0,-2.29,3.01,316.9,0.6,35.0,65.882,35.0,1555.0
1779272989736858287,:2026-05-20 15:59:49.736,0X0000,1,1,1,1,0.6,0.6,0.6,0.6,-404.2,-106.4,305.1,-60.9,0.0,0.0,0.0,0.0,0.0,0.0,0.0,0.0,-0.9467000000000001,-0.060700000000000004,-0.0718,0.001,-729.2,610.4,-26.7,1.0,0.0,0.0,0.0,0.0,0.0,0.0,0.0,0.0,-2.11,2.59,316.3,0.6,35.0,65.882,35.0,1555.0
1779272990097035676,2026-05-20 15:59:50.096,0X0000,1,1,1,1,0.6,0.6,0.6,0.6,-434.3,-53.1,349.2,-47.4,0.0,0.0,0.0,0.0,0.0,0.0,0.0,0.0,-1.0457,-0.0076,-0.0501,0.001,-757.6,722.5,4.9,1.0,0.0,0.0,0.0,0.0,0.0,0.0,0.0,0.0,-2.18,3.0,315.9,0.6,35.0,65.882,35.0,1555.0
1779272990459679305,2026-05-20 15:59:50.459,0X0000,1,1,1,1,0.6,0.6,0.6,0.6,-425.5,-39.4,343.2,-38.2,0.0,0.0,0.0,0.0,0.0,0.0,0.0,0.0,-1.0259,-0.0016,-0.0431,0.001,-737.5,714.3,15.8,1.0,0.0,0.0,0.0,0.0,0.0,0.0,0.0,0.0,-2.37,3.29,315.8,0.6,35.0,65.882,35.0,1555.0
1779272990824207583,2026-05-20 15:59:50.823,0X0000,1,1,1,1,0.6,0.6,0.6,0.6,-462.6,-83.0,321.5,-30.5,0.0,0.0,0.0,0.0,0.0,0.0,0.0,0.0,-1.0465,-0.0701,-0.0687,0.001,-790.8,692.0,-22.3,1.0,0.0,0.0,0.0,0.0,0.0,0.0,0.0,0.0,-2.22,2.39,314.9,0.6,35.0,65.882,35.0,1555.0
1779272991184460101,2026-05-20 15:59:51.183,0X0000,1,1,1,1,0.6,0.6,0.6,0.6,-431.4,-45.9,278.0,-52.4,0.0,0.0,0.0,0.0,0.0,0.0,0.0,0.0,-0.9468,0.0087,-0.0679,0.001,-668.6,673.8,-11.4,1.0,0.0,0.0,0.0,0.0,0.0,0.0,0.0,0.0,-2.62,3.44,315.2,0.6,35.0,65.882,35.0,1555.0
1779272991542537601,(2026-05-20 15:59:51.541,0X0000,1,1,1,1,0.6,0.6,0.6,0.6,-406.7,2.5,330.2,-65.2,0.0,0.0,0.0,0.0,0.0,0.0,0.0,0.0,-0.9835,0.09040000000000001,-0.0376,0.001,-631.0,760.6,10.2,1.0,0.0,0.0,0.0,0.0,0.0,0.0,0.0,0.0,-1.99,2.97,314.9,0.6,35.0,65.882,35.0,1555.0
1779272991902428341,'2026-05-20 15:59:51.901,0X0000,1,1,1,1,0.6,0.6,0.6,0.6,-398.5,-38.7,325.6,-47.8,0.0,0.0,0.0,0.0,0.0,0.0,0.0,0.0,-0.9663999999999999,0.0121,-0.043,0.001,-667.4,700.3,6.2,1.0,0.0,0.0,0.0,0.0,0.0,0.0,0.0,0.0,-2.37,2.95,314.3,0.6,35.0,65.882,35.0,1555.0
1779272992262869249,F2026-05-20 15:59:52.262,0X0000,1,1,1,1,0.6,0.6,0.6,0.5,-410.4,-38.7,306.9,-34.9,0.0,0.0,0.0,0.0,0.0,0.0,0.0,0.0,-0.9572999999999999,-0.0050999999999999995,-0.047799999999999995,0.001,-672.4,683.1,2.2,1.0,0.0,0.0,0.0,0.0,0.0,0.0,0.0,0.0,-2.16,2.98,314.2,0.5,35.0,65.882,35.0,1555.0
1779272992625193508,2026-05-20 15:59:52.624,0X0000,1,1,1,1,0.6,0.6,0.6,0.5,-433.7,-86.0,324.7,-36.9,0.0,0.0,0.0,0.0,0.0,0.0,0.0,0.0,-1.0122,-0.0655,-0.0626,0.001,-752.5,683.1,-2.2,1.0,0.0,0.0,0.0,0.0,0.0,0.0,0.0,0.0,-2.29,3.27,314.0,0.5,35.0,65.882,35.0,1555.0
1779272992985362526,2026-05-20 15:59:52.984,0X0000,1,1,1,1,0.6,0.6,0.6,0.5,-413.9,-31.2,325.3,-42.1,0.0,0.0,0.0,0.0,0.0,0.0,0.0,0.0,-0.9866,0.0145,-0.0437,0.001,-666.1,729.2,1.6,1.0,0.0,0.0,0.0,0.0,0.0,0.0,0.0,0.0,-2.41,2.67,313.2,0.5,35.0,65.882,35.0,1555.0
1779272993348337729,*2026-05-20 15:59:53.347,0X0000,1,1,1,1,0.6,0.6,0.5,0.5,-409.5,-74.5,388.6,-13.5,0.0,0.0,0.0,0.0,0.0,0.0,0.0,0.0,-1.0652000000000001,-0.0814,-0.0294,0.001,-791.9,716.6,38.6,1.0,0.0,0.0,0.0,0.0,0.0,0.0,0.0,0.0,-2.48,3.47,313.5,0.5,35.0,65.882,35.0,1555.0
1779272993716423377,2026-05-20 15:59:53.715,0X0000,1,1,1,1,0.6,0.6,0.6,0.5,-482.6,-387.8,348.4,-46.9,0.0,0.0,0.0,0.0,0.0,0.0,0.0,0.0,-1.1091,-0.455,-0.1534,0.001,-1099.1,496.8,-76.7,1.0,0.0,0.0,0.0,0.0,0.0,0.0,0.0,0.0,-2.13,3.08,313.3,0.5,35.0,65.882,35.0,1555.0
1779272994078995692,2026-05-20 15:59:54.078,0X0000,1,1,1,1,0.6,0.6,0.5,0.5,-405.2,-85.6,373.0,-65.4,0.0,0.0,0.0,0.0,0.0,0.0,0.0,0.0,-1.0386,-0.027,-0.0494,0.001,-728.1,742.8,5.4,1.0,0.0,0.0,0.0,0.0,0.0,0.0,0.0,0.0,-2.22,2.97,312.9,0.5,35.0,65.882,35.0,1555.0
1779272994441149729,2026-05-20 15:59:54.440,0X0000,1,1,1,1,0.6,0.6,0.5,0.5,-428.5,-77.0,338.7,-49.3,0.0,0.0,0.0,0.0,0.0,0.0,0.0,0.0,-1.0239,-0.037,-0.0583,0.001,-724.7,726.5,-1.2,1.0,0.0,0.0,0.0,0.0,0.0,0.0,0.0,0.0,-2.35,3.11,312.8,0.5,35.0,65.882,35.0,1555.0
1779272994801626525,)2026-05-20 15:59:54.800,0X0000,1,1,1,1,0.6,0.6,0.6,0.6,-419.2,-60.4,325.7,-62.3,0.0,0.0,0.0,0.0,0.0,0.0,0.0,0.0,-0.9942000000000001,0.0025,-0.0583,0.001,-673.1,733.9,-6.0,1.0,0.0,0.0,0.0,0.0,0.0,0.0,0.0,0.0,-2.28,3.02,312.6,0.6,35.0,65.882,35.0,1555.0
1779272995163222432,2026-05-20 15:59:55.162,0X0000,1,1,1,1,0.6,0.6,0.6,0.6,-429.0,-52.6,321.9,-8.2,0.0,0.0,0.0,0.0,0.0,0.0,0.0,0.0,-1.0022,-0.0593,-0.0453,0.001,-725.4,695.3,15.0,1.0,0.0,0.0,0.0,0.0,0.0,0.0,0.0,0.0,-2.34,3.31,312.8,0.6,35.0,65.882,35.0,1555.0
1779272995528413395,+2026-05-20 15:59:55.527,0X0000,1,1,1,1,0.6,0.7,0.6,0.6,-408.1,-27.7,315.2,-103.1,0.0,0.0,0.0,0.0,0.0,0.0,0.0,0.0,-0.9652999999999999,0.1006,-0.0603,0.001,-577.5,782.1,-18.8,1.0,0.0,0.0,0.0,0.0,0.0,0.0,0.0,0.0,-1.97,2.67,312.3,0.6,35.0,65.882,35.0,1555.0
1779272995892878895,+2026-05-20 15:59:55.892,0X0000,1,1,1,1,0.6,0.6,0.6,0.6,-471.1,-48.2,340.5,118.1,0.0,0.0,0.0,0.0,0.0,0.0,0.0,0.0,-1.0832,-0.222,-0.016399999999999998,0.001,-893.3,650.0,48.7,1.0,0.0,0.0,0.0,0.0,0.0,0.0,0.0,0.0,-2.05,3.03,312.4,0.6,35.0,65.882,35.0,1555.0
1779272996256371172,62026-05-20 15:59:56.255,0X0000,1,1,1,1,0.6,0.6,0.6,0.6,-421.2,-37.6,358.1,-22.0,0.0,0.0,0.0,0.0,0.0,0.0,0.0,0.0,-1.0400999999999998,-0.0208,-0.033100000000000004,0.001,-711.8,759.2,20.3,1.0,0.0,0.0,0.0,0.0,0.0,0.0,0.0,0.0,-2.2,2.9,312.0,0.6,35.1,65.882,35.0,1555.0
1779272996618996709,+2026-05-20 15:59:56.618,0X0000,1,1,1,1,0.6,0.6,0.6,0.6,-409.0,-67.4,334.3,-57.8,0.0,0.0,0.0,0.0,0.0,0.0,0.0,0.0,-0.992,-0.0128,-0.053899999999999997,0.001,-673.8,730.2,-1.1,1.0,0.0,0.0,0.0,0.0,0.0,0.0,0.0,0.0,-2.32,3.02,311.9,0.6,35.0,65.882,35.0,1555.0
1779272996982198246,)2026-05-20 15:59:56.981,0X0000,1,1,1,1,0.7,0.7,0.6,0.6,-430.5,-81.7,329.8,8.5,0.0,0.0,0.0,0.0,0.0,0.0,0.0,0.0,-1.0147,-0.12040000000000001,-0.0469,0.001,-764.8,679.1,14.3,1.0,0.0,0.0,0.0,0.0,0.0,0.0,0.0,0.0,-2.65,3.14,311.6,0.6,35.0,65.882,35.0,1555.0
1779272997345237246,72026-05-20 15:59:57.344,0X0000,1,1,1,1,0.7,0.7,0.6,0.6,-451.5,-30.7,252.6,-59.4,0.0,0.0,0.0,0.0,0.0,0.0,0.0,0.0,-0.9397000000000001,0.038299999999999994,-0.078,0.001,-602.4,726.0,-26.7,1.0,0.0,0.0,0.0,0.0,0.0,0.0,0.0,0.0,-2.09,3.21,311.9,0.6,35.1,65.882,35.0,1555.0
1779272997708525264,2026-05-20 15:59:57.707,0X0000,1,1,1,1,0.7,0.7,0.6,0.6,-404.7,-55.9,351.9,-94.9,0.0,0.0,0.0,0.0,0.0,0.0,0.0,0.0,-1.0098,0.0521,-0.0549,0.001,-630.7,792.3,-3.0,1.0,0.0,0.0,0.0,0.0,0.0,0.0,0.0,0.0,-2.57,3.08,311.4,0.6,35.0,65.882,35.0,1555.0
1779272998074573412,2026-05-20 15:59:58.073,0X0000,1,1,1,1,0.7,0.7,0.7,0.7,-440.2,-126.0,319.1,-54.2,0.0,0.0,0.0,0.0,0.0,0.0,0.0,0.0,-1.0134,-0.0958,-0.0813,0.001,-750.3,692.5,-20.7,1.0,0.0,0.0,0.0,0.0,0.0,0.0,0.0,0.0,-2.26,3.21,311.8,0.7,35.0,65.882,35.0,1555.0
1779272998440247004,2026-05-20 15:59:58.439,0X0000,1,1,1,1,0.8,0.7,0.7,0.7,-453.9,-70.5,302.8,-58.1,0.0,0.0,0.0,0.0,0.0,0.0,0.0,0.0,-1.0099,-0.0165,-0.07540000000000001,0.001,-684.5,746.1,-24.7,1.0,0.0,0.0,0.0,0.0,0.0,0.0,0.0,0.0,-2.15,2.84,311.5,0.7,35.0,65.882,35.0,1555.0
1779272998804227837,2026-05-20 15:59:58.803,0X0000,1,1,1,1,0.8,0.7,0.7,0.7,-460.9,-40.5,291.1,-45.3,0.0,0.0,0.0,0.0,0.0,0.0,0.0,0.0,-1.0036,0.0064,-0.069,0.001,-660.2,758.8,-21.3,1.0,0.0,0.0,0.0,0.0,0.0,0.0,0.0,0.0,-2.07,2.74,311.3,0.7,35.1,65.882,35.0,1555.0
1779272999170004615,2026-05-20 15:59:59.169,0X0000,1,1,1,1,0.8,0.8,0.7,0.7,-460.7,-114.4,333.0,-82.8,0.0,0.0,0.0,0.0,0.0,0.0,0.0,0.0,-1.0593,-0.0422,-0.0876,0.001,-737.3,766.5,-25.5,1.0,0.0,0.0,0.0,0.0,0.0,0.0,0.0,0.0,-2.16,3.27,311.5,0.7,35.0,65.882,35.0,1555.0
1779272999535933337,2026-05-20 15:59:59.535,0X0000,1,1,1,1,0.8,0.8,0.7,0.7,-430.2,-84.7,325.5,-55.8,0.0,0.0,0.0,0.0,0.0,0.0,0.0,0.0,-1.0086,-0.0386,-0.06620000000000001,0.001,-687.0,742.1,-23.5,1.0,0.0,0.0,0.0,0.0,0.0,0.0,0.0,0.0,-2.27,2.34,310.5,0.7,35.0,65.882,35.0,1555.0
1779272999900160411,82026-05-20 15:59:59.899,0X0000,1,1,1,1,0.8,0.8,0.7,0.8,-446.3,-59.7,308.5,-49.9,0.0,0.0,0.0,0.0,0.0,0.0,0.0,0.0,-1.0074,-0.013099999999999999,-0.06670000000000001,0.001,-675.9,750.0,-5.3,1.0,0.0,0.0,0.0,0.0,0.0,0.0,0.0,0.0,-2.5,3.46,311.2,0.7,35.1,65.882,35.0,1555.0
1779273000263770503,62026-05-20 16:00:00.263,0X0000,1,1,1,1,0.8,0.8,0.8,0.8,-428.7,-49.9,437.4,-58.7,0.0,0.0,0.0,0.0,0.0,0.0,0.0,0.0,-1.1559000000000001,0.011699999999999999,-0.027,0.001,-743.3,885.3,27.3,1.0,0.0,0.0,0.0,0.0,0.0,0.0,0.0,0.0,-2.49,2.72,310.6,0.8,35.1,65.882,35.0,1555.0
1779273000627996244,2026-05-20 16:00:00.627,0X0000,1,1,1,1,0.8,0.8,0.8,0.8,-428.7,-63.9,349.9,-73.1,0.0,0.0,0.0,0.0,0.0,0.0,0.0,0.0,-1.0391,0.0123,-0.0582,0.001,-677.1,790.5,-0.1,1.0,0.0,0.0,0.0,0.0,0.0,0.0,0.0,0.0,-2.21,3.23,311.2,0.8,35.1,65.882,35.0,1555.0
1779273000994002280,+2026-05-20 16:00:00.993,0X0000,1,1,1,1,0.8,0.8,0.8,0.8,-373.4,-114.3,391.7,-62.5,0.0,0.0,0.0,0.0,0.0,0.0,0.0,0.0,-1.0211000000000001,-0.0691,-0.0427,0.001,-724.1,724.3,16.7,1.0,0.0,0.0,0.0,0.0,0.0,0.0,0.0,0.0,-2.29,3.18,311.1,0.8,35.1,65.882,35.0,1555.0
1779273001356169873,2026-05-20 16:00:01.355,0X0000,1,1,1,1,0.8,0.8,0.8,0.8,-394.0,-29.3,299.2,-47.9,0.0,0.0,0.0,0.0,0.0,0.0,0.0,0.0,-0.9252,0.0248,-0.0464,0.001,-592.1,712.9,5.3,1.0,0.0,0.0,0.0,0.0,0.0,0.0,0.0,0.0,-2.47,3.27,311.2,0.8,35.1,65.882,35.0,1555.0
1779273001721451428,2026-05-20 16:00:01.720,0X0000,1,1,1,1,0.8,0.8,0.8,0.8,-400.5,-79.2,268.4,106.3,0.0,0.0,0.0,0.0,0.0,0.0,0.0,0.0,-0.8927,-0.2476,-0.028300000000000002,0.001,-760.5,529.4,-19.4,1.0,0.0,0.0,0.0,0.0,0.0,0.0,0.0,0.0,-2.4,-0.1,309.6,0.8,35.1,65.882,35.0,1555.0
1779273002081875928,'2026-05-20 16:00:02.081,0X0000,1,1,1,1,0.8,0.8,0.8,0.8,-288.4,2.1,344.8,37.4,0.0,0.0,0.0,0.0,0.0,0.0,0.0,0.0,-0.8451000000000001,-0.0471,0.0258,0.001,-590.8,606.6,-4.6,1.0,0.0,0.0,0.0,0.0,0.0,0.0,0.0,0.0,-2.84,-2.22,311.1,0.8,35.1,65.882,35.0,1555.0
1779273002419310169,2026-05-20 16:00:02.418,0X0000,1,1,1,1,0.8,0.8,0.8,0.8,-209.5,-21.1,281.4,-10.5,0.0,0.0,0.0,0.0,0.0,0.0,0.0,0.0,0.0,0.0,0.0,0.0,0.0,0.0,0.0,0.0,0.0,0.0,0.0,0.0,0.0,0.0,0.0,0.0,-2.02,-3.98,314.7,0.8,35.1,65.882,35.0,1555.0
1779273002777014020,72026-05-20 16:00:02.776,0X0000,1,1,1,1,0.8,0.8,0.8,0.8,-162.7,0.0,165.2,-3.7,0.0,0.0,0.0,0.0,0.0,0.0,0.0,0.0,-0.43760000000000004,0.004900000000000001,-0.0004,0.001,-325.1,291.5,-29.6,1.0,0.0,0.0,0.0,0.0,0.0,0.0,0.0,0.0,-1.98,-3.81,318.7,0.8,35.1,65.882,35.0,1555.0
1779273003138509353,+2026-05-20 16:00:03.137,0X0000,1,1,1,1,0.8,0.8,0.8,0.8,-109.8,-9.5,98.6,-21.0,0.0,0.0,0.0,0.0,0.0,0.0,0.0,0.0,-0.2781,0.015300000000000001,-0.0112,0.001,-219.6,171.0,-16.7,1.0,0.0,0.0,0.0,0.0,0.0,0.0,0.0,0.0,-2.77,-0.99,325.1,0.8,35.1,65.882,35.0,1555.0
1779273003491521649,$2026-05-20 16:00:03.490,0X0000,1,1,1,1,0.8,0.8,0.8,0.8,-65.5,13.6,71.9,2.7,0.0,0.0,0.0,0.0,0.0,0.0,0.0,0.0,-0.1834,0.0145,0.0060999999999999995,0.001,-155.9,97.5,8.8,1.0,0.0,0.0,0.0,0.0,0.0,0.0,0.0,0.0,-2.18,1.02,332.6,0.8,35.1,65.882,35.0,1555.0
1779273003844466927,2026-05-20 16:00:03.843,0X0000,1,1,1,1,0.8,0.8,0.8,0.8,-60.0,-1.0,51.3,1.1,0.0,0.0,0.0,0.0,0.0,0.0,0.0,0.0,-0.1485,-0.0028,-0.0023,0.001,-140.0,49.6,1.0,1.0,0.0,0.0,0.0,0.0,0.0,0.0,0.0,0.0,-2.68,1.21,339.4,0.8,35.1,65.882,35.0,1555.0
1779273004199703834,%2026-05-20 16:00:04.199,0X0000,1,1,1,1,0.8,0.8,0.8,0.8,-51.9,1.7,64.0,-21.7,0.0,0.0,0.0,0.0,0.0,0.0,0.0,0.0,-0.15469999999999998,0.0312,-0.0022,0.001,-143.8,65.0,-0.7,1.0,0.0,0.0,0.0,0.0,0.0,0.0,0.0,0.0,-2.11,0.99,347.1,0.8,35.1,65.882,35.0,1555.0
1779273004552378167,2026-05-20 16:00:04.551,0X0000,1,1,1,1,0.8,0.8,0.8,0.8,-64.1,8.1,78.7,-12.1,0.0,0.0,0.0,0.0,0.0,0.0,0.0,0.0,-0.1906,0.027,0.0028,0.001,-186.4,48.0,5.8,1.0,0.0,0.0,0.0,0.0,0.0,0.0,0.0,0.0,-2.55,1.27,353.7,0.8,35.2,65.882,35.0,1555.0
1779273004905200445,#2026-05-20 16:00:04.904,0X0000,1,1,1,1,0.8,0.8,0.8,0.8,-43.4,19.4,58.4,-1.5,0.0,0.0,0.0,0.0,0.0,0.0,0.0,0.0,-0.1359,0.027899999999999998,0.0089,0.001,-135.9,27.2,10.0,1.0,0.0,0.0,0.0,0.0,0.0,0.0,0.0,0.0,-2.79,1.04,0.5,0.8,35.2,65.882,35.0,1555.0
1779273005262643482,!2026-05-20 16:00:05.262,0X0000,1,1,1,1,0.8,0.8,0.8,0.8,-47.6,19.6,42.3,-28.9,0.0,0.0,0.0,0.0,0.0,0.0,0.0,0.0,-0.12,0.06470000000000001,-0.004,0.001,-128.1,46.8,-3.7,1.0,0.0,0.0,0.0,0.0,0.0,0.0,0.0,0.0,-2.09,1.27,8.2,0.8,35.2,65.882,35.0,1555.0
1779273005618004963,02026-05-20 16:00:05.617,0X0000,1,1,1,1,0.8,0.8,0.8,0.8,-42.3,21.5,37.7,-13.2,0.0,0.0,0.0,0.0,0.0,0.0,0.0,0.0,-0.10679999999999999,0.046299999999999994,0.001,0.001,-115.1,17.4,1.5,1.0,0.0,0.0,0.0,0.0,0.0,0.0,0.0,0.0,-2.55,1.37,14.9,0.8,35.2,65.882,35.0,1555.0
1779273005973669352,$2026-05-20 16:00:05.973,0X0000,1,1,1,1,0.8,0.8,0.8,0.8,-31.1,28.0,35.2,-16.3,0.0,0.0,0.0,0.0,0.0,0.0,0.0,0.0,-0.0885,0.0591,0.004200000000000001,0.001,-104.1,22.2,3.2,1.0,0.0,0.0,0.0,0.0,0.0,0.0,0.0,0.0,-2.76,1.19,21.8,0.8,35.2,65.882,35.0,1555.0
1779273006328809574,$2026-05-20 16:00:06.328,0X0000,1,1,1,1,0.8,0.8,0.8,0.8,-29.1,20.9,27.2,-21.3,0.0,0.0,0.0,0.0,0.0,0.0,0.0,0.0,-0.0751,0.056299999999999996,-0.0006,0.001,-92.8,14.3,0.1,1.0,0.0,0.0,0.0,0.0,0.0,0.0,0.0,0.0,-2.12,2.12,28.1,0.8,35.2,65.882,35.0,1555.0
1779273006687423166,2026-05-20 16:00:06.686,0X0000,1,1,1,1,0.8,0.8,0.8,0.8,-85.1,4.7,43.3,-35.8,0.0,0.0,0.0,0.0,0.0,0.0,0.0,0.0,-0.1714,0.0541,-0.0197,0.001,-175.5,-43.6,-4.4,1.0,0.0,0.0,0.0,0.0,0.0,0.0,0.0,0.0,-2.55,5.88,31.2,0.8,35.2,65.882,35.0,1555.0
1779273007051200888,+2026-05-20 16:00:07.050,0X0000,1,1,1,1,0.8,0.8,0.8,0.8,-152.4,-17.5,108.7,-32.8,0.0,0.0,0.0,0.0,0.0,0.0,0.0,0.0,-0.3485,0.020399999999999998,-0.0254,0.001,-303.5,-173.7,14.5,1.0,0.0,0.0,0.0,0.0,0.0,0.0,0.0,0.0,-2.56,6.69,33.1,0.8,35.2,65.882,35.0,1555.0
1779273007401660740,2026-05-20 16:00:07.401,0X0000,0,1,1,1,0.8,0.8,0.8,0.8,0.0,-29.9,177.1,-47.8,279.0,0.0,0.0,0.0,1.0,0.0,0.0,0.0,0.0,0.0,0.0,0.0,0.0,0.0,0.0,0.0,0.0,0.0,0.0,0.0,0.0,0.0,0.0,0.0,-2.76,7.51,33.1,0.8,35.2,65.882,35.0,1555.0
1779273007775457258,72026-05-20 16:00:07.774,0X0000,1,1,1,0,0.8,0.8,0.8,0.0,-368.8,-69.7,208.6,0.0,0.0,0.0,0.0,160.0,0.0,0.0,0.0,1.0,-0.7706000000000001,0.027800000000000002,-0.0864,0.001,-658.3,-410.4,20.0,1.0,0.0,0.0,0.0,0.0,0.0,0.0,0.0,0.0,-2.37,7.96,33.9,0.8,35.2,65.882,35.0,1555.0
1779273008141287480,+2026-05-20 16:00:08.140,0X0000,1,1,1,1,0.8,0.8,0.8,0.8,-415.4,-79.9,288.5,-68.8,0.0,0.0,0.0,0.0,0.0,0.0,0.0,0.0,-0.9395,-0.0148,-0.07429999999999999,0.001,-765.5,-549.9,-4.8,1.0,0.0,0.0,0.0,0.0,0.0,0.0,0.0,0.0,-2.37,4.19,34.7,0.8,35.2,65.882,35.0,1555.0
1779273008505114943,2026-05-20 16:00:08.504,0X0000,1,1,1,1,0.8,0.8,0.8,0.8,-417.7,-56.2,328.9,-41.6,0.0,0.0,0.0,0.0,0.0,0.0,0.0,0.0,-0.9964,-0.0195,-0.0503,0.001,-810.7,-581.6,13.6,1.0,0.0,0.0,0.0,0.0,0.0,0.0,0.0,0.0,-1.82,3.64,34.5,0.8,35.2,65.882,35.0,1555.0
1779273008869022961,2026-05-20 16:00:08.868,0X0000,1,1,1,1,0.8,0.8,0.8,0.8,-410.8,-49.4,316.5,-30.7,0.0,0.0,0.0,0.0,0.0,0.0,0.0,0.0,-0.9707,-0.025,-0.0471,0.001,-790.1,-566.3,-1.1,1.0,0.0,0.0,0.0,0.0,0.0,0.0,0.0,0.0,-2.46,2.65,34.1,0.8,35.2,65.882,35.0,1555.0
1779273009232796776,2026-05-20 16:00:09.232,0X0000,1,1,1,1,0.8,0.8,0.8,0.8,-403.0,-53.0,325.1,-23.3,0.0,0.0,0.0,0.0,0.0,0.0,0.0,0.0,-0.9717,-0.0396,-0.0416,0.001,-793.8,-563.3,12.1,1.0,0.0,0.0,0.0,0.0,0.0,0.0,0.0,0.0,-1.94,3.09,33.0,0.8,35.2,65.882,35.0,1555.0
1779273009594595812,2026-05-20 16:00:09.594,0X0000,1,1,1,1,0.8,0.8,0.8,0.8,-418.4,-32.6,312.8,-1.4,0.0,0.0,0.0,0.0,0.0,0.0,0.0,0.0,-0.9759,-0.0416,-0.0376,0.001,-793.1,-571.4,6.9,1.0,0.0,0.0,0.0,0.0,0.0,0.0,0.0,0.0,-2.18,2.52,33.3,0.8,35.2,65.882,35.0,1555.0
1779273009928693294,2026-05-20 16:00:09.928,0X0000,1,1,1,1,0.8,0.8,0.8,0.8,-440.9,-67.0,0.2,-53.7,0.0,0.0,0.0,0.0,0.0,0.0,0.0,0.0,0.0,0.0,0.0,0.0,0.0,0.0,0.0,0.0,0.0,0.0,0.0,0.0,0.0,0.0,0.0,0.0,-1.87,2.56,32.6,0.8,35.2,65.882,35.0,1555.0
1779273010294511830,)2026-05-20 16:00:10.293,0X0000,1,1,1,1,0.8,0.8,0.8,0.8,-543.5,-52.8,339.6,-39.7,0.0,0.0,0.0,0.0,0.0,0.0,0.0,0.0,-1.1785999999999999,-0.0175,-0.08,0.001,-990.3,-644.0,-21.0,1.0,0.0,0.0,0.0,0.0,0.0,0.0,0.0,0.0,-2.06,2.84,32.1,0.8,35.2,65.882,35.0,1555.0
1779273010630742978,2026-05-20 16:00:10.630,0X0000,1,1,1,1,0.8,0.8,0.8,0.8,-413.1,-52.8,301.9,-45.3,0.0,0.0,0.0,0.0,0.0,0.0,0.0,0.0,0.0,0.0,0.0,0.0,0.0,0.0,0.0,0.0,0.0,0.0,0.0,0.0,0.0,0.0,0.0,0.0,-2.75,2.6,31.2,0.8,35.2,65.882,35.0,1555.0
1779273010992500015,)2026-05-20 16:00:10.991,0X0000,1,1,1,1,0.8,0.8,0.8,0.8,-423.4,-51.4,316.7,-32.5,0.0,0.0,0.0,0.0,0.0,0.0,0.0,0.0,-0.9877999999999999,-0.0252,-0.0514,0.001,-834.4,-531.7,4.5,1.0,0.0,0.0,0.0,0.0,0.0,0.0,0.0,0.0,-2.17,3.19,31.0,0.8,35.3,65.882,35.0,1555.0
1779273011354049311,2026-05-20 16:00:11.353,0X0000,1,1,1,1,0.8,0.8,0.8,0.8,-437.7,-40.5,310.6,-53.4,0.0,0.0,0.0,0.0,0.0,0.0,0.0,0.0,-0.9987,0.0172,-0.0596,0.001,-867.6,-498.5,-5.5,1.0,0.0,0.0,0.0,0.0,0.0,0.0,0.0,0.0,-2.18,3.14,30.8,0.8,35.3,65.882,35.0,1555.0
1779273011715980163,2026-05-20 16:00:11.715,0X0000,1,1,1,1,0.8,0.8,0.7,0.8,-420.6,-57.9,355.0,1.3,0.0,0.0,0.0,0.0,0.0,0.0,0.0,0.0,-1.0351,-0.079,-0.033,0.001,-847.8,-599.6,20.8,1.0,0.0,0.0,0.0,0.0,0.0,0.0,0.0,0.0,-2.11,2.82,30.9,0.7,35.3,65.882,35.0,1555.0
1779273012082884811,92026-05-20 16:00:12.082,0X0000,1,1,1,1,0.8,0.8,0.7,0.8,-488.0,-69.8,342.1,-125.9,0.0,0.0,0.0,0.0,0.0,0.0,0.0,0.0,-1.1079,0.07490000000000001,-0.09209999999999999,0.001,-992.6,-505.0,-35.7,1.0,0.0,0.0,0.0,0.0,0.0,0.0,0.0,0.0,-2.19,3.06,30.7,0.7,35.3,65.882,35.0,1555.0
1779273012447886885,2026-05-20 16:00:12.447,0X0000,1,1,1,1,0.8,0.8,0.7,0.8,-444.8,-73.3,307.4,-38.8,0.0,0.0,0.0,0.0,0.0,0.0,0.0,0.0,-1.0039,-0.046,-0.0673,0.001,-841.7,-552.9,-11.7,1.0,0.0,0.0,0.0,0.0,0.0,0.0,0.0,0.0,-2.19,3.07,30.6,0.7,35.3,65.882,35.0,1555.0
1779273012811717070,2026-05-20 16:00:12.811,0X0000,1,1,1,1,0.8,0.8,0.7,0.8,-429.6,-60.7,333.5,-57.4,0.0,0.0,0.0,0.0,0.0,0.0,0.0,0.0,-1.0185,-0.0044,-0.0578,0.001,-874.4,-525.5,-4.0,1.0,0.0,0.0,0.0,0.0,0.0,0.0,0.0,0.0,-2.12,3.02,30.7,0.7,35.3,65.882,35.0,1555.0
1779273013174669958,*2026-05-20 16:00:13.174,0X0000,1,1,1,1,0.8,0.8,0.7,0.7,-402.7,-95.8,323.6,-41.8,0.0,0.0,0.0,0.0,0.0,0.0,0.0,0.0,-0.9692999999999999,-0.0721,-0.0585,0.001,-794.7,-562.7,-6.9,1.0,0.0,0.0,0.0,0.0,0.0,0.0,0.0,0.0,-1.78,2.92,31.0,0.7,35.3,65.882,35.0,1555.0
1779273013538614125,2026-05-20 16:00:13.538,0X0000,1,1,1,1,0.8,0.8,0.7,0.7,-423.0,-55.5,326.4,-55.4,0.0,0.0,0.0,0.0,0.0,0.0,0.0,0.0,-1.0002,-0.0001,-0.056,0.001,-859.8,-514.0,-3.3,1.0,0.0,0.0,0.0,0.0,0.0,0.0,0.0,0.0,-2.32,3.02,30.8,0.7,35.3,65.882,35.0,1555.0
1779273013900560902,2026-05-20 16:00:13.899,0X0000,1,1,1,1,0.8,0.7,0.7,0.7,-437.0,-46.3,326.0,-1.7,0.0,0.0,0.0,0.0,0.0,0.0,0.0,0.0,-1.0183,-0.0595,-0.0429,0.001,-840.6,-579.4,6.7,1.0,0.0,0.0,0.0,0.0,0.0,0.0,0.0,0.0,-2.18,2.67,31.2,0.7,35.3,65.882,35.0,1555.0
1779273014264076513,2026-05-20 16:00:14.263,0X0000,1,1,1,1,0.8,0.7,0.7,0.7,-416.6,-97.5,345.0,-63.7,0.0,0.0,0.0,0.0,0.0,0.0,0.0,0.0,-1.0165,-0.0451,-0.0628,0.001,-848.1,-565.6,-4.9,1.0,0.0,0.0,0.0,0.0,0.0,0.0,0.0,0.0,-2.12,3.17,31.1,0.7,35.3,65.882,35.0,1555.0
1779273014627776883,-2026-05-20 16:00:14.627,0X0000,1,1,1,1,0.7,0.7,0.7,0.7,-439.6,-67.1,297.4,-41.9,0.0,0.0,0.0,0.0,0.0,0.0,0.0,0.0,-0.9836,-0.033600000000000005,-0.0678,0.001,-822.9,-543.6,-19.1,1.0,0.0,0.0,0.0,0.0,0.0,0.0,0.0,0.0,-2.27,2.76,31.4,0.7,35.3,65.882,35.0,1555.0
1779273014989332513,2026-05-20 16:00:14.988,0X0000,1,1,1,1,0.8,0.7,0.7,0.7,-423.4,-43.9,307.5,-58.1,0.0,0.0,0.0,0.0,0.0,0.0,0.0,0.0,-0.9755,0.019,-0.0588,0.001,-845.1,-491.0,-4.6,1.0,0.0,0.0,0.0,0.0,0.0,0.0,0.0,0.0,-2.36,3.23,31.2,0.7,35.3,65.882,35.0,1555.0
1779273015351047494,2026-05-20 16:00:15.350,0X0000,1,1,1,1,0.7,0.7,0.7,0.7,-467.9,-69.7,372.2,-71.4,0.0,0.0,0.0,0.0,0.0,0.0,0.0,0.0,-1.1212,0.0023,-0.0639,0.001,-955.8,-589.3,-9.1,1.0,0.0,0.0,0.0,0.0,0.0,0.0,0.0,0.0,-2.43,2.81,31.7,0.7,35.3,65.882,35.0,1555.0
1779273015685566438,2026-05-20 16:00:15.685,0X0000,1,1,1,1,0.7,0.7,0.7,0.7,-366.0,-102.6,322.7,-5.6,0.0,0.0,0.0,0.0,0.0,0.0,0.0,0.0,0.0,0.0,0.0,0.0,0.0,0.0,0.0,0.0,0.0,0.0,0.0,0.0,0.0,0.0,0.0,0.0,-2.35,3.37,31.7,0.7,35.3,65.882,35.0,1555.0
1779273016049330068,2026-05-20 16:00:16.048,0X0000,1,1,1,1,0.7,0.7,0.7,0.7,-428.6,-55.0,330.8,-33.1,0.0,0.0,0.0,0.0,0.0,0.0,0.0,0.0,-1.0135,-0.0292,-0.0501,0.001,-843.6,-564.7,5.7,1.0,0.0,0.0,0.0,0.0,0.0,0.0,0.0,0.0,-2.28,3.09,32.1,0.7,35.3,65.882,35.0,1555.0
1779273016412734068,2026-05-20 16:00:16.412,0X0000,1,1,1,1,0.7,0.7,0.7,0.7,-434.3,-63.8,336.3,-57.1,0.0,0.0,0.0,0.0,0.0,0.0,0.0,0.0,-1.0285,-0.0089,-0.059,0.001,-863.4,-562.0,-5.2,1.0,0.0,0.0,0.0,0.0,0.0,0.0,0.0,0.0,-2.2,2.98,32.5,0.7,35.3,65.882,35.0,1555.0
1779273016774515345,2026-05-20 16:00:16.773,0X0000,1,1,1,1,0.7,0.7,0.7,0.7,-430.2,-46.8,332.2,-43.6,0.0,0.0,0.0,0.0,0.0,0.0,0.0,0.0,-1.0175,-0.0043,-0.0508,0.001,-855.6,-553.1,5.4,1.0,0.0,0.0,0.0,0.0,0.0,0.0,0.0,0.0,-2.29,3.16,32.6,0.7,35.3,65.882,35.0,1555.0
1779273017138087160,2026-05-20 16:00:17.137,0X0000,1,1,1,1,0.7,0.7,0.7,0.7,-468.7,-59.3,343.8,-42.3,0.0,0.0,0.0,0.0,0.0,0.0,0.0,0.0,-1.0844,-0.022699999999999998,-0.0611,0.001,-900.9,-606.9,-3.7,1.0,0.0,0.0,0.0,0.0,0.0,0.0,0.0,0.0,-2.62,2.98,32.7,0.7,35.4,65.882,35.0,1555.0
1779273017501705437,)2026-05-20 16:00:17.501,0X0000,1,1,1,1,0.8,0.7,0.7,0.7,-425.5,-62.7,303.8,-71.3,0.0,0.0,0.0,0.0,0.0,0.0,0.0,0.0,-0.9733999999999999,0.0115,-0.069,0.001,-822.8,-524.5,-16.9,1.0,0.0,0.0,0.0,0.0,0.0,0.0,0.0,0.0,-2.18,3.09,33.1,0.7,35.3,65.882,35.0,1555.0
1779273017865224159,2026-05-20 16:00:17.864,0X0000,1,1,1,1,0.7,0.7,0.7,0.7,-469.0,-58.9,344.4,-46.4,0.0,0.0,0.0,0.0,0.0,0.0,0.0,0.0,-1.0856,-0.0167,-0.062,0.001,-901.1,-608.8,-1.5,1.0,0.0,0.0,0.0,0.0,0.0,0.0,0.0,0.0,-2.36,3.16,33.1,0.7,35.3,65.882,35.0,1555.0
1779273018228940437,2026-05-20 16:00:18.228,0X0000,1,1,1,1,0.8,0.7,0.7,0.7,-404.9,-30.1,351.7,-42.8,0.0,0.0,0.0,0.0,0.0,0.0,0.0,0.0,-1.0098,0.0169,-0.034,0.001,-851.6,-543.8,13.1,1.0,0.0,0.0,0.0,0.0,0.0,0.0,0.0,0.0,-2.18,2.71,33.5,0.7,35.4,65.882,35.0,1555.0
1779273018592790881,2026-05-20 16:00:18.592,0X0000,1,1,1,1,0.8,0.8,0.7,0.7,-425.3,-64.2,286.2,-45.8,0.0,0.0,0.0,0.0,0.0,0.0,0.0,0.0,-0.9496,-0.0246,-0.06720000000000001,0.001,-778.3,-548.5,-16.2,1.0,0.0,0.0,0.0,0.0,0.0,0.0,0.0,0.0,-2.18,3.02,33.6,0.7,35.4,65.882,35.0,1555.0
1779273018956823640,)2026-05-20 16:00:18.956,0X0000,1,1,1,1,0.7,0.7,0.7,0.7,-425.5,-42.0,323.2,-107.9,0.0,0.0,0.0,0.0,0.0,0.0,0.0,0.0,-0.9992000000000001,0.088,-0.068,0.001,-882.9,-480.7,-15.2,1.0,0.0,0.0,0.0,0.0,0.0,0.0,0.0,0.0,-2.29,3.23,33.5,0.7,35.3,65.882,35.0,1555.0
1779273019318064677,*2026-05-20 16:00:19.317,0X0000,1,1,1,1,0.7,0.7,0.7,0.7,-433.5,-60.7,314.5,-65.1,0.0,0.0,0.0,0.0,0.0,0.0,0.0,0.0,-0.9983,0.005900000000000001,-0.066,0.001,-833.6,-552.9,-20.2,1.0,0.0,0.0,0.0,0.0,0.0,0.0,0.0,0.0,-2.2,2.64,33.8,0.7,35.3,65.882,35.0,1555.0
1779273019679826380,2026-05-20 16:00:19.679,0X0000,1,1,1,1,0.7,0.7,0.7,0.7,-414.9,-53.2,352.4,-64.1,0.0,0.0,0.0,0.0,0.0,0.0,0.0,0.0,-1.0241,0.0145,-0.0485,0.001,-861.5,-556.0,1.5,1.0,0.0,0.0,0.0,0.0,0.0,0.0,0.0,0.0,-2.26,2.83,33.6,0.7,35.4,65.882,35.0,1555.0
1779273020043330936,2026-05-20 16:00:20.042,0X0000,1,1,1,1,0.7,0.7,0.7,0.7,-416.1,-49.0,355.7,-114.2,0.0,0.0,0.0,0.0,0.0,0.0,0.0,0.0,-1.0301,0.087,-0.0603,0.001,-910.4,-493.5,-6.7,1.0,0.0,0.0,0.0,0.0,0.0,0.0,0.0,0.0,-2.5,3.19,33.2,0.7,35.4,65.882,35.0,1555.0
1779273020407022954,)2026-05-20 16:00:20.406,0X0000,1,1,1,1,0.7,0.7,0.7,0.7,-440.1,-30.4,320.3,-56.6,0.0,0.0,0.0,0.0,0.0,0.0,0.0,0.0,-1.0149,0.035,-0.055799999999999995,0.001,-865.3,-534.4,-9.6,1.0,0.0,0.0,0.0,0.0,0.0,0.0,0.0,0.0,-2.3,2.69,33.6,0.7,35.4,65.882,35.0,1555.0
1779273020768033824,+2026-05-20 16:00:20.767,0X0000,1,1,1,1,0.7,0.7,0.7,0.7,-432.1,-46.7,319.9,-50.5,0.0,0.0,0.0,0.0,0.0,0.0,0.0,0.0,-1.0036,0.0050999999999999995,-0.0565,0.001,-840.4,-551.5,-5.9,1.0,0.0,0.0,0.0,0.0,0.0,0.0,0.0,0.0,-2.23,2.9,33.5,0.7,35.4,65.882,35.0,1555.0
1779273021129244861,72026-05-20 16:00:21.128,0X0000,1,1,1,1,0.7,0.7,0.7,0.7,-463.2,-45.4,367.1,-40.4,0.0,0.0,0.0,0.0,0.0,0.0,0.0,0.0,-1.1080999999999999,-0.0067,-0.049100000000000005,0.001,-921.9,-616.7,9.9,1.0,0.0,0.0,0.0,0.0,0.0,0.0,0.0,0.0,-2.29,3.04,33.4,0.7,35.4,65.882,35.0,1555.0
1779273021492447139,+2026-05-20 16:00:21.491,0X0000,1,1,1,1,0.7,0.7,0.7,0.7,-441.9,-62.7,323.1,-47.8,0.0,0.0,0.0,0.0,0.0,0.0,0.0,0.0,-1.021,-0.019899999999999998,-0.0619,0.001,-843.3,-579.3,-6.4,1.0,0.0,0.0,0.0,0.0,0.0,0.0,0.0,0.0,-2.36,3.07,33.3,0.7,35.4,65.882,35.0,1555.0
1779273021854730916,92026-05-20 16:00:21.854,0X0000,1,1,1,1,0.7,0.7,0.7,0.7,-438.2,-42.5,348.9,-47.1,0.0,0.0,0.0,0.0,0.0,0.0,0.0,0.0,-1.0505,0.0060999999999999995,-0.048299999999999996,0.001,-880.8,-574.4,5.2,1.0,0.0,0.0,0.0,0.0,0.0,0.0,0.0,0.0,-2.26,2.93,33.4,0.7,35.4,65.882,35.0,1555.0
1779273022215334657,'2026-05-20 16:00:22.214,0X0000,1,1,1,1,0.7,0.7,0.7,0.7,-453.6,-13.0,333.5,-40.0,0.0,0.0,0.0,0.0,0.0,0.0,0.0,0.0,-1.0505,0.036,-0.046700000000000005,0.001,-896.3,-551.0,1.4,1.0,0.0,0.0,0.0,0.0,0.0,0.0,0.0,0.0,-2.1,2.7,33.5,0.7,35.4,65.882,35.0,1555.0
1779273022576769342,*2026-05-20 16:00:22.576,0X0000,1,1,1,1,0.7,0.7,0.7,0.7,-419.8,-38.3,313.4,-23.1,0.0,0.0,0.0,0.0,0.0,0.0,0.0,0.0,-0.9786,-0.020300000000000002,-0.0453,0.001,-809.2,-552.6,6.2,1.0,0.0,0.0,0.0,0.0,0.0,0.0,0.0,0.0,-2.3,2.97,33.1,0.7,35.4,65.882,35.0,1555.0
1779273022938079138,)2026-05-20 16:00:22.937,0X0000,1,1,1,1,0.7,0.7,0.7,0.7,-451.2,-54.6,286.2,-61.1,0.0,0.0,0.0,0.0,0.0,0.0,0.0,0.0,-0.9842000000000001,0.0087,-0.0757,0.001,-834.1,-527.4,-19.3,1.0,0.0,0.0,0.0,0.0,0.0,0.0,0.0,0.0,-2.44,3.3,32.7,0.7,35.4,65.882,35.0,1555.0
1779273023303830175,+2026-05-20 16:00:23.303,0X0000,1,1,1,1,0.7,0.7,0.7,0.7,-436.5,-69.8,363.3,-113.0,0.0,0.0,0.0,0.0,0.0,0.0,0.0,0.0,-1.0674000000000001,0.0577,-0.0691,0.001,-924.4,-540.3,-29.8,1.0,0.0,0.0,0.0,0.0,0.0,0.0,0.0,0.0,-2.19,2.23,33.3,0.7,35.4,65.882,35.0,1555.0
1779273023639029748,2026-05-20 16:00:23.638,0X0000,1,1,1,1,0.7,0.7,0.7,0.7,-358.5,-22.9,295.7,-20.2,0.0,0.0,0.0,0.0,0.0,0.0,0.0,0.0,0.0,0.0,0.0,0.0,0.0,0.0,0.0,0.0,0.0,0.0,0.0,0.0,0.0,0.0,0.0,0.0,-1.89,-0.1,33.0,0.7,35.4,65.882,35.0,1555.0
1779273024000346211,72026-05-20 16:00:23.999,0X0000,1,1,1,1,0.7,0.7,0.7,0.7,-267.0,25.5,304.4,25.6,0.0,0.0,0.0,0.0,0.0,0.0,0.0,0.0,-0.7626000000000001,-0.0001,0.023899999999999998,0.001,-626.2,-432.2,-57.4,1.0,0.0,0.0,0.0,0.0,0.0,0.0,0.0,0.0,-0.36,-6.11,34.6,0.7,35.4,65.882,35.0,1555.0
1779273024333669767,2026-05-20 16:00:24.333,0X0000,1,1,1,1,0.7,0.7,0.7,0.7,-148.8,-5.7,195.8,5.2,0.0,0.0,0.0,0.0,0.0,0.0,0.0,0.0,0.0,0.0,0.0,0.0,0.0,0.0,0.0,0.0,0.0,0.0,0.0,0.0,0.0,0.0,0.0,0.0,-1.87,-3.14,28.8,0.7,35.4,65.882,35.0,1555.0
1779273024692405766,2026-05-20 16:00:24.691,0X0000,1,1,1,1,0.7,0.7,0.7,0.7,-46.9,-16.2,111.0,-1.6,0.0,0.0,0.0,0.0,0.0,0.0,0.0,0.0,-0.2107,-0.0195,0.0125,0.001,-182.1,-108.3,6.2,1.0,0.0,0.0,0.0,0.0,0.0,0.0,0.0,0.0,-1.17,-1.81,25.5,0.7,35.4,65.882,35.0,1555.0
1779273025049373933,2026-05-20 16:00:25.048,0X0000,1,1,1,1,0.7,0.7,0.7,0.7,-50.3,-7.4,76.4,-17.1,0.0,0.0,0.0,0.0,0.0,0.0,0.0,0.0,-0.1691,0.0129,0.0004,0.001,-163.3,-45.7,-2.4,1.0,0.0,0.0,0.0,0.0,0.0,0.0,0.0,0.0,-2.24,-0.78,20.0,0.7,35.4,65.882,35.0,1555.0
1779273025403834192,12026-05-20 16:00:25.403,0X0000,1,1,1,1,0.7,0.7,0.7,0.7,-13.8,-30.1,47.0,26.8,0.0,0.0,0.0,0.0,0.0,0.0,0.0,0.0,-0.08109999999999999,-0.07590000000000001,0.008,0.001,-61.7,-92.0,11.3,1.0,0.0,0.0,0.0,0.0,0.0,0.0,0.0,0.0,-2.48,0.04,13.2,0.7,35.3,65.882,35.0,1555.0
1779273025749944729,2026-05-20 16:00:25.749,0X0000,1,1,1,1,0.7,0.7,0.7,0.7,5.0,-25.1,4.3,14.1,0.0,0.0,0.0,0.0,0.0,0.0,0.0,0.0,0.0009,-0.0523,-0.0005,0.001,6.9,-51.8,1.9,1.0,0.0,0.0,0.0,0.0,0.0,0.0,0.0,0.0,-2.63,0.15,6.6,0.7,35.4,65.882,35.0,1555.0
1779273026102522932,2026-05-20 16:00:26.101,0X0000,1,1,1,1,0.7,0.7,0.7,0.7,49.3,-22.6,-5.0,28.1,0.0,0.0,0.0,0.0,0.0,0.0,0.0,0.0,0.0725,-0.0677,0.0134,0.001,72.4,-67.3,15.8,1.0,0.0,0.0,0.0,0.0,0.0,0.0,0.0,0.0,-2.64,0.54,359.8,0.7,35.3,65.882,35.0,1555.0
1779273026459066247,2026-05-20 16:00:26.458,0X0000,1,1,1,1,0.7,0.7,0.7,0.7,13.8,-33.9,-25.2,26.7,0.0,0.0,0.0,0.0,0.0,0.0,0.0,0.0,0.0521,-0.0809,-0.005,0.001,42.6,-86.4,-3.0,1.0,0.0,0.0,0.0,0.0,0.0,0.0,0.0,0.0,-2.12,1.14,353.6,0.7,35.4,65.882,35.0,1555.0
1779273026815921839,%2026-05-20 16:00:26.815,0X0000,1,1,1,1,0.7,0.7,0.7,0.7,25.7,-27.5,-34.0,30.4,0.0,0.0,0.0,0.0,0.0,0.0,0.0,0.0,0.07970000000000001,-0.0773,-0.0015,0.001,60.3,-93.2,-0.2,1.0,0.0,0.0,0.0,0.0,0.0,0.0,0.0,0.0,-2.27,1.29,347.0,0.7,35.3,65.882,35.0,1555.0
1779273027172623895,$2026-05-20 16:00:27.172,0X0000,1,1,1,1,0.7,0.7,0.7,0.7,30.0,-36.6,-34.8,34.9,0.0,0.0,0.0,0.0,0.0,0.0,0.0,0.0,0.0865,-0.09540000000000001,-0.0018,0.001,49.5,-118.9,0.6,1.0,0.0,0.0,0.0,0.0,0.0,0.0,0.0,0.0,-2.6,1.29,340.4,0.7,35.3,65.882,35.0,1555.0
1779273027529587542,&2026-05-20 16:00:27.528,0X0000,1,1,1,1,0.7,0.7,0.7,0.7,35.8,-34.3,-37.5,26.9,0.0,0.0,0.0,0.0,0.0,0.0,0.0,0.0,0.0978,-0.08170000000000001,-0.0025,0.001,52.2,-116.3,-1.6,1.0,0.0,0.0,0.0,0.0,0.0,0.0,0.0,0.0,-2.55,1.62,334.1,0.7,35.3,65.882,35.0,1555.0
1779273027886210820,2026-05-20 16:00:27.885,0X0000,1,1,1,1,0.7,0.7,0.7,0.7,48.6,-40.3,-39.3,40.4,0.0,0.0,0.0,0.0,0.0,0.0,0.0,0.0,0.1173,-0.1077,0.0025,0.001,44.4,-152.9,2.5,1.0,0.0,0.0,0.0,0.0,0.0,0.0,0.0,0.0,-2.09,1.9,328.7,0.7,35.3,65.882,35.0,1555.0
1779273028245292986,%2026-05-20 16:00:28.244,0X0000,1,1,1,1,0.7,0.7,0.7,0.7,35.8,-41.2,-43.5,29.8,0.0,0.0,0.0,0.0,0.0,0.0,0.0,0.0,0.10579999999999999,-0.0948,-0.0052,0.001,26.3,-139.7,-4.7,1.0,0.0,0.0,0.0,0.0,0.0,0.0,0.0,0.0,-2.3,1.79,322.6,0.7,35.3,65.882,35.0,1555.0
1779273028602306727,2026-05-20 16:00:28.601,0X0000,1,1,1,1,0.7,0.7,0.7,0.7,48.1,-29.0,-43.8,34.9,0.0,0.0,0.0,0.0,0.0,0.0,0.0,0.0,0.1227,-0.0853,0.0027,0.001,33.2,-145.7,2.0,1.0,0.0,0.0,0.0,0.0,0.0,0.0,0.0,0.0,-2.11,1.78,317.6,0.7,35.3,65.882,35.0,1555.0
1779273028959025356,&2026-05-20 16:00:28.958,0X0000,1,1,1,1,0.7,0.7,0.7,0.7,27.8,-32.6,-32.4,21.9,0.0,0.0,0.0,0.0,0.0,0.0,0.0,0.0,0.0803,-0.0727,-0.004200000000000001,0.001,4.0,-108.2,-5.0,1.0,0.0,0.0,0.0,0.0,0.0,0.0,0.0,0.0,-2.21,2.56,314.4,0.7,35.3,65.882,35.0,1555.0
1779273029318001041,&2026-05-20 16:00:29.317,0X0000,1,1,1,1,0.7,0.7,0.7,0.7,-61.5,-38.5,37.2,12.7,0.0,0.0,0.0,0.0,0.0,0.0,0.0,0.0,-0.13169999999999998,-0.0683,-0.0135,0.001,-142.2,43.8,7.9,1.0,0.0,0.0,0.0,0.0,0.0,0.0,0.0,0.0,-2.37,8.04,315.5,0.7,35.3,65.882,35.0,1555.0
1779273029655718171,2026-05-20 16:00:29.654,0X0000,1,1,1,1,0.7,0.7,0.7,0.7,-157.4,-54.4,99.1,-15.1,0.0,0.0,0.0,0.0,0.0,0.0,0.0,0.0,0.0,0.0,0.0,0.0,0.0,0.0,0.0,0.0,0.0,0.0,0.0,0.0,0.0,0.0,0.0,0.0,-1.94,8.93,314.5,0.7,35.3,65.882,35.0,1555.0
1779273030020646078,*2026-05-20 16:00:30.020,0X0000,1,1,1,1,0.7,0.7,0.7,0.6,-433.1,-70.5,196.4,-18.5,0.0,0.0,0.0,0.0,0.0,0.0,0.0,0.0,-0.8402000000000001,-0.0694,-0.0878,0.001,-628.8,567.3,36.5,1.0,0.0,0.0,0.0,0.0,0.0,0.0,0.0,0.0,-1.42,8.33,313.2,0.6,35.4,65.882,35.0,1555.0
1779273030386157263,92026-05-20 16:00:30.385,0X0000,1,1,1,1,0.7,0.7,0.7,0.7,-402.0,-84.7,226.1,-61.4,0.0,0.0,0.0,0.0,0.0,0.0,0.0,0.0,-0.8382999999999999,-0.031100000000000003,-0.0869,0.001,-543.3,644.9,-14.4,1.0,0.0,0.0,0.0,0.0,0.0,0.0,0.0,0.0,-1.71,4.88,307.9,0.7,35.3,65.882,35.0,1555.0
1779273030751259152,*2026-05-20 16:00:30.750,0X0000,1,1,1,1,0.7,0.7,0.7,0.7,-401.1,-65.8,248.1,-28.6,0.0,0.0,0.0,0.0,0.0,0.0,0.0,0.0,-0.8664,-0.0496,-0.06670000000000001,0.001,-564.6,662.4,-1.2,1.0,0.0,0.0,0.0,0.0,0.0,0.0,0.0,0.0,-2.13,4.2,307.1,0.7,35.3,65.882,35.0,1555.0
1779273031124738651,2026-05-20 16:00:31.124,0X0000,1,1,0,1,0.7,0.7,0.0,0.7,-402.0,-47.7,0.0,-104.9,0.0,0.0,823.0,0.0,0.0,0.0,1.0,0.0,-0.8694,0.07629999999999999,-0.0823,0.001,-444.6,754.4,-40.8,1.0,0.0,0.0,0.0,0.0,0.0,0.0,0.0,0.0,-1.67,2.88,305.4,0.7,35.3,65.882,35.0,1555.0
1779273031483459985,32026-05-20 16:00:31.482,0X0000,1,1,1,1,0.7,0.7,0.7,0.7,-337.8,1.7,315.7,-65.1,0.0,0.0,0.0,0.0,0.0,0.0,0.0,0.0,-0.8722000000000001,0.0892,-0.023100000000000002,0.001,-422.2,768.7,13.2,1.0,0.0,0.0,0.0,0.0,0.0,0.0,0.0,0.0,-2.1,2.6,304.6,0.7,35.3,65.882,35.0,1555.0
1779273031844551040,2026-05-20 16:00:31.843,0X0000,1,1,1,1,0.7,0.7,0.7,0.7,-425.4,-83.5,303.6,1.5,0.0,0.0,0.0,0.0,0.0,0.0,0.0,0.0,-0.973,-0.1134,-0.055,0.001,-646.2,738.2,-8.5,1.0,0.0,0.0,0.0,0.0,0.0,0.0,0.0,0.0,-1.97,2.51,304.5,0.7,35.3,65.882,35.0,1555.0
1779273032207670040,2026-05-20 16:00:32.207,0X0000,1,1,1,1,0.7,0.7,0.7,0.7,-412.6,-62.1,312.4,-81.6,0.0,0.0,0.0,0.0,0.0,0.0,0.0,0.0,-0.9676,0.026,-0.0658,0.001,-529.1,813.1,-15.4,1.0,0.0,0.0,0.0,0.0,0.0,0.0,0.0,0.0,-2.11,3.04,304.5,0.7,35.3,65.882,35.0,1555.0
1779273032568775484,62026-05-20 16:00:32.568,0X0000,1,1,1,1,0.7,0.7,0.7,0.7,-408.8,-42.9,337.3,-55.6,0.0,0.0,0.0,0.0,0.0,0.0,0.0,0.0,-0.9957999999999999,0.0169,-0.045899999999999996,0.001,-560.2,824.8,3.5,1.0,0.0,0.0,0.0,0.0,0.0,0.0,0.0,0.0,-2.75,2.89,305.1,0.7,35.3,65.882,35.0,1555.0
1779273032932393854,*2026-05-20 16:00:32.931,0X0000,1,1,1,1,0.7,0.7,0.7,0.7,-355.6,-32.7,341.0,-24.1,0.0,0.0,0.0,0.0,0.0,0.0,0.0,0.0,-0.9297000000000001,-0.0115,-0.0193,0.001,-551.5,748.2,26.3,1.0,0.0,0.0,0.0,0.0,0.0,0.0,0.0,0.0,-2.05,2.79,305.7,0.7,35.3,65.882,35.0,1555.0
1779273033293972206,2026-05-20 16:00:33.293,0X0000,1,1,1,1,0.7,0.7,0.7,0.7,-415.8,-65.2,308.0,-69.3,0.0,0.0,0.0,0.0,0.0,0.0,0.0,0.0,-0.966,0.0055,-0.0653,0.001,-580.9,774.5,-11.4,1.0,0.0,0.0,0.0,0.0,0.0,0.0,0.0,0.0,-2.65,3.21,307.1,0.7,35.3,65.882,35.0,1555.0
1779273033654764391,2026-05-20 16:00:33.654,0X0000,1,1,1,1,0.7,0.7,0.7,0.7,-416.3,-50.8,335.3,4.3,0.0,0.0,0.0,0.0,0.0,0.0,0.0,0.0,-1.0031,-0.0735,-0.0344,0.001,-664.3,755.8,11.3,1.0,0.0,0.0,0.0,0.0,0.0,0.0,0.0,0.0,-2.34,2.44,307.1,0.7,35.3,65.882,35.0,1555.0
1779273034018401779,)2026-05-20 16:00:34.017,0X0000,1,1,1,1,0.7,0.7,0.7,0.7,-435.3,93.6,328.0,-74.0,0.0,0.0,0.0,0.0,0.0,0.0,0.0,0.0,-1.0187,0.22369999999999998,-0.0237,0.001,-455.8,938.2,23.2,1.0,0.0,0.0,0.0,0.0,0.0,0.0,0.0,0.0,-2.62,3.22,308.3,0.7,35.3,65.882,35.0,1555.0
1779273034384373464,2026-05-20 16:00:34.383,0X0000,1,1,1,1,0.7,0.7,0.7,0.7,-421.8,-28.9,304.9,-113.6,0.0,0.0,0.0,0.0,0.0,0.0,0.0,0.0,-0.9699,0.113,-0.0699,0.001,-522.5,827.4,-29.0,1.0,0.0,0.0,0.0,0.0,0.0,0.0,0.0,0.0,-2.17,2.67,308.8,0.7,35.3,65.882,35.0,1555.0
1779273034745547112,*2026-05-20 16:00:34.744,0X0000,1,1,1,1,0.7,0.7,0.7,0.7,-420.7,-33.2,309.0,0.9,0.0,0.0,0.0,0.0,0.0,0.0,0.0,0.0,-0.9739,-0.0455,-0.038799999999999994,0.001,-655.5,722.7,12.1,1.0,0.0,0.0,0.0,0.0,0.0,0.0,0.0,0.0,-2.58,2.88,309.5,0.7,35.3,65.882,35.0,1555.0
1779273035084457019,2026-05-20 16:00:35.083,0X0000,1,1,1,1,0.7,0.7,0.7,0.7,-392.6,1884.0,305.0,-69.6,0.0,0.0,0.0,0.0,0.0,0.0,0.0,0.0,0.0,0.0,0.0,0.0,0.0,0.0,0.0,0.0,0.0,0.0,0.0,0.0,0.0,0.0,0.0,0.0,-2.53,2.81,309.6,0.7,35.3,65.882,35.0,1555.0
1779273035450118093,+2026-05-20 16:00:35.449,0X0000,1,1,1,1,0.8,0.7,0.7,0.7,-449.4,-113.8,321.0,127.4,0.0,0.0,0.0,0.0,0.0,0.0,0.0,0.0,-1.0282,-0.32189999999999996,-0.031,0.001,-911.3,574.4,35.2,1.0,0.0,0.0,0.0,0.0,0.0,0.0,0.0,0.0,-2.44,2.93,310.4,0.7,35.4,65.882,35.0,1555.0
1779273035812556741,2026-05-20 16:00:35.811,0X0000,1,1,1,1,0.8,0.7,0.7,0.7,-433.0,-63.6,330.8,-26.1,0.0,0.0,0.0,0.0,0.0,0.0,0.0,0.0,-1.0194,-0.05,-0.0518,0.001,-708.1,736.9,0.1,1.0,0.0,0.0,0.0,0.0,0.0,0.0,0.0,0.0,-2.38,2.8,311.0,0.7,35.3,65.882,35.0,1555.0
1779273036174018019,)2026-05-20 16:00:36.173,0X0000,1,1,1,1,0.8,0.8,0.7,0.7,-327.8,-29.0,312.6,-46.5,0.0,0.0,0.0,0.0,0.0,0.0,0.0,0.0,-0.8547,0.023399999999999997,-0.0245,0.001,-551.1,653.8,22.2,1.0,0.0,0.0,0.0,0.0,0.0,0.0,0.0,0.0,-2.3,3.2,311.7,0.7,35.3,65.882,35.0,1555.0
1779273036535648444,*2026-05-20 16:00:36.535,0X0000,1,1,1,1,0.8,0.8,0.7,0.7,-384.9,-37.1,317.3,-65.1,0.0,0.0,0.0,0.0,0.0,0.0,0.0,0.0,-0.9372,0.037399999999999996,-0.0458,0.001,-601.9,720.8,4.7,1.0,0.0,0.0,0.0,0.0,0.0,0.0,0.0,0.0,-2.34,3.18,312.1,0.7,35.3,65.882,35.0,1555.0
1779273036897115222,2026-05-20 16:00:36.896,0X0000,1,1,1,1,0.8,0.8,0.7,0.7,-478.5,-4.3,334.0,-55.0,0.0,0.0,0.0,0.0,0.0,0.0,0.0,0.0,-1.0844,0.0677,-0.055,0.001,-680.0,849.2,-3.8,1.0,0.0,0.0,0.0,0.0,0.0,0.0,0.0,0.0,-2.11,2.84,312.2,0.7,35.4,65.882,35.0,1555.0
1779273037260964296,:2026-05-20 16:00:37.260,0X0000,1,1,1,1,0.8,0.8,0.7,0.7,-436.1,-90.8,326.4,-83.5,0.0,0.0,0.0,0.0,0.0,0.0,0.0,0.0,-1.0177,-0.009699999999999999,-0.07659999999999999,0.001,-697.9,744.4,-19.8,1.0,0.0,0.0,0.0,0.0,0.0,0.0,0.0,0.0,-2.44,3.17,312.5,0.7,35.3,65.882,35.0,1555.0
1779273037624739388,2026-05-20 16:00:37.624,0X0000,1,1,1,1,0.8,0.8,0.7,0.7,-432.5,-23.1,269.7,-71.3,0.0,0.0,0.0,0.0,0.0,0.0,0.0,0.0,-0.9372,0.0643,-0.0694,0.001,-588.7,734.9,-23.2,1.0,0.0,0.0,0.0,0.0,0.0,0.0,0.0,0.0,-2.28,2.98,312.5,0.7,35.4,65.882,35.0,1555.0
1779273037988520481,2026-05-20 16:00:37.987,0X0000,1,1,1,1,0.8,0.8,0.7,0.7,-440.3,-60.7,348.1,26.9,0.0,0.0,0.0,0.0,0.0,0.0,0.0,0.0,-1.0522,-0.1169,-0.034,0.001,-799.5,694.1,30.7,1.0,0.0,0.0,0.0,0.0,0.0,0.0,0.0,0.0,-2.39,3.26,312.7,0.7,35.4,65.882,35.0,1555.0
1779273038352517092,2026-05-20 16:00:38.351,0X0000,1,1,1,1,0.8,0.8,0.7,0.7,-467.3,-60.2,299.1,-57.6,0.0,0.0,0.0,0.0,0.0,0.0,0.0,0.0,-1.0229,-0.0035,-0.07709999999999999,0.001,-702.2,747.6,-15.8,1.0,0.0,0.0,0.0,0.0,0.0,0.0,0.0,0.0,-2.46,3.42,312.9,0.7,35.4,65.882,35.0,1555.0
1779273038716394517,2026-05-20 16:00:38.715,0X0000,1,1,1,1,0.8,0.8,0.7,0.8,-411.3,-70.6,296.3,-57.2,0.0,0.0,0.0,0.0,0.0,0.0,0.0,0.0,-0.9444,-0.0179,-0.0655,0.001,-654.9,683.4,-21.1,1.0,0.0,0.0,0.0,0.0,0.0,0.0,0.0,0.0,-2.18,2.65,312.6,0.7,35.4,65.882,35.0,1555.0
1779273039080261536,:2026-05-20 16:00:39.079,0X0000,1,1,1,1,0.8,0.8,0.7,0.8,-401.7,-70.8,318.3,-52.6,0.0,0.0,0.0,0.0,0.0,0.0,0.0,0.0,-0.9609,-0.024300000000000002,-0.055799999999999995,0.001,-669.0,692.4,-4.2,1.0,0.0,0.0,0.0,0.0,0.0,0.0,0.0,0.0,-2.35,3.02,312.5,0.7,35.3,65.882,35.0,1555.0
1779273039441661072,62026-05-20 16:00:39.441,0X0000,1,1,1,1,0.8,0.8,0.7,0.8,-395.6,-42.9,330.6,-78.0,0.0,0.0,0.0,0.0,0.0,0.0,0.0,0.0,-0.9692000000000001,0.046799999999999994,-0.0502,0.001,-623.1,745.5,1.9,1.0,0.0,0.0,0.0,0.0,0.0,0.0,0.0,0.0,-2.29,3.19,312.6,0.7,35.4,65.882,35.0,1555.0
1779273039806613591,2026-05-20 16:00:39.806,0X0000,1,1,1,1,0.8,0.8,0.7,0.7,-447.4,-70.2,321.1,-114.4,0.0,0.0,0.0,0.0,0.0,0.0,0.0,0.0,-1.0257,0.059,-0.0838,0.001,-646.3,802.4,-34.5,1.0,0.0,0.0,0.0,0.0,0.0,0.0,0.0,0.0,-2.41,2.89,312.0,0.7,35.3,65.882,35.0,1555.0
1779273040172597035,2026-05-20 16:00:40.172,0X0000,1,1,1,1,0.8,0.8,0.7,0.7,-488.1,-103.2,335.2,-19.7,0.0,0.0,0.0,0.0,0.0,0.0,0.0,0.0,-1.0988,-0.1114,-0.07440000000000001,0.001,-820.9,742.7,-8.2,1.0,0.0,0.0,0.0,0.0,0.0,0.0,0.0,0.0,-2.34,3.21,312.0,0.7,35.4,65.882,35.0,1555.0
1779273040536988646,72026-05-20 16:00:40.536,0X0000,1,1,1,1,0.8,0.8,0.7,0.7,-440.1,-31.9,351.8,-48.0,0.0,0.0,0.0,0.0,0.0,0.0,0.0,0.0,-1.0569000000000002,0.0215,-0.045399999999999996,0.001,-690.9,801.2,14.0,1.0,0.0,0.0,0.0,0.0,0.0,0.0,0.0,0.0,-2.43,3.27,311.9,0.7,35.4,65.882,35.0,1555.0
1779273040900407275,2026-05-20 16:00:40.899,0X0000,1,1,1,1,0.8,0.8,0.7,0.8,-444.6,-35.7,327.6,-69.3,0.0,0.0,0.0,0.0,0.0,0.0,0.0,0.0,-1.0306,0.0448,-0.0599,0.001,-652.8,801.0,-8.7,1.0,0.0,0.0,0.0,0.0,0.0,0.0,0.0,0.0,-2.05,2.94,311.6,0.7,35.4,65.882,35.0,1555.0
1779273041263655497,)2026-05-20 16:00:41.263,0X0000,1,1,1,1,0.8,0.8,0.8,0.7,-458.0,-39.2,327.3,-90.1,0.0,0.0,0.0,0.0,0.0,0.0,0.0,0.0,-1.0480999999999998,0.0679,-0.0701,0.001,-643.6,832.8,-12.7,1.0,0.0,0.0,0.0,0.0,0.0,0.0,0.0,0.0,-2.52,3.3,311.3,0.7,35.4,65.882,35.0,1555.0
1779273041630354904,2026-05-20 16:00:41.629,0X0000,1,1,1,1,0.8,0.8,0.7,0.7,-451.3,-95.9,335.9,-51.8,0.0,0.0,0.0,0.0,0.0,0.0,0.0,0.0,-1.0506,-0.0589,-0.0709,0.001,-735.0,756.2,-15.8,1.0,0.0,0.0,0.0,0.0,0.0,0.0,0.0,0.0,-2.25,2.88,310.9,0.7,35.3,65.882,35.0,1555.0
1779273041994596663,*2026-05-20 16:00:41.994,0X0000,1,1,1,1,0.8,0.8,0.7,0.8,-455.1,-49.1,318.9,-37.6,0.0,0.0,0.0,0.0,0.0,0.0,0.0,0.0,-1.033,-0.015300000000000001,-0.0601,0.001,-688.6,772.4,-5.4,1.0,0.0,0.0,0.0,0.0,0.0,0.0,0.0,0.0,-2.36,3.0,310.8,0.7,35.4,65.882,35.0,1555.0
1779273042358382534,*2026-05-20 16:00:42.357,0X0000,1,1,1,1,0.8,0.8,0.8,0.8,-415.4,-64.0,313.8,-95.3,0.0,0.0,0.0,0.0,0.0,0.0,0.0,0.0,-0.9732000000000001,0.0418,-0.0704,0.001,-607.1,764.9,-17.8,1.0,0.0,0.0,0.0,0.0,0.0,0.0,0.0,0.0,-2.17,3.19,310.8,0.8,35.4,65.882,35.0,1555.0
1779273042722704645,2026-05-20 16:00:42.722,0X0000,1,1,1,1,0.9,0.8,0.8,0.8,-494.2,-43.2,318.5,-84.7,0.0,0.0,0.0,0.0,0.0,0.0,0.0,0.0,-1.0847,0.0554,-0.0819,0.001,-664.0,862.8,-29.3,1.0,0.0,0.0,0.0,0.0,0.0,0.0,0.0,0.0,-1.96,2.88,310.4,0.8,35.4,65.882,35.0,1555.0
1779273043086901626,2026-05-20 16:00:43.086,0X0000,1,1,1,1,0.9,0.9,0.8,0.8,-453.0,-50.3,356.7,-86.3,0.0,0.0,0.0,0.0,0.0,0.0,0.0,0.0,-1.0807,0.048,-0.0628,0.001,-657.2,861.4,-16.7,1.0,0.0,0.0,0.0,0.0,0.0,0.0,0.0,0.0,-2.34,2.55,309.8,0.8,35.4,65.882,35.0,1555.0
1779273043451030366,2026-05-20 16:00:43.450,0X0000,1,1,1,1,0.9,0.9,0.8,0.9,-449.3,-42.5,341.9,-12.5,0.0,0.0,0.0,0.0,0.0,0.0,0.0,0.0,-1.056,-0.04,-0.0438,0.001,-711.7,782.3,16.8,1.0,0.0,0.0,0.0,0.0,0.0,0.0,0.0,0.0,-2.64,3.19,310.1,0.8,35.4,65.882,35.0,1555.0
1779273043813945218,(2026-05-20 16:00:43.813,0X0000,1,1,1,1,0.9,0.9,0.9,0.9,-448.9,-76.1,355.2,-19.9,0.0,0.0,0.0,0.0,0.0,0.0,0.0,0.0,-1.0732000000000002,-0.075,-0.0512,0.001,-752.7,770.4,3.7,1.0,0.0,0.0,0.0,0.0,0.0,0.0,0.0,0.0,-2.06,2.79,310.3,0.9,35.4,65.882,35.0,1555.0
1779273044177921255,2026-05-20 16:00:44.177,0X0000,1,1,1,1,1.0,0.9,0.9,0.9,-414.1,-79.7,344.1,-48.9,0.0,0.0,0.0,0.0,0.0,0.0,0.0,0.0,-1.0119,-0.041100000000000005,-0.0535,0.001,-683.8,749.0,-4.6,1.0,0.0,0.0,0.0,0.0,0.0,0.0,0.0,0.0,-2.51,2.67,310.0,0.9,35.4,65.882,35.0,1555.0
1779273044516709403,2026-05-20 16:00:44.516,0X0000,1,1,1,1,1.0,0.9,0.9,0.9,-1039.7,-59.8,271.6,-29.9,0.0,0.0,0.0,0.0,0.0,0.0,0.0,0.0,0.0,0.0,0.0,0.0,0.0,0.0,0.0,0.0,0.0,0.0,0.0,0.0,0.0,0.0,0.0,0.0,-2.44,2.72,310.3,0.9,35.4,65.882,35.0,1555.0
1779273044878697977,(2026-05-20 16:00:44.877,0X0000,1,1,1,1,1.0,1.0,0.9,0.9,-450.3,-23.3,336.3,-66.1,0.0,0.0,0.0,0.0,0.0,0.0,0.0,0.0,-1.0497999999999998,0.0571,-0.0549,0.001,-641.6,834.6,0.2,1.0,0.0,0.0,0.0,0.0,0.0,0.0,0.0,0.0,-2.57,3.15,310.6,0.9,35.4,65.882,35.0,1555.0
1779273045243098421,2026-05-20 16:00:45.242,0X0000,1,1,1,1,1.0,1.0,0.9,0.9,-436.1,-82.3,300.4,-18.5,0.0,0.0,0.0,0.0,0.0,0.0,0.0,0.0,-0.983,-0.0851,-0.0638,0.001,-710.3,687.7,-5.9,1.0,0.0,0.0,0.0,0.0,0.0,0.0,0.0,0.0,-2.58,3.15,310.9,0.9,35.4,65.882,35.0,1555.0
1779273045604844661,2026-05-20 16:00:45.604,0X0000,1,1,1,1,1.0,1.0,0.9,0.9,-325.7,-79.7,325.8,-61.3,0.0,0.0,0.0,0.0,0.0,0.0,0.0,0.0,-0.8695,-0.0246,-0.038,0.001,-587.7,642.4,6.2,1.0,0.0,0.0,0.0,0.0,0.0,0.0,0.0,0.0,-2.33,2.85,310.8,0.9,35.4,65.882,35.0,1555.0
1779273045968348272,2026-05-20 16:00:45.967,0X0000,1,1,1,1,1.0,1.0,0.9,0.9,-430.5,-67.4,318.5,-48.0,0.0,0.0,0.0,0.0,0.0,0.0,0.0,0.0,-0.9996,-0.0259,-0.0613,0.001,-677.6,737.8,-7.9,1.0,0.0,0.0,0.0,0.0,0.0,0.0,0.0,0.0,-2.26,3.0,311.0,0.9,35.4,65.882,35.0,1555.0
1779273046330034865,2026-05-20 16:00:46.329,0X0000,1,1,1,1,1.0,1.0,0.9,0.9,-413.2,-6.6,353.7,-90.1,0.0,0.0,0.0,0.0,0.0,0.0,0.0,0.0,-1.0235,0.1114,-0.0421,0.001,-585.6,847.9,5.3,1.0,0.0,0.0,0.0,0.0,0.0,0.0,0.0,0.0,-2.31,2.91,310.8,0.9,35.4,65.882,35.0,1555.0
1779273046696072642,2026-05-20 16:00:46.695,0X0000,1,1,1,1,1.0,1.0,0.9,1.0,-357.9,-195.1,347.6,-63.1,0.0,0.0,0.0,0.0,0.0,0.0,0.0,0.0,-0.9416,-0.1762,-0.0724,0.001,-754.6,594.6,-10.4,1.0,0.0,0.0,0.0,0.0,0.0,0.0,0.0,0.0,-2.21,3.36,311.1,0.9,35.4,65.882,35.0,1555.0
1779273047060098623,62026-05-20 16:00:47.059,0X0000,1,1,1,1,1.0,1.0,0.9,1.0,-399.7,-61.0,305.6,-82.6,0.0,0.0,0.0,0.0,0.0,0.0,0.0,0.0,-0.9412999999999999,0.0288,-0.06409999999999999,0.001,-590.6,735.8,-26.4,1.0,0.0,0.0,0.0,0.0,0.0,0.0,0.0,0.0,-2.2,2.36,310.4,0.9,35.4,65.882,35.0,1555.0
1779273047423898568,2026-05-20 16:00:47.423,0X0000,1,1,1,1,1.0,1.0,1.0,1.0,-444.8,-38.2,272.8,-36.4,0.0,0.0,0.0,0.0,0.0,0.0,0.0,0.0,-0.9577,-0.0024,-0.0665,0.001,-630.3,724.0,-12.0,1.0,0.0,0.0,0.0,0.0,0.0,0.0,0.0,0.0,-2.51,3.25,310.8,1.0,35.4,65.882,35.0,1555.0
1779273047760041475,2026-05-20 16:00:47.759,0X0000,1,1,1,1,1.0,1.0,1.0,1.0,-191.2,-74.4,352.3,-49.1,0.0,0.0,0.0,0.0,0.0,0.0,0.0,0.0,0.0,0.0,0.0,0.0,0.0,0.0,0.0,0.0,0.0,0.0,0.0,0.0,0.0,0.0,0.0,0.0,-2.3,3.02,310.8,1.0,35.4,65.882,35.0,1555.0
1779273048121904438,B2026-05-20 16:00:48.121,0X0000,1,1,1,1,1.0,1.0,1.0,1.0,-448.7,5.0,292.9,-87.4,0.0,0.0,0.0,0.0,0.0,0.0,0.0,0.0,-0.9897999999999999,0.12329999999999999,-0.06420000000000001,0.001,-557.5,829.5,-13.1,1.0,0.0,0.0,0.0,0.0,0.0,0.0,0.0,0.0,-2.45,3.26,310.9,1.0,35.4,65.882,35.0,1555.0
1779273048488016548,-2026-05-20 16:00:48.487,0X0000,1,1,1,1,1.0,1.0,1.0,1.0,-441.3,-53.0,321.6,-43.2,0.0,0.0,0.0,0.0,0.0,0.0,0.0,0.0,-1.0182,-0.013099999999999999,-0.0583,0.001,-655.7,780.2,-41.1,1.0,0.0,0.0,0.0,0.0,0.0,0.0,0.0,0.0,-2.25,0.94,309.2,1.0,35.4,65.882,35.0,1555.0
1779273048853973863,2026-05-20 16:00:48.853,0X0000,1,1,1,1,1.0,1.0,1.0,1.0,-348.6,-70.2,332.7,-16.5,0.0,0.0,0.0,0.0,0.0,0.0,0.0,0.0,-0.9093,-0.0717,-0.0277,0.001,-618.1,670.7,-33.5,1.0,0.0,0.0,0.0,0.0,0.0,0.0,0.0,0.0,-1.73,-0.5,308.1,1.0,35.4,65.882,35.0,1555.0
1779273049190107918,2026-05-20 16:00:49.189,0X0000,1,1,1,1,1.0,1.0,1.0,1.0,-195.5,22.0,319.7,51.5,0.0,0.0,0.0,0.0,0.0,0.0,0.0,0.0,0.0,0.0,0.0,0.0,0.0,0.0,0.0,0.0,0.0,0.0,0.0,0.0,0.0,0.0,0.0,0.0,-0.99,-4.63,304.2,1.0,35.4,65.882,35.0,1555.0
1779273049551965752,2026-05-20 16:00:49.551,0X0000,1,1,1,1,1.0,1.0,1.0,1.0,-158.9,-0.8,186.6,14.8,0.0,0.0,0.0,0.0,0.0,0.0,0.0,0.0,-0.4611,-0.0208,0.0112,0.001,-256.0,384.1,-10.0,1.0,0.0,0.0,0.0,0.0,0.0,0.0,0.0,0.0,-1.79,-2.72,301.1,1.0,35.4,65.882,35.0,1555.0
1779273049887907288,2026-05-20 16:00:49.887,0X0000,1,1,1,1,1.0,1.0,1.0,1.0,-129.3,-37.9,67.7,-19.0,0.0,0.0,0.0,0.0,0.0,0.0,0.0,0.0,0.0,0.0,0.0,0.0,0.0,0.0,0.0,0.0,0.0,0.0,0.0,0.0,0.0,0.0,0.0,0.0,-1.11,-1.19,296.3,1.0,35.4,65.882,35.0,1555.0
1779273050241086436,2026-05-20 16:00:50.240,0X0000,1,1,1,1,1.0,1.0,1.0,1.0,-31.4,-4.5,36.0,6.3,0.0,0.0,0.0,0.0,0.0,0.0,0.0,0.0,-0.09,-0.0144,0.0017,0.001,-46.3,78.5,0.5,1.0,0.0,0.0,0.0,0.0,0.0,0.0,0.0,0.0,-2.61,-1.19,291.5,1.0,35.4,65.882,35.0,1555.0
1779273050596253769,2026-05-20 16:00:50.595,0X0000,1,1,1,1,1.0,1.0,1.0,1.0,-20.6,-20.3,20.2,17.4,0.0,0.0,0.0,0.0,0.0,0.0,0.0,0.0,-0.0545,-0.0503,-0.0009,0.001,-62.6,39.7,1.1,1.0,0.0,0.0,0.0,0.0,0.0,0.0,0.0,0.0,-2.11,0.17,284.9,1.0,35.4,65.882,35.0,1555.0
1779273050947276158,#2026-05-20 16:00:50.946,0X0000,1,1,1,1,1.0,1.0,1.0,1.0,7.1,-20.7,-0.5,16.1,0.0,0.0,0.0,0.0,0.0,0.0,0.0,0.0,0.0101,-0.049100000000000005,0.0005,0.001,-47.5,-15.7,2.5,1.0,0.0,0.0,0.0,0.0,0.0,0.0,0.0,0.0,-2.38,0.01,276.7,1.0,35.4,65.882,35.0,1555.0
1779273051315122547,2026-05-20 16:00:51.314,0X0000,1,1,1,0,1.0,1.0,1.0,0.0,19.7,-29.2,-25.2,0.0,0.0,0.0,0.0,-686.0,0.0,0.0,0.0,1.0,0.0599,-0.0706,-0.003,0.001,-70.1,-60.6,-0.5,1.0,0.0,0.0,0.0,0.0,0.0,0.0,0.0,0.0,-2.69,0.74,270.6,1.0,35.4,65.882,35.0,1555.0
1779273051684663306,2026-05-20 16:00:51.684,0X0000,1,1,1,0,1.0,1.0,1.0,0.0,21.1,-39.4,-44.3,0.0,0.0,0.0,0.0,602.0,0.0,0.0,0.0,1.0,0.0873,-0.0742,-0.0125,0.001,-85.0,-77.1,-11.1,1.0,0.0,0.0,0.0,0.0,0.0,0.0,0.0,0.0,-2.77,1.45,262.9,1.0,35.4,65.882,35.0,1555.0
1779273052052151009,2026-05-20 16:00:52.051,0X0000,1,0,1,1,1.0,0.0,1.0,1.0,39.4,0.0,-33.1,41.1,0.0,-3.0,0.0,0.0,0.0,1.0,0.0,0.0,0.0968,-0.1013,0.0034,0.001,-120.9,-70.6,6.2,1.0,0.0,0.0,0.0,0.0,0.0,0.0,0.0,0.0,-2.96,1.43,256.5,1.0,35.4,65.882,35.0,1555.0
1779273052384829546,2026-05-20 16:00:52.384,0X0000,1,1,1,1,0.1,0.2,1.0,1.0,158.4,1216.2,-59.9,15.3,0.0,0.0,0.0,0.0,0.0,0.0,0.0,0.0,0.0,0.0,0.0,0.0,0.0,0.0,0.0,0.0,0.0,0.0,0.0,0.0,0.0,0.0,0.0,0.0,-2.46,1.71,249.1,0.1,35.4,65.882,35.0,1555.0
1779273052744492287,2026-05-20 16:00:52.743,0X0000,1,1,1,1,1.0,1.0,1.0,1.0,44.1,-40.2,-35.7,37.8,0.0,0.0,0.0,0.0,0.0,0.0,0.0,0.0,0.1065,-0.1041,0.0016,0.001,-141.1,-47.8,2.6,1.0,0.0,0.0,0.0,0.0,0.0,0.0,0.0,0.0,-2.42,1.81,243.0,1.0,35.4,65.882,35.0,1555.0
1779273053104260657,2026-05-20 16:00:53.103,0X0000,1,1,1,1,1.0,1.0,1.0,1.0,49.8,-36.6,-42.0,40.7,0.0,0.0,0.0,0.0,0.0,0.0,0.0,0.0,0.1225,-0.1032,0.0032,0.001,-153.6,-45.6,4.0,1.0,0.0,0.0,0.0,0.0,0.0,0.0,0.0,0.0,-2.47,1.69,236.6,1.0,35.4,65.882,35.0,1555.0
1779273053463987971,42026-05-20 16:00:53.463,0X0000,1,1,1,1,1.0,1.0,1.0,1.0,44.9,-37.4,-55.8,31.0,0.0,0.0,0.0,0.0,0.0,0.0,0.0,0.0,0.13440000000000002,-0.09129999999999999,-0.0047,0.001,-156.2,-44.5,-5.3,1.0,0.0,0.0,0.0,0.0,0.0,0.0,0.0,0.0,-2.38,1.88,230.2,1.0,35.4,65.882,35.0,1555.0
1779273053821665601,2026-05-20 16:00:53.821,0X0000,1,1,1,1,1.0,1.0,1.0,1.0,53.3,-27.1,-41.9,36.1,0.0,0.0,0.0,0.0,0.0,0.0,0.0,0.0,0.1271,-0.0843,0.0055,0.001,-150.2,-26.6,5.5,1.0,0.0,0.0,0.0,0.0,0.0,0.0,0.0,0.0,-2.32,1.53,223.5,1.0,35.4,65.882,35.0,1555.0
1779273054179443952,$2026-05-20 16:00:54.178,0X0000,1,1,1,1,1.0,1.0,1.0,1.0,58.4,-32.0,-42.7,39.7,0.0,0.0,0.0,0.0,0.0,0.0,0.0,0.0,0.1349,-0.09570000000000001,0.0063,0.001,-165.3,-5.4,6.8,1.0,0.0,0.0,0.0,0.0,0.0,0.0,0.0,0.0,-2.52,1.58,217.1,1.0,35.5,65.882,35.0,1555.0
1779273054538811508,2026-05-20 16:00:54.538,0X0000,1,1,1,1,1.0,1.0,1.0,1.0,57.0,-27.8,-57.3,26.4,0.0,0.0,0.0,0.0,0.0,0.0,0.0,0.0,0.1525,-0.0723,-0.0005,0.001,-168.1,-15.6,-2.0,1.0,0.0,0.0,0.0,0.0,0.0,0.0,0.0,0.0,-2.24,1.65,210.7,1.0,35.5,65.882,35.0,1555.0
1779273054896224082,2026-05-20 16:00:54.895,0X0000,1,1,1,1,1.0,1.0,1.0,1.0,56.6,-25.5,-43.5,37.3,0.0,0.0,0.0,0.0,0.0,0.0,0.0,0.0,0.1336,-0.0838,0.0067,0.001,-157.1,14.6,4.9,1.0,0.0,0.0,0.0,0.0,0.0,0.0,0.0,0.0,-2.44,2.32,206.7,1.0,35.5,65.882,35.0,1555.0
1779273055251925433,2026-05-20 16:00:55.251,0X0000,1,1,1,1,1.0,1.0,1.0,1.0,-36.2,-38.0,6.3,6.5,0.0,0.0,0.0,0.0,0.0,0.0,0.0,0.0,-0.0567,-0.0594,-0.0166,0.001,25.8,79.4,-6.2,1.0,0.0,0.0,0.0,0.0,0.0,0.0,0.0,0.0,-2.15,8.12,206.3,1.0,35.5,65.882,35.0,1555.0
1779273055590436507,2026-05-20 16:00:55.589,0X0000,1,1,1,1,1.1,1.0,0.9,1.0,-156.0,-56.7,118.9,-10.1,0.0,0.0,0.0,0.0,0.0,0.0,0.0,0.0,0.0,0.0,0.0,0.0,0.0,0.0,0.0,0.0,0.0,0.0,0.0,0.0,0.0,0.0,0.0,0.0,-2.38,9.69,205.7,0.9,35.5,65.882,35.0,1555.0
1779273055966536303,)2026-05-20 16:00:55.965,0X0000,0,1,1,1,1.0,1.0,1.0,1.0,0.0,-69.7,177.3,-51.8,76.0,0.0,0.0,0.0,1.0,0.0,0.0,0.0,-0.6354,-0.023899999999999998,-0.0655,0.001,579.5,268.9,20.9,1.0,0.0,0.0,0.0,0.0,0.0,0.0,0.0,0.0,-1.49,7.71,202.7,1.0,35.5,65.882,35.0,1555.0
1779273056307245359,2026-05-20 16:00:56.306,0X0000,1,1,1,1,1.0,1.0,1.0,1.0,-268.5,-72.0,1303.4,-30.8,0.0,0.0,0.0,0.0,0.0,0.0,0.0,0.0,0.0,0.0,0.0,0.0,0.0,0.0,0.0,0.0,0.0,0.0,0.0,0.0,0.0,0.0,0.0,0.0,-1.9,5.71,199.9,1.0,35.5,65.882,35.0,1555.0
1779273056680391136,72026-05-20 16:00:56.679,0X0000,1,1,0,1,1.0,1.0,0.0,1.0,-383.8,-80.6,0.0,-46.2,0.0,0.0,192.0,0.0,0.0,0.0,1.0,0.0,-0.8552000000000001,-0.045899999999999996,-0.0684,0.001,797.3,319.8,-7.5,1.0,0.0,0.0,0.0,0.0,0.0,0.0,0.0,0.0,-2.14,3.96,198.7,1.0,35.5,65.882,35.0,1555.0
1779273057044162395,+2026-05-20 16:00:57.043,0X0000,1,1,1,1,1.0,1.0,1.0,1.0,-423.3,-53.2,292.7,-18.9,0.0,0.0,0.0,0.0,0.0,0.0,0.0,0.0,-0.9556,-0.0458,-0.054700000000000006,0.001,897.1,336.9,-2.5,1.0,0.0,0.0,0.0,0.0,0.0,0.0,0.0,0.0,-1.74,3.05,197.8,1.0,35.5,65.882,35.0,1555.0
1779273057406252914,62026-05-20 16:00:57.405,0X0000,1,1,1,1,1.0,1.0,1.0,1.0,-381.8,-45.7,341.3,-30.4,0.0,0.0,0.0,0.0,0.0,0.0,0.0,0.0,-0.9651000000000001,-0.020399999999999998,-0.0314,0.001,916.1,305.0,19.4,1.0,0.0,0.0,0.0,0.0,0.0,0.0,0.0,0.0,-1.9,2.98,197.2,1.0,35.5,65.882,35.0,1555.0
1779273057768405061,+2026-05-20 16:00:57.767,0X0000,1,1,1,1,1.0,1.0,1.0,1.0,-398.1,-67.8,328.4,-42.5,0.0,0.0,0.0,0.0,0.0,0.0,0.0,0.0,-0.9696,-0.0338,-0.048600000000000004,0.001,919.4,313.8,-0.7,1.0,0.0,0.0,0.0,0.0,0.0,0.0,0.0,0.0,-2.05,2.76,196.8,1.0,35.5,65.882,35.0,1555.0
1779273058130717043,(2026-05-20 16:00:58.130,0X0000,1,1,1,1,1.0,1.0,1.0,1.0,-384.9,-48.5,290.9,-35.5,0.0,0.0,0.0,0.0,0.0,0.0,0.0,0.0,-0.9018999999999999,-0.0174,-0.048,0.001,857.3,284.4,-1.9,1.0,0.0,0.0,0.0,0.0,0.0,0.0,0.0,0.0,-2.08,2.89,197.2,1.0,35.5,65.882,35.0,1555.0
1779273058492496357,*2026-05-20 16:00:58.491,0X0000,1,1,1,1,1.0,1.0,1.0,1.0,-407.8,-49.0,305.3,-26.0,0.0,0.0,0.0,0.0,0.0,0.0,0.0,0.0,-0.9517,-0.030699999999999998,-0.0479,0.001,894.1,330.9,2.3,1.0,0.0,0.0,0.0,0.0,0.0,0.0,0.0,0.0,-2.83,2.93,198.4,1.0,35.6,65.882,35.0,1555.0
1779273058855585394,2026-05-20 16:00:58.854,0X0000,1,1,1,1,1.0,1.0,1.0,1.0,-432.1,-60.3,288.4,-52.6,0.0,0.0,0.0,0.0,0.0,0.0,0.0,0.0,-0.9616,-0.0103,-0.0692,0.001,908.6,322.1,-20.1,1.0,0.0,0.0,0.0,0.0,0.0,0.0,0.0,0.0,-2.47,2.9,198.8,1.0,35.6,65.882,35.0,1555.0
1779273059217453375,2026-05-20 16:00:59.216,0X0000,1,1,1,1,1.0,1.0,1.0,1.0,-429.1,-0.1,326.4,-41.2,0.0,0.0,0.0,0.0,0.0,0.0,0.0,0.0,-1.0083,0.0549,-0.0389,0.001,965.2,299.0,13.9,1.0,0.0,0.0,0.0,0.0,0.0,0.0,0.0,0.0,-2.53,3.14,200.3,1.0,35.6,65.882,35.0,1555.0
1779273059579713690,2026-05-20 16:00:59.579,0X0000,1,1,1,1,1.0,1.0,1.0,1.0,-395.4,-45.5,234.4,-64.1,0.0,0.0,0.0,0.0,0.0,0.0,0.0,0.0,-0.8406,0.0248,-0.073,0.001,796.0,278.3,-37.0,1.0,0.0,0.0,0.0,0.0,0.0,0.0,0.0,0.0,-2.44,2.52,200.8,1.0,35.6,65.882,35.0,1555.0
1779273059940808097,'2026-05-20 16:00:59.940,0X0000,1,1,1,1,1.0,1.0,1.0,1.0,-417.8,-43.2,347.3,-68.9,0.0,0.0,0.0,0.0,0.0,0.0,0.0,0.0,-1.0211000000000001,0.0343,-0.0493,0.001,961.6,348.6,1.7,1.0,0.0,0.0,0.0,0.0,0.0,0.0,0.0,0.0,-2.27,2.94,201.8,1.0,35.5,65.882,35.0,1555.0
1779273060302985912,2026-05-20 16:01:00.302,0X0000,1,1,1,1,1.0,1.0,1.0,1.0,-414.0,-57.3,304.5,-45.4,0.0,0.0,0.0,0.0,0.0,0.0,0.0,0.0,-0.9589,-0.0159,-0.0572,0.001,878.8,388.3,-7.1,1.0,0.0,0.0,0.0,0.0,0.0,0.0,0.0,0.0,-2.8,2.95,202.8,1.0,35.6,65.882,35.0,1555.0
1779273060664774689,2026-05-20 16:01:00.664,0X0000,1,1,1,1,1.0,1.0,1.0,1.0,-389.4,-61.6,342.5,-37.9,0.0,0.0,0.0,0.0,0.0,0.0,0.0,0.0,-0.9768,-0.0316,-0.0395,0.001,884.4,417.6,14.8,1.0,0.0,0.0,0.0,0.0,0.0,0.0,0.0,0.0,-2.37,3.11,203.4,1.0,35.5,65.882,35.0,1555.0
1779273061026756504,*2026-05-20 16:01:01.026,0X0000,1,1,1,1,1.0,1.0,1.0,1.0,-431.6,-43.3,331.8,-5.7,0.0,0.0,0.0,0.0,0.0,0.0,0.0,0.0,-1.0189,-0.0502,-0.040100000000000004,0.001,910.9,461.0,14.6,1.0,0.0,0.0,0.0,0.0,0.0,0.0,0.0,0.0,-2.61,2.95,204.0,1.0,35.6,65.882,35.0,1555.0
1779273061390680078,2026-05-20 16:01:01.390,0X0000,1,1,1,1,1.1,1.0,1.0,1.0,-427.1,-103.2,313.5,-42.0,0.0,0.0,0.0,0.0,0.0,0.0,0.0,0.0,-0.9884,-0.08170000000000001,-0.0698,0.001,868.6,483.6,-17.1,1.0,0.0,0.0,0.0,0.0,0.0,0.0,0.0,0.0,-2.23,2.87,204.3,1.0,35.5,65.882,35.0,1555.0
1779273061752594707,82026-05-20 16:01:01.751,0X0000,1,1,1,1,1.0,1.0,1.0,1.0,-420.3,-59.7,320.5,-34.9,0.0,0.0,0.0,0.0,0.0,0.0,0.0,0.0,-0.9887,-0.033100000000000004,-0.052399999999999995,0.001,885.3,444.7,2.1,1.0,0.0,0.0,0.0,0.0,0.0,0.0,0.0,0.0,-2.36,3.08,204.7,1.0,35.5,65.882,35.0,1555.0
1779273062114673114,2026-05-20 16:01:02.114,0X0000,1,1,1,1,1.1,1.0,1.0,1.0,-344.1,-72.2,325.4,-33.9,0.0,0.0,0.0,0.0,0.0,0.0,0.0,0.0,-0.8935,-0.0511,-0.0337,0.001,790.0,421.6,16.4,1.0,0.0,0.0,0.0,0.0,0.0,0.0,0.0,0.0,-1.91,3.11,204.8,1.0,35.5,65.882,35.0,1555.0
1779273062451246688,2026-05-20 16:01:02.450,0X0000,1,1,1,1,1.1,1.0,1.0,1.0,-425.5,-68.3,444.7,-29.1,0.0,0.0,0.0,0.0,0.0,0.0,0.0,0.0,0.0,0.0,0.0,0.0,0.0,0.0,0.0,0.0,0.0,0.0,0.0,0.0,0.0,0.0,0.0,0.0,-2.44,3.37,205.0,1.0,35.6,65.882,35.0,1555.0
1779273062815158410,+2026-05-20 16:01:02.814,0X0000,1,1,1,1,1.1,1.1,1.0,1.0,-425.9,-76.1,339.6,-131.1,0.0,0.0,0.0,0.0,0.0,0.0,0.0,0.0,-1.0217,0.0734,-0.07909999999999999,0.001,960.1,365.0,-23.6,1.0,0.0,0.0,0.0,0.0,0.0,0.0,0.0,0.0,-2.27,3.27,204.8,1.0,35.6,65.882,35.0,1555.0
1779273063181433466,+2026-05-20 16:01:03.180,0X0000,1,1,1,1,1.1,1.0,1.0,1.0,-525.9,-58.0,335.7,-42.2,0.0,0.0,0.0,0.0,0.0,0.0,0.0,0.0,-1.1499000000000001,-0.0211,-0.0783,0.001,1038.2,500.7,-16.4,1.0,0.0,0.0,0.0,0.0,0.0,0.0,0.0,0.0,-2.43,3.04,204.6,1.0,35.6,65.882,35.0,1555.0
1779273063543505502,2026-05-20 16:01:03.542,0X0000,1,1,1,1,1.1,1.0,1.0,1.0,-421.4,-64.8,311.1,-63.1,0.0,0.0,0.0,0.0,0.0,0.0,0.0,0.0,-0.9776,-0.0023,-0.0643,0.001,892.8,403.4,-14.9,1.0,0.0,0.0,0.0,0.0,0.0,0.0,0.0,0.0,-2.09,2.89,204.1,1.0,35.6,65.882,35.0,1555.0
1779273063905584317,2026-05-20 16:01:03.904,0X0000,1,1,1,1,1.1,1.1,1.0,1.0,-459.9,-57.1,371.4,-54.8,0.0,0.0,0.0,0.0,0.0,0.0,0.0,0.0,-1.1095,-0.0031,-0.054,0.001,1013.2,455.4,7.2,1.0,0.0,0.0,0.0,0.0,0.0,0.0,0.0,0.0,-2.11,3.16,204.0,1.0,35.6,65.882,35.0,1555.0
1779273064269504780,82026-05-20 16:01:04.268,0X0000,1,1,1,1,1.1,1.1,1.0,1.0,-459.8,-80.2,260.5,-71.4,0.0,0.0,0.0,0.0,0.0,0.0,0.0,0.0,-0.9612999999999999,-0.011699999999999999,-0.0947,0.001,876.0,405.8,-36.4,1.0,0.0,0.0,0.0,0.0,0.0,0.0,0.0,0.0,-2.37,3.44,204.0,1.0,35.6,65.882,35.0,1555.0
1779273064631546872,+2026-05-20 16:01:04.630,0X0000,1,1,1,1,1.1,1.1,1.0,1.0,-434.6,-54.0,314.3,-13.8,0.0,0.0,0.0,0.0,0.0,0.0,0.0,0.0,-0.9995,-0.053700000000000005,-0.0508,0.001,898.2,444.6,-7.0,1.0,0.0,0.0,0.0,0.0,0.0,0.0,0.0,0.0,-2.21,2.39,203.2,1.0,35.6,65.882,35.0,1555.0
1779273064991440205,'2026-05-20 16:01:04.990,0X0000,1,1,1,1,1.1,1.1,1.0,1.0,-440.7,-67.3,308.8,3.6,0.0,0.0,0.0,0.0,0.0,0.0,0.0,0.0,-1.0003,-0.09459999999999999,-0.0528,0.001,883.9,480.8,6.0,1.0,0.0,0.0,0.0,0.0,0.0,0.0,0.0,0.0,-2.14,3.17,203.1,1.0,35.5,65.882,35.0,1555.0
1779273065357696927,2026-05-20 16:01:05.357,0X0000,1,1,1,1,1.1,1.1,1.0,1.0,-469.3,-119.7,338.1,-74.8,0.0,0.0,0.0,0.0,0.0,0.0,0.0,0.0,-1.0776,-0.0599,-0.0879,0.001,970.6,479.5,-25.8,1.0,0.0,0.0,0.0,0.0,0.0,0.0,0.0,0.0,-2.31,3.17,203.0,1.0,35.6,65.882,35.0,1555.0
1779273065721737649,F2026-05-20 16:01:05.721,0X0000,1,1,1,1,1.0,1.0,1.0,1.0,-481.4,-45.4,348.6,-30.5,0.0,0.0,0.0,0.0,0.0,0.0,0.0,0.0,-1.1077000000000001,-0.019899999999999998,-0.056299999999999996,0.001,1018.3,440.1,-1.9,1.0,0.0,0.0,0.0,0.0,0.0,0.0,0.0,0.0,-1.93,2.78,202.3,1.0,35.6,65.882,35.0,1555.0
1779273066085985890,+2026-05-20 16:01:06.085,0X0000,1,1,1,1,1.1,1.1,1.0,1.0,-450.4,-62.3,326.0,-44.8,0.0,0.0,0.0,0.0,0.0,0.0,0.0,0.0,-1.0362,-0.023399999999999997,-0.0625,0.001,949.7,420.0,-2.6,1.0,0.0,0.0,0.0,0.0,0.0,0.0,0.0,0.0,-2.21,3.26,202.5,1.0,35.6,65.882,35.0,1555.0
1779273066447518927,'2026-05-20 16:01:06.446,0X0000,1,1,1,1,1.1,1.0,1.0,1.0,-368.2,-33.1,311.1,-29.1,0.0,0.0,0.0,0.0,0.0,0.0,0.0,0.0,-0.9066000000000001,-0.0053,-0.0322,0.001,836.5,350.8,15.5,1.0,0.0,0.0,0.0,0.0,0.0,0.0,0.0,0.0,-2.4,3.0,202.4,1.0,35.6,65.882,35.0,1555.0
1779273066811357371,*2026-05-20 16:01:06.810,0X0000,1,1,1,1,1.1,1.0,1.0,1.0,-473.1,-58.5,260.0,-13.1,0.0,0.0,0.0,0.0,0.0,0.0,0.0,0.0,-0.9783999999999999,-0.0606,-0.0768,0.001,885.6,426.9,-22.6,1.0,0.0,0.0,0.0,0.0,0.0,0.0,0.0,0.0,-2.12,3.04,202.1,1.0,35.6,65.882,35.0,1555.0
1779273067150378889,2026-05-20 16:01:07.149,0X0000,1,1,1,1,1.0,1.0,1.0,1.0,-424.6,-51.3,-1422.9,-76.6,0.0,0.0,0.0,0.0,0.0,0.0,0.0,0.0,0.0,0.0,0.0,0.0,0.0,0.0,0.0,0.0,0.0,0.0,0.0,0.0,0.0,0.0,0.0,0.0,-2.46,2.96,202.4,1.0,35.6,65.882,35.0,1555.0
1779273067512216704,42026-05-20 16:01:07.511,0X0000,1,1,1,1,1.1,1.0,1.0,1.0,-460.8,-52.7,338.6,-68.4,0.0,0.0,0.0,0.0,0.0,0.0,0.0,0.0,-1.0669000000000002,0.021,-0.06559999999999999,0.001,995.0,391.0,-7.1,1.0,0.0,0.0,0.0,0.0,0.0,0.0,0.0,0.0,-2.41,3.19,202.5,1.0,35.6,65.882,35.0,1555.0
1779273067876054296,2026-05-20 16:01:07.875,0X0000,1,1,1,1,1.1,1.0,1.0,1.0,-447.0,-65.5,313.8,-47.8,0.0,0.0,0.0,0.0,0.0,0.0,0.0,0.0,-1.0154,-0.023600000000000003,-0.0665,0.001,933.3,406.0,-17.1,1.0,0.0,0.0,0.0,0.0,0.0,0.0,0.0,0.0,-2.07,2.74,202.1,1.0,35.6,65.882,35.0,1555.0
1779273068237886074,2026-05-20 16:01:08.237,0X0000,1,1,1,1,1.0,1.0,1.0,1.0,-454.5,-66.4,354.4,-70.3,0.0,0.0,0.0,0.0,0.0,0.0,0.0,0.0,-1.0796,0.0052,-0.0639,0.001,1003.6,403.2,-8.9,1.0,0.0,0.0,0.0,0.0,0.0,0.0,0.0,0.0,-2.05,2.93,202.1,1.0,35.6,65.882,35.0,1555.0
1779273068600952907,82026-05-20 16:01:08.600,0X0000,1,1,1,1,1.0,1.0,1.0,1.0,-436.8,-72.0,288.5,-60.7,0.0,0.0,0.0,0.0,0.0,0.0,0.0,0.0,-0.968,-0.015099999999999999,-0.07579999999999999,0.001,889.7,388.8,-15.4,1.0,0.0,0.0,0.0,0.0,0.0,0.0,0.0,0.0,-2.44,3.53,202.6,1.0,35.6,65.882,35.0,1555.0
1779273068964694425,*2026-05-20 16:01:08.964,0X0000,1,1,1,1,1.0,1.0,1.0,1.0,-482.4,-71.2,307.9,-37.5,0.0,0.0,0.0,0.0,0.0,0.0,0.0,0.0,-1.0548,-0.045,-0.07640000000000001,0.001,961.3,442.8,-19.8,1.0,0.0,0.0,0.0,0.0,0.0,0.0,0.0,0.0,-2.18,2.98,202.2,1.0,35.6,65.882,35.0,1555.0
1779273069326788147,2026-05-20 16:01:09.326,0X0000,1,1,1,1,1.0,1.0,1.0,1.0,-449.7,-52.2,328.6,-52.7,0.0,0.0,0.0,0.0,0.0,0.0,0.0,0.0,-1.0387,0.0007,-0.061,0.001,963.7,392.1,-13.8,1.0,0.0,0.0,0.0,0.0,0.0,0.0,0.0,0.0,-2.18,2.61,202.1,1.0,35.6,65.882,35.0,1555.0
1779273069690583517,)2026-05-20 16:01:09.690,0X0000,1,1,1,1,1.1,1.0,1.0,1.0,-478.3,-67.2,323.5,-17.1,0.0,0.0,0.0,0.0,0.0,0.0,0.0,0.0,-1.0700999999999998,-0.0669,-0.0645,0.001,965.0,471.5,-4.2,1.0,0.0,0.0,0.0,0.0,0.0,0.0,0.0,0.0,-2.27,3.09,202.4,1.0,35.6,65.882,35.0,1555.0
1779273070055126647,2026-05-20 16:01:10.054,0X0000,1,1,1,1,1.0,1.0,1.0,1.0,-484.7,-70.4,337.0,-67.8,0.0,0.0,0.0,0.0,0.0,0.0,0.0,0.0,-1.0967,-0.0035,-0.07709999999999999,0.001,1012.8,427.4,-18.1,1.0,0.0,0.0,0.0,0.0,0.0,0.0,0.0,0.0,-2.31,3.07,202.6,1.0,35.6,65.882,35.0,1555.0
1779273070416479295,(2026-05-20 16:01:10.415,0X0000,1,1,1,1,1.0,1.1,1.0,1.0,-425.5,-57.8,308.2,-44.3,0.0,0.0,0.0,0.0,0.0,0.0,0.0,0.0,-0.9792000000000001,-0.018,-0.0592,0.001,896.8,397.9,-7.5,1.0,0.0,0.0,0.0,0.0,0.0,0.0,0.0,0.0,-2.34,2.98,202.8,1.0,35.6,65.882,35.0,1555.0
1779273070752884591,2026-05-20 16:01:10.752,0X0000,1,1,1,1,1.1,1.0,1.0,1.0,-537.2,-38.0,349.5,-67.6,0.0,0.0,0.0,0.0,0.0,0.0,0.0,0.0,0.0,0.0,0.0,0.0,0.0,0.0,0.0,0.0,0.0,0.0,0.0,0.0,0.0,0.0,0.0,0.0,-2.27,3.01,203.0,1.0,35.6,65.882,35.0,1555.0
1779273071114794239,*2026-05-20 16:01:11.114,0X0000,1,1,1,1,1.0,1.0,1.0,1.0,-421.7,-46.3,335.2,-61.2,0.0,0.0,0.0,0.0,0.0,0.0,0.0,0.0,-1.0102,0.019899999999999998,-0.0523,0.001,937.3,381.1,-0.4,1.0,0.0,0.0,0.0,0.0,0.0,0.0,0.0,0.0,-2.41,2.99,203.2,1.0,35.6,65.882,35.0,1555.0
1779273071476803498,2026-05-20 16:01:11.476,0X0000,1,1,1,1,1.0,1.0,1.0,1.0,-430.2,-56.1,344.3,-51.1,0.0,0.0,0.0,0.0,0.0,0.0,0.0,0.0,-1.0337,-0.0067,-0.0521,0.001,947.7,416.4,1.5,1.0,0.0,0.0,0.0,0.0,0.0,0.0,0.0,0.0,-2.23,2.96,203.3,1.0,35.6,65.882,35.0,1555.0
1779273071838628442,2026-05-20 16:01:11.838,0X0000,1,1,1,1,1.0,1.0,1.0,1.0,-469.5,-57.5,364.0,-58.4,0.0,0.0,0.0,0.0,0.0,0.0,0.0,0.0,-1.1124,0.0012,-0.0597,0.001,1020.9,445.9,5.6,1.0,0.0,0.0,0.0,0.0,0.0,0.0,0.0,0.0,-2.25,3.37,203.6,1.0,35.6,65.882,35.0,1555.0
1779273072206799164,2026-05-20 16:01:12.206,0X0000,1,1,1,1,1.1,1.0,1.0,1.0,-606.2,-179.7,357.0,-74.1,0.0,0.0,0.0,0.0,0.0,0.0,0.0,0.0,-1.2855,-0.1409,-0.1357,0.001,1123.7,651.4,-62.5,1.0,0.0,0.0,0.0,0.0,0.0,0.0,0.0,0.0,-2.35,3.0,203.7,1.0,35.7,65.882,35.0,1555.0
1779273072543040330,2026-05-20 16:01:12.542,0X0000,1,1,1,1,1.0,1.0,1.0,1.0,-461.9,-38.8,336.3,-52.8,0.0,0.0,0.0,0.0,0.0,0.0,0.0,0.0,0.0,0.0,0.0,0.0,0.0,0.0,0.0,0.0,0.0,0.0,0.0,0.0,0.0,0.0,0.0,0.0,-2.2,3.13,203.9,1.0,35.6,65.882,35.0,1555.0
1779273072905254127,2026-05-20 16:01:12.904,0X0000,1,1,1,1,1.0,1.0,1.0,1.0,-316.3,-61.2,355.0,-17.3,0.0,0.0,0.0,0.0,0.0,0.0,0.0,0.0,-0.8959,-0.0586,-0.0107,0.001,795.8,414.5,33.6,1.0,0.0,0.0,0.0,0.0,0.0,0.0,0.0,0.0,-2.13,2.7,203.8,1.0,35.6,65.882,35.0,1555.0
1779273073269174886,+2026-05-20 16:01:13.268,0X0000,1,1,1,1,1.1,1.0,1.0,1.0,-433.8,-76.6,329.1,-45.5,0.0,0.0,0.0,0.0,0.0,0.0,0.0,0.0,-1.0182,-0.0415,-0.061200000000000004,0.001,909.6,463.6,-0.5,1.0,0.0,0.0,0.0,0.0,0.0,0.0,0.0,0.0,-2.61,3.31,204.6,1.0,35.7,65.882,35.0,1555.0
1779273073633398200,2026-05-20 16:01:13.632,0X0000,1,1,1,1,1.1,1.0,1.0,1.0,-372.3,-59.7,252.3,-33.8,0.0,0.0,0.0,0.0,0.0,0.0,0.0,0.0,-0.8336,-0.0346,-0.0576,0.001,753.1,359.2,-55.8,1.0,0.0,0.0,0.0,0.0,0.0,0.0,0.0,0.0,-1.89,0.05,203.0,1.0,35.7,65.882,35.0,1555.0
1779273073996908607,+2026-05-20 16:01:13.996,0X0000,1,1,1,1,1.0,1.0,1.0,1.0,-309.1,0.1,312.6,-143.4,0.0,0.0,0.0,0.0,0.0,0.0,0.0,0.0,-0.8297,0.1915,-0.037700000000000004,0.001,841.2,108.3,-85.0,1.0,0.0,0.0,0.0,0.0,0.0,0.0,0.0,0.0,-1.11,-3.02,200.3,1.0,35.6,65.882,35.0,1555.0
1779273074332706422,2026-05-20 16:01:14.332,0X0000,1,1,1,1,1.0,1.0,1.0,1.0,-217.4,-13.7,241.3,1.9,0.0,0.0,0.0,0.0,0.0,0.0,0.0,0.0,0.0,0.0,0.0,0.0,0.0,0.0,0.0,0.0,0.0,0.0,0.0,0.0,0.0,0.0,0.0,0.0,-0.02,-5.18,195.3,1.0,35.6,65.882,35.0,1555.0
1779273074693160459,2026-05-20 16:01:14.692,0X0000,1,1,1,1,1.0,1.1,1.0,1.0,-150.5,-10.0,122.9,0.2,0.0,0.0,0.0,0.0,0.0,0.0,0.0,0.0,-0.3649,-0.0136,-0.0101,0.001,351.8,96.1,-22.4,1.0,0.0,0.0,0.0,0.0,0.0,0.0,0.0,0.0,-0.99,-1.97,193.1,1.0,35.6,65.882,35.0,1555.0
1779273075055070144,2026-05-20 16:01:15.054,0X0000,1,1,1,1,1.0,1.1,1.0,1.0,-92.8,-25.0,52.2,-13.9,0.0,0.0,0.0,0.0,0.0,0.0,0.0,0.0,-0.1935,-0.0148,-0.0215,0.001,187.9,44.6,-28.4,1.0,0.0,0.0,0.0,0.0,0.0,0.0,0.0,0.0,-2.06,-2.2,188.7,1.0,35.6,65.882,35.0,1555.0
1779273075414432921,62026-05-20 16:01:15.413,0X0000,1,1,1,1,1.0,1.0,1.0,1.0,-118.5,-15.4,51.1,31.9,0.0,0.0,0.0,0.0,0.0,0.0,0.0,0.0,-0.22640000000000002,-0.0631,-0.013699999999999999,0.001,222.9,75.1,-10.3,1.0,0.0,0.0,0.0,0.0,0.0,0.0,0.0,0.0,-2.65,0.13,182.9,1.0,35.7,65.882,35.0,1555.0
1779273075769562347,&2026-05-20 16:01:15.769,0X0000,1,1,1,1,1.0,1.1,1.0,1.0,-27.2,-32.3,-6.9,19.1,0.0,0.0,0.0,0.0,0.0,0.0,0.0,0.0,-0.027100000000000003,-0.0686,-0.0128,0.001,33.5,66.3,-9.4,1.0,0.0,0.0,0.0,0.0,0.0,0.0,0.0,0.0,-2.75,0.27,174.7,1.0,35.7,65.882,35.0,1555.0
1779273076124940847,%2026-05-20 16:01:16.124,0X0000,1,1,1,1,1.0,1.0,1.0,1.0,16.0,-31.6,-13.4,7.0,0.0,0.0,0.0,0.0,0.0,0.0,0.0,0.0,0.039200000000000006,-0.0515,-0.006,0.001,-26.5,59.2,-3.6,1.0,0.0,0.0,0.0,0.0,0.0,0.0,0.0,0.0,-2.64,-0.03,166.9,1.0,35.7,65.882,35.0,1555.0
1779273076482341254,&2026-05-20 16:01:16.481,0X0000,1,1,1,1,1.0,1.0,1.0,1.0,20.6,-40.6,-41.4,21.8,0.0,0.0,0.0,0.0,0.0,0.0,0.0,0.0,0.08270000000000001,-0.0833,-0.0107,0.001,-47.2,107.6,-8.9,1.0,0.0,0.0,0.0,0.0,0.0,0.0,0.0,0.0,-2.47,1.23,159.1,1.0,35.7,65.882,35.0,1555.0
1779273076840348402,2026-05-20 16:01:16.839,0X0000,1,1,1,1,1.1,1.0,1.0,1.0,50.5,-36.7,-30.4,36.7,0.0,0.0,0.0,0.0,0.0,0.0,0.0,0.0,0.108,-0.098,0.0054,0.001,-52.2,135.9,8.8,1.0,0.0,0.0,0.0,0.0,0.0,0.0,0.0,0.0,-3.14,1.06,153.1,1.0,35.7,65.882,35.0,1555.0
1779273077197539568,2026-05-20 16:01:17.196,0X0000,1,1,1,1,1.0,1.0,1.0,1.0,27.6,-45.1,-35.4,33.3,0.0,0.0,0.0,0.0,0.0,0.0,0.0,0.0,0.0841,-0.1046,-0.0053,0.001,-9.6,134.0,-4.0,1.0,0.0,0.0,0.0,0.0,0.0,0.0,0.0,0.0,-2.11,1.72,145.4,1.0,35.7,65.882,35.0,1555.0
1779273077557653346,'2026-05-20 16:01:17.557,0X0000,1,1,1,1,1.0,1.0,1.0,1.0,-7.6,-42.0,-41.5,34.8,0.0,0.0,0.0,0.0,0.0,0.0,0.0,0.0,0.045200000000000004,-0.1025,-0.0152,0.001,32.1,107.6,-13.1,1.0,0.0,0.0,0.0,0.0,0.0,0.0,0.0,0.0,-1.97,1.79,139.9,1.0,35.7,65.882,35.0,1555.0
1779273077915232827,12026-05-20 16:01:17.914,0X0000,1,1,1,1,1.0,1.0,1.0,1.0,48.6,-34.5,-37.8,45.6,0.0,0.0,0.0,0.0,0.0,0.0,0.0,0.0,0.1153,-0.10690000000000001,0.005900000000000001,0.001,-4.6,157.1,7.4,1.0,0.0,0.0,0.0,0.0,0.0,0.0,0.0,0.0,-2.47,1.56,134.4,1.0,35.7,65.882,35.0,1555.0
1779273078275221605,2026-05-20 16:01:18.274,0X0000,1,1,1,1,1.0,1.0,1.0,1.0,39.0,-43.0,-38.9,32.8,0.0,0.0,0.0,0.0,0.0,0.0,0.0,0.0,0.104,-0.1012,-0.0027,0.001,12.8,144.5,-1.9,1.0,0.0,0.0,0.0,0.0,0.0,0.0,0.0,0.0,-2.39,1.87,129.2,1.0,35.7,65.882,35.0,1555.0
1779273078630669697,2026-05-20 16:01:18.629,0X0000,1,1,1,1,1.0,1.0,1.0,1.0,53.3,-35.2,-41.1,39.2,0.0,0.0,0.0,0.0,0.0,0.0,0.0,0.0,0.126,-0.0993,0.0044,0.001,11.6,160.0,4.0,1.0,0.0,0.0,0.0,0.0,0.0,0.0,0.0,0.0,-2.21,1.91,124.0,1.0,35.7,65.882,35.0,1555.0
1779273078986627901,!2026-05-20 16:01:18.986,0X0000,1,1,1,1,1.0,1.0,1.0,1.0,53.0,-24.0,-45.3,36.2,0.0,0.0,0.0,0.0,0.0,0.0,0.0,0.0,0.13119999999999998,-0.0803,0.0054,0.001,3.4,153.9,4.8,1.0,0.0,0.0,0.0,0.0,0.0,0.0,0.0,0.0,-2.5,1.79,120.1,1.0,35.7,65.882,35.0,1555.0
1779273079341917197,#2026-05-20 16:01:19.341,0X0000,1,1,1,1,1.0,1.0,1.0,1.0,8.0,-38.4,-21.8,27.5,0.0,0.0,0.0,0.0,0.0,0.0,0.0,0.0,0.039799999999999995,-0.088,-0.0067,0.001,64.3,71.9,-8.0,1.0,0.0,0.0,0.0,0.0,0.0,0.0,0.0,0.0,-2.14,6.76,114.4,1.0,35.7,65.882,35.0,1555.0
1779273079706332234,52026-05-20 16:01:19.705,0X0000,1,1,1,1,1.1,1.0,1.0,1.0,-111.5,-55.9,63.2,3.6,0.0,0.0,0.0,0.0,0.0,0.0,0.0,0.0,-0.2332,-0.07940000000000001,-0.027100000000000003,0.001,167.3,-182.0,18.9,1.0,0.0,0.0,0.0,0.0,0.0,0.0,0.0,0.0,-2.2,10.5,113.8,1.0,35.8,65.882,35.0,1555.0
1779273080058586270,2026-05-20 16:01:20.058,0X0000,0,1,1,1,1.1,1.0,1.0,1.0,0.0,-67.2,129.4,-12.6,-343.0,0.0,0.0,0.0,1.0,0.0,0.0,0.0,0.0,0.0,0.0,0.0,0.0,0.0,0.0,0.0,0.0,0.0,0.0,0.0,0.0,0.0,0.0,0.0,-1.48,8.59,112.4,1.0,35.7,65.882,35.0,1555.0
1779273080431860381,2026-05-20 16:01:20.431,0X0000,1,0,1,1,1.1,0.0,1.0,1.0,-341.9,0.0,239.8,-69.5,0.0,750.0,0.0,0.0,0.0,1.0,0.0,0.0,-0.7764,0.0492,-0.0551,0.001,232.8,-743.2,43.8,1.0,0.0,0.0,0.0,0.0,0.0,0.0,0.0,0.0,-1.95,7.41,111.0,1.0,35.7,65.882,35.0,1555.0
1779273080797186122,82026-05-20 16:01:20.796,0X0000,1,1,1,1,1.1,1.0,1.0,1.0,-392.3,-56.4,226.8,-39.1,0.0,0.0,0.0,0.0,0.0,0.0,0.0,0.0,-0.8262999999999999,-0.023100000000000002,-0.0704,0.001,325.0,-763.3,-3.4,1.0,0.0,0.0,0.0,0.0,0.0,0.0,0.0,0.0,-1.62,4.59,111.4,1.0,35.8,65.882,35.0,1555.0
1779273081172506696,)2026-05-20 16:01:21.171,0X0000,1,1,1,0,1.1,1.0,1.0,0.0,-379.2,-49.3,302.3,0.0,0.0,0.0,0.0,213.0,0.0,0.0,0.0,1.0,-0.9096000000000001,-0.029,-0.0415,0.001,347.9,-841.9,10.5,1.0,0.0,0.0,0.0,0.0,0.0,0.0,0.0,0.0,-2.04,3.21,110.6,1.0,35.7,65.882,35.0,1555.0
1779273081505893732,2026-05-20 16:01:21.505,0X0000,1,1,1,1,1.0,1.0,0.2,0.1,-401.6,-54.5,80.5,1270.5,0.0,0.0,0.0,0.0,0.0,0.0,0.0,0.0,0.0,0.0,0.0,0.0,0.0,0.0,0.0,0.0,0.0,0.0,0.0,0.0,0.0,0.0,0.0,0.0,-1.74,3.05,110.4,0.1,35.8,65.882,35.0,1555.0
1779273081867669362,62026-05-20 16:01:21.867,0X0000,1,1,1,1,1.0,1.0,1.0,1.0,-386.7,-67.7,331.7,3.0,0.0,0.0,0.0,0.0,0.0,0.0,0.0,0.0,-0.9588,-0.09440000000000001,-0.032299999999999995,0.001,414.1,-870.4,14.2,1.0,0.0,0.0,0.0,0.0,0.0,0.0,0.0,0.0,-2.5,2.54,109.8,1.0,35.7,65.882,35.0,1555.0
1779273082231963880,2026-05-20 16:01:22.231,0X0000,1,1,1,1,1.1,1.1,1.0,1.0,-407.0,-60.7,320.2,-38.2,0.0,0.0,0.0,0.0,0.0,0.0,0.0,0.0,-0.9705,-0.03,-0.0501,0.001,352.2,-906.2,-4.3,1.0,0.0,0.0,0.0,0.0,0.0,0.0,0.0,0.0,-2.45,2.63,109.4,1.0,35.8,65.882,35.0,1555.0
1779273082597860954,2026-05-20 16:01:22.597,0X0000,1,1,1,1,1.1,1.0,1.0,1.0,-451.0,-63.5,301.1,-27.2,0.0,0.0,0.0,0.0,0.0,0.0,0.0,0.0,-1.0038,-0.0484,-0.0649,0.001,384.4,-930.6,-14.4,1.0,0.0,0.0,0.0,0.0,0.0,0.0,0.0,0.0,-2.15,2.78,109.6,1.0,35.8,65.882,35.0,1555.0
1779273082959694732,2026-05-20 16:01:22.959,0X0000,1,1,1,1,1.0,1.0,1.0,1.0,-403.0,-2.2,359.9,-39.3,0.0,0.0,0.0,0.0,0.0,0.0,0.0,0.0,-1.0182,0.0495,-0.0228,0.001,294.7,-975.6,29.7,1.0,0.0,0.0,0.0,0.0,0.0,0.0,0.0,0.0,-2.32,3.07,109.6,1.0,35.7,65.882,35.0,1555.0
1779273083323406472,2026-05-20 16:01:23.322,0X0000,1,1,1,1,1.1,1.0,1.0,1.0,-437.2,-85.6,300.3,-74.0,0.0,0.0,0.0,0.0,0.0,0.0,0.0,0.0,-0.9843,-0.0155,-0.08,0.001,368.7,-915.8,-28.1,1.0,0.0,0.0,0.0,0.0,0.0,0.0,0.0,0.0,-2.43,2.98,110.9,1.0,35.7,65.882,35.0,1555.0
1779273083685193435,'2026-05-20 16:01:23.684,0X0000,1,1,1,1,1.0,1.0,1.0,1.0,-422.4,8.1,194.5,-17.5,0.0,0.0,0.0,0.0,0.0,0.0,0.0,0.0,-0.8232999999999999,0.0342,-0.064,0.001,262.7,-783.3,-25.9,1.0,0.0,0.0,0.0,0.0,0.0,0.0,0.0,0.0,-2.11,2.74,110.8,1.0,35.8,65.882,35.0,1555.0
1779273084046993583,92026-05-20 16:01:24.046,0X0000,1,1,1,1,1.0,1.0,1.0,1.0,-428.6,-44.4,308.0,-58.3,0.0,0.0,0.0,0.0,0.0,0.0,0.0,0.0,-0.9831,0.018600000000000002,-0.060200000000000004,0.001,348.2,-921.6,-5.8,1.0,0.0,0.0,0.0,0.0,0.0,0.0,0.0,0.0,-2.53,3.22,111.7,1.0,35.7,65.882,35.0,1555.0
1779273084410771286,72026-05-20 16:01:24.410,0X0000,1,1,1,1,1.0,1.0,1.0,1.0,-426.5,-46.5,342.9,57.6,0.0,0.0,0.0,0.0,0.0,0.0,0.0,0.0,-1.0269000000000001,-0.1389,-0.019600000000000003,0.001,518.9,-896.2,43.1,1.0,0.0,0.0,0.0,0.0,0.0,0.0,0.0,0.0,-2.57,3.16,112.4,1.0,35.8,65.882,35.0,1555.0
1779273084772551231,2026-05-20 16:01:24.771,0X0000,1,1,1,1,1.0,1.0,1.0,1.0,-377.1,-48.3,397.4,-50.2,0.0,0.0,0.0,0.0,0.0,0.0,0.0,0.0,-1.0337,0.0025,-0.0211,0.001,391.3,-956.6,29.4,1.0,0.0,0.0,0.0,0.0,0.0,0.0,0.0,0.0,-2.21,2.81,112.4,1.0,35.8,65.882,35.0,1555.0
1779273085136494823,2026-05-20 16:01:25.135,0X0000,1,1,1,1,1.0,1.0,1.0,1.0,-428.3,-96.3,314.6,-42.8,0.0,0.0,0.0,0.0,0.0,0.0,0.0,0.0,-0.9915,-0.0714,-0.0682,0.001,458.5,-884.6,-11.3,1.0,0.0,0.0,0.0,0.0,0.0,0.0,0.0,0.0,-2.3,3.12,113.2,1.0,35.7,65.882,35.0,1555.0
1779273085500588878,)2026-05-20 16:01:25.499,0X0000,1,1,1,1,1.0,1.0,1.0,1.0,-424.4,-52.0,346.5,-63.1,0.0,0.0,0.0,0.0,0.0,0.0,0.0,0.0,-1.0289000000000001,0.0148,-0.0521,0.001,394.7,-951.7,10.0,1.0,0.0,0.0,0.0,0.0,0.0,0.0,0.0,0.0,-2.39,3.49,113.3,1.0,35.7,65.882,35.0,1555.0
1779273085836676026,2026-05-20 16:01:25.836,0X0000,1,1,1,1,1.0,1.0,1.0,1.0,-304.0,-23.7,302.0,-88.5,0.0,0.0,0.0,0.0,0.0,0.0,0.0,0.0,0.0,0.0,0.0,0.0,0.0,0.0,0.0,0.0,0.0,0.0,0.0,0.0,0.0,0.0,0.0,0.0,-2.08,2.99,113.7,1.0,35.8,65.882,35.0,1555.0
1779273086201007563,2026-05-20 16:01:26.200,0X0000,1,1,1,1,1.0,1.0,1.0,0.9,-423.2,-68.9,320.8,-56.9,0.0,0.0,0.0,0.0,0.0,0.0,0.0,0.0,-0.993,-0.016,-0.0615,0.001,425.4,-899.6,-8.5,1.0,0.0,0.0,0.0,0.0,0.0,0.0,0.0,0.0,-2.51,3.02,114.3,0.9,35.7,65.882,35.0,1555.0
1779273086566975452,+2026-05-20 16:01:26.566,0X0000,1,1,1,1,1.0,1.0,1.0,0.9,-488.2,-61.1,308.3,-36.8,0.0,0.0,0.0,0.0,0.0,0.0,0.0,0.0,-1.063,-0.0324,-0.07490000000000001,0.001,469.6,-957.1,-11.7,1.0,0.0,0.0,0.0,0.0,0.0,0.0,0.0,0.0,-2.45,3.33,114.3,0.9,35.7,65.882,35.0,1555.0
1779273086933113489,92026-05-20 16:01:26.932,0X0000,1,1,1,1,1.0,1.0,0.9,0.9,-408.0,-107.1,318.2,-30.6,0.0,0.0,0.0,0.0,0.0,0.0,0.0,0.0,-0.9692000000000001,-0.1021,-0.061399999999999996,0.001,502.7,-837.2,-6.0,1.0,0.0,0.0,0.0,0.0,0.0,0.0,0.0,0.0,-2.41,3.02,114.9,0.9,35.7,65.882,35.0,1555.0
1779273087297160507,)2026-05-20 16:01:27.296,0X0000,1,1,1,1,1.0,1.0,0.9,0.9,-440.9,-38.2,274.1,-74.9,0.0,0.0,0.0,0.0,0.0,0.0,0.0,0.0,-0.9542999999999999,0.049,-0.0755,0.001,361.9,-887.3,-22.8,1.0,0.0,0.0,0.0,0.0,0.0,0.0,0.0,0.0,-2.44,3.29,115.0,0.9,35.8,65.882,35.0,1555.0
1779273087661241562,*2026-05-20 16:01:27.660,0X0000,1,1,1,1,0.9,1.0,0.9,0.9,-356.6,-49.2,340.5,-30.9,0.0,0.0,0.0,0.0,0.0,0.0,0.0,0.0,-0.9304,-0.024399999999999998,-0.026,0.001,422.5,-829.3,26.8,1.0,0.0,0.0,0.0,0.0,0.0,0.0,0.0,0.0,-2.5,3.19,115.5,0.9,35.7,65.882,35.0,1555.0
1779273088025466580,82026-05-20 16:01:28.024,0X0000,1,1,1,1,0.9,0.9,0.9,0.9,-448.8,-71.9,340.5,-45.5,0.0,0.0,0.0,0.0,0.0,0.0,0.0,0.0,-1.0534000000000001,-0.0352,-0.060899999999999996,0.001,490.3,-934.9,-4.8,1.0,0.0,0.0,0.0,0.0,0.0,0.0,0.0,0.0,-2.09,2.98,115.7,0.9,35.7,65.882,35.0,1555.0
1779273088391890191,+2026-05-20 16:01:28.391,0X0000,1,1,1,1,0.9,1.0,0.9,0.9,-432.5,-70.1,322.0,-55.4,0.0,0.0,0.0,0.0,0.0,0.0,0.0,0.0,-1.007,-0.019600000000000003,-0.0637,0.001,458.2,-899.2,-10.1,1.0,0.0,0.0,0.0,0.0,0.0,0.0,0.0,0.0,-2.51,3.0,115.8,0.9,35.8,65.882,35.0,1555.0
1779273088755921728,2026-05-20 16:01:28.755,0X0000,1,1,1,1,0.9,0.9,0.9,0.9,-434.6,-49.6,318.6,-43.8,0.0,0.0,0.0,0.0,0.0,0.0,0.0,0.0,-1.0052,-0.0077,-0.0565,0.001,447.7,-901.9,-2.9,1.0,0.0,0.0,0.0,0.0,0.0,0.0,0.0,0.0,-2.22,3.04,115.9,0.9,35.7,65.882,35.0,1555.0
1779273089118018432,)2026-05-20 16:01:29.117,0X0000,1,1,1,1,0.8,0.9,0.9,0.8,-464.1,-4.3,323.1,-59.9,0.0,0.0,0.0,0.0,0.0,0.0,0.0,0.0,-1.0506,0.0742,-0.055299999999999995,0.001,390.4,-979.8,4.5,1.0,0.0,0.0,0.0,0.0,0.0,0.0,0.0,0.0,-2.54,3.44,115.7,0.8,35.7,65.882,35.0,1555.0
1779273089482204968,2026-05-20 16:01:29.480,0X0000,1,1,1,1,0.7,0.9,0.9,0.7,-427.4,-70.1,310.7,-55.0,0.0,0.0,0.0,0.0,0.0,0.0,0.0,0.0,-0.9851,-0.0202,-0.06520000000000001,0.001,456.7,-875.3,-14.9,1.0,0.0,0.0,0.0,0.0,0.0,0.0,0.0,0.0,-2.26,2.88,116.3,0.7,35.7,65.882,35.0,1555.0
1779273089818779246,2026-05-20 16:01:29.818,0X0000,1,1,1,1,0.7,0.9,0.8,0.7,-537.9,-39.0,343.1,-107.5,0.0,0.0,0.0,0.0,0.0,0.0,0.0,0.0,0.0,0.0,0.0,0.0,0.0,0.0,0.0,0.0,0.0,0.0,0.0,0.0,0.0,0.0,0.0,0.0,-2.2,3.02,116.3,0.7,35.7,65.882,35.0,1555.0
1779273090182089413,+2026-05-20 16:01:30.181,0X0000,1,1,1,1,0.8,0.8,0.6,0.8,-450.3,-59.9,344.4,-40.4,0.0,0.0,0.0,0.0,0.0,0.0,0.0,0.0,-1.0606,-0.026,-0.055600000000000004,0.001,496.4,-939.3,-1.7,1.0,0.0,0.0,0.0,0.0,0.0,0.0,0.0,0.0,-2.06,2.86,116.4,0.6,35.8,65.882,35.0,1555.0
1779273090543634801,2026-05-20 16:01:30.543,0X0000,1,1,1,1,0.8,0.8,0.6,0.8,-418.9,-55.9,329.1,-67.6,0.0,0.0,0.0,0.0,0.0,0.0,0.0,0.0,-0.9983,0.0156,-0.0575,0.001,431.7,-902.1,-3.6,1.0,0.0,0.0,0.0,0.0,0.0,0.0,0.0,0.0,-2.28,3.13,116.4,0.6,35.7,65.882,35.0,1555.0
1779273090907587542,2026-05-20 16:01:30.907,0X0000,1,1,1,1,0.9,0.8,0.8,0.8,-423.6,-59.8,334.5,-43.3,0.0,0.0,0.0,0.0,0.0,0.0,0.0,0.0,-1.0118,-0.022,-0.0518,0.001,471.0,-897.2,6.2,1.0,0.0,0.0,0.0,0.0,0.0,0.0,0.0,0.0,-2.49,3.23,116.4,0.8,35.7,65.882,35.0,1555.0
1779273091274106004,2026-05-20 16:01:31.273,0X0000,1,1,1,1,0.9,0.9,0.8,0.8,-469.7,-107.9,348.5,-49.8,0.0,0.0,0.0,0.0,0.0,0.0,0.0,0.0,-1.092,-0.0775,-0.0752,0.001,562.6,-942.0,-13.6,1.0,0.0,0.0,0.0,0.0,0.0,0.0,0.0,0.0,-2.53,3.05,116.7,0.8,35.7,65.882,35.0,1555.0
1779273091638128208,72026-05-20 16:01:31.637,0X0000,1,1,1,1,0.9,0.8,0.8,0.8,-454.2,-54.7,349.7,-37.9,0.0,0.0,0.0,0.0,0.0,0.0,0.0,0.0,-1.0729000000000002,-0.0224,-0.053200000000000004,0.001,501.7,-950.1,5.2,1.0,0.0,0.0,0.0,0.0,0.0,0.0,0.0,0.0,-2.28,3.07,116.6,0.8,35.8,65.882,35.0,1555.0
1779273092000268930,62026-05-20 16:01:31.999,0X0000,1,1,1,1,0.9,0.9,0.8,0.8,-448.5,-51.8,347.9,-58.8,0.0,0.0,0.0,0.0,0.0,0.0,0.0,0.0,-1.0629000000000002,0.009300000000000001,-0.057,0.001,470.9,-954.7,-2.9,1.0,0.0,0.0,0.0,0.0,0.0,0.0,0.0,0.0,-2.22,2.94,116.7,0.8,35.7,65.882,35.0,1555.0
1779273092368386708,-2026-05-20 16:01:32.367,0X0000,1,1,1,1,0.9,0.9,0.8,0.8,-445.7,-15.5,306.9,-215.1,0.0,0.0,0.0,0.0,0.0,0.0,0.0,0.0,-1.0044,0.26639999999999997,-0.0997,0.001,215.9,-1019.8,-56.7,1.0,0.0,0.0,0.0,0.0,0.0,0.0,0.0,0.0,-2.15,3.02,116.6,0.8,35.7,65.882,35.0,1555.0
1779273092734593337,2026-05-20 16:01:32.734,0X0000,1,1,1,1,0.9,0.9,0.8,0.8,-449.9,-132.6,449.1,-86.1,0.0,0.0,0.0,0.0,0.0,0.0,0.0,0.0,-1.1998,-0.0621,-0.0592,0.001,596.1,-1044.7,4.3,1.0,0.0,0.0,0.0,0.0,0.0,0.0,0.0,0.0,-2.42,2.91,116.7,0.8,35.7,65.882,35.0,1555.0
1779273093071550077,2026-05-20 16:01:33.070,0X0000,1,1,1,1,0.9,0.9,0.9,0.9,-390.3,-54.7,344.7,-66.1,0.0,0.0,0.0,0.0,0.0,0.0,0.0,0.0,0.0,0.0,0.0,0.0,0.0,0.0,0.0,0.0,0.0,0.0,0.0,0.0,0.0,0.0,0.0,0.0,-2.25,2.96,116.6,0.9,35.7,65.882,35.0,1555.0
1779273093434872188,2026-05-20 16:01:33.434,0X0000,1,1,1,1,0.9,0.9,0.9,0.9,-451.5,51.3,358.3,-45.7,0.0,0.0,0.0,0.0,0.0,0.0,0.0,0.0,-1.0808,0.1295,-0.0237,0.001,368.0,-1024.4,26.4,1.0,0.0,0.0,0.0,0.0,0.0,0.0,0.0,0.0,-2.4,2.95,116.6,0.9,35.7,65.882,35.0,1555.0
1779273093801045725,)2026-05-20 16:01:33.800,0X0000,1,1,1,1,0.9,0.9,0.8,0.9,-466.8,-55.1,332.6,-44.2,0.0,0.0,0.0,0.0,0.0,0.0,0.0,0.0,-1.0669000000000002,-0.0145,-0.063,0.001,494.3,-947.6,-12.2,1.0,0.0,0.0,0.0,0.0,0.0,0.0,0.0,0.0,-2.01,2.7,116.7,0.8,35.8,65.882,35.0,1555.0
1779273094166768595,2026-05-20 16:01:34.166,0X0000,1,1,1,1,0.9,0.9,0.8,0.8,-458.5,-95.5,301.6,-37.4,0.0,0.0,0.0,0.0,0.0,0.0,0.0,0.0,-1.0145,-0.0775,-0.0782,0.001,524.9,-874.9,-18.5,1.0,0.0,0.0,0.0,0.0,0.0,0.0,0.0,0.0,-2.33,3.19,116.5,0.8,35.8,65.882,35.0,1555.0
1779273094532948910,2026-05-20 16:01:34.532,0X0000,1,1,1,1,0.9,0.9,0.9,0.8,-436.4,-50.2,315.4,-158.2,0.0,0.0,0.0,0.0,0.0,0.0,0.0,0.0,-1.0034,0.1441,-0.0889,0.001,324.2,-963.7,-40.0,1.0,0.0,0.0,0.0,0.0,0.0,0.0,0.0,0.0,-2.32,3.12,116.6,0.8,35.7,65.882,35.0,1555.0
1779273094895873150,+2026-05-20 16:01:34.895,0X0000,1,1,1,1,0.9,0.9,0.8,0.8,-530.9,-38.8,253.0,-43.8,0.0,0.0,0.0,0.0,0.0,0.0,0.0,0.0,-1.0462,0.0067,-0.09720000000000001,0.001,468.1,-939.9,-39.9,1.0,0.0,0.0,0.0,0.0,0.0,0.0,0.0,0.0,-2.22,3.15,116.7,0.8,35.7,65.882,35.0,1555.0
1779273095260038095,2026-05-20 16:01:35.259,0X0000,1,1,1,1,0.9,0.9,0.9,0.8,-459.8,-67.8,349.0,-52.9,0.0,0.0,0.0,0.0,0.0,0.0,0.0,0.0,-1.0795,-0.019899999999999998,-0.0625,0.001,511.6,-952.8,-7.7,1.0,0.0,0.0,0.0,0.0,0.0,0.0,0.0,0.0,-2.47,2.86,117.1,0.8,35.7,65.882,35.0,1555.0
1779273095621014817,2026-05-20 16:01:35.620,0X0000,1,1,1,1,0.9,0.9,0.8,0.8,-457.2,-25.6,347.8,-48.3,0.0,0.0,0.0,0.0,0.0,0.0,0.0,0.0,-1.0744,0.0303,-0.0495,0.001,460.4,-972.5,6.6,1.0,0.0,0.0,0.0,0.0,0.0,0.0,0.0,0.0,-2.37,3.06,116.9,0.8,35.7,65.882,35.0,1555.0
1779273095985069372,2026-05-20 16:01:35.984,0X0000,1,1,1,1,0.8,0.9,0.8,0.8,-440.2,-50.6,349.7,-75.1,0.0,0.0,0.0,0.0,0.0,0.0,0.0,0.0,-1.0542,0.0327,-0.0583,0.001,449.7,-955.8,-8.0,1.0,0.0,0.0,0.0,0.0,0.0,0.0,0.0,0.0,-2.22,2.8,116.9,0.8,35.7,65.882,35.0,1555.0
1779273096351380409,2026-05-20 16:01:36.350,0X0000,1,1,1,1,0.8,0.8,0.8,0.8,-493.8,-66.4,358.1,-57.1,0.0,0.0,0.0,0.0,0.0,0.0,0.0,0.0,-1.137,-0.0124,-0.0699,0.001,524.3,-1011.3,-5.5,1.0,0.0,0.0,0.0,0.0,0.0,0.0,0.0,0.0,-2.43,3.22,116.7,0.8,35.7,65.882,35.0,1555.0
1779273096714570427,2026-05-20 16:01:36.714,0X0000,1,1,1,1,0.8,0.8,0.8,0.8,-443.5,-48.6,335.1,-41.7,0.0,0.0,0.0,0.0,0.0,0.0,0.0,0.0,-1.0391,-0.0092,-0.0536,0.001,479.9,-923.2,-1.7,1.0,0.0,0.0,0.0,0.0,0.0,0.0,0.0,0.0,-2.44,2.84,116.9,0.8,35.7,65.882,35.0,1555.0
1779273097078405297,72026-05-20 16:01:37.077,0X0000,1,1,1,1,0.8,0.8,0.8,0.8,-437.6,-85.7,351.3,-32.9,0.0,0.0,0.0,0.0,0.0,0.0,0.0,0.0,-1.0529000000000002,-0.0705,-0.055299999999999995,0.001,535.9,-910.7,2.9,1.0,0.0,0.0,0.0,0.0,0.0,0.0,0.0,0.0,-2.25,3.02,116.6,0.8,35.7,65.882,35.0,1555.0
1779273097442424927,2026-05-20 16:01:37.441,0X0000,1,1,1,1,0.8,0.8,0.8,0.8,-522.6,-59.9,309.9,-59.4,0.0,0.0,0.0,0.0,0.0,0.0,0.0,0.0,-1.1111,-0.0007,-0.0895,0.001,503.4,-994.2,-27.3,1.0,0.0,0.0,0.0,0.0,0.0,0.0,0.0,0.0,-2.32,3.2,116.7,0.8,35.8,65.882,35.0,1555.0
1779273097806720408,2026-05-20 16:01:37.806,0X0000,1,1,1,1,0.8,0.8,0.8,0.8,-400.4,-22.7,325.3,-30.5,0.0,0.0,0.0,0.0,0.0,0.0,0.0,0.0,-0.9685,0.0104,-0.0346,0.001,440.2,-862.5,-40.9,1.0,0.0,0.0,0.0,0.0,0.0,0.0,0.0,0.0,-1.42,-0.36,117.6,0.8,35.7,65.882,35.0,1555.0
1779273098142640260,2026-05-20 16:01:38.142,0X0000,1,1,1,1,0.8,0.8,0.8,0.8,-260.7,-1.3,306.6,13.4,0.0,0.0,0.0,0.0,0.0,0.0,0.0,0.0,0.0,0.0,0.0,0.0,0.0,0.0,0.0,0.0,0.0,0.0,0.0,0.0,0.0,0.0,0.0,0.0,-0.29,-5.08,117.6,0.8,35.7,65.882,35.0,1555.0
1779273098502312519,2026-05-20 16:01:38.501,0X0000,1,1,1,1,0.8,0.8,0.8,0.8,-211.1,9.8,207.1,21.0,0.0,0.0,0.0,0.0,0.0,0.0,0.0,0.0,-0.5581,-0.0149,0.0072,0.001,239.7,-503.6,-27.7,1.0,0.0,0.0,0.0,0.0,0.0,0.0,0.0,0.0,-1.73,-3.63,113.9,0.8,35.7,65.882,35.0,1555.0
1779273098838184778,2026-05-20 16:01:38.837,0X0000,1,1,1,1,0.8,0.8,0.8,0.8,-151.9,-21.4,123.2,-7.1,0.0,0.0,0.0,0.0,0.0,0.0,0.0,0.0,0.0,0.0,0.0,0.0,0.0,0.0,0.0,0.0,0.0,0.0,0.0,0.0,0.0,0.0,0.0,0.0,-1.64,-1.85,110.0,0.8,35.7,65.882,35.0,1555.0
1779273099198690352,*2026-05-20 16:01:39.198,0X0000,1,1,1,1,0.8,0.8,0.8,0.8,-73.7,-15.2,51.9,-6.3,0.0,0.0,0.0,0.0,0.0,0.0,0.0,0.0,-0.1676,-0.0119,-0.011699999999999999,0.001,59.3,-156.7,-17.3,1.0,0.0,0.0,0.0,0.0,0.0,0.0,0.0,0.0,-2.01,-2.06,106.5,0.8,35.7,65.882,35.0,1555.0
1779273099553503481,$2026-05-20 16:01:39.552,0X0000,1,1,1,1,0.8,0.8,0.8,0.8,-14.5,-0.8,39.8,32.4,0.0,0.0,0.0,0.0,0.0,0.0,0.0,0.0,-0.0725,-0.0443,0.015300000000000001,0.001,54.4,-65.0,16.6,1.0,0.0,0.0,0.0,0.0,0.0,0.0,0.0,0.0,-2.2,-0.27,98.9,0.8,35.7,65.882,35.0,1555.0
1779273099922891129,2026-05-20 16:01:39.922,0X0000,1,1,1,0,0.8,0.8,0.8,0.0,-21.1,-45.7,-10.5,0.0,0.0,0.0,0.0,876.0,0.0,0.0,0.0,1.0,-0.0141,-0.0798,-0.017,0.001,81.0,-10.7,-13.5,1.0,0.0,0.0,0.0,0.0,0.0,0.0,0.0,0.0,-2.46,0.43,92.5,0.8,35.7,65.882,35.0,1555.0
1779273100284286406,2026-05-20 16:01:40.283,0X0000,1,1,1,0,0.8,0.8,0.8,0.0,20.1,-7.3,3.3,0.0,0.0,0.0,0.0,433.0,0.0,0.0,0.0,1.0,0.0224,-0.0507,0.0126,0.001,52.1,17.6,14.5,1.0,0.0,0.0,0.0,0.0,0.0,0.0,0.0,0.0,-2.75,1.27,84.3,0.8,35.7,65.882,35.0,1555.0
1779273100634673647,2026-05-20 16:01:40.634,0X0000,1,1,1,1,0.8,0.8,0.8,0.8,5.5,-39.5,-19.0,17.8,0.0,0.0,0.0,0.0,0.0,0.0,0.0,0.0,0.0327,-0.0765,-0.0095,0.001,82.1,15.3,-6.8,1.0,0.0,0.0,0.0,0.0,0.0,0.0,0.0,0.0,-2.44,1.01,77.6,0.8,35.7,65.882,35.0,1555.0
1779273101003738739,'2026-05-20 16:01:41.003,0X0000,1,1,1,0,0.8,0.8,0.8,0.0,16.2,-40.3,-35.1,0.0,0.0,0.0,0.0,-294.0,0.0,0.0,0.0,1.0,0.0685,-0.0823,-0.010199999999999999,0.001,100.3,38.0,-7.6,1.0,0.0,0.0,0.0,0.0,0.0,0.0,0.0,0.0,-2.75,1.18,71.2,0.8,35.7,65.882,35.0,1555.0
1779273101360752628,2026-05-20 16:01:41.360,0X0000,1,1,1,1,0.8,0.8,0.8,0.8,19.2,-41.6,-28.4,36.6,0.0,0.0,0.0,0.0,0.0,0.0,0.0,0.0,0.0635,-0.1044,-0.0039,0.001,121.5,12.9,-0.8,1.0,0.0,0.0,0.0,0.0,0.0,0.0,0.0,0.0,-2.57,1.41,64.8,0.8,35.7,65.882,35.0,1555.0
1779273101732833239,2026-05-20 16:01:41.732,0X0000,0,1,1,1,0.8,0.8,0.8,0.8,0.0,-40.9,-27.0,38.3,-717.0,0.0,0.0,0.0,1.0,0.0,0.0,0.0,0.0686,-0.1057,-0.0014,0.001,126.0,3.0,2.0,1.0,0.0,0.0,0.0,0.0,0.0,0.0,0.0,0.0,-2.95,1.68,58.4,0.8,35.7,65.882,35.0,1555.0
1779273102087454517,2026-05-20 16:01:42.086,0X0000,1,1,1,1,0.8,0.8,0.8,0.8,26.2,-42.7,-38.7,36.8,0.0,0.0,0.0,0.0,0.0,0.0,0.0,0.0,0.0866,-0.1061,-0.005,0.001,137.0,5.1,-3.2,1.0,0.0,0.0,0.0,0.0,0.0,0.0,0.0,0.0,-2.27,1.57,53.0,0.8,35.7,65.882,35.0,1555.0
1779273102458938609,#2026-05-20 16:01:42.458,0X0000,0,1,1,1,0.8,0.8,0.8,0.8,0.0,-40.3,-36.0,38.4,-482.0,0.0,0.0,0.0,1.0,0.0,0.0,0.0,0.09359999999999999,-0.105,-0.001,0.001,140.6,-2.2,0.8,1.0,0.0,0.0,0.0,0.0,0.0,0.0,0.0,0.0,-2.39,1.57,47.4,0.8,35.7,65.882,35.0,1555.0
1779273102830249183,12026-05-20 16:01:42.829,0X0000,0,1,1,1,0.8,0.8,0.8,0.8,0.0,-33.7,-42.4,33.3,680.0,0.0,0.0,0.0,1.0,0.0,0.0,0.0,0.11259999999999999,-0.08940000000000001,-0.0002,0.001,143.5,8.9,-0.3,1.0,0.0,0.0,0.0,0.0,0.0,0.0,0.0,0.0,-2.01,1.63,42.0,0.8,35.7,65.882,35.0,1555.0
1779273103203949497,$2026-05-20 16:01:43.203,0X0000,0,1,1,1,0.8,0.8,0.8,0.8,0.0,-38.4,-41.8,29.7,-269.0,0.0,0.0,0.0,1.0,0.0,0.0,0.0,0.1,-0.09090000000000001,-0.0047,0.001,134.6,-12.2,-5.3,1.0,0.0,0.0,0.0,0.0,0.0,0.0,0.0,0.0,-2.31,2.44,37.2,0.8,35.7,65.882,35.0,1555.0
1779273103559131330,2026-05-20 16:01:43.558,0X0000,1,1,1,1,0.8,0.8,0.8,0.8,-14.8,-39.3,4.4,17.4,0.0,0.0,0.0,0.0,0.0,0.0,0.0,0.0,-0.0256,-0.0757,-0.0087,0.001,20.2,-77.7,-2.6,1.0,0.0,0.0,0.0,0.0,0.0,0.0,0.0,0.0,-2.25,6.85,33.7,0.8,35.6,65.882,35.0,1555.0
1779273103895072349,2026-05-20 16:01:43.894,0X0000,1,1,1,1,0.8,0.8,0.8,0.8,-159.6,-54.6,84.5,-2.7,0.0,0.0,0.0,0.0,0.0,0.0,0.0,0.0,0.0,0.0,0.0,0.0,0.0,0.0,0.0,0.0,0.0,0.0,0.0,0.0,0.0,0.0,0.0,0.0,-2.15,9.56,33.5,0.8,35.6,65.882,35.0,1555.0
1779273104256422774,'2026-05-20 16:01:44.255,0X0000,1,1,1,1,0.8,0.8,0.8,0.8,19.4,-68.6,155.5,-13.1,0.0,0.0,0.0,0.0,0.0,0.0,0.0,0.0,-0.18159999999999998,-0.0741,0.0251,0.001,-109.5,-155.8,53.3,1.0,0.0,0.0,0.0,0.0,0.0,0.0,0.0,0.0,-1.77,8.3,32.4,0.8,35.7,65.882,35.0,1555.0
1779273104604009737,2026-05-20 16:01:44.603,0X0000,1,0,1,1,0.8,0.0,0.8,0.8,-299.6,0.0,249.9,-60.0,0.0,-191.0,0.0,0.0,0.0,1.0,0.0,0.0,0.0,0.0,0.0,0.0,0.0,0.0,0.0,0.0,0.0,0.0,0.0,0.0,0.0,0.0,0.0,0.0,-1.8,6.95,31.3,0.8,35.7,65.882,35.0,1555.0
1779273104969305737,2026-05-20 16:01:44.968,0X0000,1,1,1,1,0.8,0.8,0.8,0.8,-416.7,-101.2,251.8,-32.1,0.0,0.0,0.0,0.0,0.0,0.0,0.0,0.0,-0.8922,-0.0922,-0.0804,0.001,-720.3,-540.4,-8.1,1.0,0.0,0.0,0.0,0.0,0.0,0.0,0.0,0.0,-2.05,4.42,30.9,0.8,35.7,65.882,35.0,1555.0
1779273105342757737,2026-05-20 16:01:45.342,0X0000,1,0,1,1,0.8,0.0,0.8,0.8,-396.6,0.0,331.5,-1.4,0.0,19.0,0.0,0.0,0.0,1.0,0.0,0.0,-0.9717,-0.0831,-0.0351,0.001,-796.3,-563.8,17.6,1.0,0.0,0.0,0.0,0.0,0.0,0.0,0.0,0.0,-2.12,2.93,30.4,0.8,35.6,65.882,35.0,1555.0
1779273105708920403,2026-05-20 16:01:45.708,0X0000,1,1,1,1,0.8,0.8,0.8,0.8,-402.4,-58.2,310.5,-47.6,0.0,0.0,0.0,0.0,0.0,0.0,0.0,0.0,-0.9515,-0.0141,-0.053399999999999996,0.001,-811.8,-499.3,-8.4,1.0,0.0,0.0,0.0,0.0,0.0,0.0,0.0,0.0,-1.53,2.69,30.7,0.8,35.6,65.882,35.0,1555.0
1779273106070393736,)2026-05-20 16:01:46.069,0X0000,1,1,1,1,0.8,0.8,0.8,0.8,-200.6,-51.5,414.8,-24.9,0.0,0.0,0.0,0.0,0.0,0.0,0.0,0.0,-0.8212999999999999,-0.0355,0.0371,0.001,-697.1,-429.6,81.4,1.0,0.0,0.0,0.0,0.0,0.0,0.0,0.0,0.0,-1.93,3.02,29.3,0.8,35.6,65.882,35.0,1555.0
1779273106434115607,2026-05-20 16:01:46.433,0X0000,1,1,1,1,0.8,0.8,0.8,0.8,-415.0,-80.9,294.4,-16.3,0.0,0.0,0.0,0.0,0.0,0.0,0.0,0.0,-0.9468,-0.0862,-0.0587,0.001,-782.7,-542.8,-11.9,1.0,0.0,0.0,0.0,0.0,0.0,0.0,0.0,0.0,-1.57,2.69,29.5,0.8,35.6,65.882,35.0,1555.0
1779273106797732180,2026-05-20 16:01:46.797,0X0000,1,1,1,1,0.8,0.8,0.8,0.8,-415.4,-92.5,323.4,-39.8,0.0,0.0,0.0,0.0,0.0,0.0,0.0,0.0,-0.986,-0.0703,-0.0605,0.001,-834.8,-532.7,-7.5,1.0,0.0,0.0,0.0,0.0,0.0,0.0,0.0,0.0,-2.35,2.91,28.4,0.8,35.6,65.882,35.0,1555.0
1779273107157383625,72026-05-20 16:01:47.156,0X0000,1,1,1,1,0.8,0.8,0.8,0.8,-396.9,-59.1,321.4,-63.5,0.0,0.0,0.0,0.0,0.0,0.0,0.0,0.0,-0.9587,0.005900000000000001,-0.053399999999999996,0.001,-843.1,-459.5,1.6,1.0,0.0,0.0,0.0,0.0,0.0,0.0,0.0,0.0,-1.96,3.3,28.9,0.8,35.6,65.882,35.0,1555.0
1779273107520994402,2026-05-20 16:01:47.520,0X0000,1,1,1,1,0.8,0.8,0.8,0.8,-439.7,-64.7,336.8,-24.4,0.0,0.0,0.0,0.0,0.0,0.0,0.0,0.0,-1.0363,-0.0538,-0.0518,0.001,-882.8,-547.9,2.0,1.0,0.0,0.0,0.0,0.0,0.0,0.0,0.0,0.0,-2.58,2.84,28.8,0.8,35.6,65.882,35.0,1555.0
1779273107885059717,2026-05-20 16:01:47.884,0X0000,1,1,1,1,0.8,0.8,0.8,0.8,-460.8,-41.0,307.8,-54.4,0.0,0.0,0.0,0.0,0.0,0.0,0.0,0.0,-1.0258,0.0179,-0.067,0.001,-908.8,-480.8,-10.9,1.0,0.0,0.0,0.0,0.0,0.0,0.0,0.0,0.0,-2.23,3.17,28.8,0.8,35.6,65.882,35.0,1555.0
1779273108248557161,+2026-05-20 16:01:48.248,0X0000,1,1,1,1,0.8,0.8,0.8,0.8,-428.4,-43.0,290.0,-58.6,0.0,0.0,0.0,0.0,0.0,0.0,0.0,0.0,-0.9588,0.0208,-0.06470000000000001,0.001,-846.6,-454.9,-15.7,1.0,0.0,0.0,0.0,0.0,0.0,0.0,0.0,0.0,-2.42,2.98,29.4,0.8,35.6,65.882,35.0,1555.0
1779273108610473068,)2026-05-20 16:01:48.609,0X0000,1,1,1,1,0.8,0.8,0.7,0.7,-440.4,-24.4,348.9,-25.3,0.0,0.0,0.0,0.0,0.0,0.0,0.0,0.0,-1.0534000000000001,0.0012,-0.0381,0.001,-922.3,-510.3,12.1,1.0,0.0,0.0,0.0,0.0,0.0,0.0,0.0,0.0,-2.09,2.74,29.0,0.7,35.6,65.882,35.0,1555.0
1779273108974887457,*2026-05-20 16:01:48.974,0X0000,1,1,1,1,0.8,0.8,0.7,0.7,-468.1,-55.9,301.6,-56.4,0.0,0.0,0.0,0.0,0.0,0.0,0.0,0.0,-1.0272999999999999,0.0007,-0.0752,0.001,-894.9,-509.8,-20.1,1.0,0.0,0.0,0.0,0.0,0.0,0.0,0.0,0.0,-2.36,3.07,29.6,0.7,35.6,65.882,35.0,1555.0
1779273109311433290,2026-05-20 16:01:49.310,0X0000,1,1,1,1,0.8,0.8,0.7,0.7,-375.1,-53.8,717.7,-68.7,0.0,0.0,0.0,0.0,0.0,0.0,0.0,0.0,0.0,0.0,0.0,0.0,0.0,0.0,0.0,0.0,0.0,0.0,0.0,0.0,0.0,0.0,0.0,0.0,-2.39,2.96,29.3,0.7,35.6,65.882,35.0,1555.0
1779273109674190586,2026-05-20 16:01:49.673,0X0000,1,1,1,1,0.8,0.8,0.7,0.7,-393.3,-29.3,469.9,-48.6,0.0,0.0,0.0,0.0,0.0,0.0,0.0,0.0,-1.1521,0.0258,-0.0004,0.001,-1013.8,-545.0,56.4,1.0,0.0,0.0,0.0,0.0,0.0,0.0,0.0,0.0,-2.02,2.88,29.6,0.7,35.6,65.882,35.0,1555.0
1779273110035875808,+2026-05-20 16:01:50.035,0X0000,1,1,1,1,0.8,0.8,0.7,0.7,-417.5,-43.1,307.0,-51.1,0.0,0.0,0.0,0.0,0.0,0.0,0.0,0.0,-0.9669,0.0107,-0.055200000000000006,0.001,-845.2,-473.0,-3.0,1.0,0.0,0.0,0.0,0.0,0.0,0.0,0.0,0.0,-2.32,3.12,29.8,0.7,35.6,65.882,35.0,1555.0
1779273110399757437,2026-05-20 16:01:50.399,0X0000,1,1,1,1,0.8,0.8,0.7,0.7,-434.3,-49.9,333.4,-6.0,0.0,0.0,0.0,0.0,0.0,0.0,0.0,0.0,-1.0246,-0.0586,-0.0423,0.001,-860.5,-560.9,11.3,1.0,0.0,0.0,0.0,0.0,0.0,0.0,0.0,0.0,-2.15,2.88,29.8,0.7,35.6,65.882,35.0,1555.0
1779273110735912271,2026-05-20 16:01:50.735,0X0000,1,1,1,1,0.8,0.7,0.7,0.7,-456.1,-62.2,553.0,-61.5,0.0,0.0,0.0,0.0,0.0,0.0,0.0,0.0,0.0,0.0,0.0,0.0,0.0,0.0,0.0,0.0,0.0,0.0,0.0,0.0,0.0,0.0,0.0,0.0,-2.44,3.05,29.7,0.7,35.6,65.882,35.0,1555.0
1779273111099933715,2026-05-20 16:01:51.099,0X0000,1,1,1,1,0.8,0.8,0.7,0.7,-488.5,-42.5,315.0,-57.3,0.0,0.0,0.0,0.0,0.0,0.0,0.0,0.0,-1.0724,0.0198,-0.0737,0.001,-940.7,-520.2,-19.3,1.0,0.0,0.0,0.0,0.0,0.0,0.0,0.0,0.0,-2.46,2.95,29.9,0.7,35.6,65.882,35.0,1555.0
1779273111461650029,2026-05-20 16:01:51.460,0X0000,1,1,1,1,0.8,0.7,0.7,0.7,-421.0,-61.2,316.5,-39.8,0.0,0.0,0.0,0.0,0.0,0.0,0.0,0.0,-0.9843,-0.0286,-0.0555,0.001,-842.4,-512.8,2.9,1.0,0.0,0.0,0.0,0.0,0.0,0.0,0.0,0.0,-2.77,3.32,29.6,0.7,35.6,65.882,35.0,1555.0
1779273111825586733,2026-05-20 16:01:51.824,0X0000,1,1,1,1,0.8,0.7,0.7,0.7,-452.9,-56.9,328.1,-39.8,0.0,0.0,0.0,0.0,0.0,0.0,0.0,0.0,-1.0424,-0.0228,-0.0597,0.001,-887.4,-550.7,-4.6,1.0,0.0,0.0,0.0,0.0,0.0,0.0,0.0,0.0,-2.29,2.98,30.5,0.7,35.6,65.882,35.0,1555.0
1779273112191385085,2026-05-20 16:01:52.190,0X0000,1,1,1,1,0.7,0.7,0.7,0.7,-469.9,-77.8,333.3,-58.6,0.0,0.0,0.0,0.0,0.0,0.0,0.0,0.0,-1.072,-0.0256,-0.0737,0.001,-912.7,-567.3,-15.3,1.0,0.0,0.0,0.0,0.0,0.0,0.0,0.0,0.0,-2.54,3.06,30.4,0.7,35.6,65.882,35.0,1555.0
1779273112557553103,*2026-05-20 16:01:52.556,0X0000,1,1,1,1,0.7,0.7,0.7,0.7,-458.3,-75.2,314.4,-142.0,0.0,0.0,0.0,0.0,0.0,0.0,0.0,0.0,-1.0312999999999999,0.0892,-0.0974,0.001,-934.3,-454.5,-41.4,1.0,0.0,0.0,0.0,0.0,0.0,0.0,0.0,0.0,-2.6,3.33,30.7,0.7,35.6,65.882,35.0,1555.0
1779273112920836140,+2026-05-20 16:01:52.920,0X0000,1,1,1,1,0.7,0.8,0.7,0.7,-416.6,-35.9,338.2,-61.0,0.0,0.0,0.0,0.0,0.0,0.0,0.0,0.0,-1.0074,0.0335,-0.047299999999999995,0.001,-876.0,-500.7,-2.8,1.0,0.0,0.0,0.0,0.0,0.0,0.0,0.0,0.0,-2.27,2.61,31.6,0.7,35.5,65.882,35.0,1555.0
1779273113282936917,2026-05-20 16:01:53.282,0X0000,1,1,1,1,0.7,0.7,0.7,0.7,-382.1,-59.1,325.6,-81.8,0.0,0.0,0.0,0.0,0.0,0.0,0.0,0.0,-0.9445,0.0303,-0.0533,0.001,-821.1,-470.8,-1.9,1.0,0.0,0.0,0.0,0.0,0.0,0.0,0.0,0.0,-2.29,3.19,31.6,0.7,35.5,65.882,35.0,1555.0
1779273113646367028,2026-05-20 16:01:53.645,0X0000,1,1,1,1,0.7,0.7,0.7,0.7,-407.4,-53.5,375.9,-8.3,0.0,0.0,0.0,0.0,0.0,0.0,0.0,0.0,-1.0454,-0.0603,-0.0252,0.001,-857.6,-600.3,33.2,1.0,0.0,0.0,0.0,0.0,0.0,0.0,0.0,0.0,-2.34,3.07,31.7,0.7,35.6,65.882,35.0,1555.0
1779273114011165158,+2026-05-20 16:01:54.010,0X0000,1,1,1,1,0.7,0.7,0.7,0.7,-464.8,-78.3,316.1,-50.6,0.0,0.0,0.0,0.0,0.0,0.0,0.0,0.0,-1.0422,-0.037,-0.07490000000000001,0.001,-866.4,-584.9,-17.8,1.0,0.0,0.0,0.0,0.0,0.0,0.0,0.0,0.0,-2.23,3.06,31.9,0.7,35.5,65.882,35.0,1555.0
1779273114374752305,+2026-05-20 16:01:54.374,0X0000,1,1,1,1,0.7,0.7,0.7,0.7,-431.6,-84.0,338.6,-67.8,0.0,0.0,0.0,0.0,0.0,0.0,0.0,0.0,-1.0279,-0.0216,-0.06609999999999999,0.001,-863.2,-562.4,-5.1,1.0,0.0,0.0,0.0,0.0,0.0,0.0,0.0,0.0,-2.38,3.35,31.8,0.7,35.5,65.882,35.0,1555.0
1779273114736355731,2026-05-20 16:01:54.735,0X0000,1,1,1,1,0.7,0.7,0.7,0.7,-489.3,-37.9,323.3,3.4,0.0,0.0,0.0,0.0,0.0,0.0,0.0,0.0,-1.0845,-0.0551,-0.0541,0.001,-891.1,-622.9,7.5,1.0,0.0,0.0,0.0,0.0,0.0,0.0,0.0,0.0,-2.41,3.13,32.0,0.7,35.5,65.882,35.0,1555.0
1779273115100441175,*2026-05-20 16:01:55.099,0X0000,1,1,1,1,0.7,0.7,0.7,0.7,-427.2,-55.5,363.7,-31.2,0.0,0.0,0.0,0.0,0.0,0.0,0.0,0.0,-1.0555999999999999,-0.0324,-0.0405,0.001,-875.3,-592.1,17.6,1.0,0.0,0.0,0.0,0.0,0.0,0.0,0.0,0.0,-2.18,3.09,32.3,0.7,35.5,65.882,35.0,1555.0
1779273115464101990,2026-05-20 16:01:55.463,0X0000,1,1,1,1,0.7,0.7,0.7,0.7,-405.5,-84.2,408.4,-53.4,0.0,0.0,0.0,0.0,0.0,0.0,0.0,0.0,-1.0863,-0.041100000000000005,-0.0363,0.001,-897.5,-614.1,21.3,1.0,0.0,0.0,0.0,0.0,0.0,0.0,0.0,0.0,-2.39,2.95,32.2,0.7,35.5,65.882,35.0,1555.0
1779273115823430897,*2026-05-20 16:01:55.822,0X0000,1,1,1,1,0.7,0.7,0.7,0.7,-420.0,-41.7,315.5,-46.1,0.0,0.0,0.0,0.0,0.0,0.0,0.0,0.0,-0.9816,0.005900000000000001,-0.0519,0.001,-834.4,-519.6,5.3,1.0,0.0,0.0,0.0,0.0,0.0,0.0,0.0,0.0,-2.37,3.35,32.2,0.7,35.5,65.882,35.0,1555.0
1779273116187226971,2026-05-20 16:01:56.186,0X0000,1,1,1,1,0.7,0.7,0.7,0.7,-430.8,-65.5,348.6,-77.9,0.0,0.0,0.0,0.0,0.0,0.0,0.0,0.0,-1.0402,0.0165,-0.0608,0.001,-888.9,-543.9,-3.6,1.0,0.0,0.0,0.0,0.0,0.0,0.0,0.0,0.0,-2.41,3.19,32.3,0.7,35.5,65.882,35.0,1555.0
1779273116551036563,*2026-05-20 16:01:56.550,0X0000,1,1,1,1,0.7,0.7,0.7,0.7,-427.5,-50.5,386.0,84.1,0.0,0.0,0.0,0.0,0.0,0.0,0.0,0.0,-1.0857,-0.17959999999999998,-0.0022,0.001,-818.8,-733.2,54.4,1.0,0.0,0.0,0.0,0.0,0.0,0.0,0.0,0.0,-2.44,2.59,32.5,0.7,35.5,65.882,35.0,1555.0
1779273116912057971,2026-05-20 16:01:56.911,0X0000,1,1,1,1,0.7,0.7,0.7,0.7,-383.5,132.0,318.3,-25.1,0.0,0.0,0.0,0.0,0.0,0.0,0.0,0.0,-0.9366,0.2097,0.0112,0.001,-903.3,-319.2,58.5,1.0,0.0,0.0,0.0,0.0,0.0,0.0,0.0,0.0,-2.34,3.43,32.2,0.7,35.5,65.882,35.0,1555.0
1779273117276087396,92026-05-20 16:01:57.275,0X0000,1,1,1,1,0.7,0.7,0.7,0.7,-433.1,-58.0,336.1,-83.2,0.0,0.0,0.0,0.0,0.0,0.0,0.0,0.0,-1.0266,0.033600000000000005,-0.06420000000000001,0.001,-885.6,-524.0,-11.0,1.0,0.0,0.0,0.0,0.0,0.0,0.0,0.0,0.0,-2.42,3.05,32.4,0.7,35.5,65.882,35.0,1555.0
1779273117638784248,(2026-05-20 16:01:57.638,0X0000,1,1,1,1,0.7,0.7,0.7,0.7,-467.1,-49.4,328.0,-61.1,0.0,0.0,0.0,0.0,0.0,0.0,0.0,0.0,-1.0612000000000001,0.0156,-0.0673,0.001,-904.4,-559.4,-8.4,1.0,0.0,0.0,0.0,0.0,0.0,0.0,0.0,0.0,-2.3,3.21,32.5,0.7,35.5,65.882,35.0,1555.0
1779273118002327877,2026-05-20 16:01:58.001,0X0000,1,1,1,1,0.7,0.7,0.7,0.7,-437.4,-92.1,257.8,-68.3,0.0,0.0,0.0,0.0,0.0,0.0,0.0,0.0,-0.9278,-0.0318,-0.0917,0.001,-765.8,-530.9,-43.1,1.0,0.0,0.0,0.0,0.0,0.0,0.0,0.0,0.0,-2.44,2.91,32.6,0.7,35.5,65.882,35.0,1555.0
1779273118365671488,*2026-05-20 16:01:58.365,0X0000,1,1,1,1,0.7,0.7,0.7,0.7,-442.1,-48.6,281.3,-64.2,0.0,0.0,0.0,0.0,0.0,0.0,0.0,0.0,-0.9655,0.0208,-0.07379999999999999,0.001,-825.1,-506.8,-18.9,1.0,0.0,0.0,0.0,0.0,0.0,0.0,0.0,0.0,-2.06,3.3,32.7,0.7,35.5,65.882,35.0,1555.0
1779273118729275025,+2026-05-20 16:01:58.728,0X0000,1,1,1,1,0.7,0.7,0.7,0.7,-427.7,-67.4,308.4,-45.0,0.0,0.0,0.0,0.0,0.0,0.0,0.0,0.0,-0.9823999999999999,-0.0299,-0.0625,0.001,-811.3,-558.1,-10.7,1.0,0.0,0.0,0.0,0.0,0.0,0.0,0.0,0.0,-2.41,2.95,32.7,0.7,35.5,65.882,35.0,1555.0
1779273119092455043,+2026-05-20 16:01:59.091,0X0000,1,1,1,1,0.7,0.7,0.7,0.7,-450.0,-59.4,338.0,-35.0,0.0,0.0,0.0,0.0,0.0,0.0,0.0,0.0,-1.0517,-0.032600000000000004,-0.0557,0.001,-868.1,-597.0,12.1,1.0,0.0,0.0,0.0,0.0,0.0,0.0,0.0,0.0,-2.4,3.62,32.7,0.7,35.5,65.882,35.0,1555.0
1779273119455882580,(2026-05-20 16:01:59.455,0X0000,1,1,1,1,0.7,0.7,0.7,0.7,-491.9,-57.9,359.5,-2.9,0.0,0.0,0.0,0.0,0.0,0.0,0.0,0.0,-1.1362999999999999,-0.0734,-0.0521,0.001,-909.9,-686.4,11.0,1.0,0.0,0.0,0.0,0.0,0.0,0.0,0.0,0.0,-2.1,3.05,33.3,0.7,35.4,65.882,35.0,1555.0
1779273119819090969,2026-05-20 16:01:59.818,0X0000,1,1,1,1,0.7,0.7,0.7,0.7,-472.6,-29.1,311.3,-71.2,0.0,0.0,0.0,0.0,0.0,0.0,0.0,0.0,-1.0462,0.0562,-0.0706,0.001,-904.3,-533.3,-20.6,1.0,0.0,0.0,0.0,0.0,0.0,0.0,0.0,0.0,-2.29,2.86,33.5,0.7,35.4,65.882,35.0,1555.0
1779273120180138413,2026-05-20 16:02:00.179,0X0000,1,1,1,1,0.7,0.7,0.7,0.7,-428.6,-76.2,344.3,-77.7,0.0,0.0,0.0,0.0,0.0,0.0,0.0,0.0,-1.0315,0.002,-0.0643,0.001,-864.1,-566.9,-6.7,1.0,0.0,0.0,0.0,0.0,0.0,0.0,0.0,0.0,-2.56,3.2,33.3,0.7,35.4,65.882,35.0,1555.0
1779273120543568654,2026-05-20 16:02:00.543,0X0000,1,1,1,1,0.7,0.7,0.7,0.7,-440.6,-48.5,340.3,-97.4,0.0,0.0,0.0,0.0,0.0,0.0,0.0,0.0,-1.0422,0.0653,-0.0664,0.001,-904.3,-526.4,-11.8,1.0,0.0,0.0,0.0,0.0,0.0,0.0,0.0,0.0,-2.27,3.14,33.7,0.7,35.4,65.882,35.0,1555.0
1779273120902629283,'2026-05-20 16:02:00.901,0X0000,1,1,1,1,0.7,0.7,0.7,0.7,-451.9,-42.4,333.7,-42.4,0.0,0.0,0.0,0.0,0.0,0.0,0.0,0.0,-1.0485,0.0,-0.054700000000000006,0.001,-871.0,-586.5,5.1,1.0,0.0,0.0,0.0,0.0,0.0,0.0,0.0,0.0,-2.46,3.27,33.9,0.7,35.4,65.882,35.0,1555.0
1779273121235801727,2026-05-20 16:02:01.235,0X0000,1,1,1,1,0.7,0.7,0.7,0.7,-361.8,39.0,272.6,-34.2,0.0,0.0,0.0,0.0,0.0,0.0,0.0,0.0,0.0,0.0,0.0,0.0,0.0,0.0,0.0,0.0,0.0,0.0,0.0,0.0,0.0,0.0,0.0,0.0,-2.89,0.48,35.0,0.7,35.4,65.882,35.0,1555.0
1779273121596971505,62026-05-20 16:02:01.596,0X0000,1,1,1,1,0.7,0.7,0.7,0.7,-321.4,19.6,357.9,56.1,0.0,0.0,0.0,0.0,0.0,0.0,0.0,0.0,-0.9066000000000001,-0.0487,0.030199999999999998,0.001,-702.9,-575.1,17.3,1.0,0.0,0.0,0.0,0.0,0.0,0.0,0.0,0.0,-3.13,-0.98,36.3,0.7,35.4,65.882,35.0,1555.0
1779273121930389042,2026-05-20 16:02:01.929,0X0000,1,1,1,1,0.7,0.7,0.7,0.7,-202.7,22.1,256.3,51.4,0.0,0.0,0.0,0.0,0.0,0.0,0.0,0.0,0.0,0.0,0.0,0.0,0.0,0.0,0.0,0.0,0.0,0.0,0.0,0.0,0.0,0.0,0.0,0.0,-2.74,-4.26,41.0,0.7,35.4,65.882,35.0,1555.0
1779273122287297986,'2026-05-20 16:02:02.286,0X0000,1,1,1,1,0.7,0.7,0.7,0.7,-208.9,6.6,314.1,9.9,0.0,0.0,0.0,0.0,0.0,0.0,0.0,0.0,-0.698,-0.0044,0.032799999999999996,0.001,-497.5,-490.7,-0.3,1.0,0.0,0.0,0.0,0.0,0.0,0.0,0.0,0.0,-2.41,-2.73,44.3,0.7,35.4,65.882,35.0,1555.0
1779273122620304912,2026-05-20 16:02:02.619,0X0000,1,1,1,1,0.7,0.7,0.7,0.7,-126.2,-3.6,73.5,-16.2,0.0,0.0,0.0,0.0,0.0,0.0,0.0,0.0,0.0,0.0,0.0,0.0,0.0,0.0,0.0,0.0,0.0,0.0,0.0,0.0,0.0,0.0,0.0,0.0,-1.78,-1.78,49.6,0.7,35.4,65.882,35.0,1555.0
1779273122978785986,)2026-05-20 16:02:02.978,0X0000,1,1,1,1,0.7,0.7,0.7,0.7,-105.0,-5.4,103.4,-17.6,0.0,0.0,0.0,0.0,0.0,0.0,0.0,0.0,-0.2781,0.016300000000000002,-0.0067,0.001,-180.6,-212.1,-6.8,1.0,0.0,0.0,0.0,0.0,0.0,0.0,0.0,0.0,-1.8,0.09,52.9,0.7,35.4,65.882,35.0,1555.0
1779273123339466171,42026-05-20 16:02:03.338,0X0000,1,1,1,1,0.7,0.7,0.7,0.7,-72.2,-30.1,49.3,-21.3,0.0,0.0,0.0,0.0,0.0,0.0,0.0,0.0,-0.16219999999999998,-0.011699999999999999,-0.02,0.001,-72.9,-145.9,-16.1,1.0,0.0,0.0,0.0,0.0,0.0,0.0,0.0,0.0,-2.39,1.2,59.1,0.7,35.4,65.882,35.0,1555.0
1779273123694716633,%2026-05-20 16:02:03.694,0X0000,1,1,1,1,0.7,0.7,0.7,0.6,-53.7,27.9,87.8,-8.5,0.0,0.0,0.0,0.0,0.0,0.0,0.0,0.0,-0.1889,0.048600000000000004,0.0144,0.001,-122.4,-151.6,16.0,1.0,0.0,0.0,0.0,0.0,0.0,0.0,0.0,0.0,-2.33,1.1,65.7,0.6,35.4,65.882,35.0,1555.0
1779273124048995985,2026-05-20 16:02:04.048,0X0000,1,1,1,1,0.7,0.7,0.7,0.7,-61.2,29.0,55.7,-13.6,0.0,0.0,0.0,0.0,0.0,0.0,0.0,0.0,-0.156,0.0569,0.0026,0.001,-100.5,-132.1,3.8,1.0,0.0,0.0,0.0,0.0,0.0,0.0,0.0,0.0,-2.19,1.26,72.8,0.7,35.4,65.882,35.0,1555.0
1779273124405582855,2026-05-20 16:02:04.404,0X0000,1,1,1,1,0.7,0.7,0.7,0.6,-65.2,27.8,46.4,-37.9,0.0,0.0,0.0,0.0,0.0,0.0,0.0,0.0,-0.1489,0.0877,-0.0078,0.001,-111.4,-132.2,-7.0,1.0,0.0,0.0,0.0,0.0,0.0,0.0,0.0,0.0,-1.61,1.27,80.3,0.6,35.4,65.882,35.0,1555.0
1779273124757843744,#2026-05-20 16:02:04.757,0X0000,1,1,1,1,0.7,0.7,0.7,0.7,-19.6,33.8,35.5,-36.2,0.0,0.0,0.0,0.0,0.0,0.0,0.0,0.0,-0.0735,0.09340000000000001,0.0036,0.001,-96.5,-69.5,0.5,1.0,0.0,0.0,0.0,0.0,0.0,0.0,0.0,0.0,-2.83,1.15,87.6,0.7,35.4,65.882,35.0,1555.0
1779273125113493169,%2026-05-20 16:02:05.112,0X0000,1,1,1,1,0.7,0.7,0.7,0.7,-37.1,28.3,27.6,-42.2,0.0,0.0,0.0,0.0,0.0,0.0,0.0,0.0,-0.0864,0.09409999999999999,-0.0063,0.001,-85.7,-94.6,-8.6,1.0,0.0,0.0,0.0,0.0,0.0,0.0,0.0,0.0,-2.49,1.16,95.1,0.7,35.4,65.882,35.0,1555.0
1779273125468109114,2026-05-20 16:02:05.467,0X0000,1,1,1,1,0.7,0.7,0.7,0.6,-12.7,37.3,31.3,-31.3,0.0,0.0,0.0,0.0,0.0,0.0,0.0,0.0,-0.0587,0.0916,0.0066,0.001,-77.7,-76.3,5.1,1.0,0.0,0.0,0.0,0.0,0.0,0.0,0.0,0.0,-1.85,1.44,101.9,0.6,35.4,65.882,35.0,1555.0
1779273125829065132,'2026-05-20 16:02:05.828,0X0000,1,1,1,1,0.7,0.7,0.7,0.6,-20.4,102.4,24.0,-39.0,0.0,0.0,0.0,0.0,0.0,0.0,0.0,0.0,-0.0593,0.18869999999999998,0.018,0.001,-159.9,-117.4,10.7,1.0,0.0,0.0,0.0,0.0,0.0,0.0,0.0,0.0,-2.62,1.29,109.0,0.6,35.3,65.882,35.0,1555.0
1779273126183721817,2026-05-20 16:02:06.183,0X0000,1,1,1,1,0.7,0.7,0.7,0.6,-11.3,38.8,19.9,-30.9,0.0,0.0,0.0,0.0,0.0,0.0,0.0,0.0,-0.0416,0.093,0.0044,0.001,-65.9,-77.8,1.7,1.0,0.0,0.0,0.0,0.0,0.0,0.0,0.0,0.0,-2.3,1.47,115.7,0.6,35.3,65.882,35.0,1555.0
1779273126538611724,$2026-05-20 16:02:06.537,0X0000,1,1,1,1,0.7,0.7,0.7,0.6,-3.6,37.9,19.0,-27.9,0.0,0.0,0.0,0.0,0.0,0.0,0.0,0.0,-0.030199999999999998,0.0878,0.0068,0.001,-58.0,-72.7,3.4,1.0,0.0,0.0,0.0,0.0,0.0,0.0,0.0,0.0,-2.65,1.22,122.5,0.6,35.3,65.882,35.0,1555.0
1779273126894825465,&2026-05-20 16:02:06.894,0X0000,1,1,1,1,0.7,0.7,0.7,0.7,-15.3,36.9,9.5,-36.0,0.0,0.0,0.0,0.0,0.0,0.0,0.0,0.0,-0.033100000000000004,0.0973,-0.0013,0.001,-57.1,-85.4,-3.8,1.0,0.0,0.0,0.0,0.0,0.0,0.0,0.0,0.0,-2.27,2.34,127.4,0.7,35.3,65.882,35.0,1555.0
1779273127253733409,&2026-05-20 16:02:07.253,0X0000,1,1,1,1,0.7,0.7,0.6,0.6,-87.5,17.8,64.0,-36.2,0.0,0.0,0.0,0.0,0.0,0.0,0.0,0.0,-0.2022,0.0721,-0.011300000000000001,0.001,71.6,-202.5,10.1,1.0,0.0,0.0,0.0,0.0,0.0,0.0,0.0,0.0,-2.32,6.9,129.1,0.6,35.3,65.882,35.0,1555.0
1779273127630997057,)2026-05-20 16:02:07.630,0X0000,0,1,1,1,0.7,0.7,0.6,0.6,0.0,-0.8,120.0,-53.5,-816.0,0.0,0.0,0.0,1.0,0.0,0.0,0.0,-0.39280000000000004,0.0703,-0.0293,0.001,199.4,-345.8,26.2,1.0,0.0,0.0,0.0,0.0,0.0,0.0,0.0,0.0,-2.81,8.59,130.1,0.6,35.3,65.882,35.0,1555.0
1779273127968409946,2026-05-20 16:02:07.967,0X0000,1,1,1,1,0.7,0.7,0.6,0.6,-299.7,-37.0,182.9,-78.2,0.0,0.0,0.0,0.0,0.0,0.0,0.0,0.0,0.0,0.0,0.0,0.0,0.0,0.0,0.0,0.0,0.0,0.0,0.0,0.0,0.0,0.0,0.0,0.0,-2.86,7.92,131.5,0.6,35.3,65.882,35.0,1555.0
1779273128331696649,*2026-05-20 16:02:08.331,0X0000,1,1,1,1,0.7,0.7,0.6,0.6,-393.8,-47.5,263.1,-76.1,0.0,0.0,0.0,0.0,0.0,0.0,0.0,0.0,-0.8767,0.038200000000000005,-0.0686,0.001,575.6,-665.2,29.3,1.0,0.0,0.0,0.0,0.0,0.0,0.0,0.0,0.0,-2.67,6.5,133.3,0.6,35.3,65.882,35.0,1555.0
1779273128696372056,)2026-05-20 16:02:08.695,0X0000,1,1,1,1,0.7,0.7,0.6,0.6,-425.4,-14.1,293.2,-89.1,0.0,0.0,0.0,0.0,0.0,0.0,0.0,0.0,-0.9591000000000001,0.1001,-0.0635,0.001,602.1,-755.9,-3.8,1.0,0.0,0.0,0.0,0.0,0.0,0.0,0.0,0.0,-2.49,3.82,134.4,0.6,35.3,65.882,35.0,1555.0
1779273129057003056,2026-05-20 16:02:09.056,0X0000,1,1,1,1,0.6,0.7,0.6,0.6,-412.4,-68.4,347.5,-64.4,0.0,0.0,0.0,0.0,0.0,0.0,0.0,0.0,-1.0142,-0.0053,-0.0533,0.001,713.6,-722.6,4.0,1.0,0.0,0.0,0.0,0.0,0.0,0.0,0.0,0.0,-1.94,3.23,134.3,0.6,35.3,65.882,35.0,1555.0
1779273129419420945,2026-05-20 16:02:09.418,0X0000,1,1,1,1,0.6,0.6,0.6,0.6,-423.7,-47.2,329.4,-82.5,0.0,0.0,0.0,0.0,0.0,0.0,0.0,0.0,-1.0051,0.0471,-0.060399999999999995,0.001,674.6,-748.7,-17.9,1.0,0.0,0.0,0.0,0.0,0.0,0.0,0.0,0.0,-2.69,2.55,134.6,0.6,35.3,65.882,35.0,1555.0
1779273129780173074,2026-05-20 16:02:09.779,0X0000,1,1,1,1,0.6,0.6,0.6,0.6,-439.5,-7.8,366.9,-52.4,0.0,0.0,0.0,0.0,0.0,0.0,0.0,0.0,-1.0763,0.0595,-0.0359,0.001,691.2,-827.9,11.6,1.0,0.0,0.0,0.0,0.0,0.0,0.0,0.0,0.0,-1.59,2.62,133.0,0.6,35.3,65.882,35.0,1555.0
1779273130143113241,2026-05-20 16:02:10.142,0X0000,1,1,1,1,0.6,0.6,0.6,0.6,-443.8,-65.1,352.3,-40.1,0.0,0.0,0.0,0.0,0.0,0.0,0.0,0.0,-1.0625,-0.0334,-0.053,0.001,741.4,-763.7,-1.3,1.0,0.0,0.0,0.0,0.0,0.0,0.0,0.0,0.0,-2.19,2.72,132.3,0.6,35.3,65.882,35.0,1555.0
1779273130505699629,(2026-05-20 16:02:10.505,0X0000,1,1,1,1,0.7,0.6,0.6,0.6,-418.2,-22.9,342.5,-12.7,0.0,0.0,0.0,0.0,0.0,0.0,0.0,0.0,-1.0152999999999999,-0.0136,-0.03,0.001,668.6,-764.5,17.6,1.0,0.0,0.0,0.0,0.0,0.0,0.0,0.0,0.0,-1.69,2.67,130.4,0.6,35.3,65.882,35.0,1555.0
1779273130838117629,2026-05-20 16:02:10.837,0X0000,1,1,1,1,0.7,0.6,0.6,0.6,33.4,-53.6,229.6,-69.7,0.0,0.0,0.0,0.0,0.0,0.0,0.0,0.0,0.0,0.0,0.0,0.0,0.0,0.0,0.0,0.0,0.0,0.0,0.0,0.0,0.0,0.0,0.0,0.0,-1.69,2.8,129.0,0.6,35.3,65.882,35.0,1555.0
1779273131199418647,*2026-05-20 16:02:11.198,0X0000,1,1,1,1,0.6,0.6,0.6,0.6,-421.2,-44.5,354.8,-57.4,0.0,0.0,0.0,0.0,0.0,0.0,0.0,0.0,-1.0357,0.0172,-0.045399999999999996,0.001,626.7,-826.1,7.7,1.0,0.0,0.0,0.0,0.0,0.0,0.0,0.0,0.0,-2.34,2.98,128.1,0.6,35.3,65.882,35.0,1555.0
1779273131560071832,*2026-05-20 16:02:11.559,0X0000,1,1,1,1,0.6,0.6,0.6,0.6,-428.9,-66.6,344.2,-79.4,0.0,0.0,0.0,0.0,0.0,0.0,0.0,0.0,-1.0318,0.0171,-0.062200000000000005,0.001,600.3,-841.6,3.3,1.0,0.0,0.0,0.0,0.0,0.0,0.0,0.0,0.0,-1.85,3.67,126.4,0.6,35.2,65.882,35.0,1555.0
1779273131923061814,*2026-05-20 16:02:11.922,0X0000,1,1,1,1,0.6,0.6,0.6,0.6,-413.5,-65.2,381.6,-52.0,0.0,0.0,0.0,0.0,0.0,0.0,0.0,0.0,-1.0612000000000001,-0.0176,-0.0402,0.001,641.7,-846.2,11.1,1.0,0.0,0.0,0.0,0.0,0.0,0.0,0.0,0.0,-2.22,2.74,126.2,0.6,35.3,65.882,35.0,1555.0
1779273132257971221,2026-05-20 16:02:12.257,0X0000,1,1,1,1,0.6,0.6,0.6,0.6,-259.9,-44.0,286.0,-80.3,0.0,0.0,0.0,0.0,0.0,0.0,0.0,0.0,0.0,0.0,0.0,0.0,0.0,0.0,0.0,0.0,0.0,0.0,0.0,0.0,0.0,0.0,0.0,0.0,-1.95,3.37,124.7,0.6,35.2,65.882,35.0,1555.0
1779273132619393517,)2026-05-20 16:02:12.618,0X0000,1,1,1,1,0.6,0.6,0.6,0.6,-409.1,-41.3,395.5,-2.7,0.0,0.0,0.0,0.0,0.0,0.0,0.0,0.0,-1.0737999999999999,-0.0515,-0.0155,0.001,646.9,-857.8,41.4,1.0,0.0,0.0,0.0,0.0,0.0,0.0,0.0,0.0,-1.91,2.95,124.3,0.6,35.3,65.882,35.0,1555.0
1779273132982109813,2026-05-20 16:02:12.981,0X0000,1,1,1,1,0.6,0.6,0.6,0.6,-389.5,-65.5,316.0,-24.5,0.0,0.0,0.0,0.0,0.0,0.0,0.0,0.0,-0.9416,-0.054700000000000006,-0.0441,0.001,571.6,-751.5,10.4,1.0,0.0,0.0,0.0,0.0,0.0,0.0,0.0,0.0,-2.24,3.19,123.9,0.6,35.2,65.882,35.0,1555.0
1779273133344617350,2026-05-20 16:02:13.344,0X0000,1,1,1,1,0.6,0.6,0.6,0.6,-405.2,-80.5,342.2,-72.6,0.0,0.0,0.0,0.0,0.0,0.0,0.0,0.0,-0.9975,-0.0105,-0.0583,0.001,556.8,-829.8,-0.1,1.0,0.0,0.0,0.0,0.0,0.0,0.0,0.0,0.0,-2.12,3.32,123.2,0.6,35.2,65.882,35.0,1555.0
1779273133707515664,2026-05-20 16:02:13.706,0X0000,1,1,1,1,0.6,0.6,0.6,0.6,-437.5,128.3,307.6,-47.3,0.0,0.0,0.0,0.0,0.0,0.0,0.0,0.0,-0.9944,0.2344,-0.0132,0.001,349.5,-959.7,27.4,1.0,0.0,0.0,0.0,0.0,0.0,0.0,0.0,0.0,-1.94,2.8,123.3,0.6,35.2,65.882,35.0,1555.0
1779273134073912072,2026-05-20 16:02:14.073,0X0000,1,1,1,1,0.6,0.6,0.6,0.6,-536.2,-167.3,330.4,-56.1,0.0,0.0,0.0,0.0,0.0,0.0,0.0,0.0,-1.1565999999999999,-0.1484,-0.1158,0.001,762.9,-888.6,-39.0,1.0,0.0,0.0,0.0,0.0,0.0,0.0,0.0,0.0,-2.62,3.46,123.2,0.6,35.2,65.882,35.0,1555.0
1779273134408176423,2026-05-20 16:02:14.407,0X0000,1,1,1,1,0.6,0.6,0.6,0.6,-427.2,-55.8,290.1,-16.7,0.0,0.0,0.0,0.0,0.0,0.0,0.0,0.0,0.0,0.0,0.0,0.0,0.0,0.0,0.0,0.0,0.0,0.0,0.0,0.0,0.0,0.0,0.0,0.0,-2.07,2.72,123.4,0.6,35.2,65.882,35.0,1555.0
1779273134768531071,(2026-05-20 16:02:14.767,0X0000,1,1,1,1,0.6,0.6,0.6,0.6,-400.0,-84.8,323.3,-37.2,0.0,0.0,0.0,0.0,0.0,0.0,0.0,0.0,-0.9652999999999999,-0.0635,-0.0536,0.001,579.1,-776.7,6.2,1.0,0.0,0.0,0.0,0.0,0.0,0.0,0.0,0.0,-2.26,3.4,122.9,0.6,35.2,65.882,35.0,1555.0
1779273135128930756,(2026-05-20 16:02:15.128,0X0000,1,1,1,1,0.6,0.6,0.6,0.6,-362.4,-64.8,329.4,-50.3,0.0,0.0,0.0,0.0,0.0,0.0,0.0,0.0,-0.9233,-0.019399999999999997,-0.04,0.001,525.3,-760.5,6.8,1.0,0.0,0.0,0.0,0.0,0.0,0.0,0.0,0.0,-2.3,2.86,123.4,0.6,35.2,65.882,35.0,1555.0
1779273135488924071,+2026-05-20 16:02:15.488,0X0000,1,1,1,1,0.6,0.6,0.6,0.6,-423.9,-54.7,326.7,-48.0,0.0,0.0,0.0,0.0,0.0,0.0,0.0,0.0,-1.0018,-0.0089,-0.053899999999999997,0.001,560.4,-832.1,2.0,1.0,0.0,0.0,0.0,0.0,0.0,0.0,0.0,0.0,-2.29,3.18,123.4,0.6,35.2,65.882,35.0,1555.0
1779273135848818663,2026-05-20 16:02:15.848,0X0000,1,1,1,1,0.6,0.6,0.6,0.6,-401.0,-41.9,309.3,-33.6,0.0,0.0,0.0,0.0,0.0,0.0,0.0,0.0,-0.948,-0.0111,-0.0451,0.001,537.9,-782.0,1.8,1.0,0.0,0.0,0.0,0.0,0.0,0.0,0.0,0.0,-2.44,2.81,123.8,0.6,35.2,65.882,35.0,1555.0
1779273136211619218,)2026-05-20 16:02:16.210,0X0000,1,1,1,1,0.6,0.6,0.6,0.6,-444.8,-60.4,294.7,-86.6,0.0,0.0,0.0,0.0,0.0,0.0,0.0,0.0,-0.987,0.035,-0.08009999999999999,0.001,518.8,-843.7,-25.4,1.0,0.0,0.0,0.0,0.0,0.0,0.0,0.0,0.0,-2.19,3.25,123.5,0.6,35.2,65.882,35.0,1555.0
1779273136572582422,2026-05-20 16:02:16.572,0X0000,1,1,1,1,0.6,0.6,0.5,0.5,-429.9,-51.5,325.3,-34.3,0.0,0.0,0.0,0.0,0.0,0.0,0.0,0.0,-1.0079,-0.023,-0.0514,0.001,584.2,-823.2,1.7,1.0,0.0,0.0,0.0,0.0,0.0,0.0,0.0,0.0,-2.32,2.97,124.0,0.5,35.2,65.882,35.0,1555.0
1779273136932767588,2026-05-20 16:02:16.932,0X0000,1,1,1,1,0.6,0.6,0.5,0.5,-430.2,-58.2,350.3,-60.3,0.0,0.0,0.0,0.0,0.0,0.0,0.0,0.0,-1.0417,0.0028,-0.0535,0.001,583.3,-864.8,3.3,1.0,0.0,0.0,0.0,0.0,0.0,0.0,0.0,0.0,-2.34,3.13,124.1,0.5,35.2,65.882,35.0,1555.0
1779273137294755829,2026-05-20 16:02:17.294,0X0000,1,1,1,1,0.6,0.6,0.6,0.6,-547.5,-23.3,278.5,-67.3,0.0,0.0,0.0,0.0,0.0,0.0,0.0,0.0,-1.1024,0.0587,-0.097,0.001,577.2,-945.1,-39.3,1.0,0.0,0.0,0.0,0.0,0.0,0.0,0.0,0.0,-2.53,3.13,124.3,0.6,35.2,65.882,35.0,1555.0
1779273137629002551,2026-05-20 16:02:17.628,0X0000,1,1,1,1,0.5,0.6,0.5,0.5,-436.4,732.5,348.7,-23.6,0.0,0.0,0.0,0.0,0.0,0.0,0.0,0.0,0.0,0.0,0.0,0.0,0.0,0.0,0.0,0.0,0.0,0.0,0.0,0.0,0.0,0.0,0.0,0.0,-1.87,2.95,124.2,0.5,35.2,65.882,35.0,1555.0
1779273137990274106,*2026-05-20 16:02:17.989,0X0000,1,1,1,1,0.5,0.5,0.5,0.5,-404.1,-74.2,305.7,-57.6,0.0,0.0,0.0,0.0,0.0,0.0,0.0,0.0,-0.9472999999999999,-0.0222,-0.0621,0.001,550.3,-773.9,-2.8,1.0,0.0,0.0,0.0,0.0,0.0,0.0,0.0,0.0,-2.26,3.53,124.0,0.5,35.2,65.882,35.0,1555.0
1779273138356386106,2026-05-20 16:02:18.355,0X0000,1,1,1,1,0.5,0.5,0.5,0.5,-438.5,-181.7,317.4,-39.7,0.0,0.0,0.0,0.0,0.0,0.0,0.0,0.0,-1.0089,-0.1895,-0.09240000000000001,0.001,727.7,-729.5,-25.0,1.0,0.0,0.0,0.0,0.0,0.0,0.0,0.0,0.0,-2.24,3.4,124.2,0.5,35.2,65.882,35.0,1555.0
1779273138716222013,2026-05-20 16:02:18.715,0X0000,1,1,1,1,0.5,0.5,0.5,0.5,-413.3,-50.9,332.9,-93.2,0.0,0.0,0.0,0.0,0.0,0.0,0.0,0.0,-0.9959,0.0565,-0.0606,0.001,519.7,-853.5,-7.0,1.0,0.0,0.0,0.0,0.0,0.0,0.0,0.0,0.0,-2.43,3.22,124.5,0.5,35.2,65.882,35.0,1555.0
1779273139078475587,2026-05-20 16:02:19.077,0X0000,1,1,1,1,0.5,0.5,0.5,0.5,-467.1,155.4,352.8,-42.2,0.0,0.0,0.0,0.0,0.0,0.0,0.0,0.0,-1.0943,0.2637,-0.0003,0.001,398.9,-1051.2,56.2,1.0,0.0,0.0,0.0,0.0,0.0,0.0,0.0,0.0,-1.93,3.43,124.4,0.5,35.2,65.882,35.0,1555.0
1779273139439855383,92026-05-20 16:02:19.439,0X0000,1,1,1,1,0.5,0.6,0.5,0.5,-410.8,-61.4,301.9,-120.3,0.0,0.0,0.0,0.0,0.0,0.0,0.0,0.0,-0.9512,0.07859999999999999,-0.07840000000000001,0.001,478.8,-829.0,-24.6,1.0,0.0,0.0,0.0,0.0,0.0,0.0,0.0,0.0,-2.25,3.42,124.6,0.5,35.2,65.882,35.0,1555.0
1779273139799407346,2026-05-20 16:02:19.798,0X0000,1,1,1,1,0.5,0.5,0.5,0.5,-477.6,-59.6,335.8,6.6,0.0,0.0,0.0,0.0,0.0,0.0,0.0,0.0,-1.0856,-0.0884,-0.0526,0.001,694.9,-840.4,6.2,1.0,0.0,0.0,0.0,0.0,0.0,0.0,0.0,0.0,-2.08,2.94,124.9,0.5,35.2,65.882,35.0,1555.0
1779273140161223901,*2026-05-20 16:02:20.160,0X0000,1,1,1,1,0.5,0.5,0.5,0.5,-439.0,-79.6,265.3,-58.7,0.0,0.0,0.0,0.0,0.0,0.0,0.0,0.0,-0.94,-0.027899999999999998,-0.0842,0.001,564.5,-756.4,-27.1,1.0,0.0,0.0,0.0,0.0,0.0,0.0,0.0,0.0,-2.48,3.4,124.9,0.5,35.2,65.882,35.0,1555.0
1779273140523333049,+2026-05-20 16:02:20.522,0X0000,1,1,1,1,0.6,0.5,0.5,0.5,-435.7,-35.2,371.7,-49.3,0.0,0.0,0.0,0.0,0.0,0.0,0.0,0.0,-1.0776,0.0188,-0.040100000000000004,0.001,603.2,-893.8,20.0,1.0,0.0,0.0,0.0,0.0,0.0,0.0,0.0,0.0,-2.36,3.24,125.0,0.5,35.2,65.882,35.0,1555.0
1779273140885543493,*2026-05-20 16:02:20.884,0X0000,1,1,1,1,0.6,0.6,0.5,0.5,-428.5,-57.7,324.7,-39.7,0.0,0.0,0.0,0.0,0.0,0.0,0.0,0.0,-1.0052,-0.024,-0.054299999999999994,0.001,596.4,-811.4,1.7,1.0,0.0,0.0,0.0,0.0,0.0,0.0,0.0,0.0,-2.26,3.14,124.9,0.5,35.2,65.882,35.0,1555.0
1779273141245607789,2026-05-20 16:02:21.245,0X0000,1,1,1,1,0.6,0.6,0.6,0.6,-433.9,-44.8,307.4,-52.9,0.0,0.0,0.0,0.0,0.0,0.0,0.0,0.0,-0.9894,0.0108,-0.0605,0.001,562.2,-816.5,-2.2,1.0,0.0,0.0,0.0,0.0,0.0,0.0,0.0,0.0,-2.39,3.4,125.1,0.6,35.2,65.882,35.0,1555.0
1779273141608782993,2026-05-20 16:02:21.608,0X0000,1,1,1,1,0.6,0.6,0.6,0.6,-447.4,-69.5,202.6,-98.9,0.0,0.0,0.0,0.0,0.0,0.0,0.0,0.0,-0.8675,0.039200000000000006,-0.1114,0.001,477.4,-730.6,-67.9,1.0,0.0,0.0,0.0,0.0,0.0,0.0,0.0,0.0,-2.28,2.97,125.5,0.6,35.2,65.882,35.0,1555.0
1779273141971366419,-2026-05-20 16:02:21.970,0X0000,1,1,1,1,0.6,0.6,0.6,0.6,-430.5,-78.1,314.3,-74.3,0.0,0.0,0.0,0.0,0.0,0.0,0.0,0.0,-0.994,-0.0050999999999999995,-0.0725,0.001,579.9,-810.4,-17.8,1.0,0.0,0.0,0.0,0.0,0.0,0.0,0.0,0.0,-2.15,3.14,125.2,0.6,35.2,65.882,35.0,1555.0
1779273142331956956,)2026-05-20 16:02:22.331,0X0000,1,1,1,1,0.6,0.6,0.6,0.6,-392.5,-47.2,328.9,8.1,0.0,0.0,0.0,0.0,0.0,0.0,0.0,0.0,-0.9628,-0.07379999999999999,-0.0277,0.001,616.6,-743.2,24.8,1.0,0.0,0.0,0.0,0.0,0.0,0.0,0.0,0.0,-2.24,2.96,125.3,0.6,35.2,65.882,35.0,1555.0
1779273142692411696,)2026-05-20 16:02:22.691,0X0000,1,1,1,1,0.6,0.6,0.6,0.6,-451.3,-40.5,351.7,-54.8,0.0,0.0,0.0,0.0,0.0,0.0,0.0,0.0,-1.0717,0.019100000000000002,-0.0526,0.001,606.8,-885.1,2.8,1.0,0.0,0.0,0.0,0.0,0.0,0.0,0.0,0.0,-2.24,3.0,125.4,0.6,35.3,65.882,35.0,1555.0
1779273143055403140,2026-05-20 16:02:23.054,0X0000,1,1,1,1,0.6,0.6,0.6,0.6,-429.4,-78.8,325.1,-76.0,0.0,0.0,0.0,0.0,0.0,0.0,0.0,0.0,-1.007,-0.0037,-0.0699,0.001,584.6,-822.9,-9.8,1.0,0.0,0.0,0.0,0.0,0.0,0.0,0.0,0.0,-2.27,3.41,125.1,0.6,35.2,65.882,35.0,1555.0
1779273143420196418,2026-05-20 16:02:23.419,0X0000,1,1,1,1,0.6,0.6,0.6,0.6,-457.7,-59.6,332.2,-47.8,0.0,0.0,0.0,0.0,0.0,0.0,0.0,0.0,-1.0542,-0.0157,-0.0628,0.001,627.1,-849.7,-14.2,1.0,0.0,0.0,0.0,0.0,0.0,0.0,0.0,0.0,-2.11,2.61,125.5,0.6,35.3,65.882,35.0,1555.0
1779273143780835084,62026-05-20 16:02:23.780,0X0000,1,1,1,1,0.7,0.7,0.6,0.6,-435.5,-55.1,313.6,-68.3,0.0,0.0,0.0,0.0,0.0,0.0,0.0,0.0,-0.9997999999999999,0.0176,-0.06609999999999999,0.001,562.8,-829.1,-6.0,1.0,0.0,0.0,0.0,0.0,0.0,0.0,0.0,0.0,-2.24,3.48,125.1,0.6,35.2,65.882,35.0,1555.0
1779273144141608954,2026-05-20 16:02:24.141,0X0000,1,1,1,1,0.7,0.7,0.6,0.6,-419.4,-49.4,302.0,-22.2,0.0,0.0,0.0,0.0,0.0,0.0,0.0,0.0,-0.9628,-0.0363,-0.051,0.001,591.4,-762.3,4.5,1.0,0.0,0.0,0.0,0.0,0.0,0.0,0.0,0.0,-2.25,3.22,125.6,0.6,35.2,65.882,35.0,1555.0
1779273144477090139,2026-05-20 16:02:24.476,0X0000,1,1,1,1,0.7,0.7,0.6,0.6,-504.8,-78.7,386.2,-76.8,0.0,0.0,0.0,0.0,0.0,0.0,0.0,0.0,0.0,0.0,0.0,0.0,0.0,0.0,0.0,0.0,0.0,0.0,0.0,0.0,0.0,0.0,0.0,0.0,-3.66,3.85,127.9,0.6,35.2,65.882,35.0,1555.0
1779273144839580565,2026-05-20 16:02:24.839,0X0000,1,1,1,1,0.7,0.7,0.6,0.6,-433.8,-81.9,297.9,-56.9,0.0,0.0,0.0,0.0,0.0,0.0,0.0,0.0,-0.9766,-0.0334,-0.0741,0.001,684.7,-701.2,-1.5,1.0,0.0,0.0,0.0,0.0,0.0,0.0,0.0,0.0,-4.31,4.1,132.2,0.6,35.2,65.882,35.0,1555.0
1779273145200738417,+2026-05-20 16:02:25.200,0X0000,1,1,1,1,0.7,0.7,0.6,0.6,-433.1,-71.1,265.5,-74.8,0.0,0.0,0.0,0.0,0.0,0.0,0.0,0.0,-0.9324,0.004900000000000001,-0.0846,0.001,676.6,-646.4,-29.4,1.0,0.0,0.0,0.0,0.0,0.0,0.0,0.0,0.0,-3.46,3.4,136.4,0.6,35.2,65.882,35.0,1555.0
1779273145563805639,(2026-05-20 16:02:25.563,0X0000,1,1,1,1,0.7,0.7,0.6,0.6,-470.7,-79.6,330.9,-36.9,0.0,0.0,0.0,0.0,0.0,0.0,0.0,0.0,-1.0697999999999999,-0.057,-0.0691,0.001,871.4,-627.0,-3.8,1.0,0.0,0.0,0.0,0.0,0.0,0.0,0.0,0.0,-3.63,3.3,141.1,0.6,35.2,65.882,35.0,1555.0
1779273145927120861,2026-05-20 16:02:25.926,0X0000,1,1,1,1,0.7,0.7,0.6,0.6,-461.0,-39.5,354.2,-57.6,0.0,0.0,0.0,0.0,0.0,0.0,0.0,0.0,-1.088,0.0242,-0.055,0.001,883.9,-637.0,-3.7,1.0,0.0,0.0,0.0,0.0,0.0,0.0,0.0,0.0,-3.67,2.78,145.4,0.6,35.3,65.882,35.0,1555.0
1779273146289911138,2026-05-20 16:02:26.289,0X0000,1,1,1,1,0.7,0.7,0.6,0.6,-474.8,-43.5,304.2,-37.2,0.0,0.0,0.0,0.0,0.0,0.0,0.0,0.0,-1.0397,-0.008400000000000001,-0.0678,0.001,893.9,-535.2,-9.3,1.0,0.0,0.0,0.0,0.0,0.0,0.0,0.0,0.0,-3.47,3.19,148.5,0.6,35.2,65.882,35.0,1555.0
1779273146651188823,2026-05-20 16:02:26.650,0X0000,1,1,1,1,0.7,0.7,0.6,0.6,-469.2,-24.1,377.6,-86.6,0.0,0.0,0.0,0.0,0.0,0.0,0.0,0.0,-1.1302,0.0834,-0.0546,0.001,950.9,-618.8,7.8,1.0,0.0,0.0,0.0,0.0,0.0,0.0,0.0,0.0,-2.93,3.38,151.1,0.6,35.2,65.882,35.0,1555.0
1779273147016295397,2026-05-20 16:02:27.015,0X0000,1,1,1,1,0.7,0.7,0.6,0.6,-463.2,-59.4,376.1,23.6,0.0,0.0,0.0,0.0,0.0,0.0,0.0,0.0,-1.1202,-0.1108,-0.0332,0.001,1056.5,-389.5,19.9,1.0,0.0,0.0,0.0,0.0,0.0,0.0,0.0,0.0,-2.84,2.44,154.1,0.6,35.2,65.882,35.0,1555.0
1779273147379686860,2026-05-20 16:02:27.378,0X0000,1,1,1,1,0.7,0.7,0.7,0.6,-478.8,-64.9,323.5,-85.1,0.0,0.0,0.0,0.0,0.0,0.0,0.0,0.0,-1.0708,0.027,-0.0823,0.001,974.3,-452.0,-24.6,1.0,0.0,0.0,0.0,0.0,0.0,0.0,0.0,0.0,-3.07,3.16,156.4,0.6,35.3,65.882,35.0,1555.0
1779273147742918063,2026-05-20 16:02:27.742,0X0000,1,1,1,1,0.7,0.7,0.6,0.6,-436.4,-77.4,343.4,-43.0,0.0,0.0,0.0,0.0,0.0,0.0,0.0,0.0,-1.0407,-0.045899999999999996,-0.0576,0.001,984.0,-346.9,-3.8,1.0,0.0,0.0,0.0,0.0,0.0,0.0,0.0,0.0,-2.18,2.87,158.0,0.6,35.2,65.882,35.0,1555.0
1779273148110093359,2026-05-20 16:02:28.109,0X0000,1,1,1,1,0.7,0.7,0.6,0.6,-448.8,-132.6,363.8,-44.4,0.0,0.0,0.0,0.0,0.0,0.0,0.0,0.0,-1.0845,-0.1177,-0.0707,0.001,1065.1,-246.0,-4.0,1.0,0.0,0.0,0.0,0.0,0.0,0.0,0.0,0.0,-3.32,3.16,160.7,0.6,35.2,65.882,35.0,1555.0
1779273148475559933,+2026-05-20 16:02:28.474,0X0000,1,1,1,1,0.7,0.7,0.6,0.6,-428.0,-46.6,354.9,-140.6,0.0,0.0,0.0,0.0,0.0,0.0,0.0,0.0,-1.0449000000000002,0.1255,-0.0702,0.001,957.2,-442.6,-20.3,1.0,0.0,0.0,0.0,0.0,0.0,0.0,0.0,0.0,-2.89,3.08,161.9,0.6,35.2,65.882,35.0,1555.0
1779273148838688507,82026-05-20 16:02:28.838,0X0000,1,1,1,1,0.7,0.7,0.7,0.7,-331.1,-83.1,320.9,-44.4,0.0,0.0,0.0,0.0,0.0,0.0,0.0,0.0,-0.8702000000000001,-0.0517,-0.037200000000000004,0.001,847.3,-207.7,11.6,1.0,0.0,0.0,0.0,0.0,0.0,0.0,0.0,0.0,-2.35,3.08,162.8,0.7,35.2,65.882,35.0,1555.0
1779273149175530118,2026-05-20 16:02:29.174,0X0000,1,1,1,1,0.7,0.7,0.7,0.6,-422.3,-385.0,405.9,-36.0,0.0,0.0,0.0,0.0,0.0,0.0,0.0,0.0,0.0,0.0,0.0,0.0,0.0,0.0,0.0,0.0,0.0,0.0,0.0,0.0,0.0,0.0,0.0,0.0,-2.84,3.13,163.9,0.6,35.2,65.882,35.0,1555.0
1779273149538884488,:2026-05-20 16:02:29.538,0X0000,1,1,1,1,0.7,0.7,0.6,0.7,-431.5,-76.1,317.3,-54.8,0.0,0.0,0.0,0.0,0.0,0.0,0.0,0.0,-0.9994,-0.028399999999999998,-0.06609999999999999,0.001,972.2,-242.2,-13.0,1.0,0.0,0.0,0.0,0.0,0.0,0.0,0.0,0.0,-2.31,2.98,164.3,0.6,35.2,65.882,35.0,1555.0
1779273149904399655,*2026-05-20 16:02:29.903,0X0000,1,1,1,1,0.7,0.7,0.7,0.7,-419.4,-92.8,389.0,48.5,0.0,0.0,0.0,0.0,0.0,0.0,0.0,0.0,-1.0789000000000002,-0.1886,-0.0202,0.001,1089.6,-103.1,42.5,1.0,0.0,0.0,0.0,0.0,0.0,0.0,0.0,0.0,-2.32,2.93,164.7,0.7,35.2,65.882,35.0,1555.0
1779273150267798247,2026-05-20 16:02:30.267,0X0000,1,1,1,1,0.7,0.7,0.7,0.7,-468.8,-73.9,353.5,-27.5,0.0,0.0,0.0,0.0,0.0,0.0,0.0,0.0,-1.0975,-0.0619,-0.0585,0.001,1078.2,-221.7,5.4,1.0,0.0,0.0,0.0,0.0,0.0,0.0,0.0,0.0,-2.55,3.19,165.1,0.7,35.2,65.882,35.0,1555.0
1779273150631108617,+2026-05-20 16:02:30.630,0X0000,1,1,1,1,0.7,0.7,0.7,0.7,-433.6,-37.4,345.4,-77.5,0.0,0.0,0.0,0.0,0.0,0.0,0.0,0.0,-1.0397,0.0535,-0.054799999999999995,0.001,990.3,-325.5,-3.7,1.0,0.0,0.0,0.0,0.0,0.0,0.0,0.0,0.0,-1.95,2.92,164.7,0.7,35.2,65.882,35.0,1555.0
1779273150996627080,2026-05-20 16:02:30.996,0X0000,1,1,1,1,0.7,0.7,0.7,0.7,-422.5,-73.0,349.0,-23.9,0.0,0.0,0.0,0.0,0.0,0.0,0.0,0.0,-1.0297,-0.0655,-0.046,0.001,1012.2,-204.7,15.7,1.0,0.0,0.0,0.0,0.0,0.0,0.0,0.0,0.0,-2.13,3.3,164.9,0.7,35.2,65.882,35.0,1555.0
1779273151362321580,-2026-05-20 16:02:31.361,0X0000,1,1,1,1,0.7,0.7,0.7,0.7,-504.0,-63.0,305.0,-26.7,0.0,0.0,0.0,0.0,0.0,0.0,0.0,0.0,-1.0797,-0.0484,-0.07790000000000001,0.001,1059.2,-227.7,-18.4,1.0,0.0,0.0,0.0,0.0,0.0,0.0,0.0,0.0,-2.34,3.05,165.2,0.7,35.2,65.882,35.0,1555.0
1779273151725969765,F2026-05-20 16:02:31.725,0X0000,1,1,1,1,0.7,0.7,0.7,0.7,-466.2,-49.6,358.1,-13.8,0.0,0.0,0.0,0.0,0.0,0.0,0.0,0.0,-1.1000999999999999,-0.047799999999999995,-0.046299999999999994,0.001,1077.2,-232.5,7.9,1.0,0.0,0.0,0.0,0.0,0.0,0.0,0.0,0.0,-2.18,2.73,165.3,0.7,35.2,65.882,35.0,1555.0
1779273152089231320,2026-05-20 16:02:32.088,0X0000,1,1,1,1,0.7,0.7,0.7,0.7,-451.2,-74.2,365.2,-55.7,0.0,0.0,0.0,0.0,0.0,0.0,0.0,0.0,-1.0896,-0.0247,-0.0583,0.001,1061.1,-255.8,4.0,1.0,0.0,0.0,0.0,0.0,0.0,0.0,0.0,0.0,-2.2,3.23,165.1,0.7,35.2,65.882,35.0,1555.0
1779273152453015524,2026-05-20 16:02:32.452,0X0000,1,1,1,1,0.7,0.7,0.7,0.7,-423.4,-72.0,334.8,-90.5,0.0,0.0,0.0,0.0,0.0,0.0,0.0,0.0,-1.0119,0.0247,-0.0677,0.001,975.0,-279.6,-14.9,1.0,0.0,0.0,0.0,0.0,0.0,0.0,0.0,0.0,-2.45,3.05,165.3,0.7,35.2,65.882,35.0,1555.0
1779273152820601412,2026-05-20 16:02:32.820,0X0000,1,1,1,1,0.7,0.7,0.7,0.7,-434.8,-261.1,320.2,-71.2,0.0,0.0,0.0,0.0,0.0,0.0,0.0,0.0,-1.0077,-0.2534,-0.1205,0.001,1044.5,-10.2,-55.5,1.0,0.0,0.0,0.0,0.0,0.0,0.0,0.0,0.0,-2.39,3.09,165.2,0.7,35.2,65.882,35.0,1555.0
1779273153184488097,*2026-05-20 16:02:33.183,0X0000,1,1,1,1,0.7,0.7,0.7,0.7,-456.4,-23.6,348.2,-42.2,0.0,0.0,0.0,0.0,0.0,0.0,0.0,0.0,-1.0737999999999999,0.0248,-0.0469,0.001,1032.4,-299.8,11.3,1.0,0.0,0.0,0.0,0.0,0.0,0.0,0.0,0.0,-2.29,3.16,165.1,0.7,35.2,65.882,35.0,1555.0
1779273153550052615,*2026-05-20 16:02:33.549,0X0000,1,1,1,1,0.7,0.7,0.7,0.7,-467.4,-49.1,334.3,-62.9,0.0,0.0,0.0,0.0,0.0,0.0,0.0,0.0,-1.07,0.0184,-0.06609999999999999,0.001,1032.1,-290.2,-14.2,1.0,0.0,0.0,0.0,0.0,0.0,0.0,0.0,0.0,-2.29,2.82,165.2,0.7,35.2,65.882,35.0,1555.0
1779273153913916634,92026-05-20 16:02:33.913,0X0000,1,1,1,1,0.7,0.7,0.7,0.7,-457.6,-56.0,329.6,-64.8,0.0,0.0,0.0,0.0,0.0,0.0,0.0,0.0,-1.0506,0.011699999999999999,-0.06709999999999999,0.001,1014.2,-282.3,-6.9,1.0,0.0,0.0,0.0,0.0,0.0,0.0,0.0,0.0,-2.34,3.31,165.0,0.7,35.2,65.882,35.0,1555.0
1779273154277896911,*2026-05-20 16:02:34.277,0X0000,1,1,1,1,0.7,0.7,0.7,0.7,-444.2,-39.8,316.3,-75.7,0.0,0.0,0.0,0.0,0.0,0.0,0.0,0.0,-1.015,0.0479,-0.06570000000000001,0.001,969.4,-311.5,-13.4,1.0,0.0,0.0,0.0,0.0,0.0,0.0,0.0,0.0,-2.12,3.05,164.8,0.7,35.2,65.882,35.0,1555.0
1779273154641712559,2026-05-20 16:02:34.641,0X0000,1,1,1,1,0.7,0.7,0.7,0.7,-422.9,-67.4,343.6,-53.7,0.0,0.0,0.0,0.0,0.0,0.0,0.0,0.0,-1.023,-0.0183,-0.0541,0.001,993.6,-250.0,2.3,1.0,0.0,0.0,0.0,0.0,0.0,0.0,0.0,0.0,-2.25,3.12,164.8,0.7,35.2,65.882,35.0,1555.0
1779273155008389541,2026-05-20 16:02:35.007,0X0000,1,1,1,1,0.7,0.7,0.7,0.7,-460.4,-47.5,375.6,-31.8,0.0,0.0,0.0,0.0,0.0,0.0,0.0,0.0,-1.1158,-0.021,-0.0443,0.001,1082.1,-275.8,21.4,1.0,0.0,0.0,0.0,0.0,0.0,0.0,0.0,0.0,-2.38,3.33,164.6,0.7,35.2,65.882,35.0,1555.0
1779273155371124948,2026-05-20 16:02:35.370,0X0000,1,1,1,1,0.7,0.7,0.7,0.7,-414.8,-61.6,341.2,-33.5,0.0,0.0,0.0,0.0,0.0,0.0,0.0,0.0,-1.009,-0.0375,-0.0455,0.001,983.0,-234.8,5.9,1.0,0.0,0.0,0.0,0.0,0.0,0.0,0.0,0.0,-2.15,2.84,164.4,0.7,35.2,65.882,35.0,1555.0
1779273155734200040,2026-05-20 16:02:35.733,0X0000,1,1,1,1,0.7,0.7,0.7,0.7,-434.5,-63.3,331.6,-79.5,0.0,0.0,0.0,0.0,0.0,0.0,0.0,0.0,-1.0225,0.0216,-0.0663,0.001,977.0,-308.8,-22.1,1.0,0.0,0.0,0.0,0.0,0.0,0.0,0.0,0.0,-1.66,2.51,163.6,0.7,35.2,65.882,35.0,1555.0
1779273156096077836,2026-05-20 16:02:36.095,0X0000,1,1,1,1,0.7,0.7,0.7,0.7,-429.6,-70.6,333.2,-77.4,0.0,0.0,0.0,0.0,0.0,0.0,0.0,0.0,-1.0181,0.0091,-0.0659,0.001,977.1,-293.7,-5.5,1.0,0.0,0.0,0.0,0.0,0.0,0.0,0.0,0.0,-2.39,3.42,163.7,0.7,35.2,65.882,35.0,1555.0
1779273156462989706,92026-05-20 16:02:36.460,0X0000,1,1,1,1,0.7,0.7,0.7,0.7,-440.7,-66.7,314.0,-57.9,0.0,0.0,0.0,0.0,0.0,0.0,0.0,0.0,-1.0072999999999999,-0.011699999999999999,-0.0678,0.001,970.2,-279.3,-13.3,1.0,0.0,0.0,0.0,0.0,0.0,0.0,0.0,0.0,-1.94,3.08,163.2,0.7,35.1,65.882,35.0,1555.0
1779273156824936614,2026-05-20 16:02:36.824,0X0000,1,1,1,1,0.8,0.7,0.7,0.7,-463.7,-51.3,358.1,-46.6,0.0,0.0,0.0,0.0,0.0,0.0,0.0,0.0,-1.0968,-0.0063,-0.0549,0.001,1055.0,-304.7,-4.9,1.0,0.0,0.0,0.0,0.0,0.0,0.0,0.0,0.0,-2.33,2.6,163.5,0.7,35.2,65.882,35.0,1555.0
1779273157186541447,2026-05-20 16:02:37.185,0X0000,1,1,1,1,0.7,0.7,0.7,0.7,-390.0,-32.6,311.0,-96.8,0.0,0.0,0.0,0.0,0.0,0.0,0.0,0.0,-0.9356,0.0857,-0.0562,0.001,871.7,-354.9,-6.9,1.0,0.0,0.0,0.0,0.0,0.0,0.0,0.0,0.0,-2.27,3.23,163.0,0.7,35.2,65.882,35.0,1555.0
1779273157545639002,2026-05-20 16:02:37.545,0X0000,1,1,1,1,0.8,0.7,0.7,0.7,-426.6,-39.8,315.9,-41.3,0.0,0.0,0.0,0.0,0.0,0.0,0.0,0.0,-0.991,0.002,-0.0517,0.001,948.2,-292.8,0.1,1.0,0.0,0.0,0.0,0.0,0.0,0.0,0.0,0.0,-2.27,3.0,162.9,0.7,35.2,65.882,35.0,1555.0
1779273157911520372,2026-05-20 16:02:37.910,0X0000,1,1,1,1,0.8,0.8,0.7,0.7,-502.0,-68.2,319.1,-67.0,0.0,0.0,0.0,0.0,0.0,0.0,0.0,0.0,-1.0959,-0.0016,-0.0858,0.001,1049.5,-325.1,-30.1,1.0,0.0,0.0,0.0,0.0,0.0,0.0,0.0,0.0,-2.1,2.91,162.6,0.7,35.1,65.882,35.0,1555.0
1779273158275194261,72026-05-20 16:02:38.274,0X0000,1,1,1,1,0.8,0.8,0.7,0.7,-449.7,-47.8,339.2,-67.3,0.0,0.0,0.0,0.0,0.0,0.0,0.0,0.0,-1.0529000000000002,0.026,-0.060899999999999996,0.001,998.5,-340.5,-11.5,1.0,0.0,0.0,0.0,0.0,0.0,0.0,0.0,0.0,-2.33,2.75,162.5,0.7,35.1,65.882,35.0,1555.0
1779273158641324946,.2026-05-20 16:02:38.640,0X0000,1,1,1,1,0.8,0.8,0.7,0.7,-487.7,-82.6,310.8,-46.2,0.0,0.0,0.0,0.0,0.0,0.0,0.0,0.0,-1.0657,-0.048600000000000004,-0.0825,0.001,1031.2,-284.0,-25.2,1.0,0.0,0.0,0.0,0.0,0.0,0.0,0.0,0.0,-2.14,2.98,161.9,0.7,35.2,65.882,35.0,1555.0
1779273159007817001,92026-05-20 16:02:39.007,0X0000,1,1,1,1,0.8,0.8,0.7,0.7,-517.8,-49.8,334.4,-45.9,0.0,0.0,0.0,0.0,0.0,0.0,0.0,0.0,-1.1374000000000002,-0.0052,-0.07529999999999999,0.001,1081.8,-359.1,-10.4,1.0,0.0,0.0,0.0,0.0,0.0,0.0,0.0,0.0,-1.97,3.26,161.3,0.7,35.2,65.882,35.0,1555.0
1779273159371851001,2026-05-20 16:02:39.371,0X0000,1,1,1,1,0.8,0.8,0.8,0.8,-426.5,-46.9,305.6,-65.2,0.0,0.0,0.0,0.0,0.0,0.0,0.0,0.0,-0.9771,0.024399999999999998,-0.0629,0.001,919.4,-337.2,-13.6,1.0,0.0,0.0,0.0,0.0,0.0,0.0,0.0,0.0,-2.25,2.95,161.2,0.8,35.2,65.882,35.0,1555.0
1779273159735452630,2026-05-20 16:02:39.734,0X0000,1,1,1,1,0.8,0.8,0.7,0.7,-443.2,-58.7,312.0,-81.0,0.0,0.0,0.0,0.0,0.0,0.0,0.0,0.0,-1.0079,0.0298,-0.0731,0.001,943.0,-363.9,-17.9,1.0,0.0,0.0,0.0,0.0,0.0,0.0,0.0,0.0,-2.11,3.2,160.5,0.7,35.1,65.882,35.0,1555.0
1779273160099305926,*2026-05-20 16:02:40.098,0X0000,1,1,1,1,0.8,0.8,0.8,0.8,-450.1,-63.3,349.8,-69.1,0.0,0.0,0.0,0.0,0.0,0.0,0.0,0.0,-1.0675999999999999,0.0077,-0.0628,0.001,1004.1,-368.3,-8.9,1.0,0.0,0.0,0.0,0.0,0.0,0.0,0.0,0.0,-2.04,2.91,160.2,0.8,35.1,65.882,35.0,1555.0
1779273160461432908,2026-05-20 16:02:40.460,0X0000,1,1,1,1,0.8,0.8,0.8,0.8,-459.5,-49.9,305.2,2.3,0.0,0.0,0.0,0.0,0.0,0.0,0.0,0.0,-1.0206,-0.0697,-0.0545,0.001,984.5,-283.2,4.7,1.0,0.0,0.0,0.0,0.0,0.0,0.0,0.0,0.0,-2.3,3.17,160.0,0.8,35.1,65.882,35.0,1555.0
1779273160825222056,*2026-05-20 16:02:40.824,0X0000,1,1,1,1,0.8,0.8,0.8,0.8,-391.5,-73.1,333.1,-62.3,0.0,0.0,0.0,0.0,0.0,0.0,0.0,0.0,-0.9671000000000001,-0.0144,-0.0523,0.001,913.7,-321.5,-4.4,1.0,0.0,0.0,0.0,0.0,0.0,0.0,0.0,0.0,-2.17,2.81,159.7,0.8,35.1,65.882,35.0,1555.0
1779273161191348574,*2026-05-20 16:02:41.190,0X0000,1,1,1,1,0.8,0.8,0.8,0.8,-431.6,-56.1,415.5,-32.1,0.0,0.0,0.0,0.0,0.0,0.0,0.0,0.0,-1.1305999999999998,-0.032,-0.0282,0.001,1068.8,-369.8,32.6,1.0,0.0,0.0,0.0,0.0,0.0,0.0,0.0,0.0,-2.07,3.03,159.3,0.8,35.1,65.882,35.0,1555.0
1779273161557481759,2026-05-20 16:02:41.556,0X0000,1,1,1,1,0.8,0.8,0.8,0.8,-441.2,-70.4,334.8,-102.0,0.0,0.0,0.0,0.0,0.0,0.0,0.0,0.0,-1.0357,0.0422,-0.0752,0.001,955.6,-408.3,-18.9,1.0,0.0,0.0,0.0,0.0,0.0,0.0,0.0,0.0,-2.15,3.2,159.1,0.8,35.1,65.882,35.0,1555.0
1779273161923096129,82026-05-20 16:02:41.922,0X0000,1,1,1,1,0.8,0.8,0.8,0.8,-477.7,-75.1,338.8,-82.9,0.0,0.0,0.0,0.0,0.0,0.0,0.0,0.0,-1.0897000000000001,0.0104,-0.08009999999999999,0.001,1019.7,-392.2,-22.5,1.0,0.0,0.0,0.0,0.0,0.0,0.0,0.0,0.0,-2.38,3.05,159.4,0.8,35.1,65.882,35.0,1555.0
1779273162287249629,82026-05-20 16:02:42.286,0X0000,1,1,1,1,0.8,0.8,0.8,0.8,-454.4,-52.8,349.7,-39.6,0.0,0.0,0.0,0.0,0.0,0.0,0.0,0.0,-1.0732000000000002,-0.0176,-0.053200000000000004,0.001,1011.1,-364.2,1.0,1.0,0.0,0.0,0.0,0.0,0.0,0.0,0.0,0.0,-2.24,2.86,159.2,0.8,35.2,65.882,35.0,1555.0
1779273162651575666,:2026-05-20 16:02:42.650,0X0000,1,1,1,1,0.8,0.8,0.8,0.8,-393.8,-98.1,310.6,-58.6,0.0,0.0,0.0,0.0,0.0,0.0,0.0,0.0,-0.9401,-0.052700000000000004,-0.06470000000000001,0.001,899.5,-285.6,-10.8,1.0,0.0,0.0,0.0,0.0,0.0,0.0,0.0,0.0,-2.19,3.16,159.1,0.8,35.1,65.882,35.0,1555.0
1779273163013361647,62026-05-20 16:02:43.012,0X0000,1,1,1,1,0.9,0.8,0.8,0.8,-434.9,-21.1,327.2,-42.6,0.0,0.0,0.0,0.0,0.0,0.0,0.0,0.0,-1.0171000000000001,0.0287,-0.046299999999999994,0.001,943.3,-384.4,5.6,1.0,0.0,0.0,0.0,0.0,0.0,0.0,0.0,0.0,-2.38,2.99,159.4,0.8,35.1,65.882,35.0,1555.0
1779273163375226573,+2026-05-20 16:02:43.374,0X0000,1,1,1,1,0.9,0.9,0.8,0.8,-405.5,-63.8,318.1,-31.0,0.0,0.0,0.0,0.0,0.0,0.0,0.0,0.0,-0.9657,-0.0438,-0.049100000000000005,0.001,920.2,-300.1,6.8,1.0,0.0,0.0,0.0,0.0,0.0,0.0,0.0,0.0,-2.16,3.22,159.3,0.8,35.2,65.882,35.0,1555.0
1779273163739261313,(2026-05-20 16:02:43.738,0X0000,1,1,1,1,0.9,0.9,0.8,0.8,-453.7,-34.7,350.9,-51.0,0.0,0.0,0.0,0.0,0.0,0.0,0.0,0.0,-1.0737999999999999,0.0218,-0.0508,0.001,1001.0,-392.6,7.4,1.0,0.0,0.0,0.0,0.0,0.0,0.0,0.0,0.0,-2.5,3.16,159.7,0.8,35.1,65.882,35.0,1555.0
1779273164103392535,2026-05-20 16:02:44.102,0X0000,1,1,1,1,0.9,0.9,0.8,0.8,-439.6,-57.9,350.6,-55.6,0.0,0.0,0.0,0.0,0.0,0.0,0.0,0.0,-1.0546,-0.0031,-0.0546,0.001,993.1,-359.0,-2.9,1.0,0.0,0.0,0.0,0.0,0.0,0.0,0.0,0.0,-2.29,2.8,159.9,0.8,35.1,65.882,35.0,1555.0
1779273164469695202,2026-05-20 16:02:44.469,0X0000,1,1,1,1,0.9,0.9,0.8,0.8,-428.7,-78.6,397.3,-36.9,0.0,0.0,0.0,0.0,0.0,0.0,0.0,0.0,-1.1024,-0.0557,-0.0396,0.001,1055.0,-326.5,21.8,1.0,0.0,0.0,0.0,0.0,0.0,0.0,0.0,0.0,-2.29,3.08,159.9,0.8,35.1,65.882,35.0,1555.0
1779273164806085183,2026-05-20 16:02:44.805,0X0000,1,1,1,1,0.9,0.9,0.8,0.8,-442.6,-40.3,220.2,-52.1,0.0,0.0,0.0,0.0,0.0,0.0,0.0,0.0,0.0,0.0,0.0,0.0,0.0,0.0,0.0,0.0,0.0,0.0,0.0,0.0,0.0,0.0,0.0,0.0,-2.29,2.98,160.2,0.8,35.1,65.882,35.0,1555.0
1779273165174306627,2026-05-20 16:02:45.173,0X0000,1,1,1,1,0.9,0.9,0.8,0.8,-547.7,-119.2,347.0,-53.0,0.0,0.0,0.0,0.0,0.0,0.0,0.0,0.0,-1.1941,-0.0884,-0.1006,0.001,1157.5,-319.9,-40.7,1.0,0.0,0.0,0.0,0.0,0.0,0.0,0.0,0.0,-2.2,2.71,160.2,0.8,35.1,65.882,35.0,1555.0
1779273165510800794,2026-05-20 16:02:45.510,0X0000,1,1,1,1,0.9,0.9,0.9,0.8,-406.2,-19.5,314.9,-54.3,0.0,0.0,0.0,0.0,0.0,0.0,0.0,0.0,0.0,0.0,0.0,0.0,0.0,0.0,0.0,0.0,0.0,0.0,0.0,0.0,0.0,0.0,0.0,0.0,-2.22,3.09,160.3,0.8,35.1,65.882,35.0,1555.0
1779273165876057590,-2026-05-20 16:02:45.875,0X0000,1,1,1,1,0.9,0.9,0.8,0.9,-453.9,-62.7,376.8,-28.6,0.0,0.0,0.0,0.0,0.0,0.0,0.0,0.0,-1.1087,-0.0455,-0.045399999999999996,0.001,1062.9,-321.3,14.8,1.0,0.0,0.0,0.0,0.0,0.0,0.0,0.0,0.0,-2.36,3.02,160.8,0.8,35.1,65.882,35.0,1555.0
1779273166240895571,+2026-05-20 16:02:46.240,0X0000,1,1,1,1,0.9,0.9,0.8,0.8,-446.1,-63.2,346.7,-13.4,0.0,0.0,0.0,0.0,0.0,0.0,0.0,0.0,-1.0580999999999998,-0.0665,-0.0475,0.001,1024.7,-275.8,10.2,1.0,0.0,0.0,0.0,0.0,0.0,0.0,0.0,0.0,-2.51,2.97,161.3,0.8,35.1,65.882,35.0,1555.0
1779273166609076923,2026-05-20 16:02:46.608,0X0000,1,1,1,1,0.9,0.9,0.8,0.8,-454.3,-79.3,323.6,-233.3,0.0,0.0,0.0,0.0,0.0,0.0,0.0,0.0,-1.0382,0.2055,-0.1196,0.001,925.5,-522.2,-72.4,1.0,0.0,0.0,0.0,0.0,0.0,0.0,0.0,0.0,-2.41,3.07,161.5,0.8,35.1,65.882,35.0,1555.0
1779273166973239293,2026-05-20 16:02:46.972,0X0000,1,1,1,1,0.9,0.9,0.8,0.8,-444.7,-41.1,351.6,-50.2,0.0,0.0,0.0,0.0,0.0,0.0,0.0,0.0,-1.0628,0.0121,-0.0497,0.001,1006.6,-344.9,9.7,1.0,0.0,0.0,0.0,0.0,0.0,0.0,0.0,0.0,-2.32,3.23,161.7,0.8,35.1,65.882,35.0,1555.0
1779273167337044385,2026-05-20 16:02:47.336,0X0000,1,1,1,1,0.8,0.9,0.8,0.8,-436.0,-63.2,348.3,-35.4,0.0,0.0,0.0,0.0,0.0,0.0,0.0,0.0,-1.0468,-0.0371,-0.0503,0.001,1008.9,-286.0,6.1,1.0,0.0,0.0,0.0,0.0,0.0,0.0,0.0,0.0,-2.44,3.0,162.1,0.8,35.1,65.882,35.0,1555.0
1779273167701152533,)2026-05-20 16:02:47.700,0X0000,1,1,1,1,0.8,0.8,0.8,0.8,-479.6,-47.0,291.9,-71.7,0.0,0.0,0.0,0.0,0.0,0.0,0.0,0.0,-1.0297,0.033,-0.08259999999999999,0.001,972.3,-348.3,-37.1,1.0,0.0,0.0,0.0,0.0,0.0,0.0,0.0,0.0,-2.18,2.6,162.0,0.8,35.1,65.882,35.0,1555.0
1779273168064893366,2026-05-20 16:02:48.064,0X0000,1,1,1,1,0.8,0.8,0.8,0.8,-375.8,-25.6,316.5,-26.8,0.0,0.0,0.0,0.0,0.0,0.0,0.0,0.0,-0.924,0.0016,-0.030199999999999998,0.001,885.0,-264.0,-40.8,1.0,0.0,0.0,0.0,0.0,0.0,0.0,0.0,0.0,-2.51,-0.66,163.4,0.8,35.1,65.882,35.0,1555.0
1779273168401442347,2026-05-20 16:02:48.400,0X0000,1,1,1,1,0.8,0.8,0.8,0.8,-225.0,16.5,314.3,-31.1,0.0,0.0,0.0,0.0,0.0,0.0,0.0,0.0,0.0,0.0,0.0,0.0,0.0,0.0,0.0,0.0,0.0,0.0,0.0,0.0,0.0,0.0,0.0,0.0,-2.4,-2.75,163.8,0.8,35.1,65.882,35.0,1555.0
1779273168763131199,2026-05-20 16:02:48.762,0X0000,1,1,1,1,0.8,0.8,0.8,0.8,-222.3,-20.1,229.9,33.5,0.0,0.0,0.0,0.0,0.0,0.0,0.0,0.0,-0.6035,-0.0715,0.0056,0.001,598.6,-99.0,-34.1,1.0,0.0,0.0,0.0,0.0,0.0,0.0,0.0,0.0,-2.08,-4.02,163.8,0.8,35.1,65.882,35.0,1555.0
1779273169099163328,2026-05-20 16:02:49.098,0X0000,1,1,1,1,0.8,0.8,0.8,0.8,-163.7,-13.0,137.2,7.6,0.0,0.0,0.0,0.0,0.0,0.0,0.0,0.0,0.0,0.0,0.0,0.0,0.0,0.0,0.0,0.0,0.0,0.0,0.0,0.0,0.0,0.0,0.0,0.0,-2.39,-2.29,163.5,0.8,35.1,65.882,35.0,1555.0
1779273169460853106,*2026-05-20 16:02:49.460,0X0000,1,1,1,1,0.8,0.8,0.8,0.8,-114.7,-25.3,79.6,-9.8,0.0,0.0,0.0,0.0,0.0,0.0,0.0,0.0,-0.25930000000000003,-0.0207,-0.0189,0.001,254.2,-55.2,-19.4,1.0,0.0,0.0,0.0,0.0,0.0,0.0,0.0,0.0,-2.44,-0.31,163.0,0.8,35.1,65.882,35.0,1555.0
1779273169816021624,2026-05-20 16:02:49.815,0X0000,1,1,1,1,0.8,0.8,0.8,0.8,-50.4,4.3,58.4,-15.5,0.0,0.0,0.0,0.0,0.0,0.0,0.0,0.0,-0.1452,0.0264,-0.0009,0.001,130.2,-69.5,-1.5,1.0,0.0,0.0,0.0,0.0,0.0,0.0,0.0,0.0,-2.54,0.22,162.2,0.8,35.1,65.882,35.0,1555.0
1779273170169010698,2026-05-20 16:02:50.168,0X0000,1,1,1,1,0.8,0.8,0.8,0.8,-45.7,17.5,53.2,10.4,0.0,0.0,0.0,0.0,0.0,0.0,0.0,0.0,-0.132,0.0095,0.0095,0.001,121.6,-52.0,10.4,1.0,0.0,0.0,0.0,0.0,0.0,0.0,0.0,0.0,-1.83,0.52,161.1,0.8,35.1,65.882,35.0,1555.0
1779273170522448272,#2026-05-20 16:02:50.521,0X0000,1,1,1,1,0.8,0.8,0.8,0.8,-45.1,1.8,23.7,-10.6,0.0,0.0,0.0,0.0,0.0,0.0,0.0,0.0,-0.09179999999999999,0.0165,-0.0081,0.001,81.9,-44.7,-7.2,1.0,0.0,0.0,0.0,0.0,0.0,0.0,0.0,0.0,-2.2,0.94,161.4,0.8,35.1,65.882,35.0,1555.0
1779273170874602198,02026-05-20 16:02:50.873,0X0000,1,1,1,1,0.8,0.8,0.8,0.8,-25.0,28.2,34.5,3.6,0.0,0.0,0.0,0.0,0.0,0.0,0.0,0.0,-0.07940000000000001,0.032799999999999996,0.0111,0.001,64.3,-56.8,11.7,1.0,0.0,0.0,0.0,0.0,0.0,0.0,0.0,0.0,-2.08,1.31,161.3,0.8,35.1,65.882,35.0,1555.0
1779273171225500068,2026-05-20 16:02:51.224,0X0000,1,1,1,1,0.8,0.8,0.8,0.8,-38.2,20.4,33.2,-3.0,0.0,0.0,0.0,0.0,0.0,0.0,0.0,0.0,-0.0953,0.0312,0.0033,0.001,80.7,-59.4,4.7,1.0,0.0,0.0,0.0,0.0,0.0,0.0,0.0,0.0,-2.19,1.55,161.9,0.8,35.1,65.882,35.0,1555.0
1779273171579029271,2026-05-20 16:02:51.578,0X0000,1,1,1,1,0.8,0.8,0.8,0.8,-22.5,-5.6,29.7,-0.5,0.0,0.0,0.0,0.0,0.0,0.0,0.0,0.0,-0.0697,-0.0068,0.0003,0.001,68.4,-15.0,2.4,1.0,0.0,0.0,0.0,0.0,0.0,0.0,0.0,0.0,-2.06,1.5,162.1,0.8,35.0,65.882,35.0,1555.0
1779273171932016067,#2026-05-20 16:02:51.931,0X0000,1,1,1,1,0.8,0.8,0.8,0.8,-35.1,-0.2,27.3,4.2,0.0,0.0,0.0,0.0,0.0,0.0,0.0,0.0,-0.0833,-0.005900000000000001,-0.001,0.001,81.3,-19.0,1.0,1.0,0.0,0.0,0.0,0.0,0.0,0.0,0.0,0.0,-2.16,1.25,162.8,0.8,35.0,65.882,35.0,1555.0
1779273172286984456,'2026-05-20 16:02:52.286,0X0000,1,1,1,1,0.8,0.8,0.8,0.8,-30.0,-4.0,24.6,-0.2,0.0,0.0,0.0,0.0,0.0,0.0,0.0,0.0,-0.0729,-0.0050999999999999995,-0.0026,0.001,71.3,-16.1,-0.8,1.0,0.0,0.0,0.0,0.0,0.0,0.0,0.0,0.0,-2.18,1.23,163.2,0.8,35.1,65.882,35.0,1555.0
1779273172640632271,2026-05-20 16:02:52.640,0X0000,1,1,1,1,0.8,0.8,0.8,0.8,-27.5,1.8,21.4,-0.7,0.0,0.0,0.0,0.0,0.0,0.0,0.0,0.0,-0.0653,0.0033,-0.0014,0.001,61.8,-21.4,-0.4,1.0,0.0,0.0,0.0,0.0,0.0,0.0,0.0,0.0,-2.25,1.03,163.8,0.8,35.1,65.882,35.0,1555.0
1779273172995680159,2026-05-20 16:02:52.995,0X0000,1,1,1,1,0.8,0.8,0.8,0.8,-20.9,-3.6,17.3,-0.3,0.0,0.0,0.0,0.0,0.0,0.0,0.0,0.0,-0.051,-0.0044,-0.002,0.001,50.2,-9.8,-0.9,1.0,0.0,0.0,0.0,0.0,0.0,0.0,0.0,0.0,-2.26,1.06,163.9,0.8,35.1,65.882,35.0,1555.0
1779273173347237881,2026-05-20 16:02:53.346,0X0000,1,1,1,1,0.8,0.8,0.8,0.8,-14.2,-2.8,19.5,-2.5,0.0,0.0,0.0,0.0,0.0,0.0,0.0,0.0,-0.045,-0.0004,0.0,0.001,43.3,-12.2,1.0,1.0,0.0,0.0,0.0,0.0,0.0,0.0,0.0,0.0,-2.13,1.26,163.7,0.8,35.1,65.882,35.0,1555.0
1779273173695873715,!2026-05-20 16:02:53.695,0X0000,1,1,1,1,0.8,0.8,0.8,0.8,-7.6,0.8,11.2,3.6,0.0,0.0,0.0,0.0,0.0,0.0,0.0,0.0,-0.0251,-0.0037,0.0021000000000000003,0.001,25.0,-3.6,2.8,1.0,0.0,0.0,0.0,0.0,0.0,0.0,0.0,0.0,-2.34,1.33,163.5,0.8,35.1,65.882,35.0,1555.0
1779273174048936974,$2026-05-20 16:02:54.048,0X0000,1,1,1,1,0.8,0.8,0.8,0.8,-12.7,-3.5,6.4,-1.9,0.0,0.0,0.0,0.0,0.0,0.0,0.0,0.0,-0.0255,-0.0021000000000000003,-0.0032,0.001,25.1,-5.4,-2.5,1.0,0.0,0.0,0.0,0.0,0.0,0.0,0.0,0.0,-2.2,1.47,162.9,0.8,35.1,65.882,35.0,1555.0
1779273174402961362,2026-05-20 16:02:54.402,0X0000,1,1,1,1,0.8,0.8,0.8,0.8,-11.9,-1.4,9.5,-0.5,0.0,0.0,0.0,0.0,0.0,0.0,0.0,0.0,-0.0286,-0.0012,-0.0012,0.001,27.6,-7.5,-0.4,1.0,0.0,0.0,0.0,0.0,0.0,0.0,0.0,0.0,-2.25,1.59,162.4,0.8,35.1,65.882,35.0,1555.0
1779273174751506232,2026-05-20 16:02:54.750,0X0000,1,1,1,1,0.8,0.8,0.8,0.8,-7.8,1.3,12.9,7.3,0.0,0.0,0.0,0.0,0.0,0.0,0.0,0.0,-0.027600000000000003,-0.008,0.0037,0.001,28.6,-1.2,4.7,1.0,0.0,0.0,0.0,0.0,0.0,0.0,0.0,0.0,-2.13,1.51,161.8,0.8,35.1,65.882,35.0,1555.0
1779273175104931936,%2026-05-20 16:02:55.104,0X0000,1,1,1,1,0.8,0.8,0.8,0.8,-17.4,-6.6,8.3,-1.3,0.0,0.0,0.0,0.0,0.0,0.0,0.0,0.0,-0.0343,-0.0070999999999999995,-0.0046,0.001,34.9,-4.0,-3.5,1.0,0.0,0.0,0.0,0.0,0.0,0.0,0.0,0.0,-2.28,1.37,161.5,0.8,35.1,65.882,35.0,1555.0
1779273175455783862,2026-05-20 16:02:55.455,0X0000,1,1,1,1,0.8,0.8,0.8,0.8,-12.2,-1.2,13.3,1.3,0.0,0.0,0.0,0.0,0.0,0.0,0.0,0.0,-0.034,-0.0033,0.0003,0.001,33.2,-7.9,1.3,1.0,0.0,0.0,0.0,0.0,0.0,0.0,0.0,0.0,-2.2,1.47,161.1,0.8,35.1,65.882,35.0,1555.0
1779273175809328306,2026-05-20 16:02:55.808,0X0000,1,1,1,1,0.8,0.8,0.8,0.8,-11.9,-3.1,12.2,1.0,0.0,0.0,0.0,0.0,0.0,0.0,0.0,0.0,-0.0322,-0.0055,-0.0005,0.001,32.2,-5.4,0.5,1.0,0.0,0.0,0.0,0.0,0.0,0.0,0.0,0.0,-2.13,1.36,160.8,0.8,35.1,65.882,35.0,1555.0
1779273176163865861,#2026-05-20 16:02:56.163,0X0000,1,1,1,1,0.8,0.8,0.8,0.8,-17.9,-4.6,11.1,-0.7,0.0,0.0,0.0,0.0,0.0,0.0,0.0,0.0,-0.038700000000000005,-0.0052,-0.0033,0.001,38.4,-7.7,-2.3,1.0,0.0,0.0,0.0,0.0,0.0,0.0,0.0,0.0,-2.3,1.2,160.9,0.8,35.1,65.882,35.0,1555.0
1779273176512847824,2026-05-20 16:02:56.512,0X0000,1,1,1,1,0.8,0.8,0.8,0.8,-11.0,-1.1,10.0,2.0,0.0,0.0,0.0,0.0,0.0,0.0,0.0,0.0,-0.028,-0.0040999999999999995,0.0,0.001,27.8,-5.2,0.8,1.0,0.0,0.0,0.0,0.0,0.0,0.0,0.0,0.0,-2.27,1.36,161.0,0.8,35.1,65.882,35.0,1555.0
1779273176866084268,2026-05-20 16:02:56.865,0X0000,1,1,1,1,0.8,0.8,0.8,0.8,-12.7,-2.3,9.8,0.1,0.0,0.0,0.0,0.0,0.0,0.0,0.0,0.0,-0.03,-0.0032,-0.0014,0.001,29.4,-6.6,-0.6,1.0,0.0,0.0,0.0,0.0,0.0,0.0,0.0,0.0,-2.2,1.39,161.2,0.8,35.1,65.882,35.0,1555.0
1779273177219184138,2026-05-20 16:02:57.218,0X0000,1,1,1,1,0.8,0.8,0.8,0.8,-13.5,-3.1,11.2,1.2,0.0,0.0,0.0,0.0,0.0,0.0,0.0,0.0,-0.033,-0.0057,-0.0011,0.001,33.1,-5.1,0.1,1.0,0.0,0.0,0.0,0.0,0.0,0.0,0.0,0.0,-2.19,1.64,161.5,0.8,35.1,65.882,35.0,1555.0
1779273177569633360,2026-05-20 16:02:57.569,0X0000,1,1,1,1,0.8,0.8,0.8,0.8,-11.5,-1.2,13.2,2.8,0.0,0.0,0.0,0.0,0.0,0.0,0.0,0.0,-0.033,-0.0053,0.0009,0.001,33.0,-5.3,1.9,1.0,0.0,0.0,0.0,0.0,0.0,0.0,0.0,0.0,-2.27,1.41,161.9,0.8,35.1,65.882,35.0,1555.0
1779273177924496471,2026-05-20 16:02:57.923,0X0000,1,1,1,1,0.8,0.8,0.8,0.8,-16.5,-1.2,13.6,-1.6,0.0,0.0,0.0,0.0,0.0,0.0,0.0,0.0,-0.0402,0.0005,-0.0016,0.001,38.1,-12.7,-0.6,1.0,0.0,0.0,0.0,0.0,0.0,0.0,0.0,0.0,-2.25,1.47,162.3,0.8,35.1,65.882,35.0,1555.0
1779273178276873934,2026-05-20 16:02:58.276,0X0000,1,1,1,1,0.8,0.8,0.8,0.8,-12.5,-0.7,19.8,-0.4,0.0,0.0,0.0,0.0,0.0,0.0,0.0,0.0,-0.0431,-0.0004,0.0016,0.001,41.1,-12.6,2.7,1.0,0.0,0.0,0.0,0.0,0.0,0.0,0.0,0.0,-2.17,1.45,162.6,0.8,35.1,65.882,35.0,1555.0
1779273178627736378,2026-05-20 16:02:58.627,0X0000,1,1,1,1,0.8,0.8,0.8,0.8,-12.8,-4.7,14.5,-0.4,0.0,0.0,0.0,0.0,0.0,0.0,0.0,0.0,-0.0364,-0.0057,-0.001,0.001,36.5,-5.2,0.0,1.0,0.0,0.0,0.0,0.0,0.0,0.0,0.0,0.0,-2.26,1.27,163.0,0.8,35.1,65.882,35.0,1555.0
