Timestamp,Time,Roll,Pitch,Yaw,Velocity_Increment_X,Velocity_Increment_Y,Velocity_Increment_Z,Acceleration_X,Acceleration_Y,Acceleration_Z,Angular_Rate_X,Angular_Rate_Y,Angular_Rate_Z,Magnetic_Field_X,Magnetic_Field_Y,Magnetic_Field_Z,Pressure
1779272919581986496,2026-05-20 15:58:39.580,-0.054850,0.482162,189.786484,0.010846,-0.001255,0.979688,0.128803,0.007996,9.817091,-0.001873,0.004704,-0.016226,-0.461581,-0.229288,-0.855096,98938.0000
1779272919681885366,2026-05-20 15:58:39.680,-0.018606,0.448136,189.881348,0.009456,-0.002691,0.978969,-0.011611,-0.100154,9.795428,-0.008702,0.002174,-0.013536,-0.463448,-0.231770,-0.857988,98942.0000
1779272919782418625,2026-05-20 15:58:39.781,0.010716,0.422817,189.962433,0.008049,-0.006030,0.978396,-0.037153,-0.222184,9.799151,0.000363,0.002904,-0.003855,-0.460445,-0.230850,-0.857787,98934.0000
1779272919882314384,2026-05-20 15:58:39.881,0.007282,0.412797,190.013885,0.007008,-0.006047,0.977693,0.134789,-0.132963,9.824730,0.005612,0.002778,-0.005999,-0.461640,-0.232327,-0.857121,98933.0000
1779272919982114921,2026-05-20 15:58:39.980,-0.021562,0.434684,190.051285,0.007164,-0.005270,0.977406,0.116609,-0.028367,9.798106,0.006404,-0.006993,-0.006209,-0.461642,-0.231741,-0.857435,98934.0000
1779272920083294199,2026-05-20 15:58:40.082,-0.057533,0.470147,190.086334,0.008911,-0.002656,0.978151,0.057781,0.039897,9.720977,0.008208,-0.005555,-0.006564,-0.461905,-0.231391,-0.855637,98932.0000
1779272920182310551,2026-05-20 15:58:40.180,-0.082604,0.513251,190.113602,0.011041,-0.001166,0.978543,0.157376,-0.067379,9.774155,0.009093,-0.007708,-0.004602,-0.462824,-0.232903,-0.856177,98932.0000
1779272920282087588,2026-05-20 15:58:40.280,-0.082238,0.540329,190.128616,0.012686,-0.000982,0.979259,0.195693,-0.107365,9.880427,-0.004374,-0.002932,0.001580,-0.462492,-0.231377,-0.855022,98930.0000
1779272920381964958,2026-05-20 15:58:40.380,-0.057479,0.537198,190.135040,0.013686,-0.001351,0.979444,0.159911,-0.018607,9.795893,-0.003555,0.001835,-0.002006,-0.461925,-0.232600,-0.856207,98925.0000
1779272920482510403,2026-05-20 15:58:40.481,-0.022640,0.513676,190.130524,0.013238,-0.002914,0.979272,0.098501,0.022135,9.750216,-0.006035,0.003549,0.002708,-0.461907,-0.231689,-0.855630,98937.0000
1779272920582530551,2026-05-20 15:58:40.581,-0.007361,0.482170,190.111282,0.012013,-0.005126,0.979130,0.104717,-0.078569,9.802462,0.001055,0.004862,0.003972,-0.462539,-0.231747,-0.857412,98934.0000
1779272920681602347,2026-05-20 15:58:40.680,-0.011757,0.450479,190.080444,0.009882,-0.005587,0.978584,0.139980,-0.122896,9.832833,0.001490,-0.000120,0.008937,-0.459834,-0.232298,-0.856567,98933.0000
1779272920781938532,2026-05-20 15:58:40.780,-0.034278,0.432374,190.040421,0.009117,-0.004492,0.978063,0.042357,-0.081796,9.751954,0.003978,-0.001852,0.011262,-0.460129,-0.230821,-0.856895,98924.0000
1779272920882437365,2026-05-20 15:58:40.881,-0.052883,0.451559,189.983856,0.008183,-0.003284,0.977425,0.056689,-0.065831,9.736187,0.005128,-0.008728,0.012113,-0.461311,-0.231099,-0.855959,98931.0000
1779272920982259347,2026-05-20 15:58:40.980,-0.057163,0.517064,189.900970,0.010638,-0.001757,0.977544,0.140080,0.023423,9.785272,0.001062,-0.017456,0.016057,-0.462208,-0.231104,-0.855936,98931.0000
1779272921082070661,2026-05-20 15:58:41.080,-0.048396,0.596681,189.799164,0.015480,-0.001925,0.978414,0.128235,-0.031625,9.779136,-0.001532,-0.014051,0.020089,-0.462784,-0.231072,-0.854722,98940.0000
1779272921182008995,2026-05-20 15:58:41.180,-0.034195,0.634787,189.680801,0.018576,-0.003243,0.979199,0.107545,-0.141872,9.742579,-0.002537,-0.001029,0.022528,-0.463971,-0.227824,-0.855370,98933.0000
1779272921282207791,2026-05-20 15:58:41.280,-0.026474,0.609025,189.543488,0.018936,-0.004654,0.979547,0.153379,-0.155413,9.770788,0.003109,0.010441,0.029113,-0.464580,-0.228729,-0.855633,98933.0000
1779272921381462087,2026-05-20 15:58:41.380,-0.034209,0.536781,189.387726,0.016590,-0.003956,0.979897,0.175916,-0.003505,9.839843,0.007451,0.020161,0.030020,-0.465186,-0.228156,-0.856231,98932.0000
1779272921482055717,2026-05-20 15:58:41.480,-0.046977,0.419567,189.237671,0.011876,-0.002749,0.979722,0.047311,0.076280,9.767562,0.004587,0.021084,0.024008,-0.464877,-0.224899,-0.856917,98935.0000
1779272921582571383,2026-05-20 15:58:41.581,-0.052158,0.307244,189.093674,0.005529,-0.002086,0.978688,-0.030118,-0.018575,9.733026,-0.002395,0.017105,0.025371,-0.464611,-0.224951,-0.858722,98932.0000
1779272921682390346,2026-05-20 15:58:41.681,-0.041759,0.249653,188.949387,0.001453,-0.002557,0.978124,0.029255,-0.115891,9.802092,0.001351,-0.000129,0.024248,-0.464887,-0.223149,-0.858158,98934.0000
1779272921781458661,2026-05-20 15:58:41.780,-0.018755,0.265357,188.804749,0.000335,-0.003239,0.977143,0.056444,-0.082242,9.822475,-0.004013,-0.009856,0.028217,-0.464861,-0.223402,-0.856653,98930.0000
1779272921882019272,2026-05-20 15:58:41.880,-0.007327,0.341063,188.656982,0.002533,-0.004444,0.977158,-0.001103,0.017238,9.730804,-0.000294,-0.017770,0.024939,-0.466652,-0.221933,-0.856943,98937.0000
1779272921982635328,2026-05-20 15:58:41.981,-0.010445,0.433166,188.506226,0.006920,-0.004879,0.977511,0.044646,0.015036,9.726403,0.005205,-0.014096,0.027011,-0.465741,-0.219845,-0.857016,98938.0000
1779272922082175994,2026-05-20 15:58:42.080,-0.031042,0.509260,188.361115,0.011170,-0.004902,0.978690,0.153047,-0.076912,9.812156,0.004668,-0.010235,0.023657,-0.467511,-0.218639,-0.856100,98936.0000
1779272922182140790,2026-05-20 15:58:42.180,-0.059344,0.537795,188.220673,0.013653,-0.003164,0.979407,0.189657,-0.077194,9.852586,0.004292,0.001584,0.024925,-0.470185,-0.217447,-0.855461,98936.0000
1779272922282010198,2026-05-20 15:58:42.280,-0.081546,0.519202,188.082550,0.013490,-0.001877,0.979883,0.113587,0.006677,9.761181,0.009282,0.006287,0.031285,-0.470188,-0.216275,-0.856089,98938.0000
1779272922382212087,2026-05-20 15:58:42.380,-0.082045,0.466626,187.946655,0.011772,-0.001103,0.980084,0.107836,0.048773,9.762456,-0.003803,0.012320,0.024765,-0.469270,-0.215647,-0.855228,98930.0000
1779272922482127846,2026-05-20 15:58:42.480,-0.059819,0.403688,187.807556,0.008987,-0.001392,0.979519,0.103534,0.014919,9.828833,-0.006514,0.010875,0.022238,-0.468688,-0.214786,-0.856462,98934.0000
1779272922581944938,2026-05-20 15:58:42.580,-0.032512,0.354666,187.671860,0.006001,-0.003480,0.978539,0.064470,-0.065536,9.817907,-0.005619,0.005753,0.024738,-0.469913,-0.214839,-0.857930,98936.0000
1779272922682532735,2026-05-20 15:58:42.681,-0.015825,0.336131,187.536972,0.004358,-0.005017,0.977722,0.021720,-0.089206,9.753886,0.000240,-0.003633,0.025483,-0.469892,-0.214216,-0.857045,98934.0000
1779272922782430735,2026-05-20 15:58:42.781,-0.017081,0.350266,187.404678,0.004417,-0.005245,0.977626,0.055237,-0.046613,9.750560,0.007720,-0.003867,0.024282,-0.469284,-0.212725,-0.857096,98937.0000
1779272922882302271,2026-05-20 15:58:42.881,-0.042373,0.393231,187.274368,0.005612,-0.004470,0.977806,0.101512,-0.001198,9.806913,0.007506,-0.005950,0.022592,-0.471668,-0.210368,-0.857392,98944.0000
1779272922982108846,2026-05-20 15:58:42.980,-0.063330,0.443807,187.145645,0.007763,-0.002823,0.978164,0.096482,0.031424,9.797791,-0.000836,-0.011583,0.021804,-0.471658,-0.210647,-0.856786,98935.0000
1779272923082518253,2026-05-20 15:58:43.081,-0.071064,0.480955,187.019028,0.010083,-0.001865,0.978803,0.067470,-0.036725,9.749797,0.003261,-0.003810,0.023855,-0.474051,-0.208895,-0.857367,98931.0000
1779272923182166642,2026-05-20 15:58:43.180,-0.061731,0.495117,186.893661,0.011227,-0.002022,0.979394,0.117691,-0.077990,9.794874,-0.002253,0.000636,0.024371,-0.473737,-0.208280,-0.856790,98934.0000
1779272923281995993,2026-05-20 15:58:43.280,-0.049357,0.477063,186.765549,0.011596,-0.002741,0.979584,0.163962,-0.023428,9.854868,-0.000762,0.005010,0.023395,-0.473434,-0.206799,-0.857133,98937.0000
1779272923383224790,2026-05-20 15:58:43.382,-0.041291,0.443652,186.638229,0.010148,-0.004044,0.979342,0.081436,0.024043,9.787991,0.000957,0.002393,0.021144,-0.473439,-0.206808,-0.857433,98940.0000
1779272923482460567,2026-05-20 15:58:43.481,-0.046519,0.406308,186.516571,0.008637,-0.004569,0.978781,0.008350,-0.040078,9.728420,-0.001926,0.007425,0.025586,-0.473708,-0.206467,-0.855935,98934.0000
1779272923582341604,2026-05-20 15:58:43.581,-0.064323,0.371360,186.399384,0.006882,-0.004302,0.978645,0.278543,-0.320827,10.030715,0.003694,0.006237,0.022010,-0.475512,-0.204431,-0.857137,98938.0000
1779272923682088364,2026-05-20 15:58:43.680,-0.084279,0.315956,186.318649,0.005999,-0.000773,0.978850,0.063641,-0.062689,9.856263,0.004679,0.008513,0.002191,-0.474609,-0.203533,-0.857182,98932.0000
1779272923782480530,2026-05-20 15:58:43.781,-0.078546,0.328104,186.323944,0.000993,0.000428,0.975708,0.117649,0.038484,9.796675,-0.002829,-0.015228,-0.007791,-0.473420,-0.204715,-0.857184,98941.0000
1779272923882271326,2026-05-20 15:58:43.881,-0.046596,0.419634,186.460785,0.005855,0.000338,0.978866,0.266996,0.153490,9.903858,-0.002684,-0.002362,-0.043683,-0.475496,-0.206171,-0.855596,98942.0000
1779272923981565382,2026-05-20 15:58:43.980,0.009939,0.404769,186.931854,0.008047,0.003064,0.979767,-0.318679,-0.201270,9.577367,-0.012768,0.019531,-0.123527,-0.473417,-0.206772,-0.856235,98937.0000
1779272924082042678,2026-05-20 15:58:44.080,0.082774,0.412426,187.913391,0.001993,-0.001171,0.975960,0.972632,-0.212520,10.111439,-0.016452,-0.019877,-0.193418,-0.470225,-0.214272,-0.858835,98935.0000
1779272924182295937,2026-05-20 15:58:44.180,0.122001,0.518287,189.244522,0.002655,-0.004166,0.977583,-0.085992,0.069054,9.889975,-0.010847,-0.016715,-0.242817,-0.464562,-0.223400,-0.856661,98932.0000
1779272924282161808,2026-05-20 15:58:44.280,0.109455,0.675489,190.740997,0.007660,-0.009331,0.976533,-0.073487,-0.248900,9.917777,0.007264,-0.024752,-0.267600,-0.461043,-0.235858,-0.855852,98936.0000
1779272924381938289,2026-05-20 15:58:44.380,0.036949,0.792665,192.374298,0.019067,-0.006095,0.980258,-0.041052,0.043158,9.737930,0.015856,0.002018,-0.313103,-0.452727,-0.247684,-0.854880,98931.0000
1779272924483230326,2026-05-20 15:58:44.481,-0.055689,0.800796,194.176239,0.022698,-0.003837,0.980590,0.270093,-0.206679,9.797621,0.010571,0.004321,-0.327411,-0.448323,-0.259569,-0.855007,98937.0000
1779272924582404919,2026-05-20 15:58:44.581,-0.136108,0.682981,196.108627,0.022432,0.000415,0.982416,-0.028888,0.058938,9.769381,0.011010,0.027357,-0.342503,-0.439131,-0.272894,-0.854621,98934.0000
1779272924682274196,2026-05-20 15:58:44.680,-0.175729,0.489827,198.095016,0.016573,0.002288,0.982341,0.180995,-0.133639,9.891232,0.001704,0.033632,-0.343517,-0.428174,-0.287435,-0.855450,98937.0000
1779272924782194937,2026-05-20 15:58:44.780,-0.156852,0.277420,200.072083,0.009279,0.004476,0.979522,0.072640,-0.349559,9.749147,-0.003683,0.034331,-0.345421,-0.416624,-0.300214,-0.857237,98926.0000
1779272924882373974,2026-05-20 15:58:44.881,-0.089234,0.110673,202.000351,0.001786,-0.000205,0.978014,-0.140857,0.004313,9.786988,-0.012959,0.021411,-0.331378,-0.406852,-0.312093,-0.858400,98933.0000
1779272924982273918,2026-05-20 15:58:44.980,-0.005032,0.047832,203.903946,-0.003700,-0.000538,0.973915,0.125942,0.248599,10.021008,-0.011888,0.004281,-0.328846,-0.395302,-0.323988,-0.860508,98939.0000
1779272925082203900,2026-05-20 15:58:45.080,0.066259,0.099302,205.818207,-0.004432,-0.003115,0.973460,0.097271,0.400080,9.818759,-0.010712,-0.015322,-0.332573,-0.384577,-0.335186,-0.859013,98936.0000
1779272925183455103,2026-05-20 15:58:45.182,0.100500,0.227303,207.780029,0.001159,-0.004938,0.975577,-0.099039,-0.316652,9.603807,-0.009379,-0.023940,-0.351527,-0.373578,-0.345831,-0.859037,98938.0000
1779272925282477400,2026-05-20 15:58:45.281,0.095379,0.374248,209.794113,0.008165,-0.007643,0.980221,0.010324,-0.184597,9.820605,0.005295,-0.022744,-0.351919,-0.362570,-0.357640,-0.858134,98932.0000
1779272925382293066,2026-05-20 15:58:45.381,0.052890,0.460040,211.811142,0.014945,-0.006333,0.982565,-0.047722,0.214931,9.836189,0.011576,-0.011153,-0.348124,-0.351249,-0.367364,-0.857289,98936.0000
1779272925482186196,2026-05-20 15:58:45.480,-0.004058,0.453043,213.780518,0.019212,-0.004617,0.982018,0.199170,-0.028419,9.940738,0.012186,0.007939,-0.339844,-0.339085,-0.378642,-0.858827,98934.0000
1779272925582017529,2026-05-20 15:58:45.580,-0.046582,0.359077,215.686157,0.015846,-0.001194,0.980753,-0.043747,-0.103676,9.776736,0.013212,0.019448,-0.325752,-0.325678,-0.387775,-0.858649,98932.0000
1779272925682240955,2026-05-20 15:58:45.680,-0.044607,0.242248,217.587555,0.010289,0.004679,0.978881,0.188809,0.082844,9.831793,0.001620,0.023511,-0.333691,-0.312266,-0.398081,-0.857844,98937.0000
1779272925782139862,2026-05-20 15:58:45.780,0.002839,0.150187,219.519714,0.004156,0.002355,0.976957,0.051911,-0.082298,9.804887,-0.009632,0.018966,-0.342898,-0.298282,-0.406364,-0.859200,98934.0000
1779272925882026399,2026-05-20 15:58:45.880,0.068054,0.125009,221.493729,0.000670,-0.002211,0.976488,-0.047880,0.080719,9.827408,-0.009919,0.001106,-0.348534,-0.284866,-0.413423,-0.859372,98932.0000
1779272925982511918,2026-05-20 15:58:45.981,0.123259,0.185207,223.476791,0.001878,-0.003594,0.976880,-0.006970,0.486927,9.839878,-0.010270,-0.011033,-0.351942,-0.269405,-0.420253,-0.862301,98942.0000
1779272926081757066,2026-05-20 15:58:46.080,0.147852,0.273869,225.427841,0.006460,-0.004362,0.977433,0.267354,0.145328,9.884473,-0.011457,-0.019691,-0.341147,-0.256549,-0.429021,-0.859718,98939.0000
1779272926182106270,2026-05-20 15:58:46.180,0.140189,0.333496,227.336685,0.011370,-0.006358,0.978575,0.291165,0.355287,9.711097,0.002730,-0.009216,-0.329101,-0.244039,-0.434923,-0.860794,98933.0000
1779272926281992232,2026-05-20 15:58:46.280,0.122737,0.362747,229.245773,0.013924,-0.004124,0.979336,0.258639,-0.240832,9.824074,0.001765,0.004716,-0.340442,-0.229728,-0.441390,-0.861303,98941.0000
1779272926382481955,2026-05-20 15:58:46.381,0.108564,0.352568,231.170593,0.012433,-0.004174,0.979333,0.036882,-0.409575,9.891216,0.001534,0.009762,-0.339295,-0.214480,-0.446320,-0.860373,98939.0000
1779272926482062177,2026-05-20 15:58:46.480,0.111258,0.317460,233.111298,0.010889,0.000402,0.978833,0.117284,0.038229,9.715103,-0.000336,0.006932,-0.341420,-0.198682,-0.452499,-0.861527,98934.0000
1779272926581918880,2026-05-20 15:58:46.580,0.132761,0.281712,235.065430,0.010387,-0.001121,0.979830,-0.020764,-0.193679,9.645055,-0.003474,0.009599,-0.343413,-0.182869,-0.458949,-0.861774,98938.0000
1779272926682405732,2026-05-20 15:58:46.681,0.159713,0.269788,237.017525,0.008049,-0.004040,0.979124,-0.175629,0.119068,9.691866,-0.000799,-0.000095,-0.333275,-0.168207,-0.461798,-0.860879,98934.0000
1779272926782432843,2026-05-20 15:58:46.781,0.184350,0.289700,238.959892,0.010083,-0.002010,0.979727,0.090459,0.418745,9.884666,0.000034,0.004331,-0.335846,-0.152420,-0.467112,-0.862953,98933.0000
1779272926882202639,2026-05-20 15:58:46.880,0.192251,0.314864,240.905571,0.010525,-0.004054,0.977562,0.032845,0.035910,9.797932,-0.009255,-0.006934,-0.338214,-0.138322,-0.468144,-0.860887,98938.0000
1779272926982105954,2026-05-20 15:58:46.980,0.195204,0.315522,242.844261,0.013995,-0.002731,0.977721,0.186490,-0.195248,9.613939,-0.002150,0.007994,-0.344613,-0.121648,-0.472586,-0.863904,98935.0000
1779272927082903713,2026-05-20 15:58:47.081,0.201244,0.274291,244.782906,0.011775,-0.004649,0.977513,-0.194081,-0.101792,9.464434,-0.004056,0.009549,-0.337706,-0.106387,-0.474548,-0.863345,98930.0000
1779272927182106991,2026-05-20 15:58:47.180,0.220619,0.216741,246.729614,0.009588,-0.004980,0.978534,-0.343145,-0.277569,9.476007,-0.000615,0.011550,-0.341709,-0.090219,-0.475017,-0.862845,98936.0000
1779272927282156250,2026-05-20 15:58:47.280,0.251927,0.187670,248.706085,0.006481,-0.001600,0.978472,-0.113150,0.317772,9.619740,-0.002592,0.005192,-0.353122,-0.074982,-0.475546,-0.864120,98937.0000
1779272927381856954,2026-05-20 15:58:47.380,0.272715,0.186824,250.683685,0.005658,-0.005193,0.979434,-0.126131,-0.114623,9.658517,-0.003492,-0.003488,-0.341817,-0.057646,-0.476936,-0.864828,98937.0000
1779272927482449621,2026-05-20 15:58:47.481,0.267481,0.197226,252.644196,0.006938,-0.006471,0.979490,0.227205,-0.147786,9.757686,0.002454,0.003610,-0.339956,-0.040264,-0.476487,-0.863781,98944.0000
1779272927582332269,2026-05-20 15:58:47.581,0.249708,0.205474,254.591171,0.007627,-0.003501,0.979344,0.385172,-0.383093,9.947344,0.005049,0.004460,-0.341585,-0.025034,-0.476438,-0.865669,98937.0000
1779272927682125083,2026-05-20 15:58:47.680,0.240992,0.247692,256.547966,0.007855,-0.002316,0.977622,-0.220231,0.056844,9.556569,0.005786,-0.003416,-0.333829,-0.010676,-0.476648,-0.866029,98937.0000
1779272927782740139,2026-05-20 15:58:47.781,0.260661,0.294965,258.523842,0.011646,-0.001609,0.978598,0.052879,0.035641,9.824405,-0.003356,-0.002825,-0.341158,0.007301,-0.475023,-0.865626,98936.0000
1779272927882281102,2026-05-20 15:58:47.880,0.289728,0.296838,260.487244,0.012795,-0.002788,0.979625,0.083920,0.098460,9.867020,-0.002482,0.010954,-0.340160,0.022868,-0.471672,-0.866702,98941.0000
1779272927982097139,2026-05-20 15:58:47.980,0.319497,0.251666,262.424820,0.010862,-0.003985,0.978976,-0.032357,0.023013,9.717035,-0.011339,0.006582,-0.332796,0.037543,-0.469201,-0.867135,98934.0000
1779272928082021268,2026-05-20 15:58:48.080,0.340713,0.206579,264.373337,0.009566,-0.003814,0.979227,0.130765,0.019159,9.719254,0.000180,0.013471,-0.346613,0.054622,-0.466697,-0.867030,98939.0000
1779272928182341009,2026-05-20 15:58:48.180,0.349332,0.190247,266.332634,0.007063,-0.005011,0.977801,-0.012148,-0.125674,9.597171,-0.000685,0.008166,-0.348221,0.069642,-0.461501,-0.866037,98940.0000
1779272928282239416,2026-05-20 15:58:48.280,0.346085,0.202132,268.294281,0.005960,-0.004559,0.977052,-0.252251,0.022134,9.632274,-0.003449,-0.003127,-0.343311,0.086400,-0.458152,-0.867443,98937.0000
1779272928382054009,2026-05-20 15:58:48.380,0.339193,0.207764,270.234848,0.010092,-0.004942,0.979282,0.099751,-0.106139,9.797679,-0.002336,0.006504,-0.336026,0.101984,-0.453006,-0.868263,98936.0000
1779272928483336694,2026-05-20 15:58:48.482,0.343260,0.206579,272.161041,0.009493,-0.003745,0.978512,-0.130241,-0.114592,9.674539,0.008680,0.013447,-0.333132,0.114919,-0.447219,-0.866931,98941.0000
1779272928582492750,2026-05-20 15:58:48.581,0.357026,0.182504,274.081497,0.007893,-0.001850,0.979311,-0.350562,0.012262,9.617679,-0.003903,0.011449,-0.338570,0.130820,-0.442045,-0.866860,98939.0000
1779272928682388268,2026-05-20 15:58:48.681,0.381896,0.146491,276.021515,0.007289,-0.002037,0.979289,0.142069,-0.432761,9.726134,-0.004302,0.014932,-0.349088,0.144653,-0.433601,-0.866515,98937.0000
1779272928782299416,2026-05-20 15:58:48.781,0.410261,0.123496,277.968887,0.003782,-0.006048,0.977377,-0.059300,-0.207859,9.654525,0.002117,0.005197,-0.342086,0.159605,-0.428513,-0.869116,98936.0000
1779272928882538972,2026-05-20 15:58:48.881,0.418670,0.146926,279.908966,0.003285,-0.005888,0.978170,-0.214429,0.232368,9.583585,0.005767,-0.000605,-0.340588,0.174938,-0.420348,-0.868503,98936.0000
1779272928982314509,2026-05-20 15:58:48.981,0.400864,0.201376,281.827713,0.006340,-0.004978,0.978231,0.326302,0.175859,9.827759,0.003408,-0.005282,-0.338600,0.187860,-0.413109,-0.868405,98944.0000
1779272929082055897,2026-05-20 15:58:49.080,0.370751,0.245332,283.736069,0.007989,-0.003454,0.978919,0.115877,-0.128009,9.748770,0.001745,0.001514,-0.339065,0.201355,-0.405614,-0.869828,98940.0000
1779272929182014342,2026-05-20 15:58:49.180,0.343253,0.264523,285.650856,0.009644,-0.002573,0.979811,0.827567,-0.029262,10.300007,0.001411,0.004933,-0.342359,0.212208,-0.395402,-0.869449,98936.0000
1779272929282662490,2026-05-20 15:58:49.281,0.327802,0.267826,287.561455,0.005631,-0.002586,0.978056,-0.116507,0.117684,9.619035,-0.003610,-0.002178,-0.330474,0.226607,-0.388479,-0.870282,98942.0000
1779272929382865545,2026-05-20 15:58:49.381,0.333465,0.268125,289.469246,0.006370,-0.000284,0.978615,-0.142931,-0.143891,9.590875,0.000378,0.003007,-0.340454,0.238650,-0.378567,-0.870226,98937.0000
1779272929482028119,2026-05-20 15:58:49.480,0.361605,0.275562,291.375870,0.007012,-0.004152,0.978579,0.095671,-0.361643,9.710831,-0.007449,0.007109,-0.336951,0.251902,-0.367448,-0.869930,98936.0000
1779272929583358545,2026-05-20 15:58:49.582,0.389119,0.287819,293.282104,0.006017,-0.002612,0.978450,0.346162,0.138922,9.994962,-0.008388,-0.004824,-0.336643,0.264244,-0.357534,-0.869882,98939.0000
1779272929682481471,2026-05-20 15:58:49.681,0.398684,0.314821,295.197426,0.004433,-0.001597,0.977651,-0.041758,0.220209,9.622022,-0.001241,-0.005563,-0.343546,0.273255,-0.346820,-0.872168,98939.0000
1779272929782432786,2026-05-20 15:58:49.781,0.390589,0.352935,297.109077,0.006132,-0.007141,0.977980,-0.127859,-0.253127,9.494966,-0.003893,-0.006784,-0.337087,0.284722,-0.336875,-0.870899,98938.0000
1779272929881886601,2026-05-20 15:58:49.880,0.358432,0.400699,299.010616,0.007310,-0.006756,0.979078,-0.177040,-0.098780,9.717587,-0.000316,-0.009530,-0.332523,0.295587,-0.323111,-0.871205,98937.0000
1779272929982508619,2026-05-20 15:58:49.981,0.315306,0.449623,300.914108,0.008064,-0.001072,0.978858,-0.196116,0.096510,9.590107,0.001802,-0.013645,-0.337986,0.307015,-0.312346,-0.872354,98936.0000
1779272930082201434,2026-05-20 15:58:50.080,0.285176,0.496349,302.824219,0.009484,-0.001510,0.978948,0.273177,-0.213364,9.788036,0.006156,-0.002142,-0.337628,0.316681,-0.300654,-0.871980,98933.0000
1779272930182133563,2026-05-20 15:58:50.180,0.279238,0.528036,304.737232,0.011443,-0.000507,0.979079,-0.028239,0.174449,9.873045,0.001794,0.001221,-0.330416,0.325716,-0.290490,-0.872754,98932.0000
1779272930282049045,2026-05-20 15:58:50.280,0.298565,0.530934,306.655235,0.013304,0.002843,0.980645,0.151555,0.639913,9.847138,-0.011461,0.006340,-0.344171,0.333911,-0.274352,-0.872750,98937.0000
1779272930381981434,2026-05-20 15:58:50.380,0.316416,0.508455,308.572048,0.011719,-0.002662,0.979107,0.186769,-0.192448,9.822856,-0.007504,0.005459,-0.335577,0.343891,-0.262045,-0.871800,98939.0000
1779272930482253767,2026-05-20 15:58:50.480,0.310216,0.478020,310.478607,0.009015,-0.006136,0.978170,-0.003683,-0.622973,9.660065,0.004812,0.016493,-0.327278,0.352038,-0.249813,-0.872900,98935.0000
1779272930582081100,2026-05-20 15:58:50.580,0.290621,0.457312,312.379757,0.005642,-0.001211,0.977408,-0.254311,0.118505,9.623680,-0.002748,0.002019,-0.332558,0.359858,-0.237329,-0.875498,98940.0000
1779272930683346508,2026-05-20 15:58:50.682,0.273862,0.460915,314.282635,0.007901,-0.002002,0.978001,-0.032914,-0.078701,9.757283,-0.004840,-0.000634,-0.336339,0.368075,-0.222039,-0.873974,98939.0000
1779272930782022730,2026-05-20 15:58:50.780,0.270979,0.468406,316.189316,0.009263,-0.003273,0.978279,0.158759,-0.199323,9.908303,-0.000331,-0.002713,-0.323012,0.374458,-0.209177,-0.873545,98934.0000
1779272930882274415,2026-05-20 15:58:50.880,0.289566,0.473912,318.060932,0.009897,0.000613,0.979386,0.112526,0.626434,9.796195,-0.011071,0.000033,-0.308576,0.380545,-0.193368,-0.874080,98937.0000
1779272930982100896,2026-05-20 15:58:50.980,0.298371,0.477127,319.823147,0.011037,-0.005117,0.979464,0.114370,-0.043002,9.866106,-0.004410,0.006913,-0.299016,0.386888,-0.181453,-0.875427,98935.0000
1779272931082637748,2026-05-20 15:58:51.081,0.273526,0.474749,321.460186,0.011176,-0.006490,0.979284,0.114094,-0.027898,9.826498,0.007734,0.006196,-0.275370,0.391832,-0.167627,-0.872285,98939.0000
1779272931182698952,2026-05-20 15:58:51.180,0.229665,0.450212,322.995777,0.011818,-0.002983,0.979055,0.040097,-0.100671,9.790582,0.001570,0.009426,-0.259363,0.394593,-0.158078,-0.872285,98925.0000
1779272931282075229,2026-05-20 15:58:51.280,0.195703,0.425177,324.437931,0.009632,-0.002476,0.976986,-0.089550,0.137385,9.753086,0.000734,-0.006628,-0.235153,0.398859,-0.144381,-0.873322,98932.0000
1779272931383300840,2026-05-20 15:58:51.382,0.178113,0.590731,325.744644,0.009657,0.002524,0.973689,0.197697,0.120857,9.771877,-0.003954,-0.057201,-0.222827,0.401887,-0.135471,-0.874812,98940.0000
1779272931482509600,2026-05-20 15:58:51.481,0.210142,0.995825,326.956898,0.025988,-0.000555,0.975494,0.689537,0.063922,9.964251,-0.010809,-0.082880,-0.200751,0.401611,-0.125129,-0.877452,98937.0000
1779272931582265266,2026-05-20 15:58:51.581,0.269447,1.644109,328.007341,0.045425,-0.004627,0.971042,0.491966,-0.124036,9.760706,-0.011919,-0.153181,-0.157569,0.399775,-0.116961,-0.882700,98936.0000
1779272931682206155,2026-05-20 15:58:51.680,0.318431,2.786942,328.710747,0.087152,-0.009792,0.971212,1.601205,-0.143218,9.873333,-0.008394,-0.229860,-0.089443,0.394600,-0.110949,-0.889611,98934.0000
1779272931782199414,2026-05-20 15:58:51.780,0.336688,4.009767,329.115496,0.151252,-0.012523,0.976383,1.870169,0.326544,9.936815,-0.003216,-0.180363,-0.063254,0.388138,-0.108625,-0.899999,98945.0000
1779272931882488433,2026-05-20 15:58:51.881,0.303104,4.708440,329.292753,0.196558,-0.017299,0.977556,1.735878,-0.241486,9.787140,0.012538,-0.057752,-0.008259,0.382660,-0.104978,-0.906245,98938.0000
1779272931982198451,2026-05-20 15:58:51.980,0.233317,4.611280,329.219517,0.215289,-0.010289,0.974570,2.117578,0.091853,9.655313,0.021340,0.089649,0.044406,0.383877,-0.107000,-0.904428,98931.0000
1779272932082204451,2026-05-20 15:58:52.080,0.157241,3.866092,328.854515,0.187780,-0.003702,0.969397,1.724640,0.287340,9.727165,0.019682,0.184931,0.091985,0.386614,-0.109562,-0.901137,98940.0000
1779272932182389396,2026-05-20 15:58:52.181,0.107106,2.815346,328.288548,0.137703,0.005032,0.968897,1.602373,-0.031662,9.777797,0.009272,0.193185,0.111399,0.391230,-0.114631,-0.892436,98935.0000
1779272932281645266,2026-05-20 15:58:52.280,0.098302,1.914630,327.672260,0.081559,0.008252,0.967914,0.160883,-0.253580,9.385837,0.004982,0.120163,0.103383,0.396391,-0.120957,-0.886117,98931.0000
1779272932381637895,2026-05-20 15:58:52.380,0.116780,1.587552,327.052101,0.055133,0.007107,0.972951,0.867563,0.326525,10.321334,-0.001977,0.000659,0.110346,0.398833,-0.123811,-0.882512,98934.0000
1779272932483380858,2026-05-20 15:58:52.482,0.139063,1.928256,326.437664,0.047015,0.003671,0.971470,0.977396,-0.021605,9.555989,-0.001189,-0.117269,0.105591,0.394876,-0.129831,-0.883766,98935.0000
1779272932582478284,2026-05-20 15:58:52.581,0.138860,2.728559,325.851204,0.079269,0.000756,0.975934,0.403479,-0.264437,9.277521,0.014259,-0.154590,0.088152,0.388751,-0.134512,-0.889497,98940.0000
1779272932682365358,2026-05-20 15:58:52.681,0.126238,3.622899,325.310493,0.121088,0.003651,0.976407,1.268219,0.322734,10.391922,0.012594,-0.137932,0.080696,0.381390,-0.138379,-0.897614,98936.0000
1779272932782333229,2026-05-20 15:58:52.781,0.105385,4.150298,324.855999,0.153834,0.003300,0.976122,1.293618,0.287262,9.863128,0.002674,-0.048939,0.073595,0.377718,-0.142360,-0.900424,98934.0000
1779272932882503340,2026-05-20 15:58:52.881,0.083459,4.035123,324.476398,0.155336,0.002643,0.973497,0.842225,-0.079491,9.240528,0.014348,0.080658,0.068407,0.377124,-0.145890,-0.898825,98935.0000
1779272932982397006,2026-05-20 15:58:52.981,0.072108,3.351290,324.143597,0.127932,0.005841,0.971845,1.547578,0.398822,9.872722,0.000201,0.157787,0.050723,0.381066,-0.149022,-0.894951,98931.0000
1779272933082053562,2026-05-20 15:58:53.080,0.075084,2.396047,323.833130,0.075622,0.002629,0.971256,0.722513,-0.353634,9.647550,-0.007138,0.163568,0.049590,0.384207,-0.150826,-0.886290,98936.0000
1779272933181969117,2026-05-20 15:58:53.180,0.086613,1.652040,323.542110,0.021869,-0.000686,0.977835,0.162114,0.019249,9.918081,0.003138,0.094748,0.052112,0.389663,-0.152741,-0.881884,98938.0000
1779272933282609839,2026-05-20 15:58:53.281,0.097995,1.442951,323.272293,-0.006368,0.002707,0.981499,0.266337,0.073955,9.895673,-0.006358,-0.007392,0.043617,0.389966,-0.154795,-0.880943,98938.0000
1779272933382456747,2026-05-20 15:58:53.381,0.097396,1.712123,323.025188,-0.000287,-0.001595,0.980925,0.415495,-0.550614,9.749099,0.000628,-0.082538,0.042994,0.388435,-0.157510,-0.881739,98946.0000
1779272933482466747,2026-05-20 15:58:53.481,0.091898,2.202689,322.776348,0.030046,-0.000138,0.980585,0.170872,0.215454,9.731973,0.000912,-0.092559,0.044077,0.385639,-0.159754,-0.886412,98941.0000
1779272933582115524,2026-05-20 15:58:53.580,0.095669,2.602587,322.515118,0.064945,0.000442,0.981078,0.632793,0.384821,9.820042,-0.003062,-0.036404,0.044303,0.380801,-0.159864,-0.888986,98940.0000
1779272933682366024,2026-05-20 15:58:53.681,0.100178,2.689021,322.256062,0.070944,0.000546,0.975032,0.721199,-0.242180,9.681938,0.003491,0.017612,0.039463,0.379595,-0.162243,-0.888598,98923.0000
1779272933782309950,2026-05-20 15:58:53.781,0.093250,2.415331,322.008324,0.066023,-0.001004,0.975866,0.602813,0.291243,9.848527,0.007730,0.056948,0.044735,0.380819,-0.165726,-0.885847,98942.0000
1779272933882108913,2026-05-20 15:58:53.880,0.096129,1.999591,321.771793,0.050234,0.001434,0.979033,0.060891,-0.230171,9.618923,-0.002159,0.089669,0.037625,0.383835,-0.166258,-0.884411,98935.0000
1779272933982669913,2026-05-20 15:58:53.981,0.108425,1.632439,321.536598,0.020427,0.000287,0.976432,0.218386,-0.190267,9.746390,-0.006662,0.048017,0.037106,0.384769,-0.168254,-0.881688,98940.0000
1779272934082255302,2026-05-20 15:58:54.080,0.114187,1.465193,321.310024,0.007262,0.000385,0.978513,0.208575,0.138194,9.939863,0.000604,0.002336,0.039127,0.383311,-0.168498,-0.879545,98925.0000
1779272934182227320,2026-05-20 15:58:54.180,0.108343,1.528267,321.097557,0.007316,-0.001674,0.978870,-0.029629,-0.215248,9.631916,0.004050,-0.035220,0.037790,0.386266,-0.171483,-0.880449,98935.0000
1779272934282093820,2026-05-20 15:58:54.280,0.084328,1.767964,320.904190,0.019755,-0.000097,0.979465,0.177648,0.228023,9.676225,0.008606,-0.043991,0.029035,0.382334,-0.173048,-0.882110,98938.0000
1779272934382681302,2026-05-20 15:58:54.381,0.059157,2.019669,320.768166,0.033629,0.003143,0.977374,0.912181,0.176727,10.024365,0.006751,-0.034361,0.019561,0.379613,-0.173110,-0.883539,98946.0000
1779272934482465690,2026-05-20 15:58:54.481,0.038159,2.175375,320.674885,0.041545,-0.000371,0.975403,0.605423,-0.452449,9.790781,0.002609,-0.019890,0.020320,0.377779,-0.176422,-0.884313,98934.0000
1779272934582385542,2026-05-20 15:58:54.581,0.036977,2.215085,320.600277,0.046320,0.000759,0.977485,0.523217,-0.005792,9.790683,-0.000794,0.005355,0.014065,0.377201,-0.173449,-0.884369,98932.0000
1779272934682313005,2026-05-20 15:58:54.680,0.047977,2.141238,320.551773,0.040736,0.000184,0.977823,0.442965,-0.010579,9.738837,-0.001291,0.019876,0.007259,0.379593,-0.175202,-0.883789,98938.0000
1779272934782470431,2026-05-20 15:58:54.781,0.058282,2.020043,320.528111,0.036016,-0.001171,0.978684,0.474721,0.026356,9.986884,0.003468,0.023682,0.001067,0.379900,-0.175777,-0.883183,98925.0000
1779272934882308227,2026-05-20 15:58:54.881,0.069466,1.942635,320.532108,0.028227,-0.002423,0.979788,0.166183,0.258128,9.733603,-0.003292,0.008690,-0.005068,0.380510,-0.175756,-0.882599,98936.0000
1779272934982130672,2026-05-20 15:58:54.980,0.073541,1.936309,320.540749,0.023319,-0.004760,0.978874,0.273077,-0.018026,9.758258,-0.004068,-0.005520,-0.003853,0.379896,-0.176373,-0.883169,98930.0000
1779272935082818838,2026-05-20 15:58:55.081,0.075156,1.998212,320.543255,0.028722,-0.004005,0.979826,0.564373,-0.244203,9.772154,0.002409,-0.007995,-0.003510,0.380214,-0.176046,-0.882284,98930.0000
1779272935182375135,2026-05-20 15:58:55.181,0.075057,2.093478,320.546326,0.028145,-0.004664,0.976414,0.156620,-0.354464,9.635949,-0.000753,-0.021757,-0.001737,0.379003,-0.174899,-0.883481,98939.0000
1779272935282346320,2026-05-20 15:58:55.281,0.074384,2.158511,320.562687,0.035773,-0.002906,0.977162,0.583769,-0.149105,9.708596,-0.005975,-0.015034,-0.008534,0.378092,-0.176104,-0.883729,98939.0000
1779272935382093301,2026-05-20 15:58:55.380,0.075455,2.188991,320.593430,0.039356,-0.005043,0.976885,0.189335,-0.459231,9.642933,-0.001001,0.007184,-0.008621,0.377198,-0.175514,-0.883720,98942.0000
1779272935482710986,2026-05-20 15:58:55.481,0.065849,2.179411,320.637547,0.035771,-0.002263,0.976496,0.516062,-0.119045,9.566899,0.001000,0.003143,-0.011561,0.378410,-0.174010,-0.883487,98935.0000
1779272935582514505,2026-05-20 15:58:55.581,0.061466,2.147182,320.696083,0.036003,-0.004210,0.979369,0.270554,-0.189056,9.649415,-0.002395,0.008620,-0.012628,0.379022,-0.173691,-0.882911,98927.0000
1779272935682333597,2026-05-20 15:58:55.681,0.060691,2.127373,320.765270,0.033701,-0.004093,0.979793,0.638931,-0.151504,9.916512,-0.007086,0.001849,-0.019684,0.379605,-0.174300,-0.883511,98934.0000
1779272935782331764,2026-05-20 15:58:55.781,0.063712,2.133916,320.842190,0.031366,-0.004492,0.977718,0.401362,0.063803,9.757405,0.001498,-0.007125,-0.018582,0.379624,-0.173976,-0.882619,98934.0000
1779272935882519542,2026-05-20 15:58:55.881,0.055336,2.152623,320.934475,0.031711,-0.005143,0.977602,0.162107,0.308533,9.722554,0.007509,-0.003904,-0.012305,0.379327,-0.173680,-0.882619,98934.0000
1779272935982366412,2026-05-20 15:58:55.981,0.039864,2.177407,321.045982,0.035265,-0.004513,0.978048,0.381093,0.133881,9.975878,0.003343,-0.003878,-0.021522,0.381692,-0.171943,-0.884820,98940.0000
1779272936082212393,2026-05-20 15:58:56.080,0.028545,2.210414,321.177868,0.037398,-0.005372,0.979294,0.362542,-0.123981,10.126974,-0.001275,-0.002158,-0.017367,0.378987,-0.171391,-0.885664,98933.0000
1779272936182601875,2026-05-20 15:58:56.181,0.028714,2.230015,321.320641,0.036386,-0.003144,0.977889,0.175518,-0.257854,9.774101,-0.002326,0.001597,-0.017662,0.381687,-0.169301,-0.886083,98930.0000
1779272936282380152,2026-05-20 15:58:56.281,0.030881,2.220280,321.464165,0.033373,-0.004490,0.976195,0.239950,-0.159212,9.620511,0.001233,-0.007718,-0.020938,0.380210,-0.168985,-0.885153,98932.0000
1779272936382251189,2026-05-20 15:58:56.380,0.032105,2.207225,321.603123,0.039540,-0.005006,0.978628,0.276402,-0.082065,9.518967,-0.000635,0.001529,-0.025743,0.381723,-0.166298,-0.885256,98937.0000
1779272936481981300,2026-05-20 15:58:56.480,0.031844,2.224290,321.747025,0.037384,-0.005302,0.977930,0.740944,-0.105265,9.904502,-0.003524,0.010406,-0.032052,0.380826,-0.167187,-0.884912,98938.0000
1779272936582514393,2026-05-20 15:58:56.581,0.025072,2.229969,321.898266,0.033515,-0.003962,0.977177,0.665429,0.222794,9.782198,-0.008811,-0.002906,-0.035134,0.383822,-0.165689,-0.885324,98937.0000
1779272936682379485,2026-05-20 15:58:56.681,0.024440,2.209115,322.058914,0.035093,-0.005760,0.977627,0.266057,-0.011220,9.577890,0.004414,-0.001506,-0.028982,0.383553,-0.163581,-0.884468,98932.0000
1779272936782292782,2026-05-20 15:58:56.781,0.028085,2.187179,322.219372,0.037070,-0.006908,0.980458,0.381389,-0.102731,9.806691,0.000403,0.012975,-0.024738,0.384155,-0.162982,-0.884498,98943.0000
1779272936882226319,2026-05-20 15:58:56.880,0.029649,2.173004,322.376556,0.032054,-0.004054,0.977646,0.727466,-0.127881,9.854496,-0.002751,-0.000251,-0.029476,0.383595,-0.161453,-0.883020,98929.0000
1779272936982344856,2026-05-20 15:58:56.981,0.023278,2.150332,322.530109,0.032391,-0.006147,0.977878,0.138853,-0.148225,9.808849,-0.002586,-0.004016,-0.027347,0.384451,-0.161808,-0.885133,98938.0000
1779272937082086004,2026-05-20 15:58:57.080,0.021873,2.140787,322.694466,0.037619,-0.005206,0.979415,0.194656,0.233727,9.896247,0.004770,0.010294,-0.030313,0.384190,-0.159393,-0.883985,98937.0000
1779272937182033041,2026-05-20 15:58:57.180,0.022621,2.154047,322.873573,0.031906,-0.005687,0.976196,0.239036,-0.205787,9.937966,0.004022,0.008721,-0.026087,0.385109,-0.156998,-0.883766,98936.0000
1779272937282652078,2026-05-20 15:58:57.281,0.013997,2.148357,323.062946,0.030364,-0.005564,0.976302,0.075143,-0.025831,9.667979,0.006285,-0.009678,-0.027828,0.386010,-0.156397,-0.883803,98940.0000
1779272937382530818,2026-05-20 15:58:57.381,0.004608,2.147809,323.256813,0.036866,-0.003930,0.979642,0.130954,-0.006114,9.546310,-0.002218,0.006239,-0.037683,0.386618,-0.154022,-0.884176,98940.0000
1779272937482419744,2026-05-20 15:58:57.481,0.008389,2.158075,323.454853,0.032989,-0.006834,0.978093,0.340050,-0.045960,9.790479,0.000555,0.006098,-0.034588,0.386646,-0.154861,-0.882357,98934.0000
1779272937582217874,2026-05-20 15:58:57.580,0.013487,2.161363,323.651215,0.032552,-0.006164,0.977904,0.603032,-0.103585,9.875229,-0.000043,0.003921,-0.028586,0.388425,-0.152225,-0.884265,98938.0000
1779272937682659337,2026-05-20 15:58:57.681,0.028507,2.172050,323.848183,0.034322,-0.005617,0.977519,0.363124,-0.128110,9.710498,-0.004204,-0.002725,-0.033750,0.387509,-0.149904,-0.886096,98931.0000
1779272937782393189,2026-05-20 15:58:57.781,0.046153,2.186478,324.047665,0.035615,-0.007746,0.977801,0.141246,-0.303944,9.508595,-0.000096,0.002492,-0.030373,0.388161,-0.149522,-0.883423,98934.0000
1779272937882194522,2026-05-20 15:58:57.880,0.052618,2.186508,324.237244,0.032470,-0.005327,0.976660,0.399869,0.013235,9.547254,-0.002799,-0.003005,-0.030730,0.389333,-0.147197,-0.885608,98933.0000
1779272937983450411,2026-05-20 15:58:57.982,0.047613,2.168698,324.414162,0.033053,-0.007484,0.978537,0.135206,-0.000481,9.585843,-0.000874,0.004684,-0.036401,0.389646,-0.145112,-0.885666,98936.0000
1779272938081447781,2026-05-20 15:58:58.080,0.038127,2.152527,324.580143,0.035366,-0.006688,0.979198,0.434887,0.342721,9.679505,0.004167,0.005534,-0.035773,0.390875,-0.144464,-0.884213,98934.0000
1779272938182679151,2026-05-20 15:58:58.181,0.027149,2.149379,324.766098,0.031292,-0.006780,0.977365,0.147591,-0.023188,9.612141,0.002189,-0.002125,-0.035383,0.390601,-0.142365,-0.883657,98936.0000
1779272938282301577,2026-05-20 15:58:58.280,0.016783,2.159161,324.954121,0.031757,-0.006901,0.977642,0.400399,-0.012145,9.848376,0.006174,-0.008425,-0.028028,0.391214,-0.140864,-0.883408,98938.0000
1779272938382779892,2026-05-20 15:58:58.381,0.012641,2.176675,325.136082,0.034188,-0.006244,0.977821,0.016619,-0.303796,9.536324,0.004710,0.004980,-0.028116,0.390302,-0.139716,-0.884613,98935.0000
1779272938482332614,2026-05-20 15:58:58.481,0.013934,2.202698,325.303463,0.034326,-0.005889,0.977894,0.406450,-0.303896,9.601049,-0.001950,-0.001037,-0.031159,0.391198,-0.139124,-0.884949,98936.0000
1779272938582122744,2026-05-20 15:58:58.580,0.017642,2.205074,325.470654,0.035012,-0.003989,0.978744,0.387773,-0.344196,9.663378,-0.002642,0.005145,-0.030286,0.392718,-0.137014,-0.884439,98935.0000
1779272938681976151,2026-05-20 15:58:58.680,0.025920,2.201124,325.649189,0.036529,-0.006173,0.978981,0.319921,-0.117910,9.644220,0.000648,0.005869,-0.031944,0.392147,-0.136386,-0.883240,98938.0000
1779272938782637169,2026-05-20 15:58:58.781,0.033858,2.204806,325.822945,0.033213,-0.006735,0.979344,0.580034,-0.070429,9.789865,-0.003824,0.002746,-0.035994,0.391840,-0.134927,-0.884167,98942.0000
1779272938882502762,2026-05-20 15:58:58.881,0.027188,2.201099,325.982876,0.033453,-0.007049,0.977205,0.264566,0.185309,9.743663,0.006129,-0.001330,-0.031040,0.393342,-0.133141,-0.884548,98936.0000
1779272938982394836,2026-05-20 15:58:58.981,0.011214,2.201378,326.136169,0.039001,-0.006736,0.978733,0.624693,0.358733,9.950573,0.005421,0.000014,-0.034546,0.392475,-0.131920,-0.883355,98932.0000
1779272939082727651,2026-05-20 15:58:59.081,-0.006394,2.190795,326.289677,0.034579,-0.005416,0.976449,0.495917,0.088425,9.876034,0.000926,0.005847,-0.029088,0.393326,-0.130517,-0.886410,98936.0000
1779272939182422891,2026-05-20 15:58:59.181,-0.013990,2.155854,326.435253,0.030669,-0.004856,0.977397,0.103315,-0.004355,9.694214,0.001213,0.001047,-0.016300,0.393375,-0.128966,-0.884349,98937.0000
1779272939282228447,2026-05-20 15:58:59.280,-0.010828,2.123877,326.581802,0.032698,-0.003633,0.978456,-0.158484,-0.039188,9.704168,0.001826,0.006319,-0.023154,0.395768,-0.128951,-0.884410,98936.0000
1779272939382043428,2026-05-20 15:58:59.380,0.002622,2.131588,326.715153,0.031461,-0.006297,0.978795,0.175997,-0.089930,9.832377,0.001909,-0.000404,-0.016368,0.396085,-0.127155,-0.884161,98936.0000
1779272939482583650,2026-05-20 15:58:59.481,0.005168,2.153475,326.843094,0.031181,-0.003852,0.977400,0.252157,-0.046444,9.591816,-0.003081,-0.013180,-0.023003,0.395455,-0.126915,-0.885950,98938.0000
1779272939582424724,2026-05-20 15:58:59.581,0.004523,2.179097,326.966698,0.034289,-0.005969,0.978161,0.371414,-0.230427,9.763313,0.002996,-0.005175,-0.023963,0.393982,-0.126004,-0.885035,98934.0000
1779272939682311650,2026-05-20 15:58:59.681,-0.001452,2.208893,327.081963,0.038307,-0.004227,0.978734,0.428702,0.108588,9.764386,0.000726,0.002848,-0.024682,0.394904,-0.123898,-0.884509,98932.0000
1779272939782227484,2026-05-20 15:58:59.780,-0.011426,2.221454,327.214680,0.032715,-0.003259,0.975965,0.509973,0.215039,10.121853,-0.002394,-0.006858,-0.032878,0.394594,-0.123917,-0.885100,98939.0000
1779272939882537595,2026-05-20 15:58:59.881,-0.021774,2.197198,327.359421,0.036745,-0.005224,0.978550,0.259583,0.361478,9.864386,0.005206,0.001440,-0.023758,0.394899,-0.121255,-0.885772,98938.0000
1779272939982289613,2026-05-20 15:58:59.981,-0.022087,2.188057,327.511559,0.034940,-0.004818,0.978463,0.287465,0.127205,9.890182,0.003926,-0.002715,-0.025401,0.396722,-0.122083,-0.883999,98935.0000
1779272940082058558,2026-05-20 15:59:00.080,-0.009410,2.180503,327.652004,0.033267,-0.005916,0.979039,0.382556,0.035046,9.742633,0.006673,0.005412,-0.007825,0.397311,-0.120916,-0.884942,98937.0000
1779272940182788169,2026-05-20 15:59:00.181,0.007591,2.176993,327.784184,0.032847,-0.004702,0.977653,0.026565,-0.006826,9.723061,0.003888,-0.002563,-0.018545,0.397618,-0.119724,-0.884978,98937.0000
1779272940282627298,2026-05-20 15:59:00.281,0.029718,2.195153,327.909756,0.034349,-0.006778,0.978047,0.306759,-0.302371,9.937842,0.003800,-0.001401,-0.015995,0.396727,-0.117953,-0.885298,98938.0000
1779272940382480687,2026-05-20 15:59:00.381,0.038947,2.216225,328.030272,0.034330,-0.005986,0.975726,-0.004657,-0.205216,9.647004,0.003958,-0.005704,-0.014450,0.397032,-0.117058,-0.885327,98933.0000
1779272940481938113,2026-05-20 15:59:00.480,0.024933,2.246220,328.154570,0.035487,-0.007172,0.977444,0.424073,-0.381731,9.852640,0.005531,-0.002457,-0.018186,0.398863,-0.114928,-0.884225,98934.0000
1779272940582567798,2026-05-20 15:59:00.581,0.007875,2.260906,328.273026,0.037030,-0.005280,0.978990,0.572139,-0.351047,9.870131,0.010887,-0.001350,-0.013060,0.397034,-0.114993,-0.885976,98935.0000
1779272940682344446,2026-05-20 15:59:00.681,-0.007400,2.278776,328.378277,0.036797,-0.005143,0.980583,0.117883,-0.228829,9.760682,0.010574,0.002558,-0.013149,0.397941,-0.114383,-0.885714,98942.0000
1779272940782345298,2026-05-20 15:59:00.781,-0.009936,2.241847,328.487949,0.036182,-0.002207,0.978926,0.249057,-0.192929,9.763183,-0.000326,0.006327,-0.014886,0.398256,-0.113768,-0.885137,98937.0000
1779272940882127761,2026-05-20 15:59:00.880,-0.002087,2.203210,328.606825,0.033993,-0.004161,0.977531,0.220156,-0.432997,9.762729,-0.003751,0.000933,-0.012249,0.398256,-0.111117,-0.886100,98931.0000
1779272940982761872,2026-05-20 15:59:00.981,0.006540,2.206820,328.730732,0.034997,-0.004013,0.977212,0.480103,-0.110029,9.705590,-0.000167,-0.004708,-0.017508,0.398247,-0.112605,-0.886065,98937.0000
1779272941082464261,2026-05-20 15:59:01.081,0.009092,2.242543,328.855440,0.035646,-0.006705,0.976647,0.545195,-0.185517,9.858907,0.001398,-0.004782,-0.018008,0.398875,-0.110491,-0.885232,98943.0000
1779272941183614261,2026-05-20 15:59:01.182,0.009264,2.275137,328.982998,0.034609,-0.004450,0.976133,0.151412,-0.017095,9.518074,-0.001609,-0.006092,-0.026630,0.398569,-0.109032,-0.886159,98939.0000
1779272941282709242,2026-05-20 15:59:01.281,0.003307,2.296061,329.112354,0.037493,-0.004840,0.979263,0.146193,0.421643,9.640085,0.006389,-0.007165,-0.021772,0.398560,-0.108752,-0.886765,98934.0000
1779272941382505964,2026-05-20 15:59:01.381,0.002400,2.298588,329.237749,0.039205,-0.005998,0.979070,0.231052,0.349950,9.761105,0.004357,0.004818,-0.018365,0.397371,-0.109337,-0.886121,98933.0000
1779272941482424334,2026-05-20 15:59:01.481,0.008804,2.293993,329.359245,0.035061,-0.004427,0.977964,0.835250,0.223648,10.146055,-0.004374,-0.003157,-0.026356,0.399488,-0.106637,-0.885940,98940.0000
1779272941582209649,2026-05-20 15:59:01.580,0.003823,2.257517,329.465004,0.037174,-0.006398,0.977599,0.552115,0.005639,9.787756,-0.007019,0.000780,-0.019706,0.399802,-0.105138,-0.885683,98934.0000
1779272941682849538,2026-05-20 15:59:01.681,-0.000331,2.220810,329.547602,0.038346,-0.005468,0.979312,0.391486,-0.003335,9.755892,-0.000767,0.010005,-0.015316,0.400975,-0.104580,-0.887226,98934.0000
1779272941782765038,2026-05-20 15:59:01.781,-0.009155,2.180796,329.613386,0.032063,-0.005704,0.977105,0.243917,-0.452953,9.747019,-0.003821,0.005287,-0.010990,0.398310,-0.104552,-0.885660,98931.0000
1779272941882200131,2026-05-20 15:59:01.880,-0.015205,2.140436,329.656847,0.032060,-0.002821,0.977933,0.270610,-0.257825,9.872162,-0.001343,0.004767,-0.002851,0.399507,-0.103661,-0.886012,98936.0000
1779272941983420797,2026-05-20 15:59:01.982,-0.014851,2.123081,329.684216,0.030953,-0.002709,0.978143,0.497192,-0.105127,9.962861,0.002950,-0.003402,0.001335,0.400147,-0.103297,-0.883937,98938.0000
1779272942082644871,2026-05-20 15:59:02.081,-0.002379,2.136058,329.705233,0.032487,-0.003959,0.978865,0.146309,-0.064437,9.756851,0.007905,-0.001469,0.003609,0.401361,-0.102379,-0.883390,98936.0000
1779272942182474556,2026-05-20 15:59:02.181,0.007436,2.163880,329.733255,0.031656,-0.002557,0.977553,0.126970,-0.181519,9.722277,0.004228,-0.007616,-0.002309,0.400414,-0.103935,-0.885428,98938.0000
1779272942282122593,2026-05-20 15:59:02.280,0.009949,2.190281,329.765724,0.034586,-0.003089,0.977453,0.254799,0.049935,9.756636,0.005847,-0.003760,-0.007443,0.400427,-0.103619,-0.884836,98927.0000
1779272942382694575,2026-05-20 15:59:02.381,0.009681,2.215425,329.790028,0.036379,-0.003344,0.978305,0.905645,-0.020949,9.811510,0.002791,-0.008131,-0.002623,0.401286,-0.102793,-0.887277,98936.0000
1779272942482510297,2026-05-20 15:59:02.481,0.011259,2.204816,329.807455,0.037895,-0.003031,0.978446,0.438040,0.115244,9.580294,0.002553,0.001616,-0.006225,0.400414,-0.103051,-0.885749,98934.0000
1779272942582387223,2026-05-20 15:59:02.581,0.013860,2.180109,329.816513,0.035026,-0.002881,0.979190,0.290063,-0.302117,9.727136,-0.007992,0.008083,-0.008043,0.400715,-0.102752,-0.885764,98935.0000
1779272942682201056,2026-05-20 15:59:02.680,0.009402,2.151210,329.817278,0.033177,-0.004319,0.977990,0.380721,-0.142689,9.989398,0.000555,0.002945,0.000474,0.399530,-0.103625,-0.884813,98929.0000
1779272942782810389,2026-05-20 15:59:02.781,0.006515,2.153214,329.812920,0.034752,-0.002687,0.977426,0.329233,0.054284,9.890306,0.010083,0.010272,0.004146,0.400992,-0.101902,-0.887291,98934.0000
1779272942882489667,2026-05-20 15:59:02.881,0.010732,2.172720,329.810526,0.031988,-0.002662,0.977575,0.290937,0.139695,9.811438,0.008943,-0.001564,0.009978,0.398625,-0.102169,-0.885725,98940.0000
1779272942982267241,2026-05-20 15:59:02.980,0.006529,2.161481,329.813148,0.031095,-0.001887,0.976539,-0.194176,0.157364,9.614004,-0.005962,-0.013567,0.007239,0.400732,-0.102725,-0.884866,98935.0000
1779272943082018611,2026-05-20 15:59:03.080,0.007125,2.166102,329.801043,0.038787,-0.002888,0.979432,0.302439,0.098228,9.749413,-0.002976,0.000969,0.001836,0.400698,-0.102779,-0.886663,98940.0000
1779272943182638333,2026-05-20 15:59:03.181,0.008268,2.192373,329.781309,0.034153,-0.003199,0.977509,0.119477,0.028030,9.739954,0.002939,-0.001767,0.004936,0.399218,-0.102175,-0.886040,98938.0000
1779272943282183815,2026-05-20 15:59:03.280,0.010110,2.206254,329.760082,0.033302,-0.001901,0.976978,0.362427,-0.436578,9.790455,0.001624,-0.006592,0.006360,0.399816,-0.103055,-0.885734,98936.0000
1779272943382378481,2026-05-20 15:59:03.381,0.011300,2.218031,329.742054,0.036809,-0.002115,0.978118,0.500153,0.076349,10.005104,0.003526,-0.003129,0.003527,0.400698,-0.102779,-0.886663,98936.0000
1779272943482547278,2026-05-20 15:59:03.481,0.008687,2.224363,329.739691,0.035496,-0.001832,0.978793,0.433208,0.329796,9.719859,0.002120,-0.004900,-0.000526,0.399825,-0.103335,-0.885127,98932.0000
1779272943582480574,2026-05-20 15:59:03.581,-0.002049,2.209682,329.743542,0.036725,-0.002945,0.979430,0.641642,0.057165,9.687385,0.002733,0.001932,-0.002258,0.399210,-0.105133,-0.885369,98932.0000
1779272943682271222,2026-05-20 15:59:03.681,-0.005580,2.203221,329.750185,0.035408,-0.003038,0.978255,0.175120,-0.013624,9.739506,0.001014,-0.004486,-0.000021,0.401308,-0.101873,-0.886400,98938.0000
1779272943781899074,2026-05-20 15:59:03.780,-0.006176,2.214365,329.738932,0.035593,-0.003428,0.976746,0.625273,-0.273751,9.718241,0.000215,-0.002540,0.003491,0.399504,-0.103372,-0.886318,98937.0000
1779272943882743870,2026-05-20 15:59:03.881,0.002715,2.225972,329.741333,0.034882,-0.000012,0.977446,0.435973,0.437334,9.771152,0.002768,0.000206,-0.002088,0.398905,-0.102492,-0.886624,98934.0000
1779272943982337463,2026-05-20 15:59:03.980,0.020821,2.219074,329.771441,0.038067,-0.002928,0.978915,0.403261,-0.155576,9.763330,-0.003746,-0.003367,-0.009666,0.400427,-0.102736,-0.885157,98938.0000
1779272944082109240,2026-05-20 15:59:04.080,0.035780,2.219839,329.795980,0.037993,-0.005475,0.978330,0.344741,-0.321106,9.827681,0.001630,0.004301,-0.000108,0.398638,-0.101854,-0.885133,98936.0000
1779272944183549425,2026-05-20 15:59:04.182,0.035478,2.209669,329.795847,0.034929,-0.005040,0.977778,0.285918,0.662226,9.782085,-0.004149,-0.001820,0.007136,0.399224,-0.102166,-0.885740,98936.0000
1779272944282714499,2026-05-20 15:59:04.281,0.029312,2.202816,329.785660,0.036333,-0.004963,0.977248,0.313272,-0.329625,9.515631,0.002757,0.004227,0.002522,0.399816,-0.102171,-0.886055,98931.0000
1779272944382189148,2026-05-20 15:59:04.380,0.016917,2.198437,329.768288,0.033688,-0.002953,0.977352,0.401651,-0.485873,9.585958,0.001208,0.000060,0.002920,0.399836,-0.103317,-0.884528,98936.0000
1779272944482078499,2026-05-20 15:59:04.480,0.002930,2.176263,329.757227,0.035365,-0.003444,0.980097,0.648864,0.347968,9.950232,0.006428,0.002798,0.010437,0.401310,-0.103343,-0.885765,98936.0000
1779272944582588536,2026-05-20 15:59:04.581,0.002807,2.177256,329.748320,0.034378,-0.001065,0.978499,0.439095,0.124788,9.795419,0.000508,0.003182,0.004097,0.400102,-0.103369,-0.886333,98936.0000
1779272944682433721,2026-05-20 15:59:04.681,0.006945,2.176973,329.727495,0.032707,-0.001971,0.976699,0.335399,-0.305856,9.671789,0.004232,-0.001448,0.006535,0.400990,-0.103083,-0.886963,98940.0000
1779272944782375888,2026-05-20 15:59:04.781,0.016664,2.187406,329.698473,0.035778,-0.002216,0.977624,0.651112,0.457307,9.943299,-0.002644,-0.002479,0.005062,0.400711,-0.103347,-0.885750,98940.0000
1779272944882273499,2026-05-20 15:59:04.880,0.026616,2.216142,329.674318,0.037760,-0.003446,0.978217,0.568470,-0.084593,9.784226,0.002207,0.003212,-0.000724,0.398884,-0.103998,-0.887187,98938.0000
1779272944982758184,2026-05-20 15:59:04.981,0.024494,2.219422,329.642582,0.033796,-0.003114,0.977261,0.087743,-0.111604,9.881104,-0.004226,-0.000364,0.001814,0.399501,-0.105437,-0.885669,98938.0000
1779272945082362592,2026-05-20 15:59:05.081,0.011732,2.220198,329.598627,0.036554,-0.004930,0.978241,0.149676,0.013740,9.561079,-0.000616,-0.004953,0.012931,0.401302,-0.102766,-0.886379,98940.0000
1779272945182381814,2026-05-20 15:59:05.181,0.001402,2.195669,329.568327,0.039453,-0.002541,0.980330,-0.083023,0.010753,9.754398,0.004367,0.007519,0.009045,0.398595,-0.104279,-0.886573,98941.0000
1779272945282978351,2026-05-20 15:59:05.281,-0.004479,2.170818,329.542128,0.035404,-0.000409,0.978212,0.631471,-0.061333,9.873630,-0.002791,0.004008,-0.000884,0.400119,-0.105109,-0.884792,98937.0000
1779272945382390591,2026-05-20 15:59:05.381,-0.010016,2.134694,329.510406,0.030518,-0.003307,0.976187,0.121093,-0.017179,10.047874,0.003281,-0.010529,0.003760,0.399806,-0.104543,-0.885698,98936.0000
1779272945482240591,2026-05-20 15:59:05.480,-0.006648,2.123421,329.479046,0.038638,-0.001025,0.979221,0.061323,0.391933,9.549635,-0.000443,-0.002433,0.005704,0.397697,-0.104285,-0.886550,98936.0000
1779272945582062110,2026-05-20 15:59:05.580,0.006540,2.143968,329.451677,0.036308,-0.002536,0.978192,0.732101,-0.168800,9.679072,0.000886,0.006761,0.006277,0.399787,-0.105751,-0.886268,98936.0000
1779272945682670739,2026-05-20 15:59:05.681,0.007907,2.156153,329.420286,0.028928,-0.003717,0.974679,0.255737,0.022891,9.799289,0.001361,-0.014331,0.011078,0.398856,-0.106694,-0.887722,98936.0000
1779272945782616054,2026-05-20 15:59:05.781,0.005641,2.167692,329.375374,0.036412,-0.002271,0.977937,0.119446,-0.071664,9.539599,-0.001021,-0.010291,0.008192,0.398910,-0.105134,-0.885361,98939.0000
1779272945882461036,2026-05-20 15:59:05.881,0.008724,2.191875,329.327946,0.040540,-0.001695,0.980899,0.784362,0.161952,9.886474,-0.001929,0.000879,0.007986,0.398291,-0.106644,-0.885909,98934.0000
1779272945982307591,2026-05-20 15:59:05.981,0.009770,2.185173,329.277601,0.033611,-0.001855,0.978138,0.457418,-0.291135,9.619710,0.001138,0.001558,0.006073,0.399732,-0.108195,-0.888308,98936.0000
1779272946082625221,2026-05-20 15:59:06.081,0.006779,2.143900,329.236296,0.034813,-0.001792,0.978404,0.148492,-0.184494,9.751945,-0.000659,0.009338,0.003433,0.397997,-0.107521,-0.885281,98936.0000
1779272946182707295,2026-05-20 15:59:06.181,0.004490,2.113178,329.206976,0.034913,-0.003054,0.977833,0.050326,-0.031922,9.798180,0.005176,-0.002059,0.005262,0.398310,-0.107203,-0.884696,98941.0000
1779272946282526258,2026-05-20 15:59:06.281,0.013767,2.129149,329.199394,0.036744,-0.001857,0.977728,0.337872,-0.175156,9.643219,0.005558,0.003675,0.002300,0.398014,-0.107494,-0.884382,98936.0000
1779272946382613202,2026-05-20 15:59:06.381,0.017356,2.166199,329.192598,0.032233,-0.000716,0.975746,0.977957,-0.095620,9.747162,-0.004406,-0.010645,-0.000204,0.398891,-0.108110,-0.885289,98940.0000
1779272946482465517,2026-05-20 15:59:06.481,0.006943,2.169546,329.187862,0.035497,-0.004577,0.977819,0.016968,-0.226205,9.733697,0.004146,-0.012379,0.005655,0.398280,-0.107546,-0.886187,98932.0000
1779272946582339109,2026-05-20 15:59:06.581,0.009403,2.189825,329.179356,0.043206,-0.002221,0.980597,0.268926,0.175650,9.814458,0.008912,0.017512,-0.002419,0.398272,-0.109620,-0.885837,98940.0000
1779272946682160591,2026-05-20 15:59:06.680,0.016462,2.205836,329.160702,0.032025,-0.000666,0.974924,0.695246,0.112284,9.770651,-0.009616,-0.001219,0.000975,0.397986,-0.109306,-0.885237,98938.0000
1779272946782800942,2026-05-20 15:59:06.781,0.017896,2.198378,329.137955,0.031311,-0.004505,0.976248,-0.094296,0.007886,9.751719,0.002002,-0.015770,0.008653,0.398283,-0.107835,-0.885880,98940.0000
1779272946882328609,2026-05-20 15:59:06.881,0.031075,2.212856,329.112700,0.040488,-0.002627,0.980482,0.032620,0.019733,9.466169,0.002589,0.002167,0.004344,0.396738,-0.108511,-0.888224,98934.0000
1779272946982563702,2026-05-20 15:59:06.981,0.040832,2.263408,329.087063,0.039497,-0.002723,0.980355,0.965357,0.019429,9.872768,-0.007489,-0.000862,-0.002646,0.397982,-0.108134,-0.885865,98940.0000
1779272947082216405,2026-05-20 15:59:07.080,0.037095,2.290372,329.061544,0.035594,-0.005937,0.976946,0.133058,-0.034301,9.930071,0.003156,-0.016753,0.004674,0.397937,-0.109089,-0.887941,98938.0000
1779272947182521720,2026-05-20 15:59:07.181,0.020079,2.289238,329.041300,0.044016,-0.001823,0.977928,0.069897,0.172507,9.574425,0.002890,0.001494,0.004314,0.396472,-0.107872,-0.886733,98938.0000
1779272947282406442,2026-05-20 15:59:07.281,0.015973,2.275139,329.023722,0.043059,-0.001269,0.977465,0.412946,0.010956,9.768405,-0.001025,0.010280,0.001311,0.397967,-0.109631,-0.886129,98932.0000
1779272947382231238,2026-05-20 15:59:07.380,0.016045,2.235118,329.009684,0.037277,-0.003680,0.976302,0.350981,0.021768,9.980885,0.002108,0.002485,0.002212,0.397065,-0.110231,-0.886092,98940.0000
1779272947482248275,2026-05-20 15:59:07.480,0.018821,2.196518,329.001732,0.035721,-0.001483,0.976798,0.332309,-0.029694,9.751117,0.005421,-0.003001,0.001818,0.397960,-0.108170,-0.887064,98940.0000
1779272947582453368,2026-05-20 15:59:07.581,0.020543,2.192087,329.003969,0.035827,-0.002200,0.978611,0.250329,-0.074154,9.759422,-0.001795,0.004240,-0.002671,0.398558,-0.109934,-0.886437,98940.0000
1779272947682320683,2026-05-20 15:59:07.681,0.016690,2.198204,329.008621,0.033381,-0.004752,0.977779,0.361344,-0.283089,9.749801,0.003345,-0.006765,0.006134,0.398240,-0.108493,-0.887963,98937.0000
1779272947782231220,2026-05-20 15:59:07.780,0.016823,2.242389,329.001534,0.038591,-0.002943,0.980245,0.580066,-0.147409,9.909603,0.002538,0.001470,-0.002718,0.397058,-0.109654,-0.886705,98938.0000
1779272947882165127,2026-05-20 15:59:07.880,0.023050,2.255852,328.993219,0.035874,-0.000339,0.978200,0.669799,0.035834,9.706268,-0.005407,-0.003406,-0.001547,0.397085,-0.109023,-0.885521,98937.0000
1779272947982422201,2026-05-20 15:59:07.981,0.038000,2.225038,328.993834,0.037940,-0.003260,0.976386,0.411334,-0.119825,9.513223,-0.006891,-0.003311,-0.005349,0.398270,-0.109034,-0.886151,98940.0000
1779272948082341090,2026-05-20 15:59:08.081,0.053183,2.209098,328.982143,0.040000,-0.005394,0.978510,-0.174644,-0.177967,9.547254,-0.001658,0.005532,0.010247,0.398839,-0.110843,-0.887022,98938.0000
1779272948182288423,2026-05-20 15:59:08.180,0.058201,2.204929,328.963163,0.036672,-0.003740,0.977374,0.506362,0.216522,9.758778,0.005155,0.001864,0.011103,0.399499,-0.107502,-0.885019,98935.0000
1779272948282504553,2026-05-20 15:59:08.281,0.045032,2.196307,328.956970,0.035950,-0.002839,0.978158,0.476155,-0.003593,9.855879,0.010217,0.003718,0.001567,0.397677,-0.108145,-0.886157,98931.0000
1779272948382368812,2026-05-20 15:59:08.381,0.025147,2.189469,328.962694,0.038436,-0.002036,0.979094,0.291360,-0.025514,9.739122,0.000178,0.000025,-0.003923,0.399777,-0.109007,-0.885590,98934.0000
1779272948482168923,2026-05-20 15:59:08.480,0.007342,2.201147,328.970106,0.038100,-0.002227,0.978250,0.574120,0.026639,9.874633,-0.000737,-0.001493,-0.005103,0.397961,-0.109640,-0.886428,98933.0000
1779272948582155812,2026-05-20 15:59:08.580,0.003507,2.205965,328.984207,0.039799,-0.000816,0.977721,0.447640,-0.006180,9.740939,0.000354,0.001923,-0.004396,0.398565,-0.110511,-0.885823,98942.0000
1779272948682394367,2026-05-20 15:59:08.681,0.010844,2.211522,329.008640,0.037457,-0.002275,0.976191,0.471577,-0.182174,9.915045,-0.003400,0.000256,-0.010205,0.397376,-0.110212,-0.885500,98935.0000
1779272948782520238,2026-05-20 15:59:08.781,0.022565,2.190300,329.012224,0.035636,-0.004393,0.975682,0.390772,0.320165,9.779644,-0.000836,-0.002705,0.005142,0.395581,-0.108455,-0.886096,98930.0000
1779272948882183886,2026-05-20 15:59:08.880,0.039934,2.155407,329.011524,0.040046,-0.003261,0.980075,-0.158230,0.092252,9.609289,-0.004816,0.011051,-0.002534,0.397102,-0.108112,-0.884944,98942.0000
1779272948982707589,2026-05-20 15:59:08.981,0.050518,2.113735,329.008478,0.035308,-0.004269,0.979725,0.862490,-0.079986,9.952410,0.000324,0.014589,-0.001436,0.397692,-0.109299,-0.884930,98932.0000
1779272949082519848,2026-05-20 15:59:09.081,0.044652,2.077544,328.985197,0.030082,-0.006127,0.977099,0.652864,-0.461659,9.802865,-0.001478,-0.004383,0.012856,0.398564,-0.109041,-0.886458,98934.0000
1779272949182413534,2026-05-20 15:59:09.181,0.027480,2.044632,328.953379,0.032696,-0.003152,0.979209,-0.238775,-0.084951,9.675117,-0.000090,-0.001249,0.007325,0.397664,-0.109344,-0.886428,98938.0000
1779272949282359182,2026-05-20 15:59:09.281,0.013705,2.039438,328.936214,0.037538,-0.001692,0.979121,0.458561,-0.077243,9.770176,0.005003,0.002940,0.002320,0.397667,-0.110516,-0.885800,98935.0000
1779272949382515996,2026-05-20 15:59:09.381,0.008822,2.040905,328.930754,0.030316,-0.000851,0.975663,0.271948,-0.080113,9.703860,0.005317,0.001785,0.005337,0.398287,-0.109007,-0.885252,98934.0000
1779272949482429422,2026-05-20 15:59:09.481,0.014320,2.038009,328.937084,0.032529,-0.000976,0.976183,0.194034,0.320171,9.613152,-0.001189,-0.008192,0.001823,0.399480,-0.108711,-0.885590,98932.0000
1779272949582242941,2026-05-20 15:59:09.580,0.029237,2.050469,328.966358,0.035280,-0.001815,0.977393,0.105411,-0.000897,9.695010,-0.002511,-0.002900,-0.008434,0.399158,-0.109632,-0.886459,98938.0000
1779272949682756607,2026-05-20 15:59:09.681,0.045261,2.100157,329.014217,0.034338,-0.003715,0.978593,0.700942,0.117258,9.874746,0.001620,-0.000927,-0.010734,0.398893,-0.109580,-0.884654,98930.0000
1779272949782682811,2026-05-20 15:59:09.781,0.040944,2.134121,329.067900,0.031875,-0.005292,0.976797,0.484127,-0.112465,9.682540,-0.001706,-0.015337,-0.013834,0.398261,-0.108754,-0.886757,98934.0000
1779272949882198052,2026-05-20 15:59:09.880,0.025665,2.168061,329.124620,0.037073,-0.005319,0.980007,0.009451,-0.046727,9.616878,-0.001672,-0.009767,-0.007045,0.398259,-0.108168,-0.887071,98934.0000
1779272949982075459,2026-05-20 15:59:09.980,0.013821,2.226752,329.176310,0.040309,-0.003724,0.979774,0.430708,0.262600,9.745568,0.005045,-0.000639,-0.006394,0.398883,-0.108417,-0.885582,98936.0000
1779272950082840885,2026-05-20 15:59:10.081,0.011631,2.241314,329.230606,0.041150,-0.003163,0.977629,0.461256,-0.015354,9.686554,-0.000021,0.005912,-0.011053,0.398001,-0.106042,-0.885616,98940.0000
1779272950182544477,2026-05-20 15:59:10.181,0.016542,2.187394,329.281742,0.036610,-0.002699,0.976941,0.181762,-0.255561,9.827932,-0.006865,0.001436,-0.011066,0.398274,-0.107555,-0.886486,98930.0000
1779272950282373533,2026-05-20 15:59:10.281,0.031375,2.120698,329.332481,0.040925,-0.004606,0.979146,0.315547,-0.107671,9.800407,0.003449,0.010273,-0.004862,0.398314,-0.104841,-0.885353,98936.0000
1779272950382209366,2026-05-20 15:59:10.380,0.052517,2.086625,329.382105,0.034780,-0.003864,0.977695,0.009499,0.061517,9.633683,0.004094,0.015747,-0.003138,0.398316,-0.105427,-0.885039,98935.0000
1779272950482735144,2026-05-20 15:59:10.481,0.058262,2.056752,329.436897,0.028138,-0.003333,0.976750,0.894823,0.153208,9.999306,-0.007251,-0.007940,-0.013288,0.398297,-0.104867,-0.886251,98940.0000
1779272950582258866,2026-05-20 15:59:10.581,0.053349,2.054929,329.499493,0.035298,-0.006156,0.977956,0.451588,-0.335013,9.749720,-0.002114,-0.004257,-0.012146,0.398324,-0.105120,-0.884746,98932.0000
1779272950682128885,2026-05-20 15:59:10.680,0.043285,2.099194,329.567894,0.033785,-0.005158,0.978728,-0.339614,-0.368370,9.503098,0.008577,-0.000769,-0.009698,0.398610,-0.104550,-0.885667,98931.0000
1779272950782722940,2026-05-20 15:59:10.781,0.029050,2.148278,329.636330,0.031870,-0.003897,0.976619,0.494256,0.206471,9.750816,0.003286,-0.014371,-0.005473,0.398918,-0.103060,-0.885711,98935.0000
1779272950882646107,2026-05-20 15:59:10.881,0.013620,2.182596,329.693491,0.039804,-0.003843,0.979950,0.616880,-0.166273,9.910368,-0.001496,-0.006305,-0.010608,0.398884,-0.103998,-0.887187,98934.0000
1779272950982449903,2026-05-20 15:59:10.981,0.007975,2.171907,329.742456,0.044508,-0.002234,0.980387,0.539853,-0.356993,9.801507,0.001435,0.019339,-0.014501,0.398924,-0.103051,-0.885412,98941.0000
1779272951083631125,2026-05-20 15:59:11.082,0.019128,2.121584,329.807938,0.035489,-0.003340,0.976230,0.378245,-0.222097,9.721092,0.003510,0.007326,-0.011426,0.399814,-0.102469,-0.886048,98933.0000
1779272951182574903,2026-05-20 15:59:11.181,0.043469,2.050122,329.886221,0.034593,-0.002245,0.976474,0.222875,0.079979,9.789457,-0.000238,0.007560,-0.013091,0.398614,-0.101304,-0.886645,98936.0000
1779272951282431236,2026-05-20 15:59:11.281,0.063682,2.003515,329.975758,0.032244,-0.004514,0.977072,0.464520,0.252711,9.909563,0.002692,0.004330,-0.011494,0.399832,-0.100674,-0.885791,98933.0000
1779272951382292829,2026-05-20 15:59:11.381,0.080282,2.011159,330.064350,0.032144,-0.007720,0.977671,0.371412,-0.043314,9.890005,0.002861,-0.000337,-0.014087,0.399551,-0.100351,-0.884892,98938.0000
1779272951482766291,2026-05-20 15:59:11.481,0.081773,2.057338,330.132935,0.030141,-0.006061,0.977774,0.314183,-0.223939,9.726192,0.000721,-0.008110,-0.012190,0.400726,-0.098612,-0.886763,98937.0000
1779272951582673532,2026-05-20 15:59:11.581,0.064947,2.087552,330.181074,0.031951,-0.006584,0.977872,0.453556,-0.314198,9.955693,0.005770,-0.009863,-0.002623,0.400456,-0.100039,-0.884623,98940.0000
1779272951682459514,2026-05-20 15:59:11.681,0.049206,2.120719,330.211187,0.040736,-0.004866,0.980586,0.709509,-0.233704,9.759025,0.004461,-0.000045,0.003710,0.397747,-0.098315,-0.886095,98942.0000
1779272951782478495,2026-05-20 15:59:11.781,0.041708,2.133684,330.232981,0.035693,-0.002275,0.978729,0.226525,0.113540,9.859497,0.004020,-0.001384,-0.000668,0.399512,-0.099530,-0.887310,98938.0000
1779272951882610662,2026-05-20 15:59:11.881,0.043122,2.117313,330.254286,0.037114,-0.002583,0.976271,0.452422,0.081787,9.836700,-0.003348,-0.004080,-0.001614,0.401014,-0.098629,-0.887370,98932.0000
1779272951982486458,2026-05-20 15:59:11.981,0.041312,2.070086,330.272291,0.038665,-0.003260,0.978169,0.742638,-0.152490,9.912834,-0.000440,0.011904,-0.004176,0.398946,-0.098894,-0.885812,98934.0000
1779272952082399273,2026-05-20 15:59:12.081,0.040987,2.031974,330.275272,0.033418,-0.004524,0.977275,0.160902,-0.172214,9.744969,-0.003339,0.008811,0.000726,0.400453,-0.098867,-0.885251,98932.0000
1779272952182403161,2026-05-20 15:59:12.181,0.030162,2.004786,330.278330,0.028044,-0.002607,0.978319,0.150656,-0.112836,9.988276,0.000771,-0.004093,0.006134,0.400123,-0.100095,-0.886413,98934.0000
1779272952282723958,2026-05-20 15:59:12.281,0.016851,2.013860,330.277117,0.030062,-0.002170,0.977845,0.563345,0.357650,9.904238,0.007396,-0.013776,0.005404,0.401988,-0.099678,-0.882871,98938.0000
1779272952382549050,2026-05-20 15:59:12.381,0.005830,2.065570,330.255001,0.036721,-0.002325,0.979773,0.292665,-0.121550,9.782384,0.001765,0.001538,0.002549,0.400756,-0.099154,-0.884952,98934.0000
1779272952482352161,2026-05-20 15:59:12.481,0.001767,2.098597,330.231426,0.035465,-0.001379,0.978299,0.307862,-0.329405,9.774329,0.001214,0.008799,0.006638,0.398917,-0.099823,-0.886988,98933.0000
1779272952582834754,2026-05-20 15:59:12.581,0.010303,2.102518,330.217827,0.031049,-0.000806,0.975454,0.415604,-0.128298,9.834443,0.003298,-0.010418,0.007156,0.400129,-0.099202,-0.886434,98947.0000
1779272952682693587,2026-05-20 15:59:12.681,0.019024,2.093074,330.210308,0.038946,-0.001246,0.977590,0.440474,0.003057,9.675715,-0.000920,0.002034,0.004324,0.400127,-0.101267,-0.885785,98935.0000
1779272952782281291,2026-05-20 15:59:12.781,0.032213,2.094287,330.190977,0.039626,-0.002698,0.978140,0.668341,-0.330894,9.857382,0.002111,0.009376,0.003883,0.401339,-0.099763,-0.885552,98937.0000
1779272952882476698,2026-05-20 15:59:12.881,0.030445,2.104861,330.165543,0.030329,-0.003125,0.975300,0.486177,0.125319,9.713825,0.005488,-0.012484,0.009861,0.400750,-0.100047,-0.884930,98937.0000
1779272952982649420,2026-05-20 15:59:12.981,0.028384,2.103819,330.140663,0.035554,-0.000764,0.979912,0.426930,-0.084410,9.866304,-0.002897,-0.007678,0.008254,0.400742,-0.100353,-0.885223,98930.0000
1779272953082699642,2026-05-20 15:59:13.081,0.032917,2.110360,330.091703,0.037416,-0.002691,0.979855,0.345032,-0.421631,9.708798,-0.001181,0.006370,0.007918,0.400436,-0.099778,-0.885828,98934.0000
1779272953182419920,2026-05-20 15:59:13.180,0.037731,2.093526,330.018700,0.033118,-0.002665,0.979492,0.339058,0.549057,9.699224,0.003913,0.001809,0.020624,0.400437,-0.101248,-0.885193,98942.0000
1779272953283606327,2026-05-20 15:59:13.282,0.044205,2.060059,329.941463,0.035361,-0.000257,0.978975,0.346679,0.199790,9.765808,-0.001275,0.003506,0.015032,0.399832,-0.100674,-0.885791,98934.0000
1779272953382786698,2026-05-20 15:59:13.381,0.051580,2.023064,329.867989,0.037537,-0.001639,0.977137,0.481544,-0.177588,9.730413,0.001114,0.015826,0.007542,0.401036,-0.101244,-0.885209,98934.0000
1779272953482658216,2026-05-20 15:59:13.481,0.058082,2.001737,329.784487,0.028982,-0.003290,0.975791,0.418020,0.025721,9.738515,0.005384,0.000644,0.019670,0.399534,-0.102146,-0.885149,98938.0000
1779272953582450420,2026-05-20 15:59:13.581,0.063900,2.002004,329.695093,0.029621,-0.001568,0.976505,0.230696,-0.155904,9.686534,0.000998,-0.004873,0.018990,0.400141,-0.103306,-0.884236,98935.0000
1779272953682637438,2026-05-20 15:59:13.681,0.058958,2.022197,329.606552,0.033022,-0.001293,0.978693,0.733066,-0.014181,9.957294,0.003840,-0.003897,0.013200,0.399810,-0.103948,-0.885712,98944.0000
1779272953782589438,2026-05-20 15:59:13.781,0.052316,2.057876,329.522104,0.033420,-0.002749,0.977974,0.447983,-0.119743,9.817097,0.008002,-0.002618,0.020270,0.398948,-0.103601,-0.883899,98940.0000
1779272953882478253,2026-05-20 15:59:13.881,0.048014,2.062181,329.388691,0.034119,-0.002740,0.981275,0.433891,-0.322261,9.875119,0.009576,0.018174,0.034354,0.399195,-0.104862,-0.886275,98940.0000
1779272953982293716,2026-05-20 15:59:13.981,0.030247,1.764796,329.146299,0.030410,0.001754,0.983006,0.485012,0.007559,9.890022,0.001257,0.069342,0.044075,0.401043,-0.107710,-0.882354,98938.0000
1779272954082853383,2026-05-20 15:59:14.081,0.007406,1.257451,328.821812,0.013609,0.001748,0.981598,-0.058877,-0.058561,9.712191,0.004605,0.111109,0.051431,0.402578,-0.111173,-0.879011,98938.0000
1779272954182591901,2026-05-20 15:59:14.181,-0.033152,0.549638,328.366077,-0.008865,0.000284,0.984255,-0.570412,0.325844,10.001815,0.010905,0.131169,0.085401,0.406244,-0.113974,-0.873939,98936.0000
1779272954282400438,2026-05-20 15:59:14.281,-0.078933,-0.065945,327.838230,-0.037038,0.005098,0.981360,-0.174018,-0.077118,9.839158,0.009164,0.094427,0.090775,0.409598,-0.118860,-0.868808,98938.0000
1779272954383559160,2026-05-20 15:59:14.382,-0.125552,-0.590498,327.285515,-0.054821,0.006538,0.982158,-0.965281,0.040634,9.867233,0.008216,0.079865,0.093087,0.412679,-0.123116,-0.862487,98931.0000
1779272954482713567,2026-05-20 15:59:14.481,-0.156313,-1.116099,326.639206,-0.074411,0.006972,0.980201,-0.889596,-0.079848,9.066761,0.006719,0.108166,0.131402,0.414154,-0.130502,-0.860848,98936.0000
1779272954582042345,2026-05-20 15:59:14.580,-0.123983,-1.683487,325.741318,-0.116371,0.015389,0.969347,-0.866137,-2.167896,9.659255,-0.018853,0.082915,0.181201,0.415688,-0.134848,-0.857183,98940.0000
1779272954682260197,2026-05-20 15:59:14.680,0.012281,-1.871978,324.679089,-0.136016,0.015601,0.970148,-2.079072,0.408750,9.541341,-0.028935,0.010580,0.161832,0.414190,-0.142812,-0.854255,98938.0000
1779272954782891604,2026-05-20 15:59:14.781,0.131383,-1.790663,323.642895,-0.123545,0.002511,0.971684,-1.262865,0.581978,9.980498,-0.003068,-0.033343,0.150318,0.411730,-0.148823,-0.855548,98941.0000
1779272954882477289,2026-05-20 15:59:14.881,0.175354,-1.415400,322.576313,-0.117326,-0.012790,0.969342,-0.987557,-0.310536,8.957171,0.012023,-0.092272,0.210437,0.406214,-0.159371,-0.858454,98937.0000
1779272954982315938,2026-05-20 15:59:14.981,0.101512,-0.863545,321.400444,-0.084544,-0.012012,0.976925,-0.239781,-1.387424,9.961928,0.016451,-0.101789,0.244801,0.399213,-0.168440,-0.861357,98936.0000
1779272955082308382,2026-05-20 15:59:15.081,-0.014336,-0.314935,320.070667,-0.063554,0.002084,0.971983,-0.762318,-0.161500,9.880086,0.007091,-0.106575,0.245028,0.392748,-0.178488,-0.867249,98936.0000
1779272955182617623,2026-05-20 15:59:15.181,-0.015145,0.156157,318.678764,-0.044481,0.014654,0.972877,-0.887602,0.102054,9.459723,-0.018496,-0.072267,0.241916,0.386945,-0.189019,-0.869548,98936.0000
1779272955282499271,2026-05-20 15:59:15.281,0.137267,0.449306,317.266872,-0.024605,0.010807,0.975452,0.541997,0.211807,10.086846,-0.047144,-0.037671,0.235163,0.379050,-0.199266,-0.871801,98935.0000
1779272955382332771,2026-05-20 15:59:15.381,0.324462,0.510760,315.835716,-0.020657,-0.004355,0.979027,-1.703639,0.524069,9.514907,-0.019549,0.006342,0.253938,0.372402,-0.206774,-0.872352,98942.0000
1779272955483578141,2026-05-20 15:59:15.482,0.453657,0.416958,314.345039,-0.015107,-0.013566,0.984191,-0.267052,0.126742,9.855312,-0.008779,0.032623,0.269966,0.368106,-0.218162,-0.873768,98934.0000
1779272955582749030,2026-05-20 15:59:15.581,0.431408,0.189535,312.752338,-0.015406,-0.023447,0.986458,-0.320049,0.111114,9.795006,0.019762,0.047902,0.285576,0.363563,-0.230057,-0.872168,98940.0000
1779272955682657789,2026-05-20 15:59:15.681,0.273953,-0.058963,311.007298,-0.021662,-0.022072,0.986723,0.149941,0.290206,10.225527,0.028107,0.036821,0.324530,0.359052,-0.242196,-0.868763,98934.0000
1779272955782297567,2026-05-20 15:59:15.780,0.084049,-0.236302,309.111862,-0.029998,-0.011675,0.980727,-0.187892,-0.732088,9.719102,0.028328,0.031145,0.339646,0.351797,-0.257084,-0.867021,98932.0000
1779272955882871696,2026-05-20 15:59:15.881,-0.018925,-0.280103,307.116219,-0.034399,0.001804,0.976538,-0.713533,0.282526,9.714300,0.005168,0.003544,0.347414,0.343641,-0.271688,-0.865564,98936.0000
1779272955982634252,2026-05-20 15:59:15.981,-0.004755,-0.225179,305.095741,-0.029094,0.003501,0.975307,-0.260937,-0.100759,9.739868,-0.011731,-0.014610,0.352616,0.333929,-0.284336,-0.868012,98942.0000
1779272956082549270,2026-05-20 15:59:16.081,0.085510,-0.085821,303.086487,-0.024921,0.001243,0.972858,0.325561,-0.323223,9.825164,-0.017147,-0.016086,0.348611,0.323382,-0.296890,-0.867143,98939.0000
1779272956182068066,2026-05-20 15:59:16.180,0.186369,0.080547,301.074139,-0.017162,-0.008883,0.975445,0.185410,0.156981,9.981697,-0.016353,-0.023166,0.348957,0.311886,-0.309530,-0.868947,98935.0000
1779272956282681492,2026-05-20 15:59:16.281,0.226751,0.191213,299.069008,-0.010247,-0.017300,0.976985,0.417402,-0.106033,9.858481,0.003160,-0.017470,0.344518,0.300119,-0.321542,-0.869559,98934.0000
1779272956382519029,2026-05-20 15:59:16.381,0.210288,0.241586,297.058830,-0.009058,-0.016987,0.977692,-0.134217,0.154268,9.898226,0.011328,-0.010934,0.347896,0.289568,-0.333807,-0.868996,98934.0000
1779272956482342529,2026-05-20 15:59:16.481,0.162713,0.258532,295.031868,-0.009346,-0.012948,0.980136,0.131303,-0.025270,9.992322,0.005601,-0.010453,0.354623,0.277813,-0.343735,-0.869659,98934.0000
1779272956583628048,2026-05-20 15:59:16.582,0.119761,0.288213,292.997681,-0.009884,-0.009313,0.978688,-0.323030,-0.289928,9.656664,0.011626,-0.015495,0.354671,0.264271,-0.356019,-0.869019,98937.0000
1779272956682784103,2026-05-20 15:59:16.681,0.128767,0.358983,290.971596,-0.008180,-0.008563,0.980868,0.182727,0.103282,9.871583,0.005745,-0.010743,0.359071,0.253430,-0.366798,-0.868485,98930.0000
1779272956782426825,2026-05-20 15:59:16.781,0.169268,0.413838,288.967087,-0.008603,-0.005717,0.976575,-0.007026,0.094684,9.711298,-0.008486,-0.028291,0.339960,0.238402,-0.376720,-0.868164,98938.0000
1779272956882263992,2026-05-20 15:59:16.880,0.215846,0.569987,287.054657,0.001178,-0.011338,0.977531,0.278921,-0.432688,9.765258,-0.001676,-0.037380,0.321373,0.226897,-0.388197,-0.870896,98936.0000
1779272956982765029,2026-05-20 15:59:16.981,0.230160,0.720774,285.206772,0.009620,-0.014555,0.979874,0.270296,-0.358738,9.712796,0.003978,-0.027442,0.316196,0.212779,-0.394560,-0.871284,98934.0000
1779272957082519936,2026-05-20 15:59:17.081,0.182690,0.779042,283.357513,0.016050,-0.016358,0.981261,0.257641,-0.268493,9.817721,0.018059,0.000953,0.319000,0.200768,-0.403832,-0.869856,98938.0000
1779272957182391121,2026-05-20 15:59:17.181,0.100036,0.720947,281.501335,0.014262,-0.013680,0.981807,-0.116906,0.098534,9.804123,0.026712,0.019111,0.324239,0.187279,-0.410435,-0.868454,98947.0000
1779272957282311918,2026-05-20 15:59:17.281,0.043955,0.623870,279.679390,0.006961,-0.005539,0.978908,0.085368,-0.157709,9.752273,0.011321,0.009884,0.306111,0.175224,-0.419778,-0.869423,98928.0000
1779272957382835492,2026-05-20 15:59:17.381,0.049018,0.537920,277.903572,0.002832,-0.003681,0.976186,-0.134846,-0.379731,9.635966,-0.004458,0.008494,0.308129,0.162659,-0.426628,-0.866540,98932.0000
1779272957482664806,2026-05-20 15:59:17.481,0.088501,0.546787,276.159294,-0.000379,-0.005091,0.973857,-0.032938,0.003424,9.739351,-0.007555,-0.017574,0.301288,0.149156,-0.430309,-0.867008,98933.0000
1779272957582547880,2026-05-20 15:59:17.581,0.116594,0.671219,274.450401,0.003306,-0.011041,0.975308,0.013301,-1.040941,9.646422,-0.000652,-0.031655,0.291116,0.137723,-0.437845,-0.867436,98939.0000
1779272957682740732,2026-05-20 15:59:17.681,0.093310,0.839471,272.778130,0.007657,-0.010589,0.978168,-0.037804,0.233627,9.931268,0.016642,-0.027876,0.292203,0.121809,-0.444219,-0.867778,98943.0000
1779272957782710177,2026-05-20 15:59:17.781,0.034667,0.990969,271.130112,0.013754,-0.009138,0.980690,-0.149411,-0.213535,9.808743,0.012570,-0.026706,0.290169,0.108305,-0.448784,-0.867925,98936.0000
1779272957882525677,2026-05-20 15:59:17.881,-0.027632,1.075622,269.474541,0.021878,-0.005064,0.981159,0.462880,-0.103559,9.643606,0.016485,-0.005581,0.290545,0.097248,-0.452955,-0.865444,98932.0000
1779272957982429565,2026-05-20 15:59:17.981,-0.047679,1.073510,267.814468,0.022201,-0.000757,0.980771,-0.193418,-0.091501,9.508860,0.003756,0.015502,0.288282,0.081931,-0.456971,-0.866758,98931.0000
1779272958082986269,2026-05-20 15:59:18.081,-0.006260,1.011967,266.172035,0.019441,-0.001089,0.979748,0.403292,-0.036622,9.842463,-0.006651,0.021955,0.274292,0.072050,-0.460874,-0.865513,98936.0000
1779272958182579843,2026-05-20 15:59:18.181,0.070467,0.933673,264.585625,0.016141,-0.003799,0.978664,0.315667,-0.127178,9.867078,-0.005649,0.021376,0.270196,0.059445,-0.463665,-0.866325,98942.0000
1779272958284216843,2026-05-20 15:59:18.282,0.126418,0.892133,263.034821,0.010344,-0.008909,0.978147,0.240165,-0.001214,9.921686,0.003462,0.013722,0.269920,0.048047,-0.464961,-0.867204,98934.0000
1779272958382368954,2026-05-20 15:59:18.381,0.124027,0.902239,261.491463,0.008379,-0.009191,0.977374,0.008468,-0.147644,9.739687,0.013811,-0.002721,0.258284,0.035507,-0.467942,-0.864414,98934.0000
1779272958482862750,2026-05-20 15:59:18.481,0.072235,0.952980,259.950661,0.011735,-0.010555,0.977042,0.372209,-0.320349,9.914906,0.021793,-0.006887,0.269042,0.022277,-0.473136,-0.865752,98937.0000
1779272958582411028,2026-05-20 15:59:18.581,0.006419,1.032573,258.411255,0.015343,-0.004725,0.977570,0.536125,0.240027,10.014725,0.013683,-0.013927,0.266488,0.009435,-0.473179,-0.864225,98936.0000
1779272958682249009,2026-05-20 15:59:18.680,-0.026891,1.103540,256.854881,0.018204,-0.003513,0.977455,0.176163,-0.090467,9.805367,0.006165,-0.006409,0.270687,-0.004341,-0.475347,-0.863823,98938.0000
1779272958782878695,2026-05-20 15:59:18.781,-0.008803,1.123395,255.291588,0.023150,-0.002937,0.979526,0.735116,-0.234567,10.128500,-0.004632,-0.004927,0.272828,-0.016904,-0.474243,-0.863830,98934.0000
1779272958882792194,2026-05-20 15:59:18.881,0.037239,1.079184,253.728928,0.022236,-0.002152,0.979520,0.262738,0.199094,9.944982,-0.004364,0.009642,0.268099,-0.028320,-0.478217,-0.864643,98939.0000
1779272958982600528,2026-05-20 15:59:18.981,0.082168,1.015125,252.163399,0.017201,-0.006664,0.978327,0.093034,-0.321972,9.861388,-0.004379,0.008853,0.271124,-0.039999,-0.477423,-0.865265,98936.0000
1779272959083688343,2026-05-20 15:59:19.082,0.106145,0.976766,250.584312,0.014423,-0.006654,0.978638,0.314380,0.178691,9.952736,0.004512,0.002544,0.279627,-0.053145,-0.476593,-0.864350,98939.0000
1779272959182645694,2026-05-20 15:59:19.181,0.106336,0.983315,248.989410,0.009589,-0.005457,0.976465,-0.247465,-0.105230,9.620164,0.006574,-0.004617,0.283417,-0.066026,-0.477583,-0.864599,98934.0000
1779272959282580268,2026-05-20 15:59:19.281,0.097596,1.042778,247.400536,0.013019,-0.008273,0.978867,-0.036000,-0.322392,9.872849,0.013145,-0.015979,0.277729,-0.079788,-0.476783,-0.864568,98941.0000
1779272959382404213,2026-05-20 15:59:19.381,0.070304,1.092175,245.807350,0.017307,-0.008771,0.980482,0.179605,-0.495027,9.842445,0.014785,-0.004511,0.277488,-0.089893,-0.474384,-0.861670,98933.0000
1779272959482217231,2026-05-20 15:59:19.480,0.050633,1.099088,244.194252,0.020102,-0.005630,0.980948,-0.022147,0.149298,9.802678,0.005971,-0.001529,0.281344,-0.105772,-0.474518,-0.862462,98942.0000
1779272959582840490,2026-05-20 15:59:19.581,0.039422,1.057555,242.565376,0.019046,-0.003614,0.978672,-0.185449,-0.123120,9.556890,0.006582,0.003086,0.278505,-0.118000,-0.472176,-0.861008,98938.0000
1779272959682616490,2026-05-20 15:59:19.681,0.040041,0.983149,240.934746,0.015669,-0.001918,0.976890,-0.125372,-0.007724,9.686975,0.003279,0.010406,0.282600,-0.131164,-0.469903,-0.861627,98935.0000
1779272959782566712,2026-05-20 15:59:19.781,0.056257,0.920222,239.307930,0.011562,-0.000965,0.975713,0.687563,-0.226784,9.896843,0.003704,0.018018,0.282147,-0.143095,-0.468741,-0.859852,98933.0000
1779272959882758583,2026-05-20 15:59:19.881,0.079421,0.921858,237.671478,0.005932,-0.002890,0.975891,0.313807,0.009304,9.736606,0.003154,-0.011606,0.283019,-0.155983,-0.464735,-0.862319,98932.0000
1779272959982772175,2026-05-20 15:59:19.981,0.093266,0.982525,236.031464,0.006048,-0.006609,0.978454,-0.321235,0.490615,9.639309,0.003427,-0.019113,0.283767,-0.168809,-0.462397,-0.860849,98935.0000
1779272960082411860,2026-05-20 15:59:20.081,0.094285,1.073357,234.389732,0.011939,-0.009174,0.981162,0.659540,-0.219728,9.902094,0.010910,-0.009116,0.284480,-0.183452,-0.457455,-0.861495,98934.0000
1779272960182364416,2026-05-20 15:59:20.181,0.090806,1.155159,232.746086,0.015571,-0.006661,0.980313,0.157701,-0.171099,9.693845,0.008101,-0.012976,0.289645,-0.196278,-0.454234,-0.860346,98934.0000
1779272960282950712,2026-05-20 15:59:20.281,0.082348,1.180218,231.106659,0.020992,-0.005576,0.980672,0.136779,-0.318589,9.826889,0.017001,0.008106,0.289871,-0.210318,-0.451046,-0.860066,98941.0000
1779272960382728212,2026-05-20 15:59:20.381,0.086404,1.131158,229.438690,0.020083,-0.002400,0.977896,0.508476,0.262998,10.099914,0.005459,0.019031,0.289632,-0.221621,-0.444533,-0.858735,98938.0000
1779272960482618379,2026-05-20 15:59:20.481,0.106854,1.045130,227.751526,0.016387,-0.002710,0.976391,0.524192,-0.088416,9.803770,0.004179,0.012809,0.293048,-0.233861,-0.439856,-0.858836,98936.0000
1779272960582441360,2026-05-20 15:59:20.581,0.132203,0.972957,226.052917,0.010599,-0.003992,0.976973,0.151235,-0.159655,9.761418,0.002442,0.014987,0.298082,-0.244877,-0.434243,-0.857790,98933.0000
1779272960682669712,2026-05-20 15:59:20.681,0.142140,0.940178,224.347626,0.005995,-0.006745,0.979125,-0.201071,0.403743,9.778861,-0.000040,-0.007490,0.296697,-0.258921,-0.427530,-0.859094,98934.0000
1779272960782599619,2026-05-20 15:59:20.781,0.131698,0.967115,222.647110,0.007171,-0.008379,0.980543,0.694523,0.063155,10.080357,0.001882,-0.023311,0.298604,-0.271146,-0.422239,-0.858610,98936.0000
1779272960882449008,2026-05-20 15:59:20.881,0.106218,1.040945,220.961411,0.010525,-0.008674,0.979954,0.556364,-0.122373,10.072012,0.019541,-0.012774,0.293363,-0.283068,-0.417236,-0.857827,98936.0000
1779272960982989545,2026-05-20 15:59:20.981,0.086754,1.103531,219.278015,0.016208,-0.005069,0.977578,0.261960,-0.473307,9.744370,0.015497,-0.005871,0.290876,-0.294674,-0.408668,-0.857437,98935.0000
1779272961082721971,2026-05-20 15:59:21.081,0.089968,1.122386,217.585114,0.018435,-0.000878,0.976271,0.263474,0.022978,9.830605,-0.002095,0.001311,0.296788,-0.307467,-0.400388,-0.856411,98936.0000
1779272961182419286,2026-05-20 15:59:21.181,0.121822,1.109242,215.873611,0.016706,-0.002152,0.975428,-0.388899,0.048862,9.544611,0.004081,0.001107,0.304263,-0.318226,-0.393663,-0.858098,98941.0000
1779272961282261841,2026-05-20 15:59:21.280,0.154128,1.050095,214.152161,0.017358,-0.004810,0.979296,-0.279893,-0.009584,9.534113,0.000460,0.010630,0.302905,-0.330716,-0.384785,-0.857093,98937.0000
1779272961382767674,2026-05-20 15:59:21.381,0.161842,0.988477,212.409637,0.011415,-0.009213,0.980047,-0.588612,-0.795596,9.480635,0.009756,0.007785,0.308417,-0.339337,-0.377390,-0.856751,98941.0000
1779272961482665748,2026-05-20 15:59:21.481,0.141346,0.977452,210.645813,0.008643,-0.005982,0.982345,-0.353833,0.365675,9.778986,0.002189,-0.001420,0.300871,-0.351262,-0.368563,-0.857560,98937.0000
1779272961582456748,2026-05-20 15:59:21.581,0.126702,1.033076,208.875122,0.008729,-0.007089,0.980171,-0.108329,0.206490,9.690972,0.004189,-0.010676,0.310225,-0.361957,-0.357907,-0.857243,98939.0000
1779272961683788471,2026-05-20 15:59:21.682,0.134918,1.111626,207.108658,0.015540,-0.004428,0.977522,0.418399,-0.481079,9.791466,-0.003791,-0.013427,0.308272,-0.373846,-0.348728,-0.856261,98938.0000
1779272961782667211,2026-05-20 15:59:21.781,0.165019,1.149149,205.331528,0.017816,-0.003139,0.974934,0.006811,0.254327,9.667914,0.006488,-0.000299,0.319535,-0.384535,-0.338946,-0.855325,98940.0000
1779272961882543008,2026-05-20 15:59:21.881,0.205544,1.139340,203.551361,0.019994,-0.003561,0.975859,0.530900,-0.096088,10.036931,-0.004971,0.006492,0.305919,-0.394942,-0.328306,-0.855615,98939.0000
1779272961982346082,2026-05-20 15:59:21.981,0.222603,1.087317,201.819809,0.016685,-0.007739,0.978754,0.247807,-0.204961,9.905532,0.004604,0.008034,0.304889,-0.403867,-0.317387,-0.856849,98942.0000
1779272962082919118,2026-05-20 15:59:22.081,0.210301,1.023748,200.215912,0.014728,-0.004681,0.981235,0.131847,0.092128,9.720010,0.008238,0.005418,0.267317,-0.411562,-0.307289,-0.855996,98934.0000
1779272962182584952,2026-05-20 15:59:22.181,0.178575,0.964510,198.738815,0.014299,-0.006333,0.982570,-0.096536,-0.159811,9.660171,0.007929,0.008551,0.248500,-0.419556,-0.297194,-0.855136,98930.0000
1779272962282464748,2026-05-20 15:59:22.281,0.138258,0.899968,197.364731,0.013681,-0.003193,0.981211,-0.041309,0.023237,9.730653,0.007124,0.016422,0.232002,-0.425478,-0.287707,-0.855212,98936.0000
1779272962382263878,2026-05-20 15:59:22.380,0.121412,0.829508,196.102997,0.012549,0.000937,0.976972,0.163759,0.016986,9.738888,-0.002303,0.004264,0.205738,-0.431121,-0.279725,-0.855860,98940.0000
1779272962482775340,2026-05-20 15:59:22.481,0.145546,0.927218,195.012283,0.012587,0.000504,0.973781,0.168183,-0.019493,9.781258,-0.002135,-0.027764,0.174347,-0.437661,-0.271749,-0.856485,98944.0000
1779272962582678266,2026-05-20 15:59:22.581,0.178523,1.143537,194.080200,0.023759,-0.001999,0.974824,0.210837,-0.017205,9.698781,-0.000597,-0.039935,0.149356,-0.442362,-0.267224,-0.853475,98939.0000
1779272962682464377,2026-05-20 15:59:22.681,0.188044,1.552047,193.369797,0.035064,-0.002337,0.971963,0.997451,-0.011610,9.649198,0.002842,-0.105511,0.098981,-0.447681,-0.258907,-0.852939,98941.0000
1779272962782441433,2026-05-20 15:59:22.781,0.169668,2.513335,193.038467,0.064899,0.001591,0.970168,1.110636,0.045395,9.725485,0.017440,-0.190134,0.023178,-0.455306,-0.258414,-0.844660,98937.0000
1779272962882712211,2026-05-20 15:59:22.881,0.112461,3.625996,193.054794,0.123170,0.001745,0.977100,1.542710,-0.161186,9.928035,0.002847,-0.171460,-0.031869,-0.461139,-0.259389,-0.836090,98940.0000
1779272962982422933,2026-05-20 15:59:22.981,0.037800,4.448196,193.189590,0.164636,-0.001730,0.976268,2.113632,-0.227326,9.883990,0.013715,-0.100317,-0.014948,-0.464325,-0.262187,-0.829344,98940.0000
1779272963082567340,2026-05-20 15:59:23.081,-0.027821,4.955736,193.125244,0.191848,0.000308,0.974696,4.042627,-0.384324,10.670310,0.005078,-0.047250,0.042231,-0.468135,-0.259434,-0.826014,98931.0000
1779272963182762451,2026-05-20 15:59:23.181,-0.065349,4.933688,192.812561,0.202983,0.003517,0.974652,1.715881,-0.332074,9.712758,0.026220,0.068990,0.052152,-0.470814,-0.258251,-0.825674,98938.0000
1779272963282712710,2026-05-20 15:59:23.281,-0.063572,4.343303,192.373703,0.189844,0.013279,0.971242,2.341427,0.727902,10.185850,0.000621,0.139633,0.069419,-0.467875,-0.256844,-0.829082,98941.0000
1779272963382525562,2026-05-20 15:59:23.381,-0.027782,3.429184,191.903732,0.149655,0.009299,0.966161,1.276324,-0.224491,9.683640,-0.004084,0.153880,0.082582,-0.467060,-0.251671,-0.835525,98936.0000
1779272963482392507,2026-05-20 15:59:23.481,0.025497,2.649233,191.407135,0.104364,0.011126,0.966546,0.553165,0.471004,9.599472,-0.000626,0.111378,0.092220,-0.462058,-0.247355,-0.841754,98934.0000
1779272963582894451,2026-05-20 15:59:23.581,0.064751,2.340019,190.923050,0.068230,0.008257,0.965741,0.752470,0.093411,9.985020,0.003432,0.008840,0.083026,-0.463606,-0.245092,-0.845368,98936.0000
1779272963682739803,2026-05-20 15:59:23.681,0.054070,2.602113,190.492554,0.064121,0.006788,0.968767,0.568401,0.225971,9.383270,0.008023,-0.092855,0.075403,-0.465916,-0.240850,-0.842412,98932.0000
1779272963782368895,2026-05-20 15:59:23.781,0.002145,3.253164,190.164017,0.092155,0.003813,0.974551,1.562546,-0.005227,9.534341,0.022928,-0.127354,0.052334,-0.470012,-0.239551,-0.837840,98942.0000
1779272963882895025,2026-05-20 15:59:23.881,-0.040209,3.943997,189.915466,0.124331,0.003367,0.980210,1.050835,-0.362684,9.546464,0.012775,-0.083406,0.033413,-0.476450,-0.236417,-0.831153,98937.0000
1779272963982751895,2026-05-20 15:59:23.981,-0.031086,4.196281,189.696609,0.141113,0.007238,0.979001,0.999939,0.431466,9.724005,-0.004971,0.006895,0.040306,-0.480000,-0.234608,-0.829607,98928.0000
1779272964082639840,2026-05-20 15:59:24.081,0.040349,3.840873,189.474548,0.134942,0.005613,0.976495,1.290063,0.304227,9.740147,-0.014730,0.107644,0.045188,-0.478538,-0.232002,-0.832406,98936.0000
1779272964183829747,2026-05-20 15:59:24.182,0.148275,3.045140,189.294312,0.103070,0.000943,0.974864,0.345687,0.022899,9.457329,-0.022366,0.155801,0.026333,-0.475088,-0.231321,-0.840308,98940.0000
1779272964282944543,2026-05-20 15:59:24.281,0.231383,2.190953,189.214966,0.052931,-0.007768,0.976376,0.274711,-0.016660,9.701166,-0.009792,0.134011,0.008771,-0.470101,-0.229387,-0.846479,98938.0000
1779272964382836358,2026-05-20 15:59:24.381,0.251815,1.634838,189.237457,0.012517,-0.012401,0.977981,-0.355602,-0.262883,9.808782,0.006429,0.055708,-0.001242,-0.465405,-0.229502,-0.851394,98939.0000
1779272964482612006,2026-05-20 15:59:24.481,0.210357,1.572414,189.286896,-0.000911,-0.010879,0.979143,-0.104905,-0.238300,9.771627,0.010306,-0.024112,-0.003531,-0.465677,-0.228872,-0.850203,98941.0000
1779272964582471691,2026-05-20 15:59:24.581,0.152961,1.924129,189.282364,0.011080,-0.007660,0.977946,0.221870,-0.397222,9.628281,0.004020,-0.082565,0.012730,-0.468046,-0.229437,-0.848630,98938.0000
1779272964682692710,2026-05-20 15:59:24.681,0.094372,2.377153,189.197464,0.037722,-0.003908,0.978569,0.522588,0.192433,9.828426,0.011692,-0.072446,0.021825,-0.469733,-0.229863,-0.842578,98932.0000
1779272964782652524,2026-05-20 15:59:24.781,0.058378,2.637536,189.063782,0.061045,0.003211,0.977888,0.530815,0.014483,9.761985,0.002974,-0.025781,0.020197,-0.473023,-0.229884,-0.842494,98941.0000
1779272964882527728,2026-05-20 15:59:24.881,0.039672,2.607754,188.933060,0.065801,0.000780,0.976289,0.656296,0.048218,9.782817,0.008172,0.029180,0.022205,-0.472728,-0.227825,-0.843451,98939.0000
1779272964982953654,2026-05-20 15:59:24.981,0.014865,2.324312,188.846329,0.054289,0.002823,0.978662,0.367858,0.289746,9.854550,0.002477,0.058654,0.009651,-0.473032,-0.226953,-0.844064,98938.0000
1779272965082616969,2026-05-20 15:59:25.081,-0.006178,1.996592,188.783371,0.035729,0.001167,0.977613,0.437570,-0.456074,9.658011,0.001029,0.061822,0.012465,-0.470387,-0.226422,-0.846843,98936.0000
1779272965182482320,2026-05-20 15:59:25.181,-0.005435,1.776997,188.677032,0.018555,-0.000539,0.979416,0.051547,0.218521,9.810036,-0.000103,0.024034,0.025838,-0.470414,-0.225583,-0.848662,98938.0000
1779272965282422987,2026-05-20 15:59:25.281,0.032472,1.719342,188.551208,0.014292,0.002089,0.979654,0.030395,0.009376,9.977704,-0.007735,-0.002573,0.023368,-0.469218,-0.223808,-0.849335,98934.0000
1779272965382884283,2026-05-20 15:59:25.381,0.073476,1.826348,188.421936,0.015753,-0.002945,0.978177,0.262168,0.088014,9.807143,-0.003793,-0.028469,0.025914,-0.471595,-0.222326,-0.849010,98940.0000
1779272965482786394,2026-05-20 15:59:25.481,0.090561,2.022187,188.304611,0.026671,-0.004865,0.977030,0.403287,-0.168935,9.674129,0.000869,-0.037894,0.025036,-0.471855,-0.222265,-0.846905,98935.0000
1779272965582755098,2026-05-20 15:59:25.581,0.062974,2.190357,188.197342,0.036697,-0.006110,0.977199,0.632668,-0.622890,9.868218,0.004586,-0.022323,0.026536,-0.473631,-0.221067,-0.846289,98936.0000
1779272965682460394,2026-05-20 15:59:25.681,0.001786,2.239531,188.115417,0.043631,-0.001743,0.977981,0.216170,-0.221351,9.663210,0.012235,-0.000684,0.016396,-0.474548,-0.222281,-0.846836,98938.0000
1779272965782791801,2026-05-20 15:59:25.781,-0.052832,2.223116,188.046249,0.042447,-0.000916,0.977574,0.610181,-0.315192,9.644715,0.014943,0.017516,0.013702,-0.474220,-0.221351,-0.845667,98939.0000
1779272965882639394,2026-05-20 15:59:25.881,-0.084167,2.174880,187.983795,0.032453,0.004757,0.977274,0.580877,-0.189815,9.656821,-0.001382,0.004503,0.005289,-0.474811,-0.221048,-0.845360,98936.0000
1779272965982464912,2026-05-20 15:59:25.981,-0.078426,2.139380,187.953125,0.032032,0.002871,0.978221,0.302733,0.095612,9.792904,-0.005569,-0.002978,0.003050,-0.472713,-0.221324,-0.845106,98943.0000
1779272966083018783,2026-05-20 15:59:26.081,-0.050209,2.148941,187.976608,0.033639,-0.000071,0.979471,0.348264,0.581006,9.667655,-0.003878,-0.005657,-0.006869,-0.474208,-0.219565,-0.845711,98940.0000
1779272966182623227,2026-05-20 15:59:26.181,-0.021580,2.239533,188.052887,0.030693,-0.003379,0.976424,0.436127,-0.022502,9.689323,-0.004034,-0.016085,-0.018905,-0.474837,-0.221679,-0.846544,98938.0000
1779272966282587912,2026-05-20 15:59:26.281,-0.015243,2.320168,188.162720,0.033345,-0.005629,0.976366,0.032259,-0.107000,9.742987,-0.002352,-0.022390,-0.016359,-0.473897,-0.221899,-0.844163,98939.0000
1779272966383883560,2026-05-20 15:59:26.382,-0.020876,2.371006,188.290359,0.042170,-0.004698,0.979180,0.147993,-0.207810,9.764600,0.003833,-0.004596,-0.019499,-0.474521,-0.222534,-0.845332,98932.0000
1779272966482983653,2026-05-20 15:59:26.481,-0.037820,2.417495,188.436554,0.041679,-0.008046,0.979456,0.492217,-0.200984,10.022078,0.012716,0.007261,-0.014151,-0.475391,-0.222495,-0.843811,98942.0000
1779272966582783968,2026-05-20 15:59:26.581,-0.062366,2.426088,188.575302,0.038466,-0.005325,0.977270,0.293144,-0.359550,9.847321,-0.002691,0.001585,-0.017740,-0.474212,-0.224282,-0.844098,98939.0000
1779272966682677708,2026-05-20 15:59:26.681,-0.074460,2.383255,188.706100,0.039370,-0.003453,0.977523,0.233947,-0.242992,9.660931,-0.002412,-0.003067,-0.021942,-0.473038,-0.225194,-0.845006,98934.0000
1779272966782236893,2026-05-20 15:59:26.780,-0.058473,2.348683,188.851715,0.040041,-0.002214,0.979430,0.585517,0.085154,9.604868,-0.007156,0.005551,-0.030343,-0.472767,-0.227005,-0.845869,98934.0000
1779272966882796208,2026-05-20 15:59:26.881,-0.038106,2.342429,189.029510,0.032185,-0.005795,0.977047,0.476722,-0.256780,9.694637,-0.006845,-0.001620,-0.040675,-0.471840,-0.228424,-0.843758,98936.0000
1779272966982659301,2026-05-20 15:59:26.981,-0.035235,2.338712,189.210098,0.035211,-0.006451,0.976564,0.104345,-0.003272,9.540804,-0.005160,-0.007962,-0.034009,-0.470961,-0.228743,-0.844673,98936.0000
1779272967082408393,2026-05-20 15:59:27.081,-0.035380,2.353470,189.398880,0.040809,-0.008439,0.979232,0.320469,-0.094402,9.861830,-0.000318,0.008117,-0.040866,-0.470978,-0.228770,-0.845572,98934.0000
1779272967183022930,2026-05-20 15:59:27.181,-0.047156,2.375879,189.609039,0.036035,-0.007102,0.978276,0.320114,0.162344,9.774705,0.006815,-0.002432,-0.047084,-0.470092,-0.230550,-0.845552,98931.0000
1779272967282605097,2026-05-20 15:59:27.281,-0.066672,2.397838,189.849945,0.034387,-0.006612,0.975990,0.361771,0.432933,9.724178,0.002034,-0.014143,-0.047199,-0.468315,-0.233218,-0.845533,98933.0000
1779272967382545338,2026-05-20 15:59:27.381,-0.083184,2.400796,190.089783,0.040135,-0.006023,0.978229,0.267697,0.456448,9.584945,-0.002332,-0.013358,-0.045688,-0.468317,-0.234399,-0.845205,98939.0000
1779272967482286430,2026-05-20 15:59:27.481,-0.086890,2.389323,190.319824,0.044534,-0.006688,0.979714,0.252479,0.268692,9.811745,-0.000876,0.018481,-0.044646,-0.468342,-0.235616,-0.846074,98937.0000
1779272967582894597,2026-05-20 15:59:27.581,-0.094127,2.373352,190.577316,0.033123,-0.006929,0.977720,0.565211,0.355158,10.068398,-0.001572,0.003719,-0.046968,-0.467412,-0.236738,-0.843972,98938.0000
1779272967682694078,2026-05-20 15:59:27.681,-0.120652,2.367567,190.862305,0.032453,-0.007621,0.976823,0.215783,0.244011,9.921772,0.001693,-0.015638,-0.046533,-0.464766,-0.240329,-0.845153,98936.0000
1779272967782668134,2026-05-20 15:59:27.781,-0.145483,2.384504,191.122894,0.043012,-0.007733,0.980219,0.259911,0.137305,9.821390,0.000837,-0.003264,-0.043853,-0.463865,-0.243263,-0.843906,98934.0000
1779272967882540726,2026-05-20 15:59:27.881,-0.147623,2.408563,191.351379,0.038764,-0.005177,0.978846,0.554600,0.181360,9.807856,-0.001628,0.004111,-0.038784,-0.463897,-0.242136,-0.846031,98936.0000
1779272967982688782,2026-05-20 15:59:27.981,-0.135505,2.396654,191.568420,0.032420,-0.004159,0.977300,0.671718,0.336570,9.849751,-0.006702,-0.002925,-0.034536,-0.461230,-0.246872,-0.845686,98940.0000
1779272968082591393,2026-05-20 15:59:28.081,-0.113783,2.378870,191.786819,0.037468,-0.006516,0.977414,0.211986,0.219976,9.529854,-0.009054,-0.008269,-0.041522,-0.461539,-0.247478,-0.845963,98938.0000
1779272968182484115,2026-05-20 15:59:28.181,-0.092264,2.402293,191.988312,0.042024,-0.008721,0.978518,0.273594,-0.103459,9.594416,-0.002832,0.013507,-0.036443,-0.460641,-0.247472,-0.845986,98938.0000
1779272968283089689,2026-05-20 15:59:28.281,-0.082120,2.420433,192.168533,0.035021,-0.009155,0.975842,0.481840,-0.352304,9.939168,-0.000598,-0.002295,-0.031407,-0.458551,-0.248055,-0.846025,98936.0000
1779272968382887837,2026-05-20 15:59:28.381,-0.090221,2.412720,192.338882,0.035632,-0.007811,0.977458,0.127561,-0.142187,9.688440,0.000927,-0.009510,-0.030307,-0.459443,-0.249819,-0.845060,98936.0000
1779272968482397726,2026-05-20 15:59:28.481,-0.109325,2.441300,192.499420,0.039074,-0.009732,0.978497,0.196465,-0.204001,9.652282,0.007410,0.000103,-0.024744,-0.457624,-0.249474,-0.843915,98937.0000
1779272968582301466,2026-05-20 15:59:28.580,-0.134304,2.471747,192.638931,0.037836,-0.004793,0.977583,0.501191,0.075578,9.596414,-0.003768,-0.004342,-0.030495,-0.459146,-0.250114,-0.845061,98935.0000
1779272968682777726,2026-05-20 15:59:28.681,-0.161134,2.450634,192.762741,0.039422,-0.003630,0.977943,0.211806,-0.285180,9.610394,0.000988,0.001421,-0.026325,-0.457974,-0.252208,-0.845640,98935.0000
1779272968782805152,2026-05-20 15:59:28.781,-0.175752,2.427353,192.910522,0.039692,-0.001718,0.980668,0.360162,-0.011377,9.738411,-0.004994,0.003328,-0.030581,-0.458891,-0.256073,-0.845224,98936.0000
1779272968882631374,2026-05-20 15:59:28.881,-0.173201,2.446118,193.093582,0.036831,-0.003678,0.978077,0.540703,0.042815,9.825404,-0.007919,-0.008384,-0.034425,-0.454680,-0.255128,-0.844454,98932.0000
1779272968982589948,2026-05-20 15:59:28.981,-0.164531,2.492121,193.276794,0.039893,-0.006230,0.977107,0.348330,-0.169388,9.644936,0.000573,-0.000598,-0.028012,-0.456522,-0.256392,-0.846477,98937.0000
1779272969082876244,2026-05-20 15:59:29.081,-0.157883,2.496267,193.443909,0.039595,-0.005452,0.975474,0.310788,-0.107128,9.741449,-0.005039,-0.005692,-0.030589,-0.455605,-0.257532,-0.844973,98930.0000
1779272969182474114,2026-05-20 15:59:29.181,-0.150589,2.483073,193.601685,0.043777,-0.005920,0.978518,0.000252,-0.364332,9.573452,0.001153,0.012917,-0.034272,-0.454099,-0.258686,-0.844084,98932.0000
1779272969282391577,2026-05-20 15:59:29.281,-0.133586,2.480689,193.763214,0.036465,-0.006198,0.976483,0.542552,0.025954,9.906858,-0.000536,0.008888,-0.020518,-0.453509,-0.259873,-0.844071,98935.0000
1779272969382931447,2026-05-20 15:59:29.381,-0.127689,2.456234,193.907883,0.036677,-0.005795,0.976758,0.460256,-0.028208,9.737810,0.004269,-0.003667,-0.018846,-0.453229,-0.260196,-0.844970,98937.0000
1779272969482774059,2026-05-20 15:59:29.481,-0.131372,2.418088,194.037567,0.038826,-0.007389,0.979559,0.068468,-0.245147,9.758165,0.004966,0.001815,-0.023874,-0.451765,-0.262594,-0.845849,98940.0000
1779272969582616466,2026-05-20 15:59:29.581,-0.141557,2.418005,194.171112,0.035650,-0.005958,0.980259,0.099641,0.133541,9.706175,0.007312,0.001271,-0.021644,-0.450872,-0.262300,-0.846179,98936.0000
1779272969682492318,2026-05-20 15:59:29.681,-0.157227,2.456776,194.302322,0.033490,-0.006969,0.978763,0.220807,-0.153777,9.759293,0.008101,-0.006029,-0.017242,-0.451462,-0.261997,-0.845871,98931.0000
1779272969783026318,2026-05-20 15:59:29.781,-0.179027,2.482920,194.426407,0.038672,-0.004182,0.976450,0.440538,0.027682,9.650689,0.002027,-0.005287,-0.017980,-0.450867,-0.264943,-0.844916,98943.0000
1779272969882687281,2026-05-20 15:59:29.881,-0.193079,2.519405,194.550674,0.041333,-0.001936,0.977298,0.431099,0.385491,9.944109,0.002858,-0.005702,-0.024531,-0.451786,-0.264100,-0.846412,98936.0000
1779272969982425706,2026-05-20 15:59:29.981,-0.190213,2.548635,194.682373,0.040871,-0.003507,0.976674,0.581021,-0.009211,9.921370,0.000366,-0.004917,-0.025234,-0.450566,-0.265527,-0.844610,98938.0000
1779272970082880169,2026-05-20 15:59:30.081,-0.176591,2.558979,194.836243,0.041568,-0.002299,0.977596,0.720014,0.216472,9.751480,-0.004838,-0.000155,-0.026419,-0.449381,-0.267305,-0.844597,98940.0000
1779272970182815132,2026-05-20 15:59:30.181,-0.159464,2.520496,194.988693,0.042352,-0.005730,0.978888,0.504636,-0.129068,9.803499,-0.004564,0.014164,-0.030151,-0.448805,-0.268221,-0.845490,98934.0000
1779272970282911002,2026-05-20 15:59:30.281,-0.148359,2.484494,195.125305,0.038408,-0.006864,0.979629,0.203283,-0.400691,9.887812,0.004881,0.021951,-0.025678,-0.447614,-0.268223,-0.845819,98936.0000
1779272970382645632,2026-05-20 15:59:30.381,-0.149225,2.454701,195.258179,0.032605,-0.007753,0.976835,0.296261,-0.177919,9.876235,0.004140,-0.003077,-0.019839,-0.446438,-0.269722,-0.846413,98936.0000
1779272970482787595,2026-05-20 15:59:30.481,-0.159760,2.443183,195.381805,0.038757,-0.005857,0.978813,0.201842,0.210937,9.767477,0.004873,-0.003326,-0.014631,-0.447618,-0.270586,-0.845163,98938.0000
1779272970582678280,2026-05-20 15:59:30.581,-0.178799,2.467703,195.494049,0.037738,-0.003998,0.977441,0.277351,0.172287,9.690513,0.001806,-0.000395,-0.021055,-0.446732,-0.271482,-0.845464,98942.0000
1779272970682481243,2026-05-20 15:59:30.681,-0.187907,2.499307,195.607117,0.036522,-0.003610,0.977195,0.467070,0.060063,9.807269,0.000884,-0.002772,-0.021654,-0.444966,-0.273284,-0.846365,98928.0000
1779272970782431502,2026-05-20 15:59:30.781,-0.192123,2.528086,195.717331,0.038815,-0.004438,0.978019,0.095071,-0.419543,9.658948,0.000826,-0.005739,-0.016069,-0.446740,-0.270905,-0.846077,98934.0000
1779272970882452910,2026-05-20 15:59:30.881,-0.187349,2.549123,195.809845,0.042688,-0.004115,0.978561,0.208892,0.149351,9.815281,0.008041,0.004666,-0.008552,-0.444900,-0.272589,-0.843085,98936.0000
1779272970982617928,2026-05-20 15:59:30.981,-0.168021,2.545964,195.896591,0.044912,-0.002542,0.978153,0.652454,0.239812,9.903500,-0.000873,0.009597,-0.006668,-0.445261,-0.273574,-0.846051,98939.0000
1779272971082712298,2026-05-20 15:59:31.081,-0.151859,2.499505,195.984589,0.038873,-0.003282,0.976253,0.628833,-0.148080,9.762047,-0.008069,0.006552,-0.019088,-0.444955,-0.274149,-0.845445,98943.0000
1779272971182898798,2026-05-20 15:59:31.181,-0.146948,2.434817,196.087860,0.035306,-0.006664,0.976718,0.114443,-0.083615,9.585279,0.006148,-0.003195,-0.018655,-0.444629,-0.273516,-0.844269,98936.0000
1779272971282821428,2026-05-20 15:59:31.281,-0.143561,2.440253,196.197495,0.041635,-0.006587,0.980636,0.235561,-0.080150,9.546506,-0.002358,0.008838,-0.019759,-0.444330,-0.275282,-0.843634,98930.0000
1779272971382704298,2026-05-20 15:59:31.381,-0.153772,2.464425,196.291153,0.035577,-0.006820,0.977430,0.739317,-0.496912,9.997781,0.005044,0.003095,-0.014992,-0.443444,-0.275294,-0.844256,98938.0000
1779272971482537613,2026-05-20 15:59:31.481,-0.181604,2.450928,196.334045,0.033364,-0.005299,0.976611,0.126058,0.158907,9.720139,0.005392,-0.009125,-0.002986,-0.442893,-0.275660,-0.846661,98939.0000
1779272971583085076,2026-05-20 15:59:31.581,-0.201935,2.442422,196.375824,0.039824,-0.002202,0.979875,0.311708,0.083313,9.922201,-0.001464,-0.002457,-0.005868,-0.442886,-0.277121,-0.845726,98936.0000
1779272971682602835,2026-05-20 15:59:31.681,-0.209258,2.419637,196.429611,0.041693,-0.002975,0.979300,0.631872,-0.266668,9.958285,0.006093,0.015766,-0.009229,-0.441395,-0.277121,-0.846064,98933.0000
1779272971782612557,2026-05-20 15:59:31.781,-0.199650,2.407999,196.466507,0.032212,-0.002583,0.976003,0.028035,-0.032400,9.775655,0.001954,0.001795,-0.005757,-0.443473,-0.277107,-0.845112,98944.0000
1779272971883781576,2026-05-20 15:59:31.882,-0.190298,2.389117,196.496490,0.035197,-0.001202,0.978039,0.142073,0.006960,9.622325,-0.006972,-0.007065,-0.006149,-0.442014,-0.275979,-0.847575,98943.0000
1779272971982995539,2026-05-20 15:59:31.981,-0.176616,2.372036,196.527542,0.040216,-0.004024,0.979142,0.547212,-0.115168,9.810743,-0.004004,0.010230,-0.005224,-0.441409,-0.278320,-0.846335,98934.0000
1779272972082865927,2026-05-20 15:59:32.081,-0.170538,2.380986,196.549011,0.033684,-0.005564,0.976463,0.593108,-0.025619,9.921133,0.000380,-0.001990,0.002597,-0.442876,-0.276517,-0.845441,98941.0000
1779272972182508298,2026-05-20 15:59:32.181,-0.175497,2.392364,196.561859,0.033080,-0.003186,0.977184,0.374556,0.138917,9.578176,0.001411,-0.006322,-0.001125,-0.442888,-0.277419,-0.845719,98934.0000
1779272972283030946,2026-05-20 15:59:32.281,-0.184780,2.405200,196.570419,0.036499,-0.001755,0.978846,0.359877,0.190296,9.649314,0.005172,-0.005020,-0.004529,-0.442874,-0.276219,-0.845448,98943.0000
1779272972382856631,2026-05-20 15:59:32.381,-0.196758,2.418483,196.584518,0.038458,-0.004481,0.978639,0.220493,0.001444,9.764982,0.002890,0.000961,-0.002929,-0.440830,-0.279525,-0.846920,98936.0000
1779272972482706557,2026-05-20 15:59:32.481,-0.195733,2.445155,196.616074,0.039516,-0.001610,0.978820,0.490862,-0.000901,9.753153,-0.000212,0.002454,-0.006869,-0.442600,-0.279203,-0.845684,98939.0000
1779272972582572668,2026-05-20 15:59:32.581,-0.194581,2.422548,196.644043,0.036321,-0.002188,0.977129,0.824693,-0.118193,9.822761,-0.000036,0.008382,-0.006975,-0.441406,-0.279493,-0.845707,98931.0000
1779272972683115538,2026-05-20 15:59:32.681,-0.190897,2.367534,196.654007,0.036331,-0.003525,0.977105,0.323638,-0.149551,9.854592,0.001271,0.000980,-0.001006,-0.440536,-0.278648,-0.847549,98935.0000
1779272972782699631,2026-05-20 15:59:32.781,-0.179307,2.350329,196.675919,0.038153,-0.002398,0.979341,0.142134,-0.223383,9.704956,0.007161,0.011431,-0.007212,-0.439317,-0.278605,-0.846381,98938.0000
1779272972882621927,2026-05-20 15:59:32.881,-0.159484,2.379284,196.724564,0.032933,-0.001408,0.976863,0.807848,-0.113986,9.898601,-0.008256,-0.003608,-0.013533,-0.441121,-0.279220,-0.846621,98943.0000
1779272972983779149,2026-05-20 15:59:32.982,-0.144541,2.401533,196.767944,0.033150,-0.006592,0.976677,-0.162060,-0.163549,9.591321,0.000502,-0.012736,-0.001563,-0.440799,-0.279183,-0.845430,98933.0000
1779272973082887371,2026-05-20 15:59:33.081,-0.130736,2.448680,196.796432,0.042310,-0.004967,0.980145,0.506597,-0.085985,9.756084,0.000508,-0.001833,0.000123,-0.441990,-0.278297,-0.845421,98940.0000
1779272973182504556,2026-05-20 15:59:33.181,-0.133075,2.465973,196.834717,0.040424,-0.005551,0.978419,0.276842,-0.390710,9.804267,0.004247,0.014516,-0.012795,-0.441097,-0.278003,-0.845751,98936.0000
1779272973284193556,2026-05-20 15:59:33.282,-0.151651,2.456633,196.856186,0.033109,-0.004622,0.975517,0.603995,0.058317,9.980710,0.000489,-0.009112,-0.001600,-0.441428,-0.278645,-0.847226,98943.0000
1779272973383088778,2026-05-20 15:59:33.381,-0.165563,2.407517,196.876907,0.040110,-0.002358,0.978781,0.388108,-0.051686,9.821538,-0.004107,0.009085,-0.006062,-0.441998,-0.276836,-0.846355,98944.0000
1779272973483049093,2026-05-20 15:59:33.481,-0.178852,2.388058,196.898941,0.036551,-0.003934,0.979230,0.148129,-0.299005,9.610342,0.008732,0.008333,0.001632,-0.439622,-0.280384,-0.846031,98938.0000
1779272973582781056,2026-05-20 15:59:33.581,-0.184112,2.382243,196.919586,0.032542,-0.001886,0.977495,0.782265,-0.049997,10.015231,0.002138,-0.004034,0.001879,-0.442913,-0.279520,-0.846268,98934.0000
1779272973682584612,2026-05-20 15:59:33.681,-0.180748,2.412264,196.939743,0.032088,-0.000676,0.974873,0.199506,-0.114241,9.658587,-0.008990,-0.014589,-0.000998,-0.439644,-0.279536,-0.847550,98935.0000
1779272973783010760,2026-05-20 15:59:33.781,-0.177864,2.457426,196.963974,0.038324,-0.003108,0.978791,0.562325,-0.071773,9.871499,0.002015,-0.002287,-0.006028,-0.440500,-0.279181,-0.845438,98941.0000
1779272973882717963,2026-05-20 15:59:33.881,-0.174555,2.502459,196.990646,0.038233,-0.003047,0.978286,0.662385,0.168310,9.662869,-0.007238,-0.010817,-0.007504,-0.440504,-0.279776,-0.845423,98934.0000
1779272973982549760,2026-05-20 15:59:33.981,-0.168726,2.509436,196.991119,0.040875,-0.004771,0.978837,0.273450,-0.098904,9.567078,-0.000750,-0.002243,0.004557,-0.440507,-0.280957,-0.845095,98936.0000
1779272974083820297,2026-05-20 15:59:34.082,-0.151653,2.485459,196.970947,0.042646,-0.002381,0.980009,0.503228,-0.169302,9.799536,0.003509,0.017104,0.009771,-0.439915,-0.279492,-0.846045,98943.0000
1779272974182822741,2026-05-20 15:59:34.181,-0.149497,2.409424,196.949844,0.034017,-0.002649,0.978172,0.490055,-0.183982,9.850045,-0.001621,0.002431,0.006035,-0.440500,-0.279181,-0.845438,98941.0000
1779272974282697185,2026-05-20 15:59:34.281,-0.154321,2.329089,196.925674,0.036875,-0.004331,0.978618,0.398551,-0.044675,9.852304,0.000883,0.006961,0.010888,-0.439597,-0.279166,-0.845161,98936.0000
1779272974382475907,2026-05-20 15:59:34.381,-0.157827,2.300730,196.892502,0.036914,-0.000655,0.977698,0.248823,-0.103925,9.796239,0.003138,0.011232,0.009932,-0.440240,-0.278358,-0.847863,98936.0000
1779272974483028278,2026-05-20 15:59:34.481,-0.150068,2.301466,196.858688,0.029622,0.000334,0.975989,0.596948,0.065869,9.817804,-0.003393,-0.003445,-0.002482,-0.441116,-0.280095,-0.846000,98935.0000
1779272974582855741,2026-05-20 15:59:34.581,-0.147807,2.290930,196.840118,0.030104,-0.004058,0.976521,0.181763,-0.092328,9.784934,-0.002914,-0.015809,0.002700,-0.441699,-0.277718,-0.846042,98940.0000
1779272974682725463,2026-05-20 15:59:34.681,-0.138132,2.337156,196.815506,0.039821,-0.001626,0.980433,0.261268,0.140444,9.721048,-0.000063,-0.005357,0.001084,-0.441706,-0.278908,-0.846013,98938.0000
1779272974782371296,2026-05-20 15:59:34.781,-0.122611,2.377261,196.781906,0.035638,-0.001833,0.977187,0.647947,-0.057161,9.981911,-0.006910,-0.002080,0.003499,-0.440513,-0.278612,-0.846351,98943.0000
1779272974882853055,2026-05-20 15:59:34.881,-0.117257,2.391963,196.744934,0.032226,-0.005026,0.976525,0.234143,-0.093313,9.764945,-0.003706,-0.016236,0.010425,-0.441451,-0.279565,-0.848104,98933.0000
1779272974982738629,2026-05-20 15:59:34.981,-0.133827,2.362054,196.728928,0.041746,-0.002932,0.980445,-0.168279,0.240933,9.589861,0.006702,0.004273,0.004265,-0.443213,-0.276284,-0.847538,98939.0000
1779272975082650111,2026-05-20 15:59:35.081,-0.150528,2.338302,196.727661,0.039661,-0.000627,0.978567,0.557536,0.087176,9.599857,0.001622,0.016019,-0.000925,-0.442291,-0.276829,-0.846048,98935.0000
1779272975182328277,2026-05-20 15:59:35.180,-0.156474,2.293967,196.737900,0.030915,-0.002165,0.976184,0.252348,-0.053792,9.940084,0.005619,0.007558,0.003718,-0.441083,-0.275920,-0.845801,98940.0000
1779272975282830055,2026-05-20 15:59:35.281,-0.156241,2.255309,196.759567,0.032618,-0.002568,0.978366,0.289342,0.158712,9.900048,0.000354,-0.005365,-0.003512,-0.441409,-0.278320,-0.846335,98939.0000
1779272975382895185,2026-05-20 15:59:35.381,-0.153625,2.285877,196.767059,0.034118,-0.003394,0.978574,0.431357,-0.348860,9.733053,0.001317,-0.003945,-0.000967,-0.440824,-0.278632,-0.846942,98935.0000
1779272975482364833,2026-05-20 15:59:35.481,-0.151580,2.324159,196.756683,0.032052,-0.002140,0.976873,0.037849,-0.084630,9.675716,0.005815,-0.004722,0.011017,-0.442007,-0.277440,-0.846641,98940.0000
1779272975582890203,2026-05-20 15:59:35.581,-0.136847,2.328244,196.760361,0.036932,-0.000870,0.977575,0.342988,0.072767,9.737775,-0.006182,-0.003209,-0.003155,-0.440815,-0.278912,-0.846336,98938.0000
1779272975682768073,2026-05-20 15:59:35.681,-0.122083,2.329288,196.779816,0.037721,-0.004968,0.979629,0.669544,-0.332839,9.980127,0.000955,0.002318,-0.005808,-0.441706,-0.278908,-0.846013,98944.0000
1779272975782711647,2026-05-20 15:59:35.781,-0.118352,2.335109,196.773651,0.031237,-0.004833,0.976668,0.100346,0.217250,9.697383,0.004858,-0.006588,0.006695,-0.441113,-0.277146,-0.846970,98939.0000
1779272975882608166,2026-05-20 15:59:35.881,-0.123276,2.345163,196.744781,0.038562,-0.001539,0.977218,0.030350,-0.123177,9.492929,0.003063,0.000786,0.004264,-0.441108,-0.277137,-0.846671,98937.0000
1779272975982507110,2026-05-20 15:59:35.981,-0.129171,2.343815,196.724670,0.034844,-0.002970,0.978126,0.482059,-0.102975,9.712720,0.002054,-0.001977,0.002827,-0.442314,-0.277749,-0.846925,98940.0000
1779272976082891814,2026-05-20 15:59:36.081,-0.142716,2.357460,196.718277,0.034229,-0.003754,0.979099,0.553673,0.176914,9.780123,0.005442,-0.001448,0.001508,-0.442267,-0.277379,-0.844536,98939.0000
1779272976182380055,2026-05-20 15:59:36.181,-0.148635,2.378039,196.701111,0.035528,-0.001617,0.977930,0.240730,-0.207559,9.713958,0.000685,-0.008957,0.001351,-0.442600,-0.277435,-0.846326,98938.0000
1779272976283010203,2026-05-20 15:59:36.281,-0.147580,2.370286,196.689255,0.036450,-0.000200,0.977086,0.231520,0.138365,9.850630,-0.003334,-0.007466,0.003647,-0.441403,-0.278311,-0.846035,98936.0000
1779272976382854277,2026-05-20 15:59:36.381,-0.137185,2.379946,196.703781,0.037909,-0.001152,0.978684,0.203716,0.342162,9.755633,0.001994,0.000818,-0.001767,-0.441384,-0.277103,-0.845465,98937.0000
1779272976482742962,2026-05-20 15:59:36.481,-0.124811,2.388853,196.722229,0.039197,-0.005274,0.978503,0.147276,-0.018568,9.732893,-0.000321,0.005032,0.000783,-0.442927,-0.278365,-0.847495,98943.0000
1779272976582580128,2026-05-20 15:59:36.581,-0.111399,2.392313,196.716644,0.037323,-0.002016,0.978007,0.470833,0.186870,9.766685,-0.000991,-0.001146,0.001545,-0.441990,-0.277413,-0.845742,98938.0000
1779272976682515962,2026-05-20 15:59:36.681,-0.099925,2.368257,196.700241,0.037819,-0.003012,0.979077,0.765905,-0.294531,9.923828,-0.004241,-0.001954,0.000390,-0.441395,-0.276237,-0.846385,98929.0000
1779272976782847573,2026-05-20 15:59:36.781,-0.102509,2.355874,196.685211,0.036246,-0.008152,0.977295,0.013326,-0.044957,9.676527,0.011247,0.008588,0.013627,-0.441424,-0.277166,-0.847562,98942.0000
1779272976882735073,2026-05-20 15:59:36.881,-0.120620,2.343149,196.666245,0.035267,-0.002952,0.977838,0.191267,0.140369,9.683871,0.002909,0.000533,0.004577,-0.444662,-0.275924,-0.845110,98938.0000
1779272976983033610,2026-05-20 15:59:36.981,-0.127795,2.331822,196.635757,0.035435,0.000139,0.977102,0.802298,-0.140343,9.798439,-0.003240,0.006811,0.002171,-0.443194,-0.276843,-0.846325,98937.0000
1779272977082912128,2026-05-20 15:59:37.081,-0.122404,2.324193,196.609558,0.032823,-0.001880,0.977346,0.102340,-0.105030,9.758953,0.002616,0.005222,0.008087,-0.444066,-0.276218,-0.845118,98936.0000
1779272977182866980,2026-05-20 15:59:37.181,-0.116494,2.323427,196.602341,0.034675,-0.001907,0.979708,0.220021,0.114335,9.701982,-0.000824,0.003987,-0.001007,-0.443213,-0.277168,-0.847217,98938.0000
1779272977282785443,2026-05-20 15:59:37.281,-0.118342,2.335467,196.602905,0.035653,-0.001709,0.978873,0.713623,0.071114,9.844101,-0.004336,-0.005587,-0.008528,-0.442298,-0.275368,-0.846983,98935.0000
1779272977382915202,2026-05-20 15:59:37.381,-0.127015,2.338970,196.601059,0.033149,-0.003229,0.976993,0.119718,0.112519,9.881913,0.001208,-0.010227,0.001202,-0.441361,-0.275299,-0.844909,98934.0000
1779272977482806869,2026-05-20 15:59:37.481,-0.135794,2.338994,196.597336,0.039293,-0.002382,0.979126,0.103542,0.160073,9.600626,0.003873,0.002844,0.001934,-0.444090,-0.275668,-0.846630,98935.0000
1779272977582648239,2026-05-20 15:59:37.581,-0.139913,2.345880,196.596924,0.037040,-0.002389,0.979018,0.513999,0.017789,9.817536,0.000716,0.007395,0.000143,-0.442262,-0.275016,-0.845193,98931.0000
1779272977684019443,2026-05-20 15:59:37.682,-0.141546,2.327552,196.593582,0.030574,-0.004333,0.976150,0.266079,-0.037910,9.907270,-0.000509,-0.016117,0.001281,-0.442570,-0.276209,-0.845157,98942.0000
1779272977782832294,2026-05-20 15:59:37.781,-0.132384,2.321739,196.569412,0.039158,-0.000680,0.978468,0.351830,-0.155513,9.771096,0.003129,-0.001577,0.009914,-0.443522,-0.278658,-0.847173,98932.0000
1779272977882681035,2026-05-20 15:59:37.881,-0.116311,2.307411,196.538773,0.037923,-0.001984,0.978127,0.186440,-0.105655,9.694467,0.002991,0.017189,0.004258,-0.442605,-0.274793,-0.847589,98937.0000
1779272977982552090,2026-05-20 15:59:37.981,-0.112419,2.280627,196.508957,0.031272,-0.005111,0.976863,0.604393,-0.127378,9.858092,0.008423,0.001765,0.006675,-0.442287,-0.275350,-0.846384,98943.0000
1779272978083809257,2026-05-20 15:59:38.082,-0.120231,2.277626,196.486847,0.033650,-0.001540,0.977511,0.485810,0.066204,9.776926,-0.002232,-0.005580,0.001965,-0.441687,-0.275049,-0.846406,98933.0000
1779272978182799424,2026-05-20 15:59:38.181,-0.127164,2.280810,196.479675,0.032919,-0.000155,0.977772,0.011759,-0.230835,9.684742,0.003849,0.004270,0.003025,-0.443493,-0.275962,-0.846638,98940.0000
1779272978282648498,2026-05-20 15:59:38.281,-0.130248,2.323134,196.480423,0.032938,-0.002669,0.978567,0.378352,0.098926,9.752730,-0.000004,-0.002404,0.001946,-0.442259,-0.276189,-0.844565,98938.0000
1779272978383870312,2026-05-20 15:59:38.382,-0.133977,2.365102,196.474991,0.034707,-0.001834,0.978757,0.635040,0.079352,9.835767,-0.004758,-0.011232,-0.000548,-0.442878,-0.275047,-0.846076,98938.0000
1779272978483044479,2026-05-20 15:59:38.481,-0.139224,2.372489,196.459854,0.037919,-0.002901,0.979882,0.096145,-0.384114,9.734926,0.003075,-0.003553,0.001849,-0.443779,-0.274764,-0.846360,98936.0000
1779272978582914775,2026-05-20 15:59:38.581,-0.128643,2.361266,196.417969,0.035262,-0.000806,0.978525,0.615224,0.402228,10.032002,0.000979,0.007717,0.008711,-0.444094,-0.276263,-0.846616,98938.0000
1779272978682775294,2026-05-20 15:59:38.681,-0.109248,2.119538,196.426331,0.038618,0.000430,0.982674,0.213264,0.346903,9.786931,-0.009276,0.073858,-0.013848,-0.442588,-0.274766,-0.846690,98933.0000
1779272978782401960,2026-05-20 15:59:38.781,-0.090551,1.511601,196.587601,0.021020,-0.003967,0.982358,0.161710,-0.110910,9.976640,-0.003544,0.131080,-0.035879,-0.437895,-0.275475,-0.851591,98941.0000
1779272978882942386,2026-05-20 15:59:38.881,-0.052987,0.794221,196.896194,-0.015420,-0.005175,0.980762,0.047492,0.537522,10.131118,-0.002655,0.119033,-0.063481,-0.433502,-0.277071,-0.856163,98943.0000
1779272978982738812,2026-05-20 15:59:38.981,-0.003719,0.112745,197.367340,-0.040725,-0.006768,0.982036,-0.756251,0.081719,9.581124,-0.004411,0.098247,-0.094023,-0.426139,-0.281921,-0.860733,98936.0000
1779272979082557108,2026-05-20 15:59:39.081,0.057415,-0.328880,197.936447,-0.057009,-0.011359,0.979799,-0.507971,-0.042911,9.720375,-0.006875,0.043331,-0.113316,-0.421433,-0.283199,-0.864721,98938.0000
1779272979182445127,2026-05-20 15:59:39.181,0.114805,-0.471471,198.565598,-0.059156,-0.015155,0.979015,-1.123762,0.193086,9.715025,-0.002274,0.015577,-0.125511,-0.417577,-0.287351,-0.865019,98932.0000
1779272979284793367,2026-05-20 15:59:39.283,0.148689,-0.600202,199.274216,-0.058246,-0.020309,0.977261,-1.207379,0.484677,9.379940,0.018150,0.045289,-0.137239,-0.413451,-0.292727,-0.866494,98943.0000
1779272979382922923,2026-05-20 15:59:39.381,0.149586,-1.058992,200.236145,-0.080031,-0.018789,0.977123,-1.059144,1.727997,9.928938,0.001285,0.093555,-0.185385,-0.406363,-0.298129,-0.869544,98932.0000
1779272979482460571,2026-05-20 15:59:39.481,0.049284,-1.601015,201.477417,-0.108304,-0.026910,0.971526,-1.362921,-0.436746,9.458273,0.027608,0.057634,-0.219178,-0.395098,-0.307059,-0.872016,98939.0000
1779272979582961349,2026-05-20 15:59:39.581,-0.069663,-1.702105,202.752945,-0.124314,-0.012402,0.972964,-1.986539,-0.088297,9.529016,0.016839,-0.027820,-0.220822,-0.388883,-0.316552,-0.872246,98945.0000
1779272979682813015,2026-05-20 15:59:39.681,-0.109415,-1.440533,204.063782,-0.104575,-0.001331,0.974788,-1.175254,0.294755,9.873307,0.013314,-0.072456,-0.238500,-0.384422,-0.323929,-0.870983,98938.0000
1779272979782811904,2026-05-20 15:59:39.781,-0.074914,-0.842418,205.413544,-0.093322,-0.008798,0.969073,0.206966,-0.130163,9.716753,0.006861,-0.122020,-0.219683,-0.379904,-0.331215,-0.866725,98936.0000
1779272979882619738,2026-05-20 15:59:39.881,-0.002182,-0.033580,206.731323,-0.063838,-0.013995,0.964252,-0.877486,-0.351131,9.244115,-0.008036,-0.140319,-0.223057,-0.375118,-0.339726,-0.863643,98945.0000
1779272979983185756,2026-05-20 15:59:39.981,0.021456,0.439053,208.157013,-0.025197,-0.018810,0.979156,-0.106484,-0.745005,9.849165,-0.006428,-0.063648,-0.255916,-0.370602,-0.346426,-0.859698,98936.0000
1779272980082881367,2026-05-20 15:59:40.081,-0.068288,0.504835,209.673264,-0.017491,-0.016506,0.979745,-0.081073,0.050560,9.797505,0.022628,-0.002075,-0.261107,-0.362566,-0.355277,-0.858791,98936.0000
1779272980182596960,2026-05-20 15:59:40.181,-0.209886,0.349053,211.192139,-0.018175,-0.010231,0.981407,-0.169528,0.710025,10.098773,0.026070,0.040618,-0.264505,-0.353365,-0.366528,-0.858754,98938.0000
1779272980282409941,2026-05-20 15:59:40.281,-0.342467,0.184290,212.722382,-0.028463,-0.004843,0.983568,-0.803440,0.183664,9.961180,0.005299,0.007230,-0.275149,-0.342352,-0.373323,-0.859472,98942.0000
1779272980382378293,2026-05-20 15:59:40.381,-0.427427,0.121370,214.365646,-0.028008,0.001404,0.979425,-0.354390,-0.269872,9.789264,0.007908,-0.012389,-0.292753,-0.329836,-0.382453,-0.858971,98936.0000
1779272980482714663,2026-05-20 15:59:40.481,-0.428061,0.262001,216.158798,-0.019469,0.012671,0.979507,-0.115791,0.080469,9.847055,-0.006230,-0.046399,-0.331568,-0.320623,-0.393389,-0.858344,98939.0000
1779272980582770904,2026-05-20 15:59:40.581,-0.353358,0.524328,218.110611,-0.002076,0.009186,0.982786,-0.023579,-0.073318,9.685620,-0.014417,-0.049063,-0.352453,-0.309282,-0.400137,-0.857570,98939.0000
1779272980682946144,2026-05-20 15:59:40.681,-0.239285,0.774327,220.164413,0.011430,0.002408,0.977566,0.047604,-0.331402,9.695026,-0.021105,-0.046000,-0.363918,-0.296475,-0.409572,-0.857370,98943.0000
1779272980782873922,2026-05-20 15:59:40.781,-0.143876,0.920945,222.238327,0.025977,-0.009306,0.979591,0.004561,-0.295835,9.618355,-0.019322,-0.009598,-0.363682,-0.283964,-0.417827,-0.857490,98937.0000
1779272980882735755,2026-05-20 15:59:40.881,-0.114197,0.871117,224.298737,0.030321,-0.012808,0.977641,0.180548,-0.168168,9.673061,-0.002434,0.026493,-0.363385,-0.266375,-0.425474,-0.858354,98938.0000
1779272980982571385,2026-05-20 15:59:40.981,-0.141082,0.621210,226.376602,0.025777,-0.009322,0.979621,0.233719,0.075074,9.838742,0.009998,0.060759,-0.365738,-0.250558,-0.432213,-0.858294,98936.0000
1779272981082996015,2026-05-20 15:59:41.081,-0.165810,0.287633,228.513275,0.009714,-0.005707,0.980785,-0.019688,0.174378,9.738708,-0.003071,0.054349,-0.371535,-0.232706,-0.440209,-0.860956,98941.0000
1779272981182643792,2026-05-20 15:59:41.181,-0.155860,0.018814,230.698318,-0.005859,-0.002248,0.979068,-0.131612,-0.128822,9.819735,-0.004738,0.031282,-0.381165,-0.214801,-0.446944,-0.861250,98938.0000
1779272981282490626,2026-05-20 15:59:41.281,-0.110423,-0.094362,232.891281,-0.014974,-0.002698,0.979126,-0.273358,-0.087853,9.675279,-0.012745,-0.001188,-0.382035,-0.198389,-0.451622,-0.862155,98943.0000
1779272981382364644,2026-05-20 15:59:41.381,-0.057509,-0.040264,235.077164,-0.016214,-0.008011,0.976104,-0.125654,-0.277997,9.776164,-0.007538,-0.025280,-0.384410,-0.179878,-0.458046,-0.862172,98941.0000
1779272981482841514,2026-05-20 15:59:41.481,-0.024478,0.133235,237.269844,-0.007823,-0.010232,0.973921,0.073420,-0.151849,9.726667,-0.000369,-0.035490,-0.386114,-0.163449,-0.461814,-0.862499,98943.0000
1779272981582700792,2026-05-20 15:59:41.581,-0.030283,0.326784,239.480011,0.003332,-0.012343,0.975529,0.141414,-0.203190,9.815663,0.007978,-0.030764,-0.384712,-0.147898,-0.465263,-0.861912,98938.0000
1779272981682552218,2026-05-20 15:59:41.681,-0.068762,0.466916,241.677452,0.011808,-0.009172,0.976729,-0.001296,0.013473,9.708534,0.009328,-0.013441,-0.382723,-0.131746,-0.469880,-0.860713,98936.0000
1779272981783157681,2026-05-20 15:59:41.781,-0.107709,0.511738,243.833328,0.016422,-0.007019,0.981066,0.177487,-0.087485,9.845137,0.007085,0.005506,-0.374943,-0.113855,-0.473692,-0.862876,98941.0000
1779272981882772625,2026-05-20 15:59:41.881,-0.115750,0.453111,245.967773,0.015019,-0.002322,0.982521,0.209454,0.152263,9.809281,-0.005247,0.020531,-0.378181,-0.096792,-0.476221,-0.861750,98931.0000
1779272981982541458,2026-05-20 15:59:41.981,-0.081031,0.330441,248.112976,0.010949,-0.004543,0.981763,0.149272,-0.073316,9.818546,-0.008171,0.023346,-0.374554,-0.078586,-0.477651,-0.863978,98938.0000
1779272982083878847,2026-05-20 15:59:42.082,-0.026993,0.193798,250.299896,0.005360,-0.005745,0.980181,0.163871,-0.205333,9.769690,-0.007673,0.018094,-0.385341,-0.059117,-0.476612,-0.863598,98934.0000
1779272982182864995,2026-05-20 15:59:42.181,0.017907,0.100615,252.518341,0.000542,-0.011218,0.977002,-0.062684,-0.241419,9.728376,-0.008600,0.011614,-0.388430,-0.041148,-0.476177,-0.863167,98932.0000
1779272982282766755,2026-05-20 15:59:42.281,0.018690,0.077646,254.705383,-0.002738,-0.012865,0.976357,-0.056246,-0.289779,9.684842,0.002271,-0.000779,-0.378554,-0.022024,-0.476979,-0.864533,98941.0000
1779272982382561236,2026-05-20 15:59:42.381,-0.030091,0.124583,256.830276,-0.001626,-0.010189,0.975555,0.047137,-0.034377,9.695278,0.015220,-0.013276,-0.368767,-0.005251,-0.475668,-0.864392,98939.0000
1779272982483047180,2026-05-20 15:59:42.481,-0.083744,0.203192,258.945206,0.001989,-0.006249,0.976662,-0.123233,-0.212896,9.690289,0.014342,-0.011886,-0.371158,0.011225,-0.472294,-0.864892,98938.0000
1779272982582951643,2026-05-20 15:59:42.581,-0.099076,0.266827,261.097679,0.007327,-0.000091,0.978504,0.171969,0.203153,9.673541,-0.004595,-0.012740,-0.383446,0.028574,-0.472484,-0.865328,98934.0000
1779272982682828199,2026-05-20 15:59:42.681,-0.057848,0.299863,263.298546,0.009615,-0.001731,0.979366,0.197345,0.091827,9.738580,-0.017984,-0.004293,-0.386840,0.046873,-0.468170,-0.864698,98934.0000
1779272982782487439,2026-05-20 15:59:42.781,0.020679,0.291693,265.502419,0.010219,-0.003979,0.981333,0.014314,0.090666,9.746621,-0.015399,0.007344,-0.381050,0.063647,-0.463324,-0.865840,98941.0000
1779272982882978236,2026-05-20 15:59:42.881,0.094769,0.277516,267.666382,0.006991,-0.009148,0.979964,-0.003090,-0.098376,9.768430,-0.014341,0.001085,-0.378327,0.080119,-0.457893,-0.867289,98936.0000
1779272982982865143,2026-05-20 15:59:42.981,0.125581,0.269907,269.787331,0.005908,-0.012496,0.978475,0.033187,-0.348071,9.807629,-0.001041,0.004024,-0.372620,0.097803,-0.453609,-0.867542,98936.0000
1779272983082540495,2026-05-20 15:59:43.081,0.102784,0.259492,271.903580,0.006560,-0.012122,0.978067,-0.000473,0.042026,9.782730,0.011794,0.006791,-0.372753,0.114619,-0.445751,-0.867559,98942.0000
1779272983184060217,2026-05-20 15:59:43.182,0.044288,0.229670,274.027168,0.007802,-0.010783,0.976381,-0.268988,-0.256296,9.582376,0.009250,0.006218,-0.373957,0.129922,-0.442051,-0.866837,98937.0000
1779272983283097143,2026-05-20 15:59:43.281,-0.002705,0.170376,276.165581,0.008052,-0.004313,0.979508,-0.090350,0.014842,9.713964,0.007167,0.015451,-0.375019,0.147923,-0.435970,-0.866841,98939.0000
1779272983382953217,2026-05-20 15:59:43.381,0.012204,0.117582,278.307922,0.003156,-0.001561,0.979757,0.042904,-0.025190,9.755743,-0.007070,0.007601,-0.373795,0.163568,-0.425721,-0.866285,98941.0000
1779272983482860846,2026-05-20 15:59:43.481,0.092332,0.115887,280.439209,-0.001087,-0.000388,0.978905,0.276466,0.052311,9.863835,-0.017827,-0.012303,-0.373620,0.178557,-0.416746,-0.868381,98936.0000
1779272983583022235,2026-05-20 15:59:43.581,0.175854,0.190610,282.524933,-0.000081,-0.008511,0.978104,0.087138,0.006386,9.762514,-0.019397,-0.016258,-0.358050,0.192368,-0.409222,-0.868913,98932.0000
1779272983682886457,2026-05-20 15:59:43.681,0.197862,0.301047,284.503181,0.006167,-0.016751,0.975881,-0.016288,-0.241763,9.755948,0.001776,-0.017561,-0.338889,0.205292,-0.400801,-0.869144,98938.0000
1779272983782804013,2026-05-20 15:59:43.781,0.135667,0.334291,286.368568,0.012599,-0.016503,0.977457,0.043525,-0.150987,9.776544,0.016006,0.005826,-0.313497,0.219401,-0.390922,-0.870640,98933.0000
1779272983882711902,2026-05-20 15:59:43.881,0.041665,0.247029,288.137100,0.012770,-0.009744,0.978628,-0.020458,-0.154566,9.680648,0.014471,0.020820,-0.303385,0.231147,-0.383951,-0.869306,98936.0000
1779272983983248568,2026-05-20 15:59:43.982,-0.011568,0.281330,289.782974,0.003221,-0.000312,0.977504,0.205774,0.170074,9.858379,0.008406,-0.022163,-0.279159,0.242566,-0.376144,-0.869784,98932.0000
1779272984082789679,2026-05-20 15:59:44.081,0.016161,0.506518,291.280197,0.007065,0.001543,0.979127,0.298994,0.112726,9.864759,-0.013652,-0.051841,-0.248913,0.249213,-0.368637,-0.869233,98936.0000
1779272984182779309,2026-05-20 15:59:44.181,0.100875,0.929781,292.560402,0.019512,-0.005865,0.974650,0.190617,-0.332085,9.682168,-0.015845,-0.105730,-0.193403,0.257285,-0.361824,-0.872301,98935.0000
1779272984282698161,2026-05-20 15:59:44.281,0.153365,1.800345,293.408035,0.050312,-0.013877,0.971669,0.536064,-0.497142,9.569808,-0.014427,-0.179889,-0.112514,0.255106,-0.356966,-0.878661,98935.0000
1779272984382895216,2026-05-20 15:59:44.381,0.149853,2.791028,293.935623,0.100094,-0.014812,0.972562,1.673955,0.046423,9.733108,-0.002581,-0.162270,-0.082408,0.253880,-0.352014,-0.882047,98930.0000
1779272984482714031,2026-05-20 15:59:44.481,0.115165,3.386673,294.352448,0.143467,-0.012390,0.976953,1.412231,-0.323842,9.732940,-0.000137,-0.049452,-0.065625,0.252319,-0.350949,-0.885932,98936.0000
1779272984582549901,2026-05-20 15:59:44.581,0.081419,3.341064,294.701912,0.153969,-0.006998,0.978042,1.147128,-0.039107,9.709165,0.008683,0.053922,-0.060165,0.253540,-0.347957,-0.885735,98930.0000
1779272984683099346,2026-05-20 15:59:44.681,0.102838,3.054314,295.079735,0.134337,-0.001133,0.975852,0.909633,0.362536,9.675184,-0.013368,0.044075,-0.068536,0.258638,-0.347024,-0.885587,98935.0000
1779272984783101864,2026-05-20 15:59:44.781,0.166790,2.828093,295.464790,0.117333,-0.007022,0.976044,0.680690,-0.447277,9.445477,-0.007673,0.033729,-0.051602,0.260785,-0.343982,-0.883915,98932.0000
1779272984882596179,2026-05-20 15:59:44.881,0.217731,2.781793,295.780128,0.109664,-0.012296,0.974356,1.591915,0.070713,10.022668,-0.000836,0.004229,-0.048856,0.264384,-0.341886,-0.884357,98936.0000
1779272984982755383,2026-05-20 15:59:44.981,0.195809,2.905383,296.046848,0.105324,-0.018343,0.967960,1.382624,-0.126268,9.783605,0.006762,-0.029108,-0.049737,0.264653,-0.341342,-0.886176,98935.0000
1779272985083080327,2026-05-20 15:59:45.081,0.104745,3.100934,296.331688,0.115291,-0.015705,0.967157,1.626156,0.154559,9.642713,0.012848,-0.054720,-0.052466,0.266760,-0.339246,-0.886280,98936.0000
1779272985182728290,2026-05-20 15:59:45.181,0.013231,3.312609,296.610905,0.123289,-0.010446,0.969586,1.277549,-0.247465,9.630480,0.009034,-0.031810,-0.044827,0.266757,-0.338074,-0.886908,98935.0000
1779272985282644827,2026-05-20 15:59:45.281,-0.011147,3.525204,296.818203,0.118428,-0.001494,0.973353,1.446291,0.057741,9.651863,-0.007125,-0.047214,-0.028864,0.264381,-0.337178,-0.886269,98938.0000
1779272985383947493,2026-05-20 15:59:45.382,0.035420,3.686961,296.914276,0.121072,0.001732,0.980361,0.754200,-0.034711,9.690744,-0.009268,-0.009256,-0.010040,0.265251,-0.335450,-0.888432,98939.0000
1779272985483051030,2026-05-20 15:59:45.481,0.097124,3.607625,296.919140,0.115180,-0.000921,0.980370,1.225439,0.030314,10.001955,-0.006044,0.030141,0.003965,0.264616,-0.336689,-0.889886,98938.0000
1779272985582984216,2026-05-20 15:59:45.581,0.109792,3.248866,296.924664,0.106207,-0.007947,0.976546,0.480623,0.015929,9.487766,0.008740,0.086277,-0.002176,0.266768,-0.337172,-0.886630,98946.0000
1779272985682733364,2026-05-20 15:59:45.681,0.062100,2.749917,296.961090,0.081039,-0.016234,0.972003,0.982622,-0.549944,9.857386,0.014470,0.100011,-0.005620,0.271313,-0.337055,-0.883749,98936.0000
1779272985783014401,2026-05-20 15:59:45.781,-0.010357,2.239221,296.988480,0.050918,-0.010943,0.970634,0.683375,0.080794,9.747498,0.006238,0.080921,0.000626,0.275264,-0.336048,-0.880875,98936.0000
1779272985882861530,2026-05-20 15:59:45.881,-0.036986,1.887262,296.946178,0.031262,-0.000173,0.979342,0.214356,0.157562,9.727154,0.000373,0.039810,0.013919,0.276496,-0.338340,-0.878152,98941.0000
1779272985982753993,2026-05-20 15:59:45.981,0.038209,1.811285,296.814575,0.020411,0.009547,0.986287,-0.112957,-0.095349,9.727969,-0.015448,-0.004516,0.028426,0.276487,-0.336293,-0.879400,98934.0000
1779272986082603308,2026-05-20 15:59:46.081,0.169067,1.958531,296.622551,0.021852,0.008369,0.987080,0.045426,-0.071296,9.898421,-0.018899,-0.029902,0.038830,0.275278,-0.338086,-0.879327,98940.0000
1779272986183298345,2026-05-20 15:59:46.181,0.252701,2.153059,296.412685,0.033693,-0.003657,0.980398,0.459693,-0.105797,9.805387,0.001060,-0.032539,0.034859,0.273739,-0.338753,-0.881371,98932.0000
1779272986282774493,2026-05-20 15:59:46.281,0.212153,2.275942,296.234943,0.049206,-0.017522,0.971555,0.454209,0.173716,9.491069,0.017237,-0.008344,0.023812,0.270134,-0.338505,-0.882185,98936.0000
1779272986382580845,2026-05-20 15:59:46.381,0.065009,2.236401,296.109753,0.054201,-0.017170,0.965791,0.306682,-0.046166,9.488694,0.028296,0.028312,0.019839,0.271978,-0.340478,-0.878886,98939.0000
1779272986482534678,2026-05-20 15:59:46.481,-0.076672,2.011431,296.034477,0.047417,-0.002691,0.970850,0.297655,-0.058820,9.941855,0.020670,0.049209,0.008482,0.271693,-0.342518,-0.877330,98942.0000
1779272986582970437,2026-05-20 15:59:46.581,-0.085290,1.747440,295.998032,0.036255,0.017342,0.982617,0.230609,0.302105,9.886408,-0.010377,0.045153,0.002352,0.272910,-0.342772,-0.876155,98941.0000
1779272986682849882,2026-05-20 15:59:46.681,0.069743,1.626124,295.975998,0.018255,0.018628,0.989511,0.517538,0.073372,9.816926,-0.036268,0.015734,-0.005604,0.274391,-0.342493,-0.877099,98942.0000
1779272986782772604,2026-05-20 15:59:46.781,0.273587,1.674888,295.936150,0.010235,0.003198,0.988475,-0.199886,-0.008786,9.811618,-0.023275,-0.029415,0.013241,0.272897,-0.341320,-0.877389,98939.0000
1779272986883307752,2026-05-20 15:59:46.882,0.365545,1.840924,295.824005,0.023052,-0.013877,0.983326,0.023883,-0.002749,9.800526,0.000945,-0.029513,0.021696,0.271656,-0.341400,-0.879755,98936.0000
1779272986982831733,2026-05-20 15:59:46.981,0.262594,2.025388,295.637115,0.035108,-0.029951,0.970172,0.860028,-0.790973,9.837483,0.040226,-0.010700,0.031273,0.269575,-0.341097,-0.879109,98945.0000
1779272987082910381,2026-05-20 15:59:47.081,0.000229,2.092979,295.411514,0.037537,-0.018020,0.962552,0.720373,0.290324,9.887173,0.055363,-0.001048,0.045224,0.268358,-0.344964,-0.878686,98939.0000
1779272987183911789,2026-05-20 15:59:47.182,-0.223351,1.990376,295.225594,0.040720,0.007399,0.968606,0.341770,0.088947,9.515285,0.027666,0.017361,0.024863,0.267150,-0.346757,-0.878612,98939.0000
1779272987283141733,2026-05-20 15:59:47.281,-0.235022,1.828700,295.112076,0.037701,0.023858,0.981972,0.289549,0.434139,10.017654,-0.017229,0.035082,0.010047,0.268388,-0.348157,-0.875911,98938.0000
1779272987382970289,2026-05-20 15:59:47.381,-0.012834,1.768092,295.066574,0.021223,0.025008,0.985962,0.228592,0.154248,9.856941,-0.048541,0.002209,0.003943,0.266311,-0.346375,-0.875601,98936.0000
1779272987482850270,2026-05-20 15:59:47.481,0.292695,1.829622,295.057289,0.017034,0.007485,0.989024,0.075701,-0.035162,9.890903,-0.047772,-0.034345,0.010540,0.267146,-0.346468,-0.878919,98939.0000
1779272987583545233,2026-05-20 15:59:47.582,0.497425,2.035021,295.027878,0.024210,-0.014040,0.984100,0.445329,-0.044704,9.964520,-0.022301,-0.040712,0.003202,0.266232,-0.345617,-0.880115,98936.0000
1779272987682852918,2026-05-20 15:59:47.681,0.455964,2.289661,294.911606,0.030321,-0.035253,0.971660,0.660774,-0.393092,9.818111,0.033164,-0.039477,0.024609,0.263555,-0.344137,-0.879783,98941.0000
1779272987782875270,2026-05-20 15:59:47.781,0.180661,2.465564,294.679375,0.036657,-0.027813,0.965069,0.214484,-0.035139,9.449050,0.062178,-0.018811,0.047378,0.262912,-0.347450,-0.880887,98938.0000
1779272987882690048,2026-05-20 15:59:47.881,-0.161761,2.447437,294.392700,0.048489,-0.004138,0.970908,0.371551,0.121691,9.667891,0.057494,0.021308,0.052766,0.260528,-0.350395,-0.879256,98943.0000
1779272987983200473,2026-05-20 15:59:47.981,-0.346971,2.301180,294.148796,0.045050,0.022646,0.978009,0.708948,0.227912,9.959336,0.022647,0.037555,0.039574,0.259358,-0.354777,-0.876122,98945.0000
1779272988082802288,2026-05-20 15:59:48.081,-0.260506,2.123749,294.023026,0.036420,0.032197,0.984989,-0.015328,0.083787,9.749656,-0.026353,0.025561,0.015717,0.256963,-0.354205,-0.876375,98941.0000
1779272988182667233,2026-05-20 15:59:48.181,0.033676,2.022628,294.022964,0.030892,0.022865,0.987335,0.378225,0.406510,9.768847,-0.059093,0.005258,-0.008685,0.260845,-0.353604,-0.877088,98936.0000
1779272988282664899,2026-05-20 15:59:48.281,0.356347,2.016061,294.092285,0.025627,-0.005438,0.984541,-0.207286,-0.407168,9.763063,-0.044127,-0.017692,-0.008933,0.262035,-0.349484,-0.879017,98945.0000
1779272988383123232,2026-05-20 15:59:48.381,0.514755,2.104801,294.145386,0.031889,-0.024107,0.978457,0.598213,-0.457537,9.704549,-0.010319,-0.007975,-0.012975,0.261106,-0.350130,-0.880477,98932.0000
1779272988482998177,2026-05-20 15:59:48.481,0.431818,2.253864,294.110603,0.025623,-0.034116,0.968674,0.384093,-0.125900,9.846207,0.035333,-0.019051,0.009455,0.259297,-0.350457,-0.881023,98941.0000
1779272988582830214,2026-05-20 15:59:48.581,0.171618,2.378927,293.961082,0.031682,-0.017356,0.968853,0.548538,0.253989,9.855875,0.053697,-0.024604,0.026296,0.258102,-0.352818,-0.880036,98940.0000
1779272988683359343,2026-05-20 15:59:48.682,-0.096940,2.443988,293.734673,0.036559,-0.000007,0.972803,-0.028513,-0.061285,9.503878,0.045444,-0.005945,0.037039,0.256017,-0.354878,-0.878734,98939.0000
1779272988782951732,2026-05-20 15:59:48.781,-0.226139,2.434570,293.492645,0.043065,0.019081,0.980105,0.219562,0.345369,9.807668,0.011128,0.007703,0.040892,0.255153,-0.357481,-0.875951,98941.0000
1779272988882819177,2026-05-20 15:59:48.881,-0.150332,2.395875,293.311302,0.041024,0.025048,0.983273,0.761768,0.483875,10.038718,-0.028504,0.007126,0.021232,0.253037,-0.358999,-0.876460,98935.0000
1779272988982695195,2026-05-20 15:59:48.981,0.068806,2.328395,293.218201,0.042199,0.013344,0.984400,0.475057,-0.011528,9.744059,-0.039818,0.013306,0.003970,0.254221,-0.355773,-0.878367,98943.0000
1779272989083053251,2026-05-20 15:59:49.081,0.304372,2.268414,293.189705,0.039417,-0.004702,0.982745,0.390107,-0.140009,9.662599,-0.027296,0.009073,0.011273,0.254204,-0.356683,-0.878944,98943.0000
1779272989183020269,2026-05-20 15:59:49.181,0.418240,2.213199,293.173828,0.037731,-0.017049,0.978541,0.580623,0.009419,9.981465,-0.004434,0.006359,-0.002145,0.255710,-0.356070,-0.878698,98941.0000
1779272989282849973,2026-05-20 15:59:49.281,0.368742,2.185612,293.137115,0.031218,-0.021271,0.973815,-0.220798,-0.076673,9.607868,0.021106,0.001534,0.008943,0.255710,-0.356070,-0.878698,98934.0000
1779272989382772028,2026-05-20 15:59:49.381,0.200331,2.178825,293.052696,0.029423,-0.014390,0.972832,0.298236,-0.382763,9.495524,0.032705,-0.003292,0.022104,0.255112,-0.356074,-0.878682,98939.0000
1779272989483044306,2026-05-20 15:59:49.481,0.016704,2.223157,292.916130,0.028051,0.000590,0.975712,0.411275,0.139225,9.922648,0.026883,-0.009898,0.025411,0.252136,-0.357833,-0.877065,98939.0000
1779272989582926750,2026-05-20 15:59:49.581,-0.075764,2.277752,292.760132,0.027783,0.008436,0.976759,0.326977,-0.262302,9.753800,0.008172,-0.008361,0.027451,0.252087,-0.361151,-0.878483,98936.0000
1779272989682779546,2026-05-20 15:59:49.681,-0.060184,2.324138,292.598831,0.034356,0.012021,0.981030,0.322936,0.336008,9.919118,-0.004507,-0.008713,0.027344,0.250305,-0.360847,-0.877845,98939.0000
1779272989783036639,2026-05-20 15:59:49.781,0.040692,2.387973,292.468178,0.038531,0.009126,0.981980,0.045485,0.422262,9.839315,-0.016822,-0.001406,0.022831,0.249671,-0.361202,-0.879620,98935.0000
1779272989882941472,2026-05-20 15:59:49.881,0.162630,2.424365,292.378082,0.039349,0.000001,0.977871,0.194133,0.149081,9.752003,-0.023169,-0.005360,0.013644,0.248509,-0.361741,-0.877478,98942.0000
1779272989982734639,2026-05-20 15:59:49.981,0.232949,2.417257,292.314690,0.042216,-0.006978,0.978652,0.281308,0.005069,9.773254,-0.006051,0.000128,0.011842,0.247582,-0.362089,-0.878946,98935.0000
1779272990082894009,2026-05-20 15:59:50.081,0.225345,2.343211,292.237206,0.040229,-0.013213,0.978040,0.077404,-0.289899,9.725347,0.009565,0.010024,0.017875,0.248471,-0.359153,-0.880539,98934.0000
1779272990183097583,2026-05-20 15:59:50.181,0.168063,2.273259,292.140190,0.038482,-0.004883,0.978126,0.449302,-0.040122,9.754547,0.015191,0.020910,0.011363,0.247602,-0.361467,-0.878062,98941.0000
1779272990283043750,2026-05-20 15:59:50.281,0.094728,2.224632,292.034149,0.025572,-0.001565,0.975410,0.719041,-0.117343,9.843284,0.009136,-0.002929,0.017691,0.249128,-0.363767,-0.875646,98939.0000
1779272990382854602,2026-05-20 15:59:50.381,0.044412,2.199887,291.930740,0.026989,0.003044,0.977748,-0.221916,-0.012920,9.627809,0.008909,-0.010048,0.021218,0.247916,-0.363503,-0.876521,98939.0000
1779272990482711342,2026-05-20 15:59:50.481,0.051167,2.264053,291.837990,0.032671,0.003527,0.979957,-0.124792,-0.097763,9.671459,0.003863,0.001300,0.017106,0.246695,-0.364728,-0.877361,98942.0000
1779272990582926620,2026-05-20 15:59:50.581,0.102496,2.367306,291.769394,0.029898,0.005626,0.976961,1.018633,-0.021127,9.850258,-0.012179,-0.015003,0.004309,0.246097,-0.363848,-0.877666,98945.0000
1779272990682736990,2026-05-20 15:59:50.681,0.162384,2.433757,291.726715,0.034319,-0.002585,0.976676,0.112752,-0.031304,9.780839,-0.005949,-0.020637,0.011632,0.245199,-0.364737,-0.877322,98936.0000
1779272990782773935,2026-05-20 15:59:50.781,0.213938,2.497746,291.694954,0.045392,-0.004834,0.978809,0.409440,-0.110772,9.779663,-0.002808,0.003925,0.004001,0.245128,-0.364557,-0.881224,98945.0000
1779272990883215620,2026-05-20 15:59:50.881,0.228450,2.525712,291.648743,0.039535,-0.007368,0.977141,0.727031,-0.040363,9.944998,-0.000318,0.004456,0.005969,0.244562,-0.364804,-0.879404,98939.0000
1779272990983141546,2026-05-20 15:59:50.981,0.198524,2.468942,291.585495,0.036663,-0.007856,0.975255,0.214240,0.045184,9.734612,0.003514,-0.007522,0.019044,0.243975,-0.364790,-0.878789,98942.0000
1779272991082961694,2026-05-20 15:59:51.081,0.159655,2.412040,291.497009,0.043432,-0.005376,0.980991,0.051138,0.133248,9.704344,0.013991,0.020052,0.016864,0.245186,-0.365937,-0.877593,98941.0000
1779272991184114360,2026-05-20 15:59:51.181,0.136461,2.377463,291.374298,0.032478,-0.000958,0.978713,0.781252,-0.246345,9.955710,0.004905,0.013913,0.021806,0.243088,-0.365661,-0.877846,98938.0000
1779272991283045008,2026-05-20 15:59:51.281,0.120521,2.326321,291.234749,0.029523,0.002903,0.978684,0.581650,0.454402,9.875268,0.003131,-0.008100,0.022927,0.243394,-0.366236,-0.877240,98931.0000
1779272991382879194,2026-05-20 15:59:51.381,0.131342,2.321972,291.104973,0.036432,0.001862,0.979776,-0.025156,-0.098779,9.704040,-0.000649,0.001987,0.017508,0.240984,-0.368046,-0.877436,98938.0000
1779272991482776397,2026-05-20 15:59:51.481,0.151504,2.344933,291.005524,0.032838,0.001841,0.978682,-0.084909,-0.009755,9.581949,-0.001962,-0.001580,0.018011,0.241880,-0.367454,-0.877773,98938.0000
1779272991583965045,2026-05-20 15:59:51.582,0.181792,2.356195,290.923508,0.032237,-0.001614,0.976934,0.366497,-0.111291,9.935190,-0.002770,-0.012890,0.018495,0.241018,-0.367108,-0.875960,98939.0000
1779272991683178749,2026-05-20 15:59:51.681,0.196915,2.357145,290.843163,0.037463,-0.003556,0.976685,0.214974,-0.250570,9.606038,-0.004241,-0.004025,0.015611,0.240083,-0.367763,-0.877720,98939.0000
1779272991782761953,2026-05-20 15:59:51.781,0.198541,2.366996,290.758316,0.035863,-0.004072,0.976087,0.250409,-0.038134,9.768176,0.005356,0.002676,0.009157,0.239440,-0.371076,-0.878823,98941.0000
1779272991882712879,2026-05-20 15:59:51.881,0.173446,2.378794,290.681381,0.031186,-0.005500,0.975870,0.327869,-0.047775,9.942212,0.009116,-0.006738,0.013697,0.239184,-0.370419,-0.876733,98933.0000
1779272991983171823,2026-05-20 15:59:51.981,0.141637,2.385833,290.616714,0.033539,-0.000962,0.979028,0.310687,0.404803,9.700405,-0.003096,-0.013652,0.014704,0.238850,-0.369889,-0.878837,98933.0000
1779272992083058841,2026-05-20 15:59:52.081,0.118560,2.429989,290.550682,0.038162,-0.001917,0.981132,0.352631,-0.343688,9.766333,0.003240,-0.001929,0.015223,0.237950,-0.371076,-0.878485,98938.0000
1779272992182675175,2026-05-20 15:59:52.181,0.115064,2.459530,290.480339,0.034921,-0.000141,0.978660,0.449570,-0.065583,9.707113,0.001205,-0.007499,0.012751,0.238857,-0.371350,-0.877902,98941.0000
1779272992283936675,2026-05-20 15:59:52.282,0.129608,2.438975,290.405838,0.039782,0.000339,0.979318,0.350039,-0.083841,9.815518,-0.001268,-0.002292,0.019453,0.237956,-0.371067,-0.878186,98938.0000
1779272992383123600,2026-05-20 15:59:52.381,0.159514,2.407234,290.321854,0.039961,0.000569,0.978269,0.081714,-0.225996,9.749435,-0.006253,0.007493,0.006778,0.236751,-0.373148,-0.877806,98940.0000
1779272992482943434,2026-05-20 15:59:52.481,0.193033,2.409461,290.232674,0.031687,-0.003266,0.976514,0.106876,0.235539,9.727205,0.000374,-0.002074,0.020332,0.237965,-0.371347,-0.877580,98940.0000
1779272992582827730,2026-05-20 15:59:52.581,0.205434,2.418429,290.144897,0.031155,-0.003261,0.976926,0.155440,-0.082865,9.727809,0.002281,-0.012503,0.012883,0.236177,-0.371935,-0.876920,98941.0000
1779272992683279674,2026-05-20 15:59:52.682,0.190016,2.429079,290.065750,0.038301,-0.002106,0.978454,0.724020,0.038184,9.990286,0.000104,-0.002806,0.005159,0.234373,-0.371666,-0.877481,98940.0000
1779272992782955545,2026-05-20 15:59:52.781,0.171302,2.473566,290.006798,0.035385,-0.003243,0.976344,0.649798,-0.254007,9.736504,0.005829,-0.000652,0.004613,0.235249,-0.373167,-0.878067,98949.0000
1779272992882853489,2026-05-20 15:59:52.881,0.161396,2.517187,289.950058,0.034673,-0.002531,0.977312,0.341451,-0.010737,9.694798,-0.002460,-0.009986,0.015090,0.234975,-0.373719,-0.876547,98937.0000
1779272992982675804,2026-05-20 15:59:52.981,0.153276,2.499365,289.893311,0.036202,-0.001227,0.978448,0.325570,0.113687,9.765882,0.003008,-0.004156,0.010494,0.235547,-0.373462,-0.878067,98939.0000
1779272993083121970,2026-05-20 15:59:53.081,0.154317,2.464117,289.853371,0.041473,-0.000536,0.979769,0.471021,0.187042,9.673278,-0.003333,0.010881,-0.007678,0.234643,-0.374361,-0.878022,98937.0000
1779272993183019822,2026-05-20 15:59:53.181,0.164345,2.477420,289.806236,0.033625,-0.004389,0.977034,0.575584,-0.291805,9.824872,0.004510,0.000247,0.011049,0.234646,-0.373179,-0.878351,98929.0000
1779272993282971063,2026-05-20 15:59:53.281,0.164900,2.471118,289.747643,0.032012,-0.001660,0.976492,0.485578,0.139138,9.892914,0.000453,-0.015510,0.010627,0.233759,-0.374934,-0.877087,98946.0000
1779272993382779655,2026-05-20 15:59:53.381,0.159876,2.482019,289.676750,0.039664,-0.003673,0.980352,-0.103710,0.173744,9.692168,0.005226,-0.000166,0.016340,0.234054,-0.374644,-0.877401,98937.0000
1779272993483266563,2026-05-20 15:59:53.482,0.155055,2.487002,289.606163,0.036428,-0.001154,0.979127,0.230871,0.103248,9.935332,0.006471,0.004322,0.015662,0.231354,-0.374967,-0.877625,98929.0000
1779272993582822915,2026-05-20 15:59:53.581,0.157196,2.504135,289.541283,0.034740,-0.000315,0.977398,0.298237,0.187606,9.849019,-0.005527,-0.008446,0.007721,0.233467,-0.374630,-0.876787,98931.0000
1779272993682647618,2026-05-20 15:59:53.681,0.166677,2.506115,289.475548,0.039276,-0.002415,0.978257,-0.134530,-0.164117,9.520943,0.000088,-0.002487,0.011674,0.233146,-0.374667,-0.877977,98942.0000
1779272993783296803,2026-05-20 15:59:53.782,0.177329,2.502291,289.401482,0.040364,-0.002540,0.978756,0.236655,-0.157836,9.674062,0.003205,0.002689,0.019468,0.231962,-0.376127,-0.876713,98945.0000
1779272993883111674,2026-05-20 15:59:53.881,0.184407,2.484091,289.334770,0.036603,-0.001089,0.976852,0.480210,0.314813,10.043246,0.000984,0.003131,0.004361,0.231070,-0.376123,-0.876390,98935.0000
1779272993982995285,2026-05-20 15:59:53.981,0.185677,2.452113,289.293297,0.034439,-0.003758,0.976641,0.623104,0.164952,9.946564,0.001323,-0.000413,0.005973,0.229847,-0.375878,-0.877864,98938.0000
1779272994082911692,2026-05-20 15:59:54.081,0.176341,2.439580,289.262665,0.035432,-0.004194,0.977779,0.548750,-0.132088,9.803853,0.004113,0.005647,0.003607,0.231673,-0.376994,-0.875784,98932.0000
1779272994183242840,2026-05-20 15:59:54.181,0.161359,2.456774,289.238976,0.029834,-0.004491,0.977258,0.336570,-0.312128,9.806326,0.008765,0.000641,0.008859,0.230452,-0.377335,-0.876945,98937.0000
1779272994283086229,2026-05-20 15:59:54.281,0.154081,2.517135,289.228325,0.033786,0.000600,0.978296,0.348030,0.067699,9.828700,-0.004844,-0.018106,-0.000604,0.229525,-0.376800,-0.878734,98939.0000
1779272994382898136,2026-05-20 15:59:54.381,0.154308,2.604309,289.217659,0.039353,-0.002669,0.978990,0.461414,-0.103041,9.730268,0.000782,-0.014142,0.005685,0.229849,-0.375580,-0.877871,98943.0000
1779272994482838210,2026-05-20 15:59:54.481,0.163120,2.646763,289.197205,0.045296,-0.003849,0.979328,0.890259,0.164012,9.923829,-0.002024,-0.003559,0.003899,0.230442,-0.375586,-0.878186,98932.0000
1779272994583016192,2026-05-20 15:59:54.581,0.174913,2.623848,289.169106,0.046887,-0.002923,0.977982,0.725933,-0.026273,9.773707,-0.009281,0.018795,0.001735,0.229199,-0.378316,-0.879589,98935.0000
1779272994682837247,2026-05-20 15:59:54.681,0.176405,2.541674,289.129395,0.041049,-0.005046,0.976677,0.139686,-0.623708,9.479402,0.004835,0.021121,0.011695,0.229864,-0.374967,-0.877287,98938.0000
1779272994782780432,2026-05-20 15:59:54.781,0.173423,2.445326,289.086128,0.034058,-0.001720,0.977176,0.226719,0.205267,9.846813,0.005762,0.007114,0.012290,0.230758,-0.376441,-0.876974,98943.0000
1779272994883314692,2026-05-20 15:59:54.882,0.160639,2.366156,289.045799,0.031919,-0.002206,0.978977,0.257139,-0.050312,9.803924,0.005776,0.003710,0.004109,0.231067,-0.378188,-0.875740,98944.0000
1779272994983122099,2026-05-20 15:59:54.981,0.154320,2.384029,289.003365,0.030045,-0.000661,0.978987,0.652311,-0.195642,9.941139,0.002275,-0.001814,0.001880,0.229291,-0.376991,-0.875124,98939.0000
1779272995083060636,2026-05-20 15:59:55.081,0.150637,2.428326,288.968193,0.027529,-0.002172,0.976581,0.633968,-0.074928,9.970361,0.005197,-0.025255,0.010823,0.230753,-0.377920,-0.876639,98940.0000
1779272995182740636,2026-05-20 15:59:55.181,0.159649,2.512962,288.927727,0.040595,-0.001447,0.978915,0.597024,-0.264208,9.812399,0.000802,-0.006039,0.007179,0.230727,-0.377667,-0.878144,98935.0000
1779272995283208469,2026-05-20 15:59:55.281,0.175003,2.599820,288.889412,0.039034,-0.001815,0.976804,0.238648,-0.297478,9.586815,-0.001881,0.001711,0.005844,0.229812,-0.379467,-0.878377,98939.0000
1779272995383092488,2026-05-20 15:59:55.381,0.175700,2.602456,288.850525,0.037662,-0.003555,0.975917,0.504969,0.126812,9.923674,0.000765,-0.012062,0.003253,0.229229,-0.377974,-0.878098,98941.0000
1779272995482917117,2026-05-20 15:59:55.481,0.162965,2.580441,288.815559,0.044882,-0.003595,0.978668,0.242293,-0.292574,9.590839,0.002550,0.006215,0.008317,0.227171,-0.378519,-0.875933,98939.0000
1779272995582816876,2026-05-20 15:59:55.581,0.155105,2.555549,288.769424,0.040240,-0.002332,0.980257,0.697621,0.048623,9.930782,0.004409,0.016430,0.003554,0.228938,-0.377669,-0.877798,98930.0000
1779272995683250598,2026-05-20 15:59:55.682,0.146622,2.517432,288.711960,0.035496,-0.000384,0.978303,0.774779,-0.065879,9.759908,0.000024,0.004151,0.007470,0.227756,-0.377947,-0.876862,98942.0000
1779272995782876802,2026-05-20 15:59:55.781,0.147217,2.473170,288.640862,0.032598,-0.001810,0.976674,-0.314434,0.156205,9.539342,0.004595,-0.005755,0.017104,0.227142,-0.379448,-0.877110,98936.0000
1779272995882757135,2026-05-20 15:59:55.881,0.151331,2.458434,288.571747,0.037843,0.000426,0.978659,0.043790,0.053827,9.672808,-0.001505,-0.000404,0.013651,0.227443,-0.379148,-0.877125,98940.0000
1779272995983229746,2026-05-20 15:59:55.982,0.162593,2.477255,288.508568,0.034953,-0.000999,0.977328,0.582888,-0.301902,9.777041,-0.000132,0.002144,0.009753,0.226254,-0.378849,-0.876802,98935.0000
1779272996083222061,2026-05-20 15:59:56.081,0.173255,2.497433,288.461311,0.033309,-0.001961,0.976873,0.570934,0.030436,9.968848,0.000500,-0.018440,0.009176,0.226254,-0.380616,-0.876160,98937.0000
1779272996182807635,2026-05-20 15:59:56.181,0.180591,2.513332,288.416161,0.039283,-0.002331,0.979182,0.214258,-0.321813,9.615743,0.005038,-0.001156,0.007821,0.225018,-0.380687,-0.878226,98943.0000
1779272996284037524,2026-05-20 15:59:56.282,0.182495,2.528704,288.362022,0.038980,-0.002750,0.978809,0.268888,0.057911,9.830462,-0.000268,0.002504,0.007585,0.225931,-0.380068,-0.877664,98938.0000
1779272996383183672,2026-05-20 15:59:56.381,0.177955,2.541684,288.317596,0.035224,-0.000912,0.976975,0.938376,0.120734,9.925488,-0.003281,-0.008768,0.003288,0.223533,-0.380678,-0.877588,98933.0000
1779272996483445672,2026-05-20 15:59:56.482,0.163108,2.530546,288.287178,0.036712,-0.004271,0.977279,0.018212,-0.251915,9.606302,0.004058,-0.006113,0.008992,0.225315,-0.381866,-0.877905,98937.0000
1779272996582938542,2026-05-20 15:59:56.581,0.159639,2.531663,288.252724,0.043669,-0.000524,0.980992,0.598399,0.106204,9.757428,0.001207,0.009355,0.006103,0.224133,-0.380377,-0.877611,98937.0000
1779272996682889690,2026-05-20 15:59:56.681,0.160431,2.529160,288.213013,0.037073,-0.002008,0.977042,0.642920,-0.505190,9.984660,0.001149,0.004882,0.004545,0.223857,-0.380343,-0.876405,98939.0000
1779272996783099690,2026-05-20 15:59:56.781,0.164549,2.489526,288.163910,0.033385,-0.001133,0.974955,0.052138,0.401411,9.751635,-0.001832,-0.004574,0.007477,0.223523,-0.382166,-0.877553,98939.0000
1779272996882928931,2026-05-20 15:59:56.881,0.173167,2.468588,288.123055,0.039212,-0.002319,0.978500,-0.339578,-0.059001,9.581868,-0.007541,-0.001003,0.003981,0.223830,-0.381858,-0.877268,98939.0000
1779272996983185968,2026-05-20 15:59:56.981,0.180023,2.484275,288.088707,0.036751,-0.003059,0.978724,0.555631,-0.144832,9.926641,0.005001,0.006706,0.007820,0.222916,-0.382774,-0.877822,98945.0000
1779272997083226598,2026-05-20 15:59:57.081,0.178725,2.506092,288.058037,0.033704,-0.001355,0.977511,0.731299,-0.084481,9.805284,-0.002500,0.000037,0.002329,0.223239,-0.382439,-0.876639,98939.0000
1779272997182985246,2026-05-20 15:59:57.181,0.174875,2.533068,288.031860,0.033738,-0.003988,0.978092,0.094269,-0.134666,9.668949,0.006196,-0.018068,0.006852,0.223542,-0.381841,-0.876661,98937.0000
1779272997282799523,2026-05-20 15:59:57.281,0.169889,2.552001,288.014671,0.044121,-0.000548,0.979610,0.607762,0.087168,9.770274,0.002832,-0.001843,-0.002736,0.223520,-0.381877,-0.877859,98935.0000
1779272997382625968,2026-05-20 15:59:57.381,0.161985,2.565565,288.009644,0.040287,-0.003058,0.977824,0.229454,-0.279497,9.625249,0.007232,0.009279,0.004249,0.222924,-0.380700,-0.878172,98941.0000
1779272997483152209,2026-05-20 15:59:57.481,0.162439,2.549000,288.021919,0.036541,-0.000715,0.976718,0.686776,0.336812,9.815195,-0.000958,-0.009721,-0.003979,0.224137,-0.382433,-0.876662,98934.0000
1779272997583005116,2026-05-20 15:59:57.581,0.177664,2.515857,288.030670,0.040946,-0.003908,0.978565,0.055689,-0.163515,9.572462,-0.003416,0.001603,0.000345,0.224148,-0.380647,-0.876705,98936.0000
1779272997682889097,2026-05-20 15:59:57.681,0.192292,2.474334,288.018219,0.038328,-0.002669,0.979872,0.140705,0.238636,9.827506,-0.000987,0.014827,-0.000308,0.222931,-0.382161,-0.877238,98935.0000
1779272997782774412,2026-05-20 15:59:57.781,0.200000,2.445678,288.001045,0.034649,-0.003102,0.977543,0.546887,-0.044051,10.090663,-0.006206,-0.001587,-0.005739,0.222644,-0.382731,-0.876317,98935.0000
1779272997883028838,2026-05-20 15:59:57.881,0.204743,2.461923,287.980804,0.027846,-0.005979,0.975264,0.208462,-0.068297,9.737190,0.004236,-0.021370,0.007430,0.222353,-0.380658,-0.876659,98938.0000
1779272997982881430,2026-05-20 15:59:57.981,0.198637,2.494416,287.950539,0.040819,-0.003901,0.978399,0.013985,-0.069784,9.505412,0.006550,-0.000455,0.006553,0.223540,-0.382139,-0.876654,98945.0000
1779272998082933838,2026-05-20 15:59:58.081,0.190561,2.556396,287.921272,0.040901,-0.002923,0.978009,0.464392,-0.160378,9.787790,-0.000268,0.003022,0.003649,0.222630,-0.382460,-0.877223,98933.0000
1779272998183311523,2026-05-20 15:59:58.182,0.187970,2.591899,287.888741,0.038455,-0.000727,0.976695,1.214015,0.111844,9.934641,-0.000085,-0.006163,0.001334,0.222611,-0.382785,-0.878114,98945.0000
1779272998282885171,2026-05-20 15:59:58.281,0.188485,2.575911,287.850868,0.036136,-0.003465,0.975767,0.023457,-0.279839,9.719998,0.001876,-0.003204,0.013665,0.221426,-0.381890,-0.877806,98947.0000
1779272998382791726,2026-05-20 15:59:58.381,0.183850,2.536763,287.797768,0.042097,-0.001515,0.979643,0.337884,-0.017753,9.692451,0.001630,0.004688,0.011212,0.220546,-0.383339,-0.876249,98933.0000
1779272998482579245,2026-05-20 15:59:58.481,0.181034,2.504707,287.738335,0.041594,-0.002548,0.980290,0.581278,-0.184261,9.883065,0.005111,0.017322,0.009310,0.221149,-0.382740,-0.876279,98938.0000
1779272998583144430,2026-05-20 15:59:58.581,0.181291,2.506016,287.679321,0.031488,-0.000551,0.976463,0.611042,0.270900,9.893140,0.003233,-0.004217,0.007555,0.220812,-0.384274,-0.877733,98935.0000
1779272998682934578,2026-05-20 15:59:58.681,0.176923,2.483833,287.630241,0.034952,-0.001635,0.977467,-0.253090,-0.042960,9.596721,-0.001581,-0.009512,0.011889,0.221738,-0.383341,-0.876579,98931.0000
1779272998782944819,2026-05-20 15:59:58.781,0.175365,2.477825,287.583168,0.044787,-0.002114,0.980298,0.218831,0.349439,9.837764,0.003340,0.016785,0.005279,0.220229,-0.383665,-0.877133,98939.0000
1779272998883369708,2026-05-20 15:59:58.882,0.178583,2.496433,287.539024,0.036072,-0.001379,0.976610,0.901431,-0.099300,9.992188,-0.000878,-0.002275,0.004705,0.220513,-0.383393,-0.878046,98939.0000
1779272998982934726,2026-05-20 15:59:58.981,0.174111,2.473922,287.491417,0.032549,-0.003724,0.975864,0.299678,-0.045632,9.651929,0.005536,-0.014308,0.016439,0.219922,-0.383974,-0.877418,98943.0000
1779272999083126059,2026-05-20 15:59:59.081,0.172209,2.444710,287.436249,0.045176,-0.002092,0.979921,-0.225295,-0.108577,9.475986,0.001095,0.013516,0.009341,0.219636,-0.383660,-0.876818,98936.0000
1779272999182592337,2026-05-20 15:59:59.181,0.175598,2.457633,287.378387,0.038528,-0.001778,0.978566,0.672433,-0.318114,9.849551,0.006494,0.014458,0.008630,0.219338,-0.384248,-0.876496,98940.0000
1779272999283238670,2026-05-20 15:59:59.281,0.187039,2.436977,287.329216,0.031720,-0.001053,0.976556,0.469079,-0.055505,9.984348,0.001336,0.000663,0.012402,0.218980,-0.387289,-0.878514,98939.0000
1779272999383024670,2026-05-20 15:59:59.381,0.193850,2.381614,287.289650,0.036166,-0.002558,0.978571,0.270239,-0.045919,9.839832,0.000239,-0.004253,0.006362,0.219030,-0.384854,-0.876774,98933.0000
1779272999482910318,2026-05-20 15:59:59.481,0.197614,2.341148,287.263741,0.041418,-0.003601,0.980078,0.218940,-0.514870,9.768112,0.004718,0.024135,-0.000391,0.217520,-0.385179,-0.877327,98935.0000
1779272999582726892,2026-05-20 15:59:59.581,0.196021,2.349701,287.255653,0.029922,-0.003045,0.975817,0.711022,0.031799,9.856929,0.001211,0.001679,0.001940,0.219321,-0.384275,-0.877395,98929.0000
1779272999683229281,2026-05-20 15:59:59.682,0.181830,2.384528,287.255295,0.029188,-0.002229,0.973975,0.595157,-0.188178,9.829724,0.000529,-0.018317,-0.006032,0.217823,-0.386349,-0.876707,98936.0000
1779272999782885448,2026-05-20 15:59:59.781,0.161456,2.437394,287.249725,0.039345,-0.004661,0.978926,0.381325,-0.169315,9.756978,0.004017,-0.013399,-0.000579,0.220790,-0.386664,-0.877975,98937.0000
1779272999882844485,2026-05-20 15:59:59.881,0.154493,2.528661,287.251755,0.042532,-0.001661,0.980621,1.210342,-0.022018,10.051464,0.000396,0.002175,-0.007237,0.220217,-0.386335,-0.876769,98941.0000
1779272999983232114,2026-05-20 15:59:59.982,0.155094,2.557368,287.259117,0.035818,-0.003774,0.976351,0.188520,-0.271361,9.740328,0.001428,-0.012550,0.003053,0.217810,-0.385781,-0.877620,98933.0000
1779273000083076911,2026-05-20 16:00:00.081,0.150564,2.514383,287.271355,0.042982,-0.001309,0.979028,0.591275,0.100119,9.740024,-0.004985,0.005484,-0.003034,0.220189,-0.385496,-0.878588,98943.0000
1779273000183028448,2026-05-20 16:00:00.181,0.154476,2.474902,287.284828,0.040688,-0.002994,0.979509,0.239236,-0.196087,9.659818,-0.002196,0.005750,-0.008346,0.219618,-0.384571,-0.877395,98940.0000
1779273000282919596,2026-05-20 16:00:00.281,0.155825,2.458271,287.301231,0.033541,-0.003357,0.976481,0.722623,0.107083,9.993813,0.003389,-0.003699,-0.004102,0.218717,-0.386939,-0.876716,98937.0000
1779273000383160744,2026-05-20 16:00:00.381,0.161480,2.434302,287.315971,0.035129,-0.002633,0.976398,-0.180433,-0.160944,9.423287,-0.009536,-0.012214,-0.004630,0.218743,-0.384540,-0.876174,98941.0000
1779273000482961466,2026-05-20 16:00:00.481,0.169838,2.423931,287.317528,0.039873,-0.003313,0.979542,0.435469,0.064665,9.829254,0.000364,0.013409,-0.004101,0.219609,-0.385175,-0.877681,98942.0000
1779273000582816096,2026-05-20 16:00:00.581,0.186621,2.448161,287.317978,0.033124,-0.001975,0.976822,0.515453,-0.007183,9.723494,-0.006906,-0.002004,-0.004467,0.219905,-0.384001,-0.878316,98937.0000
1779273000684155410,2026-05-20 16:00:00.682,0.193779,2.448974,287.330574,0.032021,-0.004873,0.976219,0.270191,-0.251914,9.578242,0.002617,-0.019870,0.000447,0.219003,-0.385485,-0.877958,98932.0000
1779273000782984244,2026-05-20 16:00:00.781,0.194832,2.451505,287.352280,0.044579,-0.003090,0.980722,0.059291,0.135705,9.552666,0.004694,0.007000,-0.010177,0.219630,-0.383669,-0.877118,98940.0000
1779273000882895762,2026-05-20 16:00:00.881,0.194510,2.467338,287.384262,0.038507,-0.005217,0.978098,0.520920,-0.161015,9.743101,-0.001843,0.004082,-0.003774,0.219929,-0.384551,-0.876804,98936.0000
1779273000984087614,2026-05-20 16:00:00.982,0.181583,2.465606,287.419975,0.033055,-0.003773,0.976662,0.779651,0.234712,10.041421,0.002428,-0.005868,-0.007011,0.219598,-0.384309,-0.878601,98938.0000
1779273001083208132,2026-05-20 16:00:01.081,0.164198,2.444084,287.454659,0.039105,-0.004849,0.977604,-0.133136,-0.072046,9.467994,0.003841,-0.003844,0.000734,0.219335,-0.383076,-0.877124,98941.0000
1779273001183098169,2026-05-20 16:00:01.181,0.153205,2.441921,287.472710,0.040875,-0.003247,0.979376,0.324446,-0.122005,9.716379,0.006581,0.017945,0.000649,0.220520,-0.384854,-0.877112,98935.0000
1779273001283035058,2026-05-20 16:00:01.281,0.156248,2.445995,287.480453,0.031540,0.000316,0.976894,0.869888,-0.064613,9.864639,-0.004364,0.006251,-0.005332,0.221128,-0.385130,-0.876521,98939.0000
1779273001382885484,2026-05-20 16:00:01.381,0.169505,2.207292,287.558746,0.038875,-0.002075,0.983614,0.379352,0.012219,9.920691,-0.009923,0.062951,-0.023142,0.223520,-0.381877,-0.877859,98943.0000
1779273001483397299,2026-05-20 16:00:01.482,0.201561,1.637497,287.780083,0.025557,-0.004307,0.984832,0.047219,-0.183411,9.645386,-0.010031,0.123973,-0.056293,0.228069,-0.381751,-0.874679,98935.0000
1779273001583153058,2026-05-20 16:00:01.581,0.239401,0.922168,288.136948,-0.009313,-0.008073,0.981723,0.232532,0.064921,10.161810,-0.003956,0.126122,-0.077047,0.234438,-0.381280,-0.870353,98935.0000
1779273001682788410,2026-05-20 16:00:01.681,0.278575,0.199454,288.645523,-0.034346,-0.008703,0.983265,-0.579491,0.062453,9.652086,-0.003134,0.117312,-0.099297,0.239880,-0.378505,-0.868459,98935.0000
1779273001784120317,2026-05-20 16:00:01.782,0.321932,-0.297299,289.281509,-0.055070,-0.012439,0.978702,-0.935349,-0.338274,9.587976,-0.003831,0.052558,-0.122389,0.249250,-0.372407,-0.865845,98940.0000
1779273001883271410,2026-05-20 16:00:01.882,0.365910,-0.482227,289.977203,-0.058730,-0.018493,0.980541,-0.830751,-0.421032,9.959268,0.003718,0.032403,-0.118628,0.254666,-0.370263,-0.865134,98935.0000
1779273001983202058,2026-05-20 16:00:01.981,0.396090,-0.662455,290.729553,-0.059129,-0.015130,0.977517,-1.037448,1.522860,9.766257,-0.003632,0.038344,-0.132420,0.258586,-0.367246,-0.864707,98938.0000
1779273002082745484,2026-05-20 16:00:02.081,0.393063,-1.073831,291.658615,-0.085009,-0.022079,0.973015,-0.654284,1.760008,10.176323,-0.021373,0.082355,-0.182538,0.267635,-0.361771,-0.862969,98941.0000
1779273002183267743,2026-05-20 16:00:02.182,0.272556,-1.402955,292.816566,-0.110986,-0.030567,0.970573,-0.219468,-0.347698,10.154680,0.020529,0.048108,-0.226035,0.275821,-0.355364,-0.859732,98934.0000
1779273002283200669,2026-05-20 16:00:02.281,0.140765,-1.389257,293.967712,-0.119155,-0.014814,0.971619,-1.566553,-0.955125,9.401182,0.030610,-0.015251,-0.203944,0.283988,-0.350165,-0.857065,98935.0000
1779273002383018335,2026-05-20 16:00:02.381,0.107116,-1.104432,295.119278,-0.097765,-0.000108,0.976528,-1.014438,-0.010284,9.506503,0.014711,-0.069547,-0.194359,0.289987,-0.341859,-0.859517,98936.0000
1779273002482916335,2026-05-20 16:00:02.481,0.205974,-0.619474,296.297592,-0.076575,0.000552,0.975606,-1.499804,-0.144362,9.771419,-0.017801,-0.086167,-0.225933,0.292662,-0.335981,-0.862725,98933.0000
1779273002583470965,2026-05-20 16:00:02.582,0.339883,-0.162955,297.585793,-0.050852,-0.010570,0.971960,-0.525420,-0.091880,9.520256,-0.007767,-0.034664,-0.265749,0.297437,-0.328313,-0.866329,98943.0000
1779273002682971354,2026-05-20 16:00:02.681,0.382266,-0.049753,299.032310,-0.045998,-0.026028,0.972867,-0.161456,0.024829,9.905836,-0.004225,-0.012678,-0.260187,0.305551,-0.320255,-0.867629,98939.0000
1779273002782889205,2026-05-20 16:00:02.781,0.238245,-0.060898,300.540882,-0.051578,-0.029004,0.971167,-0.522096,0.273222,9.723638,0.049318,-0.005703,-0.263102,0.314007,-0.308886,-0.867816,98940.0000
1779273002884151261,2026-05-20 16:00:02.882,-0.022235,0.017091,302.056438,-0.046769,-0.015265,0.976453,0.307139,0.683546,10.206857,0.044401,-0.026836,-0.257989,0.320967,-0.301062,-0.866682,98934.0000
1779273002983266909,2026-05-20 16:00:02.982,-0.223092,0.202455,303.590771,-0.037118,0.005016,0.983213,0.083360,0.302879,10.036561,0.032149,-0.041241,-0.266453,0.327317,-0.293259,-0.866130,98937.0000
1779273003083065890,2026-05-20 16:00:03.081,-0.235524,0.406198,305.199429,-0.016973,0.018859,0.985592,-0.473271,-0.081362,9.631087,-0.022685,-0.056933,-0.294102,0.334554,-0.281933,-0.867486,98929.0000
1779273003182661613,2026-05-20 16:00:03.181,-0.056535,0.622933,306.946472,0.000843,0.014594,0.983697,0.118862,0.379176,9.814342,-0.045020,-0.051058,-0.320185,0.340885,-0.268566,-0.870067,98937.0000
1779273003283258242,2026-05-20 16:00:03.282,0.148981,0.794606,308.848270,0.013712,-0.004763,0.981034,-0.162132,-0.084552,9.518634,-0.028465,-0.020292,-0.344765,0.346911,-0.256093,-0.872619,98933.0000
1779273003383122835,2026-05-20 16:00:03.381,0.235910,0.885025,310.851986,0.017089,-0.017927,0.977450,0.087566,-0.535937,9.764180,-0.007846,-0.013212,-0.356642,0.356286,-0.240562,-0.873230,98939.0000
1779273003482935353,2026-05-20 16:00:03.481,0.173210,0.864517,312.887489,0.022124,-0.020002,0.976679,0.124737,-0.597215,9.758736,0.021610,0.009258,-0.357126,0.362947,-0.225966,-0.874649,98939.0000
1779273003582811557,2026-05-20 16:00:03.581,0.037165,0.712078,314.906448,0.018785,-0.011143,0.977404,0.036758,-0.037903,9.845678,0.030850,0.036934,-0.346221,0.372055,-0.211564,-0.873127,98933.0000
1779273003682756057,2026-05-20 16:00:03.681,-0.052976,0.495726,316.908569,0.009576,0.001683,0.976827,-0.010899,-0.036855,9.709534,0.001437,0.035228,-0.351590,0.379691,-0.197721,-0.870055,98941.0000
1779273003783089853,2026-05-20 16:00:03.781,-0.031143,0.326949,318.963642,0.000377,0.002784,0.979569,-0.195132,-0.117184,9.786852,-0.007972,0.021480,-0.361459,0.389665,-0.182186,-0.870681,98939.0000
1779273003883021612,2026-05-20 16:00:03.881,0.070551,0.269277,321.067745,-0.006227,-0.001205,0.980062,-0.274225,-0.227935,9.702982,-0.020860,-0.000227,-0.367804,0.393080,-0.165771,-0.870262,98939.0000
1779273003983438242,2026-05-20 16:00:03.982,0.174207,0.312714,323.168900,-0.006042,-0.009466,0.979661,0.119215,-0.444066,9.900763,-0.011254,-0.008712,-0.363889,0.399485,-0.148751,-0.870234,98939.0000
1779273004083016501,2026-05-20 16:00:04.081,0.193851,0.428169,325.229713,-0.003998,-0.014313,0.977769,-0.071644,0.072837,9.779078,0.005224,-0.024965,-0.361645,0.403764,-0.131501,-0.871956,98937.0000
1779273004182974130,2026-05-20 16:00:04.181,0.136649,0.557427,327.283585,0.003064,-0.014184,0.976375,0.099705,0.106071,9.829332,0.007534,-0.019674,-0.357912,0.407746,-0.113956,-0.873678,98936.0000
1779273004282835482,2026-05-20 16:00:04.281,0.057829,0.639179,329.363470,0.010160,-0.008562,0.976658,-0.058936,-0.451364,9.655328,0.012207,-0.009294,-0.362750,0.411454,-0.096664,-0.873887,98935.0000
1779273004382795241,2026-05-20 16:00:04.381,0.016504,0.641979,331.490515,0.014331,-0.002217,0.978627,0.178227,-0.139507,9.764855,-0.002036,0.005144,-0.378036,0.412423,-0.081527,-0.875774,98935.0000
1779273004483015815,2026-05-20 16:00:04.481,0.033261,0.552405,333.630247,0.014725,-0.003150,0.980430,0.234858,0.231677,9.904693,-0.008170,0.025028,-0.376305,0.416181,-0.064452,-0.873280,98935.0000
1779273004582915575,2026-05-20 16:00:04.581,0.089402,0.401247,335.753014,0.010167,-0.006390,0.981730,-0.007679,-0.274151,9.839544,-0.004816,0.029967,-0.367356,0.418674,-0.047492,-0.874351,98930.0000
1779273004684221612,2026-05-20 16:00:04.683,0.138447,0.256357,337.880722,0.002176,-0.006216,0.981096,-0.043701,0.088691,9.765805,-0.009562,0.020937,-0.374508,0.419762,-0.028631,-0.871232,98937.0000
1779273004783098575,2026-05-20 16:00:04.781,0.159032,0.177881,340.048277,-0.003281,-0.009221,0.978237,0.040929,-0.037851,9.737175,0.004490,0.008407,-0.382376,0.421386,-0.010748,-0.871102,98938.0000
1779273004882914241,2026-05-20 16:00:04.881,0.139942,0.193558,342.277578,-0.005459,-0.006661,0.975923,-0.036015,0.036110,9.711287,0.007890,-0.008626,-0.389303,0.420031,0.007432,-0.870304,98939.0000
1779273004982810111,2026-05-20 16:00:04.981,0.110490,0.285093,344.512608,-0.003196,-0.006996,0.974893,0.007323,-0.061880,9.779216,0.001774,-0.024758,-0.393089,0.420449,0.024703,-0.870429,98929.0000
1779273005083392278,2026-05-20 16:00:05.082,0.087820,0.417966,346.706353,0.003074,-0.006285,0.975277,0.229525,-0.264327,9.879505,0.001034,-0.024543,-0.377256,0.417815,0.042155,-0.873780,98942.0000
1779273005183204519,2026-05-20 16:00:05.181,0.086666,0.524282,348.884814,0.009650,-0.005547,0.976899,0.148710,-0.159524,9.747591,0.003821,-0.016194,-0.382919,0.414353,0.060006,-0.873520,98933.0000
1779273005282880056,2026-05-20 16:00:05.281,0.110154,0.546578,351.094526,0.014220,-0.004927,0.979344,0.131550,-0.272495,9.835716,-0.007434,0.001271,-0.389191,0.412346,0.078390,-0.875710,98933.0000
1779273005384136296,2026-05-20 16:00:05.382,0.144024,0.490418,353.345749,0.012505,-0.005335,0.981612,-0.088513,0.136118,9.675344,-0.004601,0.011586,-0.391646,0.408621,0.096591,-0.873653,98930.0000
1779273005483300037,2026-05-20 16:00:05.482,0.176215,0.408442,355.593356,0.010165,-0.007064,0.982740,-0.018529,-0.150662,9.680180,-0.003963,0.015275,-0.388393,0.404248,0.113238,-0.873641,98946.0000
1779273005583130204,2026-05-20 16:00:05.581,0.215302,0.330328,357.795530,0.004937,-0.006713,0.981671,-0.033114,-0.010129,9.830056,-0.007401,0.015339,-0.378872,0.397808,0.132270,-0.873034,98937.0000
1779273005683025407,2026-05-20 16:00:05.681,0.254101,0.305546,359.966789,-0.000974,-0.007503,0.977607,-0.098948,-0.022921,9.774964,-0.003195,0.000837,-0.380621,0.394948,0.148069,-0.871841,98937.0000
1779273005782666963,2026-05-20 16:00:05.781,0.277986,0.340335,2.118955,-0.000327,-0.011915,0.974585,-0.033321,-0.145311,9.706402,-0.001869,-0.013742,-0.372365,0.386963,0.165541,-0.873256,98939.0000
1779273005883224092,2026-05-20 16:00:05.881,0.269821,0.410237,4.190140,0.006197,-0.013605,0.974654,-0.000831,-0.035671,9.661646,0.005413,-0.012014,-0.353967,0.380475,0.180669,-0.873754,98943.0000
1779273005983047315,2026-05-20 16:00:05.981,0.243566,0.441275,6.152300,0.010398,-0.012526,0.978038,0.010147,-0.136756,9.747823,-0.000528,0.006379,-0.331997,0.373714,0.194658,-0.872418,98935.0000
1779273006082953129,2026-05-20 16:00:06.081,0.203639,0.360516,7.990021,0.007684,-0.007445,0.980609,-0.132781,-0.047337,9.658400,0.005473,0.015611,-0.305695,0.366324,0.208302,-0.872558,98933.0000
1779273006183266463,2026-05-20 16:00:06.181,0.187905,0.414366,9.672734,0.000143,-0.004101,0.979065,0.107572,0.007440,9.864349,-0.000313,-0.025217,-0.286293,0.360678,0.220108,-0.874797,98936.0000
1779273006283175925,2026-05-20 16:00:06.281,0.204238,0.639708,11.194373,0.006659,-0.003667,0.979259,0.340557,0.020190,9.864000,-0.014810,-0.048732,-0.250182,0.353582,0.231092,-0.874280,98937.0000
1779273006383053685,2026-05-20 16:00:06.381,0.230733,1.058682,12.507713,0.018366,-0.009161,0.971074,0.101670,-0.101341,9.751356,0.001171,-0.104032,-0.198064,0.345522,0.241377,-0.877021,98932.0000
1779273006482860185,2026-05-20 16:00:06.481,0.231436,1.871545,13.440938,0.051558,-0.014360,0.969849,0.411159,-0.461478,9.806437,-0.007025,-0.159663,-0.131584,0.336149,0.245875,-0.883788,98943.0000
1779273006583411462,2026-05-20 16:00:06.582,0.204506,2.658940,14.081038,0.099286,-0.009320,0.975854,1.430263,0.141752,9.740949,0.001173,-0.107193,-0.093161,0.327749,0.250792,-0.886692,98936.0000
1779273006683214888,2026-05-20 16:00:06.681,0.214761,3.091294,14.574800,0.123749,-0.003786,0.978440,1.283551,-0.459314,9.825345,-0.006527,-0.043811,-0.072704,0.322022,0.254518,-0.890234,98930.0000
1779273006782860888,2026-05-20 16:00:06.781,0.293751,3.104450,14.942221,0.131226,-0.002090,0.982056,1.618963,0.418888,9.975922,-0.021568,0.030874,-0.049414,0.321126,0.258048,-0.891496,98933.0000
1779273006884095777,2026-05-20 16:00:06.882,0.412804,2.828780,15.170369,0.116044,-0.006860,0.977865,0.776277,-0.435022,9.774419,-0.023455,0.040766,-0.025978,0.321487,0.259032,-0.888529,98933.0000
1779273006983251721,2026-05-20 16:00:06.982,0.508582,2.606827,15.325069,0.105001,-0.011924,0.974960,1.108410,-0.044615,9.612453,-0.006176,0.028187,-0.030060,0.323057,0.261810,-0.885637,98943.0000
1779273007083054110,2026-05-20 16:00:07.081,0.510117,2.630914,15.471014,0.096422,-0.021705,0.971303,0.888182,-0.084199,9.581509,0.014279,-0.018406,-0.022298,0.322169,0.261525,-0.885008,98935.0000
1779273007182979184,2026-05-20 16:00:07.181,0.388365,2.850216,15.621746,0.100843,-0.019599,0.967234,0.843710,-0.245244,9.635122,0.039180,-0.042317,-0.026890,0.320901,0.260814,-0.888557,98937.0000
1779273007283534869,2026-05-20 16:00:07.282,0.224672,3.145748,15.779123,0.112937,-0.007405,0.967728,2.167140,0.678503,9.971252,0.020914,-0.062053,-0.025413,0.317582,0.261633,-0.890292,98938.0000
1779273007383029406,2026-05-20 16:00:07.381,0.142228,3.409605,15.938698,0.126801,0.001455,0.974876,0.732005,-0.209906,9.847547,0.001789,-0.037449,-0.020561,0.315181,0.263079,-0.891165,98935.0000
1779273007482881740,2026-05-20 16:00:07.481,0.209564,3.632506,16.059973,0.128113,0.007087,0.976017,1.695507,0.300515,9.734114,-0.018924,-0.019159,-0.010131,0.313059,0.264789,-0.893252,98934.0000
1779273007582729277,2026-05-20 16:00:07.581,0.375391,3.793971,16.096865,0.121589,0.001742,0.977676,1.840594,-0.230548,9.738155,-0.029152,-0.008050,0.004495,0.312160,0.265370,-0.893543,98943.0000
1779273007683216110,2026-05-20 16:00:07.682,0.511312,3.719105,16.026140,0.111164,-0.008861,0.979135,0.335910,-0.308509,9.176784,-0.006551,0.036945,0.024423,0.313074,0.264518,-0.892346,98933.0000
1779273007783226369,2026-05-20 16:00:07.782,0.524425,3.397381,15.863894,0.102569,-0.017060,0.975860,1.070085,-0.270998,9.963071,0.021707,0.084944,0.032557,0.315511,0.265191,-0.890325,98938.0000
1779273007883083462,2026-05-20 16:00:07.881,0.411563,2.911067,15.663425,0.075030,-0.017242,0.969659,0.512246,-0.378528,9.484653,0.036110,0.091840,0.038878,0.319113,0.262877,-0.888861,98934.0000
1779273007982932239,2026-05-20 16:00:07.981,0.238492,2.425659,15.480376,0.051548,-0.005685,0.972543,0.411392,0.081296,9.715322,0.031950,0.081357,0.024492,0.324534,0.260611,-0.886245,98934.0000
1779273008083124776,2026-05-20 16:00:08.081,0.124742,2.108943,15.344877,0.032402,0.006551,0.976528,0.468755,0.120324,9.749319,0.011763,0.027870,0.019147,0.325443,0.257397,-0.884392,98935.0000
1779273008183150943,2026-05-20 16:00:08.181,0.155763,2.040122,15.255591,0.029917,0.019388,0.983678,0.035933,0.374284,9.654587,-0.016391,-0.003965,0.013112,0.326947,0.258596,-0.884459,98933.0000
1779273008282958887,2026-05-20 16:00:08.281,0.355224,2.149588,15.177165,0.038578,0.017529,0.987998,0.490913,-0.267453,9.853430,-0.040250,-0.023569,0.018050,0.327253,0.257137,-0.883532,98933.0000
1779273008383443072,2026-05-20 16:00:08.382,0.612360,2.307969,15.072026,0.042879,0.005211,0.985368,0.439147,0.004410,9.756623,-0.037419,-0.019444,0.016814,0.326953,0.258605,-0.884160,98931.0000
1779273008483009091,2026-05-20 16:00:08.481,0.779801,2.395010,14.891899,0.047222,-0.014650,0.976517,0.626794,-0.329510,9.748650,-0.012606,-0.008281,0.034524,0.326651,0.257422,-0.883823,98934.0000
1779273008582850128,2026-05-20 16:00:08.581,0.735781,2.356088,14.639966,0.050034,-0.027345,0.969452,0.533059,-0.423294,9.819226,0.039817,0.020654,0.060701,0.328452,0.256558,-0.883249,98936.0000
1779273008682895961,2026-05-20 16:00:08.681,0.487328,2.194175,14.337385,0.041967,-0.018193,0.967203,0.352002,-0.002423,9.595061,0.062806,0.037215,0.052821,0.330203,0.252376,-0.884093,98937.0000
1779273008783308165,2026-05-20 16:00:08.782,0.194650,1.997533,14.000822,0.027597,0.002280,0.974159,0.383537,0.379616,9.802484,0.052470,0.028174,0.060835,0.334396,0.249760,-0.882937,98931.0000
1779273008883206794,2026-05-20 16:00:08.881,0.053208,1.859769,13.709244,0.023966,0.025904,0.983020,0.139988,0.568854,9.789037,0.009871,0.015102,0.034888,0.336149,0.245875,-0.883788,98934.0000
1779273008983016609,2026-05-20 16:00:08.981,0.156900,1.842288,13.531785,0.026019,0.027513,0.986425,0.172538,-0.122536,9.820899,-0.033384,0.002619,0.022120,0.336482,0.245047,-0.881677,98935.0000
1779273009083462813,2026-05-20 16:00:09.082,0.420664,1.896422,13.477328,0.031673,0.015272,0.984543,0.530704,0.258295,9.827991,-0.046469,-0.014927,0.001196,0.337378,0.246522,-0.882336,98931.0000
1779273009183034313,2026-05-20 16:00:09.181,0.669706,1.953257,13.497196,0.038304,-0.006106,0.979804,-0.029149,-0.625759,9.656230,-0.031779,-0.004931,-0.001114,0.336207,0.246262,-0.880800,98934.0000
1779273009282955220,2026-05-20 16:00:09.281,0.776338,1.953485,13.520205,0.038831,-0.015013,0.977006,0.454929,-0.183367,9.654066,-0.005864,0.005615,-0.001929,0.336513,0.249809,-0.881792,98939.0000
1779273009384204442,2026-05-20 16:00:09.382,0.745289,1.905353,13.472144,0.030652,-0.019702,0.974457,0.380667,-0.321589,9.691850,0.022463,0.009845,0.012715,0.336823,0.248061,-0.880559,98936.0000
1779273009483322627,2026-05-20 16:00:09.482,0.633691,1.880507,13.306117,0.020931,-0.010897,0.973482,0.534526,-0.225692,9.804237,0.026163,0.003403,0.037658,0.337669,0.247985,-0.883278,98946.0000
1779273009583238035,2026-05-20 16:00:09.581,0.502505,1.929879,13.045358,0.014106,-0.003480,0.971093,-0.032684,0.203280,9.588808,0.027256,-0.023638,0.054826,0.338577,0.243590,-0.881096,98936.0000
1779273009683087664,2026-05-20 16:00:09.681,0.390412,2.044585,12.751124,0.023664,0.004750,0.975222,0.059834,0.326576,9.912022,0.019088,-0.024052,0.054617,0.337916,0.240836,-0.883412,98937.0000
1779273009782706738,2026-05-20 16:00:09.781,0.346099,2.204331,12.479767,0.029456,0.011889,0.977951,0.797358,0.072732,10.011433,0.000402,-0.017565,0.039371,0.340257,0.239588,-0.885841,98931.0000
1779273009883221238,2026-05-20 16:00:09.882,0.376434,2.369197,12.272542,0.030547,0.010294,0.980694,0.286016,-0.085260,9.811684,-0.004562,-0.026883,0.032703,0.340535,0.237200,-0.886091,98931.0000
1779273009983084460,2026-05-20 16:00:09.981,0.470069,2.468790,12.128552,0.046267,0.007406,0.984795,-0.045825,-0.452059,9.619748,-0.020307,-0.011511,0.016866,0.339626,0.237177,-0.886667,98940.0000
1779273010084272386,2026-05-20 16:00:10.083,0.589879,2.484752,12.035350,0.051424,-0.000646,0.984031,0.403916,-0.082925,10.008218,-0.013046,0.020595,0.016188,0.338749,0.236910,-0.885439,98935.0000
1779273010183165386,2026-05-20 16:00:10.181,0.666349,2.378848,11.965128,0.045143,-0.001203,0.979892,0.756611,0.328846,10.006568,-0.010261,0.021419,0.015555,0.341169,0.237556,-0.884316,98938.0000
1779273010283101127,2026-05-20 16:00:10.281,0.696481,2.235309,11.881942,0.038908,-0.008049,0.975496,0.199225,-0.341804,9.707506,0.001954,0.022432,0.021115,0.341169,0.236672,-0.883995,98935.0000
1779273010382970775,2026-05-20 16:00:10.381,0.683010,2.118775,11.767492,0.032430,-0.006881,0.973678,0.272382,0.440334,9.545836,0.008331,0.011427,0.022215,0.344457,0.233743,-0.883109,98932.0000
1779273010484247145,2026-05-20 16:00:10.483,0.635183,2.036581,11.637857,0.027738,-0.008196,0.972708,0.146564,-0.262504,9.685741,0.012492,0.014469,0.017411,0.342374,0.233748,-0.882456,98935.0000
1779273010583369108,2026-05-20 16:00:10.582,0.584835,2.040848,11.485534,0.019397,-0.000444,0.976730,-0.004982,-0.050928,9.763528,0.009644,-0.005770,0.026918,0.344438,0.232535,-0.883679,98939.0000
1779273010683216127,2026-05-20 16:00:10.682,0.557260,2.133073,11.346092,0.022879,0.003263,0.979887,0.208423,0.099601,9.858211,0.005287,-0.018181,0.022677,0.345068,0.232295,-0.881890,98933.0000
1779273010782903034,2026-05-20 16:00:10.781,0.564875,2.299229,11.246102,0.028783,0.004665,0.979012,0.170735,-0.030432,9.660190,-0.007393,-0.035862,0.017280,0.343507,0.231592,-0.885132,98937.0000
1779273010882738201,2026-05-20 16:00:10.881,0.583230,2.455805,11.166678,0.040197,0.000953,0.979197,0.127027,-0.014734,9.595793,-0.009282,-0.030397,0.016156,0.344093,0.230694,-0.885425,98940.0000
1779273010983258275,2026-05-20 16:00:10.982,0.594415,2.543363,11.096375,0.049506,-0.003438,0.978385,0.519514,-0.313896,9.813427,0.006444,-0.000748,0.018441,0.343792,0.230394,-0.885411,98931.0000
1779273011082968589,2026-05-20 16:00:11.081,0.600704,2.510571,11.033215,0.049588,0.000563,0.977971,0.412234,0.262730,9.879520,-0.000499,0.021280,0.009471,0.344389,0.230100,-0.885419,98934.0000
1779273011183018960,2026-05-20 16:00:11.181,0.609738,2.396152,10.979163,0.042676,0.000677,0.977718,0.800789,0.082094,9.956921,-0.003817,0.014916,0.006930,0.343485,0.229202,-0.885374,98942.0000
1779273011283469478,2026-05-20 16:00:11.282,0.636412,2.246853,10.956988,0.035989,-0.000597,0.977924,0.250928,-0.081547,9.722801,-0.002894,0.024517,0.001910,0.346827,0.228419,-0.882441,98933.0000
1779273011383343774,2026-05-20 16:00:11.382,0.677875,2.190983,10.938055,0.031535,-0.003511,0.979811,-0.225254,-0.427178,9.632225,-0.003170,0.013684,0.011253,0.347099,0.228674,-0.883954,98930.0000
1779273011483163163,2026-05-20 16:00:11.481,0.709987,2.228835,10.913091,0.028508,-0.004492,0.977713,0.437115,-0.200585,10.003252,0.002912,-0.015545,0.012026,0.346817,0.228699,-0.883048,98937.0000
1779273011583018867,2026-05-20 16:00:11.581,0.698646,2.275362,10.904067,0.034734,-0.005666,0.976259,0.192814,0.111633,9.778821,0.005368,-0.018429,0.002000,0.346501,0.228670,-0.883939,98933.0000
1779273011683237830,2026-05-20 16:00:11.682,0.660971,2.328414,10.910938,0.042569,-0.004056,0.978160,0.901251,-0.107816,9.860042,0.006871,-0.004246,-0.003256,0.346498,0.229842,-0.884566,98937.0000
1779273011783148718,2026-05-20 16:00:11.781,0.637115,2.371699,10.900253,0.034605,-0.001713,0.976714,0.584051,-0.172575,9.832237,0.007470,-0.003476,0.003224,0.347679,0.228353,-0.884861,98937.0000
1779273011883079422,2026-05-20 16:00:11.881,0.621365,2.338952,10.860830,0.036599,-0.003439,0.976800,0.002169,-0.746673,9.504212,0.000045,-0.000290,0.008305,0.345877,0.225681,-0.884151,98939.0000
1779273011982867367,2026-05-20 16:00:11.981,0.611299,2.267050,10.847041,0.040116,-0.004276,0.977991,0.382733,0.015616,9.957573,0.009699,0.019041,0.003778,0.347065,0.226852,-0.885109,98933.0000
1779273012083314533,2026-05-20 16:00:12.081,0.633817,2.224078,10.844875,0.026849,0.004680,0.979881,0.263882,0.212213,9.862644,-0.002451,0.013961,0.006649,0.346492,0.227182,-0.883903,98935.0000
1779273012183301459,2026-05-20 16:00:12.181,0.697945,2.234547,10.818042,0.024956,0.004513,0.980458,0.013331,0.238327,9.663022,-0.010144,-0.014222,0.009401,0.347690,0.227487,-0.883941,98935.0000
1779273012282985552,2026-05-20 16:00:12.281,0.757360,2.308644,10.793845,0.036158,-0.006782,0.977561,0.381589,0.153889,9.706104,-0.006098,-0.007011,-0.000894,0.346507,0.228679,-0.883639,98932.0000
1779273012383483329,2026-05-20 16:00:12.382,0.739477,2.376429,10.783646,0.039682,-0.012630,0.974834,1.036184,0.006210,9.941894,0.007595,-0.003513,-0.003581,0.345869,0.226845,-0.885079,98938.0000
1779273012483320607,2026-05-20 16:00:12.482,0.691803,2.391057,10.792133,0.035468,-0.002267,0.977672,0.250356,-0.088190,9.673128,0.002892,-0.006373,-0.003958,0.345306,0.228076,-0.883594,98933.0000
1779273012583242162,2026-05-20 16:00:12.581,0.687861,2.380505,10.795111,0.039892,0.005804,0.982277,-0.152948,-0.272962,9.557370,-0.005300,0.003260,0.005499,0.345861,0.225654,-0.885050,98939.0000
1779273012683033366,2026-05-20 16:00:12.681,0.729311,2.383773,10.791039,0.038234,-0.001377,0.978464,0.275876,-0.043839,9.758478,0.001412,0.006765,0.001242,0.346170,0.228028,-0.885414,98931.0000
1779273012783366329,2026-05-20 16:00:12.782,0.731944,2.360395,10.817404,0.034553,-0.011569,0.972503,0.348423,-0.112969,9.881538,0.004656,0.004734,0.000570,0.345886,0.228639,-0.884822,98933.0000
1779273012883179255,2026-05-20 16:00:12.881,0.697320,2.327405,10.876985,0.037560,-0.006846,0.976525,0.268620,0.169020,9.853873,0.015971,0.005542,-0.000328,0.345902,0.227783,-0.883602,98933.0000
1779273012983006996,2026-05-20 16:00:12.981,0.671033,2.322960,10.936641,0.033747,0.003395,0.980592,0.192687,0.213719,9.865088,-0.001579,-0.006909,-0.010590,0.345886,0.227756,-0.884501,98935.0000
1779273013084139940,2026-05-20 16:00:13.082,0.669886,2.335230,10.996917,0.033812,0.002131,0.979463,0.621894,0.050640,9.777054,-0.001231,-0.005431,-0.009347,0.346505,0.228382,-0.883632,98936.0000
1779273013183049588,2026-05-20 16:00:13.181,0.673976,2.374463,11.069106,0.034512,-0.006192,0.976745,-0.086312,-0.382067,9.485723,0.004286,-0.003455,-0.015160,0.345878,0.227449,-0.884793,98936.0000
1779273013283004977,2026-05-20 16:00:13.281,0.683730,2.427984,11.145524,0.036495,-0.005074,0.977962,0.558074,-0.610753,9.801377,0.000678,-0.004016,-0.012178,0.345549,0.227988,-0.886597,98935.0000
1779273013382818977,2026-05-20 16:00:13.381,0.710794,2.460228,11.214559,0.041561,-0.002937,0.978712,0.718732,-0.301226,9.931237,-0.003238,-0.006663,-0.015678,0.343202,0.230697,-0.885103,98935.0000
1779273013483342403,2026-05-20 16:00:13.482,0.732474,2.440869,11.281032,0.039895,-0.003803,0.976483,-0.087416,-0.098415,9.518975,-0.001572,0.004000,-0.009944,0.344102,0.228646,-0.884177,98926.0000
1779273013583188180,2026-05-20 16:00:13.581,0.741177,2.405348,11.329800,0.037025,-0.005300,0.978101,0.265292,0.310007,9.609608,-0.001578,0.004182,-0.006319,0.345619,0.231929,-0.884294,98941.0000
1779273013683040180,2026-05-20 16:00:13.681,0.739408,2.378493,11.346572,0.035916,-0.005846,0.978398,0.658167,0.094398,9.794945,-0.001960,0.005544,-0.004460,0.344991,0.230699,-0.885448,98937.0000
1779273013782946328,2026-05-20 16:00:13.781,0.724038,2.335979,11.349121,0.032245,-0.003453,0.977883,0.446206,0.159710,9.790653,-0.002496,0.008248,-0.005156,0.345326,0.230169,-0.883345,98938.0000
1779273013883162199,2026-05-20 16:00:13.881,0.709738,2.318112,11.371201,0.033077,-0.002300,0.978986,0.330788,-0.145602,9.690214,-0.001415,0.001836,-0.011107,0.344400,0.230118,-0.884820,98946.0000
1779273013983038754,2026-05-20 16:00:13.981,0.717413,2.339267,11.421475,0.034994,-0.000183,0.980394,0.457938,0.039586,9.773057,0.000001,-0.001210,-0.011850,0.345343,0.231079,-0.882767,98935.0000
1779273014082888236,2026-05-20 16:00:14.081,0.735656,2.367464,11.496388,0.031714,-0.002150,0.976360,0.150602,-0.073199,9.747479,-0.009374,-0.012926,-0.009644,0.345019,0.232512,-0.884593,98934.0000
1779273014183610754,2026-05-20 16:00:14.182,0.746355,2.385949,11.576369,0.038167,-0.006473,0.976597,-0.076682,-0.199831,9.553790,-0.002684,-0.007608,-0.014063,0.344081,0.232145,-0.886660,98933.0000
1779273014283385643,2026-05-20 16:00:14.282,0.731205,2.403842,11.643038,0.040288,-0.008100,0.977553,0.499251,-0.056164,10.041018,0.008588,0.005530,-0.005158,0.343541,0.233413,-0.883977,98935.0000
1779273014383241902,2026-05-20 16:00:14.381,0.695945,2.397429,11.701686,0.034758,-0.004565,0.977576,0.693307,-0.037010,10.076827,0.009364,0.006505,-0.003644,0.342347,0.232233,-0.883319,98937.0000
1779273014483081458,2026-05-20 16:00:14.481,0.669635,2.356396,11.771828,0.033228,-0.001113,0.978326,0.043808,-0.071122,9.821972,0.004304,-0.004663,-0.003840,0.344430,0.233112,-0.884293,98941.0000
1779273014583264124,2026-05-20 16:00:14.582,0.672388,2.327113,11.839491,0.036990,-0.001890,0.980995,0.104430,-0.239388,9.737799,0.009170,0.013401,-0.005285,0.342000,0.233332,-0.886335,98932.0000
1779273014683136032,2026-05-20 16:00:14.681,0.699767,2.321850,11.884000,0.031074,-0.001550,0.978099,0.054721,0.195051,9.766681,0.001543,0.005616,0.002717,0.342948,0.233418,-0.883662,98949.0000
1779273014783093939,2026-05-20 16:00:14.781,0.732434,2.335670,11.930243,0.029339,-0.002450,0.974713,0.371510,0.002936,9.780666,-0.001675,-0.009912,-0.004701,0.342069,0.234621,-0.883069,98932.0000
1779273014882954643,2026-05-20 16:00:14.881,0.745079,2.360622,12.009334,0.035895,-0.003547,0.976781,0.388825,0.348081,9.811619,-0.005073,-0.015728,-0.019706,0.342327,0.233379,-0.884845,98938.0000
1779273014983438272,2026-05-20 16:00:14.982,0.748899,2.401541,12.099931,0.038467,-0.005720,0.978110,0.455776,0.100341,10.045502,0.002689,-0.003284,-0.015643,0.341136,0.235148,-0.885157,98936.0000
1779273015083207272,2026-05-20 16:00:15.081,0.748130,2.438193,12.182732,0.034159,-0.003660,0.977985,0.391580,0.302537,9.951730,-0.007625,-0.009488,-0.014340,0.340839,0.235444,-0.885157,98945.0000
1779273015182777346,2026-05-20 16:00:15.181,0.742827,2.460050,12.261790,0.036648,-0.005197,0.978870,0.302865,-0.539906,9.795824,-0.003331,-0.007018,-0.013621,0.341753,0.237830,-0.885237,98943.0000
1779273015283393494,2026-05-20 16:00:15.282,0.742582,2.473076,12.342603,0.037979,-0.003650,0.979311,0.016053,-0.055856,9.628675,0.003010,-0.001219,-0.018342,0.340552,0.236344,-0.884871,98943.0000
1779273015383212939,2026-05-20 16:00:15.381,0.739349,2.472879,12.422729,0.034098,-0.005508,0.977077,0.209234,-0.183256,9.842964,0.001783,-0.009539,-0.008952,0.340593,0.237588,-0.883103,98938.0000
1779273015483043198,2026-05-20 16:00:15.481,0.727327,2.483000,12.518740,0.042007,-0.005248,0.978777,0.573718,-0.024806,9.978458,0.004536,-0.003124,-0.014008,0.339657,0.238404,-0.885497,98934.0000
1779273015582937642,2026-05-20 16:00:15.581,0.709868,2.507999,12.610348,0.039945,-0.004026,0.977739,0.358673,0.040546,9.971547,0.008571,0.008740,-0.011504,0.338772,0.238713,-0.884883,98938.0000
1779273015683701735,2026-05-20 16:00:15.682,0.695593,2.516103,12.712220,0.038420,-0.002681,0.977007,0.489028,0.150716,9.942635,-0.000047,-0.004545,-0.016771,0.337871,0.239880,-0.885487,98935.0000
1779273015783092086,2026-05-20 16:00:15.781,0.694030,2.496704,12.820894,0.040097,-0.002963,0.979420,0.626397,-0.099621,9.956312,0.000421,0.002099,-0.012051,0.337877,0.239006,-0.884867,98942.0000
1779273015882895957,2026-05-20 16:00:15.881,0.702198,2.480726,12.914227,0.037148,-0.004834,0.978258,0.007355,-0.175258,9.617967,-0.006088,-0.001963,-0.007324,0.339053,0.239274,-0.886103,98932.0000
1779273015982760772,2026-05-20 16:00:15.981,0.712792,2.454572,13.008949,0.039464,-0.004954,0.977935,0.246782,-0.342240,9.757903,-0.001153,0.004470,-0.008541,0.338180,0.241370,-0.885531,98923.0000
1779273016083287383,2026-05-20 16:00:16.082,0.714341,2.430358,13.102383,0.034158,-0.004607,0.976788,0.342220,0.030386,9.906463,0.000052,-0.001156,-0.003636,0.337882,0.239898,-0.884888,98935.0000
1779273016183225216,2026-05-20 16:00:16.181,0.724865,2.424079,13.187986,0.035573,-0.003599,0.977373,0.247192,-0.024011,9.811376,-0.002554,0.000067,-0.012280,0.337324,0.241725,-0.883419,98930.0000
1779273016283129105,2026-05-20 16:00:16.281,0.724114,2.418444,13.274339,0.037032,-0.005278,0.977695,0.700352,-0.097338,9.966494,-0.001642,-0.001887,-0.015233,0.335843,0.242329,-0.882796,98931.0000
1779273016383296734,2026-05-20 16:00:16.382,0.713058,2.422179,13.351305,0.031437,-0.004536,0.976341,0.187587,-0.124601,9.628397,0.006090,-0.006635,-0.017246,0.337012,0.242292,-0.884324,98933.0000
1779273016483189901,2026-05-20 16:00:16.481,0.709174,2.452098,13.422480,0.035983,-0.002948,0.979709,-0.145443,-0.417509,9.706322,0.000579,-0.006142,-0.015208,0.337042,0.244402,-0.883476,98933.0000
1779273016583033067,2026-05-20 16:00:16.581,0.717630,2.506460,13.499416,0.038004,-0.004566,0.979928,0.402319,-0.058392,9.891617,-0.000726,-0.008570,-0.010284,0.334873,0.242207,-0.886667,98933.0000
1779273016684407975,2026-05-20 16:00:16.683,0.721048,2.532671,13.578864,0.039736,-0.003449,0.977465,0.400239,0.102776,9.799521,0.000257,-0.001730,-0.014317,0.334596,0.243124,-0.885782,98940.0000
1779273016783526790,2026-05-20 16:00:16.782,0.726481,2.502872,13.654057,0.041997,-0.002713,0.978944,0.431424,0.362323,9.841393,-0.002138,0.004239,-0.013455,0.335230,0.243480,-0.884007,98929.0000
1779273016883037252,2026-05-20 16:00:16.881,0.736299,2.452261,13.718894,0.040788,-0.005011,0.977935,0.544353,0.224172,9.798879,-0.004625,0.011253,-0.015655,0.333721,0.244039,-0.884882,98940.0000
1779273016982874975,2026-05-20 16:00:16.981,0.725935,2.398217,13.782909,0.033786,-0.005762,0.975745,0.417312,-0.198565,9.776542,-0.003414,0.008389,-0.014814,0.335539,0.244086,-0.883730,98935.0000
1779273017082960771,2026-05-20 16:00:17.081,0.696238,2.357553,13.854204,0.033567,-0.005665,0.976985,0.159382,-0.018164,9.612200,0.009118,0.004220,-0.011743,0.335573,0.246791,-0.882896,98939.0000
1779273017183311956,2026-05-20 16:00:17.181,0.672503,2.376246,13.923726,0.033331,-0.003233,0.979598,0.591979,-0.157677,10.007914,0.013066,0.004801,-0.008422,0.334956,0.245579,-0.883451,98947.0000
1779273017283173234,2026-05-20 16:00:17.281,0.665926,2.424414,13.979155,0.029069,-0.000908,0.977073,0.554052,0.295524,9.868499,0.001764,-0.016671,-0.006734,0.334656,0.244693,-0.883122,98934.0000
1779273017383049104,2026-05-20 16:00:17.381,0.671873,2.463955,14.024699,0.036289,-0.001499,0.977975,0.506167,0.253235,9.872707,-0.003694,-0.017641,-0.004722,0.333748,0.246437,-0.884340,98937.0000
1779273017483510160,2026-05-20 16:00:17.482,0.693457,2.496856,14.078379,0.043602,-0.001995,0.980189,0.173378,0.160698,9.641161,-0.003718,0.008112,-0.009835,0.333140,0.245830,-0.884610,98945.0000
1779273017583397104,2026-05-20 16:00:17.582,0.725423,2.505775,14.137836,0.036360,-0.004520,0.976327,0.191643,0.058500,9.914558,-0.004013,0.000315,-0.006159,0.332565,0.246746,-0.883718,98934.0000
1779273017683198141,2026-05-20 16:00:17.681,0.739526,2.470360,14.196253,0.035997,-0.004624,0.977280,0.137020,0.289074,9.771029,0.003413,0.004003,-0.005756,0.333125,0.246984,-0.885837,98934.0000
1779273017782850400,2026-05-20 16:00:17.781,0.737200,2.433574,14.253098,0.035949,-0.005315,0.978661,0.469207,0.254625,9.794762,-0.001317,0.001013,-0.009634,0.332572,0.247936,-0.883746,98936.0000
1779273017883346456,2026-05-20 16:00:17.882,0.721940,2.421070,14.309465,0.036076,-0.005963,0.978837,0.224695,-0.106218,9.791666,0.007169,0.006183,-0.009219,0.331959,0.248203,-0.884637,98945.0000
1779273017983406437,2026-05-20 16:00:17.982,0.694970,2.420762,14.361710,0.034191,-0.004251,0.978149,0.209849,-0.066248,9.794660,0.006053,0.001479,-0.002131,0.332915,0.248596,-0.881672,98937.0000
1779273018083185881,2026-05-20 16:00:18.081,0.670004,2.431922,14.424148,0.032664,-0.001888,0.976421,0.496667,0.199127,10.081524,0.004942,-0.008787,-0.008498,0.333166,0.249698,-0.884704,98940.0000
1779273018182761363,2026-05-20 16:00:18.181,0.662944,2.459007,14.486826,0.037985,-0.001905,0.976654,0.175903,0.022311,9.780505,-0.000853,-0.001819,-0.015021,0.332874,0.249119,-0.884083,98932.0000
1779273018283362196,2026-05-20 16:00:18.282,0.673701,2.501634,14.539547,0.039031,-0.003713,0.978263,0.179162,-0.159934,9.851966,0.002144,-0.006624,-0.004050,0.331373,0.251753,-0.885307,98930.0000
1779273018383176344,2026-05-20 16:00:18.381,0.685771,2.538397,14.572534,0.036725,-0.002759,0.976197,0.818730,0.198396,9.994275,-0.003885,-0.009565,-0.005597,0.332564,0.249983,-0.884995,98949.0000
1779273018483037455,2026-05-20 16:00:18.481,0.694079,2.535703,14.604794,0.038726,-0.004202,0.978464,0.295074,-0.354480,9.627018,-0.003590,0.000125,-0.004198,0.330433,0.248735,-0.886411,98928.0000
1779273018583551085,2026-05-20 16:00:18.582,0.694613,2.517862,14.626913,0.040351,-0.003548,0.979385,0.149002,-0.077087,9.712271,0.004725,0.004348,0.000650,0.331390,0.250896,-0.884088,98935.0000
1779273018683065548,2026-05-20 16:00:18.681,0.689851,2.484778,14.646511,0.037798,-0.003671,0.978304,0.656331,0.179831,9.878164,0.003039,0.004600,-0.003440,0.331656,0.248490,-0.884936,98940.0000
1779273018783061140,2026-05-20 16:00:18.781,0.690526,2.427784,14.669229,0.035073,-0.002890,0.977976,0.237346,-0.177542,9.752027,-0.000129,0.008722,-0.004338,0.332580,0.249126,-0.883775,98934.0000
1779273018884288029,2026-05-20 16:00:18.883,0.701191,2.401777,14.676891,0.035799,-0.002872,0.978014,0.106546,-0.212576,9.595383,0.005417,0.004405,0.004422,0.331379,0.251762,-0.885008,98941.0000
1779273018983447751,2026-05-20 16:00:18.982,0.716023,2.397700,14.669197,0.036249,-0.003828,0.978698,0.453629,0.228435,9.800838,0.001629,0.004813,0.003468,0.331991,0.250611,-0.883796,98929.0000
1779273019083179325,2026-05-20 16:00:19.081,0.714729,2.404740,14.667224,0.031965,-0.002900,0.976881,0.284950,0.273113,9.864953,-0.001554,-0.001627,-0.001340,0.331984,0.250304,-0.884088,98940.0000
1779273019183461233,2026-05-20 16:00:19.181,0.693264,2.404798,14.673675,0.032470,-0.003413,0.977997,0.342057,-0.168506,9.924675,0.006080,-0.004500,-0.003264,0.331706,0.250041,-0.882875,98929.0000
1779273019283762047,2026-05-20 16:00:19.282,0.667793,2.418964,14.690933,0.037475,-0.003453,0.978902,0.362100,0.160142,9.825860,0.011827,0.000561,-0.001261,0.331995,0.249438,-0.883168,98935.0000
1779273019383177529,2026-05-20 16:00:19.381,0.659450,2.436898,14.712098,0.035708,-0.001432,0.977550,0.010856,0.167826,9.715714,0.001798,-0.006578,0.004248,0.330765,0.251144,-0.885577,98933.0000
1779273019483075732,2026-05-20 16:00:19.481,0.653928,2.441797,14.719123,0.040276,-0.001984,0.979004,0.501445,-0.148973,9.906356,0.000406,0.012990,0.000363,0.331395,0.249137,-0.883146,98931.0000
1779273019582884769,2026-05-20 16:00:19.581,0.655991,2.409579,14.713565,0.033854,-0.002409,0.976375,0.501165,0.113040,9.790226,-0.004974,-0.000418,0.008586,0.331386,0.251184,-0.884394,98940.0000
1779273019683513621,2026-05-20 16:00:19.682,0.664781,2.361974,14.713551,0.035686,-0.000842,0.977069,0.331980,0.020794,9.672057,-0.008014,-0.002875,-0.006019,0.332291,0.250612,-0.883804,98943.0000
1779273019783388362,2026-05-20 16:00:19.782,0.677311,2.350870,14.703702,0.036655,-0.003687,0.978343,0.016877,-0.083899,9.650331,0.008251,0.003155,0.010719,0.333209,0.250357,-0.882621,98930.0000
1779273019883276066,2026-05-20 16:00:19.882,0.690352,2.369812,14.682775,0.033389,-0.003878,0.977481,0.033228,0.181565,9.736856,0.003544,0.000310,0.011145,0.332579,0.250596,-0.884410,98937.0000
1779273019983083121,2026-05-20 16:00:19.981,0.690991,2.392693,14.671201,0.031460,-0.002427,0.976305,0.437879,0.119043,9.761248,0.001370,-0.012070,-0.003744,0.330814,0.251812,-0.883195,98940.0000
1779273020083489065,2026-05-20 16:00:20.082,0.673682,2.395286,14.676571,0.037150,-0.003354,0.978998,0.331833,-0.194394,9.807032,0.006252,0.000553,-0.001481,0.332573,0.249704,-0.884389,98942.0000
1779273020183126954,2026-05-20 16:00:20.181,0.655582,2.401151,14.688056,0.033796,-0.003288,0.978625,0.332874,-0.059298,9.828444,0.003102,-0.002825,-0.004267,0.332597,0.249153,-0.882877,98940.0000
1779273020283032047,2026-05-20 16:00:20.281,0.640918,2.421732,14.682122,0.035450,-0.001537,0.979091,0.531297,0.127590,9.840138,0.003803,0.000137,0.002983,0.332270,0.248223,-0.884046,98939.0000
1779273020383013028,2026-05-20 16:00:20.381,0.634723,2.435893,14.667172,0.036039,-0.000412,0.979351,-0.000950,-0.216783,9.544393,-0.000398,0.002859,0.002508,0.332253,0.249963,-0.885587,98936.0000
1779273020483206473,2026-05-20 16:00:20.481,0.642130,2.407805,14.661783,0.035412,-0.001687,0.977593,0.202376,0.082756,9.795475,0.005066,0.002819,0.005000,0.333149,0.249671,-0.885602,98936.0000
1779273020583086250,2026-05-20 16:00:20.581,0.657581,2.368046,14.663801,0.035648,-0.001388,0.976585,0.271592,0.014514,9.616323,-0.002468,0.005221,-0.002416,0.333198,0.250339,-0.883220,98928.0000
1779273020684414880,2026-05-20 16:00:20.683,0.673852,2.354295,14.673951,0.036047,-0.002248,0.977544,0.499357,-0.210736,9.785091,-0.000202,0.001073,-0.004598,0.331397,0.250319,-0.883474,98933.0000
1779273020783015917,2026-05-20 16:00:20.781,0.677729,2.370650,14.682898,0.031301,-0.006081,0.976981,0.471258,0.321303,9.987681,0.004595,-0.009546,0.001894,0.333800,0.250937,-0.883250,98944.0000
1779273020883214213,2026-05-20 16:00:20.882,0.668963,2.415312,14.685311,0.036169,-0.004689,0.978973,0.213202,0.007772,9.662436,0.003937,-0.001732,0.004933,0.332289,0.250315,-0.883796,98933.0000
1779273020983088102,2026-05-20 16:00:20.981,0.654300,2.460017,14.670575,0.034231,-0.003160,0.978004,0.056847,0.036351,9.557977,0.000312,-0.008958,0.013488,0.332852,0.249083,-0.885281,98934.0000
1779273021084272694,2026-05-20 16:00:21.083,0.650818,2.470089,14.651671,0.036941,-0.000694,0.979697,0.431722,-0.014493,9.831341,0.005178,-0.005117,0.001738,0.331683,0.250005,-0.884074,98925.0000
1779273021183150768,2026-05-20 16:00:21.181,0.667529,2.440542,14.642749,0.038519,-0.000992,0.978516,0.246741,0.111759,9.754506,-0.006225,0.011163,-0.001983,0.332272,0.248520,-0.884053,98934.0000
1779273021283141324,2026-05-20 16:00:21.281,0.684840,2.430346,14.630330,0.034908,-0.002901,0.976440,0.601172,-0.144487,9.842460,0.001728,0.002867,0.005304,0.333493,0.250629,-0.883535,98948.0000
1779273021384359120,2026-05-20 16:00:21.383,0.685493,2.428005,14.621197,0.033707,-0.001813,0.976428,1.057416,0.228746,9.890348,-0.003648,-0.006091,0.003709,0.332863,0.249101,-0.884682,98935.0000
1779273021483399046,2026-05-20 16:00:21.482,0.679859,2.454638,14.617086,0.035727,-0.005549,0.978027,-0.326282,-0.342787,9.601659,0.009221,0.002355,0.009388,0.331969,0.248807,-0.884352,98934.0000
1779273021583241231,2026-05-20 16:00:21.582,0.661963,2.480845,14.609488,0.038085,-0.001935,0.979629,0.129527,0.070038,9.741118,0.004064,0.001495,0.002999,0.332566,0.249397,-0.884681,98942.0000
1779273021683093009,2026-05-20 16:00:21.681,0.651317,2.464699,14.591593,0.035598,-0.001963,0.976409,0.424859,-0.372593,9.822588,-0.003454,-0.000265,-0.000407,0.330765,0.248493,-0.884614,98946.0000
1779273021783080953,2026-05-20 16:00:21.781,0.639401,2.412983,14.564177,0.036306,-0.003140,0.978396,0.116536,0.347655,9.895885,0.004611,-0.001505,0.010848,0.332234,0.247871,-0.885836,98945.0000
1779273021883545842,2026-05-20 16:00:21.882,0.645812,2.413489,14.557944,0.039453,0.000427,0.979070,-0.134870,0.026980,9.670946,0.001103,0.003228,-0.002253,0.333745,0.247610,-0.884968,98936.0000
1779273021983425101,2026-05-20 16:00:21.982,0.650808,2.420701,14.545578,0.032964,-0.003186,0.976801,0.363066,-0.160223,9.984295,0.001912,-0.002748,0.007835,0.334659,0.247642,-0.884092,98928.0000
1779273022082954064,2026-05-20 16:00:22.081,0.647640,2.408858,14.517795,0.033143,-0.000760,0.976541,0.340317,0.441861,9.618873,-0.006142,-0.020175,0.005286,0.333171,0.247056,-0.883441,98935.0000
1779273022184350823,2026-05-20 16:00:22.183,0.647420,2.440891,14.475459,0.041270,-0.006757,0.979095,-0.118747,-0.339131,9.386576,0.013268,0.002863,0.016405,0.333758,0.246158,-0.883734,98946.0000
1779273022283505823,2026-05-20 16:00:22.282,0.645578,2.456236,14.418363,0.036875,-0.000167,0.978110,0.314116,0.245475,9.637582,0.001655,0.008063,0.009543,0.333754,0.247330,-0.884362,98933.0000
1779273022383326027,2026-05-20 16:00:22.382,0.641595,2.394789,14.354299,0.035738,-0.001925,0.978273,0.961539,0.080663,10.123332,0.001018,0.010758,0.012395,0.333440,0.245831,-0.884618,98935.0000
1779273022483188638,2026-05-20 16:00:22.481,0.633531,2.365684,14.301228,0.033508,-0.002759,0.977861,-0.099986,-0.082799,9.711181,0.004400,-0.004184,0.013187,0.336463,0.247374,-0.883532,98942.0000
1779273022583359657,2026-05-20 16:00:22.582,0.633495,2.374976,14.271214,0.032339,0.000274,0.978774,0.373085,-0.135128,9.848395,0.003847,-0.003090,0.003621,0.334918,0.245814,-0.885555,98937.0000
1779273022683419268,2026-05-20 16:00:22.682,0.633252,2.417244,14.257720,0.037954,0.000002,0.978956,0.991924,0.094282,9.864774,-0.005525,-0.005959,-0.003309,0.333415,0.245498,-0.885809,98937.0000
1779273022783183434,2026-05-20 16:00:22.781,0.646980,2.479477,14.231503,0.039387,-0.005461,0.977041,0.007601,-0.336759,9.690864,0.005943,-0.000486,0.014498,0.333733,0.244941,-0.884604,98938.0000
1779273022883078971,2026-05-20 16:00:22.881,0.662608,2.503501,14.198059,0.039885,-0.000892,0.976887,0.534765,-0.124328,9.794142,-0.005026,-0.008162,0.004362,0.335208,0.244328,-0.885526,98940.0000
1779273022983537841,2026-05-20 16:00:22.982,0.665616,2.496787,14.185989,0.040543,-0.001744,0.977791,0.290917,-0.321561,9.779983,0.000987,-0.002821,0.003979,0.333710,0.244905,-0.885802,98939.0000
1779273023083320304,2026-05-20 16:00:23.082,0.663032,2.461551,14.179192,0.040192,-0.004823,0.978642,0.650385,0.212894,9.956954,0.004773,0.011591,0.009840,0.334348,0.245855,-0.884042,98943.0000
1779273023182863971,2026-05-20 16:00:23.181,0.640510,2.219038,14.071061,0.038879,-0.006937,0.981927,-0.035291,-0.214918,9.796336,0.008618,0.068449,0.037963,0.337034,0.243211,-0.883447,98944.0000
1779273023282803730,2026-05-20 16:00:23.281,0.597131,1.734020,13.847168,0.018199,0.000132,0.982185,-0.006564,0.041887,9.771252,0.015985,0.104233,0.052294,0.338880,0.242419,-0.880476,98952.0000
1779273023383302749,2026-05-20 16:00:23.382,0.556394,1.070980,13.491622,-0.000550,-0.000153,0.985348,-0.122380,0.160015,9.823173,0.009767,0.126935,0.080451,0.346125,0.239622,-0.876094,98940.0000
1779273023483151026,2026-05-20 16:00:23.481,0.514398,0.385328,13.013710,-0.033985,0.005782,0.980611,-0.490751,-0.052068,9.751955,0.010717,0.100490,0.090535,0.352166,0.236512,-0.871974,98932.0000
1779273023583060637,2026-05-20 16:00:23.581,0.471162,-0.154521,12.495753,-0.046473,0.007756,0.982586,-0.760207,-0.028538,9.611217,0.001683,0.083568,0.094720,0.358488,0.230725,-0.867798,98942.0000
1779273023683532730,2026-05-20 16:00:23.682,0.439312,-0.655860,11.921066,-0.064753,0.005969,0.981000,-0.273986,-0.700829,9.621033,0.002783,0.094098,0.133284,0.363596,0.228140,-0.865767,98929.0000
1779273023783213841,2026-05-20 16:00:23.781,0.442096,-1.221930,11.178840,-0.102624,0.015290,0.976123,-0.369953,0.474275,10.072401,-0.022980,0.101228,0.168185,0.367527,0.221752,-0.861214,98940.0000
1779273023883020878,2026-05-20 16:00:23.881,0.525639,-1.628142,10.215004,-0.123885,0.013385,0.968242,-2.213839,-0.387031,8.982054,-0.009426,0.055310,0.183561,0.374457,0.214805,-0.856125,98936.0000
1779273023982869878,2026-05-20 16:00:23.981,0.664314,-1.640549,9.216816,-0.125741,0.013057,0.973566,-0.428251,0.566436,10.517347,-0.027440,-0.014304,0.150163,0.379190,0.209153,-0.857010,98934.0000
1779273024083450211,2026-05-20 16:00:24.082,0.760467,-1.470052,8.219400,-0.116582,-0.006593,0.972040,-1.147168,-1.537182,8.793275,0.017132,-0.018033,0.185237,0.382724,0.203197,-0.857857,98935.0000
1779273024183022193,2026-05-20 16:00:24.181,0.801362,-1.090838,7.151629,-0.095093,-0.004892,0.974116,-1.176584,-0.618915,9.410201,-0.015790,-0.082881,0.196762,0.385326,0.194529,-0.859515,98937.0000
1779273024283050915,2026-05-20 16:00:24.281,0.709506,-0.655821,5.961683,-0.069806,-0.011089,0.973835,-0.458988,-0.781303,9.742324,0.011979,-0.072898,0.192808,0.385471,0.186334,-0.864720,98937.0000
1779273024383534804,2026-05-20 16:00:24.382,0.588698,-0.202616,4.673733,-0.057326,0.002110,0.969527,-0.152346,-0.186839,9.893641,0.009086,-0.072649,0.222686,0.387448,0.175264,-0.866904,98939.0000
1779273024483400063,2026-05-20 16:00:24.482,0.543551,0.196070,3.338965,-0.044441,0.009090,0.972383,-0.318063,0.122005,10.085326,-0.001348,-0.073378,0.231069,0.388802,0.164740,-0.870585,98934.0000
1779273024583239137,2026-05-20 16:00:24.582,0.617496,0.489023,1.991707,-0.030274,0.014018,0.972965,-0.696907,0.820844,9.619386,-0.035424,-0.066708,0.234788,0.391713,0.155795,-0.871644,98940.0000
1779273024683085340,2026-05-20 16:00:24.681,0.788610,0.575404,0.574821,-0.013112,0.004341,0.983616,0.361423,-0.255142,9.964211,-0.019375,0.020060,0.256574,0.395516,0.145079,-0.872383,98933.0000
1779273024783382451,2026-05-20 16:00:24.782,0.956863,0.453038,359.069040,-0.009304,-0.008077,0.988288,0.909045,-0.130173,10.405816,-0.022679,0.038758,0.270862,0.398734,0.134088,-0.872201,98946.0000
1779273024883212581,2026-05-20 16:00:24.882,1.012002,0.164614,357.443014,-0.016439,-0.020343,0.987578,-0.273034,-0.042839,9.935441,0.001922,0.037648,0.285212,0.404393,0.122598,-0.869371,98943.0000
1779273024983124933,2026-05-20 16:00:24.981,0.907864,-0.159383,355.666426,-0.023145,-0.025344,0.988026,-0.807928,0.410880,9.613610,0.033483,0.054251,0.324375,0.410282,0.106583,-0.868536,98940.0000
1779273025083023729,2026-05-20 16:00:25.081,0.726367,-0.389453,353.746864,-0.033292,-0.015201,0.978895,-0.649303,-0.178652,9.500275,0.030702,0.033849,0.357724,0.415012,0.092679,-0.866524,98935.0000
1779273025183297044,2026-05-20 16:00:25.182,0.608325,-0.440580,351.749902,-0.037791,0.001588,0.971679,-0.672837,0.209431,9.659882,0.009297,-0.017506,0.350816,0.416682,0.075412,-0.866752,98935.0000
1779273025283200914,2026-05-20 16:00:25.281,0.637038,-0.311035,349.722545,-0.030660,0.005013,0.970305,-0.600091,-0.056226,9.270350,-0.018122,-0.036522,0.356895,0.420729,0.057248,-0.867618,98939.0000
1779273025383042266,2026-05-20 16:00:25.381,0.770264,-0.122133,347.654591,-0.019512,-0.001744,0.971637,-0.061224,-0.282087,9.645248,-0.027543,-0.041368,0.357577,0.420000,0.043195,-0.869362,98938.0000
1779273025483584062,2026-05-20 16:00:25.482,0.879313,0.027068,345.544012,-0.010888,-0.015122,0.978377,0.130303,-0.260823,9.975059,-0.009961,-0.032399,0.368983,0.421658,0.026496,-0.870503,98941.0000
1779273025583402044,2026-05-20 16:00:25.582,0.888268,0.089072,343.424627,-0.005766,-0.021548,0.980371,0.140704,-0.429446,9.907283,0.018768,-0.009233,0.365553,0.420333,0.008615,-0.870640,98931.0000
1779273025683261747,2026-05-20 16:00:25.682,0.800006,0.073429,341.322628,-0.005565,-0.015866,0.982498,-0.059176,0.276248,10.054689,0.012902,-0.002226,0.366381,0.420765,-0.009904,-0.872606,98935.0000
1779273025782877247,2026-05-20 16:00:25.781,0.685923,0.024349,339.254128,-0.007687,-0.010600,0.981458,-0.093131,0.082937,10.067629,0.019993,0.005284,0.358034,0.420385,-0.027409,-0.870377,98942.0000
1779273025883448284,2026-05-20 16:00:25.882,0.610799,-0.018739,337.188997,-0.009547,-0.003576,0.978998,0.191535,-0.028878,9.917722,0.006810,0.004224,0.358901,0.420846,-0.043232,-0.871809,98944.0000
1779273025983260154,2026-05-20 16:00:25.982,0.596031,-0.022954,335.120714,-0.010903,-0.005079,0.977926,0.129951,0.000658,9.861727,-0.005431,-0.002999,0.368143,0.418974,-0.059268,-0.869877,98940.0000
1779273026083219747,2026-05-20 16:00:26.081,0.594349,-0.038273,333.046200,-0.013703,-0.005045,0.975143,-0.154209,0.163502,9.641358,0.000879,-0.026307,0.357660,0.417928,-0.076002,-0.871548,98933.0000
1779273026183091488,2026-05-20 16:00:26.181,0.601366,0.104232,331.048672,-0.007214,-0.007476,0.976158,0.022031,0.046520,9.652907,0.001775,-0.048987,0.338913,0.412422,-0.093602,-0.871286,98944.0000
1779273026283358858,2026-05-20 16:00:26.282,0.585960,0.312140,329.107542,0.003612,-0.010636,0.978904,0.047165,-0.258839,9.791253,0.004616,-0.037769,0.337698,0.408981,-0.108880,-0.873531,98937.0000
1779273026383162302,2026-05-20 16:00:26.381,0.555311,0.458083,327.191490,0.013752,-0.009606,0.980191,0.182520,0.024922,9.871652,0.006496,-0.018813,0.331041,0.405572,-0.124402,-0.873971,98933.0000
1779273026483009599,2026-05-20 16:00:26.481,0.519765,0.470713,325.293270,0.017639,-0.008753,0.981841,0.104719,-0.159184,9.865250,0.008709,0.007023,0.325455,0.400378,-0.139331,-0.874081,98937.0000
1779273026583533339,2026-05-20 16:00:26.582,0.503407,0.368363,323.441975,0.014093,-0.005518,0.980496,-0.192877,-0.064305,9.763823,0.006393,0.012577,0.322755,0.394903,-0.153053,-0.873613,98945.0000
1779273026683364358,2026-05-20 16:00:26.682,0.508263,0.216989,321.613163,0.008123,-0.005000,0.980407,-0.265424,0.096322,9.679443,0.006157,0.023840,0.320894,0.391859,-0.167879,-0.870780,98946.0000
1779273026783623413,2026-05-20 16:00:26.782,0.511271,0.068794,319.782948,0.001948,-0.006712,0.978703,-0.198439,-0.034133,9.659670,-0.001994,0.016699,0.307249,0.386683,-0.181600,-0.870319,98946.0000
1779273026882882191,2026-05-20 16:00:26.881,0.493670,0.029591,317.950340,-0.004777,-0.011666,0.974399,-0.261371,-0.626801,9.560235,0.001351,-0.005255,0.317748,0.380271,-0.196274,-0.871604,98931.0000
1779273026983421413,2026-05-20 16:00:26.982,0.455327,0.137306,316.132027,-0.004310,-0.007361,0.974670,0.047297,0.112757,9.756043,0.014446,-0.029141,0.314003,0.374191,-0.209423,-0.871734,98935.0000
1779273027083170728,2026-05-20 16:00:27.081,0.412534,0.349452,314.363628,0.001023,-0.007339,0.974662,-0.021438,-0.218279,9.749382,0.005031,-0.042705,0.304463,0.367501,-0.221709,-0.872768,98928.0000
1779273027183167209,2026-05-20 16:00:27.181,0.378455,0.590556,312.623592,0.013326,-0.005590,0.978196,0.330208,0.137616,9.856483,0.009372,-0.039089,0.304605,0.358401,-0.235805,-0.873998,98942.0000
1779273027283931024,2026-05-20 16:00:27.282,0.361209,0.751021,310.910084,0.024131,-0.002180,0.979811,0.370508,-0.087981,9.916483,0.001932,-0.016042,0.294461,0.350817,-0.246619,-0.875345,98944.0000
1779273027383387246,2026-05-20 16:00:27.382,0.359223,0.775213,309.218479,0.029338,-0.005008,0.981889,0.416421,-0.189459,9.897962,0.002353,0.006563,0.297898,0.342662,-0.258572,-0.874851,98939.0000
1779273027483264154,2026-05-20 16:00:27.482,0.367392,0.652208,307.536381,0.028199,-0.006476,0.982302,0.439580,-0.805568,9.824286,0.010675,0.036937,0.296306,0.337502,-0.269028,-0.874769,98941.0000
1779273027583092357,2026-05-20 16:00:27.581,0.360335,0.464385,305.854527,0.018642,-0.005242,0.981973,0.471541,0.140094,9.815153,0.006214,0.035862,0.283691,0.330560,-0.280947,-0.873406,98936.0000
1779273027683620487,2026-05-20 16:00:27.682,0.338441,0.331008,304.186424,0.006252,-0.004903,0.978867,-0.387177,0.199318,9.628898,0.007004,0.024098,0.290230,0.323349,-0.291641,-0.870867,98942.0000
1779273027783208524,2026-05-20 16:00:27.781,0.323689,0.310453,302.558689,0.003310,-0.002671,0.976244,0.245367,-0.040881,9.916510,0.003088,-0.012900,0.278807,0.312473,-0.302772,-0.872123,98930.0000
1779273027883087987,2026-05-20 16:00:27.881,0.325582,0.382276,300.977890,0.006462,-0.002735,0.974968,0.271411,-0.306091,9.681609,-0.000702,-0.019142,0.271315,0.306723,-0.311158,-0.872375,98937.0000
1779273027982961413,2026-05-20 16:00:27.981,0.334759,0.488763,299.420025,0.011343,-0.005270,0.976302,0.308410,-0.104314,9.794917,-0.004203,-0.021700,0.262024,0.297352,-0.322559,-0.873063,98931.0000
1779273028083464172,2026-05-20 16:00:28.082,0.334469,0.571152,297.900513,0.019366,-0.008090,0.978962,0.148363,0.065574,9.975655,0.006392,-0.008228,0.253606,0.288302,-0.331569,-0.873516,98934.0000
1779273028183814468,2026-05-20 16:00:28.182,0.324378,0.588494,296.479336,0.023420,-0.006370,0.981174,0.275445,0.153579,9.917382,0.005523,0.004778,0.238280,0.280181,-0.338165,-0.873151,98932.0000
1779273028282990820,2026-05-20 16:00:28.281,0.305379,0.531707,295.166222,0.023152,-0.006520,0.980999,0.490221,-0.221910,9.871889,0.006699,0.014184,0.219818,0.273554,-0.348586,-0.871533,98938.0000
1779273028382873135,2026-05-20 16:00:28.381,0.281100,0.426886,293.954887,0.019295,-0.003450,0.979273,0.279316,0.123455,9.815061,0.006819,0.014370,0.201054,0.265389,-0.353487,-0.874207,98930.0000
1779273028483327412,2026-05-20 16:00:28.482,0.261457,0.314388,292.847130,0.014124,-0.001849,0.977544,0.122434,-0.065992,9.773516,0.006328,0.015070,0.185558,0.258207,-0.360601,-0.871454,98938.0000
1779273028583182764,2026-05-20 16:00:28.581,0.245853,0.260937,291.861565,0.009421,0.001160,0.975258,-0.020148,0.156648,9.740965,0.000952,-0.009969,0.152893,0.254023,-0.365036,-0.869442,98930.0000
1779273028683037116,2026-05-20 16:00:28.681,0.256223,0.380657,291.044380,0.011400,-0.000688,0.976258,0.037855,0.015892,9.748246,-0.003485,-0.032540,0.126282,0.248579,-0.369876,-0.870687,98937.0000
1779273028783669764,2026-05-20 16:00:28.782,0.261670,0.605913,290.372734,0.022899,-0.005898,0.978287,0.208629,0.151989,9.829466,0.004122,-0.046821,0.103042,0.242557,-0.374097,-0.871032,98939.0000
1779273028883510931,2026-05-20 16:00:28.882,0.238021,1.081467,289.915276,0.033179,-0.002248,0.972829,0.291081,-0.002627,9.654472,0.010962,-0.129600,0.054233,0.238267,-0.375168,-0.875996,98934.0000
1779273028983098005,2026-05-20 16:00:28.981,0.177855,1.982515,289.748154,0.072882,-0.002756,0.975063,0.729683,0.017662,9.731133,0.011464,-0.164128,0.006174,0.229854,-0.376455,-0.877251,98933.0000
1779273029083194227,2026-05-20 16:00:29.081,0.085932,2.873662,289.788170,0.115014,-0.001668,0.975990,1.373373,-0.079849,9.784283,0.015857,-0.134107,-0.007554,0.224417,-0.375983,-0.880123,98944.0000
1779273029183489671,2026-05-20 16:00:29.182,0.006102,3.642570,289.782578,0.148754,0.003051,0.970572,1.815268,0.441993,9.775053,0.000232,-0.127128,0.032179,0.220714,-0.377953,-0.885380,98938.0000
1779273029283353301,2026-05-20 16:00:29.282,-0.033897,4.220004,289.510315,0.178590,0.004303,0.973791,3.066543,-0.102762,10.445976,0.010837,-0.055434,0.074663,0.215001,-0.379800,-0.886090,98947.0000
1779273029383160893,2026-05-20 16:00:29.381,-0.037872,4.297757,289.016083,0.191743,0.007577,0.973986,1.336516,-0.080957,9.094719,-0.003141,0.048363,0.090339,0.210765,-0.381963,-0.887730,98931.0000
1779273029483685708,2026-05-20 16:00:29.482,-0.024049,3.854132,288.439148,0.181948,0.007214,0.972757,2.090950,0.328458,10.106986,0.005199,0.108974,0.105278,0.210217,-0.383653,-0.884376,98933.0000
1779273029583516726,2026-05-20 16:00:29.582,-0.007588,3.143520,287.797783,0.147152,0.009244,0.970100,1.775145,0.426956,9.757891,-0.000588,0.118913,0.115801,0.209354,-0.386842,-0.881279,98939.0000
1779273029683398041,2026-05-20 16:00:29.682,-0.009931,2.530262,287.093048,0.107776,0.009358,0.968826,1.175678,-0.121654,9.597911,0.006125,0.089661,0.123869,0.210274,-0.390336,-0.878819,98936.0000
1779273029784498689,2026-05-20 16:00:29.783,-0.028580,2.265888,286.388596,0.077880,0.014411,0.968862,0.990343,-0.423393,9.711721,0.010869,0.005884,0.119113,0.206393,-0.393291,-0.877150,98931.0000
1779273029883556356,2026-05-20 16:00:29.882,-0.049175,2.508531,285.752777,0.076856,0.014741,0.971542,1.075061,0.074651,9.850217,0.007550,-0.075009,0.096152,0.199169,-0.396644,-0.878085,98937.0000
1779273029983411689,2026-05-20 16:00:29.982,-0.053445,3.106241,285.196701,0.092945,0.013611,0.971749,1.658363,-0.494188,9.776288,0.004820,-0.103149,0.093539,0.194331,-0.399406,-0.879695,98942.0000
1779273030083235319,2026-05-20 16:00:30.082,-0.042292,3.533546,284.691597,0.119864,0.013325,0.976871,1.334354,0.190391,9.838121,-0.003155,-0.049809,0.086749,0.185582,-0.404581,-0.881448,98945.0000
1779273030183188300,2026-05-20 16:00:30.181,-0.004403,3.530305,284.212997,0.132390,0.009585,0.981715,1.123771,-0.058011,9.700619,-0.003249,0.058935,0.078731,0.185000,-0.403088,-0.881169,98947.0000
1779273030283410874,2026-05-20 16:00:30.282,0.043958,3.054203,283.774475,0.106785,0.006002,0.979558,0.812793,0.277597,9.899260,0.003432,0.112567,0.075720,0.183821,-0.405422,-0.879283,98932.0000
1779273030383261430,2026-05-20 16:00:30.382,0.070899,2.325798,283.453697,0.075850,0.004686,0.975480,0.756612,0.209743,9.777684,-0.005978,0.119897,0.042170,0.186552,-0.407110,-0.876613,98942.0000
1779273030483150226,2026-05-20 16:00:30.481,0.085342,1.685047,283.252609,0.040932,0.003778,0.975258,0.785103,0.231962,9.852960,-0.000662,0.091614,0.021671,0.189014,-0.406987,-0.873080,98937.0000
1779273030583612244,2026-05-20 16:00:30.582,0.091575,1.385836,283.068069,0.011451,0.001316,0.974024,-0.037611,-0.232788,9.607864,0.005020,0.018179,0.038367,0.189307,-0.407878,-0.873066,98940.0000
1779273030683512041,2026-05-20 16:00:30.682,0.085974,1.447367,282.848770,0.011086,0.005697,0.978130,0.169603,0.043417,9.824533,-0.000504,-0.038040,0.043045,0.187491,-0.409395,-0.873583,98947.0000
1779273030783099670,2026-05-20 16:00:30.781,0.071000,1.742015,282.594185,0.025869,0.003305,0.979546,0.259293,0.042226,9.786355,0.004661,-0.056527,0.048290,0.184520,-0.409675,-0.872302,98942.0000
1779273030882961652,2026-05-20 16:00:30.881,0.036709,2.033692,282.351967,0.048887,0.000232,0.982431,0.222625,-0.123286,9.595523,0.012468,-0.037531,0.045349,0.180553,-0.411295,-0.875760,98939.0000
1779273030983458077,2026-05-20 16:00:30.982,-0.038871,2.164755,282.172226,0.053959,0.000144,0.982150,0.544159,-0.351343,9.711936,0.021925,-0.005270,0.022934,0.179369,-0.412754,-0.874496,98931.0000
1779273031083184781,2026-05-20 16:00:31.081,-0.101575,2.084482,282.074158,0.051422,0.006413,0.979900,0.456346,0.220857,9.749099,0.012924,0.025474,0.013155,0.177582,-0.413342,-0.873836,98938.0000
1779273031183141966,2026-05-20 16:00:31.181,-0.078851,1.881160,282.048836,0.040057,0.013242,0.975138,0.445272,0.083680,9.701653,-0.020922,0.033796,-0.005647,0.179399,-0.413296,-0.872684,98933.0000
1779273031284464707,2026-05-20 16:00:31.283,0.034981,1.688704,282.012566,0.028430,0.008503,0.971930,0.182040,0.301115,9.786957,-0.024386,0.030452,0.009973,0.179364,-0.412763,-0.874796,98939.0000
1779273031383604281,2026-05-20 16:00:31.382,0.167959,1.553938,281.922913,0.022113,-0.000425,0.972361,-0.028200,0.342827,9.671040,-0.019066,0.019637,0.019463,0.180594,-0.412702,-0.873029,98946.0000
1779273031483591336,2026-05-20 16:00:31.482,0.225974,1.522560,281.801262,0.019006,-0.011399,0.978685,0.186839,-0.118192,9.901601,0.005277,0.004114,0.023244,0.179972,-0.412156,-0.874526,98941.0000
1779273031583325596,2026-05-20 16:00:31.582,0.141925,1.596728,281.698318,0.015629,-0.016776,0.984004,0.075581,0.087834,9.926413,0.033748,-0.025045,0.017572,0.179087,-0.413613,-0.873268,98939.0000
1779273031683465133,2026-05-20 16:00:31.682,-0.036785,1.751962,281.644646,0.026035,-0.011845,0.987313,0.253724,-0.250882,9.738708,0.036218,-0.029710,-0.001335,0.180291,-0.413299,-0.873007,98940.0000
1779273031783398725,2026-05-20 16:00:31.782,-0.191965,1.954204,281.651070,0.031443,0.001058,0.981308,0.560622,0.078663,9.989823,0.021557,-0.028240,-0.005392,0.176375,-0.415722,-0.873449,98948.0000
1779273031883234966,2026-05-20 16:00:31.882,-0.213812,2.132126,281.740768,0.033793,0.016889,0.972184,0.291799,0.562188,9.737827,-0.015417,-0.023842,-0.019016,0.176096,-0.415985,-0.872236,98934.0000
1779273031983154595,2026-05-20 16:00:31.981,-0.081967,2.215365,281.913521,0.041273,0.014863,0.968195,0.499273,-0.162287,9.578363,-0.039607,-0.017620,-0.038652,0.175489,-0.413942,-0.873469,98938.0000
1779273032083641725,2026-05-20 16:00:32.082,0.123024,2.219636,282.126167,0.044590,0.000715,0.970934,0.292458,0.156424,9.680826,-0.036959,0.012844,-0.036843,0.177567,-0.411304,-0.875385,98944.0000
1779273032183248558,2026-05-20 16:00:32.181,0.247939,2.131006,282.328697,0.042252,-0.016333,0.976648,0.718538,-0.274762,9.919230,-0.009520,0.029927,-0.028315,0.180838,-0.410139,-0.876995,98942.0000
1779273032283215614,2026-05-20 16:00:32.281,0.198001,1.993397,282.482285,0.034138,-0.025220,0.984111,0.501698,-0.237402,9.697818,0.023758,0.018504,-0.022582,0.181446,-0.409531,-0.876725,98948.0000
1779273032384416336,2026-05-20 16:00:32.383,-0.000411,1.892180,282.596008,0.028302,-0.022434,0.988684,0.207907,0.007402,9.758069,0.039713,0.009544,-0.023048,0.185692,-0.410885,-0.873202,98946.0000
1779273032483643817,2026-05-20 16:00:32.482,-0.230031,1.886981,282.709732,0.025045,-0.008250,0.986655,-0.041635,0.088750,9.681859,0.043301,0.001059,-0.024720,0.184517,-0.411740,-0.871652,98927.0000
1779273032583433965,2026-05-20 16:00:32.582,-0.361450,1.981709,282.875854,0.022335,0.007924,0.977632,0.387592,0.278885,9.934559,0.013261,-0.020970,-0.031280,0.185407,-0.412925,-0.871646,98942.0000
1779273032683300243,2026-05-20 16:00:32.682,-0.298951,2.137412,283.122238,0.025349,0.020139,0.969624,0.341516,0.407582,9.786122,-0.034660,-0.027344,-0.051336,0.187229,-0.408748,-0.871793,98937.0000
1779273032783575391,2026-05-20 16:00:32.782,-0.084249,2.290159,283.450958,0.033910,0.007948,0.965642,0.295127,-0.093552,9.668288,-0.043675,-0.031693,-0.055708,0.187162,-0.407088,-0.876029,98935.0000
1779273032883404021,2026-05-20 16:00:32.882,0.163597,2.418760,283.796890,0.043409,-0.009026,0.971987,0.253350,-0.131569,9.858225,-0.031093,-0.004514,-0.051414,0.189251,-0.404433,-0.877346,98940.0000
1779273032983323650,2026-05-20 16:00:32.982,0.298400,2.468466,284.106659,0.047113,-0.024602,0.978669,0.643081,-0.306492,10.055228,-0.005890,0.010545,-0.055665,0.191066,-0.401446,-0.877464,98940.0000
1779273033084478280,2026-05-20 16:00:33.083,0.231949,2.390857,284.340485,0.046200,-0.032383,0.985656,0.577827,-0.265016,10.099443,0.033309,0.016123,-0.022799,0.192255,-0.400862,-0.878108,98931.0000
1779273033183439502,2026-05-20 16:00:33.182,0.011475,2.227214,284.482246,0.046856,-0.023607,0.989165,0.078367,-0.300391,9.941873,0.047400,0.036790,-0.014151,0.195281,-0.400789,-0.876387,98941.0000
1779273033283360280,2026-05-20 16:00:33.282,-0.239318,2.032879,284.559326,0.034517,-0.006648,0.987043,0.302421,-0.043211,9.863559,0.038969,0.033644,-0.009960,0.195026,-0.403371,-0.873020,98943.0000
1779273033383152798,2026-05-20 16:00:33.381,-0.393639,1.882573,284.629341,0.022892,0.008393,0.978943,0.202747,0.138276,9.823730,0.014339,0.017791,-0.016366,0.198334,-0.403323,-0.872205,98933.0000
1779273033484367280,2026-05-20 16:00:33.483,-0.378667,1.855156,284.750999,0.017514,0.017242,0.971242,-0.206134,0.070100,9.463162,-0.018692,-0.000646,-0.029865,0.199540,-0.402712,-0.871951,98946.0000
1779273033583590094,2026-05-20 16:00:33.582,-0.224711,1.954329,284.950363,0.019253,0.008894,0.966598,0.186781,0.083813,9.553631,-0.030367,-0.026542,-0.037276,0.201038,-0.401521,-0.872318,98929.0000
1779273033683143205,2026-05-20 16:00:33.681,-0.031308,2.168415,285.215233,0.022617,-0.001107,0.967648,0.455614,0.064678,9.774197,-0.023374,-0.042173,-0.048964,0.200427,-0.398305,-0.874179,98945.0000
1779273033784467502,2026-05-20 16:00:33.783,0.094198,2.399065,285.500504,0.034525,-0.014264,0.974601,0.497471,-0.420072,9.866724,-0.016957,-0.041901,-0.051721,0.201865,-0.396032,-0.878169,98940.0000
1779273033883686835,2026-05-20 16:00:33.882,0.095214,2.563809,285.761749,0.049499,-0.020687,0.983930,0.505361,0.015056,9.996213,0.013497,-0.014929,-0.034191,0.203664,-0.396310,-0.877908,98947.0000
1779273033983492427,2026-05-20 16:00:33.982,0.000242,2.612003,285.973007,0.051881,-0.018515,0.986699,0.458591,-0.328821,9.880216,0.021865,0.011891,-0.027867,0.204575,-0.394221,-0.877981,98940.0000
1779273034083348705,2026-05-20 16:00:34.082,-0.135327,2.481660,286.127197,0.048716,-0.010866,0.986710,0.277184,-0.120078,9.848614,0.022062,0.022716,-0.019465,0.203404,-0.395365,-0.876124,98949.0000
1779273034184448113,2026-05-20 16:00:34.183,-0.247819,2.253301,286.235062,0.047754,-0.000987,0.984407,0.510238,-0.227783,9.710609,0.017915,0.047985,-0.018446,0.207343,-0.394674,-0.873842,98940.0000
1779273034283570909,2026-05-20 16:00:34.282,-0.286028,2.024422,286.343506,0.032529,0.003621,0.977546,0.483157,-0.020987,10.002542,-0.000203,0.048566,-0.023253,0.210353,-0.393447,-0.873348,98940.0000
1779273034383452353,2026-05-20 16:00:34.382,-0.256646,1.851658,286.476204,0.019161,0.003549,0.970489,0.148786,0.139113,9.694883,-0.007810,0.010294,-0.023195,0.212141,-0.394627,-0.873365,98940.0000
1779273034483274705,2026-05-20 16:00:34.482,-0.177127,1.839448,286.617180,0.014640,0.000367,0.969312,0.339455,-0.429709,9.829694,-0.014691,-0.013534,-0.025887,0.211244,-0.392865,-0.873985,98945.0000
1779273034583865094,2026-05-20 16:00:34.582,-0.087878,2.010581,286.744148,0.016156,-0.005001,0.972330,0.017350,-0.235749,9.526883,-0.009090,-0.031930,-0.018974,0.212719,-0.390826,-0.875870,98942.0000
1779273034683302723,2026-05-20 16:00:34.682,-0.030933,2.272411,286.868324,0.025229,-0.006643,0.976188,0.475760,-0.163162,9.644552,-0.008747,-0.053770,-0.025224,0.213288,-0.390281,-0.877697,98950.0000
1779273034783309390,2026-05-20 16:00:34.782,-0.029894,2.500120,286.992111,0.040116,-0.011402,0.981245,0.667403,-0.323788,9.791748,-0.002645,-0.032376,-0.028068,0.212065,-0.389152,-0.879493,98947.0000
1779273034883131834,2026-05-20 16:00:34.881,-0.065485,2.625170,287.116447,0.051217,-0.009538,0.983865,0.422786,0.226373,9.752967,0.010118,-0.003785,-0.028790,0.211499,-0.389400,-0.877673,98941.0000
1779273034983622927,2026-05-20 16:00:34.982,-0.117503,2.617156,287.249168,0.050855,-0.007030,0.981617,0.789011,0.144937,9.944259,0.010011,0.013194,-0.028483,0.211798,-0.390282,-0.877359,98942.0000
1779273035083390945,2026-05-20 16:00:35.082,-0.170968,2.470378,287.393204,0.046079,-0.005546,0.980393,0.339064,-0.028534,9.791921,0.008032,0.026578,-0.020881,0.214221,-0.388157,-0.876572,98939.0000
1779273035183167927,2026-05-20 16:00:35.181,-0.203485,2.309821,287.548401,0.039904,-0.002335,0.978228,0.243561,0.140885,9.598849,0.003024,0.026751,-0.024805,0.216315,-0.388144,-0.876626,98943.0000
1779273035284495556,2026-05-20 16:00:35.283,-0.221321,2.175391,287.703430,0.029825,-0.003745,0.975977,0.042274,-0.111289,9.797040,0.006377,0.016552,-0.020552,0.218452,-0.386003,-0.875232,98932.0000
1779273035383643241,2026-05-20 16:00:35.382,-0.229224,2.119487,287.866043,0.026895,-0.001728,0.974995,0.179347,-0.074879,9.887671,-0.000585,0.004647,-0.022596,0.218412,-0.387833,-0.876687,98939.0000
1779273035483530427,2026-05-20 16:00:35.482,-0.222979,2.158119,288.025833,0.024304,-0.003739,0.974813,0.441638,-0.272236,9.870057,0.000339,-0.018095,-0.018904,0.220258,-0.385974,-0.874679,98941.0000
1779273035583349741,2026-05-20 16:00:35.582,-0.205408,2.265110,288.157562,0.031829,-0.003023,0.977493,0.041741,-0.166008,9.709167,0.003195,-0.011868,-0.013675,0.221445,-0.386571,-0.874995,98945.0000
1779273035683527260,2026-05-20 16:00:35.682,-0.173201,2.390511,288.271828,0.034920,-0.004775,0.978312,0.663075,-0.395476,9.922162,-0.007414,-0.016514,-0.015535,0.219923,-0.385444,-0.876783,98939.0000
1779273035783480408,2026-05-20 16:00:35.782,-0.138013,2.433854,288.382584,0.041073,-0.004145,0.978726,0.314865,-0.180661,9.735588,-0.009316,-0.003129,-0.011013,0.221107,-0.384868,-0.877726,98931.0000
1779273035883322797,2026-05-20 16:00:35.882,-0.106541,2.432467,288.492355,0.044584,-0.007814,0.980931,0.249893,-0.332152,9.723623,-0.001092,0.001843,-0.016318,0.221742,-0.381862,-0.876915,98939.0000
1779273035983210611,2026-05-20 16:00:35.981,-0.092679,2.406789,288.600662,0.040504,-0.008173,0.979083,0.626248,-0.096015,9.791582,0.004662,0.011817,-0.015862,0.222022,-0.382184,-0.877814,98946.0000
1779273036083502352,2026-05-20 16:00:36.082,-0.114139,2.357839,288.709518,0.033967,-0.009606,0.977550,0.283810,-0.364674,9.866380,0.010135,0.006020,-0.007499,0.224142,-0.382424,-0.876362,98930.0000
1779273036183413185,2026-05-20 16:00:36.182,-0.162112,2.315358,288.807915,0.036739,-0.006710,0.977891,0.095656,-0.157592,9.612643,0.014318,0.003161,-0.010995,0.225638,-0.382415,-0.876401,98934.0000
1779273036283296482,2026-05-20 16:00:36.282,-0.206614,2.311410,288.894882,0.034286,-0.003527,0.977840,0.310330,0.369268,9.794351,0.005332,0.002435,-0.015468,0.225326,-0.382732,-0.876985,98939.0000
1779273036383147833,2026-05-20 16:00:36.381,-0.235509,2.333435,288.967003,0.033579,-0.001350,0.977274,0.767387,0.298694,10.099154,0.001724,-0.005255,-0.011065,0.224760,-0.380328,-0.876129,98946.0000
1779273036483672630,2026-05-20 16:00:36.482,-0.238288,2.354041,289.043571,0.034538,0.000005,0.978429,0.446760,0.124002,9.854317,-0.002746,-0.002191,-0.018267,0.226259,-0.381491,-0.875539,98929.0000
1779273036583186130,2026-05-20 16:00:36.581,-0.215957,2.392969,289.109276,0.035883,-0.001811,0.978571,0.410377,-0.225363,9.688887,-0.004347,-0.007793,-0.015258,0.225336,-0.380360,-0.877342,98942.0000
1779273036683157315,2026-05-20 16:00:36.681,-0.179245,2.423439,289.157356,0.040115,-0.003685,0.978103,0.288541,-0.589349,9.516997,-0.003349,0.008102,-0.010272,0.225926,-0.380663,-0.877650,98945.0000
1779273036783884537,2026-05-20 16:00:36.782,-0.159224,2.428828,289.201042,0.036039,-0.005431,0.976391,0.488806,-0.339879,9.894026,0.001452,0.004247,-0.005195,0.225622,-0.379790,-0.878263,98931.0000
1779273036883558555,2026-05-20 16:00:36.882,-0.150411,2.422096,289.255417,0.037841,-0.004104,0.976626,0.127554,-0.084100,9.659693,0.001159,-0.000922,-0.013019,0.225625,-0.380963,-0.877635,98936.0000
1779273036983341926,2026-05-20 16:00:36.982,-0.154547,2.412587,289.312431,0.042035,-0.005433,0.979424,0.406590,0.225813,9.759904,-0.000896,0.003742,-0.015467,0.227428,-0.378877,-0.878031,98937.0000
1779273037084532889,2026-05-20 16:00:37.083,-0.165242,2.394936,289.347374,0.039090,-0.005642,0.977914,0.651358,0.374351,9.868387,0.004766,0.014614,-0.014233,0.228354,-0.378827,-0.876556,98946.0000
1779273037183379537,2026-05-20 16:00:37.182,-0.181738,2.348061,289.356171,0.034253,-0.004602,0.977615,0.014728,-0.185572,9.674469,-0.000367,0.007259,-0.006484,0.227139,-0.378275,-0.877738,98944.0000
1779273037283304000,2026-05-20 16:00:37.282,-0.201971,2.328619,289.365829,0.032743,-0.003914,0.978966,0.292872,-0.005584,9.806047,0.004082,-0.001149,0.002462,0.228042,-0.380028,-0.876819,98935.0000
1779273037383158055,2026-05-20 16:00:37.381,-0.222890,2.350460,289.388657,0.033121,-0.002658,0.978818,0.489590,-0.113678,9.729780,0.011898,-0.009898,-0.000001,0.231045,-0.379992,-0.876296,98938.0000
1779273037484485425,2026-05-20 16:00:37.483,-0.244351,2.390194,289.424416,0.032870,-0.001045,0.979119,0.402508,0.008805,9.888134,0.003577,-0.008132,-0.004740,0.228645,-0.380016,-0.876535,98944.0000
1779273037583601425,2026-05-20 16:00:37.582,-0.251203,2.441442,289.462326,0.035114,-0.000707,0.977041,0.169003,0.034478,9.733620,0.004006,-0.011029,-0.003728,0.228650,-0.378537,-0.876870,98931.0000
1779273037683403851,2026-05-20 16:00:37.682,-0.244992,2.488960,289.507927,0.039817,-0.000611,0.977474,0.723978,0.109614,10.030475,-0.003658,-0.006304,-0.013777,0.227442,-0.378562,-0.877439,98927.0000
1779273037783060962,2026-05-20 16:00:37.781,-0.230133,2.501566,289.552719,0.036854,-0.003889,0.974437,0.426420,-0.253086,9.912829,-0.003351,-0.000407,-0.007142,0.228955,-0.376758,-0.877221,98942.0000
1779273037883542758,2026-05-20 16:00:37.882,-0.206860,2.524479,289.576942,0.039452,-0.002285,0.977239,0.537740,0.150922,9.762904,-0.003365,-0.006909,-0.004992,0.228637,-0.377085,-0.878104,98941.0000
1779273037983402907,2026-05-20 16:00:37.982,-0.183186,2.527111,289.585831,0.040976,-0.002791,0.978949,0.700370,-0.204274,9.905640,-0.008139,0.006021,-0.007043,0.228366,-0.377042,-0.876599,98932.0000
1779273038083307981,2026-05-20 16:00:38.082,-0.165402,2.490467,289.588959,0.036975,-0.005523,0.978596,-0.299136,0.063539,9.748567,-0.002689,0.004738,0.001235,0.228633,-0.377680,-0.878090,98940.0000
1779273038182962351,2026-05-20 16:00:38.181,-0.155305,2.463181,289.573578,0.037845,-0.003357,0.979327,0.176537,0.169847,9.817998,0.001814,0.003548,0.000519,0.228353,-0.377357,-0.877191,98942.0000
1779273038283487092,2026-05-20 16:00:38.282,-0.146718,2.421767,289.548073,0.036949,-0.002637,0.979231,0.944287,0.180587,9.825299,-0.002383,0.007942,0.005266,0.229858,-0.376744,-0.876944,98943.0000
1779273038383322240,2026-05-20 16:00:38.382,-0.152561,2.388793,289.508728,0.035816,-0.006290,0.978247,0.290471,-0.355302,9.690404,0.006196,-0.002660,0.011209,0.230149,-0.377049,-0.877244,98938.0000
1779273038483216388,2026-05-20 16:00:38.481,-0.169743,2.377705,289.471245,0.038749,-0.002564,0.979369,0.473947,0.054465,9.866100,0.007706,0.011716,-0.000966,0.229848,-0.377348,-0.877229,98942.0000
1779273038584468665,2026-05-20 16:00:38.583,-0.185628,2.379069,289.437592,0.031792,-0.001124,0.976763,0.553271,0.208594,9.827640,0.002517,-0.001837,0.001286,0.229532,-0.379144,-0.877478,98944.0000
1779273038683680684,2026-05-20 16:00:38.682,-0.203211,2.393497,289.415909,0.034460,-0.003953,0.975657,-0.248186,-0.141975,9.686843,0.006594,-0.013800,0.000074,0.228638,-0.378555,-0.877470,98948.0000
1779273038783229499,2026-05-20 16:00:38.782,-0.216504,2.420305,289.401855,0.039738,-0.001505,0.979037,0.423887,0.087031,9.874530,0.004309,0.004520,0.001245,0.228048,-0.377368,-0.877483,98943.0000
1779273038883100850,2026-05-20 16:00:38.881,-0.230393,2.413683,289.384682,0.033485,-0.001741,0.977611,0.243669,-0.259939,9.902365,-0.004729,0.002638,0.004446,0.228371,-0.378800,-0.875657,98942.0000
1779273038983614462,2026-05-20 16:00:38.982,-0.243958,2.407340,289.354385,0.033017,-0.001545,0.977233,0.467806,-0.071315,9.635361,0.005427,-0.009927,0.003974,0.227733,-0.379750,-0.877418,98944.0000
1779273039083386276,2026-05-20 16:00:39.082,-0.238579,2.442762,289.323898,0.034821,-0.000906,0.978451,-0.087487,-0.216272,9.557681,0.001590,-0.006425,0.008781,0.228365,-0.379693,-0.875636,98946.0000
1779273039183420536,2026-05-20 16:00:39.182,-0.216852,2.481024,289.283119,0.037617,0.000181,0.978558,0.062347,-0.001918,9.674459,-0.004557,-0.006959,0.006405,0.226864,-0.377944,-0.876539,98930.0000
1779273039283294498,2026-05-20 16:00:39.282,-0.187448,2.509239,289.225014,0.039251,-0.000748,0.976932,0.354715,-0.247342,9.719897,-0.005116,0.001157,0.002967,0.226546,-0.380038,-0.876781,98941.0000
1779273039383803961,2026-05-20 16:00:39.382,-0.167600,2.537215,289.154228,0.034748,-0.004287,0.975564,-0.065819,0.384113,9.680753,0.000284,-0.012207,0.020837,0.225020,-0.381273,-0.877912,98939.0000
1779273039483251924,2026-05-20 16:00:39.482,-0.166976,2.520439,289.079926,0.045161,-0.002990,0.979547,0.021241,-0.257225,9.564761,0.004393,0.012150,0.011503,0.226792,-0.380414,-0.879477,98931.0000
1779273039583116628,2026-05-20 16:00:39.581,-0.175055,2.508542,288.989571,0.040580,-0.001985,0.979369,0.600381,-0.023318,9.841568,0.008972,0.015783,0.020083,0.225940,-0.380348,-0.877058,98944.0000
1779273039683633387,2026-05-20 16:00:39.682,-0.186147,2.475108,288.895836,0.034235,0.000581,0.977125,1.111807,0.274701,10.081484,0.001324,0.000593,0.015769,0.225316,-0.380099,-0.878547,98938.0000
1779273039783608294,2026-05-20 16:00:39.782,-0.183064,2.429664,288.803581,0.036456,-0.001802,0.978644,-0.210582,-0.197942,9.646841,0.002037,0.001586,0.018829,0.224718,-0.382456,-0.877576,98941.0000
1779273039883482017,2026-05-20 16:00:39.882,-0.172530,2.411910,288.737137,0.037144,0.001453,0.979047,-0.072090,0.222030,9.525579,0.001442,0.006536,0.014310,0.224163,-0.381802,-0.875478,98931.0000
1779273039983303091,2026-05-20 16:00:39.982,-0.152583,2.419400,288.700996,0.035520,-0.001899,0.977781,0.516353,-0.690650,9.851245,0.004315,0.003334,0.000216,0.223525,-0.381868,-0.877560,98937.0000
1779273040083769979,2026-05-20 16:00:40.082,-0.139084,2.449418,288.677628,0.033125,-0.002409,0.976389,0.614722,0.428155,9.920541,-0.001200,-0.022449,0.003910,0.223837,-0.383319,-0.876333,98936.0000
1779273040183419646,2026-05-20 16:00:40.182,-0.136807,2.446160,288.646843,0.042105,-0.006937,0.978296,-0.049894,-0.364957,9.506295,0.002823,0.003232,0.013855,0.224137,-0.382433,-0.876662,98936.0000
1779273040283372202,2026-05-20 16:00:40.282,-0.159894,2.428319,288.594887,0.041971,-0.004297,0.980195,0.378547,0.168554,9.677191,0.018602,0.025149,0.012729,0.222630,-0.382460,-0.877223,98940.0000
1779273040384680516,2026-05-20 16:00:40.383,-0.184856,2.422525,288.531937,0.031707,-0.001706,0.975498,0.846836,-0.358098,9.979557,0.002124,0.001784,0.008131,0.223535,-0.383032,-0.876633,98949.0000
1779273040483667794,2026-05-20 16:00:40.482,-0.211875,2.402905,288.461525,0.029773,-0.000759,0.976492,0.382593,0.071441,9.725966,-0.004643,-0.020353,0.012236,0.222938,-0.381854,-0.876945,98944.0000
1779273040583505961,2026-05-20 16:00:40.582,-0.217064,2.429975,288.388931,0.041071,-0.000939,0.980164,0.305802,-0.194930,9.630598,0.005032,0.005228,0.012778,0.223196,-0.383980,-0.878400,98931.0000
1779273040683343164,2026-05-20 16:00:40.682,-0.205252,2.492993,288.312225,0.032717,0.000553,0.977802,0.526147,-0.003297,9.980633,0.003425,0.000604,0.010438,0.220238,-0.383945,-0.876527,98932.0000
1779273040783680349,2026-05-20 16:00:40.782,-0.185261,2.538459,288.244522,0.032678,0.002680,0.975089,0.608526,0.143188,9.861070,-0.009428,-0.025887,0.006514,0.222035,-0.383636,-0.876580,98936.0000
1779273040883506238,2026-05-20 16:00:40.882,-0.161301,2.555467,288.172752,0.039484,-0.004164,0.977326,-0.125450,0.259901,9.626488,0.003273,-0.013467,0.015093,0.219049,-0.383645,-0.876203,98934.0000
1779273040983381016,2026-05-20 16:00:40.982,-0.139340,2.569186,288.106369,0.046227,-0.001663,0.980449,0.395937,-0.190773,9.750392,0.001732,0.017749,0.006656,0.218143,-0.384841,-0.876152,98940.0000
1779273041083133664,2026-05-20 16:00:41.081,-0.123381,2.561384,288.035606,0.036597,-0.002554,0.977800,0.793854,-0.057756,9.837996,0.004125,0.005780,0.009771,0.219037,-0.383663,-0.876803,98947.0000
1779273041183824016,2026-05-20 16:00:41.182,-0.123788,2.522498,287.960976,0.039266,-0.001673,0.978024,0.952456,0.002763,9.895250,0.000370,-0.005512,0.005193,0.218442,-0.384839,-0.876160,98944.0000
1779273041283615386,2026-05-20 16:00:41.282,-0.139326,2.480987,287.873909,0.040583,-0.005287,0.979506,-0.534550,0.159133,9.571221,0.008477,0.004362,0.017026,0.218429,-0.386039,-0.876430,98949.0000
1779273041383421275,2026-05-20 16:00:41.382,-0.156723,2.459072,287.793434,0.039894,-0.001179,0.978718,0.723058,0.018188,10.023216,0.003779,0.017189,0.006458,0.219329,-0.385736,-0.876461,98948.0000
1779273041483312145,2026-05-20 16:00:41.482,-0.170662,2.441269,287.722458,0.031562,-0.001168,0.975931,0.707612,-0.415245,9.893067,0.000651,-0.005532,0.016889,0.219647,-0.385410,-0.875577,98940.0000
1779273041583448330,2026-05-20 16:00:41.582,-0.173472,2.421290,287.662109,0.032550,0.000024,0.977159,0.730552,0.212638,9.812351,-0.004690,-0.014064,0.004460,0.217836,-0.386034,-0.876116,98942.0000
1779273041683447201,2026-05-20 16:00:41.682,-0.165612,2.425254,287.614075,0.038854,-0.002607,0.979555,-0.165692,-0.274341,9.632518,-0.002814,0.002690,0.012159,0.218143,-0.385725,-0.875831,98940.0000
1779273041783260738,2026-05-20 16:00:41.782,-0.145576,2.463598,287.580025,0.036569,-0.000088,0.978199,0.405724,0.192226,9.834003,-0.003750,-0.004958,0.003449,0.218134,-0.387213,-0.875795,98935.0000
1779273041883829812,2026-05-20 16:00:41.882,-0.126615,2.503510,287.541054,0.033961,-0.004018,0.974899,0.600670,-0.227281,9.966148,-0.001735,-0.015531,0.003451,0.216604,-0.387276,-0.877554,98942.0000
1779273041983628626,2026-05-20 16:00:41.982,-0.131112,2.527469,287.493805,0.038887,-0.005052,0.976804,0.477457,-0.023406,9.709604,-0.002903,-0.015294,0.010673,0.215411,-0.386688,-0.877538,98940.0000
1779273042083270645,2026-05-20 16:00:42.082,-0.143409,2.551095,287.429787,0.043028,-0.004794,0.979821,0.005831,-0.153416,9.581296,0.011491,0.003354,0.018139,0.215738,-0.387525,-0.875726,98943.0000
1779273042183167404,2026-05-20 16:00:42.181,-0.163194,2.547326,287.351456,0.042024,-0.001775,0.980379,0.820333,-0.092654,9.929907,0.005489,0.019433,0.008493,0.214820,-0.388153,-0.876588,98944.0000
1779273042283746237,2026-05-20 16:00:42.282,-0.176692,2.499422,287.261047,0.033701,0.000078,0.977178,0.537039,-0.176897,10.029432,-0.001796,0.002033,0.013066,0.215111,-0.388458,-0.876888,98948.0000
1779273042383635626,2026-05-20 16:00:42.382,-0.183886,2.435830,287.156693,0.033295,-0.000117,0.977994,0.313586,0.297585,9.947989,-0.000694,-0.005864,0.016424,0.214810,-0.388757,-0.876873,98934.0000
1779273042483442163,2026-05-20 16:00:42.482,-0.171148,2.401944,287.064537,0.039755,0.000325,0.979227,0.257611,-0.106599,9.638885,0.006655,0.012472,0.010731,0.216020,-0.389318,-0.875991,98947.0000
1779273042583002200,2026-05-20 16:00:42.581,-0.147752,2.385181,286.998558,0.033436,-0.000913,0.976396,0.185706,-0.455090,9.741540,0.001566,0.016303,0.010150,0.214818,-0.389335,-0.876260,98947.0000
1779273042683459145,2026-05-20 16:00:42.682,-0.140540,2.398717,286.953972,0.027566,-0.000798,0.974655,0.921559,0.052245,10.004590,0.002208,-0.025893,0.005928,0.213886,-0.391162,-0.877391,98943.0000
1779273042783463422,2026-05-20 16:00:42.782,-0.150023,2.413291,286.932495,0.038742,-0.003812,0.978519,0.095714,-0.300167,9.566825,-0.003031,-0.014469,0.003763,0.213318,-0.390823,-0.875886,98931.0000
1779273042883311941,2026-05-20 16:00:42.882,-0.168944,2.466122,286.910461,0.040818,-0.003410,0.981848,-0.117911,-0.038676,9.643206,0.006506,0.013450,-0.000744,0.212695,-0.390276,-0.877382,98938.0000
1779273042983836941,2026-05-20 16:00:42.982,-0.190281,2.491156,286.906639,0.036192,-0.000028,0.977563,0.872460,-0.137905,9.815174,0.000633,-0.004736,-0.005902,0.212994,-0.390274,-0.877390,98934.0000
1779273043083607848,2026-05-20 16:00:43.082,-0.201458,2.455546,286.925354,0.037755,-0.002642,0.977559,0.537196,-0.022441,9.805539,0.002417,-0.005605,-0.002767,0.214208,-0.391124,-0.876201,98931.0000
1779273043183509718,2026-05-20 16:00:43.181,-0.183211,2.428593,286.938736,0.043331,-0.001026,0.979222,0.209712,-0.087386,9.702845,-0.003888,0.010197,-0.004533,0.213015,-0.390536,-0.876185,98942.0000
1779273043283144237,2026-05-20 16:00:43.281,-0.144367,2.409181,286.945549,0.035956,-0.002887,0.977184,0.345153,-0.081569,9.805564,0.000821,0.010728,0.001798,0.213914,-0.390233,-0.876215,98937.0000
1779273043383589033,2026-05-20 16:00:43.382,-0.116991,2.357262,286.962311,0.031571,-0.003744,0.976671,0.408186,0.366983,9.896149,-0.004395,0.001048,-0.007523,0.214814,-0.388162,-0.876887,98934.0000
1779273043483448014,2026-05-20 16:00:43.482,-0.109444,2.338278,286.983047,0.033376,-0.007108,0.977648,0.047345,-0.099473,9.785686,0.004977,-0.004283,-0.000830,0.214530,-0.387551,-0.876295,98944.0000
1779273043583299385,2026-05-20 16:00:43.582,-0.122241,2.367167,287.014366,0.034499,-0.006140,0.978742,0.222432,0.158076,9.871717,0.010058,-0.000473,-0.007122,0.213914,-0.390233,-0.876215,98949.0000
1779273043683817107,2026-05-20 16:00:43.682,-0.138882,2.430654,287.049873,0.033726,-0.003252,0.977349,0.354813,-0.024970,9.718289,0.006961,-0.013355,-0.007584,0.214511,-0.387875,-0.877186,98944.0000
1779273043783560199,2026-05-20 16:00:43.782,-0.155130,2.477956,287.087250,0.036241,-0.004330,0.976724,0.219692,-0.033880,9.651669,0.001623,-0.014335,-0.007918,0.215128,-0.389315,-0.875668,98938.0000
1779273043883282940,2026-05-20 16:00:43.882,-0.157983,2.464650,287.131310,0.042079,-0.002718,0.979192,0.308241,-0.054271,9.674874,0.004378,0.008336,-0.004598,0.213937,-0.389313,-0.875338,98939.0000
1779273043984561736,2026-05-20 16:00:43.983,-0.148218,2.428451,287.167572,0.038367,-0.003337,0.979516,0.474725,0.047126,9.634804,-0.004233,0.014665,-0.008330,0.215403,-0.387879,-0.877509,98934.0000
1779273044083749570,2026-05-20 16:00:44.082,-0.138343,2.385667,287.199051,0.030159,-0.004842,0.976043,0.473578,-0.274494,9.722961,-0.000765,-0.000501,-0.002823,0.215418,-0.389033,-0.876282,98940.0000
1779273044183489051,2026-05-20 16:00:44.182,-0.132344,2.358980,287.244713,0.034507,-0.004362,0.978711,0.283908,-0.174465,9.747729,0.003479,0.002485,-0.004252,0.216024,-0.387839,-0.876326,98946.0000
1779273044283372069,2026-05-20 16:00:44.282,-0.131529,2.401320,287.279510,0.033850,-0.003495,0.977600,0.892953,0.210272,9.856263,-0.001016,-0.008776,-0.008192,0.217537,-0.387803,-0.875466,98942.0000
1779273044383198106,2026-05-20 16:00:44.381,-0.138962,2.423114,287.318314,0.035115,-0.005828,0.976769,0.430340,-0.385215,9.739208,-0.000664,-0.007864,-0.004539,0.216918,-0.387545,-0.876656,98936.0000
1779273044483751292,2026-05-20 16:00:44.482,-0.149464,2.458687,287.351044,0.037525,-0.004221,0.978439,0.241073,0.107250,9.801126,0.007000,-0.004840,-0.002769,0.215399,-0.389358,-0.877173,98938.0000
1779273044583605514,2026-05-20 16:00:44.582,-0.161487,2.481629,287.381516,0.039859,-0.002258,0.979116,0.982902,0.105855,9.969246,-0.004031,0.002266,-0.014560,0.216013,-0.388741,-0.876604,98942.0000
1779273044683484995,2026-05-20 16:00:44.682,-0.165704,2.446544,287.419319,0.037314,-0.004319,0.978334,0.072671,-0.103544,9.584453,-0.002516,0.002790,-0.003077,0.217232,-0.387814,-0.875757,98932.0000
1779273044783754884,2026-05-20 16:00:44.782,-0.157732,2.428271,287.444862,0.040036,-0.001959,0.978852,0.120713,0.147780,9.737747,0.003228,0.006397,-0.004728,0.217200,-0.387570,-0.877562,98931.0000
1779273044883669217,2026-05-20 16:00:44.882,-0.135984,2.400655,287.471260,0.037744,-0.001302,0.977334,0.761623,0.281075,9.837281,-0.005369,0.005531,-0.008644,0.217808,-0.386962,-0.877292,98940.0000
1779273044983440199,2026-05-20 16:00:44.982,-0.118859,2.357934,287.514374,0.032267,-0.006482,0.976457,0.028711,-0.273947,9.756517,-0.001664,0.002982,-0.002947,0.217503,-0.386089,-0.877905,98939.0000
1779273045083096865,2026-05-20 16:00:45.081,-0.105264,2.369856,287.544922,0.036315,-0.005625,0.978505,0.463672,0.103830,9.841125,0.004136,0.004213,0.000062,0.217515,-0.386071,-0.877306,98935.0000
1779273045183714828,2026-05-20 16:00:45.182,-0.104147,2.417815,287.554726,0.033451,-0.005430,0.977451,0.294956,-0.237141,9.957797,0.001203,-0.018649,-0.003240,0.217513,-0.386369,-0.877299,98940.0000
1779273045283629791,2026-05-20 16:00:45.282,-0.128301,2.440450,287.551605,0.036762,-0.006143,0.978234,0.405078,-0.046203,9.789968,0.008324,-0.002295,0.003893,0.216344,-0.385448,-0.876091,98938.0000
1779273045383508550,2026-05-20 16:00:45.382,-0.153019,2.443246,287.551010,0.039484,-0.002070,0.978320,0.768104,-0.098822,9.884984,0.005043,0.005728,-0.006052,0.217236,-0.385451,-0.876414,98928.0000
1779273045483297735,2026-05-20 16:00:45.482,-0.173566,2.410407,287.556953,0.037049,-0.000684,0.977545,0.084044,-0.178139,9.558655,-0.005898,0.002215,-0.003832,0.218689,-0.386984,-0.878214,98938.0000
1779273045583526902,2026-05-20 16:00:45.582,-0.176807,2.391696,287.553558,0.035638,-0.002787,0.978084,0.408343,0.211581,9.776284,-0.003206,-0.003366,0.001505,0.217819,-0.387828,-0.876372,98944.0000
1779273045683350050,2026-05-20 16:00:45.682,-0.154791,2.367602,287.536034,0.037733,-0.001189,0.979875,0.361560,-0.077406,9.689956,-0.005215,0.011919,-0.002175,0.218102,-0.386969,-0.877599,98940.0000
1779273045783287624,2026-05-20 16:00:45.782,-0.129666,2.329805,287.526459,0.033455,-0.003603,0.977936,-0.042941,-0.314566,9.709232,-0.004937,0.005560,-0.005176,0.217488,-0.385819,-0.878811,98946.0000
1779273045883849402,2026-05-20 16:00:45.882,-0.108380,2.320807,287.509079,0.030696,-0.005682,0.977094,0.418613,0.232197,9.944834,-0.001151,-0.011804,0.002245,0.217823,-0.385466,-0.877029,98944.0000
1779273045983666550,2026-05-20 16:00:45.982,-0.101746,2.332226,287.478523,0.034841,-0.004227,0.977160,0.404346,-0.260802,9.593852,0.001915,-0.001869,0.000765,0.219308,-0.386358,-0.877344,98929.0000
1779273046083545457,2026-05-20 16:00:46.082,-0.111431,2.344554,287.448395,0.036680,-0.004713,0.977301,0.437231,-0.481344,9.831607,0.008030,0.011059,0.004128,0.217848,-0.386016,-0.875516,98942.0000
1779273046184721142,2026-05-20 16:00:46.183,-0.136397,2.359210,287.411346,0.029761,-0.003234,0.977351,0.370704,-0.068275,9.785398,0.005924,-0.012708,0.011743,0.217512,-0.388137,-0.876656,98931.0000
1779273046283807179,2026-05-20 16:00:46.282,-0.149696,2.372936,287.381371,0.036848,0.000008,0.979473,0.259396,0.066951,9.722108,-0.002626,-0.010877,0.003101,0.217537,-0.386919,-0.875787,98940.0000
1779273046383609013,2026-05-20 16:00:46.382,-0.148429,2.387795,287.366417,0.036177,-0.000652,0.978969,0.698339,-0.236203,9.749392,-0.003074,0.002686,0.002846,0.216642,-0.385743,-0.876092,98930.0000
1779273046483499087,2026-05-20 16:00:46.482,-0.149462,2.357637,287.367783,0.033354,-0.002793,0.977197,-0.220978,-0.047050,9.562846,0.006204,-0.005922,-0.000511,0.216931,-0.388113,-0.875742,98931.0000
1779273046583319568,2026-05-20 16:00:46.582,-0.139516,2.380502,287.368401,0.041782,-0.001428,0.979338,0.410956,0.175915,9.690104,0.001323,0.004159,-0.001979,0.216922,-0.386950,-0.876670,98929.0000
1779273046683488253,2026-05-20 16:00:46.682,-0.123913,2.421717,287.383728,0.036441,-0.001410,0.977045,0.468964,-0.022268,9.805946,-0.008098,0.003921,-0.012247,0.216903,-0.387274,-0.877561,98936.0000
1779273046783466827,2026-05-20 16:00:46.782,-0.118063,2.417850,287.399223,0.031618,-0.005509,0.974999,0.374271,0.139681,9.775819,0.002421,-0.009016,0.005064,0.218425,-0.386634,-0.876416,98944.0000
1779273046883272420,2026-05-20 16:00:46.882,-0.107723,2.382239,287.396622,0.043473,-0.004621,0.979449,0.247524,-0.133444,9.718912,-0.001966,0.004229,-0.002608,0.217191,-0.386407,-0.878489,98938.0000
1779273046983861957,2026-05-20 16:00:46.982,-0.094641,2.382206,287.370857,0.040000,-0.005493,0.979586,0.911889,-0.163157,9.966607,0.004897,0.019382,0.008537,0.217231,-0.386344,-0.876392,98936.0000
1779273047083543179,2026-05-20 16:00:47.082,-0.094395,2.368332,287.345810,0.027121,-0.002492,0.977157,0.706198,0.073409,9.943810,0.004686,-0.005136,0.000917,0.216912,-0.387554,-0.876955,98937.0000
1779273047183523012,2026-05-20 16:00:47.182,-0.113452,2.343045,287.324188,0.034596,-0.004317,0.978564,-0.160122,-0.346358,9.609751,0.001774,-0.006692,0.005333,0.217513,-0.387253,-0.876978,98938.0000
1779273047283425512,2026-05-20 16:00:47.282,-0.130748,2.349878,287.305244,0.039421,-0.000872,0.980202,0.269211,0.258490,9.778989,0.003276,0.004773,0.004164,0.216030,-0.386063,-0.876669,98944.0000
1779273047383600790,2026-05-20 16:00:47.382,-0.142143,2.369519,287.289253,0.034797,-0.001081,0.977383,0.659080,-0.033298,9.893516,-0.001258,0.001439,-0.000323,0.216308,-0.388451,-0.876919,98940.0000
1779273047483459382,2026-05-20 16:00:47.482,-0.150193,2.356223,287.280365,0.030813,-0.002292,0.976310,0.245312,-0.047132,9.741718,0.003971,-0.004873,0.003468,0.216933,-0.386932,-0.876071,98929.0000
1779273047583312475,2026-05-20 16:00:47.582,-0.145461,2.341234,287.285294,0.037899,-0.000443,0.979204,-0.102957,0.186730,9.583611,0.002869,0.004226,0.002295,0.217492,-0.387875,-0.877862,98939.0000
1779273047684709697,2026-05-20 16:00:47.683,-0.123912,2.362645,287.287140,0.037128,-0.003270,0.978334,0.430489,-0.531562,9.750845,0.003044,0.007624,0.003699,0.217534,-0.385747,-0.876415,98936.0000
1779273047783510919,2026-05-20 16:00:47.782,-0.103926,2.375839,287.281219,0.031522,-0.002155,0.975790,0.825607,0.392043,9.972466,-0.008486,-0.014804,0.000341,0.216916,-0.386959,-0.876970,98946.0000
1779273047883385364,2026-05-20 16:00:47.882,-0.090749,2.361959,287.274643,0.039731,-0.005698,0.978032,0.131097,-0.363865,9.691738,0.001086,0.000786,0.008327,0.219345,-0.386593,-0.875241,98953.0000
1779273047984625123,2026-05-20 16:00:47.983,-0.080377,2.363963,287.258812,0.037590,-0.003496,0.979200,0.611479,0.021217,9.969146,0.004171,0.015395,0.000757,0.218745,-0.386010,-0.875539,98938.0000
1779273048083876808,2026-05-20 16:00:48.082,-0.083591,2.371617,287.242828,0.031596,-0.003326,0.976879,0.407650,-0.237071,9.924505,-0.000090,-0.004693,-0.000256,0.217793,-0.386692,-0.878198,98946.0000
1779273048183506826,2026-05-20 16:00:48.182,-0.098103,2.376550,287.211685,0.030381,-0.004309,0.977928,-0.072533,0.225728,9.705765,0.005719,-0.014405,0.010818,0.217528,-0.386640,-0.876393,98943.0000
1779273048283401289,2026-05-20 16:00:48.282,-0.111697,2.252418,287.079651,0.043755,-0.005144,0.984910,-0.014862,-0.337629,9.548696,0.003894,0.051523,0.035973,0.216338,-0.388108,-0.875428,98937.0000
1779273048383312271,2026-05-20 16:00:48.382,-0.135527,1.873383,286.808144,0.023770,-0.001613,0.981733,0.407194,-0.007069,9.911335,0.009927,0.084639,0.056514,0.217858,-0.388649,-0.873954,98939.0000
1779273048483775289,2026-05-20 16:00:48.482,-0.157663,1.277134,286.429184,0.006581,0.000206,0.982783,0.063670,-0.232772,9.953224,0.010825,0.112773,0.088028,0.218787,-0.390655,-0.871530,98943.0000
1779273048583652752,2026-05-20 16:00:48.582,-0.184343,0.539519,285.927322,-0.017954,0.005298,0.981885,-0.350535,-0.050882,9.707762,0.009061,0.116419,0.092071,0.220653,-0.393475,-0.866711,98930.0000
1779273048683441808,2026-05-20 16:00:48.682,-0.208269,-0.040328,285.386292,-0.042501,0.006910,0.982068,-0.140577,0.172011,9.888809,0.004033,0.090351,0.093295,0.218882,-0.394921,-0.864832,98941.0000
1779273048783791715,2026-05-20 16:00:48.782,-0.253502,-0.574176,284.847626,-0.058274,0.006965,0.981826,0.623391,-0.144195,9.759954,-0.003975,0.109889,0.101622,0.218011,-0.400184,-0.861385,98933.0000
1779273048883619048,2026-05-20 16:00:48.882,-0.285265,-1.137434,284.212914,-0.091038,0.001509,0.979245,-1.217818,-2.228521,9.939004,0.038482,0.131590,0.157458,0.219512,-0.403701,-0.859839,98944.0000
1779273048983448919,2026-05-20 16:00:48.982,-0.276977,-1.747354,283.289413,-0.125428,0.020764,0.969929,-0.377453,1.670985,10.224224,-0.008029,0.074117,0.172803,0.215682,-0.405690,-0.855795,98944.0000
1779273049083169400,2026-05-20 16:00:49.081,-0.151525,-1.902686,282.232025,-0.138582,0.014090,0.969229,-0.370823,0.411860,10.503325,-0.048254,-0.017682,0.163399,0.210264,-0.411666,-0.855214,98941.0000
1779273049183797993,2026-05-20 16:00:49.182,0.002134,-1.720506,281.143990,-0.121037,-0.001251,0.972237,-1.217026,0.317608,9.334072,-0.037897,-0.046949,0.174600,0.201799,-0.412448,-0.859478,98938.0000
1779273049283724918,2026-05-20 16:00:49.282,0.002665,-1.370553,280.049271,-0.106977,-0.012033,0.974251,-1.400430,-0.449836,10.034273,-0.016977,-0.084092,0.195570,0.193054,-0.417912,-0.860925,98938.0000
1779273049383502141,2026-05-20 16:00:49.382,-0.123085,-0.764471,278.926796,-0.091154,-0.007439,0.968770,0.095259,-1.320937,9.769525,0.028968,-0.114698,0.184332,0.180710,-0.423118,-0.862885,98947.0000
1779273049484587659,2026-05-20 16:00:49.483,-0.242557,-0.051927,277.741127,-0.068328,0.009226,0.965678,-0.328741,0.464761,9.584465,0.025349,-0.101627,0.220196,0.167790,-0.429176,-0.863311,98943.0000
1779273049583729974,2026-05-20 16:00:49.582,-0.219107,0.574557,276.493797,-0.039921,0.014090,0.972318,0.036689,0.257229,9.684880,-0.006824,-0.074768,0.233408,0.154864,-0.433475,-0.864678,98940.0000
1779273049683612289,2026-05-20 16:00:49.682,-0.047636,0.996737,275.265762,-0.020602,0.016302,0.974391,0.110383,-0.272819,9.604864,-0.029068,-0.051185,0.206527,0.141915,-0.436341,-0.867879,98937.0000
1779273049783184270,2026-05-20 16:00:49.781,0.171186,1.083308,274.040268,0.001370,-0.001288,0.986203,0.918006,-0.387928,10.439928,-0.044816,0.020715,0.220897,0.132307,-0.438221,-0.868789,98942.0000
1779273049883721548,2026-05-20 16:00:49.882,0.289225,0.587713,272.648209,-0.005556,-0.018849,0.993277,0.553017,-0.355810,10.072096,-0.005207,0.098605,0.255480,0.123633,-0.440628,-0.867611,98944.0000
1779273049983555455,2026-05-20 16:00:49.982,0.288241,-0.149345,271.049042,-0.031185,-0.019578,0.987347,-0.344918,-0.200908,10.156124,0.016593,0.109097,0.300134,0.116440,-0.445993,-0.866099,98946.0000
1779273050083314233,2026-05-20 16:00:50.082,0.226205,-0.702685,269.201035,-0.062731,-0.017083,0.983455,-0.673939,0.426764,9.960979,0.015149,0.050343,0.343126,0.107748,-0.451078,-0.864857,98934.0000
1779273050183399918,2026-05-20 16:00:50.181,0.172424,-0.793109,267.169113,-0.078427,-0.011458,0.973076,-1.485407,0.496399,9.662640,-0.004685,-0.062428,0.346434,0.093068,-0.458563,-0.862804,98944.0000
1779273050283855121,2026-05-20 16:00:50.282,0.172610,-0.276548,265.102623,-0.056720,-0.011701,0.967294,-0.763395,-0.009518,9.539186,-0.011490,-0.126621,0.360143,0.073830,-0.462360,-0.865822,98936.0000
1779273050383717121,2026-05-20 16:00:50.382,0.191055,0.482129,263.035507,-0.017670,-0.012586,0.970180,-0.058141,-0.213465,9.620536,0.005669,-0.133239,0.359810,0.052557,-0.464898,-0.866121,98942.0000
1779273050483525584,2026-05-20 16:00:50.482,0.197078,1.090490,260.986252,0.017687,-0.008206,0.974231,0.176013,-0.179271,9.736316,0.008175,-0.069799,0.351796,0.034240,-0.471007,-0.867007,98940.0000
1779273050583384381,2026-05-20 16:00:50.582,0.170652,1.311539,258.979454,0.039655,-0.009793,0.982319,0.236450,0.060912,9.869716,0.023425,0.006879,0.345153,0.014487,-0.474086,-0.865831,98940.0000
1779273050683575158,2026-05-20 16:00:50.682,0.121140,1.029480,256.976395,0.037807,-0.006683,0.988752,-0.474752,0.161805,9.573104,0.016914,0.101355,0.355115,0.001298,-0.475384,-0.866364,98944.0000
1779273050783557195,2026-05-20 16:00:50.782,0.076204,0.389906,254.918922,0.008847,-0.006872,0.987695,0.091894,-0.055153,10.038672,0.006045,0.126106,0.359193,-0.011540,-0.476599,-0.864209,98949.0000
1779273050883476343,2026-05-20 16:00:50.882,0.058110,-0.214850,252.827507,-0.029238,-0.004499,0.983227,-0.731129,0.046985,9.502185,-0.002801,0.085300,0.368582,-0.026833,-0.477928,-0.865288,98945.0000
1779273050983919547,2026-05-20 16:00:50.982,0.100781,-0.354884,250.781105,-0.052696,-0.004142,0.973903,-0.531436,-0.124498,9.702378,-0.012161,-0.013099,0.349646,-0.040840,-0.477339,-0.862246,98936.0000
1779273051083724473,2026-05-20 16:00:51.082,0.173851,0.016375,248.798721,-0.044453,-0.007472,0.969871,0.024331,0.027408,9.720759,-0.013109,-0.088940,0.337844,-0.059420,-0.477209,-0.863576,98946.0000
1779273051183313714,2026-05-20 16:00:51.181,0.233108,0.632409,246.863770,-0.014170,-0.013171,0.969500,0.248508,-0.335157,9.748386,-0.005368,-0.108989,0.327938,-0.079450,-0.473481,-0.863756,98936.0000
1779273051283229621,2026-05-20 16:00:51.281,0.252594,1.165647,244.971046,0.019257,-0.014251,0.972891,0.590568,-0.119998,9.925454,0.007038,-0.065536,0.324691,-0.098588,-0.473878,-0.862660,98947.0000
1779273051383707510,2026-05-20 16:00:51.382,0.226425,1.380682,243.105370,0.036685,-0.015556,0.981109,0.498672,-0.427831,9.927118,0.018218,-0.008165,0.324709,-0.114156,-0.473108,-0.863182,98947.0000
1779273051483556399,2026-05-20 16:00:51.482,0.169504,1.253829,241.232872,0.036417,-0.011570,0.985261,0.321918,-0.129400,10.002731,0.023338,0.034584,0.324818,-0.127880,-0.470776,-0.861689,98933.0000
1779273051583434898,2026-05-20 16:00:51.582,0.121142,0.919427,239.369499,0.020752,-0.005913,0.985781,0.218261,0.280863,10.009155,0.015147,0.057139,0.321013,-0.141048,-0.469098,-0.862294,98946.0000
1779273051684663658,2026-05-20 16:00:51.681,0.125214,0.590552,237.524376,0.002768,-0.004082,0.981252,0.087887,0.131778,9.881056,0.001507,0.037652,0.317988,-0.153887,-0.466192,-0.861738,98946.0000
1779273051783591824,2026-05-20 16:00:51.782,0.176395,0.460946,235.680405,-0.009468,-0.005744,0.976903,0.020697,0.302632,9.914727,-0.002642,-0.005279,0.321567,-0.167620,-0.461813,-0.861493,98937.0000
1779273051883404287,2026-05-20 16:00:51.882,0.240910,0.542232,233.845078,-0.008394,-0.007537,0.974219,-0.225576,-0.017839,9.792419,-0.005296,-0.035843,0.314114,-0.182854,-0.456568,-0.861832,98929.0000
1779273051984694028,2026-05-20 16:00:51.983,0.272778,0.753489,232.009544,0.000604,-0.014995,0.973038,-0.010490,-0.316034,9.683004,0.002860,-0.044182,0.322193,-0.197175,-0.450704,-0.861608,98948.0000
1779273052083882602,2026-05-20 16:00:52.082,0.246609,1.007051,230.178055,0.010650,-0.014669,0.975619,0.056109,-0.045570,9.711391,0.014472,-0.052778,0.313687,-0.213583,-0.447198,-0.860075,98943.0000
1779273052183585602,2026-05-20 16:00:52.182,0.172867,1.218846,228.378586,0.020256,-0.011111,0.978248,0.169221,-0.331079,9.815102,0.019099,-0.031803,0.306220,-0.227875,-0.443643,-0.857397,98946.0000
1779273052283424250,2026-05-20 16:00:52.282,0.089576,1.329226,226.614990,0.025808,-0.004281,0.980086,0.286480,0.044881,9.840338,0.022419,-0.005938,0.310890,-0.243107,-0.438101,-0.857743,98930.0000
1779273052384829639,2026-05-20 16:00:52.383,0.060536,1.314814,224.878220,0.027743,0.005270,0.981546,0.134708,0.088076,9.749262,-0.001879,0.005744,0.298873,-0.255607,-0.432478,-0.856060,98938.0000
1779273052483892528,2026-05-20 16:00:52.482,0.110711,1.189289,223.154877,0.026152,0.002045,0.981365,-0.175707,0.169389,9.748734,-0.007624,0.028596,0.302595,-0.265775,-0.426057,-0.858055,98944.0000
1779273052583670731,2026-05-20 16:00:52.582,0.211672,1.021929,221.448593,0.019856,-0.000490,0.980769,0.092351,-0.060051,9.918832,-0.020053,0.029388,0.293178,-0.278320,-0.419623,-0.859090,98948.0000
1779273052683555157,2026-05-20 16:00:52.682,0.301544,0.870142,219.765503,0.010353,-0.010211,0.980767,0.259678,-0.003244,9.865436,-0.006554,0.011741,0.291209,-0.291150,-0.411992,-0.859847,98942.0000
1779273052784524898,2026-05-20 16:00:52.783,0.332336,0.802636,218.116699,0.002547,-0.011651,0.977793,0.860489,-0.073405,10.200275,0.002800,0.000306,0.288181,-0.300052,-0.402506,-0.859248,98942.0000
1779273052883708009,2026-05-20 16:00:52.882,0.293121,0.856810,216.502136,-0.000488,-0.010706,0.975122,0.107911,-0.047981,9.831344,0.016625,-0.025363,0.276321,-0.312592,-0.398714,-0.859020,98948.0000
1779273052983533935,2026-05-20 16:00:52.982,0.218848,0.986754,214.907227,0.006365,-0.008212,0.975633,0.193881,-0.007267,9.825134,0.018131,-0.032970,0.279420,-0.322951,-0.388589,-0.856600,98934.0000
1779273053084725268,2026-05-20 16:00:53.083,0.167668,1.115407,213.311539,0.015417,-0.002241,0.975896,0.248321,0.338337,9.763596,0.004547,-0.027458,0.279262,-0.334287,-0.383599,-0.856431,98946.0000
1779273053183933194,2026-05-20 16:00:53.182,0.164241,1.185392,211.699203,0.023009,-0.001330,0.979105,0.477443,0.141203,9.926198,0.003400,-0.012656,0.285269,-0.344095,-0.374723,-0.856095,98931.0000
1779273053283483305,2026-05-20 16:00:53.282,0.206695,1.162135,210.058365,0.026016,-0.002720,0.980624,0.232369,-0.173111,9.809578,-0.008922,0.008547,0.287653,-0.355695,-0.365263,-0.855727,98939.0000
1779273053383356342,2026-05-20 16:00:53.382,0.256156,1.051931,208.402740,0.023114,-0.005656,0.982436,0.601783,0.133393,9.942575,-0.004940,0.025173,0.283734,-0.364918,-0.354931,-0.856640,98944.0000
1779273053483203212,2026-05-20 16:00:53.481,0.290966,0.923932,206.753571,0.014396,-0.005936,0.979144,0.149166,-0.067439,9.646537,-0.000678,0.016995,0.280990,-0.372961,-0.346387,-0.857840,98939.0000
1779273053583747175,2026-05-20 16:00:53.582,0.305870,0.838502,205.123535,0.008382,-0.006901,0.978628,-0.038603,0.107710,9.741261,0.004746,0.007324,0.280354,-0.382724,-0.337438,-0.855107,98949.0000
1779273053683526712,2026-05-20 16:00:53.682,0.301995,0.802122,203.503281,0.005669,-0.007699,0.977563,0.431540,-0.344353,9.657995,0.006501,0.007870,0.281401,-0.391971,-0.328910,-0.856576,98951.0000
1779273053783511323,2026-05-20 16:00:53.782,0.276749,0.833763,201.904984,0.005628,-0.007891,0.978528,0.818294,0.271888,10.027321,0.008223,-0.019099,0.276906,-0.399399,-0.319451,-0.857214,98945.0000
1779273053883684601,2026-05-20 16:00:53.882,0.237827,0.896391,200.302231,0.007848,-0.008967,0.977625,0.114063,0.156440,9.649685,0.012794,-0.014180,0.277212,-0.408874,-0.308752,-0.855730,98941.0000
1779273053983522508,2026-05-20 16:00:53.982,0.199679,0.958808,198.656570,0.015391,-0.007240,0.979259,0.636964,0.024370,9.801041,0.008589,-0.015540,0.289405,-0.417171,-0.298369,-0.855168,98942.0000
1779273054083479101,2026-05-20 16:00:54.082,0.183988,0.978818,197.009460,0.017132,-0.002507,0.977594,0.316218,0.038445,9.841585,0.005934,-0.006713,0.283988,-0.426065,-0.289461,-0.853956,98937.0000
1779273054185293249,2026-05-20 16:00:54.183,0.200238,0.944484,195.475159,0.019647,0.002043,0.976720,0.098947,0.200084,9.755051,0.003617,-0.000361,0.255072,-0.433211,-0.280027,-0.855500,98938.0000
1779273054283782675,2026-05-20 16:00:54.282,0.239965,0.877621,194.090637,0.017456,0.000029,0.977482,0.171253,-0.114027,9.731960,-0.006550,0.008643,0.232488,-0.440921,-0.268775,-0.855873,98942.0000
1779273054383688767,2026-05-20 16:00:54.382,0.278977,0.801573,192.850632,0.012853,-0.004018,0.980758,0.069408,-0.124157,9.735409,0.000889,0.009942,0.204851,-0.445373,-0.259911,-0.857173,98942.0000
1779273054483414304,2026-05-20 16:00:54.482,0.289344,0.747266,191.733429,0.010139,-0.008360,0.982380,-0.036151,-0.061655,9.786261,0.006056,0.007128,0.191423,-0.451275,-0.251868,-0.855716,98938.0000
1779273054584681045,2026-05-20 16:00:54.583,0.254605,0.724725,190.732361,0.009538,-0.006972,0.982011,-0.030596,0.199579,9.747412,0.006855,-0.013723,0.158122,-0.454841,-0.244784,-0.856995,98943.0000
1779273054683813100,2026-05-20 16:00:54.682,0.197166,0.866923,189.893219,0.015455,-0.005407,0.977974,0.055831,0.018463,9.747317,0.015212,-0.028437,0.135123,-0.458970,-0.240003,-0.855505,98945.0000
1779273054783463267,2026-05-20 16:00:54.782,0.142519,1.049431,189.187759,0.031310,-0.001771,0.976009,0.216206,-0.032383,9.672895,0.009419,-0.020207,0.107720,-0.461598,-0.235204,-0.853754,98944.0000
1779273054883272989,2026-05-20 16:00:54.882,0.097719,1.409249,188.667191,0.038300,0.005715,0.966236,0.187837,0.107468,9.613235,0.009313,-0.092894,0.069702,-0.467497,-0.230984,-0.850706,98936.0000
1779273054983850137,2026-05-20 16:00:54.982,0.096741,2.300823,188.499435,0.064935,0.010109,0.966796,0.628552,0.302685,9.612679,-0.002677,-0.168830,0.001107,-0.472169,-0.229652,-0.844921,98947.0000
1779273055083725045,2026-05-20 16:00:55.082,0.111176,3.330617,188.611557,0.113799,0.003924,0.974107,1.468365,-0.277901,9.881376,-0.002055,-0.166008,-0.023351,-0.478012,-0.229464,-0.837279,98946.0000
1779273055183294730,2026-05-20 16:00:55.182,0.100063,4.327865,188.679504,0.152325,-0.004843,0.974748,2.283992,-0.029538,9.727811,0.005073,-0.166900,0.004425,-0.482639,-0.229828,-0.828455,98942.0000
1779273055284670118,2026-05-20 16:00:55.283,0.043162,5.035885,188.496033,0.195077,-0.006519,0.979045,2.306849,-0.152616,9.182287,0.003695,-0.101163,0.074997,-0.485247,-0.229709,-0.823893,98947.0000
1779273055383802637,2026-05-20 16:00:55.382,-0.054319,5.107607,188.073288,0.217159,-0.001452,0.979226,1.775068,-0.052356,9.014712,0.025928,0.037976,0.074164,-0.489365,-0.225794,-0.821483,98938.0000
1779273055483678748,2026-05-20 16:00:55.482,-0.131547,4.489510,187.528427,0.207461,0.008948,0.969850,2.322154,0.401983,9.576152,0.020803,0.148120,0.105243,-0.487929,-0.222935,-0.825787,98945.0000
1779273055583490804,2026-05-20 16:00:55.582,-0.143545,3.471167,186.943756,0.159510,0.019962,0.962076,0.959743,0.022110,9.353056,-0.000674,0.186750,0.107532,-0.484764,-0.219289,-0.834052,98934.0000
1779273055683391378,2026-05-20 16:00:55.682,-0.072987,2.553866,186.362732,0.097043,0.021607,0.960264,0.598388,0.048956,9.373768,-0.008990,0.116924,0.101919,-0.481593,-0.214453,-0.842346,98938.0000
1779273055783633914,2026-05-20 16:00:55.782,0.029501,2.171291,185.830154,0.059518,0.014001,0.967438,0.647982,-0.088984,9.902179,-0.015481,-0.005788,0.093128,-0.481010,-0.211825,-0.844224,98944.0000
1779273055883548951,2026-05-20 16:00:55.882,0.086073,2.490145,185.375854,0.059093,0.001755,0.976303,0.345710,0.127503,9.665940,0.004414,-0.093706,0.073871,-0.483946,-0.204981,-0.843713,98942.0000
1779273055983342211,2026-05-20 16:00:55.982,0.051806,3.275905,184.994247,0.077770,-0.002579,0.978799,0.263344,0.042235,9.389875,0.013504,-0.150071,0.067494,-0.489775,-0.203593,-0.835801,98941.0000
1779273056083933081,2026-05-20 16:00:56.082,-0.022313,3.921337,184.652344,0.128107,0.004930,0.982529,1.910760,0.237909,10.014001,0.007706,-0.079092,0.052706,-0.495355,-0.200517,-0.831234,98934.0000
1779273056183481488,2026-05-20 16:00:56.182,-0.038722,4.018788,184.325546,0.146258,0.009778,0.978474,1.304042,0.285346,9.680857,0.004293,0.037266,0.063087,-0.497994,-0.196620,-0.829761,98947.0000
1779273056283388359,2026-05-20 16:00:56.282,0.019523,3.517241,184.016800,0.127525,0.010257,0.971644,0.816242,0.184645,9.574615,-0.008672,0.134224,0.057464,-0.495655,-0.195514,-0.833146,98928.0000
1779273056384660266,2026-05-20 16:00:56.383,0.103467,2.630047,183.757874,0.087014,0.005735,0.971530,0.922596,0.077507,9.763394,-0.019343,0.162499,0.035676,-0.490403,-0.193632,-0.841122,98936.0000
1779273056483820673,2026-05-20 16:00:56.482,0.159763,1.793211,183.589249,0.038074,-0.005185,0.977808,-0.288869,-0.174642,9.599515,-0.004671,0.116480,0.029406,-0.486624,-0.190839,-0.848183,98944.0000
1779273056583710025,2026-05-20 16:00:56.582,0.161782,1.375982,183.517410,-0.001008,-0.006820,0.980093,0.350921,0.098168,10.033500,0.004953,0.026873,0.009320,-0.484577,-0.190312,-0.850947,98946.0000
1779273056683587414,2026-05-20 16:00:56.682,0.115060,1.454651,183.480713,-0.003838,-0.006730,0.980853,-0.136798,-0.088846,9.757127,0.012801,-0.054082,0.017206,-0.485766,-0.189129,-0.850945,98942.0000
1779273056784654044,2026-05-20 16:00:56.783,0.042396,1.857499,183.368179,0.020575,0.000494,0.978336,0.327096,0.091566,9.550517,0.011964,-0.082721,0.025529,-0.487182,-0.188128,-0.847034,98938.0000
1779273056883756118,2026-05-20 16:00:56.882,-0.017649,2.261426,183.159485,0.047292,0.006754,0.976730,0.604520,-0.130395,9.796329,0.007078,-0.056273,0.034840,-0.490748,-0.188700,-0.845430,98943.0000
1779273056983604803,2026-05-20 16:00:56.982,-0.065176,2.425062,182.944427,0.058014,0.008015,0.978154,0.576586,-0.131096,9.781861,0.004731,-0.005097,0.030703,-0.493672,-0.187727,-0.842080,98942.0000
1779273057083401266,2026-05-20 16:00:57.082,-0.095613,2.341185,182.784180,0.057213,0.005121,0.982389,0.183045,0.581984,9.857039,0.004645,0.031014,0.024389,-0.491872,-0.185353,-0.842783,98938.0000
1779273057183644395,2026-05-20 16:00:57.182,-0.098418,2.126771,182.661514,0.044107,0.003539,0.980840,0.311953,-0.084758,9.910287,0.001800,0.039066,0.021728,-0.492198,-0.184219,-0.844601,98933.0000
1779273057283602062,2026-05-20 16:00:57.282,-0.061476,1.858894,182.532730,0.037314,0.009438,0.980411,0.609367,0.276123,10.129320,-0.015997,0.049066,0.016453,-0.491313,-0.181878,-0.846180,98936.0000
1779273057383407488,2026-05-20 16:00:57.382,0.014198,1.601036,182.416092,0.025419,0.007037,0.971666,0.391877,-0.121861,9.815065,-0.009242,0.032807,0.024900,-0.488682,-0.181960,-0.849543,98945.0000
1779273057484734525,2026-05-20 16:00:57.483,0.079294,1.521093,182.346008,0.013745,0.002069,0.971264,0.146180,0.104557,9.772230,-0.004227,0.000920,0.002726,-0.489871,-0.179893,-0.849863,98940.0000
1779273057583828469,2026-05-20 16:00:57.582,0.071993,1.656114,182.374847,0.007341,-0.010615,0.974182,0.196180,-0.237568,9.721194,0.004214,-0.038437,-0.013645,-0.491077,-0.180505,-0.850117,98942.0000
1779273057683689302,2026-05-20 16:00:57.682,-0.025132,1.965426,182.479126,0.018486,-0.013846,0.981707,0.078572,0.302958,9.842381,0.023144,-0.063063,-0.014707,-0.492194,-0.182740,-0.844937,98946.0000
1779273057783354469,2026-05-20 16:00:57.782,-0.139613,2.299287,182.609558,0.039810,-0.005523,0.983044,0.452961,-0.134979,9.807055,0.014139,-0.045489,-0.010608,-0.492766,-0.183880,-0.843096,98938.0000
1779273057883964543,2026-05-20 16:00:57.882,-0.162366,2.491778,182.703293,0.057133,0.008440,0.978266,0.822770,-0.191762,9.717501,-0.006604,-0.000735,-0.011128,-0.494226,-0.184421,-0.840946,98940.0000
1779273057983733932,2026-05-20 16:00:57.982,-0.088100,2.443248,182.772858,0.055307,0.009508,0.974322,0.770395,-0.185665,9.987836,-0.021473,0.023424,-0.013186,-0.493344,-0.185029,-0.841554,98933.0000
1779273058083609821,2026-05-20 16:00:58.082,-0.008788,2.217205,182.878952,0.048282,-0.005389,0.975351,0.315048,-0.301397,9.772404,-0.006877,0.046459,-0.016525,-0.490725,-0.185129,-0.845517,98947.0000
1779273058183147302,2026-05-20 16:00:58.181,0.004583,2.015127,183.053177,0.030257,-0.014216,0.980772,0.271757,-0.157122,9.781144,0.006062,0.028687,-0.044673,-0.489240,-0.185138,-0.846154,98943.0000
1779273058283748080,2026-05-20 16:00:58.282,-0.068036,1.941404,183.287735,0.018630,-0.020164,0.984356,0.050688,-0.412634,9.916638,0.015016,-0.007109,-0.033211,-0.489269,-0.187834,-0.846688,98944.0000
1779273058383574931,2026-05-20 16:00:58.382,-0.152807,2.064130,183.522202,0.019898,-0.006042,0.979420,0.252423,-0.284226,9.739568,0.013892,-0.030375,-0.029960,-0.490470,-0.189321,-0.846323,98946.0000
1779273058483436080,2026-05-20 16:00:58.482,-0.166285,2.228505,183.718399,0.035499,0.009812,0.971709,0.628196,-0.076129,9.683102,-0.009433,-0.035705,-0.029925,-0.488952,-0.192811,-0.843878,98937.0000
1779273058584754931,2026-05-20 16:00:58.583,-0.091385,2.296809,183.893768,0.045277,0.007190,0.971619,0.489867,0.363885,9.575912,-0.023898,-0.009999,-0.040981,-0.488626,-0.191294,-0.843023,98944.0000
1779273058683909524,2026-05-20 16:00:58.682,-0.028378,2.300468,184.134415,0.042926,-0.011491,0.978571,0.383228,-0.306968,9.742807,-0.001584,0.012722,-0.051288,-0.487475,-0.192243,-0.845129,98935.0000
1779273058783467431,2026-05-20 16:00:58.782,-0.060536,2.280306,184.431183,0.038255,-0.020527,0.981728,0.527059,-0.373393,10.018521,0.008586,0.004235,-0.051957,-0.488108,-0.195835,-0.845626,98940.0000
1779273058883374246,2026-05-20 16:00:58.882,-0.173038,2.242998,184.709198,0.034296,-0.019911,0.984612,0.262784,-0.641841,9.854779,0.020534,-0.005493,-0.043704,-0.485702,-0.198156,-0.844132,98938.0000
1779273058983864005,2026-05-20 16:00:58.982,-0.262642,2.247830,184.984329,0.037074,-0.002703,0.983150,0.202093,0.047178,9.616783,0.005185,-0.003077,-0.057153,-0.485117,-0.200236,-0.844097,98930.0000
1779273059083569024,2026-05-20 16:00:59.082,-0.244661,2.274840,185.271912,0.037042,0.008802,0.972837,0.411265,-0.082021,9.776464,-0.020322,-0.004602,-0.038702,-0.484200,-0.203143,-0.841952,98936.0000
1779273059183549375,2026-05-20 16:00:59.182,-0.121002,2.228628,185.508041,0.042021,0.005967,0.968851,0.303877,-0.214128,9.610253,-0.025648,0.014556,-0.032681,-0.484868,-0.204436,-0.845203,98944.0000
1779273059283410246,2026-05-20 16:00:59.282,-0.017974,2.099616,185.686600,0.038247,-0.011296,0.975435,0.443963,-0.250880,9.889738,-0.008911,0.022423,-0.023621,-0.481318,-0.205361,-0.847070,98949.0000
1779273059383956672,2026-05-20 16:00:59.382,-0.047641,2.009015,185.883575,0.028607,-0.022189,0.982714,0.426308,-0.377230,9.841786,0.015021,0.013134,-0.028019,-0.482507,-0.205945,-0.846426,98944.0000
1779273059483795727,2026-05-20 16:00:59.482,-0.197448,2.020955,186.106201,0.023497,-0.021168,0.985062,0.437678,0.070816,9.997562,0.022308,-0.009779,-0.042045,-0.478931,-0.208890,-0.846147,98933.0000
1779273059582508283,2026-05-20 16:00:59.581,-0.357119,2.153222,186.322647,0.026178,-0.006333,0.981781,0.453758,0.280050,9.768314,0.012656,-0.036681,-0.044961,-0.480687,-0.210606,-0.843361,98942.0000
1779273059684823801,2026-05-20 16:00:59.683,-0.382102,2.320712,186.546646,0.038653,0.013183,0.975037,0.766574,0.327143,9.806912,-0.015861,-0.023389,-0.039369,-0.478905,-0.212678,-0.843357,98941.0000
1779273059783990338,2026-05-20 16:00:59.782,-0.221666,2.438883,186.793213,0.043260,0.015687,0.969805,0.506143,-0.062967,9.677105,-0.044560,-0.014918,-0.045894,-0.478599,-0.212369,-0.843072,98925.0000
1779273059883449708,2026-05-20 16:00:59.882,-0.011648,2.444689,187.045654,0.047980,-0.007321,0.973176,0.504520,-0.458788,9.806087,-0.029052,0.005295,-0.036308,-0.479233,-0.214493,-0.844205,98937.0000
1779273059983284468,2026-05-20 16:00:59.982,0.062034,2.342361,187.236206,0.048310,-0.026677,0.979964,0.304983,-0.475276,9.749970,0.003860,0.019632,-0.017567,-0.476845,-0.214487,-0.844566,98935.0000
1779273060083777856,2026-05-20 16:01:00.082,-0.073699,2.191908,187.347351,0.039493,-0.030948,0.985678,0.684040,-0.306534,10.015978,0.042874,0.024553,-0.007403,-0.475986,-0.217782,-0.845408,98943.0000
1779273060183812393,2026-05-20 16:01:00.182,-0.330256,2.103858,187.457733,0.025719,-0.013936,0.983082,0.258479,-0.172737,9.803424,0.037542,-0.000947,-0.019552,-0.476301,-0.219280,-0.845664,98940.0000
1779273060283711875,2026-05-20 16:01:00.282,-0.508255,2.120243,187.594971,0.027601,0.008355,0.977957,-0.050946,-0.130273,9.658173,0.021232,-0.013539,-0.025555,-0.475372,-0.221286,-0.843240,98932.0000
1779273060383507115,2026-05-20 16:01:00.382,-0.461207,2.228417,187.760651,0.031670,0.021375,0.972994,0.713932,-0.020373,9.901282,-0.024702,-0.014533,-0.029578,-0.475400,-0.221331,-0.844738,98946.0000
1779273060483750023,2026-05-20 16:01:00.482,-0.231825,2.361436,187.970230,0.032743,0.012585,0.969994,0.564777,0.010276,9.770810,-0.041892,-0.021549,-0.036955,-0.475693,-0.221324,-0.844431,98944.0000
1779273060583546875,2026-05-20 16:01:00.582,0.004404,2.453496,188.216919,0.047593,-0.008893,0.974889,0.925245,-0.118638,9.879321,-0.027718,-0.013362,-0.041321,-0.476277,-0.222482,-0.843189,98938.0000
1779273060683391763,2026-05-20 16:01:00.682,0.091143,2.419888,188.407074,0.056003,-0.026297,0.980733,0.846717,-0.465633,10.051718,-0.004381,0.025890,-0.032270,-0.473319,-0.223401,-0.844741,98938.0000
1779273060783087726,2026-05-20 16:01:00.781,-0.036272,2.269482,188.518951,0.037600,-0.031871,0.982249,0.013205,-0.189470,9.738005,0.044991,0.019630,-0.013532,-0.473037,-0.224310,-0.845327,98938.0000
1779273060883893078,2026-05-20 16:01:00.882,-0.295443,2.154373,188.612610,0.032269,-0.016853,0.985846,-0.058979,0.085079,9.621395,0.047572,0.017384,-0.015873,-0.472440,-0.227842,-0.844058,98939.0000
1779273060983788134,2026-05-20 16:01:00.982,-0.511499,2.146141,188.700333,0.029880,0.005986,0.980253,0.505238,0.277588,9.816543,0.020535,-0.000286,-0.016842,-0.472444,-0.229321,-0.843722,98939.0000
1779273061083442078,2026-05-20 16:01:01.082,-0.536770,2.172126,188.759140,0.029615,0.020502,0.971491,0.483158,0.027827,9.702823,-0.015500,-0.007657,-0.013755,-0.470056,-0.228431,-0.844404,98939.0000
1779273061183832282,2026-05-20 16:01:01.182,-0.360408,2.209018,188.851105,0.025917,0.018475,0.970519,0.084173,0.038004,9.557919,-0.050445,-0.019240,-0.029019,-0.470368,-0.228749,-0.844988,98940.0000
1779273061283648893,2026-05-20 16:01:01.282,-0.119824,2.320013,189.044342,0.031111,-0.005243,0.977409,0.273583,-0.068352,9.783246,-0.037812,-0.022304,-0.038930,-0.470357,-0.227847,-0.844710,98940.0000
1779273061383747319,2026-05-20 16:01:01.382,0.014688,2.462768,189.248520,0.044212,-0.019697,0.980103,0.376858,-0.046609,9.758911,-0.009795,-0.012203,-0.028464,-0.472758,-0.228168,-0.844941,98947.0000
1779273061483374244,2026-05-20 16:01:01.482,-0.010872,2.489699,189.340591,0.056197,-0.023018,0.980466,0.746944,-0.115144,10.148864,0.016737,0.011003,-0.002010,-0.471848,-0.230498,-0.843409,98938.0000
1779273061583901707,2026-05-20 16:01:01.582,-0.167215,2.401672,189.356613,0.046032,-0.015258,0.980520,0.539905,-0.070224,9.841587,0.035773,0.019281,-0.002332,-0.470338,-0.229290,-0.843176,98936.0000
1779273061683741004,2026-05-20 16:01:01.682,-0.359721,2.299695,189.410080,0.032489,-0.006601,0.980715,-0.022407,0.093192,9.690961,0.030058,0.007409,-0.007690,-0.469481,-0.231999,-0.844333,98942.0000
1779273061783344707,2026-05-20 16:01:01.782,-0.464944,2.262154,189.460159,0.035173,0.006749,0.978147,0.340631,0.219343,9.575524,0.005323,0.002904,-0.001765,-0.468870,-0.231679,-0.843756,98940.0000
1779273061883238985,2026-05-20 16:01:01.881,-0.429144,2.254655,189.401611,0.037659,0.012747,0.975263,0.439048,-0.165702,9.702929,-0.013924,0.004924,0.016702,-0.468900,-0.232906,-0.844926,98931.0000
1779273061983733763,2026-05-20 16:01:01.982,-0.296363,2.250952,189.312912,0.028626,0.008755,0.973439,0.155766,0.217510,9.896356,-0.024508,-0.007838,0.013728,-0.469208,-0.231744,-0.845846,98947.0000
1779273062083653781,2026-05-20 16:01:02.082,-0.164083,2.292178,189.341354,0.028372,-0.003801,0.976272,0.064578,-0.005361,9.797727,-0.018060,-0.014391,-0.009072,-0.470660,-0.229328,-0.844367,98939.0000
1779273062183262466,2026-05-20 16:01:02.181,-0.117070,2.385114,189.434753,0.040448,-0.016322,0.981217,0.416693,-0.305712,9.966536,0.000927,-0.017617,-0.009210,-0.470653,-0.229905,-0.843753,98938.0000
1779273062283780466,2026-05-20 16:01:02.282,-0.165100,2.479008,189.439697,0.046004,-0.013327,0.977661,0.611984,0.155093,9.927682,0.018647,-0.013845,0.013699,-0.471872,-0.230832,-0.844600,98945.0000
1779273062383620725,2026-05-20 16:01:02.382,-0.241272,2.435195,189.341385,0.050056,-0.000946,0.976983,-0.148013,0.115139,9.645930,0.015495,0.008009,0.023349,-0.470060,-0.229910,-0.844068,98939.0000
1779273062483474225,2026-05-20 16:01:02.482,-0.309380,2.333895,189.303055,0.040286,0.000269,0.980280,0.317972,-0.047029,9.723123,0.010203,0.015612,0.004935,-0.470660,-0.230211,-0.844046,98944.0000
1779273062584753929,2026-05-20 16:01:02.583,-0.345696,2.238210,189.325226,0.029637,-0.001149,0.979450,0.561740,-0.087434,9.986979,0.001312,0.005698,-0.003191,-0.468267,-0.230197,-0.844107,98938.0000
1779273062683907392,2026-05-20 16:01:02.682,-0.324813,2.212854,189.304260,0.033773,0.002725,0.977633,0.244948,0.016056,9.500572,-0.009054,0.000011,0.012405,-0.468276,-0.229917,-0.844713,98942.0000
1779273062783551688,2026-05-20 16:01:02.782,-0.253095,2.218178,189.232269,0.029445,0.004346,0.977078,0.256974,0.096169,9.874067,-0.015701,-0.009050,0.010210,-0.470090,-0.230253,-0.845559,98943.0000
1779273062883381132,2026-05-20 16:01:02.882,-0.180790,2.302105,189.204941,0.032096,-0.001349,0.977230,0.659596,-0.212494,9.990502,-0.011353,-0.020822,-0.003736,-0.470973,-0.229645,-0.844951,98948.0000
1779273062983945706,2026-05-20 16:01:02.982,-0.155837,2.435487,189.237259,0.032681,-0.011745,0.976580,-0.027723,0.073355,9.656544,0.004159,-0.023637,-0.004135,-0.471849,-0.228145,-0.844365,98942.0000
1779273063083677521,2026-05-20 16:01:03.082,-0.180779,2.536931,189.263626,0.048171,-0.008949,0.978773,0.250181,-0.256117,9.718075,0.003378,-0.011937,0.004713,-0.472728,-0.227825,-0.843451,98942.0000
1779273063183760243,2026-05-20 16:01:03.182,-0.231840,2.520871,189.200272,0.053487,-0.003421,0.976643,0.822521,-0.010654,9.852632,0.012203,0.022925,0.018060,-0.471812,-0.231030,-0.841297,98941.0000
1779273063283578188,2026-05-20 16:01:03.282,-0.280992,2.398180,189.096313,0.041802,0.000123,0.976515,0.548724,-0.298137,9.877034,0.015087,0.021783,0.024208,-0.472709,-0.228385,-0.842238,98943.0000
1779273063384061891,2026-05-20 16:01:03.382,-0.321156,2.269821,189.014847,0.031201,0.001505,0.979168,0.563026,0.360808,9.851981,0.005671,0.006060,0.013129,-0.471567,-0.228170,-0.845271,98942.0000
1779273063483584595,2026-05-20 16:01:03.482,-0.329409,2.216954,188.969574,0.034599,-0.000572,0.981280,-0.239292,-0.317420,9.676836,0.004552,0.010661,0.012705,-0.469463,-0.226669,-0.845361,98949.0000
1779273063583407095,2026-05-20 16:01:03.582,-0.306070,2.250598,188.926956,0.031291,0.001281,0.979810,0.764983,0.134530,9.927182,-0.005867,-0.005469,0.006181,-0.470644,-0.226947,-0.844425,98936.0000
1779273063683242910,2026-05-20 16:01:03.682,-0.277241,2.305066,188.871201,0.033038,0.001314,0.974566,0.552431,-0.202323,9.748497,-0.010502,-0.014182,0.010352,-0.471546,-0.226664,-0.844708,98941.0000
1779273063783905299,2026-05-20 16:01:03.782,-0.246389,2.353407,188.818909,0.034561,-0.002182,0.973321,0.241388,0.114799,9.672656,-0.006010,-0.023861,0.006834,-0.472731,-0.225769,-0.844400,98943.0000
1779273063883753169,2026-05-20 16:01:03.882,-0.229564,2.396509,188.779419,0.042913,-0.004570,0.977892,-0.353155,-0.116432,9.532242,-0.004473,-0.005181,0.011674,-0.473327,-0.225476,-0.844392,98943.0000
1779273063983587836,2026-05-20 16:01:03.982,-0.237509,2.437564,188.729782,0.043279,-0.005090,0.979738,0.667750,0.022005,10.021230,0.006796,0.004864,0.010281,-0.474797,-0.224853,-0.843169,98928.0000
1779273064083813817,2026-05-20 16:01:04.082,-0.258538,2.437121,188.646866,0.039209,-0.001252,0.977683,0.815432,-0.176328,9.971156,0.001927,-0.004783,0.025408,-0.473897,-0.223667,-0.843521,98947.0000
1779273064183790076,2026-05-20 16:01:04.182,-0.279246,2.378272,188.550308,0.040243,0.000118,0.979369,0.253061,0.032280,9.713928,-0.001351,-0.006146,0.019901,-0.473348,-0.224330,-0.845918,98939.0000
1779273064283624576,2026-05-20 16:01:04.282,-0.270799,2.295002,188.467209,0.046432,-0.000355,0.982856,0.098386,-0.129639,9.672781,0.003019,0.030019,0.010620,-0.474236,-0.224615,-0.845289,98938.0000
1779273064383521039,2026-05-20 16:01:04.382,-0.259918,2.249817,188.388458,0.028792,-0.002153,0.977800,0.290389,-0.060094,9.847399,0.001197,0.012050,0.014752,-0.474213,-0.222812,-0.844733,98940.0000
1779273064484007391,2026-05-20 16:01:04.482,-0.260617,2.187863,188.322311,0.028146,-0.000056,0.976059,0.738200,0.338625,9.992422,-0.004671,-0.007548,0.002815,-0.473632,-0.223719,-0.845326,98939.0000
1779273064583521761,2026-05-20 16:01:04.582,-0.255111,2.192340,188.259705,0.031818,-0.002040,0.976465,-0.119569,-0.047966,9.570220,0.004086,-0.007318,0.016502,-0.474226,-0.223127,-0.845325,98940.0000
1779273064683366002,2026-05-20 16:01:04.682,-0.240673,2.263512,188.206711,0.033447,0.000080,0.977475,0.586168,-0.024907,9.709914,-0.003833,-0.009083,0.007626,-0.472685,-0.220395,-0.843930,98941.0000
1779273064784786150,2026-05-20 16:01:04.783,-0.235423,2.348572,188.163971,0.034699,-0.003381,0.977299,0.737737,-0.232904,9.932797,-0.000363,-0.018223,0.009001,-0.475673,-0.220702,-0.843547,98935.0000
1779273064883940187,2026-05-20 16:01:04.882,-0.246573,2.413289,188.115234,0.039918,-0.002790,0.977641,0.650096,0.230691,9.836217,0.003525,-0.010684,0.005306,-0.476286,-0.221319,-0.844116,98943.0000
1779273064983778187,2026-05-20 16:01:04.982,-0.263632,2.429290,188.046692,0.039825,-0.004257,0.977771,-0.320215,0.011559,9.708854,0.005984,-0.009633,0.020899,-0.475962,-0.220099,-0.843254,98942.0000
1779273065083384224,2026-05-20 16:01:05.082,-0.271604,2.404951,187.975403,0.045462,0.000660,0.979856,0.631592,0.165501,9.845888,0.001406,0.015398,0.012439,-0.475958,-0.219504,-0.843268,98950.0000
1779273065184015372,2026-05-20 16:01:05.182,-0.260224,2.390246,187.913376,0.038313,-0.000959,0.978331,0.805573,-0.278489,9.838075,0.001303,0.007810,0.014362,-0.476282,-0.218956,-0.844773,98942.0000
1779273065283914687,2026-05-20 16:01:05.282,-0.250677,2.348006,187.863007,0.034153,-0.000129,0.977158,0.407866,-0.019341,9.735544,-0.001088,0.004759,0.013312,-0.477190,-0.218979,-0.845349,98944.0000
1779273065383718483,2026-05-20 16:01:05.382,-0.245359,2.295724,187.825424,0.038984,-0.004331,0.979189,-0.231374,-0.261898,9.621298,0.003460,0.005080,0.011811,-0.475670,-0.215985,-0.845159,98948.0000
1779273065483544927,2026-05-20 16:01:05.482,-0.256919,2.292718,187.793365,0.034112,-0.003132,0.978225,0.369596,0.184897,9.895381,0.001787,0.007874,0.005363,-0.476259,-0.216268,-0.844538,98939.0000
1779273065583740149,2026-05-20 16:01:05.582,-0.285257,2.312703,187.740402,0.029827,-0.000559,0.975141,0.858559,-0.093693,10.123548,0.007925,-0.012764,0.010137,-0.477158,-0.217456,-0.844186,98941.0000
1779273065683590483,2026-05-20 16:01:05.682,-0.309031,2.350939,187.693008,0.031056,-0.001390,0.976054,-0.322595,0.139094,9.600099,0.004915,-0.019375,0.013457,-0.477166,-0.216878,-0.844800,98941.0000
1779273065783580797,2026-05-20 16:01:05.782,-0.309643,2.421587,187.666397,0.046087,-0.000173,0.981510,0.332238,-0.019525,9.651624,0.004156,0.003904,0.000808,-0.478669,-0.217194,-0.845054,98947.0000
1779273065883079334,2026-05-20 16:01:05.881,-0.288866,2.468880,187.649109,0.040419,-0.001154,0.978204,0.936126,-0.305494,9.919117,-0.002771,0.001747,0.007030,-0.478628,-0.216833,-0.842964,98940.0000
1779273065984041131,2026-05-20 16:01:05.982,-0.261309,2.450997,187.635635,0.035704,0.000173,0.976233,0.600652,0.258537,9.780302,-0.007468,-0.004661,0.007008,-0.478641,-0.217149,-0.843557,98944.0000
1779273066083580186,2026-05-20 16:01:06.082,-0.236453,2.391195,187.592957,0.041690,-0.005583,0.979502,-0.215203,-0.318971,9.582006,0.004027,0.010788,0.014698,-0.478039,-0.216550,-0.843586,98931.0000
1779273066183477927,2026-05-20 16:01:06.182,-0.236400,2.349807,187.560455,0.040666,-0.003413,0.978499,0.583432,0.127367,9.672981,-0.000322,0.018141,0.002049,-0.476866,-0.215993,-0.845129,98934.0000
1779273066284109871,2026-05-20 16:01:06.282,-0.260554,2.325790,187.549988,0.033027,-0.003257,0.977779,0.340411,-0.194993,9.897604,0.002419,0.002747,-0.000333,-0.476249,-0.216548,-0.843931,98944.0000
1779273066383592390,2026-05-20 16:01:06.382,-0.281188,2.334742,187.552933,0.029868,-0.001292,0.976970,0.495446,0.139183,9.827780,0.004640,-0.019993,-0.000314,-0.479250,-0.216287,-0.844461,98938.0000
1779273066483493630,2026-05-20 16:01:06.482,-0.278790,2.382167,187.545883,0.040770,-0.002070,0.978708,0.073258,-0.277544,9.618874,-0.000603,-0.008626,0.010763,-0.478025,-0.214467,-0.843637,98938.0000
1779273066583292649,2026-05-20 16:01:06.582,-0.264047,2.428839,187.533615,0.039981,-0.000685,0.977272,0.678548,-0.023903,9.840472,0.004804,0.002863,0.001278,-0.477444,-0.216258,-0.843908,98941.0000
1779273066683852852,2026-05-20 16:01:06.682,-0.254865,2.437931,187.535385,0.037837,-0.001774,0.976181,0.344477,-0.045956,9.692027,-0.002833,-0.006577,-0.001377,-0.478317,-0.215046,-0.843015,98943.0000
1779273066783776649,2026-05-20 16:01:06.782,-0.245498,2.418905,187.555084,0.039580,-0.004473,0.978874,0.096715,0.031438,9.540751,0.004621,0.006036,-0.000414,-0.478328,-0.215948,-0.843293,98934.0000
1779273066883641056,2026-05-20 16:01:06.882,-0.233557,2.379022,187.579132,0.041244,-0.002499,0.979254,0.139870,0.080570,9.615937,-0.002754,0.011016,-0.002418,-0.478330,-0.216245,-0.843286,98935.0000
1779273066984165741,2026-05-20 16:01:06.982,-0.231018,2.344387,187.599625,0.037591,-0.005417,0.978840,0.729517,-0.078043,10.134054,0.005657,0.011852,-0.002877,-0.477473,-0.217187,-0.845085,98942.0000
1779273067083868241,2026-05-20 16:01:07.082,-0.237827,2.327320,187.616806,0.033854,-0.003030,0.977157,0.548081,0.014448,9.720653,-0.003631,0.003750,0.000303,-0.477746,-0.217441,-0.843572,98944.0000
1779273067183503889,2026-05-20 16:01:07.182,-0.262692,2.317275,187.633072,0.028977,-0.005748,0.976923,-0.383301,-0.033389,9.552655,0.008070,-0.015285,0.004621,-0.476836,-0.215650,-0.843638,98942.0000
1779273067283364000,2026-05-20 16:01:07.282,-0.295387,2.307713,187.645859,0.042059,-0.002870,0.980229,0.295235,-0.039522,9.552401,0.005480,0.010012,-0.003978,-0.478376,-0.217201,-0.845361,98942.0000
1779273067383964000,2026-05-20 16:01:07.382,-0.305021,2.323458,187.654007,0.037729,0.000130,0.977306,0.711538,-0.038512,9.963439,0.003338,0.004858,0.002898,-0.479262,-0.216305,-0.845061,98932.0000
1779273067483783241,2026-05-20 16:01:07.482,-0.283310,2.354393,187.665588,0.031697,0.000901,0.974790,0.849824,0.402687,10.060581,-0.011375,-0.017885,-0.001972,-0.478647,-0.216274,-0.844177,98949.0000
1779273067583506833,2026-05-20 16:01:07.582,-0.261462,2.382939,187.671265,0.035110,-0.005806,0.978297,-0.121583,-0.117042,9.743624,-0.000709,-0.014380,0.010952,-0.477747,-0.215087,-0.844528,98938.0000
1779273067683300296,2026-05-20 16:01:07.682,-0.259854,2.406586,187.658127,0.045991,-0.003581,0.981102,0.433197,0.182410,9.876324,0.008602,0.003872,0.004281,-0.479201,-0.215620,-0.842079,98942.0000
1779273067784124796,2026-05-20 16:01:07.782,-0.253712,2.412560,187.639175,0.040142,-0.000115,0.976736,0.424408,-0.027175,9.941630,-0.005950,0.000002,0.001820,-0.477466,-0.215410,-0.845428,98942.0000
1779273067883804870,2026-05-20 16:01:07.882,-0.242947,2.369557,187.638077,0.035466,-0.004096,0.976264,0.483647,-0.197980,9.782457,-0.000206,0.004080,0.002972,-0.477745,-0.215674,-0.844214,98944.0000
1779273067983617185,2026-05-20 16:01:07.982,-0.238949,2.317495,187.635468,0.037742,-0.002872,0.978637,0.345912,-0.038584,9.747474,0.000855,0.005701,0.006919,-0.477451,-0.215681,-0.844522,98938.0000
1779273068083897629,2026-05-20 16:01:08.082,-0.239991,2.286026,187.625290,0.036902,-0.002696,0.978137,0.288447,-0.475318,9.740222,0.004870,-0.000931,-0.000377,-0.478035,-0.215955,-0.843600,98943.0000
1779273068183774685,2026-05-20 16:01:08.182,-0.247623,2.280439,187.634033,0.035233,-0.003675,0.979659,0.480744,0.117523,9.789786,0.003516,-0.003861,-0.003374,-0.476838,-0.216831,-0.843310,98942.0000
1779273068283709129,2026-05-20 16:01:08.282,-0.260751,2.314854,187.650696,0.037946,-0.003024,0.979563,0.525717,-0.351463,9.760195,0.006695,0.006482,0.000143,-0.477753,-0.216864,-0.844186,98942.0000
1779273068383539907,2026-05-20 16:01:08.382,-0.264332,2.338094,187.660675,0.036685,-0.000251,0.975913,0.406613,-0.075571,9.826715,-0.000945,-0.008280,-0.001399,-0.478934,-0.216258,-0.843570,98943.0000
1779273068484195500,2026-05-20 16:01:08.482,-0.254770,2.322248,187.667831,0.042315,-0.000058,0.976823,0.620809,0.309669,9.677767,-0.008906,-0.003153,-0.007604,-0.477757,-0.217459,-0.844171,98940.0000
1779273068583566648,2026-05-20 16:01:08.582,-0.232538,2.296838,187.698837,0.038146,-0.005574,0.977483,-0.151905,-0.130058,9.574659,-0.005552,0.007393,-0.001587,-0.478674,-0.215435,-0.845996,98938.0000
1779273068683756629,2026-05-20 16:01:08.682,-0.220880,2.275519,187.715652,0.035813,-0.004769,0.978804,0.060754,0.046264,9.822113,-0.001625,0.003265,-0.000718,-0.478056,-0.216577,-0.844485,98951.0000
1779273068784818573,2026-05-20 16:01:08.783,-0.225363,2.244020,187.704224,0.032674,-0.003958,0.977982,0.699908,-0.197258,9.911359,0.002211,0.003543,0.001902,-0.477762,-0.215701,-0.845113,98939.0000
1779273068883934833,2026-05-20 16:01:08.882,-0.234584,2.225895,187.705551,0.031115,-0.005587,0.977988,0.447171,-0.110008,9.901630,0.002036,-0.001468,0.002572,-0.478065,-0.216298,-0.845091,98942.0000
1779273068983805333,2026-05-20 16:01:08.982,-0.243337,2.252129,187.712234,0.034485,-0.002607,0.977848,-0.078515,0.014239,9.609800,0.006711,-0.003384,0.000909,-0.476849,-0.215082,-0.844551,98942.0000
1779273069083545962,2026-05-20 16:01:09.082,-0.251740,2.279179,187.711029,0.035609,0.000747,0.977564,0.653051,0.011595,9.708928,-0.002715,-0.002311,-0.002823,-0.476247,-0.215367,-0.844260,98942.0000
1779273069183865555,2026-05-20 16:01:09.182,-0.250344,2.278902,187.730530,0.031931,-0.004696,0.978005,0.446154,-0.354937,9.900568,-0.000647,-0.013197,0.000634,-0.477445,-0.214788,-0.844543,98940.0000
1779273069283771795,2026-05-20 16:01:09.282,-0.260175,2.313630,187.771194,0.037171,-0.002830,0.979873,0.110062,-0.029554,9.795063,0.005841,-0.008907,-0.008280,-0.477458,-0.217457,-0.844179,98949.0000
1779273069383600869,2026-05-20 16:01:09.382,-0.270684,2.365026,187.808517,0.041089,0.001833,0.976881,0.522428,0.086887,9.719947,-0.006983,-0.004094,-0.007679,-0.477151,-0.217149,-0.843894,98941.0000
1779273069484871906,2026-05-20 16:01:09.483,-0.267135,2.386875,187.833298,0.038889,-0.003389,0.976417,0.197640,0.233862,9.705373,0.000274,-0.007494,0.001854,-0.477434,-0.214770,-0.843944,98940.0000
1779273069584027314,2026-05-20 16:01:09.582,-0.253246,2.375701,187.875320,0.042118,-0.003496,0.979319,0.465290,0.208608,9.999571,-0.004318,0.010013,-0.007764,-0.478046,-0.216857,-0.843878,98946.0000
1779273069683911628,2026-05-20 16:01:09.682,-0.242835,2.332162,187.929810,0.037198,-0.002764,0.977543,0.652641,-0.261811,9.980284,-0.003258,0.005258,-0.011273,-0.477751,-0.217450,-0.843872,98947.0000
1779273069783487888,2026-05-20 16:01:09.782,-0.229107,2.320595,187.983551,0.032754,-0.001971,0.975726,0.037832,0.137347,9.801805,0.000766,-0.007442,-0.006520,-0.477746,-0.218325,-0.843251,98942.0000
1779273069884754110,2026-05-20 16:01:09.883,-0.206057,2.327866,188.041992,0.037154,-0.002721,0.979234,0.450093,-0.099024,9.815238,-0.004598,-0.000515,-0.015237,-0.477456,-0.218044,-0.843865,98939.0000
1779273069983913091,2026-05-20 16:01:09.982,-0.207099,2.325911,188.089111,0.039477,-0.007801,0.979371,0.358424,-0.371873,9.696113,0.002995,-0.000865,-0.007703,-0.477461,-0.216285,-0.844807,98939.0000
1779273070083653869,2026-05-20 16:01:10.082,-0.227129,2.333597,188.131989,0.036667,-0.003790,0.977157,0.017571,0.173001,9.602773,0.004333,-0.000645,-0.002504,-0.477204,-0.218411,-0.846262,98941.0000
1779273070183678943,2026-05-20 16:01:10.182,-0.240857,2.299082,188.190186,0.036311,-0.001271,0.977406,0.467388,-0.014162,9.748048,0.001897,0.000726,-0.009764,-0.475950,-0.217430,-0.843618,98948.0000
1779273070283855776,2026-05-20 16:01:10.282,-0.247122,2.247867,188.237961,0.039334,-0.003319,0.980175,0.627972,-0.152965,9.917895,0.000106,0.009961,-0.016882,-0.475965,-0.218927,-0.843882,98934.0000
1779273070383721591,2026-05-20 16:01:10.382,-0.248070,2.211354,188.278778,0.031411,-0.003690,0.978217,0.292308,-0.119396,9.934204,0.001086,0.002632,-0.008190,-0.475979,-0.217475,-0.845116,98936.0000
1779273070483580146,2026-05-20 16:01:10.482,-0.233984,2.205273,188.330795,0.031068,-0.000027,0.977042,-0.033306,0.244016,9.577902,-0.001780,-0.008533,-0.006964,-0.474190,-0.220124,-0.844498,98932.0000
1779273070584879943,2026-05-20 16:01:10.583,-0.203491,2.263874,188.372925,0.035256,0.000223,0.977824,0.469439,0.173758,9.730178,-0.011432,-0.007964,-0.008661,-0.474762,-0.219497,-0.843299,98946.0000
1779273070684020443,2026-05-20 16:01:10.682,-0.177769,2.315746,188.434860,0.032637,-0.006618,0.976704,0.303023,-0.276199,9.823582,-0.001248,-0.013771,-0.002655,-0.474472,-0.220099,-0.843592,98944.0000
1779273070783645387,2026-05-20 16:01:10.782,-0.180615,2.349671,188.508820,0.042198,-0.008669,0.979240,0.257525,-0.077310,9.863689,0.014871,0.003712,-0.006765,-0.474196,-0.222785,-0.843834,98938.0000
1779273070883491554,2026-05-20 16:01:10.882,-0.197218,2.370023,188.558441,0.043485,-0.004027,0.977975,0.798894,0.090237,9.941303,0.000409,0.001849,-0.011510,-0.475394,-0.220438,-0.844760,98938.0000
1779273070984836202,2026-05-20 16:01:10.983,-0.204980,2.360506,188.598251,0.036974,-0.004916,0.975633,0.282291,-0.278457,9.815590,0.011147,0.002303,-0.000988,-0.475375,-0.220114,-0.843868,98947.0000
1779273071083805757,2026-05-20 16:01:11.082,-0.223471,2.304934,188.658493,0.038680,-0.003566,0.978429,0.264419,-0.133476,9.818797,0.013548,0.014202,-0.005298,-0.475378,-0.222179,-0.843219,98942.0000
1779273071183734665,2026-05-20 16:01:11.182,-0.229265,2.259009,188.728058,0.039153,-0.001222,0.978879,0.816857,0.278659,9.822799,0.001418,0.005705,-0.010463,-0.474508,-0.222218,-0.844739,98942.0000
1779273071283661794,2026-05-20 16:01:11.282,-0.221735,2.255319,188.767395,0.035174,-0.002515,0.977105,0.192076,-0.277782,9.727489,0.002732,0.001746,0.000426,-0.474830,-0.223140,-0.845609,98940.0000
1779273071384180276,2026-05-20 16:01:11.382,-0.203862,2.268990,188.799683,0.035084,-0.002274,0.980838,0.024681,0.069228,9.760538,0.006092,0.010200,-0.007034,-0.474491,-0.221308,-0.844162,98942.0000
1779273071483697535,2026-05-20 16:01:11.482,-0.197757,2.272187,188.845566,0.031046,-0.003600,0.978429,0.508703,0.240605,9.769512,-0.002263,-0.010918,-0.008238,-0.472975,-0.222444,-0.842674,98938.0000
1779273071583559016,2026-05-20 16:01:11.582,-0.201789,2.268481,188.887939,0.038489,-0.004512,0.976673,0.309398,-0.177304,9.656765,-0.002254,-0.004505,-0.009117,-0.472121,-0.224864,-0.844137,98934.0000
1779273071683359979,2026-05-20 16:01:11.682,-0.191887,2.281074,188.912674,0.040725,-0.001753,0.977655,0.393161,-0.067545,9.910176,-0.000811,0.006465,-0.001394,-0.473891,-0.222774,-0.843542,98942.0000
1779273071784001386,2026-05-20 16:01:11.782,-0.176682,2.283910,188.954056,0.031793,-0.003170,0.974886,0.453090,0.255484,9.817575,-0.005088,-0.006637,-0.003997,-0.473609,-0.224567,-0.843806,98939.0000
1779273071884010423,2026-05-20 16:01:11.882,-0.179923,2.249975,189.025146,0.036449,-0.006077,0.978816,0.101054,0.409084,9.728032,0.000813,-0.000972,-0.010116,-0.471527,-0.225456,-0.844138,98935.0000
1779273071983867923,2026-05-20 16:01:11.982,-0.185953,2.256282,189.082047,0.040691,-0.005833,0.979594,0.262421,-0.237322,9.804947,0.006269,0.009920,-0.002118,-0.472426,-0.224875,-0.844429,98940.0000
1779273072083958034,2026-05-20 16:01:12.082,-0.181425,2.293959,189.130508,0.033485,-0.001679,0.976449,0.736286,0.308068,9.970272,0.002595,-0.004756,-0.004883,-0.473028,-0.224590,-0.844720,98943.0000
1779273072183992331,2026-05-20 16:01:12.182,-0.182198,2.279389,189.204727,0.036054,-0.004373,0.978522,-0.015703,-0.212649,9.599671,0.001389,-0.006161,-0.016474,-0.472729,-0.224588,-0.844728,98942.0000
1779273072283297294,2026-05-20 16:01:12.282,-0.198346,2.260236,189.265900,0.042396,-0.005674,0.980631,0.297867,-0.083933,9.710151,0.009143,0.005830,-0.005847,-0.472142,-0.225486,-0.845021,98944.0000
1779273072384936386,2026-05-20 16:01:12.383,-0.219244,2.260634,189.300079,0.038366,-0.002198,0.978705,1.042933,0.075811,10.009765,0.003910,0.011735,-0.006869,-0.471236,-0.227528,-0.843795,98940.0000
1779273072484030997,2026-05-20 16:01:12.482,-0.220193,2.240495,189.333923,0.031608,-0.000833,0.974841,0.372503,-0.147060,9.697924,-0.008362,-0.009658,-0.006703,-0.472140,-0.226956,-0.844386,98939.0000
1779273072583888108,2026-05-20 16:01:12.582,-0.201523,2.201072,189.365097,0.040525,-0.002291,0.978749,0.104483,-0.442287,9.617563,-0.007804,0.002302,-0.004168,-0.471550,-0.227259,-0.844694,98947.0000
1779273072683750201,2026-05-20 16:01:12.682,-0.165009,2.200277,189.397018,0.035955,-0.002619,0.978267,0.194778,-0.200909,9.596451,-0.004349,0.005769,-0.005801,-0.471542,-0.226953,-0.844402,98940.0000
1779273072783318386,2026-05-20 16:01:12.782,-0.130987,2.202769,189.438263,0.031063,-0.003453,0.977302,0.302707,0.019913,9.576261,-0.002789,-0.000532,-0.008325,-0.470960,-0.226092,-0.845637,98937.0000
1779273072883894330,2026-05-20 16:01:12.882,-0.129015,2.205160,189.506119,0.030098,-0.006946,0.977362,0.250290,0.019954,9.603347,-0.000066,-0.015475,-0.014466,-0.471271,-0.227879,-0.845586,98942.0000
1779273072983684812,2026-05-20 16:01:12.982,-0.152004,2.229739,189.586029,0.037920,-0.007140,0.977540,0.264181,-0.116885,9.592694,0.008549,-0.004533,-0.016825,-0.472150,-0.226677,-0.844992,98940.0000
1779273073083420941,2026-05-20 16:01:13.082,-0.170461,2.299973,189.641724,0.035923,-0.003881,0.977378,0.287751,-0.309304,9.740685,0.012123,-0.003700,-0.001027,-0.470974,-0.228175,-0.845586,98950.0000
1779273073184112663,2026-05-20 16:01:13.182,-0.188124,2.332160,189.672699,0.033184,-0.001567,0.976960,0.690778,0.174486,9.819538,0.004167,-0.013869,-0.001479,-0.470351,-0.227838,-0.844410,98940.0000
1779273073283960163,2026-05-20 16:01:13.282,-0.208582,2.162724,189.618927,0.046367,-0.008002,0.984770,0.012803,-0.219505,9.583846,0.005754,0.066113,0.019557,-0.470688,-0.229373,-0.845865,98939.0000
1779273073383780274,2026-05-20 16:01:13.382,-0.241004,1.691360,189.455139,0.025021,-0.000636,0.982710,0.024858,0.255002,9.927217,0.002284,0.101020,0.037924,-0.469239,-0.227966,-0.848934,98944.0000
1779273073483648052,2026-05-20 16:01:13.482,-0.258723,0.999827,189.174881,-0.001349,0.002763,0.981702,-0.110757,-0.212954,9.954164,-0.000727,0.130443,0.067646,-0.466284,-0.225061,-0.852078,98934.0000
1779273073583883367,2026-05-20 16:01:13.582,-0.275098,0.232516,188.754425,-0.027108,0.004250,0.984897,-0.797907,0.071569,9.856771,0.004939,0.119059,0.077476,-0.461917,-0.224636,-0.858798,98942.0000
1779273073683678033,2026-05-20 16:01:13.682,-0.297966,-0.299646,188.271408,-0.048809,0.002814,0.982745,-0.233498,-0.196292,9.579171,0.012079,0.098896,0.082491,-0.460753,-0.220264,-0.862231,98942.0000
1779273073783671385,2026-05-20 16:01:13.782,-0.331833,-0.704475,187.764923,-0.067009,0.004603,0.979507,-0.560789,-0.026962,9.427714,0.006724,0.075032,0.095707,-0.461977,-0.215898,-0.865304,98941.0000
1779273073883132237,2026-05-20 16:01:13.881,-0.341482,-1.156209,187.134171,-0.086158,0.006875,0.975251,-0.681532,-2.881456,9.790955,-0.008956,0.078019,0.118907,-0.461453,-0.212774,-0.870491,98942.0000
1779273073984058441,2026-05-20 16:01:13.982,-0.302022,-1.605138,186.225357,-0.127131,0.013555,0.964746,-1.155246,-0.549733,9.301459,0.008975,0.044624,0.186312,-0.459361,-0.207169,-0.872778,98939.0000
1779273074083893978,2026-05-20 16:01:14.082,-0.193050,-1.711289,185.239410,-0.131827,0.010970,0.973689,-2.549270,0.643601,9.769703,-0.058730,-0.060287,0.179210,-0.463214,-0.198302,-0.874092,98945.0000
1779273074183490033,2026-05-20 16:01:14.182,-0.108598,-1.598489,184.296844,-0.112296,0.008277,0.974337,-0.736675,0.505231,9.988750,-0.012813,-0.039218,0.169622,-0.467367,-0.191203,-0.874757,98947.0000
1779273074284089274,2026-05-20 16:01:14.282,-0.087678,-1.304988,183.326904,-0.103193,-0.006726,0.977390,-0.633267,-0.409537,10.033068,-0.027510,-0.102355,0.153050,-0.472058,-0.182539,-0.872746,98944.0000
1779273074383934422,2026-05-20 16:01:14.382,-0.144589,-0.792544,182.295547,-0.088842,-0.005594,0.972420,-1.370510,0.556759,9.506201,0.007591,-0.113330,0.185578,-0.476997,-0.174680,-0.867710,98938.0000
1779273074483809311,2026-05-20 16:01:14.482,-0.166018,-0.160408,181.149643,-0.069338,0.000121,0.967708,-1.040806,-0.423622,9.153089,0.004882,-0.118375,0.213119,-0.484625,-0.166242,-0.862620,98945.0000
1779273074583606551,2026-05-20 16:01:14.582,-0.113468,0.394390,179.932053,-0.037702,0.003844,0.973632,-0.794692,-0.147130,9.372418,0.000021,-0.084590,0.224107,-0.492887,-0.155508,-0.860268,98942.0000
1779273074684159829,2026-05-20 16:01:14.682,-0.020706,0.693032,178.679504,-0.017249,0.005944,0.972908,-0.423580,-0.204626,9.495091,-0.007052,-0.007256,0.228061,-0.495138,-0.144107,-0.856886,98948.0000
1779273074783739755,2026-05-20 16:01:14.782,0.076885,0.724592,177.398895,-0.011725,-0.002228,0.978994,-0.526988,-0.260387,9.302199,-0.022346,0.003065,0.229376,-0.498986,-0.134346,-0.858221,98940.0000
1779273074883597329,2026-05-20 16:01:14.882,0.132695,0.387764,175.968002,-0.004921,-0.015245,0.991679,-0.958383,-0.423879,9.217342,0.008947,0.111957,0.271450,-0.500746,-0.123112,-0.860545,98938.0000
1779273074984877255,2026-05-20 16:01:14.983,0.086584,-0.225010,174.301178,-0.028870,-0.018810,0.990756,-0.655514,-0.357272,10.055012,-0.005775,0.106259,0.294379,-0.501022,-0.110118,-0.864149,98946.0000
1779273075083805162,2026-05-20 16:01:15.082,-0.011250,-0.642437,172.437119,-0.058835,-0.014489,0.983574,-0.867812,0.209941,9.536775,0.004531,0.028680,0.325428,-0.498875,-0.094414,-0.867280,98940.0000
1779273075184160884,2026-05-20 16:01:15.182,-0.048213,-0.527316,170.451965,-0.060087,-0.008741,0.976679,-0.230860,-0.172947,10.043320,-0.001880,-0.059927,0.361383,-0.504428,-0.080399,-0.865375,98943.0000
1779273075283736033,2026-05-20 16:01:15.282,-0.003890,-0.031429,168.391052,-0.039514,-0.005105,0.971214,-0.340806,-0.243718,9.585340,-0.007320,-0.094874,0.367908,-0.507256,-0.063960,-0.862699,98945.0000
1779273075383954107,2026-05-20 16:01:15.382,0.079512,0.520800,166.306061,-0.008938,-0.006354,0.968995,0.136105,-0.298897,9.784551,-0.008714,-0.089418,0.371006,-0.513637,-0.046894,-0.858148,98945.0000
1779273075483918995,2026-05-20 16:01:15.482,0.154500,0.890766,164.229156,0.014224,-0.011788,0.973782,0.401233,-0.263107,9.846553,-0.004066,-0.040102,0.359018,-0.516158,-0.028379,-0.855828,98939.0000
1779273075583595458,2026-05-20 16:01:15.582,0.168700,0.933077,162.183273,0.023660,-0.017559,0.982471,0.013560,-0.117937,9.874728,0.012631,0.025653,0.352933,-0.517798,-0.010769,-0.854109,98934.0000
1779273075684966273,2026-05-20 16:01:15.683,0.112305,0.680518,160.156967,0.017019,-0.015351,0.983947,0.283217,0.038205,9.889197,0.014961,0.061935,0.346589,-0.515938,0.004365,-0.856319,98939.0000
1779273075784142588,2026-05-20 16:01:15.782,0.023697,0.296099,158.127182,-0.003319,-0.011753,0.982841,-0.089310,-0.039750,9.842187,0.024908,0.072042,0.356412,-0.513512,0.019449,-0.860342,98946.0000
1779273075883677514,2026-05-20 16:01:15.882,-0.041090,-0.021631,156.066467,-0.022835,-0.003004,0.980770,-0.207660,0.330348,9.929486,0.008973,0.054744,0.366352,-0.509542,0.036977,-0.862663,98940.0000
1779273075983467995,2026-05-20 16:01:15.982,-0.046568,-0.159835,153.958435,-0.040613,-0.002476,0.974738,-0.180332,0.170028,10.083271,-0.006952,0.007849,0.359441,-0.507038,0.054838,-0.863455,98943.0000
1779273076084050643,2026-05-20 16:01:16.082,0.000620,0.081375,151.915710,-0.036576,-0.005961,0.971756,-0.230588,-0.123695,9.662507,-0.009494,-0.065679,0.354592,-0.505711,0.070365,-0.862362,98941.0000
1779273076183976254,2026-05-20 16:01:16.182,0.043790,0.563337,149.954376,-0.014708,-0.012404,0.974275,0.216631,-0.169495,9.838708,-0.003875,-0.100447,0.332585,-0.505503,0.086895,-0.857365,98936.0000
1779273076283919291,2026-05-20 16:01:16.282,0.043708,1.020366,148.066315,0.014029,-0.015249,0.978858,0.284857,-0.293740,9.747350,0.007564,-0.069939,0.330427,-0.505048,0.103047,-0.855065,98943.0000
1779273076383710421,2026-05-20 16:01:16.382,0.010911,1.236232,146.220108,0.032412,-0.010805,0.982928,0.582635,-0.193930,9.910332,0.013838,-0.015433,0.327347,-0.501637,0.117099,-0.853989,98939.0000
1779273076484001995,2026-05-20 16:01:16.482,-0.030417,1.140158,144.372467,0.033356,-0.006869,0.982970,0.209644,-0.117595,9.831702,0.009964,0.032242,0.323759,-0.496477,0.131090,-0.855356,98936.0000
1779273076583787087,2026-05-20 16:01:16.582,-0.039843,0.866461,142.512985,0.019709,-0.002787,0.982596,0.051759,0.198245,9.741175,0.006124,0.047007,0.324420,-0.491318,0.143900,-0.856394,98941.0000
1779273076683590884,2026-05-20 16:01:16.682,-0.003831,0.562971,140.670639,0.003367,-0.002460,0.979552,-0.121395,-0.048661,9.750949,-0.005045,0.041027,0.316632,-0.485260,0.159664,-0.858426,98938.0000
1779273076783589587,2026-05-20 16:01:16.782,0.066518,0.376166,138.846024,-0.009763,-0.007607,0.975507,-0.050477,-0.163988,9.655374,-0.006939,0.010101,0.314632,-0.477707,0.175140,-0.860489,98938.0000
1779273076884095920,2026-05-20 16:01:16.882,0.119301,0.427156,137.038788,-0.013796,-0.014691,0.973351,-0.102786,-0.167288,9.817824,0.006550,-0.026494,0.317193,-0.472496,0.189212,-0.859160,98940.0000
1779273076983975976,2026-05-20 16:01:16.982,0.118944,0.671807,135.262741,-0.006231,-0.013213,0.972918,0.185545,0.027211,9.702538,0.007129,-0.058134,0.302836,-0.466410,0.201486,-0.858410,98947.0000
1779273077083645457,2026-05-20 16:01:17.082,0.058322,1.009438,133.527573,0.007239,-0.012986,0.975198,0.087773,-0.204163,9.676981,0.018163,-0.060366,0.299828,-0.462375,0.214405,-0.855523,98945.0000
1779273077183908013,2026-05-20 16:01:17.182,-0.031995,1.298445,131.825760,0.020055,-0.006919,0.978865,0.294856,0.289403,9.753485,0.021057,-0.046485,0.295741,-0.456013,0.224877,-0.855336,98945.0000
1779273077283846550,2026-05-20 16:01:17.282,-0.102917,1.442531,130.142212,0.030799,-0.000331,0.982575,0.234393,-0.037431,9.637194,0.012262,-0.004334,0.287131,-0.451401,0.235411,-0.852707,98936.0000
1779273077383678124,2026-05-20 16:01:17.382,-0.116997,1.405161,128.470276,0.032506,-0.001484,0.983545,0.287372,-0.213089,9.643845,0.006870,0.027016,0.289627,-0.443866,0.248208,-0.854706,98940.0000
1779273077484977309,2026-05-20 16:01:17.483,-0.070889,1.229029,126.819962,0.025292,0.001128,0.983355,-0.130782,0.168709,9.874960,-0.004022,0.039723,0.289806,-0.434849,0.258048,-0.856371,98942.0000
1779273077584123068,2026-05-20 16:01:17.582,0.003149,1.029431,125.192345,0.016515,-0.003029,0.981351,0.188619,-0.252476,9.963005,-0.000675,0.029843,0.290528,-0.425527,0.269666,-0.858386,98930.0000
1779273077683978513,2026-05-20 16:01:17.682,0.063427,0.876958,123.586197,0.007344,-0.004907,0.978765,0.308926,-0.189144,9.905638,0.000143,0.017209,0.276741,-0.418561,0.281034,-0.858236,98943.0000
1779273077783541290,2026-05-20 16:01:17.782,0.088289,0.841557,122.017776,0.000551,-0.007122,0.975910,0.105500,-0.032746,9.878839,0.004429,-0.005575,0.272690,-0.406236,0.291805,-0.859408,98939.0000
1779273077884888605,2026-05-20 16:01:17.883,0.074207,0.934824,120.487694,0.000505,-0.006631,0.973134,0.037715,0.156941,9.786186,0.008694,-0.033363,0.263096,-0.401665,0.301094,-0.858547,98947.0000
1779273077984006957,2026-05-20 16:01:17.982,0.051873,1.091831,118.975555,0.009414,-0.006801,0.974216,0.199244,0.219177,9.781165,-0.003036,-0.037776,0.268124,-0.393804,0.308636,-0.857129,98938.0000
1779273078083907920,2026-05-20 16:01:18.082,0.038425,1.238154,117.445747,0.018829,-0.007130,0.977241,0.039610,-0.140873,9.673628,-0.000025,-0.026052,0.280475,-0.384158,0.317351,-0.856683,98939.0000
1779273078183527160,2026-05-20 16:01:18.182,0.044346,1.314180,115.895241,0.025454,-0.006826,0.979119,0.105443,-0.464510,9.620648,0.005187,-0.011064,0.279626,-0.377487,0.327546,-0.855898,98936.0000
1779273078284120123,2026-05-20 16:01:18.282,0.066666,1.304682,114.356010,0.026545,-0.003624,0.981572,0.201916,-0.047560,9.834416,-0.004460,0.013286,0.267260,-0.367270,0.335337,-0.856645,98938.0000
1779273078383974031,2026-05-20 16:01:18.382,0.095855,1.223691,112.907745,0.026155,-0.002945,0.983155,0.565912,-0.185064,9.843157,0.007322,0.018581,0.241185,-0.358831,0.345795,-0.857411,98938.0000
1779273078483798531,2026-05-20 16:01:18.482,0.111763,1.083222,111.598427,0.020163,-0.001644,0.979771,0.338691,0.057641,9.929494,0.002205,0.029866,0.215438,-0.349862,0.351730,-0.860180,98938.0000
1779273078583643956,2026-05-20 16:01:18.582,0.109781,0.935249,110.419579,0.014349,-0.002948,0.978921,0.200591,0.032185,9.825686,0.007703,0.021790,0.201233,-0.341437,0.358337,-0.860253,98949.0000
1779273078684178345,2026-05-20 16:01:18.682,0.094382,0.788096,109.347031,0.009977,-0.003787,0.977916,0.111659,-0.000307,9.739551,-0.000701,0.019711,0.181048,-0.333338,0.361661,-0.860539,98943.0000
1779273078783800327,2026-05-20 16:01:18.782,0.073168,0.684457,108.351646,0.007087,-0.005510,0.978691,0.105043,-0.027011,9.677693,0.006706,0.006154,0.170304,-0.327597,0.368558,-0.860251,98936.0000
1779273078883672141,2026-05-20 16:01:18.882,0.066840,0.769613,107.470596,0.003042,-0.003060,0.976215,0.119419,-0.057059,9.748882,0.001501,-0.037594,0.145320,-0.320144,0.371508,-0.862910,98943.0000
1779273078985117234,2026-05-20 16:01:18.983,0.075282,1.040833,106.710411,0.011674,-0.003111,0.975128,0.229306,-0.214051,9.735303,0.000741,-0.057363,0.123852,-0.318540,0.375223,-0.858541,98943.0000
1779273079083993956,2026-05-20 16:01:19.082,0.071938,1.436456,106.125923,0.027619,0.002099,0.972573,0.591116,0.124986,9.770834,0.005690,-0.098344,0.078446,-0.315542,0.379669,-0.859924,98945.0000
1779273079183856549,2026-05-20 16:01:19.182,0.059672,2.286369,105.865211,0.050584,0.004638,0.965470,0.564033,0.001175,9.731687,0.000236,-0.198652,0.007167,-0.317860,0.378302,-0.855333,98943.0000
1779273079283809252,2026-05-20 16:01:19.282,0.002044,3.357640,105.942902,0.105341,0.000689,0.974595,0.869141,0.092797,9.538893,0.015183,-0.186807,-0.036115,-0.325238,0.379302,-0.850071,98938.0000
1779273079383963493,2026-05-20 16:01:19.382,-0.089495,4.169938,106.144928,0.152526,-0.003332,0.979810,1.621163,-0.299297,9.750793,0.015837,-0.127686,-0.023427,-0.330908,0.377228,-0.848378,98942.0000
1779273079483802919,2026-05-20 16:01:19.482,-0.184562,4.782540,106.103310,0.180073,-0.002959,0.977238,2.998042,0.402022,10.096050,0.015430,-0.086241,0.060857,-0.333801,0.378544,-0.843537,98946.0000
1779273079583653937,2026-05-20 16:01:19.582,-0.239947,4.989027,105.705971,0.196779,0.005197,0.977284,2.665979,0.184641,9.747138,0.013603,0.004466,0.094618,-0.331726,0.379116,-0.844803,98938.0000
1779273079685079067,2026-05-20 16:01:19.683,-0.230343,4.667157,105.091949,0.190550,0.012684,0.970337,1.614938,0.046020,9.192947,0.002811,0.090046,0.124536,-0.325152,0.383855,-0.847184,98944.0000
1779273079784174845,2026-05-20 16:01:19.782,-0.151437,3.934667,104.410942,0.164944,0.018429,0.967142,1.674871,0.252211,9.819082,-0.012764,0.142200,0.119837,-0.320058,0.386844,-0.847985,98938.0000
1779273079883750215,2026-05-20 16:01:19.882,-0.063306,3.179300,103.714722,0.116517,0.010328,0.964519,0.266395,-0.290833,9.664396,-0.002841,0.110684,0.123599,-0.308140,0.389786,-0.851958,98941.0000
1779273079983625233,2026-05-20 16:01:19.982,-0.026290,2.789280,103.031052,0.082463,0.008639,0.967017,0.513809,0.230646,9.681008,0.008741,0.025103,0.122038,-0.301303,0.390640,-0.854851,98938.0000
1779273080083683659,2026-05-20 16:01:20.082,-0.070885,2.892884,102.396011,0.075690,0.005854,0.972110,1.505365,0.017472,9.990337,0.022670,-0.048319,0.108536,-0.297412,0.393612,-0.855921,98943.0000
1779273080183999307,2026-05-20 16:01:20.182,-0.160100,3.384571,101.825722,0.086600,0.010941,0.975269,0.758806,0.022380,9.822154,0.017826,-0.102658,0.093540,-0.296143,0.397858,-0.853656,98947.0000
1779273080283855289,2026-05-20 16:01:20.282,-0.210851,3.954506,101.320122,0.113376,0.014382,0.978824,0.417216,0.224312,9.426017,0.015959,-0.071507,0.082162,-0.296666,0.398269,-0.849754,98937.0000
1779273080383683122,2026-05-20 16:01:20.382,-0.182496,4.176136,100.860420,0.126243,0.015958,0.981497,1.165799,0.070689,9.865969,-0.004663,0.007241,0.077589,-0.294567,0.399761,-0.850143,98943.0000
1779273080484243215,2026-05-20 16:01:20.483,-0.086069,3.899750,100.439110,0.120096,0.013320,0.977930,1.114310,0.095607,9.728565,-0.021346,0.074778,0.070281,-0.289146,0.404565,-0.850096,98949.0000
1779273080583739344,2026-05-20 16:01:20.582,0.025998,3.269987,100.032951,0.094072,0.007013,0.974553,0.762078,0.319338,9.696864,-0.010931,0.125538,0.068912,-0.282030,0.404212,-0.853568,98943.0000
1779273080683610400,2026-05-20 16:01:20.682,0.093807,2.581815,99.697510,0.060225,0.002909,0.973205,0.425030,-0.244303,9.811157,-0.004519,0.115335,0.055544,-0.275722,0.407235,-0.853501,98947.0000
1779273080784959085,2026-05-20 16:01:20.783,0.094214,2.109269,99.445694,0.026317,0.000427,0.972320,0.488547,0.030060,9.926253,0.008747,0.055720,0.038157,-0.271283,0.407480,-0.856319,98939.0000
1779273080884147492,2026-05-20 16:01:20.882,0.033472,1.950593,99.237038,0.016627,-0.001138,0.977947,0.119679,-0.116292,9.700841,0.009285,-0.000628,0.037916,-0.268918,0.407449,-0.857878,98948.0000
1779273080983962622,2026-05-20 16:01:20.982,-0.040403,2.065250,99.032051,0.020813,-0.002938,0.982916,0.013468,-0.506849,9.808270,0.019485,-0.033729,0.041568,-0.267738,0.408313,-0.859128,98938.0000
1779273081083724696,2026-05-20 16:01:21.082,-0.107189,2.343452,98.816887,0.028477,0.003520,0.982468,0.565040,0.229811,9.889687,0.016183,-0.042178,0.039058,-0.268338,0.408896,-0.859427,98944.0000
1779273081184105085,2026-05-20 16:01:21.182,-0.146030,2.651983,98.607964,0.040985,0.006807,0.979361,0.861252,0.091873,9.933105,0.007818,-0.043207,0.037712,-0.268279,0.410167,-0.856759,98945.0000
1779273081283934714,2026-05-20 16:01:21.282,-0.131448,2.795925,98.415192,0.057240,0.010136,0.975318,0.583854,-0.042127,9.652490,-0.002322,-0.004748,0.037159,-0.267397,0.410443,-0.857688,98940.0000
1779273081383808455,2026-05-20 16:01:21.382,-0.061344,2.714034,98.211121,0.057165,0.011753,0.974996,0.561579,-0.168682,9.752548,-0.010249,0.037926,0.041729,-0.265570,0.411978,-0.856572,98945.0000
1779273081483605010,2026-05-20 16:01:21.482,0.024272,2.437072,98.007576,0.049543,0.008932,0.976273,0.345338,-0.011728,9.747261,-0.015442,0.055708,0.034811,-0.261685,0.413761,-0.857613,98938.0000
1779273081584178695,2026-05-20 16:01:21.582,0.072170,2.105131,97.776199,0.034055,-0.001513,0.978350,-0.012668,0.237203,9.748761,0.000676,0.052487,0.045077,-0.258410,0.413168,-0.858282,98943.0000
1779273081683984325,2026-05-20 16:01:21.682,0.052981,1.872162,97.536545,0.015321,-0.008167,0.981905,0.054368,0.003335,9.752906,0.015476,0.020863,0.044552,-0.255131,0.416408,-0.860243,98945.0000
1779273081783621455,2026-05-20 16:01:21.782,-0.022770,1.829625,97.349480,0.008073,-0.005424,0.983589,-0.225131,0.561188,9.461655,0.013920,-0.011795,0.029442,-0.252153,0.413459,-0.859948,98942.0000
1779273081884940417,2026-05-20 16:01:21.883,-0.090708,2.012127,97.250648,0.010148,0.001392,0.980423,-0.121435,0.077007,9.640430,0.009821,-0.045631,0.011218,-0.252725,0.415854,-0.859391,98941.0000
1779273081984029343,2026-05-20 16:01:21.982,-0.113002,2.313295,97.263107,0.019588,0.005012,0.975304,0.285495,-0.024038,9.701313,-0.004090,-0.057000,-0.010472,-0.255105,0.415271,-0.858417,98940.0000
1779273082083943473,2026-05-20 16:01:22.082,-0.079003,2.605208,97.353157,0.037037,0.006698,0.970760,0.425104,0.335091,9.814631,-0.005811,-0.039980,-0.017714,-0.258072,0.415586,-0.857149,98942.0000
1779273082183553565,2026-05-20 16:01:22.182,-0.011034,2.771834,97.443954,0.050752,0.002486,0.969182,0.444694,-0.070920,9.764679,-0.006360,-0.009304,-0.007967,-0.258953,0.416492,-0.856549,98949.0000
1779273082284131899,2026-05-20 16:01:22.282,0.035622,2.735129,97.496529,0.053079,-0.004724,0.974314,0.444408,-0.282567,10.008780,0.002332,0.025916,0.003942,-0.257414,0.415391,-0.853862,98940.0000
1779273082383931547,2026-05-20 16:01:22.382,0.008272,2.545497,97.518089,0.043319,-0.010981,0.984104,0.295105,-0.286117,9.870349,0.011109,0.038347,0.001072,-0.257177,0.414410,-0.856844,98947.0000
1779273082483880528,2026-05-20 16:01:22.482,-0.082619,2.344362,97.552727,0.031591,-0.011270,0.987652,0.217826,-0.226284,9.960319,0.019730,0.029007,-0.005561,-0.256918,0.414349,-0.858948,98938.0000
1779273082583727713,2026-05-20 16:01:22.582,-0.182922,2.236434,97.645790,0.021803,-0.003762,0.987354,0.358595,-0.055270,9.838049,0.012045,0.004933,-0.019821,-0.258432,0.414016,-0.859801,98942.0000
1779273082684163565,2026-05-20 16:01:22.682,-0.225686,2.295501,97.800240,0.017163,0.000189,0.979971,0.239329,0.085291,9.708335,-0.002003,-0.026422,-0.030743,-0.258101,0.414658,-0.858326,98944.0000
1779273082783776269,2026-05-20 16:01:22.782,-0.181089,2.522394,98.012169,0.020168,0.006905,0.970561,0.434823,-0.079765,9.785124,-0.015055,-0.039930,-0.038422,-0.261097,0.413160,-0.857914,98947.0000
1779273082883617639,2026-05-20 16:01:22.882,-0.064254,2.786393,98.283623,0.033398,0.004294,0.965550,0.338448,-0.328078,9.571604,-0.024158,-0.052345,-0.042834,-0.264659,0.412299,-0.856003,98938.0000
1779273082983489232,2026-05-20 16:01:22.982,0.068957,2.986870,98.570435,0.050143,-0.006394,0.968307,0.581847,-0.281495,9.653452,-0.016920,-0.021935,-0.046253,-0.267308,0.413825,-0.854173,98941.0000
1779273083083894380,2026-05-20 16:01:23.082,0.131459,3.023559,98.802681,0.057584,-0.015762,0.976144,0.507861,-0.345479,9.806853,0.006550,0.024837,-0.030167,-0.270591,0.412344,-0.853154,98947.0000
1779273083183853565,2026-05-20 16:01:23.182,0.087187,2.868771,98.957481,0.051670,-0.019740,0.984926,0.400513,-0.090330,9.778271,0.018554,0.039820,-0.012608,-0.268516,0.411148,-0.853778,98939.0000
1779273083283714935,2026-05-20 16:01:23.282,-0.058556,2.597093,99.048645,0.042886,-0.017266,0.990655,0.169403,-0.194345,9.863526,0.032981,0.046443,-0.007474,-0.267045,0.410824,-0.855007,98940.0000
1779273083384302842,2026-05-20 16:01:23.383,-0.228778,2.332138,99.112663,0.030108,-0.007443,0.988901,0.221607,-0.356744,9.753052,0.025290,0.036233,-0.006404,-0.267399,0.409262,-0.857360,98939.0000
1779273083484060731,2026-05-20 16:01:23.482,-0.343982,2.190004,99.191368,0.018455,0.005889,0.980708,0.157727,0.596692,9.748631,0.013066,0.016071,-0.020252,-0.267454,0.407702,-0.859720,98936.0000
1779273083583920750,2026-05-20 16:01:23.582,-0.339602,2.241060,99.349258,0.013243,0.009046,0.970008,0.075893,0.081256,9.514276,-0.010882,-0.023501,-0.032036,-0.268387,0.407345,-0.861488,98938.0000
1779273083683989472,2026-05-20 16:01:23.682,-0.230126,2.485245,99.589142,0.015787,0.005529,0.965648,-0.055441,-0.061955,9.534142,-0.025580,-0.055958,-0.045428,-0.270717,0.407727,-0.858138,98937.0000
1779273083784057176,2026-05-20 16:01:23.782,-0.091810,2.798974,99.888840,0.037579,-0.002489,0.969305,0.420104,-0.197290,9.602919,-0.024359,-0.054755,-0.041731,-0.275428,0.407228,-0.853808,98950.0000
1779273083883934509,2026-05-20 16:01:23.882,0.021310,3.081751,100.197517,0.049825,-0.011226,0.974214,0.832731,0.003583,9.850528,-0.016579,-0.031245,-0.048611,-0.280516,0.407783,-0.853992,98945.0000
1779273083983753750,2026-05-20 16:01:23.982,0.049896,3.166546,100.472542,0.055672,-0.015317,0.979723,0.494499,0.145560,9.892056,-0.002756,-0.002807,-0.038674,-0.280189,0.406063,-0.851859,98945.0000
1779273084083704972,2026-05-20 16:01:24.082,-0.009629,3.040997,100.669998,0.059967,-0.017301,0.987104,0.485285,-0.093235,9.986232,0.009828,0.029685,-0.031953,-0.281730,0.404214,-0.853575,98947.0000
1779273084184042768,2026-05-20 16:01:24.182,-0.118654,2.793074,100.778152,0.049112,-0.012455,0.987540,0.511553,-0.105051,9.838969,0.014459,0.049895,-0.009891,-0.280558,0.403888,-0.854797,98939.0000
1779273084283381360,2026-05-20 16:01:24.282,-0.224809,2.503645,100.846115,0.036056,-0.003967,0.986349,0.442068,-0.301349,9.717490,0.015155,0.046321,-0.013837,-0.280300,0.403529,-0.856894,98943.0000
1779273084383598138,2026-05-20 16:01:24.382,-0.276363,2.288075,100.910088,0.024762,0.001745,0.979855,0.121197,0.043302,9.548831,-0.001607,0.025004,-0.017719,-0.280020,0.402322,-0.857472,98940.0000
1779273084484127360,2026-05-20 16:01:24.482,-0.268984,2.238045,100.984283,0.017535,0.002765,0.971379,0.424701,0.510294,9.800965,-0.002117,-0.008415,-0.015456,-0.280048,0.403161,-0.859291,98940.0000
1779273084584024694,2026-05-20 16:01:24.582,-0.220250,2.340926,101.094200,0.018896,0.000338,0.967282,0.243669,0.016457,9.538284,-0.013065,-0.038332,-0.023058,-0.280920,0.402019,-0.857442,98940.0000
1779273084683747619,2026-05-20 16:01:24.682,-0.159091,2.556695,101.243835,0.026391,-0.004003,0.969000,0.399657,-0.070521,9.754595,-0.006955,-0.041152,-0.029351,-0.284502,0.401420,-0.856737,98938.0000
1779273084783801138,2026-05-20 16:01:24.782,-0.126279,2.798809,101.425125,0.031954,-0.006900,0.972409,-0.018794,-0.204469,9.552770,-0.006939,-0.039118,-0.028071,-0.286277,0.400263,-0.855164,98933.0000
1779273084883949805,2026-05-20 16:01:24.882,-0.126122,2.998690,101.610039,0.041412,-0.009605,0.979930,0.612955,-0.242645,9.827291,0.001224,-0.034555,-0.023210,-0.287760,0.400570,-0.854534,98934.0000
1779273084983778823,2026-05-20 16:01:24.982,-0.155524,3.094491,101.779518,0.052311,-0.008230,0.985295,0.605231,-0.229182,9.909149,0.009751,-0.003271,-0.023568,-0.290127,0.400302,-0.852968,98940.0000
1779273085083722138,2026-05-20 16:01:25.082,-0.186043,3.092259,101.917488,0.051589,-0.006694,0.986554,0.453488,-0.133871,9.819787,0.011248,0.016008,-0.011374,-0.290435,0.399696,-0.853245,98945.0000
1779273085184076656,2026-05-20 16:01:25.182,-0.218313,2.956962,102.036331,0.047553,-0.004377,0.981278,0.424716,0.046827,9.692951,0.005934,0.020322,-0.018772,-0.289572,0.398764,-0.854744,98947.0000
1779273085283959971,2026-05-20 16:01:25.282,-0.241414,2.761367,102.151878,0.042444,-0.003611,0.979768,0.369101,0.339455,9.756654,0.005194,0.029694,-0.019080,-0.291075,0.398448,-0.854999,98941.0000
1779273085383754897,2026-05-20 16:01:25.382,-0.247141,2.607124,102.260376,0.037798,-0.002484,0.976334,0.373654,0.286472,9.713194,0.003723,0.027720,-0.018942,-0.291690,0.399302,-0.856203,98947.0000
1779273085485007841,2026-05-20 16:01:25.483,-0.235312,2.515829,102.368095,0.026998,-0.001631,0.972839,0.460083,0.510656,9.891237,-0.007636,0.004778,-0.024932,-0.291397,0.398411,-0.856189,98947.0000
1779273085584181323,2026-05-20 16:01:25.582,-0.216435,2.501451,102.471245,0.027712,-0.003798,0.974702,0.254560,0.407342,9.721592,-0.006024,-0.007682,-0.014873,-0.291420,0.395724,-0.856424,98936.0000
1779273085684057230,2026-05-20 16:01:25.682,-0.198834,2.580529,102.568535,0.030195,-0.003973,0.976554,0.393564,0.401776,9.773835,-0.004590,-0.015601,-0.017412,-0.292284,0.396656,-0.854925,98940.0000
1779273085783631934,2026-05-20 16:01:25.782,-0.190172,2.688198,102.685371,0.030188,-0.004742,0.977317,0.427416,0.048661,9.969469,-0.005801,-0.019082,-0.024689,-0.293473,0.396955,-0.854602,98947.0000
1779273085883470267,2026-05-20 16:01:25.882,-0.193861,2.779682,102.809853,0.036037,-0.005463,0.979516,0.363573,0.034140,9.741311,-0.001404,-0.013863,-0.023643,-0.293757,0.395799,-0.853367,98940.0000
1779273085984061841,2026-05-20 16:01:25.982,-0.203648,2.851639,102.923714,0.042242,-0.007272,0.979648,0.388317,-0.312591,9.850763,-0.003089,-0.009544,-0.014241,-0.296455,0.395773,-0.853598,98948.0000
1779273086083947748,2026-05-20 16:01:26.082,-0.215102,2.872287,103.019226,0.043662,-0.004656,0.978460,0.389200,-0.186600,9.904486,0.004860,0.000705,-0.005820,-0.296145,0.394909,-0.852686,98936.0000
1779273086183860026,2026-05-20 16:01:26.182,-0.214126,2.837930,103.126480,0.042735,-0.003804,0.976983,0.425418,0.055725,9.909597,0.002941,0.004610,-0.012798,-0.296436,0.396098,-0.852706,98946.0000
1779273086284089026,2026-05-20 16:01:26.282,-0.208078,2.786168,103.245583,0.041582,-0.005189,0.977396,0.414601,-0.193588,9.919593,0.003550,0.014959,-0.016584,-0.297075,0.394264,-0.854146,98940.0000
1779273086383960674,2026-05-20 16:01:26.382,-0.208227,2.732857,103.356422,0.035398,-0.004360,0.977805,0.465644,0.167383,9.873223,0.002995,0.002010,-0.018841,-0.298265,0.395149,-0.854137,98940.0000
1779273086483770896,2026-05-20 16:01:26.482,-0.219126,2.706285,103.470451,0.032864,-0.007553,0.977535,0.430362,-0.419430,9.708245,0.001657,-0.002041,-0.022158,-0.298875,0.395127,-0.854720,98937.0000
1779273086585072729,2026-05-20 16:01:26.583,-0.249294,2.719043,103.580765,0.037330,-0.006458,0.979652,-0.171142,-0.568134,9.491884,0.009933,0.002113,-0.016331,-0.299489,0.394510,-0.855290,98943.0000
1779273086684203081,2026-05-20 16:01:26.682,-0.277575,2.758854,103.673073,0.036653,-0.002617,0.977892,0.630233,-0.040746,9.836104,0.003439,-0.005820,-0.008115,-0.300678,0.392158,-0.854004,98945.0000
1779273086783812026,2026-05-20 16:01:26.782,-0.288392,2.777184,103.768021,0.038664,-0.000160,0.977909,0.281834,-0.145112,9.597323,0.003071,-0.000511,-0.018641,-0.299442,0.393996,-0.852580,98940.0000
1779273086883718155,2026-05-20 16:01:26.882,-0.272796,2.786105,103.880524,0.038143,-0.000102,0.979420,0.492726,0.235345,9.673498,-0.006965,0.000200,-0.023796,-0.300959,0.392481,-0.853104,98940.0000
1779273086983502211,2026-05-20 16:01:26.982,-0.237600,2.776834,103.987617,0.038083,-0.004540,0.977701,0.444702,-0.153338,9.706474,-0.008782,-0.000071,-0.014382,-0.302774,0.391848,-0.853943,98940.0000
1779273087083980285,2026-05-20 16:01:27.082,-0.203283,2.750869,104.096962,0.036357,-0.005571,0.978199,0.495110,-0.191694,9.839824,-0.010011,0.002194,-0.016056,-0.303382,0.391240,-0.854213,98947.0000
1779273087183948859,2026-05-20 16:01:27.182,-0.185934,2.738593,104.213669,0.034647,-0.006667,0.976697,0.511208,-0.110820,9.819249,-0.000517,-0.009084,-0.016664,-0.302767,0.391271,-0.853330,98947.0000
1779273087283855877,2026-05-20 16:01:27.282,-0.193318,2.769541,104.323631,0.038391,-0.007713,0.975768,0.101050,-0.226238,9.569779,0.002420,-0.002163,-0.018853,-0.303663,0.391563,-0.853314,98941.0000
1779273087384335562,2026-05-20 16:01:27.383,-0.217180,2.833059,104.422134,0.036449,-0.005865,0.976963,0.193075,0.314253,9.843568,0.006218,-0.003741,-0.015488,-0.303980,0.392120,-0.854519,98932.0000
1779273087484172007,2026-05-20 16:01:27.482,-0.251696,2.889731,104.510368,0.038161,-0.004337,0.976998,0.627079,0.081682,9.799880,-0.000106,-0.016631,-0.013181,-0.305486,0.389739,-0.854123,98938.0000
1779273087583741118,2026-05-20 16:01:27.582,-0.283831,2.930139,104.572975,0.042063,-0.006463,0.979756,0.225713,0.137053,9.767315,0.010258,-0.011052,-0.003657,-0.306036,0.390403,-0.851726,98943.0000
1779273087683541025,2026-05-20 16:01:27.682,-0.291648,2.959982,104.617477,0.046742,-0.001398,0.980478,0.253622,0.153102,9.668795,0.000849,0.005951,-0.003321,-0.306693,0.388244,-0.854057,98945.0000
1779273087784247858,2026-05-20 16:01:27.782,-0.277233,2.905997,104.666451,0.042205,0.001024,0.977380,0.782432,-0.198668,9.912649,-0.004087,0.014982,-0.014792,-0.306369,0.389463,-0.853195,98940.0000
1779273087884053951,2026-05-20 16:01:27.882,-0.251930,2.795882,104.725929,0.039102,-0.003430,0.977061,0.643807,-0.180667,9.906983,-0.002670,0.012847,-0.001164,-0.307287,0.388835,-0.854056,98936.0000
1779273087983905895,2026-05-20 16:01:27.982,-0.219143,2.762665,104.775101,0.037380,-0.003511,0.978246,0.113099,-0.024749,9.691440,-0.007690,0.005986,-0.006685,-0.306096,0.390602,-0.855028,98942.0000
1779273088083746247,2026-05-20 16:01:28.082,-0.212449,2.751912,104.826805,0.033940,-0.004901,0.976796,0.616889,-0.231740,9.735330,0.000818,-0.001827,-0.008840,-0.305462,0.389189,-0.852611,98940.0000
1779273088183991321,2026-05-20 16:01:28.182,-0.225241,2.747454,104.879326,0.034226,-0.006659,0.977360,0.389633,-0.316855,9.789477,0.004318,-0.004277,-0.001670,-0.306655,0.389777,-0.852595,98947.0000
1779273088283926210,2026-05-20 16:01:28.282,-0.241604,2.766100,104.931030,0.040025,-0.004129,0.978947,0.014516,0.035543,9.500989,0.006553,-0.004122,-0.005620,-0.308463,0.388567,-0.852820,98945.0000
1779273088383769117,2026-05-20 16:01:28.382,-0.256021,2.810942,104.969231,0.038769,-0.002428,0.978999,0.892680,-0.220726,9.878805,-0.003842,0.003791,-0.013313,-0.307282,0.387961,-0.853435,98942.0000
1779273088484343728,2026-05-20 16:01:28.483,-0.268602,2.791369,105.016541,0.033902,-0.002962,0.976586,0.279059,-0.162822,9.750184,0.005071,-0.004377,-0.002715,-0.308194,0.389109,-0.854639,98942.0000
1779273088584133247,2026-05-20 16:01:28.582,-0.268380,2.766198,105.065918,0.043043,-0.001520,0.979387,0.385709,0.144799,9.827674,0.002586,-0.005852,-0.009478,-0.308467,0.388855,-0.853126,98945.0000
1779273088684022636,2026-05-20 16:01:28.682,-0.253564,2.789601,105.103729,0.042469,-0.001613,0.978413,0.433128,-0.051628,9.880316,-0.008936,0.003276,-0.013845,-0.306412,0.387921,-0.854956,98942.0000
1779273088785048043,2026-05-20 16:01:28.783,-0.240056,2.779526,105.149300,0.034507,-0.004202,0.975670,0.060391,0.205884,9.764825,0.001687,0.000082,-0.003020,-0.307280,0.388258,-0.853442,98941.0000
1779273088884177432,2026-05-20 16:01:28.882,-0.232519,2.724965,105.207176,0.038534,-0.003145,0.977719,0.039869,0.161812,9.620990,0.000987,0.003606,-0.007948,-0.307899,0.387632,-0.854311,98933.0000
1779273088984011043,2026-05-20 16:01:28.982,-0.228351,2.715338,105.252151,0.039194,-0.002689,0.979688,0.333165,0.133965,9.847634,0.000950,0.003999,-0.013961,-0.309098,0.387328,-0.854273,98943.0000
1779273089083783543,2026-05-20 16:01:29.082,-0.228053,2.721032,105.314423,0.030747,-0.006158,0.976401,0.149403,-0.363689,10.027193,0.005995,-0.004427,-0.002174,-0.308772,0.387961,-0.853097,98951.0000
1779273089184086672,2026-05-20 16:01:29.182,-0.228260,2.756318,105.390434,0.032965,-0.001313,0.976541,0.015922,0.139569,9.731489,-0.000660,-0.018092,-0.009113,-0.310909,0.387290,-0.855126,98943.0000
1779273089283956339,2026-05-20 16:01:29.282,-0.223777,2.821002,105.461693,0.044888,-0.004373,0.980033,0.589583,-0.303960,9.991588,-0.000034,-0.002849,-0.014839,-0.311781,0.386147,-0.853277,98951.0000
1779273089383856098,2026-05-20 16:01:29.382,-0.220698,2.876758,105.526550,0.040300,-0.006296,0.977699,0.596507,-0.105092,10.001877,0.000097,-0.003019,-0.006117,-0.310539,0.386227,-0.850911,98940.0000
1779273089485187191,2026-05-20 16:01:29.483,-0.228094,2.868933,105.582634,0.042831,-0.004348,0.976774,0.116624,-0.076520,9.542315,-0.000788,-0.003106,-0.011989,-0.310874,0.386757,-0.853015,98940.0000
1779273089584454542,2026-05-20 16:01:29.583,-0.237441,2.819259,105.627335,0.043457,-0.003789,0.978295,0.410424,-0.181195,9.684668,-0.001594,0.007293,-0.006661,-0.313296,0.384046,-0.853488,98943.0000
1779273089684081320,2026-05-20 16:01:29.682,-0.243090,2.763096,105.673477,0.038211,-0.002300,0.978732,0.858691,0.015053,9.816235,0.000865,0.017906,-0.007267,-0.311489,0.385843,-0.853577,98940.0000
1779273089783695487,2026-05-20 16:01:29.782,-0.246215,2.718198,105.714676,0.032279,-0.004688,0.978133,-0.141597,-0.258010,9.607723,0.004414,0.000677,0.001074,-0.310592,0.385848,-0.853600,98946.0000
1779273089884965857,2026-05-20 16:01:29.883,-0.239511,2.720650,105.740875,0.036197,-0.001909,0.978902,0.384884,0.037269,9.610564,-0.000918,-0.004711,-0.002205,-0.310302,0.386130,-0.854214,98943.0000
1779273089984103227,2026-05-20 16:01:29.982,-0.231036,2.742203,105.760796,0.037278,-0.001771,0.977945,0.591539,0.040747,9.874072,-0.003737,0.001826,-0.010131,-0.311476,0.387042,-0.853306,98940.0000
1779273090083964320,2026-05-20 16:01:30.082,-0.225855,2.787879,105.776924,0.032459,-0.004713,0.974982,0.572984,0.143804,9.985709,0.006445,-0.009029,0.001593,-0.311787,0.386138,-0.853577,98944.0000
1779273090183981450,2026-05-20 16:01:30.182,-0.222251,2.816857,105.802452,0.043314,-0.002179,0.978230,0.322267,0.224021,9.687103,0.002204,-0.002562,-0.004567,-0.312671,0.387332,-0.853283,98946.0000
1779273090283603116,2026-05-20 16:01:30.282,-0.215601,2.832889,105.815208,0.039576,-0.003897,0.977322,0.330984,-0.093894,9.852514,0.000467,-0.003767,0.007123,-0.312387,0.386721,-0.853875,98944.0000
1779273090384145116,2026-05-20 16:01:30.382,-0.215008,2.824687,105.818405,0.039432,-0.002395,0.977971,1.032642,0.158995,10.102362,0.002476,-0.005833,-0.000112,-0.312077,0.386741,-0.853284,98948.0000
1779273090483978264,2026-05-20 16:01:30.482,-0.213217,2.801788,105.835602,0.038571,-0.002710,0.977918,-0.159505,-0.241668,9.585754,-0.004115,-0.000333,0.001539,-0.312376,0.385855,-0.852955,98941.0000
1779273090583842727,2026-05-20 16:01:30.582,-0.218417,2.770164,105.872643,0.040072,-0.002913,0.980630,0.328220,-0.095923,9.816136,0.007113,0.013587,-0.010984,-0.312676,0.387323,-0.853582,98941.0000
1779273090684342283,2026-05-20 16:01:30.683,-0.223342,2.754496,105.922287,0.037252,-0.002714,0.977876,0.564026,-0.026046,9.814049,-0.002979,0.004666,-0.010880,-0.314203,0.386088,-0.854714,98940.0000
1779273090784004801,2026-05-20 16:01:30.782,-0.227952,2.746133,105.973198,0.034628,-0.005664,0.976280,0.602287,-0.169274,9.841932,0.008172,-0.009285,-0.003687,-0.312090,0.385541,-0.853555,98944.0000
1779273090883813245,2026-05-20 16:01:30.882,-0.229956,2.747609,106.019577,0.040060,-0.001428,0.978371,0.524190,-0.040811,9.779922,-0.002169,0.000170,-0.013063,-0.313298,0.384633,-0.853802,98942.0000
1779273090985089505,2026-05-20 16:01:30.983,-0.227786,2.747946,106.066978,0.037050,-0.003600,0.977266,-0.046329,-0.093122,9.637573,-0.001110,0.001960,-0.000640,-0.313589,0.384937,-0.853502,98941.0000
1779273091084145505,2026-05-20 16:01:31.082,-0.228703,2.752743,106.119499,0.038068,-0.002840,0.978911,0.968491,0.160533,9.868851,-0.002783,-0.005762,-0.009667,-0.313877,0.385837,-0.853216,98942.0000
1779273091184141967,2026-05-20 16:01:31.182,-0.224635,2.763869,106.157280,0.035795,-0.005657,0.977470,0.108172,-0.091333,9.715049,0.003374,-0.008260,0.002831,-0.314762,0.384380,-0.851959,98949.0000
1779273091283596338,2026-05-20 16:01:31.282,-0.221486,2.750873,106.171188,0.041037,-0.002488,0.979766,0.161253,0.166395,9.684194,-0.002289,0.003195,-0.002181,-0.312717,0.384609,-0.854716,98944.0000
1779273091384113504,2026-05-20 16:01:31.382,-0.218127,2.741734,106.178886,0.038010,-0.002710,0.977941,0.573176,-0.208845,10.005105,0.001250,0.005776,-0.006277,-0.313872,0.384079,-0.852275,98943.0000
1779273091484004504,2026-05-20 16:01:31.482,-0.207571,2.739714,106.200668,0.033825,-0.002437,0.975143,0.761919,0.020518,9.975077,0.002056,-0.008173,-0.000519,-0.314457,0.385274,-0.851988,98948.0000
1779273091583815671,2026-05-20 16:01:31.582,-0.188407,2.739349,106.245346,0.037076,-0.003042,0.977103,-0.337168,-0.316249,9.460700,-0.005372,0.000004,-0.004806,-0.313597,0.384631,-0.853795,98940.0000
1779273091685189708,2026-05-20 16:01:31.683,-0.175267,2.747457,106.282951,0.039120,-0.005261,0.978843,0.580532,0.079653,9.987712,0.005368,0.006351,-0.002269,-0.314472,0.386429,-0.853215,98939.0000
1779273091784363615,2026-05-20 16:01:31.783,-0.176417,2.744764,106.302780,0.036443,-0.004527,0.977033,0.831113,-0.186653,9.733789,-0.002053,0.000022,-0.003893,-0.315360,0.385260,-0.852265,98948.0000
1779273091883899282,2026-05-20 16:01:31.882,-0.202773,2.704278,106.312698,0.035100,-0.007062,0.977293,0.123528,-0.034145,9.685897,0.008103,-0.002598,0.002752,-0.314207,0.383725,-0.854057,98949.0000
1779273091983705874,2026-05-20 16:01:31.982,-0.235260,2.684330,106.328461,0.040829,-0.003006,0.979190,0.159741,-0.000130,9.638620,0.004408,0.003655,-0.007827,-0.313276,0.384669,-0.852604,98944.0000
1779273092085028374,2026-05-20 16:01:32.083,-0.261959,2.677011,106.332710,0.037122,-0.001241,0.979143,0.494548,-0.095564,9.915724,0.009778,0.011063,0.005054,-0.313304,0.384624,-0.854102,98942.0000
1779273092184415745,2026-05-20 16:01:32.182,-0.264570,2.657552,106.335434,0.033224,0.001273,0.977274,0.984293,0.180659,9.934105,-0.000203,-0.011696,-0.001431,-0.312999,0.383751,-0.853489,98940.0000
1779273092283801504,2026-05-20 16:01:32.282,-0.229687,2.626133,106.340935,0.037598,-0.001150,0.979129,0.335356,-0.310840,9.782082,-0.009232,0.000820,0.005970,-0.313027,0.384590,-0.855307,98941.0000
1779273092383704041,2026-05-20 16:01:32.382,-0.183875,2.619503,106.335785,0.036031,-0.001492,0.978584,0.342062,-0.094197,9.766809,0.000438,0.013435,0.004109,-0.315072,0.386127,-0.853193,98939.0000
1779273092484224559,2026-05-20 16:01:32.483,-0.147217,2.654228,106.323280,0.032867,-0.003155,0.976260,0.608242,-0.353188,9.844646,-0.008255,-0.006640,0.001934,-0.313565,0.385271,-0.852311,98936.0000
1779273092584083022,2026-05-20 16:01:32.582,-0.134194,2.690554,106.307938,0.032180,-0.006879,0.975909,0.227617,0.172127,9.587409,-0.001214,-0.023289,0.004198,-0.312355,0.385594,-0.851750,98945.0000
1779273092683894781,2026-05-20 16:01:32.682,-0.149556,2.703475,106.293602,0.044378,-0.004600,0.978947,-0.140372,0.271616,9.497758,0.006890,0.005944,0.004569,-0.313872,0.385846,-0.852917,98932.0000
1779273092783858355,2026-05-20 16:01:32.782,-0.177042,2.727046,106.284592,0.040959,-0.005699,0.978902,0.557026,-0.033913,10.044115,0.009845,0.002028,0.003146,-0.313586,0.385532,-0.853516,98943.0000
1779273092884411448,2026-05-20 16:01:32.883,-0.212902,2.720194,106.281990,0.036137,-0.001056,0.976322,0.979702,0.077171,9.940353,0.006829,-0.003302,0.000180,-0.313898,0.385215,-0.854101,98943.0000
1779273092983935503,2026-05-20 16:01:32.982,-0.229216,2.702223,106.289040,0.037251,-0.001852,0.977374,0.076687,-0.456944,9.638050,0.007859,0.001903,0.007474,-0.314188,0.385817,-0.853808,98945.0000
1779273093084173003,2026-05-20 16:01:33.082,-0.229952,2.679717,106.304291,0.039785,0.000573,0.979781,-0.039441,0.220537,9.662234,0.004406,0.003673,-0.004892,-0.312111,0.384919,-0.854439,98939.0000
1779273093185138688,2026-05-20 16:01:33.183,-0.220390,2.663723,106.328514,0.036526,-0.001860,0.978112,0.734389,-0.199112,9.895202,0.000211,0.004556,-0.005731,-0.313587,0.385235,-0.853509,98939.0000
1779273093284280763,2026-05-20 16:01:33.283,-0.212539,2.646794,106.350327,0.029478,-0.003709,0.975926,0.385468,0.030671,9.797757,-0.000521,-0.007633,0.002305,-0.312396,0.385233,-0.853839,98949.0000
1779273093384071837,2026-05-20 16:01:33.382,-0.212896,2.651953,106.365906,0.036086,-0.003190,0.978055,0.037572,0.084275,9.506170,0.003433,-0.004876,-0.006273,-0.312976,0.385554,-0.852932,98944.0000
1779273093483909559,2026-05-20 16:01:33.482,-0.214090,2.688580,106.365875,0.038266,-0.003723,0.979444,0.516441,-0.007870,9.903990,0.005432,-0.004033,0.005337,-0.314494,0.386393,-0.854414,98950.0000
1779273093584102299,2026-05-20 16:01:33.582,-0.212512,2.687202,106.379875,0.036273,-0.001023,0.977451,0.556972,0.176193,9.881901,0.001319,0.003554,-0.003098,-0.311508,0.386402,-0.854790,98939.0000
1779273093684329466,2026-05-20 16:01:33.683,-0.206535,2.663600,106.414597,0.036202,-0.002645,0.977464,0.061322,0.027873,9.702379,-0.001101,0.006138,-0.008594,-0.312398,0.385819,-0.854153,98939.0000
1779273093783949447,2026-05-20 16:01:33.782,-0.204947,2.659182,106.456520,0.035146,-0.003639,0.978656,0.303672,-0.312012,9.840224,0.005294,-0.000530,-0.003545,-0.312067,0.384694,-0.852035,98939.0000
1779273093883789392,2026-05-20 16:01:33.882,-0.206640,2.684645,106.497971,0.036174,-0.001738,0.979191,0.497874,0.166648,9.841452,0.002356,-0.001368,-0.010359,-0.313601,0.384919,-0.854101,98945.0000
1779273093984368892,2026-05-20 16:01:33.983,-0.194123,2.734071,106.536827,0.036818,-0.004056,0.977147,0.280427,-0.419538,9.760591,-0.002567,-0.009270,0.005581,-0.315977,0.384048,-0.852820,98943.0000
1779273094083875447,2026-05-20 16:01:34.082,-0.183507,2.748094,106.564163,0.042584,-0.001784,0.978374,0.430835,-0.099980,9.770586,0.001083,-0.000093,-0.000148,-0.314515,0.384003,-0.854656,98938.0000
1779273094183893521,2026-05-20 16:01:34.182,-0.173023,2.700016,106.601891,0.042412,-0.001210,0.977264,0.492806,0.022967,9.635790,-0.007139,0.006307,-0.007059,-0.314764,0.383198,-0.851631,98947.0000
1779273094284391410,2026-05-20 16:01:34.283,-0.168723,2.639326,106.657150,0.039035,-0.004976,0.976883,0.229951,-0.178143,9.711789,0.004056,0.009255,-0.008233,-0.313887,0.384349,-0.853180,98949.0000
1779273094384218003,2026-05-20 16:01:34.383,-0.171568,2.584528,106.712509,0.035713,-0.002940,0.978311,0.149079,0.046230,9.670235,0.000830,0.007572,-0.006841,-0.314498,0.384030,-0.853757,98943.0000
1779273094484083040,2026-05-20 16:01:34.482,-0.173893,2.560458,106.760704,0.036564,-0.003943,0.978813,0.281852,-0.378731,9.741364,0.000481,0.007542,-0.004535,-0.314502,0.383435,-0.853742,98944.0000
1779273094583918225,2026-05-20 16:01:34.582,-0.178034,2.565031,106.793098,0.031457,-0.002788,0.977772,0.507588,0.242689,9.853891,0.006604,-0.006260,-0.006866,-0.313618,0.384008,-0.854679,98939.0000
1779273094684149299,2026-05-20 16:01:34.682,-0.174434,2.561200,106.825691,0.034664,-0.001777,0.977996,0.052294,0.050654,9.607777,-0.006767,-0.011572,-0.005533,-0.315720,0.382805,-0.854596,98946.0000
1779273094784038947,2026-05-20 16:01:34.782,-0.164853,2.580656,106.859100,0.037953,-0.002822,0.979477,0.394526,0.011723,9.915241,0.008341,0.004613,0.003176,-0.314783,0.383758,-0.852843,98950.0000
1779273094883925836,2026-05-20 16:01:34.882,-0.152403,2.612821,106.896248,0.036375,-0.002879,0.976543,0.985277,0.299168,9.902808,-0.003508,-0.002484,-0.007638,-0.315405,0.383420,-0.854019,98952.0000
1779273094983740484,2026-05-20 16:01:34.982,-0.137099,2.623560,106.934784,0.034858,-0.006536,0.975863,-0.096700,-0.057971,9.726923,-0.001003,-0.015722,0.001428,-0.315682,0.384338,-0.853134,98939.0000
1779273095084028743,2026-05-20 16:01:35.082,-0.127180,2.623675,106.959915,0.041584,-0.003777,0.978111,0.286043,-0.039021,9.615233,-0.005699,-0.000703,0.005549,-0.315368,0.383186,-0.851915,98944.0000
1779273095184024021,2026-05-20 16:01:35.182,-0.121796,2.630831,106.959015,0.041448,-0.004814,0.978160,0.603684,-0.398968,9.907188,0.003950,0.020125,0.006985,-0.315387,0.382861,-0.852807,98934.0000
1779273095283863817,2026-05-20 16:01:35.282,-0.134860,2.628057,106.933693,0.029174,-0.002584,0.976090,0.557486,0.063454,9.854289,0.006809,-0.017560,0.006723,-0.317202,0.384879,-0.854609,98938.0000
1779273095384391965,2026-05-20 16:01:35.383,-0.161159,2.605161,106.907562,0.040710,-0.002892,0.981076,0.233123,-0.177318,9.543251,0.002281,0.003416,-0.003039,-0.315093,0.385505,-0.854077,98945.0000
1779273095484222520,2026-05-20 16:01:35.483,-0.171443,2.587870,106.883064,0.038699,-0.002598,0.981006,0.316824,-0.521941,9.735882,0.008191,0.018140,0.016142,-0.315114,0.383115,-0.854320,98941.0000
1779273095584123113,2026-05-20 16:01:35.582,-0.160434,2.591387,106.849960,0.030623,0.000687,0.976409,0.589849,0.278802,9.811774,-0.002172,-0.012394,0.008311,-0.314781,0.384939,-0.853172,98949.0000
1779273095683915317,2026-05-20 16:01:35.682,-0.128201,2.592360,106.823364,0.036824,-0.002142,0.976456,0.262630,-0.179454,9.688925,-0.009956,-0.016253,0.008205,-0.315105,0.382836,-0.853713,98942.0000
1779273095784251354,2026-05-20 16:01:35.782,-0.102711,2.626540,106.802277,0.042279,-0.003363,0.978579,0.220598,0.026886,9.792962,0.001061,0.009649,-0.004007,-0.314444,0.385590,-0.851397,98937.0000
1779273095884045354,2026-05-20 16:01:35.882,-0.097930,2.669250,106.802475,0.037698,-0.003229,0.975616,0.728158,0.132102,9.775094,-0.007881,-0.002285,-0.006886,-0.314201,0.385502,-0.854400,98937.0000
1779273095983878168,2026-05-20 16:01:35.982,-0.126155,2.665592,106.828278,0.037829,-0.006656,0.977367,0.143059,0.191591,9.706726,0.011081,-0.007375,0.002119,-0.315066,0.386136,-0.852893,98943.0000
1779273096083862002,2026-05-20 16:01:36.082,-0.154158,2.652700,106.853096,0.047187,-0.002497,0.980600,0.182989,0.119572,9.911757,0.003358,0.010224,-0.007742,-0.316297,0.383424,-0.853697,98947.0000
1779273096184184983,2026-05-20 16:01:36.182,-0.162410,2.617924,106.857056,0.037921,-0.002141,0.977905,0.703259,-0.073428,9.845999,0.007669,0.015241,0.004823,-0.314179,0.384654,-0.852880,98947.0000
1779273096283498335,2026-05-20 16:01:36.282,-0.152717,2.582175,106.855995,0.034538,-0.000732,0.976625,0.826964,-0.059916,9.824749,-0.010862,-0.001909,-0.001628,-0.313300,0.385219,-0.854116,98939.0000
1779273096383673020,2026-05-20 16:01:36.382,-0.140413,2.556378,106.849655,0.033256,-0.004498,0.977926,0.012765,0.141073,9.645108,-0.000176,-0.007370,0.007595,-0.314784,0.384344,-0.853157,98941.0000
1779273096484256131,2026-05-20 16:01:36.482,-0.124539,2.563815,106.847511,0.041320,-0.002902,0.979780,-0.164655,0.027301,9.545703,-0.001976,0.007980,0.001434,-0.315091,0.384035,-0.853442,98945.0000
1779273096584213409,2026-05-20 16:01:36.582,-0.110321,2.585791,106.833473,0.035038,-0.003091,0.976989,0.404344,0.199809,9.998994,0.004268,-0.001835,0.003325,-0.312690,0.385240,-0.853532,98939.0000
1779273096683886594,2026-05-20 16:01:36.682,-0.114362,2.583486,106.823807,0.035423,-0.002406,0.976114,0.814936,-0.035328,9.806223,-0.003214,-0.005917,0.002309,-0.314500,0.385500,-0.854392,98948.0000
1779273096783839260,2026-05-20 16:01:36.782,-0.129500,2.590034,106.831917,0.036069,-0.005667,0.977617,0.299129,0.085978,9.662848,0.009584,-0.008771,-0.005294,-0.315687,0.385213,-0.853755,98942.0000
1779273096884369390,2026-05-20 16:01:36.883,-0.149377,2.620581,106.872200,0.041085,-0.003615,0.979318,0.146512,-0.350622,9.718227,0.008060,0.012046,-0.005296,-0.315080,0.385821,-0.853486,98939.0000
1779273096983894908,2026-05-20 16:01:36.982,-0.165742,2.649396,106.911743,0.035429,-0.001157,0.977063,0.687644,-0.260796,9.967615,-0.000165,-0.006743,-0.008647,-0.314813,0.383415,-0.854334,98941.0000
1779273097083935445,2026-05-20 16:01:37.082,-0.164384,2.658469,106.947319,0.039578,-0.000144,0.977405,0.338528,0.005990,9.916265,0.001806,-0.011162,-0.000182,-0.315691,0.383734,-0.853420,98940.0000
1779273097183518390,2026-05-20 16:01:37.182,-0.140715,2.664748,106.980301,0.043373,-0.001917,0.978605,0.737899,0.227862,9.785802,-0.003846,-0.003251,-0.003895,-0.315689,0.384915,-0.853748,98942.0000
1779273097284112593,2026-05-20 16:01:37.282,-0.109654,2.636090,106.994141,0.039149,-0.004519,0.979858,0.249760,0.306023,9.742038,-0.000385,0.021323,0.010778,-0.316293,0.384903,-0.854032,98944.0000
1779273097383997797,2026-05-20 16:01:37.382,-0.111496,2.336231,106.918930,0.040627,-0.007217,0.983180,0.192386,-0.430700,9.782530,0.006058,0.074619,0.022914,-0.311847,0.383686,-0.855916,98951.0000
1779273097483783612,2026-05-20 16:01:37.482,-0.133823,1.832844,106.753906,0.020359,-0.003955,0.982065,0.120591,-0.255432,10.112902,0.011544,0.113557,0.038352,-0.309164,0.385750,-0.857233,98942.0000
1779273097584336427,2026-05-20 16:01:37.583,-0.173933,1.145575,106.457855,-0.004051,-0.000609,0.982540,-0.071663,0.313990,10.030456,0.012897,0.127281,0.057954,-0.303568,0.385938,-0.862179,98944.0000
1779273097684177241,2026-05-20 16:01:37.682,-0.223268,0.486184,106.060692,-0.033926,0.003158,0.980820,-0.392313,0.043597,9.835039,0.011743,0.096896,0.075293,-0.295802,0.388322,-0.863933,98941.0000
1779273097783783241,2026-05-20 16:01:37.782,-0.267349,-0.030634,105.648918,-0.046039,0.003985,0.983528,-0.549740,-0.072636,9.842850,0.015743,0.089006,0.078915,-0.291337,0.389197,-0.865567,98935.0000
1779273097885066130,2026-05-20 16:01:37.883,-0.304559,-0.555613,105.200935,-0.060868,0.005425,0.982451,-0.706236,0.369570,10.051884,0.005274,0.099685,0.107631,-0.284517,0.390908,-0.869680,98939.0000
1779273097984223112,2026-05-20 16:01:37.983,-0.317443,-1.172800,104.575867,-0.104555,0.012163,0.973609,-0.791048,0.534884,9.523889,-0.022104,0.090933,0.129716,-0.277365,0.392674,-0.872004,98937.0000
1779273098084301315,2026-05-20 16:01:38.082,-0.220469,-1.648136,103.630188,-0.138426,0.016616,0.967947,-1.116904,0.700902,10.116119,-0.030533,0.032564,0.156475,-0.265958,0.397812,-0.872117,98938.0000
1779273098183671260,2026-05-20 16:01:38.182,-0.070047,-1.621843,102.664673,-0.129022,0.006889,0.970431,-1.486890,0.082633,9.308266,-0.045287,-0.035940,0.169029,-0.258751,0.400255,-0.871759,98947.0000
1779273098284266760,2026-05-20 16:01:38.283,0.006723,-1.480867,101.643066,-0.104755,-0.010883,0.981381,-1.122865,-0.769867,9.978269,-0.015437,-0.036963,0.171638,-0.252700,0.406289,-0.870559,98939.0000
1779273098384162667,2026-05-20 16:01:38.382,-0.047841,-1.162147,100.528999,-0.099650,-0.009389,0.974058,-0.670265,-0.247195,9.846803,0.024475,-0.044185,0.183848,-0.245798,0.410488,-0.871135,98945.0000
1779273098484004796,2026-05-20 16:01:38.482,-0.141357,-0.588055,99.336334,-0.097138,-0.000518,0.963892,-1.416541,0.652790,9.547183,0.012023,-0.125003,0.210271,-0.241270,0.414114,-0.870437,98943.0000
1779273098583891722,2026-05-20 16:01:38.582,-0.180044,0.144527,98.116966,-0.062131,0.009009,0.965340,-1.265262,0.189841,9.196022,0.001318,-0.136872,0.225367,-0.236695,0.418993,-0.867672,98941.0000
1779273098684381148,2026-05-20 16:01:38.683,-0.099898,0.782771,96.916283,-0.033397,0.012773,0.969805,0.164565,-0.192358,10.127424,-0.028644,-0.106409,0.205808,-0.231821,0.422990,-0.864593,98945.0000
1779273098784023556,2026-05-20 16:01:38.782,0.069130,1.179820,95.758392,-0.008643,0.009168,0.977906,0.627338,0.281256,10.287967,-0.024556,-0.033358,0.202861,-0.224535,0.426442,-0.860362,98943.0000
1779273098883854722,2026-05-20 16:01:38.882,0.234000,1.065559,94.518936,0.001496,-0.005224,0.988974,-1.023156,0.125836,9.143733,-0.020747,0.085199,0.222782,-0.216110,0.432166,-0.860114,98938.0000
1779273098985199852,2026-05-20 16:01:38.983,0.304079,0.498039,93.128746,-0.013643,-0.015895,0.993725,-0.115794,-0.728430,10.058363,0.011337,0.144047,0.253269,-0.200864,0.435479,-0.862381,98943.0000
1779273099084188426,2026-05-20 16:01:39.082,0.259013,-0.144766,91.593666,-0.045343,-0.020426,0.988148,-1.066552,-0.531170,9.754227,0.020983,0.112080,0.287495,-0.184399,0.441487,-0.864443,98944.0000
1779273099184131463,2026-05-20 16:01:39.182,0.132570,-0.540770,89.908424,-0.062018,-0.016258,0.982686,-1.207028,-0.992694,9.596578,0.037705,0.071436,0.321221,-0.169446,0.443337,-0.865767,98943.0000
1779273099283802407,2026-05-20 16:01:39.282,0.020077,-0.552834,88.039871,-0.071823,-0.007360,0.970860,-1.710291,0.017943,9.215790,0.007174,-0.051398,0.346043,-0.155096,0.446943,-0.868018,98937.0000
1779273099384233926,2026-05-20 16:01:39.383,-0.013293,-0.213496,86.042534,-0.050273,-0.001933,0.968856,-0.061503,-0.312147,9.764382,-0.004368,-0.077572,0.372219,-0.139507,0.449446,-0.867576,98939.0000
1779273099484136777,2026-05-20 16:01:39.482,0.046928,0.311228,83.972267,-0.026306,-0.001023,0.966541,0.522324,-0.240682,9.922935,-0.020373,-0.092110,0.373105,-0.127782,0.453143,-0.866163,98941.0000
1779273099583959574,2026-05-20 16:01:39.582,0.149851,0.787209,81.877640,-0.002694,-0.006228,0.972716,-0.057716,0.128515,9.708862,-0.007548,-0.071522,0.368055,-0.113389,0.456523,-0.866010,98950.0000
1779273099685317425,2026-05-20 16:01:39.684,0.229311,1.058797,79.783691,0.016093,-0.013515,0.981122,-0.015270,-0.120388,9.679335,0.000912,-0.028313,0.357842,-0.097490,0.459046,-0.864976,98939.0000
1779273099784147833,2026-05-20 16:01:39.782,0.251120,1.041393,77.684441,0.023096,-0.015069,0.986729,-0.147682,0.003908,9.714901,0.014153,0.017675,0.369565,-0.080694,0.461276,-0.863957,98943.0000
1779273099883976666,2026-05-20 16:01:39.882,0.230893,0.899047,75.617889,0.016270,-0.012135,0.988876,0.305984,-0.068320,10.063723,0.010050,0.030701,0.363443,-0.060050,0.461701,-0.864492,98944.0000
1779273099983835777,2026-05-20 16:01:39.982,0.183910,0.717028,73.555801,0.006106,-0.010729,0.984215,0.321548,0.026399,9.898890,0.015590,0.025854,0.361184,-0.044496,0.462969,-0.865518,98948.0000
1779273100084028092,2026-05-20 16:01:40.082,0.156559,0.574044,71.496078,-0.002444,-0.007079,0.977610,-0.026401,-0.167301,9.870286,0.006117,0.014643,0.365179,-0.027202,0.460334,-0.867994,98942.0000
1779273100184232184,2026-05-20 16:01:40.182,0.159635,0.517664,69.463470,-0.005217,-0.004912,0.973774,0.011352,-0.060104,9.711857,-0.000673,0.000691,0.355003,-0.011022,0.459883,-0.866895,98945.0000
1779273100284286240,2026-05-20 16:01:40.282,0.181825,0.525022,67.478653,-0.003276,-0.006715,0.972363,-0.149424,-0.126515,9.716374,-0.000482,-0.006754,0.347657,0.008128,0.457944,-0.866436,98946.0000
1779273100383987795,2026-05-20 16:01:40.382,0.194759,0.571516,65.545570,-0.000475,-0.008256,0.975736,-0.007147,-0.037164,9.842346,0.000305,-0.015151,0.336313,0.021589,0.456846,-0.866452,98945.0000
1779273100484476073,2026-05-20 16:01:40.483,0.181853,0.623040,63.633076,0.001883,-0.009428,0.977953,-0.241183,0.047519,9.743853,0.006170,-0.012312,0.334289,0.037397,0.453922,-0.868284,98935.0000
1779273100583983573,2026-05-20 16:01:40.582,0.150996,0.687130,61.722610,0.001423,-0.008992,0.979973,0.000546,-0.154532,9.844361,0.005127,-0.012328,0.337612,0.051154,0.451644,-0.867979,98933.0000
1779273100683812721,2026-05-20 16:01:40.682,0.130749,0.773375,59.819004,0.001917,-0.008157,0.980283,0.019459,-0.104352,9.844039,0.012945,-0.018629,0.341183,0.066970,0.446375,-0.868555,98945.0000
1779273100785221017,2026-05-20 16:01:40.783,0.141488,0.912507,57.919739,0.006143,-0.004751,0.978750,0.238162,0.055894,9.804561,-0.004355,-0.026591,0.332822,0.081897,0.441706,-0.868823,98940.0000
1779273100884359277,2026-05-20 16:01:40.883,0.184691,1.041386,56.051472,0.013603,-0.005686,0.977764,0.333285,-0.210350,9.756222,-0.004298,-0.017487,0.326886,0.098025,0.437639,-0.869136,98947.0000
1779273100984202925,2026-05-20 16:01:40.982,0.245771,1.107036,54.222473,0.018321,-0.004583,0.976464,0.132408,-0.029930,9.699181,-0.009537,-0.005745,0.317731,0.108152,0.433508,-0.870194,98954.0000
1779273101083959091,2026-05-20 16:01:41.082,0.292534,1.088427,52.409389,0.018978,-0.008043,0.977924,0.256684,0.108587,9.819604,0.000477,0.008280,0.322825,0.123973,0.427365,-0.870149,98942.0000
1779273101183468128,2026-05-20 16:01:41.182,0.297861,1.003284,50.614513,0.015955,-0.010509,0.980593,0.186180,-0.421655,9.811905,0.012777,0.021233,0.320329,0.138035,0.422446,-0.868589,98945.0000
1779273101284149165,2026-05-20 16:01:41.282,0.255756,0.924484,48.823322,0.007678,-0.009149,0.981487,0.265194,0.216486,9.976342,0.010478,0.008191,0.319196,0.150809,0.415609,-0.871149,98936.0000
1779273101383927073,2026-05-20 16:01:41.382,0.200749,0.924884,47.048500,0.004010,-0.005397,0.978931,0.167748,-0.042177,9.915810,0.008334,-0.006681,0.310644,0.163927,0.407961,-0.871000,98935.0000
1779273101485226591,2026-05-20 16:01:41.483,0.176972,0.995599,45.299858,0.006795,-0.003725,0.977284,0.087874,-0.195230,9.972277,0.007173,-0.016375,0.307205,0.175528,0.401152,-0.872331,98950.0000
1779273101584336739,2026-05-20 16:01:41.583,0.203345,1.089676,43.570385,0.013821,0.000846,0.975430,0.167445,0.090781,9.771468,-0.000834,-0.011710,0.302246,0.188950,0.395869,-0.872846,98945.0000
1779273101684222220,2026-05-20 16:01:41.682,0.259981,1.138341,41.852592,0.020309,-0.003218,0.977044,0.261435,-0.104411,9.818547,0.000257,-0.005428,0.302240,0.200890,0.388539,-0.871774,98941.0000
1779273101783859294,2026-05-20 16:01:41.782,0.318485,1.110929,40.131493,0.021985,-0.002523,0.979444,0.205687,0.350723,9.786670,-0.003248,0.012831,0.299600,0.211008,0.381152,-0.872154,98934.0000
1779273101883660535,2026-05-20 16:01:41.882,0.340300,1.037536,38.414806,0.016997,-0.007623,0.981242,-0.201341,0.316403,9.823219,0.008558,0.018572,0.298498,0.225029,0.373519,-0.871728,98942.0000
1779273101984216961,2026-05-20 16:01:41.982,0.327170,0.969477,36.714268,0.010451,-0.006773,0.980917,-0.141640,0.118688,9.797448,0.003052,0.008955,0.290940,0.234255,0.366137,-0.871785,98943.0000
1779273102084130998,2026-05-20 16:01:42.082,0.307453,0.939380,35.031185,0.007090,-0.007338,0.979338,0.271344,-0.264914,9.767601,0.011333,-0.004356,0.298074,0.244658,0.355785,-0.871802,98941.0000
1779273102183703016,2026-05-20 16:01:42.182,0.306453,0.945793,33.357777,0.009409,-0.004041,0.977638,0.177750,-0.469400,9.678160,0.004864,-0.014125,0.294246,0.257130,0.346881,-0.873704,98941.0000
1779273102283259535,2026-05-20 16:01:42.281,0.319423,0.954844,31.669107,0.010557,-0.003819,0.977378,-0.175275,0.465727,9.761295,0.006096,-0.002919,0.305139,0.267238,0.337123,-0.873727,98937.0000
1779273102384295979,2026-05-20 16:01:42.383,0.339624,0.960614,29.972172,0.011245,-0.004795,0.977333,-0.532303,-0.078404,9.713903,-0.000412,-0.006308,0.305456,0.277645,0.328250,-0.874079,98939.0000
1779273102484182720,2026-05-20 16:01:42.482,0.355093,0.957789,28.323242,0.013252,-0.002149,0.976104,-0.255789,-0.237445,9.505341,-0.000688,-0.001171,0.276483,0.287161,0.317911,-0.873474,98945.0000
1779273102583991683,2026-05-20 16:01:42.582,0.369861,0.959832,26.796431,0.013886,-0.002861,0.977573,-0.017507,-0.166064,9.605408,0.005074,-0.010048,0.256585,0.295811,0.311445,-0.872639,98933.0000
1779273102684201572,2026-05-20 16:01:42.682,0.379955,0.957301,25.403639,0.013636,-0.001394,0.979120,-0.202689,-0.052565,9.682166,-0.001223,-0.000966,0.233571,0.304103,0.300169,-0.873179,98939.0000
1779273102784137349,2026-05-20 16:01:42.782,0.392146,0.923132,24.132662,0.016094,-0.002511,0.981195,-0.033117,0.097111,9.704771,0.006354,0.009032,0.214346,0.308229,0.293323,-0.874019,98941.0000
1779273102883991072,2026-05-20 16:01:42.882,0.401798,0.853038,22.974520,0.016579,-0.003889,0.982845,0.274123,-0.115950,9.914229,0.003426,0.022716,0.195203,0.316260,0.285347,-0.873732,98945.0000
1779273102983863553,2026-05-20 16:01:42.982,0.399560,0.794618,21.941496,0.011939,-0.002643,0.979361,0.073123,0.034951,9.798732,0.002946,-0.000728,0.165716,0.321636,0.278887,-0.871915,98939.0000
1779273103084300368,2026-05-20 16:01:43.083,0.387268,0.891416,21.059107,0.013053,-0.003949,0.977210,0.166585,-0.051209,9.833198,0.010160,-0.026899,0.147018,0.324521,0.273730,-0.875763,98947.0000
1779273103183925516,2026-05-20 16:01:43.182,0.361622,1.103163,20.330141,0.023390,-0.001688,0.975097,0.588309,-0.105585,9.819157,0.006944,-0.047243,0.114083,0.328710,0.267866,-0.873630,98943.0000
1779273103283781442,2026-05-20 16:01:43.282,0.327950,1.609889,19.858271,0.033948,0.004090,0.968174,0.268680,0.023553,9.539363,0.014479,-0.136312,0.056137,0.327411,0.264162,-0.877707,98938.0000
1779273103384348794,2026-05-20 16:01:43.383,0.288033,2.558695,19.704239,0.073238,0.003512,0.970551,1.023878,-0.095958,9.843032,0.007251,-0.174067,0.008741,0.322793,0.262160,-0.883839,98946.0000
1779273103484150423,2026-05-20 16:01:43.482,0.242934,3.467446,19.787197,0.120918,0.001149,0.975258,1.346259,0.002884,9.630325,0.009739,-0.135877,-0.016709,0.316668,0.262484,-0.891489,98945.0000
1779273103584575849,2026-05-20 16:01:43.582,0.199727,4.087651,19.871195,0.153034,-0.000800,0.974201,1.582439,-0.438241,9.526097,0.019136,-0.087458,0.017514,0.313015,0.261479,-0.894371,98935.0000
1779273103683865479,2026-05-20 16:01:43.682,0.154929,4.516660,19.662022,0.179343,0.001633,0.977941,1.408838,-0.009803,9.622082,-0.003281,-0.047478,0.082780,0.309354,0.260754,-0.897859,98941.0000
1779273103784529812,2026-05-20 16:01:43.783,0.112649,4.536485,19.185343,0.186071,0.003515,0.975957,2.738891,-0.019430,10.082640,0.020405,0.046669,0.091669,0.312635,0.258403,-0.897587,98941.0000
1779273103884011367,2026-05-20 16:01:43.882,0.101026,4.104967,18.631306,0.171754,0.012400,0.970551,1.275862,0.547015,9.531268,-0.000086,0.100807,0.089943,0.316207,0.253979,-0.896971,98942.0000
1779273103983854645,2026-05-20 16:01:43.982,0.111290,3.456190,18.086754,0.138940,0.013042,0.968611,1.019561,0.141416,9.793629,-0.008441,0.106554,0.090536,0.321039,0.249075,-0.892778,98942.0000
1779273104085181738,2026-05-20 16:01:44.083,0.138588,2.953544,17.527321,0.104138,0.011635,0.968191,0.246560,0.144050,9.391003,0.004271,0.066387,0.105740,0.327991,0.248053,-0.888731,98943.0000
1779273104184300904,2026-05-20 16:01:44.182,0.162781,2.811976,16.959002,0.084621,0.011558,0.968550,0.300170,-0.204234,9.473786,0.002463,-0.023829,0.094582,0.331565,0.243927,-0.888123,98941.0000
1779273104284108126,2026-05-20 16:01:44.282,0.163938,3.076301,16.409592,0.088737,0.009920,0.971967,1.266140,0.597159,9.767125,0.004905,-0.075794,0.097292,0.333589,0.240883,-0.890801,98939.0000
1779273104383907571,2026-05-20 16:01:44.382,0.159770,3.597570,15.921145,0.103787,0.010056,0.974706,1.148907,0.119563,9.809240,0.001009,-0.087777,0.069519,0.330829,0.235753,-0.892407,98947.0000
1779273104484521478,2026-05-20 16:01:44.483,0.160131,3.971041,15.495329,0.122761,0.008311,0.976871,1.412371,-0.109184,9.604287,0.002165,-0.034162,0.066513,0.331362,0.233295,-0.895061,98945.0000
1779273104584300904,2026-05-20 16:01:44.583,0.184331,3.899646,15.121416,0.124951,0.007743,0.978551,0.905600,-0.001480,9.687757,0.006842,0.051016,0.067026,0.334347,0.230653,-0.894474,98935.0000
1779273104684163478,2026-05-20 16:01:44.682,0.220657,3.391352,14.775545,0.108719,0.008220,0.976431,1.264505,0.133787,9.860188,-0.008596,0.112609,0.052119,0.336768,0.228945,-0.892395,98939.0000
1779273104783804459,2026-05-20 16:01:44.782,0.260215,2.656615,14.494867,0.075004,0.005027,0.976410,0.442396,0.051468,9.990255,-0.002811,0.133084,0.044926,0.343133,0.227054,-0.887413,98937.0000
1779273104884330015,2026-05-20 16:01:44.883,0.319929,1.989414,14.318089,0.040151,0.004546,0.977008,-0.042325,0.004639,9.631269,-0.014294,0.098893,0.020801,0.349500,0.225460,-0.882438,98937.0000
1779273104984182996,2026-05-20 16:01:44.982,0.376431,1.612274,14.196257,0.017669,-0.004318,0.980806,-0.151903,-0.103590,9.812261,-0.009220,0.038872,0.010653,0.352241,0.225260,-0.879804,98938.0000
1779273105084135589,2026-05-20 16:01:45.082,0.394831,1.648328,14.109934,0.004710,-0.011429,0.978704,-0.024483,0.175651,9.764537,0.008864,-0.040670,0.019114,0.352841,0.225561,-0.879827,98941.0000
1779273105185338255,2026-05-20 16:01:45.184,0.341466,1.934209,14.038920,0.019904,-0.008997,0.979580,0.075000,-0.169370,9.530838,0.014289,-0.068090,0.011021,0.350724,0.225512,-0.880971,98939.0000
1779273105283851904,2026-05-20 16:01:45.282,0.224016,2.290762,13.955138,0.041719,-0.005168,0.980032,0.395695,0.058182,9.677648,0.028338,-0.051155,0.017782,0.349734,0.222414,-0.884771,98938.0000
1779273105384015255,2026-05-20 16:01:45.382,0.105699,2.528199,13.839875,0.058641,0.008806,0.977113,1.039186,-0.007104,9.818177,0.012091,-0.011009,0.022661,0.346720,0.222359,-0.885892,98937.0000
1779273105483897515,2026-05-20 16:01:45.482,0.057268,2.505910,13.660761,0.055801,0.012215,0.971718,0.187542,0.051660,9.721696,0.003180,0.025483,0.047284,0.348490,0.221153,-0.886808,98943.0000
1779273105584610940,2026-05-20 16:01:45.583,0.092298,2.228684,13.416017,0.052801,0.019728,0.974117,0.499634,0.037481,9.761149,-0.010090,0.056409,0.049191,0.352396,0.218553,-0.885046,98938.0000
1779273105684302514,2026-05-20 16:01:45.683,0.191323,1.885989,13.146306,0.038023,0.007588,0.978684,0.127915,-0.249735,9.711837,-0.019802,0.063467,0.050718,0.353946,0.217470,-0.881760,98936.0000
1779273105784219551,2026-05-20 16:01:45.782,0.274481,1.661700,12.875913,0.016484,-0.000943,0.982049,0.436316,0.132658,10.017872,-0.009562,0.027762,0.045563,0.355765,0.216048,-0.879973,98943.0000
1779273105883689662,2026-05-20 16:01:45.882,0.286391,1.626236,12.641967,0.001592,-0.009631,0.982483,0.080129,-0.296730,9.760279,0.000473,-0.027490,0.032346,0.358739,0.213388,-0.879984,98942.0000
1779273105984231607,2026-05-20 16:01:45.982,0.223951,1.781214,12.472343,0.012578,-0.007415,0.983378,-0.020204,-0.030459,9.811905,0.014407,-0.043493,0.021028,0.357217,0.212747,-0.881130,98933.0000
1779273106084126570,2026-05-20 16:01:46.082,0.155963,2.088775,12.366765,0.026931,0.000504,0.977220,0.795652,-0.195813,9.906212,0.014559,-0.047937,0.020065,0.355401,0.212998,-0.882289,98934.0000
1779273106184102218,2026-05-20 16:01:46.182,0.139559,2.367601,12.279145,0.039122,0.009978,0.968385,0.407376,-0.125693,9.709541,0.005435,-0.038778,0.024705,0.355038,0.211716,-0.885248,98949.0000
1779273106284282273,2026-05-20 16:01:46.283,0.170995,2.476772,12.196692,0.054393,0.008610,0.970163,0.553493,-0.122790,9.719161,-0.005430,-0.002144,0.016183,0.355013,0.209614,-0.885797,98933.0000
1779273106384179366,2026-05-20 16:01:46.382,0.199135,2.383032,12.107340,0.054745,-0.000108,0.976073,0.759862,-0.466591,9.803999,-0.002840,0.036531,0.013130,0.354434,0.209935,-0.884891,98939.0000
1779273106484124644,2026-05-20 16:01:46.482,0.171911,2.155406,12.018184,0.038330,-0.009440,0.983239,0.554088,-0.437158,9.802066,0.009983,0.035636,0.012783,0.357464,0.210017,-0.882870,98940.0000
1779273106585229347,2026-05-20 16:01:46.584,0.082762,1.979109,11.945877,0.024006,-0.009568,0.988031,0.200409,0.293362,9.922118,0.012153,0.016987,-0.000692,0.358386,0.208588,-0.881060,98947.0000
1779273106684401403,2026-05-20 16:01:46.683,-0.011372,1.956472,11.943445,0.016404,-0.002611,0.985559,-0.088144,0.186391,9.712055,0.017480,-0.010795,-0.001125,0.358038,0.208803,-0.883756,98943.0000
1779273106784018143,2026-05-20 16:01:46.782,-0.021292,2.131194,12.009042,0.016803,0.008511,0.975105,0.225546,0.194695,9.680666,-0.004944,-0.047375,-0.009522,0.355636,0.209068,-0.884300,98946.0000
1779273106883857384,2026-05-20 16:01:46.882,0.082846,2.398777,12.116143,0.031972,0.012167,0.967785,0.466937,0.144131,9.630308,-0.031601,-0.052724,-0.021842,0.355303,0.208128,-0.885769,98949.0000
1779273106983694514,2026-05-20 16:01:46.982,0.239002,2.634108,12.222863,0.047909,0.002066,0.968203,0.528242,-0.071896,9.762419,-0.028017,-0.025763,-0.022987,0.355603,0.211665,-0.887061,98939.0000
1779273107084482736,2026-05-20 16:01:47.083,0.330381,2.696931,12.311393,0.057156,-0.013342,0.972994,0.168614,-0.293341,9.624668,-0.007020,0.001715,-0.012437,0.352333,0.214035,-0.886735,98946.0000
1779273107184276458,2026-05-20 16:01:47.182,0.289096,2.568195,12.369593,0.059396,-0.018980,0.983144,0.490739,-0.077654,9.799874,0.018697,0.042391,-0.006114,0.355636,0.212603,-0.885585,98941.0000
1779273107283993291,2026-05-20 16:01:47.282,0.147713,2.336417,12.371174,0.048673,-0.016986,0.989210,0.745703,0.083074,9.995482,0.031783,0.045696,-0.003575,0.354449,0.212316,-0.884948,98935.0000
1779273107384468810,2026-05-20 16:01:47.383,-0.032077,2.086598,12.334073,0.028904,-0.007053,0.986150,0.010921,0.312542,9.864054,0.033555,0.037037,0.009489,0.355081,0.210606,-0.882524,98942.0000
1779273107484344680,2026-05-20 16:01:47.483,-0.145602,1.947792,12.324672,0.017138,0.006356,0.981907,-0.082375,0.423374,9.728806,0.014419,0.007675,-0.001416,0.357173,0.210322,-0.882570,98945.0000
1779273107583866847,2026-05-20 16:01:47.582,-0.114272,2.020503,12.392389,0.016731,0.013822,0.973157,0.128040,0.222769,9.626061,-0.012304,-0.023289,-0.021315,0.356257,0.210875,-0.883760,98939.0000
1779273107684023180,2026-05-20 16:01:47.682,0.040560,2.278565,12.521498,0.019029,0.010667,0.966091,0.642341,0.668808,9.791979,-0.038930,-0.052900,-0.031811,0.355648,0.213505,-0.885307,98939.0000
1779273107784335291,2026-05-20 16:01:47.783,0.227175,2.543989,12.664532,0.033829,-0.004322,0.965414,0.005098,-0.203741,9.664359,-0.034119,-0.064251,-0.019633,0.354166,0.215579,-0.885319,98941.0000
1779273107884271420,2026-05-20 16:01:47.882,0.339143,2.720619,12.778974,0.059721,-0.015274,0.977426,0.628288,-0.045690,9.848037,-0.005178,-0.010578,-0.022312,0.349671,0.216128,-0.885818,98945.0000
1779273107984057735,2026-05-20 16:01:47.982,0.300853,2.728183,12.822596,0.060534,-0.021339,0.983705,0.939358,-0.116792,9.773693,0.019266,0.020110,0.000767,0.350858,0.218183,-0.887097,98937.0000
1779273108083927087,2026-05-20 16:01:48.082,0.129516,2.499927,12.787379,0.052275,-0.017489,0.987600,0.441656,-0.400786,9.806141,0.033604,0.036743,0.014077,0.350850,0.215225,-0.886426,98940.0000
1779273108184217161,2026-05-20 16:01:48.182,-0.067288,2.187842,12.701424,0.044526,-0.003458,0.990360,0.037886,-0.064529,9.731141,0.028508,0.056284,0.006781,0.354179,0.215011,-0.884406,98943.0000
1779273108284158902,2026-05-20 16:01:48.282,-0.190470,1.934217,12.621382,0.019989,0.006979,0.982857,0.170174,0.117868,9.773424,0.010403,0.036572,0.005812,0.355107,0.212121,-0.881661,98935.0000
1779273108383982716,2026-05-20 16:01:48.382,-0.196190,1.860019,12.593892,0.008882,0.011850,0.974087,0.048554,0.467346,9.808944,-0.013602,-0.014299,-0.010830,0.356893,0.211528,-0.881992,98935.0000
1779273108484497716,2026-05-20 16:01:48.483,-0.096412,2.011901,12.658131,0.013802,0.009561,0.967445,0.163853,0.454075,9.732430,-0.024881,-0.041288,-0.022113,0.354799,0.214166,-0.882902,98941.0000
1779273108584369105,2026-05-20 16:01:48.583,0.047654,2.311377,12.804986,0.029629,0.000994,0.965535,0.500513,0.070840,9.728490,-0.027873,-0.051264,-0.032384,0.353289,0.215312,-0.884091,98943.0000
1779273108684213013,2026-05-20 16:01:48.683,0.173325,2.613150,12.977951,0.040544,-0.008743,0.968906,0.252897,-0.087054,9.760693,-0.011476,-0.043306,-0.026007,0.350856,0.216118,-0.886448,98942.0000
1779273108783834383,2026-05-20 16:01:48.782,0.216104,2.775075,13.116728,0.056890,-0.016079,0.980311,0.508795,-0.119596,9.851284,-0.003494,-0.002260,-0.019745,0.349664,0.218473,-0.887073,98940.0000
1779273108884318920,2026-05-20 16:01:48.883,0.153609,2.745848,13.178553,0.055910,-0.018710,0.986362,0.455037,-0.202472,9.941247,0.020285,0.023419,-0.000351,0.349088,0.219389,-0.886181,98950.0000
1779273108984194420,2026-05-20 16:01:48.982,0.011703,2.523695,13.165289,0.050498,-0.009810,0.989282,0.765754,0.132083,9.857821,0.018552,0.038688,-0.001680,0.350884,0.217930,-0.885592,98946.0000
1779273109083872383,2026-05-20 16:01:49.082,-0.125625,2.245168,13.106068,0.042688,-0.005742,0.986755,-0.098664,-0.194881,9.501028,0.026475,0.056914,0.014942,0.352967,0.217041,-0.885924,98935.0000
1779273109183469901,2026-05-20 16:01:49.182,-0.198997,2.023943,13.035132,0.024449,0.008800,0.979259,0.144163,-0.211595,9.576962,0.007250,0.036862,0.007142,0.355108,0.216540,-0.883267,98937.0000
1779273109284417105,2026-05-20 16:01:49.283,-0.169357,1.933233,12.990999,0.015137,0.010923,0.970097,0.137380,-0.093591,9.620132,-0.022438,-0.010945,0.005610,0.353891,0.215027,-0.883799,98948.0000
1779273109384246605,2026-05-20 16:01:49.383,-0.067444,1.994384,13.006109,0.020545,0.005893,0.969900,-0.213785,0.037533,9.454931,-0.016051,-0.021641,-0.004104,0.355439,0.215414,-0.881149,98937.0000
1779273109483911771,2026-05-20 16:01:49.482,0.050347,2.204709,13.082601,0.027332,-0.004349,0.971530,0.197018,-0.122696,9.864859,-0.015765,-0.035105,-0.018179,0.353312,0.217115,-0.883535,98950.0000
1779273109584453753,2026-05-20 16:01:49.583,0.107259,2.443571,13.179107,0.033986,-0.010022,0.974187,0.446088,-0.048190,9.813591,0.002202,-0.039251,-0.019094,0.350608,0.218848,-0.884707,98952.0000
1779273109684291549,2026-05-20 16:01:49.683,0.094619,2.634275,13.253307,0.046892,-0.011622,0.980134,0.643177,-0.253981,9.801150,0.004302,-0.021433,-0.011740,0.349972,0.218195,-0.886475,98935.0000
1779273109784258438,2026-05-20 16:01:49.783,0.038432,2.695416,13.298678,0.051711,-0.010252,0.982945,0.701270,-0.200423,9.914068,0.017687,-0.005495,-0.003207,0.348789,0.221155,-0.886816,98940.0000
1779273109883744919,2026-05-20 16:01:49.882,-0.018910,2.618451,13.328062,0.053449,-0.003319,0.982625,0.674732,0.017694,9.886086,0.010882,0.029876,-0.006779,0.350243,0.216385,-0.887338,98936.0000
1779273109984277253,2026-05-20 16:01:49.983,-0.049038,2.434598,13.333238,0.042692,-0.001086,0.979778,0.430669,0.140603,9.837865,0.006309,0.034915,-0.000563,0.348793,0.219099,-0.885867,98945.0000
1779273110084027345,2026-05-20 16:01:50.082,-0.057490,2.247842,13.333568,0.035211,-0.002597,0.979450,0.397142,0.248114,9.841711,0.002007,0.025846,-0.003407,0.350593,0.219119,-0.885613,98941.0000
1779273110183946845,2026-05-20 16:01:50.182,-0.065448,2.151214,13.339357,0.027695,-0.003917,0.978874,0.409489,-0.135410,9.763225,-0.001995,0.017852,-0.007318,0.352405,0.218273,-0.884439,98939.0000
1779273110284562901,2026-05-20 16:01:50.283,-0.088107,2.152661,13.351499,0.022999,-0.003460,0.975455,0.126787,-0.255252,9.696403,0.008119,-0.012729,0.007954,0.351502,0.218259,-0.884716,98945.0000
1779273110384380567,2026-05-20 16:01:50.383,-0.096728,2.251096,13.371569,0.031301,0.000469,0.975130,0.595214,-0.014470,9.857313,0.007081,-0.027087,0.001145,0.351805,0.218856,-0.884738,98949.0000
1779273110484284308,2026-05-20 16:01:50.483,-0.081706,2.399617,13.410839,0.035157,0.001054,0.973648,0.502010,0.241373,9.689817,-0.007321,-0.027345,-0.001509,0.349982,0.218799,-0.886190,98936.0000
1779273110584126030,2026-05-20 16:01:50.582,-0.044856,2.527093,13.477742,0.042650,-0.001779,0.976917,0.106327,-0.009297,9.478635,-0.008825,-0.026100,-0.012811,0.348505,0.219999,-0.885581,98933.0000
1779273110684494678,2026-05-20 16:01:50.683,-0.012368,2.594369,13.538001,0.048777,-0.005451,0.979905,0.993619,0.161504,9.893986,-0.000721,-0.000227,-0.010158,0.346703,0.220565,-0.886149,98938.0000
1779273110784222882,2026-05-20 16:01:50.782,-0.011745,2.575664,13.585902,0.044862,-0.009225,0.979696,0.570916,-0.306563,9.757423,-0.005444,0.007151,-0.002518,0.346705,0.220862,-0.886156,98936.0000
1779273110884059826,2026-05-20 16:01:50.882,-0.033739,2.496578,13.636569,0.044416,-0.006178,0.980911,0.022399,-0.328500,9.692073,0.010911,0.025972,-0.006544,0.347328,0.221200,-0.884980,98940.0000
1779273110983941159,2026-05-20 16:01:50.982,-0.063910,2.403841,13.693593,0.036894,-0.005232,0.977924,0.468119,-0.052848,9.909269,0.007010,0.014378,-0.008448,0.349403,0.220888,-0.885925,98939.0000
1779273111084371474,2026-05-20 16:01:51.083,-0.088435,2.344404,13.757139,0.032328,-0.002836,0.977759,0.310652,-0.104964,9.937449,0.003601,-0.000076,-0.011068,0.348832,0.220929,-0.884412,98936.0000
1779273111184002641,2026-05-20 16:01:51.182,-0.092982,2.355399,13.831363,0.035141,-0.000812,0.977476,0.188988,0.106008,9.645730,-0.003782,-0.010018,-0.015768,0.348834,0.220343,-0.884098,98945.0000
1779273111283885252,2026-05-20 16:01:51.282,-0.080391,2.418717,13.914570,0.037717,-0.002579,0.976466,0.331413,-0.214951,9.695724,-0.000362,-0.011568,-0.020041,0.347606,0.221463,-0.886193,98935.0000
1779273111384448474,2026-05-20 16:01:51.383,-0.062518,2.479812,13.994311,0.040816,-0.003576,0.976642,0.296604,-0.490807,9.758803,-0.008422,-0.010455,-0.016084,0.346128,0.223248,-0.885899,98942.0000
1779273111484251900,2026-05-20 16:01:51.483,-0.054364,2.480381,14.067618,0.044132,-0.005026,0.976945,0.321021,0.009425,9.698528,0.002897,-0.001722,-0.011622,0.346116,0.223230,-0.886498,98946.0000
1779273111584094400,2026-05-20 16:01:51.582,-0.053210,2.456800,14.146857,0.045601,-0.004670,0.979243,0.408241,0.152339,9.800870,0.007805,0.019783,-0.015421,0.348513,0.222957,-0.886252,98940.0000
1779273111683932585,2026-05-20 16:01:51.682,-0.057481,2.411124,14.233021,0.034047,-0.005321,0.977738,0.627552,0.097501,9.914766,-0.000649,0.009553,-0.017416,0.345265,0.226832,-0.885363,98936.0000
1779273111784590770,2026-05-20 16:01:51.783,-0.084584,2.355498,14.322413,0.035731,-0.006707,0.979745,0.481975,0.337170,9.657054,0.004145,-0.003636,-0.015888,0.346156,0.225945,-0.885364,98944.0000
1779273111884133288,2026-05-20 16:01:51.882,-0.121358,2.338231,14.399445,0.042038,-0.005839,0.980348,0.017930,0.011942,9.435318,0.006509,0.007435,-0.014237,0.345568,0.226545,-0.885064,98935.0000
1779273111983931270,2026-05-20 16:01:51.982,-0.146084,2.342669,14.474230,0.034680,-0.002052,0.975457,0.405107,-0.172489,9.748222,-0.002021,0.002115,-0.011335,0.346439,0.226803,-0.886591,98939.0000
1779273112085234511,2026-05-20 16:01:52.084,-0.142597,2.359264,14.574325,0.034672,-0.000917,0.976189,0.696024,-0.126228,9.939267,0.001490,-0.011339,-0.017653,0.344973,0.226253,-0.884741,98940.0000
1779273112184456103,2026-05-20 16:01:52.183,-0.123709,2.382734,14.695598,0.036645,-0.003155,0.977496,0.211889,-0.011942,9.813890,-0.003365,-0.005395,-0.018118,0.344657,0.226224,-0.885632,98941.0000
1779273112284092047,2026-05-20 16:01:52.282,-0.096147,2.399897,14.823115,0.041115,-0.004876,0.979114,0.650044,0.144954,9.875972,-0.003217,0.005275,-0.024213,0.345233,0.227959,-0.887488,98941.0000
1779273112383928621,2026-05-20 16:01:52.382,-0.073448,2.427851,14.953462,0.036877,-0.006963,0.978875,1.034407,-0.287743,10.030324,-0.005095,0.009507,-0.025034,0.344381,0.229793,-0.885711,98937.0000
1779273112484477084,2026-05-20 16:01:52.483,-0.078119,2.406088,15.072322,0.034965,-0.008154,0.977720,0.403064,-0.087380,9.861925,0.001686,-0.004924,-0.021529,0.344723,0.233691,-0.884914,98946.0000
1779273112584342751,2026-05-20 16:01:52.583,-0.093972,2.364645,15.173373,0.044045,-0.005470,0.978785,0.273681,0.074009,9.782309,0.004853,0.011430,-0.017789,0.343796,0.230989,-0.885425,98946.0000
1779273112684164899,2026-05-20 16:01:52.682,-0.099016,2.333441,15.274186,0.037245,-0.001667,0.976476,0.573342,-0.029008,9.726298,-0.003930,0.010436,-0.022033,0.341113,0.230693,-0.884750,98937.0000
1779273112783800010,2026-05-20 16:01:52.782,-0.094734,2.295557,15.382298,0.030883,-0.005606,0.975495,0.336506,-0.198419,9.624272,-0.006216,-0.007129,-0.012228,0.344144,0.232542,-0.883372,98942.0000
1779273112884304566,2026-05-20 16:01:52.883,-0.094679,2.266112,15.471669,0.037070,-0.005983,0.979436,0.354632,-0.216948,9.808622,-0.001069,0.004105,-0.006985,0.342342,0.233108,-0.883939,98945.0000
1779273112984203029,2026-05-20 16:01:52.982,-0.091777,2.274135,15.544329,0.034266,-0.004340,0.978988,0.376162,0.116282,9.932023,0.005262,0.002621,-0.009071,0.342359,0.234019,-0.883362,98941.0000
1779273113084205380,2026-05-20 16:01:53.082,-0.086345,2.297264,15.597697,0.032759,-0.004341,0.977439,0.369326,0.230316,9.701322,-0.003947,-0.010248,-0.011935,0.342948,0.232534,-0.883341,98945.0000
1779273113185334325,2026-05-20 16:01:53.184,-0.091243,2.325385,15.639576,0.038634,-0.006093,0.979780,0.045940,-0.033198,9.696954,0.000868,-0.001764,-0.012766,0.341464,0.234311,-0.883346,98937.0000
1779273113284494769,2026-05-20 16:01:53.283,-0.110392,2.327358,15.673736,0.038058,-0.005271,0.978217,0.218195,-0.050151,9.881661,0.008723,-0.004784,-0.004413,0.341168,0.234904,-0.883353,98942.0000
1779273113384289102,2026-05-20 16:01:53.383,-0.135898,2.297812,15.716559,0.041724,-0.004204,0.977474,0.180494,0.044474,9.742409,0.007753,0.010358,-0.006924,0.341468,0.234906,-0.883360,98942.0000
1779273113484166250,2026-05-20 16:01:53.482,-0.154519,2.273008,15.762361,0.034501,-0.002720,0.976785,0.522223,-0.075105,9.821071,0.000473,0.004155,-0.009327,0.341430,0.234257,-0.885143,98935.0000
1779273113584649454,2026-05-20 16:01:53.583,-0.171031,2.250041,15.806150,0.031251,-0.002880,0.975512,0.454479,-0.188268,9.738750,0.000779,-0.006404,-0.004021,0.341759,0.235485,-0.883981,98940.0000
1779273113684197991,2026-05-20 16:01:53.682,-0.172296,2.261560,15.838362,0.035235,-0.002095,0.978872,0.589753,-0.076104,9.918439,0.003861,-0.002848,-0.003511,0.342041,0.234576,-0.884567,98940.0000
1779273113784111510,2026-05-20 16:01:53.782,-0.152467,2.337214,15.866629,0.035368,0.000280,0.979162,0.503956,0.061802,9.776757,-0.000815,-0.008615,-0.002477,0.340250,0.235160,-0.884535,98941.0000
1779273113883934195,2026-05-20 16:01:53.882,-0.122250,2.421317,15.883130,0.033971,-0.002213,0.977194,0.369014,-0.017250,9.700121,-0.004535,-0.015636,0.001544,0.339366,0.237238,-0.884562,98945.0000
1779273113986282917,2026-05-20 16:01:53.985,-0.094691,2.445869,15.897959,0.043058,-0.003220,0.978753,0.473413,-0.292156,9.805877,-0.007923,0.004378,-0.002984,0.339974,0.237846,-0.884292,98933.0000
1779273114084123732,2026-05-20 16:01:54.082,-0.082227,2.423727,15.921275,0.042891,-0.005228,0.978648,0.681675,0.096484,9.731366,-0.001211,0.008877,-0.005457,0.339650,0.236627,-0.885155,98944.0000
1779273114184284861,2026-05-20 16:01:54.182,-0.083688,2.398867,15.951992,0.038086,-0.007891,0.978060,0.467618,-0.239165,9.871906,0.001883,0.002730,-0.001393,0.339951,0.236042,-0.884849,98938.0000
1779273114283479824,2026-05-20 16:01:54.282,-0.100989,2.368155,15.986044,0.038447,-0.004377,0.978624,0.063719,-0.093918,9.619489,0.008886,-0.002259,-0.008322,0.340268,0.237839,-0.884600,98937.0000
1779273114384315880,2026-05-20 16:01:54.383,-0.117923,2.372873,16.021524,0.038770,-0.000880,0.977291,0.477016,0.040346,9.808268,0.000304,-0.008820,-0.017765,0.338475,0.238125,-0.884561,98937.0000
1779273114484114602,2026-05-20 16:01:54.482,-0.125000,2.413026,16.062071,0.033780,-0.003335,0.975659,0.343618,0.137596,9.772052,-0.001290,-0.013858,-0.001665,0.338486,0.238143,-0.883962,98940.0000
1779273114583965620,2026-05-20 16:01:54.582,-0.118220,2.446228,16.114017,0.042360,-0.004260,0.977911,0.096209,-0.095443,9.509863,0.000065,-0.007586,-0.013057,0.339677,0.239909,-0.884934,98940.0000
1779273114684321435,2026-05-20 16:01:54.683,-0.120215,2.487421,16.147701,0.042879,-0.005066,0.978799,0.414281,0.244567,9.895417,0.005059,0.002493,-0.009681,0.338440,0.236304,-0.885716,98939.0000
1779273114784284324,2026-05-20 16:01:54.783,-0.129220,2.492526,16.174080,0.040825,-0.003517,0.976665,0.619707,-0.085189,9.773965,-0.000255,-0.005169,-0.009084,0.336947,0.238360,-0.886327,98945.0000
1779273114884143768,2026-05-20 16:01:54.882,-0.140629,2.463027,16.209265,0.039361,-0.004355,0.977655,-0.026552,0.296815,9.630704,0.003124,0.000202,-0.005838,0.338753,0.237505,-0.885453,98939.0000
1779273114983967601,2026-05-20 16:01:54.982,-0.142062,2.430976,16.236895,0.042305,-0.002319,0.979062,0.170902,0.106936,9.688426,0.003012,0.013758,-0.006159,0.340550,0.238697,-0.885827,98943.0000
1779273115084302157,2026-05-20 16:01:55.083,-0.140044,2.417499,16.263821,0.037538,-0.004479,0.979663,0.601897,-0.248079,10.010868,0.003531,0.008071,0.001309,0.337589,0.239022,-0.884260,98939.0000
1779273115184252472,2026-05-20 16:01:55.182,-0.141906,2.410369,16.288345,0.033242,-0.002986,0.978057,0.688126,0.378488,9.880583,-0.000765,-0.014698,-0.004597,0.338458,0.239866,-0.886102,98939.0000
1779273115284126898,2026-05-20 16:01:55.282,-0.143529,2.398270,16.319153,0.040850,-0.003596,0.978488,0.103507,-0.030876,9.627049,-0.003564,-0.000174,-0.006212,0.337267,0.238984,-0.885451,98929.0000
1779273115384625323,2026-05-20 16:01:55.383,-0.137080,2.394415,16.351973,0.041215,-0.000945,0.977796,0.303600,0.065210,9.743699,0.003242,0.006856,-0.006347,0.337578,0.240771,-0.885501,98945.0000
1779273115484462379,2026-05-20 16:01:55.483,-0.114565,2.396739,16.393555,0.035995,-0.000600,0.975202,0.889094,0.256798,9.987720,-0.008204,-0.001519,-0.010599,0.338159,0.238097,-0.885452,98939.0000
1779273115584311583,2026-05-20 16:01:55.583,-0.094766,2.378596,16.440565,0.035506,-0.005965,0.975502,-0.186260,-0.020361,9.591347,-0.002799,-0.007781,0.000302,0.338426,0.238342,-0.887264,98942.0000
1779273115683800249,2026-05-20 16:01:55.682,-0.087690,2.379779,16.474430,0.043051,-0.005439,0.980263,0.030297,0.207672,9.733348,0.003855,0.001309,-0.006787,0.337589,0.239905,-0.884581,98935.0000
1779273115784457286,2026-05-20 16:01:55.783,-0.096160,2.371863,16.499100,0.040437,-0.006430,0.980093,0.644702,-0.062269,9.965598,0.007863,0.020245,-0.006404,0.337596,0.240212,-0.884289,98939.0000
1779273115884315971,2026-05-20 16:01:55.883,-0.123230,2.334048,16.505341,0.031745,-0.005584,0.976112,0.509142,0.180931,9.939672,0.007919,-0.003474,0.006822,0.338191,0.240504,-0.884611,98942.0000
1779273115984169101,2026-05-20 16:01:55.982,-0.152016,2.294564,16.509254,0.037981,-0.002224,0.979772,-0.255161,0.106815,9.590381,0.003610,-0.004875,-0.006745,0.339078,0.241375,-0.885554,98942.0000
1779273116084005564,2026-05-20 16:01:56.082,-0.159492,2.278102,16.525063,0.041482,-0.003409,0.980805,0.031264,-0.319477,9.542829,0.006422,0.021998,-0.001500,0.337599,0.241393,-0.884617,98948.0000
1779273116184400138,2026-05-20 16:01:56.183,-0.156515,2.287833,16.540098,0.031022,0.000228,0.974593,0.995701,-0.003728,10.041558,-0.004701,-0.003595,0.000782,0.338180,0.240486,-0.885210,98939.0000
1779273116284180601,2026-05-20 16:01:56.282,-0.136769,2.285947,16.544558,0.032822,-0.000811,0.975225,-0.065750,-0.117224,9.512404,-0.010280,-0.017020,-0.002368,0.339397,0.241116,-0.884356,98949.0000
1779273116384012027,2026-05-20 16:01:56.382,-0.115977,2.272704,16.539589,0.041177,-0.004930,0.979479,0.293175,-0.082555,9.712406,-0.001864,0.010157,0.007160,0.338784,0.239615,-0.884605,98933.0000
1779273116484562082,2026-05-20 16:01:56.483,-0.111448,2.256939,16.534239,0.034670,-0.004720,0.978307,0.805917,-0.149057,10.029548,0.002148,0.011171,0.008969,0.339053,0.240158,-0.886424,98933.0000
1779273116584425175,2026-05-20 16:01:56.583,-0.121910,2.228932,16.532938,0.029427,-0.003385,0.976948,0.275495,-0.018535,9.775506,0.004264,-0.004240,0.000451,0.337323,0.240841,-0.883097,98937.0000
1779273116684309119,2026-05-20 16:01:56.683,-0.151317,2.231390,16.549921,0.034122,-0.003639,0.979625,0.126559,-0.160287,9.599847,0.008015,-0.004304,-0.007781,0.338771,0.240183,-0.885518,98944.0000
1779273116783892341,2026-05-20 16:01:56.782,-0.173416,2.308224,16.553555,0.033417,-0.002762,0.978987,0.177894,0.255385,9.875720,0.004239,-0.013306,0.002733,0.337888,0.240791,-0.884910,98940.0000
1779273116884549341,2026-05-20 16:01:56.883,-0.167041,2.375196,16.561239,0.037080,0.001510,0.977659,0.521024,0.175683,9.874342,0.000919,-0.009220,-0.001629,0.337596,0.240212,-0.884289,98944.0000
1779273116984301063,2026-05-20 16:01:56.983,-0.141200,2.381287,16.591877,0.041399,-0.001145,0.978183,0.302343,-0.034620,9.803974,-0.005244,0.006664,-0.008577,0.336701,0.240504,-0.884273,98938.0000
1779273117084087674,2026-05-20 16:01:57.082,-0.112816,2.367656,16.620546,0.039074,-0.004511,0.976980,0.132984,0.107729,9.824078,-0.000322,-0.000434,-0.001768,0.337254,0.241319,-0.887006,98947.0000
1779273117184117804,2026-05-20 16:01:57.182,-0.093069,2.345973,16.646231,0.038899,-0.004560,0.978034,0.510745,-0.074476,9.756298,0.002568,0.007975,-0.004743,0.338188,0.241677,-0.885239,98941.0000
1779273117284273748,2026-05-20 16:01:57.283,-0.106630,2.286089,16.682301,0.037229,-0.007496,0.978949,0.334768,-0.429824,9.735712,0.007909,0.019903,-0.011387,0.337583,0.239896,-0.884881,98935.0000
1779273117384152637,2026-05-20 16:01:57.382,-0.133182,2.265182,16.713121,0.030778,-0.005367,0.977480,0.403450,0.108420,9.798456,0.008274,-0.006023,-0.003914,0.338201,0.241992,-0.884647,98938.0000
1779273117485390415,2026-05-20 16:01:57.484,-0.150118,2.292469,16.736725,0.036753,-0.001412,0.977761,0.671906,0.093899,9.782065,0.004511,-0.000835,-0.006069,0.337307,0.242582,-0.884638,98945.0000
1779273117584608896,2026-05-20 16:01:57.583,-0.146338,2.315674,16.756945,0.034356,-0.000735,0.976281,0.086164,-0.233769,9.716311,0.000630,0.002626,-0.006349,0.337904,0.242288,-0.884646,98936.0000
1779273117684563118,2026-05-20 16:01:57.683,-0.129703,2.336688,16.763832,0.034223,-0.003289,0.977094,0.707535,-0.130809,9.884299,-0.002957,-0.010236,-0.001140,0.339095,0.241402,-0.884656,98939.0000
1779273117783987785,2026-05-20 16:01:57.782,-0.116759,2.352337,16.754738,0.036757,-0.004192,0.979640,-0.024000,0.046107,9.585531,0.008817,-0.002685,0.003601,0.335821,0.242293,-0.883994,98939.0000
1779273117883848285,2026-05-20 16:01:57.882,-0.118628,2.366019,16.741369,0.039769,-0.003009,0.979480,0.844622,0.090516,9.768476,0.000953,-0.001198,-0.002285,0.336393,0.243433,-0.885835,98946.0000
1779273117984376766,2026-05-20 16:01:57.983,-0.122054,2.381576,16.736324,0.038699,-0.003259,0.977143,0.158174,-0.037877,9.606743,-0.004354,-0.003370,0.000470,0.337883,0.240782,-0.885210,98937.0000
1779273118084299581,2026-05-20 16:01:58.083,-0.120014,2.376050,16.746170,0.042106,-0.001943,0.976971,0.513367,-0.013560,9.677005,-0.000804,-0.000419,0.003553,0.335800,0.241671,-0.884878,98934.0000
1779273118184262655,2026-05-20 16:01:58.182,-0.116212,2.362664,16.769188,0.035310,-0.001936,0.976354,0.358054,0.021611,9.715500,-0.002672,-0.008087,-0.004805,0.336410,0.242576,-0.884615,98949.0000
1779273118284469970,2026-05-20 16:01:58.283,-0.113902,2.347199,16.820126,0.038574,-0.003376,0.978122,0.384248,0.192043,9.699812,-0.001207,-0.004023,-0.013738,0.334874,0.241620,-0.886353,98941.0000
1779273118384284377,2026-05-20 16:01:58.383,-0.117127,2.336965,16.880451,0.040465,-0.005441,0.980835,0.234067,-0.196656,9.765544,-0.000090,0.007661,-0.012707,0.335518,0.242580,-0.884293,98933.0000
1779273118484183859,2026-05-20 16:01:58.482,-0.126182,2.341824,16.927689,0.035111,-0.003972,0.977492,0.540843,0.063439,9.893539,-0.000945,-0.000330,-0.007507,0.335806,0.242564,-0.884900,98938.0000
1779273118585399988,2026-05-20 16:01:58.584,-0.133819,2.320596,16.980694,0.038911,-0.001093,0.978325,0.301207,0.179110,9.559837,-0.005470,-0.000695,-0.013445,0.334320,0.244043,-0.884897,98942.0000
1779273118684541507,2026-05-20 16:01:58.683,-0.127111,2.289140,17.050882,0.039882,-0.002788,0.978208,0.427471,-0.281617,9.714000,-0.001792,0.014702,-0.018808,0.336130,0.244667,-0.884358,98942.0000
1779273118784154247,2026-05-20 16:01:58.782,-0.115706,2.279641,17.126362,0.034176,-0.005956,0.976481,0.225093,-0.209469,9.729086,0.002193,0.000052,-0.012916,0.337020,0.244366,-0.884674,98935.0000
1779273118884009951,2026-05-20 16:01:58.882,-0.109321,2.302274,17.198383,0.031760,-0.004831,0.975419,0.582531,0.129342,9.782579,-0.000297,-0.018886,-0.009884,0.334321,0.243456,-0.884583,98938.0000
1779273118983884636,2026-05-20 16:01:58.982,-0.120081,2.325168,17.267899,0.040184,-0.006353,0.980065,0.028468,-0.243178,9.562471,0.003790,0.004917,-0.010539,0.334943,0.246147,-0.884364,98938.0000
1779273119084289877,2026-05-20 16:01:59.083,-0.133890,2.356850,17.332096,0.038057,-0.004971,0.978161,0.423372,-0.083316,9.819798,0.006154,-0.001443,-0.008588,0.333733,0.244941,-0.884604,98939.0000
1779273119184322469,2026-05-20 16:01:59.182,-0.147269,2.365847,17.395403,0.037574,-0.002107,0.977037,0.062666,0.219158,9.628103,0.005929,0.001375,-0.013135,0.333141,0.248481,-0.885573,98946.0000
1779273119284105543,2026-05-20 16:01:59.282,-0.152958,2.372045,17.451920,0.039780,-0.001122,0.977905,0.857348,0.114213,9.748647,-0.001504,-0.001529,-0.014640,0.333128,0.248165,-0.886165,98944.0000
1779273119384661673,2026-05-20 16:01:59.383,-0.146477,2.367275,17.507246,0.038917,-0.002745,0.977698,0.481922,-0.182468,9.740690,-0.003450,-0.004514,-0.015146,0.333114,0.246082,-0.886115,98941.0000
1779273119484479136,2026-05-20 16:01:59.483,-0.137434,2.357023,17.562944,0.040880,-0.004022,0.979590,0.062326,-0.255521,9.626193,0.008819,0.008325,-0.007968,0.332543,0.247594,-0.885237,98946.0000
1779273119584327580,2026-05-20 16:01:59.583,-0.129107,2.345361,17.623913,0.036477,-0.005397,0.977888,0.818660,-0.164705,10.126056,0.001697,0.003578,-0.005357,0.332859,0.249390,-0.884988,98946.0000
1779273119684193228,2026-05-20 16:01:59.682,-0.121547,2.326063,17.684374,0.035263,-0.004132,0.976371,0.354660,0.023378,9.929517,-0.005062,-0.008640,-0.007017,0.334652,0.250871,-0.885669,98935.0000
1779273119784470599,2026-05-20 16:01:59.783,-0.112984,2.318550,17.727549,0.039088,-0.004423,0.977274,0.267950,-0.194442,9.690102,-0.005068,0.001435,-0.005691,0.331944,0.246706,-0.884901,98939.0000
1779273119884348599,2026-05-20 16:01:59.883,-0.106565,2.330204,17.764837,0.037970,-0.005255,0.977910,0.058737,-0.304722,9.755317,-0.000697,0.006588,-0.000037,0.333167,0.249112,-0.884390,98933.0000
1779273119984157876,2026-05-20 16:01:59.982,-0.106774,2.329426,17.813568,0.036189,-0.002532,0.977647,0.276922,-0.097743,9.746856,-0.003357,-0.007296,0.001847,0.332579,0.249713,-0.884089,98946.0000
1779273120085499043,2026-05-20 16:02:00.084,-0.121754,2.317604,17.878429,0.036614,-0.004820,0.978427,0.386902,0.016177,9.956343,0.001448,-0.012291,-0.006664,0.333171,0.250591,-0.884725,98938.0000
1779273120184407450,2026-05-20 16:02:00.183,-0.144925,2.337402,17.959358,0.040134,-0.005649,0.979539,0.347142,0.224688,9.665465,0.008744,0.001692,-0.013039,0.332549,0.250254,-0.885901,98947.0000
1779273120284283635,2026-05-20 16:02:00.283,-0.162456,2.371264,18.054937,0.039160,-0.003174,0.978943,0.616279,-0.059501,9.860524,0.000557,0.008882,-0.019520,0.329578,0.249974,-0.884619,98939.0000
1779273120384134135,2026-05-20 16:02:00.382,-0.158219,2.382055,18.145979,0.034549,-0.002307,0.974810,0.330529,0.081446,9.661813,-0.000237,-0.011594,-0.008048,0.330452,0.249943,-0.885840,98941.0000
1779273120484603043,2026-05-20 16:02:00.483,-0.131059,2.363439,18.239529,0.047049,-0.001805,0.978336,0.644927,-0.091879,9.841477,-0.012684,0.006017,-0.022944,0.329299,0.250594,-0.883727,98942.0000
1779273120584490487,2026-05-20 16:02:00.583,-0.087635,2.353657,18.332384,0.042415,-0.005114,0.977582,0.468217,-0.224315,9.788271,0.000462,0.021443,-0.015127,0.330833,0.253904,-0.882946,98940.0000
1779273120684274783,2026-05-20 16:02:00.683,-0.066523,2.326010,18.442596,0.032752,-0.007233,0.974889,0.926879,0.127802,9.940927,-0.007073,-0.006076,-0.027302,0.329925,0.253880,-0.883522,98940.0000
1779273120783926894,2026-05-20 16:02:00.782,-0.082053,2.300265,18.544621,0.035710,-0.012817,0.979752,-0.350791,-0.120033,9.715942,-0.000669,-0.009858,-0.020620,0.328698,0.252647,-0.884661,98942.0000
1779273120884439728,2026-05-20 16:02:00.883,-0.118942,2.309298,18.628176,0.043089,-0.009490,0.983175,0.162967,0.119004,9.872266,0.007958,0.017836,-0.018454,0.328991,0.254407,-0.885610,98937.0000
1779273120984271857,2026-05-20 16:02:00.983,-0.138120,2.114195,18.775305,0.039966,-0.002420,0.983572,0.672537,0.347333,10.077004,-0.000124,0.077319,-0.035977,0.328141,0.256539,-0.883840,98940.0000
1779273121084054283,2026-05-20 16:02:01.082,-0.121370,1.531156,19.092234,0.019381,-0.000725,0.978822,0.214979,0.149037,9.929182,-0.007499,0.110995,-0.071049,0.331528,0.257596,-0.879153,98942.0000
1779273121185696931,2026-05-20 16:02:01.184,-0.062000,0.799491,19.572876,-0.008547,-0.006276,0.979828,-0.626437,0.034821,9.611613,-0.017936,0.119452,-0.092405,0.334931,0.262801,-0.875166,98938.0000
1779273121284599579,2026-05-20 16:02:01.283,0.013917,0.075644,20.217552,-0.031371,-0.015080,0.982575,-1.119519,-0.667924,9.463031,-0.012463,0.109823,-0.120985,0.335060,0.265362,-0.869232,98942.0000
1779273121384050061,2026-05-20 16:02:01.382,0.080059,-0.391548,20.961449,-0.053111,-0.017532,0.980792,-0.725632,0.031381,9.645218,-0.005777,0.058724,-0.136063,0.334566,0.271120,-0.865759,98935.0000
1779273121484007709,2026-05-20 16:02:01.482,0.121376,-0.551687,21.756735,-0.058748,-0.021359,0.980187,-0.523400,-0.567297,9.948400,0.006949,0.037922,-0.146084,0.331624,0.277071,-0.865227,98938.0000
1779273121584505394,2026-05-20 16:02:01.583,0.130852,-0.714832,22.610249,-0.059562,-0.020096,0.979814,-1.168858,0.632643,9.821911,0.015062,0.077276,-0.168639,0.327479,0.281825,-0.864636,98937.0000
1779273121684339894,2026-05-20 16:02:01.683,0.126125,-1.189807,23.678961,-0.076512,-0.025829,0.972429,-1.205299,-2.097042,8.644269,0.005186,0.099241,-0.200162,0.325519,0.288801,-0.859955,98947.0000
1779273121784322746,2026-05-20 16:02:01.783,0.066396,-1.649259,24.939228,-0.105823,-0.024117,0.971700,-1.127080,-1.354795,9.651459,0.028288,0.056078,-0.216868,0.321118,0.294211,-0.857273,98940.0000
1779273121884135727,2026-05-20 16:02:01.882,-0.034941,-1.790869,26.255825,-0.122256,-0.016509,0.973095,-1.981935,0.185590,9.383749,0.019856,-0.002214,-0.221892,0.316104,0.305191,-0.857409,98941.0000
1779273121984678338,2026-05-20 16:02:01.983,-0.115795,-1.523138,27.558210,-0.113526,-0.010499,0.970626,-1.275424,0.143140,9.709909,0.028262,-0.067875,-0.223781,0.308016,0.311310,-0.860050,98942.0000
1779273122084189264,2026-05-20 16:02:02.082,-0.136406,-0.908392,28.877298,-0.085100,-0.001505,0.974340,-0.552467,-0.591955,9.593406,0.001987,-0.120872,-0.237364,0.296305,0.317352,-0.864395,98946.0000
1779273122184180412,2026-05-20 16:02:02.182,-0.090259,-0.189752,30.251301,-0.056635,-0.003283,0.972195,-0.211803,-0.035946,9.746225,-0.002652,-0.113424,-0.248127,0.284059,0.327909,-0.867036,98942.0000
1779273122284744690,2026-05-20 16:02:02.283,-0.030757,0.357831,31.677673,-0.021249,-0.007155,0.977083,0.357433,0.190412,10.236341,-0.026389,-0.051295,-0.272421,0.271762,0.335148,-0.871096,98946.0000
1779273122384572560,2026-05-20 16:02:02.383,-0.034085,0.362447,33.233219,-0.016852,-0.020947,0.976359,-0.289541,-0.390468,9.780814,0.004277,0.034864,-0.283253,0.263740,0.344315,-0.871412,98944.0000
1779273122484062615,2026-05-20 16:02:02.482,-0.149603,0.087434,34.815708,-0.029370,-0.020219,0.976358,-1.094740,0.176535,9.723894,0.022138,0.052763,-0.279641,0.253931,0.350539,-0.870112,98941.0000
1779273122583912875,2026-05-20 16:02:02.582,-0.279589,-0.161957,36.383579,-0.043120,-0.004276,0.979457,-0.114503,0.051848,9.940221,0.015512,0.013566,-0.276072,0.246826,0.359450,-0.869245,98943.0000
1779273122684468393,2026-05-20 16:02:02.683,-0.320502,-0.232723,38.030468,-0.041261,0.007904,0.982019,-1.165081,0.049203,9.316519,-0.009419,-0.024322,-0.303575,0.234893,0.367971,-0.870346,98940.0000
1779273122784406652,2026-05-20 16:02:02.783,-0.250845,-0.085910,39.849030,-0.030001,0.013982,0.984155,-0.599164,0.459209,9.573684,-0.022161,-0.053967,-0.332571,0.223009,0.376275,-0.868743,98931.0000
1779273122884246912,2026-05-20 16:02:02.882,-0.126244,0.265345,41.833076,-0.013159,0.001702,0.978843,0.042597,-0.324049,9.619001,-0.021223,-0.080837,-0.348928,0.209257,0.385335,-0.871310,98942.0000
1779273122984108097,2026-05-20 16:02:02.982,-0.049007,0.617720,43.887260,0.010152,-0.006642,0.977587,0.223180,-0.023385,9.778746,-0.010896,-0.049393,-0.366159,0.191969,0.394165,-0.870782,98944.0000
1779273123084567430,2026-05-20 16:02:03.083,-0.057206,0.801205,45.936420,0.025182,-0.016176,0.976160,0.216111,0.063146,9.762900,0.009298,-0.024644,-0.345628,0.176134,0.401463,-0.872054,98940.0000
1779273123184120837,2026-05-20 16:02:03.182,-0.118909,0.741195,47.969589,0.032598,-0.009382,0.978976,0.323396,0.071514,9.840380,0.004583,0.021729,-0.349546,0.162144,0.410619,-0.871318,98947.0000
1779273123284079522,2026-05-20 16:02:03.282,-0.158101,0.474503,50.032784,0.023854,-0.002655,0.980673,0.122566,-0.034698,9.831026,0.000681,0.051363,-0.362894,0.147229,0.417075,-0.871093,98939.0000
1779273123384584374,2026-05-20 16:02:03.383,-0.138847,0.156827,52.132706,0.007154,0.000017,0.981684,-0.018178,-0.056986,9.767185,0.000612,0.052116,-0.359888,0.133839,0.424765,-0.869738,98946.0000
1779273123484454948,2026-05-20 16:02:03.483,-0.077276,-0.062163,54.230423,-0.008919,-0.001762,0.980244,-0.235034,-0.136772,9.856755,-0.013511,0.025437,-0.367633,0.119266,0.431880,-0.867438,98937.0000
1779273123584339726,2026-05-20 16:02:03.583,-0.037684,-0.106751,56.309250,-0.013681,-0.007031,0.977453,-0.085502,0.009886,9.794236,-0.001716,-0.004826,-0.359423,0.103127,0.435929,-0.867725,98940.0000
1779273123684127096,2026-05-20 16:02:03.682,-0.039881,0.005740,58.398746,-0.012600,-0.007864,0.974458,-0.187409,0.153729,9.753805,0.006936,-0.026364,-0.372093,0.087886,0.441752,-0.868676,98942.0000
1779273123784450485,2026-05-20 16:02:03.783,-0.072784,0.193713,60.547928,-0.000509,-0.007889,0.974911,0.221335,-0.100189,9.734984,0.007399,-0.032742,-0.378731,0.069972,0.445528,-0.867711,98942.0000
1779273123884262911,2026-05-20 16:02:03.883,-0.113443,0.355909,62.756557,0.010232,-0.001291,0.977065,0.110005,-0.131262,9.806597,0.006639,-0.017478,-0.386542,0.051453,0.449878,-0.867345,98937.0000
1779273123984093578,2026-05-20 16:02:03.982,-0.138476,0.430461,64.982681,0.016811,0.000773,0.980483,0.230280,0.102500,9.910973,-0.002443,-0.001781,-0.385229,0.032016,0.454484,-0.868160,98939.0000
1779273124085400003,2026-05-20 16:02:04.084,-0.133188,0.398475,67.178017,0.016971,0.001354,0.981388,0.094084,0.047657,9.831557,-0.008660,0.011908,-0.380132,0.014961,0.455849,-0.868359,98940.0000
1779273124184316911,2026-05-20 16:02:04.183,-0.091712,0.282171,69.371338,0.012888,-0.000473,0.982452,-0.094307,0.025006,9.761452,-0.012277,0.024462,-0.384564,-0.002962,0.458138,-0.867358,98940.0000
1779273124284236818,2026-05-20 16:02:04.283,-0.037405,0.134568,71.595413,0.005321,-0.003150,0.980802,-0.053384,-0.179553,9.770775,-0.011696,0.020170,-0.387607,-0.019116,0.461574,-0.868230,98944.0000
1779273124384118800,2026-05-20 16:02:04.382,0.017353,0.027398,73.839241,-0.001619,-0.005356,0.976968,-0.102408,-0.228943,9.755795,-0.006068,0.009616,-0.387024,-0.037943,0.460313,-0.866221,98939.0000
1779273124484656040,2026-05-20 16:02:04.483,0.048633,0.002804,76.068954,-0.005284,-0.007114,0.974687,0.070567,-0.032548,9.761930,-0.004240,-0.005830,-0.385195,-0.055613,0.461648,-0.867303,98935.0000
1779273124584542114,2026-05-20 16:02:04.583,0.042649,0.059906,78.276329,-0.002635,-0.008535,0.974090,0.166562,-0.248051,9.763672,0.008190,-0.017557,-0.379425,-0.073584,0.459148,-0.867086,98946.0000
1779273124684322910,2026-05-20 16:02:04.683,0.006838,0.152499,80.475578,0.001454,-0.005510,0.974945,0.068448,-0.099070,9.702098,0.005760,-0.020281,-0.378745,-0.093033,0.457847,-0.866260,98944.0000
1779273124783875762,2026-05-20 16:02:04.782,-0.018431,0.239358,82.671219,0.005898,-0.003103,0.979092,0.002394,0.114296,9.685462,0.004164,-0.014203,-0.378959,-0.109799,0.456544,-0.866102,98939.0000
1779273124884415670,2026-05-20 16:02:04.883,-0.012816,0.293943,84.859634,0.010659,-0.000500,0.982181,0.091904,-0.073222,9.774189,0.001417,-0.002855,-0.381350,-0.129257,0.454640,-0.865561,98942.0000
1779273124984284484,2026-05-20 16:02:04.983,0.036215,0.303098,87.039841,0.011364,-0.000729,0.982973,0.135012,-0.031518,9.913622,-0.011564,0.003850,-0.376092,-0.146921,0.449210,-0.863782,98944.0000
1779273125084243058,2026-05-20 16:02:05.083,0.107148,0.299819,89.199593,0.008064,-0.004162,0.981055,-0.001289,0.122304,9.745919,-0.008669,0.001912,-0.367040,-0.162525,0.446094,-0.864810,98940.0000
1779273125183919984,2026-05-20 16:02:05.182,0.162919,0.299912,91.317329,0.007059,-0.009261,0.978085,0.063106,-0.121472,9.800117,-0.005756,0.004141,-0.365428,-0.180493,0.442422,-0.863965,98944.0000
1779273125284426743,2026-05-20 16:02:05.283,0.173004,0.287881,93.395973,0.008259,-0.008594,0.976221,-0.120598,0.116257,9.705198,0.001826,0.006587,-0.363902,-0.196068,0.437880,-0.862860,98939.0000
1779273125384276854,2026-05-20 16:02:05.383,0.153660,0.263126,95.477631,0.009690,-0.011047,0.975809,0.048769,-0.110536,9.769682,0.005216,0.002096,-0.361071,-0.211680,0.432690,-0.863538,98940.0000
1779273125484082262,2026-05-20 16:02:05.482,0.130511,0.235924,97.575760,0.006657,-0.005219,0.976832,0.040670,-0.376713,9.790233,0.003097,0.006175,-0.364289,-0.227907,0.425115,-0.864143,98948.0000
1779273125584693484,2026-05-20 16:02:05.583,0.132700,0.238191,99.664894,0.004395,-0.000640,0.978874,0.322258,-0.134852,9.892111,-0.001227,-0.007631,-0.362320,-0.243213,0.418465,-0.863894,98939.0000
1779273125684472336,2026-05-20 16:02:05.683,0.163715,0.289652,101.736992,0.002847,-0.003730,0.980351,0.174765,0.091814,9.927492,-0.007175,-0.012337,-0.354876,-0.258491,0.410977,-0.861826,98946.0000
1779273125784098651,2026-05-20 16:02:05.782,0.208947,0.365581,103.796921,0.006282,-0.006676,0.979765,0.055653,-0.013883,9.807298,-0.004895,-0.010907,-0.351649,-0.273216,0.404304,-0.862491,98938.0000
1779273125884033225,2026-05-20 16:02:05.882,0.235260,0.413883,105.852104,0.012004,-0.008064,0.977851,0.034818,-0.089883,9.867657,-0.001806,-0.002331,-0.357605,-0.287350,0.395560,-0.862822,98945.0000
1779273125984473187,2026-05-20 16:02:05.983,0.224923,0.406316,107.904541,0.014413,-0.009849,0.977045,0.104559,-0.247225,9.776083,0.007262,0.013906,-0.351844,-0.302636,0.385998,-0.860404,98944.0000
1779273126084434965,2026-05-20 16:02:06.083,0.192176,0.338696,109.966774,0.013343,-0.006250,0.978260,0.318590,-0.282252,9.823583,0.003799,0.017077,-0.364252,-0.314964,0.378167,-0.860502,98940.0000
1779273126184918928,2026-05-20 16:02:06.182,0.183629,0.250949,112.048241,0.006577,-0.003265,0.980076,0.109744,0.190266,9.656176,-0.004029,0.014009,-0.361283,-0.327915,0.368232,-0.861134,98933.0000
1779273126284426113,2026-05-20 16:02:06.283,0.215444,0.203009,114.076775,0.000761,-0.005319,0.980238,0.036909,-0.104101,9.717028,-0.006508,0.002992,-0.341844,-0.342067,0.357693,-0.861721,98943.0000
1779273126384306317,2026-05-20 16:02:06.383,0.253895,0.243141,115.972107,-0.001446,-0.008076,0.978575,0.006077,-0.101547,9.765874,-0.007054,-0.018073,-0.319724,-0.353467,0.346090,-0.858753,98944.0000
1779273126484150261,2026-05-20 16:02:06.482,0.259967,0.322434,117.740074,0.005322,-0.012345,0.977061,0.113936,-0.246235,9.732120,0.002709,-0.010442,-0.299957,-0.365207,0.338245,-0.859466,98943.0000
1779273126584060539,2026-05-20 16:02:06.582,0.216820,0.368123,119.391800,0.010337,-0.013056,0.975397,-0.045175,-0.221541,9.669143,0.010085,-0.012015,-0.274624,-0.374845,0.329249,-0.859305,98937.0000
1779273126684545187,2026-05-20 16:02:06.683,0.140103,0.518704,120.923706,0.011197,-0.008304,0.974123,0.122476,0.104885,9.733602,0.010698,-0.030948,-0.253885,-0.384807,0.317267,-0.859364,98940.0000
1779273126784522650,2026-05-20 16:02:06.783,0.075447,0.756118,122.339043,0.021917,-0.001469,0.977970,0.063015,-0.187046,9.704682,0.008337,-0.042729,-0.232445,-0.393492,0.310721,-0.857187,98938.0000
1779273126884333872,2026-05-20 16:02:06.883,0.057917,1.160485,123.515800,0.031909,-0.002214,0.976296,0.639630,0.052505,9.850347,-0.005246,-0.096783,-0.168536,-0.402805,0.302944,-0.856163,98946.0000
1779273126984208372,2026-05-20 16:02:06.982,0.092923,2.055624,124.253654,0.055730,-0.003809,0.972542,0.604521,-0.202568,9.446137,-0.015497,-0.175128,-0.090321,-0.411975,0.299226,-0.848943,98946.0000
1779273127084599094,2026-05-20 16:02:07.083,0.158580,3.037770,124.681824,0.110228,-0.006983,0.978031,1.609330,-0.686719,9.988252,-0.013827,-0.145595,-0.051425,-0.419956,0.295208,-0.842046,98945.0000
1779273127184237742,2026-05-20 16:02:07.182,0.217456,3.524329,124.998352,0.150338,-0.008503,0.977478,1.662731,0.167786,9.773007,-0.009404,-0.044492,-0.054152,-0.424387,0.296154,-0.839256,98932.0000
1779273127285532446,2026-05-20 16:02:07.284,0.254598,3.543245,125.382469,0.161728,-0.007471,0.975063,2.152210,0.061507,9.899889,-0.008594,0.031883,-0.076035,-0.427391,0.293466,-0.838816,98946.0000
1779273127384657094,2026-05-20 16:02:07.383,0.271505,3.309468,125.859558,0.145998,-0.012923,0.971724,1.139578,-0.208913,9.711336,-0.000487,0.050809,-0.078017,-0.428347,0.290422,-0.840817,98943.0000
1779273127484501798,2026-05-20 16:02:07.483,0.274455,3.019844,126.314148,0.128239,-0.009214,0.972063,0.835484,-0.131461,9.725461,0.002011,0.047790,-0.071987,-0.428707,0.287967,-0.843149,98945.0000
1779273127584341853,2026-05-20 16:02:07.583,0.266423,2.842049,126.673317,0.109228,-0.010856,0.971734,1.023086,-0.097290,9.570621,0.002055,0.005011,-0.051070,-0.428134,0.284102,-0.843071,98944.0000
1779273127684214094,2026-05-20 16:02:07.682,0.254794,2.872352,126.948303,0.104188,-0.009353,0.973567,0.832539,-0.252042,9.607417,0.005024,-0.028126,-0.035755,-0.430206,0.282358,-0.841177,98947.0000
1779273127784504575,2026-05-20 16:02:07.783,0.240889,3.116975,127.160255,0.107105,-0.009622,0.970291,2.111504,0.026006,9.983628,0.003713,-0.052760,-0.034246,-0.432304,0.281750,-0.841109,98942.0000
1779273127884376001,2026-05-20 16:02:07.883,0.210144,3.450956,127.317787,0.116644,-0.011435,0.968488,0.808451,-0.111798,9.535751,0.004881,-0.065339,-0.016752,-0.434369,0.278544,-0.838280,98937.0000
1779273127984170686,2026-05-20 16:02:07.982,0.179944,3.770399,127.451035,0.130445,-0.010604,0.969227,1.711482,-0.274654,9.747892,0.002225,-0.059023,-0.026988,-0.437647,0.277072,-0.836962,98938.0000
1779273128085578723,2026-05-20 16:02:08.084,0.150266,3.887094,127.585106,0.138482,-0.006285,0.975530,1.055070,-0.042080,9.611345,-0.010280,0.006720,-0.025786,-0.437918,0.277115,-0.835456,98938.0000
1779273128184434519,2026-05-20 16:02:08.183,0.153148,3.662985,127.724648,0.123726,-0.001425,0.980552,1.023867,0.174655,10.035425,0.002471,0.075304,-0.025451,-0.438565,0.277328,-0.838144,98939.0000
1779273128284293705,2026-05-20 16:02:08.283,0.195055,3.156406,127.850502,0.093661,0.001064,0.980684,0.434557,-0.010857,9.756001,-0.007883,0.094562,-0.014140,-0.436818,0.276970,-0.840579,98936.0000
1779273128384135742,2026-05-20 16:02:08.382,0.240246,2.593844,127.930428,0.065053,-0.005588,0.981298,0.233053,-0.263272,9.793116,-0.011010,0.088295,-0.007144,-0.433617,0.275962,-0.845135,98941.0000
1779273128484673112,2026-05-20 16:02:08.483,0.235096,2.183641,127.958046,0.041412,-0.016245,0.977761,0.241482,-0.424301,9.817061,0.019228,0.069622,0.003368,-0.431874,0.277362,-0.848512,98938.0000
1779273128584530334,2026-05-20 16:02:08.583,0.157884,1.954161,127.980301,0.028400,-0.017518,0.971014,0.401123,-0.290639,9.618959,0.020638,0.032086,-0.011215,-0.429491,0.275005,-0.848216,98942.0000
1779273128684334667,2026-05-20 16:02:08.683,0.065344,1.903635,128.006851,0.025047,-0.012082,0.971590,0.612158,-0.086157,9.946641,0.012599,-0.009052,0.002663,-0.428648,0.275218,-0.851242,98942.0000
1779273128783977834,2026-05-20 16:02:08.782,0.073478,1.975300,128.001892,0.030705,0.007915,0.979937,0.728654,0.273820,10.116953,-0.012123,-0.016823,0.004934,-0.430712,0.275548,-0.849698,98948.0000
1779273128884520667,2026-05-20 16:02:08.883,0.223397,2.122726,127.944824,0.034791,0.013320,0.985803,0.870983,-0.339731,10.132675,-0.028479,-0.015255,0.013192,-0.430081,0.275308,-0.847909,98948.0000
1779273128984332130,2026-05-20 16:02:08.983,0.408997,2.247910,127.814232,0.042483,0.002782,0.984766,1.069001,-0.074085,9.844501,-0.021538,-0.011154,0.027107,-0.430924,0.278630,-0.846168,98938.0000
1779273129084149426,2026-05-20 16:02:09.082,0.472185,2.227325,127.654869,0.053620,-0.020118,0.980041,0.821962,-0.252681,9.798617,0.016382,0.029615,0.031333,-0.430036,0.278915,-0.846797,98940.0000
1779273129183682760,2026-05-20 16:02:09.182,0.318106,1.997058,127.504501,0.049176,-0.030464,0.969462,0.085397,-0.289192,9.563196,0.051076,0.049772,0.029682,-0.425877,0.279482,-0.848716,98945.0000
1779273129284695852,2026-05-20 16:02:09.283,0.054902,1.665255,127.338295,0.030110,-0.011850,0.969361,-0.087076,0.075607,9.704199,0.036969,0.052647,0.039493,-0.425950,0.279365,-0.852610,98944.0000
1779273129384514426,2026-05-20 16:02:09.383,-0.068376,1.502222,127.106682,0.007954,0.018872,0.980025,-0.103375,0.276739,9.789399,0.002487,0.015829,0.053029,-0.423002,0.279609,-0.855090,98941.0000
1779273129484000019,2026-05-20 16:02:09.482,0.060209,1.611381,126.805069,0.003040,0.033330,0.985282,0.120834,0.524683,9.846867,-0.035815,-0.038401,0.056988,-0.420848,0.283544,-0.853440,98944.0000
1779273129584536704,2026-05-20 16:02:09.583,0.320486,1.888552,126.476540,0.021851,0.013963,0.984834,0.294278,-0.303191,9.718762,-0.039485,-0.049726,0.062274,-0.421085,0.286293,-0.851100,98941.0000
1779273129684370778,2026-05-20 16:02:09.683,0.479192,2.149499,126.142670,0.042034,-0.017669,0.974702,0.697515,-0.344037,9.720448,-0.003212,-0.029224,0.053932,-0.420975,0.289413,-0.846379,98945.0000
1779273129784368630,2026-05-20 16:02:09.783,0.372265,2.182218,125.806458,0.051082,-0.033199,0.967965,0.667093,-0.035394,9.667789,0.042749,0.014659,0.064230,-0.417997,0.290883,-0.847690,98941.0000
1779273129884159000,2026-05-20 16:02:09.882,0.109268,2.016961,125.456123,0.044341,-0.012650,0.973720,0.194109,0.196314,9.647268,0.047266,0.042991,0.069821,-0.416863,0.292261,-0.851651,98940.0000
1779273129984751611,2026-05-20 16:02:09.983,-0.044179,1.819532,125.078384,0.023414,0.024065,0.981352,-0.192044,0.559781,9.663976,0.012755,0.026284,0.075478,-0.413905,0.292226,-0.853525,98945.0000
1779273130084470833,2026-05-20 16:02:10.083,0.044260,1.772097,124.660423,0.014028,0.034933,0.985747,-0.078551,0.353388,9.814145,-0.024986,-0.006650,0.077314,-0.409970,0.296741,-0.852834,98946.0000
1779273130185556981,2026-05-20 16:02:10.184,0.273155,1.901476,124.214378,0.018178,0.018395,0.983858,0.177988,-0.383792,10.010490,-0.036454,-0.026604,0.085449,-0.409617,0.300656,-0.851437,98945.0000
1779273130284699648,2026-05-20 16:02:10.283,0.417898,2.120428,123.733826,0.027986,-0.008696,0.972684,0.656121,-0.205643,9.702920,-0.004544,-0.030514,0.077764,-0.408360,0.304000,-0.849450,98938.0000
1779273130384549481,2026-05-20 16:02:10.383,0.320473,2.261663,123.224495,0.037706,-0.024388,0.968305,0.506839,-0.109703,9.630775,0.041058,-0.013461,0.090325,-0.406538,0.307294,-0.849275,98940.0000
1779273130484385870,2026-05-20 16:02:10.483,0.070396,2.249188,122.718559,0.041707,-0.002893,0.974697,0.528856,0.242418,9.578501,0.039794,0.012887,0.082487,-0.402366,0.307292,-0.850281,98941.0000
1779273130584233463,2026-05-20 16:02:10.583,-0.085810,2.192376,122.262779,0.031443,0.023288,0.982612,-0.028800,0.223276,9.782712,0.016104,0.008331,0.078978,-0.399101,0.309333,-0.852512,98941.0000
1779273130684772981,2026-05-20 16:02:10.683,-0.003312,2.159261,121.878632,0.030322,0.034860,0.986472,-0.014348,0.255696,9.837983,-0.022680,0.001053,0.066268,-0.396993,0.312312,-0.852937,98941.0000
1779273130784412518,2026-05-20 16:02:10.783,0.247303,2.210265,121.550034,0.029851,0.022682,0.983207,0.587598,0.461744,9.915685,-0.039608,-0.012509,0.046388,-0.396904,0.315694,-0.849421,98935.0000
1779273130884317870,2026-05-20 16:02:10.883,0.458022,2.335099,121.237358,0.032475,-0.006892,0.975279,0.550011,-0.266033,9.678302,-0.019897,-0.026722,0.055607,-0.393874,0.319896,-0.849000,98941.0000
1779273130985527647,2026-05-20 16:02:10.984,0.466716,2.466221,120.912041,0.040465,-0.024574,0.969175,0.451059,-0.254417,9.682871,0.021587,-0.017463,0.071308,-0.393844,0.321123,-0.847830,98934.0000
1779273131084618203,2026-05-20 16:02:11.083,0.263437,2.511548,120.571785,0.046448,-0.016846,0.971114,0.351644,-0.032128,9.765602,0.042468,0.003761,0.063116,-0.392054,0.322892,-0.848818,98944.0000
1779273131184248370,2026-05-20 16:02:11.182,0.017687,2.445413,120.229553,0.045373,0.004006,0.977434,0.222835,0.149036,9.617631,0.037568,0.013902,0.059511,-0.389412,0.323712,-0.851904,98940.0000
1779273131284075573,2026-05-20 16:02:11.282,-0.083521,2.327716,119.920364,0.044073,0.023783,0.983729,0.159027,-0.021600,9.722382,0.003494,0.026001,0.052330,-0.386397,0.323766,-0.850782,98934.0000
1779273131384588832,2026-05-20 16:02:11.383,0.021931,2.247257,119.644424,0.033530,0.028202,0.984228,0.667714,0.252190,9.953294,-0.028766,0.009286,0.043987,-0.385511,0.326405,-0.852368,98931.0000
1779273131484440073,2026-05-20 16:02:11.483,0.264308,2.233681,119.394714,0.032977,0.016067,0.982757,-0.032124,0.113098,9.678406,-0.044020,-0.006633,0.037719,-0.381589,0.328836,-0.851626,98939.0000
1779273131584542443,2026-05-20 16:02:11.583,0.488915,2.307725,119.151955,0.036125,-0.008464,0.976991,0.352149,-0.688595,9.549232,-0.025811,-0.007646,0.040574,-0.380962,0.329769,-0.850465,98942.0000
1779273131685883129,2026-05-20 16:02:11.684,0.541680,2.400427,118.884583,0.032680,-0.020639,0.973357,0.204056,0.164119,9.868637,0.009095,-0.016623,0.058532,-0.380884,0.334016,-0.847869,98940.0000
1779273131784537295,2026-05-20 16:02:11.783,0.415729,2.433395,118.603546,0.042482,-0.015238,0.973525,0.414235,-0.326764,9.602646,0.027843,-0.001473,0.049571,-0.378542,0.333950,-0.850627,98939.0000
1779273131884393295,2026-05-20 16:02:11.883,0.208656,2.403147,118.305000,0.041763,-0.005089,0.976912,0.468368,-0.015456,9.958579,0.043943,0.018071,0.051895,-0.378229,0.335151,-0.850363,98946.0000
1779273131984180073,2026-05-20 16:02:11.982,0.061970,2.330190,118.010300,0.039801,0.015027,0.979866,0.760883,0.593795,9.926661,0.014771,0.010619,0.045235,-0.375576,0.336872,-0.853171,98938.0000
1779273132085574202,2026-05-20 16:02:12.084,0.058439,2.289384,117.749374,0.033062,0.016700,0.978583,-0.162664,0.003088,9.659988,-0.006836,-0.000500,0.044407,-0.372892,0.337168,-0.853847,98943.0000
1779273132184380332,2026-05-20 16:02:12.183,0.180927,2.253258,117.552574,0.036245,0.015764,0.981002,0.390607,0.056894,9.697085,-0.024914,0.002948,0.029124,-0.370487,0.338085,-0.853630,98940.0000
1779273132284436276,2026-05-20 16:02:12.283,0.344439,2.271147,117.410027,0.034703,0.000307,0.979398,0.511301,-0.010332,9.715897,-0.022242,-0.001853,0.021533,-0.370711,0.341149,-0.850698,98945.0000
1779273132384219036,2026-05-20 16:02:12.382,0.441637,2.312795,117.269814,0.030726,-0.012923,0.974706,0.052551,-0.315852,9.666183,-0.002843,-0.010989,0.031924,-0.371305,0.342624,-0.851019,98943.0000
1779273132484766295,2026-05-20 16:02:12.483,0.409428,2.358046,117.122093,0.035741,-0.012164,0.977420,0.294246,0.358311,9.595823,0.013372,-0.009127,0.027095,-0.370374,0.342684,-0.849244,98944.0000
1779273132584584721,2026-05-20 16:02:12.583,0.287101,2.412655,116.957443,0.038401,-0.010151,0.976601,0.453353,-0.478505,9.891138,0.030696,-0.003010,0.034507,-0.368915,0.342044,-0.851066,98936.0000
1779273132684417035,2026-05-20 16:02:12.683,0.162775,2.442930,116.777115,0.034833,0.003492,0.977328,0.229719,0.622703,9.809854,0.018962,-0.009492,0.032592,-0.367692,0.343566,-0.850233,98936.0000
1779273132784043054,2026-05-20 16:02:12.782,0.113389,2.454497,116.596756,0.039871,0.009301,0.979544,-0.029901,0.222254,9.594941,-0.000417,-0.001824,0.027112,-0.367141,0.343200,-0.852638,98941.0000
1779273132884584313,2026-05-20 16:02:12.883,0.152358,2.451741,116.421066,0.038584,0.010125,0.978260,0.079295,-0.380919,9.683232,-0.010901,-0.002943,0.023907,-0.364098,0.345951,-0.850982,98940.0000
1779273132984506757,2026-05-20 16:02:12.983,0.251263,2.437626,116.272125,0.037905,0.004687,0.977507,0.550210,0.047911,9.810164,-0.011605,-0.004961,0.025121,-0.362910,0.347122,-0.851940,98941.0000
1779273133084139998,2026-05-20 16:02:13.082,0.337767,2.445683,116.153297,0.037997,-0.002553,0.976833,0.221635,0.184263,9.563773,-0.003000,-0.000108,0.019673,-0.364389,0.348023,-0.851324,98940.0000
1779273133184785146,2026-05-20 16:02:13.183,0.372271,2.470064,116.074013,0.036661,-0.005246,0.976569,0.974374,0.024804,9.998768,-0.002660,-0.005358,0.006677,-0.362586,0.349224,-0.851399,98943.0000
1779273133284672628,2026-05-20 16:02:13.283,0.334852,2.466173,116.018021,0.035722,-0.008618,0.976675,0.079482,-0.075984,9.723923,0.006453,-0.012046,0.009137,-0.362842,0.348997,-0.848988,98944.0000
1779273133384544202,2026-05-20 16:02:13.383,0.271924,2.462451,115.980194,0.041909,-0.004333,0.980649,0.128528,0.075413,9.688349,0.015231,0.001379,0.009986,-0.362281,0.349235,-0.851107,98939.0000
1779273133484374405,2026-05-20 16:02:13.483,0.230987,2.474477,115.956177,0.036848,0.000774,0.980189,0.511731,0.300961,9.936346,0.008187,0.003154,0.004842,-0.361683,0.349239,-0.851122,98944.0000
1779273133584551794,2026-05-20 16:02:13.583,0.223822,2.473060,115.942856,0.033898,0.002959,0.977673,0.537777,0.252987,9.691917,-0.001458,-0.013999,0.000149,-0.362597,0.349206,-0.851998,98940.0000
1779273133684394553,2026-05-20 16:02:13.683,0.240631,2.456491,115.939690,0.043032,0.000186,0.980147,0.252394,-0.123834,9.581337,0.000433,0.005153,-0.008072,-0.361717,0.349185,-0.852919,98940.0000
1779273133784336183,2026-05-20 16:02:13.783,0.271081,2.475675,115.948708,0.039816,-0.004725,0.977004,0.117179,0.029420,9.758538,-0.000427,0.007942,0.003086,-0.362280,0.348649,-0.850793,98938.0000
1779273133884227590,2026-05-20 16:02:13.882,0.289362,2.481630,115.960823,0.031216,-0.004552,0.973692,-0.048069,0.030826,9.633920,0.002843,-0.010465,-0.001049,-0.361719,0.348004,-0.852591,98936.0000
1779273133984735886,2026-05-20 16:02:13.983,0.280090,2.451638,115.966835,0.036000,-0.004776,0.975851,0.492307,0.357762,9.615605,-0.003673,-0.013967,-0.000963,-0.361077,0.348665,-0.850524,98942.0000
1779273134084295442,2026-05-20 16:02:14.083,0.264641,2.436982,115.961243,0.041763,-0.006373,0.979287,0.188308,-0.104208,9.442563,0.007432,0.016373,0.005658,-0.359926,0.348601,-0.852951,98938.0000
1779273134184203294,2026-05-20 16:02:14.182,0.259727,2.439688,115.948784,0.034286,-0.002109,0.979595,0.413262,-0.361720,9.698790,0.010370,0.006169,0.003537,-0.361075,0.348963,-0.850531,98943.0000
1779273134284824349,2026-05-20 16:02:14.283,0.262527,2.418792,115.933464,0.032771,0.000347,0.979322,0.199280,0.298443,9.821950,0.001867,-0.001427,0.009241,-0.362012,0.348011,-0.852284,98942.0000
1779273134384604145,2026-05-20 16:02:14.383,0.287530,2.412432,115.914841,0.040059,-0.000415,0.981021,-0.103420,0.027389,9.717921,-0.005370,0.001990,0.009418,-0.362016,0.348299,-0.852591,98943.0000
1779273134484475590,2026-05-20 16:02:14.483,0.326797,2.440853,115.898888,0.036998,-0.000840,0.978949,1.044741,-0.007971,9.999756,-0.000608,0.007468,-0.001375,-0.361664,0.348680,-0.849910,98940.0000
1779273134584353923,2026-05-20 16:02:14.583,0.342714,2.453417,115.896263,0.032403,-0.004873,0.975420,0.593777,-0.213301,9.844951,-0.005504,-0.014628,-0.001215,-0.360487,0.349246,-0.851153,98940.0000
1779273134684488997,2026-05-20 16:02:14.683,0.326500,2.461024,115.914749,0.039963,-0.006487,0.977089,0.007696,-0.287347,9.596368,0.007828,-0.000532,-0.001265,-0.361075,0.350731,-0.851173,98946.0000
1779273134784548256,2026-05-20 16:02:14.783,0.288239,2.488152,115.943855,0.037421,-0.005572,0.974880,0.441806,-0.014770,9.778560,0.009470,-0.001259,0.003343,-0.361382,0.347771,-0.850495,98943.0000
1779273134884297886,2026-05-20 16:02:14.883,0.244047,2.504740,115.983276,0.034000,-0.002689,0.973809,0.449707,-0.079347,9.792365,0.004630,-0.011131,-0.010689,-0.361988,0.347461,-0.850772,98944.0000
1779273134985590793,2026-05-20 16:02:14.984,0.210553,2.519657,116.042908,0.038148,0.000212,0.978984,0.652079,0.073449,9.861303,0.000326,-0.010400,-0.018652,-0.362579,0.349531,-0.851107,98948.0000
1779273135084541960,2026-05-20 16:02:15.083,0.209480,2.542976,116.126495,0.039543,-0.000903,0.980614,0.246686,0.051645,9.641582,-0.005849,-0.006467,-0.022184,-0.362870,0.348068,-0.850164,98944.0000
1779273135184626293,2026-05-20 16:02:15.183,0.238488,2.544522,116.217773,0.040203,-0.002213,0.981338,0.275218,-0.012504,9.745020,-0.002557,0.008109,-0.003763,-0.363482,0.348633,-0.851062,98936.0000
1779273135284402571,2026-05-20 16:02:15.283,0.275699,2.495484,116.300621,0.037512,-0.003267,0.979852,-0.086920,0.017960,9.684487,-0.005180,0.000295,-0.002822,-0.363194,0.347733,-0.851348,98942.0000
1779273135384629552,2026-05-20 16:02:15.383,0.315313,2.450786,116.369568,0.040944,-0.004336,0.979598,0.247187,0.187926,9.661887,-0.008688,0.011598,-0.007430,-0.363179,0.349230,-0.851084,98942.0000
1779273135484499237,2026-05-20 16:02:15.483,0.338238,2.439866,116.416557,0.033388,-0.005690,0.975453,0.704626,-0.050821,9.716516,-0.001016,0.001439,-0.007232,-0.364109,0.346817,-0.851902,98943.0000
1779273135584305108,2026-05-20 16:02:15.583,0.328385,2.436936,116.443993,0.030302,-0.008992,0.974317,0.261931,-0.572150,9.658964,0.004797,-0.005247,0.003512,-0.362918,0.345931,-0.851911,98942.0000
1779273135685656867,2026-05-20 16:02:15.684,0.298001,2.449708,116.455345,0.038890,-0.005680,0.977440,0.049109,-0.261645,9.655351,0.006214,0.007579,0.001495,-0.364120,0.346799,-0.852502,98940.0000
1779273135784820441,2026-05-20 16:02:15.783,0.258454,2.465480,116.469017,0.034484,-0.003012,0.976521,0.573603,0.079250,9.901710,0.006440,-0.002364,-0.003067,-0.366782,0.347125,-0.850942,98941.0000
1779273135884342145,2026-05-20 16:02:15.883,0.233970,2.455651,116.509392,0.035085,-0.001307,0.977045,0.446250,-0.155053,9.910172,0.005911,0.005831,-0.002377,-0.365018,0.344142,-0.851515,98946.0000
1779273135985608478,2026-05-20 16:02:15.984,0.226934,2.467785,116.567535,0.038090,-0.000411,0.979466,0.374442,0.167046,9.768508,0.003957,-0.000697,-0.010063,-0.365281,0.347143,-0.850680,98941.0000
1779273136085581718,2026-05-20 16:02:16.084,0.240290,2.473717,116.647285,0.038326,-0.000025,0.980973,0.284397,0.285710,9.893561,-0.006799,-0.002501,-0.012457,-0.365929,0.344704,-0.852405,98940.0000
1779273136184541867,2026-05-20 16:02:16.183,0.261604,2.470011,116.743599,0.039057,-0.001441,0.980157,0.800353,0.147044,9.967140,0.000764,0.005009,-0.013760,-0.366832,0.344690,-0.852682,98940.0000
1779273136284335978,2026-05-20 16:02:16.283,0.285257,2.459165,116.844460,0.038173,-0.004483,0.977471,0.286870,-0.021380,9.769597,-0.005870,-0.000617,-0.012689,-0.365289,0.345952,-0.850652,98948.0000
1779273136385661552,2026-05-20 16:02:16.384,0.296566,2.449796,116.932938,0.036662,-0.005628,0.976542,0.186093,-0.076936,9.756450,-0.004581,0.001979,-0.010326,-0.365925,0.343532,-0.851777,98941.0000
1779273136484778644,2026-05-20 16:02:16.483,0.293573,2.454076,116.988876,0.033801,-0.005092,0.976170,0.666897,0.151640,9.969093,0.004229,-0.003272,-0.009779,-0.367402,0.343847,-0.850847,98936.0000
1779273136584664089,2026-05-20 16:02:16.583,0.288034,2.492745,117.011551,0.033915,-0.004982,0.976043,0.799521,0.130764,9.948647,-0.001484,-0.011773,-0.004685,-0.368277,0.344762,-0.849947,98946.0000
1779273136684449737,2026-05-20 16:02:16.683,0.277112,2.521129,117.012589,0.036966,-0.004133,0.977887,0.050415,-0.133721,9.609402,0.000716,-0.003019,-0.000008,-0.369194,0.343548,-0.850495,98936.0000
1779273136784068255,2026-05-20 16:02:16.782,0.265493,2.547558,117.015213,0.039341,-0.003704,0.978655,0.407142,-0.322896,9.718636,0.002327,-0.002575,0.002875,-0.368290,0.344446,-0.850539,98941.0000
1779273136884617181,2026-05-20 16:02:16.883,0.263830,2.546165,117.035782,0.042780,-0.001495,0.979446,0.431485,-0.124884,9.786232,0.003136,0.011321,-0.003023,-0.369497,0.343834,-0.850794,98941.0000
1779273136984463829,2026-05-20 16:02:16.983,0.269554,2.532972,117.067108,0.040581,-0.001060,0.978114,0.391704,0.285433,9.695171,0.006739,0.003870,-0.005234,-0.369514,0.342924,-0.851372,98929.0000
1779273137084244736,2026-05-20 16:02:17.082,0.277459,2.495444,117.116722,0.039346,-0.001596,0.978368,0.613129,-0.022582,9.882209,0.000172,0.005148,-0.010556,-0.368618,0.342632,-0.851387,98937.0000
1779273137184817699,2026-05-20 16:02:17.183,0.285826,2.449430,117.179573,0.036482,-0.002515,0.979166,0.067711,-0.266706,9.650750,-0.007049,0.006448,-0.015370,-0.369506,0.342347,-0.850758,98939.0000
1779273137284731884,2026-05-20 16:02:17.283,0.287734,2.463697,117.217102,0.033908,-0.004055,0.977856,0.370009,0.188759,9.741039,0.002746,-0.003987,-0.003090,-0.369818,0.343797,-0.851985,98944.0000
1779273137384513533,2026-05-20 16:02:17.383,0.283401,2.524535,117.233543,0.034743,-0.003460,0.977272,0.424714,-0.166748,9.784039,-0.000002,-0.015616,-0.006618,-0.369518,0.341445,-0.851036,98938.0000
1779273137484360755,2026-05-20 16:02:17.483,0.272988,2.564818,117.235802,0.038372,-0.004369,0.976798,0.035856,-0.421820,9.518373,0.003146,-0.008437,-0.000245,-0.369224,0.341438,-0.851343,98944.0000
1779273137584567625,2026-05-20 16:02:17.583,0.270891,2.598005,117.234787,0.043261,-0.003609,0.977766,0.357373,-0.066170,9.805347,0.004808,-0.002427,0.005786,-0.370372,0.342097,-0.848931,98940.0000
1779273137684445792,2026-05-20 16:02:17.683,0.277896,2.627282,117.242836,0.039722,-0.002531,0.975022,0.379709,0.170740,9.712976,0.001028,-0.004115,-0.002162,-0.370687,0.344720,-0.850785,98937.0000
1779273137784398940,2026-05-20 16:02:17.783,0.279004,2.623717,117.264473,0.040897,-0.002325,0.976414,0.509844,0.211348,9.758100,0.000975,-0.004427,-0.008967,-0.369775,0.342687,-0.849260,98939.0000
1779273137885659254,2026-05-20 16:02:17.884,0.273820,2.636946,117.296860,0.041917,-0.004663,0.978806,0.650020,0.044101,9.917228,0.006626,0.004216,-0.000437,-0.370084,0.342965,-0.849858,98940.0000
1779273137984836199,2026-05-20 16:02:17.983,0.273632,2.638699,117.337296,0.041367,-0.000910,0.979510,0.596489,0.067519,9.702813,-0.003751,0.000766,-0.006655,-0.370089,0.342072,-0.849837,98943.0000
1779273138084468477,2026-05-20 16:02:18.083,0.279040,2.610289,117.394615,0.043105,-0.001950,0.980040,0.506330,-0.452311,9.866644,-0.003951,0.004217,-0.012094,-0.370706,0.342628,-0.851034,98940.0000
1779273138184325125,2026-05-20 16:02:18.183,0.285237,2.582747,117.449203,0.042353,-0.001965,0.978220,0.516473,0.302707,9.736177,-0.000138,0.005096,-0.009796,-0.370410,0.341448,-0.850713,98940.0000
1779273138284932921,2026-05-20 16:02:18.283,0.294118,2.541647,117.524208,0.043215,-0.002566,0.978185,0.437897,-0.161999,9.817467,-0.004361,0.007527,-0.012447,-0.371294,0.341758,-0.850098,98937.0000
1779273138384415532,2026-05-20 16:02:18.383,0.300167,2.498214,117.603889,0.038322,-0.004119,0.976793,0.330323,0.039126,9.791740,0.008423,0.009596,-0.011899,-0.369499,0.341770,-0.850144,98942.0000
1779273138484302180,2026-05-20 16:02:18.483,0.297650,2.481877,117.680565,0.037041,-0.003997,0.977051,0.959635,0.221443,9.975097,-0.005589,-0.001581,-0.014004,-0.370145,0.340512,-0.852197,98944.0000
1779273138584162513,2026-05-20 16:02:18.582,0.286689,2.490194,117.748566,0.032950,-0.007840,0.975411,0.212759,-0.132955,9.817122,0.005195,-0.005223,-0.007142,-0.371932,0.339041,-0.851217,98942.0000
1779273138684809458,2026-05-20 16:02:18.683,0.270183,2.524264,117.800919,0.036205,-0.002533,0.977115,0.187654,0.281552,9.586581,0.004458,-0.012344,-0.006197,-0.371921,0.339942,-0.850939,98942.0000
1779273138784579050,2026-05-20 16:02:18.783,0.261122,2.575022,117.832962,0.038677,-0.002693,0.978779,0.400587,-0.146939,9.872528,-0.002104,-0.004537,-0.007063,-0.370702,0.339102,-0.849450,98935.0000
1779273138884433050,2026-05-20 16:02:18.883,0.265424,2.608476,117.852043,0.037271,-0.002735,0.976651,0.246932,0.265435,9.665563,-0.000594,-0.016681,-0.000117,-0.372805,0.339368,-0.850003,98932.0000
1779273138984268476,2026-05-20 16:02:18.983,0.269369,2.592560,117.880463,0.045111,-0.002577,0.979230,0.264861,0.118943,9.624613,-0.000787,0.004330,-0.009370,-0.373120,0.338753,-0.850580,98938.0000
1779273139084806569,2026-05-20 16:02:19.083,0.282992,2.550612,117.917778,0.042737,-0.003127,0.979329,0.125830,0.002459,9.606945,0.001531,0.012103,-0.001753,-0.372209,0.340842,-0.850653,98940.0000
1779273139184483680,2026-05-20 16:02:19.183,0.297247,2.506489,117.959633,0.039185,-0.002329,0.978638,0.765568,0.249095,9.967713,-0.001367,0.001103,-0.007490,-0.373117,0.339935,-0.850908,98945.0000
1779273139284180087,2026-05-20 16:02:19.282,0.306647,2.474054,117.992737,0.037449,-0.005110,0.977424,-0.161525,-0.118912,9.629902,0.001212,-0.001356,0.001567,-0.372226,0.339048,-0.850909,98943.0000
1779273139384740809,2026-05-20 16:02:19.383,0.303318,2.466982,118.021202,0.039576,-0.002504,0.977721,0.218710,0.289546,9.701273,0.001433,0.001039,-0.001979,-0.372820,0.338755,-0.850588,98942.0000
1779273139484551883,2026-05-20 16:02:19.483,0.301495,2.466152,118.042801,0.039369,-0.002022,0.977825,0.434060,-0.149280,9.983232,0.003566,0.010303,-0.003956,-0.372527,0.339632,-0.851216,98940.0000
1779273139584448679,2026-05-20 16:02:19.583,0.304105,2.484627,118.062325,0.032431,-0.003333,0.974730,0.298263,0.079391,9.834922,0.004376,-0.004967,-0.000582,-0.373405,0.339951,-0.850301,98943.0000
1779273139684225920,2026-05-20 16:02:19.683,0.295615,2.491224,118.087128,0.035430,-0.001400,0.977373,0.342836,0.270763,9.866097,0.001769,-0.005533,-0.000769,-0.373400,0.339076,-0.849681,98945.0000
1779273139784522476,2026-05-20 16:02:19.783,0.289714,2.517157,118.110786,0.037856,-0.004089,0.978795,0.151940,-0.324037,9.847064,0.004503,0.000432,0.001797,-0.373436,0.336073,-0.850507,98947.0000
1779273139884390568,2026-05-20 16:02:19.883,0.280169,2.582005,118.116310,0.036993,-0.003902,0.979230,0.812709,0.159655,10.127546,0.006600,-0.013043,0.001001,-0.372211,0.339661,-0.850325,98938.0000
1779273139984208661,2026-05-20 16:02:19.982,0.270206,2.651165,118.111031,0.040343,-0.003080,0.977694,-0.100310,-0.069483,9.629208,0.003652,-0.014688,0.005226,-0.375487,0.336719,-0.848371,98941.0000
1779273140084031772,2026-05-20 16:02:20.082,0.264183,2.686589,118.118271,0.046253,-0.001114,0.978815,0.315900,0.235875,9.900340,0.005291,0.004271,-0.005310,-0.375816,0.338142,-0.850496,98936.0000
1779273140184733531,2026-05-20 16:02:20.183,0.263521,2.650374,118.137207,0.046331,-0.000573,0.977036,0.592417,0.056891,9.787690,-0.005907,0.002379,-0.002702,-0.374021,0.338153,-0.850542,98935.0000
1779273140284597420,2026-05-20 16:02:20.283,0.282541,2.571435,118.159393,0.045016,-0.003580,0.978777,0.127657,0.004146,9.697681,-0.000723,0.018324,0.001855,-0.374917,0.337561,-0.850206,98942.0000
1779273140384395216,2026-05-20 16:02:20.383,0.313454,2.478529,118.186150,0.038874,-0.002047,0.977036,0.297405,0.125009,9.745871,-0.006433,0.015212,-0.004144,-0.373430,0.337850,-0.850850,98939.0000
1779273140484591142,2026-05-20 16:02:20.483,0.321195,2.382795,118.218224,0.031868,-0.004611,0.977942,0.187982,-0.323008,9.905067,-0.006244,0.000095,0.001879,-0.372833,0.338440,-0.851179,98944.0000
1779273140584440494,2026-05-20 16:02:20.583,0.317331,2.347335,118.252975,0.034642,-0.003430,0.979398,0.161582,0.263859,9.836753,0.003638,-0.001633,-0.005138,-0.375231,0.337830,-0.851104,98939.0000
1779273140684276160,2026-05-20 16:02:20.683,0.319907,2.369001,118.296532,0.033577,-0.002805,0.977738,-0.067531,0.056186,9.645072,0.004280,-0.002729,-0.004236,-0.373756,0.336333,-0.851705,98944.0000
1779273140784280456,2026-05-20 16:02:20.783,0.322222,2.429885,118.328278,0.035857,-0.001831,0.977146,0.180744,0.119897,9.766652,0.006593,-0.011812,-0.004305,-0.374025,0.336674,-0.850207,98938.0000
1779273140884788790,2026-05-20 16:02:20.883,0.336843,2.469443,118.370514,0.038198,-0.001277,0.975340,0.940832,0.140627,9.968478,-0.001237,-0.006681,-0.012247,-0.376125,0.337536,-0.850774,98946.0000
1779273140984669919,2026-05-20 16:02:20.983,0.352516,2.508840,118.420219,0.035772,-0.006681,0.975763,-0.101045,-0.186431,9.655268,0.004536,-0.003298,-0.003562,-0.374894,0.336713,-0.848686,98940.0000
1779273141084395382,2026-05-20 16:02:21.083,0.362075,2.570561,118.475166,0.038364,-0.004705,0.979017,0.590264,0.009872,9.946906,-0.003388,-0.006886,-0.009846,-0.375830,0.336059,-0.850446,98939.0000
1779273141184703271,2026-05-20 16:02:21.183,0.354503,2.622004,118.528893,0.041226,-0.006831,0.979518,0.502562,-0.283072,9.866589,0.008025,-0.004710,-0.008627,-0.378204,0.337252,-0.849815,98945.0000
1779273141284637882,2026-05-20 16:02:21.283,0.337994,2.649475,118.575607,0.044575,-0.005044,0.979298,0.836370,0.244827,10.039382,0.003452,-0.007575,-0.010493,-0.377894,0.336388,-0.848902,98939.0000
1779273141384444623,2026-05-20 16:02:21.383,0.317748,2.629843,118.603050,0.044801,-0.006188,0.977786,0.009754,-0.258509,9.733763,0.011392,0.006847,0.003654,-0.377297,0.336094,-0.848910,98938.0000
1779273141484319882,2026-05-20 16:02:21.483,0.302234,2.556413,118.607399,0.042665,-0.001512,0.977066,0.262220,-0.016594,9.785087,0.005521,0.011869,0.004168,-0.376419,0.335775,-0.849825,98937.0000
1779273141584815141,2026-05-20 16:02:21.583,0.298308,2.457664,118.612587,0.040635,-0.000886,0.978337,0.510222,-0.284943,9.856541,-0.001364,0.017508,-0.007302,-0.376149,0.335434,-0.851323,98934.0000
1779273141684695474,2026-05-20 16:02:21.683,0.311748,2.381057,118.616615,0.034338,-0.002900,0.977032,-0.066762,0.028125,9.726250,0.004660,0.009208,0.008086,-0.376443,0.336326,-0.851337,98934.0000
1779273141784266863,2026-05-20 16:02:21.783,0.328922,2.349296,118.611290,0.034929,-0.000502,0.978363,0.591588,-0.140863,9.932843,-0.004194,0.003982,-0.000837,-0.377345,0.334841,-0.850978,98938.0000
1779273141884111326,2026-05-20 16:02:21.882,0.344039,2.348303,118.608421,0.034577,-0.002577,0.977718,0.293128,-0.445473,9.698262,-0.004153,0.009109,-0.000453,-0.375543,0.336629,-0.851367,98938.0000
1779273141984658456,2026-05-20 16:02:21.983,0.353615,2.356791,118.615105,0.034689,-0.002342,0.977622,0.592961,0.190605,9.983445,0.000536,-0.007716,0.001335,-0.375547,0.336034,-0.851353,98934.0000
1779273142084545622,2026-05-20 16:02:22.083,0.356670,2.360101,118.640030,0.038110,-0.003724,0.977236,0.032885,-0.157583,9.592301,0.000215,0.003571,-0.007364,-0.374930,0.335478,-0.850155,98941.0000
1779273142184372437,2026-05-20 16:02:22.182,0.342041,2.360846,118.660400,0.037730,-0.004241,0.978617,0.330230,-0.159891,9.784758,0.001730,0.001628,0.001186,-0.375222,0.335782,-0.849855,98944.0000
1779273142284687937,2026-05-20 16:02:22.283,0.317683,2.373109,118.661850,0.034716,-0.002208,0.977507,0.911842,-0.026561,9.855419,0.006071,-0.005839,-0.000637,-0.374356,0.336032,-0.851683,98941.0000
1779273142384600307,2026-05-20 16:02:22.383,0.290540,2.396930,118.656273,0.033936,-0.003729,0.977803,0.177806,-0.339192,9.757708,0.005781,-0.008626,0.004854,-0.376125,0.336652,-0.850453,98942.0000
1779273142484409641,2026-05-20 16:02:22.483,0.268292,2.434065,118.639908,0.039489,-0.000330,0.979008,0.357808,-0.054715,9.716727,0.007706,0.001906,0.000516,-0.376147,0.336616,-0.851651,98938.0000
1779273142585748696,2026-05-20 16:02:22.584,0.271959,2.489607,118.616020,0.034671,0.002684,0.976820,0.839987,0.018671,9.951244,-0.007188,-0.010369,0.003093,-0.377028,0.336637,-0.850730,98942.0000
1779273142685495659,2026-05-20 16:02:22.684,0.288764,2.529740,118.574753,0.036615,-0.001521,0.976351,0.140849,-0.037121,9.685444,0.000082,-0.012914,0.011635,-0.376727,0.336937,-0.850744,98944.0000
1779273142784414252,2026-05-20 16:02:22.783,0.314467,2.558954,118.526405,0.044879,0.000305,0.979361,-0.076978,0.029197,9.600719,0.005539,0.002341,0.002214,-0.377918,0.336055,-0.850093,98939.0000
1779273142884264770,2026-05-20 16:02:22.883,0.342111,2.568031,118.507309,0.041223,0.000847,0.978013,0.697586,-0.029986,9.733689,-0.009207,0.004377,-0.003864,-0.374605,0.337878,-0.849622,98939.0000
1779273142984147937,2026-05-20 16:02:22.982,0.361938,2.537945,118.526108,0.038156,-0.003546,0.976176,0.405565,-0.253333,9.639218,0.000302,-0.002066,0.006070,-0.375837,0.336636,-0.851060,98938.0000
1779273143084549344,2026-05-20 16:02:23.083,0.379999,2.510925,118.554138,0.042610,-0.003668,0.979741,0.331348,-0.035368,9.620710,0.002334,0.008332,-0.007183,-0.376718,0.335773,-0.849817,98937.0000
1779273143184439955,2026-05-20 16:02:23.183,0.387319,2.478538,118.575363,0.039487,-0.003345,0.978122,0.570901,-0.067942,9.745317,0.001074,0.015205,-0.010202,-0.377324,0.336347,-0.850415,98942.0000
1779273143284411473,2026-05-20 16:02:23.283,0.365694,2.436987,118.596596,0.030045,-0.005316,0.976688,0.558026,-0.040995,10.036036,0.003776,-0.001642,0.003457,-0.375852,0.336023,-0.851645,98935.0000
1779273143384883103,2026-05-20 16:02:23.383,0.340136,2.386858,118.638596,0.038494,-0.001646,0.980005,0.055825,-0.096374,9.764004,0.004876,-0.002141,-0.005242,-0.375847,0.335148,-0.851024,98942.0000
1779273143484756029,2026-05-20 16:02:23.483,0.336206,2.428378,118.703003,0.038139,-0.002004,0.978600,0.143026,-0.327397,9.778792,0.003705,0.002623,-0.010007,-0.376441,0.334856,-0.850702,98940.0000
1779273143584579158,2026-05-20 16:02:23.583,0.344829,2.499308,118.753662,0.033674,-0.003097,0.975421,0.844728,0.065559,9.886238,0.006755,-0.009776,-0.000424,-0.377041,0.335438,-0.851000,98940.0000
1779273143684430955,2026-05-20 16:02:23.683,0.350828,2.538230,118.805626,0.039658,-0.003049,0.975805,0.614480,-0.239593,9.580502,-0.002572,-0.012433,-0.009091,-0.377944,0.335424,-0.851277,98940.0000
1779273143784229918,2026-05-20 16:02:23.782,0.348265,2.541631,118.864380,0.045826,-0.003390,0.979537,0.172961,-0.032519,9.663371,-0.000933,-0.001951,-0.016951,-0.378818,0.333984,-0.849421,98940.0000
1779273143884569473,2026-05-20 16:02:23.883,0.354101,2.529757,118.964737,0.042684,-0.001565,0.977922,0.615651,0.213363,9.786599,0.004141,0.013074,-0.029591,-0.379746,0.333636,-0.850888,98940.0000
1779273143984464214,2026-05-20 16:02:23.983,0.363632,2.522939,119.241348,0.032874,-0.004410,0.975504,-0.490715,0.043409,9.364113,-0.004016,-0.018931,-0.067048,-0.380623,0.333369,-0.849660,98942.0000
1779273144085020195,2026-05-20 16:02:24.083,0.395455,2.564379,119.753433,0.046050,-0.007525,0.979417,-0.720064,-0.182959,9.422555,-0.012691,-0.005418,-0.106607,-0.383337,0.329195,-0.849191,98942.0000
1779273144184649917,2026-05-20 16:02:24.183,0.440471,2.717626,120.500809,0.047144,-0.012075,0.977504,-0.248847,0.179882,9.828211,-0.016058,-0.041520,-0.153610,-0.387822,0.326228,-0.847806,98940.0000
1779273144284560677,2026-05-20 16:02:24.283,0.484359,2.905450,121.461380,0.055209,-0.019469,0.976261,1.324908,-0.039113,10.202362,-0.022617,-0.026172,-0.189320,-0.394698,0.320008,-0.845083,98941.0000
1779273144384360917,2026-05-20 16:02:24.383,0.514630,3.060110,122.625389,0.059314,-0.026855,0.974816,0.893158,-0.265106,9.895237,-0.016644,-0.024710,-0.215821,-0.403110,0.312832,-0.844096,98940.0000
1779273144484914713,2026-05-20 16:02:24.483,0.523644,3.149366,123.929184,0.069452,-0.033568,0.978377,1.329484,-0.422176,10.052788,-0.008131,0.003070,-0.232350,-0.409415,0.307753,-0.843215,98944.0000
1779273144584736769,2026-05-20 16:02:24.583,0.509719,3.127732,125.266327,0.062788,-0.036064,0.976614,0.652641,-0.528945,9.667951,-0.001586,0.031591,-0.230914,-0.417252,0.298777,-0.842800,98942.0000
1779273144684309139,2026-05-20 16:02:24.683,0.474732,3.007141,126.582642,0.054324,-0.036276,0.976059,0.174502,-0.430620,9.644672,0.007793,0.031469,-0.222277,-0.422118,0.289198,-0.843346,98938.0000
1779273144785669380,2026-05-20 16:02:24.784,0.434798,2.856061,127.881111,0.044296,-0.032436,0.975690,-0.202247,-0.126522,9.505436,0.003523,0.025038,-0.223859,-0.429990,0.281638,-0.845364,98940.0000
1779273144884861084,2026-05-20 16:02:24.883,0.401852,2.743464,129.181412,0.044957,-0.030651,0.979612,1.395235,-0.482404,10.149188,-0.005851,0.032795,-0.225570,-0.436009,0.271826,-0.843476,98940.0000
1779273144984634787,2026-05-20 16:02:24.983,0.380720,2.718836,130.481857,0.034164,-0.028372,0.977571,-0.373069,-0.228837,9.639569,-0.009734,-0.015235,-0.228338,-0.441479,0.264002,-0.844948,98938.0000
1779273145084242861,2026-05-20 16:02:25.083,0.367894,2.748638,131.788467,0.039615,-0.027441,0.979986,0.216698,-0.281267,9.929594,-0.009057,-0.004538,-0.228481,-0.448131,0.255015,-0.845163,98942.0000
1779273145184837213,2026-05-20 16:02:25.183,0.363211,2.820167,133.098297,0.045329,-0.028230,0.977813,0.581425,-0.400495,9.349499,-0.013302,-0.017751,-0.226926,-0.453580,0.245162,-0.844788,98939.0000
1779273145284765398,2026-05-20 16:02:25.283,0.360741,2.837798,134.399384,0.048751,-0.027206,0.977705,1.451213,-0.272351,9.732926,-0.012693,-0.016042,-0.222078,-0.459894,0.238594,-0.843870,98939.0000
1779273145384612176,2026-05-20 16:02:25.383,0.370232,2.777992,135.688370,0.046523,-0.026817,0.975914,0.712270,-0.236964,9.442090,-0.019408,0.001318,-0.217714,-0.464754,0.228140,-0.843796,98940.0000
1779273145484494028,2026-05-20 16:02:25.483,0.395345,2.663673,136.929688,0.044808,-0.027530,0.978910,0.209875,-0.419092,9.609051,-0.015566,0.011291,-0.217335,-0.469294,0.220961,-0.843808,98937.0000
1779273145584712528,2026-05-20 16:02:25.583,0.414086,2.538625,138.085281,0.042839,-0.030242,0.980313,-0.282755,-0.324583,10.177137,-0.009857,0.025225,-0.189772,-0.472362,0.210221,-0.843772,98936.0000
1779273145684663435,2026-05-20 16:02:25.683,0.412376,2.444355,139.154312,0.034985,-0.027879,0.976255,0.524959,0.442285,9.750926,-0.001864,0.018691,-0.184525,-0.476307,0.203334,-0.844106,98940.0000
1779273145784506102,2026-05-20 16:02:25.783,0.400233,2.406729,140.161423,0.028089,-0.026542,0.976069,1.417569,-0.279101,9.727048,0.005052,-0.003799,-0.167230,-0.479652,0.195865,-0.844142,98942.0000
1779273145884286824,2026-05-20 16:02:25.883,0.380097,2.397436,141.122757,0.030678,-0.021422,0.976697,-0.048834,-0.397099,9.251785,-0.005765,-0.009735,-0.163856,-0.482410,0.189266,-0.845113,98943.0000
1779273145984887527,2026-05-20 16:02:25.983,0.360893,2.434793,142.048325,0.037506,-0.020548,0.978244,-0.585323,-0.353768,9.804448,0.004586,0.003970,-0.163715,-0.485440,0.180942,-0.843937,98938.0000
1779273146084418583,2026-05-20 16:02:26.083,0.365683,2.505819,142.956345,0.038985,-0.020155,0.975745,0.562752,-0.377357,9.882892,-0.003244,0.000978,-0.148004,-0.490260,0.174970,-0.843371,98937.0000
1779273146184295879,2026-05-20 16:02:26.183,0.375064,2.512924,143.843628,0.043721,-0.019636,0.979888,1.503000,-0.771939,10.104419,-0.009496,-0.006720,-0.141451,-0.492094,0.169891,-0.843502,98937.0000
1779273146284873879,2026-05-20 16:02:26.283,0.378427,2.456897,144.717377,0.045568,-0.015747,0.980879,-0.573161,-0.182683,9.373379,0.000193,0.017898,-0.161606,-0.493962,0.162106,-0.844468,98943.0000
1779273146384702786,2026-05-20 16:02:26.383,0.393156,2.380654,145.573273,0.042147,-0.017542,0.978435,0.399185,0.243543,9.605787,-0.007269,0.015935,-0.157311,-0.496089,0.157918,-0.844613,98937.0000
1779273146484584842,2026-05-20 16:02:26.483,0.406667,2.311102,146.385254,0.027763,-0.018013,0.977552,-0.496671,0.241253,9.631276,-0.016710,-0.003329,-0.150444,-0.500057,0.149228,-0.845503,98940.0000
1779273146584414027,2026-05-20 16:02:26.583,0.393192,2.238748,147.131058,0.035040,-0.020808,0.977897,0.835201,-0.230793,9.707621,-0.004212,0.004009,-0.130916,-0.500105,0.143556,-0.845966,98942.0000
1779273146684644842,2026-05-20 16:02:26.683,0.363355,2.233280,147.832382,0.031542,-0.016616,0.978930,0.186272,0.472238,10.138574,-0.001550,0.013421,-0.120195,-0.502235,0.138186,-0.845783,98948.0000
1779273146784571008,2026-05-20 16:02:26.783,0.329617,2.287122,148.503876,0.023194,-0.016853,0.973748,0.493968,-0.826302,9.782757,-0.003493,-0.025718,-0.107317,-0.505233,0.133740,-0.844400,98935.0000
1779273146884431490,2026-05-20 16:02:26.883,0.313932,2.348025,149.159683,0.033025,-0.010941,0.975904,0.398013,0.265451,9.610600,-0.007185,-0.023571,-0.118945,-0.505568,0.126614,-0.843621,98937.0000
1779273146985681860,2026-05-20 16:02:26.984,0.321403,2.399743,149.804596,0.038554,-0.013599,0.978665,-0.720150,0.277599,9.691690,-0.004325,-0.001618,-0.119760,-0.507089,0.124504,-0.844131,98945.0000
1779273147084755138,2026-05-20 16:02:27.083,0.355179,2.442857,150.443695,0.038589,-0.011437,0.978620,0.692255,-0.112515,9.913035,-0.007381,0.005453,-0.100700,-0.509529,0.117347,-0.843897,98935.0000
1779273147184439267,2026-05-20 16:02:27.183,0.391087,2.447913,151.101364,0.039875,-0.014821,0.979699,0.987983,-0.675747,9.810250,-0.004305,-0.003588,-0.112855,-0.511330,0.112908,-0.842546,98938.0000
1779273147284297786,2026-05-20 16:02:27.283,0.408832,2.406293,151.741974,0.038158,-0.015842,0.980766,0.559657,-0.250280,9.807958,-0.003041,0.002480,-0.103496,-0.512280,0.107519,-0.843292,98938.0000
1779273147384837471,2026-05-20 16:02:27.383,0.398244,2.376359,152.331970,0.036297,-0.017611,0.979165,0.795636,-0.068192,9.998650,0.002588,0.013220,-0.097231,-0.512936,0.103006,-0.844667,98938.0000
1779273147484644656,2026-05-20 16:02:27.483,0.353714,2.359587,152.870605,0.030768,-0.015788,0.975200,0.599391,-0.213140,9.818758,0.004129,-0.004974,-0.090490,-0.514726,0.099469,-0.843036,98931.0000
1779273147584484397,2026-05-20 16:02:27.583,0.287448,2.357868,153.353195,0.030869,-0.013409,0.973350,0.437215,0.328407,9.669461,0.010585,-0.007979,-0.077488,-0.513280,0.094392,-0.843851,98937.0000
1779273147684336397,2026-05-20 16:02:27.683,0.245964,2.395853,153.825974,0.035428,-0.006249,0.976484,0.435390,0.211661,9.844814,0.000650,-0.008500,-0.085005,-0.516295,0.090803,-0.843689,98939.0000
1779273147784649323,2026-05-20 16:02:27.783,0.261553,2.446126,154.302704,0.035227,-0.004536,0.978602,0.435444,0.314683,9.801640,-0.009696,-0.013942,-0.085732,-0.515722,0.086054,-0.843289,98942.0000
1779273147884531526,2026-05-20 16:02:27.883,0.338034,2.484461,154.784988,0.037863,-0.004796,0.981580,0.346626,-0.143042,9.713935,-0.016295,-0.003470,-0.076917,-0.517524,0.082499,-0.842259,98938.0000
1779273147984327341,2026-05-20 16:02:27.983,0.442928,2.518236,155.259567,0.041772,-0.007886,0.982047,0.480190,-0.096659,10.020215,-0.021479,-0.005911,-0.076025,-0.519052,0.080082,-0.843061,98942.0000
1779273148084922637,2026-05-20 16:02:28.083,0.518435,2.573719,155.694458,0.040727,-0.016705,0.978242,0.111242,-0.255552,9.799446,-0.008203,-0.004195,-0.072442,-0.519335,0.076572,-0.840871,98934.0000
1779273148184503008,2026-05-20 16:02:28.183,0.508564,2.584467,156.071777,0.040927,-0.021688,0.973339,0.585215,-0.313770,9.934754,0.004155,-0.004781,-0.055100,-0.519637,0.073621,-0.839892,98942.0000
1779273148284451433,2026-05-20 16:02:28.283,0.405066,2.556163,156.399109,0.042082,-0.021720,0.971975,0.619651,-0.262476,9.986961,0.031739,0.014646,-0.048433,-0.521186,0.070582,-0.841579,98935.0000
1779273148384257841,2026-05-20 16:02:28.383,0.269255,2.526569,156.698044,0.037800,-0.011159,0.973586,0.407018,-0.180078,9.888561,0.021846,0.001219,-0.048149,-0.522408,0.068474,-0.842098,98940.0000
1779273148484782193,2026-05-20 16:02:28.483,0.176753,2.490669,156.991837,0.036118,0.000542,0.979471,0.563193,-0.106317,9.859053,0.008312,0.000293,-0.044145,-0.520328,0.063752,-0.841137,98941.0000
1779273148584643785,2026-05-20 16:02:28.583,0.195883,2.464171,157.291519,0.036598,0.009518,0.984861,0.030788,0.070832,9.687192,-0.010842,-0.004385,-0.055721,-0.521257,0.063107,-0.842598,98947.0000
1779273148684486267,2026-05-20 16:02:28.683,0.332265,2.463760,157.610016,0.040055,0.007784,0.986287,0.367224,0.175321,9.758820,-0.032707,-0.007357,-0.055069,-0.520968,0.060736,-0.842248,98934.0000
1779273148784448118,2026-05-20 16:02:28.783,0.514807,2.499129,157.905869,0.043522,-0.005955,0.980667,0.250910,-0.097713,9.751145,-0.032260,0.004345,-0.043298,-0.523951,0.059555,-0.841245,98937.0000
1779273148884596470,2026-05-20 16:02:28.883,0.629395,2.520090,158.140045,0.038656,-0.019087,0.974575,0.570079,-0.272293,9.890074,-0.009430,-0.001180,-0.030648,-0.523374,0.057169,-0.841502,98938.0000
1779273148984500322,2026-05-20 16:02:28.983,0.598992,2.499260,158.313751,0.034216,-0.023102,0.967827,0.508687,-0.046282,9.677953,0.016364,0.001847,-0.025714,-0.524003,0.055055,-0.842335,98930.0000
1779273149084237933,2026-05-20 16:02:29.082,0.451564,2.467918,158.457825,0.036757,-0.019695,0.970698,0.306665,-0.076397,9.769436,0.032291,0.001240,-0.021609,-0.523096,0.053013,-0.841110,98938.0000
1779273149185148544,2026-05-20 16:02:29.183,0.277643,2.452948,158.598251,0.037658,-0.008207,0.975879,0.663665,-0.152958,9.773368,0.032533,0.009310,-0.033101,-0.522814,0.052104,-0.841695,98935.0000
1779273149284568507,2026-05-20 16:02:29.283,0.179260,2.454166,158.746155,0.032861,0.004268,0.980726,0.360542,0.155730,9.988953,0.005451,-0.000829,-0.022540,-0.523131,0.049424,-0.841622,98932.0000
1779273149384390729,2026-05-20 16:02:29.383,0.214304,2.448721,158.912216,0.040820,0.012940,0.986804,0.434283,0.301555,9.978274,-0.015855,-0.002662,-0.024825,-0.523442,0.048521,-0.841892,98938.0000
1779273149484239748,2026-05-20 16:02:29.482,0.369733,2.464328,159.096573,0.043296,0.008649,0.986008,0.253523,-0.283767,9.788537,-0.028585,0.003213,-0.026703,-0.523460,0.049080,-0.843105,98934.0000
1779273149584763488,2026-05-20 16:02:29.583,0.547199,2.470778,159.270676,0.039836,-0.003278,0.981497,0.684623,0.177671,9.903646,-0.024363,-0.000705,-0.031412,-0.523447,0.049395,-0.842513,98940.0000
1779273149684631544,2026-05-20 16:02:29.683,0.650358,2.483613,159.399246,0.035865,-0.017719,0.974101,0.146970,-0.273825,9.650752,-0.003401,0.000126,-0.012989,-0.524667,0.045817,-0.842396,98937.0000
1779273149784574525,2026-05-20 16:02:29.783,0.612737,2.457819,159.457138,0.036319,-0.021799,0.971854,0.546692,-0.361563,9.671485,0.020793,0.006626,-0.004437,-0.523771,0.046409,-0.842733,98936.0000
1779273149884419636,2026-05-20 16:02:29.883,0.470260,2.422473,159.442184,0.034345,-0.016067,0.971055,0.541257,-0.294596,9.772809,0.027140,0.004195,-0.003366,-0.522324,0.045751,-0.845153,98943.0000
1779273149984602155,2026-05-20 16:02:29.983,0.319730,2.414581,159.411835,0.028700,-0.004284,0.972328,0.120169,0.043023,9.814352,0.024192,-0.006434,0.005417,-0.524379,0.045801,-0.843003,98942.0000
1779273150084407673,2026-05-20 16:02:30.083,0.255401,2.433647,159.409088,0.033068,0.008250,0.978649,0.090428,0.103564,9.681619,0.003618,-0.011605,-0.001337,-0.523196,0.044609,-0.843305,98940.0000
1779273150184483525,2026-05-20 16:02:30.183,0.309849,2.495816,159.450745,0.041794,0.012360,0.983319,0.374574,-0.130747,9.751724,-0.020047,-0.002694,-0.008773,-0.524094,0.041952,-0.842318,98942.0000
1779273150285017043,2026-05-20 16:02:30.283,0.447930,2.569181,159.528198,0.043774,0.003931,0.984303,0.705015,-0.028266,9.850265,-0.026389,-0.005226,-0.011847,-0.523764,0.044948,-0.841798,98937.0000
1779273150384863988,2026-05-20 16:02:30.383,0.573324,2.604417,159.613388,0.043944,-0.005689,0.981263,0.069879,-0.245010,9.719689,-0.019996,-0.011389,-0.010837,-0.523433,0.044706,-0.840002,98938.0000
1779273150484667284,2026-05-20 16:02:30.483,0.603997,2.557358,159.669739,0.045041,-0.012524,0.978111,0.572396,-0.083606,9.729829,-0.005962,0.000840,-0.005808,-0.523726,0.046481,-0.840337,98943.0000
1779273150584157432,2026-05-20 16:02:30.582,0.532599,2.480579,159.676682,0.042664,-0.014960,0.975896,0.193715,-0.288907,9.842165,0.020388,0.018275,0.003901,-0.524650,0.044960,-0.841177,98941.0000
1779273150684687765,2026-05-20 16:02:30.683,0.413732,2.429874,159.644943,0.036355,-0.005620,0.974443,0.663303,0.187683,9.850954,0.026946,0.023319,0.005012,-0.523800,0.043712,-0.843268,98939.0000
1779273150784643710,2026-05-20 16:02:30.783,0.323056,2.360846,159.598907,0.026385,0.000887,0.972435,-0.104044,-0.179082,9.599825,0.015090,0.000378,0.015976,-0.524101,0.043413,-0.843253,98937.0000
1779273150884494691,2026-05-20 16:02:30.883,0.308145,2.317292,159.577881,0.031200,0.007956,0.976695,-0.005412,0.188542,9.703906,0.000889,-0.008727,0.001305,-0.523514,0.044282,-0.844188,98934.0000
1779273150983986728,2026-05-20 16:02:30.982,0.387447,2.376414,159.609726,0.041225,0.006703,0.980748,0.744974,0.132668,9.837764,-0.014097,-0.000049,-0.018532,-0.522899,0.043429,-0.842984,98945.0000
1779273151084818339,2026-05-20 16:02:31.083,0.503745,2.473354,159.673767,0.032322,-0.000955,0.977620,0.555718,0.120695,9.907660,-0.016805,-0.016564,-0.012224,-0.522893,0.044322,-0.843005,98936.0000
1779273151184369747,2026-05-20 16:02:31.183,0.588596,2.514442,159.772110,0.040910,-0.005758,0.979551,0.312912,-0.354075,9.723291,-0.012663,-0.015904,-0.017063,-0.525245,0.044668,-0.840854,98944.0000
1779273151284247932,2026-05-20 16:02:31.283,0.617670,2.536181,159.874603,0.050288,-0.009436,0.982294,0.915202,-0.114221,9.892941,0.004797,0.014828,-0.022307,-0.524041,0.043214,-0.839950,98938.0000
1779273151384786728,2026-05-20 16:02:31.383,0.593756,2.538847,159.943542,0.041113,-0.011673,0.978767,0.373211,-0.034410,9.800910,0.005764,0.007651,-0.006640,-0.524651,0.042309,-0.840213,98938.0000
1779273151484621969,2026-05-20 16:02:31.483,0.517297,2.486241,159.943176,0.036245,-0.007577,0.974595,0.685727,0.099187,9.592735,0.010558,0.001413,0.005248,-0.524068,0.042583,-0.841134,98943.0000
1779273151584466524,2026-05-20 16:02:31.583,0.426139,2.379405,159.897446,0.040097,-0.005168,0.977302,0.192890,-0.291513,9.729296,0.018996,0.013757,0.012106,-0.523791,0.041665,-0.842019,98934.0000
1779273151685906413,2026-05-20 16:02:31.684,0.378316,2.304700,159.849289,0.037121,0.003615,0.978301,0.442302,0.104498,9.772736,-0.003581,0.024218,0.015272,-0.523810,0.041341,-0.842911,98939.0000
1779273151784695228,2026-05-20 16:02:31.783,0.387873,2.284217,159.805740,0.028477,0.003989,0.975147,0.489017,-0.260101,9.837928,-0.009319,0.001585,0.003815,-0.524415,0.042798,-0.843830,98933.0000
1779273151884504672,2026-05-20 16:02:31.883,0.443821,2.269344,159.793381,0.027299,0.004367,0.976319,0.210418,0.247354,9.616988,-0.017145,-0.021666,0.006029,-0.522007,0.042542,-0.842985,98946.0000
1779273151985762783,2026-05-20 16:02:31.984,0.528344,2.295598,159.799118,0.040073,0.000309,0.981634,0.024528,-0.280433,9.593377,-0.014902,-0.003171,0.001128,-0.525010,0.042506,-0.843508,98941.0000
1779273152084961209,2026-05-20 16:02:32.083,0.603937,2.359013,159.807404,0.037917,-0.003509,0.980957,0.353393,0.098781,9.705956,-0.006680,-0.003422,-0.001558,-0.522579,0.044053,-0.842107,98943.0000
1779273152184549246,2026-05-20 16:02:32.183,0.638552,2.412544,159.812393,0.036377,-0.006860,0.977416,0.714707,-0.341514,9.864209,-0.003561,-0.013262,-0.002075,-0.524976,0.043443,-0.842031,98943.0000
1779273152284460950,2026-05-20 16:02:32.283,0.607928,2.435286,159.795700,0.037900,-0.010859,0.975833,0.002447,0.092559,9.495171,0.016413,-0.018050,0.012319,-0.523781,0.044037,-0.842376,98935.0000
1779273152385740875,2026-05-20 16:02:32.384,0.533305,2.420108,159.757309,0.046981,-0.008492,0.977808,0.380421,-0.154752,9.622046,0.020580,0.016736,0.002685,-0.524368,0.044051,-0.841762,98938.0000
1779273152484872079,2026-05-20 16:02:32.483,0.444075,2.371821,159.702744,0.036262,-0.002948,0.976525,0.459743,-0.040461,9.776245,0.020972,0.019142,0.013124,-0.524378,0.042563,-0.841726,98941.0000
1779273152584731635,2026-05-20 16:02:32.583,0.384193,2.308207,159.663483,0.031843,0.005362,0.976085,0.725440,0.367697,9.956905,0.001571,-0.002891,0.002818,-0.523508,0.043407,-0.843568,98937.0000
1779273152684616505,2026-05-20 16:02:32.683,0.382351,2.262926,159.645844,0.032949,0.005503,0.979034,-0.068813,-0.198795,9.693546,-0.003265,-0.004386,0.006155,-0.522300,0.044317,-0.843320,98938.0000
1779273152784250005,2026-05-20 16:02:32.782,0.443971,2.292284,159.654465,0.036927,0.005792,0.980478,0.280060,0.252215,9.617906,-0.012401,-0.003234,-0.006098,-0.522310,0.043713,-0.843605,98939.0000
1779273152884753431,2026-05-20 16:02:32.883,0.530471,2.352725,159.692093,0.037375,0.000537,0.978527,0.723936,-0.113315,10.076392,-0.018215,-0.007293,-0.006317,-0.524976,0.043443,-0.842031,98939.0000
1779273152984557097,2026-05-20 16:02:32.983,0.597016,2.379475,159.736282,0.037497,-0.005911,0.976517,0.525312,0.203505,9.825294,-0.010590,-0.019496,-0.008203,-0.523779,0.043451,-0.842062,98942.0000
1779273153084331875,2026-05-20 16:02:33.083,0.623186,2.383317,159.768387,0.044292,-0.009927,0.977631,-0.118638,-0.184349,9.668914,-0.001602,0.007663,-0.003411,-0.523787,0.044028,-0.842676,98938.0000
1779273153186009060,2026-05-20 16:02:33.183,0.591508,2.379552,159.767807,0.036549,-0.008415,0.976594,0.378918,0.051408,9.854853,0.010313,0.005220,0.006616,-0.523488,0.043146,-0.842362,98941.0000
1779273153284611671,2026-05-20 16:02:33.283,0.533681,2.369115,159.737686,0.033629,-0.005089,0.977486,0.790517,-0.276380,10.053194,0.012680,0.001425,0.007207,-0.523779,0.045218,-0.842704,98936.0000
1779273153384760338,2026-05-20 16:02:33.383,0.477386,2.352875,159.700928,0.032868,-0.000653,0.977571,0.603000,0.000207,9.934218,0.006472,-0.009282,0.007631,-0.523170,0.042589,-0.841157,98941.0000
1779273153484559116,2026-05-20 16:02:33.483,0.463306,2.339894,159.668167,0.040644,0.000994,0.980047,-0.199500,0.094799,9.465284,0.000219,0.003065,-0.000124,-0.522912,0.043997,-0.843897,98932.0000
1779273153584776227,2026-05-20 16:02:33.583,0.487378,2.354728,159.639206,0.037247,0.001167,0.977409,0.560112,-0.038455,9.743731,-0.002093,0.005070,0.003011,-0.522289,0.043451,-0.842400,98943.0000
1779273153684614171,2026-05-20 16:02:33.683,0.526700,2.324527,159.619049,0.038192,0.000000,0.977559,0.824680,-0.048549,9.879635,-0.012070,-0.005199,0.000380,-0.522887,0.045215,-0.843027,98941.0000
1779273153784555449,2026-05-20 16:02:33.783,0.560488,2.254897,159.621384,0.038897,-0.003771,0.978557,-0.430113,0.158371,9.525893,-0.000245,0.004686,0.001945,-0.524096,0.044306,-0.843274,98941.0000
1779273153884526486,2026-05-20 16:02:33.883,0.589669,2.221461,159.640839,0.040439,-0.003583,0.980092,-0.272925,-0.154587,9.732021,0.001916,0.013402,-0.000979,-0.524376,0.043745,-0.842054,98944.0000
1779273153984644726,2026-05-20 16:02:33.983,0.605072,2.199904,159.633026,0.033317,-0.003346,0.978920,0.638229,0.195890,9.853063,0.004245,0.003323,0.002366,-0.522598,0.044612,-0.843320,98944.0000
1779273154084590115,2026-05-20 16:02:34.083,0.606970,2.217743,159.594009,0.030219,-0.004421,0.976824,0.646214,-0.416552,9.868254,0.007192,-0.008694,0.010842,-0.523196,0.045493,-0.843626,98936.0000
1779273154184431504,2026-05-20 16:02:34.183,0.592000,2.235824,159.548065,0.032322,-0.003057,0.975604,0.471922,0.112226,9.699510,0.001305,-0.016751,0.002263,-0.522910,0.045179,-0.844225,98947.0000
1779273154285093745,2026-05-20 16:02:34.283,0.564136,2.287100,159.504868,0.037369,-0.005979,0.976614,0.015805,-0.210458,9.555429,0.006197,-0.007521,0.010980,-0.523182,0.045808,-0.843034,98947.0000
1779273154384539319,2026-05-20 16:02:34.383,0.531719,2.351015,159.454269,0.038957,-0.003091,0.976909,1.138756,-0.232940,9.977218,0.008654,-0.000684,0.010585,-0.522868,0.045539,-0.842135,98936.0000
1779273154484401967,2026-05-20 16:02:34.483,0.505163,2.389181,159.384384,0.034991,-0.002634,0.976424,0.540984,-0.345995,9.934385,0.007234,-0.002947,0.013726,-0.523760,0.044659,-0.841492,98939.0000
1779273154584283596,2026-05-20 16:02:34.583,0.483678,2.380725,159.307343,0.040524,0.002560,0.980109,0.583901,0.318569,9.828303,0.000646,0.002501,0.008539,-0.522561,0.046731,-0.842172,98940.0000
1779273154684780448,2026-05-20 16:02:34.683,0.488744,2.339846,159.248978,0.041324,0.000672,0.981128,0.150475,0.063743,9.850769,0.007107,0.008244,0.010550,-0.523142,0.047639,-0.841579,98937.0000
1779273154784725818,2026-05-20 16:02:34.783,0.516718,2.309496,159.215912,0.041300,0.002916,0.980124,0.769458,-0.338018,9.848966,-0.010104,0.008481,0.001758,-0.522256,0.046742,-0.841880,98938.0000
1779273154884600244,2026-05-20 16:02:34.883,0.556336,2.275082,159.189102,0.039553,-0.000814,0.978927,0.689809,-0.082568,9.821142,-0.007912,-0.004745,0.004219,-0.523442,0.048521,-0.841892,98947.0000
1779273154985138189,2026-05-20 16:02:34.983,0.592947,2.247711,159.156479,0.038121,-0.003394,0.976891,0.475428,-0.270782,9.842142,-0.005725,0.001951,0.004718,-0.523458,0.049377,-0.843112,98937.0000
1779273155084704207,2026-05-20 16:02:35.083,0.603630,2.201504,159.096786,0.035116,-0.005248,0.975166,0.824530,-0.149134,9.812742,-0.001058,0.000479,0.012787,-0.522866,0.049372,-0.843427,98932.0000
1779273155184662466,2026-05-20 16:02:35.183,0.586457,2.135225,159.012268,0.031962,-0.007344,0.975463,-0.196099,0.048331,9.599528,0.011185,0.009804,0.023091,-0.521665,0.049091,-0.843151,98942.0000
1779273155284552374,2026-05-20 16:02:35.283,0.552518,2.120631,158.904678,0.029278,-0.003451,0.976969,0.614552,0.042323,9.971202,0.011700,0.001905,0.017498,-0.521660,0.049100,-0.842851,98942.0000
1779273155384736077,2026-05-20 16:02:35.383,0.515224,2.179223,158.769440,0.028410,-0.001706,0.977957,0.457483,-0.106992,9.751376,0.008648,-0.010340,0.027155,-0.521665,0.050858,-0.843793,98945.0000
1779273155484580114,2026-05-20 16:02:35.483,0.481296,2.280608,158.617355,0.028973,0.002841,0.977167,0.886045,0.316994,9.636989,0.005908,-0.030178,0.025917,-0.523111,0.052400,-0.841694,98934.0000
1779273155584436818,2026-05-20 16:02:35.583,0.466771,2.334771,158.501602,0.039175,0.004169,0.978923,-0.121187,-0.168424,9.531352,0.000428,-0.017653,0.020143,-0.522494,0.054496,-0.841460,98937.0000
1779273155685883929,2026-05-20 16:02:35.684,0.489892,2.393045,158.417618,0.048967,0.003932,0.980639,0.324034,0.260490,9.688794,-0.005885,0.005330,0.008841,-0.522772,0.054232,-0.840247,98933.0000
1779273155784979670,2026-05-20 16:02:35.783,0.519153,2.407916,158.359207,0.040861,0.000320,0.977044,0.732430,-0.115482,10.060935,-0.004170,0.005578,0.010542,-0.523108,0.052111,-0.841387,98936.0000
1779273155884519651,2026-05-20 16:02:35.883,0.538954,2.359734,158.320694,0.040616,-0.001984,0.977257,0.937746,0.059208,9.883018,-0.005800,-0.005914,0.005373,-0.522486,0.055686,-0.841489,98934.0000
1779273155984308966,2026-05-20 16:02:35.983,0.551585,2.291605,158.284683,0.043575,-0.003929,0.979708,-0.081045,-0.133530,9.525296,-0.000776,0.003722,0.009066,-0.521910,0.056538,-0.843024,98935.0000
1779273156084971947,2026-05-20 16:02:36.083,0.556225,2.232637,158.250000,0.046234,-0.002477,0.980311,0.581976,-0.293190,9.785744,0.010389,0.026809,0.004179,-0.522797,0.055667,-0.842080,98930.0000
1779273156184902484,2026-05-20 16:02:36.183,0.563554,2.189185,158.218048,0.033682,-0.001277,0.976037,1.036381,-0.215056,10.072351,0.007874,0.011167,0.006283,-0.522217,0.055346,-0.842987,98940.0000
1779273156284794947,2026-05-20 16:02:36.283,0.565840,2.143718,158.186646,0.030927,0.000070,0.975623,0.694198,-0.052743,9.945307,-0.006653,-0.004093,0.005634,-0.521024,0.055641,-0.843325,98941.0000
1779273156384324280,2026-05-20 16:02:36.383,0.569857,2.121040,158.148682,0.032122,-0.002125,0.976824,0.234754,0.149293,9.650812,-0.003782,-0.010073,-0.000591,-0.522828,0.057678,-0.844527,98942.0000
1779273156484827077,2026-05-20 16:02:36.483,0.580624,2.132453,158.098953,0.035678,-0.004317,0.978762,-0.148617,-0.084348,9.771400,0.002499,0.012217,0.013405,-0.521315,0.056830,-0.843346,98944.0000
1779273156584721169,2026-05-20 16:02:36.583,0.584573,2.176742,158.037521,0.030015,-0.001254,0.976821,0.868935,-0.102027,10.030979,0.000248,-0.004382,0.012846,-0.521003,0.058031,-0.843082,98936.0000
1779273156684602410,2026-05-20 16:02:36.683,0.578448,2.227146,157.964813,0.030493,-0.003677,0.977108,0.172155,-0.184140,9.850711,0.003890,-0.024429,0.020796,-0.523087,0.057739,-0.842423,98939.0000
1779273156784503595,2026-05-20 16:02:36.783,0.576538,2.269400,157.885681,0.043140,-0.000754,0.980659,0.628825,0.072630,9.834399,0.002380,-0.008387,0.011207,-0.521578,0.058947,-0.842190,98944.0000
1779273156884660484,2026-05-20 16:02:36.883,0.573377,2.301301,157.806656,0.039373,-0.003126,0.978864,0.048125,0.064904,9.751535,0.005546,-0.001480,0.020699,-0.521552,0.058695,-0.840685,98938.0000
1779273156984490410,2026-05-20 16:02:36.983,0.567019,2.284394,157.735382,0.042891,-0.000845,0.977594,0.940241,-0.040635,9.914509,0.002845,0.005795,0.011553,-0.522184,0.059521,-0.842788,98943.0000
1779273157084547595,2026-05-20 16:02:37.083,0.560903,2.239163,157.666290,0.038668,-0.002035,0.976749,0.531604,-0.068400,9.839421,0.001619,0.007960,0.016295,-0.521892,0.060984,-0.843731,98937.0000
1779273157186214187,2026-05-20 16:02:37.183,0.541405,2.197280,157.607910,0.035913,-0.000247,0.977373,0.315803,0.259518,9.721754,0.005481,0.007360,0.015498,-0.520654,0.061351,-0.841672,98941.0000
1779273157284779724,2026-05-20 16:02:37.283,0.530049,2.172267,157.563263,0.037495,-0.003234,0.978918,-0.021564,-0.246790,9.629903,0.006724,0.004835,0.014919,-0.521267,0.060735,-0.842241,98941.0000
1779273157384563965,2026-05-20 16:02:37.383,0.536969,2.156734,157.513092,0.040054,0.000399,0.980089,0.567578,0.011514,9.853390,0.000260,0.017081,0.007205,-0.520999,0.060394,-0.843739,98934.0000
1779273157484486243,2026-05-20 16:02:37.483,0.551060,2.151418,157.459061,0.033100,-0.000198,0.976250,0.628100,-0.061322,9.754557,0.001416,-0.000884,0.012042,-0.520379,0.061020,-0.842870,98940.0000
1779273157584965409,2026-05-20 16:02:37.583,0.562657,2.125988,157.422195,0.034337,-0.000875,0.976560,0.573234,0.203319,9.470255,-0.001695,-0.004050,0.009903,-0.519203,0.062173,-0.844428,98930.0000
1779273157684954502,2026-05-20 16:02:37.683,0.572690,2.122158,157.383347,0.036372,-0.004226,0.978889,0.005218,-0.032212,9.567945,0.003680,0.001046,0.013297,-0.520990,0.062468,-0.844089,98936.0000
1779273157784452576,2026-05-20 16:02:37.783,0.576264,2.130697,157.329285,0.038304,-0.001642,0.978823,0.644175,-0.123607,9.661467,0.002067,0.009930,0.006272,-0.519754,0.064306,-0.842665,98945.0000
1779273157884951428,2026-05-20 16:02:37.883,0.577949,2.150546,157.260254,0.030423,-0.004032,0.976615,0.543765,0.126919,9.705517,0.009932,0.000068,0.016352,-0.520358,0.064293,-0.842949,98944.0000
1779273157984799557,2026-05-20 16:02:37.983,0.572077,2.169382,157.180832,0.034141,-0.001487,0.977832,0.579587,0.153369,9.789537,-0.003737,-0.008219,0.012920,-0.520352,0.066070,-0.843292,98942.0000
1779273158084671372,2026-05-20 16:02:38.083,0.559655,2.177228,157.093277,0.036891,-0.004776,0.978135,0.078836,-0.165378,9.587501,0.009757,-0.000556,0.019888,-0.521541,0.065485,-0.842648,98937.0000
1779273158184337020,2026-05-20 16:02:38.182,0.561186,2.186468,156.996414,0.041530,-0.000940,0.979827,0.375910,0.060859,9.695742,-0.002280,0.011333,0.014436,-0.520632,0.065509,-0.842072,98938.0000
1779273158284908427,2026-05-20 16:02:38.283,0.563075,2.183127,156.888168,0.036312,-0.001150,0.976992,0.550191,0.098584,9.944517,0.002319,0.007832,0.022004,-0.521819,0.066989,-0.842077,98939.0000
1779273158384735335,2026-05-20 16:02:38.383,0.565941,2.157834,156.784195,0.036294,0.001207,0.976096,0.794828,-0.217019,9.699708,-0.001065,-0.003883,0.011795,-0.520613,0.067601,-0.841823,98943.0000
1779273158484534427,2026-05-20 16:02:38.483,0.565785,2.120679,156.695267,0.036527,-0.003445,0.978627,-0.011938,0.290678,9.598230,0.001203,0.006224,0.018024,-0.519121,0.067899,-0.842167,98938.0000
1779273158584443816,2026-05-20 16:02:38.583,0.566220,2.078454,156.601364,0.039017,-0.001826,0.980201,0.093718,-0.232182,9.948147,0.005850,0.015949,0.023134,-0.519738,0.070222,-0.844007,98941.0000
1779273158685083761,2026-05-20 16:02:38.683,0.562178,2.053067,156.484695,0.031831,0.001020,0.978577,0.707089,0.298885,9.912472,0.001864,0.003038,0.024538,-0.519127,0.070243,-0.843423,98935.0000
1779273158784604186,2026-05-20 16:02:38.783,0.557693,2.042784,156.362686,0.032514,-0.000359,0.976923,0.355897,-0.333436,9.970431,-0.006225,-0.008702,0.023909,-0.518830,0.071715,-0.844066,98937.0000
1779273158886016909,2026-05-20 16:02:38.884,0.558553,2.072393,156.238159,0.037494,-0.000388,0.978916,0.468367,0.201323,9.711421,-0.003438,-0.010839,0.022608,-0.519126,0.070541,-0.843430,98936.0000
1779273158985019927,2026-05-20 16:02:38.983,0.562434,2.112895,156.110611,0.039156,-0.002343,0.977125,0.016244,-0.356241,9.580319,0.007244,0.004863,0.030565,-0.520314,0.072608,-0.843750,98933.0000
1779273159084833297,2026-05-20 16:02:39.083,0.557215,2.103853,155.986191,0.037018,0.000531,0.977666,0.489060,0.042706,9.864754,0.008232,0.013047,0.021409,-0.519071,0.072985,-0.841391,98942.0000
1779273159184689760,2026-05-20 16:02:39.183,0.555504,2.060620,155.875916,0.032873,0.001354,0.976689,0.663922,0.181004,9.913585,-0.006376,-0.001776,0.018075,-0.519082,0.074734,-0.842632,98939.0000
1779273159284680038,2026-05-20 16:02:39.283,0.550879,2.042323,155.757675,0.029902,-0.003428,0.976975,0.037461,0.069471,9.530229,0.005377,-0.008134,0.025648,-0.518506,0.074702,-0.843846,98938.0000
1779273159384835464,2026-05-20 16:02:39.383,0.551282,2.051406,155.644653,0.037019,0.000400,0.980122,0.249122,-0.276870,9.780821,0.000225,-0.002386,0.019401,-0.518765,0.077414,-0.842705,98940.0000
1779273159484702223,2026-05-20 16:02:39.483,0.551952,2.095574,155.542404,0.033886,0.000218,0.978914,0.683695,0.205852,10.029565,0.000230,-0.007110,0.014003,-0.518189,0.076499,-0.843597,98937.0000
1779273159584599223,2026-05-20 16:02:39.583,0.556859,2.142451,155.452118,0.036648,-0.000501,0.977213,0.532377,-0.196681,9.764293,0.001887,-0.008227,0.008687,-0.518793,0.078253,-0.844524,98937.0000
1779273159684162316,2026-05-20 16:02:39.682,0.556605,2.143746,155.357590,0.038660,-0.003325,0.977504,0.106573,0.008973,9.658755,0.002965,-0.005854,0.020950,-0.518178,0.078284,-0.843640,98943.0000
1779273159784893556,2026-05-20 16:02:39.783,0.544016,2.108208,155.252563,0.044885,-0.001147,0.979119,0.140636,0.024018,9.565555,0.010700,0.020590,0.023270,-0.519647,0.081557,-0.843381,98943.0000
1779273159884557149,2026-05-20 16:02:39.883,0.524848,2.045066,155.146500,0.038009,-0.000276,0.977251,0.638979,-0.220145,9.869634,0.011203,0.015817,0.015944,-0.519332,0.082172,-0.842804,98941.0000
1779273159984376852,2026-05-20 16:02:39.983,0.509272,1.994394,155.045746,0.029735,0.002006,0.976951,0.428077,0.023495,9.933617,0.003368,-0.000785,0.015280,-0.517566,0.080371,-0.843706,98941.0000
1779273160085174649,2026-05-20 16:02:40.083,0.506424,1.994271,154.955032,0.031138,0.001188,0.977895,0.053423,0.241546,9.901371,-0.003269,-0.013662,0.014232,-0.516677,0.081540,-0.844656,98943.0000
1779273160184833223,2026-05-20 16:02:40.183,0.522882,2.034975,154.864212,0.037424,-0.000629,0.978443,-0.031537,-0.406065,9.678437,0.001017,-0.005563,0.020023,-0.518445,0.083044,-0.843747,98944.0000
1779273160284648463,2026-05-20 16:02:40.283,0.548978,2.101157,154.767792,0.035261,0.000565,0.977266,0.556423,0.265073,9.834107,-0.001303,-0.007345,0.014128,-0.516910,0.083116,-0.841689,98942.0000
1779273160384492630,2026-05-20 16:02:40.383,0.570831,2.145812,154.682343,0.035903,-0.000796,0.976832,0.586279,-0.352268,10.108404,-0.010089,-0.018531,0.010886,-0.518424,0.084550,-0.843184,98937.0000
1779273160485067074,2026-05-20 16:02:40.483,0.567743,2.143619,154.613525,0.039389,-0.004279,0.978530,0.119727,0.128462,9.894773,0.005112,-0.012038,0.012652,-0.517215,0.084873,-0.842623,98943.0000
1779273160584887278,2026-05-20 16:02:40.583,0.548385,2.158508,154.537323,0.044292,-0.003257,0.980272,0.150296,0.022567,9.678351,0.006303,0.010492,0.014170,-0.518733,0.085711,-0.844104,98939.0000
1779273160684521574,2026-05-20 16:02:40.683,0.521707,2.129295,154.458054,0.035333,-0.002487,0.978322,0.701203,-0.123522,9.931670,0.017890,0.014914,0.016101,-0.518415,0.085154,-0.842899,98941.0000
1779273160785829445,2026-05-20 16:02:40.784,0.502553,2.075216,154.384155,0.032722,0.001696,0.977988,0.869128,0.084826,9.926928,0.005832,0.004061,0.012241,-0.517514,0.086638,-0.843258,98939.0000
1779273160884927611,2026-05-20 16:02:40.883,0.511527,2.051236,154.323151,0.033565,-0.000865,0.977536,0.009641,-0.291080,9.545317,-0.004590,-0.007012,0.019039,-0.516006,0.086665,-0.842697,98938.0000
1779273160984759241,2026-05-20 16:02:40.983,0.532339,2.096874,154.248596,0.037020,-0.000478,0.977656,0.769870,0.097372,9.890148,-0.007054,-0.002638,0.013344,-0.516603,0.086959,-0.842689,98939.0000
1779273161084522055,2026-05-20 16:02:41.083,0.542825,2.154597,154.193100,0.036530,-0.001196,0.976641,0.638652,-0.420749,9.930656,-0.000961,0.000188,0.005228,-0.517204,0.088128,-0.843301,98942.0000
1779273161184888278,2026-05-20 16:02:41.183,0.538809,2.181064,154.165161,0.034226,-0.001359,0.975522,0.283906,0.075618,9.831378,-0.000765,-0.024655,0.005999,-0.517191,0.087560,-0.842388,98941.0000
1779273161284677222,2026-05-20 16:02:41.283,0.527385,2.176520,154.146439,0.046120,-0.003499,0.980909,-0.167840,-0.170629,9.682772,-0.001325,-0.000566,0.008625,-0.517802,0.089892,-0.843928,98944.0000
1779273161384549648,2026-05-20 16:02:41.383,0.518819,2.169212,154.133682,0.043701,-0.002034,0.980127,0.632935,-0.123612,9.767695,0.008005,0.015245,0.003105,-0.516898,0.088436,-0.843016,98936.0000
1779273161485195833,2026-05-20 16:02:41.483,0.516495,2.130565,154.133118,0.036763,-0.001169,0.976768,0.933451,-0.241004,10.011205,0.001830,-0.002706,-0.000776,-0.517776,0.088755,-0.842102,98939.0000
1779273161584972463,2026-05-20 16:02:41.583,0.519996,2.082686,154.135300,0.034929,-0.003483,0.976931,0.207787,-0.019612,9.681183,-0.003129,-0.003038,0.000870,-0.518096,0.089015,-0.843300,98934.0000
1779273161684848537,2026-05-20 16:02:41.683,0.534364,2.071263,154.133102,0.042189,-0.002352,0.979672,-0.199408,-0.051650,9.660128,-0.008518,0.008470,0.000680,-0.516920,0.087517,-0.843893,98942.0000
1779273161784553870,2026-05-20 16:02:41.783,0.546617,2.068322,154.124634,0.036093,-0.002380,0.977056,0.681805,0.148905,10.091629,0.003395,0.008777,-0.002837,-0.517772,0.089350,-0.842117,98932.0000
1779273161885086499,2026-05-20 16:02:41.883,0.556927,2.043352,154.125534,0.032495,-0.002046,0.975645,1.100289,-0.044962,9.915413,-0.006233,-0.007597,-0.003490,-0.516617,0.089881,-0.844558,98937.0000
1779273161984931759,2026-05-20 16:02:41.983,0.552318,2.022731,154.123856,0.036573,-0.005740,0.978622,0.248590,-0.292269,9.696116,0.001845,-0.002592,0.006028,-0.516593,0.088447,-0.842724,98947.0000
1779273162084591018,2026-05-20 16:02:42.083,0.540295,2.022848,154.112747,0.039138,-0.003450,0.980856,0.217542,-0.081033,9.764703,0.003027,0.013483,0.000545,-0.517765,0.090541,-0.842145,98941.0000
1779273162184511629,2026-05-20 16:02:42.183,0.530335,2.053964,154.103226,0.032238,-0.000711,0.976405,0.941417,0.040443,10.055875,-0.003360,-0.012207,-0.002575,-0.516882,0.089933,-0.842753,98939.0000
1779273162287295999,2026-05-20 16:02:42.283,0.520577,2.077603,154.105225,0.031825,-0.004580,0.976011,0.360322,-0.171501,9.912446,0.006898,-0.013840,0.008579,-0.516610,0.089304,-0.843944,98936.0000
1779273162384911018,2026-05-20 16:02:42.383,0.525881,2.112765,154.101929,0.041212,-0.002319,0.979028,0.214848,0.012772,9.803026,0.001698,0.000744,0.000852,-0.516890,0.087859,-0.842403,98945.0000
1779273162484406351,2026-05-20 16:02:42.483,0.531341,2.162964,154.099503,0.037240,-0.001634,0.977982,0.493645,0.091719,9.793893,-0.000587,0.000358,-0.002871,-0.517502,0.089307,-0.843622,98938.0000
1779273162584608406,2026-05-20 16:02:42.583,0.529470,2.158808,154.110107,0.037347,-0.003729,0.976755,0.506660,-0.207597,9.833253,-0.000312,-0.002561,-0.000172,-0.518076,0.089637,-0.842416,98937.0000
1779273162684900184,2026-05-20 16:02:42.683,0.517521,2.132085,154.138000,0.043703,-0.003534,0.979681,0.673345,-0.186046,9.986303,0.003429,0.012492,-0.004481,-0.516288,0.089342,-0.842754,98939.0000
1779273162784811628,2026-05-20 16:02:42.783,0.503407,2.104210,154.169418,0.038427,-0.002878,0.978425,0.364497,0.131501,9.698834,-0.000475,0.009494,-0.006871,-0.516280,0.089648,-0.842462,98939.0000
1779273162884596703,2026-05-20 16:02:42.883,0.491403,2.053597,154.200821,0.035738,-0.004530,0.976854,0.174624,-0.207399,9.500176,-0.003593,0.002684,-0.001467,-0.516307,0.089017,-0.843645,98937.0000
1779273162985143721,2026-05-20 16:02:42.983,0.480029,1.995805,154.238480,0.037184,-0.001689,0.979557,0.401619,-0.011013,9.832055,0.002013,0.008964,-0.005834,-0.516894,0.089032,-0.843031,98940.0000
1779273163084893906,2026-05-20 16:02:43.083,0.495446,1.972593,154.276825,0.035687,-0.000074,0.979227,0.659580,0.083639,9.878895,-0.004976,0.010986,-0.007351,-0.515696,0.086685,-0.842106,98937.0000
1779273163184538406,2026-05-20 16:02:43.183,0.520716,1.986084,154.322998,0.032470,-0.003171,0.975317,0.136403,-0.176784,9.581800,-0.004461,-0.004855,-0.006642,-0.516311,0.088422,-0.843631,98947.0000
1779273163284570573,2026-05-20 16:02:43.283,0.541797,2.001225,154.372665,0.034536,-0.003100,0.976586,0.119568,0.291979,9.741586,-0.005557,-0.006131,-0.013327,-0.515709,0.087254,-0.843018,98938.0000
1779273163385085110,2026-05-20 16:02:43.383,0.552444,2.038829,154.425064,0.037465,-0.004975,0.977046,0.892134,0.066396,9.918069,-0.000492,-0.005504,-0.011939,-0.517209,0.086649,-0.842966,98939.0000
1779273163484810073,2026-05-20 16:02:43.483,0.541033,2.077616,154.483139,0.036420,-0.008973,0.977596,0.246509,-0.581194,9.794558,0.003855,-0.008742,-0.001677,-0.516887,0.085803,-0.841454,98944.0000
1779273163584625072,2026-05-20 16:02:43.583,0.517264,2.123022,154.546173,0.038921,-0.004863,0.980035,-0.005667,0.030427,9.747712,0.015466,-0.000966,-0.011050,-0.518095,0.086661,-0.842344,98939.0000
1779273163684584424,2026-05-20 16:02:43.683,0.488797,2.134383,154.608475,0.037695,-0.002642,0.979044,0.835353,0.111249,9.818460,0.005458,-0.002090,-0.010452,-0.517802,0.085771,-0.842330,98928.0000
1779273163784771220,2026-05-20 16:02:43.783,0.475144,2.114197,154.653412,0.039930,-0.004463,0.978341,0.488244,-0.322697,9.795045,0.005938,0.000688,0.002192,-0.519616,0.084551,-0.842854,98934.0000
1779273163884610424,2026-05-20 16:02:43.883,0.485122,2.093549,154.683533,0.040965,-0.000772,0.977740,-0.135786,0.112704,9.570684,0.004618,0.015782,-0.002097,-0.516906,0.083711,-0.841703,98937.0000
1779273163984660035,2026-05-20 16:02:43.983,0.511904,2.077273,154.702209,0.035827,0.000955,0.975992,0.893109,0.051387,9.789007,-0.010707,0.002295,-0.009841,-0.518127,0.085138,-0.843506,98943.0000
1779273164085008405,2026-05-20 16:02:44.083,0.545915,2.051360,154.736237,0.036700,-0.003320,0.977034,0.387553,-0.286955,9.750326,-0.011420,-0.000816,-0.007189,-0.518133,0.084245,-0.843484,98939.0000
1779273164185068831,2026-05-20 16:02:44.183,0.570773,2.041815,154.779312,0.037811,-0.005295,0.978143,0.410827,-0.106783,9.932406,0.003150,0.009490,-0.005490,-0.517514,0.083987,-0.842294,98938.0000
1779273164284658776,2026-05-20 16:02:44.283,0.567280,2.049913,154.818970,0.035729,-0.005051,0.977602,0.786274,0.107578,9.867286,-0.000754,-0.003850,-0.006711,-0.516643,0.083361,-0.843501,98943.0000
1779273164385990905,2026-05-20 16:02:44.384,0.535350,2.045895,154.862991,0.034880,-0.006788,0.978319,0.016529,-0.004958,9.641465,0.004606,-0.003915,-0.010288,-0.517533,0.083662,-0.843186,98937.0000
1779273164485066294,2026-05-20 16:02:44.483,0.484530,2.063759,154.906784,0.037165,-0.004687,0.979700,0.179260,0.062319,9.875313,0.010176,-0.003011,-0.001696,-0.517533,0.082778,-0.842865,98939.0000
1779273164584938276,2026-05-20 16:02:44.583,0.441806,2.075995,154.945877,0.037637,-0.001820,0.978539,0.326816,0.270303,9.875791,0.006990,-0.002969,-0.001039,-0.516627,0.082505,-0.842281,98935.0000
1779273164684521905,2026-05-20 16:02:44.683,0.435145,2.080435,154.983810,0.040704,0.001837,0.978362,0.638141,0.160127,9.976121,-0.001919,0.001715,-0.006785,-0.519334,0.080991,-0.842476,98938.0000
1779273164785101035,2026-05-20 16:02:44.783,0.474666,2.064578,155.013107,0.039309,0.001168,0.976546,0.312815,0.002475,9.727727,-0.011007,0.007467,-0.006726,-0.517236,0.080715,-0.842223,98937.0000
1779273164884901794,2026-05-20 16:02:44.883,0.537962,2.016059,155.023285,0.034262,-0.002728,0.975797,0.161726,-0.022731,9.856647,-0.011446,0.000769,0.000510,-0.518461,0.080663,-0.843690,98944.0000
1779273164984730923,2026-05-20 16:02:44.983,0.585297,1.973078,155.035706,0.036664,-0.006094,0.978745,0.445548,-0.183424,9.987142,0.007027,0.012680,0.003282,-0.516958,0.080979,-0.843436,98939.0000
1779273165084806590,2026-05-20 16:02:45.083,0.589091,1.974372,155.066315,0.030331,-0.006019,0.977773,0.353156,0.215287,10.008172,0.003914,-0.003250,-0.008037,-0.517859,0.082145,-0.844041,98943.0000
1779273165185015238,2026-05-20 16:02:45.183,0.546552,2.010164,155.121414,0.031280,-0.006696,0.977993,0.069284,0.134007,9.680311,0.014191,-0.013717,-0.011369,-0.517862,0.081550,-0.844027,98935.0000
1779273165285183831,2026-05-20 16:02:45.283,0.483221,2.057368,155.192062,0.037127,-0.004776,0.980193,0.383604,0.078030,9.817675,0.012151,-0.001327,-0.012309,-0.519332,0.081288,-0.842483,98942.0000
1779273165384760590,2026-05-20 16:02:45.383,0.437544,2.114042,155.254623,0.035808,-0.001817,0.977135,0.137906,-0.002839,9.749543,0.008270,-0.006897,-0.004415,-0.518772,0.078875,-0.843639,98941.0000
1779273165484588997,2026-05-20 16:02:45.483,0.429337,2.130599,155.340057,0.039917,0.002195,0.978363,0.314971,0.211925,9.918258,0.005824,0.007564,-0.013688,-0.519672,0.078572,-0.843609,98936.0000
1779273165584798997,2026-05-20 16:02:45.583,0.467280,2.138148,155.465240,0.038214,0.000484,0.976753,0.642645,0.338671,9.995591,-0.011156,-0.003364,-0.027188,-0.519399,0.077943,-0.844801,98946.0000
1779273165684738682,2026-05-20 16:02:45.683,0.526821,2.130134,155.602615,0.039687,-0.005590,0.976831,0.261565,-0.174283,9.681380,-0.010807,-0.005342,-0.016310,-0.519969,0.077101,-0.842966,98935.0000
1779273165784633719,2026-05-20 16:02:45.783,0.572934,2.133400,155.728073,0.041572,-0.008858,0.978628,0.401724,-0.003011,9.843334,-0.001751,-0.000631,-0.016972,-0.519952,0.076244,-0.841747,98944.0000
1779273165885129164,2026-05-20 16:02:45.883,0.580794,2.111373,155.835159,0.038011,-0.008921,0.978153,0.709553,0.282699,10.085365,-0.000913,0.000711,-0.019218,-0.519108,0.074987,-0.844137,98935.0000
1779273165985022182,2026-05-20 16:02:45.983,0.558919,2.069571,155.929901,0.037617,-0.009149,0.978859,0.395486,-0.010897,9.869619,0.006790,0.005340,-0.009556,-0.518169,0.074469,-0.841749,98939.0000
1779273166084897719,2026-05-20 16:02:46.083,0.525308,2.032485,156.018875,0.035201,-0.005561,0.978634,0.021763,-0.112255,9.763560,0.006350,0.006447,-0.012408,-0.519372,0.074453,-0.842018,98933.0000
1779273166186022126,2026-05-20 16:02:46.184,0.508283,2.015106,156.118729,0.032655,-0.001749,0.977455,0.592116,-0.043608,9.914329,-0.000188,-0.005271,-0.021447,-0.518220,0.072621,-0.843803,98940.0000
1779273166285499163,2026-05-20 16:02:46.284,0.517808,2.036855,156.221115,0.036296,-0.003402,0.976699,0.127201,-0.197502,9.701469,-0.005942,-0.001370,-0.017282,-0.520040,0.071392,-0.844627,98935.0000
1779273166384895941,2026-05-20 16:02:46.383,0.540767,2.082547,156.311386,0.035683,-0.003612,0.976685,0.619948,-0.115207,9.823134,0.000033,-0.008582,-0.009228,-0.520322,0.070534,-0.843400,98933.0000
1779273166484754108,2026-05-20 16:02:46.483,0.566217,2.125049,156.401047,0.037673,-0.004438,0.977343,0.857880,0.165961,9.934083,-0.004188,-0.011867,-0.018270,-0.520004,0.071744,-0.842837,98936.0000
1779273166584593256,2026-05-20 16:02:46.583,0.570331,2.142025,156.477554,0.038829,-0.007945,0.977486,-0.222212,-0.000062,9.459979,0.000486,-0.003674,-0.009505,-0.522120,0.069341,-0.843025,98937.0000
1779273166684940626,2026-05-20 16:02:46.683,0.544704,2.129581,156.560959,0.041634,-0.006704,0.979999,0.179920,0.053469,9.589824,0.006495,0.006649,-0.008754,-0.520321,0.069064,-0.842765,98937.0000
1779273166784747534,2026-05-20 16:02:46.783,0.507703,2.104530,156.640945,0.035451,-0.005530,0.979051,0.721577,0.067301,9.936894,0.005764,0.001334,-0.014436,-0.520949,0.068717,-0.844240,98937.0000
1779273166884701830,2026-05-20 16:02:46.883,0.482599,2.087691,156.697937,0.036084,-0.002744,0.978312,0.248492,-0.349245,9.655504,-0.003503,0.003336,-0.010034,-0.520333,0.067278,-0.842721,98941.0000
1779273166985110200,2026-05-20 16:02:46.983,0.484545,2.084486,156.737274,0.036159,-0.000920,0.977687,0.322625,-0.049820,9.641588,-0.002618,-0.007403,-0.004216,-0.521251,0.066651,-0.843583,98939.0000
1779273167084844811,2026-05-20 16:02:47.083,0.513408,2.073076,156.768677,0.036581,-0.000980,0.978350,0.117538,0.465640,9.699040,-0.000009,0.004486,-0.006611,-0.520634,0.067863,-0.843028,98941.0000
1779273167184732052,2026-05-20 16:02:47.183,0.552418,2.073240,156.788376,0.037208,-0.003751,0.978269,0.568998,0.131807,10.022873,-0.004827,0.009258,-0.006544,-0.520632,0.067276,-0.842714,98936.0000
1779273167284655607,2026-05-20 16:02:47.283,0.571309,2.066433,156.797546,0.034084,-0.005403,0.975430,0.556109,-0.155268,9.918166,-0.000262,0.002170,-0.006674,-0.520039,0.068155,-0.843350,98935.0000
1779273167384891922,2026-05-20 16:02:47.383,0.549428,2.038826,156.804596,0.030889,-0.006898,0.976247,0.153775,0.095434,9.954293,0.007963,-0.004402,-0.004066,-0.520664,0.067520,-0.844519,98937.0000
1779273167484691589,2026-05-20 16:02:47.483,0.503399,2.029453,156.807343,0.033214,-0.004467,0.979512,0.244258,0.058136,9.888181,0.017224,0.011608,0.002190,-0.520048,0.066667,-0.843314,98938.0000
1779273167584568959,2026-05-20 16:02:47.583,0.462671,2.058288,156.826614,0.028740,0.000435,0.979107,0.418735,0.157900,10.094381,0.011326,0.000761,-0.004499,-0.520054,0.065774,-0.843292,98941.0000
1779273167684151070,2026-05-20 16:02:47.682,0.453476,1.909338,156.904846,0.034652,0.000722,0.982659,0.474448,-0.144302,9.855571,0.004228,0.050002,-0.012177,-0.520073,0.067217,-0.844826,98938.0000
1779273167784785181,2026-05-20 16:02:47.783,0.481559,1.381063,157.032379,0.028778,-0.000370,0.985525,-0.001860,0.346530,9.869011,-0.003356,0.132997,-0.022208,-0.517486,0.065593,-0.849951,98937.0000
1779273167884582885,2026-05-20 16:02:47.883,0.527301,0.517420,157.190918,-0.005598,-0.003184,0.984688,-0.215658,-0.074095,9.897423,-0.006072,0.168851,-0.032454,-0.514020,0.064533,-0.856312,98942.0000
1779273167984417551,2026-05-20 16:02:47.983,0.565412,-0.406709,157.369736,-0.044979,-0.007786,0.981631,-0.353514,-0.463876,10.058249,-0.009603,0.141484,-0.027325,-0.506981,0.062585,-0.863342,98941.0000
1779273168085079273,2026-05-20 16:02:48.083,0.573643,-1.092965,157.519348,-0.077565,-0.009155,0.979782,-0.818642,-0.074811,9.890059,-0.001431,0.080939,-0.021402,-0.503211,0.061536,-0.869412,98937.0000
1779273168184706144,2026-05-20 16:02:48.183,0.549798,-1.469839,157.598251,-0.087340,-0.009125,0.978989,-0.843424,-0.073976,9.993014,0.007260,0.034155,-0.010174,-0.501734,0.061221,-0.870341,98941.0000
1779273168285003107,2026-05-20 16:02:48.283,0.530792,-1.581044,157.658493,-0.087554,-0.005333,0.973704,-1.031196,-0.022527,9.682538,0.004686,-0.011627,0.002877,-0.500889,0.060847,-0.873053,98939.0000
1779273168384406847,2026-05-20 16:02:48.383,0.524470,-1.488000,157.669525,-0.078525,-0.003541,0.971477,-0.474305,-0.166851,9.851720,0.013264,-0.032447,-0.006044,-0.501489,0.060546,-0.873030,98937.0000
1779273168484997273,2026-05-20 16:02:48.483,0.520177,-1.337639,157.635529,-0.076869,-0.002006,0.970284,-1.084557,-0.190329,9.782908,-0.001490,-0.057096,-0.013948,-0.502652,0.061476,-0.871524,98943.0000
1779273168584807181,2026-05-20 16:02:48.583,0.572150,-1.279125,157.525360,-0.083587,-0.000132,0.970564,0.308703,-0.097768,10.224135,-0.031784,-0.034810,0.018971,-0.503506,0.062129,-0.869418,98938.0000
1779273168684747995,2026-05-20 16:02:48.683,0.647103,-1.209041,157.341690,-0.094146,-0.004503,0.971729,0.050964,0.104317,10.262065,-0.003973,-0.024888,0.000495,-0.502593,0.062748,-0.868856,98939.0000
1779273168784924106,2026-05-20 16:02:48.783,0.641210,-0.972342,157.322845,-0.097215,-0.012178,0.975143,-0.950823,0.017335,9.672763,0.020398,-0.058773,-0.015029,-0.503454,0.064861,-0.867685,98941.0000
1779273168884792532,2026-05-20 16:02:48.883,0.563165,-0.491777,157.296738,-0.078159,-0.010422,0.976086,-1.064793,-0.606299,9.308706,0.010534,-0.094914,0.002411,-0.507009,0.064307,-0.865482,98936.0000
1779273168984667717,2026-05-20 16:02:48.983,0.509286,0.113510,157.228439,-0.053906,0.000981,0.977398,-0.521903,-0.445295,9.904160,0.001378,-0.122796,-0.011863,-0.509573,0.065084,-0.858838,98942.0000
1779273169084687643,2026-05-20 16:02:49.083,0.519047,0.684924,157.133514,-0.023747,0.001898,0.975939,-0.186895,0.336341,9.672261,0.001452,-0.083699,0.026674,-0.513693,0.063696,-0.854501,98938.0000
1779273169184981273,2026-05-20 16:02:49.183,0.592410,1.031867,156.985443,0.004550,-0.001081,0.980447,-0.016382,-0.432511,9.539800,-0.012045,-0.033605,0.030690,-0.516312,0.065564,-0.851180,98943.0000
1779273169284872458,2026-05-20 16:02:49.283,0.664679,1.037044,156.823822,0.016827,-0.005980,0.983594,-0.252718,-0.264189,9.727394,-0.004090,0.032577,0.017972,-0.515094,0.067961,-0.850969,98936.0000
1779273169384709958,2026-05-20 16:02:49.383,0.682006,0.763084,156.674805,0.014646,-0.011286,0.982944,0.108958,-0.032319,9.956022,0.005882,0.071711,0.030462,-0.513643,0.068782,-0.853725,98943.0000
1779273169484365884,2026-05-20 16:02:49.483,0.640592,0.354132,156.525024,0.000773,-0.008701,0.983665,-0.132650,-0.106777,9.782790,0.013536,0.078093,0.030707,-0.509168,0.072029,-0.855716,98940.0000
1779273169584909532,2026-05-20 16:02:49.583,0.576421,-0.033315,156.358673,-0.014565,-0.006069,0.982719,-0.001852,0.006586,9.960682,0.007404,0.056553,0.024737,-0.508063,0.071595,-0.860532,98939.0000
1779273169684865495,2026-05-20 16:02:49.683,0.523295,-0.270102,156.195984,-0.029230,-0.002109,0.979607,-0.043583,0.246380,9.994748,0.006614,0.016747,0.025641,-0.506864,0.071900,-0.860569,98934.0000
1779273169784704661,2026-05-20 16:02:49.783,0.494119,-0.288334,156.047852,-0.032499,-0.000260,0.977701,-0.248672,0.237142,9.760338,0.006483,-0.017405,0.018840,-0.507779,0.071867,-0.861445,98938.0000
1779273169885273754,2026-05-20 16:02:49.884,0.504151,-0.104261,155.933746,-0.027481,0.000137,0.973316,-0.234194,-0.161223,9.587120,-0.001048,-0.048732,0.011148,-0.507447,0.074277,-0.860612,98937.0000
1779273169985061254,2026-05-20 16:02:49.983,0.536232,0.199970,155.881699,-0.013654,0.001176,0.972209,-0.092365,0.114676,9.731359,-0.006526,-0.059204,0.001587,-0.509786,0.074938,-0.857869,98937.0000
1779273170084861254,2026-05-20 16:02:50.083,0.560391,0.484721,155.884857,0.002785,-0.004664,0.973556,-0.004190,0.080658,9.733078,-0.003473,-0.040167,-0.002036,-0.509739,0.074424,-0.855159,98945.0000
1779273170184461994,2026-05-20 16:02:50.183,0.557950,0.646168,155.912781,0.014007,-0.007128,0.976685,0.189107,-0.183466,9.844481,0.005207,-0.013435,-0.008630,-0.512717,0.076489,-0.855132,98936.0000
1779273170284999439,2026-05-20 16:02:50.283,0.527568,0.645202,155.940369,0.017386,-0.004447,0.980540,-0.090993,0.145270,9.668811,0.006302,0.015950,-0.004124,-0.512705,0.075037,-0.853899,98938.0000
1779273170385011772,2026-05-20 16:02:50.383,0.501149,0.492787,155.971573,0.014064,-0.001120,0.984155,0.000716,0.263640,9.811717,0.006458,0.031053,0.001391,-0.510932,0.074128,-0.854822,98937.0000
1779273170484686013,2026-05-20 16:02:50.483,0.503464,0.290776,156.021240,0.005897,0.000639,0.983187,-0.198195,-0.130746,9.793466,-0.000043,0.026566,-0.007635,-0.511288,0.073153,-0.857488,98941.0000
1779273170586154513,2026-05-20 16:02:50.584,0.531851,0.171050,156.093475,-0.000959,-0.000223,0.981426,-0.019624,0.016905,9.845948,-0.004999,0.009186,-0.014890,-0.508913,0.073726,-0.858762,98941.0000
1779273170684872827,2026-05-20 16:02:50.683,0.573562,0.167154,156.205444,-0.004009,-0.002701,0.978319,0.011890,-0.009196,9.816628,-0.006324,-0.012020,-0.021919,-0.509532,0.072217,-0.859310,98932.0000
1779273170784759550,2026-05-20 16:02:50.783,0.591782,0.273729,156.330276,-0.002177,-0.006274,0.976427,0.063211,-0.041870,9.820527,0.006249,-0.024656,-0.018050,-0.510389,0.071688,-0.856876,98943.0000
1779273170884602087,2026-05-20 16:02:50.883,0.567871,0.439383,156.437790,0.005580,-0.006269,0.976104,0.226937,-0.103524,9.811546,0.009840,-0.030404,-0.013880,-0.511900,0.071066,-0.857422,98947.0000
1779273170985135864,2026-05-20 16:02:50.983,0.513810,0.575737,156.522095,0.015056,-0.003009,0.976849,0.243998,-0.021922,9.803985,0.008471,-0.019446,-0.014979,-0.512470,0.069340,-0.855267,98939.0000
1779273171084880346,2026-05-20 16:02:51.083,0.471623,0.617763,156.604034,0.020311,0.000508,0.978581,0.185052,0.125999,9.747846,0.005211,0.000514,-0.015156,-0.513077,0.067262,-0.854902,98937.0000
1779273171184804346,2026-05-20 16:02:51.183,0.470728,0.555316,156.703003,0.019888,0.002060,0.978397,0.133988,0.032352,9.753750,-0.001605,0.016303,-0.016593,-0.513086,0.067542,-0.855508,98939.0000
1779273171284815327,2026-05-20 16:02:51.283,0.514833,0.431010,156.826569,0.013976,0.001032,0.978797,0.064495,-0.072733,9.751887,-0.007816,0.025303,-0.023191,-0.513414,0.067495,-0.856999,98942.0000
1779273171384909957,2026-05-20 16:02:51.383,0.572599,0.318297,156.971909,0.007130,-0.002299,0.979105,-0.041010,-0.009727,9.720056,-0.004473,0.016742,-0.024742,-0.511011,0.066346,-0.856132,98939.0000
1779273171484788549,2026-05-20 16:02:51.483,0.597092,0.257972,157.121033,0.003335,-0.006235,0.979361,0.074146,0.082773,9.774991,-0.001094,0.006518,-0.024269,-0.511365,0.064784,-0.858485,98938.0000
1779273171584603531,2026-05-20 16:02:51.583,0.565056,0.243138,157.262497,0.003251,-0.006889,0.979779,0.021848,-0.050005,9.783024,0.008776,0.004324,-0.021490,-0.512253,0.063615,-0.857535,98937.0000
1779273171685253938,2026-05-20 16:02:51.684,0.507512,0.258033,157.395615,0.003980,-0.003460,0.978780,0.068641,-0.035963,9.765146,0.010511,-0.001843,-0.018247,-0.511964,0.063897,-0.858149,98937.0000
1779273171785063290,2026-05-20 16:02:51.783,0.463099,0.272103,157.520035,0.005774,0.000362,0.978473,-0.008270,0.045987,9.747353,0.004539,-0.002797,-0.026578,-0.511981,0.062102,-0.858405,98936.0000
1779273171884920827,2026-05-20 16:02:51.883,0.466480,0.286998,157.642563,0.005878,0.001999,0.977683,0.141830,0.005587,9.814420,-0.005023,-0.006986,-0.021495,-0.510758,0.060973,-0.856610,98936.0000
1779273171984766827,2026-05-20 16:02:51.983,0.516718,0.311845,157.770309,0.005542,0.000864,0.976752,0.169190,-0.120245,9.848949,-0.004649,-0.002882,-0.022960,-0.512544,0.059799,-0.855636,98935.0000
1779273172084995993,2026-05-20 16:02:52.083,0.574402,0.347675,157.914429,0.006507,-0.002176,0.977655,0.100786,0.092923,9.806367,0.000221,-0.006695,-0.026654,-0.512896,0.058534,-0.857996,98943.0000
1779273172185056030,2026-05-20 16:02:52.183,0.600465,0.366884,158.065842,0.009131,-0.006467,0.978293,0.137209,-0.041694,9.796000,-0.001175,-0.003742,-0.024397,-0.514366,0.057389,-0.856132,98943.0000
1779273172287029567,2026-05-20 16:02:52.283,0.579205,0.338594,158.191254,0.010657,-0.006729,0.980083,0.277755,-0.174163,9.885259,0.010873,0.009429,-0.017237,-0.512885,0.056785,-0.856755,98940.0000
1779273172384724660,2026-05-20 16:02:52.383,0.525414,0.229152,158.268112,0.009099,-0.005483,0.981321,0.007329,-0.051383,9.844073,0.010248,0.023596,-0.009342,-0.512624,0.055254,-0.858225,98937.0000
1779273172484910419,2026-05-20 16:02:52.483,0.474656,0.079058,158.306213,0.001747,-0.002370,0.979978,-0.155137,-0.006906,9.753204,0.004148,0.024955,-0.006696,-0.512011,0.055871,-0.857655,98941.0000
1779273172584763271,2026-05-20 16:02:52.583,0.455527,-0.016731,158.343170,-0.006323,0.000879,0.977986,-0.138652,0.063033,9.781591,-0.001198,0.010996,-0.008642,-0.512660,0.055786,-0.860336,98945.0000
1779273172684691141,2026-05-20 16:02:52.683,0.481372,0.003270,158.386780,-0.010874,0.000927,0.976157,-0.130264,-0.017226,9.765232,-0.008873,-0.017862,-0.009855,-0.511453,0.056398,-0.860081,98935.0000
1779273172785240530,2026-05-20 16:02:52.784,0.522992,0.118495,158.416580,-0.006407,-0.001486,0.975831,-0.015093,0.004128,9.776023,-0.005728,-0.022776,-0.006578,-0.512920,0.054963,-0.857910,98943.0000
1779273172885083604,2026-05-20 16:02:52.883,0.543512,0.253095,158.405457,0.000853,-0.004746,0.976594,0.021844,0.177377,9.745531,0.000769,-0.024890,0.007262,-0.512882,0.056496,-0.856448,98941.0000
1779273172984908104,2026-05-20 16:02:52.983,0.540692,0.353580,158.360687,0.009087,-0.004472,0.978875,0.161395,-0.006720,9.845918,0.001921,-0.012499,0.008711,-0.512590,0.054424,-0.856106,98941.0000
1779273173084649715,2026-05-20 16:02:53.083,0.524694,0.371945,158.293381,0.012731,-0.004366,0.980432,0.019234,-0.147014,9.751332,0.001006,0.004876,0.011026,-0.513747,0.057131,-0.854942,98933.0000
1779273173184976752,2026-05-20 16:02:53.183,0.514564,0.318954,158.211227,0.010738,-0.002443,0.981335,-0.072144,0.101084,9.723389,0.004754,0.016317,0.014200,-0.514084,0.055596,-0.856396,98943.0000
1779273173284959863,2026-05-20 16:02:53.283,0.520015,0.252534,158.126602,0.005958,-0.002549,0.980353,-0.063010,0.017754,9.701170,0.000373,0.007176,0.016326,-0.510810,0.055589,-0.857379,98945.0000
1779273173384653048,2026-05-20 16:02:53.383,0.542167,0.218792,158.041412,0.003244,-0.002758,0.979574,0.151399,-0.082021,9.832573,-0.004088,0.003854,0.012974,-0.513468,0.057394,-0.856155,98939.0000
1779273173485994992,2026-05-20 16:02:53.484,0.557906,0.219786,157.951401,0.003336,-0.003462,0.978723,0.074643,0.042298,9.785264,-0.000779,-0.006080,0.014770,-0.512898,0.057353,-0.857668,98939.0000
1779273173585088955,2026-05-20 16:02:53.583,0.551721,0.236487,157.843918,0.005950,-0.004091,0.977265,0.124512,-0.015259,9.816998,0.004435,-0.005046,0.021098,-0.513747,0.058899,-0.855584,98937.0000
1779273173684675048,2026-05-20 16:02:53.683,0.527711,0.243488,157.709076,0.008083,-0.003744,0.976708,0.176794,-0.125065,9.799618,0.004076,-0.000053,0.025187,-0.512560,0.062423,-0.857498,98935.0000
1779273173786007881,2026-05-20 16:02:53.784,0.504941,0.237424,157.550247,0.007537,-0.002444,0.976444,0.132105,-0.019625,9.808450,0.002604,-0.003433,0.027648,-0.511629,0.062483,-0.855724,98937.0000
1779273173885221289,2026-05-20 16:02:53.883,0.503394,0.245551,157.391724,0.004842,-0.000882,0.976766,0.041542,0.068965,9.803471,-0.001037,-0.006981,0.025176,-0.511674,0.063294,-0.858441,98936.0000
1779273173984990937,2026-05-20 16:02:53.983,0.531236,0.302295,157.253708,0.005303,-0.001364,0.978272,0.125113,-0.067289,9.849686,-0.007399,-0.013368,0.020283,-0.512537,0.064227,-0.856943,98941.0000
1779273174084912251,2026-05-20 16:02:54.083,0.570465,0.384945,157.136124,0.009906,-0.003069,0.980095,0.180504,-0.082754,9.856928,-0.003344,-0.017433,0.018994,-0.511946,0.065691,-0.857892,98938.0000
1779273174186153492,2026-05-20 16:02:54.184,0.587897,0.437571,157.016602,0.015438,-0.005669,0.981539,0.154592,-0.014609,9.829544,0.000672,-0.008206,0.020651,-0.514007,0.066616,-0.856363,98939.0000
1779273174285142603,2026-05-20 16:02:54.283,0.571761,0.419643,156.882202,0.018525,-0.006628,0.981476,0.191370,-0.082723,9.840051,0.006751,0.009095,0.029032,-0.513398,0.067224,-0.856093,98941.0000
1779273174384936177,2026-05-20 16:02:54.383,0.530130,0.332958,156.740311,0.016090,-0.004646,0.980434,0.145534,-0.105502,9.823770,0.009494,0.016464,0.026696,-0.510691,0.067854,-0.855577,98937.0000
1779273174484835955,2026-05-20 16:02:54.483,0.488916,0.222395,156.602722,0.009842,-0.001325,0.978693,0.018653,0.091447,9.737442,0.003288,0.010328,0.022716,-0.513090,0.068714,-0.856136,98937.0000
1779273174585345862,2026-05-20 16:02:54.584,0.478339,0.148540,156.471222,0.004051,0.000485,0.976727,0.020457,-0.026327,9.751411,-0.002590,0.006626,0.024225,-0.511025,0.071035,-0.858644,98934.0000
1779273174684967807,2026-05-20 16:02:54.683,0.507021,0.139548,156.345428,0.001231,0.000518,0.975602,-0.020916,-0.077147,9.713186,-0.003220,-0.006897,0.022306,-0.510124,0.070752,-0.858360,98943.0000
1779273174784876047,2026-05-20 16:02:54.783,0.558578,0.193840,156.234589,0.003005,-0.001751,0.975817,-0.046446,-0.010599,9.673714,-0.015053,-0.011683,0.015728,-0.511311,0.071349,-0.858044,98944.0000
1779273174884645547,2026-05-20 16:02:54.883,0.604736,0.276022,156.133133,0.007959,-0.005263,0.977023,0.045975,0.002670,9.725807,-0.005490,-0.014784,0.019505,-0.510958,0.074381,-0.856327,98939.0000
1779273174985168455,2026-05-20 16:02:54.983,0.608723,0.335387,156.034760,0.012183,-0.007825,0.979494,0.153804,-0.146496,9.793143,0.006093,-0.009647,0.021221,-0.511568,0.073476,-0.856589,98945.0000
1779273175084779103,2026-05-20 16:02:55.083,0.571031,0.347527,155.935059,0.013770,-0.007275,0.980533,0.049312,-0.034669,9.748689,0.007402,-0.002059,0.015222,-0.510035,0.075017,-0.855165,98936.0000
1779273175184732621,2026-05-20 16:02:55.183,0.507221,0.316692,155.833908,0.012406,-0.004512,0.981150,0.008843,0.080188,9.723768,0.011452,0.005651,0.017844,-0.510346,0.076468,-0.856392,98943.0000
1779273175286129417,2026-05-20 16:02:55.284,0.457495,0.264346,155.743744,0.010052,-0.000705,0.980101,0.053308,-0.044040,9.755214,0.009573,0.009195,0.014810,-0.511864,0.074069,-0.856596,98933.0000
1779273175385211195,2026-05-20 16:02:55.383,0.449690,0.214288,155.682037,0.008489,0.002086,0.978575,0.023982,0.007115,9.714924,-0.000843,0.007630,0.004674,-0.510092,0.076398,-0.858796,98939.0000
1779273175484701288,2026-05-20 16:02:55.483,0.489527,0.164189,155.646866,0.007384,0.001682,0.977426,-0.012868,0.081554,9.693343,-0.011758,0.008142,0.006553,-0.509765,0.075561,-0.856985,98941.0000
1779273175584910380,2026-05-20 16:02:55.583,0.543539,0.126996,155.628021,0.005644,-0.002343,0.976994,0.064151,-0.073317,9.750253,-0.004446,0.006132,0.006614,-0.507674,0.078513,-0.858308,98935.0000
1779273175685160584,2026-05-20 16:02:55.683,0.580331,0.123411,155.607407,0.003202,-0.005258,0.977407,0.061944,-0.079359,9.778179,-0.005381,-0.003673,0.001856,-0.509484,0.077005,-0.858526,98940.0000
1779273175784988954,2026-05-20 16:02:55.783,0.578225,0.167789,155.576904,0.002333,-0.007478,0.978077,-0.012854,0.002412,9.730144,0.001660,-0.009014,0.005482,-0.509747,0.079123,-0.857371,98937.0000
1779273175884846232,2026-05-20 16:02:55.883,0.544150,0.252657,155.547165,0.005411,-0.006403,0.978665,0.116938,-0.078368,9.816113,0.009853,-0.014959,0.006249,-0.510030,0.078264,-0.856143,98939.0000
1779273175984672398,2026-05-20 16:02:55.983,0.506052,0.315199,155.542374,0.010800,-0.003463,0.979498,0.160376,-0.053687,9.786290,0.005414,-0.004209,-0.005932,-0.510638,0.076773,-0.856092,98939.0000
1779273176085273046,2026-05-20 16:02:56.084,0.490136,0.309544,155.570114,0.013704,-0.000239,0.979462,0.149836,0.104462,9.760586,-0.001129,0.006878,-0.006794,-0.510931,0.078547,-0.856427,98937.0000
1779273176184820343,2026-05-20 16:02:56.183,0.502704,0.235466,155.621353,0.012236,-0.000736,0.979464,0.154947,-0.049637,9.793043,-0.003758,0.018023,-0.009185,-0.510051,0.077642,-0.857028,98933.0000
1779273176284792287,2026-05-20 16:02:56.283,0.527469,0.142450,155.684036,0.006461,-0.001881,0.978758,0.114155,-0.109387,9.826166,-0.002276,0.015714,-0.012248,-0.509776,0.076426,-0.857905,98939.0000
1779273176386078250,2026-05-20 16:02:56.384,0.544885,0.087737,155.742691,0.001529,-0.004520,0.978381,0.020445,-0.050928,9.815421,-0.005803,0.004831,-0.010789,-0.508888,0.075828,-0.858213,98939.0000
1779273176485220676,2026-05-20 16:02:56.483,0.540368,0.103143,155.794937,0.000014,-0.005903,0.978161,0.046486,-0.085072,9.812890,0.005924,-0.010572,-0.008566,-0.508858,0.077938,-0.857365,98942.0000
1779273176585019639,2026-05-20 16:02:56.583,0.518810,0.170465,155.852188,0.003082,-0.005062,0.978016,0.133686,-0.156834,9.861597,0.007520,-0.017026,-0.011410,-0.510349,0.074402,-0.855743,98937.0000
1779273176686225342,2026-05-20 16:02:56.684,0.496740,0.255799,155.930328,0.007085,-0.002470,0.977633,0.148452,0.037567,9.823343,0.006181,-0.014700,-0.016751,-0.511274,0.074352,-0.857218,98941.0000
1779273176785217268,2026-05-20 16:02:56.783,0.493815,0.315195,156.035278,0.012100,-0.001700,0.977859,0.170672,0.018618,9.810772,0.000093,-0.012079,-0.021712,-0.511867,0.075241,-0.857224,98937.0000
1779273176885080435,2026-05-20 16:02:56.883,0.503504,0.348518,156.147644,0.013348,-0.002163,0.978145,0.164464,-0.124385,9.817989,-0.001528,-0.006532,-0.018362,-0.512148,0.072029,-0.855040,98939.0000
1779273176984935787,2026-05-20 16:02:56.983,0.512259,0.347863,156.246216,0.013883,-0.003066,0.979462,0.109583,-0.026372,9.801752,0.000220,0.000073,-0.016569,-0.511559,0.072312,-0.855662,98938.0000
1779273177084782120,2026-05-20 16:02:57.083,0.508903,0.316388,156.328354,0.013507,-0.003879,0.980332,0.061924,0.057670,9.760323,0.001861,0.003297,-0.010650,-0.511282,0.072278,-0.856868,98937.0000
1779273177185134287,2026-05-20 16:02:57.183,0.499254,0.262374,156.408676,0.012267,-0.003490,0.980039,0.086291,-0.059643,9.783421,0.004487,0.007253,-0.010831,-0.511281,0.071692,-0.856554,98943.0000
1779273177284859583,2026-05-20 16:02:57.283,0.490610,0.206200,156.499069,0.010035,-0.002093,0.978777,0.031280,-0.020188,9.733500,0.001590,0.007160,-0.021778,-0.510984,0.068745,-0.855591,98939.0000
1779273177384817805,2026-05-20 16:02:57.383,0.492408,0.165723,156.610092,0.007220,-0.001814,0.977577,-0.020097,0.076355,9.685133,-0.000204,0.001310,-0.020042,-0.510745,0.068945,-0.858901,98937.0000
1779273177485239786,2026-05-20 16:02:57.484,0.509592,0.151101,156.725388,0.005026,-0.002950,0.977032,0.010319,-0.036620,9.711789,0.001569,0.001284,-0.017713,-0.512521,0.069259,-0.857963,98934.0000
1779273177585095879,2026-05-20 16:02:57.583,0.524282,0.186319,156.828888,0.004661,-0.003658,0.977581,-0.139988,-0.003743,9.721313,-0.004089,-0.009494,-0.017675,-0.511053,0.065102,-0.857901,98941.0000
1779273177684711971,2026-05-20 16:02:57.683,0.523742,0.239779,156.915543,0.007853,-0.004143,0.979183,0.004403,-0.029080,9.762711,0.000843,-0.011963,-0.013989,-0.512798,0.067525,-0.856115,98933.0000
1779273177784544083,2026-05-20 16:02:57.783,0.509297,0.282713,156.999725,0.010970,-0.004040,0.979489,0.101905,-0.013851,9.756434,0.007069,-0.005839,-0.011502,-0.512211,0.066627,-0.856409,98938.0000
1779273177885108842,2026-05-20 16:02:57.883,0.492291,0.294305,157.093658,0.013099,-0.002644,0.979365,0.116356,-0.100613,9.783117,0.004883,0.000586,-0.020507,-0.511604,0.067235,-0.856139,98935.0000
1779273177984921897,2026-05-20 16:02:57.983,0.482444,0.269256,157.196671,0.013026,-0.002019,0.978918,0.131931,-0.011936,9.778664,0.001962,0.010480,-0.015150,-0.512535,0.065408,-0.857271,98941.0000
1779273178084785138,2026-05-20 16:02:58.083,0.485612,0.215536,157.298035,0.010417,-0.002620,0.978311,0.033839,0.021746,9.734503,0.003797,0.012496,-0.016582,-0.511059,0.063325,-0.857558,98948.0000
1779273178184403101,2026-05-20 16:02:58.183,0.497144,0.160902,157.394135,0.007527,-0.002519,0.978647,0.145045,-0.100092,9.834327,-0.000241,0.007303,-0.015963,-0.510752,0.062750,-0.856953,98939.0000
1779273178285134379,2026-05-20 16:02:58.283,0.509993,0.131487,157.480087,0.004971,-0.002585,0.978783,0.045446,-0.013079,9.855498,-0.000382,0.003956,-0.014511,-0.511968,0.062418,-0.857813,98937.0000
1779273178384874767,2026-05-20 16:02:58.383,0.519768,0.137319,157.554031,0.003881,-0.003299,0.978643,0.036088,0.015669,9.783002,-0.002184,-0.002885,-0.013454,-0.512248,0.060973,-0.856272,98941.0000
1779273178484686749,2026-05-20 16:02:58.483,0.521893,0.168411,157.621094,0.004978,-0.004713,0.978562,0.171560,-0.106268,9.871981,0.002037,-0.005392,-0.009354,-0.511663,0.062429,-0.857521,98931.0000
1779273178585265601,2026-05-20 16:02:58.584,0.511314,0.205436,157.681946,0.006387,-0.004182,0.977847,0.198749,-0.138102,9.886372,0.004956,-0.006568,-0.010157,-0.511356,0.060969,-0.856595,98945.0000
1779273178685177545,2026-05-20 16:02:58.683,0.496443,0.231042,157.745361,0.008036,-0.003147,0.977620,0.167500,0.046808,9.845662,0.000337,-0.004843,-0.012103,-0.513728,0.060107,-0.855014,98935.0000
