Timestamp,Time,Roll,Pitch,Yaw,Velocity_Increment_X,Velocity_Increment_Y,Velocity_Increment_Z,Acc_X,Acc_Y,Acc_Z,Gyro_X,Gyro_Y,Gyro_Z,Mag_X,Mag_Y,Mag_Z,Pressure
1764075354588964441,2025-11-25 18:25:54.583,0.456085,1.008925,276.418121,0.012379,0.008644,0.978249,0.107858,0.190356,9.769134,0.002331,-0.002064,0.010931,0.250777,-0.640553,-1.195633,100315.0000
1764075354693446478,2025-11-25 18:25:54.683,0.468321,1.035262,276.370354,0.014212,0.008729,0.978852,0.179319,0.018448,9.802508,0.002221,-0.001915,0.008162,0.251736,-0.642917,-1.194648,100307.0000
1764075354793336015,2025-11-25 18:25:54.783,0.485980,1.051945,276.324135,0.015276,0.009882,0.978588,0.158935,0.100107,9.779659,0.007230,-0.000875,0.014005,0.251725,-0.642002,-1.196588,100310.0000
1764075354887319829,2025-11-25 18:25:54.883,0.494714,1.050508,276.279320,0.015478,0.010792,0.978552,0.119323,0.180702,9.768508,-0.002679,0.001922,0.005955,0.247901,-0.640068,-1.194635,100316.0000
1764075354986312959,2025-11-25 18:25:54.983,0.492589,1.036798,276.231659,0.015001,0.010715,0.978448,0.174963,0.003317,9.793745,0.003107,0.001812,0.012119,0.249812,-0.641981,-1.195116,100314.0000
1764075355129610626,2025-11-25 18:25:55.088,0.480756,1.022340,276.181969,0.014260,0.010870,0.978534,0.111392,0.196372,9.763008,-0.003726,0.003411,0.012573,0.247891,-0.641979,-1.194606,100310.0000
1764075355203828811,2025-11-25 18:25:55.188,0.469333,1.011068,276.132019,0.013567,0.009831,0.978718,0.136255,0.068309,9.803833,0.001314,-0.000858,0.007889,0.247383,-0.642052,-1.197968,100311.0000
1764075355292393218,2025-11-25 18:25:55.283,0.460065,1.005892,276.083656,0.013332,0.009499,0.978914,0.148123,0.035137,9.790519,-0.000352,0.002983,0.009123,0.247395,-0.641077,-1.197020,100314.0000
1764075355391601292,2025-11-25 18:25:55.383,0.458164,1.010504,276.036369,0.013411,0.009937,0.978516,0.107748,0.188892,9.781238,0.003069,-0.004073,0.007654,0.248832,-0.642503,-1.197020,100312.0000
1764075355500818144,2025-11-25 18:25:55.484,0.461220,1.019633,275.988640,0.013957,0.009020,0.978635,0.184394,0.008117,9.810797,-0.001599,-0.003809,0.007043,0.244999,-0.641535,-1.195533,100309.0000
1764075355594819551,2025-11-25 18:25:55.583,0.460833,1.024960,275.942886,0.014259,0.009587,0.978683,0.110778,0.142183,9.758032,0.003226,0.001794,0.012716,0.244068,-0.641458,-1.191668,100307.0000
1764075355691392847,2025-11-25 18:25:55.683,0.462333,1.028286,275.902069,0.013785,0.009668,0.978689,0.131886,0.130637,9.792252,0.001877,-0.005977,0.001912,0.241149,-0.640139,-1.196461,100311.0000
1764075355792456588,2025-11-25 18:25:55.783,0.465958,1.029732,275.858200,0.014189,0.009285,0.978077,0.163873,-0.008625,9.789719,0.004475,0.001493,0.008184,0.243551,-0.640139,-1.196978,100312.0000
1764075355892183125,2025-11-25 18:25:55.883,0.466350,1.029351,275.809402,0.014002,0.009827,0.977657,0.109928,0.195762,9.762706,-0.001087,-0.002998,0.011968,0.243081,-0.642468,-1.194046,100311.0000
1764075355992694255,2025-11-25 18:25:55.983,0.475038,1.025292,275.758965,0.014164,0.009607,0.977976,0.160964,0.052452,9.798878,0.004711,0.000375,0.007519,0.241130,-0.643961,-1.196403,100301.0000
1764075356101770088,2025-11-25 18:25:56.093,0.477944,1.019912,275.708511,0.013862,0.010161,0.978549,0.143688,0.083337,9.775553,0.000531,0.003041,0.013752,0.242588,-0.642501,-1.195483,100309.0000
1764075356197656366,2025-11-25 18:25:56.184,0.476328,1.016668,275.660698,0.013155,0.010964,0.979064,0.106677,0.204969,9.787411,0.006580,-0.004916,0.008293,0.241132,-0.642070,-1.197395,100307.0000
1764075356311400643,2025-11-25 18:25:56.285,0.465624,1.023677,275.612549,0.013086,0.010306,0.979231,0.172422,-0.007496,9.811584,-0.002136,0.000095,0.006424,0.241149,-0.642497,-1.194981,100312.0000
1764075356426373958,2025-11-25 18:25:56.389,0.456383,1.040074,275.564842,0.013408,0.009885,0.979279,0.115013,0.149368,9.759505,-0.000938,-0.004881,0.012560,0.239218,-0.642994,-1.195426,100307.0000
1764075356515520421,2025-11-25 18:25:56.498,0.444062,1.055843,275.522087,0.014727,0.009281,0.978763,0.156192,0.115567,9.796620,-0.005231,-0.001074,0.008872,0.239215,-0.642058,-1.196404,100307.0000
1764075356604901032,2025-11-25 18:25:56.586,0.444460,1.059860,275.476692,0.015918,0.008555,0.978371,0.186221,-0.001081,9.785400,0.003511,0.000748,0.009065,0.237771,-0.643010,-1.195886,100316.0000
1764075356695347606,2025-11-25 18:25:56.683,0.450746,1.044960,275.428024,0.015999,0.009517,0.978038,0.136265,0.193931,9.762958,0.004865,0.002202,0.012361,0.238741,-0.642040,-1.195434,100305.0000
1764075356790256828,2025-11-25 18:25:56.783,0.461397,1.014299,275.377151,0.015143,0.010169,0.978098,0.156782,0.059521,9.797064,0.003021,0.004894,0.005202,0.235855,-0.641108,-1.195887,100311.0000
1764075356892912884,2025-11-25 18:25:56.885,0.467928,0.987349,275.326691,0.013356,0.010105,0.978047,0.125313,0.068086,9.766531,0.003451,0.004858,0.014114,0.236800,-0.643980,-1.196339,100316.0000
1764075356990396699,2025-11-25 18:25:56.983,0.468005,0.974280,275.279083,0.012028,0.010963,0.978208,0.094454,0.201359,9.768195,-0.003281,0.003071,0.006521,0.235869,-0.642958,-1.192969,100303.0000
1764075357087226828,2025-11-25 18:25:57.083,0.458762,0.986675,275.234589,0.011619,0.009652,0.978426,0.149996,-0.005853,9.809323,0.000946,-0.008745,0.005901,0.236314,-0.644938,-1.196317,100303.0000
1764075357187168939,2025-11-25 18:25:57.183,0.445518,1.018331,275.190598,0.012221,0.009101,0.978764,0.127395,0.124476,9.770260,-0.001973,-0.006631,0.010538,0.236331,-0.645364,-1.193903,100308.0000
1764075357301481569,2025-11-25 18:25:57.283,0.447895,1.056322,275.141792,0.014025,0.008719,0.978826,0.157580,0.133892,9.803864,0.004169,-0.009020,0.007444,0.234394,-0.643991,-1.196303,100301.0000
1764075357385752161,2025-11-25 18:25:57.383,0.457940,1.084954,275.090355,0.015670,0.008579,0.978948,0.189530,0.006334,9.801175,-0.001057,-0.002036,0.013813,0.231032,-0.643518,-1.195779,100309.0000
1764075357487041050,2025-11-25 18:25:57.484,0.472177,1.086512,275.036842,0.016438,0.010124,0.978950,0.158949,0.213858,9.781912,0.001519,-0.001576,0.012791,0.231513,-0.643516,-1.195786,100311.0000
1764075357586512439,2025-11-25 18:25:57.583,0.481827,1.067178,274.985062,0.016300,0.010828,0.978909,0.178716,0.043963,9.801031,-0.000337,0.005373,0.005682,0.231038,-0.643030,-1.195305,100318.0000
1764075357686350087,2025-11-25 18:25:57.683,0.481796,1.037089,274.938820,0.014933,0.010954,0.978468,0.136865,0.098772,9.773379,0.003905,0.008390,0.013309,0.232476,-0.642567,-1.196297,100310.0000
1764075357787354513,2025-11-25 18:25:57.783,0.468074,1.003377,274.899147,0.013549,0.010669,0.978228,0.114190,0.165193,9.796599,-0.000770,0.003453,0.005183,0.231522,-0.643963,-1.194335,100314.0000
1764075357887918068,2025-11-25 18:25:57.883,0.455782,0.981306,274.852470,0.012598,0.009093,0.977922,0.147156,-0.013196,9.781192,-0.003013,0.001757,0.008914,0.230556,-0.642565,-1.195787,100301.0000
1764075357985712050,2025-11-25 18:25:57.983,0.446000,0.979507,274.802658,0.011450,0.009177,0.977524,0.084091,0.205462,9.764028,0.003033,-0.001516,0.011565,0.231037,-0.642563,-1.195794,100308.0000
1764075358099564957,2025-11-25 18:25:58.085,0.444671,0.995804,274.751923,0.011988,0.008661,0.978010,0.156042,0.025089,9.802432,-0.000320,-0.007473,0.004621,0.227189,-0.643048,-1.195248,100311.0000
1764075358196188420,2025-11-25 18:25:58.184,0.455994,1.028670,274.694656,0.012466,0.009510,0.978504,0.121688,0.114279,9.771220,0.009161,-0.003453,0.012650,0.225745,-0.644000,-1.194731,100312.0000
1764075358286293790,2025-11-25 18:25:58.282,0.466292,1.062567,274.646935,0.014045,0.010063,0.979237,0.165466,0.144564,9.788901,0.000545,-0.007936,0.003199,0.226718,-0.642552,-1.194286,100311.0000
1764075358387202920,2025-11-25 18:25:58.383,0.468711,1.086011,274.600296,0.015737,0.009971,0.979740,0.196085,0.012621,9.797440,0.008231,-0.005388,0.011363,0.229124,-0.642541,-1.194321,100306.0000
1764075358485609920,2025-11-25 18:25:58.482,0.472813,1.091481,274.555244,0.016429,0.010364,0.979325,0.136570,0.202698,9.766695,-0.003383,0.002774,0.005702,0.226706,-0.644940,-1.194249,100316.0000
1764075358587576846,2025-11-25 18:25:58.583,0.474168,1.073238,274.508049,0.016365,0.009532,0.979347,0.183195,0.001842,9.802635,0.004752,0.004287,0.008392,0.225257,-0.643077,-1.196183,100309.0000
1764075358685368605,2025-11-25 18:25:58.683,0.475086,1.039986,274.456810,0.014851,0.009917,0.978515,0.134662,0.159114,9.748736,-0.001735,0.004265,0.014973,0.225735,-0.644498,-1.195686,100311.0000
1764075358787752642,2025-11-25 18:25:58.783,0.480545,1.009440,274.404320,0.013134,0.009900,0.978085,0.136249,0.105524,9.816299,0.004463,0.000734,0.007689,0.224303,-0.644474,-1.194221,100311.0000
1764075358886487605,2025-11-25 18:25:58.883,0.483741,0.993947,274.352470,0.012277,0.009655,0.977885,0.132890,0.058367,9.759570,-0.000604,-0.000928,0.010070,0.223358,-0.642547,-1.193273,100303.0000
1764075358985436327,2025-11-25 18:25:58.982,0.480872,0.996701,274.303757,0.011255,0.010803,0.978010,0.110400,0.180599,9.782766,0.001806,-0.007383,0.008737,0.222865,-0.642580,-1.194710,100313.0000
1764075359086292234,2025-11-25 18:25:59.083,0.477291,1.018784,274.256271,0.012261,0.010032,0.977862,0.161293,-0.002101,9.771987,-0.001019,-0.006767,0.009974,0.222370,-0.644503,-1.195155,100311.0000
1764075359186512105,2025-11-25 18:25:59.183,0.465700,1.047450,274.209602,0.013496,0.010264,0.978058,0.104892,0.203163,9.775741,0.000358,-0.003510,0.010110,0.221431,-0.643033,-1.193237,100309.0000
1764075359285960216,2025-11-25 18:25:59.283,0.456044,1.067360,274.163750,0.015123,0.009218,0.978627,0.180495,0.000814,9.797733,-0.002990,0.000315,0.006930,0.219492,-0.642137,-1.195631,100305.0000
1764075359385169919,2025-11-25 18:25:59.382,0.453267,1.069044,274.115135,0.015690,0.009233,0.978427,0.132325,0.156196,9.761203,0.005483,-0.003254,0.011929,0.219478,-0.644058,-1.196082,100309.0000
1764075359485569771,2025-11-25 18:25:59.482,0.455846,1.060511,274.065781,0.015480,0.009201,0.979421,0.192153,0.054206,9.823683,-0.000790,0.000925,0.004918,0.218544,-0.643046,-1.193195,100312.0000
1764075359585645493,2025-11-25 18:25:59.583,0.463027,1.044021,274.014496,0.014139,0.009386,0.979372,0.130288,0.118783,9.771706,0.002725,0.001666,0.012652,0.219470,-0.645024,-1.196549,100314.0000
1764075359685251160,2025-11-25 18:25:59.682,0.471534,1.032914,273.967819,0.013442,0.009956,0.979091,0.146720,0.095186,9.803524,0.004511,0.001185,0.005755,0.218053,-0.643546,-1.194143,100305.0000
1764075359785801919,2025-11-25 18:25:59.782,0.479643,1.032026,273.923042,0.013118,0.009742,0.978568,0.129457,0.069874,9.761632,0.001622,0.001756,0.011013,0.218033,-0.645955,-1.195069,100309.0000
1764075359886628326,2025-11-25 18:25:59.883,0.481813,1.035184,273.879417,0.013480,0.010296,0.978088,0.134585,0.150975,9.792488,0.004418,-0.002228,0.007463,0.216123,-0.644510,-1.194100,100307.0000
1764075359985814475,2025-11-25 18:25:59.982,0.481340,1.037308,273.829865,0.013685,0.009717,0.977303,0.134928,0.016269,9.752747,0.002464,-0.001530,0.014205,0.217091,-0.642605,-1.194625,100305.0000
1764075360086506178,2025-11-25 18:26:00.083,0.479491,1.035300,273.780434,0.013751,0.010272,0.977376,0.116181,0.184514,9.785215,-0.003481,-0.003319,0.007260,0.214199,-0.644519,-1.194071,100307.0000
1764075360185994067,2025-11-25 18:26:00.183,0.472359,1.035073,273.729668,0.013849,0.009792,0.978019,0.172104,-0.004464,9.788945,-0.000017,0.000406,0.010040,0.214198,-0.643106,-1.195056,100312.0000
1764075360286184808,2025-11-25 18:26:00.283,0.471123,1.040526,273.678017,0.013245,0.010160,0.978581,0.110098,0.197345,9.789691,0.002641,-0.000747,0.010878,0.214676,-0.643114,-1.195545,100303.0000
1764075360386219974,2025-11-25 18:26:00.383,0.471149,1.046691,273.631714,0.013738,0.009720,0.979452,0.147973,0.006131,9.810256,-0.001460,-0.000246,0.007566,0.213236,-0.644523,-1.194057,100310.0000
1764075360486537474,2025-11-25 18:26:00.483,0.465159,1.054841,273.587753,0.014176,0.010169,0.979150,0.111192,0.173973,9.764216,-0.001278,0.002607,0.010410,0.211777,-0.643158,-1.196946,100314.0000
1764075360586325067,2025-11-25 18:26:00.583,0.458835,1.060403,273.541138,0.015041,0.009919,0.979172,0.173270,0.034679,9.817176,-0.001628,0.002739,0.008973,0.211779,-0.646451,-1.194488,100303.0000
1764075360685235659,2025-11-25 18:26:00.682,0.458533,1.056327,273.492531,0.014693,0.009237,0.978639,0.105507,0.140058,9.759214,0.005787,0.004613,0.009967,0.211302,-0.645030,-1.194984,100307.0000
1764075360786990511,2025-11-25 18:26:00.783,0.457673,1.047748,273.440002,0.014389,0.009530,0.978260,0.173655,0.073143,9.815541,0.004666,-0.000090,0.006299,0.211770,-0.644591,-1.196924,100315.0000
1764075360886291937,2025-11-25 18:26:00.883,0.460185,1.034137,273.387596,0.013799,0.009270,0.978190,0.123148,0.116637,9.757210,0.000103,0.002049,0.014308,0.209846,-0.646012,-1.195911,100307.0000
1764075360985228881,2025-11-25 18:26:00.982,0.471371,1.024463,273.338066,0.013350,0.009491,0.977970,0.142193,0.110929,9.795314,0.003329,-0.000801,0.005058,0.210849,-0.643070,-1.192599,100302.0000
1764075361091289659,2025-11-25 18:26:01.085,0.485082,1.023637,273.292931,0.012948,0.009521,0.978152,0.119111,0.065286,9.775214,0.002835,-0.002944,0.012820,0.208402,-0.644606,-1.196874,100309.0000
1764075361185427159,2025-11-25 18:26:01.183,0.495280,1.030092,273.248680,0.012929,0.010243,0.978635,0.127325,0.176495,9.796351,0.002347,-0.005190,0.005528,0.210339,-0.645034,-1.194970,100311.0000
1764075361286899955,2025-11-25 18:26:01.283,0.497660,1.045623,273.203644,0.013456,0.010259,0.978578,0.148937,0.012624,9.778160,-0.000212,-0.001443,0.010556,0.208892,-0.645051,-1.195430,100309.0000
1764075361385452937,2025-11-25 18:26:01.382,0.488574,1.062759,273.155258,0.014139,0.011226,0.978910,0.136211,0.214056,9.785937,-0.000518,-0.004440,0.009302,0.204099,-0.643609,-1.193937,100309.0000
1764075361486090714,2025-11-25 18:26:01.482,0.476886,1.073744,273.105659,0.014903,0.009945,0.978957,0.203100,0.006578,9.800426,-0.002015,0.000808,0.010250,0.205041,-0.644601,-1.195862,100309.0000
1764075361585794696,2025-11-25 18:26:01.582,0.460493,1.071484,273.054688,0.015409,0.009956,0.978746,0.138037,0.168317,9.771097,-0.001628,0.001749,0.009435,0.205048,-0.643168,-1.195884,100307.0000
1764075361685266492,2025-11-25 18:26:01.682,0.458769,1.058153,273.009125,0.015502,0.008498,0.978830,0.181804,0.005759,9.804270,0.005212,-0.001400,0.007025,0.205542,-0.646905,-1.191981,100310.0000
1764075361786282344,2025-11-25 18:26:01.783,0.459078,1.037334,272.962135,0.015013,0.008627,0.978246,0.097549,0.169096,9.749417,0.001773,0.004717,0.011104,0.205999,-0.645552,-1.195861,100307.0000
1764075361885648622,2025-11-25 18:26:01.883,0.469875,1.009419,272.913910,0.013732,0.008929,0.978082,0.153920,0.008056,9.796184,0.002106,0.004997,0.008807,0.203126,-0.646469,-1.193397,100301.0000
1764075361986770510,2025-11-25 18:26:01.983,0.477610,0.993824,272.863052,0.012257,0.009728,0.977829,0.094725,0.181224,9.744617,-0.000551,0.002919,0.013254,0.205038,-0.646024,-1.195359,100314.0000
1764075362085874010,2025-11-25 18:26:02.083,0.483258,0.997976,272.811935,0.011740,0.010540,0.977810,0.134693,0.074610,9.813855,0.002829,0.000270,0.004352,0.202645,-0.645059,-1.194375,100311.0000
1764075362186020121,2025-11-25 18:26:02.182,0.485352,1.017949,272.759857,0.011999,0.010568,0.978417,0.092891,0.147873,9.761215,-0.000522,-0.005189,0.013560,0.200705,-0.646521,-1.195287,100309.0000
1764075362285906769,2025-11-25 18:26:02.283,0.482002,1.049374,272.715057,0.012823,0.010197,0.979068,0.161392,0.086962,9.816079,-0.000351,-0.005628,0.007926,0.201189,-0.646041,-1.195302,100314.0000
1764075362386120566,2025-11-25 18:26:02.382,0.477070,1.083528,272.668846,0.014299,0.009772,0.978966,0.122691,0.104944,9.762321,-0.001553,-0.007259,0.011564,0.201680,-0.643183,-1.195834,100307.0000
1764075362486759455,2025-11-25 18:26:02.483,0.475440,1.104391,272.621742,0.015700,0.009519,0.979198,0.164018,0.110645,9.806523,0.002708,-0.005500,0.009643,0.201709,-0.642166,-1.192960,100307.0000
1764075362586446177,2025-11-25 18:26:02.583,0.480609,1.102595,272.571823,0.016382,0.009597,0.978814,0.147213,0.067877,9.759687,0.004998,-0.000657,0.013417,0.198316,-0.645545,-1.193822,100316.0000
1764075362686929954,2025-11-25 18:26:02.683,0.482678,1.079165,272.522247,0.016210,0.010452,0.978526,0.138936,0.148090,9.811155,0.005613,0.004578,0.005509,0.199292,-0.645033,-1.192400,100309.0000
1764075362786518640,2025-11-25 18:26:02.783,0.479838,1.039232,272.471207,0.015050,0.010156,0.978745,0.130641,0.045859,9.770090,-0.002089,0.011738,0.015185,0.199270,-0.645561,-1.194799,100307.0000
1764075362885590751,2025-11-25 18:26:02.882,0.474293,1.005234,272.423836,0.013723,0.010691,0.978380,0.120612,0.153304,9.785112,-0.005919,0.004598,0.006180,0.196870,-0.643672,-1.195274,100307.0000
1764075362985627973,2025-11-25 18:26:02.982,0.463947,0.984887,272.379585,0.012078,0.009520,0.978075,0.104840,0.036606,9.762539,0.002596,-0.000821,0.010102,0.196388,-0.644619,-1.194771,100309.0000
1764075363085454862,2025-11-25 18:26:03.082,0.461787,0.984069,272.332932,0.011102,0.009394,0.977893,0.102599,0.155280,9.795048,0.004037,-0.002031,0.005252,0.195888,-0.646085,-1.196186,100309.0000
1764075363186270417,2025-11-25 18:26:03.182,0.469752,1.008400,272.283623,0.011900,0.008537,0.977884,0.169332,0.000789,9.780576,0.003949,-0.005091,0.009611,0.196862,-0.644637,-1.195741,100302.0000
1764075363286316454,2025-11-25 18:26:03.283,0.483085,1.047239,272.235199,0.012720,0.009609,0.978186,0.158098,0.188867,9.778626,0.004000,-0.010356,0.008240,0.194912,-0.646597,-1.197609,100306.0000
1764075363386553454,2025-11-25 18:26:03.382,0.491846,1.086658,272.187149,0.014792,0.010075,0.978988,0.159775,0.017307,9.792456,-0.003889,-0.003809,0.008581,0.193014,-0.645122,-1.195195,100312.0000
1764075363486636750,2025-11-25 18:26:03.483,0.493984,1.111240,272.140923,0.016459,0.011461,0.979346,0.154864,0.204831,9.783439,0.002313,-0.006406,0.010252,0.193498,-0.644642,-1.195210,100310.0000
1764075363585819787,2025-11-25 18:26:03.582,0.483655,1.107806,272.095360,0.017432,0.010550,0.979610,0.204815,0.019072,9.799380,0.000855,0.002966,0.008874,0.192541,-0.645104,-1.194226,100307.0000
1764075363686648306,2025-11-25 18:26:03.682,0.469348,1.081140,272.048973,0.016479,0.010198,0.978822,0.114640,0.171512,9.787090,-0.001695,0.005848,0.008836,0.191579,-0.646521,-1.193227,100307.0000
1764075363786737213,2025-11-25 18:26:03.783,0.456979,1.031825,272.001953,0.014859,0.008681,0.978380,0.163850,-0.014027,9.802445,-0.002347,0.004692,0.006091,0.191093,-0.643708,-1.195670,100312.0000
1764075363885450972,2025-11-25 18:26:03.882,0.458440,0.993445,271.958160,0.012443,0.008611,0.977741,0.082613,0.175469,9.762017,0.006456,0.003608,0.012303,0.189652,-0.644649,-1.194671,100312.0000
1764075363985396268,2025-11-25 18:26:03.983,0.474564,0.977116,271.913322,0.011230,0.008658,0.977971,0.119754,0.024595,9.795157,0.003428,-0.001667,0.005359,0.193010,-0.646545,-1.194692,100309.0000
1764075364085689898,2025-11-25 18:26:04.082,0.492059,0.989757,271.864853,0.011199,0.010000,0.978120,0.087434,0.144318,9.756853,0.002929,-0.002796,0.013889,0.191571,-0.645128,-1.195174,100306.0000
1764075364185897009,2025-11-25 18:26:04.183,0.497405,1.025014,271.817047,0.012313,0.010836,0.978794,0.159283,0.071802,9.821152,-0.003344,-0.007819,0.005379,0.189632,-0.645645,-1.196582,100314.0000
1764075364286416009,2025-11-25 18:26:04.283,0.493090,1.065229,271.768654,0.013841,0.011009,0.978929,0.129062,0.130575,9.758092,0.004486,-0.007895,0.010431,0.187735,-0.643225,-1.194665,100306.0000
1764075364386311453,2025-11-25 18:26:04.383,0.483177,1.093371,271.725128,0.015825,0.010781,0.979003,0.181227,0.084552,9.816175,-0.001466,-0.007543,0.004742,0.188227,-0.644137,-1.192731,100306.0000
1764075364485579472,2025-11-25 18:26:04.482,0.470551,1.099787,271.681343,0.016763,0.009939,0.978710,0.164242,0.100112,9.781701,0.002417,-0.003691,0.012092,0.186286,-0.644187,-1.194629,100316.0000
1764075364586192398,2025-11-25 18:26:04.582,0.463398,1.079438,271.639343,0.016215,0.009589,0.978328,0.162276,0.109874,9.801485,-0.001179,0.002980,0.008791,0.187235,-0.647049,-1.194599,100309.0000
1764075364686558787,2025-11-25 18:26:04.683,0.465850,1.048910,271.592522,0.015083,0.008990,0.978384,0.123042,0.063039,9.763981,0.001577,0.006412,0.013826,0.187239,-0.644681,-1.195599,100308.0000
1764075364786150916,2025-11-25 18:26:04.783,0.471763,1.017623,271.547363,0.013424,0.009146,0.978777,0.116891,0.140029,9.808359,0.003569,0.008475,0.004349,0.184842,-0.645139,-1.194112,100308.0000
1764075364885266120,2025-11-25 18:26:04.882,0.479209,1.001387,271.502785,0.012465,0.009062,0.979048,0.124096,0.026349,9.783225,0.002735,-0.000223,0.012375,0.184819,-0.647558,-1.195519,100311.0000
1764075364985527027,2025-11-25 18:26:04.983,0.491090,1.002405,271.451797,0.012032,0.010059,0.978914,0.106773,0.174008,9.802624,0.007204,-0.004986,0.005642,0.183875,-0.646098,-1.194083,100309.0000
1764075365085750416,2025-11-25 18:26:05.083,0.499908,1.019145,271.403358,0.013027,0.010054,0.978582,0.146391,0.032487,9.765798,-0.000300,-0.002016,0.009184,0.183397,-0.643265,-1.195564,100311.0000
1764075365185913601,2025-11-25 18:26:05.183,0.500518,1.039021,271.358711,0.013640,0.010796,0.978058,0.116976,0.182659,9.793539,0.002783,-0.005642,0.009586,0.182919,-0.645615,-1.193594,100308.0000
1764075365286199120,2025-11-25 18:26:05.283,0.494764,1.055064,271.309944,0.014609,0.010530,0.978274,0.165368,0.016712,9.790249,-0.000576,-0.001186,0.007325,0.180491,-0.644742,-1.196943,100315.0000
1764075365385898249,2025-11-25 18:26:05.382,0.482266,1.058752,271.264786,0.015042,0.010814,0.978321,0.132787,0.203054,9.792931,-0.000282,-0.001792,0.009263,0.182916,-0.644680,-1.194571,100311.0000
1764075365485321082,2025-11-25 18:26:05.482,0.469547,1.053275,271.220520,0.014980,0.009314,0.978550,0.171583,-0.012336,9.797945,0.003268,0.000078,0.008766,0.181469,-0.644696,-1.195032,100310.0000
1764075365585361767,2025-11-25 18:26:05.582,0.464004,1.046933,271.170448,0.014381,0.008900,0.978604,0.090371,0.181510,9.780966,0.003785,-0.002210,0.008878,0.181959,-0.645141,-1.193588,100309.0000
1764075365686174453,2025-11-25 18:26:05.683,0.469188,1.038545,271.128044,0.013869,0.008259,0.978782,0.168018,0.001379,9.806288,-0.000452,-0.002422,0.007676,0.180043,-0.644185,-1.193092,100309.0000
1764075365786483508,2025-11-25 18:26:05.783,0.478390,1.033398,271.085320,0.013322,0.009511,0.979041,0.109224,0.196893,9.768449,-0.000754,-0.000311,0.010414,0.178093,-0.644732,-1.195945,100309.0000
1764075365885600508,2025-11-25 18:26:05.882,0.494581,1.036724,271.041023,0.013498,0.009713,0.978783,0.180026,0.024887,9.795173,0.008812,-0.003560,0.008161,0.179063,-0.646120,-1.194012,100316.0000
1764075365985532452,2025-11-25 18:26:05.982,0.502273,1.043412,270.993233,0.013425,0.011119,0.978255,0.127110,0.167825,9.775845,0.000678,-0.000489,0.012044,0.177612,-0.646147,-1.194953,100303.0000
1764075366085422212,2025-11-25 18:26:06.082,0.500251,1.048445,270.943939,0.014365,0.011211,0.978274,0.166962,0.052040,9.807516,0.004327,-0.001295,0.008052,0.176679,-0.645602,-1.191576,100314.0000
1764075366185249323,2025-11-25 18:26:06.182,0.487884,1.048838,270.898300,0.014197,0.011106,0.978153,0.121785,0.164051,9.756008,-0.003535,-0.003476,0.009974,0.179546,-0.648943,-1.192049,100311.0000
1764075366285445249,2025-11-25 18:26:06.282,0.472425,1.040944,270.851517,0.014356,0.009624,0.978383,0.163555,0.040146,9.811998,0.000887,-0.001995,0.004946,0.176658,-0.646131,-1.193976,100308.0000
1764075366386142434,2025-11-25 18:26:06.383,0.457429,1.030893,270.804352,0.013960,0.008764,0.978246,0.112117,0.113438,9.767368,0.000151,0.000402,0.011651,0.176184,-0.644700,-1.193991,100309.0000
1764075366485579156,2025-11-25 18:26:06.482,0.456583,1.027032,270.757545,0.013744,0.008578,0.978889,0.162697,0.091549,9.812916,0.001265,-0.003037,0.006433,0.175710,-0.644681,-1.193021,100308.0000
1764075366585935174,2025-11-25 18:26:06.582,0.465756,1.031338,270.708176,0.013118,0.008620,0.978951,0.107003,0.096774,9.755708,0.004634,-0.000565,0.011834,0.173308,-0.643270,-1.193489,100300.0000
1764075366686212045,2025-11-25 18:26:06.682,0.476810,1.040202,270.664803,0.013505,0.009818,0.979040,0.172744,0.096342,9.812302,0.002881,-0.004313,0.008005,0.174735,-0.644249,-1.194940,100308.0000
1764075366786337748,2025-11-25 18:26:06.783,0.490292,1.048512,270.619682,0.014211,0.010178,0.979114,0.126822,0.082988,9.760696,0.005389,-0.003446,0.010932,0.172809,-0.643790,-1.195400,100308.0000
1764075366885250489,2025-11-25 18:26:06.882,0.498542,1.054906,270.573601,0.014494,0.011191,0.978844,0.144372,0.153293,9.811967,-0.002862,-0.002345,0.003481,0.172341,-0.644229,-1.193460,100307.0000
1764075366986387859,2025-11-25 18:26:06.983,0.496580,1.050210,270.528069,0.014951,0.010886,0.978289,0.144441,0.056297,9.767648,0.001046,-0.000468,0.011151,0.170427,-0.642794,-1.192972,100312.0000
1764075367085474896,2025-11-25 18:26:07.082,0.484651,1.045954,270.482849,0.014246,0.010803,0.978215,0.141316,0.170400,9.807330,-0.002601,-0.000517,0.008429,0.172810,-0.646615,-1.193430,100309.0000
1764075367185578155,2025-11-25 18:26:07.182,0.470405,1.044410,270.434410,0.013615,0.009624,0.978174,0.134745,0.037250,9.768269,0.000768,0.003054,0.012763,0.172819,-0.644705,-1.193460,100314.0000
1764075367285428711,2025-11-25 18:26:07.282,0.458064,1.046998,270.386841,0.013390,0.009187,0.978282,0.132802,0.168240,9.790305,-0.001216,0.001729,0.006764,0.169919,-0.644281,-1.195350,100309.0000
1764075367385314415,2025-11-25 18:26:07.382,0.455533,1.050805,270.340286,0.013675,0.008378,0.978314,0.163050,-0.008011,9.767856,0.004396,-0.000088,0.009343,0.168475,-0.645232,-1.194833,100311.0000
1764075367485444433,2025-11-25 18:26:07.482,0.464025,1.057735,270.294022,0.013756,0.009220,0.978400,0.136608,0.176913,9.791029,0.002538,-0.000949,0.004806,0.167516,-0.643814,-1.195322,100309.0000
1764075367589290414,2025-11-25 18:26:07.582,0.475563,1.061710,270.247032,0.014627,0.009558,0.978741,0.172553,0.000824,9.788938,0.010413,-0.002354,0.009345,0.170893,-0.644246,-1.193920,100311.0000
1764075367686006433,2025-11-25 18:26:07.682,0.484705,1.055818,270.199608,0.014841,0.010758,0.979175,0.107264,0.194170,9.782226,0.001403,0.001019,0.009404,0.167997,-0.646170,-1.193848,100316.0000
1764075367785744951,2025-11-25 18:26:07.783,0.488886,1.046568,270.153992,0.014848,0.010748,0.979046,0.161394,0.024354,9.806551,0.002540,0.004209,0.009885,0.168965,-0.644265,-1.194373,100303.0000
1764075367886531044,2025-11-25 18:26:07.883,0.478748,1.037595,270.109077,0.013983,0.010713,0.978801,0.109044,0.183601,9.771980,-0.002800,0.000738,0.009987,0.169443,-0.645685,-1.193877,100307.0000
1764075367986628081,2025-11-25 18:26:07.983,0.468494,1.032938,270.064377,0.013358,0.009819,0.978434,0.164477,0.000492,9.801987,-0.003004,0.002509,0.007707,0.167521,-0.645216,-1.193855,100309.0000
1764075368085901470,2025-11-25 18:26:08.083,0.462513,1.029633,270.018410,0.012796,0.009174,0.978024,0.096094,0.165257,9.763578,-0.001147,0.002927,0.010679,0.165094,-0.647169,-1.195235,100309.0000
1764075368186169951,2025-11-25 18:26:08.183,0.465468,1.037805,269.972008,0.012784,0.008625,0.977841,0.172041,0.004520,9.797618,0.005327,0.000902,0.009253,0.167499,-0.647158,-1.195270,100309.0000
1764075368286368118,2025-11-25 18:26:08.283,0.474586,1.051895,269.924522,0.013115,0.009212,0.978124,0.096564,0.162000,9.768024,0.001522,-0.005155,0.012071,0.161745,-0.644775,-1.194259,100307.0000
1764075368386554655,2025-11-25 18:26:08.383,0.479765,1.069175,269.879242,0.013749,0.010132,0.978889,0.156073,0.077463,9.814423,0.005871,-0.003379,0.007775,0.164634,-0.646642,-1.192828,100309.0000
1764075368486333321,2025-11-25 18:26:08.482,0.484276,1.086126,269.836166,0.014702,0.010368,0.979447,0.124681,0.139923,9.772343,-0.003492,-0.001189,0.009154,0.161755,-0.644277,-1.193303,100305.0000
1764075368585873692,2025-11-25 18:26:08.582,0.477247,1.091970,269.793266,0.015543,0.010972,0.979284,0.160328,0.088137,9.814857,0.002063,-0.002946,0.004872,0.161755,-0.644277,-1.193303,100308.0000
1764075368686147895,2025-11-25 18:26:08.682,0.467742,1.086973,269.749298,0.015405,0.009648,0.978892,0.130797,0.086074,9.754238,-0.002152,0.003524,0.012426,0.161759,-0.644267,-1.192822,100307.0000
1764075368786133191,2025-11-25 18:26:08.783,0.463399,1.074771,269.702286,0.014931,0.009286,0.978927,0.144905,0.100230,9.811402,-0.001167,0.002254,0.007234,0.160305,-0.643359,-1.194741,100305.0000
1764075368886057432,2025-11-25 18:26:08.883,0.462723,1.057876,269.653381,0.013761,0.008749,0.978241,0.136628,0.056562,9.772176,0.003325,0.001611,0.014306,0.160303,-0.643836,-1.194734,100307.0000
1764075368985263765,2025-11-25 18:26:08.982,0.471972,1.051637,269.607735,0.013220,0.009380,0.978295,0.119100,0.145295,9.807181,0.003615,0.000240,0.006016,0.161275,-0.643334,-1.193792,100307.0000
1764075369085951191,2025-11-25 18:26:09.082,0.480985,1.049161,269.563477,0.013256,0.009700,0.978136,0.138835,0.054330,9.775101,0.002650,0.001647,0.010965,0.158855,-0.644798,-1.194698,100305.0000
1764075369186029784,2025-11-25 18:26:09.182,0.484433,1.048298,269.522354,0.013084,0.010373,0.978253,0.115028,0.170568,9.796798,0.002279,-0.000633,0.003732,0.160297,-0.645737,-1.194223,100307.0000
1764075369286323636,2025-11-25 18:26:09.283,0.483766,1.051996,269.475967,0.013562,0.010007,0.978242,0.161236,0.006874,9.785333,-0.001813,-0.001236,0.010683,0.157398,-0.648138,-1.194144,100305.0000
1764075369386451284,2025-11-25 18:26:09.382,0.480971,1.056501,269.429703,0.013865,0.010781,0.978307,0.131002,0.179028,9.780558,0.001351,-0.002343,0.008559,0.157883,-0.645768,-1.195150,100309.0000
1764075369486707376,2025-11-25 18:26:09.483,0.473074,1.058182,269.380997,0.013466,0.009513,0.978660,0.153929,0.003773,9.794210,-0.002253,-0.003866,0.009876,0.155958,-0.646722,-1.194626,100312.0000
1764075369585882969,2025-11-25 18:26:09.583,0.474040,1.069296,269.331154,0.013800,0.009701,0.978890,0.102967,0.188266,9.791183,0.003283,-0.003820,0.009108,0.155002,-0.646238,-1.194137,100309.0000
1764075369686123209,2025-11-25 18:26:09.682,0.475890,1.075683,269.282990,0.014243,0.009355,0.978985,0.174506,0.002107,9.801353,-0.001599,-0.003872,0.009930,0.156454,-0.645266,-1.193692,100305.0000
1764075369786234265,2025-11-25 18:26:09.782,0.475694,1.084571,269.238106,0.014456,0.009992,0.978799,0.116099,0.186615,9.775337,0.005838,-0.001614,0.007511,0.153084,-0.645759,-1.193635,100311.0000
1764075369886133154,2025-11-25 18:26:09.883,0.473050,1.087825,269.197433,0.014911,0.010085,0.978602,0.193426,0.015606,9.800073,0.000706,-0.001326,0.004988,0.154518,-0.645305,-1.195107,100312.0000
1764075369985750320,2025-11-25 18:26:09.982,0.473184,1.082978,269.152893,0.014393,0.009977,0.978321,0.107333,0.169178,9.764587,0.002203,0.001457,0.011943,0.155490,-0.644803,-1.194166,100311.0000
1764075370085659765,2025-11-25 18:26:10.082,0.467257,1.065916,269.106400,0.014811,0.009537,0.978332,0.182465,0.008748,9.809110,-0.000391,0.002144,0.006902,0.155971,-0.644801,-1.194173,100307.0000
1764075370186103913,2025-11-25 18:26:10.182,0.472979,1.046037,269.059891,0.014079,0.009354,0.978347,0.114376,0.170700,9.776044,0.002907,0.002513,0.012205,0.154540,-0.643831,-1.193204,100317.0000
1764075370285429654,2025-11-25 18:26:10.282,0.478700,1.031280,269.015854,0.013020,0.009123,0.978809,0.146436,0.066108,9.812653,0.000688,0.001834,0.002763,0.153572,-0.645736,-1.192679,100306.0000
1764075370385318283,2025-11-25 18:26:10.382,0.483242,1.027983,268.968300,0.012012,0.009776,0.978704,0.088047,0.138740,9.765489,0.003827,0.002165,0.010710,0.153096,-0.644783,-1.192687,100319.0000
1764075370485534246,2025-11-25 18:26:10.482,0.485018,1.040437,268.923805,0.012091,0.010700,0.978814,0.159861,0.092789,9.815117,-0.000096,-0.003392,0.005826,0.151159,-0.645768,-1.193606,100314.0000
1764075370586245079,2025-11-25 18:26:10.583,0.484583,1.070585,268.880402,0.012946,0.010511,0.978407,0.118683,0.121848,9.753698,0.003208,-0.010938,0.011629,0.150681,-0.642934,-1.195087,100309.0000
1764075370686362468,2025-11-25 18:26:10.682,0.483737,1.101583,268.838806,0.014355,0.010227,0.978738,0.176593,0.104594,9.803757,0.001899,-0.003696,0.002989,0.148260,-0.646756,-1.194512,100316.0000
1764075370785502561,2025-11-25 18:26:10.782,0.473480,1.113281,268.795670,0.016253,0.009144,0.978603,0.145548,0.078227,9.765858,-0.000467,-0.000592,0.012635,0.149230,-0.644374,-1.195044,100311.0000
1764075370886132727,2025-11-25 18:26:10.883,0.474699,1.108444,268.747131,0.016511,0.009104,0.978733,0.164027,0.099209,9.809369,0.004115,0.004447,0.006098,0.149242,-0.645756,-1.192615,100306.0000
1764075370985917079,2025-11-25 18:26:10.983,0.479990,1.082618,268.699249,0.015508,0.009200,0.978656,0.132294,0.064250,9.763023,-0.001529,0.007453,0.013032,0.148254,-0.646299,-1.195482,100307.0000
1764075371085614172,2025-11-25 18:26:11.082,0.485091,1.048507,268.651192,0.013965,0.010116,0.978669,0.130575,0.158890,9.818011,0.001327,0.001481,0.006678,0.148751,-0.643898,-1.195044,100311.0000
1764075371185971246,2025-11-25 18:26:11.183,0.488379,1.022543,268.605904,0.012748,0.010225,0.978100,0.132905,0.054892,9.762164,-0.004034,0.005935,0.006846,0.148278,-0.643880,-1.194074,100304.0000
1764075371286688653,2025-11-25 18:26:11.283,0.484311,1.015748,268.562149,0.011249,0.010481,0.978477,0.101013,0.160744,9.804202,-0.000420,-0.002712,0.004155,0.146831,-0.642951,-1.195030,100305.0000
1764075371386143171,2025-11-25 18:26:11.383,0.473714,1.027836,268.519188,0.012016,0.009743,0.978302,0.144927,0.025558,9.777391,-0.004010,-0.002122,0.009517,0.147783,-0.645803,-1.194520,100315.0000
1764075371485816523,2025-11-25 18:26:11.483,0.471405,1.054926,268.472679,0.013108,0.010022,0.978390,0.124177,0.168774,9.784468,0.000273,-0.007481,0.007728,0.145392,-0.644361,-1.193543,100309.0000
1764075371586710782,2025-11-25 18:26:11.583,0.470297,1.081469,268.426521,0.015212,0.009161,0.978770,0.174767,0.020900,9.793248,0.000906,-0.004685,0.011082,0.143941,-0.644387,-1.194484,100307.0000
1764075371685747505,2025-11-25 18:26:11.682,0.472223,1.096104,268.379593,0.015613,0.010124,0.978588,0.152973,0.196775,9.806416,0.005113,-0.001291,0.007795,0.142980,-0.644859,-1.193981,100309.0000
1764075371785460153,2025-11-25 18:26:11.782,0.474672,1.093420,268.334511,0.015907,0.009956,0.978597,0.180485,0.001841,9.796588,-0.002643,0.003757,0.009387,0.144901,-0.644861,-1.194491,100309.0000
1764075371886571838,2025-11-25 18:26:11.883,0.474858,1.071342,268.288666,0.015078,0.010438,0.978294,0.105476,0.207059,9.766250,-0.001171,0.003085,0.010030,0.146352,-0.643421,-1.194535,100313.0000
1764075371985246745,2025-11-25 18:26:11.982,0.473176,1.046063,268.242004,0.013808,0.009716,0.978862,0.164910,-0.001152,9.798691,-0.002527,0.006664,0.005259,0.143937,-0.646755,-1.193485,100314.0000
1764075372085455764,2025-11-25 18:26:12.082,0.470789,1.029876,268.196579,0.012917,0.009542,0.978549,0.099132,0.167177,9.763825,0.004002,-0.001411,0.011436,0.142972,-0.644880,-1.194944,100310.0000
1764075372186395338,2025-11-25 18:26:12.183,0.470583,1.029523,268.149353,0.012293,0.009431,0.979004,0.134786,-0.003111,9.808350,-0.000103,-0.001878,0.004476,0.139616,-0.642506,-1.194931,100308.0000
1764075372286315171,2025-11-25 18:26:12.283,0.477758,1.043685,268.098457,0.012515,0.009901,0.978612,0.107128,0.177268,9.777499,0.004691,-0.002524,0.013094,0.140090,-0.644882,-1.194420,100306.0000
1764075372386262245,2025-11-25 18:26:12.383,0.488550,1.068144,268.051910,0.013641,0.009721,0.978365,0.182516,0.028747,9.813347,0.003585,-0.006308,0.008399,0.139155,-0.642457,-1.192517,100309.0000
1764075372485656504,2025-11-25 18:26:12.482,0.491780,1.085818,268.005760,0.014975,0.010637,0.978111,0.127987,0.176473,9.768114,-0.000556,-0.004203,0.009564,0.140103,-0.645319,-1.192487,100307.0000
1764075372586116615,2025-11-25 18:26:12.583,0.486959,1.085953,267.960541,0.016096,0.010851,0.978360,0.183551,0.030193,9.797601,0.001848,0.000154,0.004960,0.139632,-0.644823,-1.191525,100301.0000
1764075372685428874,2025-11-25 18:26:12.682,0.474602,1.071065,267.917381,0.015186,0.010914,0.978401,0.116458,0.161476,9.759229,-0.003903,0.001445,0.012436,0.138664,-0.644370,-1.192480,100303.0000
1764075372786166726,2025-11-25 18:26:12.782,0.457694,1.046597,267.872375,0.014005,0.009740,0.978655,0.161022,0.045543,9.807374,-0.003773,0.005662,0.005579,0.138170,-0.643936,-1.194406,100308.0000
1764075372885234059,2025-11-25 18:26:12.882,0.444172,1.029543,267.828133,0.012581,0.008901,0.978704,0.097003,0.129873,9.760183,0.000769,0.006121,0.010639,0.138666,-0.643893,-1.192488,100305.0000
1764075372985538041,2025-11-25 18:26:12.982,0.448033,1.031439,267.782776,0.012174,0.008708,0.979065,0.157561,0.074820,9.820860,0.000443,-0.001702,0.009703,0.135773,-0.642981,-1.193904,100314.0000
1764075373085898448,2025-11-25 18:26:13.083,0.459154,1.049592,267.735809,0.012373,0.008499,0.979031,0.116925,0.101652,9.755375,0.001638,0.000304,0.012470,0.136222,-0.645418,-1.196282,100310.0000
1764075373186292726,2025-11-25 18:26:13.183,0.472939,1.067947,267.691246,0.013577,0.009407,0.979070,0.159353,0.082982,9.818728,0.007651,-0.005489,0.004851,0.136236,-0.643497,-1.195830,100307.0000
1764075373286282263,2025-11-25 18:26:13.283,0.485629,1.086132,267.641777,0.014920,0.010134,0.978508,0.127764,0.099782,9.745939,0.003250,-0.005929,0.013688,0.136716,-0.646798,-1.193860,100309.0000
1764075373385937559,2025-11-25 18:26:13.382,0.496826,1.095143,267.596695,0.014681,0.011146,0.978388,0.160467,0.131808,9.793939,0.004241,0.002827,0.004340,0.135300,-0.642018,-1.193430,100311.0000
1764075373486598004,2025-11-25 18:26:13.483,0.492242,1.094151,267.554581,0.014744,0.011230,0.978113,0.128539,0.086892,9.750944,-0.001393,0.000728,0.013158,0.134347,-0.642469,-1.191964,100309.0000
1764075373586952726,2025-11-25 18:26:13.582,0.478992,1.081862,267.513260,0.014203,0.010964,0.978168,0.143097,0.147926,9.821045,0.001397,-0.000095,0.004634,0.132411,-0.641563,-1.193876,100309.0000
1764075373686426411,2025-11-25 18:26:13.682,0.458387,1.065568,267.470680,0.014326,0.009834,0.978683,0.134974,0.033366,9.771231,0.003655,0.003028,0.010389,0.132382,-0.644470,-1.195758,100317.0000
1764075373785658874,2025-11-25 18:26:13.783,0.449714,1.048029,267.423630,0.014030,0.009183,0.978937,0.143034,0.145777,9.817142,-0.001445,0.003953,0.007333,0.131927,-0.641575,-1.194350,100313.0000
1764075373885215948,2025-11-25 18:26:13.882,0.451190,1.033828,267.377655,0.013453,0.008132,0.978976,0.154891,0.028420,9.786754,0.001985,0.003581,0.010257,0.129535,-0.641078,-1.192878,100310.0000
1764075373985445837,2025-11-25 18:26:13.982,0.462566,1.028355,267.327271,0.012981,0.009191,0.978907,0.110863,0.172519,9.789676,0.001643,0.001968,0.004361,0.130948,-0.644923,-1.194285,100311.0000
1764075374085778188,2025-11-25 18:26:14.083,0.474940,1.034563,267.279686,0.012622,0.009156,0.978439,0.147263,0.022581,9.755132,0.006513,-0.002190,0.012571,0.129025,-0.643042,-1.195248,100311.0000
1764075374186463485,2025-11-25 18:26:14.182,0.481309,1.053955,267.236214,0.012602,0.010619,0.978224,0.129417,0.198425,9.783902,0.001156,-0.007118,0.010325,0.129050,-0.643448,-1.191872,100305.0000
1764075374287272892,2025-11-25 18:26:14.283,0.484526,1.076137,267.189636,0.013493,0.010549,0.978380,0.164927,0.013065,9.771641,0.003134,-0.005149,0.009601,0.130966,-0.643460,-1.192863,100311.0000
1764075374385415540,2025-11-25 18:26:14.382,0.480366,1.097166,267.146027,0.014350,0.010826,0.978540,0.116785,0.196059,9.783950,-0.000103,-0.000472,0.010524,0.129050,-0.642503,-1.192368,100307.0000
1764075374485917151,2025-11-25 18:26:14.483,0.468883,1.104987,267.102272,0.015656,0.009657,0.978786,0.184104,0.010129,9.807599,0.003123,-0.002271,0.013813,0.129037,-0.644424,-1.192819,100309.0000
1764075374586683447,2025-11-25 18:26:14.582,0.464177,1.100827,267.058411,0.015177,0.009684,0.978739,0.108472,0.169487,9.785860,-0.002323,0.003750,0.007255,0.129052,-0.642970,-1.191879,100307.0000
1764075374686288058,2025-11-25 18:26:14.683,0.464894,1.078428,267.016098,0.015270,0.009045,0.978722,0.165135,0.000635,9.792184,0.003162,0.002201,0.007390,0.127097,-0.644473,-1.194717,100308.0000
1764075374786016873,2025-11-25 18:26:14.783,0.466095,1.054967,266.970474,0.014150,0.009741,0.978760,0.094037,0.182853,9.773887,0.003587,0.003794,0.008748,0.128068,-0.641145,-1.195745,100309.0000
1764075374886457151,2025-11-25 18:26:14.882,0.470395,1.036401,266.921608,0.013266,0.009903,0.978503,0.147835,0.020727,9.800852,0.000481,0.004628,0.008051,0.128088,-0.642507,-1.192353,100305.0000
1764075374985512669,2025-11-25 18:26:14.982,0.470237,1.026889,266.876503,0.012397,0.010088,0.978478,0.094395,0.171963,9.772085,0.004913,-0.002759,0.012587,0.125672,-0.643016,-1.193273,100306.0000
1764075375085691317,2025-11-25 18:26:15.082,0.469644,1.033423,266.831261,0.012538,0.010292,0.978421,0.177410,0.035307,9.815574,-0.000690,-0.001566,0.005324,0.123756,-0.644417,-1.191297,100316.0000
1764075375185961558,2025-11-25 18:26:15.183,0.470774,1.055009,266.784584,0.012786,0.010196,0.978018,0.101592,0.166420,9.759274,0.008956,-0.004939,0.010173,0.122294,-0.645887,-1.192698,100303.0000
1764075375285466095,2025-11-25 18:26:15.282,0.471866,1.076726,266.739136,0.013757,0.009584,0.978354,0.167506,0.055598,9.800315,-0.000755,-0.003139,0.005451,0.122779,-0.643517,-1.193705,100303.0000
1764075375385572058,2025-11-25 18:26:15.382,0.471398,1.091987,266.692993,0.015139,0.009548,0.978728,0.135980,0.149447,9.772285,0.003843,-0.001023,0.012992,0.121829,-0.642545,-1.192742,100308.0000
1764075375486068799,2025-11-25 18:26:15.482,0.474214,1.091975,266.647095,0.015649,0.009617,0.979259,0.153254,0.059811,9.820823,0.003044,0.002794,0.006562,0.121826,-0.641610,-1.193720,100312.0000
1764075375586405299,2025-11-25 18:26:15.583,0.474924,1.083393,266.602524,0.015361,0.009844,0.979175,0.128355,0.085765,9.766618,0.001687,0.002369,0.012917,0.122295,-0.643997,-1.193690,100310.0000
1764075375685467836,2025-11-25 18:26:15.682,0.472660,1.066368,266.559883,0.014202,0.010309,0.978821,0.138167,0.104303,9.813878,-0.002051,0.002488,0.003564,0.121795,-0.644050,-1.196090,100307.0000
1764075375786317169,2025-11-25 18:26:15.783,0.472433,1.057457,266.519051,0.012854,0.010160,0.978457,0.125325,0.070978,9.757846,-0.001063,-0.000400,0.009246,0.121347,-0.642080,-1.193224,100310.0000
1764075375885408817,2025-11-25 18:26:15.882,0.469025,1.057609,266.479004,0.012555,0.009974,0.977864,0.122757,0.140375,9.792240,-0.002660,-0.002132,0.005168,0.119885,-0.642605,-1.195120,100309.0000
1764075375985782243,2025-11-25 18:26:15.982,0.466025,1.069850,266.434723,0.013243,0.009292,0.977696,0.146632,0.039123,9.756737,0.004476,-0.003840,0.013587,0.120856,-0.641635,-1.194668,100311.0000
1764075376085641669,2025-11-25 18:26:16.082,0.466600,1.079940,266.389343,0.014147,0.009874,0.978096,0.138990,0.151542,9.806725,-0.000778,-0.002889,0.004351,0.119902,-0.643032,-1.192706,100316.0000
1764075376186120020,2025-11-25 18:26:16.183,0.470558,1.089074,266.341782,0.014754,0.009798,0.978869,0.148898,0.019616,9.775172,0.001087,-0.000440,0.009576,0.118939,-0.641623,-1.193677,100306.0000
1764075376285646131,2025-11-25 18:26:16.282,0.468350,1.084188,266.306816,0.015178,0.010099,0.979366,0.123880,0.192046,9.804653,-0.000349,-0.001885,0.002958,0.118464,-0.642083,-1.192700,100309.0000
1764075376385177891,2025-11-25 18:26:16.382,0.470108,1.073778,266.270348,0.015018,0.009843,0.979300,0.159798,0.015197,9.779776,-0.002964,0.000745,0.008025,0.115571,-0.641638,-1.193627,100307.0000
1764075376486133187,2025-11-25 18:26:16.483,0.467484,1.059393,266.228615,0.013882,0.009429,0.978679,0.101998,0.168072,9.774664,0.002093,-0.000118,0.009097,0.116070,-0.641118,-1.191716,100308.0000
1764075376586467391,2025-11-25 18:26:16.582,0.468049,1.049845,266.184555,0.013153,0.009291,0.978224,0.156900,0.021952,9.790139,-0.000723,0.000954,0.009484,0.117952,-0.643579,-1.195559,100312.0000
1764075376686310446,2025-11-25 18:26:16.682,0.473608,1.051712,266.137924,0.012521,0.009911,0.977815,0.091217,0.200658,9.774879,0.003140,-0.000844,0.011624,0.117508,-0.640654,-1.192708,100307.0000
1764075376785691557,2025-11-25 18:26:16.783,0.481690,1.063742,266.091408,0.012985,0.009893,0.978141,0.174510,-0.004685,9.780468,0.001587,-0.001371,0.006568,0.114134,-0.641157,-1.193132,100308.0000
1764075376886267594,2025-11-25 18:26:16.883,0.483272,1.088834,266.046600,0.012943,0.010609,0.978346,0.101112,0.187552,9.765914,-0.002730,-0.005593,0.012271,0.115562,-0.641192,-1.195079,100311.0000
1764075376985323335,2025-11-25 18:26:16.982,0.482523,1.111906,266.005554,0.014496,0.010571,0.979110,0.182875,0.024124,9.817070,0.004764,-0.001991,0.009846,0.113646,-0.642592,-1.193103,100310.0000
1764075377085483501,2025-11-25 18:26:17.082,0.474622,1.124722,265.963593,0.015245,0.010502,0.978985,0.121978,0.172976,9.761032,-0.003648,-0.000344,0.009194,0.113658,-0.641617,-1.192155,100311.0000
1764075377185718649,2025-11-25 18:26:17.182,0.465617,1.120786,265.922668,0.015831,0.009518,0.979008,0.192390,0.019307,9.811620,0.003572,0.004456,0.005969,0.111264,-0.639239,-1.192156,100309.0000
1764075377286349057,2025-11-25 18:26:17.283,0.459389,1.102345,265.878212,0.015686,0.009629,0.978438,0.115667,0.172017,9.765878,-0.000067,0.000756,0.011906,0.112686,-0.642119,-1.193096,100306.0000
1764075377386551760,2025-11-25 18:26:17.382,0.456971,1.070469,265.832932,0.015109,0.009142,0.978339,0.151627,0.053676,9.808404,0.000004,0.006563,0.005526,0.113631,-0.641688,-1.195524,100311.0000
1764075377485272223,2025-11-25 18:26:17.482,0.455512,1.042570,265.789032,0.013023,0.009514,0.978070,0.100109,0.145532,9.760586,0.000941,0.002903,0.010854,0.108838,-0.638833,-1.195015,100313.0000
1764075377586110001,2025-11-25 18:26:17.583,0.460183,1.026283,265.744911,0.012586,0.009512,0.978567,0.151476,0.066490,9.819861,0.004020,-0.001380,0.003575,0.110756,-0.641670,-1.194037,100310.0000
1764075377685948908,2025-11-25 18:26:17.682,0.465762,1.027775,265.701645,0.011748,0.009249,0.978708,0.081466,0.106293,9.747446,0.004436,0.001570,0.013182,0.109791,-0.642152,-1.194016,100311.0000
1764075377785817853,2025-11-25 18:26:17.783,0.470476,1.052005,265.658798,0.011662,0.009573,0.978903,0.130928,0.083791,9.812463,0.002255,-0.005459,0.003476,0.112218,-0.640200,-1.192637,100316.0000
1764075377885476871,2025-11-25 18:26:17.882,0.475241,1.088332,265.612549,0.012619,0.009907,0.978619,0.116676,0.104399,9.763746,0.002953,-0.008135,0.012839,0.108359,-0.640716,-1.193535,100307.0000
1764075377985198167,2025-11-25 18:26:17.982,0.483528,1.125938,265.568718,0.014101,0.010774,0.978513,0.169794,0.109638,9.802344,0.002888,-0.007224,0.005517,0.109303,-0.641230,-1.195468,100310.0000
1764075378085910779,2025-11-25 18:26:18.082,0.481108,1.148552,265.525345,0.016106,0.010412,0.978160,0.165112,0.088004,9.774305,0.000614,-0.002230,0.012638,0.108360,-0.641183,-1.193047,100303.0000
1764075378186037260,2025-11-25 18:26:18.183,0.472372,1.149301,265.484085,0.016521,0.010748,0.978293,0.172068,0.158913,9.811914,0.002826,0.000947,0.004620,0.107384,-0.644054,-1.192989,100311.0000
1764075378286133464,2025-11-25 18:26:18.282,0.461110,1.122443,265.441711,0.016634,0.009826,0.978531,0.154578,0.075460,9.769944,0.000149,0.009827,0.007468,0.106910,-0.640265,-1.194484,100307.0000
1764075378386007056,2025-11-25 18:26:18.383,0.452245,1.085469,265.399307,0.014584,0.009622,0.978838,0.129109,0.151540,9.804239,0.000732,0.005678,0.007314,0.106937,-0.640193,-1.191114,100307.0000
1764075378486808001,2025-11-25 18:26:18.483,0.447089,1.049778,265.357544,0.012721,0.009003,0.978854,0.121261,0.061182,9.772725,0.001379,0.001079,0.009881,0.104988,-0.639796,-1.194463,100305.0000
1764075378586450352,2025-11-25 18:26:18.583,0.444631,1.033281,265.315414,0.011407,0.009529,0.978721,0.104438,0.166316,9.787021,0.002354,0.000820,0.005258,0.105459,-0.642649,-1.193945,100315.0000
1764075378686232926,2025-11-25 18:26:18.682,0.448217,1.045859,265.274544,0.011582,0.008985,0.978385,0.131620,0.010512,9.776062,0.001305,-0.003799,0.008284,0.105940,-0.642647,-1.193952,100305.0000
1764075378785431797,2025-11-25 18:26:18.783,0.458887,1.070814,265.234146,0.012492,0.009439,0.978200,0.139895,0.175052,9.791059,0.003511,-0.007626,0.007144,0.103068,-0.640262,-1.193464,100309.0000
1764075378885328945,2025-11-25 18:26:18.882,0.474247,1.100759,265.190300,0.013796,0.009372,0.978443,0.148595,0.023661,9.775521,0.002280,-0.003674,0.009293,0.104031,-0.641670,-1.192494,100308.0000
1764075378986623000,2025-11-25 18:26:18.983,0.482531,1.115279,265.146111,0.015067,0.010558,0.978261,0.143325,0.205972,9.784759,0.004638,-0.003685,0.008108,0.102103,-0.643102,-1.191962,100303.0000
1764075379085526148,2025-11-25 18:26:19.083,0.485290,1.114334,265.108475,0.015675,0.010273,0.978172,0.163596,0.022618,9.778553,0.001371,-0.000337,0.006951,0.103556,-0.641184,-1.192013,100305.0000
1764075379186040870,2025-11-25 18:26:19.182,0.481777,1.102434,265.066292,0.014792,0.011077,0.978546,0.132197,0.209297,9.786024,-0.002198,0.002643,0.005277,0.100630,-0.642244,-1.196288,100309.0000
1764075379286698185,2025-11-25 18:26:19.283,0.468706,1.090454,265.024483,0.014377,0.010059,0.978791,0.176351,0.004215,9.783873,-0.001754,-0.000044,0.007221,0.101608,-0.642199,-1.194376,100310.0000
1764075379386104833,2025-11-25 18:26:19.383,0.449812,1.080594,264.984505,0.013449,0.010308,0.979128,0.102907,0.178717,9.789875,-0.004479,0.003676,0.008575,0.102076,-0.643173,-1.195332,100310.0000
1764075379485426074,2025-11-25 18:26:19.482,0.444484,1.081459,264.943848,0.012989,0.008528,0.978968,0.160242,-0.016938,9.786387,0.002474,0.000230,0.007715,0.101616,-0.641234,-1.193910,100319.0000
1764075379586567963,2025-11-25 18:26:19.583,0.444367,1.088169,264.901260,0.013551,0.008930,0.979030,0.111542,0.182350,9.796585,-0.002308,0.000636,0.006134,0.099208,-0.641722,-1.193867,100301.0000
1764075379686449666,2025-11-25 18:26:19.682,0.453449,1.092134,264.863937,0.014320,0.009030,0.978657,0.173802,0.008713,9.789721,0.009343,-0.002841,0.006543,0.098723,-0.641735,-1.194341,100312.0000
1764075379785398148,2025-11-25 18:26:19.782,0.469427,1.092543,264.825966,0.014537,0.010006,0.977828,0.118048,0.193518,9.758688,0.001053,-0.002137,0.008645,0.099691,-0.639830,-1.194866,100315.0000
1764075379885426666,2025-11-25 18:26:19.882,0.472754,1.086985,264.784676,0.014348,0.010551,0.977861,0.166770,0.009148,9.791496,0.002850,0.000793,0.007182,0.097768,-0.641718,-1.193364,100304.0000
1764075379985457870,2025-11-25 18:26:19.982,0.471258,1.077322,264.742065,0.013648,0.010758,0.978052,0.106645,0.191193,9.774193,0.002037,0.003913,0.007701,0.098258,-0.640751,-1.192904,100310.0000
1764075380085609648,2025-11-25 18:26:20.082,0.467648,1.075843,264.698387,0.013168,0.010035,0.978523,0.156543,0.005049,9.801271,-0.003261,0.002396,0.005585,0.099226,-0.641204,-1.191949,100315.0000
1764075380185438037,2025-11-25 18:26:20.182,0.463397,1.083831,264.655510,0.013287,0.009718,0.978899,0.116918,0.178618,9.774658,0.003378,-0.000771,0.014385,0.096840,-0.640219,-1.190002,100304.0000
1764075380285358370,2025-11-25 18:26:20.282,0.457762,1.099282,264.614906,0.013433,0.009333,0.979022,0.166433,0.013481,9.834072,-0.000444,-0.005477,0.006775,0.096793,-0.641286,-1.195283,100312.0000
1764075380386365444,2025-11-25 18:26:20.383,0.458482,1.111235,264.572754,0.014100,0.009678,0.978901,0.131050,0.190996,9.771956,0.001316,-0.002212,0.009675,0.093926,-0.641248,-1.192833,100301.0000
1764075380486499370,2025-11-25 18:26:20.483,0.461006,1.118157,264.533447,0.014869,0.009940,0.978850,0.177835,0.040398,9.805073,0.003768,-0.004940,0.006021,0.094923,-0.637381,-1.190980,100305.0000
1764075380586237536,2025-11-25 18:26:20.582,0.463499,1.114988,264.492889,0.014574,0.009748,0.978385,0.134530,0.154665,9.756310,0.000573,-0.001159,0.010608,0.094415,-0.640280,-1.192373,100316.0000
1764075380686177184,2025-11-25 18:26:20.682,0.467373,1.107016,264.453575,0.014207,0.009896,0.978505,0.167705,0.036322,9.816165,-0.000809,0.003272,0.003615,0.094417,-0.639335,-1.192870,100303.0000
1764075380786202499,2025-11-25 18:26:20.783,0.471122,1.102458,264.411064,0.013711,0.009842,0.978328,0.104994,0.168068,9.758338,0.003212,0.003335,0.011851,0.092497,-0.639801,-1.191871,100303.0000
1764075380885459110,2025-11-25 18:26:20.882,0.466419,1.096613,264.372047,0.013895,0.010265,0.978399,0.168460,0.060453,9.818780,0.003098,0.002279,0.003712,0.092487,-0.642657,-1.191345,100310.0000
1764075380986681610,2025-11-25 18:26:20.983,0.456456,1.091136,264.332214,0.013695,0.010382,0.978556,0.111342,0.133100,9.753276,-0.000517,0.002692,0.008940,0.091046,-0.638415,-1.193797,100311.0000
1764075381086430295,2025-11-25 18:26:21.083,0.449271,1.084456,264.293900,0.013951,0.009437,0.978794,0.162125,0.063858,9.808514,0.002725,0.001341,0.001807,0.092462,-0.642251,-1.194722,100308.0000
1764075381185956758,2025-11-25 18:26:21.183,0.449339,1.079834,264.256310,0.013413,0.008633,0.978794,0.098056,0.119508,9.760974,0.004267,-0.000008,0.011800,0.092971,-0.639819,-1.192841,100313.0000
1764075381286265147,2025-11-25 18:26:21.283,0.459906,1.083786,264.214890,0.013092,0.008937,0.978851,0.167912,0.081544,9.814334,0.007127,-0.000056,0.007898,0.092008,-0.639824,-1.192827,100309.0000
1764075381385228017,2025-11-25 18:26:21.382,0.474067,1.096866,264.171806,0.013384,0.009079,0.978489,0.118453,0.102018,9.750530,0.004050,-0.004093,0.010351,0.090557,-0.642209,-1.192287,100305.0000
1764075381485674591,2025-11-25 18:26:21.482,0.481470,1.112124,264.128761,0.013563,0.010326,0.978478,0.155703,0.100312,9.796624,0.006661,-0.004560,0.001010,0.092972,-0.640287,-1.192352,100305.0000
1764075381585511795,2025-11-25 18:26:21.582,0.482745,1.127916,264.094276,0.014229,0.011353,0.977916,0.134037,0.114097,9.754373,-0.002350,-0.001276,0.009075,0.089141,-0.637428,-1.191858,100313.0000
1764075381685916888,2025-11-25 18:26:21.683,0.477800,1.133955,264.056915,0.014753,0.011308,0.978203,0.169973,0.118291,9.811381,-0.000829,-0.003026,0.002954,0.088652,-0.639808,-1.191333,100313.0000
1764075381786238832,2025-11-25 18:26:21.783,0.456919,1.125146,264.019623,0.014921,0.010190,0.978335,0.136821,0.075598,9.775936,-0.000404,-0.001896,0.010997,0.090088,-0.639822,-1.192317,100313.0000
1764075381885679128,2025-11-25 18:26:21.883,0.443241,1.108540,263.978470,0.014934,0.009259,0.978984,0.141481,0.103057,9.822816,-0.002648,0.003340,0.006814,0.088166,-0.636995,-1.193776,100313.0000
1764075381986018684,2025-11-25 18:26:21.983,0.438874,1.089733,263.937096,0.014264,0.007777,0.978937,0.137331,0.063262,9.758629,0.003570,0.000924,0.012128,0.086711,-0.638445,-1.194214,100308.0000
1764075382086199776,2025-11-25 18:26:22.083,0.447379,1.077463,263.896111,0.013941,0.008660,0.979115,0.138762,0.148354,9.803157,-0.000670,0.001988,0.004077,0.088633,-0.638914,-1.194235,100311.0000
1764075382186041295,2025-11-25 18:26:22.183,0.465790,1.069836,263.852974,0.013225,0.008823,0.978964,0.130462,0.043033,9.767107,0.005322,0.000861,0.010890,0.086212,-0.641323,-1.194645,100307.0000
1764075382285983665,2025-11-25 18:26:22.283,0.486691,1.073595,263.813782,0.012938,0.010522,0.978465,0.118108,0.178129,9.796569,0.006482,-0.003674,0.004177,0.086714,-0.637967,-1.194222,100307.0000
1764075382386115683,2025-11-25 18:26:22.383,0.491192,1.080012,263.778526,0.013513,0.011117,0.978007,0.149515,0.049291,9.758902,0.001499,0.003730,0.006366,0.087695,-0.637912,-1.191829,100309.0000
1764075382486016517,2025-11-25 18:26:22.483,0.482726,1.093484,263.738815,0.013722,0.011428,0.978340,0.131222,0.188706,9.799893,0.000680,-0.005038,0.006842,0.086713,-0.640325,-1.192741,100309.0000
1764075382585720202,2025-11-25 18:26:22.583,0.471977,1.097768,263.698784,0.014348,0.010179,0.978270,0.163777,0.001828,9.759209,-0.003730,0.000574,0.008566,0.085252,-0.640850,-1.194638,100311.0000
1764075382685518887,2025-11-25 18:26:22.682,0.455839,1.098773,263.656227,0.014351,0.009929,0.978565,0.133025,0.179889,9.792706,-0.003275,-0.001841,0.007028,0.086233,-0.639382,-1.193230,100309.0000
1764075382786318072,2025-11-25 18:26:22.783,0.447772,1.095318,263.614197,0.014168,0.008706,0.978573,0.165131,-0.016777,9.804593,-0.000939,-0.001171,0.006577,0.084804,-0.637935,-1.192268,100310.0000
1764075382885890146,2025-11-25 18:26:22.882,0.447833,1.091435,263.572281,0.013932,0.009107,0.978652,0.113491,0.194267,9.776541,0.003486,-0.003304,0.009647,0.085269,-0.641277,-1.192224,100301.0000
1764075382986382942,2025-11-25 18:26:22.983,0.454174,1.089475,263.534348,0.014001,0.008930,0.978665,0.174862,0.014630,9.784494,0.005106,0.002247,0.007118,0.084299,-0.638944,-1.194653,100313.0000
1764075383085445924,2025-11-25 18:26:23.082,0.462057,1.089819,263.496376,0.013823,0.009722,0.978709,0.098132,0.189179,9.784684,0.002408,-0.000329,0.004505,0.082864,-0.640342,-1.192684,100309.0000
1764075383186378590,2025-11-25 18:26:23.183,0.472350,1.094154,263.461166,0.013700,0.009286,0.978770,0.166911,0.006928,9.806742,0.003576,-0.005954,0.005142,0.081430,-0.638438,-1.192692,100315.0000
1764075383285646201,2025-11-25 18:26:23.282,0.480978,1.095572,263.423698,0.013330,0.010273,0.978592,0.100224,0.194332,9.755871,0.003070,0.003736,0.011112,0.080457,-0.639885,-1.193137,100311.0000
1764075383385374035,2025-11-25 18:26:23.382,0.484426,1.095944,263.382790,0.014207,0.010354,0.978786,0.180424,0.034159,9.805595,0.000721,-0.002660,0.005091,0.079512,-0.637959,-1.192190,100308.0000
1764075383485254886,2025-11-25 18:26:23.482,0.484428,1.093793,263.342552,0.014510,0.011137,0.978398,0.108444,0.186954,9.770654,-0.000823,-0.000906,0.010282,0.079506,-0.639859,-1.191679,100309.0000
1764075383586280572,2025-11-25 18:26:23.582,0.476636,1.083870,263.301666,0.014873,0.010125,0.978368,0.195781,0.024131,9.808928,-0.001146,0.001644,0.005751,0.079494,-0.639890,-1.193123,100309.0000
1764075383686290664,2025-11-25 18:26:23.683,0.469029,1.071344,263.261017,0.014079,0.009567,0.978261,0.107279,0.125351,9.759254,0.002135,0.000349,0.009026,0.080448,-0.637081,-1.196069,100303.0000
1764075383786363349,2025-11-25 18:26:23.783,0.460786,1.061178,263.222900,0.013673,0.009526,0.978352,0.147783,0.083511,9.815957,-0.001981,-0.000982,0.005277,0.079989,-0.637967,-1.192678,100313.0000
1764075383886491757,2025-11-25 18:26:23.883,0.461140,1.058179,263.181625,0.013015,0.009016,0.978118,0.106343,0.124853,9.763224,0.002070,-0.003822,0.008259,0.077577,-0.637053,-1.194101,100307.0000
1764075383985241423,2025-11-25 18:26:23.982,0.461623,1.062731,263.144035,0.012693,0.009974,0.978142,0.162560,0.106810,9.820042,-0.001397,-0.006165,0.002777,0.079002,-0.641335,-1.193576,100297.0000
1764075384085459553,2025-11-25 18:26:24.082,0.464034,1.077568,263.101227,0.013289,0.009801,0.978259,0.123322,0.086914,9.743844,0.005812,-0.004410,0.010082,0.077095,-0.638000,-1.193598,100308.0000
1764075384185944330,2025-11-25 18:26:24.182,0.465596,1.096302,263.059883,0.013648,0.010187,0.978686,0.162104,0.120533,9.803548,-0.002499,-0.002951,0.003959,0.079509,-0.638437,-1.192182,100311.0000
1764075384286272849,2025-11-25 18:26:24.283,0.465861,1.110361,263.019188,0.014967,0.009177,0.979190,0.139727,0.058164,9.773862,0.004692,-0.000529,0.012356,0.078044,-0.637559,-1.195545,100311.0000
1764075384385534404,2025-11-25 18:26:24.383,0.471161,1.115597,262.978546,0.015631,0.009547,0.979028,0.150862,0.145458,9.826494,0.001174,-0.002444,0.003966,0.076617,-0.640350,-1.191629,100309.0000
1764075384486302441,2025-11-25 18:26:24.483,0.475927,1.104170,262.940346,0.015795,0.009102,0.979122,0.175245,0.028210,9.774849,0.001836,0.002478,0.009162,0.077096,-0.636110,-1.194590,100308.0000
1764075384585468719,2025-11-25 18:26:24.582,0.482016,1.078449,262.903931,0.015014,0.010134,0.978794,0.133894,0.171186,9.796081,0.001085,0.002126,0.005083,0.074214,-0.637525,-1.193081,100301.0000
1764075384685421256,2025-11-25 18:26:24.682,0.486886,1.053373,262.866280,0.013745,0.010298,0.978286,0.142941,0.032701,9.782599,-0.000135,0.003379,0.008944,0.077087,-0.638021,-1.194561,100309.0000
1764075384786237682,2025-11-25 18:26:24.783,0.482691,1.035181,262.827484,0.012253,0.010775,0.978065,0.076358,0.193084,9.791171,-0.000677,0.000104,0.006936,0.073746,-0.635607,-1.192622,100301.0000
1764075384886224052,2025-11-25 18:26:24.883,0.466896,1.034001,262.783875,0.012316,0.010118,0.978475,0.147443,-0.002686,9.784146,-0.001495,-0.003534,0.007841,0.073251,-0.637530,-1.193067,100309.0000
1764075384985405441,2025-11-25 18:26:24.982,0.457497,1.054420,262.738388,0.012153,0.009871,0.978683,0.098797,0.169433,9.778408,0.002152,-0.008181,0.007660,0.073736,-0.638463,-1.192097,100306.0000
1764075385085370441,2025-11-25 18:26:25.082,0.451913,1.080123,262.696350,0.013471,0.008774,0.978840,0.192344,-0.001688,9.801575,-0.001937,-0.004063,0.006635,0.073241,-0.638028,-1.194023,100307.0000
1764075385185283163,2025-11-25 18:26:25.182,0.449859,1.103767,262.657402,0.014576,0.009302,0.979082,0.131079,0.170047,9.761800,0.001637,-0.003084,0.008971,0.072760,-0.636617,-1.195000,100305.0000
1764075385286425237,2025-11-25 18:26:25.283,0.456208,1.110797,262.621986,0.015661,0.009423,0.978756,0.201432,0.013569,9.813720,0.002757,-0.002862,0.003895,0.072745,-0.639483,-1.194956,100310.0000
1764075385385998219,2025-11-25 18:26:25.382,0.469506,1.102353,262.583664,0.016046,0.009867,0.978532,0.131489,0.167270,9.771559,0.006758,0.000332,0.009082,0.072793,-0.636058,-1.191157,100309.0000
1764075385485288830,2025-11-25 18:26:25.482,0.473631,1.072436,262.544472,0.015564,0.009917,0.978351,0.181491,0.051320,9.810845,-0.002211,0.006620,0.003735,0.071339,-0.638920,-1.190610,100309.0000
1764075385586381459,2025-11-25 18:26:25.582,0.477212,1.042431,262.502602,0.013822,0.010137,0.977915,0.105598,0.153028,9.745841,0.001822,0.003571,0.009006,0.070853,-0.637520,-1.192069,100307.0000
1764075385686071941,2025-11-25 18:26:25.682,0.476393,1.025200,262.460014,0.012446,0.010222,0.977952,0.113364,0.058282,9.819802,-0.003958,0.000114,0.006323,0.069401,-0.638492,-1.192514,100310.0000
1764075385785647181,2025-11-25 18:26:25.782,0.471382,1.023172,262.418716,0.012030,0.010038,0.978369,0.110068,0.122174,9.752547,-0.000855,0.001270,0.011423,0.070847,-0.635650,-1.194024,100302.0000
1764075385885503866,2025-11-25 18:26:25.882,0.466134,1.038611,262.381378,0.012622,0.009947,0.978698,0.173380,0.089941,9.825104,-0.000019,-0.005622,0.005728,0.067957,-0.637086,-1.193478,100311.0000
1764075385986310163,2025-11-25 18:26:25.983,0.467587,1.064678,262.341698,0.013363,0.009609,0.978916,0.109656,0.106840,9.756889,0.002532,-0.007837,0.011975,0.067002,-0.635657,-1.193485,100309.0000
1764075386085618274,2025-11-25 18:26:26.082,0.469546,1.081885,262.302315,0.014530,0.009913,0.978885,0.176830,0.100025,9.813128,0.002394,-0.004802,0.005096,0.066030,-0.637572,-1.193442,100308.0000
1764075386186411885,2025-11-25 18:26:26.183,0.471465,1.094031,262.259354,0.015085,0.009257,0.978444,0.145064,0.096070,9.759399,0.007334,-0.000463,0.010671,0.069401,-0.637080,-1.193499,100305.0000
1764075386286306755,2025-11-25 18:26:26.282,0.474217,1.092940,262.216278,0.015269,0.010175,0.978759,0.173063,0.127919,9.813225,-0.000149,-0.000009,-0.000428,0.067470,-0.637576,-1.193945,100304.0000
1764075386388387922,2025-11-25 18:26:26.382,0.474086,1.084919,262.173393,0.014465,0.009753,0.978627,0.133452,0.087243,9.759109,0.007495,0.000583,0.013119,0.065552,-0.637097,-1.193442,100310.0000
1764075386486963866,2025-11-25 18:26:26.483,0.467166,1.069051,262.135727,0.014237,0.010375,0.978571,0.140192,0.114403,9.798772,-0.002578,0.000569,0.000998,0.065082,-0.637068,-1.191991,100317.0000
1764075386585223755,2025-11-25 18:26:26.582,0.462986,1.055110,262.095146,0.013216,0.009640,0.978837,0.131015,0.049452,9.768996,0.000533,0.001408,0.008340,0.065073,-0.638034,-1.192458,100318.0000
1764075386685391866,2025-11-25 18:26:26.682,0.459941,1.047558,262.055908,0.012920,0.009485,0.978481,0.135328,0.165162,9.800980,-0.001622,-0.001597,0.002737,0.064613,-0.636095,-1.191035,100308.0000
1764075386786154070,2025-11-25 18:26:26.783,0.460623,1.052361,262.016891,0.012632,0.008823,0.978260,0.121765,0.055193,9.762217,0.002410,-0.003562,0.013842,0.065056,-0.637607,-1.194872,100312.0000
1764075386885527921,2025-11-25 18:26:26.883,0.470710,1.065676,261.973045,0.013352,0.009288,0.978399,0.138976,0.151343,9.808664,0.002724,0.001340,0.005512,0.062177,-0.637600,-1.193866,100307.0000
1764075386986203903,2025-11-25 18:26:26.983,0.481335,1.080304,261.928795,0.014202,0.009871,0.978507,0.155847,0.018851,9.788665,0.004603,-0.002619,0.006862,0.063636,-0.633782,-1.194427,100307.0000
1764075387086042162,2025-11-25 18:26:27.083,0.485102,1.085179,261.885139,0.014778,0.010788,0.978662,0.132418,0.199274,9.780767,0.001063,-0.001786,0.007654,0.062681,-0.636124,-1.191970,100310.0000
1764075387186356569,2025-11-25 18:26:27.182,0.479904,1.081640,261.842659,0.015135,0.010290,0.978942,0.166246,0.016680,9.795239,-0.001188,0.003184,0.005749,0.062669,-0.638512,-1.191933,100309.0000
1764075387285433440,2025-11-25 18:26:27.282,0.469371,1.071368,261.803368,0.014473,0.010768,0.978703,0.101530,0.187750,9.776790,0.000960,0.003167,0.009756,0.061688,-0.637622,-1.194822,100306.0000
1764075387386054254,2025-11-25 18:26:27.383,0.458295,1.055506,261.764336,0.014245,0.009424,0.978600,0.148646,0.016933,9.786591,-0.000487,0.000586,0.007585,0.060284,-0.635169,-1.191468,100313.0000
1764075387486176403,2025-11-25 18:26:27.483,0.450762,1.044178,261.723801,0.013381,0.009009,0.978169,0.123374,0.178564,9.772894,0.006869,0.000568,0.009897,0.061710,-0.637094,-1.192422,100304.0000
1764075387586185365,2025-11-25 18:26:27.582,0.449548,1.041320,261.679626,0.012788,0.008584,0.978389,0.171929,-0.001135,9.795515,0.002485,-0.003045,0.007565,0.059294,-0.636190,-1.194327,100309.0000
1764075387686023810,2025-11-25 18:26:27.682,0.455487,1.052433,261.636818,0.012412,0.009390,0.978307,0.092751,0.194357,9.784106,0.005109,-0.006292,0.010584,0.063138,-0.637128,-1.194369,100309.0000
1764075387785800976,2025-11-25 18:26:27.783,0.465174,1.070782,261.595131,0.013210,0.009351,0.979098,0.162707,0.013809,9.810900,0.005625,-0.004224,0.005457,0.060767,-0.634689,-1.191482,100303.0000
1764075387886093550,2025-11-25 18:26:27.882,0.473022,1.090338,261.556931,0.014078,0.010133,0.978902,0.112044,0.167710,9.766164,0.001941,-0.004246,0.009351,0.057380,-0.636168,-1.192854,100308.0000
1764075387986570347,2025-11-25 18:26:27.983,0.473032,1.103800,261.523140,0.015361,0.010531,0.979005,0.175106,0.049425,9.822488,0.004730,-0.003772,0.002924,0.059284,-0.635743,-1.195779,100307.0000
1764075388085421402,2025-11-25 18:26:28.082,0.471773,1.101397,261.481026,0.015714,0.010638,0.978455,0.138499,0.152194,9.770337,-0.005696,0.004399,0.010604,0.056420,-0.635695,-1.192848,100311.0000
1764075388186055902,2025-11-25 18:26:28.182,0.465425,1.091241,261.439545,0.015388,0.010165,0.978898,0.173214,0.056027,9.830925,0.000742,0.001311,0.003534,0.057875,-0.634245,-1.192409,100305.0000
1764075388285687865,2025-11-25 18:26:28.283,0.459057,1.070451,261.395966,0.014530,0.009779,0.978641,0.107812,0.131545,9.776891,-0.003633,0.004618,0.011016,0.056913,-0.635662,-1.191410,100305.0000
1764075388385341958,2025-11-25 18:26:28.382,0.460815,1.055277,261.352760,0.013416,0.009752,0.978715,0.154437,0.086952,9.807644,0.000034,0.001919,0.004710,0.055958,-0.632821,-1.192403,100317.0000
1764075388485243420,2025-11-25 18:26:28.482,0.459297,1.049863,261.313454,0.012668,0.009751,0.978138,0.105845,0.097695,9.747929,0.001551,-0.001029,0.008531,0.056905,-0.634270,-1.193358,100306.0000
1764075388585253735,2025-11-25 18:26:28.582,0.454852,1.051971,261.273003,0.013088,0.009758,0.978050,0.141185,0.088506,9.818937,0.003145,-0.002555,0.006489,0.054037,-0.632819,-1.191893,100311.0000
1764075388685330883,2025-11-25 18:26:28.682,0.452742,1.055854,261.234497,0.013317,0.009213,0.977900,0.118749,0.088528,9.749942,0.003078,-0.002455,0.010383,0.054959,-0.637165,-1.194248,100307.0000
1764075388786423068,2025-11-25 18:26:28.783,0.458478,1.068352,261.191147,0.013765,0.009543,0.978715,0.156179,0.096549,9.809502,0.000518,-0.004174,0.006236,0.054024,-0.634740,-1.192345,100305.0000
1764075388885440661,2025-11-25 18:26:28.882,0.464176,1.075998,261.148949,0.014349,0.009126,0.978961,0.132901,0.072977,9.781194,0.004925,-0.001186,0.008668,0.054014,-0.634293,-1.193797,100306.0000
1764075388985257383,2025-11-25 18:26:28.982,0.468025,1.081554,261.107025,0.014524,0.010218,0.979152,0.151570,0.142592,9.833323,0.000780,0.001847,0.004273,0.052557,-0.636220,-1.194227,100311.0000
1764075389085753735,2025-11-25 18:26:29.083,0.474614,1.084746,261.065750,0.014303,0.009994,0.979180,0.152471,0.040364,9.776641,0.006376,-0.002391,0.011292,0.052093,-0.635237,-1.192791,100309.0000
1764075389185996624,2025-11-25 18:26:29.183,0.468069,1.082196,261.029266,0.014401,0.010256,0.978808,0.151927,0.168513,9.798061,-0.004915,-0.002426,0.001241,0.050637,-0.636219,-1.193717,100307.0000
1764075389285411679,2025-11-25 18:26:29.282,0.462437,1.077955,260.991257,0.014400,0.009823,0.978516,0.140529,0.061233,9.765010,0.003685,-0.001022,0.008019,0.052572,-0.634767,-1.193287,100312.0000
1764075389388198420,2025-11-25 18:26:29.383,0.458730,1.077205,260.953094,0.014156,0.009871,0.978569,0.159649,0.148605,9.803192,-0.002123,-0.000017,0.002284,0.052083,-0.634789,-1.194242,100313.0000
1764075389486206661,2025-11-25 18:26:29.482,0.459932,1.073392,260.912956,0.014327,0.008682,0.978608,0.160905,0.006078,9.788931,0.000875,-0.000847,0.007622,0.053055,-0.635232,-1.192805,100309.0000
1764075389586277735,2025-11-25 18:26:29.583,0.464007,1.068484,260.872787,0.013506,0.009425,0.978531,0.124255,0.172882,9.799462,0.002545,0.000983,0.004158,0.052593,-0.633771,-1.191376,100305.0000
1764075389685205920,2025-11-25 18:26:29.682,0.470953,1.067082,260.830070,0.013711,0.009474,0.978352,0.158442,-0.004197,9.772201,0.000837,-0.002306,0.012691,0.048240,-0.634319,-1.193711,100303.0000
1764075389785287938,2025-11-25 18:26:29.782,0.473990,1.063054,260.785423,0.013456,0.010618,0.978163,0.098531,0.183600,9.774640,0.004112,-0.005594,0.007031,0.049194,-0.635280,-1.194192,100301.0000
1764075389885944031,2025-11-25 18:26:29.882,0.472118,1.064076,260.746468,0.013588,0.010319,0.978144,0.166611,0.004299,9.775373,-0.001311,-0.000405,0.006497,0.049670,-0.636233,-1.194185,100309.0000
1764075389985520642,2025-11-25 18:26:29.983,0.466410,1.068260,260.703880,0.013989,0.010757,0.978042,0.101605,0.182519,9.776370,-0.000920,-0.002825,0.006911,0.049694,-0.633814,-1.192777,100303.0000
1764075390085485308,2025-11-25 18:26:30.082,0.457891,1.069707,260.662796,0.014306,0.009662,0.978568,0.159750,-0.005593,9.802579,0.002038,-0.000235,0.007181,0.044885,-0.634771,-1.191729,100309.0000
1764075390186198716,2025-11-25 18:26:30.183,0.453274,1.068090,260.620216,0.014525,0.009331,0.978811,0.106278,0.176145,9.768509,0.003091,-0.005691,0.009227,0.048248,-0.632886,-1.193733,100307.0000
1764075390285298271,2025-11-25 18:26:30.282,0.457230,1.071402,260.579475,0.013990,0.008751,0.979554,0.159189,-0.004432,9.812609,-0.001813,-0.001952,0.005879,0.046346,-0.635191,-1.189336,100305.0000
1764075390386147475,2025-11-25 18:26:30.383,0.460501,1.077727,260.536095,0.013462,0.009965,0.979033,0.101673,0.185307,9.776706,0.001605,-0.002667,0.009307,0.045843,-0.633364,-1.193209,100314.0000
1764075390486535901,2025-11-25 18:26:30.483,0.460064,1.090341,260.493965,0.013457,0.010242,0.978650,0.176068,0.023809,9.807801,0.002339,-0.002242,0.005492,0.046334,-0.633809,-1.191764,100314.0000
1764075390586077808,2025-11-25 18:26:30.583,0.456322,1.100331,260.453163,0.014069,0.010605,0.978156,0.096607,0.180427,9.767179,0.002050,-0.002926,0.010035,0.043440,-0.632897,-1.193181,100311.0000
1764075390685947660,2025-11-25 18:26:30.683,0.447808,1.101628,260.413498,0.015179,0.009901,0.978156,0.197774,0.030898,9.804827,-0.000136,-0.000327,0.004564,0.043442,-0.632420,-1.193188,100308.0000
1764075390786249697,2025-11-25 18:26:30.783,0.443380,1.086968,260.372505,0.015542,0.009030,0.978128,0.123652,0.150282,9.759012,0.002832,0.003596,0.009387,0.044398,-0.632903,-1.193676,100308.0000
1764075390885640789,2025-11-25 18:26:30.882,0.451511,1.062620,260.325066,0.014820,0.008030,0.978755,0.163143,0.030110,9.812325,0.001731,0.002130,0.005290,0.043919,-0.633373,-1.193181,100309.0000
1764075390986047808,2025-11-25 18:26:30.983,0.467872,1.043024,260.275833,0.012802,0.008953,0.978624,0.093104,0.138410,9.754829,0.004298,0.004435,0.011569,0.042482,-0.634304,-1.191700,100306.0000
1764075391085386530,2025-11-25 18:26:31.082,0.484966,1.045379,260.228737,0.011572,0.010238,0.979007,0.164314,0.085805,9.821680,0.006927,-0.003998,0.005327,0.044410,-0.632872,-1.192232,100309.0000
1764075391186032882,2025-11-25 18:26:31.182,0.500193,1.064810,260.183235,0.011997,0.011077,0.978497,0.110319,0.158047,9.761442,0.003798,-0.006181,0.013334,0.042488,-0.633816,-1.191226,100309.0000
1764075391286488863,2025-11-25 18:26:31.283,0.495385,1.093055,260.142235,0.013491,0.011627,0.978226,0.168511,0.090396,9.810957,-0.005859,-0.004636,0.001966,0.043940,-0.633789,-1.190285,100307.0000
1764075391385588678,2025-11-25 18:26:31.382,0.477258,1.113028,260.097176,0.015698,0.010861,0.978068,0.158272,0.114977,9.759936,-0.001221,-0.001439,0.011669,0.037203,-0.632407,-1.191170,100317.0000
1764075391485251456,2025-11-25 18:26:31.482,0.458422,1.111104,260.052116,0.016790,0.010060,0.978611,0.175971,0.100560,9.810371,-0.003205,0.002301,-0.001109,0.040582,-0.628591,-1.192241,100307.0000
1764075391586882011,2025-11-25 18:26:31.583,0.445429,1.089321,260.001671,0.015989,0.008607,0.979303,0.151934,0.049411,9.777078,0.003412,0.001988,0.016201,0.040551,-0.634801,-1.192146,100307.0000
1764075391686270937,2025-11-25 18:26:31.683,0.438376,1.062991,259.955696,0.013477,0.008814,0.978866,0.122510,0.113869,9.804981,-0.000586,0.008292,0.008065,0.040081,-0.631002,-1.193160,100316.0000
1764075391786688770,2025-11-25 18:26:31.783,0.446388,1.050104,259.904457,0.012191,0.008522,0.978701,0.118414,0.054277,9.773084,0.007359,0.000458,0.013754,0.039117,-0.631483,-1.193139,100309.0000
1764075391886310344,2025-11-25 18:26:31.883,0.457403,1.056086,259.850052,0.011901,0.009476,0.978257,0.123572,0.145760,9.806584,-0.002073,-0.001222,0.004366,0.039592,-0.633382,-1.192635,100308.0000
1764075391986639252,2025-11-25 18:26:31.983,0.467373,1.076441,259.798485,0.013257,0.009850,0.977773,0.132725,0.033433,9.769646,0.006114,-0.002299,0.012219,0.038140,-0.632941,-1.194065,100311.0000
1764075392085596011,2025-11-25 18:26:32.082,0.471883,1.094163,259.743759,0.015063,0.010310,0.977640,0.145635,0.177404,9.788371,0.002053,-0.003117,0.008435,0.038658,-0.630012,-1.191228,100314.0000
1764075392186194659,2025-11-25 18:26:32.183,0.473663,1.096512,259.690720,0.016254,0.009816,0.978361,0.167248,0.046019,9.776066,0.000325,0.000790,0.012005,0.035254,-0.632009,-1.194519,100313.0000
1764075392285534529,2025-11-25 18:26:32.282,0.474571,1.083107,259.631950,0.015003,0.010689,0.979125,0.134321,0.192558,9.802100,0.001884,0.005417,0.008198,0.036235,-0.631954,-1.192126,100306.0000
1764075392385255826,2025-11-25 18:26:32.382,0.472107,1.070621,259.577423,0.013428,0.010147,0.979411,0.133756,0.019872,9.783344,-0.001782,-0.000396,0.012162,0.036708,-0.630560,-1.194081,100307.0000
1764075392485399992,2025-11-25 18:26:32.482,0.466237,1.069681,259.518387,0.012367,0.010193,0.978990,0.101558,0.189134,9.794475,-0.002642,-0.000231,0.009103,0.034318,-0.632887,-1.190639,100312.0000
1764075392586095325,2025-11-25 18:26:32.583,0.459501,1.083736,259.458572,0.013167,0.008833,0.978881,0.166932,0.002908,9.778679,0.001860,-0.002251,0.010678,0.033360,-0.629579,-1.192120,100311.0000
1764075392686111455,2025-11-25 18:26:32.682,0.457822,1.098802,259.400352,0.014762,0.009040,0.978305,0.120725,0.181485,9.771783,0.001602,-0.003160,0.007205,0.032874,-0.630536,-1.192098,100309.0000
1764075392786341085,2025-11-25 18:26:32.783,0.464212,1.104463,259.344025,0.015415,0.008663,0.978066,0.176904,0.019126,9.799529,0.001853,0.000686,0.009553,0.032410,-0.627195,-1.192142,100313.0000
1764075392886155455,2025-11-25 18:26:32.883,0.475587,1.097718,259.287018,0.014933,0.010341,0.977883,0.108753,0.206296,9.762012,0.002233,0.003203,0.009871,0.032874,-0.629123,-1.193083,100313.0000
1764075392986238862,2025-11-25 18:26:32.983,0.476663,1.085628,259.227295,0.013979,0.010914,0.978341,0.175697,0.039218,9.795130,0.006863,-0.001995,0.011807,0.027577,-0.629157,-1.193486,100313.0000
1764075393085554029,2025-11-25 18:26:33.083,0.475171,1.075003,259.167206,0.013502,0.011182,0.978694,0.117876,0.192042,9.759441,0.000384,-0.001009,0.010500,0.030951,-0.631012,-1.191581,100307.0000
1764075393186359492,2025-11-25 18:26:33.182,0.461598,1.069675,259.109276,0.013355,0.009793,0.978788,0.180424,0.012582,9.795456,-0.002128,0.000599,0.009107,0.029506,-0.629139,-1.193033,100312.0000
1764075393286144344,2025-11-25 18:26:33.283,0.451670,1.067688,259.050926,0.013381,0.008932,0.978994,0.108957,0.160435,9.766387,-0.000278,0.000127,0.010620,0.029027,-0.628663,-1.193033,100313.0000
1764075393386123362,2025-11-25 18:26:33.383,0.453703,1.072383,258.993126,0.013299,0.008641,0.978990,0.155197,0.022894,9.801416,0.003578,-0.001068,0.003157,0.029015,-0.628693,-1.194477,100309.0000
1764075393486778195,2025-11-25 18:26:33.483,0.461603,1.087588,258.931938,0.013033,0.009471,0.978725,0.090457,0.182326,9.755497,0.003994,-0.003337,0.014330,0.025661,-0.628201,-1.192991,100309.0000
1764075393586173343,2025-11-25 18:26:33.582,0.467342,1.105643,258.871643,0.014431,0.010630,0.978407,0.175816,0.071109,9.812993,0.001181,-0.008159,0.007695,0.026116,-0.632040,-1.193902,100311.0000
1764075393686408806,2025-11-25 18:26:33.683,0.472277,1.114499,258.807137,0.014738,0.011009,0.978099,0.129277,0.149196,9.753810,0.004845,0.003443,0.015021,0.025181,-0.628670,-1.192495,100316.0000
1764075393786402825,2025-11-25 18:26:33.783,0.465926,1.106603,258.747574,0.015136,0.010568,0.978128,0.181850,0.062225,9.810142,-0.002150,0.001837,0.008325,0.024699,-0.628205,-1.192977,100316.0000
1764075393886720102,2025-11-25 18:26:33.883,0.456411,1.091192,258.686943,0.014480,0.009621,0.978256,0.115772,0.126561,9.754386,-0.001778,0.005732,0.015241,0.024199,-0.629670,-1.194392,100313.0000
1764075393986938936,2025-11-25 18:26:33.983,0.452305,1.078321,258.629860,0.013701,0.008801,0.979037,0.161567,0.072324,9.821033,-0.001363,0.002100,0.005904,0.025657,-0.630569,-1.191992,100308.0000
1764075394086799325,2025-11-25 18:26:34.083,0.459011,1.078002,258.567207,0.012440,0.008765,0.979194,0.102102,0.099973,9.768011,0.000869,0.001367,0.013922,0.021821,-0.627252,-1.192467,100309.0000
1764075394186056825,2025-11-25 18:26:34.183,0.464967,1.083001,258.503487,0.012859,0.009729,0.979067,0.158291,0.087611,9.794710,0.000491,-0.000867,0.010949,0.023754,-0.627690,-1.191044,100317.0000
1764075394285303547,2025-11-25 18:26:34.282,0.472480,1.096947,258.438789,0.013389,0.010176,0.977977,0.128533,0.086673,9.743077,0.002654,-0.001930,0.013016,0.020862,-0.627246,-1.191972,100313.0000
1764075394386059232,2025-11-25 18:26:34.382,0.475066,1.107583,258.377251,0.014555,0.010372,0.977814,0.161743,0.116774,9.796201,-0.003238,-0.003769,0.007583,0.020827,-0.629696,-1.194823,100312.0000
1764075394485898917,2025-11-25 18:26:34.483,0.478375,1.105777,258.312187,0.015436,0.009782,0.977756,0.148136,0.073708,9.744396,0.001785,-0.001299,0.015433,0.020850,-0.628222,-1.192920,100312.0000
1764075394586695824,2025-11-25 18:26:34.582,0.475667,1.095569,258.245468,0.015175,0.010354,0.978266,0.136184,0.158299,9.798294,-0.003394,0.001894,0.010388,0.017007,-0.627751,-1.192389,100304.0000
1764075394686842269,2025-11-25 18:26:34.683,0.476047,1.076248,258.176956,0.014690,0.009755,0.978692,0.134002,0.037269,9.783151,0.004756,0.005210,0.015120,0.019898,-0.626783,-1.192446,100312.0000
1764075394785881157,2025-11-25 18:26:34.782,0.472854,1.055493,258.113129,0.013169,0.010538,0.979113,0.116670,0.164741,9.810998,0.002996,0.002650,0.009956,0.016992,-0.630617,-1.192345,100305.0000
1764075394886301991,2025-11-25 18:26:34.883,0.475134,1.047987,258.048157,0.012315,0.009593,0.979003,0.107664,0.026601,9.786601,0.000736,0.001493,0.013184,0.017499,-0.627719,-1.190952,100303.0000
1764075394985893083,2025-11-25 18:26:34.982,0.475166,1.063875,257.980659,0.011404,0.010000,0.978503,0.103243,0.171968,9.788567,0.000783,-0.005028,0.010025,0.016064,-0.627705,-1.189968,100311.0000
1764075395085682880,2025-11-25 18:26:35.082,0.472695,1.095243,257.913574,0.012376,0.009195,0.978142,0.145906,-0.006130,9.772758,0.001216,-0.006500,0.016860,0.015539,-0.628764,-1.194760,100313.0000
1764075395186137602,2025-11-25 18:26:35.183,0.477014,1.132055,257.841156,0.014404,0.010009,0.977886,0.156589,0.188150,9.793047,0.004674,-0.006968,0.011323,0.014118,-0.624939,-1.194316,100301.0000
1764075395286353453,2025-11-25 18:26:35.283,0.481596,1.150605,257.765556,0.016302,0.010051,0.977969,0.181794,0.003636,9.778516,-0.000199,0.001319,0.016863,0.013181,-0.625350,-1.190924,100310.0000
1764075395385376676,2025-11-25 18:26:35.382,0.479841,1.137000,257.693535,0.017020,0.010630,0.978672,0.142732,0.185367,9.791553,0.003566,0.007023,0.011531,0.011703,-0.625448,-1.195235,100302.0000
1764075395485502602,2025-11-25 18:26:35.482,0.485862,1.100022,257.624695,0.016113,0.009719,0.979094,0.167682,0.018145,9.783475,-0.000243,0.005477,0.012378,0.013151,-0.625899,-1.194287,100311.0000
1764075395586116787,2025-11-25 18:26:35.583,0.486805,1.055789,257.554131,0.013830,0.010150,0.979211,0.092277,0.201171,9.792117,-0.000510,0.009187,0.012376,0.011243,-0.627279,-1.191348,100307.0000
1764075395686408472,2025-11-25 18:26:35.683,0.484485,1.028649,257.479538,0.011686,0.009753,0.978675,0.129854,0.031810,9.779290,0.002931,0.004685,0.015030,0.009812,-0.623953,-1.191859,100307.0000
1764075395785356601,2025-11-25 18:26:35.782,0.481841,1.027674,257.403526,0.010429,0.010429,0.977945,0.078978,0.194437,9.758088,-0.004777,-0.003252,0.013120,0.011231,-0.627310,-1.192792,100311.0000
1764075395886632972,2025-11-25 18:26:35.883,0.478818,1.057066,257.325798,0.011552,0.010385,0.977930,0.160175,0.008146,9.781265,0.003717,-0.009968,0.012851,0.009334,-0.622532,-1.192356,100316.0000
1764075395986550286,2025-11-25 18:26:35.983,0.468643,1.101092,257.246483,0.013113,0.010579,0.978125,0.106320,0.182862,9.774896,-0.001830,-0.006120,0.016706,0.006914,-0.626354,-1.191780,100311.0000
1764075396085397749,2025-11-25 18:26:36.082,0.458261,1.136079,257.169556,0.015306,0.009685,0.978766,0.190898,0.003343,9.814775,0.001060,-0.007060,0.012958,0.003090,-0.623474,-1.190323,100306.0000
1764075396186360897,2025-11-25 18:26:36.182,0.458930,1.150440,257.091438,0.016417,0.009288,0.979252,0.155975,0.175552,9.779701,-0.000210,0.002328,0.014844,0.006913,-0.624941,-1.192765,100316.0000
1764075396285710212,2025-11-25 18:26:36.283,0.464971,1.137596,257.014191,0.016489,0.008901,0.979349,0.183887,0.014246,9.823191,0.005169,-0.000261,0.013108,0.003074,-0.624460,-1.191753,100310.0000
1764075396385292675,2025-11-25 18:26:36.382,0.479272,1.104204,256.933266,0.015448,0.009597,0.978539,0.116190,0.159262,9.748343,0.003680,0.008047,0.018123,0.005001,-0.625387,-1.190803,100305.0000
1764075396485563434,2025-11-25 18:26:36.483,0.494689,1.070536,256.849678,0.013831,0.010652,0.977906,0.140177,0.058738,9.800896,0.002119,0.004841,0.007445,0.001159,-0.622558,-1.191753,100304.0000
1764075396588648619,2025-11-25 18:26:36.583,0.499479,1.046954,256.763268,0.011999,0.011131,0.977380,0.110549,0.157947,9.743371,0.004753,0.003368,0.016613,0.003565,-0.623960,-1.190804,100311.0000
1764075396686331230,2025-11-25 18:26:36.683,0.495765,1.041895,256.681778,0.011070,0.011249,0.978397,0.134863,0.085216,9.823198,0.001749,-0.000975,0.011441,0.001132,-0.626400,-1.192657,100311.0000
1764075396786352045,2025-11-25 18:26:36.783,0.484502,1.065040,256.600380,0.011146,0.010194,0.978770,0.115407,0.129353,9.763588,-0.005305,-0.003904,0.018931,-0.001262,-0.624022,-1.192659,100313.0000
1764075396886206193,2025-11-25 18:26:36.883,0.470405,1.102751,256.515259,0.012995,0.009992,0.979132,0.169792,0.094848,9.817410,0.003854,-0.006077,0.010685,0.000667,-0.623058,-1.192701,100304.0000
1764075396986310841,2025-11-25 18:26:36.983,0.457005,1.138789,256.431183,0.014728,0.009240,0.978917,0.142526,0.076171,9.763777,-0.004283,-0.003485,0.019180,-0.005571,-0.622101,-1.191179,100309.0000
1764075397085996175,2025-11-25 18:26:37.083,0.454465,1.156241,256.347008,0.015896,0.009365,0.978352,0.170180,0.104417,9.797112,-0.000336,-0.002768,0.010736,-0.003653,-0.621167,-1.192667,100310.0000
1764075397186204971,2025-11-25 18:26:37.183,0.457361,1.153776,256.262108,0.016473,0.009314,0.978055,0.155597,0.057139,9.745724,0.003669,0.003461,0.015680,-0.005099,-0.621651,-1.192638,100317.0000
1764075397285615563,2025-11-25 18:26:37.282,0.465878,1.129869,256.174911,0.015712,0.009938,0.978699,0.169550,0.143967,9.825931,0.003446,0.008631,0.014282,-0.007981,-0.622122,-1.191625,100311.0000
1764075397385251637,2025-11-25 18:26:37.382,0.475633,1.105435,256.084541,0.014146,0.009684,0.979015,0.118070,0.061838,9.770961,0.004805,0.005108,0.019341,-0.009912,-0.621206,-1.193056,100318.0000
1764075397485556026,2025-11-25 18:26:37.482,0.482898,1.077062,255.993164,0.013400,0.009521,0.979240,0.124537,0.160302,9.795395,-0.000429,0.003777,0.014245,-0.008450,-0.619736,-1.191655,100311.0000
1764075397586521656,2025-11-25 18:26:37.583,0.491444,1.062153,255.902443,0.012607,0.009594,0.978755,0.152830,0.039294,9.776170,0.005208,0.000555,0.020727,-0.009402,-0.620654,-1.189700,100313.0000
1764075397686121859,2025-11-25 18:26:37.683,0.500575,1.068858,255.814491,0.011923,0.010912,0.978090,0.113356,0.173169,9.781940,-0.000774,-0.000414,0.009619,-0.012301,-0.619285,-1.192087,100311.0000
1764075397785420748,2025-11-25 18:26:37.782,0.493863,1.090572,255.727951,0.012553,0.011064,0.978049,0.135675,0.035387,9.765503,0.006491,-0.005390,0.016540,-0.009898,-0.618339,-1.193099,100306.0000
1764075397885649952,2025-11-25 18:26:37.883,0.484194,1.116852,255.639351,0.013993,0.010801,0.978055,0.124050,0.176663,9.787368,-0.000901,-0.003495,0.014439,-0.010877,-0.621687,-1.193034,100309.0000
1764075397985886193,2025-11-25 18:26:37.983,0.470506,1.136367,255.548248,0.015006,0.009800,0.978772,0.174789,-0.002196,9.782193,-0.001631,-0.000327,0.015482,-0.014734,-0.621725,-1.193940,100311.0000
1764075398085484007,2025-11-25 18:26:38.082,0.460108,1.143470,255.453369,0.015392,0.009807,0.979294,0.116887,0.191773,9.794718,0.002773,-0.001041,0.016596,-0.013760,-0.621690,-1.192510,100303.0000
1764075398185257192,2025-11-25 18:26:38.182,0.450295,1.134745,255.359161,0.015528,0.008530,0.979609,0.179340,0.003673,9.790359,-0.006046,0.000690,0.016474,-0.016640,-0.618858,-1.193474,100303.0000
1764075398286240081,2025-11-25 18:26:38.283,0.456676,1.120712,255.259705,0.014958,0.009100,0.979201,0.124929,0.161952,9.785672,0.004958,0.001733,0.018143,-0.018066,-0.618346,-1.191535,100314.0000
1764075398385522192,2025-11-25 18:26:38.382,0.465651,1.102531,255.164642,0.014403,0.009001,0.978148,0.174011,0.004497,9.794168,0.003208,0.005574,0.017428,-0.018538,-0.618795,-1.190076,100304.0000
1764075398485438581,2025-11-25 18:26:38.482,0.472362,1.088572,255.068565,0.013080,0.010313,0.977424,0.099480,0.212939,9.773954,0.001193,0.002749,0.016701,-0.021912,-0.619298,-1.190500,100316.0000
1764075398586349174,2025-11-25 18:26:38.583,0.482131,1.089870,254.972191,0.012093,0.010548,0.977644,0.142672,0.003549,9.791561,0.003067,-0.003367,0.016391,-0.021424,-0.617863,-1.190529,100308.0000
1764075398685893729,2025-11-25 18:26:38.682,0.483301,1.103079,254.874359,0.012500,0.010870,0.977840,0.094900,0.186875,9.774285,-0.003865,-0.002058,0.021203,-0.020982,-0.622678,-1.192389,100310.0000
1764075398785836785,2025-11-25 18:26:38.783,0.478470,1.121180,254.774574,0.013388,0.009740,0.978623,0.187775,0.027381,9.805911,0.001401,-0.002011,0.015697,-0.023831,-0.618818,-1.189998,100307.0000
1764075398886433803,2025-11-25 18:26:38.883,0.476710,1.137897,254.673515,0.014413,0.009992,0.978976,0.115730,0.169091,9.776635,0.000929,-0.001144,0.018561,-0.026729,-0.616504,-1.192880,100312.0000
1764075398986746692,2025-11-25 18:26:38.983,0.472972,1.139879,254.573418,0.015131,0.009869,0.979578,0.173846,0.027317,9.824994,-0.001463,-0.001319,0.016489,-0.025751,-0.616459,-1.190969,100311.0000
1764075399086225451,2025-11-25 18:26:39.083,0.465135,1.138214,254.472649,0.014652,0.009947,0.979145,0.087939,0.162701,9.762856,0.001429,0.002189,0.017299,-0.027660,-0.612657,-1.191480,100311.0000
1764075399185567970,2025-11-25 18:26:39.183,0.465677,1.130465,254.375702,0.015167,0.009768,0.979165,0.169879,0.021181,9.807325,-0.000154,0.003252,0.012536,-0.028141,-0.616429,-1.189008,100314.0000
1764075399285653877,2025-11-25 18:26:39.282,0.469332,1.120778,254.276588,0.014101,0.009933,0.978569,0.101607,0.151932,9.745569,0.002233,0.001218,0.017642,-0.030098,-0.616052,-1.193319,100312.0000
1764075399386069025,2025-11-25 18:26:39.383,0.472833,1.110381,254.180191,0.013828,0.010171,0.978333,0.174699,0.048278,9.806820,0.000598,-0.001663,0.015200,-0.029580,-0.613122,-1.190482,100314.0000
1764075399485353173,2025-11-25 18:26:39.482,0.477094,1.103346,254.080673,0.013013,0.010095,0.978044,0.092411,0.154587,9.752509,0.005156,0.001075,0.022498,-0.032478,-0.614579,-1.190898,100309.0000
1764075399586183877,2025-11-25 18:26:39.582,0.476008,1.100999,253.980446,0.012308,0.010138,0.978023,0.160267,0.054859,9.803508,-0.004949,0.001005,0.011127,-0.032003,-0.613652,-1.192364,100310.0000
1764075399686214803,2025-11-25 18:26:39.683,0.469240,1.105199,253.883354,0.013136,0.010089,0.978091,0.118434,0.150215,9.756039,0.005217,-0.004767,0.019608,-0.033935,-0.613681,-1.193298,100307.0000
1764075399785603636,2025-11-25 18:26:39.782,0.460770,1.121144,253.786217,0.013666,0.009719,0.978279,0.153202,0.062786,9.805241,-0.001526,-0.001810,0.012302,-0.033919,-0.615053,-1.190388,100318.0000
1764075399886196654,2025-11-25 18:26:39.883,0.464123,1.137417,253.691422,0.013852,0.009329,0.978854,0.132277,0.102091,9.761039,0.004186,-0.005108,0.021472,-0.035834,-0.612206,-1.190885,100305.0000
1764075399986304358,2025-11-25 18:26:39.983,0.472791,1.147939,253.596298,0.014548,0.009365,0.978930,0.166190,0.103681,9.818322,0.005255,-0.003172,0.013727,-0.037776,-0.612733,-1.192775,100307.0000
1764075400085912951,2025-11-25 18:26:40.083,0.485069,1.149866,253.495110,0.014995,0.009589,0.978810,0.131682,0.100687,9.760173,0.009161,0.002781,0.023617,-0.038736,-0.614617,-1.191287,100308.0000
1764075400186133247,2025-11-25 18:26:40.183,0.495884,1.139327,253.393234,0.014950,0.010532,0.978687,0.163293,0.134383,9.808073,0.003460,0.002582,0.014159,-0.039671,-0.612192,-1.189384,100309.0000
1764075400285255710,2025-11-25 18:26:40.282,0.495084,1.121401,253.296196,0.014215,0.010953,0.978153,0.126779,0.108046,9.753147,0.001259,0.003308,0.018874,-0.040155,-0.612672,-1.189370,100311.0000
1764075400385369673,2025-11-25 18:26:40.382,0.491322,1.107280,253.196915,0.013103,0.010982,0.978044,0.135237,0.130146,9.806707,0.003119,-0.000408,0.014486,-0.043529,-0.610817,-1.191275,100303.0000
1764075400486346191,2025-11-25 18:26:40.483,0.479845,1.102909,253.102097,0.012771,0.010193,0.978437,0.125395,0.065194,9.763310,-0.002152,0.001994,0.021957,-0.041625,-0.612750,-1.192718,100310.0000
1764075400586087580,2025-11-25 18:26:40.582,0.467639,1.111328,253.006783,0.012819,0.010051,0.978669,0.121439,0.160575,9.810852,-0.001339,-0.002157,0.013636,-0.046427,-0.612273,-1.191691,100305.0000
1764075400685420395,2025-11-25 18:26:40.682,0.461788,1.120384,252.908112,0.013548,0.009465,0.978786,0.157696,0.038457,9.773362,-0.000798,-0.002125,0.018723,-0.044500,-0.611787,-1.191727,100305.0000
1764075400785272172,2025-11-25 18:26:40.782,0.460456,1.127376,252.807915,0.014082,0.010057,0.978595,0.132811,0.159966,9.798933,-0.000225,-0.000613,0.012817,-0.044012,-0.613655,-1.189779,100309.0000
1764075400885481969,2025-11-25 18:26:40.882,0.462342,1.138316,252.712181,0.014393,0.009829,0.977976,0.093762,0.031051,9.688228,-0.000586,-0.011272,0.015285,-0.047377,-0.609889,-1.191714,100309.0000
1764075400985273339,2025-11-25 18:26:40.982,0.453617,1.255427,252.659515,0.014843,0.012596,0.976285,0.030284,0.331863,9.737054,-0.001637,-0.027737,0.003723,-0.048821,-0.609896,-1.191692,100312.0000
1764075401085457635,2025-11-25 18:26:41.082,0.446254,1.530166,252.625435,0.022110,0.008666,0.974942,0.311477,-0.202878,9.754530,-0.001588,-0.065391,0.005635,-0.051679,-0.608893,-1.188776,100311.0000
1764075401185832691,2025-11-25 18:26:41.182,0.455157,2.045625,252.610847,0.040757,0.008886,0.973670,0.624568,0.461493,9.723653,0.009572,-0.112353,0.002394,-0.056947,-0.608377,-1.185817,100307.0000
1764075401285776709,2025-11-25 18:26:41.283,0.466420,2.817891,252.653641,0.073086,0.011080,0.973511,1.063696,0.181849,9.566442,0.004512,-0.152057,-0.012061,-0.063698,-0.610806,-1.186162,100311.0000
1764075401386385561,2025-11-25 18:26:41.383,0.492351,3.720661,252.716454,0.117224,0.009424,0.974702,1.950000,0.852547,9.995347,0.009357,-0.151852,-0.003830,-0.069919,-0.611688,-1.181241,100307.0000
1764075401486484191,2025-11-25 18:26:41.482,0.511588,4.470321,252.779404,0.157316,0.011816,0.976460,1.979974,-0.205953,9.806399,0.003766,-0.095386,-0.002697,-0.077593,-0.612128,-1.177750,100309.0000
1764075401585593339,2025-11-25 18:26:41.582,0.516614,4.792512,252.857544,0.181064,0.013157,0.974087,1.914797,0.324857,9.734775,0.002121,-0.008121,-0.009969,-0.081435,-0.612125,-1.176731,100309.0000
1764075401685976264,2025-11-25 18:26:41.683,0.503410,4.629715,252.971581,0.177767,0.012944,0.971395,1.520920,-0.173386,9.642503,-0.009328,0.062181,-0.019495,-0.077581,-0.611153,-1.176802,100299.0000
1764075401785516542,2025-11-25 18:26:41.782,0.476620,4.154927,253.087822,0.156768,0.012406,0.969078,1.516337,0.138745,9.864723,-0.002471,0.094003,-0.023128,-0.070858,-0.613043,-1.177354,100309.0000
1764075401886190783,2025-11-25 18:26:41.883,0.445024,3.658499,253.204819,0.127525,0.011950,0.967460,1.125286,0.241353,9.499160,-0.014583,0.068862,-0.029320,-0.067507,-0.610244,-1.181299,100307.0000
1764075401986031542,2025-11-25 18:26:41.982,0.429545,3.391742,253.304909,0.102754,0.008751,0.969863,1.149569,0.664733,9.661335,0.001081,0.019531,-0.010496,-0.061755,-0.613104,-1.182303,100305.0000
1764075402085444838,2025-11-25 18:26:42.082,0.425391,3.448691,253.411446,0.094923,0.009732,0.971464,1.105734,0.547011,9.799850,-0.007620,-0.033792,-0.027859,-0.060802,-0.612653,-1.183768,100309.0000
1764075402185540542,2025-11-25 18:26:42.182,0.439654,3.812065,253.510201,0.099188,0.007366,0.972945,0.553632,0.133058,9.519640,0.004508,-0.088933,-0.012364,-0.064158,-0.614050,-1.181290,100311.0000
1764075402285347560,2025-11-25 18:26:42.282,0.470711,4.315975,253.591423,0.125274,0.009709,0.976077,2.193613,0.404135,9.814395,0.006785,-0.068287,-0.011302,-0.067523,-0.615000,-1.180263,100311.0000
1764075402386522468,2025-11-25 18:26:42.383,0.499461,4.565755,253.659050,0.135399,0.010150,0.975403,1.533959,0.129179,9.614291,0.005305,0.008023,-0.015384,-0.070894,-0.616438,-1.179710,100313.0000
1764075402486023394,2025-11-25 18:26:42.483,0.514531,4.329910,253.708519,0.126587,0.012790,0.973739,1.016803,-0.638792,9.549284,0.000544,0.069234,-0.006990,-0.066084,-0.615949,-1.180270,100310.0000
1764075402586699912,2025-11-25 18:26:42.582,0.522079,3.705582,253.742882,0.104575,0.014567,0.976301,1.043000,0.248963,9.882409,0.000865,0.121850,-0.002865,-0.060295,-0.614470,-1.179414,100314.0000
1764075402685386801,2025-11-25 18:26:42.682,0.520623,2.972037,253.730011,0.066723,0.011014,0.978785,0.338746,-0.226358,9.699835,0.002820,0.122587,0.000843,-0.054058,-0.614960,-1.181425,100307.0000
1764075402785300449,2025-11-25 18:26:42.782,0.519022,2.444402,253.658409,0.029072,0.014182,0.979412,0.437058,0.175543,9.723691,-0.002889,0.073863,0.012698,-0.048801,-0.613615,-1.186820,100311.0000
1764075402886132893,2025-11-25 18:26:42.883,0.519352,2.277854,253.539101,0.011877,0.013099,0.978411,-0.017599,0.000162,9.747836,0.004478,-0.000494,0.034891,-0.048307,-0.612638,-1.185879,100314.0000
1764075402985298653,2025-11-25 18:26:42.982,0.527320,2.432313,253.373337,0.018195,0.013887,0.977514,0.243206,0.506575,9.769984,0.002643,-0.046221,0.037420,-0.053111,-0.612639,-1.184845,100309.0000
1764075403085468134,2025-11-25 18:26:43.082,0.536440,2.740379,253.160599,0.038937,0.014996,0.976549,0.414053,-0.181911,9.701720,0.013802,-0.054890,0.034384,-0.058894,-0.614575,-1.184731,100307.0000
1764075403186090134,2025-11-25 18:26:43.183,0.537303,2.987863,252.904495,0.058031,0.016777,0.977661,0.600186,0.497563,9.675300,0.000850,-0.028250,0.057137,-0.062707,-0.611198,-1.182318,100310.0000
1764075403286126708,2025-11-25 18:26:43.283,0.533618,3.037145,252.623657,0.067456,0.017702,0.976472,0.365024,-0.150731,9.708565,-0.000461,0.013300,0.050657,-0.068489,-0.611244,-1.183196,100314.0000
1764075403385447689,2025-11-25 18:26:43.383,0.529563,2.894319,252.300461,0.062510,0.015671,0.979148,0.251207,0.172994,9.884597,0.011109,0.035080,0.073315,-0.072330,-0.608884,-1.183656,100310.0000
1764075403485377800,2025-11-25 18:26:43.483,0.523757,2.657433,251.952026,0.050532,0.019073,0.978077,0.252120,0.628654,9.609746,0.005796,0.040658,0.062426,-0.072309,-0.606942,-1.182241,100308.0000
1764075403585365911,2025-11-25 18:26:43.582,0.531309,2.453540,251.568787,0.038273,0.017752,0.978698,0.471178,0.126209,9.926335,0.010667,0.031066,0.073825,-0.076186,-0.607976,-1.185058,100307.0000
1764075403685375023,2025-11-25 18:26:43.682,0.545080,2.366836,251.169182,0.028481,0.019864,0.976946,0.197984,0.147608,9.976553,0.001990,-0.003483,0.070275,-0.078115,-0.605637,-1.186992,100305.0000
1764075403785697819,2025-11-25 18:26:43.783,0.554293,2.422644,250.739403,0.027502,0.022616,0.976134,-0.059705,0.305415,9.663726,0.005076,-0.026309,0.086496,-0.084342,-0.603236,-1.185011,100309.0000
1764075403885521115,2025-11-25 18:26:43.882,0.554337,2.579942,250.267212,0.037898,0.020185,0.978817,1.271758,0.009882,10.031217,0.005251,-0.027515,0.083489,-0.093454,-0.600370,-1.182994,100320.0000
1764075403985285985,2025-11-25 18:26:43.982,0.531602,2.757082,249.736488,0.040422,0.022488,0.975133,0.079545,-0.093585,9.625289,0.003608,-0.027571,0.092504,-0.100165,-0.598449,-1.180998,100305.0000
1764075404085718578,2025-11-25 18:26:44.082,0.510915,2.869607,249.177818,0.048082,0.022544,0.975607,0.171524,0.387276,9.524117,0.004251,-0.011858,0.089618,-0.110251,-0.595618,-1.180411,100322.0000
1764075404185555393,2025-11-25 18:26:44.183,0.499590,2.895534,248.602524,0.048165,0.022749,0.974951,-0.119458,0.421427,9.557985,0.002442,-0.010728,0.103449,-0.115513,-0.589432,-1.180429,100310.0000
1764075404285724152,2025-11-25 18:26:44.283,0.494334,2.859526,248.010277,0.047878,0.021105,0.978585,0.989677,0.205569,9.988709,0.003578,0.002022,0.106850,-0.123210,-0.587576,-1.181306,100316.0000
1764075404385183633,2025-11-25 18:26:44.382,0.492426,2.810302,247.386108,0.046702,0.022132,0.978884,0.203946,0.624481,9.648743,0.008061,0.013526,0.112797,-0.130444,-0.585769,-1.184598,100319.0000
1764075404485310615,2025-11-25 18:26:44.482,0.492716,2.811604,246.738380,0.035418,0.024909,0.976410,0.180160,0.378715,9.617234,0.005154,-0.005566,0.108667,-0.136644,-0.582352,-1.179744,100309.0000
1764075404585830096,2025-11-25 18:26:44.582,0.491599,2.886218,246.098694,0.038799,0.021708,0.977804,-0.005395,-0.197621,9.818721,0.006426,-0.013506,0.106191,-0.146280,-0.581958,-1.181534,100309.0000
1764075404685550003,2025-11-25 18:26:44.682,0.496077,3.004208,245.469727,0.045637,0.023404,0.976246,1.425951,0.195039,10.032884,0.011960,-0.025895,0.112915,-0.155872,-0.577204,-1.180502,100309.0000
1764075404785423392,2025-11-25 18:26:44.783,0.506461,3.116527,244.827698,0.053910,0.025614,0.978919,1.253893,0.293898,9.797814,0.004897,-0.015148,0.113372,-0.164513,-0.573422,-1.180433,100307.0000
1764075404885443411,2025-11-25 18:26:44.882,0.510654,3.164147,244.176407,0.052995,0.023332,0.978905,-0.677156,0.226820,9.320406,0.015711,0.007245,0.115736,-0.171224,-0.571500,-1.178437,100305.0000
1764075404986203281,2025-11-25 18:26:44.983,0.505133,3.147225,243.524620,0.054718,0.025608,0.976715,0.449173,0.439450,10.084304,-0.000338,-0.002974,0.115301,-0.177922,-0.565300,-1.177470,100306.0000
1764075405085479448,2025-11-25 18:26:45.082,0.493308,3.088320,242.900528,0.053954,0.025151,0.976564,0.796726,0.080733,9.700620,0.002218,0.021100,0.102638,-0.189460,-0.561084,-1.178810,100317.0000
1764075405185508096,2025-11-25 18:26:45.182,0.475715,3.025601,242.298698,0.047340,0.023276,0.978103,1.594736,0.146025,10.095630,0.004537,0.005156,0.101369,-0.193297,-0.557300,-1.179774,100306.0000
1764075405286075744,2025-11-25 18:26:45.283,0.464007,2.974258,241.698380,0.047458,0.020717,0.978460,0.501326,0.011210,9.485128,0.004089,0.009022,0.121076,-0.200973,-0.553503,-1.179237,100307.0000
1764075405386017651,2025-11-25 18:26:45.383,0.465538,2.961108,241.083961,0.039884,0.021909,0.975117,-0.841368,0.272646,9.206900,0.009148,-0.004517,0.100254,-0.206235,-0.549675,-1.177773,100313.0000
1764075405487258355,2025-11-25 18:26:45.483,0.475379,2.977736,240.472496,0.045064,0.022703,0.977241,0.553747,0.306185,10.341576,0.006711,-0.009397,0.099747,-0.212482,-0.543554,-1.180664,100308.0000
1764075405586152095,2025-11-25 18:26:45.582,0.486117,3.009085,239.882462,0.051226,0.022386,0.978973,0.436768,0.175530,10.301882,0.010870,-0.001621,0.108014,-0.221122,-0.544010,-1.177641,100310.0000
1764075405685568725,2025-11-25 18:26:45.682,0.490178,3.051397,239.304283,0.046911,0.022916,0.976039,-0.112327,0.488589,9.443292,-0.003143,-0.008477,0.115775,-0.227358,-0.537859,-1.179088,100314.0000
1764075405786268299,2025-11-25 18:26:45.783,0.485642,3.088615,238.741707,0.048753,0.021928,0.977293,0.379581,0.333028,9.570618,0.008066,-0.006879,0.090794,-0.232634,-0.536897,-1.177580,100305.0000
1764075405885896373,2025-11-25 18:26:45.882,0.471397,3.094296,238.190216,0.051435,0.022712,0.979398,1.111338,0.063866,9.703505,0.004054,0.013874,0.091621,-0.240767,-0.530683,-1.175629,100310.0000
1764075405985413021,2025-11-25 18:26:45.982,0.450654,3.066440,237.659454,0.052189,0.023126,0.978687,1.367122,0.221772,9.903179,0.008542,0.017090,0.076705,-0.243616,-0.525411,-1.174222,100320.0000
1764075406085696466,2025-11-25 18:26:46.083,0.433757,3.015808,237.144279,0.045854,0.017773,0.976684,1.634500,0.125344,10.096283,0.006293,0.001252,0.102327,-0.252745,-0.522118,-1.174620,100318.0000
1764075406187115095,2025-11-25 18:26:46.183,0.427773,2.966787,236.625526,0.048044,0.019428,0.977349,1.084366,0.259031,9.858567,0.005131,0.004851,0.096033,-0.255640,-0.520739,-1.176525,100314.0000
1764075406286316373,2025-11-25 18:26:46.283,0.430416,2.976463,236.119423,0.036183,0.020550,0.973750,-0.326785,0.329321,9.275032,0.002629,-0.020742,0.089492,-0.259959,-0.516957,-1.177482,100316.0000
1764075406385380743,2025-11-25 18:26:46.382,0.430433,3.035764,235.619370,0.048385,0.019078,0.979726,0.349130,0.268919,9.896588,0.007236,-0.008914,0.087745,-0.266636,-0.511174,-1.173619,100309.0000
1764075406485904817,2025-11-25 18:26:46.482,0.436396,3.095775,235.104050,0.050844,0.018538,0.977690,-0.458555,0.071827,9.641830,0.012929,0.006947,0.087452,-0.273361,-0.507403,-1.174541,100308.0000
1764075406585569854,2025-11-25 18:26:46.582,0.450397,3.122982,234.607452,0.046938,0.023257,0.975939,0.311074,0.503296,10.220269,-0.000362,-0.013706,0.083132,-0.278142,-0.502160,-1.174069,100308.0000
1764075406686652076,2025-11-25 18:26:46.682,0.468192,3.118682,234.134132,0.052838,0.019517,0.977602,0.269842,0.486003,9.512040,0.007974,0.005102,0.092904,-0.285833,-0.502174,-1.172993,100305.0000
1764075406785690113,2025-11-25 18:26:46.782,0.467123,3.109900,233.658234,0.045082,0.020796,0.976690,0.569368,0.334585,9.534704,0.013177,-0.003777,0.079409,-0.288708,-0.498386,-1.173971,100305.0000
1764075406886729021,2025-11-25 18:26:46.883,0.452259,3.106746,233.169655,0.049179,0.020190,0.978207,1.111171,-0.038317,9.807768,-0.000068,0.011158,0.080414,-0.294940,-0.492225,-1.174937,100309.0000
1764075406987027298,2025-11-25 18:26:46.983,0.436112,3.105476,232.686241,0.042832,0.019642,0.977127,1.107263,0.376260,9.575513,0.001637,-0.013244,0.088438,-0.299724,-0.491230,-1.171992,100305.0000
1764075407085421058,2025-11-25 18:26:47.082,0.417330,3.110736,232.220741,0.048092,0.019215,0.978411,0.269212,0.349637,9.535352,0.003296,0.003879,0.086265,-0.301134,-0.483137,-1.173058,100311.0000
1764075407186474428,2025-11-25 18:26:47.182,0.402621,3.112098,231.786499,0.049244,0.017885,0.977278,-0.121930,-0.011099,10.053666,0.010883,0.007722,0.073715,-0.308809,-0.480752,-1.171537,100308.0000
1764075407286417483,2025-11-25 18:26:47.283,0.405216,3.130227,231.374405,0.045726,0.017672,0.974584,0.436272,0.163138,9.905669,0.001978,-0.019808,0.076176,-0.311712,-0.479393,-1.174404,100315.0000
1764075407386399743,2025-11-25 18:26:47.383,0.410383,3.173981,231.001160,0.052737,0.018816,0.979597,1.240879,0.473139,9.866106,0.012745,-0.000192,0.060157,-0.315535,-0.478872,-1.171466,100308.0000
1764075407487554076,2025-11-25 18:26:47.483,0.411114,3.218988,230.659180,0.047868,0.020238,0.976385,0.429036,0.583225,9.256149,-0.002294,-0.011887,0.057187,-0.320788,-0.470775,-1.171512,100305.0000
1764075407586444909,2025-11-25 18:26:47.583,0.414836,3.246023,230.329407,0.057929,0.015880,0.978310,0.256574,-0.434715,9.810000,0.000773,0.009269,0.048469,-0.326556,-0.468900,-1.171938,100298.0000
1764075407685490594,2025-11-25 18:26:47.682,0.406998,3.212344,230.011078,0.053566,0.013292,0.977292,0.260307,-0.187193,9.968843,0.010242,0.018156,0.066152,-0.325580,-0.468388,-1.170515,100301.0000
1764075407785238872,2025-11-25 18:26:47.782,0.399973,3.138083,229.719116,0.046368,0.018810,0.974918,0.253901,1.004260,9.492276,0.004052,0.003533,0.056194,-0.329895,-0.463183,-1.171976,100312.0000
1764075407885535594,2025-11-25 18:26:47.882,0.397749,3.068946,229.465118,0.050441,0.016336,0.977025,0.618922,0.192453,9.850849,-0.006408,0.006866,0.030205,-0.332805,-0.460900,-1.176302,100309.0000
1764075407985602224,2025-11-25 18:26:47.982,0.401906,3.029052,229.210663,0.042692,0.011184,0.978642,0.381304,0.447175,9.758310,-0.001073,0.003183,0.048010,-0.332306,-0.460379,-1.174391,100301.0000
1764075408085809520,2025-11-25 18:26:48.083,0.407100,3.054002,228.960129,0.039953,0.016618,0.975864,-0.460215,0.185832,9.366193,0.000531,-0.014380,0.035301,-0.336131,-0.457032,-1.173423,100314.0000
1764075408186227483,2025-11-25 18:26:48.182,0.409779,3.137807,228.722702,0.047206,0.014628,0.977982,1.254584,-0.024218,10.103905,-0.000354,-0.028647,0.038270,-0.339509,-0.457545,-1.174328,100302.0000
1764075408286005316,2025-11-25 18:26:48.283,0.408802,3.202618,228.516937,0.054059,0.015392,0.978376,0.631133,-0.212852,9.991900,0.002047,-0.002877,0.034705,-0.340440,-0.455110,-1.171944,100302.0000
1764075408386038038,2025-11-25 18:26:48.383,0.408296,3.260599,228.320099,0.052269,0.015537,0.976807,0.550304,-0.015506,9.748514,-0.005041,0.008689,0.034330,-0.345227,-0.453181,-1.169976,100307.0000
1764075408486802112,2025-11-25 18:26:48.483,0.396520,3.266220,228.132462,0.048970,0.013596,0.976104,-0.507711,0.049124,9.212967,0.003902,-0.008601,0.044704,-0.346670,-0.453187,-1.169955,100316.0000
1764075408586220149,2025-11-25 18:26:48.583,0.398636,3.227740,227.966095,0.056594,0.011703,0.978342,1.351207,-0.004979,10.107074,-0.001875,-0.002212,0.032935,-0.345724,-0.449453,-1.174360,100307.0000
1764075408686546168,2025-11-25 18:26:48.683,0.419697,3.151304,227.832642,0.055209,0.014272,0.979935,0.754927,0.111126,9.947143,0.006932,0.022590,0.015809,-0.348099,-0.447969,-1.171458,100307.0000
1764075408786441094,2025-11-25 18:26:48.783,0.429067,3.063781,227.725662,0.042503,0.014767,0.976725,-0.264791,0.357582,9.344917,-0.000721,0.011238,0.017991,-0.348593,-0.447535,-1.173384,100303.0000
1764075408885602075,2025-11-25 18:26:48.882,0.418809,3.007779,227.638596,0.038930,0.011685,0.975810,-0.295560,-0.043508,9.574659,0.001390,-0.003357,0.017840,-0.350020,-0.445610,-1.172429,100311.0000
1764075408986027371,2025-11-25 18:26:48.983,0.387860,2.994999,227.539566,0.043167,0.014015,0.977337,0.664821,0.322381,9.881922,-0.003035,-0.003931,0.019710,-0.347125,-0.445577,-1.171509,100311.0000
1764075409085683519,2025-11-25 18:26:49.082,0.357048,2.990327,227.459137,0.047393,0.010033,0.979317,0.610487,0.152106,9.986676,-0.001159,-0.001315,0.014626,-0.351954,-0.446117,-1.173356,100305.0000
1764075409185702649,2025-11-25 18:26:49.182,0.340489,2.980366,227.420166,0.044733,0.008558,0.977944,0.505389,-0.151051,9.894109,0.003647,0.006259,0.010130,-0.351458,-0.442303,-1.173903,100303.0000
1764075409286224112,2025-11-25 18:26:49.283,0.351519,2.947994,227.401108,0.039473,0.007859,0.976175,0.265311,0.162131,9.620190,0.006136,0.005286,0.006894,-0.349055,-0.443715,-1.173436,100309.0000
1764075409385631797,2025-11-25 18:26:49.382,0.381658,2.896358,227.392593,0.039569,0.009141,0.978357,0.422207,0.316160,9.649827,0.010685,0.009746,0.006034,-0.351926,-0.441330,-1.172948,100313.0000
1764075409486447889,2025-11-25 18:26:49.483,0.403824,2.838985,227.405579,0.040583,0.010525,0.977954,0.614218,0.243967,9.866448,0.000673,0.008348,-0.002476,-0.349557,-0.444714,-1.175340,100308.0000
1764075409587720426,2025-11-25 18:26:49.583,0.406020,2.810818,227.441833,0.039477,0.009926,0.978931,0.249821,-0.087575,9.740113,0.003713,0.006079,-0.004915,-0.349547,-0.444216,-1.174384,100306.0000
1764075409685927278,2025-11-25 18:26:49.683,0.393245,2.802273,227.497955,0.039536,0.009739,0.977444,0.191445,0.018736,9.633537,-0.007114,-0.002420,-0.014146,-0.347144,-0.445628,-1.173916,100314.0000
1764075409786473686,2025-11-25 18:26:49.783,0.373190,2.800828,227.558304,0.040828,0.007033,0.976556,0.782772,0.208935,9.796773,-0.003501,-0.001943,-0.010617,-0.349087,-0.444742,-1.176791,100305.0000
1764075409885430278,2025-11-25 18:26:49.882,0.358349,2.784141,227.616287,0.039903,0.005822,0.977751,0.437685,0.111701,9.890189,-0.007007,0.004598,-0.011286,-0.345710,-0.445174,-1.175389,100315.0000
1764075409985236426,2025-11-25 18:26:49.982,0.360465,2.766595,227.688812,0.036553,0.005189,0.976751,0.155507,-0.188620,9.586287,-0.001530,-0.002642,-0.010135,-0.346676,-0.446601,-1.174872,100316.0000
1764075410086099815,2025-11-25 18:26:50.082,0.369438,2.751374,227.785355,0.039753,0.007303,0.977788,0.581919,0.183968,9.831101,-0.001862,0.002564,-0.021717,-0.343330,-0.448060,-1.176825,100307.0000
1764075410185245908,2025-11-25 18:26:50.182,0.383794,2.722038,227.894882,0.038769,0.006417,0.977716,0.235318,-0.053075,9.665545,-0.000259,0.004332,-0.024952,-0.344772,-0.448534,-1.176315,100304.0000
1764075410286256593,2025-11-25 18:26:50.283,0.387398,2.671807,228.018311,0.039099,0.007684,0.978682,0.569331,0.062739,9.813292,0.010144,0.007952,-0.028884,-0.340453,-0.449958,-1.176838,100318.0000
1764075410385407963,2025-11-25 18:26:50.382,0.383219,2.613557,228.164154,0.032497,0.006617,0.977850,0.096977,0.138371,9.624549,-0.004696,0.003567,-0.029346,-0.340472,-0.450009,-1.179245,100310.0000
1764075410486288278,2025-11-25 18:26:50.482,0.369900,2.596521,228.341827,0.033286,0.005451,0.977634,0.338434,0.042088,9.660078,-0.000212,0.000857,-0.024650,-0.339994,-0.452842,-1.177764,100299.0000
1764075410586190722,2025-11-25 18:26:50.582,0.366385,2.613672,228.526749,0.034423,0.004561,0.978299,0.460495,-0.008544,9.805378,0.002575,-0.005494,-0.033653,-0.338545,-0.453293,-1.176815,100304.0000
1764075410685324852,2025-11-25 18:26:50.682,0.382290,2.640207,228.715408,0.036793,0.005061,0.978606,0.192192,0.143899,9.722320,-0.001596,-0.008823,-0.040292,-0.336156,-0.456626,-1.176800,100307.0000
1764075410785729018,2025-11-25 18:26:50.783,0.391038,2.674008,228.919067,0.039439,0.004360,0.977995,0.378236,-0.241620,9.784197,-0.000999,-0.004558,-0.041079,-0.334238,-0.457105,-1.177302,100312.0000
1764075410885882907,2025-11-25 18:26:50.882,0.397794,2.670456,229.130493,0.041596,0.005211,0.977688,0.422796,-0.070719,9.729206,0.000071,0.000780,-0.038979,-0.330857,-0.458472,-1.174923,100302.0000
1764075410986757759,2025-11-25 18:26:50.983,0.393854,2.644689,229.328232,0.037444,0.003495,0.976492,0.457669,-0.148158,9.762586,0.000030,0.001925,-0.032290,-0.326567,-0.461857,-1.177824,100306.0000
1764075411086504277,2025-11-25 18:26:51.083,0.392209,2.598933,229.526855,0.037608,0.004730,0.977971,0.177321,-0.387978,9.759204,0.002949,0.006736,-0.034424,-0.327533,-0.461872,-1.178291,100309.0000
1764075411186088592,2025-11-25 18:26:51.183,0.392337,2.571796,229.752686,0.034592,0.005580,0.978209,0.414301,0.124331,9.848442,0.003343,0.002621,-0.034761,-0.326094,-0.464233,-1.177313,100304.0000
1764075411286402388,2025-11-25 18:26:51.283,0.399903,2.586698,230.004745,0.033666,0.005221,0.977632,0.125918,-0.037624,9.544030,-0.007193,-0.004033,-0.050907,-0.322742,-0.465204,-1.178792,100304.0000
1764075411386107018,2025-11-25 18:26:51.383,0.415996,2.656002,230.278427,0.034554,0.003926,0.976919,0.420364,-0.007417,9.777546,0.005830,-0.019325,-0.041772,-0.320819,-0.468499,-1.176844,100302.0000
1764075411485850166,2025-11-25 18:26:51.483,0.426900,2.745399,230.570251,0.040609,0.004679,0.977599,0.063693,-0.085210,9.720586,-0.011034,-0.015756,-0.056752,-0.318901,-0.472281,-1.175370,100306.0000
1764075411585944314,2025-11-25 18:26:51.582,0.442347,2.788891,230.862244,0.045762,0.004452,0.978585,0.684714,0.078064,9.827927,-0.006523,-0.006213,-0.046008,-0.316979,-0.474162,-1.174406,100314.0000
1764075411685250518,2025-11-25 18:26:51.682,0.450449,2.760720,231.166458,0.044957,0.005834,0.977502,0.513995,0.182314,9.710090,0.000239,0.006792,-0.049869,-0.311716,-0.477045,-1.176366,100310.0000
1764075411785438499,2025-11-25 18:26:51.782,0.444763,2.702464,231.495148,0.040899,0.005478,0.977669,0.475610,0.022318,9.840650,-0.007110,0.010214,-0.067807,-0.309304,-0.476547,-1.175928,100307.0000
1764075411885663184,2025-11-25 18:26:51.882,0.432323,2.649212,231.836227,0.037470,0.003340,0.976844,0.727011,0.076392,9.926199,-0.004098,0.008255,-0.051000,-0.306469,-0.482327,-1.178771,100303.0000
1764075411985833536,2025-11-25 18:26:51.983,0.433190,2.643047,232.149704,0.031857,-0.000048,0.976177,0.335772,0.047893,9.688438,0.003290,-0.009183,-0.047129,-0.303094,-0.485594,-1.175881,100318.0000
1764075412085466888,2025-11-25 18:26:52.082,0.436576,2.675502,232.457817,0.034590,0.004073,0.978706,0.416294,0.228633,9.746499,0.002876,-0.004203,-0.051680,-0.299766,-0.487572,-1.179753,100307.0000
1764075412185497666,2025-11-25 18:26:52.182,0.437885,2.754760,232.775337,0.036353,0.004545,0.978671,0.599584,0.096734,9.744820,0.000011,-0.019749,-0.064421,-0.296388,-0.490829,-1.176382,100310.0000
1764075412285289666,2025-11-25 18:26:52.282,0.432090,2.852448,233.082848,0.044009,0.001762,0.978646,0.349775,-0.192289,9.686881,-0.004282,-0.011310,-0.035249,-0.295446,-0.494179,-1.176826,100307.0000
1764075412386037369,2025-11-25 18:26:52.383,0.430738,2.905759,233.364342,0.049494,0.003169,0.977667,0.605407,0.328213,9.838519,-0.000116,-0.004495,-0.045635,-0.292081,-0.495586,-1.176372,100310.0000
1764075412485420443,2025-11-25 18:26:52.482,0.435903,2.872628,233.652840,0.050432,0.003890,0.977071,0.403484,0.153426,9.718176,-0.001397,0.008985,-0.051248,-0.288249,-0.498913,-1.176378,100301.0000
1764075412585499406,2025-11-25 18:26:52.582,0.443662,2.806882,233.932327,0.044697,0.004436,0.976285,0.465689,0.237537,9.851912,-0.000823,0.012907,-0.041305,-0.285842,-0.499369,-1.175925,100310.0000
1764075412685289425,2025-11-25 18:26:52.682,0.452514,2.729466,234.210724,0.040772,0.002899,0.977703,0.281247,0.009466,9.717754,0.002976,0.008752,-0.053493,-0.282490,-0.501753,-1.176419,100304.0000
1764075412785547425,2025-11-25 18:26:52.783,0.469773,2.703562,234.454445,0.037610,0.004778,0.978331,0.483851,0.202526,9.867092,-0.000027,-0.005116,-0.042152,-0.278164,-0.500331,-1.177949,100305.0000
1764075412885408943,2025-11-25 18:26:52.882,0.481568,2.718578,234.694183,0.036814,0.006453,0.979093,0.438722,0.252598,9.881495,0.005892,-0.009369,-0.046411,-0.276759,-0.504197,-1.180319,100310.0000
1764075412985278813,2025-11-25 18:26:52.982,0.486304,2.768323,234.950249,0.041274,0.005741,0.978421,0.565313,0.138270,9.942742,-0.002286,-0.016014,-0.041496,-0.274849,-0.508000,-1.179808,100315.0000
1764075413085898480,2025-11-25 18:26:53.083,0.490878,2.830246,235.209778,0.045553,0.006075,0.977722,0.399157,0.011213,9.700275,0.002503,-0.005175,-0.051530,-0.271940,-0.506513,-1.177947,100312.0000
1764075413185658258,2025-11-25 18:26:53.182,0.487690,2.870475,235.467697,0.045129,0.005633,0.976463,0.581966,0.119993,9.831660,0.001131,-0.002373,-0.035964,-0.271969,-0.513190,-1.177363,100312.0000
1764075413286667517,2025-11-25 18:26:53.283,0.487004,2.865902,235.716316,0.045619,0.004978,0.976878,0.355324,-0.093756,9.699621,-0.002198,0.002657,-0.032404,-0.266690,-0.512729,-1.179374,100305.0000
1764075413385863258,2025-11-25 18:26:53.382,0.494074,2.817657,235.939842,0.045887,0.004320,0.978146,0.622073,0.039789,9.880279,0.004500,0.002213,-0.037395,-0.263330,-0.516037,-1.178410,100301.0000
1764075413486199239,2025-11-25 18:26:53.482,0.512559,2.768074,236.148354,0.040761,0.005206,0.978042,0.225576,-0.007576,9.747047,-0.006987,0.004086,-0.040021,-0.262854,-0.516991,-1.178402,100303.0000
1764075413586191146,2025-11-25 18:26:53.582,0.525227,2.736344,236.342690,0.041603,0.007211,0.977645,0.459728,-0.021039,9.706199,0.000148,0.001531,-0.024536,-0.258039,-0.516959,-1.177992,100308.0000
1764075413686411646,2025-11-25 18:26:53.682,0.521043,2.712897,236.505135,0.041384,0.007061,0.978117,0.342057,-0.046366,9.787908,-0.004236,-0.003576,-0.023097,-0.256614,-0.518416,-1.179436,100303.0000
1764075413786276350,2025-11-25 18:26:53.783,0.518997,2.700203,236.632660,0.040365,0.007195,0.978040,0.479094,0.218482,9.757278,-0.000609,-0.002866,-0.019692,-0.257576,-0.519833,-1.178437,100310.0000
1764075413886298257,2025-11-25 18:26:53.883,0.506350,2.722438,236.762733,0.039583,0.007564,0.977779,0.378702,-0.257934,9.713058,-0.001898,-0.006263,-0.020005,-0.254236,-0.523192,-1.179879,100302.0000
1764075413986209590,2025-11-25 18:26:53.983,0.494982,2.757304,236.875824,0.043430,0.007624,0.977202,0.186469,0.076791,9.675441,-0.001370,-0.004285,-0.019241,-0.252302,-0.521273,-1.179937,100305.0000
1764075414086287831,2025-11-25 18:26:54.083,0.504157,2.788003,236.962639,0.042956,0.004432,0.977019,0.515645,0.025653,9.781075,0.006290,-0.006507,-0.011106,-0.253266,-0.523167,-1.178931,100312.0000
1764075414185944868,2025-11-25 18:26:54.182,0.526350,2.785587,237.039383,0.042969,0.006008,0.975961,0.162881,0.055723,9.581050,0.005388,-0.007429,-0.001915,-0.253742,-0.522214,-1.178938,100310.0000
1764075414286490961,2025-11-25 18:26:54.283,0.549159,2.801597,237.107956,0.043907,0.011300,0.977771,0.596744,-0.005246,9.943541,0.001303,-0.009129,-0.021873,-0.248459,-0.525514,-1.178002,100310.0000
1764075414385983683,2025-11-25 18:26:54.382,0.552252,2.844878,237.162666,0.044413,0.010573,0.978642,0.760468,0.310505,9.833737,-0.006720,-0.010152,-0.009735,-0.251835,-0.525549,-1.178915,100305.0000
1764075414486564535,2025-11-25 18:26:54.483,0.533775,2.874249,237.211670,0.046539,0.008343,0.978532,0.507902,-0.118830,9.718735,0.002136,-0.002495,-0.013316,-0.250859,-0.525982,-1.176997,100298.0000
1764075414586479905,2025-11-25 18:26:54.583,0.506038,2.884819,237.274651,0.047734,0.009318,0.978324,0.394702,0.145766,9.707956,0.000366,-0.000346,0.000567,-0.250857,-0.524092,-1.177989,100304.0000
1764075414685499146,2025-11-25 18:26:54.682,0.492537,2.905595,237.353584,0.049385,0.007985,0.977389,0.360069,0.029263,9.791972,-0.001420,0.000164,-0.021779,-0.250860,-0.524569,-1.177981,100305.0000
1764075414786795701,2025-11-25 18:26:54.783,0.503206,2.922333,237.435547,0.047067,0.005227,0.975471,0.442388,0.032526,9.731854,0.009995,-0.008474,-0.018979,-0.249434,-0.527439,-1.178440,100308.0000
1764075414885256423,2025-11-25 18:26:54.882,0.528976,2.923791,237.532074,0.048190,0.006857,0.975260,0.242457,0.051673,9.591370,0.005748,-0.005457,-0.007433,-0.247485,-0.525479,-1.176572,100307.0000
1764075414985544997,2025-11-25 18:26:54.982,0.565585,2.936427,237.640724,0.046561,0.010153,0.976928,0.259239,0.350701,9.684492,0.002832,-0.006438,-0.026746,-0.247512,-0.527908,-1.178461,100304.0000
1764075415085467405,2025-11-25 18:26:55.082,0.586110,2.959862,237.754570,0.046648,0.009775,0.979064,0.863527,0.235038,9.985868,-0.007200,-0.005817,-0.015464,-0.247496,-0.526922,-1.177032,100306.0000
1764075415185488886,2025-11-25 18:26:55.182,0.579935,2.981811,237.873482,0.046703,0.011384,0.978814,0.533985,0.281767,9.714733,0.001362,-0.004465,-0.012936,-0.246532,-0.529743,-1.175077,100312.0000
1764075415285496145,2025-11-25 18:26:55.282,0.549463,2.975389,237.998848,0.049329,0.010046,0.979097,0.620018,0.040640,9.786876,-0.011942,0.004645,-0.029358,-0.243182,-0.530246,-1.177044,100307.0000
1764075415386654941,2025-11-25 18:26:55.383,0.525165,2.962111,238.118828,0.048030,0.006375,0.977266,0.427488,0.022010,9.911711,0.003871,-0.002185,-0.015319,-0.242242,-0.533128,-1.177978,100312.0000
1764075415486961404,2025-11-25 18:26:55.483,0.525510,2.955174,238.234695,0.047612,0.005470,0.976629,0.622122,-0.066297,9.792840,-0.000388,-0.004802,-0.029456,-0.242722,-0.532185,-1.178467,100307.0000
1764075415586409978,2025-11-25 18:26:55.582,0.550823,2.959523,238.338852,0.047972,0.004878,0.976184,0.587837,-0.171136,9.795597,0.008766,-0.008111,-0.010038,-0.241288,-0.534090,-1.178459,100307.0000
1764075415685384367,2025-11-25 18:26:55.682,0.582434,2.962169,238.454132,0.048411,0.009624,0.975942,0.312731,0.307179,9.694299,0.003444,-0.002397,-0.030942,-0.238383,-0.533558,-1.176583,100299.0000
1764075415786814478,2025-11-25 18:26:55.783,0.605250,2.992029,238.586296,0.046795,0.010723,0.977810,0.622380,0.351200,9.852407,0.002383,-0.012241,-0.023028,-0.237409,-0.533523,-1.175153,100307.0000
1764075415885925052,2025-11-25 18:26:55.883,0.616487,3.017743,238.718941,0.049493,0.009242,0.977841,0.380812,-0.151019,9.785809,0.005601,-0.007379,-0.025807,-0.239361,-0.535016,-1.177510,100303.0000
1764075415985634293,2025-11-25 18:26:55.982,0.602399,3.008161,238.836594,0.051931,0.010392,0.978213,0.631488,0.093073,9.873332,-0.011466,0.005042,-0.023357,-0.235039,-0.534550,-1.179025,100306.0000
1764075416086183978,2025-11-25 18:26:56.082,0.580064,2.977083,238.944611,0.048830,0.007418,0.977239,0.625466,-0.006956,9.885543,0.005079,-0.001494,-0.019533,-0.232650,-0.537883,-1.179009,100305.0000
1764075416185228885,2025-11-25 18:26:56.182,0.565325,2.957521,239.028854,0.049080,0.007688,0.977178,0.520886,0.159744,9.796958,0.000633,-0.001513,0.000279,-0.228794,-0.538790,-1.177608,100299.0000
1764075416285274793,2025-11-25 18:26:56.282,0.558290,2.941872,239.109131,0.048077,0.010071,0.978399,0.567212,0.076852,9.808216,-0.002728,0.002556,-0.034372,-0.229760,-0.536447,-1.179556,100303.0000
1764075416385227922,2025-11-25 18:26:56.382,0.557282,2.929553,239.184059,0.044983,0.006569,0.975460,0.643763,-0.221801,9.901014,-0.003276,0.001956,-0.003560,-0.231212,-0.538831,-1.179016,100306.0000
1764075416485850811,2025-11-25 18:26:56.483,0.570730,2.958165,239.248550,0.043530,0.007571,0.975964,0.303799,0.275136,9.696503,0.011791,-0.011480,-0.019191,-0.231723,-0.541740,-1.180891,100304.0000
1764075416585776682,2025-11-25 18:26:56.582,0.595283,3.000920,239.302101,0.048099,0.008187,0.978208,0.433296,-0.318326,9.843223,-0.001214,-0.013240,-0.006415,-0.230731,-0.541187,-1.177542,100313.0000
1764075416685630811,2025-11-25 18:26:56.682,0.615776,3.031839,239.356895,0.051529,0.010946,0.978667,0.723100,0.102628,9.943662,0.010087,-0.000328,-0.008525,-0.228796,-0.538322,-1.178096,100309.0000
1764075416785837552,2025-11-25 18:26:56.783,0.621091,3.055883,239.423981,0.049384,0.012623,0.976498,0.432756,-0.382449,9.706875,-0.003681,-0.006738,-0.010490,-0.229270,-0.540662,-1.175646,100308.0000
1764075416886481441,2025-11-25 18:26:56.883,0.609642,3.052262,239.508987,0.051887,0.013491,0.977615,0.385619,0.093017,9.812601,-0.001836,-0.000301,-0.017161,-0.227843,-0.540229,-1.178081,100307.0000
1764075416985264922,2025-11-25 18:26:56.982,0.586800,3.020108,239.610855,0.051661,0.010074,0.977525,0.412288,-0.243548,9.682681,0.007550,0.007649,-0.015925,-0.228291,-0.539672,-1.174230,100311.0000
1764075417085420144,2025-11-25 18:26:57.082,0.571155,2.972045,239.714478,0.048892,0.007413,0.978088,0.573220,0.261530,9.916675,-0.004053,0.008780,-0.019627,-0.224000,-0.543057,-1.177131,100307.0000
1764075417186304144,2025-11-25 18:26:57.183,0.578794,2.913084,239.803146,0.045531,0.005156,0.978921,0.437238,0.010954,9.820458,0.005267,0.013372,-0.008221,-0.223998,-0.542580,-1.177139,100314.0000
1764075417286360163,2025-11-25 18:26:57.283,0.601588,2.853256,239.860168,0.042946,0.009203,0.977711,0.685580,0.417767,9.867277,0.000772,0.012548,-0.011129,-0.223042,-0.543063,-1.177627,100306.0000
1764075417386235070,2025-11-25 18:26:57.383,0.620698,2.800330,239.882202,0.040894,0.008210,0.977328,0.227574,-0.038793,9.649784,0.010756,0.005040,0.000199,-0.222597,-0.545043,-1.180975,100304.0000
1764075417485784366,2025-11-25 18:26:57.483,0.626036,2.763386,239.883583,0.040951,0.012551,0.976310,0.488134,0.264806,9.754754,-0.004220,-0.002116,0.005271,-0.222104,-0.544065,-1.180033,100305.0000
1764075417586447014,2025-11-25 18:26:57.583,0.602632,2.754928,239.889458,0.040195,0.011773,0.976810,0.482914,0.100439,9.613667,-0.002526,0.000281,0.011077,-0.221144,-0.544538,-1.180040,100306.0000
1764075417685595922,2025-11-25 18:26:57.682,0.571979,2.743612,239.873772,0.040023,0.011346,0.978009,0.375350,0.187635,9.685022,-0.000430,0.004493,0.011308,-0.220647,-0.542138,-1.179603,100311.0000
1764075417786105755,2025-11-25 18:26:57.783,0.547063,2.744295,239.838051,0.040896,0.008191,0.978601,0.535619,-0.154714,9.830354,-0.008850,-0.002992,0.011786,-0.220166,-0.540723,-1.180595,100309.0000
1764075417885664329,2025-11-25 18:26:57.882,0.552198,2.759703,239.783249,0.043156,0.007648,0.977861,0.697627,0.240056,9.893695,0.003832,-0.000994,0.009360,-0.221624,-0.543595,-1.180529,100306.0000
1764075417985464755,2025-11-25 18:26:57.982,0.571917,2.786189,239.715149,0.044957,0.010115,0.978025,0.395813,0.321542,9.777719,0.008999,0.002257,0.012155,-0.224967,-0.541659,-1.178583,100313.0000
1764075418085432958,2025-11-25 18:26:58.082,0.589398,2.770699,239.633339,0.046742,0.010480,0.976770,0.432432,0.211658,9.722274,0.002101,0.001705,0.022056,-0.223992,-0.542092,-1.176665,100307.0000
1764075418185873069,2025-11-25 18:26:58.182,0.594066,2.718499,239.533783,0.043712,0.012520,0.976574,0.363789,-0.039083,9.825058,0.002467,0.008485,0.023693,-0.224015,-0.542153,-1.179553,100301.0000
1764075418285405032,2025-11-25 18:26:58.283,0.574153,2.661082,239.427544,0.039696,0.013106,0.976865,0.499931,-0.210721,9.763365,-0.003012,0.004153,0.024313,-0.225450,-0.541194,-1.179065,100310.0000
1764075418385712903,2025-11-25 18:26:58.383,0.551688,2.645359,239.315102,0.037373,0.010212,0.976031,0.214673,0.104963,9.661481,-0.002517,-0.009010,0.016129,-0.225441,-0.540228,-1.178598,100312.0000
1764075418485381754,2025-11-25 18:26:58.482,0.536954,2.689480,239.191246,0.036546,0.009474,0.978499,0.002359,0.222854,9.634996,0.004516,-0.012047,0.026038,-0.228838,-0.539847,-1.182407,100308.0000
1764075418586008236,2025-11-25 18:26:58.583,0.531992,2.770476,239.067726,0.041002,0.010265,0.978072,0.414713,0.249026,9.734229,0.004273,-0.016103,0.026291,-0.230744,-0.536980,-1.181941,100308.0000
1764075418686135440,2025-11-25 18:26:58.682,0.554928,2.838685,238.951477,0.047148,0.010250,0.978961,0.491142,-0.065734,9.964652,0.001517,-0.009725,0.015048,-0.234085,-0.536923,-1.178522,100309.0000
1764075418785817625,2025-11-25 18:26:58.782,0.581099,2.873885,238.851364,0.048199,0.011963,0.977985,0.454176,0.470434,9.687183,0.006451,-0.000315,0.016467,-0.235999,-0.535489,-1.178033,100316.0000
1764075418885447125,2025-11-25 18:26:58.882,0.597036,2.871223,238.743362,0.048476,0.013065,0.976827,0.855787,-0.121032,9.956227,0.003357,0.008157,0.024042,-0.235045,-0.536450,-1.178515,100303.0000
1764075418986706828,2025-11-25 18:26:58.983,0.595039,2.828684,238.642250,0.044897,0.014811,0.977208,0.156530,-0.154142,9.683014,-0.003869,0.007257,0.010993,-0.234051,-0.533061,-1.176654,100307.0000
1764075419085366217,2025-11-25 18:26:59.082,0.580647,2.786938,238.562759,0.044530,0.012493,0.977080,0.478976,0.130774,9.755776,0.000159,0.002834,0.015530,-0.234068,-0.532635,-1.179068,100301.0000
1764075419186083939,2025-11-25 18:26:59.182,0.565425,2.779745,238.511818,0.041545,0.010722,0.975817,0.291715,0.012662,9.722244,-0.002995,-0.006543,0.002011,-0.236484,-0.535501,-1.178508,100308.0000
1764075419285598810,2025-11-25 18:26:59.282,0.568927,2.789644,238.471970,0.044798,0.009581,0.977569,0.539238,-0.064969,9.799994,-0.002018,0.001218,0.010528,-0.233583,-0.531210,-1.179579,100306.0000
1764075419386376606,2025-11-25 18:26:59.383,0.590487,2.803138,238.433304,0.043272,0.011090,0.979236,0.659746,0.418314,9.849531,-0.000740,-0.003531,0.000353,-0.236468,-0.530745,-1.179544,100311.0000
1764075419485974032,2025-11-25 18:26:59.483,0.610930,2.811260,238.396278,0.042954,0.009845,0.978331,0.411797,0.016562,9.790891,0.008798,0.002686,0.020739,-0.239389,-0.536978,-1.179887,100306.0000
1764075419586153643,2025-11-25 18:26:59.583,0.620524,2.829486,238.363663,0.042648,0.012067,0.977411,0.480638,-0.002929,9.823993,0.005014,-0.010685,0.001760,-0.238395,-0.533589,-1.178027,100306.0000
1764075419686418457,2025-11-25 18:26:59.683,0.623697,2.863689,238.334564,0.043414,0.011960,0.976077,0.240872,0.263453,9.666481,0.001404,-0.012551,0.004008,-0.239832,-0.534520,-1.176547,100310.0000
1764075419785270587,2025-11-25 18:26:59.782,0.619907,2.893450,238.305359,0.049524,0.012040,0.979001,0.497084,0.270211,9.682976,-0.005622,-0.003105,0.004056,-0.239809,-0.531633,-1.175628,100308.0000
1764075419885673217,2025-11-25 18:26:59.882,0.606626,2.881300,238.304459,0.047610,0.012002,0.978625,0.470046,-0.174796,9.884809,0.000284,0.000284,-0.000541,-0.239822,-0.532609,-1.176576,100304.0000
1764075419986784420,2025-11-25 18:26:59.983,0.594473,2.862443,238.317505,0.046947,0.008912,0.977092,0.108561,0.136651,9.714853,0.000881,0.002232,-0.001435,-0.240779,-0.531658,-1.176577,100309.0000
1764075420085423420,2025-11-25 18:27:00.082,0.592697,2.839756,238.311234,0.047686,0.009164,0.976355,0.962251,0.089849,9.986433,0.008829,0.005321,0.013484,-0.238396,-0.533121,-1.178516,100298.0000
1764075420186190846,2025-11-25 18:27:00.183,0.590602,2.809690,238.293373,0.045412,0.010698,0.977253,0.240440,-0.299494,9.790104,0.004204,0.002939,0.001143,-0.238880,-0.532189,-1.179486,100316.0000
1764075420285488253,2025-11-25 18:27:00.282,0.594522,2.771412,238.271507,0.043563,0.011201,0.977026,0.478194,0.244567,9.713177,0.005132,0.008170,0.008912,-0.238874,-0.531701,-1.179012,100301.0000
1764075420385469142,2025-11-25 18:27:00.382,0.591460,2.742533,238.264442,0.041832,0.010045,0.977155,0.214111,-0.132726,9.695277,0.004921,0.001851,-0.003627,-0.239360,-0.532658,-1.178990,100308.0000
1764075420486370550,2025-11-25 18:27:00.483,0.594447,2.747668,238.265221,0.040955,0.010248,0.978789,0.754712,0.159589,9.867929,0.006488,-0.002152,-0.001076,-0.240816,-0.533641,-1.179917,100314.0000
1764075420585726087,2025-11-25 18:27:00.583,0.600865,2.771333,238.275902,0.041658,0.010780,0.978213,0.260492,0.247972,9.702378,-0.000743,-0.005422,-0.001158,-0.239827,-0.531207,-1.178043,100306.0000
1764075420685404753,2025-11-25 18:27:00.683,0.604415,2.795287,238.287720,0.044986,0.008664,0.977841,0.537336,-0.077153,9.751086,0.006011,-0.008285,-0.001571,-0.239357,-0.535006,-1.177028,100307.0000
1764075420785635531,2025-11-25 18:27:00.782,0.603698,2.795247,238.285889,0.048690,0.010336,0.977982,0.343436,0.217599,9.683641,-0.002815,0.005164,0.007663,-0.239341,-0.532607,-1.176584,100309.0000
1764075420885586012,2025-11-25 18:27:00.882,0.593161,2.773407,238.277954,0.046893,0.010103,0.976824,0.561167,-0.027158,9.870939,-0.003360,-0.000742,-0.003533,-0.237927,-0.533150,-1.179967,100309.0000
1764075420985293846,2025-11-25 18:27:00.982,0.582205,2.708006,238.270630,0.046713,0.009369,0.978264,0.775402,0.012748,9.936381,-0.001865,0.011520,0.007379,-0.239362,-0.532191,-1.179479,100303.0000
1764075421085877420,2025-11-25 18:27:01.082,0.573050,2.655464,238.270416,0.039745,0.010821,0.976877,0.213643,-0.042826,9.715493,-0.003765,0.006665,-0.000736,-0.239350,-0.532160,-1.178035,100295.0000
1764075421186049475,2025-11-25 18:27:01.183,0.569786,2.636993,238.266235,0.037729,0.009559,0.977020,0.338614,0.228626,9.573747,-0.005245,-0.006034,0.006466,-0.238899,-0.533652,-1.180908,100307.0000
1764075421285898956,2025-11-25 18:27:01.283,0.579392,2.661172,238.279663,0.037514,0.008902,0.977393,0.334622,0.058462,9.679605,-0.002970,-0.006699,-0.014661,-0.238392,-0.532166,-1.178531,100302.0000
1764075421386039197,2025-11-25 18:27:01.383,0.607525,2.708885,238.299950,0.041110,0.008416,0.976834,0.590768,0.281241,9.654558,0.006923,-0.005806,0.001268,-0.238391,-0.533579,-1.177546,100315.0000
1764075421486055012,2025-11-25 18:27:01.482,0.631311,2.752513,238.316734,0.044535,0.009631,0.978596,0.481346,-0.005709,10.055725,0.005964,-0.002981,0.001092,-0.237922,-0.533607,-1.178997,100302.0000
1764075421585446086,2025-11-25 18:27:01.582,0.631920,2.771345,238.323112,0.046721,0.012651,0.978538,0.275545,0.470303,9.705041,0.000741,-0.002138,-0.000211,-0.238876,-0.533591,-1.178020,100303.0000
1764075421685685882,2025-11-25 18:27:01.682,0.613917,2.748871,238.330330,0.046672,0.009550,0.979037,0.624452,-0.129018,9.818275,-0.001211,0.008548,0.000303,-0.239364,-0.532668,-1.179472,100310.0000
1764075421785844845,2025-11-25 18:27:01.782,0.594223,2.721816,238.330437,0.045242,0.009329,0.977523,0.238205,0.054300,9.906157,-0.003977,0.006299,-0.001629,-0.239840,-0.533128,-1.178495,100310.0000
1764075421886688178,2025-11-25 18:27:01.883,0.585098,2.677863,238.321709,0.042642,0.007767,0.977230,0.455544,0.194549,9.779836,0.002272,0.009262,0.008564,-0.238872,-0.531223,-1.179019,100308.0000
1764075421985533808,2025-11-25 18:27:01.983,0.591137,2.637122,238.311066,0.038504,0.008424,0.976168,0.388314,-0.140414,9.691103,0.005016,0.000649,0.008857,-0.237926,-0.529847,-1.181944,100303.0000
1764075422085468475,2025-11-25 18:27:02.082,0.605569,2.632053,238.280075,0.039114,0.010453,0.977312,0.513584,0.294116,9.767406,-0.001086,-0.000500,-0.003295,-0.240357,-0.532754,-1.183308,100307.0000
1764075422185789049,2025-11-25 18:27:02.182,0.622453,2.651084,238.237152,0.040874,0.009306,0.977802,0.208963,0.114115,9.647614,0.000541,-0.010845,0.004021,-0.238866,-0.529323,-1.179530,100308.0000
1764075422285525382,2025-11-25 18:27:02.282,0.637742,2.673539,238.200211,0.044116,0.010916,0.978250,0.640395,0.074714,9.795357,0.007386,0.000139,0.001976,-0.239363,-0.530778,-1.180464,100312.0000
1764075422385535993,2025-11-25 18:27:02.382,0.648639,2.687022,238.158997,0.043098,0.011551,0.977092,0.365339,0.355828,9.753531,0.001405,0.002747,0.015189,-0.240336,-0.532226,-1.180909,100311.0000
1764075422486007326,2025-11-25 18:27:02.482,0.644153,2.697524,238.122292,0.042344,0.011979,0.978145,0.304884,0.029249,9.836617,0.001342,0.000953,0.001460,-0.240316,-0.532175,-1.178502,100307.0000
1764075422585826826,2025-11-25 18:27:02.582,0.630967,2.693631,238.071945,0.043985,0.010818,0.977648,0.323651,0.253842,9.616122,0.000441,0.003159,0.015165,-0.240789,-0.531211,-1.178028,100306.0000
1764075422685529270,2025-11-25 18:27:02.682,0.619994,2.647279,238.040977,0.044630,0.012072,0.979096,0.390769,0.254778,9.889469,-0.000934,0.012269,-0.000934,-0.240303,-0.530254,-1.178050,100304.0000
1764075422786115474,2025-11-25 18:27:02.782,0.613886,2.591612,238.024948,0.039221,0.009157,0.976365,0.513966,-0.109337,9.820539,-0.005230,0.000486,0.007644,-0.239839,-0.532183,-1.178991,100307.0000
1764075422885690604,2025-11-25 18:27:02.883,0.614589,2.582753,238.008568,0.038683,0.009970,0.976162,0.485241,0.092702,9.836486,0.002498,0.000283,-0.001342,-0.240775,-0.528345,-1.178072,100304.0000
1764075422985437233,2025-11-25 18:27:02.982,0.619543,2.601513,237.989868,0.039086,0.010335,0.978326,0.616854,0.056791,9.874001,-0.000343,-0.003701,0.000415,-0.242225,-0.529785,-1.178029,100308.0000
1764075423085530548,2025-11-25 18:27:03.082,0.620850,2.618303,237.961472,0.040333,0.009833,0.978319,0.414617,0.167929,9.913833,0.006467,-0.000698,-0.001481,-0.239849,-0.530323,-1.181427,100304.0000
1764075423185391937,2025-11-25 18:27:03.183,0.620420,2.626996,237.948982,0.041574,0.009960,0.978725,0.500108,-0.002943,9.829189,0.002293,-0.002229,0.005723,-0.241762,-0.532659,-1.178473,100316.0000
1764075423285806437,2025-11-25 18:27:03.282,0.619902,2.640033,237.945625,0.042967,0.008681,0.978048,0.738156,-0.011189,9.997730,0.001965,-0.003661,0.004793,-0.240794,-0.530754,-1.178998,100316.0000
1764075423386179974,2025-11-25 18:27:03.383,0.627188,2.652950,237.926102,0.042757,0.010022,0.976559,0.533020,0.256409,9.772475,0.005286,0.001003,0.012023,-0.240810,-0.530795,-1.180924,100303.0000
1764075423486413826,2025-11-25 18:27:03.482,0.621919,2.645965,237.895256,0.044049,0.011978,0.977004,0.485705,0.042180,9.802843,-0.003112,-0.000722,-0.001624,-0.243684,-0.531245,-1.178948,100308.0000
1764075423585986122,2025-11-25 18:27:03.583,0.615852,2.637552,237.879700,0.044242,0.009783,0.978262,0.624283,-0.091778,9.882867,0.000605,0.003309,-0.002942,-0.242731,-0.530793,-1.180414,100303.0000
1764075423685738622,2025-11-25 18:27:03.682,0.624193,2.613904,237.870575,0.042387,0.008721,0.977215,0.350699,-0.155844,9.801139,0.008089,0.005815,0.003735,-0.242242,-0.531716,-1.178962,100312.0000
1764075423785614418,2025-11-25 18:27:03.782,0.639403,2.604520,237.861412,0.040213,0.011860,0.978366,0.541307,0.486699,9.847301,0.000481,0.003172,-0.000730,-0.242264,-0.532245,-1.181362,100304.0000
1764075423886148103,2025-11-25 18:27:03.883,0.651307,2.613406,237.842957,0.038807,0.009566,0.978361,0.074199,-0.111032,9.782650,0.003670,-0.004274,0.002763,-0.242231,-0.529327,-1.178999,100306.0000
1764075423985707807,2025-11-25 18:27:03.982,0.661262,2.618660,237.830208,0.040702,0.013325,0.978105,0.233607,0.253917,9.679507,0.003637,-0.006676,0.001916,-0.240787,-0.529321,-1.179020,100310.0000
1764075424086325733,2025-11-25 18:27:04.082,0.651282,2.616539,237.833870,0.041776,0.012693,0.977119,0.280259,0.172715,9.656161,-0.003260,-0.008397,-0.002046,-0.242229,-0.529795,-1.178511,100312.0000
1764075424185690362,2025-11-25 18:27:04.182,0.637538,2.620182,237.840851,0.043002,0.009562,0.976816,0.557652,0.336988,9.977298,0.005351,-0.010833,-0.000799,-0.241758,-0.530291,-1.179473,100302.0000
1764075424285744992,2025-11-25 18:27:04.283,0.631672,2.618550,237.862778,0.045238,0.009278,0.977796,0.582728,-0.028536,9.845003,0.004040,-0.001630,-0.005028,-0.242260,-0.532234,-1.180881,100306.0000
1764075424386540936,2025-11-25 18:27:04.382,0.638598,2.619837,237.893616,0.043552,0.008358,0.977061,0.352762,0.115468,9.760139,0.007339,0.005716,-0.002150,-0.244176,-0.531277,-1.180385,100306.0000
1764075424486530806,2025-11-25 18:27:04.483,0.656071,2.623883,237.923218,0.042250,0.009624,0.976724,0.452589,-0.012465,9.757953,0.005994,0.001126,0.001482,-0.242216,-0.528819,-1.177562,100311.0000
1764075424586796658,2025-11-25 18:27:04.582,0.669361,2.611959,237.956947,0.039875,0.010120,0.977342,0.349923,0.100227,9.738254,-0.000518,-0.002203,-0.005491,-0.240824,-0.531303,-1.182361,100309.0000
1764075424686630510,2025-11-25 18:27:04.683,0.669598,2.623763,237.978508,0.038677,0.013388,0.978047,0.281439,0.259410,9.737737,-0.001715,-0.007780,-0.008656,-0.240311,-0.530274,-1.179013,100305.0000
1764075424785559195,2025-11-25 18:27:04.783,0.644615,2.650817,237.983856,0.041590,0.010919,0.979163,0.648507,0.025429,9.796854,-0.010392,-0.001291,-0.001119,-0.241268,-0.531681,-1.177533,100308.0000
1764075424886465825,2025-11-25 18:27:04.882,0.618564,2.666067,237.977989,0.043340,0.009937,0.978459,0.094942,0.351796,9.762130,-0.000196,-0.004417,0.004159,-0.240798,-0.530764,-1.179480,100312.0000
1764075424985232084,2025-11-25 18:27:04.982,0.595069,2.645792,237.979950,0.044855,0.007865,0.978643,0.474509,-0.085753,9.801541,0.000169,0.005862,0.002325,-0.238862,-0.529312,-1.179049,100308.0000
1764075425086029473,2025-11-25 18:27:05.083,0.580424,2.598330,237.979492,0.044442,0.007837,0.977601,0.847555,0.480710,9.914281,0.007196,0.014550,0.010053,-0.239842,-0.531248,-1.179968,100310.0000
1764075425186423602,2025-11-25 18:27:05.183,0.589666,2.530054,237.964432,0.041127,0.008015,0.976906,0.409393,0.046614,9.682673,0.008571,0.017533,-0.001116,-0.239354,-0.529813,-1.179997,100311.0000
1764075425285259139,2025-11-25 18:27:05.282,0.607801,2.462778,237.939217,0.037480,0.009926,0.977178,0.251607,0.221899,9.585610,0.003668,0.017519,0.002957,-0.238887,-0.530318,-1.181441,100308.0000
1764075425386001324,2025-11-25 18:27:05.383,0.621603,2.428281,237.899986,0.033847,0.010813,0.977215,0.321485,0.255893,9.790931,0.007050,0.007783,0.011164,-0.239850,-0.531268,-1.180931,100304.0000
1764075425486611361,2025-11-25 18:27:05.483,0.629530,2.448835,237.867859,0.033475,0.012096,0.977282,0.108773,0.157042,9.659219,0.002892,-0.006963,0.013169,-0.240314,-0.529339,-1.179991,100305.0000
1764075425585746713,2025-11-25 18:27:05.582,0.627223,2.510692,237.837570,0.035939,0.011272,0.978847,0.430499,0.210384,9.843079,-0.005148,-0.017051,-0.003437,-0.242739,-0.531759,-1.180881,100306.0000
1764075425686909898,2025-11-25 18:27:05.683,0.626380,2.578460,237.803902,0.038573,0.008894,0.977199,0.461387,0.065806,9.813670,0.003497,-0.019526,0.013309,-0.241757,-0.530758,-1.178984,100307.0000
1764075425785552528,2025-11-25 18:27:05.782,0.610928,2.608215,237.767151,0.045336,0.012215,0.979729,0.535023,0.155985,9.849753,-0.002496,-0.002289,0.004339,-0.241743,-0.526480,-1.180013,100304.0000
1764075425886659991,2025-11-25 18:27:05.883,0.593152,2.590813,237.734665,0.044407,0.010091,0.978068,0.616535,0.012675,9.795274,-0.009389,0.005710,0.002802,-0.242736,-0.530336,-1.181384,100308.0000
1764075425985930787,2025-11-25 18:27:05.983,0.579900,2.543886,237.716553,0.043968,0.010315,0.977436,0.597500,0.184089,9.889708,-0.004612,0.009418,-0.004761,-0.243678,-0.529344,-1.179459,100304.0000
1764075426085912343,2025-11-25 18:27:06.083,0.581105,2.497645,237.704384,0.040654,0.006601,0.977016,0.515228,-0.053449,9.843241,0.001536,0.010327,0.000755,-0.242733,-0.531271,-1.180406,100306.0000
1764075426185406046,2025-11-25 18:27:06.182,0.597881,2.475623,237.674667,0.034329,0.006995,0.976309,0.256325,-0.245482,9.869096,0.009288,0.000215,0.006555,-0.238859,-0.527889,-1.179552,100315.0000
1764075426285742602,2025-11-25 18:27:06.282,0.621795,2.483718,237.619919,0.035706,0.010151,0.977146,0.255134,-0.103350,9.770354,0.000772,-0.004682,0.012180,-0.242735,-0.529391,-1.181880,100302.0000
1764075426385884768,2025-11-25 18:27:06.383,0.642684,2.489707,237.567207,0.037548,0.013034,0.978722,0.333532,0.116983,9.740643,0.007605,-0.001915,0.002920,-0.243670,-0.526966,-1.179977,100307.0000
1764075426485374416,2025-11-25 18:27:06.482,0.648233,2.498614,237.520882,0.038986,0.011954,0.977352,0.341290,0.054231,9.631726,-0.001818,-0.004987,0.010072,-0.242241,-0.528413,-1.180939,100312.0000
1764075426585585620,2025-11-25 18:27:06.582,0.639486,2.523058,237.485298,0.038269,0.013790,0.977847,0.583337,0.081273,9.857848,0.002212,-0.004741,0.002350,-0.244173,-0.527497,-1.182369,100301.0000
1764075426685506750,2025-11-25 18:27:06.683,0.615697,2.564443,237.476585,0.038239,0.012342,0.977390,0.114815,0.086253,9.740397,0.002749,-0.008125,0.006913,-0.244159,-0.529346,-1.179452,100322.0000
1764075426785344064,2025-11-25 18:27:06.782,0.593562,2.611980,237.466255,0.042090,0.009789,0.977828,0.422930,0.194119,9.717215,-0.002934,-0.007408,-0.001423,-0.246093,-0.528908,-1.180875,100310.0000
1764075426886234212,2025-11-25 18:27:06.883,0.594449,2.636753,237.433212,0.044807,0.006611,0.978283,0.482111,0.067777,9.811819,0.001021,-0.003037,0.008283,-0.247034,-0.526971,-1.179446,100301.0000
1764075426985338342,2025-11-25 18:27:06.982,0.618130,2.615185,237.413376,0.044680,0.009596,0.978377,0.540959,0.095964,9.814905,0.006298,0.003104,0.000543,-0.245587,-0.525542,-1.179971,100306.0000
1764075427085767083,2025-11-25 18:27:07.082,0.636064,2.583654,237.416901,0.043536,0.011323,0.977371,0.629329,0.015772,9.923980,-0.001997,0.005154,0.000638,-0.244639,-0.529816,-1.178956,100301.0000
1764075427185422175,2025-11-25 18:27:07.182,0.628179,2.581272,237.425453,0.040522,0.013134,0.976769,0.110216,0.069690,9.762074,-0.002671,0.000675,-0.000690,-0.246073,-0.527912,-1.178964,100308.0000
1764075427285532583,2025-11-25 18:27:07.282,0.601238,2.591749,237.449150,0.042478,0.011743,0.977324,0.486169,0.169667,9.709956,-0.006236,0.001961,-0.000589,-0.246099,-0.529396,-1.181349,100315.0000
1764075427385865064,2025-11-25 18:27:07.382,0.569626,2.610520,237.478668,0.041071,0.008169,0.977492,0.464991,0.254545,9.929578,-0.002299,-0.012313,-0.009139,-0.245119,-0.528873,-1.179445,100310.0000
1764075427485647712,2025-11-25 18:27:07.482,0.556704,2.626328,237.509583,0.042591,0.006462,0.977097,0.192776,-0.078265,9.629838,-0.003137,0.000245,0.001059,-0.247528,-0.527949,-1.180387,100310.0000
1764075427585867527,2025-11-25 18:27:07.582,0.560449,2.628258,237.545296,0.043595,0.008577,0.977831,0.407213,0.123494,9.848554,0.002947,-0.002690,-0.015155,-0.244137,-0.528818,-1.177052,100301.0000
1764075427685550453,2025-11-25 18:27:07.682,0.572374,2.628186,237.594551,0.042402,0.008490,0.978367,0.370239,0.248046,9.787792,0.003858,-0.001982,-0.008959,-0.243664,-0.527423,-1.179007,100308.0000
1764075427786548082,2025-11-25 18:27:07.783,0.570262,2.626492,237.643158,0.041751,0.008293,0.978027,0.381081,0.257079,9.719245,0.005463,-0.002561,-0.002780,-0.242721,-0.531240,-1.178962,100306.0000
1764075427886123416,2025-11-25 18:27:07.883,0.554635,2.616482,237.681023,0.043554,0.009935,0.978928,0.577339,-0.113577,9.794041,-0.002999,0.001141,-0.012102,-0.243192,-0.528387,-1.179481,100307.0000
1764075427986538304,2025-11-25 18:27:07.983,0.538353,2.606901,237.719940,0.042483,0.007538,0.976651,0.555895,0.051595,9.767364,0.002997,-0.001056,-0.006199,-0.242715,-0.529340,-1.179473,100309.0000
1764075428085440619,2025-11-25 18:27:08.082,0.545397,2.594059,237.767342,0.043509,0.006501,0.977518,0.563797,0.065397,9.776704,0.004147,0.003193,-0.000662,-0.241302,-0.532240,-1.181376,100308.0000
1764075428186974063,2025-11-25 18:27:08.182,0.567367,2.573346,237.824936,0.041070,0.008736,0.976941,0.254284,0.311076,9.736926,0.002263,0.001011,-0.010590,-0.241770,-0.528909,-1.181902,100310.0000
1764075428285624841,2025-11-25 18:27:08.282,0.587866,2.573705,237.866173,0.042186,0.009255,0.978585,0.451019,-0.020011,9.755271,-0.000774,-0.000630,-0.005936,-0.240813,-0.532218,-1.180420,100305.0000
1764075428386769989,2025-11-25 18:27:08.383,0.606944,2.572981,237.908470,0.041010,0.008684,0.978212,0.135880,-0.027213,9.722697,-0.000108,-0.003501,-0.001525,-0.241298,-0.532230,-1.180895,100308.0000
1764075428485595545,2025-11-25 18:27:08.482,0.616622,2.581577,237.931526,0.040227,0.008052,0.977640,0.506754,0.035545,9.835277,0.008543,-0.002724,0.007248,-0.238868,-0.531213,-1.178538,100308.0000
1764075428585508415,2025-11-25 18:27:08.582,0.617584,2.585891,237.938469,0.041372,0.010953,0.976484,0.565114,0.375612,9.796919,-0.000494,0.001596,0.006445,-0.240809,-0.532208,-1.179939,100305.0000
1764075428685493897,2025-11-25 18:27:08.682,0.622244,2.561246,237.936378,0.041961,0.011883,0.977253,0.224826,0.205466,9.667283,-0.003014,-0.000019,-0.004472,-0.238892,-0.533632,-1.179946,100312.0000
1764075428786227396,2025-11-25 18:27:08.783,0.633845,2.549485,237.945053,0.039777,0.010555,0.977246,0.251242,-0.013308,9.751566,0.004587,-0.005837,-0.003332,-0.242227,-0.529317,-1.178518,100304.0000
1764075428885521322,2025-11-25 18:27:08.882,0.639206,2.568284,237.967140,0.039462,0.011442,0.978201,0.590622,0.131074,9.795934,0.000727,-0.008163,-0.001491,-0.237914,-0.532174,-1.179019,100304.0000
1764075428986219563,2025-11-25 18:27:08.983,0.640897,2.647324,237.964912,0.042029,0.009519,0.978206,0.749162,0.221768,9.959229,0.005568,-0.016518,0.007065,-0.240799,-0.531709,-1.178984,100310.0000
1764075429085499396,2025-11-25 18:27:09.082,0.628643,2.718548,237.942322,0.046777,0.010267,0.979094,0.387106,0.025767,9.842254,0.004980,-0.003265,0.011724,-0.240304,-0.531199,-1.177554,100300.0000
1764075429186558359,2025-11-25 18:27:09.183,0.602837,2.742823,237.907715,0.049163,0.012417,0.978049,0.346243,0.188224,9.675749,-0.009306,-0.003564,0.000431,-0.241281,-0.530299,-1.179961,100308.0000
1764075429285575174,2025-11-25 18:27:09.283,0.580804,2.712166,237.870926,0.049688,0.009378,0.976769,0.692473,-0.019935,9.909363,-0.001038,0.004618,0.007954,-0.242259,-0.532702,-1.180392,100307.0000
1764075429385314933,2025-11-25 18:27:09.382,0.567865,2.637383,237.820648,0.045560,0.007928,0.975821,0.596184,-0.045856,9.801624,0.004601,0.014191,0.007916,-0.240800,-0.531242,-1.179473,100307.0000
1764075429486107415,2025-11-25 18:27:09.483,0.576746,2.565336,237.764977,0.041596,0.008301,0.976590,0.521770,-0.146991,9.839480,0.008727,0.013168,0.011875,-0.240339,-0.531291,-1.181886,100309.0000
1764075429586393285,2025-11-25 18:27:09.583,0.614515,2.527542,237.709885,0.036310,0.011004,0.975920,0.553456,0.039387,9.781427,0.013864,-0.002483,0.009744,-0.238413,-0.530337,-1.182411,100303.0000
1764075429685213618,2025-11-25 18:27:09.682,0.656438,2.543701,237.657990,0.036531,0.011728,0.978581,0.224646,-0.075214,9.639737,0.006496,-0.008717,0.007769,-0.243678,-0.531702,-1.177978,100304.0000
1764075429786706192,2025-11-25 18:27:09.783,0.682458,2.623835,237.584389,0.037865,0.014545,0.979392,0.393373,0.387779,9.850048,0.005835,-0.018109,0.014127,-0.243190,-0.528854,-1.178992,100306.0000
1764075429885930914,2025-11-25 18:27:09.883,0.674260,2.691155,237.514282,0.044206,0.015514,0.978603,0.391185,0.279179,9.643530,-0.000065,-0.016859,0.010749,-0.247987,-0.531193,-1.175515,100314.0000
1764075429986212322,2025-11-25 18:27:09.983,0.642735,2.733379,237.452484,0.050627,0.014095,0.978961,0.608521,0.084779,9.845484,-0.006251,-0.002451,0.003905,-0.247998,-0.528865,-1.178440,100318.0000
1764075430085901229,2025-11-25 18:27:10.082,0.603278,2.712246,237.414703,0.049452,0.010417,0.975632,0.521098,0.067123,9.844525,-0.001669,0.007131,0.009536,-0.247028,-0.528841,-1.177491,100310.0000
1764075430196339303,2025-11-25 18:27:10.193,0.588961,2.682930,237.392670,0.047781,0.008782,0.975884,0.516284,0.104374,9.693939,0.005284,0.006970,0.006437,-0.245609,-0.529841,-1.179905,100308.0000
1764075430285355766,2025-11-25 18:27:10.283,0.609375,2.649734,237.365074,0.044515,0.007581,0.977294,0.120996,-0.329129,9.718600,0.006876,0.006076,0.002500,-0.246087,-0.528420,-1.180401,100310.0000
1764075430385481321,2025-11-25 18:27:10.382,0.643034,2.613786,237.339088,0.042113,0.011065,0.977786,0.487893,0.315572,9.701933,0.010800,-0.001197,0.000812,-0.247525,-0.527471,-1.180394,100304.0000
1764075430496273544,2025-11-25 18:27:10.493,0.661213,2.573808,237.320633,0.039482,0.012996,0.977647,0.217303,0.481906,9.614365,0.005102,-0.003190,0.004038,-0.245589,-0.527432,-1.178978,100316.0000
1764075430586045136,2025-11-25 18:27:10.583,0.652392,2.569900,237.289734,0.040130,0.013054,0.978996,0.410378,-0.130973,9.800920,0.000439,-0.002968,0.001273,-0.246558,-0.530282,-1.177957,100314.0000
1764075430685989988,2025-11-25 18:27:10.683,0.611966,2.585582,237.262718,0.040528,0.011514,0.978030,0.578899,-0.107585,9.859459,-0.009600,-0.009751,0.007184,-0.247981,-0.525522,-1.178491,100304.0000
1764075430786211673,2025-11-25 18:27:10.783,0.568688,2.603650,237.240997,0.044974,0.009023,0.977371,0.493586,-0.024676,9.716203,0.003460,0.003991,0.002955,-0.248011,-0.528429,-1.180372,100312.0000
1764075430886231858,2025-11-25 18:27:10.883,0.540236,2.605502,237.209000,0.044662,0.009380,0.977658,0.505077,0.001297,9.854431,0.006236,-0.000050,0.005650,-0.248477,-0.526032,-1.179921,100314.0000
1764075430986550784,2025-11-25 18:27:10.983,0.524882,2.596580,237.168266,0.041712,0.007896,0.976908,0.183384,0.206443,9.781916,-0.002355,0.000251,0.002506,-0.249452,-0.527957,-1.180358,100312.0000
1764075431086200580,2025-11-25 18:27:11.083,0.532175,2.579873,237.130753,0.042596,0.006910,0.977874,0.431388,0.123286,9.621019,0.006113,0.000421,0.005784,-0.248939,-0.524571,-1.178491,100303.0000
1764075431185537877,2025-11-25 18:27:11.182,0.551616,2.556429,237.110359,0.040582,0.007554,0.977052,0.206462,0.266555,9.825046,0.002522,0.000799,0.007596,-0.247053,-0.526077,-1.182349,100304.0000
1764075431285786284,2025-11-25 18:27:11.283,0.568277,2.551947,237.095253,0.040800,0.009732,0.977386,0.496639,-0.165646,9.673242,0.007824,0.000695,-0.001506,-0.247516,-0.526506,-1.179928,100313.0000
1764075431386161691,2025-11-25 18:27:11.383,0.576256,2.551999,237.073029,0.039704,0.011005,0.977563,0.384483,0.142889,9.928320,-0.002598,-0.000698,-0.003563,-0.249922,-0.525571,-1.180388,100316.0000
1764075431496818802,2025-11-25 18:27:11.493,0.578810,2.564182,237.062836,0.040331,0.011342,0.977971,0.692854,0.427562,9.776444,0.001869,-0.002337,0.006207,-0.247515,-0.524615,-1.180919,100310.0000
1764075431585511210,2025-11-25 18:27:11.582,0.576965,2.583152,237.078392,0.040143,0.009064,0.977581,0.527997,-0.035532,9.939883,-0.002494,0.003286,-0.002027,-0.246561,-0.527934,-1.179920,100312.0000
1764075431686168876,2025-11-25 18:27:11.683,0.577822,2.589152,237.102844,0.042485,0.010770,0.978833,0.412844,0.316748,9.723733,-0.002201,-0.000469,-0.003662,-0.247511,-0.526963,-1.178957,100314.0000
1764075431786549154,2025-11-25 18:27:11.783,0.578754,2.575150,237.143120,0.042297,0.009951,0.977143,0.117686,0.111235,9.621984,-0.004459,0.002682,-0.005120,-0.248977,-0.529856,-1.179855,100298.0000
1764075431885477784,2025-11-25 18:27:11.882,0.577220,2.566820,237.184868,0.040781,0.009159,0.976999,0.508869,-0.035056,9.850634,0.002770,-0.002503,-0.000521,-0.250415,-0.526549,-1.181329,100307.0000
1764075431985663543,2025-11-25 18:27:11.982,0.572114,2.553122,237.230736,0.041192,0.008997,0.976536,0.431425,0.075390,9.746718,-0.001514,-0.001676,-0.003266,-0.247026,-0.524593,-1.179964,100306.0000
1764075432086496098,2025-11-25 18:27:12.083,0.572594,2.544122,237.272919,0.042182,0.010433,0.978043,0.425255,0.023831,9.759377,-0.001928,-0.001577,-0.006622,-0.247526,-0.528417,-1.179898,100307.0000
1764075432185523728,2025-11-25 18:27:12.182,0.567468,2.530759,237.320564,0.040436,0.009101,0.977519,0.327616,0.088282,9.656110,-0.003611,0.002126,-0.010836,-0.247033,-0.526026,-1.179942,100302.0000
1764075432285245543,2025-11-25 18:27:12.282,0.555074,2.525770,237.372246,0.039127,0.008000,0.978540,0.543298,-0.053133,9.942881,0.004728,-0.000669,-0.008225,-0.244166,-0.528422,-1.180911,100316.0000
1764075432385354876,2025-11-25 18:27:12.382,0.546199,2.530587,237.414864,0.038910,0.005736,0.978515,0.249165,-0.163092,9.735740,0.005017,-0.004645,-0.000047,-0.242723,-0.529360,-1.180436,100304.0000
1764075432486005283,2025-11-25 18:27:12.483,0.556112,2.531045,237.444588,0.040725,0.007826,0.978523,0.335062,0.021272,9.748075,-0.000436,0.003762,-0.003565,-0.242712,-0.529330,-1.178992,100307.0000
1764075432586222283,2025-11-25 18:27:12.583,0.564124,2.528997,237.467850,0.041805,0.009485,0.977425,0.774434,0.374811,9.868358,-0.003167,0.000127,-0.010760,-0.242723,-0.527003,-1.181917,100311.0000
1764075432685732542,2025-11-25 18:27:12.682,0.571755,2.525548,237.477814,0.039259,0.007558,0.975181,0.324801,0.221087,9.800857,0.005994,0.003322,0.005263,-0.242240,-0.528880,-1.180450,100310.0000
1764075432785927579,2025-11-25 18:27:12.783,0.572185,2.512255,237.486694,0.040408,0.010394,0.977788,0.230745,0.109527,9.763573,0.001259,0.001069,-0.006846,-0.242252,-0.529856,-1.181399,100301.0000
1764075432886978227,2025-11-25 18:27:12.883,0.570845,2.510324,237.503670,0.039837,0.011364,0.978458,0.453497,0.029379,9.645019,-0.002091,0.002867,-0.004507,-0.244158,-0.528401,-1.179948,100299.0000
1764075432985903375,2025-11-25 18:27:12.983,0.566040,2.512169,237.529694,0.038201,0.007471,0.978160,0.245115,-0.009526,9.809359,0.001999,-0.004419,-0.003673,-0.242247,-0.530313,-1.180428,100312.0000
1764075433085383561,2025-11-25 18:27:13.082,0.559993,2.510053,237.552345,0.042458,0.009573,0.979004,0.518572,0.085920,9.704796,-0.005107,-0.002353,0.000913,-0.241758,-0.530291,-1.179473,100303.0000
1764075433185801690,2025-11-25 18:27:13.183,0.558814,2.491479,237.576286,0.044509,0.009766,0.979491,0.668153,-0.167622,9.909830,0.003346,0.008689,-0.012286,-0.240803,-0.531720,-1.179465,100306.0000
1764075433285910616,2025-11-25 18:27:13.282,0.561138,2.470450,237.603378,0.038562,0.008036,0.976964,0.604901,0.196808,9.800385,-0.002316,-0.001718,0.003511,-0.242226,-0.528372,-1.179014,100311.0000
1764075433386346357,2025-11-25 18:27:13.382,0.577075,2.459517,237.640289,0.040180,0.009723,0.976495,0.503748,0.232927,9.690482,0.002283,0.002980,-0.009465,-0.242237,-0.529815,-1.179473,100301.0000
1764075433486059486,2025-11-25 18:27:13.483,0.588850,2.470539,237.691078,0.038047,0.011135,0.975853,0.463860,-0.144330,9.756824,0.000278,-0.005043,-0.018925,-0.239855,-0.533168,-1.180420,100302.0000
1764075433586028801,2025-11-25 18:27:13.583,0.586743,2.505014,237.765633,0.038494,0.009768,0.976409,0.438199,0.319401,9.723304,-0.007385,-0.011649,-0.004405,-0.242245,-0.530781,-1.179940,100309.0000
1764075433696814579,2025-11-25 18:27:13.693,0.573009,2.556401,237.839432,0.039250,0.009432,0.978590,0.446056,0.099904,9.768733,-0.004423,-0.018964,-0.015443,-0.239837,-0.532650,-1.178502,100307.0000
1764075433786067856,2025-11-25 18:27:13.783,0.553646,2.599848,237.906204,0.045285,0.007994,0.979220,0.696717,0.094120,9.793137,-0.009780,-0.008762,-0.009774,-0.237903,-0.530731,-1.178560,100309.0000
1764075433885996597,2025-11-25 18:27:13.883,0.547441,2.614709,237.972496,0.044719,0.006573,0.979076,0.491363,0.231206,9.733311,0.003481,-0.004184,-0.014107,-0.237436,-0.532650,-1.179019,100298.0000
1764075433985601819,2025-11-25 18:27:13.982,0.552318,2.586932,238.047325,0.047006,0.006652,0.978072,0.462599,-0.126966,9.684161,0.002810,0.008934,-0.007196,-0.237914,-0.533587,-1.178034,100306.0000
1764075434085461356,2025-11-25 18:27:14.082,0.559643,2.534796,238.123100,0.041803,0.009329,0.976045,0.102276,0.346253,9.717079,0.007750,0.009806,-0.017742,-0.238385,-0.531678,-1.178056,100307.0000
1764075434185260856,2025-11-25 18:27:14.182,0.568274,2.507678,238.192917,0.038148,0.006776,0.976812,0.618848,-0.034417,9.808972,0.000618,0.003966,-0.008134,-0.235050,-0.533635,-1.180965,100302.0000
1764075434286061671,2025-11-25 18:27:14.283,0.568958,2.506912,238.255745,0.035781,0.008203,0.976359,0.008503,0.084643,9.660494,0.000427,-0.014703,-0.007006,-0.234575,-0.534121,-1.181447,100307.0000
1764075434386556523,2025-11-25 18:27:14.383,0.568686,2.555547,238.328812,0.040444,0.008994,0.978515,0.683987,0.138904,9.839470,-0.002437,-0.013783,-0.012076,-0.234077,-0.534545,-1.179039,100304.0000
1764075434485402004,2025-11-25 18:27:14.482,0.564876,2.607748,238.390854,0.044572,0.009560,0.979862,0.599747,0.565374,9.784616,-0.002863,-0.009128,-0.013104,-0.235045,-0.534092,-1.179995,100308.0000
1764075434586224467,2025-11-25 18:27:14.583,0.565208,2.633895,238.469635,0.046953,0.007132,0.978339,0.719309,-0.020980,9.925163,0.003065,0.001158,-0.009296,-0.235554,-0.537469,-1.181381,100304.0000
1764075434685797949,2025-11-25 18:27:14.682,0.568690,2.627789,238.564125,0.044492,0.008257,0.976556,0.196788,-0.214203,9.792452,-0.007276,0.004847,-0.015717,-0.232639,-0.535494,-1.179046,100313.0000
1764075434786918337,2025-11-25 18:27:14.783,0.580603,2.618001,238.646622,0.044950,0.007039,0.976733,0.645159,0.078058,9.762620,0.001292,0.004379,-0.015094,-0.230736,-0.536959,-1.180978,100317.0000
1764075434886701745,2025-11-25 18:27:14.883,0.607266,2.589041,238.719017,0.041423,0.007553,0.976674,0.393095,0.323884,9.770401,-0.004582,-0.002383,-0.008686,-0.231227,-0.538872,-1.180942,100302.0000
1764075434986191782,2025-11-25 18:27:14.983,0.628917,2.548058,238.812653,0.043461,0.009753,0.977121,0.594387,0.160579,9.641958,0.001117,0.001729,-0.013433,-0.230239,-0.538329,-1.178075,100313.0000
1764075435085824004,2025-11-25 18:27:15.083,0.633345,2.531457,238.904846,0.042568,0.009877,0.978706,0.466456,-0.219181,9.716985,-0.000921,-0.004619,-0.017176,-0.228804,-0.536930,-1.180044,100300.0000
1764075435185598189,2025-11-25 18:27:15.182,0.623660,2.543222,238.976570,0.042029,0.009700,0.979578,0.562749,0.258197,9.859371,0.003146,-0.005669,-0.009818,-0.228328,-0.537884,-1.180036,100319.0000
1764075435285696541,2025-11-25 18:27:15.283,0.607785,2.553524,239.059013,0.041892,0.008455,0.978134,0.356711,0.065905,9.772475,-0.007294,-0.006377,-0.022407,-0.229314,-0.540307,-1.181430,100311.0000
1764075435385268115,2025-11-25 18:27:15.382,0.602241,2.547894,239.145729,0.044314,0.007240,0.976488,0.470222,0.143395,9.588651,-0.002729,0.002711,-0.004664,-0.227369,-0.539302,-1.179547,100314.0000
1764075435485386059,2025-11-25 18:27:15.482,0.604539,2.532913,239.219963,0.041151,0.006845,0.975944,0.280279,0.149378,9.746598,0.000030,0.001498,-0.016084,-0.224493,-0.539319,-1.181034,100308.0000
1764075435585525392,2025-11-25 18:27:15.582,0.617069,2.507430,239.289299,0.042675,0.006620,0.977141,0.449431,-0.079917,9.733057,0.007007,0.001840,-0.000273,-0.224501,-0.539340,-1.181997,100308.0000
1764075435686110670,2025-11-25 18:27:15.683,0.625056,2.492371,239.342178,0.041971,0.008754,0.979035,0.373573,-0.126257,9.962394,0.000713,0.004353,-0.009591,-0.224977,-0.539799,-1.181020,100305.0000
1764075435785463670,2025-11-25 18:27:15.782,0.630973,2.477926,239.392082,0.042078,0.010188,0.979173,0.654567,0.382934,9.823558,-0.000997,-0.000148,-0.003698,-0.221619,-0.540282,-1.182025,100311.0000
1764075435885473726,2025-11-25 18:27:15.882,0.631624,2.482746,239.440140,0.040155,0.007117,0.977014,0.350053,-0.114837,9.829902,0.001952,0.000359,-0.002752,-0.222588,-0.541720,-1.181989,100304.0000
1764075435985584133,2025-11-25 18:27:15.982,0.637612,2.504109,239.478180,0.040203,0.008950,0.977062,0.189481,0.166183,9.629405,-0.000149,-0.004445,-0.000994,-0.224504,-0.542175,-1.180508,100313.0000
1764075436085879411,2025-11-25 18:27:16.083,0.649506,2.521034,239.509850,0.042652,0.010083,0.977442,0.512990,-0.004544,9.785097,-0.000016,-0.004701,-0.011605,-0.222095,-0.543099,-1.179567,100297.0000
1764075436185767577,2025-11-25 18:27:16.182,0.659839,2.533576,239.551102,0.039796,0.009262,0.976767,0.393746,0.281926,9.725521,-0.003041,-0.008386,-0.000130,-0.223560,-0.543635,-1.181945,100313.0000
1764075436285983577,2025-11-25 18:27:16.283,0.667829,2.560337,239.592606,0.045876,0.010185,0.978527,0.647955,0.203550,9.799578,0.000314,-0.006591,-0.010888,-0.221123,-0.542597,-1.178625,100310.0000
1764075436386026447,2025-11-25 18:27:16.382,0.673853,2.569316,239.606956,0.042665,0.008401,0.976777,0.292486,0.295729,9.744635,-0.002548,0.000364,0.009601,-0.221608,-0.541197,-1.180084,100310.0000
1764075436485338281,2025-11-25 18:27:16.482,0.680210,2.580579,239.622574,0.042444,0.010802,0.978058,0.540342,0.098395,9.762795,0.003761,-0.001193,-0.011761,-0.222589,-0.544077,-1.180508,100313.0000
1764075436585889281,2025-11-25 18:27:16.583,0.685584,2.595975,239.683159,0.042539,0.010078,0.977043,0.250317,0.048064,9.620153,0.005071,-0.006838,-0.002659,-0.222078,-0.541168,-1.178633,100310.0000
1764075436685968725,2025-11-25 18:27:16.682,0.697702,2.612821,239.763359,0.045681,0.010743,0.979398,0.446928,-0.033110,9.855021,0.001777,-0.000117,-0.017180,-0.223535,-0.543096,-1.179064,100305.0000
1764075436785353725,2025-11-25 18:27:16.782,0.712159,2.615426,239.831505,0.044567,0.008332,0.977261,0.397013,-0.005417,9.734873,0.008349,0.000177,-0.007297,-0.218730,-0.545920,-1.178128,100307.0000
1764075436885930984,2025-11-25 18:27:16.883,0.720595,2.605099,239.878799,0.044397,0.009608,0.977564,0.476472,-0.073617,9.879552,-0.005014,0.000519,-0.010181,-0.219686,-0.545437,-1.177640,100311.0000
1764075436985215521,2025-11-25 18:27:16.982,0.714410,2.577590,239.914154,0.043016,0.010628,0.976817,0.126315,-0.066510,9.573436,0.001203,0.001237,0.002097,-0.220660,-0.544059,-1.180055,100307.0000
1764075437085421577,2025-11-25 18:27:17.082,0.698049,2.560141,239.945602,0.044387,0.012337,0.978857,0.452050,-0.179353,9.830920,-0.001259,0.002315,-0.011552,-0.219229,-0.542670,-1.182505,100309.0000
1764075437185737114,2025-11-25 18:27:17.182,0.677559,2.558577,239.985802,0.042120,0.010418,0.977400,0.474088,0.129867,9.751489,-0.003571,-0.000866,-0.010819,-0.216335,-0.544994,-1.180104,100316.0000
1764075437287455669,2025-11-25 18:27:17.283,0.673501,2.557935,240.030319,0.042695,0.007162,0.976781,0.270508,0.192514,9.809418,0.006505,-0.003524,0.000940,-0.216346,-0.545025,-1.181548,100306.0000
1764075437386502817,2025-11-25 18:27:17.383,0.694886,2.568408,240.073311,0.044052,0.007749,0.976692,0.725682,0.067107,9.869981,0.004911,-0.003823,-0.009122,-0.215338,-0.543486,-1.176771,100308.0000
1764075437485858669,2025-11-25 18:27:17.482,0.724631,2.591430,240.117188,0.042309,0.009980,0.975890,0.555306,0.064146,9.781161,0.010297,-0.004121,-0.008854,-0.220143,-0.544432,-1.175241,100314.0000
1764075437586470780,2025-11-25 18:27:17.583,0.747717,2.607924,240.157715,0.043398,0.010528,0.978723,0.429717,0.131927,9.709989,0.002741,-0.003275,-0.005771,-0.219215,-0.544519,-1.179588,100301.0000
1764075437685505762,2025-11-25 18:27:17.682,0.745210,2.622097,240.207115,0.044088,0.013261,0.979057,0.548883,0.230191,9.891492,-0.002173,-0.007264,-0.012581,-0.214891,-0.544988,-1.180125,100308.0000
1764075437786219724,2025-11-25 18:27:17.783,0.724367,2.642815,240.260185,0.045933,0.011111,0.979752,0.312117,0.145748,9.737844,-0.008451,-0.001524,-0.009449,-0.215872,-0.547868,-1.180549,100308.0000
1764075437885939224,2025-11-25 18:27:17.883,0.700585,2.649610,240.311150,0.049193,0.009462,0.978861,0.452421,-0.034260,9.732892,0.003932,0.004431,-0.014394,-0.215848,-0.545450,-1.179141,100308.0000
1764075437986575261,2025-11-25 18:27:17.983,0.677576,2.632164,240.372551,0.048200,0.008820,0.976545,0.320845,0.066652,9.873599,-0.003620,0.008294,-0.008929,-0.215860,-0.547838,-1.179104,100312.0000
1764075438085700243,2025-11-25 18:27:18.082,0.672931,2.592906,240.453278,0.047359,0.007154,0.975304,0.287171,-0.389434,9.581102,0.006964,0.004170,-0.017085,-0.212970,-0.550173,-1.177185,100308.0000
1764075438197068150,2025-11-25 18:27:18.193,0.672564,2.561357,240.522614,0.044919,0.007918,0.976580,0.233827,0.077140,9.804566,0.001851,0.008247,-0.006891,-0.212008,-0.548756,-1.178184,100314.0000
1764075438285926206,2025-11-25 18:27:18.283,0.686085,2.527552,240.575127,0.044222,0.006779,0.977917,0.531175,-0.151720,9.847629,0.003800,0.005206,-0.009782,-0.213471,-0.548813,-1.180570,100312.0000
1764075438386059817,2025-11-25 18:27:18.382,0.698302,2.499391,240.612320,0.040185,0.009213,0.977958,0.346553,-0.067113,9.963534,0.003660,0.001489,0.003622,-0.212503,-0.549266,-1.179614,100310.0000
1764075438485485891,2025-11-25 18:27:18.482,0.701793,2.497872,240.650505,0.040812,0.009871,0.978574,0.207965,0.018868,9.747704,-0.001255,-0.011049,-0.006649,-0.211533,-0.549241,-1.178665,100305.0000
1764075438585651557,2025-11-25 18:27:18.582,0.702317,2.523162,240.674805,0.042074,0.010136,0.978127,0.356612,0.173243,9.762209,-0.006027,-0.004776,-0.001544,-0.208638,-0.550621,-1.176760,100308.0000
1764075438687816872,2025-11-25 18:27:18.683,0.701179,2.540659,240.693588,0.044479,0.009817,0.976952,0.332544,0.075889,9.738338,0.004991,-0.002184,0.001428,-0.209148,-0.550227,-1.180611,100313.0000
1764075438785667816,2025-11-25 18:27:18.782,0.696639,2.533875,240.702248,0.044810,0.009589,0.976880,0.695562,0.066975,9.818197,0.001801,0.004093,-0.001617,-0.208182,-0.548800,-1.181129,100306.0000
1764075438885809983,2025-11-25 18:27:18.882,0.678950,2.514800,240.710526,0.041432,0.010125,0.977104,0.328253,-0.091592,9.842557,0.001237,0.002948,-0.000437,-0.210570,-0.548292,-1.179175,100310.0000
1764075438985313390,2025-11-25 18:27:18.982,0.662473,2.497198,240.716835,0.042279,0.009297,0.978665,0.448339,0.037049,9.788997,-0.005737,-0.001654,-0.003414,-0.208200,-0.551676,-1.181567,100312.0000
1764075439086385761,2025-11-25 18:27:19.083,0.657631,2.482857,240.706413,0.042109,0.008666,0.979439,0.496530,0.249612,9.831513,0.001962,0.002336,-0.001959,-0.206735,-0.549728,-1.180173,100306.0000
1764075439185979075,2025-11-25 18:27:19.183,0.657245,2.457070,240.671951,0.043373,0.008712,0.978952,0.555215,0.060499,9.813057,-0.004357,0.008250,0.001460,-0.210102,-0.547853,-1.181116,100318.0000
1764075439287055872,2025-11-25 18:27:19.283,0.664574,2.434103,240.623016,0.038891,0.007136,0.975781,0.288137,-0.094001,9.813828,0.008697,0.001204,0.012259,-0.210595,-0.550243,-1.181072,100300.0000
1764075439385238742,2025-11-25 18:27:19.382,0.669032,2.423857,240.560402,0.040748,0.011085,0.976126,0.184496,-0.023517,9.735373,0.000937,-0.003289,0.015152,-0.207722,-0.550739,-1.182551,100314.0000
1764075439486281983,2025-11-25 18:27:19.483,0.666126,2.412081,240.492111,0.039648,0.011977,0.976986,0.458966,-0.054268,9.758020,-0.003339,0.001586,0.008327,-0.209135,-0.549251,-1.179664,100298.0000
1764075439585506742,2025-11-25 18:27:19.582,0.664829,2.397564,240.415283,0.039074,0.011359,0.978205,0.160145,0.497835,9.648893,0.005394,0.003075,0.014044,-0.207700,-0.547852,-1.181632,100309.0000
1764075439685315631,2025-11-25 18:27:19.682,0.673574,2.399911,240.323105,0.037365,0.009383,0.978369,0.379694,0.298560,9.745763,0.009447,-0.002190,0.019256,-0.211997,-0.545900,-1.178710,100302.0000
1764075439786032649,2025-11-25 18:27:19.783,0.678770,2.422206,240.218674,0.037140,0.010686,0.977634,0.216732,0.165598,9.762155,0.008439,-0.010123,0.031083,-0.212971,-0.547347,-1.179155,100301.0000
1764075439886448501,2025-11-25 18:27:19.883,0.676807,2.447002,240.107162,0.040088,0.012939,0.978081,0.463256,-0.242430,9.696662,-0.003757,-0.006427,0.012341,-0.211547,-0.545979,-1.182568,100302.0000
1764075439985480168,2025-11-25 18:27:19.982,0.670296,2.459689,239.983559,0.043451,0.012257,0.979285,0.676174,0.202154,9.897450,0.000594,0.001437,0.022196,-0.218257,-0.544525,-1.180083,100312.0000
1764075440085571149,2025-11-25 18:27:20.083,0.661314,2.461477,239.852165,0.044032,0.010344,0.977491,0.553297,-0.034142,9.800935,-0.000380,0.004282,0.028454,-0.216339,-0.543592,-1.181570,100314.0000
1764075440185548260,2025-11-25 18:27:20.182,0.664998,2.455006,239.715202,0.043029,0.011281,0.976432,0.538976,0.183968,9.777164,0.004689,0.004676,0.025604,-0.219690,-0.544034,-1.179106,100312.0000
1764075440286101945,2025-11-25 18:27:20.283,0.681785,2.453680,239.581650,0.040223,0.011258,0.976051,0.368889,0.279576,9.603777,0.004205,-0.003153,0.028237,-0.218736,-0.544995,-1.179587,100317.0000
1764075440386514612,2025-11-25 18:27:20.383,0.698609,2.466069,239.445290,0.042369,0.012357,0.978283,0.521058,0.269144,9.844111,0.004087,-0.003132,0.025463,-0.221149,-0.544081,-1.181010,100304.0000
1764075440485905019,2025-11-25 18:27:20.482,0.706773,2.469555,239.291649,0.041712,0.012622,0.978524,0.481600,-0.088202,10.012284,0.005295,0.000648,0.025179,-0.221619,-0.542640,-1.180544,100304.0000
1764075440585278852,2025-11-25 18:27:20.582,0.700666,2.467920,239.132027,0.041341,0.013763,0.976826,0.354537,-0.124501,9.819758,-0.001173,0.001145,0.030871,-0.225912,-0.541145,-1.176651,100310.0000
1764075440686094056,2025-11-25 18:27:20.683,0.693788,2.469917,238.975098,0.039893,0.013232,0.976977,0.638985,0.134790,9.804984,-0.000244,-0.005546,0.023040,-0.224000,-0.538342,-1.180093,100312.0000
1764075440785778204,2025-11-25 18:27:20.783,0.695061,2.505694,238.846939,0.041175,0.012249,0.978140,0.584756,0.005272,9.926910,0.006821,-0.004308,0.029019,-0.225456,-0.539324,-1.181020,100304.0000
1764075440885581093,2025-11-25 18:27:20.882,0.700784,2.532568,238.718185,0.042007,0.014983,0.978929,0.598798,-0.100484,9.876628,0.000263,-0.002948,0.015359,-0.231183,-0.536870,-1.176638,100308.0000
1764075440985504000,2025-11-25 18:27:20.982,0.701310,2.549268,238.607582,0.042128,0.014922,0.978005,0.261001,0.223426,9.931429,-0.006808,-0.006381,0.011620,-0.230712,-0.535953,-1.178586,100307.0000
1764075441086229778,2025-11-25 18:27:21.083,0.691061,2.551716,238.515862,0.044039,0.010938,0.978561,0.305795,-0.322972,9.774416,0.000238,0.002255,0.018368,-0.232132,-0.533541,-1.177157,100298.0000
1764075441185264204,2025-11-25 18:27:21.182,0.693041,2.562771,238.400063,0.043358,0.010407,0.976599,0.809767,0.121221,9.947534,0.003853,-0.002407,0.024279,-0.233580,-0.535915,-1.176136,100304.0000
1764075441286032463,2025-11-25 18:27:21.283,0.714858,2.577773,238.271713,0.041624,0.011149,0.976041,0.318233,0.114722,9.751334,0.008048,-0.004355,0.021244,-0.235982,-0.535915,-1.175619,100307.0000
1764075441386460963,2025-11-25 18:27:21.383,0.737421,2.574943,238.151299,0.044419,0.015041,0.976934,0.483843,0.387733,9.776645,0.004385,-0.008222,0.018977,-0.238402,-0.535022,-1.178005,100309.0000
1764075441485436444,2025-11-25 18:27:21.482,0.740959,2.568531,238.018394,0.044799,0.014828,0.978294,0.531518,-0.287584,9.766040,-0.000037,-0.004806,0.015948,-0.239843,-0.532193,-1.179472,100312.0000
1764075441585206648,2025-11-25 18:27:21.582,0.720367,2.573977,237.870506,0.043641,0.015455,0.978629,0.548401,0.482778,9.684188,-0.008534,-0.004406,0.026127,-0.241272,-0.531691,-1.178014,100306.0000
1764075441685760092,2025-11-25 18:27:21.683,0.678370,2.586402,237.733139,0.044633,0.013984,0.979237,0.367965,0.168106,9.810245,-0.002071,0.000155,0.030038,-0.241753,-0.529336,-1.179488,100308.0000
1764075441785906704,2025-11-25 18:27:21.783,0.643024,2.572863,237.602654,0.045523,0.011025,0.977465,0.184465,-0.238443,9.564241,-0.000510,0.001825,0.024846,-0.244135,-0.530698,-1.175579,100301.0000
1764075441885309574,2025-11-25 18:27:21.882,0.643631,2.560668,237.459694,0.044467,0.009978,0.976832,0.484531,-0.089038,9.815443,0.006711,0.005470,0.025641,-0.244135,-0.526927,-1.178044,100303.0000
1764075441985648055,2025-11-25 18:27:21.982,0.673034,2.558821,237.299217,0.041971,0.009418,0.976170,0.154659,0.342147,9.786120,0.009322,-0.006102,0.036064,-0.244624,-0.528363,-1.178015,100306.0000
1764075442085647444,2025-11-25 18:27:22.082,0.708450,2.548185,237.135223,0.043795,0.015121,0.977440,0.711524,0.202205,9.847558,0.011938,0.006338,0.029653,-0.248449,-0.527373,-1.175566,100317.0000
1764075442186138111,2025-11-25 18:27:22.183,0.721339,2.541414,236.950356,0.041267,0.013594,0.977861,0.523843,0.013827,9.982429,0.002438,-0.002743,0.045270,-0.247981,-0.524577,-1.178987,100311.0000
1764075442285453592,2025-11-25 18:27:22.282,0.707553,2.543938,236.761963,0.043509,0.019929,0.978024,0.453498,0.501048,9.692026,-0.004336,0.005063,0.027905,-0.250859,-0.523624,-1.178478,100309.0000
1764075442385522407,2025-11-25 18:27:22.382,0.669227,2.548851,236.582603,0.044220,0.013384,0.978391,0.192489,0.216860,9.621459,0.001852,0.001145,0.033750,-0.253735,-0.522194,-1.177975,100304.0000
1764075442486185611,2025-11-25 18:27:22.483,0.635859,2.564272,236.426262,0.044744,0.012871,0.977874,0.530251,-0.041266,9.894692,-0.005599,0.001632,0.022153,-0.255159,-0.519792,-1.177028,100317.0000
1764075442585857277,2025-11-25 18:27:22.583,0.632225,2.563965,236.289307,0.044370,0.009177,0.975760,0.485196,0.285851,9.792073,0.002607,0.006662,0.026791,-0.257560,-0.518847,-1.177007,100310.0000
1764075442685678666,2025-11-25 18:27:22.683,0.647752,2.548747,236.167084,0.041472,0.009975,0.976294,0.387947,0.157679,9.854286,0.004679,-0.001820,0.021677,-0.259508,-0.519862,-1.179371,100307.0000
1764075442786683555,2025-11-25 18:27:22.783,0.669133,2.556634,236.059975,0.042117,0.011636,0.977790,0.329612,0.125089,9.749462,0.005936,-0.003330,0.024600,-0.259514,-0.519404,-1.180341,100310.0000
1764075442886052833,2025-11-25 18:27:22.882,0.681551,2.582515,235.956276,0.044199,0.011637,0.978597,0.271916,-0.454442,9.849095,-0.001429,-0.006572,0.018476,-0.258499,-0.517378,-1.175089,100306.0000
1764075442985688999,2025-11-25 18:27:22.982,0.677392,2.592873,235.837364,0.044558,0.013702,0.977794,0.729458,0.348786,9.807816,0.003050,-0.000192,0.023771,-0.261879,-0.517423,-1.176484,100306.0000
1764075443085508481,2025-11-25 18:27:23.082,0.667724,2.589654,235.724625,0.044929,0.012269,0.977418,0.484163,-0.299810,9.788212,0.001588,0.010118,0.015253,-0.261872,-0.515990,-1.176506,100317.0000
1764075443185193147,2025-11-25 18:27:23.182,0.656265,2.559833,235.639961,0.042247,0.011881,0.977279,0.126313,0.053754,9.673543,-0.004886,0.004186,0.015792,-0.265729,-0.514615,-1.178396,100307.0000
1764075443285597462,2025-11-25 18:27:23.283,0.650839,2.528722,235.580986,0.041606,0.010487,0.979245,0.346761,0.261793,9.671063,-0.002400,0.004477,0.009331,-0.263815,-0.517462,-1.177899,100308.0000
1764075443385201943,2025-11-25 18:27:23.382,0.649761,2.516160,235.529610,0.041012,0.010045,0.977471,0.376144,0.305418,9.742474,0.009004,-0.005159,0.007708,-0.263312,-0.514574,-1.176987,100307.0000
1764075443485296258,2025-11-25 18:27:23.482,0.655458,2.533222,235.498436,0.041725,0.009531,0.978149,0.530620,0.114608,9.861709,0.001711,-0.002206,0.002974,-0.265252,-0.514623,-1.178885,100311.0000
1764075443586495869,2025-11-25 18:27:23.583,0.662274,2.540991,235.484596,0.041172,0.009332,0.977399,0.341686,0.111578,9.755616,0.009236,0.000100,0.006224,-0.265708,-0.512674,-1.176981,100308.0000
1764075443685854369,2025-11-25 18:27:23.682,0.663936,2.566203,235.476059,0.041353,0.009964,0.977322,0.382151,0.059511,9.641689,0.000807,-0.006138,0.001005,-0.267624,-0.514075,-1.175005,100302.0000
1764075443785900313,2025-11-25 18:27:23.783,0.667953,2.567645,235.484367,0.044780,0.010764,0.977112,0.408244,0.085611,9.716772,-0.004071,0.004417,0.001932,-0.265244,-0.514603,-1.177922,100310.0000
1764075443885584869,2025-11-25 18:27:23.882,0.663180,2.545409,235.520966,0.040928,0.009365,0.977342,0.378097,0.139624,9.764388,-0.002530,-0.005396,-0.014821,-0.266195,-0.514577,-1.176463,100310.0000
1764075443986513739,2025-11-25 18:27:23.983,0.651156,2.517208,235.573502,0.042694,0.009212,0.977834,0.376954,0.337744,9.830124,-0.002151,-0.004534,-0.018932,-0.265711,-0.515509,-1.175493,100310.0000
1764075444085841184,2025-11-25 18:27:24.082,0.642308,2.500233,235.637169,0.041669,0.007855,0.978016,0.526396,-0.176635,9.745095,0.003240,0.007328,-0.018472,-0.261899,-0.517007,-1.179379,100309.0000
1764075444185586017,2025-11-25 18:27:24.182,0.639563,2.492681,235.716827,0.040956,0.007774,0.978066,0.487643,0.203243,9.838120,0.007772,0.003851,-0.016319,-0.260941,-0.517013,-1.179875,100302.0000
1764075444285345906,2025-11-25 18:27:24.283,0.643129,2.472975,235.832199,0.041743,0.007754,0.978517,0.355553,0.094499,9.736373,0.000587,0.006571,-0.024983,-0.261886,-0.516498,-1.177942,100300.0000
1764075444386418758,2025-11-25 18:27:24.383,0.646407,2.456489,235.972153,0.038934,0.008981,0.977610,0.104968,0.452426,9.811333,-0.001197,0.001800,-0.031602,-0.259970,-0.519813,-1.176957,100305.0000
1764075444485377554,2025-11-25 18:27:24.482,0.643759,2.450277,236.132690,0.037514,0.006195,0.976982,0.145780,0.156865,9.704943,0.004611,0.000129,-0.025509,-0.259014,-0.518884,-1.178430,100309.0000
1764075444595737461,2025-11-25 18:27:24.593,0.637442,2.447676,236.299400,0.038941,0.006759,0.977983,0.414230,0.196916,9.768804,-0.002615,-0.003949,-0.031842,-0.254695,-0.517950,-1.180434,100310.0000
1764075444685654646,2025-11-25 18:27:24.682,0.643001,2.484954,236.493584,0.038541,0.005549,0.976975,0.661915,0.050833,9.801893,0.004417,-0.014198,-0.039483,-0.254703,-0.520329,-1.179916,100306.0000
1764075444786014405,2025-11-25 18:27:24.783,0.647323,2.522714,236.712280,0.045067,0.005321,0.977833,0.664601,-0.043874,9.846548,-0.009198,0.001220,-0.035472,-0.252315,-0.523194,-1.180389,100313.0000
1764075444885287035,2025-11-25 18:27:24.882,0.660736,2.515435,236.929169,0.042584,0.003723,0.975817,0.599772,-0.003220,9.732358,0.006254,0.003178,-0.030239,-0.251825,-0.521281,-1.180426,100315.0000
1764075444985453553,2025-11-25 18:27:24.982,0.669842,2.459773,237.157478,0.041097,0.007356,0.978076,0.400376,-0.086397,9.742114,-0.003959,0.015227,-0.041519,-0.247503,-0.525997,-1.178491,100315.0000
1764075445086087794,2025-11-25 18:27:25.083,0.674705,2.375513,237.399345,0.038928,0.006447,0.978653,0.442629,-0.066525,9.694780,-0.001679,0.009302,-0.040044,-0.241752,-0.529803,-1.178999,100315.0000
1764075445185852961,2025-11-25 18:27:25.183,0.669563,2.327142,237.639000,0.034195,0.005507,0.978971,0.345529,0.071687,9.782109,0.001103,0.002985,-0.040144,-0.241278,-0.529821,-1.179969,100310.0000
1764075445286171738,2025-11-25 18:27:25.283,0.673202,2.320800,237.882240,0.032583,0.005209,0.978764,0.528454,0.083856,9.890788,0.010531,-0.006480,-0.044687,-0.240298,-0.530711,-1.177080,100312.0000
1764075445385687942,2025-11-25 18:27:25.382,0.682512,2.356521,238.125519,0.035781,0.005594,0.978354,0.498211,0.048374,9.812084,-0.003326,-0.013321,-0.042814,-0.236482,-0.533611,-1.179500,100309.0000
1764075445486038998,2025-11-25 18:27:25.482,0.693967,2.406934,238.369644,0.035441,0.004875,0.977050,0.407959,0.100545,9.737724,0.001135,-0.012440,-0.037986,-0.234562,-0.534558,-1.179514,100314.0000
1764075445585191183,2025-11-25 18:27:25.582,0.702430,2.455788,238.621414,0.039186,0.007737,0.977531,0.320606,0.037104,9.575157,-0.002188,-0.015255,-0.050633,-0.231702,-0.538386,-1.180460,100310.0000
1764075445685302831,2025-11-25 18:27:25.682,0.707477,2.494611,238.885803,0.042212,0.006865,0.977959,0.377740,-0.308444,9.758380,-0.003791,-0.002922,-0.048084,-0.226874,-0.537379,-1.179102,100315.0000
1764075445786165238,2025-11-25 18:27:25.783,0.700542,2.479563,239.165001,0.044057,0.007622,0.978638,0.468801,0.002950,9.947743,-0.006385,0.006902,-0.045362,-0.225932,-0.539783,-1.180043,100317.0000
1764075445885505775,2025-11-25 18:27:25.882,0.698887,2.413692,239.450462,0.043345,0.003947,0.977495,0.396912,-0.187950,9.854705,-0.004536,0.015155,-0.050464,-0.221638,-0.542691,-1.182951,100315.0000
1764075445986794571,2025-11-25 18:27:25.982,0.711481,2.359766,239.732849,0.039037,0.004555,0.976375,0.500367,0.177330,9.870803,0.008840,0.008171,-0.050397,-0.218747,-0.544080,-1.181527,100312.0000
1764075446085630812,2025-11-25 18:27:26.082,0.724117,2.313358,239.998070,0.034929,0.006100,0.977505,0.346893,0.123146,9.773658,-0.004564,0.003512,-0.051065,-0.213945,-0.545970,-1.181569,100307.0000
1764075446185784182,2025-11-25 18:27:26.183,0.730988,2.289473,240.253052,0.034760,0.007473,0.978796,0.592657,0.148233,9.912677,0.001929,0.004098,-0.044183,-0.211065,-0.546445,-1.182086,100315.0000
1764075446285745182,2025-11-25 18:27:26.283,0.725893,2.290316,240.511208,0.032945,0.006443,0.978565,0.493496,-0.066561,9.783387,-0.001433,-0.000621,-0.048177,-0.208201,-0.552621,-1.181071,100310.0000
1764075446385129423,2025-11-25 18:27:26.382,0.710545,2.308692,240.765205,0.035780,0.006842,0.978858,0.030527,0.028836,9.760422,-0.004273,-0.009618,-0.043567,-0.203388,-0.550709,-1.182134,100308.0000
1764075446485350590,2025-11-25 18:27:26.482,0.692704,2.341912,240.996071,0.036361,0.005263,0.977686,0.548937,-0.047439,9.782302,-0.003167,-0.008741,-0.041118,-0.203393,-0.550252,-1.183104,100313.0000
1764075446585874182,2025-11-25 18:27:26.582,0.682410,2.360283,241.201385,0.039827,0.005433,0.977845,0.443925,0.159092,9.789269,-0.001141,-0.000080,-0.029523,-0.200037,-0.554983,-1.181636,100305.0000
1764075446686050886,2025-11-25 18:27:26.682,0.691466,2.334127,241.382629,0.038583,0.004028,0.976855,0.311772,0.098460,9.717080,0.004760,0.005346,-0.031743,-0.198585,-0.555424,-1.180206,100296.0000
1764075446786921108,2025-11-25 18:27:26.783,0.701214,2.277179,241.535217,0.038114,0.007507,0.977742,0.352658,0.437307,9.820039,0.002849,0.016794,-0.023937,-0.194756,-0.556402,-1.182174,100306.0000
1764075446886522719,2025-11-25 18:27:26.883,0.708805,2.183081,241.657394,0.035216,0.008462,0.978062,0.418919,-0.097451,9.765133,-0.005228,0.017289,-0.029223,-0.192829,-0.558274,-1.180729,100310.0000
1764075446985502775,2025-11-25 18:27:26.982,0.717835,2.092876,241.729233,0.029467,0.007237,0.979135,0.218721,0.527269,9.873383,0.004540,0.010052,-0.011856,-0.189456,-0.557303,-1.180793,100308.0000
1764075447085696089,2025-11-25 18:27:27.082,0.709935,2.037173,241.787018,0.027731,0.011773,0.978685,0.235106,0.127646,9.679823,-0.008552,0.006887,-0.021463,-0.189991,-0.558861,-1.186541,100308.0000
1764075447185438774,2025-11-25 18:27:27.182,0.705622,2.059036,241.820648,0.026305,0.007180,0.978303,0.240921,-0.231597,9.917573,0.004049,-0.014307,-0.000248,-0.190460,-0.558833,-1.185090,100309.0000
1764075447285198108,2025-11-25 18:27:27.282,0.707270,2.134039,241.834953,0.029260,0.010347,0.977899,0.342405,0.121712,9.533085,0.000752,-0.022872,0.001885,-0.189002,-0.559731,-1.182690,100305.0000
1764075447385248496,2025-11-25 18:27:27.382,0.707525,2.228276,241.837387,0.037933,0.012334,0.977538,0.302068,-0.124604,9.790177,-0.005395,-0.011527,0.000104,-0.190445,-0.561150,-1.181683,100308.0000
1764075447485629441,2025-11-25 18:27:27.482,0.713952,2.276996,241.841469,0.038911,0.009615,0.978081,0.450316,0.767519,9.918390,0.007524,-0.008043,0.003054,-0.193341,-0.558358,-1.184573,100306.0000
1764075447585529533,2025-11-25 18:27:27.583,0.714369,2.300716,241.845459,0.039971,0.010738,0.975999,0.186911,0.121805,9.528035,-0.002618,-0.003395,-0.001113,-0.188988,-0.559222,-1.181253,100310.0000
1764075447685675774,2025-11-25 18:27:27.683,0.708278,2.321502,241.847710,0.039505,0.010842,0.978062,0.672986,0.507531,9.991249,-0.000679,-0.005895,-0.011426,-0.189968,-0.559745,-1.183157,100313.0000
1764075447787042200,2025-11-25 18:27:27.783,0.695188,2.333041,241.866386,0.039615,0.011025,0.976291,0.458036,-0.098720,9.754745,-0.007191,-0.001808,-0.003444,-0.191883,-0.559256,-1.182173,100312.0000
1764075447885416792,2025-11-25 18:27:27.882,0.683698,2.346015,241.878799,0.040925,0.007881,0.978832,0.466785,0.217809,9.838581,0.000672,-0.004879,-0.007349,-0.190908,-0.558275,-1.181239,100313.0000
1764075447986215126,2025-11-25 18:27:27.983,0.665227,2.348900,241.856567,0.042658,0.008558,0.977768,0.552761,-0.163054,9.650964,-0.009203,0.001611,0.003784,-0.190437,-0.558771,-1.182202,100310.0000
1764075448085452792,2025-11-25 18:27:28.082,0.655198,2.318576,241.797562,0.040743,0.007462,0.978372,0.529683,0.357406,9.866888,0.005902,0.003520,0.009928,-0.192852,-0.560693,-1.182137,100308.0000
1764075448185317626,2025-11-25 18:27:28.182,0.648373,2.300251,241.741417,0.038632,0.012790,0.977154,0.239385,-0.285163,9.803673,-0.008885,-0.000553,0.002704,-0.189464,-0.557324,-1.181756,100306.0000
1764075448285906848,2025-11-25 18:27:28.283,0.638402,2.335191,241.702637,0.034343,0.009485,0.978206,0.306433,0.373845,9.817685,-0.000627,-0.006091,0.005708,-0.190427,-0.555915,-1.182727,100311.0000
1764075448385235274,2025-11-25 18:27:28.382,0.631431,2.400217,241.665062,0.035987,0.006120,0.978486,0.151377,0.247236,9.815675,0.001287,-0.007194,0.014112,-0.193800,-0.557831,-1.182167,100311.0000
1764075448485880218,2025-11-25 18:27:28.483,0.649003,2.459738,241.612877,0.044388,0.010745,0.977549,0.690797,0.217347,9.726819,0.007409,-0.003844,-0.002025,-0.194263,-0.556369,-1.180737,100313.0000
1764075448585634792,2025-11-25 18:27:28.583,0.677437,2.490406,241.544479,0.044072,0.007945,0.976741,0.490749,0.400024,9.768735,0.007037,-0.000040,0.018160,-0.194745,-0.558262,-1.179738,100298.0000
1764075448685764681,2025-11-25 18:27:28.683,0.696947,2.470253,241.475739,0.043848,0.012977,0.976178,0.430692,-0.076951,9.698958,-0.002062,0.005153,0.007575,-0.194748,-0.556382,-1.181211,100313.0000
1764075448785942940,2025-11-25 18:27:28.783,0.701756,2.436734,241.403778,0.042933,0.013298,0.978634,0.654830,0.178596,9.833243,0.005744,0.009591,0.011175,-0.194756,-0.558760,-1.180693,100314.0000
1764075448885305996,2025-11-25 18:27:28.882,0.683141,2.424083,241.330597,0.039708,0.013292,0.978259,0.495746,0.027363,9.921232,-0.012801,0.003449,0.006875,-0.197142,-0.556362,-1.179732,100306.0000
1764075448985308477,2025-11-25 18:27:28.982,0.660149,2.438691,241.242050,0.040785,0.009931,0.978934,0.400401,0.088662,9.661478,0.002001,-0.001089,0.019382,-0.197643,-0.555002,-1.183116,100315.0000
1764075449085412107,2025-11-25 18:27:29.082,0.638661,2.460587,241.146431,0.041673,0.009247,0.977116,0.308634,-0.271967,9.738479,0.000622,-0.004622,0.009874,-0.199071,-0.557326,-1.179688,100306.0000
1764075449186337681,2025-11-25 18:27:29.183,0.644192,2.461533,241.039772,0.042942,0.010219,0.978069,0.498577,0.433024,9.703533,0.002084,0.000368,0.021485,-0.199553,-0.555915,-1.180666,100307.0000
1764075449285734366,2025-11-25 18:27:29.283,0.663601,2.436787,240.957901,0.040971,0.010103,0.976025,0.193873,0.170252,9.643126,0.005283,-0.004118,0.018271,-0.198573,-0.553980,-1.179747,100307.0000
1764075449396067625,2025-11-25 18:27:29.393,0.689552,2.421590,240.873360,0.039645,0.014098,0.977839,0.426763,-0.069520,9.719840,0.004339,0.000272,0.009462,-0.200520,-0.554517,-1.182118,100309.0000
1764075449486282643,2025-11-25 18:27:29.483,0.707087,2.434860,240.800804,0.039565,0.012210,0.978597,0.743282,0.347972,9.883205,0.000880,-0.008260,0.006244,-0.201945,-0.554006,-1.180178,100313.0000
1764075449585455347,2025-11-25 18:27:29.582,0.716040,2.483757,240.736099,0.041253,0.011765,0.976851,0.363556,0.184239,9.731655,0.005896,-0.013472,0.019026,-0.202895,-0.554447,-1.178231,100308.0000
1764075449685674458,2025-11-25 18:27:29.682,0.715892,2.546512,240.696632,0.045507,0.013268,0.978038,0.621044,0.037218,10.009507,-0.001881,-0.010870,-0.007453,-0.203865,-0.554471,-1.179180,100310.0000
1764075449785528495,2025-11-25 18:27:29.782,0.715591,2.597068,240.670433,0.046152,0.011234,0.976692,0.255241,0.055098,9.707229,-0.002725,-0.005707,0.010181,-0.203884,-0.554522,-1.181587,100312.0000
1764075449885922143,2025-11-25 18:27:29.883,0.709682,2.613752,240.672562,0.046938,0.012104,0.977495,0.761030,0.157472,9.824202,0.002044,0.003400,-0.002809,-0.206266,-0.552114,-1.180144,100303.0000
1764075449985199791,2025-11-25 18:27:29.982,0.698137,2.595800,240.682961,0.046104,0.010386,0.977965,0.458030,0.244855,9.716177,-0.004027,0.004482,0.005922,-0.201466,-0.555894,-1.179193,100307.0000
1764075450095579550,2025-11-25 18:27:30.092,0.682050,2.573445,240.677345,0.043144,0.010178,0.978179,0.201460,-0.002096,9.813256,-0.002535,0.001888,-0.001782,-0.203876,-0.554502,-1.180624,100310.0000
1764075450186396791,2025-11-25 18:27:30.183,0.664185,2.577726,240.643288,0.042937,0.008869,0.978509,0.665934,0.033329,9.824109,-0.001931,-0.005680,0.002723,-0.202907,-0.553065,-1.180660,100307.0000
1764075450285459087,2025-11-25 18:27:30.282,0.646712,2.607977,240.600044,0.042290,0.010481,0.977773,0.378867,0.355578,9.843245,-0.000222,-0.007423,0.008046,-0.203386,-0.553534,-1.180164,100308.0000
1764075450386025235,2025-11-25 18:27:30.382,0.641609,2.630872,240.574318,0.045750,0.010887,0.977591,0.481064,0.149870,9.710340,0.004906,-0.001931,-0.003686,-0.201933,-0.553030,-1.179230,100310.0000
1764075450486995050,2025-11-25 18:27:30.483,0.640810,2.663487,240.561821,0.046577,0.009264,0.976755,0.444322,-0.012365,9.792165,-0.005617,0.000354,0.005078,-0.204351,-0.554017,-1.180143,100316.0000
1764075450585777921,2025-11-25 18:27:30.583,0.651850,2.679903,240.553665,0.045791,0.008621,0.976897,0.568538,0.155524,9.780065,0.008602,-0.001920,0.001443,-0.207700,-0.551623,-1.179167,100313.0000
1764075450685782902,2025-11-25 18:27:30.682,0.669062,2.679683,240.558647,0.046802,0.010421,0.977010,0.350892,0.074815,9.739395,-0.000020,-0.004876,0.000089,-0.204822,-0.553521,-1.179180,100308.0000
1764075450786507235,2025-11-25 18:27:30.783,0.693654,2.694537,240.567299,0.046074,0.011533,0.978144,0.247481,0.075189,9.562820,0.004130,-0.001457,-0.003444,-0.202903,-0.555412,-1.178698,100309.0000
1764075450886392698,2025-11-25 18:27:30.883,0.710322,2.709575,240.580070,0.047153,0.011487,0.977857,0.483682,0.186851,9.674325,0.004661,-0.006984,-0.003483,-0.203868,-0.554482,-1.179662,100314.0000
1764075450985502809,2025-11-25 18:27:30.982,0.707620,2.716072,240.588905,0.047447,0.012221,0.978331,0.458988,0.225369,9.853343,0.003520,-0.004535,0.004775,-0.203390,-0.554957,-1.179661,100309.0000
1764075451085711791,2025-11-25 18:27:31.082,0.694112,2.696719,240.594864,0.048247,0.010635,0.977671,0.366541,0.157156,9.812831,-0.009720,0.003999,0.004295,-0.205311,-0.555901,-1.178655,100304.0000
1764075451185477328,2025-11-25 18:27:31.182,0.676548,2.661124,240.604370,0.047227,0.010224,0.976749,0.386937,-0.026996,9.572997,-0.002816,0.008062,-0.003970,-0.202892,-0.553969,-1.178239,100317.0000
1764075451285389402,2025-11-25 18:27:31.283,0.658580,2.646269,240.611336,0.045356,0.010148,0.977258,0.461900,0.243972,9.724030,-0.007802,-0.000090,-0.005379,-0.201959,-0.554514,-1.181615,100313.0000
1764075451385893179,2025-11-25 18:27:31.383,0.657941,2.681099,240.605461,0.042546,0.008618,0.976465,0.196266,0.334279,9.698874,-0.000433,-0.011980,-0.000113,-0.203402,-0.555933,-1.180609,100302.0000
1764075451485218087,2025-11-25 18:27:31.482,0.662941,2.730052,240.600372,0.048016,0.009637,0.978456,0.541410,0.197291,9.802339,-0.000569,-0.005916,0.001378,-0.204356,-0.554972,-1.180128,100313.0000
1764075451585440494,2025-11-25 18:27:31.582,0.663796,2.744219,240.580315,0.050631,0.011547,0.978830,0.401053,0.077015,9.784410,0.002800,-0.000717,0.003149,-0.202413,-0.554444,-1.178239,100310.0000
1764075451685246012,2025-11-25 18:27:31.682,0.664949,2.709504,240.539444,0.049103,0.009281,0.976901,0.708794,0.030269,9.973629,0.001816,0.012309,0.006220,-0.201932,-0.554442,-1.178246,100315.0000
1764075451785285512,2025-11-25 18:27:31.782,0.667648,2.657892,240.494652,0.044554,0.010556,0.976289,0.234897,0.019845,9.645826,0.007929,0.014346,0.011108,-0.203371,-0.551136,-1.179720,100312.0000
1764075451886589327,2025-11-25 18:27:31.883,0.665204,2.632478,240.446426,0.042100,0.012187,0.977928,0.273791,-0.291142,9.622878,0.000775,0.002963,0.006319,-0.203863,-0.552581,-1.180172,100312.0000
1764075451986212994,2025-11-25 18:27:31.982,0.659368,2.654852,240.388130,0.042690,0.011741,0.978539,0.576465,0.203593,9.657784,0.001971,-0.005252,0.004695,-0.205796,-0.553555,-1.180610,100302.0000
1764075452085679105,2025-11-25 18:27:32.083,0.655972,2.683264,240.319290,0.042641,0.008480,0.979185,0.349626,0.108513,9.977801,0.000243,-0.001879,0.018644,-0.205793,-0.554490,-1.179633,100310.0000
1764075452186804642,2025-11-25 18:27:32.183,0.667415,2.686096,240.236084,0.045228,0.009600,0.977724,0.235485,0.188268,9.700763,0.011814,0.004886,0.019206,-0.205812,-0.554541,-1.182040,100314.0000
1764075452296930086,2025-11-25 18:27:32.293,0.690701,2.659955,240.138008,0.046680,0.011256,0.977160,0.293738,-0.347816,9.717706,0.004502,0.006266,0.019670,-0.206272,-0.552602,-1.180618,100310.0000
1764075452385607012,2025-11-25 18:27:32.382,0.719484,2.640195,240.050484,0.045137,0.015062,0.975974,0.549857,0.287095,9.757183,0.011138,0.004835,0.013383,-0.209135,-0.553021,-1.177198,100306.0000
1764075452486499605,2025-11-25 18:27:32.483,0.720847,2.631616,239.985954,0.044550,0.014912,0.975837,0.665104,-0.017277,9.817445,0.000788,-0.004047,0.011647,-0.208663,-0.551160,-1.179642,100306.0000
1764075452585758975,2025-11-25 18:27:32.582,0.702539,2.643466,239.928116,0.041752,0.014835,0.976681,0.307493,0.252147,9.722092,-0.008842,-0.008931,0.012170,-0.211079,-0.551668,-1.180562,100312.0000
1764075452687189882,2025-11-25 18:27:32.683,0.675771,2.652801,239.854034,0.043385,0.011040,0.980205,0.604167,0.030697,9.911854,-0.002625,0.001301,0.013752,-0.207691,-0.548300,-1.180181,100314.0000
1764075452786786938,2025-11-25 18:27:32.783,0.654440,2.646993,239.752251,0.043666,0.011047,0.980763,0.399505,0.252643,9.554492,-0.000207,-0.003197,0.015731,-0.211076,-0.550246,-1.181065,100305.0000
1764075452885324827,2025-11-25 18:27:32.882,0.652337,2.650424,239.646927,0.044985,0.010096,0.979297,0.340370,0.105952,9.758020,0.004131,0.001031,0.012954,-0.212500,-0.547843,-1.180117,100310.0000
1764075452997307938,2025-11-25 18:27:32.993,0.671400,2.650421,239.546227,0.043978,0.010672,0.976605,0.533773,-0.004460,9.943270,0.002423,0.003533,0.012731,-0.213479,-0.549779,-1.181036,100310.0000
1764075453085676012,2025-11-25 18:27:33.082,0.697988,2.620326,239.447800,0.044252,0.011529,0.974573,0.663833,0.331403,9.780550,0.002239,-0.000388,0.017513,-0.212009,-0.548288,-1.178673,100306.0000
1764075453186101326,2025-11-25 18:27:33.183,0.718161,2.583574,239.322533,0.042566,0.012840,0.975189,0.340472,0.407630,9.660610,0.005206,0.002740,0.031666,-0.211537,-0.547839,-1.180132,100310.0000
1764075453286170123,2025-11-25 18:27:33.283,0.714819,2.591339,239.208115,0.040106,0.015464,0.977728,0.451109,-0.243860,10.055157,0.001880,-0.000281,0.018396,-0.213954,-0.550706,-1.179571,100313.0000
1764075453385259419,2025-11-25 18:27:33.382,0.696876,2.644136,239.100090,0.039129,0.013931,0.978701,0.278566,-0.084503,9.820858,-0.006127,-0.012826,0.012627,-0.214392,-0.544467,-1.178214,100307.0000
1764075453485305993,2025-11-25 18:27:33.482,0.665519,2.699021,238.993309,0.043497,0.014538,0.980111,0.147139,0.491250,9.624499,0.000124,-0.010996,0.015299,-0.218240,-0.541182,-1.180134,100315.0000
1764075453585858678,2025-11-25 18:27:33.582,0.641254,2.731454,238.901810,0.047261,0.010692,0.978980,0.372749,0.063838,9.836432,0.002806,-0.000312,0.021653,-0.219229,-0.545028,-1.181024,100306.0000
1764075453685949845,2025-11-25 18:27:33.683,0.641870,2.731869,238.809425,0.048245,0.009847,0.976315,0.544710,-0.439566,10.032495,0.005149,0.001459,0.015672,-0.219226,-0.545963,-1.180047,100302.0000
1764075453785609159,2025-11-25 18:27:33.783,0.660339,2.696368,238.720222,0.046654,0.009821,0.976659,0.506810,0.418264,9.947899,0.004971,0.007260,0.012599,-0.223056,-0.543571,-1.179064,100306.0000
1764075453885412178,2025-11-25 18:27:33.882,0.685200,2.629057,238.614082,0.043804,0.009700,0.976289,0.320465,0.083537,9.842826,0.014457,0.015380,0.024601,-0.218754,-0.543156,-1.182986,100313.0000
1764075453986078678,2025-11-25 18:27:33.983,0.706254,2.564399,238.493134,0.039405,0.015150,0.976521,0.513135,0.171837,9.732306,0.003916,0.016987,0.015890,-0.221602,-0.543067,-1.178130,100315.0000
1764075454085471585,2025-11-25 18:27:34.082,0.712770,2.559842,238.375206,0.036802,0.013914,0.976434,0.470362,-0.182558,9.805394,0.003908,-0.002874,0.021695,-0.222576,-0.543102,-1.179560,100308.0000
1764075454186707141,2025-11-25 18:27:34.183,0.696274,2.592895,238.269920,0.039183,0.015170,0.978960,0.407803,0.044763,9.741158,-0.004941,-0.009892,0.017666,-0.223053,-0.543094,-1.179071,100306.0000
1764075454285731733,2025-11-25 18:27:34.283,0.672308,2.649162,238.172493,0.042192,0.014645,0.978671,0.542767,0.440313,9.885542,-0.005218,-0.012090,0.008835,-0.224488,-0.541189,-1.179079,100301.0000
1764075454386452455,2025-11-25 18:27:34.383,0.638461,2.706362,238.078537,0.045278,0.011667,0.978779,0.313197,0.299253,9.722875,-0.002682,-0.010266,0.009592,-0.226869,-0.540194,-1.176651,100313.0000
1764075454486294252,2025-11-25 18:27:34.483,0.609298,2.737112,237.983009,0.046661,0.009280,0.978248,0.158301,-0.033669,9.673444,0.000688,-0.004475,0.016657,-0.229777,-0.539791,-1.179504,100310.0000
1764075454586223788,2025-11-25 18:27:34.583,0.597905,2.742259,237.885941,0.048311,0.010496,0.977505,0.491268,-0.072095,9.823804,-0.000081,0.001027,0.013895,-0.226400,-0.538810,-1.179087,100310.0000
1764075454685995955,2025-11-25 18:27:34.683,0.593080,2.716692,237.794022,0.047876,0.012126,0.978318,0.526644,0.528247,9.621363,-0.005827,0.008305,0.006710,-0.230250,-0.537414,-1.180015,100317.0000
1764075454785800159,2025-11-25 18:27:34.783,0.596852,2.651368,237.719925,0.046094,0.007915,0.977924,0.453346,0.249537,9.852162,0.009413,0.011987,0.014976,-0.230235,-0.535961,-1.179074,100310.0000
1764075454886054288,2025-11-25 18:27:34.883,0.611935,2.568390,237.657455,0.043874,0.010696,0.976353,0.692329,-0.066846,9.917878,0.003807,0.007384,0.007935,-0.229307,-0.539819,-1.180956,100313.0000
1764075454985672770,2025-11-25 18:27:34.983,0.624923,2.509921,237.603241,0.038009,0.009188,0.976319,0.090736,0.199040,9.626435,0.003460,0.005683,0.009336,-0.228806,-0.536463,-1.180532,100307.0000
1764075455086257047,2025-11-25 18:27:35.083,0.617595,2.506270,237.534409,0.037119,0.010909,0.977547,0.168003,-0.136530,9.610559,0.001316,0.002672,0.011683,-0.231234,-0.537947,-1.182400,100313.0000
1764075455196409436,2025-11-25 18:27:35.193,0.608548,2.553348,237.422981,0.033802,0.010111,0.977861,0.363639,0.074446,9.727635,0.005003,-0.008682,0.029390,-0.232650,-0.537883,-1.179009,100314.0000
1764075455285645288,2025-11-25 18:27:35.282,0.592893,2.631303,237.297440,0.040117,0.011920,0.977820,0.238902,0.004332,9.864882,-0.001208,-0.016682,0.012355,-0.233128,-0.534104,-1.180986,100307.0000
1764075455386239121,2025-11-25 18:27:35.383,0.583994,2.704147,237.178841,0.042914,0.008860,0.978094,0.463854,-0.095972,9.873690,-0.002932,-0.014244,0.017521,-0.236006,-0.534564,-1.179492,100315.0000
1764075455496929306,2025-11-25 18:27:35.493,0.590367,2.734186,237.064049,0.048496,0.009983,0.977424,0.526542,0.416610,9.688429,0.001080,-0.006434,0.022366,-0.236980,-0.534599,-1.180922,100310.0000
1764075455586365899,2025-11-25 18:27:35.583,0.606714,2.696808,236.936111,0.049905,0.010461,0.978434,0.613607,0.257186,9.785031,-0.002343,0.012264,0.020135,-0.238894,-0.534110,-1.179938,100317.0000
1764075455685934751,2025-11-25 18:27:35.683,0.606626,2.598037,236.822807,0.043907,0.014125,0.977669,0.429800,0.421769,9.660725,0.000718,0.023974,0.011682,-0.238392,-0.532166,-1.178531,100309.0000
1764075455786302491,2025-11-25 18:27:35.783,0.596209,2.508127,236.710518,0.037236,0.011381,0.977100,0.156660,0.184179,9.665107,-0.003135,0.010592,0.014706,-0.237449,-0.529855,-1.182433,100315.0000
1764075455885254473,2025-11-25 18:27:35.882,0.593565,2.485452,236.604080,0.033284,0.009441,0.977461,0.052639,0.002437,9.691734,-0.000218,-0.001118,0.023074,-0.238901,-0.533185,-1.181397,100316.0000
1764075455985432028,2025-11-25 18:27:35.982,0.602348,2.525077,236.496246,0.032189,0.010604,0.977427,0.520163,0.008449,9.988461,0.004156,-0.009922,0.021777,-0.239361,-0.528888,-1.181456,100315.0000
1764075456085949084,2025-11-25 18:27:36.082,0.619091,2.617015,236.388016,0.038503,0.011814,0.977414,0.161593,0.119755,9.688202,0.006169,-0.016914,0.024055,-0.241748,-0.528380,-1.179502,100305.0000
1764075456196628158,2025-11-25 18:27:36.193,0.629598,2.703657,236.290901,0.046730,0.011232,0.978540,0.622415,-0.130558,9.692909,0.002602,-0.006368,0.012443,-0.243185,-0.529311,-1.178022,100317.0000
1764075456285326399,2025-11-25 18:27:36.282,0.625824,2.741173,236.193680,0.049665,0.013111,0.977814,0.582282,0.240425,9.846294,-0.001221,0.000322,0.019715,-0.244640,-0.529349,-1.179445,100315.0000
1764075456385428547,2025-11-25 18:27:36.382,0.604877,2.720330,236.110214,0.046868,0.012106,0.977329,0.361196,0.019088,9.723319,-0.001975,0.012746,0.015425,-0.248493,-0.530789,-1.178884,100311.0000
1764075456486510139,2025-11-25 18:27:36.483,0.583952,2.661931,236.026817,0.043613,0.010453,0.977603,0.519551,0.318769,9.830067,0.002406,0.012348,0.018566,-0.247531,-0.527959,-1.180868,100308.0000
1764075456585262769,2025-11-25 18:27:36.582,0.572662,2.610271,235.930458,0.040441,0.009683,0.977629,0.368373,-0.068156,9.727740,0.001393,0.011013,0.019966,-0.245603,-0.525582,-1.181896,100304.0000
1764075456685391047,2025-11-25 18:27:36.682,0.570705,2.572662,235.833542,0.039601,0.010489,0.979388,0.427881,-0.025747,9.878410,0.001003,0.002512,0.010805,-0.247050,-0.527957,-1.180875,100311.0000
1764075456786355083,2025-11-25 18:27:36.783,0.586675,2.559125,235.741112,0.038860,0.008934,0.977597,0.619239,0.356801,9.821815,0.004940,0.000492,0.013936,-0.246056,-0.523155,-1.180000,100308.0000
1764075456886141083,2025-11-25 18:27:36.883,0.610577,2.580861,235.661339,0.038608,0.010115,0.977020,0.459085,0.219539,9.846189,0.001043,-0.007409,0.012265,-0.246564,-0.528412,-1.179913,100304.0000
1764075456985532102,2025-11-25 18:27:36.982,0.621896,2.624282,235.602661,0.039425,0.012448,0.976366,0.474434,0.334898,9.888204,0.005318,-0.010495,0.009771,-0.251342,-0.524104,-1.178463,100318.0000
1764075457095771861,2025-11-25 18:27:37.093,0.615212,2.676563,235.545616,0.042150,0.013597,0.977680,0.299509,0.259781,9.680545,-0.003989,-0.005741,0.008889,-0.251351,-0.525069,-1.178930,100316.0000
1764075457186475398,2025-11-25 18:27:37.183,0.599151,2.709518,235.500870,0.043300,0.011376,0.978652,0.315488,-0.137532,9.685672,0.003384,-0.000092,0.010767,-0.253751,-0.526950,-1.176939,100312.0000
1764075457285481417,2025-11-25 18:27:37.282,0.568631,2.701674,235.458359,0.043711,0.010996,0.978052,0.459714,0.178483,9.823909,-0.008908,-0.000274,0.003928,-0.250884,-0.525576,-1.180374,100311.0000
1764075457385926176,2025-11-25 18:27:37.383,0.551205,2.678387,235.435013,0.043896,0.007906,0.977752,0.184650,-0.101268,9.641964,0.000605,0.001415,0.007892,-0.250863,-0.523634,-1.178959,100312.0000
1764075457486724213,2025-11-25 18:27:37.482,0.557025,2.648680,235.402161,0.043456,0.007393,0.977396,0.491630,0.062517,9.848386,0.000510,0.004633,0.002361,-0.251843,-0.524157,-1.180863,100311.0000
1764075457586421564,2025-11-25 18:27:37.583,0.572702,2.632877,235.359718,0.040213,0.007764,0.976720,0.380679,0.028560,9.800382,0.004963,-0.003222,0.001271,-0.252791,-0.521295,-1.180892,100315.0000
1764075457686192453,2025-11-25 18:27:37.683,0.581968,2.635648,235.327652,0.040019,0.011030,0.977523,0.491238,0.318676,9.725760,0.004328,-0.002292,0.010821,-0.251326,-0.521705,-1.178018,100311.0000
1764075457796401768,2025-11-25 18:27:37.793,0.583642,2.653139,235.322426,0.040138,0.011723,0.979266,0.364885,0.153728,9.732294,-0.002845,-0.004919,-0.005723,-0.249894,-0.523142,-1.178499,100311.0000
1764075457885713490,2025-11-25 18:27:37.883,0.579433,2.684619,235.314568,0.041555,0.010208,0.978925,0.263836,0.153534,9.748867,-0.004376,-0.007523,0.007603,-0.251342,-0.524104,-1.178463,100313.0000
1764075457985460898,2025-11-25 18:27:37.982,0.579135,2.706636,235.304871,0.042901,0.010663,0.978069,0.703734,0.153536,9.921528,-0.001135,-0.005903,-0.003565,-0.252290,-0.522655,-1.177508,100308.0000
1764075458085744323,2025-11-25 18:27:38.082,0.580531,2.726308,235.311806,0.044823,0.010093,0.975939,0.300543,-0.254167,9.695839,0.005769,-0.011336,0.001977,-0.254709,-0.523174,-1.178909,100308.0000
1764075458185443879,2025-11-25 18:27:38.182,0.583966,2.722265,235.333733,0.047261,0.009620,0.976647,0.476722,-0.173719,9.874678,0.002447,0.006648,-0.014482,-0.250396,-0.526498,-1.178922,100315.0000
1764075458285553101,2025-11-25 18:27:38.283,0.585142,2.692663,235.350357,0.043276,0.008545,0.977212,0.489948,-0.150184,9.883538,0.001616,0.003578,-0.001288,-0.250878,-0.525088,-1.179900,100304.0000
1764075458385973157,2025-11-25 18:27:38.383,0.582614,2.665817,235.350685,0.039926,0.008398,0.977908,0.611636,0.163675,9.947353,0.006414,0.002317,0.001964,-0.249903,-0.524108,-1.178966,100307.0000
1764075458485247045,2025-11-25 18:27:38.482,0.588489,2.657962,235.315674,0.041466,0.008648,0.978692,0.362078,0.024580,9.721169,-0.001690,0.000276,0.007996,-0.250851,-0.521246,-1.178996,100308.0000
1764075458585319508,2025-11-25 18:27:38.582,0.592096,2.633554,235.262779,0.039353,0.012388,0.979630,0.315461,0.211073,9.624211,0.001169,0.003307,0.004321,-0.248942,-0.523636,-1.179469,100311.0000
1764075458685702749,2025-11-25 18:27:38.682,0.594253,2.608178,235.197281,0.040561,0.010633,0.979538,0.247803,0.446701,9.794607,-0.002030,-0.001158,0.025222,-0.253748,-0.524115,-1.178428,100304.0000
1764075458785949638,2025-11-25 18:27:38.783,0.600564,2.560472,235.100632,0.041045,0.009910,0.977917,0.424622,-0.075015,9.830626,0.007076,0.011107,0.021747,-0.254248,-0.523223,-1.181323,100310.0000
1764075458885512490,2025-11-25 18:27:38.883,0.595353,2.498355,234.968018,0.037989,0.014143,0.975556,0.303203,0.674549,9.709978,-0.000763,0.012300,0.019675,-0.252305,-0.524108,-1.178449,100302.0000
1764075458997175545,2025-11-25 18:27:38.993,0.583847,2.433228,234.807411,0.036373,0.007848,0.975617,0.217350,-0.704085,9.779858,0.002291,0.009469,0.028926,-0.255667,-0.519865,-1.180390,100318.0000
1764075459085461064,2025-11-25 18:27:39.082,0.587721,2.395645,234.603584,0.033593,0.012786,0.978337,0.530615,0.437727,9.857965,0.007826,0.003131,0.040352,-0.257128,-0.522748,-1.180806,100307.0000
1764075459185465175,2025-11-25 18:27:39.182,0.604443,2.385891,234.389091,0.032571,0.014464,0.977116,0.328791,0.297352,9.551929,0.003275,-0.000396,0.030800,-0.258048,-0.516512,-1.179443,100313.0000
1764075459285554508,2025-11-25 18:27:39.283,0.627889,2.421873,234.156853,0.032631,0.013233,0.979942,0.054948,0.047178,9.824955,-0.001124,-0.010942,0.036899,-0.260938,-0.517947,-1.178897,100312.0000
1764075459386258360,2025-11-25 18:27:39.382,0.637709,2.452186,233.913284,0.037051,0.013298,0.980272,0.330604,-0.507072,10.022609,0.008997,-0.002623,0.047392,-0.262351,-0.514102,-1.177491,100314.0000
1764075459485899971,2025-11-25 18:27:39.483,0.633452,2.453966,233.646950,0.039667,0.017063,0.977900,0.317513,0.414804,9.756183,0.003433,0.001171,0.054116,-0.266679,-0.513644,-1.177434,100307.0000
1764075459585508323,2025-11-25 18:27:39.582,0.610932,2.427073,233.375313,0.038941,0.016685,0.976749,0.567111,0.346010,9.656491,-0.001149,0.007395,0.038040,-0.269560,-0.513169,-1.176917,100314.0000
1764075459685394860,2025-11-25 18:27:39.682,0.590718,2.407677,233.100395,0.036271,0.014782,0.976014,0.462442,0.105679,9.747896,-0.004461,0.006509,0.040741,-0.270042,-0.510346,-1.178879,100307.0000
1764075459785444934,2025-11-25 18:27:39.783,0.578520,2.396985,232.851440,0.032831,0.011217,0.978121,0.163028,0.052967,9.884299,0.005606,-0.001116,0.053465,-0.272919,-0.506090,-1.180346,100309.0000
1764075459885760230,2025-11-25 18:27:39.882,0.571417,2.419292,232.635437,0.034570,0.015575,0.977234,0.472991,0.356304,9.799605,0.004054,-0.011392,0.036485,-0.277727,-0.504689,-1.180779,100305.0000
1764075459986206674,2025-11-25 18:27:39.983,0.581023,2.457937,232.447472,0.037651,0.011380,0.978181,0.332093,-0.033576,9.818564,0.003355,-0.000950,0.033249,-0.277723,-0.503734,-1.180793,100311.0000
1764075460085965415,2025-11-25 18:27:40.083,0.593981,2.499606,232.284897,0.039674,0.015720,0.977464,0.355753,0.095591,9.583240,0.000379,-0.007041,0.026788,-0.280104,-0.502738,-1.178366,100310.0000
1764075460186285878,2025-11-25 18:27:40.183,0.601370,2.550064,232.143997,0.038282,0.012463,0.977663,0.353559,0.182810,9.959067,0.002364,-0.011742,0.021963,-0.282040,-0.504190,-1.178797,100304.0000
1764075460296574341,2025-11-25 18:27:40.293,0.597570,2.618953,232.023575,0.041277,0.013813,0.977496,0.246968,0.049845,9.562447,0.003536,-0.013681,0.023964,-0.283459,-0.500832,-1.177864,100305.0000
1764075460385855304,2025-11-25 18:27:40.383,0.580754,2.665483,231.916794,0.043690,0.012851,0.978488,0.559375,0.277702,9.829341,-0.001964,-0.006677,0.009128,-0.284426,-0.501792,-1.177835,100306.0000
1764075460485871359,2025-11-25 18:27:40.483,0.558811,2.681337,231.828201,0.043935,0.011681,0.978003,0.439613,0.092277,9.822276,-0.003758,-0.001899,0.009554,-0.285836,-0.498881,-1.175451,100302.0000
1764075460596525840,2025-11-25 18:27:40.593,0.536551,2.658429,231.762848,0.044381,0.009814,0.977830,0.569134,0.057606,9.846750,0.005052,0.002237,0.012067,-0.285850,-0.497977,-1.177872,100308.0000
1764075460685880174,2025-11-25 18:27:40.683,0.529362,2.647211,231.727798,0.043236,0.009211,0.977675,0.301874,-0.040850,9.752853,-0.002123,0.004104,0.002173,-0.288239,-0.497002,-1.176407,100306.0000
1764075460786057526,2025-11-25 18:27:40.783,0.541263,2.660528,231.719589,0.039758,0.009663,0.976606,0.433959,0.393898,9.767685,-0.000639,-0.004611,0.000388,-0.287780,-0.499886,-1.177333,100302.0000
1764075460886215525,2025-11-25 18:27:40.883,0.558308,2.689861,231.744522,0.043238,0.009481,0.976801,0.127577,0.081154,9.680490,0.000314,-0.000797,-0.003392,-0.286342,-0.500835,-1.177340,100302.0000
1764075460996540451,2025-11-25 18:27:40.993,0.578123,2.702472,231.792664,0.045907,0.010486,0.977018,0.829420,0.142665,9.881421,-0.001182,-0.002577,-0.015579,-0.285864,-0.502256,-1.176844,100301.0000
1764075461085480599,2025-11-25 18:27:41.082,0.584007,2.696585,231.864670,0.041903,0.008489,0.977461,0.321782,0.096026,9.697986,-0.006293,-0.001682,-0.013609,-0.285877,-0.503232,-1.177792,100314.0000
1764075461185292414,2025-11-25 18:27:41.182,0.580980,2.686281,231.964737,0.045548,0.011034,0.980054,0.260355,0.127772,9.776443,0.003129,0.003116,-0.026207,-0.282520,-0.503247,-1.179286,100304.0000
1764075461286221747,2025-11-25 18:27:41.283,0.566408,2.665932,232.106361,0.044420,0.008844,0.979892,0.502856,0.059380,9.881367,0.004590,0.003308,-0.023545,-0.282494,-0.502708,-1.176405,100313.0000
1764075461385476803,2025-11-25 18:27:41.382,0.544576,2.646495,232.253853,0.042210,0.006957,0.978513,0.482793,0.024812,9.815245,-0.005735,-0.000298,-0.028147,-0.281075,-0.503708,-1.178818,100300.0000
1764075461485529970,2025-11-25 18:27:41.482,0.525478,2.618748,232.409370,0.042595,0.004148,0.976479,0.470228,-0.017631,9.809031,0.002075,-0.000327,-0.025737,-0.278660,-0.501787,-1.178883,100313.0000
1764075461596234932,2025-11-25 18:27:41.593,0.524202,2.603976,232.583664,0.042671,0.004814,0.976750,0.551294,-0.139769,9.941332,0.000424,0.007298,-0.034792,-0.277228,-0.506526,-1.177387,100311.0000
1764075461685535395,2025-11-25 18:27:41.682,0.538001,2.574698,232.784760,0.041440,0.005421,0.976676,0.291281,0.057494,9.818936,-0.001647,0.013247,-0.032841,-0.274829,-0.507003,-1.177897,100309.0000
1764075461785713803,2025-11-25 18:27:41.782,0.558958,2.561245,233.002686,0.038352,0.004105,0.977246,0.622783,0.094564,9.995114,0.005320,0.001096,-0.040861,-0.271517,-0.511379,-1.182213,100309.0000
1764075461897075636,2025-11-25 18:27:41.893,0.579740,2.578418,233.230309,0.037650,0.006392,0.978198,0.361101,0.030404,9.821976,0.004839,-0.003052,-0.038993,-0.269083,-0.511764,-1.178390,100313.0000
1764075461985806210,2025-11-25 18:27:41.983,0.597876,2.600265,233.472397,0.039962,0.006796,0.978828,0.491070,-0.073570,9.768474,0.003410,-0.011611,-0.046965,-0.268616,-0.514628,-1.178353,100313.0000
1764075462085731136,2025-11-25 18:27:42.082,0.598763,2.589673,233.734856,0.042797,0.007522,0.979171,0.445569,-0.009679,9.889508,-0.003553,0.002267,-0.048982,-0.265246,-0.514135,-1.178410,100304.0000
1764075462196886043,2025-11-25 18:27:42.193,0.595486,2.537514,234.006165,0.041325,0.005461,0.977733,0.424806,-0.055142,9.846238,0.000731,0.006924,-0.051937,-0.260448,-0.516980,-1.178438,100309.0000
1764075462285601728,2025-11-25 18:27:42.283,0.587456,2.502462,234.278671,0.037372,0.005060,0.977772,0.256704,-0.010312,9.802171,0.000513,0.007174,-0.050290,-0.256620,-0.518904,-1.179910,100306.0000
1764075462385343988,2025-11-25 18:27:42.382,0.575966,2.491017,234.554985,0.036915,0.006441,0.977419,0.449925,0.016629,9.809247,-0.006623,0.003927,-0.051556,-0.254686,-0.519342,-1.178486,100310.0000
1764075462485896747,2025-11-25 18:27:42.483,0.563998,2.492699,234.828773,0.037383,0.004248,0.977681,0.368372,-0.057495,9.854333,-0.005213,-0.002803,-0.052656,-0.251340,-0.523626,-1.178470,100304.0000
1764075462585444450,2025-11-25 18:27:42.582,0.564049,2.492942,235.100304,0.039350,0.002153,0.977177,0.278630,0.000967,9.761889,0.006966,0.001913,-0.047270,-0.247510,-0.525073,-1.179949,100304.0000
1764075462685428450,2025-11-25 18:27:42.682,0.576221,2.490974,235.363091,0.037505,0.004771,0.976869,0.533833,0.187639,9.799611,-0.000775,0.000249,-0.041200,-0.243178,-0.527878,-1.178044,100310.0000
1764075462785390580,2025-11-25 18:27:42.783,0.583219,2.494073,235.623016,0.036282,0.005915,0.978196,0.576540,0.194734,9.886324,0.001948,-0.005498,-0.055046,-0.242251,-0.530323,-1.180910,100301.0000
1764075462896908876,2025-11-25 18:27:42.892,0.580490,2.496038,235.878510,0.039746,0.005268,0.978648,0.653794,0.020031,9.799159,-0.001418,-0.002404,-0.045055,-0.238399,-0.532187,-1.179493,100309.0000
1764075462985885043,2025-11-25 18:27:42.982,0.577452,2.498514,236.143082,0.038209,0.005372,0.978916,0.340647,-0.050886,9.842449,0.001582,0.000423,-0.045740,-0.235537,-0.535538,-1.180447,100308.0000
1764075463085452506,2025-11-25 18:27:43.082,0.569131,2.502153,236.417656,0.039523,0.005153,0.977742,0.223745,-0.063608,9.740400,0.000222,0.002112,-0.052531,-0.231219,-0.536494,-1.181460,100306.0000
1764075463196339469,2025-11-25 18:27:43.193,0.571631,2.521281,236.695770,0.039526,0.004249,0.977064,0.242162,-0.042924,9.698308,-0.005781,-0.004838,-0.048366,-0.226895,-0.536962,-1.181998,100309.0000
1764075463285348431,2025-11-25 18:27:43.283,0.578755,2.551928,236.965218,0.040669,0.003636,0.977111,0.322151,0.066663,9.753251,0.004916,-0.004491,-0.040676,-0.226411,-0.540253,-1.179547,100311.0000
1764075463386075431,2025-11-25 18:27:43.383,0.582506,2.577923,237.236115,0.040794,0.005593,0.976987,0.358296,0.148017,9.820708,-0.002592,-0.007760,-0.051667,-0.222080,-0.541646,-1.178626,100303.0000
1764075463496341154,2025-11-25 18:27:43.493,0.579643,2.587353,237.493080,0.042688,0.004665,0.978483,0.563745,0.247750,9.794993,-0.003433,0.000946,-0.041910,-0.222599,-0.544575,-1.181463,100309.0000
1764075463586003320,2025-11-25 18:27:43.583,0.571064,2.583317,237.736595,0.041701,0.003683,0.978308,0.497906,0.025164,9.772407,0.007377,-0.003486,-0.040445,-0.218733,-0.544985,-1.179106,100309.0000
1764075463686122190,2025-11-25 18:27:43.683,0.562792,2.557895,237.977531,0.042995,0.005695,0.978483,0.529912,-0.064057,9.735933,-0.002961,0.004091,-0.042815,-0.214403,-0.545911,-1.178674,100312.0000
1764075463786003746,2025-11-25 18:27:43.783,0.562096,2.528742,238.204651,0.040067,0.004047,0.977010,0.381959,0.132129,9.742230,0.005348,0.004917,-0.043655,-0.212513,-0.547406,-1.182050,100307.0000
1764075463885955690,2025-11-25 18:27:43.883,0.577832,2.507189,238.415253,0.039047,0.003659,0.977501,0.448399,-0.024303,9.855023,0.001455,0.004069,-0.029988,-0.209649,-0.551225,-1.182516,100311.0000
1764075463986038690,2025-11-25 18:27:43.983,0.601060,2.517027,238.615364,0.036179,0.006412,0.977068,0.352113,0.181357,9.847963,-0.001129,-0.008918,-0.040245,-0.205310,-0.552598,-1.180632,100315.0000
1764075464085462968,2025-11-25 18:27:44.082,0.607269,2.551668,238.825829,0.037658,0.008333,0.977270,0.280353,0.235663,9.775198,-0.002009,-0.015659,-0.040942,-0.205307,-0.553533,-1.179655,100308.0000
1764075464196359486,2025-11-25 18:27:44.193,0.611213,2.592975,239.050201,0.042833,0.006665,0.978680,0.712565,0.201508,9.858883,-0.000252,-0.007858,-0.041743,-0.200985,-0.554479,-1.180185,100301.0000
1764075464285980449,2025-11-25 18:27:44.283,0.608589,2.619923,239.264709,0.044338,0.006114,0.978962,0.746615,0.062415,9.929436,0.002103,-0.001841,-0.038389,-0.201025,-0.557884,-1.183022,100306.0000
1764075464385867560,2025-11-25 18:27:44.382,0.600287,2.614449,239.476463,0.045764,0.005717,0.977942,0.390571,0.078178,9.844597,-0.004796,0.005465,-0.041757,-0.197633,-0.556862,-1.180680,100316.0000
1764075464486407709,2025-11-25 18:27:44.483,0.596070,2.596912,239.678268,0.043317,0.006157,0.976714,0.517911,-0.033389,9.755964,-0.003680,0.002659,-0.033128,-0.193793,-0.556398,-1.182189,100308.0000
1764075464585233764,2025-11-25 18:27:44.582,0.590473,2.592306,239.868256,0.040687,0.005417,0.976698,0.158524,0.016569,9.745939,-0.004299,-0.003354,-0.034854,-0.192857,-0.559290,-1.183603,100305.0000
1764075464685277394,2025-11-25 18:27:44.682,0.588736,2.597070,240.053734,0.042703,0.007617,0.978127,0.681217,0.099522,9.865879,-0.001673,-0.000739,-0.039938,-0.190929,-0.561629,-1.181669,100311.0000
1764075464786178449,2025-11-25 18:27:44.783,0.585051,2.593712,240.248970,0.040485,0.006671,0.978041,0.388534,0.355725,9.726361,-0.005758,-0.007995,-0.029515,-0.186618,-0.564019,-1.182659,100311.0000
1764075464886044393,2025-11-25 18:27:44.883,0.570111,2.615956,240.439613,0.042616,0.007272,0.978216,0.460210,-0.097638,9.912487,-0.000287,-0.009134,-0.031056,-0.186124,-0.563041,-1.181718,100309.0000
1764075464986104060,2025-11-25 18:27:44.983,0.542267,2.660273,240.610001,0.042732,0.005378,0.977616,0.540942,0.039013,9.882978,-0.004409,-0.010814,-0.035439,-0.187565,-0.563982,-1.180719,100309.0000
1764075465095566653,2025-11-25 18:27:45.093,0.537426,2.709248,240.755211,0.045542,0.002983,0.977345,0.519343,-0.009803,9.722070,0.008237,-0.009787,-0.026887,-0.182764,-0.566816,-1.180265,100307.0000
1764075465185434060,2025-11-25 18:27:45.182,0.556723,2.720813,240.895515,0.048985,0.005302,0.977637,0.852974,0.155740,9.833818,0.001712,0.006332,-0.023521,-0.180339,-0.565342,-1.178879,100302.0000
1764075465285895097,2025-11-25 18:27:45.283,0.581354,2.698239,241.032951,0.044020,0.005284,0.976119,0.489199,0.031507,9.765069,0.004070,0.002534,-0.023330,-0.179892,-0.566844,-1.182233,100310.0000
1764075465388912949,2025-11-25 18:27:45.384,0.593118,2.644524,241.143600,0.045122,0.009547,0.978840,0.505884,0.138697,9.918832,0.000179,0.013871,-0.017511,-0.177469,-0.566315,-1.180351,100307.0000
1764075465485374689,2025-11-25 18:27:45.482,0.584808,2.583228,241.229660,0.040208,0.009538,0.978139,0.433797,0.013930,9.842682,-0.001816,0.005964,-0.019990,-0.175561,-0.569650,-1.180328,100304.0000
1764075465585718152,2025-11-25 18:27:45.582,0.561362,2.565523,241.312637,0.039866,0.009858,0.977572,0.291879,0.124392,9.773048,0.000446,0.000581,-0.013813,-0.173641,-0.566826,-1.182807,100311.0000
1764075465685931060,2025-11-25 18:27:45.683,0.540245,2.593774,241.405823,0.041619,0.008395,0.977825,0.627006,-0.161114,9.770857,0.000750,-0.000743,-0.020817,-0.174646,-0.573071,-1.184142,100311.0000
1764075465785966837,2025-11-25 18:27:45.783,0.539592,2.646013,241.496231,0.040812,0.004893,0.976680,0.510799,0.267996,9.821264,0.000195,-0.016533,-0.011960,-0.174126,-0.569196,-1.181801,100311.0000
1764075465886309874,2025-11-25 18:27:45.883,0.561683,2.693074,241.601952,0.045739,0.006058,0.977755,0.409546,0.124584,9.723469,0.000874,-0.001253,-0.021350,-0.173665,-0.571603,-1.182734,100304.0000
1764075465985303726,2025-11-25 18:27:45.982,0.578448,2.718053,241.704124,0.045143,0.009068,0.977407,0.790699,0.218241,9.798138,-0.002698,-0.001892,-0.022068,-0.170735,-0.569120,-1.178962,100309.0000
1764075466085894596,2025-11-25 18:27:46.082,0.581363,2.728401,241.793480,0.045247,0.007993,0.977333,0.255868,-0.061004,9.722569,0.005177,-0.003047,-0.012641,-0.172183,-0.571495,-1.177942,100316.0000
1764075466185635152,2025-11-25 18:27:46.182,0.571768,2.710325,241.868515,0.048643,0.010622,0.978417,0.492106,0.370263,9.776317,-0.003053,0.000848,-0.010133,-0.170775,-0.573938,-1.180814,100301.0000
1764075466285929707,2025-11-25 18:27:46.283,0.556974,2.671025,241.936638,0.047792,0.007622,0.977399,0.470632,-0.218786,9.744646,-0.001354,0.009175,-0.012114,-0.171261,-0.571125,-1.183259,100310.0000
1764075466396155504,2025-11-25 18:27:46.393,0.564089,2.644686,241.993164,0.042072,0.007361,0.976634,0.305065,0.247623,9.919229,0.000863,0.001189,-0.010391,-0.167883,-0.575327,-1.179391,100308.0000
1764075466486568133,2025-11-25 18:27:46.483,0.590732,2.641295,242.045967,0.042336,0.007943,0.977335,0.360127,0.160796,9.724406,-0.000364,0.003405,-0.010657,-0.169808,-0.573923,-1.180347,100311.0000
1764075466585446355,2025-11-25 18:27:46.582,0.616055,2.658012,242.097794,0.041027,0.010982,0.977699,0.440977,0.091433,9.850563,0.003610,-0.006884,-0.014011,-0.168856,-0.574417,-1.181317,100313.0000
1764075466695746078,2025-11-25 18:27:46.693,0.620416,2.678258,242.156738,0.042839,0.011894,0.978876,0.647748,0.184922,9.772359,0.000953,-0.007328,-0.012296,-0.165989,-0.575400,-1.183271,100309.0000
1764075466785899633,2025-11-25 18:27:46.783,0.609517,2.709040,242.214386,0.042955,0.009938,0.977514,0.219689,0.239605,9.617558,-0.000963,-0.003973,-0.002699,-0.165016,-0.576310,-1.181345,100305.0000
1764075466886113818,2025-11-25 18:27:46.883,0.591994,2.755837,242.274910,0.047254,0.011485,0.977662,0.664570,-0.163500,9.862490,-0.002330,-0.003421,-0.009152,-0.165028,-0.576341,-1.182789,100301.0000
1764075466997126892,2025-11-25 18:27:46.993,0.567260,2.786649,242.339539,0.048498,0.009183,0.976865,0.634516,0.138260,9.972306,-0.005349,-0.005556,-0.017649,-0.165002,-0.575802,-1.179908,100307.0000
1764075467085441670,2025-11-25 18:27:47.082,0.551296,2.798475,242.386574,0.050754,0.005647,0.978243,0.379152,-0.064416,9.714839,-0.001386,0.002031,-0.014224,-0.164513,-0.574834,-1.179448,100307.0000
1764075467185537466,2025-11-25 18:27:47.183,0.550784,2.757520,242.435997,0.048764,0.006031,0.978736,0.503375,0.254759,9.813339,0.003899,0.012287,-0.003858,-0.164048,-0.573460,-1.182366,100311.0000
1764075467285730707,2025-11-25 18:27:47.283,0.577466,2.688010,242.475365,0.046150,0.006643,0.977385,0.058181,-0.034291,9.535090,0.008421,0.010050,-0.007495,-0.164043,-0.574863,-1.180899,100309.0000
1764075467386660799,2025-11-25 18:27:47.383,0.616635,2.618875,242.496689,0.044420,0.010500,0.977624,0.494131,0.168209,9.666438,0.005382,0.013508,-0.003893,-0.163101,-0.577267,-1.181840,100311.0000
1764075467485604540,2025-11-25 18:27:47.482,0.648788,2.569104,242.497795,0.039881,0.012178,0.975923,0.279654,0.185673,9.748690,0.007037,0.006638,0.002567,-0.160203,-0.578169,-1.179943,100317.0000
1764075467585324077,2025-11-25 18:27:47.582,0.656349,2.565085,242.498413,0.037147,0.013688,0.975794,0.299838,0.441040,9.676951,-0.003353,-0.003344,0.000093,-0.160692,-0.576779,-1.181883,100312.0000
1764075467685825188,2025-11-25 18:27:47.683,0.643841,2.616164,242.486061,0.038505,0.010986,0.977709,0.628688,0.168868,9.954635,-0.001444,-0.017789,0.012738,-0.160681,-0.576748,-1.180439,100298.0000
1764075467786288521,2025-11-25 18:27:47.783,0.628825,2.662410,242.437538,0.042133,0.013842,0.979803,0.284862,0.216026,9.680244,-0.013443,-0.004616,0.001757,-0.161641,-0.576275,-1.180432,100313.0000
1764075467885536206,2025-11-25 18:27:47.882,0.611872,2.687887,242.351097,0.045088,0.009073,0.980392,0.357433,0.323714,9.789849,0.002482,-0.001256,0.019102,-0.164520,-0.573909,-1.180907,100311.0000
1764075467997069281,2025-11-25 18:27:47.993,0.604297,2.663273,242.248955,0.048707,0.013206,0.978409,0.468576,0.176719,9.693275,0.001378,0.008096,0.007984,-0.165466,-0.573873,-1.178967,100305.0000
1764075468085658151,2025-11-25 18:27:48.083,0.609718,2.599894,242.134521,0.047247,0.008434,0.978200,0.443245,-0.501684,9.892199,0.006256,0.020141,0.029045,-0.163582,-0.577269,-1.181833,100304.0000
1764075468186389262,2025-11-25 18:27:48.183,0.612225,2.503683,241.996429,0.042423,0.014924,0.976393,0.754095,0.467196,9.832556,-0.002274,0.016725,0.018898,-0.165968,-0.574871,-1.180871,100310.0000
1764075468285365947,2025-11-25 18:27:48.282,0.612950,2.426088,241.826759,0.035636,0.012449,0.974740,0.369295,0.357703,9.604347,0.001440,0.008854,0.027179,-0.165008,-0.573932,-1.181862,100308.0000
1764075468385928169,2025-11-25 18:27:48.383,0.611818,2.404441,241.627052,0.031290,0.011047,0.977134,0.252279,-0.530336,10.055719,0.007548,-0.002232,0.034645,-0.168853,-0.571582,-1.182805,100305.0000
1764075468485591984,2025-11-25 18:27:48.482,0.591274,2.434653,241.418396,0.033940,0.015539,0.978621,0.396802,0.390049,9.581102,-0.000821,-0.013870,0.045035,-0.172684,-0.567777,-1.182807,100302.0000
1764075468596391280,2025-11-25 18:27:48.593,0.563573,2.516164,241.208717,0.038265,0.014692,0.977472,0.528694,-0.277406,9.763440,-0.007331,-0.012357,0.034940,-0.173667,-0.569723,-1.184207,100308.0000
1764075468685375317,2025-11-25 18:27:48.683,0.551252,2.611615,240.980019,0.042990,0.008287,0.979300,0.297439,0.759076,9.947103,0.005989,-0.013838,0.048290,-0.178454,-0.567793,-1.182240,100307.0000
1764075468786388539,2025-11-25 18:27:48.783,0.552507,2.655635,240.739456,0.048019,0.012515,0.977686,0.931576,-0.005497,9.836495,0.004439,-0.001253,0.040300,-0.182294,-0.566845,-1.181716,100307.0000
1764075468886437891,2025-11-25 18:27:48.883,0.559918,2.650079,240.504036,0.047647,0.013050,0.976957,0.185641,0.371373,9.864600,0.002189,0.007941,0.039728,-0.185171,-0.566360,-1.180718,100304.0000
1764075468985265706,2025-11-25 18:27:48.982,0.578325,2.609101,240.271881,0.045965,0.013467,0.976272,0.316646,-0.106758,9.602240,-0.000915,0.008920,0.040078,-0.186139,-0.566852,-1.181178,100313.0000
1764075469085581335,2025-11-25 18:27:49.082,0.600046,2.557696,240.036987,0.040910,0.014643,0.977210,0.590488,0.431954,9.789694,0.008379,0.009566,0.037690,-0.188040,-0.564442,-1.179743,100311.0000
1764075469186069187,2025-11-25 18:27:49.183,0.605332,2.527630,239.820114,0.038304,0.015965,0.977053,0.552446,0.002793,9.748552,-0.000717,0.002048,0.037766,-0.191891,-0.561634,-1.181655,100302.0000
1764075469296442187,2025-11-25 18:27:49.293,0.602775,2.561140,239.610100,0.036786,0.012805,0.978128,0.343280,0.296902,9.758036,0.009438,-0.011646,0.039339,-0.191879,-0.560658,-1.180707,100312.0000
1764075469385478891,2025-11-25 18:27:49.382,0.593649,2.511323,239.437813,0.042746,0.013825,0.981799,0.361396,-0.278962,9.740113,0.000255,0.026250,0.019595,-0.195714,-0.558754,-1.180198,100313.0000
1764075469485822539,2025-11-25 18:27:49.483,0.569539,2.086888,239.426262,0.036120,0.014466,0.985818,0.119148,0.538878,10.018826,-0.003492,0.109216,-0.010828,-0.189015,-0.560706,-1.183638,100311.0000
1764075469585477928,2025-11-25 18:27:49.582,0.522735,1.351791,239.616028,0.011691,0.012129,0.982783,0.102170,0.326407,9.887580,-0.012564,0.137902,-0.049611,-0.182305,-0.559802,-1.187603,100303.0000
1764075469685389872,2025-11-25 18:27:49.683,0.477528,0.544670,239.972153,-0.020161,0.005613,0.981705,-0.640913,-0.264342,9.681843,-0.006857,0.150642,-0.080933,-0.169374,-0.560374,-1.195008,100303.0000
1764075469785682613,2025-11-25 18:27:49.783,0.428023,-0.195507,240.470116,-0.052921,-0.000791,0.980832,-0.753459,-0.028020,9.743207,-0.006316,0.103159,-0.092896,-0.157883,-0.564713,-1.199446,100307.0000
1764075469896318279,2025-11-25 18:27:49.893,0.384952,-0.566481,241.036507,-0.071916,-0.000924,0.977587,-0.955529,-0.079724,9.979492,-0.008385,0.025191,-0.105468,-0.148761,-0.567081,-1.200507,100312.0000
1764075469985318076,2025-11-25 18:27:49.982,0.334295,-0.696008,241.724442,-0.068693,-0.003225,0.979072,-0.172125,-0.670577,9.701119,0.001130,0.025982,-0.136014,-0.138710,-0.572361,-1.203945,100307.0000
1764075470085789964,2025-11-25 18:27:50.083,0.294155,-1.036555,242.746086,-0.090659,-0.006340,0.979789,-0.939672,-1.188258,10.014854,0.001421,0.108693,-0.212134,-0.122417,-0.578589,-1.208425,100307.0000
1764075470197100020,2025-11-25 18:27:50.192,0.351699,-1.575891,244.163963,-0.118953,-0.013603,0.969154,-2.501716,1.443840,8.758476,0.010338,0.042108,-0.248737,-0.099825,-0.584677,-1.207701,100311.0000
1764075470285365668,2025-11-25 18:27:50.282,0.459151,-1.588622,245.575653,-0.127891,-0.010838,0.968026,-0.994025,0.987907,9.833531,0.029438,-0.048782,-0.247178,-0.083002,-0.591716,-1.205433,100311.0000
1764075470386143261,2025-11-25 18:27:50.383,0.595565,-1.119703,246.965813,-0.114099,-0.001096,0.970707,-1.051726,-0.010979,9.665747,0.033221,-0.120545,-0.238999,-0.071943,-0.601585,-1.200148,100308.0000
1764075470486558761,2025-11-25 18:27:50.483,0.674158,-0.374865,248.374321,-0.081456,0.009098,0.970096,0.233505,-0.201721,9.920595,0.001857,-0.148326,-0.234364,-0.061852,-0.607231,-1.198283,100307.0000
1764075470586570464,2025-11-25 18:27:50.583,0.687785,0.427892,249.844330,-0.038370,0.010175,0.972314,0.129650,-0.149045,9.987177,0.005846,-0.120347,-0.252903,-0.048362,-0.613725,-1.192123,100314.0000
1764075470685369946,2025-11-25 18:27:50.682,0.673334,1.015123,251.386520,-0.014157,0.003854,0.977597,-0.322592,-0.212196,9.817158,-0.029524,-0.086619,-0.278108,-0.036380,-0.622280,-1.192650,100318.0000
1764075470785733779,2025-11-25 18:27:50.783,0.708540,1.053411,253.056511,0.002584,-0.001924,0.980140,-0.320975,0.260619,9.666421,0.018022,0.028440,-0.285482,-0.015223,-0.626463,-1.191934,100312.0000
1764075470896159149,2025-11-25 18:27:50.893,0.812268,0.732344,254.725677,-0.009300,-0.001589,0.983341,0.472748,-0.998014,9.984239,0.021561,0.081534,-0.290984,0.008802,-0.633510,-1.191699,100308.0000
1764075470985362131,2025-11-25 18:27:50.983,0.929885,0.321919,256.420853,-0.025411,0.013886,0.984224,-0.402299,-0.552004,9.859417,0.009295,0.070092,-0.297942,0.032847,-0.639093,-1.190041,100306.0000
1764075471085587112,2025-11-25 18:27:51.082,0.940299,0.084810,258.218819,-0.039631,0.027233,0.983506,-0.911526,0.563940,9.669344,-0.009169,0.004425,-0.323728,0.061705,-0.641820,-1.189942,100307.0000
1764075471185963890,2025-11-25 18:27:51.183,0.844200,0.243867,260.184921,-0.035117,0.026338,0.977957,-0.487593,0.101484,9.631225,-0.019727,-0.070401,-0.353603,0.083329,-0.643684,-1.192640,100311.0000
1764075471285353927,2025-11-25 18:27:51.282,0.691512,0.647159,262.310997,-0.008109,0.015714,0.976107,0.232826,-0.144416,9.808070,-0.021021,-0.090711,-0.375750,0.107860,-0.646419,-1.191996,100309.0000
1764075471385871612,2025-11-25 18:27:51.383,0.571509,1.052421,264.497620,0.018393,0.009503,0.976851,0.622875,0.191454,10.059040,-0.017086,-0.064882,-0.384716,0.129476,-0.648304,-1.195657,100309.0000
1764075471496083464,2025-11-25 18:27:51.493,0.546081,1.232968,266.687057,0.036570,-0.003184,0.977871,0.182847,-0.292352,9.760571,0.004399,-0.010497,-0.382251,0.160267,-0.648643,-1.196104,100306.0000
1764075471585987723,2025-11-25 18:27:51.583,0.607131,1.138528,268.845123,0.039881,0.002086,0.980103,0.599602,0.143188,9.715046,0.011985,0.042292,-0.370347,0.187707,-0.648012,-1.195073,100308.0000
1764075471685297778,2025-11-25 18:27:51.682,0.670263,0.852421,271.007927,0.025082,0.010500,0.981975,0.122790,-0.139351,9.923201,-0.001233,0.055562,-0.388892,0.219445,-0.648388,-1.197461,100308.0000
1764075471796639908,2025-11-25 18:27:51.793,0.695482,0.559338,273.167831,0.003447,0.011056,0.977580,-0.224784,0.555577,9.831717,-0.002537,0.028556,-0.376889,0.250760,-0.646255,-1.194101,100311.0000
1764075471886218815,2025-11-25 18:27:51.883,0.661409,0.412511,275.316170,-0.008747,0.012051,0.977251,-0.199127,0.222073,9.655822,-0.007034,0.002627,-0.373267,0.279160,-0.644684,-1.194062,100305.0000
1764075471985314704,2025-11-25 18:27:51.982,0.589331,0.458766,277.468887,-0.010464,0.008235,0.977604,-0.048820,-0.026368,9.702440,-0.010668,-0.029508,-0.377561,0.307088,-0.637902,-1.196021,100315.0000
1764075472086063593,2025-11-25 18:27:52.083,0.536360,0.630300,279.669472,-0.002027,0.005008,0.976462,0.349765,-0.028002,10.048129,-0.010665,-0.047577,-0.390053,0.333077,-0.634939,-1.197412,100301.0000
1764075472195905426,2025-11-25 18:27:52.193,0.550863,0.837114,281.893074,0.008662,0.000832,0.976053,0.258882,0.108824,9.830647,0.005446,-0.042864,-0.385055,0.360057,-0.627653,-1.197920,100309.0000
1764075472286093426,2025-11-25 18:27:52.283,0.631127,1.015281,284.071236,0.018227,0.002703,0.978002,0.343122,-0.103112,9.855076,0.017078,-0.025364,-0.373187,0.387526,-0.621289,-1.196976,100305.0000
1764075472386073315,2025-11-25 18:27:52.383,0.713642,1.081366,286.169548,0.026014,0.010597,0.979734,0.187174,0.375636,9.868670,0.001703,0.001502,-0.363135,0.411633,-0.613508,-1.196005,100310.0000
1764075472485805037,2025-11-25 18:27:52.483,0.724438,1.015983,288.261940,0.023541,0.014821,0.980312,0.149675,-0.046909,9.545180,-0.012866,0.021001,-0.375199,0.437163,-0.603891,-1.198936,100315.0000
1764075472585315963,2025-11-25 18:27:52.582,0.642668,0.883179,290.406845,0.016979,0.014395,0.981702,-0.023278,-0.090761,9.689344,-0.024554,0.016681,-0.378353,0.467043,-0.594671,-1.199034,100305.0000
1764075472685857093,2025-11-25 18:27:52.683,0.515571,0.739752,292.619225,0.012052,0.009872,0.981223,0.168029,-0.076898,9.838044,-0.026395,0.015513,-0.391440,0.492138,-0.580218,-1.199142,100307.0000
1764075472796628352,2025-11-25 18:27:52.793,0.423150,0.623485,294.817917,0.007617,0.000128,0.977584,0.204647,0.079959,9.900777,-0.011360,0.006323,-0.379789,0.520582,-0.566746,-1.201211,100309.0000
1764075472886574815,2025-11-25 18:27:52.883,0.424958,0.583271,296.966751,0.003678,-0.004949,0.975861,0.239882,-0.160837,9.664216,0.013922,-0.003751,-0.367861,0.545661,-0.553279,-1.202749,100306.0000
1764075472986025240,2025-11-25 18:27:52.983,0.516098,0.606033,299.075279,0.004603,0.002374,0.974803,0.142761,0.249259,9.898668,0.012113,-0.004720,-0.367542,0.567877,-0.540231,-1.200867,100305.0000
1764075473095509148,2025-11-25 18:27:53.093,0.631794,0.675139,301.181553,0.005142,0.005867,0.974258,0.001580,0.112734,9.686052,0.022805,-0.014963,-0.371814,0.590067,-0.529612,-1.200874,100310.0000
1764075473185852222,2025-11-25 18:27:53.183,0.695563,0.752689,303.329201,0.009321,0.016067,0.978060,0.049031,0.329266,9.695970,-0.002907,-0.012208,-0.377735,0.612295,-0.512764,-1.200013,100308.0000
1764075473286006851,2025-11-25 18:27:53.283,0.659986,0.827669,305.524982,0.012277,0.017419,0.981548,0.268432,0.099205,9.791840,-0.018595,-0.014891,-0.388763,0.634492,-0.495997,-1.203004,100309.0000
1764075473385398018,2025-11-25 18:27:53.382,0.555572,0.876083,307.737843,0.013735,0.013271,0.983644,0.168370,0.106340,9.937167,-0.020992,-0.012201,-0.381800,0.657675,-0.476806,-1.204601,100305.0000
1764075473486148999,2025-11-25 18:27:53.483,0.452716,0.908806,309.902954,0.016000,0.006582,0.981105,0.162094,0.244689,9.815226,-0.017974,-0.012433,-0.372991,0.679936,-0.454215,-1.203347,100304.0000
1764075473585593814,2025-11-25 18:27:53.582,0.407319,0.890333,311.999355,0.017809,0.001679,0.979784,0.031755,-0.022152,9.770345,-0.008623,0.006184,-0.361275,0.700205,-0.437467,-1.206790,100311.0000
1764075473685381925,2025-11-25 18:27:53.682,0.430329,0.811903,314.064514,0.018847,-0.000817,0.974756,0.182202,-0.027792,9.741900,0.001623,0.011819,-0.357002,0.721006,-0.417280,-1.205959,100305.0000
1764075473786221147,2025-11-25 18:27:53.783,0.481574,0.694389,316.145817,0.015083,0.005820,0.974553,0.312999,0.402186,9.767907,0.006041,0.016741,-0.367073,0.738916,-0.397118,-1.205567,100307.0000
1764075473885825221,2025-11-25 18:27:53.883,0.514570,0.597766,318.241219,0.007401,0.008084,0.976734,-0.128661,-0.087782,9.574791,0.005849,0.016784,-0.365338,0.756825,-0.378845,-1.204183,100307.0000
1764075473985229684,2025-11-25 18:27:53.982,0.487003,0.585031,320.346638,0.001540,0.012941,0.978834,0.024712,0.086689,9.618561,-0.015184,-0.006461,-0.368480,0.774264,-0.356774,-1.203813,100305.0000
1764075474095523092,2025-11-25 18:27:54.093,0.417632,0.650346,322.427948,0.001973,0.009053,0.979948,0.127550,-0.049912,9.630362,-0.010797,-0.020981,-0.355604,0.790258,-0.334241,-1.203911,100305.0000
1764075474185318555,2025-11-25 18:27:54.182,0.361946,0.773173,324.482510,0.008862,0.003975,0.979469,-0.159887,-0.135380,9.647752,-0.008972,-0.025984,-0.359562,0.802859,-0.312263,-1.206840,100307.0000
1764075474285958499,2025-11-25 18:27:54.283,0.367591,0.878831,326.506374,0.017828,-0.001650,0.978471,0.184355,-0.209740,9.706828,0.001777,-0.010750,-0.350139,0.819792,-0.289788,-1.209839,100307.0000
1764075474385466147,2025-11-25 18:27:54.382,0.438062,0.905536,328.444607,0.023368,0.001077,0.977800,0.375598,0.163131,9.890236,0.016690,0.005104,-0.333999,0.830980,-0.269146,-1.207911,100309.0000
1764075474486205721,2025-11-25 18:27:54.483,0.539396,0.849395,330.272755,0.021163,0.005669,0.978753,0.140084,-0.101178,9.817183,0.012651,0.014594,-0.312228,0.843594,-0.247605,-1.208907,100303.0000
1764075474586120832,2025-11-25 18:27:54.583,0.592775,0.749759,331.975599,0.015163,0.013395,0.979622,0.113544,0.330008,9.812715,-0.001628,0.018064,-0.284721,0.853326,-0.227946,-1.207905,100306.0000
1764075474686647073,2025-11-25 18:27:54.683,0.568542,0.741544,333.527737,0.006011,0.012890,0.976349,0.131556,0.027190,9.611805,-0.009030,-0.025166,-0.254400,0.863525,-0.209739,-1.207851,100310.0000
1764075474786531888,2025-11-25 18:27:54.783,0.502288,1.007980,334.923191,0.012588,0.010441,0.974497,0.289026,0.225326,9.690372,-0.019099,-0.070954,-0.228331,0.866956,-0.191644,-1.211550,100308.0000
1764075474886122462,2025-11-25 18:27:54.883,0.450729,1.637062,336.041813,0.034569,-0.000058,0.970402,1.270699,-0.428763,9.914487,-0.009714,-0.156287,-0.153182,0.865970,-0.180398,-1.221820,100306.0000
1764075474996620313,2025-11-25 18:27:54.993,0.458415,2.897441,336.602415,0.077552,-0.002558,0.965715,1.468853,0.271931,9.516184,0.007314,-0.240161,-0.050225,0.858208,-0.170229,-1.236308,100305.0000
1764075475085651184,2025-11-25 18:27:55.082,0.465504,4.160514,336.860888,0.143517,0.004850,0.974758,1.241019,0.322379,9.584723,-0.006429,-0.177535,-0.036984,0.846082,-0.169125,-1.249150,100314.0000
1764075475185720517,2025-11-25 18:27:55.182,0.438755,4.784892,337.080013,0.192784,0.009658,0.978368,2.439033,0.281738,9.966764,-0.011814,-0.062900,-0.044503,0.840270,-0.164538,-1.256840,100302.0000
1764075475286328758,2025-11-25 18:27:55.283,0.362237,4.792995,337.416605,0.201634,0.007262,0.975331,2.382943,0.036263,9.669928,-0.011454,0.044369,-0.058744,0.838846,-0.158365,-1.258358,100313.0000
1764075475396290721,2025-11-25 18:27:55.393,0.277439,4.382552,337.800035,0.183566,0.000597,0.972365,1.419211,0.432811,9.653131,-0.013819,0.097891,-0.066185,0.843689,-0.157317,-1.255074,100305.0000
1764075475485867758,2025-11-25 18:27:55.483,0.235314,3.762930,338.176315,0.155990,-0.005823,0.969898,1.525853,-0.383155,9.708244,0.003134,0.116808,-0.072541,0.852457,-0.148039,-1.247639,100305.0000
1764075475585331998,2025-11-25 18:27:55.582,0.279286,3.179782,338.554514,0.120732,-0.009163,0.966972,1.363528,-0.009422,9.698380,0.012534,0.084279,-0.064796,0.861676,-0.144969,-1.240116,100310.0000
1764075475696141906,2025-11-25 18:27:55.693,0.385008,2.870976,338.974314,0.095099,-0.003916,0.966899,0.856777,-0.365851,9.534389,0.016071,0.020584,-0.074020,0.866564,-0.140973,-1.233025,100313.0000
1764075475786041591,2025-11-25 18:27:55.783,0.477975,2.989105,339.387796,0.085739,0.004301,0.969361,0.833265,-0.063519,9.553528,0.001624,-0.061140,-0.060070,0.867503,-0.138672,-1.237409,100304.0000
1764075475885335942,2025-11-25 18:27:55.882,0.486438,3.476494,339.709452,0.097739,0.009801,0.973531,1.124253,-0.007556,9.595002,-0.008904,-0.100311,-0.036101,0.862216,-0.133970,-1.239810,100313.0000
1764075475996010109,2025-11-25 18:27:55.993,0.421751,4.089155,339.913895,0.122096,0.009742,0.974906,1.676631,0.420079,9.605596,-0.013341,-0.097418,-0.033175,0.859730,-0.132304,-1.250876,100311.0000
1764075476085417165,2025-11-25 18:27:56.082,0.364984,4.585574,340.071310,0.145033,0.002212,0.974551,1.071117,0.648929,9.558027,-0.002010,-0.050899,-0.023498,0.853945,-0.127645,-1.255196,100307.0000
1764075476185789461,2025-11-25 18:27:56.182,0.380561,4.625393,340.269918,0.157260,-0.003027,0.971304,1.397260,-0.296538,9.656855,-0.003143,0.036377,-0.050734,0.853924,-0.125816,-1.259076,100307.0000
1764075476296356739,2025-11-25 18:27:56.293,0.460592,4.090581,340.522480,0.141553,-0.003277,0.973194,1.526650,-0.288080,9.905503,0.015449,0.134700,-0.040629,0.859287,-0.124664,-1.250986,100308.0000
1764075476385358794,2025-11-25 18:27:56.382,0.536553,3.230704,340.714029,0.091378,0.006494,0.975158,0.408631,0.289316,9.764983,0.010709,0.156339,-0.028469,0.869516,-0.119576,-1.238693,100306.0000
1764075476486712312,2025-11-25 18:27:56.483,0.538849,2.463742,340.772293,0.037505,0.015229,0.979726,0.107198,0.445584,9.870029,-0.008548,0.103399,-0.001596,0.880183,-0.116957,-1.230221,100313.0000
1764075476596717368,2025-11-25 18:27:56.593,0.457406,2.095570,340.687284,0.005806,0.016703,0.982711,0.106646,0.112667,9.904606,-0.010935,0.022068,0.019227,0.880681,-0.121152,-1.225348,100304.0000
1764075476685707183,2025-11-25 18:27:56.682,0.377644,2.197885,340.496740,0.002349,0.004388,0.980876,0.257481,0.136580,9.865966,-0.002321,-0.049350,0.043627,0.881632,-0.121178,-1.226807,100310.0000
1764075476785627220,2025-11-25 18:27:56.783,0.390352,2.580351,340.269201,0.026258,-0.002081,0.973977,0.227988,-0.318397,9.613547,0.016086,-0.070945,0.030633,0.875803,-0.123704,-1.231980,100311.0000
1764075476886279423,2025-11-25 18:27:56.883,0.495184,2.925090,340.041704,0.057921,0.003354,0.973037,0.737921,0.039775,9.805991,0.026373,-0.040520,0.034143,0.870947,-0.128086,-1.234731,100307.0000
1764075476997394220,2025-11-25 18:27:56.993,0.573031,3.002311,339.809179,0.073453,0.018915,0.977690,0.871245,0.818023,9.776719,0.008973,0.008206,0.038802,0.871404,-0.132861,-1.234665,100309.0000
1764075477085888108,2025-11-25 18:27:57.083,0.539645,2.812280,339.568838,0.070890,0.029715,0.980915,0.757711,0.375936,9.713634,-0.021217,0.045832,0.035252,0.870458,-0.134237,-1.231740,100311.0000
1764075477185887201,2025-11-25 18:27:57.182,0.414276,2.480418,339.287588,0.054100,0.023850,0.983710,0.727888,0.351025,9.915114,-0.013179,0.056658,0.059715,0.872388,-0.137044,-1.229318,100306.0000
1764075477296989293,2025-11-25 18:27:57.293,0.302450,2.168079,338.937284,0.034910,0.012540,0.979255,0.573254,0.047884,9.946906,-0.003689,0.048550,0.070560,0.875300,-0.138850,-1.224999,100315.0000
1764075477386038516,2025-11-25 18:27:57.383,0.322086,2.002848,338.500515,0.021324,0.002209,0.973324,0.079348,0.173038,9.562928,0.019962,0.022971,0.081916,0.874799,-0.145031,-1.223452,100308.0000
1764075477485698330,2025-11-25 18:27:57.483,0.490687,2.010335,337.984428,0.017574,0.002493,0.972275,0.271262,0.180216,9.675746,0.046419,-0.004890,0.091575,0.871872,-0.155522,-1.221805,100309.0000
1764075477596903367,2025-11-25 18:27:57.593,0.678251,2.133716,337.428366,0.021494,0.021612,0.972947,-0.013408,0.289513,9.662335,0.027065,-0.028931,0.090665,0.869902,-0.164607,-1.221637,100305.0000
1764075477685730127,2025-11-25 18:27:57.683,0.738126,2.269185,336.867275,0.035242,0.037249,0.980360,0.528315,0.514461,9.692406,-0.006231,-0.023992,0.093424,0.864555,-0.170902,-1.224352,100305.0000
1764075477785377164,2025-11-25 18:27:57.783,0.614600,2.366379,336.334055,0.041291,0.039798,0.982518,0.985582,0.102701,10.034822,-0.025790,-0.021372,0.089973,0.862121,-0.175699,-1.224725,100309.0000
1764075477897084793,2025-11-25 18:27:57.893,0.397340,2.416816,335.814657,0.046742,0.026977,0.980677,0.192823,0.318634,9.561274,-0.032652,-0.003354,0.099018,0.862098,-0.178119,-1.226132,100306.0000
1764075477985322923,2025-11-25 18:27:57.982,0.239049,2.432985,335.272924,0.041938,0.010938,0.975664,0.243748,0.239995,9.754783,-0.009942,0.000466,0.100725,0.856285,-0.185320,-1.226418,100308.0000
1764075478085599330,2025-11-25 18:27:58.082,0.234484,2.420724,334.672211,0.040960,0.000857,0.974125,0.913564,-0.267617,10.119855,0.023584,0.009222,0.114253,0.852894,-0.190579,-1.225806,100311.0000
1764075478185402886,2025-11-25 18:27:58.182,0.377552,2.406734,333.999172,0.032862,0.009738,0.972946,0.105882,0.415091,9.621293,0.041822,0.004440,0.126843,0.849467,-0.201591,-1.226070,100307.0000
1764075478296272256,2025-11-25 18:27:58.293,0.549413,2.417661,333.278189,0.029304,0.024109,0.976866,-0.083783,0.304379,9.615473,0.033833,-0.008032,0.127738,0.847040,-0.209671,-1.223502,100312.0000
1764075478385276385,2025-11-25 18:27:58.382,0.633055,2.440991,332.560848,0.032272,0.037369,0.979990,0.382996,0.570727,9.921919,0.012877,-0.018114,0.127454,0.841187,-0.224048,-1.224160,100303.0000
1764075478487404108,2025-11-25 18:27:58.484,0.592986,2.506868,331.854408,0.039561,0.034461,0.982043,0.925650,0.032720,9.937108,-0.003590,-0.009102,0.120907,0.837312,-0.226962,-1.225504,100313.0000
1764075478596570459,2025-11-25 18:27:58.593,0.478215,2.615157,331.163355,0.039343,0.029692,0.977303,0.339684,0.108791,9.711010,-0.014785,-0.016427,0.123682,0.832943,-0.234624,-1.225323,100307.0000
1764075478685310219,2025-11-25 18:27:58.682,0.365346,2.730592,330.500126,0.047007,0.023396,0.976778,0.447774,0.346583,9.658283,-0.005341,-0.002678,0.113005,0.826625,-0.240476,-1.229475,100304.0000
1764075478785521459,2025-11-25 18:27:58.782,0.314116,2.814443,329.871441,0.048601,0.014258,0.975330,0.755032,0.009361,9.921207,0.003832,-0.013957,0.108931,0.822741,-0.246714,-1.229804,100307.0000
1764075478886245941,2025-11-25 18:27:58.883,0.341841,2.840320,329.261238,0.050706,0.014301,0.975343,0.087256,0.041951,9.766191,0.011459,-0.004257,0.107689,0.819325,-0.256282,-1.229607,100307.0000
1764075478985748959,2025-11-25 18:27:58.983,0.415300,2.801769,328.652260,0.051334,0.018498,0.978471,1.194394,0.174140,9.917073,0.021811,0.001705,0.106407,0.812550,-0.264900,-1.228895,100311.0000
1764075479085494829,2025-11-25 18:27:59.082,0.482875,2.722658,328.046494,0.049230,0.026885,0.978810,0.287017,0.499243,9.747814,0.007706,0.023532,0.096230,0.813005,-0.271565,-1.227837,100310.0000
1764075479196038792,2025-11-25 18:27:59.193,0.505046,2.664284,327.436508,0.042040,0.027632,0.978911,0.024012,0.501060,9.558304,0.009121,0.019725,0.107634,0.810582,-0.278223,-1.225773,100309.0000
1764075479285959774,2025-11-25 18:27:59.283,0.470112,2.653456,326.827991,0.038447,0.028057,0.975538,-0.396830,0.449862,9.486770,-0.003859,-0.009319,0.104493,0.806220,-0.284452,-1.225614,100305.0000
1764075479385408700,2025-11-25 18:27:59.382,0.401465,2.693084,326.239811,0.041976,0.025351,0.976172,0.301782,0.332895,9.528782,-0.006960,-0.014058,0.098335,0.800443,-0.288259,-1.223544,100317.0000
1764075479495964977,2025-11-25 18:27:59.493,0.337259,2.758872,325.666496,0.047708,0.018968,0.978045,1.326682,0.079338,10.141093,-0.004925,-0.015385,0.094620,0.797011,-0.297868,-1.225274,100310.0000
1764075479586496903,2025-11-25 18:27:59.583,0.290393,2.790375,325.101227,0.049445,0.016059,0.977740,0.190597,0.217314,9.656099,0.000491,0.008326,0.097872,0.791208,-0.300801,-1.227070,100307.0000
1764075479686367533,2025-11-25 18:27:59.682,0.281428,2.783109,324.553215,0.047730,0.016516,0.978325,0.226775,0.260827,9.557911,0.010253,0.019184,0.092231,0.788778,-0.306534,-1.226465,100309.0000
1764075479786072348,2025-11-25 18:27:59.783,0.303287,2.772002,324.026360,0.044215,0.016648,0.978358,0.376625,0.362567,9.799019,0.015744,0.006440,0.098066,0.785363,-0.314212,-1.227261,100301.0000
1764075479885398014,2025-11-25 18:27:59.882,0.322731,2.748379,323.508804,0.045052,0.017589,0.976896,0.204866,-0.193960,9.798182,0.009347,0.000154,0.092697,0.782448,-0.319957,-1.227130,100304.0000
1764075479985492681,2025-11-25 18:27:59.982,0.336064,2.742161,323.005600,0.046657,0.019893,0.976868,0.950284,0.018368,10.084261,0.015726,0.001590,0.085236,0.776164,-0.325718,-1.226950,100302.0000
1764075480095800403,2025-11-25 18:28:00.092,0.338173,2.757051,322.513737,0.048695,0.019500,0.978376,1.066173,-0.412875,10.114016,0.007086,0.000262,0.083962,0.774215,-0.332861,-1.225368,100308.0000
1764075480185789458,2025-11-25 18:28:00.182,0.326846,2.762823,322.027866,0.046202,0.019024,0.976743,0.169885,-0.079789,9.718651,-0.001627,0.008852,0.084086,0.771792,-0.335748,-1.225769,100309.0000
1764075480286215495,2025-11-25 18:28:00.283,0.323008,2.767602,321.555302,0.042490,0.017257,0.977644,0.170092,-0.215427,9.751017,0.012545,0.001816,0.084912,0.770320,-0.342899,-1.224675,100305.0000
1764075480386327421,2025-11-25 18:28:00.383,0.333053,2.793064,321.116867,0.043067,0.016826,0.977677,0.000471,0.063891,9.778577,0.010053,-0.002876,0.077421,0.763070,-0.347261,-1.225947,100303.0000
1764075480485307292,2025-11-25 18:28:00.482,0.346357,2.832579,320.708927,0.044033,0.019072,0.976701,0.560643,0.452144,9.817342,0.008296,-0.012071,0.069887,0.758247,-0.351084,-1.224855,100309.0000
1764075480585503458,2025-11-25 18:28:00.582,0.341437,2.861271,320.311871,0.047269,0.020139,0.976702,0.654304,0.510855,9.636030,-0.002482,-0.007265,0.074354,0.756788,-0.353489,-1.225278,100303.0000
1764075480685687995,2025-11-25 18:28:00.683,0.324556,2.866161,319.937786,0.049248,0.018336,0.977235,0.607368,-0.166967,9.790592,-0.004632,0.001018,0.054411,0.756284,-0.358735,-1.224709,100301.0000
1764075480795779606,2025-11-25 18:28:00.793,0.307516,2.847693,319.579971,0.046123,0.012867,0.978756,0.500708,-0.147318,9.957251,0.011070,0.003508,0.069342,0.749534,-0.360687,-1.225061,100309.0000
1764075480885298125,2025-11-25 18:28:00.882,0.303774,2.802729,319.232273,0.045193,0.015186,0.978954,0.662679,0.683720,9.877001,0.006836,0.008096,0.065204,0.748555,-0.364980,-1.224500,100304.0000
1764075480985450014,2025-11-25 18:28:00.982,0.297334,2.738644,318.897545,0.041914,0.019505,0.977007,0.548710,0.961935,9.529092,0.004355,0.005689,0.059912,0.745152,-0.370270,-1.225332,100315.0000
1764075481097996643,2025-11-25 18:28:01.095,0.286286,2.695324,318.577259,0.038970,0.013407,0.977551,0.317776,-0.313462,9.940177,-0.002225,-0.000998,0.051021,0.745176,-0.370209,-1.222444,100307.0000
1764075481186122810,2025-11-25 18:28:01.183,0.277897,2.694631,318.261555,0.039137,0.013118,0.978356,0.596541,-0.146524,10.012347,0.005766,-0.001908,0.061943,0.741780,-0.375011,-1.222802,100305.0000
1764075481285669106,2025-11-25 18:28:01.283,0.267274,2.710289,317.973061,0.040599,0.016265,0.975151,0.537691,0.182522,9.776896,-0.004628,-0.003896,0.039800,0.739362,-0.377410,-1.222730,100303.0000
1764075481386591106,2025-11-25 18:28:01.383,0.266129,2.737480,317.697636,0.041703,0.013525,0.976587,0.187536,0.529826,9.523577,0.000424,-0.005936,0.055601,0.736456,-0.379832,-1.223614,100303.0000
1764075481488229180,2025-11-25 18:28:01.482,0.267533,2.785626,317.447742,0.044027,0.012447,0.977466,0.344688,-0.475791,9.878957,0.011729,-0.006155,0.045907,0.732578,-0.384169,-1.224454,100309.0000
1764075481585754384,2025-11-25 18:28:01.583,0.281363,2.805376,317.236210,0.047078,0.014989,0.977984,0.682210,0.397383,9.765421,0.005225,0.001688,0.037150,0.732568,-0.386079,-1.224424,100307.0000
1764075481696269050,2025-11-25 18:28:01.693,0.293472,2.792085,317.053757,0.046066,0.013718,0.978642,0.577080,-0.037871,9.856371,0.001605,0.008310,0.026900,0.730183,-0.386507,-1.221493,100301.0000
1764075481786599995,2025-11-25 18:28:01.783,0.301156,2.768078,316.892441,0.044277,0.012921,0.978687,0.298576,-0.003759,9.695248,0.008803,0.007006,0.031957,0.728721,-0.387977,-1.222894,100305.0000
1764075481885741328,2025-11-25 18:28:01.883,0.299305,2.750177,316.751003,0.043820,0.014597,0.979041,0.504422,0.065364,9.829475,-0.000505,0.012439,0.011954,0.728729,-0.389369,-1.220946,100307.0000
1764075481985642717,2025-11-25 18:28:01.983,0.287794,2.736914,316.619335,0.040885,0.012009,0.977101,0.381259,0.068786,9.726177,-0.001676,0.006176,0.025891,0.726772,-0.391350,-1.223777,100305.0000
1764075482085907939,2025-11-25 18:28:02.082,0.269273,2.720977,316.485779,0.041347,0.010451,0.975567,0.131468,0.517162,9.612874,0.004952,0.000315,0.025764,0.727254,-0.390402,-1.224280,100309.0000
1764075482185862605,2025-11-25 18:28:02.183,0.259394,2.699035,316.351170,0.043980,0.009767,0.976814,0.601211,0.118639,9.786479,0.002200,0.007895,0.028173,0.725340,-0.392738,-1.221327,100309.0000
1764075482286028179,2025-11-25 18:28:02.283,0.262139,2.671778,316.251854,0.040213,0.010192,0.976401,0.343973,-0.030045,9.788847,0.008307,-0.001278,0.018896,0.723896,-0.393689,-1.220810,100313.0000
1764075482396535124,2025-11-25 18:28:02.393,0.275597,2.668053,316.184238,0.040499,0.011341,0.978705,0.170269,-0.001653,9.650164,0.003666,0.004550,0.010244,0.723899,-0.394624,-1.219832,100309.0000
1764075482485547235,2025-11-25 18:28:02.482,0.287712,2.671137,316.134624,0.042525,0.009699,0.979626,0.518686,-0.191978,9.763557,0.007060,0.003108,-0.003476,0.723888,-0.396067,-1.220292,100305.0000
1764075482585256420,2025-11-25 18:28:02.582,0.299404,2.673644,316.079903,0.038952,0.009486,0.977801,0.303897,0.122513,9.933611,-0.003269,-0.001163,0.012776,0.722901,-0.397078,-1.222670,100315.0000
1764075482696627068,2025-11-25 18:28:02.693,0.307447,2.681048,316.042454,0.040721,0.010538,0.977752,0.505003,0.132148,9.863737,-0.004084,-0.001137,-0.000527,0.722918,-0.396092,-1.221240,100308.0000
1764075482786058346,2025-11-25 18:28:02.783,0.306210,2.693167,316.019321,0.041721,0.009834,0.975259,0.347844,0.167184,9.605741,0.000822,-0.002361,0.010771,0.722910,-0.398471,-1.220722,100309.0000
1764075482885327309,2025-11-25 18:28:02.882,0.303501,2.689951,316.000698,0.041050,0.008762,0.977555,0.206453,-0.056273,9.866248,-0.001236,-0.001384,-0.000582,0.721450,-0.397105,-1.223611,100307.0000
1764075482985319716,2025-11-25 18:28:02.982,0.297012,2.667816,315.989998,0.043279,0.010189,0.977058,0.586078,0.035631,9.686584,-0.000049,0.001621,0.004737,0.724370,-0.397478,-1.219314,100313.0000
1764075483086160049,2025-11-25 18:28:03.083,0.299898,2.645437,315.991486,0.039678,0.009489,0.977805,0.158930,-0.095719,9.670722,0.001558,0.000505,-0.001804,0.723407,-0.396070,-1.220285,100311.0000
1764075483185663697,2025-11-25 18:28:03.182,0.297393,2.654865,316.014614,0.038005,0.009923,0.978409,0.633102,0.247153,9.797434,0.005649,-0.005045,0.004041,0.722434,-0.396572,-1.221226,100306.0000
1764075483286299845,2025-11-25 18:28:03.283,0.296592,2.689610,316.048016,0.040939,0.009461,0.979899,0.462232,0.388674,9.925857,0.002625,-0.005341,-0.004740,0.724835,-0.396104,-1.222231,100306.0000
1764075483385327771,2025-11-25 18:28:03.382,0.293002,2.719281,316.085442,0.045168,0.008456,0.977396,0.604188,0.006594,9.827705,-0.005490,0.003359,-0.008054,0.724366,-0.395130,-1.221276,100307.0000
1764075483486183623,2025-11-25 18:28:03.483,0.285698,2.676464,316.143250,0.043074,0.007481,0.977056,0.475553,0.027397,9.798048,0.002335,0.008410,-0.014135,0.724357,-0.397041,-1.221247,100303.0000
1764075483586201049,2025-11-25 18:28:03.583,0.289828,2.596432,316.214520,0.039345,0.007742,0.976312,0.434029,-0.089762,9.664795,-0.001136,0.016775,-0.015573,0.728711,-0.393658,-1.220399,100307.0000
1764075483696013845,2025-11-25 18:28:03.693,0.306758,2.553919,316.294933,0.032990,0.006708,0.976788,0.449730,0.135181,9.792612,0.001640,0.002315,-0.008468,0.729187,-0.393198,-1.221377,100309.0000
1764075483786917919,2025-11-25 18:28:03.783,0.334137,2.562435,316.391994,0.034521,0.007951,0.977996,0.211533,0.129556,9.798752,0.004375,-0.010630,-0.019386,0.727262,-0.394152,-1.220852,100302.0000
1764075483886205530,2025-11-25 18:28:03.883,0.366814,2.594897,316.511269,0.038014,0.009143,0.979022,0.340745,0.438603,9.934515,0.005899,-0.010531,-0.021422,0.727741,-0.393683,-1.221348,100301.0000
1764075483997609067,2025-11-25 18:28:03.993,0.392003,2.655933,316.640614,0.040198,0.007530,0.978373,0.533624,0.055045,9.810081,0.006768,-0.007437,-0.014924,0.727289,-0.389365,-1.220444,100308.0000
1764075484085389549,2025-11-25 18:28:04.082,0.402783,2.699459,316.756718,0.043248,0.009515,0.977605,0.439786,0.035402,9.644725,-0.000251,-0.002063,-0.024681,0.730155,-0.389881,-1.222886,100307.0000
1764075484185509586,2025-11-25 18:28:04.182,0.393870,2.690837,316.881851,0.042183,0.009654,0.976386,0.105068,0.035467,9.612026,-0.004113,0.000224,-0.023747,0.732091,-0.387484,-1.222951,100305.0000
1764075484295759660,2025-11-25 18:28:04.292,0.368819,2.657419,317.026249,0.041813,0.011395,0.976877,0.624139,0.022838,9.781250,-0.010413,0.000704,-0.028633,0.732122,-0.385044,-1.220581,100304.0000
1764075484385411660,2025-11-25 18:28:04.383,0.329419,2.662274,317.179909,0.038890,0.007059,0.976985,0.426023,-0.000044,9.755463,-0.007490,-0.009055,-0.023172,0.733553,-0.386014,-1.221550,100302.0000
1764075484485714234,2025-11-25 18:28:04.482,0.294320,2.690464,317.339279,0.042418,0.006152,0.979302,0.359877,-0.047284,9.792062,-0.005329,-0.004479,-0.029872,0.734984,-0.383213,-1.224985,100303.0000
1764075484596063956,2025-11-25 18:28:04.593,0.280214,2.732869,317.515377,0.042749,0.003369,0.978470,0.409236,-0.182649,9.787046,0.001983,-0.010495,-0.030170,0.735482,-0.381279,-1.224059,100304.0000
1764075484685295048,2025-11-25 18:28:04.682,0.298538,2.770398,317.702190,0.046026,0.002404,0.977394,0.476072,0.245860,9.898532,0.005166,-0.001938,-0.028378,0.739846,-0.379288,-1.221264,100304.0000
1764075484785603048,2025-11-25 18:28:04.783,0.343336,2.760399,317.896233,0.044173,0.004260,0.976121,0.384371,0.070876,9.863913,0.009444,-0.000759,-0.033032,0.735989,-0.378381,-1.222666,100308.0000
1764075484896025826,2025-11-25 18:28:04.893,0.388759,2.734525,318.079071,0.042960,0.007716,0.977915,0.443557,0.235611,9.737660,0.004618,0.000810,-0.032701,0.741280,-0.377889,-1.223233,100307.0000
1764075484985287289,2025-11-25 18:28:04.982,0.403800,2.689057,318.265232,0.042209,0.009590,0.978041,0.361583,-0.039296,9.694742,0.003061,0.004564,-0.040174,0.742260,-0.375954,-1.222314,100305.0000
1764075485085648400,2025-11-25 18:28:05.082,0.386148,2.654561,318.451725,0.040344,0.009246,0.978975,0.151014,0.426710,9.645584,-0.004032,0.002231,-0.034481,0.745652,-0.371162,-1.222437,100305.0000
1764075485185337733,2025-11-25 18:28:05.182,0.356117,2.630691,318.640518,0.040468,0.007632,0.977923,0.618040,0.017369,9.716571,-0.006535,0.001019,-0.030715,0.745160,-0.372607,-1.222889,100297.0000
1764075485285859659,2025-11-25 18:28:05.283,0.331731,2.624253,318.827026,0.038041,0.003764,0.976516,0.404534,-0.039249,9.683224,-0.001113,-0.003333,-0.025291,0.748555,-0.368750,-1.222035,100311.0000
1764075485386128974,2025-11-25 18:28:05.383,0.334523,2.623983,319.009697,0.038957,0.003856,0.977469,0.505579,-0.005277,9.821373,-0.001383,0.000266,-0.035669,0.749520,-0.365911,-1.223537,100308.0000
1764075485486510177,2025-11-25 18:28:05.483,0.357804,2.650286,319.197414,0.037034,0.004283,0.976743,0.501949,0.258447,9.783448,0.006476,-0.011127,-0.034102,0.751004,-0.363912,-1.219736,100307.0000
1764075485596197103,2025-11-25 18:28:05.593,0.385477,2.669888,319.365589,0.043373,0.006167,0.978818,0.744291,0.186474,9.926651,0.000280,-0.002375,-0.033035,0.750039,-0.362036,-1.221195,100301.0000
1764075485685425974,2025-11-25 18:28:05.682,0.392883,2.663383,319.519077,0.043863,0.008137,0.977590,0.622226,-0.069960,9.860998,0.006498,0.006451,-0.016836,0.753414,-0.361533,-1.220771,100300.0000
1764075485785514103,2025-11-25 18:28:05.783,0.369794,2.645672,319.687420,0.042391,0.009220,0.977201,0.424950,-0.048623,9.728423,-0.006129,0.011227,-0.030541,0.755821,-0.359632,-1.221799,100307.0000
1764075485885915048,2025-11-25 18:28:05.883,0.354665,2.631858,319.851101,0.036840,0.004200,0.976869,0.315802,-0.013626,9.610655,-0.002848,-0.003231,-0.020220,0.756796,-0.357239,-1.221850,100307.0000
1764075485985336270,2025-11-25 18:28:05.982,0.349716,2.624870,320.003166,0.038667,0.005277,0.978626,0.086823,0.088186,9.716269,-0.002021,-0.004318,-0.031401,0.755831,-0.355363,-1.223309,100301.0000
1764075486085702436,2025-11-25 18:28:06.082,0.363004,2.621771,320.137142,0.040615,0.005314,0.979268,0.583676,0.319900,9.764953,-0.004093,0.003289,-0.020191,0.759226,-0.353864,-1.220974,100311.0000
1764075486197644918,2025-11-25 18:28:06.193,0.390890,2.624195,320.280186,0.038628,0.006770,0.977722,0.064013,-0.021610,9.703329,0.007816,-0.002622,-0.025139,0.759706,-0.352449,-1.221965,100310.0000
1764075486285547677,2025-11-25 18:28:06.283,0.423585,2.658912,320.422989,0.039196,0.008471,0.977128,0.621540,0.469859,9.817572,0.003969,-0.008536,-0.016257,0.760657,-0.352476,-1.223424,100309.0000
1764075486386609862,2025-11-25 18:28:06.383,0.427865,2.673476,320.561230,0.043387,0.009851,0.977896,0.267382,-0.067561,9.788958,0.004604,0.002309,-0.026180,0.762581,-0.353412,-1.222956,100302.0000
1764075486496632584,2025-11-25 18:28:06.493,0.411864,2.682390,320.683624,0.043383,0.009048,0.977585,0.425468,0.221329,9.801826,-0.005129,-0.003376,-0.015612,0.763545,-0.349160,-1.225443,100305.0000
1764075486585499955,2025-11-25 18:28:06.582,0.384648,2.656892,320.807732,0.045093,0.008162,0.977198,0.541144,-0.000988,9.820727,-0.000179,0.013277,-0.022885,0.762607,-0.348158,-1.223037,100308.0000
1764075486685639066,2025-11-25 18:28:06.683,0.349923,2.640948,320.943344,0.037983,0.007380,0.976092,0.431124,0.255892,9.714573,-0.010954,0.001418,-0.025653,0.767408,-0.347221,-1.225048,100306.0000
1764075486785882769,2025-11-25 18:28:06.783,0.338117,2.638263,321.087635,0.039954,0.005022,0.978461,0.174363,-0.084666,9.757545,0.003496,0.003013,-0.032690,0.767907,-0.346701,-1.223137,100306.0000
1764075486897015714,2025-11-25 18:28:06.893,0.357658,2.631819,321.231606,0.039766,0.004056,0.978706,0.382768,0.192503,9.766723,0.006893,-0.000868,-0.017601,0.767920,-0.342422,-1.224166,100307.0000
1764075486985451158,2025-11-25 18:28:06.982,0.389644,2.618616,321.369343,0.040607,0.006934,0.978291,0.327041,-0.004329,9.811662,0.006042,0.001895,-0.020021,0.767942,-0.339536,-1.223247,100306.0000
1764075487085918195,2025-11-25 18:28:07.083,0.415853,2.610105,321.488377,0.040046,0.007402,0.977891,0.387847,0.105577,9.835517,0.001247,-0.003701,-0.022503,0.768901,-0.339541,-1.223742,100311.0000
1764075487197337380,2025-11-25 18:28:07.193,0.429265,2.633875,321.598450,0.039316,0.007830,0.977563,0.378247,-0.035944,9.816946,0.003955,-0.010146,-0.019877,0.771801,-0.339965,-1.221852,100309.0000
1764075487286994695,2025-11-25 18:28:07.283,0.428748,2.673818,321.701702,0.042171,0.010256,0.976702,0.338260,0.305069,9.713580,-0.009754,-0.006213,-0.018324,0.768428,-0.338578,-1.223269,100309.0000
1764075487385274547,2025-11-25 18:28:07.382,0.418487,2.696098,321.821529,0.042814,0.009267,0.976993,0.264936,0.113316,9.885973,-0.004673,-0.004111,-0.025290,0.770347,-0.339057,-1.223771,100310.0000
1764075487496117973,2025-11-25 18:28:07.493,0.417029,2.690183,321.950294,0.045191,0.006413,0.978037,0.433907,0.038322,9.858349,-0.001847,-0.000561,-0.024086,0.771787,-0.336703,-1.225754,100305.0000
1764075487586091398,2025-11-25 18:28:07.583,0.432819,2.656157,322.080456,0.041301,0.006871,0.978180,0.364604,0.090851,9.817364,0.000842,0.004321,-0.026018,0.775653,-0.334755,-1.224878,100299.0000
1764075487685556658,2025-11-25 18:28:07.682,0.450489,2.615524,322.202698,0.040459,0.009294,0.978209,0.270713,0.359327,9.795053,-0.004957,0.005007,-0.013598,0.772788,-0.334239,-1.222436,100309.0000
1764075487785738898,2025-11-25 18:28:07.782,0.457559,2.601285,322.314007,0.039762,0.008547,0.978235,0.562104,0.072561,9.946161,0.002789,0.003716,-0.023455,0.773743,-0.331898,-1.224894,100307.0000
1764075487896046898,2025-11-25 18:28:07.892,0.455280,2.610166,322.416000,0.038583,0.009681,0.977625,0.404478,-0.111373,9.717385,-0.002295,-0.002326,-0.022869,0.776649,-0.331834,-1.222530,100306.0000
1764075487985778417,2025-11-25 18:28:07.982,0.431299,2.650356,322.513775,0.038329,0.008376,0.975791,0.275763,-0.167944,9.664953,-0.006780,-0.010567,-0.019681,0.776653,-0.325695,-1.225994,100305.0000
1764075488095950731,2025-11-25 18:28:08.093,0.393941,2.703395,322.600258,0.041298,0.009512,0.975671,0.279412,0.213445,9.603470,-0.004026,-0.009223,-0.012335,0.778581,-0.328034,-1.224060,100303.0000
1764075488185413157,2025-11-25 18:28:08.182,0.367047,2.749371,322.695240,0.044798,0.004763,0.978464,0.543300,-0.148407,9.784003,0.003002,-0.008573,-0.011580,0.776168,-0.328065,-1.224988,100309.0000
1764075488286094676,2025-11-25 18:28:08.283,0.368024,2.768926,322.791397,0.048342,0.004831,0.978782,0.379280,0.031315,9.854323,0.002798,-0.003666,-0.014016,0.774760,-0.323264,-1.223595,100305.0000
1764075488386191972,2025-11-25 18:28:08.383,0.386745,2.763790,322.885815,0.047652,0.005950,0.978815,0.686798,0.249213,9.831717,-0.002702,0.003383,-0.022280,0.778117,-0.322335,-1.225585,100305.0000
1764075488496390194,2025-11-25 18:28:08.493,0.419374,2.751768,322.986206,0.043921,0.006552,0.977592,0.264613,-0.146907,9.690736,0.003127,0.004281,-0.010057,0.779082,-0.324211,-1.224126,100303.0000
1764075488586139935,2025-11-25 18:28:08.583,0.447821,2.726748,323.081429,0.042428,0.008728,0.977586,0.363705,-0.011965,9.770043,0.006919,0.004503,-0.021427,0.779541,-0.324737,-1.226533,100311.0000
1764075488685608287,2025-11-25 18:28:08.682,0.450954,2.709030,323.160576,0.040156,0.010041,0.976590,0.343042,0.305305,9.753372,0.001953,-0.001978,-0.014866,0.779564,-0.320905,-1.226110,100309.0000
1764075488796291990,2025-11-25 18:28:08.793,0.444239,2.696061,323.248150,0.043190,0.010499,0.977114,0.398764,-0.006182,9.730000,-0.007538,0.000382,-0.014339,0.781962,-0.320915,-1.227109,100307.0000
1764075488885817472,2025-11-25 18:28:08.883,0.432643,2.689383,323.340202,0.043854,0.008253,0.976979,0.478209,-0.266154,9.806837,-0.000765,-0.000263,-0.021311,0.782478,-0.320821,-1.222783,100304.0000
1764075488985588935,2025-11-25 18:28:08.982,0.428214,2.679158,323.423378,0.040573,0.006385,0.977442,0.146554,0.184129,9.757658,0.001332,0.002933,-0.006995,0.782454,-0.321827,-1.225175,100309.0000
1764075489096003138,2025-11-25 18:28:09.093,0.431416,2.676476,323.485405,0.040110,0.009723,0.979405,0.238180,0.299299,9.774229,0.004868,-0.005300,-0.011522,0.782005,-0.318445,-1.223294,100305.0000
1764075489185494805,2025-11-25 18:28:09.183,0.436279,2.705394,323.550327,0.042412,0.010406,0.979152,0.539851,0.254276,9.897031,-0.001643,-0.007421,-0.020574,0.782960,-0.317516,-1.224767,100299.0000
1764075489285951453,2025-11-25 18:28:09.283,0.435953,2.723263,323.605450,0.043897,0.006253,0.977273,0.633404,0.185232,9.751664,0.006400,-0.000925,-0.001677,0.783442,-0.316568,-1.225270,100311.0000
1764075489396171712,2025-11-25 18:28:09.393,0.436303,2.721987,323.663059,0.043957,0.009408,0.976555,0.527589,-0.041962,9.777580,0.003448,-0.002012,-0.021059,0.782483,-0.317508,-1.224279,100307.0000
1764075489485937916,2025-11-25 18:28:09.483,0.442835,2.714302,323.716892,0.043267,0.008294,0.976612,0.546488,0.106625,9.631934,0.002840,-0.000741,-0.004969,0.783940,-0.315580,-1.223848,100303.0000
1764075489585614545,2025-11-25 18:28:09.582,0.450760,2.703279,323.778805,0.041050,0.008503,0.976520,0.370088,-0.046632,9.715432,0.003839,-0.003861,-0.006194,0.782490,-0.313717,-1.225782,100308.0000
1764075489695851601,2025-11-25 18:28:09.693,0.443300,2.697554,323.847820,0.043746,0.011559,0.978583,0.232470,0.142361,9.792413,-0.006675,-0.002212,-0.020094,0.787765,-0.316569,-1.226297,100301.0000
1764075489785934101,2025-11-25 18:28:09.783,0.429180,2.703313,323.916348,0.043261,0.008251,0.978958,0.701382,0.177952,9.764168,-0.002348,-0.004826,-0.010682,0.786358,-0.312236,-1.224416,100303.0000
1764075489885985304,2025-11-25 18:28:09.883,0.425861,2.702044,323.980343,0.044022,0.006310,0.976711,0.464580,0.123321,9.904265,0.005098,0.000859,-0.008086,0.785369,-0.312312,-1.227771,100307.0000
1764075489985627527,2025-11-25 18:28:09.982,0.439037,2.698593,324.036304,0.044702,0.007699,0.976956,0.575192,-0.019161,9.746905,0.006787,0.009110,-0.007542,0.786358,-0.312236,-1.224416,100311.0000
1764075490095864323,2025-11-25 18:28:10.093,0.454641,2.696241,324.086761,0.043436,0.008458,0.978047,0.411442,-0.107163,9.771546,0.005259,0.004196,-0.010877,0.788268,-0.313681,-1.225385,100308.0000
1764075490185317860,2025-11-25 18:28:10.182,0.480738,2.701980,324.122852,0.040369,0.007474,0.977492,0.470748,0.074288,9.907588,-0.002175,-0.004078,-0.009563,0.787318,-0.311297,-1.225408,100306.0000
1764075490285631915,2025-11-25 18:28:10.282,0.497392,2.700372,324.131351,0.042929,0.009924,0.978088,0.384862,-0.047821,9.733242,0.011401,0.003934,0.003546,0.786829,-0.311319,-1.226363,100305.0000
1764075490396042600,2025-11-25 18:28:10.393,0.487769,2.715361,324.114574,0.041969,0.011811,0.977684,0.406915,0.195659,9.919281,-0.004983,-0.001252,0.002807,0.789243,-0.312701,-1.224451,100310.0000
1764075490486036341,2025-11-25 18:28:10.483,0.467233,2.736450,324.071308,0.044390,0.012170,0.977197,0.604757,0.434684,9.723377,-0.007119,-0.005002,0.012498,0.786346,-0.313212,-1.225364,100301.0000
1764075490585726100,2025-11-25 18:28:10.582,0.441399,2.728622,324.031361,0.044416,0.010328,0.976780,0.532542,0.026207,9.867640,-0.004824,-0.002630,0.005761,0.786381,-0.308404,-1.223993,100302.0000
1764075490695981767,2025-11-25 18:28:10.693,0.425135,2.689200,323.993355,0.043740,0.009750,0.978668,0.197499,0.097259,9.733207,0.004241,0.008517,0.011603,0.785886,-0.311273,-1.223942,100307.0000
1764075490786156174,2025-11-25 18:28:10.783,0.420043,2.668838,323.961159,0.041147,0.009932,0.976956,0.761506,0.044422,9.925118,0.002975,-0.000654,-0.003350,0.788745,-0.312276,-1.226858,100306.0000
1764075490885364174,2025-11-25 18:28:10.882,0.429158,2.672841,323.944553,0.035395,0.008783,0.976213,0.334446,0.248090,9.843599,-0.004628,-0.011301,0.007456,0.788770,-0.310325,-1.224962,100316.0000
1764075490997117748,2025-11-25 18:28:10.993,0.443728,2.690142,323.940235,0.042586,0.008393,0.979133,0.848785,-0.084214,10.157670,0.006227,-0.000866,-0.002512,0.786327,-0.312317,-1.228267,100301.0000
1764075491085614970,2025-11-25 18:28:11.082,0.469038,2.710135,323.937939,0.045698,0.010554,0.978169,0.414827,0.314201,9.707253,0.001866,0.001868,0.007715,0.786326,-0.314208,-1.227275,100303.0000
1764075491185356248,2025-11-25 18:28:11.182,0.498509,2.718081,323.928345,0.043626,0.009216,0.977574,0.449031,0.085199,9.790962,0.006860,0.000011,-0.001118,0.783939,-0.314168,-1.224833,100308.0000
1764075491298108100,2025-11-25 18:28:11.293,0.512563,2.716718,323.919083,0.043114,0.012669,0.977292,0.580176,0.283544,9.838933,-0.001347,0.004135,0.004640,0.785834,-0.317066,-1.226743,100309.0000
1764075491396352952,2025-11-25 18:28:11.393,0.498545,2.701452,323.916508,0.043147,0.012844,0.978830,0.356804,0.058028,9.807556,0.002907,0.004008,-0.000041,0.787290,-0.314671,-1.226801,100311.0000
1764075491486141118,2025-11-25 18:28:11.483,0.481986,2.686106,323.925980,0.039697,0.010627,0.977076,0.179961,-0.123449,9.656557,-0.002115,0.004259,-0.005145,0.786334,-0.314187,-1.226312,100308.0000
1764075491596517378,2025-11-25 18:28:11.593,0.468114,2.609120,323.959839,0.041244,0.010326,0.980284,0.538956,0.132045,9.954883,-0.003593,0.034062,-0.016612,0.787317,-0.312242,-1.224912,100310.0000
1764075491686691877,2025-11-25 18:28:11.683,0.444715,2.225113,324.116684,0.038453,0.009091,0.983555,0.303469,-0.336697,9.865474,-0.008014,0.094524,-0.035783,0.790222,-0.313123,-1.222051,100301.0000
1764075491787690822,2025-11-25 18:28:11.783,0.416328,1.551808,324.423191,0.016036,0.007801,0.983267,-0.118114,0.212528,9.816494,-0.004029,0.122276,-0.066781,0.800422,-0.306227,-1.214601,100316.0000
1764075491885844544,2025-11-25 18:28:11.883,0.388669,0.805445,324.868538,-0.013817,0.002671,0.983629,-0.310274,-0.410461,9.849196,-0.001350,0.132905,-0.080947,0.812525,-0.301264,-1.208594,100310.0000
1764075492000607488,2025-11-25 18:28:11.993,0.353039,0.114868,325.493896,-0.045711,0.005453,0.979999,-0.755682,0.018681,9.772404,-0.013686,0.088086,-0.132429,0.821290,-0.292464,-1.201152,100304.0000
1764075492085576007,2025-11-25 18:28:12.082,0.311981,-0.234838,326.212078,-0.063169,-0.003851,0.975305,-1.209860,-0.393512,9.402306,-0.006971,0.016216,-0.129191,0.831928,-0.286623,-1.198508,100309.0000
1764075492186378192,2025-11-25 18:28:12.183,0.269664,-0.416545,327.010696,-0.061892,-0.001918,0.981312,-1.091601,0.508402,9.839270,-0.008214,0.035165,-0.165967,0.838260,-0.278850,-1.193904,100307.0000
1764075492297122877,2025-11-25 18:28:12.293,0.246048,-0.866786,328.069159,-0.080518,-0.004387,0.979182,-0.957420,1.970778,10.090139,-0.020412,0.105540,-0.230188,0.849424,-0.265344,-1.190422,100319.0000
1764075492386011636,2025-11-25 18:28:12.382,0.304194,-1.656261,329.562536,-0.113708,-0.021224,0.976315,-1.145472,0.188762,10.068900,0.026121,0.124394,-0.258341,0.865475,-0.247374,-1.180337,100307.0000
1764075492486222784,2025-11-25 18:28:12.483,0.432647,-1.854838,331.026003,-0.146967,-0.007562,0.968857,-2.466458,0.735392,9.448671,0.020163,-0.046706,-0.261380,0.875683,-0.231971,-1.177351,100309.0000
1764075492596246729,2025-11-25 18:28:12.593,0.515977,-1.510992,332.414654,-0.126878,0.004368,0.971820,-1.060182,-0.580454,9.540230,0.030797,-0.108269,-0.229883,0.880565,-0.216207,-1.178626,100306.0000
1764075492686320303,2025-11-25 18:28:12.683,0.520269,-0.755952,333.821651,-0.106271,0.007039,0.962609,-1.155728,-0.260434,9.380960,0.008812,-0.187304,-0.244102,0.883468,-0.199181,-1.187598,100309.0000
1764075492785504932,2025-11-25 18:28:12.782,0.438097,0.188748,335.270832,-0.049636,0.012666,0.969255,0.937656,-0.272501,10.255151,-0.004172,-0.136667,-0.257474,0.880066,-0.184674,-1.201254,100304.0000
1764075492896853840,2025-11-25 18:28:12.893,0.391130,0.925772,336.822208,-0.016205,-0.006860,0.972808,0.793635,-0.045670,10.039460,-0.010135,-0.087335,-0.281376,0.878672,-0.163337,-1.208782,100306.0000
1764075492985501988,2025-11-25 18:28:12.983,0.509355,1.024682,338.591780,0.006150,-0.004476,0.982509,-0.242635,0.651281,9.946025,0.006546,0.032687,-0.337057,0.884996,-0.143328,-1.213034,100307.0000
1764075493085857340,2025-11-25 18:28:13.083,0.729109,0.725355,340.428915,-0.008767,-0.002391,0.982669,0.615653,0.299276,10.071363,0.025480,0.065174,-0.312870,0.896197,-0.121712,-1.210157,100309.0000
1764075493196259154,2025-11-25 18:28:13.193,0.935172,0.427788,342.263567,-0.033744,0.016565,0.984812,-0.664576,0.126459,10.056308,0.016958,0.028199,-0.321403,0.907916,-0.099524,-1.202963,100304.0000
1764075493286210210,2025-11-25 18:28:13.283,1.002530,0.301300,344.133144,-0.035492,0.027673,0.981935,-0.719335,0.154741,9.475009,-0.004458,-0.000280,-0.331875,0.911427,-0.075563,-1.200490,100318.0000
1764075493385379358,2025-11-25 18:28:13.382,0.870328,0.430859,346.099360,-0.025976,0.036266,0.982928,0.072234,0.302632,9.942382,-0.039519,-0.057866,-0.358890,0.916804,-0.051747,-1.205267,100305.0000
1764075493485564080,2025-11-25 18:28:13.482,0.597291,0.756389,348.169626,-0.005192,0.022413,0.977568,0.357878,0.143309,9.775298,-0.050322,-0.074241,-0.358531,0.918849,-0.023139,-1.208623,100301.0000
1764075493596264099,2025-11-25 18:28:13.593,0.345194,1.067126,350.291177,0.017639,0.003055,0.975568,0.381951,0.280952,9.640797,-0.038707,-0.042177,-0.370321,0.917533,0.007832,-1.212447,100314.0000
1764075493698714228,2025-11-25 18:28:13.693,0.254628,1.170030,352.399593,0.030704,-0.011403,0.976412,0.198453,-0.279937,9.616846,-0.006061,0.007608,-0.368480,0.917649,0.034063,-1.214775,100310.0000
1764075493786135543,2025-11-25 18:28:13.783,0.349494,1.041805,354.459417,0.029147,-0.013248,0.976357,0.385115,0.026472,9.739735,0.022642,0.033893,-0.361735,0.924523,0.061799,-1.215300,100309.0000
1764075493896116765,2025-11-25 18:28:13.892,0.522121,0.807407,356.516687,0.019139,0.001504,0.981029,0.079675,0.308940,9.700118,0.028937,0.041518,-0.357744,0.928067,0.087731,-1.209968,100304.0000
1764075493986835080,2025-11-25 18:28:13.983,0.626110,0.581734,358.618797,0.005671,0.015981,0.979850,-0.065321,0.476487,9.775028,0.005260,0.024132,-0.375648,0.927735,0.114519,-1.208446,100305.0000
1764075494086695191,2025-11-25 18:28:14.083,0.620182,0.474033,0.772404,-0.002898,0.018812,0.980964,-0.330201,0.187027,9.599770,-0.010106,-0.002154,-0.383982,0.926924,0.141783,-1.206924,100305.0000
1764075494185429857,2025-11-25 18:28:14.182,0.551294,0.515568,2.944880,-0.004061,0.012737,0.979062,-0.002627,0.064270,9.655385,-0.017085,-0.027543,-0.378356,0.923697,0.170897,-1.207802,100315.0000
1764075494286118228,2025-11-25 18:28:14.283,0.497153,0.680689,5.124449,-0.000201,0.007205,0.976698,0.173253,0.045398,9.773124,-0.005644,-0.040545,-0.385081,0.921905,0.200463,-1.210153,100308.0000
1764075494385648598,2025-11-25 18:28:14.382,0.501387,0.859781,7.319438,0.010829,0.003393,0.975404,0.270665,0.128405,9.902032,0.003393,-0.030450,-0.388289,0.914800,0.229010,-1.214337,100309.0000
1764075494496405691,2025-11-25 18:28:14.493,0.556266,0.977829,9.543974,0.018428,0.002593,0.975012,-0.009161,-0.270950,9.701975,0.003873,-0.019039,-0.387848,0.907230,0.254770,-1.214619,100309.0000
1764075494585543783,2025-11-25 18:28:14.582,0.598997,0.998111,11.777621,0.022292,0.011809,0.978397,0.163150,0.199322,9.826515,-0.000080,-0.002152,-0.394126,0.900621,0.282414,-1.216388,100311.0000
1764075494686423394,2025-11-25 18:28:14.683,0.596325,0.928609,13.992267,0.020627,0.012988,0.977421,0.093822,0.083691,9.750319,-0.013752,0.011231,-0.383433,0.895014,0.311110,-1.213853,100318.0000
1764075494785498061,2025-11-25 18:28:14.782,0.540894,0.802002,16.207933,0.017923,0.011811,0.981691,0.069535,0.054797,9.899624,-0.015171,0.012192,-0.388540,0.884574,0.340201,-1.214144,100307.0000
1764075494886027709,2025-11-25 18:28:14.882,0.472010,0.668972,18.457411,0.013006,0.006002,0.981355,0.024000,0.074930,9.802144,-0.007514,0.015046,-0.393534,0.877037,0.367933,-1.211566,100312.0000
1764075494985392024,2025-11-25 18:28:14.982,0.437474,0.569776,20.758390,0.007512,0.006040,0.980717,-0.020826,-0.031496,9.855415,-0.007527,0.013576,-0.406727,0.863695,0.394612,-1.212259,100309.0000
1764075495085518468,2025-11-25 18:28:15.082,0.470388,0.536365,23.057737,0.001598,0.001525,0.978564,-0.011612,-0.021988,9.703962,0.011629,-0.000934,-0.396649,0.852777,0.421353,-1.210580,100309.0000
1764075495197244264,2025-11-25 18:28:15.193,0.563883,0.576601,25.298759,-0.000157,0.005635,0.975817,0.118119,0.172230,9.738122,0.016016,-0.010359,-0.384626,0.840393,0.448026,-1.211768,100310.0000
1764075495285988116,2025-11-25 18:28:15.283,0.655354,0.671809,27.498589,0.002596,0.012283,0.975103,-0.007984,0.125689,9.829601,0.013359,-0.025845,-0.386986,0.824647,0.472815,-1.210951,100309.0000
1764075495385636283,2025-11-25 18:28:15.383,0.678203,0.789141,29.717449,0.010375,0.016642,0.975488,0.034384,0.329044,9.689059,-0.007330,-0.029107,-0.389966,0.808881,0.498965,-1.213526,100309.0000
1764075495485508209,2025-11-25 18:28:15.482,0.618262,0.860707,31.994085,0.018664,0.017696,0.978764,0.310481,-0.026419,9.885098,-0.018534,-0.015488,-0.401716,0.790712,0.520399,-1.212622,100306.0000
1764075495585936671,2025-11-25 18:28:15.582,0.511936,0.875980,34.280460,0.018963,0.012851,0.979455,0.112665,0.423378,9.856387,-0.022464,-0.004862,-0.396696,0.773508,0.546085,-1.214206,100312.0000
1764075495685415134,2025-11-25 18:28:15.682,0.418784,0.862732,36.505116,0.014995,0.004629,0.979454,0.042169,-0.031013,9.725899,-0.019432,0.001726,-0.386092,0.755357,0.568982,-1.211880,100316.0000
1764075495796760616,2025-11-25 18:28:15.793,0.388306,0.855971,38.655434,0.012678,0.000796,0.980827,0.106184,0.211865,9.734770,0.000328,-0.002857,-0.374006,0.735746,0.592767,-1.212436,100307.0000
1764075495886161986,2025-11-25 18:28:15.883,0.408990,0.857315,40.778725,0.012058,0.003673,0.977802,0.270685,0.081066,9.807347,0.002215,-0.002872,-0.373001,0.717570,0.614180,-1.212495,100311.0000
1764075495985427282,2025-11-25 18:28:15.982,0.448824,0.854311,42.905453,0.012632,0.003872,0.977047,0.155743,0.266970,9.877517,0.004827,-0.000497,-0.374794,0.699362,0.630797,-1.213444,100314.0000
1764075496095687134,2025-11-25 18:28:16.093,0.482377,0.830824,45.043468,0.013806,0.007538,0.977508,-0.003850,0.185577,9.636515,0.006008,-0.003670,-0.367519,0.678303,0.649382,-1.211010,100309.0000
1764075496185681060,2025-11-25 18:28:16.182,0.476676,0.797255,47.186481,0.014950,0.012241,0.979643,0.260601,0.328385,9.744246,-0.011382,0.004394,-0.376685,0.656277,0.670778,-1.211012,100309.0000
1764075496285423541,2025-11-25 18:28:16.282,0.426832,0.771194,49.318722,0.010799,0.008519,0.980675,0.259947,0.059931,9.701382,-0.009085,0.001195,-0.369809,0.635668,0.685981,-1.210459,100307.0000
1764075496385730467,2025-11-25 18:28:16.383,0.365233,0.780246,51.429260,0.008894,0.008995,0.979135,0.059171,-0.105136,9.772730,-0.014513,-0.008485,-0.368066,0.614581,0.704962,-1.211883,100313.0000
1764075496486954134,2025-11-25 18:28:16.483,0.330300,0.813355,53.518208,0.011919,0.003240,0.977774,0.172631,-0.163717,9.951706,-0.005292,-0.002746,-0.363370,0.592530,0.718279,-1.209835,100300.0000
1764075496585911912,2025-11-25 18:28:16.582,0.351223,0.825441,55.597630,0.014853,0.001805,0.975709,0.130621,0.031496,9.927929,0.002249,-0.008799,-0.364634,0.569031,0.734403,-1.210217,100305.0000
1764075496685502708,2025-11-25 18:28:16.682,0.411727,0.802693,57.700565,0.016139,0.001577,0.975794,0.063475,-0.156931,9.746863,0.008432,0.002193,-0.370961,0.545503,0.746209,-1.211496,100308.0000
1764075496796468004,2025-11-25 18:28:16.793,0.463404,0.763171,59.827499,0.012455,0.009035,0.977712,-0.242779,0.208669,9.606441,-0.005437,-0.000276,-0.366553,0.521982,0.758035,-1.211812,100305.0000
1764075496886492560,2025-11-25 18:28:16.883,0.484649,0.758142,61.877144,0.008330,0.009648,0.980826,0.147531,0.088294,9.818887,-0.003882,-0.010752,-0.343722,0.497529,0.771350,-1.209247,100312.0000
1764075496986017652,2025-11-25 18:28:16.983,0.475213,0.830961,63.766529,0.008799,0.011227,0.980885,0.027420,0.542370,9.750107,-0.013625,-0.019657,-0.317683,0.474004,0.783633,-1.210533,100315.0000
1764075497095772652,2025-11-25 18:28:17.093,0.451812,0.934569,65.518379,0.015027,0.008554,0.980286,0.168649,0.019224,9.730449,0.002734,-0.019180,-0.289449,0.452383,0.790691,-1.210804,100312.0000
1764075497185534745,2025-11-25 18:28:17.183,0.442687,1.052895,67.092262,0.017668,0.004733,0.974480,0.213766,0.079482,9.779899,-0.004487,-0.038076,-0.263852,0.431243,0.798218,-1.211571,100315.0000
1764075497285610800,2025-11-25 18:28:17.283,0.466964,1.289822,68.524681,0.030646,0.004380,0.974393,0.407739,-0.150167,9.767234,0.009063,-0.048129,-0.232760,0.412518,0.805309,-1.210922,100301.0000
1764075497385655004,2025-11-25 18:28:17.382,0.493899,1.644534,69.754913,0.044306,0.005575,0.971558,0.407809,0.233590,9.590609,-0.003659,-0.093508,-0.178095,0.393742,0.808497,-1.214066,100303.0000
1764075497496186281,2025-11-25 18:28:17.493,0.520864,2.556867,70.484650,0.070985,0.004816,0.970070,1.913028,-0.515472,9.785888,0.001348,-0.183627,-0.095275,0.373975,0.810187,-1.220061,100312.0000
1764075497585837930,2025-11-25 18:28:17.583,0.487587,3.700458,70.829849,0.119876,0.011925,0.975609,1.412148,0.181173,9.704158,-0.015400,-0.169448,-0.049733,0.359525,0.811027,-1.222270,100313.0000
1764075497695965096,2025-11-25 18:28:17.693,0.402808,4.378945,71.050713,0.163483,0.008992,0.978819,1.306311,-0.015340,9.662718,-0.017304,-0.069926,-0.039419,0.349904,0.814286,-1.224104,100305.0000
1764075497785732948,2025-11-25 18:28:17.783,0.300930,4.550324,71.338936,0.180100,0.006497,0.973819,1.378998,-0.069597,9.624327,-0.013993,-0.004053,-0.056308,0.343192,0.813849,-1.220628,100303.0000
1764075497885737170,2025-11-25 18:28:17.882,0.241349,4.398505,71.744530,0.182486,-0.002024,0.972043,2.167192,-0.506327,9.855998,-0.017856,0.043973,-0.084324,0.336479,0.817651,-1.220105,100313.0000
1764075497997248559,2025-11-25 18:28:17.993,0.257563,4.021721,72.150803,0.165898,-0.007567,0.969812,1.868833,-0.216273,9.720616,0.006105,0.081854,-0.070576,0.336983,0.817715,-1.217224,100310.0000
1764075498085907114,2025-11-25 18:28:18.082,0.326079,3.565871,72.511940,0.139787,-0.002232,0.968075,1.721710,-0.267853,9.910109,0.018031,0.074531,-0.063569,0.336036,0.820576,-1.217253,100302.0000
1764075498185674670,2025-11-25 18:28:18.182,0.389239,3.289756,72.821045,0.111436,0.003663,0.968808,0.914766,0.001918,9.955738,-0.002527,0.026946,-0.052053,0.335083,0.822483,-1.217269,100311.0000
1764075498286566559,2025-11-25 18:28:18.283,0.415578,3.347578,73.057358,0.096949,0.004906,0.969262,0.667808,-0.031534,9.715046,0.000901,-0.033440,-0.023105,0.333606,0.818146,-1.218626,100313.0000
1764075498385980262,2025-11-25 18:28:18.383,0.401835,3.719033,73.211052,0.101747,0.006828,0.969529,0.675819,0.299965,9.627997,0.000277,-0.086764,-0.028205,0.328342,0.820084,-1.216170,100310.0000
1764075498485396207,2025-11-25 18:28:18.482,0.396759,4.212127,73.296898,0.130923,0.001877,0.970598,1.487932,-0.123090,9.882279,0.000542,-0.081453,-0.003413,0.321601,0.822869,-1.218521,100303.0000
1764075498585483096,2025-11-25 18:28:18.583,0.429734,4.558177,73.366913,0.145908,0.002995,0.971523,0.503973,0.321585,9.900772,0.006515,-0.029255,-0.016082,0.318679,0.820407,-1.221330,100315.0000
1764075498697043299,2025-11-25 18:28:18.693,0.479482,4.543961,73.396347,0.144573,0.008359,0.974062,1.112411,0.512995,10.183097,0.007467,0.033788,0.011026,0.315319,0.822770,-1.221798,100310.0000
1764075498785441614,2025-11-25 18:28:18.783,0.521322,4.134405,73.312469,0.122779,0.013561,0.981616,0.357176,0.381223,9.854100,0.004470,0.097612,0.036567,0.323011,0.819959,-1.220905,100299.0000
1764075498885839984,2025-11-25 18:28:18.883,0.535098,3.502659,73.119125,0.087460,0.024215,0.982048,1.002667,0.601236,9.613399,0.006198,0.108170,0.026766,0.329295,0.819590,-1.217139,100299.0000
1764075498997269929,2025-11-25 18:28:18.993,0.532486,2.862414,72.909897,0.062330,0.012726,0.980276,0.798196,-0.397324,9.899608,0.002144,0.113162,0.032836,0.338437,0.818219,-1.216290,100312.0000
1764075499085954058,2025-11-25 18:28:19.082,0.543797,2.396560,72.703682,0.034461,0.001889,0.972754,-0.185304,-0.442276,9.799106,0.007376,0.067690,0.047803,0.347108,0.816398,-1.213982,100312.0000
1764075499185520540,2025-11-25 18:28:19.183,0.558265,2.189216,72.425896,0.018108,0.008169,0.968459,0.058168,0.072339,9.663829,0.007384,0.010888,0.052334,0.352379,0.815893,-1.216460,100305.0000
1764075499296904503,2025-11-25 18:28:19.293,0.508446,2.264900,72.032730,0.013836,0.022942,0.977908,-0.491462,0.218300,9.682382,-0.011875,-0.036475,0.075775,0.356229,0.815443,-1.216027,100315.0000
1764075499385717188,2025-11-25 18:28:19.383,0.385324,2.544895,71.529358,0.025935,0.030952,0.984064,1.213511,0.056769,10.179255,-0.014998,-0.068313,0.091667,0.360565,0.815005,-1.215122,100308.0000
1764075499486068262,2025-11-25 18:28:19.483,0.278598,2.816811,70.995735,0.053437,0.020671,0.985592,1.054443,-0.107088,10.086841,-0.006962,-0.029843,0.093330,0.365366,0.814529,-1.216148,100317.0000
1764075499585508891,2025-11-25 18:28:19.582,0.306165,2.897694,70.476120,0.067615,0.000391,0.975198,0.113866,0.465337,9.362360,0.036453,0.022858,0.089160,0.371124,0.812156,-1.216679,100303.0000
1764075499685831095,2025-11-25 18:28:19.683,0.485628,2.728992,69.955315,0.062605,-0.000671,0.967575,0.331212,0.033877,9.709982,0.052843,0.044854,0.092292,0.376857,0.807832,-1.219105,100308.0000
1764075499785388502,2025-11-25 18:28:19.782,0.668996,2.398413,69.401024,0.048926,0.021949,0.973897,0.218834,0.323743,9.777517,0.030211,0.052964,0.099733,0.386929,0.804493,-1.221128,100306.0000
1764075499885678113,2025-11-25 18:28:19.882,0.657575,2.098067,68.788376,0.032818,0.046391,0.985128,1.322897,0.222779,10.301178,-0.013546,0.045589,0.112381,0.397496,0.800719,-1.221226,100308.0000
1764075499996577724,2025-11-25 18:28:19.993,0.438400,1.988637,68.115845,0.016448,0.046330,0.986865,0.087915,0.271711,9.861279,-0.040536,0.017086,0.127700,0.408115,0.802271,-1.218035,100308.0000
1764075500086655002,2025-11-25 18:28:20.083,0.187993,2.074890,67.421059,0.015775,0.023327,0.978827,-0.307937,0.058832,9.516591,-0.029359,-0.028862,0.116657,0.413923,0.801443,-1.213292,100317.0000
1764075500186003187,2025-11-25 18:28:20.182,0.116733,2.254594,66.729347,0.028489,-0.004400,0.969470,0.187575,-0.266569,9.579681,0.021652,-0.039248,0.122382,0.421127,0.799555,-1.213850,100303.0000
1764075500296628372,2025-11-25 18:28:20.293,0.314641,2.414260,66.013702,0.039044,-0.009636,0.966604,0.390279,-0.135982,9.640453,0.057022,-0.028561,0.133285,0.431648,0.792833,-1.217756,100312.0000
1764075500386362261,2025-11-25 18:28:20.383,0.630079,2.463245,65.246178,0.041796,0.017701,0.973871,0.350338,0.296252,9.744898,0.062596,0.010584,0.137492,0.439254,0.787440,-1.225973,100301.0000
1764075500486690891,2025-11-25 18:28:20.483,0.792705,2.434909,64.453026,0.038091,0.050555,0.983028,0.271814,0.679760,9.866562,0.006933,-0.001018,0.138379,0.448391,0.781810,-1.223132,100308.0000
1764075500596552891,2025-11-25 18:28:20.593,0.668931,2.409046,63.700478,0.036389,0.060171,0.986654,0.321190,0.500405,9.847809,-0.033928,0.004602,0.117328,0.455108,0.778019,-1.223173,100314.0000
1764075500685680557,2025-11-25 18:28:20.683,0.342773,2.422513,63.016193,0.036575,0.042001,0.983892,0.449375,0.155344,9.741080,-0.055195,-0.010674,0.118636,0.468121,0.778607,-1.220965,100314.0000
1764075500785569335,2025-11-25 18:28:20.783,0.066207,2.504068,62.354122,0.034168,0.010683,0.974627,0.447074,0.389166,9.671093,-0.030925,-0.005349,0.115147,0.471977,0.776286,-1.218578,100318.0000
1764075500885731946,2025-11-25 18:28:20.883,0.030678,2.640456,61.667831,0.034893,-0.009488,0.968074,0.208629,-0.172067,9.632412,0.026438,-0.025913,0.121110,0.481602,0.774449,-1.217247,100306.0000
1764075500997586205,2025-11-25 18:28:20.993,0.247509,2.707868,60.944939,0.045662,-0.004406,0.972010,0.745316,-0.094601,10.051605,0.055514,-0.003346,0.131086,0.487797,0.766306,-1.219622,100315.0000
1764075501085947983,2025-11-25 18:28:21.082,0.564476,2.676604,60.208786,0.046689,0.020226,0.977665,0.763407,0.050871,9.958806,0.058267,0.024762,0.132889,0.496366,0.760917,-1.227853,100310.0000
1764075501196223724,2025-11-25 18:28:21.193,0.737301,2.592699,59.490417,0.041407,0.047743,0.982880,-0.011662,0.617900,9.752325,0.015916,0.024517,0.126422,0.504528,0.756665,-1.227427,100310.0000
1764075501285526798,2025-11-25 18:28:21.283,0.636526,2.526670,58.822189,0.036200,0.055394,0.982841,0.081621,0.369015,9.881702,-0.034576,0.006509,0.114345,0.513663,0.751503,-1.225074,100312.0000
1764075501386076594,2025-11-25 18:28:21.383,0.341836,2.522261,58.223045,0.040803,0.038396,0.982427,0.556569,0.600175,9.804265,-0.055518,-0.000975,0.097784,0.521856,0.749690,-1.222278,100318.0000
1764075501486001927,2025-11-25 18:28:21.482,0.054104,2.574674,57.669788,0.038485,0.011361,0.976583,0.341882,-0.075860,9.715713,-0.026986,-0.013405,0.091801,0.527149,0.749714,-1.222356,100316.0000
1764075501596670890,2025-11-25 18:28:21.593,-0.052969,2.640677,57.140209,0.041618,-0.004725,0.971369,0.020735,-0.040652,9.603620,0.002279,-0.013676,0.083627,0.531498,0.747426,-1.218532,100307.0000
1764075501685490557,2025-11-25 18:28:21.682,0.087559,2.680594,56.620342,0.044517,-0.005505,0.972295,0.572820,0.022323,9.695168,0.046769,-0.005178,0.083529,0.537246,0.745968,-1.221003,100301.0000
1764075501785561909,2025-11-25 18:28:21.782,0.347701,2.680351,56.100365,0.042993,0.010970,0.976264,0.513512,0.168989,9.886787,0.052433,-0.002303,0.096009,0.544379,0.736823,-1.225784,100303.0000
1764075501896908649,2025-11-25 18:28:21.893,0.545870,2.658026,55.575893,0.045265,0.031709,0.980465,0.332036,0.020052,9.872180,0.028181,0.008344,0.085826,0.548201,0.732053,-1.226249,100316.0000
1764075501986286686,2025-11-25 18:28:21.983,0.569369,2.631234,55.075264,0.045716,0.041423,0.981103,0.215988,0.467583,9.684232,-0.008497,0.007343,0.079967,0.553929,0.725361,-1.227676,100314.0000
1764075502086053223,2025-11-25 18:28:22.082,0.428839,2.605110,54.617260,0.045681,0.034125,0.980712,0.364865,0.206932,9.675130,-0.036106,0.009811,0.070516,0.559737,0.726891,-1.224414,100314.0000
1764075502196723834,2025-11-25 18:28:22.193,0.223010,2.593556,54.206631,0.041801,0.018746,0.977518,0.211984,-0.631875,9.891185,-0.026808,0.000178,0.076920,0.561651,0.723099,-1.223421,100305.0000
1764075502285476982,2025-11-25 18:28:22.283,0.073211,2.606267,53.827362,0.040161,0.007581,0.974472,0.311503,0.113242,9.799395,-0.008351,-0.011755,0.057659,0.568384,0.721707,-1.223017,100313.0000
1764075502385499316,2025-11-25 18:28:22.382,0.063686,2.629301,53.478649,0.041093,-0.001341,0.974606,0.764908,-0.138570,9.945170,0.024213,-0.002951,0.073022,0.572240,0.720799,-1.221615,100309.0000
1764075502496232778,2025-11-25 18:28:22.493,0.184954,2.649614,53.146755,0.041411,0.005813,0.974863,0.484985,0.234189,9.691809,0.028378,-0.006580,0.050898,0.576540,0.717912,-1.223561,100313.0000
1764075502586094519,2025-11-25 18:28:22.583,0.336742,2.660329,52.809467,0.042487,0.016662,0.978520,0.469317,0.806653,9.647262,0.024881,0.006446,0.052861,0.579408,0.715515,-1.224530,100313.0000
1764075502686192815,2025-11-25 18:28:22.683,0.424681,2.669179,52.479961,0.042959,0.022823,0.980222,0.377098,-0.388431,9.732839,0.013798,0.005745,0.046002,0.583226,0.711681,-1.225972,100309.0000
1764075502796721741,2025-11-25 18:28:22.793,0.432036,2.658088,52.180420,0.040312,0.023086,0.981094,0.328439,0.113540,9.889937,0.003048,-0.002269,0.054658,0.587035,0.705935,-1.227385,100312.0000
1764075502885961223,2025-11-25 18:28:22.883,0.379494,2.663857,51.922615,0.040692,0.025727,0.977747,0.329077,0.881047,9.563122,-0.006035,-0.009044,0.040517,0.590419,0.705992,-1.225509,100314.0000
1764075502986199445,2025-11-25 18:28:22.983,0.303339,2.692035,51.715946,0.042919,0.013581,0.975829,0.199264,-0.755557,9.810469,-0.010918,-0.001587,0.038349,0.592322,0.704059,-1.226953,100319.0000
1764075503095698130,2025-11-25 18:28:23.093,0.262703,2.716998,51.539158,0.042727,0.012366,0.976138,0.747330,0.238014,10.056170,0.000716,-0.003515,0.024204,0.592831,0.705078,-1.224086,100308.0000
1764075503185504667,2025-11-25 18:28:23.183,0.262403,2.744458,51.381950,0.040035,0.006759,0.974195,0.264243,0.005588,9.756687,0.012492,-0.009684,0.038621,0.592802,0.703116,-1.226464,100311.0000
1764075503285348315,2025-11-25 18:28:23.282,0.287035,2.801168,51.229843,0.043634,0.012823,0.977679,0.586654,-0.017418,9.844150,0.003244,-0.007999,0.013114,0.595181,0.700698,-1.228388,100308.0000
1764075503385650463,2025-11-25 18:28:23.383,0.312611,2.845817,51.079929,0.046130,0.013141,0.977909,0.333671,0.422813,9.831697,0.007201,-0.006594,0.022425,0.595654,0.700679,-1.229358,100309.0000
1764075503496155074,2025-11-25 18:28:23.493,0.328049,2.855256,50.946812,0.051509,0.013930,0.978352,0.699928,0.415061,9.835966,-0.003743,0.003159,0.011032,0.597575,0.699265,-1.228883,100306.0000
1764075503585733611,2025-11-25 18:28:23.583,0.324205,2.820566,50.850891,0.046916,0.013592,0.976800,0.280643,0.270228,9.729888,-0.000894,0.009193,0.023437,0.598538,0.697857,-1.227913,100314.0000
1764075503686295296,2025-11-25 18:28:23.683,0.291453,2.782445,50.795799,0.044737,0.015283,0.980647,0.314291,0.203868,9.741821,-0.005373,-0.000073,0.002886,0.599993,0.697894,-1.226490,100314.0000
1764075503796437981,2025-11-25 18:28:23.793,0.254861,2.748301,50.772839,0.046261,0.011290,0.979542,0.293973,-0.198542,9.615429,-0.002652,0.007542,0.003058,0.600979,0.700317,-1.225097,100319.0000
1764075503885851148,2025-11-25 18:28:23.883,0.236620,2.730850,50.769753,0.042023,0.007362,0.977364,0.492232,-0.042994,9.966147,0.002316,0.001020,-0.005918,0.599020,0.696446,-1.226935,100310.0000
1764075503985686037,2025-11-25 18:28:23.982,0.254680,2.734348,50.791264,0.042798,0.006217,0.975012,0.342782,-0.038829,9.557957,0.005898,-0.004952,-0.000600,0.601436,0.700726,-1.228481,100308.0000
1764075504095785685,2025-11-25 18:28:24.093,0.296356,2.783283,50.824978,0.042091,0.008805,0.976097,0.432804,0.196574,9.809602,0.006340,-0.008870,-0.015387,0.597596,0.698849,-1.225987,100310.0000
1764075504185606111,2025-11-25 18:28:24.182,0.329284,2.825153,50.879166,0.046314,0.010399,0.976847,0.571648,0.276265,9.691904,0.004150,-0.003050,-0.008260,0.597106,0.699293,-1.227432,100315.0000
1764075504285608574,2025-11-25 18:28:24.282,0.340849,2.822710,50.965981,0.045538,0.009637,0.977285,0.297550,0.091135,9.793082,-0.000411,0.004969,-0.021566,0.597111,0.700249,-1.227447,100313.0000
1764075504385345666,2025-11-25 18:28:24.382,0.344992,2.806741,51.071278,0.045660,0.011981,0.979265,0.245288,-0.142844,9.886404,0.004241,0.003091,-0.009406,0.593750,0.701667,-1.227419,100306.0000
1764075504496434296,2025-11-25 18:28:24.493,0.335984,2.802290,51.200607,0.044557,0.010608,0.979401,0.763612,0.058152,9.942476,-0.000300,-0.000481,-0.037370,0.592282,0.700654,-1.229790,100306.0000
1764075504585515129,2025-11-25 18:28:24.582,0.330325,2.813905,51.336311,0.043130,0.005957,0.977123,0.201723,0.173891,9.647561,-0.005362,-0.008493,-0.014998,0.592802,0.704528,-1.227449,100309.0000
1764075504696488610,2025-11-25 18:28:24.693,0.335157,2.830376,51.454334,0.047495,0.007527,0.977901,0.699316,0.212412,9.807992,0.003086,-0.002332,-0.023416,0.592304,0.701182,-1.227390,100310.0000
1764075504785852722,2025-11-25 18:28:24.783,0.343710,2.855360,51.546825,0.045978,0.008768,0.976552,0.432137,-0.011274,9.669940,0.001773,-0.005404,-0.005873,0.589428,0.704971,-1.228369,100310.0000
1764075504885412814,2025-11-25 18:28:24.882,0.336566,2.855232,51.658417,0.047437,0.010289,0.977214,0.368331,0.026027,9.978439,-0.000931,-0.003724,-0.033459,0.587507,0.704027,-1.227363,100306.0000
1764075504985657851,2025-11-25 18:28:24.982,0.326697,2.842392,51.769325,0.047926,0.006795,0.977047,0.511453,0.055061,9.699865,0.000500,0.005693,-0.010566,0.588456,0.703056,-1.228325,100316.0000
1764075505095677055,2025-11-25 18:28:25.093,0.332208,2.806523,51.850990,0.045787,0.008618,0.978600,0.237473,0.278106,9.843577,0.001677,0.005693,-0.020256,0.587050,0.707389,-1.226445,100309.0000
1764075505196638944,2025-11-25 18:28:25.193,0.340991,2.762629,51.934235,0.041797,0.009362,0.977491,0.492734,0.014781,9.690878,0.006035,0.003085,-0.008655,0.588485,0.708788,-1.228413,100303.0000
1764075505285452703,2025-11-25 18:28:25.283,0.354952,2.739907,52.051437,0.040358,0.008854,0.975709,0.234935,0.071073,9.758803,-0.001372,-0.005001,-0.021657,0.588966,0.708790,-1.228420,100314.0000
1764075505396364351,2025-11-25 18:28:25.393,0.371627,2.758997,52.182449,0.040660,0.008800,0.977024,0.456363,-0.056839,9.771361,0.007365,-0.005669,-0.015165,0.585601,0.709252,-1.228378,100307.0000
1764075505485695443,2025-11-25 18:28:25.483,0.386331,2.812597,52.293301,0.043244,0.009319,0.978314,0.399739,0.004656,9.833752,-0.002612,-0.011806,-0.028127,0.582235,0.708302,-1.227351,100311.0000
1764075505585479925,2025-11-25 18:28:25.582,0.381043,2.871558,52.396641,0.044572,0.010062,0.977520,0.587726,0.276059,9.892983,-0.004221,-0.005718,-0.010540,0.581763,0.711623,-1.228358,100314.0000
1764075505696543221,2025-11-25 18:28:25.693,0.359893,2.882519,52.499107,0.050027,0.010709,0.979379,0.613004,0.015956,9.946802,-0.000285,0.007705,-0.025959,0.580816,0.711660,-1.226418,100311.0000
1764075505785607351,2025-11-25 18:28:25.783,0.328972,2.868073,52.592510,0.040031,0.011507,0.978476,0.356738,0.047385,9.706007,-0.007104,0.004080,-0.012029,0.577452,0.713068,-1.226871,100303.0000
1764075505886021758,2025-11-25 18:28:25.883,0.242344,2.896530,52.729683,0.034208,0.012695,0.980290,0.466628,0.039464,9.878312,-0.015869,-0.014135,-0.029666,0.577463,0.716869,-1.227893,100310.0000
1764075505998570387,2025-11-25 18:28:25.993,0.143126,2.946477,52.899685,0.048624,-0.000823,0.974058,0.652191,0.081950,9.725494,-0.012308,-0.012387,-0.019998,0.575067,0.717356,-1.226902,100311.0000
1764075506086095221,2025-11-25 18:28:26.083,0.142148,2.948871,53.029903,0.056594,-0.005063,0.974945,0.773631,-0.173085,9.835604,0.007708,0.005826,-0.027788,0.574606,0.718350,-1.224984,100309.0000
1764075506186153350,2025-11-25 18:28:26.183,0.237553,2.882568,53.120911,0.052483,-0.004027,0.973909,0.722438,0.057192,9.789467,0.019953,0.018221,-0.010939,0.573651,0.717421,-1.223511,100296.0000
1764075506296466239,2025-11-25 18:28:26.293,0.355195,2.777550,53.195919,0.044182,0.007654,0.978481,0.323987,0.173934,9.739387,0.015170,0.019832,-0.013231,0.573609,0.715896,-1.227821,100306.0000
1764075506385482443,2025-11-25 18:28:26.382,0.420874,2.698814,53.280827,0.038090,0.013944,0.979285,0.290528,-0.021267,9.659726,0.008012,0.009223,-0.009655,0.572177,0.715920,-1.226356,100310.0000
1764075506485658517,2025-11-25 18:28:26.483,0.422465,2.667032,53.370716,0.037108,0.015344,0.980419,0.202614,0.269064,9.825540,-0.011990,-0.005510,-0.021148,0.571212,0.717796,-1.227815,100311.0000
1764075506585995369,2025-11-25 18:28:26.582,0.376375,2.689490,53.470078,0.037271,0.011894,0.979467,0.582164,0.104410,9.877978,-0.006928,-0.006326,-0.018368,0.570266,0.717833,-1.225875,100305.0000
1764075506685305702,2025-11-25 18:28:26.682,0.284544,2.521569,53.666973,0.072055,0.023473,0.993520,-0.588977,-0.153506,9.834045,-0.039217,0.102342,-0.072960,0.572697,0.719795,-1.224014,100314.0000
1764075506785561239,2025-11-25 18:28:26.783,0.065538,1.578653,54.173401,0.055364,0.012412,0.986382,0.427496,-0.510203,9.617712,-0.045403,0.205713,-0.119588,0.574705,0.724266,-1.216407,100313.0000
1764075506885342535,2025-11-25 18:28:26.882,-0.160431,0.503309,54.798042,-0.030336,-0.027238,0.958000,0.866729,0.017845,9.958554,-0.010998,0.064601,-0.072624,0.575803,0.733113,-1.205000,100317.0000
1764075506985212831,2025-11-25 18:28:26.982,-0.065617,0.780760,55.018593,-0.062134,-0.039314,0.958932,-1.170445,-0.653698,9.074909,0.050009,-0.127508,-0.001211,0.573869,0.733551,-1.206423,100299.0000
1764075507086092702,2025-11-25 18:28:27.083,0.278638,1.973334,55.002186,-0.028911,-0.007110,0.967413,-1.184777,0.685978,9.196615,0.072125,-0.249957,0.003205,0.559299,0.730772,-1.221577,100311.0000
1764075507185595961,2025-11-25 18:28:27.182,0.593692,3.289881,55.006561,0.047831,0.018226,0.976450,1.203451,0.012643,9.947581,0.032278,-0.229270,-0.017348,0.546210,0.728101,-1.231938,100310.0000
1764075507296255127,2025-11-25 18:28:27.293,0.727076,4.081726,55.045666,0.113733,0.028016,0.987993,1.845532,-0.074408,10.160915,-0.002166,-0.077707,-0.004121,0.538946,0.727001,-1.237113,100310.0000
1764075507385984387,2025-11-25 18:28:27.383,0.643585,4.114672,55.094872,0.126614,0.034906,0.989190,1.181850,0.081752,10.072453,-0.026739,0.073278,-0.020466,0.538463,0.727466,-1.237594,100308.0000
1764075507485477442,2025-11-25 18:28:27.482,0.429589,3.532943,55.224663,0.097673,0.020535,0.979052,0.397501,0.246554,9.581203,-0.040515,0.142415,-0.033710,0.539481,0.729503,-1.231861,100304.0000
1764075507595925035,2025-11-25 18:28:27.593,0.244962,2.752805,55.404358,0.050542,0.001544,0.975597,0.094671,-0.263959,9.729228,-0.021617,0.124286,-0.028587,0.546296,0.735398,-1.225791,100312.0000
1764075507685703961,2025-11-25 18:28:27.683,0.174300,2.193500,55.577450,0.014453,-0.005898,0.974509,0.374355,0.131912,9.863605,-0.004289,0.052443,-0.028328,0.549224,0.733633,-1.219546,100308.0000
1764075507785766683,2025-11-25 18:28:27.783,0.251649,2.068240,55.704952,0.000213,-0.009215,0.972359,0.018315,0.146645,9.798579,0.022382,-0.020256,-0.018193,0.552597,0.734604,-1.219611,100318.0000
1764075507897218831,2025-11-25 18:28:27.893,0.407103,2.340180,55.760876,0.006472,0.003194,0.975558,0.190447,0.371029,9.726693,0.031327,-0.075320,-0.000441,0.549682,0.735932,-1.223922,100312.0000
1764075507985653479,2025-11-25 18:28:27.983,0.512238,2.800763,55.783073,0.031851,0.012130,0.976060,0.538980,0.066736,9.862079,0.014253,-0.077402,-0.002272,0.541951,0.735338,-1.227652,100310.0000
1764075508086046645,2025-11-25 18:28:28.082,0.530448,3.180541,55.789055,0.055606,0.019168,0.979413,0.698657,0.329936,9.898783,0.004731,-0.048147,0.006002,0.538070,0.734294,-1.230950,100313.0000
1764075508195992108,2025-11-25 18:28:28.193,0.469720,3.329247,55.800407,0.070470,0.016811,0.978469,0.855208,0.011164,9.819686,-0.019519,0.001966,-0.009949,0.535676,0.735259,-1.229966,100308.0000
1764075508285301442,2025-11-25 18:28:28.282,0.382500,3.202593,55.837555,0.065761,0.010552,0.978743,0.424198,0.042682,9.670906,-0.011647,0.035838,-0.005030,0.537126,0.734341,-1.228529,100308.0000
1764075508396190942,2025-11-25 18:28:28.393,0.322728,2.933627,55.895004,0.054350,0.008275,0.981047,0.325565,-0.037189,9.718839,-0.005292,0.048182,-0.023116,0.539541,0.736730,-1.229082,100314.0000
1764075508485806423,2025-11-25 18:28:28.483,0.328500,2.641351,55.976330,0.045385,-0.000705,0.978059,0.318968,-0.062709,9.725809,0.008582,0.040068,-0.006175,0.541966,0.736791,-1.226711,100309.0000
1764075508585546386,2025-11-25 18:28:28.582,0.386223,2.458194,56.046856,0.028230,0.007087,0.977095,0.356572,0.209771,9.872874,0.009694,0.014548,-0.009400,0.541968,0.737269,-1.226719,100311.0000
1764075508685989016,2025-11-25 18:28:28.683,0.409196,2.444329,56.102005,0.028394,0.013731,0.978544,0.393612,-0.065517,9.847462,-0.001651,-0.003763,-0.008527,0.541018,0.738241,-1.225756,100311.0000
1764075508785323441,2025-11-25 18:28:28.782,0.418460,2.517090,56.140182,0.030912,0.007501,0.971605,0.431649,0.209764,9.609135,0.004161,-0.016031,-0.005753,0.541029,0.737326,-1.223816,100308.0000
1764075508896100478,2025-11-25 18:28:28.893,0.428082,2.660715,56.196384,0.033612,0.012062,0.974598,0.298124,0.035378,9.713558,-0.007465,-0.032757,-0.003910,0.539548,0.736750,-1.228120,100308.0000
1764075508985805849,2025-11-25 18:28:28.983,0.375204,2.831466,56.273178,0.047176,0.013311,0.979596,0.653971,0.129187,9.860467,-0.010395,-0.025275,-0.019418,0.538597,0.735831,-1.226165,100308.0000
1764075509085694960,2025-11-25 18:28:29.082,0.368625,2.916031,56.312469,0.055096,0.001633,0.978046,0.743119,0.431844,9.778798,0.006321,-0.006171,-0.001981,0.533774,0.738137,-1.229019,100310.0000
1764075509196925756,2025-11-25 18:28:29.193,0.402057,2.856462,56.351025,0.052339,0.007733,0.980866,0.587543,-0.076893,9.955215,0.001929,0.020038,-0.004162,0.531851,0.737661,-1.228502,100312.0000
1764075509285531274,2025-11-25 18:28:29.283,0.392826,2.708025,56.376865,0.047221,0.011539,0.977699,0.580812,0.156710,9.821577,-0.005611,0.033623,-0.006571,0.535708,0.738643,-1.228092,100312.0000
1764075509385726423,2025-11-25 18:28:29.383,0.416851,2.573422,56.406239,0.036192,0.005676,0.976214,0.468937,0.214643,9.701231,0.006231,0.020372,-0.007747,0.536213,0.738707,-1.225211,100308.0000
1764075509496862219,2025-11-25 18:28:29.493,0.445068,2.520293,56.448128,0.032659,0.008825,0.980485,0.067601,-0.029742,9.693100,0.004903,0.006051,-0.001230,0.538130,0.741053,-1.227683,100308.0000
1764075509585441589,2025-11-25 18:28:29.583,0.455256,2.537798,56.473221,0.033467,0.014188,0.975307,0.365184,-0.088972,9.819863,0.000980,-0.011586,-0.007552,0.535721,0.738206,-1.226159,100314.0000
1764075509685394904,2025-11-25 18:28:29.682,0.468544,2.628977,56.477325,0.036957,0.011094,0.977039,0.606314,0.471473,9.735616,0.005422,-0.018207,0.000329,0.535719,0.739141,-1.227137,100303.0000
1764075509796187570,2025-11-25 18:28:29.793,0.474216,2.711683,56.497082,0.044099,0.010088,0.975847,0.406420,0.236418,9.796556,0.001366,-0.017126,-0.004025,0.532359,0.737735,-1.225139,100309.0000
1764075509886128533,2025-11-25 18:28:29.883,0.464898,2.742910,56.517204,0.047406,0.012295,0.976435,0.502283,0.090321,9.783289,0.001943,-0.004422,-0.003586,0.535692,0.737657,-1.229522,100304.0000
1764075509985343755,2025-11-25 18:28:29.982,0.456268,2.732687,56.537289,0.049389,0.010614,0.982276,0.709008,0.218822,9.903259,-0.005742,0.011433,-0.011380,0.533785,0.739580,-1.228560,100314.0000
1764075510085498144,2025-11-25 18:28:30.082,0.446262,2.674289,56.541466,0.042788,0.008930,0.978601,0.173381,0.065174,9.789013,0.003636,0.015453,0.006875,0.533299,0.740980,-1.230019,100313.0000
1764075510196574737,2025-11-25 18:28:30.193,0.453673,2.593045,56.541504,0.039931,0.011117,0.977788,-0.025357,-0.159102,9.629717,-0.001238,0.015291,-0.001971,0.534258,0.739561,-1.229529,100312.0000
1764075510285478700,2025-11-25 18:28:30.283,0.449677,2.548203,56.568584,0.034026,0.011349,0.977585,0.517397,0.041344,9.759156,-0.005131,0.002646,-0.007844,0.536210,0.739642,-1.226188,100316.0000
1764075510386852848,2025-11-25 18:28:30.383,0.453035,2.580070,56.577244,0.035710,0.006544,0.975149,0.385464,0.298343,9.681427,0.000988,-0.015064,0.002939,0.535716,0.740077,-1.228114,100316.0000
1764075510496206792,2025-11-25 18:28:30.493,0.479921,2.653872,56.579350,0.040449,0.010461,0.976317,0.280198,0.164259,9.695795,0.005115,-0.011956,-0.001048,0.531877,0.739145,-1.226117,100308.0000
1764075510586513514,2025-11-25 18:28:30.583,0.474892,2.715419,56.575668,0.046732,0.014256,0.974942,0.602036,0.291415,9.694901,-0.001493,-0.007831,-0.005664,0.532829,0.742421,-1.229552,100308.0000
1764075510685352700,2025-11-25 18:28:30.682,0.447855,2.724241,56.569050,0.046329,0.011249,0.977120,0.736184,0.397147,9.884210,-0.006387,0.003713,0.001943,0.532327,0.739065,-1.229975,100310.0000
1764075510797061570,2025-11-25 18:28:30.793,0.409622,2.719119,56.553917,0.043444,0.008393,0.979860,0.528035,0.012283,9.897395,-0.004291,0.005217,0.003278,0.534271,0.740537,-1.228582,100313.0000
1764075510886146922,2025-11-25 18:28:30.883,0.386246,2.700401,56.530388,0.041607,0.008673,0.982428,0.325845,0.077488,9.674453,-0.008798,0.003159,0.010660,0.530901,0.740990,-1.229021,100310.0000
1764075510985642903,2025-11-25 18:28:30.983,0.392768,2.686122,56.484612,0.042112,0.006714,0.979570,0.350763,-0.049446,9.806422,0.014298,0.007435,-0.002626,0.533774,0.739082,-1.229515,100309.0000
1764075511095894107,2025-11-25 18:28:31.093,0.447656,2.652581,56.436035,0.040761,0.006360,0.976355,0.350029,0.313210,9.653527,0.015046,0.000004,0.015024,0.535699,0.740503,-1.230529,100312.0000
1764075511185737107,2025-11-25 18:28:31.183,0.508707,2.622635,56.416409,0.041974,0.013038,0.974967,0.251228,-0.005910,9.667558,0.013829,0.000664,0.003451,0.535678,0.737149,-1.230959,100310.0000
1764075511286110310,2025-11-25 18:28:31.283,0.538437,2.620539,56.414494,0.040794,0.013561,0.975431,0.291451,-0.228870,9.683847,0.000057,0.002493,-0.003358,0.535208,0.738590,-1.230492,100314.0000
1764075511396344884,2025-11-25 18:28:31.393,0.548489,2.636402,56.381691,0.042140,0.014097,0.974412,0.365393,0.214357,9.757927,0.001668,-0.008223,0.009138,0.533271,0.737606,-1.231412,100307.0000
1764075511485347958,2025-11-25 18:28:31.483,0.523073,2.625919,56.326191,0.044653,0.018590,0.978459,0.457929,0.133494,9.702149,-0.008437,0.004492,0.005665,0.536148,0.738066,-1.232906,100312.0000
1764075511585518514,2025-11-25 18:28:31.582,0.472512,2.616773,56.286930,0.040880,0.014432,0.980527,0.268822,-0.014797,9.710896,-0.011207,0.003941,0.005228,0.537614,0.738601,-1.230527,100310.0000
1764075511686540051,2025-11-25 18:28:31.683,0.415484,2.635486,56.289131,0.039511,0.009413,0.980398,0.465054,0.141706,9.865815,-0.011407,-0.009525,-0.000919,0.536648,0.737174,-1.230010,100312.0000
1764075511796100032,2025-11-25 18:28:31.793,0.387152,2.665457,56.331638,0.042618,0.006764,0.979748,0.455078,0.216587,9.590184,0.001972,-0.003541,-0.015517,0.534730,0.740011,-1.230988,100314.0000
1764075511886151199,2025-11-25 18:28:31.883,0.389374,2.711248,56.389160,0.042322,0.006547,0.976187,0.144441,0.225921,9.679959,-0.002997,-0.011947,-0.004771,0.533274,0.739029,-1.231915,100310.0000
1764075511985357477,2025-11-25 18:28:31.982,0.404367,2.752868,56.425064,0.045052,0.004049,0.977022,0.659766,0.248022,9.810086,0.011415,-0.005134,0.001306,0.531356,0.738095,-1.230428,100317.0000
1764075512095717254,2025-11-25 18:28:32.093,0.432395,2.767316,56.422516,0.046342,0.007106,0.975774,0.252955,0.076914,9.656933,0.013075,0.001700,0.011898,0.533289,0.740482,-1.230974,100313.0000
1764075512186297180,2025-11-25 18:28:32.183,0.471134,2.730676,56.419914,0.049976,0.009563,0.976970,0.850962,0.064940,9.854100,0.007155,0.011195,-0.008958,0.532792,0.738081,-1.231412,100308.0000
1764075512285390810,2025-11-25 18:28:32.282,0.498521,2.649331,56.423134,0.045978,0.010655,0.977333,0.413793,0.360272,9.610752,-0.001182,0.017836,0.007750,0.534250,0.739541,-1.230492,100310.0000
1764075512396230606,2025-11-25 18:28:32.393,0.487506,2.585840,56.391499,0.042356,0.013924,0.978621,0.496880,0.402285,9.754539,0.000515,0.005103,0.007610,0.535188,0.735236,-1.230922,100306.0000
1764075512496655754,2025-11-25 18:28:32.493,0.438910,2.557688,56.357510,0.037320,0.011378,0.975770,0.140838,-0.044897,9.745412,-0.004282,0.006304,0.014508,0.533268,0.736183,-1.230908,100308.0000
1764075512585694606,2025-11-25 18:28:32.583,0.392901,2.594396,56.331760,0.037012,0.010442,0.977316,0.212321,0.234926,9.619937,-0.008538,-0.014086,0.000731,0.533748,0.739956,-1.233381,100312.0000
1764075512686257587,2025-11-25 18:28:32.683,0.360472,2.678166,56.294025,0.042175,0.005544,0.978271,0.228193,-0.094028,9.434175,-0.003440,-0.013861,0.020353,0.535698,0.738145,-1.229048,100307.0000
1764075512796548161,2025-11-25 18:28:32.793,0.390685,2.726938,56.247135,0.048109,0.003742,0.979296,0.270333,-0.063740,9.915993,0.013728,-0.002226,0.001904,0.535668,0.739009,-1.233395,100304.0000
1764075512886370106,2025-11-25 18:28:32.883,0.456733,2.690435,56.216801,0.048876,0.009821,0.977011,0.499683,0.160619,9.707706,0.006968,0.006478,0.006373,0.537122,0.735743,-1.229995,100311.0000
1764075512997249457,2025-11-25 18:28:32.993,0.508305,2.622888,56.195423,0.044563,0.012634,0.978063,0.403343,0.068907,9.756823,0.004361,0.007719,0.011709,0.535166,0.737066,-1.234803,100308.0000
1764075513085705939,2025-11-25 18:28:33.082,0.542111,2.568976,56.163170,0.041970,0.013122,0.977419,0.478735,0.236653,9.896212,0.008060,0.010032,0.002685,0.535656,0.736620,-1.233358,100308.0000
1764075513186155754,2025-11-25 18:28:33.183,0.530833,2.546458,56.138153,0.038271,0.016802,0.977824,0.477843,0.146560,9.851222,-0.010477,0.000596,-0.002030,0.536618,0.735680,-1.232876,100307.0000
1764075513296900568,2025-11-25 18:28:33.293,0.484581,2.565873,56.127979,0.040351,0.012820,0.976537,0.144311,-0.185245,9.757351,-0.007618,-0.005826,0.012181,0.538542,0.735688,-1.232905,100309.0000
1764075513385659828,2025-11-25 18:28:33.383,0.466959,2.596486,56.121754,0.042450,0.007016,0.977128,0.573988,-0.054602,9.938044,0.004295,-0.006033,-0.009085,0.536135,0.738503,-1.234839,100310.0000
1764075513486379976,2025-11-25 18:28:33.483,0.467951,2.629827,56.113804,0.042245,0.010865,0.978033,0.326576,0.172363,9.677855,-0.000668,-0.001886,0.003530,0.536603,0.734226,-1.233817,100301.0000
1764075513585922901,2025-11-25 18:28:33.582,0.480104,2.646967,56.120823,0.045845,0.011020,0.978343,0.507828,0.132169,9.813309,0.004261,0.000777,-0.012951,0.539487,0.733762,-1.233852,100308.0000
1764075513696783124,2025-11-25 18:28:33.693,0.507520,2.646869,56.132538,0.042833,0.008964,0.977530,0.494676,0.396549,9.766210,-0.002913,-0.004270,-0.004343,0.538526,0.736115,-1.235319,100313.0000
1764075513785520920,2025-11-25 18:28:33.783,0.509622,2.658570,56.125443,0.041500,0.013068,0.978258,0.229677,0.255013,9.863638,0.004701,-0.001949,0.006422,0.537101,0.737572,-1.233875,100312.0000
1764075513886283605,2025-11-25 18:28:33.883,0.494726,2.660257,56.088943,0.044447,0.010863,0.977237,0.608574,0.108527,9.815802,0.002467,0.003992,0.001005,0.539011,0.733302,-1.232875,100311.0000
1764075513996873123,2025-11-25 18:28:33.993,0.498683,2.643806,56.062218,0.044265,0.010495,0.977202,0.262451,0.258898,9.751579,-0.002650,0.005726,-0.001651,0.538042,0.735635,-1.235304,100310.0000
1764075514085635346,2025-11-25 18:28:34.082,0.492321,2.638313,56.046394,0.042685,0.011327,0.978521,0.707975,0.080064,9.817992,0.009806,-0.002173,0.014038,0.537550,0.734190,-1.235757,100307.0000
1764075514185959160,2025-11-25 18:28:34.183,0.493216,2.651886,56.035183,0.045139,0.009863,0.977531,0.468532,0.209038,9.834184,0.000849,-0.001544,-0.001531,0.538514,0.734672,-1.235778,100308.0000
1764075514296745753,2025-11-25 18:28:34.293,0.503304,2.658362,56.008854,0.047233,0.013256,0.978657,0.665271,0.042519,9.816201,0.004106,0.009746,0.009522,0.539478,0.734209,-1.235304,100308.0000
1764075514385474031,2025-11-25 18:28:34.382,0.487967,2.637020,55.984020,0.046654,0.012914,0.976268,0.282076,0.019377,9.725640,0.000545,0.012925,-0.008106,0.538503,0.734642,-1.237223,100312.0000
1764075514486164568,2025-11-25 18:28:34.483,0.488997,2.586923,55.981205,0.043367,0.009796,0.975483,0.492788,0.190602,9.820954,0.001886,0.007547,-0.001478,0.541390,0.734655,-1.237265,100308.0000
1764075514596494364,2025-11-25 18:28:34.593,0.484380,2.557474,56.002048,0.039619,0.013206,0.977395,0.144195,-0.029335,9.755570,-0.000933,-0.002561,-0.007990,0.540451,0.734711,-1.234363,100310.0000
1764075514685663808,2025-11-25 18:28:34.683,0.476302,2.583286,56.016655,0.038154,0.008626,0.976854,0.534727,0.014311,9.866940,0.000443,-0.008027,-0.003707,0.539487,0.737532,-1.236318,100308.0000
1764075514786331216,2025-11-25 18:28:34.783,0.488436,2.644718,56.040051,0.043051,0.009114,0.979531,0.384828,0.064576,9.791266,0.003762,-0.012801,0.000917,0.538504,0.734174,-1.236734,100316.0000
1764075514885510827,2025-11-25 18:28:34.882,0.487995,2.718179,56.077522,0.047607,0.013718,0.979306,0.705001,0.406900,9.791329,-0.001804,-0.008030,-0.003079,0.537550,0.734190,-1.235757,100305.0000
1764075514996437790,2025-11-25 18:28:34.993,0.475960,2.760899,56.131252,0.051716,0.009536,0.975494,0.347268,0.251671,9.679284,-0.001147,0.001715,-0.006729,0.537075,0.737033,-1.236756,100312.0000
1764075515086162123,2025-11-25 18:28:35.083,0.450164,2.749617,56.176498,0.047732,0.009349,0.976151,0.202974,-0.233465,9.640727,-0.007226,0.007171,-0.005659,0.535654,0.739913,-1.235816,100311.0000
1764075515185346993,2025-11-25 18:28:35.182,0.414819,2.711585,56.198708,0.046092,0.009386,0.977005,0.109526,0.074398,9.593195,-0.003566,0.005777,-0.000786,0.535160,0.736578,-1.235276,100314.0000
1764075515296970326,2025-11-25 18:28:35.293,0.408742,2.670380,56.210812,0.045850,0.004808,0.977787,0.460869,0.186730,9.674361,0.006763,-0.001095,0.002336,0.537093,0.737552,-1.234838,100312.0000
1764075515385912752,2025-11-25 18:28:35.383,0.419457,2.639855,56.210690,0.045406,0.007070,0.978323,0.540054,0.371607,9.800139,-0.003571,0.000801,-0.006378,0.538522,0.738463,-1.237281,100307.0000
1764075515485752882,2025-11-25 18:28:35.482,0.455902,2.621530,56.207600,0.042276,0.006445,0.976882,0.386030,-0.130153,9.895717,0.017713,-0.000284,-0.000554,0.537070,0.737491,-1.237726,100311.0000
1764075515596130511,2025-11-25 18:28:35.593,0.494211,2.618465,56.207436,0.042172,0.011296,0.978988,0.459424,0.085139,9.841241,0.005466,-0.006236,0.005374,0.536598,0.737041,-1.236268,100304.0000
1764075515685897863,2025-11-25 18:28:35.682,0.504919,2.632180,56.181347,0.044177,0.012688,0.977792,0.449773,-0.040246,9.673550,0.000614,0.004287,0.002089,0.537556,0.737035,-1.236763,100313.0000
1764075515785659659,2025-11-25 18:28:35.782,0.497867,2.623421,56.128735,0.044267,0.012178,0.977811,0.325773,0.187517,9.948935,-0.003075,0.006855,0.003746,0.539000,0.735629,-1.235800,100310.0000
1764075515886432826,2025-11-25 18:28:35.883,0.481211,2.606398,56.070957,0.045112,0.012904,0.977405,0.637718,0.247743,9.851892,-0.000814,0.001138,0.007676,0.541879,0.735622,-1.236805,100310.0000
1764075515997164030,2025-11-25 18:28:35.993,0.471892,2.581371,56.023094,0.044723,0.009164,0.976659,0.352466,0.062086,9.916836,-0.003257,0.002622,0.005204,0.540909,0.735597,-1.237754,100308.0000
1764075516086769215,2025-11-25 18:28:36.083,0.477767,2.528497,55.999401,0.045127,0.009730,0.978471,0.403084,-0.162282,9.696130,0.007696,0.012350,0.006111,0.540922,0.736573,-1.236806,100312.0000
1764075516196959715,2025-11-25 18:28:36.193,0.496477,2.476917,55.978874,0.040987,0.010898,0.977577,0.478361,0.097929,9.918982,0.005182,0.007722,-0.001474,0.544791,0.736641,-1.234456,100312.0000
1764075516285431715,2025-11-25 18:28:36.283,0.531829,2.456264,55.953945,0.038038,0.009496,0.977670,0.266192,-0.273063,9.779411,0.007924,0.004993,0.007016,0.542357,0.734201,-1.236309,100308.0000
1764075516385860604,2025-11-25 18:28:36.383,0.549539,2.465364,55.928890,0.037882,0.013851,0.976908,0.399146,0.011952,9.830718,0.003768,0.000128,0.006146,0.544282,0.734210,-1.236338,100312.0000
1764075516485344381,2025-11-25 18:28:36.483,0.557178,2.512226,55.906265,0.039156,0.012534,0.975833,0.360997,-0.165009,9.738711,0.008099,-0.009629,0.007773,0.544263,0.735104,-1.239241,100308.0000
1764075516585509992,2025-11-25 18:28:36.582,0.556405,2.571115,55.883865,0.044470,0.014932,0.979577,0.720817,0.123520,9.808808,-0.006845,-0.008509,0.001200,0.540911,0.735130,-1.237265,100314.0000
1764075516685772363,2025-11-25 18:28:36.682,0.542334,2.578379,55.867500,0.047047,0.012564,0.978172,0.314934,0.090056,9.595616,-0.001680,0.001168,0.006025,0.544756,0.735137,-1.237804,100302.0000
1764075516785313918,2025-11-25 18:28:36.782,0.523536,2.555030,55.876781,0.044087,0.011402,0.977659,0.551481,0.300790,9.745974,-0.007132,0.006734,-0.000434,0.542377,0.736610,-1.235383,100308.0000
1764075516897094900,2025-11-25 18:28:36.893,0.511603,2.514933,55.883835,0.044302,0.010788,0.977498,0.346172,0.183123,9.763062,-0.002547,0.010714,0.004427,0.542836,0.733726,-1.236309,100308.0000
1764075516985354751,2025-11-25 18:28:36.982,0.509226,2.472269,55.894951,0.041049,0.010994,0.976694,0.479740,-0.027023,9.728707,-0.008673,0.003137,-0.010688,0.546218,0.735662,-1.235907,100310.0000
1764075517085651640,2025-11-25 18:28:37.082,0.510100,2.454832,55.910709,0.037919,0.010510,0.978073,0.495401,0.006848,9.865996,0.001453,0.002210,-0.002244,0.544278,0.735613,-1.237804,100300.0000
1764075517196307733,2025-11-25 18:28:37.193,0.509373,2.475230,55.939915,0.038011,0.010221,0.978307,0.236113,0.173548,9.712839,0.004451,-0.006229,-0.000683,0.542394,0.736184,-1.232969,100308.0000
1764075517285479788,2025-11-25 18:28:37.283,0.517337,2.530832,55.969349,0.042167,0.009352,0.978004,0.716354,0.122671,9.858815,0.009963,-0.005960,-0.000813,0.543306,0.733697,-1.237760,100307.0000
1764075517385398770,2025-11-25 18:28:37.382,0.530815,2.613767,55.999275,0.042340,0.010562,0.975647,-0.140301,0.466666,9.508410,0.004093,-0.010728,-0.002477,0.545247,0.737050,-1.237840,100314.0000
1764075517496156751,2025-11-25 18:28:37.493,0.553416,2.669216,56.036552,0.050144,0.012625,0.977557,0.347353,0.019358,9.611879,0.004113,-0.005755,-0.013020,0.541387,0.734177,-1.237258,100311.0000
1764075517585739436,2025-11-25 18:28:37.583,0.566653,2.650427,56.085667,0.049825,0.012724,0.977957,0.397453,0.312099,9.730203,-0.000937,0.009123,-0.001658,0.541857,0.734148,-1.238709,100313.0000
1764075517685455418,2025-11-25 18:28:37.682,0.561213,2.591718,56.148407,0.046831,0.011371,0.977168,0.463480,0.200333,9.638595,0.001314,0.006678,-0.013434,0.541410,0.735650,-1.235354,100313.0000
1764075517796087603,2025-11-25 18:28:37.793,0.533609,2.511870,56.195805,0.044788,0.011827,0.978685,0.464343,0.346380,9.773752,-0.009759,0.016169,-0.013337,0.540934,0.738961,-1.236842,100308.0000
1764075517886513954,2025-11-25 18:28:37.883,0.496979,2.457614,56.240704,0.038911,0.009044,0.976854,0.442341,-0.151229,9.946232,-0.002924,0.003252,-0.009041,0.541431,0.737592,-1.233940,100308.0000
1764075517985436510,2025-11-25 18:28:37.982,0.478582,2.466344,56.308002,0.037679,0.007631,0.976784,0.260325,-0.028030,9.757949,-0.000571,-0.005613,-0.012363,0.541452,0.740946,-1.233509,100311.0000
1764075518095575177,2025-11-25 18:28:38.093,0.483725,2.521543,56.409973,0.041069,0.008751,0.977588,0.658275,0.242172,9.870793,-0.000101,-0.014070,-0.031969,0.541430,0.738059,-1.234428,100313.0000
1764075518185352621,2025-11-25 18:28:38.182,0.507840,2.624479,56.523907,0.042966,0.007281,0.976373,0.572088,0.430613,9.897017,0.003428,-0.024869,-0.012440,0.536591,0.739379,-1.238711,100309.0000
1764075518286934676,2025-11-25 18:28:38.283,0.527509,2.738520,56.646996,0.050708,0.009582,0.975933,0.339866,-0.059053,9.579979,0.003891,-0.021327,-0.019769,0.535644,0.740360,-1.237268,100314.0000
1764075518385503917,2025-11-25 18:28:38.383,0.530762,2.823024,56.807495,0.054697,0.011404,0.978026,0.730154,0.480075,9.864785,-0.005989,-0.022040,-0.040287,0.534169,0.740740,-1.241586,100312.0000
1764075518496629121,2025-11-25 18:28:38.493,0.519984,2.848706,57.010025,0.057888,0.007569,0.978332,0.654926,0.074327,9.849678,-0.002893,-0.007583,-0.040109,0.531342,0.743715,-1.235811,100311.0000
1764075518585333361,2025-11-25 18:28:38.582,0.504731,2.830004,57.205189,0.056162,0.006407,0.977499,0.473870,0.099851,9.764559,-0.009801,0.007199,-0.031276,0.527930,0.745468,-1.242530,100314.0000
1764075518686040769,2025-11-25 18:28:38.683,0.499008,2.783923,57.388042,0.053436,0.005140,0.977405,0.424880,-0.054212,9.638462,-0.003276,0.012076,-0.029649,0.526090,0.747097,-1.232895,100304.0000
1764075518786446121,2025-11-25 18:28:38.783,0.490949,2.729961,57.558388,0.050056,0.004411,0.977071,0.257639,-0.085127,9.631492,0.000914,0.013562,-0.023129,0.525090,0.746523,-1.237206,100314.0000
1764075518885266658,2025-11-25 18:28:38.882,0.495501,2.693138,57.696003,0.046589,0.006800,0.977211,0.563041,-0.044699,9.862593,0.002517,-0.000155,-0.025360,0.521752,0.747057,-1.233794,100310.0000
1764075518988139269,2025-11-25 18:28:38.983,0.500120,2.657110,57.811615,0.045919,0.007327,0.977203,0.374813,-0.055788,9.779651,0.000667,0.006370,-0.015695,0.525105,0.747976,-1.236266,100300.0000
1764075519096161120,2025-11-25 18:28:39.093,0.506766,2.627039,57.922195,0.045802,0.006862,0.977928,0.439072,0.413137,9.751695,0.004040,0.002045,-0.018311,0.523199,0.749431,-1.234815,100308.0000
1764075519196666898,2025-11-25 18:28:39.193,0.509963,2.616586,58.005375,0.045469,0.007707,0.978964,0.183570,-0.117300,9.713944,0.005752,0.005361,-0.009368,0.521750,0.749882,-1.235764,100306.0000
1764075519286320102,2025-11-25 18:28:39.283,0.513355,2.631420,58.072174,0.044186,0.010012,0.976879,0.495589,-0.252965,9.845984,0.002386,0.000261,-0.008810,0.522249,0.750402,-1.233852,100314.0000
1764075519396092528,2025-11-25 18:28:39.393,0.517499,2.663591,58.131905,0.045615,0.010346,0.977146,0.202543,0.218681,9.758150,0.001501,-0.002563,-0.016546,0.519380,0.750908,-1.231892,100314.0000
1764075519486274268,2025-11-25 18:28:39.483,0.525397,2.656957,58.188084,0.047319,0.008510,0.977081,0.738266,0.019979,9.841081,0.005846,0.004936,-0.004600,0.519838,0.750849,-1.234787,100312.0000
1764075519585988861,2025-11-25 18:28:39.583,0.533172,2.618097,58.261753,0.047501,0.010485,0.977932,0.713155,-0.087448,9.794635,0.002711,0.006316,-0.004077,0.519850,0.753237,-1.234824,100311.0000
1764075519696602824,2025-11-25 18:28:39.693,0.545036,2.576703,58.339474,0.044236,0.012119,0.977179,0.472280,0.012984,9.777329,-0.000206,-0.000314,-0.017852,0.517938,0.751847,-1.232366,100310.0000
1764075519785440583,2025-11-25 18:28:39.783,0.536326,2.554588,58.399872,0.045239,0.009381,0.978572,0.612388,-0.003266,9.711184,-0.006864,0.001824,-0.012053,0.519386,0.752809,-1.232402,100317.0000
1764075519885312268,2025-11-25 18:28:39.882,0.521968,2.546338,58.437618,0.045068,0.007606,0.978147,0.371124,0.499162,9.707007,-0.002082,0.006347,-0.004820,0.518897,0.754199,-1.234343,100308.0000
1764075519995961712,2025-11-25 18:28:39.993,0.504321,2.536416,58.437317,0.043691,0.008136,0.977640,0.468187,0.341373,9.625957,0.001363,0.004386,0.005199,0.518410,0.754654,-1.235306,100318.0000
1764075520085721249,2025-11-25 18:28:40.083,0.500118,2.513559,58.403698,0.041541,0.007452,0.976844,0.346950,0.259494,9.666214,0.008026,0.009966,0.004790,0.518901,0.752796,-1.232877,100305.0000
1764075520185307546,2025-11-25 18:28:40.182,0.496065,2.504777,58.364738,0.041312,0.010857,0.976701,0.070385,0.048316,9.712907,-0.000962,-0.002141,0.007831,0.520847,0.753333,-1.230505,100312.0000
1764075520285295823,2025-11-25 18:28:40.282,0.484091,2.520284,58.336311,0.041735,0.011234,0.977630,0.378817,0.054505,9.727874,-0.002441,-0.008554,-0.003883,0.520841,0.752846,-1.230979,100304.0000
1764075520396014860,2025-11-25 18:28:40.393,0.479170,2.548239,58.295589,0.044258,0.009676,0.978712,0.748450,0.515269,9.881430,-0.001268,-0.009533,0.008549,0.519873,0.754711,-1.232920,100309.0000
1764075520486205453,2025-11-25 18:28:40.483,0.479352,2.566783,58.222240,0.044939,0.008261,0.977109,0.626473,0.315276,9.774803,0.002519,-0.002836,0.011064,0.520834,0.753770,-1.232438,100313.0000
1764075520585635249,2025-11-25 18:28:40.583,0.493188,2.553651,58.127621,0.045921,0.009351,0.978308,0.461557,0.107421,9.724509,0.006486,0.010508,0.028068,0.523204,0.748029,-1.233349,100307.0000
1764075520685877490,2025-11-25 18:28:40.683,0.515586,2.533479,58.026196,0.041768,0.011891,0.976177,0.249681,0.023989,9.881082,0.005692,-0.000446,0.013280,0.525647,0.750967,-1.230540,100304.0000
1764075520785796860,2025-11-25 18:28:40.783,0.531305,2.527322,57.909058,0.042102,0.013612,0.976655,0.021580,0.371067,9.519415,0.000514,0.001093,0.022016,0.522761,0.750486,-1.230008,100315.0000
1764075520885844323,2025-11-25 18:28:40.883,0.521391,2.548185,57.779964,0.043192,0.012380,0.978181,0.134116,-0.026613,9.646214,-0.003537,0.000394,0.027482,0.525605,0.747084,-1.233370,100304.0000
1764075520996666156,2025-11-25 18:28:40.993,0.516822,2.577999,57.647438,0.044214,0.012368,0.977435,0.560984,-0.271115,9.814175,0.000464,-0.007249,0.029165,0.525619,0.747592,-1.231933,100308.0000
1764075521085898545,2025-11-25 18:28:41.083,0.511116,2.580701,57.500759,0.046488,0.013310,0.978218,0.510252,0.435803,9.947916,-0.001788,0.002602,0.023307,0.528499,0.747118,-1.232450,100309.0000
1764075521185315397,2025-11-25 18:28:41.182,0.512398,2.539957,57.337246,0.045375,0.012507,0.976646,0.560668,0.185261,9.783359,0.003858,0.009053,0.031242,0.533312,0.746672,-1.232032,100312.0000
1764075521296382767,2025-11-25 18:28:41.293,0.524662,2.488823,57.178139,0.043105,0.012884,0.977540,0.856296,-0.293039,10.060688,0.002848,0.006573,0.026899,0.533287,0.744720,-1.233928,100302.0000
1764075521385796397,2025-11-25 18:28:41.383,0.546324,2.452091,57.036396,0.040494,0.013390,0.977876,0.588472,-0.191554,9.727388,0.000929,0.003381,0.020151,0.536206,0.744347,-1.229631,100306.0000
1764075521485340638,2025-11-25 18:28:41.482,0.556450,2.439127,56.892586,0.041113,0.015952,0.978214,0.250864,0.828867,9.744044,-0.001521,-0.000247,0.021606,0.534744,0.744290,-1.232017,100304.0000
1764075521585240434,2025-11-25 18:28:41.582,0.547866,2.446030,56.732693,0.038548,0.013568,0.977320,0.074106,0.161797,9.672206,0.001529,0.003510,0.030965,0.537629,0.742412,-1.231067,100306.0000
1764075521695783786,2025-11-25 18:28:41.693,0.540314,2.462260,56.550438,0.043424,0.014044,0.977665,0.494377,0.399827,9.633065,0.008175,-0.002822,0.031422,0.539082,0.741971,-1.229637,100310.0000
1764075521785404489,2025-11-25 18:28:41.783,0.543878,2.458671,56.369904,0.042439,0.011479,0.977852,0.633796,0.164444,9.796534,0.004448,0.004144,0.030558,0.541922,0.738092,-1.232991,100310.0000
1764075521885498082,2025-11-25 18:28:41.882,0.545294,2.439625,56.204887,0.044104,0.017260,0.978194,0.549177,0.143582,9.825795,0.007708,0.004282,0.024290,0.544855,0.741052,-1.229227,100310.0000
1764075521995878545,2025-11-25 18:28:41.992,0.544721,2.408348,56.034016,0.042742,0.013719,0.977973,0.330054,-0.145227,9.634214,0.003084,0.009247,0.033363,0.545806,0.737256,-1.228220,100308.0000
1764075522086528785,2025-11-25 18:28:42.083,0.525396,2.372767,55.874054,0.041724,0.015717,0.976011,0.135246,-0.349784,9.708302,-0.001721,0.005843,0.027060,0.548185,0.738140,-1.232121,100307.0000
1764075522185826896,2025-11-25 18:28:42.183,0.491482,2.356998,55.716396,0.038380,0.017252,0.976545,0.474798,0.648097,9.856091,-0.006453,0.001935,0.018399,0.548681,0.735826,-1.228722,100310.0000
1764075522296685081,2025-11-25 18:28:42.293,0.461400,2.379527,55.572563,0.036857,0.008000,0.976868,0.349637,-0.190470,9.887415,-0.000821,-0.009101,0.032857,0.551557,0.735808,-1.230208,100306.0000
1764075522386873581,2025-11-25 18:28:42.383,0.467730,2.414665,55.415100,0.042398,0.011015,0.978483,0.564906,0.451580,9.606763,0.007340,-0.006483,0.028862,0.552066,0.735414,-1.226357,100308.0000
1764075522485732915,2025-11-25 18:28:42.482,0.487951,2.433434,55.246624,0.045584,0.009666,0.979494,0.673572,0.438152,9.961830,0.010204,-0.001605,0.035187,0.556363,0.733929,-1.229769,100310.0000
1764075522596083618,2025-11-25 18:28:42.593,0.505972,2.439014,55.096355,0.046145,0.015865,0.977611,0.420392,-0.187345,9.863583,0.005169,0.001271,0.019452,0.555881,0.733927,-1.229762,100315.0000
1764075522685538248,2025-11-25 18:28:42.683,0.509678,2.432040,54.966553,0.044049,0.012949,0.976940,0.054550,0.243487,9.445346,-0.001279,0.002781,0.025444,0.557285,0.730529,-1.232620,100309.0000
1764075522785889526,2025-11-25 18:28:42.783,0.505722,2.412262,54.830326,0.042382,0.013505,0.976730,0.184077,0.250240,9.713606,0.000803,0.004843,0.031207,0.558736,0.731968,-1.232664,100306.0000
1764075522885588840,2025-11-25 18:28:42.882,0.484341,2.373177,54.714020,0.039599,0.014307,0.976011,0.280789,0.279327,9.896864,-0.001261,0.003062,0.017570,0.561633,0.728709,-1.229285,100311.0000
1764075522985245266,2025-11-25 18:28:42.982,0.469026,2.355410,54.636833,0.035253,0.010663,0.976251,0.317934,-0.353138,9.729366,0.001902,-0.013447,0.011922,0.561641,0.726371,-1.226842,100306.0000
1764075523085542896,2025-11-25 18:28:43.082,0.472637,2.424651,54.580891,0.039372,0.012279,0.978581,0.457668,0.599765,9.655882,0.003084,-0.020661,0.009116,0.561150,0.729174,-1.229767,100309.0000
1764075523196758044,2025-11-25 18:28:43.193,0.501344,2.534000,54.531822,0.047880,0.008439,0.980194,0.722355,0.069940,9.889656,0.011339,-0.012440,0.000635,0.562608,0.729689,-1.228352,100305.0000
1764075523286013525,2025-11-25 18:28:43.283,0.536097,2.605548,54.474770,0.050902,0.010597,0.977310,0.394828,0.075475,9.663246,0.008764,-0.005571,0.012028,0.559688,0.727704,-1.231168,100310.0000
1764075523386628359,2025-11-25 18:28:43.383,0.555993,2.626667,54.430119,0.051043,0.013868,0.975571,0.491984,0.091709,9.659191,0.003682,0.003727,0.000830,0.562096,0.728192,-1.231210,100315.0000
1764075523496459525,2025-11-25 18:28:43.493,0.559456,2.603347,54.396233,0.048869,0.014807,0.976409,0.383817,0.481678,9.733721,0.003909,0.008932,0.006188,0.564496,0.725358,-1.230239,100309.0000
1764075523585988081,2025-11-25 18:28:43.583,0.528188,2.558375,54.370842,0.046266,0.012474,0.977003,0.707160,0.122058,9.810153,-0.010295,-0.001056,0.003610,0.561612,0.726767,-1.230700,100308.0000
1764075523685215044,2025-11-25 18:28:43.682,0.487922,2.528651,54.348804,0.043934,0.010403,0.978236,0.278861,0.014393,9.809196,-0.001262,0.001028,0.011296,0.561138,0.725840,-1.229234,100312.0000
1764075523785524099,2025-11-25 18:28:43.783,0.463167,2.521739,54.313755,0.046308,0.008437,0.978501,0.541728,0.136070,9.898943,-0.003977,-0.009815,-0.003943,0.566925,0.727787,-1.228867,100312.0000
1764075523895987340,2025-11-25 18:28:43.893,0.466265,2.526159,54.258423,0.046989,0.006794,0.977451,0.321147,0.023577,9.707764,0.004626,0.002798,0.021773,0.562119,0.729666,-1.229307,100311.0000
1764075523986439395,2025-11-25 18:28:43.983,0.497680,2.494761,54.222698,0.046542,0.011045,0.978216,0.418609,0.452606,9.803942,0.005231,0.005966,-0.003665,0.564512,0.726344,-1.228810,100312.0000
1764075524086351192,2025-11-25 18:28:44.083,0.527438,2.446638,54.195065,0.043081,0.009850,0.976754,0.742927,-0.074673,10.011738,0.004805,0.001975,0.013332,0.564980,0.726783,-1.230750,100306.0000
1764075524196400025,2025-11-25 18:28:44.193,0.548206,2.452298,54.165302,0.040046,0.013699,0.975988,0.294465,-0.024805,9.614137,-0.002835,-0.005743,-0.006361,0.565940,0.724896,-1.229772,100304.0000
1764075524286398025,2025-11-25 18:28:44.283,0.539464,2.490330,54.133129,0.045730,0.013936,0.977749,0.348186,0.252888,9.580497,-0.002136,0.002514,0.004426,0.565463,0.724905,-1.229283,100304.0000
1764075524386099469,2025-11-25 18:28:44.383,0.500954,2.498066,54.107662,0.042996,0.012344,0.976621,-0.017496,-0.003699,9.440843,-0.002318,-0.003547,0.003453,0.565955,0.727763,-1.229816,100312.0000
1764075524496149562,2025-11-25 18:28:44.493,0.456638,2.515427,54.085316,0.046727,0.011290,0.977547,0.457175,0.252012,9.724854,-0.009357,-0.005803,-0.001402,0.567413,0.726865,-1.227416,100311.0000
1764075524586247154,2025-11-25 18:28:44.583,0.429470,2.550441,54.069786,0.046633,0.005304,0.977697,0.686417,0.219268,9.945000,-0.000247,-0.005487,0.005916,0.567401,0.724476,-1.227379,100306.0000
1764075524685312339,2025-11-25 18:28:44.682,0.444547,2.549694,54.047802,0.050504,0.005232,0.979198,0.699179,0.341981,9.859780,0.007657,0.008308,0.014094,0.566911,0.725866,-1.229319,100311.0000
1764075524796263024,2025-11-25 18:28:44.793,0.484682,2.492606,54.029751,0.048798,0.010982,0.978230,0.263129,0.335698,9.659499,0.006814,0.017199,-0.003574,0.565965,0.726848,-1.227876,100308.0000
1764075524885362413,2025-11-25 18:28:44.882,0.530454,2.397522,54.034916,0.041885,0.010754,0.977429,0.190864,-0.111610,9.686860,0.011176,0.012758,0.001587,0.567868,0.722558,-1.227838,100304.0000
1764075524986093487,2025-11-25 18:28:44.983,0.551008,2.362312,54.036613,0.035775,0.012747,0.976737,0.382911,0.147164,9.847491,-0.002962,-0.006057,-0.007138,0.566913,0.723986,-1.227846,100306.0000
1764075525095693709,2025-11-25 18:28:45.093,0.545461,2.387190,54.012222,0.039125,0.014438,0.977068,0.395904,0.338149,9.756323,-0.006692,-0.014419,0.010943,0.567385,0.725848,-1.230289,100304.0000
1764075525196300728,2025-11-25 18:28:45.193,0.515493,2.439950,54.005768,0.041985,0.011258,0.977785,0.696074,-0.341475,9.867719,-0.006435,-0.016177,-0.000198,0.567886,0.726846,-1.228386,100311.0000
1764075525285360802,2025-11-25 18:28:45.283,0.494925,2.490688,54.017303,0.046519,0.010237,0.976917,0.595661,0.151765,9.677136,-0.006919,-0.005078,-0.003133,0.566426,0.724909,-1.229298,100304.0000
1764075525385850672,2025-11-25 18:28:45.383,0.496713,2.523291,54.033550,0.046281,0.009494,0.977991,0.427162,0.329022,9.659051,0.000802,0.001414,-0.005712,0.563565,0.728738,-1.228351,100312.0000
1764075525495801339,2025-11-25 18:28:45.493,0.514551,2.521834,54.044163,0.050186,0.007670,0.978230,0.457634,-0.026955,9.764499,0.009401,0.006507,0.001142,0.566917,0.725409,-1.228349,100307.0000
1764075525585251265,2025-11-25 18:28:45.582,0.535023,2.470252,54.044914,0.045910,0.009431,0.978405,0.200405,-0.088794,9.768705,0.004259,0.009814,-0.001658,0.567408,0.725909,-1.227401,100312.0000
1764075525685986154,2025-11-25 18:28:45.683,0.539647,2.406955,54.036030,0.041636,0.013006,0.976155,0.634712,0.512075,9.849236,0.000893,-0.000508,0.001568,0.566931,0.725917,-1.226912,100316.0000
1764075525795740857,2025-11-25 18:28:45.792,0.523602,2.366894,54.021309,0.041050,0.013060,0.976423,0.692601,0.294063,9.723411,-0.007667,-0.002985,0.002349,0.566952,0.726446,-1.224513,100306.0000
1764075525886686857,2025-11-25 18:28:45.883,0.497416,2.399704,54.002884,0.041071,0.008641,0.977693,0.428332,0.014472,9.769278,0.004865,-0.007741,0.012091,0.566460,0.725001,-1.224965,100313.0000
1764075525985936913,2025-11-25 18:28:45.983,0.479990,2.476758,54.000240,0.043897,0.009378,0.978282,0.531008,0.214819,9.848462,0.001964,-0.008749,-0.007235,0.563558,0.727305,-1.228329,100311.0000
1764075526095834950,2025-11-25 18:28:46.093,0.483871,2.545854,53.990761,0.047959,0.008788,0.977486,0.038594,0.134855,9.577974,0.006259,-0.002000,0.005932,0.564520,0.727309,-1.228343,100306.0000
1764075526186257912,2025-11-25 18:28:46.183,0.494576,2.550240,53.973141,0.048920,0.011323,0.977186,0.350323,0.098265,9.794621,-0.001107,0.006482,0.002848,0.566924,0.725429,-1.227387,100306.0000
1764075526286146042,2025-11-25 18:28:46.283,0.494189,2.470819,53.966755,0.045307,0.010811,0.976939,0.270206,0.251003,9.684677,0.002246,0.018253,0.004305,0.566900,0.724423,-1.229779,100310.0000
1764075526385453005,2025-11-25 18:28:46.382,0.492271,2.400327,53.946278,0.039238,0.008489,0.976368,0.587129,-0.072126,9.842481,0.001061,-0.006809,0.010770,0.565468,0.724447,-1.228313,100304.0000
1764075526486188042,2025-11-25 18:28:46.483,0.488165,2.399387,53.923256,0.041698,0.012516,0.978283,0.455710,0.138776,9.751888,-0.004937,-0.007790,-0.000273,0.565482,0.724956,-1.226876,100314.0000
1764075526585262468,2025-11-25 18:28:46.582,0.469281,2.431746,53.929768,0.043938,0.010360,0.978562,0.495641,0.208348,9.789416,-0.009833,-0.007776,-0.011412,0.566470,0.726911,-1.224995,100318.0000
1764075526685349357,2025-11-25 18:28:46.682,0.457318,2.489333,53.937737,0.045962,0.006262,0.976764,0.526567,0.072535,9.853451,0.000372,-0.006029,0.002897,0.565983,0.725009,-1.224477,100310.0000
1764075526786656079,2025-11-25 18:28:46.783,0.469999,2.532438,53.912045,0.047416,0.007536,0.978085,0.879169,0.539152,9.887013,0.003176,-0.004430,0.003488,0.566913,0.723986,-1.227846,100306.0000
1764075526885437986,2025-11-25 18:28:46.882,0.494537,2.515945,53.855175,0.047834,0.007838,0.978577,0.365679,-0.227960,9.845689,0.011569,0.016899,0.017966,0.566440,0.726362,-1.228357,100309.0000
1764075526986114245,2025-11-25 18:28:46.983,0.504486,2.438475,53.794323,0.044806,0.012483,0.977627,0.202083,0.392857,9.617293,-0.001670,0.015810,0.009498,0.567874,0.724458,-1.228349,100306.0000
1764075527095664190,2025-11-25 18:28:47.093,0.506655,2.348257,53.740532,0.041741,0.011616,0.977740,0.305680,0.171873,9.735651,0.004620,0.011765,0.009550,0.570306,0.723595,-1.224519,100308.0000
1764075527186617134,2025-11-25 18:28:47.183,0.514167,2.280338,53.705448,0.039417,0.010781,0.977090,0.463318,-0.170550,9.850393,0.006708,0.002858,0.002773,0.570776,0.722154,-1.224985,100307.0000
1764075527285416171,2025-11-25 18:28:47.283,0.530576,2.275344,53.679844,0.036756,0.010233,0.976782,0.364065,-0.032299,9.702271,0.012042,-0.007475,0.005025,0.570304,0.723117,-1.224511,100306.0000
1764075527385549893,2025-11-25 18:28:47.383,0.553464,2.332958,53.668251,0.039962,0.012747,0.977433,0.447067,0.306695,9.887476,0.002882,-0.009064,-0.003773,0.567865,0.722547,-1.228320,100312.0000
1764075527485761023,2025-11-25 18:28:47.483,0.564071,2.446515,53.666157,0.041819,0.013121,0.976612,0.698772,0.099418,9.866912,0.000352,-0.027723,0.009121,0.568347,0.722082,-1.227838,100312.0000
1764075527586237467,2025-11-25 18:28:47.583,0.557900,2.541085,53.653908,0.048890,0.012766,0.977290,0.388613,0.285428,9.684436,-0.000723,-0.013616,0.001508,0.568350,0.721147,-1.226861,100310.0000
1764075527696363467,2025-11-25 18:28:47.693,0.534638,2.551422,53.633163,0.051081,0.010524,0.978002,0.376738,-0.146897,9.739494,-0.005251,0.001923,-0.000034,0.568828,0.723497,-1.228830,100313.0000
1764075527785392800,2025-11-25 18:28:47.783,0.501662,2.533241,53.624130,0.050201,0.010429,0.978540,0.837956,-0.059794,10.099657,-0.003147,0.000770,0.006069,0.567395,0.722576,-1.226868,100310.0000
1764075527885931986,2025-11-25 18:28:47.882,0.476120,2.467489,53.607033,0.048848,0.008906,0.977354,0.465831,0.229639,9.677078,-0.003628,0.013312,0.005683,0.566931,0.724505,-1.225928,100304.0000
1764075527996870671,2025-11-25 18:28:47.993,0.476800,2.403705,53.575790,0.044797,0.007712,0.978818,0.162386,-0.119327,9.637081,-0.002636,0.009876,-0.000930,0.568367,0.724491,-1.226912,100316.0000
1764075528085393819,2025-11-25 18:28:48.082,0.505575,2.368596,53.552097,0.040055,0.007530,0.975718,0.202919,0.067750,9.562537,0.008609,0.000750,0.007642,0.568846,0.720245,-1.224446,100310.0000
1764075528185332948,2025-11-25 18:28:48.182,0.535490,2.376065,53.544571,0.042156,0.012188,0.976170,0.410899,0.307185,9.697371,0.004582,-0.003388,-0.003867,0.569799,0.722109,-1.226897,100313.0000
1764075528296476615,2025-11-25 18:28:48.293,0.542825,2.381196,53.555485,0.042703,0.012298,0.977882,0.282074,0.201254,9.836039,0.002766,-0.003246,-0.004951,0.569316,0.720216,-1.225897,100317.0000
1764075528386826707,2025-11-25 18:28:48.383,0.531013,2.375029,53.564259,0.043228,0.009577,0.978115,0.780885,0.087369,9.960344,0.003268,-0.001966,0.006035,0.567874,0.722100,-1.226868,100305.0000
1764075528485810356,2025-11-25 18:28:48.483,0.522987,2.360804,53.569496,0.040617,0.009922,0.976515,0.364080,-0.161035,9.673995,0.004087,0.001459,0.000814,0.569826,0.724538,-1.225008,100308.0000
1764075528596307022,2025-11-25 18:28:48.593,0.524208,2.370701,53.578293,0.042206,0.011854,0.977461,0.254266,0.218177,9.685225,-0.004193,-0.002354,-0.013244,0.570766,0.721656,-1.225941,100312.0000
1764075528686595430,2025-11-25 18:28:48.683,0.530885,2.425194,53.607708,0.043088,0.009134,0.976561,0.521748,0.014667,9.800234,0.004778,-0.008913,-0.004107,0.569333,0.724505,-1.226445,100308.0000
1764075528785882855,2025-11-25 18:28:48.782,0.537840,2.492092,53.618195,0.045457,0.009681,0.977257,0.548233,0.247377,9.900661,0.000411,-0.010746,0.001172,0.567885,0.723544,-1.226409,100309.0000
1764075528886251948,2025-11-25 18:28:48.883,0.547145,2.520401,53.613125,0.048761,0.012157,0.978568,0.384313,0.141441,9.677388,0.005358,-0.000537,0.003309,0.567868,0.722558,-1.227838,100312.0000
1764075528985559263,2025-11-25 18:28:48.982,0.541383,2.489169,53.616741,0.050872,0.011912,0.979103,0.694463,0.229332,9.893581,-0.003879,0.003081,-0.010549,0.570321,0.727406,-1.225059,100308.0000
1764075529085741670,2025-11-25 18:28:49.082,0.529361,2.425513,53.634506,0.048656,0.008556,0.978452,0.638051,-0.354997,9.862427,-0.000209,0.011250,-0.000777,0.568356,0.725405,-1.228852,100310.0000
1764075529185467707,2025-11-25 18:28:49.182,0.508467,2.339900,53.663826,0.044406,0.011910,0.977219,0.269036,0.166617,9.730728,-0.000085,0.011089,-0.006745,0.570769,0.723079,-1.226444,100308.0000
1764075529285291133,2025-11-25 18:28:49.282,0.503658,2.323804,53.700291,0.039144,0.007724,0.975331,0.371445,-0.132962,9.717065,0.003269,-0.005885,-0.007667,0.567410,0.722616,-1.224943,100309.0000
1764075529385431337,2025-11-25 18:28:49.382,0.516799,2.384934,53.737053,0.040701,0.007589,0.977622,0.565851,-0.000511,9.793726,0.000531,-0.017624,-0.003147,0.566949,0.725023,-1.224010,100310.0000
1764075529485816077,2025-11-25 18:28:49.483,0.534429,2.452350,53.753021,0.045619,0.009691,0.977643,0.470185,0.201510,9.711643,0.005549,-0.007806,-0.006867,0.564997,0.724943,-1.227351,100309.0000
1764075529585928614,2025-11-25 18:28:49.582,0.549605,2.471721,53.741196,0.044308,0.011194,0.976292,0.609095,0.186690,9.742625,-0.000191,-0.002946,0.008055,0.566912,0.724454,-1.228335,100308.0000
1764075529686455003,2025-11-25 18:28:49.683,0.546602,2.439077,53.733555,0.048099,0.010431,0.978436,0.347178,0.175692,9.715914,0.001589,0.011683,0.001088,0.565473,0.723045,-1.226847,100312.0000
1764075529785559077,2025-11-25 18:28:49.783,0.525127,2.370181,53.714966,0.047063,0.011010,0.980621,0.488986,0.087443,9.859542,-0.008644,0.015706,0.006028,0.565512,0.727862,-1.224995,100309.0000
1764075529885503910,2025-11-25 18:28:49.882,0.498377,2.309304,53.693203,0.041657,0.010815,0.977306,0.653896,-0.057033,9.846055,0.003319,0.007852,0.010170,0.565474,0.721632,-1.225863,100310.0000
1764075529996167484,2025-11-25 18:28:49.993,0.485931,2.307708,53.700912,0.036978,0.009017,0.974813,0.177474,0.060921,9.601732,-0.001484,-0.008192,-0.000524,0.567415,0.724985,-1.225942,100310.0000
1764075530086203114,2025-11-25 18:28:50.083,0.488957,2.368415,53.711525,0.040743,0.006798,0.976460,0.271348,-0.231022,9.707412,0.002790,-0.021040,-0.002616,0.565979,0.724998,-1.224958,100310.0000
1764075530196444262,2025-11-25 18:28:50.193,0.503893,2.460578,53.693874,0.045690,0.010428,0.977379,0.488164,0.482458,9.732857,-0.000679,-0.017685,-0.006925,0.564038,0.724004,-1.226359,100304.0000
1764075530286062558,2025-11-25 18:28:50.283,0.529576,2.494045,53.677307,0.051921,0.011447,0.979208,0.580924,0.261606,9.874265,0.002156,0.005008,0.002899,0.566434,0.723517,-1.227350,100302.0000
1764075530385341799,2025-11-25 18:28:50.382,0.537271,2.467613,53.674725,0.050376,0.010989,0.977392,0.301491,0.428230,9.684826,0.007101,0.012146,0.002320,0.564043,0.724959,-1.226374,100306.0000
1764075530485726503,2025-11-25 18:28:50.483,0.524506,2.415320,53.696014,0.045451,0.012470,0.977608,0.357537,-0.051028,9.651043,-0.006419,0.007902,-0.012511,0.567904,0.727365,-1.226467,100310.0000
1764075530585464502,2025-11-25 18:28:50.582,0.494200,2.384785,53.727947,0.039907,0.010782,0.976510,0.466423,0.041385,9.853624,-0.009101,0.000326,-0.002502,0.566453,0.724980,-1.225928,100308.0000
1764075530685607836,2025-11-25 18:28:50.683,0.473929,2.391581,53.780956,0.041378,0.007456,0.977844,0.561114,-0.233117,9.856486,0.002967,-0.005403,-0.002558,0.565494,0.723574,-1.224448,100305.0000
1764075530786579891,2025-11-25 18:28:50.783,0.481220,2.402795,53.815788,0.044195,0.006029,0.978132,0.686345,0.018825,9.878996,0.000637,-0.002120,-0.013816,0.563575,0.724520,-1.224434,100308.0000
1764075530886486687,2025-11-25 18:28:50.883,0.508712,2.416506,53.859428,0.046380,0.007358,0.978937,0.589271,-0.087979,9.730239,0.012029,-0.002944,-0.004817,0.561660,0.726422,-1.224435,100305.0000
1764075530986439947,2025-11-25 18:28:50.983,0.540295,2.437842,53.916389,0.046445,0.009400,0.977025,0.265749,0.104028,9.703271,0.004592,0.005764,-0.005858,0.561158,0.725424,-1.226339,100298.0000
1764075531085775947,2025-11-25 18:28:51.082,0.553579,2.453096,53.982010,0.044611,0.011916,0.976973,0.174778,0.172388,9.778836,-0.005271,0.001280,-0.014280,0.560667,0.724924,-1.227287,100302.0000
1764075531185285206,2025-11-25 18:28:51.182,0.539055,2.456323,54.048946,0.046352,0.009967,0.976409,0.629522,-0.062760,9.923854,-0.002999,-0.001627,-0.004603,0.562116,0.724473,-1.226338,100307.0000
1764075531295991909,2025-11-25 18:28:51.293,0.516642,2.442718,54.116333,0.043801,0.009383,0.976286,0.480136,0.184542,9.780849,0.002053,0.001593,-0.004762,0.562132,0.726871,-1.225893,100306.0000
1764075531385878058,2025-11-25 18:28:51.382,0.502928,2.423754,54.186455,0.044536,0.009817,0.979337,0.752239,0.272051,9.860168,-0.006896,-0.001958,-0.020481,0.559276,0.729298,-1.223480,100313.0000
1764075531485866743,2025-11-25 18:28:51.483,0.502338,2.441430,54.249508,0.044911,0.007036,0.977977,0.858863,0.216919,9.813353,0.000481,-0.005353,-0.002858,0.558307,0.728806,-1.223940,100308.0000
1764075531585629280,2025-11-25 18:28:51.583,0.509273,2.461336,54.293419,0.047394,0.006977,0.979490,0.435416,-0.147909,9.952764,0.000352,0.006635,-0.006172,0.558779,0.730668,-1.226384,100304.0000
1764075531685742817,2025-11-25 18:28:51.683,0.534619,2.442099,54.331367,0.046867,0.007524,0.976459,0.290386,0.065789,9.683593,0.006288,0.010002,-0.000017,0.555411,0.729240,-1.225349,100310.0000
1764075531796106983,2025-11-25 18:28:51.793,0.546862,2.427685,54.389717,0.043948,0.012750,0.975337,0.352326,0.482755,9.687441,-0.007453,-0.004656,-0.008754,0.557813,0.729240,-1.225866,100301.0000
1764075531885991687,2025-11-25 18:28:51.883,0.548299,2.444032,54.448921,0.045305,0.008731,0.976465,0.372031,0.002748,9.777868,0.004405,-0.003539,-0.001307,0.554916,0.728729,-1.226779,100310.0000
1764075531986088335,2025-11-25 18:28:51.983,0.547853,2.450518,54.512886,0.045075,0.010761,0.976285,0.270369,-0.011215,9.658131,0.002936,-0.005807,-0.018351,0.552493,0.729145,-1.229158,100309.0000
1764075532096499631,2025-11-25 18:28:52.093,0.556074,2.445043,54.583233,0.047010,0.010382,0.980108,0.545489,0.454552,9.831903,0.004204,0.001382,-0.010930,0.553014,0.731607,-1.225831,100306.0000
1764075532185355724,2025-11-25 18:28:52.182,0.559531,2.437719,54.642536,0.044950,0.008969,0.977883,0.440469,0.069386,9.759591,-0.003091,0.003147,-0.009313,0.553985,0.731164,-1.224394,100313.0000
1764075532286109835,2025-11-25 18:28:52.283,0.556058,2.432034,54.684902,0.044407,0.010456,0.978502,0.263559,-0.017994,9.687833,-0.000382,0.001777,-0.006939,0.554951,0.732592,-1.224912,100313.0000
1764075532385269742,2025-11-25 18:28:52.382,0.532401,2.398512,54.728184,0.044206,0.011703,0.977613,0.536834,0.340890,9.790193,-0.013356,-0.003121,-0.017197,0.553967,0.730646,-1.226313,100307.0000
1764075532496644298,2025-11-25 18:28:52.493,0.503501,2.376787,54.796192,0.044372,0.007203,0.976149,0.520006,-0.208317,9.865634,-0.000178,-0.000480,-0.008269,0.552547,0.733058,-1.224884,100306.0000
1764075532586361686,2025-11-25 18:28:52.583,0.487551,2.377308,54.829769,0.044936,0.006944,0.977103,0.116608,0.105351,9.497925,0.007182,0.005328,-0.000993,0.552545,0.732581,-1.224876,100310.0000
1764075532696531223,2025-11-25 18:28:52.693,0.493248,2.370671,54.869232,0.042400,0.008243,0.977173,0.433320,-0.033655,9.763375,-0.000849,-0.007153,-0.012992,0.552561,0.733567,-1.223447,100308.0000
1764075532785985816,2025-11-25 18:28:52.783,0.501973,2.365944,54.942009,0.042860,0.007712,0.977410,0.812484,0.121200,10.015393,0.000118,-0.002606,-0.001724,0.550173,0.735487,-1.222478,100308.0000
1764075532885551390,2025-11-25 18:28:52.883,0.511084,2.378658,55.000832,0.044467,0.006737,0.978244,0.466725,-0.180885,9.725594,0.006151,-0.000404,-0.005311,0.549648,0.734428,-1.227270,100310.0000
1764075532985565649,2025-11-25 18:28:52.983,0.524950,2.394210,55.024738,0.047390,0.009849,0.980717,0.566554,0.332745,9.795443,0.009946,0.009859,-0.001512,0.547742,0.735883,-1.225819,100299.0000
1764075533095601982,2025-11-25 18:28:53.092,0.540092,2.392812,55.068287,0.044501,0.009735,0.976788,0.223502,-0.020455,9.612782,0.001437,-0.005149,-0.020027,0.548244,0.736881,-1.223915,100310.0000
1764075533187067353,2025-11-25 18:28:53.183,0.547774,2.399245,55.125233,0.044687,0.008754,0.976148,0.372637,0.188280,9.724887,-0.001006,-0.006964,0.000872,0.545331,0.733971,-1.225273,100314.0000
1764075533285522445,2025-11-25 18:28:53.282,0.546418,2.400383,55.176159,0.045143,0.008148,0.977040,0.194425,0.009636,9.727055,-0.000628,-0.002648,-0.009888,0.548248,0.736891,-1.223434,100311.0000
1764075533396453464,2025-11-25 18:28:53.393,0.534861,2.374872,55.202572,0.046254,0.010165,0.977958,0.377100,0.148118,9.725687,0.003017,0.004460,-0.002098,0.548692,0.734911,-1.226781,100313.0000
1764075533485660056,2025-11-25 18:28:53.483,0.528322,2.315316,55.228622,0.046327,0.009926,0.978171,0.589117,0.433005,9.814599,-0.006325,0.012619,-0.007681,0.547280,0.734986,-1.222909,100303.0000
1764075533586077964,2025-11-25 18:28:53.583,0.521444,2.260165,55.278831,0.039493,0.007597,0.975577,0.377690,0.142191,9.839530,-0.002041,0.005646,-0.006207,0.546315,0.736862,-1.224368,100304.0000
1764075533696355519,2025-11-25 18:28:53.693,0.524052,2.258871,55.313171,0.036919,0.007354,0.978169,0.334380,0.002041,9.707125,-0.002322,-0.002106,-0.001345,0.546796,0.738277,-1.225360,100310.0000
1764075533785795593,2025-11-25 18:28:53.783,0.539430,2.304594,55.348629,0.039543,0.008731,0.979530,0.359115,-0.121798,9.789693,0.000226,-0.010970,-0.015915,0.545347,0.736370,-1.224828,100308.0000
1764075533885472000,2025-11-25 18:28:53.883,0.556353,2.357698,55.382137,0.044131,0.007989,0.978126,0.489522,0.010595,9.772855,-0.004928,-0.005742,-0.006182,0.544395,0.739221,-1.225339,100310.0000
1764075533985294704,2025-11-25 18:28:53.982,0.574106,2.362930,55.406269,0.048445,0.009433,0.976956,0.305542,0.500314,9.631135,0.013268,0.007246,-0.001264,0.543421,0.736829,-1.225288,100306.0000
1764075534095912537,2025-11-25 18:28:54.092,0.593336,2.331415,55.428398,0.044670,0.009679,0.975944,0.537751,-0.020056,9.819377,0.001762,0.005946,-0.003801,0.544885,0.736419,-1.222414,100309.0000
1764075534185338889,2025-11-25 18:28:54.183,0.602687,2.320545,55.457668,0.040649,0.011654,0.976588,0.610855,0.339660,9.976106,0.000578,0.003464,0.006976,0.542950,0.737324,-1.224326,100306.0000
1764075534286591519,2025-11-25 18:28:54.283,0.591759,2.338482,55.507172,0.040650,0.013714,0.976354,0.416882,0.505559,9.740229,-0.011079,-0.007439,-0.013407,0.544399,0.737819,-1.223873,100313.0000
1764075534386457871,2025-11-25 18:28:54.383,0.565681,2.351410,55.544559,0.043322,0.010743,0.978468,0.153157,0.108612,9.566897,-0.003153,-0.006832,-0.010650,0.543425,0.736839,-1.224807,100310.0000
1764075534485482000,2025-11-25 18:28:54.482,0.540667,2.352914,55.589249,0.043865,0.006770,0.978769,0.413800,0.120987,9.684669,-0.002348,-0.003384,-0.010991,0.542951,0.736857,-1.223837,100313.0000
1764075534585837315,2025-11-25 18:28:54.582,0.533156,2.335575,55.626804,0.044740,0.007303,0.977684,0.572859,0.506649,9.709162,0.001211,0.001928,-0.002546,0.542470,0.736855,-1.223830,100310.0000
1764075534696338889,2025-11-25 18:28:54.693,0.552137,2.326275,55.675995,0.044521,0.005977,0.978529,0.306935,-0.202578,9.832341,0.001860,0.001802,-0.016459,0.541519,0.739239,-1.223852,100308.0000
1764075534786609889,2025-11-25 18:28:54.783,0.582138,2.323869,55.703609,0.043590,0.008803,0.977531,0.764654,0.333110,9.895001,0.008621,0.005075,0.000866,0.541978,0.737767,-1.225763,100308.0000
1764075534886717796,2025-11-25 18:28:54.883,0.602468,2.315469,55.743065,0.041280,0.012322,0.976011,0.166772,0.285090,9.619604,0.001709,-0.007998,-0.011664,0.541532,0.740215,-1.222904,100306.0000
1764075534996432629,2025-11-25 18:28:54.992,0.606902,2.353702,55.788372,0.042334,0.008806,0.976088,0.382711,0.032152,9.720601,0.006011,-0.014795,0.000212,0.539593,0.739698,-1.224313,100315.0000
1764075535086211092,2025-11-25 18:28:55.083,0.598719,2.418867,55.799595,0.044602,0.012105,0.977067,0.438116,0.116929,9.678660,-0.001854,-0.013284,-0.005564,0.540082,0.739720,-1.223357,100306.0000
1764075535196233833,2025-11-25 18:28:55.193,0.584054,2.458071,55.796822,0.048085,0.009950,0.979753,0.472263,0.078756,9.752584,-0.002201,0.000650,0.001897,0.535247,0.738692,-1.225678,100308.0000
1764075535286177018,2025-11-25 18:28:55.283,0.576496,2.432406,55.821804,0.046981,0.009399,0.978573,0.344232,0.121119,9.869441,0.005054,0.008797,-0.016321,0.537663,0.739201,-1.224758,100300.0000
1764075535386098037,2025-11-25 18:28:55.383,0.580219,2.409960,55.848824,0.045330,0.008593,0.977412,0.024210,0.139147,9.527404,0.009691,0.003798,-0.003785,0.536242,0.740668,-1.222834,100308.0000
1764075535486650685,2025-11-25 18:28:55.483,0.592092,2.415245,55.884899,0.043126,0.010060,0.976168,0.420672,0.082703,9.787761,0.011124,-0.005981,-0.007428,0.538147,0.739213,-1.224284,100312.0000
1764075535585769814,2025-11-25 18:28:55.582,0.606594,2.456698,55.935699,0.045432,0.010504,0.976034,0.489817,-0.218512,9.948606,-0.004169,-0.010805,-0.004328,0.534305,0.742042,-1.225234,100304.0000
1764075535696966518,2025-11-25 18:28:55.693,0.610941,2.489397,55.971184,0.048799,0.009390,0.978215,0.390290,0.435990,9.856707,-0.000524,-0.006088,-0.009746,0.535244,0.739627,-1.226655,100312.0000
1764075535786342610,2025-11-25 18:28:55.783,0.614933,2.469281,55.982723,0.051345,0.009184,0.979258,0.418593,0.310757,9.811108,0.005257,0.012771,0.002743,0.534777,0.740133,-1.225212,100306.0000
1764075535885541999,2025-11-25 18:28:55.882,0.615927,2.405910,56.002670,0.047258,0.010556,0.977938,0.864985,0.089157,9.990099,0.001238,0.013906,-0.004436,0.534803,0.743975,-1.224308,100312.0000
1764075535995804647,2025-11-25 18:28:55.993,0.608219,2.336788,56.020992,0.043159,0.010675,0.977089,0.467936,-0.186555,9.728580,-0.000353,0.007151,-0.000492,0.535758,0.742546,-1.224300,100306.0000
1764075536085439962,2025-11-25 18:28:56.082,0.605738,2.312425,56.032082,0.038252,0.009439,0.975978,0.232302,0.127506,9.568390,-0.002344,0.000382,-0.009651,0.536221,0.741085,-1.225729,100308.0000
1764075536185721277,2025-11-25 18:28:56.182,0.611228,2.349016,56.038780,0.041010,0.009752,0.977977,0.374755,0.253577,9.654774,-0.000324,-0.005909,-0.009350,0.536228,0.742518,-1.225751,100304.0000
1764075536286169462,2025-11-25 18:28:56.283,0.619710,2.412171,56.049210,0.041999,0.009391,0.976803,0.097038,0.297611,9.594245,0.010390,-0.005760,-0.008028,0.534806,0.744453,-1.224315,100306.0000
1764075536385810221,2025-11-25 18:28:56.383,0.627611,2.477727,56.050793,0.047087,0.009093,0.978073,0.525155,0.218780,9.695971,0.007919,-0.007165,0.002565,0.532383,0.742511,-1.225212,100311.0000
1764075536485975054,2025-11-25 18:28:56.483,0.625621,2.492682,56.031952,0.053407,0.010129,0.978197,0.676970,0.093856,9.981636,0.000046,0.002470,0.000287,0.534302,0.742977,-1.226211,100307.0000
1764075536595805295,2025-11-25 18:28:56.592,0.620057,2.438586,55.998234,0.051538,0.011156,0.977940,0.699532,0.239339,9.839241,-0.000489,0.008905,0.008247,0.535769,0.741632,-1.222359,100302.0000
1764075536686316814,2025-11-25 18:28:56.683,0.615510,2.336649,55.970955,0.047206,0.010318,0.978579,0.383546,-0.126739,9.747589,-0.005735,0.022929,-0.004987,0.536249,0.744459,-1.224336,100311.0000
1764075536786517017,2025-11-25 18:28:56.783,0.609430,2.245609,55.950874,0.038157,0.008827,0.976233,0.279648,0.113665,9.766110,0.004382,0.013390,0.001941,0.537237,0.745002,-1.221469,100304.0000
1764075536896558665,2025-11-25 18:28:56.893,0.616425,2.236282,55.924553,0.033863,0.009972,0.976711,0.631058,0.274824,9.858421,-0.000608,-0.007241,0.002367,0.536718,0.741128,-1.223811,100313.0000
1764075536986131258,2025-11-25 18:28:56.983,0.625863,2.283377,55.880508,0.033900,0.010188,0.975897,0.695008,0.453208,9.810213,0.003116,-0.018174,0.016384,0.538158,0.739712,-1.223328,100310.0000
1764075537095561017,2025-11-25 18:28:57.092,0.634062,2.380246,55.835751,0.042042,0.011356,0.977770,0.669213,0.268629,9.938623,0.004166,-0.018372,0.009385,0.538637,0.741594,-1.224809,100305.0000
1764075537186592073,2025-11-25 18:28:57.183,0.634564,2.459949,55.786163,0.048444,0.012342,0.978711,0.521074,-0.031099,9.673420,-0.002703,-0.014049,0.015520,0.536248,0.742569,-1.223344,100311.0000
1764075537296296276,2025-11-25 18:28:57.293,0.628865,2.486090,55.743587,0.053903,0.011958,0.979474,0.642742,0.161544,9.925713,0.001683,0.006428,0.007668,0.537176,0.739656,-1.225721,100312.0000
1764075537385386591,2025-11-25 18:28:57.383,0.620881,2.430812,55.708344,0.050351,0.010379,0.977683,0.302314,-0.171927,9.853319,0.006516,0.014903,0.010376,0.541032,0.740162,-1.225304,100306.0000
1764075537485267035,2025-11-25 18:28:57.482,0.622831,2.325661,55.680000,0.043748,0.009642,0.976256,0.232213,0.161813,9.783656,-0.004322,0.012630,0.000619,0.539110,0.739218,-1.224298,100306.0000
1764075537596006091,2025-11-25 18:28:57.593,0.634221,2.252830,55.656097,0.038497,0.010023,0.976316,0.048744,0.418317,9.500630,0.008683,0.003700,0.007663,0.539581,0.736364,-1.223780,100309.0000
1764075537685786776,2025-11-25 18:28:57.683,0.642968,2.260708,55.642265,0.036038,0.010631,0.976986,0.133066,-0.074328,9.753170,0.007070,-0.008369,0.005205,0.540568,0.740678,-1.223379,100304.0000
1764075537786088109,2025-11-25 18:28:57.783,0.632954,2.331196,55.642651,0.039377,0.012249,0.977866,0.745295,-0.187486,9.988653,-0.003438,-0.014442,0.002471,0.541546,0.742135,-1.222452,100304.0000
1764075537896557739,2025-11-25 18:28:57.893,0.619180,2.399303,55.640892,0.047552,0.010942,0.979088,0.352156,0.273566,9.805400,0.002466,-0.011420,-0.003606,0.538639,0.739714,-1.223335,100303.0000
1764075537985722961,2025-11-25 18:28:57.983,0.610308,2.424359,55.631794,0.048403,0.008246,0.978252,0.546614,0.065658,9.702931,0.004499,0.006612,0.004989,0.539603,0.741608,-1.224342,100311.0000
1764075538095671591,2025-11-25 18:28:58.093,0.608143,2.413069,55.613831,0.048416,0.008008,0.977609,0.431514,0.118046,9.730036,0.001080,0.011582,0.006536,0.539600,0.740186,-1.223839,100305.0000
1764075538186005924,2025-11-25 18:28:58.183,0.620872,2.382472,55.580616,0.044065,0.007785,0.976408,0.580071,-0.106876,9.782138,0.004244,0.006648,0.017826,0.537168,0.737278,-1.225203,100309.0000
1764075538287171776,2025-11-25 18:28:58.283,0.632095,2.349880,55.526962,0.044688,0.010990,0.976823,0.879286,-0.121638,9.960140,0.004037,0.011044,0.014356,0.541038,0.739237,-1.223845,100306.0000
1764075538385709776,2025-11-25 18:28:58.382,0.644607,2.326167,55.456970,0.040275,0.010895,0.975294,0.361060,-0.250919,9.728031,0.008585,-0.004312,0.017446,0.545369,0.737844,-1.222925,100310.0000
1764075538496150090,2025-11-25 18:28:58.493,0.652933,2.318409,55.398888,0.042530,0.013562,0.978213,0.287654,0.600382,9.621097,-0.002018,0.003181,0.003864,0.543922,0.740185,-1.224865,100317.0000
1764075538586429350,2025-11-25 18:28:58.583,0.657766,2.312134,55.360359,0.042180,0.012629,0.978958,0.338374,0.105327,9.674899,0.010492,0.010431,0.002257,0.542455,0.736814,-1.225755,100302.0000
1764075538686155516,2025-11-25 18:28:58.683,0.657869,2.340772,55.338806,0.038638,0.011341,0.978298,0.460773,0.112622,9.867685,0.002954,-0.010105,0.005888,0.544890,0.738319,-1.222925,100306.0000
1764075538796656294,2025-11-25 18:28:58.793,0.644592,2.386811,55.310616,0.043021,0.010108,0.977366,0.502940,-0.101389,9.711111,-0.005170,-0.007549,0.009629,0.542956,0.737813,-1.223852,100304.0000
1764075538886336998,2025-11-25 18:28:58.883,0.636342,2.423476,55.275272,0.046358,0.011844,0.977409,0.329524,-0.127153,9.794318,0.001435,-0.008755,0.005060,0.541974,0.737757,-1.226245,100310.0000
1764075538985767960,2025-11-25 18:28:58.983,0.639146,2.436704,55.253544,0.046246,0.011744,0.975736,0.646034,0.236266,9.781862,-0.003359,-0.006492,-0.000015,0.543924,0.737360,-1.222896,100313.0000
1764075539085866979,2025-11-25 18:28:59.082,0.637999,2.452339,55.244419,0.046383,0.011437,0.976475,0.736378,0.387181,9.991959,-0.007488,-0.005324,-0.001900,0.542945,0.738727,-1.225792,100311.0000
1764075539185795720,2025-11-25 18:28:59.183,0.629387,2.458745,55.234844,0.046630,0.010664,0.978121,0.682512,0.309797,9.819990,-0.000852,0.003548,0.008860,0.544394,0.735918,-1.223362,100315.0000
1764075539285890960,2025-11-25 18:28:59.283,0.617140,2.450387,55.206783,0.045710,0.009131,0.978096,0.554826,0.057317,9.846000,-0.003166,0.007282,0.010253,0.543923,0.736414,-1.222400,100312.0000
1764075539397056608,2025-11-25 18:28:59.393,0.609880,2.437268,55.150730,0.043919,0.007554,0.979330,0.301677,-0.119783,9.731911,0.011818,0.002865,0.024235,0.545833,0.735915,-1.223865,100305.0000
1764075539486217534,2025-11-25 18:28:59.483,0.602946,2.410401,55.081215,0.043593,0.011914,0.977862,0.542320,0.142013,9.808372,-0.000429,-0.000946,0.006932,0.546318,0.735927,-1.223391,100305.0000
1764075539596107256,2025-11-25 18:28:59.593,0.604653,2.409930,55.037086,0.043163,0.010390,0.975924,0.252902,0.135284,9.672309,0.004155,-0.007013,0.004746,0.548239,0.734513,-1.222916,100301.0000
1764075539686608367,2025-11-25 18:28:59.683,0.616154,2.447001,55.001797,0.044140,0.010650,0.976293,0.354891,0.216176,9.659017,0.004418,-0.006916,0.005117,0.546781,0.734465,-1.224820,100312.0000
1764075539796141608,2025-11-25 18:28:59.793,0.632233,2.484809,54.967381,0.046116,0.010611,0.976989,0.148245,0.242685,9.516491,0.008137,-0.005881,0.008908,0.546791,0.734964,-1.223865,100310.0000
1764075539886143293,2025-11-25 18:28:59.883,0.639899,2.520706,54.911114,0.045945,0.010726,0.977392,0.192457,0.365800,9.580060,0.004297,-0.005203,0.015622,0.548233,0.734025,-1.223390,100300.0000
1764075539985242849,2025-11-25 18:28:59.982,0.643343,2.533094,54.827702,0.048617,0.012319,0.977700,0.563305,-0.018859,9.912594,0.000009,-0.000930,0.023507,0.547726,0.733484,-1.226264,100307.0000
1764075540095667700,2025-11-25 18:29:00.093,0.620192,2.526148,54.744095,0.047174,0.014113,0.978257,0.456395,-0.074618,9.898432,-0.002556,0.004700,0.021625,0.549165,0.731590,-1.225774,100309.0000
1764075540196611015,2025-11-25 18:29:00.193,0.583737,2.511121,54.674160,0.047067,0.013183,0.978399,0.582412,0.252081,9.926736,-0.011392,0.001748,-0.000136,0.550619,0.733040,-1.225336,100307.0000
1764075540286476349,2025-11-25 18:29:00.283,0.560524,2.474254,54.624893,0.046302,0.009336,0.978561,0.359912,0.418665,9.708506,-0.003236,0.007197,0.012258,0.554477,0.734022,-1.224926,100312.0000
1764075540386627923,2025-11-25 18:29:00.383,0.566579,2.456594,54.576199,0.042317,0.007623,0.976443,0.261259,0.376129,9.614224,0.008413,0.011323,0.012116,0.554487,0.732163,-1.222490,100311.0000
1764075540486181774,2025-11-25 18:29:00.483,0.586616,2.464061,54.521725,0.043280,0.010739,0.975906,0.512848,0.190703,9.716739,0.012552,0.003512,0.021817,0.552057,0.733504,-1.226328,100298.0000
1764075540585431774,2025-11-25 18:29:00.582,0.605068,2.477783,54.484875,0.043966,0.011849,0.977100,0.807618,-0.134365,9.924852,0.003360,-0.006644,0.014028,0.552543,0.730691,-1.223884,100307.0000
1764075540685810459,2025-11-25 18:29:00.682,0.616243,2.487450,54.439568,0.045623,0.012571,0.977169,0.760413,-0.255635,9.803758,0.005255,-0.004075,0.010852,0.555901,0.733978,-1.227355,100312.0000
1764075540796117774,2025-11-25 18:29:00.793,0.616956,2.501297,54.384834,0.044590,0.010970,0.979503,0.655658,-0.268077,9.982616,-0.000033,0.000032,0.011318,0.555905,0.730218,-1.224408,100304.0000
1764075540886221089,2025-11-25 18:29:00.883,0.613580,2.513139,54.321171,0.045188,0.012789,0.977318,0.458038,0.060619,9.588954,0.002798,-0.004122,0.009889,0.553485,0.729699,-1.225809,100306.0000
1764075540985275885,2025-11-25 18:29:00.982,0.608402,2.521188,54.252514,0.046674,0.012020,0.978531,0.289298,0.098883,9.623217,-0.004843,0.004777,0.007321,0.553972,0.729244,-1.224846,100310.0000
1764075541095916737,2025-11-25 18:29:01.092,0.609780,2.512214,54.186699,0.045497,0.010896,0.977944,0.300348,0.495955,9.521072,0.003485,0.005160,0.009458,0.556369,0.728289,-1.225348,100309.0000
1764075541185877052,2025-11-25 18:29:01.183,0.615794,2.507928,54.111729,0.044495,0.011362,0.976646,0.438027,0.280430,9.796039,0.005346,0.000440,0.018114,0.560699,0.728308,-1.225413,100309.0000
1764075541285291959,2025-11-25 18:29:01.282,0.614869,2.516826,54.050327,0.047187,0.012577,0.976889,0.682239,0.126686,9.733098,0.004708,0.002376,0.015583,0.559260,0.728312,-1.224910,100305.0000
1764075541396456366,2025-11-25 18:29:01.393,0.604545,2.540736,53.991795,0.045015,0.011693,0.976169,0.373121,-0.050862,9.766439,0.004087,-0.006749,0.009004,0.557804,0.725917,-1.224852,100311.0000
1764075541486411718,2025-11-25 18:29:01.483,0.592897,2.573533,53.932865,0.046433,0.011422,0.976395,0.406449,-0.013831,9.740415,-0.004203,-0.010103,0.012758,0.558760,0.725433,-1.225340,100312.0000
1764075541585724292,2025-11-25 18:29:01.583,0.576779,2.566148,53.872940,0.048401,0.012600,0.979170,0.185990,-0.284595,9.698425,0.003999,0.001532,0.010377,0.560195,0.725887,-1.226813,100309.0000
1764075541685669977,2025-11-25 18:29:01.683,0.564872,2.546294,53.837322,0.046764,0.011864,0.977172,0.363602,-0.110635,9.656212,-0.004796,0.003821,-0.001502,0.562150,0.728335,-1.224471,100309.0000
1764075541786260755,2025-11-25 18:29:01.783,0.564588,2.543540,53.822311,0.045560,0.010994,0.978069,0.432329,0.356564,9.775446,0.003633,0.000581,-0.000160,0.558750,0.727293,-1.227776,100304.0000
1764075541886222403,2025-11-25 18:29:01.883,0.557835,2.555677,53.814350,0.046529,0.010359,0.977253,0.247174,0.115190,9.664907,-0.003498,-0.000889,0.003573,0.560201,0.726375,-1.226339,100307.0000
1764075541996548070,2025-11-25 18:29:01.993,0.551736,2.569077,53.785252,0.046977,0.007161,0.977914,0.314356,-0.095591,9.733851,-0.002043,-0.003833,0.008959,0.561656,0.726412,-1.224916,100309.0000
1764075542085449496,2025-11-25 18:29:02.082,0.556764,2.532614,53.742710,0.049045,0.009933,0.978663,0.761089,0.239452,9.876280,-0.004437,0.008212,0.009932,0.562633,0.727870,-1.223990,100314.0000
1764075542185452903,2025-11-25 18:29:02.183,0.561923,2.467095,53.689541,0.043542,0.009883,0.976376,0.553708,0.173028,9.908165,-0.000403,0.009953,0.008838,0.563099,0.724061,-1.223457,100311.0000
1764075542296020495,2025-11-25 18:29:02.292,0.571551,2.440177,53.627281,0.040574,0.009293,0.976422,0.575063,0.236879,9.727804,0.002840,0.000431,0.010308,0.565503,0.724539,-1.223981,100317.0000
1764075542386004644,2025-11-25 18:29:02.383,0.586470,2.462943,53.549835,0.042482,0.011122,0.977200,0.571083,0.331389,9.823276,0.007201,-0.005971,0.007667,0.565997,0.725517,-1.223040,100303.0000
1764075542485940014,2025-11-25 18:29:02.483,0.600489,2.531058,53.508526,0.044674,0.013504,0.976663,0.541267,-0.037948,9.831619,0.000020,-0.010651,0.002884,0.566457,0.723578,-1.224462,100307.0000
1764075542585366403,2025-11-25 18:29:02.582,0.601103,2.610795,53.517994,0.049052,0.011889,0.978076,0.126499,-0.078049,9.686744,0.000308,-0.013085,-0.009009,0.561631,0.723048,-1.225827,100313.0000
1764075542686524458,2025-11-25 18:29:02.683,0.590602,2.639738,53.510826,0.051549,0.010304,0.977169,0.271603,0.425067,9.686992,-0.000854,-0.009278,0.000875,0.563091,0.724040,-1.224420,100303.0000
1764075542786131588,2025-11-25 18:29:02.783,0.578039,2.600347,53.467342,0.050592,0.009550,0.978090,0.354180,0.398555,9.653853,-0.001836,0.008604,0.007647,0.564514,0.723051,-1.226352,100307.0000
1764075542886524310,2025-11-25 18:29:02.883,0.569197,2.553369,53.418056,0.047622,0.010202,0.977150,0.361471,0.252081,9.794590,0.002751,0.007238,0.013594,0.565954,0.720689,-1.225374,100302.0000
1764075542996185662,2025-11-25 18:29:02.993,0.555492,2.494932,53.397217,0.045286,0.011630,0.977803,0.511367,0.175478,9.878582,-0.006333,0.005585,-0.009374,0.565517,0.725047,-1.222544,100304.0000
1764075543085367273,2025-11-25 18:29:03.082,0.547361,2.461087,53.402653,0.042648,0.008332,0.976830,0.697924,-0.330691,9.860842,-0.001396,0.004092,0.009886,0.566951,0.724556,-1.223521,100309.0000
1764075543185484439,2025-11-25 18:29:03.182,0.552343,2.500760,53.429775,0.041896,0.010893,0.977655,0.414970,0.684322,9.687820,-0.005369,-0.003859,-0.015759,0.565474,0.722577,-1.226359,100305.0000
1764075543296307921,2025-11-25 18:29:03.292,0.565391,2.579807,53.473042,0.041786,0.007796,0.976088,0.271376,0.019387,9.532836,0.005220,-0.013719,-0.002194,0.565010,0.723561,-1.224922,100311.0000
1764075543386317754,2025-11-25 18:29:03.383,0.581953,2.661431,53.511314,0.048144,0.008891,0.977837,0.275442,0.249222,9.734725,-0.000893,-0.016778,-0.013109,0.560674,0.722586,-1.224843,100307.0000
1764075543486339421,2025-11-25 18:29:03.483,0.601941,2.704886,53.555340,0.050957,0.008430,0.976939,0.277161,-0.148294,9.598884,0.004125,-0.014699,-0.014360,0.561147,0.725393,-1.227782,100304.0000
1764075543585474328,2025-11-25 18:29:03.582,0.612786,2.717410,53.621906,0.054275,0.013215,0.978753,0.930921,0.438696,9.935771,-0.003682,-0.004255,-0.013217,0.560650,0.722993,-1.228220,100304.0000
1764075543686499013,2025-11-25 18:29:03.683,0.610000,2.689666,53.719246,0.055028,0.010304,0.977329,0.725476,0.292883,9.768687,0.002163,0.007282,-0.019854,0.559234,0.725415,-1.226310,100306.0000
1764075543785555976,2025-11-25 18:29:03.782,0.594955,2.622380,53.827221,0.054389,0.007535,0.978066,1.005644,-0.016856,10.122810,-0.005103,0.021235,-0.009804,0.556855,0.727834,-1.224386,100310.0000
1764075543885773217,2025-11-25 18:29:03.883,0.580987,2.553697,53.931175,0.047826,0.008296,0.976648,0.328899,0.036458,9.732679,-0.004060,0.014962,-0.025486,0.559261,0.730202,-1.225902,100310.0000
1764075543985687680,2025-11-25 18:29:03.983,0.576952,2.525972,54.052380,0.040880,0.007399,0.975199,-0.072077,0.205036,9.646328,-0.001594,-0.000695,-0.023101,0.559267,0.728332,-1.223947,100301.0000
1764075544086047309,2025-11-25 18:29:04.083,0.577712,2.572777,54.181057,0.038790,0.006954,0.976056,0.144375,0.123220,9.644156,0.007310,-0.016638,-0.020484,0.554925,0.728283,-1.225327,100314.0000
1764075544185493254,2025-11-25 18:29:04.182,0.584254,2.672801,54.328102,0.044648,0.008861,0.978572,0.233064,-0.281920,9.638198,0.001324,-0.021739,-0.022429,0.553014,0.730195,-1.224847,100307.0000
1764075544285949642,2025-11-25 18:29:04.283,0.585894,2.786513,54.486172,0.054564,0.006981,0.979306,0.545400,-0.053520,9.855675,-0.000049,-0.017718,-0.026308,0.550599,0.730631,-1.226262,100296.0000
1764075544385479624,2025-11-25 18:29:04.382,0.585098,2.837188,54.623798,0.061610,0.007402,0.978620,0.755386,-0.013021,9.867033,-0.001162,0.006435,-0.018571,0.547225,0.732486,-1.228168,100307.0000
1764075544485329735,2025-11-25 18:29:04.482,0.577783,2.785822,54.767929,0.059162,0.008341,0.976844,0.611494,0.014379,9.851417,-0.001444,0.024111,-0.027188,0.548192,0.731087,-1.226716,100299.0000
1764075544597051661,2025-11-25 18:29:04.593,0.563447,2.679047,54.931152,0.052169,0.005654,0.975588,0.445801,-0.305681,9.784584,0.001292,0.024480,-0.023471,0.549200,0.734985,-1.223419,100301.0000
1764075544685339846,2025-11-25 18:29:04.682,0.554976,2.613294,55.073586,0.041301,0.005314,0.974393,0.105625,0.136194,9.712974,0.000525,0.010243,-0.018474,0.543897,0.735875,-1.225281,100306.0000
1764075544785709642,2025-11-25 18:29:04.782,0.557668,2.626057,55.182808,0.042839,0.005476,0.978729,0.208307,-0.057058,9.798779,-0.001286,-0.004088,-0.026191,0.542458,0.734466,-1.223794,100302.0000
1764075544896245272,2025-11-25 18:29:04.893,0.563807,2.653571,55.283215,0.047761,0.005757,0.980016,0.376617,-0.345097,9.773695,0.010252,-0.011726,-0.011977,0.540532,0.737283,-1.225734,100312.0000
1764075544985379383,2025-11-25 18:29:04.983,0.564790,2.672781,55.379669,0.051414,0.007751,0.978179,0.552676,0.032008,9.805432,-0.003122,-0.000075,-0.018478,0.539578,0.738244,-1.225253,100310.0000
1764075545085567512,2025-11-25 18:29:05.082,0.569341,2.667127,55.480511,0.049928,0.006627,0.976268,0.697447,-0.526464,9.864873,0.007236,0.004927,-0.018882,0.539592,0.737808,-1.223320,100303.0000
1764075545186108494,2025-11-25 18:29:05.183,0.587583,2.663200,55.579525,0.047508,0.006800,0.975826,0.444490,-0.040235,9.916029,-0.001959,-0.001823,-0.006872,0.540051,0.737281,-1.225727,100306.0000
1764075545286609012,2025-11-25 18:29:05.283,0.618361,2.656008,55.662060,0.045867,0.008512,0.976009,0.123840,0.057844,9.699909,0.001086,0.000260,-0.023918,0.536691,0.739644,-1.226195,100308.0000
1764075545385929086,2025-11-25 18:29:05.383,0.630817,2.660434,55.736492,0.049949,0.011737,0.979269,0.407794,0.322708,9.879350,-0.005122,-0.002209,-0.008759,0.534786,0.742044,-1.225241,100302.0000
1764075545485507753,2025-11-25 18:29:05.482,0.609441,2.658468,55.821281,0.047568,0.011552,0.978059,0.264837,0.378397,9.610193,-0.005141,0.000387,-0.025706,0.535262,0.741091,-1.225233,100311.0000
1764075545595958642,2025-11-25 18:29:05.593,0.564329,2.662347,55.888126,0.049015,0.006778,0.977493,0.277142,0.194181,9.721943,-0.010815,0.003399,-0.006707,0.535262,0.741091,-1.225233,100302.0000
1764075545685997568,2025-11-25 18:29:05.683,0.536020,2.644607,55.904930,0.051737,0.003348,0.977511,0.802962,-0.010702,9.803844,-0.001711,0.015041,0.007730,0.534801,0.739727,-1.221834,100307.0000
1764075545796379845,2025-11-25 18:29:05.793,0.542282,2.604386,55.913734,0.048326,0.007132,0.977130,0.803229,0.384622,9.906555,0.009657,0.015862,-0.007287,0.533334,0.741072,-1.225686,100309.0000
1764075545885352623,2025-11-25 18:29:05.883,0.571377,2.561082,55.942570,0.047112,0.006743,0.977163,0.513256,-0.538633,9.813343,-0.000574,0.014090,-0.003182,0.534324,0.741148,-1.222331,100307.0000
1764075545985387975,2025-11-25 18:29:05.982,0.602097,2.542535,55.982155,0.043318,0.010288,0.976845,0.483329,0.004762,9.710947,0.007853,0.004912,-0.004868,0.534800,0.742552,-1.223804,100314.0000
1764075546085425178,2025-11-25 18:29:06.082,0.617781,2.550824,56.033932,0.042315,0.011597,0.977386,0.448646,-0.286244,9.554386,-0.007058,-0.004048,-0.023143,0.532388,0.742054,-1.224242,100304.0000
1764075546196378215,2025-11-25 18:29:06.193,0.621347,2.588372,56.083538,0.043568,0.010134,0.977027,0.414402,0.039857,9.618505,-0.001996,-0.007835,-0.007986,0.533344,0.741570,-1.224731,100311.0000
1764075546286357086,2025-11-25 18:29:06.283,0.633118,2.656010,56.141178,0.044699,0.010024,0.976450,0.409578,0.326647,9.826010,-0.002951,-0.014929,-0.017037,0.530460,0.740622,-1.223711,100300.0000
1764075546386445660,2025-11-25 18:29:06.383,0.637407,2.698523,56.193954,0.053639,0.010899,0.978989,0.515505,0.713420,9.575490,0.006665,0.000075,-0.015288,0.527087,0.743422,-1.226112,100313.0000
1764075546496164863,2025-11-25 18:29:06.493,0.628193,2.684259,56.248074,0.053614,0.009867,0.978935,0.534558,0.192516,9.740405,-0.002984,0.010951,-0.013018,0.528060,0.742512,-1.224186,100309.0000
1764075546596130400,2025-11-25 18:29:06.593,0.607407,2.626840,56.309624,0.050625,0.009329,0.978165,0.873405,0.154869,10.111128,-0.006194,0.016440,-0.005042,0.528066,0.743000,-1.223712,100300.0000
1764075546685380308,2025-11-25 18:29:06.682,0.602264,2.562074,56.372952,0.045709,0.007155,0.976062,0.560767,0.128232,9.750462,0.001055,0.012417,-0.011244,0.528069,0.744423,-1.224215,100309.0000
1764075546796201456,2025-11-25 18:29:06.793,0.609418,2.533910,56.450645,0.042607,0.007567,0.976027,0.177494,0.221777,9.688660,0.002794,-0.008754,-0.017830,0.527596,0.744441,-1.223245,100309.0000
1764075546885953863,2025-11-25 18:29:06.883,0.635844,2.551352,56.514957,0.042273,0.007783,0.975984,0.395448,-0.104340,9.757939,0.009777,-0.011799,-0.013175,0.527102,0.742518,-1.223690,100308.0000
1764075546985640437,2025-11-25 18:29:06.982,0.655531,2.572240,56.552540,0.043962,0.011763,0.978293,0.367240,0.338860,9.678372,0.004541,-0.010759,-0.008117,0.527105,0.743941,-1.224194,100307.0000
1764075547095856104,2025-11-25 18:29:07.093,0.651009,2.610865,56.602627,0.048411,0.011687,0.977811,0.714226,0.343750,9.842446,0.004373,-0.004086,-0.012407,0.525165,0.746249,-1.227571,100305.0000
1764075547186571011,2025-11-25 18:29:07.183,0.626559,2.629114,56.627861,0.049702,0.011571,0.977516,0.671531,0.617006,9.741499,-0.009196,0.005060,-0.001374,0.522775,0.744866,-1.224626,100299.0000
1764075547286185122,2025-11-25 18:29:07.283,0.606107,2.621015,56.652771,0.048771,0.009581,0.978070,0.449708,0.241836,9.810365,-0.004933,0.007639,-0.008307,0.525665,0.745357,-1.224676,100309.0000
1764075547398028715,2025-11-25 18:29:07.393,0.592397,2.577068,56.690578,0.047628,0.008186,0.977207,0.448968,0.298227,9.669047,-0.005136,0.015096,-0.012604,0.525680,0.745398,-1.222750,100305.0000
1764075547486426492,2025-11-25 18:29:07.483,0.590688,2.525885,56.733288,0.046108,0.006216,0.977813,0.663707,0.251888,9.754257,0.002571,0.004158,-0.018375,0.524710,0.745373,-1.223698,100311.0000
1764075547585896474,2025-11-25 18:29:07.583,0.611977,2.485975,56.752705,0.043245,0.008293,0.977775,0.369508,-0.084190,9.574054,0.003149,0.006915,0.003305,0.526160,0.748225,-1.224727,100302.0000
1764075547695715826,2025-11-25 18:29:07.693,0.633525,2.478239,56.754150,0.043390,0.010443,0.976304,0.570737,-0.048373,9.745820,0.000374,-0.001668,-0.004385,0.524717,0.746806,-1.223721,100307.0000
1764075547785877677,2025-11-25 18:29:07.783,0.638436,2.503196,56.757347,0.043036,0.011464,0.978400,0.626116,0.076340,9.742929,-0.000948,-0.006935,-0.000737,0.523280,0.747288,-1.223225,100302.0000
1764075547885786214,2025-11-25 18:29:07.883,0.629605,2.512156,56.791546,0.045425,0.011450,0.977354,0.387400,-0.098266,9.753278,0.001590,-0.003813,-0.013500,0.525203,0.747764,-1.223742,100309.0000
1764075547985500140,2025-11-25 18:29:07.982,0.604904,2.491450,56.825333,0.046345,0.009073,0.979423,0.677592,-0.442453,9.839705,-0.001186,0.018729,-0.003708,0.525701,0.748752,-1.222320,100313.0000
1764075548096009881,2025-11-25 18:29:08.092,0.592758,2.197810,56.757801,0.045293,0.007054,0.982356,0.310593,0.079191,9.780859,0.000135,0.092654,0.019115,0.525719,0.749270,-1.220402,100305.0000
1764075548185985436,2025-11-25 18:29:08.183,0.615226,1.604421,56.567017,0.021559,0.007537,0.980747,-0.176371,0.412146,9.545282,0.011917,0.115395,0.047995,0.533435,0.746053,-1.216132,100309.0000
1764075548296621992,2025-11-25 18:29:08.293,0.665669,0.853524,56.252621,0.001265,0.010781,0.985709,-0.178654,0.523802,9.837983,0.011978,0.151774,0.069891,0.545972,0.743823,-1.211466,100311.0000
1764075548386089584,2025-11-25 18:29:08.383,0.740956,0.034877,55.811424,-0.033482,0.016943,0.981818,-0.880379,0.099897,9.635633,0.020945,0.136103,0.085907,0.557528,0.740124,-1.208209,100309.0000
1764075548486688492,2025-11-25 18:29:08.483,0.824747,-0.590877,55.333801,-0.056478,0.017777,0.983096,-0.841175,0.305659,9.732614,0.007295,0.092153,0.076942,0.571482,0.737362,-1.206446,100308.0000
1764075548596018714,2025-11-25 18:29:08.593,0.913726,-1.167098,54.784081,-0.075443,0.022059,0.981131,-0.697426,0.588098,10.029970,0.008123,0.090936,0.054777,0.583028,0.730808,-1.202663,100309.0000
1764075548685946103,2025-11-25 18:29:08.683,0.960557,-1.850344,54.032623,-0.130324,0.034136,0.970733,-1.315650,0.920152,10.048866,-0.031051,0.120833,0.181088,0.596025,0.725226,-1.198434,100308.0000
1764075548796219973,2025-11-25 18:29:08.793,0.853902,-2.337014,52.953815,-0.160506,0.035401,0.964436,-1.933639,1.630124,9.966870,-0.040202,0.018308,0.188871,0.610953,0.720140,-1.193761,100312.0000
1764075548885534084,2025-11-25 18:29:08.882,0.606327,-2.161348,51.812046,-0.147590,0.024700,0.971072,-1.075849,0.047219,9.956489,-0.064036,-0.076424,0.225181,0.623454,0.713103,-1.190466,100308.0000
1764075548996613769,2025-11-25 18:29:08.993,0.404768,-1.725119,50.617428,-0.114431,-0.001839,0.975264,-1.548212,-1.722737,9.195799,-0.020556,-0.088872,0.199285,0.630635,0.707383,-1.191448,100308.0000
1764075549085596936,2025-11-25 18:29:09.082,0.366202,-1.163046,49.322014,-0.090536,0.003039,0.976556,-0.252590,-0.702225,10.069556,-0.005979,-0.106471,0.255536,0.641614,0.695886,-1.195286,100309.0000
1764075549186399547,2025-11-25 18:29:09.183,0.514150,-0.572820,47.877426,-0.068775,-0.009531,0.970038,0.020130,-0.274213,10.101112,0.034893,-0.099004,0.294190,0.648245,0.685743,-1.201972,100305.0000
1764075549296943621,2025-11-25 18:29:09.293,0.698970,-0.023397,46.365360,-0.050496,0.018380,0.965315,-0.974087,2.896612,9.253039,0.034047,-0.071736,0.266997,0.661120,0.670881,-1.207232,100314.0000
1764075549386266306,2025-11-25 18:29:09.383,0.774167,0.391432,44.847286,-0.031823,0.027836,0.971295,0.706647,1.096827,10.021790,0.001384,-0.048910,0.252570,0.671604,0.657462,-1.211516,100307.0000
1764075549485304639,2025-11-25 18:29:09.482,0.675238,0.590819,43.310684,-0.026622,0.025842,0.976192,-0.237489,-0.528814,9.824288,-0.009209,-0.010288,0.267763,0.684525,0.646493,-1.213465,100305.0000
1764075549585317417,2025-11-25 18:29:09.582,0.447202,0.579390,41.736755,-0.011780,0.019673,0.982739,-0.300551,-0.391029,9.759645,-0.036382,0.015852,0.280883,0.696986,0.632280,-1.210542,100316.0000
1764075549696911898,2025-11-25 18:29:09.693,0.245459,0.374820,40.079811,-0.012094,-0.001056,0.991650,-0.270048,-0.006076,9.945498,-0.016547,0.048662,0.290842,0.714279,0.620497,-1.206764,100303.0000
1764075549785618324,2025-11-25 18:29:09.783,0.214499,0.087574,38.309162,-0.015626,-0.014244,0.988404,-0.034357,-0.348384,9.837044,0.013153,0.058567,0.334430,0.734440,0.607264,-1.204451,100314.0000
1764075549886234917,2025-11-25 18:29:09.883,0.378558,-0.196123,36.342400,-0.023673,-0.017910,0.988164,-0.203671,-0.066373,9.822831,0.040269,0.047173,0.346987,0.753097,0.583495,-1.202918,100312.0000
1764075549995740880,2025-11-25 18:29:09.993,0.652109,-0.403860,34.207909,-0.031978,-0.004153,0.981727,-0.198696,0.488619,9.993302,0.051877,0.035030,0.366482,0.773679,0.559735,-1.201413,100307.0000
1764075550085999491,2025-11-25 18:29:10.083,0.858793,-0.470645,32.045815,-0.038230,0.016235,0.972326,-0.271333,0.230301,9.616644,0.014694,-0.001079,0.368632,0.789431,0.536847,-1.202741,100313.0000
1764075550186448806,2025-11-25 18:29:10.183,0.903570,-0.377824,29.947889,-0.036379,0.022766,0.968827,-0.211152,0.385479,9.726520,-0.005994,-0.022727,0.355442,0.807093,0.513460,-1.205534,100298.0000
1764075550296620231,2025-11-25 18:29:10.293,0.779508,-0.159921,27.876551,-0.028377,0.016738,0.965730,-0.356502,0.218408,9.582870,-0.028737,-0.042494,0.374951,0.821430,0.490169,-1.202981,100310.0000
1764075550386363491,2025-11-25 18:29:10.383,0.613307,0.070497,25.728178,-0.014470,0.002160,0.973809,0.016153,-0.606187,9.696513,-0.021975,-0.027412,0.384534,0.830939,0.471055,-1.205237,100311.0000
1764075550496081731,2025-11-25 18:29:10.493,0.517106,0.229635,23.474648,-0.006578,-0.007214,0.980671,-0.233728,0.087033,9.840014,-0.005773,-0.013511,0.398285,0.843774,0.445247,-1.208404,100311.0000
1764075550596386620,2025-11-25 18:29:10.593,0.525441,0.299785,21.233217,-0.003252,-0.009324,0.985752,0.055392,0.011045,9.921601,0.004306,-0.003232,0.379997,0.856144,0.418065,-1.208652,100307.0000
1764075550685692157,2025-11-25 18:29:10.683,0.605605,0.336985,19.068027,-0.005538,-0.006961,0.986012,-0.316815,0.017723,9.710419,0.025509,-0.005844,0.379173,0.867577,0.391418,-1.206006,100309.0000
1764075550786291620,2025-11-25 18:29:10.783,0.694090,0.410944,16.969181,-0.004218,0.002808,0.982114,-0.187509,-0.248221,9.661751,0.010439,-0.015748,0.355784,0.877518,0.367935,-1.211573,100305.0000
1764075550896296583,2025-11-25 18:29:10.893,0.748937,0.442211,14.903300,0.004844,0.002514,0.981669,0.232503,0.323870,10.076960,0.015164,0.010148,0.367715,0.886535,0.342192,-1.210832,100310.0000
1764075550986941361,2025-11-25 18:29:10.983,0.736836,0.354579,12.846868,-0.000960,0.007449,0.971335,-0.174040,-0.346868,9.483133,-0.009093,0.006937,0.355894,0.896499,0.314054,-1.210549,100307.0000
1764075551095922287,2025-11-25 18:29:11.092,0.690393,0.379508,10.875607,-0.002441,0.002992,0.972343,-0.223500,-0.218279,9.776711,0.002255,-0.011667,0.337751,0.900245,0.291174,-1.208810,100307.0000
1764075551186323768,2025-11-25 18:29:11.183,0.667917,0.514174,8.932976,0.001030,-0.004203,0.975899,0.071569,-0.305216,9.918596,0.007046,-0.032509,0.340737,0.904919,0.268205,-1.211418,100305.0000
1764075551296625935,2025-11-25 18:29:11.293,0.695453,0.702610,7.015329,0.009572,-0.000212,0.978611,0.367184,0.503208,9.697422,0.010050,-0.026289,0.323200,0.910093,0.245291,-1.211627,100305.0000
1764075551385413620,2025-11-25 18:29:11.383,0.735504,0.851797,5.196684,0.018734,0.001332,0.981953,0.134679,-0.092495,9.917551,0.010368,-0.012309,0.309095,0.913300,0.218484,-1.214636,100306.0000
1764075551485387953,2025-11-25 18:29:11.482,0.764257,0.887787,3.473635,0.022562,0.003929,0.981890,0.179235,0.058040,9.734018,0.011006,0.004214,0.293183,0.918954,0.197452,-1.216324,100305.0000
1764075551585476064,2025-11-25 18:29:11.582,0.775616,0.828167,1.791465,0.018515,0.003618,0.978483,0.133244,0.179074,9.866739,0.007902,0.016121,0.298136,0.919818,0.173156,-1.213077,100303.0000
1764075551686191360,2025-11-25 18:29:11.683,0.785984,0.783901,0.123696,0.009438,0.003474,0.975817,-0.207645,0.230987,9.688067,0.007115,-0.008288,0.296614,0.922105,0.152586,-1.214723,100313.0000
1764075551796295823,2025-11-25 18:29:11.793,0.812113,0.874841,358.454865,0.007765,0.000856,0.976254,0.275824,-0.194711,9.888048,0.011179,-0.030735,0.289992,0.922470,0.131539,-1.215852,100303.0000
1764075551885544823,2025-11-25 18:29:11.883,0.853920,1.053930,356.789917,0.018327,0.002615,0.977832,0.506949,0.155033,9.922790,0.021374,-0.035395,0.290105,0.922362,0.109099,-1.215026,100311.0000
1764075551997146212,2025-11-25 18:29:11.993,0.895539,1.233914,355.157243,0.027473,0.007587,0.980069,-0.050853,0.045980,9.747654,0.012081,-0.018954,0.285127,0.919314,0.084622,-1.219424,100309.0000
1764075552085569360,2025-11-25 18:29:12.083,0.913769,1.341042,353.562428,0.032124,0.011839,0.981087,-0.097864,0.466650,9.714528,0.007425,-0.005340,0.268635,0.921158,0.066977,-1.218219,100311.0000
1764075552196609934,2025-11-25 18:29:12.193,0.915313,1.348977,352.011255,0.039327,0.009937,0.981980,1.076326,0.484135,10.079254,0.008378,0.008439,0.262062,0.918146,0.044950,-1.219765,100306.0000
1764075552286322712,2025-11-25 18:29:12.283,0.903316,1.251765,350.500036,0.034054,0.008006,0.980792,0.723870,-0.239904,10.051077,0.000971,0.035885,0.260090,0.917089,0.024426,-1.218473,100311.0000
1764075552385803064,2025-11-25 18:29:12.383,0.882667,1.131090,349.010398,0.020209,0.010709,0.975969,0.138238,0.641988,9.674791,-0.007182,0.010693,0.252600,0.916062,0.009167,-1.216780,100298.0000
1764075552495607378,2025-11-25 18:29:12.493,0.865312,1.060533,347.478648,0.019531,0.006013,0.975159,-0.271694,1.451554,9.602797,-0.002913,0.001890,0.268754,0.913561,-0.009951,-1.216452,100303.0000
1764075552586203637,2025-11-25 18:29:12.583,0.860782,1.048227,345.893253,0.022394,0.002378,0.975668,0.273094,0.226678,9.722706,0.017803,0.006002,0.286621,0.912503,-0.032833,-1.213679,100309.0000
1764075552685986026,2025-11-25 18:29:12.683,0.866868,1.079564,344.283646,0.022262,0.007279,0.977377,0.362066,-0.093635,9.876969,0.002063,-0.008221,0.284988,0.909504,-0.051527,-1.215758,100311.0000
1764075552796699767,2025-11-25 18:29:12.793,0.868906,1.121705,342.675083,0.025578,0.007048,0.978791,0.811480,-0.257918,9.939856,0.006117,-0.004934,0.275765,0.904097,-0.074479,-1.215328,100304.0000
1764075552886292785,2025-11-25 18:29:12.883,0.875373,1.162422,341.063932,0.026715,0.007810,0.979611,0.094717,0.711407,9.863132,0.008728,0.006370,0.283105,0.894378,-0.093629,-1.214893,100303.0000
1764075552986117397,2025-11-25 18:29:12.983,0.878845,1.189246,339.455847,0.024326,0.006628,0.979113,0.124933,-0.015709,9.772961,0.007462,-0.003374,0.275809,0.889930,-0.115642,-1.215455,100307.0000
1764075553086401582,2025-11-25 18:29:13.083,0.885032,1.179479,337.838949,0.027765,0.006467,0.979009,0.490133,-0.000891,9.782062,0.013358,0.008032,0.286773,0.885013,-0.135269,-1.216046,100305.0000
1764075553196350563,2025-11-25 18:29:13.193,0.890032,1.159298,336.207411,0.024587,0.008035,0.978923,0.282220,0.095371,10.006905,0.007499,0.006701,0.282954,0.878213,-0.153379,-1.212299,100315.0000
1764075553285365711,2025-11-25 18:29:13.283,0.894091,1.142344,334.543318,0.022387,0.006509,0.978129,0.465265,-0.009493,9.833297,0.005128,-0.000691,0.293953,0.869919,-0.174932,-1.212811,100306.0000
1764075553385513822,2025-11-25 18:29:13.382,0.902719,1.134129,332.851719,0.025122,0.004588,0.978594,0.133161,-0.075156,9.648335,0.016374,0.007820,0.296338,0.861631,-0.193639,-1.214330,100303.0000
1764075553486503655,2025-11-25 18:29:13.483,0.909917,1.127031,331.150875,0.022900,0.005573,0.979523,-0.188715,0.307146,9.670502,0.008692,0.006169,0.296054,0.853816,-0.216135,-1.214353,100309.0000
1764075553596197192,2025-11-25 18:29:13.593,0.932582,1.107001,329.434158,0.023285,0.006762,0.978556,0.384225,-0.051968,9.682785,0.023746,0.003684,0.299639,0.843635,-0.234769,-1.211993,100309.0000
1764075553686110322,2025-11-25 18:29:13.683,0.956447,1.088423,327.701752,0.025346,0.009381,0.977244,0.663885,0.324176,9.770199,0.004873,0.012118,0.300690,0.831984,-0.253948,-1.212492,100311.0000
1764075553796028489,2025-11-25 18:29:13.793,0.966887,1.059188,325.958656,0.020423,0.008407,0.976384,-0.124595,0.163397,9.624771,0.008843,0.019437,0.305700,0.821796,-0.274483,-1.209621,100309.0000
1764075553886068081,2025-11-25 18:29:13.883,0.949948,1.047505,324.202328,0.012720,0.010142,0.973554,-0.580960,0.063817,9.474616,-0.002144,-0.001590,0.314006,0.811599,-0.293157,-1.209186,100313.0000
1764075553985338822,2025-11-25 18:29:13.982,0.922127,1.097027,322.462723,0.015913,0.010202,0.977749,0.665757,0.041475,9.948146,0.000863,-0.020543,0.298481,0.800417,-0.313311,-1.210640,100310.0000
1764075554095934822,2025-11-25 18:29:14.092,0.901388,1.180777,320.716621,0.019363,0.005473,0.980281,0.333062,0.270039,10.035613,0.001524,-0.017532,0.303257,0.786368,-0.332480,-1.210141,100298.0000
1764075554185380803,2025-11-25 18:29:14.183,0.905355,1.250024,318.961979,0.023304,0.003425,0.982050,0.334735,-0.092978,9.954615,0.013639,0.002383,0.302676,0.774245,-0.350696,-1.210166,100311.0000
1764075554285665785,2025-11-25 18:29:14.282,0.941871,1.307911,317.199997,0.022684,0.003434,0.980424,0.292822,-0.210931,9.716874,0.020651,-0.002298,0.314337,0.757791,-0.366574,-1.211608,100303.0000
1764075554385461173,2025-11-25 18:29:14.382,1.020797,1.332217,315.442993,0.026961,0.004781,0.981103,0.171255,-0.230342,9.738656,0.027052,0.009904,0.311247,0.742304,-0.388565,-1.208637,100317.0000
1764075554485969896,2025-11-25 18:29:14.483,1.096199,1.301781,313.662777,0.027407,0.011491,0.977842,0.364681,-0.180273,9.611970,0.018335,0.014231,0.321808,0.728734,-0.406798,-1.209123,100312.0000
1764075554595947062,2025-11-25 18:29:14.593,1.113480,1.231688,311.856014,0.022172,0.016192,0.975755,-0.346447,0.322978,9.516924,-0.000011,0.008375,0.317261,0.714705,-0.422614,-1.208193,100299.0000
1764075554686266451,2025-11-25 18:29:14.683,1.053061,1.184589,310.050465,0.018034,0.018079,0.973680,-0.083114,-0.364150,9.548730,-0.007054,0.003379,0.317561,0.697797,-0.439368,-1.205762,100309.0000
1764075554786020173,2025-11-25 18:29:14.783,0.938722,1.201701,308.258259,0.017660,0.013061,0.976599,0.433971,-0.067838,9.959548,-0.020975,-0.002580,0.314069,0.680896,-0.452330,-1.204834,100315.0000
1764075554886015229,2025-11-25 18:29:14.883,0.836574,1.266239,306.470642,0.016220,0.003010,0.978415,0.267740,-0.012354,9.959121,-0.001066,-0.009177,0.312353,0.662028,-0.466827,-1.208188,100310.0000
1764075554986058118,2025-11-25 18:29:14.983,0.792935,1.376600,304.691704,0.018296,-0.000585,0.980551,0.286734,-0.123856,9.921411,0.011748,-0.014383,0.311243,0.643663,-0.484095,-1.207173,100304.0000
1764075555095862303,2025-11-25 18:29:15.092,0.839317,1.492963,302.908886,0.024719,-0.002637,0.980919,-0.149115,-0.060438,9.691306,0.019918,-0.015671,0.312392,0.621471,-0.495191,-1.207159,100310.0000
1764075555186316617,2025-11-25 18:29:15.183,0.937434,1.540512,301.170856,0.032465,0.003505,0.981073,0.211877,0.630009,9.670943,0.030344,0.001734,0.303441,0.605033,-0.511028,-1.206675,100309.0000
1764075555286072932,2025-11-25 18:29:15.283,1.019713,1.477374,299.549950,0.035480,0.013488,0.978271,0.360112,0.312063,9.676830,0.018873,0.020074,0.270164,0.589099,-0.523031,-1.205776,100305.0000
1764075555386283173,2025-11-25 18:29:15.383,1.043102,1.308277,298.047371,0.032317,0.018158,0.977737,0.252328,0.111722,9.791226,0.007901,0.039238,0.256124,0.576052,-0.537379,-1.203439,100309.0000
1764075555486044265,2025-11-25 18:29:15.483,1.001479,1.077108,296.651779,0.023701,0.016638,0.977644,0.190004,0.053969,9.796824,-0.006509,0.048598,0.235899,0.560625,-0.546484,-1.201146,100308.0000
1764075555585746080,2025-11-25 18:29:15.582,0.920270,0.929217,295.370239,0.011196,0.013494,0.975486,0.003824,0.174040,9.817848,-0.009411,0.002485,0.209576,0.548087,-0.552272,-1.200873,100310.0000
1764075555695924025,2025-11-25 18:29:15.693,0.837793,1.102062,294.280800,0.007581,0.008991,0.975116,0.250531,-0.148200,9.845935,-0.004419,-0.054509,0.174894,0.533618,-0.556199,-1.202527,100313.0000
1764075555786242876,2025-11-25 18:29:15.783,0.810799,1.556926,293.375359,0.023557,0.004176,0.974751,0.396952,-0.018817,9.729321,0.004320,-0.107629,0.137306,0.520569,-0.563951,-1.204625,100311.0000
1764075555886136895,2025-11-25 18:29:15.883,0.841762,2.465405,292.837257,0.051168,0.008844,0.966858,-0.526446,-0.806131,9.277125,0.012939,-0.216115,0.060139,0.503640,-0.569444,-1.211998,100310.0000
1764075555996641469,2025-11-25 18:29:15.993,0.920080,4.037355,292.833382,0.117446,0.014880,0.968220,2.523974,0.715458,10.007523,0.018713,-0.300522,-0.036484,0.487217,-0.570159,-1.219450,100309.0000
1764075556085994339,2025-11-25 18:29:16.083,1.022988,5.592370,293.005150,0.196474,0.008592,0.969991,1.955875,-1.087876,9.622911,0.020190,-0.233476,0.010727,0.475631,-0.571725,-1.223109,100309.0000
1764075556196287821,2025-11-25 18:29:16.193,1.094554,6.517196,292.932610,0.257740,0.019176,0.974793,3.574732,0.509799,10.122279,0.009495,-0.078134,0.025940,0.462597,-0.570483,-1.229197,100309.0000
1764075556285396524,2025-11-25 18:29:16.282,1.099376,6.353362,292.524918,0.269327,0.020972,0.971102,2.497692,-0.433464,9.313002,0.005069,0.112081,0.105834,0.459703,-0.574287,-1.227651,100306.0000
1764075556396314246,2025-11-25 18:29:16.393,1.069041,5.175982,291.851982,0.237499,0.022047,0.969749,1.686857,0.496910,9.464502,0.015093,0.276863,0.107546,0.464066,-0.573708,-1.223872,100306.0000
1764075556485966450,2025-11-25 18:29:16.483,1.023294,3.576467,291.056763,0.155760,0.022352,0.962655,1.356565,0.074724,10.088213,0.006365,0.286181,0.143282,0.468928,-0.578270,-1.214723,100308.0000
1764075556586186524,2025-11-25 18:29:16.583,0.980289,2.311773,290.272057,0.069843,0.028031,0.960157,-0.389954,0.565525,9.370665,-0.006570,0.146142,0.134238,0.478109,-0.583309,-1.206594,100318.0000
1764075556695755339,2025-11-25 18:29:16.693,0.945919,1.913831,289.563454,0.033424,0.025021,0.965607,0.385993,0.134989,9.652419,0.006934,-0.019867,0.119153,0.469930,-0.587117,-1.204008,100316.0000
1764075556785803524,2025-11-25 18:29:16.783,0.939742,2.439507,288.960182,0.041838,0.023995,0.971234,1.303524,-0.082697,9.723996,0.011513,-0.148982,0.097254,0.457848,-0.592497,-1.207119,100308.0000
1764075556895901468,2025-11-25 18:29:16.893,0.961403,3.570545,288.507263,0.082150,0.022650,0.974044,1.131833,-0.060784,9.493594,0.018603,-0.204973,0.067754,0.441439,-0.594116,-1.212150,100313.0000
1764075556986594950,2025-11-25 18:29:16.983,0.980209,4.831693,288.223511,0.137293,0.020324,0.976005,0.580211,0.940053,9.551354,-0.002397,-0.188494,0.048787,0.426490,-0.593797,-1.216270,100307.0000
1764075557095944987,2025-11-25 18:29:17.093,0.952892,5.605138,288.080086,0.185412,0.015417,0.974840,2.332538,0.196194,9.548549,-0.005115,-0.076274,0.022112,0.415857,-0.595857,-1.220898,100304.0000
1764075557185721061,2025-11-25 18:29:17.183,0.859809,5.446548,288.008072,0.204843,0.011097,0.976508,2.880753,-0.016379,10.093772,-0.018887,0.122886,0.015090,0.415368,-0.595879,-1.221854,100311.0000
1764075557295769931,2025-11-25 18:29:17.293,0.727148,4.441346,288.017647,0.157113,0.007764,0.969383,1.315812,-0.242588,9.873278,-0.016300,0.230239,-0.010958,0.427461,-0.591414,-1.216802,100306.0000
1764075557386104986,2025-11-25 18:29:17.383,0.596734,3.145033,288.114349,0.076824,0.001950,0.968766,0.018358,0.104940,9.588102,-0.020764,0.208022,-0.019233,0.442410,-0.593146,-1.211698,100303.0000
1764075557486260264,2025-11-25 18:29:17.483,0.527645,2.201303,288.282677,0.013534,-0.007442,0.978560,0.092732,-0.459479,9.888376,-0.006553,0.103822,-0.046443,0.453982,-0.591142,-1.209972,100305.0000
1764075557596435801,2025-11-25 18:29:17.593,0.556768,1.977407,288.499069,-0.014434,-0.007704,0.983943,0.116807,0.255794,9.946971,0.013844,-0.022969,-0.033444,0.458352,-0.588663,-1.206703,100300.0000
1764075557686633116,2025-11-25 18:29:17.683,0.660817,2.440421,288.766304,-0.001746,-0.002697,0.982516,0.108476,-0.110664,9.741246,0.014334,-0.115618,-0.041464,0.456915,-0.585824,-1.207689,100309.0000
1764075557785818190,2025-11-25 18:29:17.783,0.778573,3.196928,289.083153,0.041082,0.004501,0.976874,1.131217,-0.023606,9.851609,0.019080,-0.127432,-0.058318,0.453978,-0.587382,-1.212919,100308.0000
1764075557896194597,2025-11-25 18:29:17.892,0.861565,3.769369,289.455147,0.082016,0.011793,0.971510,1.228089,-0.191800,9.616967,0.003236,-0.062967,-0.077146,0.451582,-0.587840,-1.211432,100313.0000
1764075557985382134,2025-11-25 18:29:17.983,0.881052,3.901287,289.881897,0.099052,0.011422,0.971192,0.692288,-0.179695,9.598364,-0.002379,0.015703,-0.072616,0.453954,-0.586030,-1.216792,100309.0000
1764075558095477875,2025-11-25 18:29:18.092,0.832884,3.621487,290.329834,0.092504,0.010337,0.975499,0.820265,0.349466,9.977692,-0.018493,0.079882,-0.091095,0.464580,-0.582578,-1.214112,100311.0000
1764075558196079597,2025-11-25 18:29:18.193,0.770757,3.126257,290.780678,0.066830,0.000742,0.976996,0.416737,0.296433,9.449582,-0.003529,0.084083,-0.066815,0.473747,-0.578228,-1.213831,100311.0000
1764075558286036690,2025-11-25 18:29:18.283,0.727656,2.681616,291.265152,0.038683,0.002016,0.981943,0.004570,0.578256,9.961570,-0.018450,0.055486,-0.092646,0.483406,-0.576202,-1.210634,100303.0000
1764075558385982393,2025-11-25 18:29:18.383,0.719298,2.470042,291.814468,0.024332,-0.004013,0.982908,1.093546,-0.162277,10.024517,-0.000885,0.017528,-0.108374,0.495430,-0.575691,-1.211782,100310.0000
1764075558486321949,2025-11-25 18:29:18.483,0.739680,2.562104,292.410240,0.019121,-0.006622,0.979545,0.498834,0.088125,9.545564,-0.003344,-0.033451,-0.095633,0.499784,-0.568537,-1.213399,100316.0000
1764075558596584189,2025-11-25 18:29:18.593,0.767604,2.867958,293.039261,0.034186,-0.001125,0.973925,0.029743,-0.183612,9.335600,-0.000817,-0.065159,-0.116400,0.503636,-0.568042,-1.213464,100309.0000
1764075558686071393,2025-11-25 18:29:18.683,0.791155,3.148395,293.693024,0.060786,-0.000219,0.974733,0.530978,-0.037558,9.991598,0.003240,-0.039047,-0.133042,0.506075,-0.561344,-1.213602,100306.0000
1764075558786993949,2025-11-25 18:29:18.783,0.786693,3.268739,294.416733,0.063530,0.000315,0.972986,-0.049133,0.237576,9.744819,-0.008686,-0.017502,-0.135582,0.514732,-0.557545,-1.216676,100307.0000
1764075558885750560,2025-11-25 18:29:18.883,0.765766,3.254980,295.235626,0.063203,-0.005717,0.977936,0.424373,-0.199515,10.010071,-0.007345,0.005438,-0.154206,0.526797,-0.551738,-1.215980,100305.0000
1764075558997020967,2025-11-25 18:29:18.993,0.759392,3.169646,296.117397,0.055695,-0.011205,0.978533,-0.110095,0.266849,9.924188,-0.006203,0.012944,-0.156290,0.534976,-0.550289,-1.217085,100307.0000
1764075559085474300,2025-11-25 18:29:19.082,0.795420,3.052627,297.000301,0.055677,-0.012730,0.981308,0.461628,-0.374814,9.974661,0.003482,0.028848,-0.142701,0.545605,-0.540697,-1.217869,100303.0000
1764075559186197948,2025-11-25 18:29:19.183,0.848751,2.945086,297.859852,0.046199,-0.004900,0.976360,-0.065833,-0.194150,9.862844,0.002265,0.019790,-0.149004,0.556221,-0.539156,-1.215160,100305.0000
1764075559296445337,2025-11-25 18:29:19.293,0.888084,2.915810,298.746181,0.039312,-0.002819,0.974809,0.266484,-0.261158,10.148779,-0.008651,-0.003925,-0.154900,0.566863,-0.530001,-1.214011,100305.0000
1764075559385347282,2025-11-25 18:29:19.383,0.872738,2.994296,299.693966,0.035636,-0.006178,0.977028,-0.357368,-0.265506,9.753047,-0.011046,-0.022321,-0.162310,0.576975,-0.522395,-1.218128,100307.0000
1764075559495986078,2025-11-25 18:29:19.493,0.816266,3.168783,300.644878,0.044907,-0.011176,0.980173,0.486698,-0.542396,10.157771,-0.017814,-0.031062,-0.157220,0.587085,-0.515734,-1.221750,100311.0000
1764075559586134633,2025-11-25 18:29:19.583,0.772790,3.310273,301.534920,0.058104,-0.012898,0.977684,-0.267320,-0.195745,9.723447,-0.009526,-0.015092,-0.141317,0.589520,-0.509045,-1.222370,100309.0000
1764075559695964318,2025-11-25 18:29:19.693,0.781132,3.303568,302.369232,0.067360,-0.009118,0.975436,0.493334,-0.234876,9.983346,-0.005123,0.020139,-0.141848,0.603521,-0.501787,-1.221242,100308.0000
1764075559795755670,2025-11-25 18:29:19.793,0.825670,3.150779,303.206795,0.058416,-0.005496,0.973134,-0.322823,-0.077937,9.660798,-0.000102,0.027696,-0.143421,0.612200,-0.497459,-1.221917,100308.0000
1764075559885356504,2025-11-25 18:29:19.882,0.854334,3.003321,304.116199,0.042726,-0.005781,0.977166,-0.007971,-0.272391,9.984126,-0.003221,0.013866,-0.172311,0.621864,-0.489763,-1.221695,100305.0000
1764075559995941763,2025-11-25 18:29:19.993,0.855226,2.991692,305.084049,0.032276,-0.009659,0.979813,-0.165699,-0.004220,9.539057,-0.010635,-0.017264,-0.169772,0.633945,-0.480145,-1.221538,100309.0000
1764075560086413818,2025-11-25 18:29:20.083,0.846297,3.143167,306.053169,0.040209,-0.015287,0.984482,-0.001453,0.088851,9.764079,-0.000748,-0.039443,-0.165237,0.640711,-0.473438,-1.222221,100317.0000
1764075560186506744,2025-11-25 18:29:20.183,0.851835,3.331417,306.943134,0.054180,-0.007823,0.979044,-0.257137,0.144101,9.865718,-0.007332,-0.033197,-0.148819,0.648437,-0.466258,-1.223408,100316.0000
1764075560285945429,2025-11-25 18:29:20.283,0.877015,3.395785,307.779549,0.071021,-0.009024,0.972987,1.017879,-0.918764,9.994922,-0.002693,0.005606,-0.132007,0.653285,-0.459071,-1.223589,100301.0000
1764075560386339059,2025-11-25 18:29:20.383,0.910845,3.279620,308.587250,0.064979,-0.003217,0.970078,0.530579,-0.310201,9.530848,0.002575,0.035073,-0.129221,0.663908,-0.452794,-1.222878,100310.0000
1764075560496233522,2025-11-25 18:29:20.493,0.910299,3.093657,309.433376,0.045427,-0.002344,0.976251,0.814818,-0.107595,9.722686,-0.010447,0.025018,-0.146551,0.674056,-0.444150,-1.223159,100303.0000
1764075560585971336,2025-11-25 18:29:20.583,0.883063,3.000984,310.309864,0.036632,-0.012518,0.984743,0.606885,0.171196,9.717012,-0.002412,0.006211,-0.144656,0.686138,-0.436412,-1.221528,100303.0000
1764075560685953559,2025-11-25 18:29:20.682,0.868927,3.047497,311.139832,0.033904,-0.014214,0.986202,-0.056428,0.102596,9.833869,-0.008379,-0.024079,-0.148395,0.692428,-0.426394,-1.223700,100308.0000
1764075560796039503,2025-11-25 18:29:20.793,0.875480,3.164802,311.906158,0.049586,-0.008652,0.980299,0.967103,-0.617277,9.824420,0.000999,-0.019414,-0.135578,0.697241,-0.420711,-1.227229,100301.0000
1764075560886277207,2025-11-25 18:29:20.883,0.905608,3.232904,312.630726,0.054847,-0.003523,0.970681,-0.011375,0.018943,9.533428,0.008234,0.001368,-0.124311,0.704032,-0.413465,-1.225031,100309.0000
1764075560997019447,2025-11-25 18:29:20.993,0.940081,3.179103,313.342903,0.056547,0.002462,0.965437,0.163855,-0.717456,9.360950,-0.004926,0.013072,-0.122218,0.708874,-0.408179,-1.224701,100305.0000
1764075561095844781,2025-11-25 18:29:21.092,0.962829,3.047144,314.034492,0.049070,-0.001753,0.971987,1.243834,0.204021,10.067223,0.002001,0.019185,-0.102997,0.719023,-0.401415,-1.223510,100309.0000
1764075561186309577,2025-11-25 18:29:21.183,0.946875,2.930914,314.733143,0.043812,0.000077,0.983681,0.494002,-0.018618,10.119825,-0.020313,0.014942,-0.129492,0.725803,-0.391842,-1.224237,100301.0000
1764075561285431095,2025-11-25 18:29:21.282,0.906669,2.933972,315.411739,0.033144,-0.011982,0.987065,0.156919,0.200680,9.601840,-0.001332,-0.007306,-0.106062,0.730140,-0.388976,-1.225308,100304.0000
1764075561396110317,2025-11-25 18:29:21.393,0.876406,3.064998,316.051762,0.034764,-0.009010,0.987110,0.204158,0.026580,9.804884,-0.011511,-0.034496,-0.116976,0.736443,-0.380807,-1.224562,100301.0000
1764075561485993873,2025-11-25 18:29:21.483,0.893084,3.209072,316.671211,0.049452,-0.012041,0.980159,0.701899,-0.265247,9.905133,0.006861,-0.020230,-0.106853,0.739347,-0.373680,-1.227121,100305.0000
1764075561596077540,2025-11-25 18:29:21.593,0.942483,3.274930,317.270123,0.056031,0.002063,0.969774,0.748238,0.216106,10.005244,0.003115,-0.001894,-0.100685,0.739349,-0.369432,-1.229594,100312.0000
1764075561686246114,2025-11-25 18:29:21.683,0.971656,3.212861,317.856392,0.058927,0.007164,0.964691,0.231193,-0.021130,9.597058,0.000920,0.028278,-0.098862,0.748985,-0.363698,-1.231750,100314.0000
1764075561796111002,2025-11-25 18:29:21.793,0.961417,3.032262,318.378445,0.052395,0.006557,0.967646,0.433770,0.187648,9.580377,-0.011704,0.035153,-0.075382,0.752896,-0.357389,-1.228051,100314.0000
1764075561886159150,2025-11-25 18:29:21.883,0.920467,2.806309,318.810040,0.042310,0.001670,0.979986,0.632252,-0.007342,9.805133,-0.009471,0.034435,-0.064926,0.760156,-0.351116,-1.226808,100303.0000
1764075561996143687,2025-11-25 18:29:21.993,0.876667,2.627330,319.186462,0.031756,-0.004236,0.990546,0.431865,-0.091874,9.813376,-0.009864,0.020099,-0.063474,0.764051,-0.347206,-1.223554,100309.0000
1764075562095558280,2025-11-25 18:29:22.092,0.881239,2.577302,319.548298,0.027202,-0.010727,0.991158,0.157200,-0.075596,9.707463,0.006420,-0.004242,-0.056059,0.766947,-0.343869,-1.224611,100301.0000
1764075562185905910,2025-11-25 18:29:22.183,0.923545,2.675725,319.919056,0.028234,-0.005602,0.985602,0.534671,-0.313980,9.653064,0.008219,-0.021500,-0.063322,0.769860,-0.340960,-1.223254,100304.0000
1764075562296733854,2025-11-25 18:29:22.293,0.984475,2.843581,320.307167,0.034852,-0.000081,0.974059,0.204590,-0.042912,9.560551,0.009987,-0.032735,-0.070757,0.773707,-0.337650,-1.225768,100309.0000
1764075562386559021,2025-11-25 18:29:22.383,1.028985,2.977214,320.696037,0.045313,0.007561,0.966231,0.638769,0.302626,9.775184,0.001899,-0.018991,-0.075955,0.772274,-0.333855,-1.226768,100317.0000
1764075562496369780,2025-11-25 18:29:22.493,1.035892,3.027625,321.074398,0.047225,0.012589,0.962968,0.673185,0.165675,9.709193,-0.003157,0.003100,-0.055795,0.774704,-0.329068,-1.226877,100304.0000
1764075562597129946,2025-11-25 18:29:22.593,0.996209,2.982975,321.409409,0.044149,0.015332,0.968842,0.379150,-0.018400,9.749797,-0.012264,0.020116,-0.053325,0.779511,-0.327644,-1.228415,100308.0000
1764075562696094169,2025-11-25 18:29:22.693,0.929475,2.864754,321.654156,0.041681,0.009909,0.978822,0.800210,0.051377,9.879787,-0.011050,0.020023,-0.031112,0.781485,-0.320907,-1.226620,100304.0000
1764075562785851094,2025-11-25 18:29:22.783,0.864729,2.718370,321.798370,0.039703,0.002939,0.988439,0.607181,0.015229,10.012334,-0.006704,0.020633,-0.024369,0.781002,-0.320442,-1.227102,100313.0000
1764075562896069761,2025-11-25 18:29:22.893,0.841885,2.577067,321.863945,0.040217,-0.001551,0.992054,0.991584,-0.378033,10.029698,-0.001235,0.024358,-0.004025,0.784907,-0.316978,-1.222396,100309.0000
1764075562997551835,2025-11-25 18:29:22.993,0.880499,2.456212,321.907619,0.036500,-0.003265,0.988707,0.386968,-0.033042,9.674082,0.009181,0.025173,-0.013055,0.788750,-0.317449,-1.222927,100305.0000
1764075563085432613,2025-11-25 18:29:23.082,0.980260,2.344586,321.953705,0.033299,0.000579,0.983564,0.112739,-0.083239,9.921923,0.019837,0.024045,-0.016654,0.790690,-0.317400,-1.221030,100305.0000
1764075563186173983,2025-11-25 18:29:23.183,1.093986,2.280322,322.051922,0.024921,0.007078,0.971521,0.114441,0.188965,9.663182,0.015680,0.003055,-0.019679,0.788798,-0.316849,-1.217158,100300.0000
1764075563296051131,2025-11-25 18:29:23.293,1.163892,2.316636,322.213486,0.019124,0.018097,0.965632,0.118872,0.417215,9.607144,0.008361,-0.021512,-0.037748,0.791191,-0.318759,-1.217645,100303.0000
1764075563386606390,2025-11-25 18:29:23.383,1.146915,2.501868,322.431316,0.017946,0.020876,0.963136,0.185929,0.353438,9.652838,-0.012863,-0.047228,-0.032647,0.790682,-0.317420,-1.221992,100310.0000
1764075563496350668,2025-11-25 18:29:23.493,1.052292,2.791298,322.658924,0.028433,0.017923,0.969269,0.280833,0.129241,9.590577,-0.016617,-0.063048,-0.033445,0.789250,-0.311268,-1.224473,100316.0000
1764075563586411798,2025-11-25 18:29:23.583,0.917882,3.083235,322.832531,0.043730,0.013842,0.979280,0.907517,0.100041,9.878909,-0.028999,-0.045404,-0.029235,0.786813,-0.309947,-1.229274,100312.0000
1764075563696025168,2025-11-25 18:29:23.693,0.802383,3.260547,322.901928,0.055321,0.002900,0.983951,0.948233,0.549746,9.915246,-0.013453,-0.019727,-0.004564,0.784895,-0.304752,-1.231733,100313.0000
1764075563786426909,2025-11-25 18:29:23.783,0.745899,3.209471,322.858315,0.066097,-0.000519,0.988155,0.501452,0.065788,9.943838,0.004348,0.028196,0.017811,0.787300,-0.305687,-1.231273,100311.0000
1764075563895776594,2025-11-25 18:29:23.893,0.775701,2.927128,322.718395,0.061278,-0.000108,0.987418,0.731865,0.023730,9.915219,0.007497,0.072065,0.019408,0.787306,-0.307557,-1.229318,100305.0000
1764075563995946890,2025-11-25 18:29:23.993,0.885625,2.503239,322.515831,0.045529,0.002925,0.982927,0.502142,0.174609,9.934077,0.032656,0.076214,0.041663,0.791212,-0.309277,-1.221161,100316.0000
1764075564085382779,2025-11-25 18:29:24.082,1.012143,2.111306,322.294044,0.025243,0.012796,0.978060,0.292318,0.077102,9.930114,0.022177,0.066336,0.040733,0.792646,-0.314952,-1.218688,100305.0000
1764075564185317408,2025-11-25 18:29:24.182,1.106899,1.901645,322.087677,0.006811,0.020244,0.971225,-0.031106,0.255716,9.570267,0.012693,0.015220,0.035493,0.794588,-0.316782,-1.215317,100313.0000
1764075564285977019,2025-11-25 18:29:24.283,1.129236,1.966062,321.929291,0.001876,0.022186,0.969630,-0.164883,0.104231,9.568746,-0.003129,-0.035100,0.025219,0.792161,-0.321092,-1.215216,100304.0000
1764075564396067093,2025-11-25 18:29:24.393,1.089028,2.276401,321.814037,0.011212,0.021391,0.971287,0.353372,0.273831,9.844858,-0.007417,-0.070252,0.011079,0.786381,-0.319248,-1.217086,100309.0000
1764075564485374316,2025-11-25 18:29:24.482,0.997781,2.677429,321.733318,0.030342,0.020522,0.973100,0.370482,-0.241739,9.649439,-0.017139,-0.066338,0.012683,0.784902,-0.320292,-1.220900,100305.0000
1764075564595803408,2025-11-25 18:29:24.593,0.907275,3.008153,321.661907,0.045983,0.010203,0.977722,0.356669,0.097651,9.836317,-0.008830,-0.042400,0.028058,0.779090,-0.319474,-1.226125,100300.0000
1764075564686319315,2025-11-25 18:29:24.683,0.852519,3.190217,321.560680,0.057682,0.008251,0.981609,0.999843,0.642519,9.814024,0.000498,-0.011488,0.026333,0.776179,-0.321906,-1.227490,100309.0000
1764075564796214760,2025-11-25 18:29:24.793,0.842450,3.176532,321.411385,0.062059,0.007749,0.982309,1.253584,0.322334,9.895821,-0.002247,0.024351,0.036547,0.777117,-0.321496,-1.230881,100315.0000
1764075564896995519,2025-11-25 18:29:24.893,0.867373,3.005539,321.204803,0.055862,0.008374,0.982343,0.596481,-0.116116,9.664521,0.013562,0.039203,0.036879,0.776636,-0.325268,-1.228409,100306.0000
1764075564985617445,2025-11-25 18:29:24.983,0.907729,2.734147,320.944908,0.045898,0.012412,0.980439,0.420811,0.429544,9.674121,0.009068,0.050527,0.049415,0.777619,-0.328038,-1.224046,100301.0000
1764075565095890426,2025-11-25 18:29:25.093,0.938484,2.464686,320.672997,0.032775,0.016554,0.977632,0.397141,0.405271,9.678751,0.007823,0.043257,0.040268,0.778586,-0.333207,-1.220129,100304.0000
1764075565186242426,2025-11-25 18:29:25.183,0.955528,2.296604,320.412712,0.021294,0.017350,0.975968,0.269014,0.261979,9.712515,0.006252,0.018867,0.052398,0.779052,-0.334658,-1.221077,100314.0000
1764075565296446204,2025-11-25 18:29:25.293,0.961672,2.268914,320.163376,0.020860,0.017506,0.976099,0.287844,0.550973,9.682478,0.004517,-0.007163,0.048186,0.775217,-0.336525,-1.218102,100306.0000
1764075565386274834,2025-11-25 18:29:25.383,0.962213,2.386105,319.899784,0.022102,0.015518,0.975825,0.281534,0.037133,9.761122,-0.003713,-0.027893,0.049913,0.772811,-0.338894,-1.216586,100307.0000
1764075565496156889,2025-11-25 18:29:25.493,0.962847,2.570245,319.620373,0.030522,0.017366,0.977066,0.522507,0.435431,9.805252,0.004803,-0.025714,0.048564,0.771322,-0.341848,-1.220372,100312.0000
1764075565586012704,2025-11-25 18:29:25.583,0.952499,2.719657,319.337391,0.038894,0.017951,0.977246,0.515256,0.521541,9.726678,0.000895,-0.018867,0.053824,0.766480,-0.345721,-1.221686,100307.0000
1764075565696008519,2025-11-25 18:29:25.693,0.928500,2.777844,319.046616,0.045243,0.016981,0.977375,0.250326,-0.091560,9.531594,-0.005366,0.004982,0.041476,0.762615,-0.348137,-1.222074,100308.0000
1764075565785398870,2025-11-25 18:29:25.782,0.891498,2.740986,318.736176,0.042539,0.015351,0.978274,0.248346,0.030046,9.820107,-0.005207,0.009408,0.060681,0.760184,-0.350099,-1.223935,100307.0000
1764075565885243667,2025-11-25 18:29:25.882,0.863635,2.651862,318.419483,0.038760,0.013528,0.979007,0.319292,-0.029217,9.885493,0.005801,0.015497,0.054538,0.758752,-0.353846,-1.220004,100309.0000
1764075565996126981,2025-11-25 18:29:25.993,0.853759,2.591613,318.109997,0.035429,0.013523,0.978837,0.281187,-0.047088,9.907994,0.001528,0.005998,0.055765,0.756795,-0.358184,-1.221354,100311.0000
1764075566085438870,2025-11-25 18:29:26.082,0.865464,2.578243,317.810131,0.035245,0.013153,0.979470,0.519408,0.020655,10.022323,0.013593,0.001868,0.057398,0.754860,-0.361049,-1.220800,100303.0000
1764075566195961315,2025-11-25 18:29:26.193,0.890163,2.608497,317.520466,0.036405,0.015987,0.977075,0.397440,0.389009,9.667161,0.007818,-0.005531,0.055007,0.753399,-0.362986,-1.221712,100311.0000
1764075566285933370,2025-11-25 18:29:26.283,0.906514,2.642698,317.233414,0.038327,0.017846,0.976424,0.610145,0.546506,9.783238,0.008783,-0.003958,0.043411,0.749532,-0.367293,-1.221108,100312.0000
1764075566385976481,2025-11-25 18:29:26.383,0.908334,2.655228,316.951832,0.039215,0.017024,0.976509,0.433636,0.380615,9.815695,0.000851,-0.002392,0.051148,0.749513,-0.368756,-1.222530,100305.0000
1764075566496393481,2025-11-25 18:29:26.493,0.889267,2.654985,316.674366,0.039114,0.015790,0.977730,0.324477,0.346510,9.753109,0.002219,-0.001864,0.053937,0.745646,-0.374007,-1.221430,100307.0000
1764075566586500555,2025-11-25 18:29:26.583,0.861816,2.640711,316.395042,0.039964,0.015047,0.979464,0.657119,0.657949,9.866278,0.001958,0.002031,0.054346,0.744210,-0.373994,-1.220446,100300.0000
1764075566696624259,2025-11-25 18:29:26.693,0.844623,2.614855,316.123981,0.039292,0.015950,0.978900,0.405097,0.680777,9.796397,0.000601,0.005288,0.047762,0.742777,-0.374914,-1.218484,100315.0000
1764075566795968796,2025-11-25 18:29:26.793,0.837122,2.601670,315.864765,0.037627,0.012908,0.978244,0.260942,0.217986,9.519805,0.004463,-0.001309,0.045992,0.741284,-0.382595,-1.219790,100313.0000
1764075566886244425,2025-11-25 18:29:26.883,0.843858,2.626579,315.609123,0.037112,0.014971,0.976683,0.423333,0.595818,9.747242,0.002195,-0.000710,0.042014,0.737893,-0.384084,-1.221644,100302.0000
1764075566996680036,2025-11-25 18:29:26.993,0.845989,2.654395,315.361965,0.036943,0.015098,0.976149,0.305008,0.493370,9.550527,0.003955,-0.003426,0.042932,0.734514,-0.385542,-1.222053,100309.0000
1764075567096139703,2025-11-25 18:29:27.093,0.838563,2.678651,315.117523,0.037785,0.015940,0.977180,0.455208,0.792561,9.703793,-0.006248,-0.004435,0.037099,0.733074,-0.387896,-1.220070,100302.0000
1764075567186095092,2025-11-25 18:29:27.183,0.814345,2.710057,314.868923,0.037981,0.014743,0.977189,0.427447,0.243382,9.717418,0.001432,-0.004761,0.045402,0.733038,-0.393648,-1.220945,100307.0000
1764075567295886184,2025-11-25 18:29:27.293,0.771965,2.733884,314.624390,0.040817,0.014572,0.978749,0.331845,-0.153849,9.747720,-0.012378,-0.003603,0.030639,0.727757,-0.389871,-1.221888,100306.0000
1764075567386193869,2025-11-25 18:29:27.383,0.737025,2.744631,314.373428,0.042049,0.010072,0.979739,0.300811,-0.448562,9.912608,-0.001127,0.006470,0.044419,0.723899,-0.394624,-1.219832,100306.0000
1764075567496102147,2025-11-25 18:29:27.493,0.724452,2.743623,314.123745,0.040805,0.009017,0.978035,0.297877,0.117709,9.777269,0.012525,0.004197,0.051020,0.723404,-0.396547,-1.220277,100305.0000
1764075567585923332,2025-11-25 18:29:27.583,0.734331,2.724933,313.866493,0.039267,0.010527,0.977409,0.308464,0.221352,9.738698,0.007331,0.005766,0.051839,0.721944,-0.399898,-1.220204,100309.0000
1764075567695571073,2025-11-25 18:29:27.692,0.753021,2.690889,313.612297,0.040145,0.012903,0.977356,0.303954,0.330477,9.680093,0.006737,0.004009,0.044527,0.720972,-0.401813,-1.220161,100305.0000
1764075567796640184,2025-11-25 18:29:27.793,0.781855,2.649489,313.352997,0.038860,0.014084,0.978467,0.261742,-0.006134,9.684483,0.002705,0.010286,0.040939,0.720479,-0.402791,-1.221102,100310.0000
1764075567886303221,2025-11-25 18:29:27.883,0.814416,2.622297,313.078606,0.037948,0.012508,0.978801,0.642012,-0.088776,10.041864,0.015139,0.004333,0.037020,0.716606,-0.407585,-1.220972,100308.0000
1764075567995758128,2025-11-25 18:29:27.993,0.829341,2.598649,312.813133,0.036759,0.015614,0.977941,0.735129,0.417597,9.842916,0.006646,-0.000547,0.045060,0.713227,-0.410456,-1.220397,100317.0000
1764075568095772017,2025-11-25 18:29:28.092,0.820179,2.617067,312.590767,0.038895,0.018599,0.975638,0.655225,-0.036868,9.792357,-0.000564,-0.008407,0.034417,0.713218,-0.413779,-1.219383,100308.0000
1764075568185903350,2025-11-25 18:29:28.183,0.799504,2.680256,312.398540,0.038087,0.014639,0.976426,0.583320,0.495970,9.807177,-0.006033,-0.014496,0.031859,0.707930,-0.415205,-1.217838,100301.0000
1764075568296607184,2025-11-25 18:29:28.293,0.774871,2.723034,312.220741,0.040729,0.012304,0.976156,0.307158,-0.301824,9.813459,-0.004922,-0.009929,0.027024,0.707924,-0.413335,-1.219793,100311.0000
1764075568396125406,2025-11-25 18:29:28.393,0.758255,2.740604,312.068295,0.041546,0.014178,0.978797,0.420406,0.088492,9.764886,0.004646,-0.001661,0.023971,0.706451,-0.417661,-1.220669,100315.0000
1764075568496185776,2025-11-25 18:29:28.493,0.744725,2.740150,311.952816,0.042830,0.011411,0.978605,0.594229,-0.161240,9.772559,-0.003968,-0.004696,0.016031,0.705003,-0.418624,-1.220633,100306.0000
1764075568586070517,2025-11-25 18:29:28.583,0.744657,2.751933,311.859463,0.042660,0.011468,0.978971,0.468568,0.138012,9.823836,0.003305,-0.003445,0.012027,0.703067,-0.416305,-1.223529,100312.0000
1764075568695760609,2025-11-25 18:29:28.693,0.747780,2.782931,311.785778,0.043838,0.010284,0.978115,0.465335,0.225703,9.906538,0.002852,-0.004392,0.017175,0.704043,-0.418150,-1.220626,100309.0000
1764075568785416295,2025-11-25 18:29:28.782,0.757927,2.803502,311.712994,0.046257,0.012011,0.977381,0.525488,-0.084938,9.761964,-0.000495,0.001928,0.004407,0.703070,-0.419597,-1.221071,100309.0000
1764075568896120517,2025-11-25 18:29:28.893,0.765901,2.787557,311.647060,0.044676,0.008600,0.977769,0.295573,0.507309,9.845669,0.003116,-0.000628,0.019579,0.702097,-0.422458,-1.220532,100310.0000
1764075568986467646,2025-11-25 18:29:28.983,0.763320,2.745912,311.583019,0.044938,0.011577,0.977397,0.664887,-0.186208,9.895190,-0.000637,0.009424,-0.002263,0.703069,-0.420543,-1.220575,100300.0000
1764075569095518350,2025-11-25 18:29:29.092,0.762971,2.706031,311.514732,0.040466,0.010443,0.978256,0.243352,0.496711,9.719688,-0.002038,0.005007,0.018462,0.701639,-0.420041,-1.219117,100305.0000
1764075569185515276,2025-11-25 18:29:29.183,0.759041,2.684834,311.449200,0.038989,0.009362,0.977149,0.441058,-0.235220,9.856219,0.004512,-0.001452,0.015880,0.700653,-0.423409,-1.220014,100305.0000
1764075569295955553,2025-11-25 18:29:29.293,0.749016,2.700575,311.381199,0.038377,0.013075,0.975301,0.335775,0.312525,9.535439,0.000517,-0.009518,0.017881,0.700165,-0.423899,-1.220481,100305.0000
1764075569385723831,2025-11-25 18:29:29.383,0.728862,2.748519,311.310478,0.039482,0.010880,0.977546,0.339313,0.002040,9.873696,-0.003219,-0.011557,0.010077,0.699700,-0.423861,-1.218548,100317.0000
1764075569496310479,2025-11-25 18:29:29.493,0.701229,2.814413,311.213936,0.042040,0.009094,0.978548,0.531230,0.198847,9.967081,-0.000899,-0.013813,0.016289,0.697272,-0.422988,-1.221897,100308.0000
1764075569586704646,2025-11-25 18:29:29.583,0.694672,2.863377,311.105984,0.045694,0.005869,0.979789,0.350483,-0.215861,9.857186,0.008918,-0.007560,0.023789,0.692911,-0.426859,-1.223219,100315.0000
1764075569696587887,2025-11-25 18:29:29.693,0.709037,2.871109,311.002068,0.049067,0.010327,0.979153,0.622897,0.041972,9.897981,0.008913,0.008336,0.020506,0.695819,-0.426317,-1.220862,100309.0000
1764075569786653127,2025-11-25 18:29:29.783,0.735918,2.858839,310.922493,0.047911,0.011641,0.975985,0.897831,0.381900,9.808392,0.005140,0.001018,0.006085,0.694852,-0.429635,-1.219352,100306.0000
1764075569897519849,2025-11-25 18:29:29.893,0.768337,2.840263,310.876850,0.043336,0.009965,0.975031,0.205806,0.311433,9.675755,0.009156,-0.002060,0.006351,0.697237,-0.429207,-1.222283,100310.0000
1764075569986481701,2025-11-25 18:29:29.983,0.791879,2.825400,310.840740,0.044003,0.011577,0.977342,0.493402,-0.135257,9.926482,0.003287,0.001082,0.005447,0.695327,-0.427763,-1.221314,100313.0000
1764075570096322609,2025-11-25 18:29:30.093,0.794399,2.812188,310.803581,0.044483,0.014180,0.978744,0.596704,0.214841,9.852231,-0.003143,-0.001721,0.002852,0.695801,-0.430606,-1.220315,100311.0000
1764075570185590220,2025-11-25 18:29:30.183,0.782481,2.812694,310.779011,0.042145,0.011703,0.978417,0.257938,0.225701,9.766587,-0.001175,-0.003442,0.011132,0.691478,-0.430138,-1.219776,100307.0000
1764075570295704331,2025-11-25 18:29:30.292,0.761895,2.825871,310.769375,0.046421,0.011974,0.978418,0.682578,0.347854,9.798800,-0.010501,-0.000810,-0.005800,0.694359,-0.429668,-1.220789,100302.0000
1764075570385730016,2025-11-25 18:29:30.383,0.748525,2.833839,310.766834,0.044570,0.008700,0.975840,0.258749,0.148246,9.685766,-0.002674,0.000775,-0.002566,0.693871,-0.428745,-1.222241,100305.0000
1764075570495750608,2025-11-25 18:29:30.493,0.745752,2.843418,310.761467,0.044682,0.006600,0.977254,0.445429,-0.089444,9.810653,0.003635,0.003385,0.004246,0.693394,-0.428737,-1.221752,100305.0000
1764075570596214553,2025-11-25 18:29:30.593,0.757346,2.837832,310.765079,0.046342,0.009197,0.977370,0.514998,-0.219661,9.712724,0.006511,-0.002539,0.003311,0.694852,-0.431048,-1.218367,100303.0000
1764075570696069664,2025-11-25 18:29:30.693,0.763532,2.805240,310.769375,0.045171,0.010713,0.977566,0.470475,0.373228,9.707780,-0.000919,0.006319,-0.002509,0.693425,-0.428655,-1.217901,100307.0000
1764075570786434867,2025-11-25 18:29:30.783,0.757420,2.756898,310.752567,0.042062,0.009356,0.977892,0.427303,0.018907,9.814634,-0.003148,0.008027,0.008754,0.694852,-0.427277,-1.220833,100308.0000
1764075570896375478,2025-11-25 18:29:30.893,0.739166,2.710421,310.723492,0.039260,0.009144,0.977974,0.301618,0.111932,9.669142,-0.002995,-0.002833,0.015653,0.693415,-0.430566,-1.217872,100309.0000
1764075570997068330,2025-11-25 18:29:30.993,0.725348,2.695685,310.688156,0.041333,0.010654,0.979044,0.423681,0.111668,9.773017,0.003635,-0.001379,-0.003239,0.694378,-0.428204,-1.219367,100304.0000
1764075571086054071,2025-11-25 18:29:31.083,0.725793,2.695168,310.674313,0.039395,0.009037,0.977889,0.244608,0.210386,9.887903,0.007665,0.001401,0.002692,0.695813,-0.429163,-1.219855,100308.0000
1764075571196341645,2025-11-25 18:29:31.193,0.731173,2.710681,310.691479,0.040511,0.009540,0.976151,0.611109,0.286685,9.832880,-0.009075,-0.005715,-0.013680,0.693400,-0.430607,-1.219797,100315.0000
1764075571296394645,2025-11-25 18:29:31.293,0.748970,2.753336,310.718861,0.042062,0.008395,0.976893,0.243116,-0.120219,9.758131,0.009842,-0.007795,-0.000568,0.692429,-0.430632,-1.220746,100301.0000
1764075571386413386,2025-11-25 18:29:31.383,0.764311,2.790557,310.760101,0.044830,0.009534,0.978314,0.457086,0.410814,9.822272,0.005490,-0.006973,-0.005693,0.695796,-0.430149,-1.221284,100305.0000
1764075571495901274,2025-11-25 18:29:31.493,0.771934,2.800219,310.811607,0.046823,0.010612,0.977553,0.365244,0.204241,9.634365,-0.002252,0.002705,-0.006959,0.695802,-0.429661,-1.220811,100306.0000
1764075571596598459,2025-11-25 18:29:31.593,0.771187,2.762792,310.857674,0.047434,0.009986,0.978839,0.395316,-0.322146,9.778413,0.000648,0.015841,-0.017386,0.694374,-0.428214,-1.219848,100309.0000
1764075571687141200,2025-11-25 18:29:31.683,0.767927,2.637386,310.848812,0.042417,0.007880,0.979971,0.411757,0.516491,9.775475,-0.003747,0.043352,0.018268,0.697236,-0.430153,-1.221787,100307.0000
1764075571796352515,2025-11-25 18:29:31.793,0.788749,2.230227,310.708588,0.033990,0.007332,0.983173,0.071164,-0.179314,9.738729,0.014187,0.094127,0.031881,0.700157,-0.430048,-1.217497,100306.0000
1764075571896192645,2025-11-25 18:29:31.893,0.821553,1.600055,310.446705,0.010889,0.011704,0.983124,-0.330985,0.199528,9.812323,0.002540,0.123897,0.057389,0.703087,-0.433693,-1.209779,100301.0000
1764075571985418015,2025-11-25 18:29:31.983,0.879002,0.807229,310.039536,-0.015409,0.011351,0.983577,-0.322889,0.289183,9.877643,0.019274,0.136703,0.080370,0.707940,-0.436863,-1.202579,100303.0000
1764075572086385496,2025-11-25 18:29:32.083,0.953897,0.148574,309.548187,-0.046339,0.019565,0.980390,-0.542477,0.403298,9.670683,0.012532,0.096888,0.089788,0.707974,-0.442432,-1.194789,100307.0000
1764075572196504681,2025-11-25 18:29:32.193,1.018432,-0.349263,309.016800,-0.064702,0.024918,0.979636,-3.608492,0.863106,8.370583,0.010806,0.095459,0.124603,0.707044,-0.444235,-1.189450,100305.0000
1764075572286310200,2025-11-25 18:29:32.283,1.031326,-0.936960,308.326233,-0.091371,0.021754,0.980924,-1.257357,-0.523581,9.315407,0.009561,0.118994,0.145601,0.706542,-0.456077,-1.184446,100304.0000
1764075572396610200,2025-11-25 18:29:32.393,0.938650,-1.587105,307.270920,-0.141009,0.029690,0.967287,-1.556775,-0.863860,9.221708,-0.022270,0.080496,0.211101,0.701736,-0.462684,-1.179458,100310.0000
1764075572496434922,2025-11-25 18:29:32.493,0.809025,-1.653048,306.215904,-0.144882,0.031654,0.968005,-1.858383,2.916197,9.421752,-0.051956,-0.039916,0.184593,0.695433,-0.470853,-1.180204,100305.0000
1764075572596042033,2025-11-25 18:29:32.593,0.715561,-1.345678,305.219711,-0.129704,0.005504,0.975014,-1.974125,-1.303625,9.122486,-0.023266,-0.074255,0.175189,0.680938,-0.476731,-1.183754,100307.0000
1764075572686399329,2025-11-25 18:29:32.683,0.730402,-0.905664,304.142063,-0.095271,0.002709,0.976257,-0.431957,-0.297945,10.147458,0.009115,-0.075409,0.178539,0.668827,-0.486431,-1.187762,100307.0000
1764075572796220422,2025-11-25 18:29:32.793,0.811115,-0.361052,302.903175,-0.086725,0.014583,0.967329,0.469114,0.527024,10.224476,0.004417,-0.103558,0.203702,0.648530,-0.498067,-1.191139,100305.0000
1764075572886064737,2025-11-25 18:29:32.883,0.790759,0.272331,301.547104,-0.064284,0.026670,0.966171,-0.051864,2.061740,10.289303,-0.021650,-0.100110,0.205557,0.629668,-0.509250,-1.195988,100301.0000
1764075572996307144,2025-11-25 18:29:32.993,0.634032,0.761994,300.153042,-0.036198,0.012064,0.974396,-0.578123,-2.115674,9.907421,-0.019064,-0.044655,0.251835,0.608896,-0.516631,-1.201349,100309.0000
1764075573095729625,2025-11-25 18:29:33.093,0.446400,0.965911,298.705997,-0.014588,0.008957,0.979863,-0.133105,-0.510980,9.931571,-0.027969,-0.021829,0.274691,0.592954,-0.523471,-1.204863,100314.0000
1764075573196504866,2025-11-25 18:29:33.193,0.301291,0.848961,297.159698,-0.008322,0.001232,0.984388,-0.677387,-0.067650,9.649243,-0.016839,0.027545,0.274079,0.578437,-0.536952,-1.206370,100305.0000
1764075573286299218,2025-11-25 18:29:33.283,0.243835,0.565005,295.456207,-0.014540,-0.008121,0.987534,0.668951,0.239518,10.085369,0.002580,0.047764,0.326319,0.560598,-0.545142,-1.205501,100309.0000
1764075573385873995,2025-11-25 18:29:33.383,0.308133,0.260688,293.595947,-0.024001,-0.015145,0.988914,-0.600843,-1.010369,9.892893,0.025183,0.046493,0.330996,0.540338,-0.558567,-1.203072,100314.0000
1764075573485647292,2025-11-25 18:29:33.482,0.462877,0.060014,291.585030,-0.033741,-0.007784,0.982971,-0.328080,0.122349,9.727747,0.035779,0.024757,0.366639,0.518669,-0.570494,-1.197273,100303.0000
1764075573596324681,2025-11-25 18:29:33.593,0.611662,0.028253,289.472343,-0.036710,0.000735,0.975905,-0.643805,0.451547,9.472288,0.024463,-0.008766,0.375274,0.496484,-0.582515,-1.195800,100305.0000
1764075573686444421,2025-11-25 18:29:33.683,0.674609,0.161393,287.332542,-0.030038,0.007460,0.970544,-0.130508,0.142573,9.768915,0.007913,-0.033223,0.371631,0.470916,-0.596005,-1.195218,100317.0000
1764075573796311199,2025-11-25 18:29:33.793,0.634372,0.384900,285.204185,-0.021043,0.011643,0.968842,0.182931,0.132228,9.731025,-0.014260,-0.040271,0.361450,0.438619,-0.604321,-1.197024,100317.0000
1764075573885568847,2025-11-25 18:29:33.883,0.533715,0.640412,283.119759,-0.012369,0.007025,0.973012,-0.169239,0.121562,9.775002,-0.011556,-0.043163,0.364441,0.413037,-0.614548,-1.200344,100309.0000
1764075573997104032,2025-11-25 18:29:33.993,0.439998,0.813544,281.067238,0.003390,-0.003126,0.979382,0.031573,-0.195357,9.858573,-0.000266,-0.016290,0.359678,0.383658,-0.620412,-1.199822,100317.0000
1764075574095540717,2025-11-25 18:29:34.093,0.407525,0.836083,279.012009,0.009147,-0.007303,0.984861,0.101785,-0.313637,9.966634,0.005551,0.007313,0.358712,0.359088,-0.626733,-1.199364,100306.0000
1764075574186142551,2025-11-25 18:29:34.183,0.454120,0.720945,276.920227,0.007425,-0.008930,0.988869,-0.213574,-0.031627,9.819644,0.018976,0.036434,0.382109,0.332090,-0.634537,-1.200775,100309.0000
1764075574286003458,2025-11-25 18:29:34.283,0.520013,0.608944,274.865669,-0.004685,0.000513,0.982030,0.030543,0.092312,9.681170,0.007196,0.011305,0.355946,0.308987,-0.638432,-1.198930,100308.0000
1764075574386334847,2025-11-25 18:29:34.383,0.544324,0.643747,272.887039,-0.005930,0.002388,0.976029,-0.083071,0.106945,9.651636,0.004466,-0.017567,0.357351,0.279627,-0.642833,-1.196986,100311.0000
1764075574496719643,2025-11-25 18:29:34.493,0.538634,0.775710,270.968292,-0.000025,0.004659,0.973762,-0.264401,-0.048798,9.776509,0.000263,-0.026780,0.337228,0.254100,-0.645844,-1.198009,100311.0000
1764075574585557495,2025-11-25 18:29:34.583,0.545936,0.933590,269.119606,0.008795,0.000933,0.972508,-0.009245,-0.391104,9.767767,0.008400,-0.028311,0.328435,0.227137,-0.647429,-1.199033,100304.0000
1764075574686017495,2025-11-25 18:29:34.683,0.598460,1.022377,267.315056,0.016454,-0.000316,0.976888,0.196269,-0.305703,9.957804,0.022966,-0.005485,0.324480,0.202609,-0.649866,-1.195746,100311.0000
1764075574796626661,2025-11-25 18:29:34.793,0.672519,1.023924,265.543755,0.019050,0.007106,0.978744,0.376895,0.580284,9.597273,0.019827,0.009961,0.311904,0.179056,-0.649911,-1.192509,100307.0000
1764075574886351735,2025-11-25 18:29:34.883,0.717562,0.978248,263.822647,0.014731,0.010091,0.980853,0.216730,0.169650,9.979521,0.001542,0.015299,0.301437,0.154019,-0.651954,-1.193072,100303.0000
1764075574996728828,2025-11-25 18:29:34.992,0.703921,0.953993,262.147316,0.008045,0.007659,0.980509,0.129207,-0.054851,9.815764,-0.002262,-0.000635,0.303838,0.132877,-0.647730,-1.191862,100309.0000
1764075575086445754,2025-11-25 18:29:35.083,0.644430,1.042976,260.468163,0.005676,0.005064,0.976516,-0.446849,-0.020911,9.681064,-0.009060,-0.030983,0.309678,0.107827,-0.649336,-1.194359,100318.0000
1764075575196185217,2025-11-25 18:29:35.193,0.573860,1.218696,258.789787,0.016890,0.007357,0.977352,0.268089,0.202292,9.666034,-0.003258,-0.038511,0.296703,0.084268,-0.645154,-1.194558,100311.0000
1764075575286295217,2025-11-25 18:29:35.283,0.543879,1.375724,257.144920,0.026435,0.001344,0.977836,0.525072,-0.094094,9.873624,0.003288,-0.024092,0.277376,0.061681,-0.641413,-1.193320,100311.0000
1764075575396010346,2025-11-25 18:29:35.393,0.576320,1.455924,255.554214,0.031922,-0.000141,0.979071,0.069118,-0.256459,9.532590,0.018802,0.001980,0.283428,0.040988,-0.640571,-1.193991,100307.0000
1764075575485377513,2025-11-25 18:29:35.482,0.657641,1.455411,254.007233,0.029348,0.004838,0.980003,0.138240,0.091425,9.620363,0.021622,0.007519,0.281987,0.020350,-0.635816,-1.190389,100304.0000
1764075575596206753,2025-11-25 18:29:35.593,0.740501,1.386701,252.455811,0.027056,0.010386,0.980851,0.225683,0.161328,9.843154,0.021217,0.013371,0.283218,-0.001773,-0.631647,-1.191571,100319.0000
1764075575695765550,2025-11-25 18:29:35.693,0.768917,1.292766,250.868561,0.025643,0.012667,0.981344,0.634470,-0.162594,9.920196,0.006370,0.019440,0.293950,-0.020001,-0.623568,-1.189500,100310.0000
1764075575786159346,2025-11-25 18:29:35.783,0.733284,1.209652,249.269096,0.023714,0.013520,0.978833,0.424627,-0.005423,9.823218,-0.006001,0.026424,0.284447,-0.042617,-0.620844,-1.191135,100306.0000
1764075575885751938,2025-11-25 18:29:35.883,0.646258,1.163115,247.722191,0.018384,0.012205,0.975937,-0.249479,0.309204,9.595418,-0.003966,0.009125,0.276274,-0.063286,-0.612400,-1.193849,100305.0000
1764075575995367457,2025-11-25 18:29:35.992,0.572695,1.149605,246.316864,0.021179,0.007860,0.974987,0.315594,0.209105,9.693079,-0.007450,-0.004129,0.236857,-0.077178,-0.604759,-1.190872,100311.0000
1764075576085374512,2025-11-25 18:29:36.082,0.548714,1.121926,245.067528,0.026906,0.007035,0.976985,0.403667,0.007591,9.849254,0.006865,0.003138,0.210550,-0.094012,-0.599631,-1.193110,100317.0000
1764075576196337772,2025-11-25 18:29:36.193,0.570803,1.076124,243.934044,0.027431,0.006646,0.979543,0.383843,-0.065360,9.917477,0.009213,0.019527,0.185365,-0.108394,-0.591545,-1.191578,100315.0000
1764075576285458309,2025-11-25 18:29:36.283,0.614975,0.995122,242.886887,0.022393,0.008633,0.979186,0.166667,0.260554,9.733950,0.013957,0.015250,0.179281,-0.119925,-0.588253,-1.191458,100313.0000
1764075576395994308,2025-11-25 18:29:36.393,0.649117,0.912025,241.913391,0.021254,0.009583,0.981486,0.265511,0.028924,9.925632,0.000718,0.012655,0.156928,-0.130476,-0.584438,-1.189435,100307.0000
1764075576486257734,2025-11-25 18:29:36.483,0.653220,0.986705,241.078506,0.017235,0.012156,0.977989,0.232393,0.082169,9.854069,0.008659,-0.024818,0.140079,-0.140585,-0.581669,-1.191736,100310.0000
1764075576585452031,2025-11-25 18:29:36.582,0.636258,1.246585,240.409409,0.023406,0.014241,0.976335,0.210892,0.177706,9.746420,-0.002578,-0.052941,0.096468,-0.150641,-0.573573,-1.190748,100303.0000
1764075576686154697,2025-11-25 18:29:36.683,0.636653,1.704521,239.976433,0.038595,0.014041,0.970699,0.306561,0.072934,9.705412,0.008358,-0.123576,0.052560,-0.161206,-0.572624,-1.188681,100311.0000
1764075576796266086,2025-11-25 18:29:36.793,0.655936,2.760943,239.958908,0.073753,0.016278,0.963993,1.572349,-0.527206,9.650800,0.002048,-0.220084,-0.037905,-0.171251,-0.572984,-1.180822,100305.0000
1764075576886331142,2025-11-25 18:29:36.883,0.718532,3.843864,240.192657,0.138388,0.010727,0.976782,1.683836,-0.117177,9.697790,0.014263,-0.132279,-0.040556,-0.178434,-0.576228,-1.174406,100310.0000
1764075576995873234,2025-11-25 18:29:36.993,0.783668,4.254900,240.300293,0.174531,0.009551,0.979288,1.818009,0.045190,9.819999,0.015820,-0.009252,0.015644,-0.182253,-0.576164,-1.170498,100306.0000
1764075577095960160,2025-11-25 18:29:37.093,0.829528,3.938840,240.061211,0.175364,0.013147,0.981732,1.764935,0.057320,9.978745,0.010927,0.124357,0.070795,-0.179855,-0.576173,-1.171497,100310.0000
1764075577186214901,2025-11-25 18:29:37.183,0.831896,2.953088,239.599457,0.140958,0.017861,0.981002,1.289748,0.020870,9.949846,-0.001633,0.208348,0.082285,-0.176514,-0.572459,-1.177381,100310.0000
1764075577296272789,2025-11-25 18:29:37.293,0.792880,1.624054,239.047989,0.080755,0.020427,0.977816,0.408215,-0.140960,10.000960,-0.004432,0.246968,0.096161,-0.172711,-0.570206,-1.184696,100307.0000
1764075577386330586,2025-11-25 18:29:37.383,0.744239,0.501732,238.413109,0.011777,0.015580,0.971803,-0.336613,0.215023,9.413852,-0.003345,0.139258,0.123049,-0.168893,-0.565088,-1.192054,100310.0000
1764075577496057586,2025-11-25 18:29:37.493,0.727442,0.120654,237.596275,-0.024176,0.016738,0.968865,-0.371690,0.463402,9.806019,-0.006552,-0.007721,0.157535,-0.171776,-0.558962,-1.195476,100305.0000
1764075577596937011,2025-11-25 18:29:37.593,0.749812,0.542965,236.543098,-0.019644,0.014027,0.969646,-0.107054,0.011496,9.604896,0.013392,-0.126576,0.211032,-0.188566,-0.554190,-1.191931,100313.0000
1764075577685999585,2025-11-25 18:29:37.683,0.802267,1.521192,235.362160,0.017433,0.018834,0.969189,1.001600,0.373190,9.761187,0.017615,-0.197257,0.217401,-0.209651,-0.545575,-1.186454,100305.0000
1764075577795558030,2025-11-25 18:29:37.793,0.839259,2.620774,234.159393,0.073567,0.022172,0.974233,1.252632,0.003405,9.831296,0.013426,-0.167393,0.212909,-0.236977,-0.537892,-1.178464,100311.0000
1764075577886192289,2025-11-25 18:29:37.883,0.826490,3.570261,233.059570,0.116406,0.029672,0.973686,1.335959,0.198032,9.872266,-0.003314,-0.155769,0.179298,-0.254676,-0.530156,-1.170134,100309.0000
1764075577996624530,2025-11-25 18:29:37.993,0.756971,4.347026,232.178734,0.153274,0.027096,0.974788,1.993052,-0.145236,9.630323,-0.009565,-0.108499,0.132757,-0.272856,-0.523367,-1.161302,100309.0000
1764075578086275530,2025-11-25 18:29:38.083,0.658992,4.780505,231.449799,0.176567,0.023584,0.974547,1.969075,0.274808,9.930698,-0.004650,-0.034370,0.120480,-0.284868,-0.517719,-1.162656,100306.0000
1764075578196243011,2025-11-25 18:29:38.193,0.566683,4.827830,230.832443,0.176969,0.020224,0.969455,1.288124,0.200643,9.428661,-0.003793,0.017158,0.105767,-0.293480,-0.511030,-1.160705,100297.0000
1764075578285570270,2025-11-25 18:29:38.282,0.526978,4.601525,230.313782,0.161166,0.015329,0.968201,1.397550,-0.081728,9.600640,0.013314,0.050481,0.079639,-0.294454,-0.509652,-1.163120,100304.0000
1764075578396122067,2025-11-25 18:29:38.393,0.573367,4.157079,229.897354,0.141405,0.013045,0.972463,1.515684,0.008900,9.883906,0.014761,0.094052,0.074476,-0.296849,-0.503504,-1.165586,100307.0000
1764075578486231622,2025-11-25 18:29:38.483,0.695743,3.519554,229.526566,0.109100,0.014891,0.974809,0.804514,0.247084,9.725181,0.025803,0.121694,0.051607,-0.294459,-0.500709,-1.169517,100307.0000
1764075578596055196,2025-11-25 18:29:38.593,0.817331,2.870939,229.175934,0.069126,0.017913,0.975905,0.290512,-0.086442,9.790272,0.016903,0.109438,0.058920,-0.292093,-0.501745,-1.173870,100310.0000
1764075578685683752,2025-11-25 18:29:38.683,0.871005,2.433230,228.861176,0.040257,0.025041,0.976552,0.676932,0.256132,9.708865,0.004355,0.052372,0.048112,-0.291605,-0.497952,-1.175380,100316.0000
1764075578795920474,2025-11-25 18:29:38.793,0.817774,2.257194,228.597092,0.031294,0.026965,0.977350,0.356814,0.204388,9.786933,-0.015216,0.015004,0.046212,-0.292581,-0.497052,-1.177787,100309.0000
1764075578896569826,2025-11-25 18:29:38.893,0.692873,2.281466,228.366028,0.036034,0.023832,0.976402,0.277168,0.208998,9.672138,-0.021327,-0.011859,0.041444,-0.294993,-0.492835,-1.181187,100302.0000
1764075578986311640,2025-11-25 18:29:38.983,0.562491,2.379607,228.160217,0.046565,0.015353,0.976456,0.588207,-0.146235,9.754119,-0.017381,-0.018785,0.043028,-0.297395,-0.492836,-1.180670,100311.0000
1764075579095747807,2025-11-25 18:29:39.092,0.497500,2.423378,227.958908,0.057338,0.009136,0.978872,0.398375,-0.016749,9.764112,-0.006703,0.005045,0.033568,-0.301219,-0.488544,-1.180198,100309.0000
1764075579196403825,2025-11-25 18:29:39.193,0.516951,2.330835,227.728409,0.061661,0.004739,0.981081,0.903322,0.279572,9.973989,0.016315,0.026122,0.054068,-0.304103,-0.488079,-1.180163,100300.0000
1764075579286346825,2025-11-25 18:29:39.283,0.614633,2.085793,227.487183,0.056844,0.006559,0.985045,0.407898,-0.202052,9.913932,0.022028,0.053355,0.031266,-0.304105,-0.486199,-1.181636,100306.0000
1764075579395974788,2025-11-25 18:29:39.393,0.784273,1.745807,227.262024,0.039363,0.005224,0.985356,0.311802,0.123154,9.696486,0.046966,0.064780,0.049074,-0.301722,-0.485304,-1.185056,100306.0000
1764075579495878381,2025-11-25 18:29:39.493,0.978393,1.472290,227.093491,0.018933,0.022477,0.980488,0.126394,0.985482,9.733661,0.022923,0.032596,0.013455,-0.301230,-0.486217,-1.183123,100306.0000
1764075579585367825,2025-11-25 18:29:39.583,1.079024,1.398156,227.008606,0.008594,0.030090,0.970877,-0.115136,0.085012,9.605867,0.002275,-0.005819,0.003221,-0.299783,-0.484787,-1.183648,100305.0000
1764075579685426788,2025-11-25 18:29:39.682,0.998967,1.558361,226.990479,0.006808,0.033240,0.964718,0.150571,0.006031,9.693822,-0.033058,-0.040266,-0.001539,-0.299279,-0.483311,-1.181751,100308.0000
1764075579785770418,2025-11-25 18:29:39.783,0.757095,1.861529,227.016708,0.018535,0.030107,0.965309,0.431279,0.510616,9.747686,-0.043543,-0.061279,0.001788,-0.304573,-0.481922,-1.182658,100306.0000
1764075579897695418,2025-11-25 18:29:39.893,0.459425,2.183407,227.086258,0.035229,0.015281,0.976379,0.441940,0.237636,9.898814,-0.058164,-0.049348,-0.019516,-0.306986,-0.479596,-1.185066,100311.0000
1764075579985864140,2025-11-25 18:29:39.983,0.281452,2.399559,227.154739,0.047007,-0.014793,0.987278,0.282084,-0.298000,9.954092,-0.013123,-0.025912,-0.004392,-0.307446,-0.477657,-1.183644,100309.0000
1764075580095641991,2025-11-25 18:29:40.092,0.338971,2.469640,227.188858,0.054024,-0.020744,0.993973,0.457415,-0.155932,9.824488,0.033958,0.000048,-0.003044,-0.309358,-0.476689,-1.182667,100297.0000
1764075580185388491,2025-11-25 18:29:40.183,0.602871,2.365978,227.199738,0.055872,-0.010282,0.986483,0.676451,-0.102925,9.946366,0.054742,0.027862,-0.005163,-0.308399,-0.480466,-1.180697,100305.0000
1764075580295831269,2025-11-25 18:29:40.293,0.923116,2.208415,227.243011,0.035683,0.002402,0.977646,0.126106,0.106211,9.589682,0.058755,0.019698,-0.003883,-0.306018,-0.483819,-1.181644,100297.0000
1764075580386013454,2025-11-25 18:29:40.383,1.139932,2.149369,227.335587,0.026649,0.032045,0.967615,0.196680,0.764641,9.682373,0.011213,-0.000605,-0.027930,-0.303579,-0.485607,-1.176355,100311.0000
1764075580496029862,2025-11-25 18:29:40.493,1.108194,2.232499,227.489014,0.020991,0.041326,0.959594,0.083488,0.106021,9.509518,-0.023423,-0.030453,-0.026317,-0.303110,-0.487993,-1.176326,100302.0000
1764075580586293491,2025-11-25 18:29:40.583,0.850888,2.497143,227.715164,0.023434,0.031071,0.967804,0.464900,0.258825,9.665639,-0.062293,-0.060407,-0.040808,-0.303117,-0.489426,-1.176304,100304.0000
1764075580696063232,2025-11-25 18:29:40.693,0.549718,2.820238,227.947937,0.043523,0.006112,0.976252,0.098826,-0.277651,9.642143,-0.040706,-0.052219,-0.035590,-0.302650,-0.488520,-1.178733,100301.0000
1764075580795784973,2025-11-25 18:29:40.792,0.339856,3.008138,228.167633,0.064083,-0.007636,0.986109,0.734834,-0.114846,9.926386,-0.029304,-0.011156,-0.043607,-0.303617,-0.488534,-1.179200,100309.0000
1764075580886243343,2025-11-25 18:29:40.883,0.338492,2.994238,228.363693,0.064636,-0.027476,0.995400,0.450431,-0.404231,9.899236,0.027621,0.014655,-0.026411,-0.304110,-0.489512,-1.180141,100305.0000
1764075580986249361,2025-11-25 18:29:40.983,0.578788,2.811379,228.505417,0.065036,-0.016846,0.988917,0.618877,0.089237,9.896878,0.054482,0.045407,-0.021577,-0.297381,-0.492327,-1.179234,100306.0000
1764075581095850713,2025-11-25 18:29:41.093,0.869006,2.506956,228.655090,0.047624,0.004846,0.978127,0.050478,0.122512,9.674745,0.046523,0.045758,-0.023932,-0.292121,-0.496633,-1.180690,100303.0000
1764075581185876213,2025-11-25 18:29:41.183,1.071343,2.306233,228.871735,0.030064,0.019983,0.972276,0.359370,0.393668,9.704704,0.021118,0.021858,-0.042990,-0.291632,-0.500381,-1.177269,100303.0000
1764075581296243213,2025-11-25 18:29:41.293,1.109410,2.264508,229.119339,0.026065,0.034665,0.962637,-0.019953,0.256592,9.483825,-0.013864,-0.006394,-0.047150,-0.286352,-0.499921,-1.179280,100314.0000
1764075581396152268,2025-11-25 18:29:41.393,0.942585,2.390082,229.444016,0.023814,0.026599,0.965412,0.255763,0.265313,9.785473,-0.042152,-0.037726,-0.060665,-0.283941,-0.500367,-1.178345,100310.0000
1764075581496213917,2025-11-25 18:29:41.493,0.695551,2.626402,229.785721,0.036144,0.009633,0.976225,0.294408,0.055193,9.831345,-0.038762,-0.041004,-0.052839,-0.283007,-0.503737,-1.179752,100309.0000
1764075581586352491,2025-11-25 18:29:41.583,0.522989,2.812143,230.083084,0.054015,-0.005350,0.982242,0.564243,-0.275182,9.818560,-0.021760,-0.018895,-0.050090,-0.282033,-0.502757,-1.178819,100311.0000
1764075581695978305,2025-11-25 18:29:41.693,0.463982,2.829169,230.344315,0.063167,-0.013416,0.987644,0.305961,-0.286369,9.735697,0.000147,0.010032,-0.039578,-0.278708,-0.506157,-1.182187,100301.0000
1764075581786365342,2025-11-25 18:29:41.783,0.555589,2.663598,230.551956,0.063249,-0.016153,0.989807,1.081468,-0.180291,10.140936,0.030954,0.040019,-0.035802,-0.275847,-0.509041,-1.183630,100294.0000
1764075581896692972,2025-11-25 18:29:41.893,0.765839,2.395410,230.744232,0.051837,-0.003475,0.983850,0.438965,-0.029673,9.914611,0.033950,0.047229,-0.030883,-0.272951,-0.510887,-1.181236,100313.0000
1764075581986427824,2025-11-25 18:29:41.983,0.931292,2.134027,230.967621,0.039253,0.010845,0.974842,0.105958,0.104339,9.687587,0.021139,0.042914,-0.043031,-0.266228,-0.512778,-1.181788,100302.0000
1764075582095506972,2025-11-25 18:29:42.092,1.004600,2.001322,231.195007,0.019181,0.015094,0.973385,0.323944,0.283151,9.746702,0.006099,0.006006,-0.041087,-0.260487,-0.518494,-1.182267,100307.0000
1764075582185316601,2025-11-25 18:29:42.182,1.000396,2.066782,231.469971,0.017977,0.018667,0.969081,-0.060036,-0.013565,9.505968,-0.011766,-0.026823,-0.054230,-0.258566,-0.520854,-1.181296,100309.0000
1764075582296311749,2025-11-25 18:29:42.293,0.869931,2.275996,231.780853,0.023848,0.020034,0.966573,0.224480,0.123550,9.679754,-0.036505,-0.048958,-0.048408,-0.258549,-0.518923,-1.180362,100313.0000
1764075582396087490,2025-11-25 18:29:42.392,0.729606,2.559418,232.093597,0.035436,0.002328,0.978569,0.375380,-0.189003,9.804998,-0.021024,-0.048144,-0.059424,-0.255196,-0.521306,-1.180857,100313.0000
1764075582485943416,2025-11-25 18:29:42.483,0.666176,2.801200,232.397392,0.048652,0.000212,0.978313,0.696258,-0.159696,9.709839,-0.013519,-0.033413,-0.042686,-0.257140,-0.522779,-1.182251,100306.0000
1764075582595984416,2025-11-25 18:29:42.593,0.624634,2.902263,232.657104,0.059769,0.001286,0.983542,0.872018,0.045017,9.811202,-0.012314,-0.002029,-0.042857,-0.256165,-0.524156,-1.179836,100307.0000
1764075582686781490,2025-11-25 18:29:42.683,0.651473,2.841283,232.867996,0.057756,-0.007680,0.989327,0.629909,-0.128294,9.813051,0.009170,0.015580,-0.033624,-0.252796,-0.524608,-1.179397,100315.0000
1764075582786520786,2025-11-25 18:29:42.783,0.744629,2.646171,233.045441,0.057034,0.002499,0.979645,0.638228,0.051792,9.657869,0.010490,0.044321,-0.034724,-0.250887,-0.526999,-1.179870,100311.0000
1764075582896120842,2025-11-25 18:29:42.893,0.807094,2.416780,233.232224,0.040627,0.005376,0.976323,0.245865,-0.190192,9.704946,0.010512,0.037628,-0.029955,-0.245140,-0.530814,-1.180860,100308.0000
1764075582988349712,2025-11-25 18:29:42.983,0.857145,2.282513,233.435074,0.029742,0.006117,0.975033,0.050784,0.124291,9.753386,0.008248,0.010720,-0.046434,-0.240324,-0.532195,-1.179465,100318.0000
1764075583095563175,2025-11-25 18:29:43.092,0.911105,2.305626,233.663628,0.024682,0.010432,0.970171,0.158524,0.167394,9.741629,0.008831,-0.017201,-0.044177,-0.238897,-0.533174,-1.180916,100308.0000
1764075583186362823,2025-11-25 18:29:43.183,0.901858,2.469956,233.956955,0.028149,0.010937,0.974524,0.187556,-0.142177,9.656686,-0.012323,-0.041030,-0.051013,-0.235057,-0.537426,-1.179463,100310.0000
1764075583285312971,2025-11-25 18:29:43.282,0.865468,2.693947,234.263321,0.039014,0.004622,0.975890,0.586298,-0.118266,9.664176,0.002058,-0.038661,-0.039292,-0.236030,-0.537928,-1.180404,100304.0000
1764075583396318434,2025-11-25 18:29:43.393,0.861004,2.888140,234.526993,0.049139,0.004607,0.978515,0.294007,0.035863,9.751652,-0.004611,-0.030118,-0.041131,-0.231206,-0.539289,-1.178046,100308.0000
1764075583485419286,2025-11-25 18:29:43.483,0.837167,2.982978,234.795937,0.055430,0.009198,0.978239,0.762555,0.310541,9.831555,-0.005058,-0.007731,-0.048714,-0.232185,-0.540279,-1.179461,100313.0000
1764075583596733545,2025-11-25 18:29:43.593,0.809082,2.985085,235.049324,0.055585,0.002897,0.981088,0.533111,-0.069161,9.800465,-0.002907,0.002436,-0.037029,-0.228341,-0.542162,-1.179008,100304.0000
1764075583685408915,2025-11-25 18:29:43.682,0.796425,2.914111,235.255760,0.057794,0.004641,0.980079,0.813146,-0.022778,9.812557,-0.002406,0.027483,-0.041641,-0.226902,-0.544523,-1.178029,100305.0000
1764075583795773193,2025-11-25 18:29:43.792,0.757996,2.743287,235.439217,0.049132,0.006596,0.975022,0.347609,0.112849,9.689777,-0.008634,0.027498,-0.028358,-0.221157,-0.544102,-1.181973,100308.0000
1764075583886152471,2025-11-25 18:29:43.883,0.744139,2.575632,235.582581,0.042824,0.000014,0.981216,0.366963,0.004474,9.755583,-0.000384,0.023315,-0.024052,-0.217792,-0.545509,-1.181520,100305.0000
1764075583996696137,2025-11-25 18:29:43.993,0.781586,2.443168,235.706673,0.040286,0.003483,0.977401,0.306008,0.195982,9.748812,0.004399,0.020381,-0.026397,-0.218261,-0.544535,-1.180564,100302.0000
1764075584085577822,2025-11-25 18:29:44.082,0.806962,2.349329,235.814262,0.035377,0.007081,0.977862,0.260808,-0.062057,9.739678,0.009715,0.010255,-0.016725,-0.213954,-0.545523,-1.183021,100318.0000
1764075584186244230,2025-11-25 18:29:44.183,0.853126,2.319988,235.898232,0.034362,0.006891,0.980069,0.213120,0.282404,9.673553,0.010979,-0.001966,-0.008402,-0.213483,-0.546018,-1.183983,100307.0000
1764075584296229248,2025-11-25 18:29:44.293,0.901469,2.331466,235.985786,0.036238,0.010579,0.974162,0.315223,0.159244,9.844405,0.008957,-0.006775,-0.016379,-0.211076,-0.548833,-1.182050,100315.0000
1764075584386124044,2025-11-25 18:29:44.383,0.903282,2.371621,236.070900,0.037467,0.013871,0.976651,0.606423,-0.062881,9.853389,-0.005949,-0.008278,-0.011274,-0.212514,-0.548352,-1.181554,100311.0000
1764075584496688081,2025-11-25 18:29:44.493,0.876127,2.413982,236.143341,0.039178,0.011455,0.977897,0.362805,0.203581,9.737773,-0.005369,-0.011376,-0.008675,-0.211091,-0.549341,-1.183486,100304.0000
1764075584597557174,2025-11-25 18:29:44.593,0.848249,2.450517,236.198967,0.037804,0.008138,0.975977,0.441759,0.513891,9.855751,-0.003475,-0.014020,-0.000410,-0.210603,-0.550264,-1.182034,100310.0000
1764075584685372118,2025-11-25 18:29:44.682,0.811394,2.488645,236.276329,0.040144,0.011860,0.978310,0.570906,0.057960,9.833725,-0.011874,-0.008265,-0.022747,-0.211079,-0.549311,-1.182042,100312.0000
1764075584786220137,2025-11-25 18:29:44.783,0.763500,2.525093,236.357056,0.039238,0.005268,0.978593,0.416909,0.083099,9.790832,-0.003100,-0.006563,-0.006461,-0.208689,-0.551699,-1.182523,100312.0000
1764075584886137248,2025-11-25 18:29:44.883,0.777121,2.559178,236.409500,0.040718,0.002166,0.980575,0.779935,0.188566,10.000209,0.006012,-0.004443,-0.006694,-0.210139,-0.550780,-1.183960,100308.0000
1764075584986097711,2025-11-25 18:29:44.983,0.794204,2.575653,236.439255,0.042455,0.011335,0.975345,0.339861,0.033039,9.543684,0.001508,-0.001586,0.002123,-0.210129,-0.551695,-1.182020,100309.0000
1764075585095457637,2025-11-25 18:29:45.093,0.778160,2.581154,236.457008,0.041079,0.008362,0.978458,0.438660,-0.127027,9.782098,0.000447,0.001277,-0.009721,-0.210610,-0.551697,-1.182013,100311.0000
1764075585186165137,2025-11-25 18:29:45.183,0.784130,2.592860,236.465370,0.042362,0.006788,0.978439,0.530925,0.155775,9.723495,0.009127,0.002065,0.004680,-0.209167,-0.550278,-1.183018,100303.0000
1764075585295995174,2025-11-25 18:29:45.293,0.787910,2.569118,236.495888,0.044251,0.010724,0.974853,0.509616,-0.085081,9.880025,0.000859,0.004155,-0.007023,-0.208685,-0.551688,-1.182041,100308.0000
1764075585385375636,2025-11-25 18:29:45.382,0.775224,2.538563,236.525604,0.040709,0.009675,0.978774,0.186000,0.238722,9.722798,-0.000368,0.002263,0.002764,-0.207257,-0.551723,-1.183988,100309.0000
1764075585496585007,2025-11-25 18:29:45.493,0.789811,2.543561,236.567947,0.037708,0.005603,0.978752,0.485611,0.385623,9.875060,0.006160,-0.008385,-0.009561,-0.209637,-0.551195,-1.181072,100308.0000
1764075585596170859,2025-11-25 18:29:45.593,0.817342,2.571901,236.623833,0.041902,0.010063,0.978250,0.218261,0.091588,9.673641,0.002179,-0.003454,-0.008984,-0.205790,-0.550710,-1.181617,100309.0000
1764075585686103581,2025-11-25 18:29:45.683,0.815716,2.599785,236.704262,0.044008,0.012551,0.977037,0.646399,0.144342,9.780951,-0.002517,-0.000206,-0.026193,-0.207735,-0.554072,-1.182019,100303.0000
1764075585785291488,2025-11-25 18:29:45.782,0.815513,2.641341,236.780365,0.040652,0.003755,0.974638,0.289639,-0.163817,9.701228,0.004322,-0.007669,-0.000414,-0.207736,-0.555017,-1.181522,100315.0000
1764075585896711655,2025-11-25 18:29:45.893,0.827634,2.689949,236.848686,0.043484,0.011233,0.976870,0.447337,0.225188,9.741642,0.004325,-0.010479,-0.011818,-0.204378,-0.554088,-1.183513,100305.0000
1764075585985431192,2025-11-25 18:29:45.983,0.801894,2.707421,236.930428,0.044891,0.012406,0.977483,0.307515,0.063017,9.742344,-0.012427,-0.002077,-0.021609,-0.205806,-0.554054,-1.181566,100307.0000
1764075586085492821,2025-11-25 18:29:46.082,0.781534,2.719197,237.011681,0.042322,0.003824,0.980703,0.659145,0.146361,9.856798,0.003942,-0.005327,-0.007640,-0.203434,-0.556960,-1.183964,100310.0000
1764075586196270858,2025-11-25 18:29:46.193,0.795989,2.753677,237.099709,0.044615,0.008197,0.978421,0.469997,0.173310,9.778413,0.000680,-0.011841,-0.024683,-0.204353,-0.552136,-1.181616,100305.0000
1764075586286026562,2025-11-25 18:29:46.283,0.792530,2.804602,237.190865,0.048042,0.010127,0.975524,0.515334,0.343961,9.734376,0.001192,-0.006882,-0.014924,-0.202450,-0.554069,-1.183060,100309.0000
1764075586396186580,2025-11-25 18:29:46.393,0.790667,2.821836,237.274597,0.047769,0.005650,0.977674,0.480819,-0.055943,9.775073,0.003248,0.002862,-0.013300,-0.201982,-0.557400,-1.182534,100309.0000
1764075586497380765,2025-11-25 18:29:46.493,0.813720,2.804851,237.338188,0.046904,0.006559,0.975295,0.632275,-0.115953,9.816613,0.007555,0.004873,-0.008380,-0.200990,-0.557792,-1.178690,100309.0000
1764075586585959451,2025-11-25 18:29:46.583,0.809982,2.757574,237.389877,0.049610,0.012564,0.978730,0.636530,0.222299,9.822570,-0.009308,0.013110,-0.006837,-0.201009,-0.559256,-1.180112,100305.0000
1764075586686491339,2025-11-25 18:29:46.683,0.788847,2.711485,237.444725,0.045187,0.007742,0.979155,0.746292,-0.194719,9.865828,0.003474,0.007348,-0.017627,-0.200057,-0.557392,-1.182562,100311.0000
1764075586795870173,2025-11-25 18:29:46.793,0.791325,2.682170,237.490532,0.041718,0.006370,0.976980,0.288975,0.006276,9.793049,0.000099,0.001893,-0.001288,-0.199094,-0.558800,-1.181592,100310.0000
1764075586885803173,2025-11-25 18:29:46.883,0.790965,2.677547,237.554504,0.043630,0.011133,0.977261,0.656287,0.001653,9.878421,0.000992,-0.007118,-0.016258,-0.200061,-0.559760,-1.181563,100308.0000
1764075586996183617,2025-11-25 18:29:46.993,0.782663,2.682191,237.624527,0.045868,0.009127,0.977326,0.288468,0.043329,9.801604,0.004353,-0.000907,-0.007884,-0.196695,-0.560222,-1.181605,100309.0000
1764075587085615654,2025-11-25 18:29:47.082,0.793882,2.677555,237.678581,0.046286,0.005040,0.978412,0.762104,-0.020869,9.847482,0.003059,0.005285,-0.009553,-0.197646,-0.560196,-1.180147,100316.0000
1764075587196333728,2025-11-25 18:29:47.193,0.816305,2.646864,237.723045,0.046390,0.009303,0.977465,0.278290,0.120637,9.768051,0.006452,0.010121,-0.003385,-0.197161,-0.560183,-1.179673,100311.0000
1764075587285501561,2025-11-25 18:29:47.283,0.824621,2.584259,237.780869,0.043048,0.012026,0.978767,0.483830,-0.079125,9.827168,0.000974,0.010543,-0.016733,-0.194284,-0.560668,-1.180671,100309.0000
1764075587396040561,2025-11-25 18:29:47.393,0.825933,2.551843,237.856316,0.040523,0.009891,0.978860,0.397807,0.330317,9.817193,0.008067,0.003453,-0.014491,-0.194771,-0.560213,-1.181634,100306.0000
1764075587486225820,2025-11-25 18:29:47.483,0.824159,2.546170,237.934433,0.038963,0.009148,0.977150,0.508155,0.098068,9.775198,0.002014,-0.001775,-0.009592,-0.193344,-0.561193,-1.183085,100309.0000
1764075587585510357,2025-11-25 18:29:47.582,0.807699,2.559553,238.024841,0.041220,0.010296,0.976977,0.439750,0.021086,9.651041,0.001037,-0.007280,-0.019604,-0.190948,-0.564038,-1.182595,100307.0000
1764075587695624746,2025-11-25 18:29:47.692,0.802976,2.618592,238.104660,0.041141,0.007588,0.975251,0.680697,0.155801,9.795860,-0.000500,-0.017215,-0.021048,-0.189014,-0.562119,-1.182653,100316.0000
1764075587796427579,2025-11-25 18:29:47.793,0.811415,2.679494,238.183067,0.045106,0.007366,0.975989,0.611744,0.433116,9.760110,0.000828,-0.009685,-0.007571,-0.188530,-0.564464,-1.180698,100300.0000
1764075587886415616,2025-11-25 18:29:47.883,0.812189,2.717577,238.253624,0.043084,0.008920,0.976306,0.134330,0.159762,9.717231,-0.004590,-0.004942,-0.011856,-0.190943,-0.562137,-1.183106,100312.0000
1764075587995733968,2025-11-25 18:29:47.992,0.804502,2.735233,238.306938,0.045497,0.008742,0.978457,0.281565,-0.082370,9.645554,-0.002858,-0.003743,-0.008181,-0.190472,-0.563579,-1.183572,100311.0000
1764075588095446505,2025-11-25 18:29:48.092,0.803357,2.742872,238.349464,0.044163,0.008521,0.981001,0.402718,0.161971,9.787706,0.001101,-0.003064,-0.007295,-0.188525,-0.563509,-1.180712,100313.0000
1764075588185673357,2025-11-25 18:29:48.183,0.808388,2.738495,238.381653,0.044546,0.008211,0.978531,0.202225,0.035354,9.643272,0.003605,0.004144,0.000240,-0.188032,-0.563476,-1.179276,100309.0000
1764075588296566264,2025-11-25 18:29:48.293,0.813862,2.729464,238.409912,0.045625,0.009576,0.978145,0.713866,0.092060,9.845470,0.004391,-0.000118,-0.005882,-0.189975,-0.564948,-1.180669,100306.0000
1764075588396350449,2025-11-25 18:29:48.393,0.811342,2.710999,238.435127,0.044483,0.010084,0.974741,0.379284,-0.176234,9.811370,0.000442,0.005596,-0.000197,-0.188049,-0.565407,-1.180209,100306.0000
1764075588486261653,2025-11-25 18:29:48.483,0.802114,2.709376,238.472694,0.044694,0.012466,0.975559,0.572978,0.312873,9.727949,-0.007334,-0.005795,-0.016175,-0.189032,-0.564995,-1.183091,100310.0000
1764075588596308116,2025-11-25 18:29:48.593,0.786380,2.719918,238.520126,0.044387,0.009695,0.976148,0.386958,0.129336,9.821893,-0.002415,-0.003509,-0.007157,-0.188538,-0.565430,-1.181165,100309.0000
1764075588686428375,2025-11-25 18:29:48.683,0.773375,2.721147,238.561066,0.045076,0.006671,0.978824,0.555410,0.391920,9.992399,-0.004305,-0.002458,-0.007689,-0.187589,-0.564988,-1.183112,100302.0000
1764075588785616209,2025-11-25 18:29:48.783,0.782541,2.723392,238.586449,0.043788,0.006660,0.978826,0.447329,-0.173078,9.790874,0.006475,-0.001523,-0.001374,-0.187093,-0.565890,-1.180697,100304.0000
1764075588896562301,2025-11-25 18:29:48.893,0.794184,2.744597,238.602333,0.044704,0.010104,0.978787,0.099177,0.031766,9.673248,-0.002873,-0.008528,-0.003465,-0.187585,-0.567336,-1.181150,100305.0000
1764075588985641764,2025-11-25 18:29:48.983,0.794119,2.765420,238.622810,0.047366,0.010851,0.979627,0.624360,0.171705,9.747601,0.002376,-0.006999,-0.004608,-0.187096,-0.564956,-1.181675,100307.0000
1764075589095756431,2025-11-25 18:29:49.092,0.778623,2.754317,238.652901,0.050196,0.009424,0.976949,0.551115,0.310447,9.730106,-0.001829,0.008000,-0.005525,-0.187579,-0.566848,-1.180675,100307.0000
1764075589186104949,2025-11-25 18:29:49.183,0.759481,2.686184,238.673569,0.048159,0.009042,0.975956,0.333274,0.308867,9.551734,-0.006937,0.008410,-0.006827,-0.185182,-0.566390,-1.182162,100306.0000
1764075589296671430,2025-11-25 18:29:49.293,0.752183,2.606472,238.684486,0.043473,0.006608,0.975734,0.472065,0.061547,9.885063,0.003645,0.011141,-0.002129,-0.186643,-0.565970,-1.184555,100303.0000
1764075589396846245,2025-11-25 18:29:49.393,0.752872,2.559063,238.675224,0.039510,0.008726,0.975970,0.182428,-0.292802,9.543457,0.000880,0.006424,0.007025,-0.184219,-0.565441,-1.182673,100311.0000
1764075589485634467,2025-11-25 18:29:49.483,0.752151,2.557688,238.645035,0.038474,0.009907,0.979107,0.295638,0.239053,9.850060,0.004243,0.000227,0.008682,-0.184250,-0.565522,-1.186524,100310.0000
1764075589585315949,2025-11-25 18:29:49.582,0.761546,2.578634,238.606529,0.041276,0.007682,0.979436,0.158091,-0.026305,9.676645,0.005923,-0.005052,0.010796,-0.183725,-0.563518,-1.182228,100307.0000
1764075589685315745,2025-11-25 18:29:49.682,0.773157,2.588662,238.569519,0.043047,0.010869,0.979320,0.631537,0.102764,9.804750,0.002944,-0.002449,0.006077,-0.186147,-0.564514,-1.183622,100309.0000
1764075589785657782,2025-11-25 18:29:49.783,0.776716,2.578312,238.528038,0.044306,0.010745,0.979372,0.547634,0.162917,9.842567,0.008068,0.002720,0.014518,-0.187084,-0.564925,-1.180230,100306.0000
1764075589896176689,2025-11-25 18:29:49.893,0.787028,2.553931,238.466713,0.043457,0.009307,0.976664,0.454406,-0.167028,9.714413,0.007647,0.008341,0.008944,-0.186620,-0.564496,-1.182652,100306.0000
1764075589996077800,2025-11-25 18:29:49.993,0.798634,2.517177,238.398277,0.041773,0.012954,0.975576,0.538749,0.118541,9.921227,0.002754,0.008622,0.005909,-0.187599,-0.565486,-1.184067,100307.0000
1764075590086035097,2025-11-25 18:29:50.083,0.792800,2.496469,238.341202,0.038876,0.013772,0.975595,0.301699,0.082830,9.757551,-0.001334,0.000918,-0.000707,-0.185671,-0.565468,-1.183614,100311.0000
1764075590186568152,2025-11-25 18:29:50.183,0.778127,2.502922,238.287437,0.036564,0.010218,0.976796,0.367109,-0.067622,9.771316,-0.008351,-0.008231,0.014316,-0.187588,-0.564043,-1.183608,100313.0000
1764075590296237985,2025-11-25 18:29:50.293,0.760946,2.523698,238.228943,0.040357,0.011477,0.979888,0.332574,-0.081757,9.770022,-0.002171,-0.005640,0.009399,-0.188543,-0.564027,-1.182631,100301.0000
1764075590386200596,2025-11-25 18:29:50.383,0.752637,2.556033,238.187424,0.040978,0.010142,0.979520,0.276515,0.125841,9.787293,0.000769,0.000430,0.008633,-0.192412,-0.563628,-1.185469,100307.0000
1764075590496003374,2025-11-25 18:29:50.493,0.765641,2.601819,238.153374,0.042322,0.007996,0.977037,0.258196,0.148035,9.669904,0.001574,-0.008611,0.010410,-0.192374,-0.563526,-1.180655,100307.0000
1764075590586289282,2025-11-25 18:29:50.583,0.789519,2.630349,238.130547,0.047623,0.010984,0.976018,0.745357,0.448998,9.809382,0.004836,-0.002787,0.005357,-0.191907,-0.564032,-1.182100,100307.0000
1764075590686264800,2025-11-25 18:29:50.683,0.803103,2.633902,238.113754,0.044369,0.011199,0.977397,0.452400,0.368576,9.856199,0.000222,0.000356,0.005090,-0.191422,-0.564020,-1.181625,100311.0000
1764075590795840300,2025-11-25 18:29:50.793,0.806842,2.622061,238.106636,0.044613,0.012068,0.977967,0.143291,-0.181093,9.609055,-0.000991,0.007601,-0.006549,-0.190467,-0.564036,-1.182602,100305.0000
1764075590896093429,2025-11-25 18:29:50.893,0.785148,2.597374,238.105522,0.043568,0.013720,0.978043,0.506177,0.035941,9.823986,-0.007761,0.004674,0.000534,-0.191424,-0.562140,-1.183099,100307.0000
1764075590985407615,2025-11-25 18:29:50.983,0.747059,2.573695,238.106232,0.042010,0.008971,0.977596,0.391595,-0.015664,9.707974,0.001720,0.004877,0.003553,-0.189506,-0.563564,-1.183105,100305.0000
1764075591095599003,2025-11-25 18:29:51.092,0.733261,2.570061,238.106941,0.040687,0.006596,0.977012,0.625938,0.078336,9.936456,0.000382,0.000942,0.007191,-0.189018,-0.562129,-1.183135,100308.0000
1764075591186154207,2025-11-25 18:29:51.183,0.731031,2.575890,238.112297,0.041594,0.010346,0.976118,0.361601,0.250721,9.724784,0.005165,-0.001094,0.002911,-0.190956,-0.564059,-1.183558,100309.0000
1764075591295999911,2025-11-25 18:29:51.293,0.732877,2.587834,238.124481,0.042263,0.008312,0.978868,0.580352,0.188129,9.801749,-0.000316,0.001521,-0.004305,-0.190012,-0.566930,-1.184010,100311.0000
1764075591385624003,2025-11-25 18:29:51.383,0.747060,2.616411,238.119438,0.042438,0.007560,0.977737,0.604950,0.115411,9.950785,0.007973,-0.004436,0.001777,-0.189967,-0.563983,-1.180202,100303.0000
1764075591486053781,2025-11-25 18:29:51.483,0.747222,2.648349,238.103813,0.044358,0.010550,0.976846,0.211419,0.132202,9.647239,-0.004571,-0.005834,0.003951,-0.192379,-0.564481,-1.180641,100307.0000
1764075591596178374,2025-11-25 18:29:51.593,0.742296,2.655587,238.083679,0.044557,0.008645,0.978361,0.671001,0.032324,9.709963,-0.000384,-0.003332,0.000874,-0.191906,-0.563087,-1.182595,100309.0000
1764075591695667688,2025-11-25 18:29:51.693,0.742258,2.639770,238.063583,0.045205,0.010002,0.976412,0.235487,0.216236,9.594545,0.004819,0.007637,0.008351,-0.191894,-0.563056,-1.181151,100301.0000
1764075591788112244,2025-11-25 18:29:51.783,0.735425,2.602333,238.050919,0.043769,0.010061,0.977053,0.275227,-0.083214,9.674420,-0.001645,0.005144,-0.002444,-0.192856,-0.562116,-1.181633,100309.0000
1764075591895931818,2025-11-25 18:29:51.893,0.734503,2.570844,238.022148,0.042496,0.008271,0.979073,0.285271,-0.059496,9.878964,0.006626,0.003801,0.014694,-0.192388,-0.562622,-1.183077,100314.0000
1764075591985373262,2025-11-25 18:29:51.983,0.746936,2.541871,237.978546,0.041495,0.009732,0.977609,0.123849,-0.106332,9.717393,0.007090,0.006493,0.012610,-0.189982,-0.564024,-1.182128,100309.0000
1764075592095806725,2025-11-25 18:29:52.092,0.749874,2.540777,237.926582,0.040766,0.011032,0.978886,0.855036,0.032708,9.970575,0.004887,0.002367,0.018863,-0.193354,-0.561691,-1.184040,100310.0000
1764075592186437132,2025-11-25 18:29:52.183,0.752786,2.552555,237.882812,0.041678,0.010557,0.977669,0.502123,0.284488,9.620386,0.000520,-0.002056,0.010327,-0.190916,-0.562066,-1.179736,100302.0000
1764075592296526206,2025-11-25 18:29:52.293,0.746598,2.558311,237.843842,0.042324,0.011840,0.977211,0.246273,0.088251,9.710496,-0.000312,0.001862,0.003518,-0.193348,-0.563561,-1.182086,100304.0000
1764075592386684540,2025-11-25 18:29:52.383,0.732859,2.539839,237.779968,0.042920,0.008328,0.976627,0.476482,0.090065,9.850169,0.002952,0.002893,0.009812,-0.192859,-0.561181,-1.182611,100304.0000
1764075592495762336,2025-11-25 18:29:52.493,0.740399,2.504215,237.704941,0.042705,0.008803,0.976875,0.557730,-0.091986,9.832806,0.007228,0.008050,0.009484,-0.194779,-0.560234,-1.182597,100307.0000
1764075592586264614,2025-11-25 18:29:52.583,0.750221,2.478088,237.639984,0.036353,0.010814,0.976820,0.269631,0.286572,9.911860,-0.002612,-0.001980,0.008122,-0.192847,-0.558792,-1.182647,100316.0000
1764075592696042595,2025-11-25 18:29:52.693,0.756859,2.488581,237.578423,0.038875,0.011159,0.979263,0.101413,-0.153983,9.599109,0.008301,-0.007830,0.013263,-0.197658,-0.560226,-1.181591,100313.0000
1764075592785842576,2025-11-25 18:29:52.783,0.758430,2.511045,237.509476,0.042049,0.012191,0.979067,0.591981,-0.042396,9.948669,0.001968,-0.002355,0.007086,-0.200079,-0.560278,-1.183481,100309.0000
1764075592896274891,2025-11-25 18:29:52.893,0.752535,2.533765,237.433029,0.042678,0.010359,0.977553,0.585247,0.079966,9.687967,0.003834,0.001354,0.011575,-0.196684,-0.558779,-1.181146,100309.0000
1764075592985338576,2025-11-25 18:29:52.982,0.758938,2.535489,237.363785,0.042425,0.011266,0.977332,0.168179,0.370996,9.858873,0.005645,0.002127,0.009718,-0.198633,-0.559794,-1.183510,100304.0000
1764075593095579632,2025-11-25 18:29:53.092,0.763271,2.514878,237.326813,0.042467,0.011507,0.975976,0.395719,0.096486,9.679971,0.003699,0.002674,0.001875,-0.198616,-0.557863,-1.182576,100318.0000
1764075593186638373,2025-11-25 18:29:53.183,0.763179,2.499596,237.287399,0.041575,0.010401,0.978236,0.451829,-0.004330,9.886894,0.005482,0.003947,0.000911,-0.198602,-0.559712,-1.179659,100308.0000
1764075593295931891,2025-11-25 18:29:53.293,0.766684,2.495257,237.230217,0.039943,0.010972,0.976823,0.395419,-0.174401,9.822086,0.005351,0.003269,0.010866,-0.198147,-0.561194,-1.182051,100312.0000
1764075593386272187,2025-11-25 18:29:53.383,0.747957,2.495426,237.172653,0.039156,0.012254,0.977221,0.136133,0.039905,9.886161,-0.002629,0.001344,0.008801,-0.201023,-0.557406,-1.183030,100312.0000
1764075593496003280,2025-11-25 18:29:53.493,0.743008,2.503784,237.118378,0.040339,0.010412,0.979479,0.492213,-0.139860,9.751491,0.006094,-0.000209,0.016496,-0.198634,-0.558381,-1.184495,100305.0000
1764075593586235409,2025-11-25 18:29:53.583,0.746728,2.514783,237.051865,0.042668,0.011961,0.978280,0.309551,0.363487,9.581186,-0.001412,0.004182,0.011230,-0.202934,-0.557852,-1.181068,100312.0000
1764075593696184502,2025-11-25 18:29:53.693,0.752353,2.513215,236.980850,0.042142,0.008698,0.977591,0.268778,-0.018750,9.730494,0.011274,0.002215,0.019315,-0.203908,-0.556941,-1.182994,100312.0000
1764075593796336687,2025-11-25 18:29:53.793,0.765169,2.490512,236.926331,0.040705,0.012400,0.976601,0.431150,0.356774,9.853184,-0.000534,-0.003863,0.005084,-0.203912,-0.559309,-1.181995,100302.0000
1764075593885898743,2025-11-25 18:29:53.883,0.772042,2.469241,236.880058,0.039731,0.011770,0.976951,0.191533,-0.264263,9.576751,0.004347,-0.000885,0.008758,-0.201023,-0.557406,-1.183030,100316.0000
1764075593996504779,2025-11-25 18:29:53.992,0.774277,2.465625,236.846809,0.040338,0.011834,0.979742,0.402698,0.137664,10.026813,0.000964,-0.004432,-0.003436,-0.204865,-0.557403,-1.182010,100307.0000
1764075594086072687,2025-11-25 18:29:54.083,0.768536,2.472704,236.810570,0.042036,0.012909,0.977798,0.529677,0.334870,9.838906,-0.004393,0.000338,0.003478,-0.206775,-0.554546,-1.182026,100302.0000
1764075594186036502,2025-11-25 18:29:54.183,0.752471,2.486874,236.785408,0.040817,0.012039,0.976466,0.416830,0.345622,9.731882,-0.004740,-0.005374,0.003732,-0.204862,-0.556925,-1.182017,100305.0000
1764075594295734002,2025-11-25 18:29:54.293,0.737369,2.513233,236.778809,0.040961,0.011810,0.976018,0.047136,-0.232178,9.619553,-0.003311,-0.006646,-0.004838,-0.203898,-0.555031,-1.183024,100320.0000
1764075594385347964,2025-11-25 18:29:54.382,0.721942,2.557021,236.792305,0.040368,0.010592,0.975221,0.516097,-0.050485,9.737419,-0.000193,-0.006732,-0.000242,-0.206798,-0.556965,-1.183433,100314.0000
1764075594496403409,2025-11-25 18:29:54.493,0.717710,2.601494,236.813347,0.045489,0.008006,0.978444,0.405232,0.123155,9.583649,-0.000157,-0.012623,-0.000368,-0.205839,-0.558383,-1.182944,100305.0000
1764075594586105612,2025-11-25 18:29:54.583,0.718306,2.626066,236.835709,0.047461,0.010148,0.979300,0.514805,0.243760,9.893178,0.005375,0.002789,0.000695,-0.205335,-0.555962,-1.181543,100304.0000
1764075594685720131,2025-11-25 18:29:54.682,0.724001,2.618622,236.853218,0.047503,0.009679,0.979077,0.636516,0.105969,9.798929,0.004877,0.005186,-0.002416,-0.202942,-0.556927,-1.182527,100305.0000
1764075594796086205,2025-11-25 18:29:54.793,0.725726,2.585310,236.877464,0.046510,0.011263,0.977831,0.510469,-0.147696,9.720419,0.005029,0.008443,-0.012450,-0.203882,-0.554990,-1.181098,100310.0000
1764075594886252020,2025-11-25 18:29:54.883,0.721535,2.549050,236.903992,0.042576,0.009622,0.977748,0.452561,-0.104710,10.015022,-0.003024,0.008182,-0.006484,-0.204379,-0.556446,-1.182032,100307.0000
1764075594995701927,2025-11-25 18:29:54.993,0.709910,2.515249,236.919167,0.043299,0.010071,0.977588,0.327438,-0.032410,9.830070,0.001934,0.007615,-0.000112,-0.203410,-0.555953,-1.181572,100309.0000
1764075595086063353,2025-11-25 18:29:55.083,0.687515,2.481672,236.945068,0.039976,0.009236,0.975869,0.269388,-0.095837,9.770472,-0.001648,-0.000500,-0.003737,-0.204384,-0.558346,-1.181521,100307.0000
1764075595196444186,2025-11-25 18:29:55.193,0.670801,2.469098,236.956726,0.041162,0.008823,0.976040,0.373812,-0.010684,9.740100,0.000363,-0.004308,0.000485,-0.202450,-0.556427,-1.181579,100307.0000
1764075595286268519,2025-11-25 18:29:55.283,0.665684,2.466753,236.961876,0.041721,0.008884,0.978458,0.655340,0.078983,9.808676,0.000254,0.001455,-0.002390,-0.202957,-0.556968,-1.184453,100309.0000
1764075595396141649,2025-11-25 18:29:55.393,0.676452,2.461747,236.985558,0.041557,0.007308,0.978388,0.608923,-0.178645,9.814478,0.008141,0.006593,-0.007843,-0.203886,-0.555000,-1.181579,100309.0000
1764075595496550797,2025-11-25 18:29:55.493,0.692339,2.444629,237.009026,0.038577,0.008700,0.978039,0.384309,0.046899,9.942629,0.004078,0.007396,-0.005476,-0.201482,-0.555934,-1.181119,100313.0000
1764075595585464982,2025-11-25 18:29:55.582,0.704229,2.458048,237.030602,0.036458,0.011216,0.978520,-0.016868,0.005207,9.615152,0.000629,-0.004691,-0.002178,-0.200046,-0.555948,-1.182103,100305.0000
1764075595696049723,2025-11-25 18:29:55.693,0.710244,2.505216,237.053940,0.040428,0.012131,0.978896,0.298953,0.215886,9.694262,0.000415,-0.012519,-0.006530,-0.202457,-0.557860,-1.181557,100309.0000
1764075595796867982,2025-11-25 18:29:55.793,0.703226,2.557693,237.079239,0.043526,0.008209,0.977460,0.278982,0.055987,9.681736,0.002482,-0.011057,0.007404,-0.200550,-0.559782,-1.182519,100312.0000
1764075595886604964,2025-11-25 18:29:55.883,0.693504,2.569450,237.102066,0.049879,0.008689,0.977259,0.524554,-0.100433,9.814894,0.000238,0.002238,-0.005183,-0.201988,-0.557888,-1.183008,100302.0000
1764075595996609463,2025-11-25 18:29:55.992,0.694289,2.520338,237.135086,0.048335,0.008946,0.975411,0.610457,-0.045697,9.839956,-0.000755,0.009636,-0.002070,-0.199579,-0.558812,-1.182067,100306.0000
1764075596085707167,2025-11-25 18:29:56.082,0.704927,2.460757,237.177162,0.044349,0.010073,0.977675,0.341358,0.070327,9.741768,0.003854,0.017164,-0.009597,-0.199598,-0.558863,-1.184473,100310.0000
1764075596196751612,2025-11-25 18:29:56.193,0.704105,2.417727,237.236763,0.038015,0.010113,0.976991,0.296028,-0.043750,9.814326,-0.001372,0.010130,-0.016734,-0.201036,-0.560740,-1.182497,100317.0000
1764075596286264834,2025-11-25 18:29:56.283,0.687194,2.421552,237.281433,0.034760,0.008620,0.977195,0.351414,-0.020022,9.777708,0.003631,-0.007682,-0.005204,-0.196707,-0.558840,-1.184034,100304.0000
1764075596396681371,2025-11-25 18:29:56.393,0.667360,2.459863,237.304840,0.038996,0.008415,0.977777,0.332493,0.064822,9.774901,-0.004481,-0.013547,0.003335,-0.200087,-0.560298,-1.184444,100311.0000
1764075596486048000,2025-11-25 18:29:56.483,0.653130,2.513015,237.336426,0.040564,0.007451,0.977692,0.388232,0.052609,9.720152,0.001123,-0.011396,-0.004957,-0.196700,-0.558819,-1.183072,100318.0000
1764075596585906963,2025-11-25 18:29:56.583,0.652846,2.563061,237.368271,0.046374,0.006169,0.978916,0.500406,0.029330,9.783793,-0.001778,-0.005708,-0.002337,-0.197674,-0.559800,-1.184006,100313.0000
1764075596696128407,2025-11-25 18:29:56.693,0.668107,2.573461,237.384453,0.046917,0.007900,0.979352,0.663673,0.132765,9.865521,0.009932,0.004391,-0.000780,-0.199096,-0.559278,-1.181584,100307.0000
1764075596786504185,2025-11-25 18:29:56.783,0.685728,2.539670,237.402039,0.047546,0.008199,0.977650,0.541912,0.141320,9.818712,0.003233,0.013337,0.002259,-0.198150,-0.560259,-1.183028,100315.0000
1764075596886338778,2025-11-25 18:29:56.883,0.705877,2.485748,237.413582,0.043034,0.009449,0.976840,0.157898,-0.044382,9.557527,0.005956,0.010638,-0.000140,-0.196712,-0.561208,-1.183035,100322.0000
1764075596996107889,2025-11-25 18:29:56.993,0.717683,2.429164,237.403496,0.040744,0.010952,0.975710,0.125777,0.288859,9.659048,-0.001839,0.005594,0.004266,-0.196698,-0.559287,-1.182583,100305.0000
1764075597086747926,2025-11-25 18:29:57.083,0.711069,2.385515,237.404854,0.038371,0.010914,0.978454,0.321828,-0.156671,9.839767,0.001395,0.001828,-0.001380,-0.192859,-0.559768,-1.183595,100312.0000
1764075597185760204,2025-11-25 18:29:57.182,0.692197,2.385618,237.412285,0.035926,0.010533,0.976868,0.520302,-0.000820,9.849696,-0.001473,-0.010642,0.001319,-0.196254,-0.561267,-1.185930,100307.0000
1764075597295776074,2025-11-25 18:29:57.292,0.671519,2.446764,237.421684,0.039890,0.010891,0.978834,0.717607,0.307155,9.768018,-0.002709,-0.016613,-0.007537,-0.196716,-0.559806,-1.184501,100305.0000
1764075597386148370,2025-11-25 18:29:57.383,0.669283,2.512409,237.431847,0.043787,0.006433,0.978493,0.357801,0.301861,9.771888,0.004424,-0.009790,-0.000981,-0.199124,-0.560294,-1.184458,100311.0000
1764075597485786703,2025-11-25 18:29:57.483,0.690641,2.540658,237.429398,0.048066,0.006867,0.977695,0.561755,0.448621,9.746548,0.004514,-0.003056,-0.000951,-0.195723,-0.558307,-1.181649,100312.0000
1764075597585804296,2025-11-25 18:29:57.582,0.718800,2.516503,237.405998,0.046779,0.010307,0.977681,0.432718,0.210037,9.852026,0.000308,0.015906,0.009820,-0.198141,-0.560706,-1.181577,100312.0000
1764075597695937055,2025-11-25 18:29:57.693,0.732138,2.435090,237.407349,0.043652,0.013008,0.977230,0.317437,-0.055835,9.793293,0.005306,0.016755,-0.007785,-0.197191,-0.561678,-1.182539,100318.0000
1764075597786695592,2025-11-25 18:29:57.783,0.719836,2.364550,237.397774,0.038655,0.011515,0.976561,0.124662,0.038552,9.776643,-0.004533,0.002822,0.002922,-0.196712,-0.559795,-1.184020,100307.0000
1764075597895689981,2025-11-25 18:29:57.892,0.707363,2.354966,237.399277,0.036039,0.010664,0.978221,0.556744,-0.030467,9.807685,0.003244,-0.006728,-0.009785,-0.194788,-0.559787,-1.184048,100317.0000
1764075597986537055,2025-11-25 18:29:57.983,0.702383,2.389996,237.402840,0.038003,0.009135,0.978462,0.460703,0.023954,9.789073,0.000332,-0.009014,0.003758,-0.197681,-0.560288,-1.184480,100309.0000
1764075598095957425,2025-11-25 18:29:58.092,0.713976,2.445132,237.391930,0.040106,0.006305,0.978708,0.468181,0.009046,9.911893,0.006089,-0.011612,0.005207,-0.197664,-0.558357,-1.183546,100306.0000
1764075598186562962,2025-11-25 18:29:58.183,0.747654,2.500887,237.372597,0.044659,0.011586,0.978410,0.338995,0.360832,9.605329,0.004438,-0.005260,0.001028,-0.199100,-0.560700,-1.181081,100305.0000
1764075598296212851,2025-11-25 18:29:58.293,0.766788,2.519737,237.360153,0.047342,0.013213,0.977518,0.563130,0.377106,9.838513,-0.000309,-0.000809,-0.000292,-0.201046,-0.561238,-1.183453,100310.0000
1764075598396106295,2025-11-25 18:29:58.393,0.745973,2.491476,237.353500,0.046932,0.013144,0.976247,0.452096,0.318567,9.780796,-0.009760,0.006694,0.001356,-0.199580,-0.562115,-1.180090,100307.0000
1764075598485356629,2025-11-25 18:29:58.483,0.710718,2.444155,237.344223,0.042104,0.010321,0.975551,0.127274,0.048868,9.759934,-0.007242,0.002460,0.002738,-0.199605,-0.560296,-1.184451,100310.0000
1764075598596344221,2025-11-25 18:29:58.593,0.680991,2.415653,237.350281,0.041510,0.010272,0.978115,0.458412,-0.146645,9.696917,-0.002272,0.004795,0.003304,-0.195736,-0.559283,-1.182597,100310.0000
1764075598685872406,2025-11-25 18:29:58.683,0.677498,2.421375,237.374619,0.040644,0.007440,0.978823,0.564442,0.059814,9.853021,0.003750,0.001108,-0.009508,-0.197663,-0.559769,-1.182562,100310.0000
1764075598795803147,2025-11-25 18:29:58.793,0.697388,2.453712,237.411575,0.040456,0.007035,0.977433,0.024974,0.128022,9.580705,0.011749,-0.003181,-0.000039,-0.198145,-0.559304,-1.183043,100314.0000
1764075598896074406,2025-11-25 18:29:58.893,0.727514,2.496343,237.456665,0.042799,0.008679,0.978069,0.636373,0.386241,9.828721,0.007583,-0.008654,-0.007832,-0.197190,-0.560732,-1.183035,100316.0000
1764075598997256184,2025-11-25 18:29:58.992,0.750862,2.533597,237.483177,0.044418,0.009560,0.975947,0.333607,-0.051879,9.693054,0.003756,-0.005820,0.003278,-0.196728,-0.562194,-1.184465,100310.0000
1764075599085928813,2025-11-25 18:29:59.083,0.751025,2.554521,237.489166,0.046568,0.011909,0.978011,0.304834,-0.174491,9.774611,-0.003723,-0.007596,-0.001199,-0.197174,-0.562104,-1.180125,100308.0000
1764075599196056813,2025-11-25 18:29:59.193,0.725564,2.537726,237.494476,0.048833,0.013244,0.976563,0.398815,0.171643,9.745004,-0.006504,0.006222,0.004574,-0.198624,-0.562599,-1.180578,100317.0000
1764075599295974980,2025-11-25 18:29:59.293,0.683227,2.494460,237.496361,0.045255,0.009763,0.976974,0.440101,0.266343,9.638504,-0.011822,0.009667,0.006037,-0.197673,-0.561680,-1.182532,100303.0000
1764075599386302350,2025-11-25 18:29:59.383,0.651355,2.453187,237.484352,0.044088,0.007390,0.979352,0.539875,0.194922,9.756341,-0.002844,0.011195,0.006481,-0.194326,-0.562193,-1.184982,100312.0000
1764075599485573924,2025-11-25 18:29:59.483,0.633027,2.444755,237.471298,0.039894,0.007024,0.977146,0.466932,0.153390,9.852368,-0.006186,-0.005575,0.004825,-0.196232,-0.560738,-1.183531,100310.0000
1764075599585482258,2025-11-25 18:29:59.582,0.652064,2.466180,237.461914,0.043972,0.007148,0.978521,0.631170,0.062036,9.680741,0.005180,0.000102,0.001667,-0.196252,-0.563147,-1.184457,100303.0000
1764075599696184554,2025-11-25 18:29:59.693,0.693836,2.482877,237.476334,0.042499,0.008984,0.977845,0.297594,0.055042,9.802810,0.009053,-0.008647,-0.009582,-0.198132,-0.558796,-1.181606,100310.0000
1764075599786009480,2025-11-25 18:29:59.783,0.727269,2.483167,237.493874,0.044954,0.009190,0.977376,0.553088,0.067684,9.735332,0.010769,0.002858,0.000837,-0.195753,-0.561214,-1.183531,100301.0000
1764075599895683072,2025-11-25 18:29:59.892,0.728824,2.474702,237.508453,0.044471,0.011977,0.978270,0.385982,0.333357,9.786359,0.001788,0.001961,-0.002545,-0.196716,-0.562163,-1.183021,100314.0000
1764075599986131091,2025-11-25 18:29:59.983,0.706381,2.470785,237.521179,0.045094,0.011966,0.976714,0.558432,-0.124424,9.723475,-0.004463,0.005219,-0.000855,-0.195735,-0.558338,-1.183093,100317.0000
1764075600095524665,2025-11-25 18:30:00.093,0.676900,2.457538,237.533562,0.045125,0.009404,0.978051,0.264219,0.030007,9.777682,-0.000790,0.004194,-0.006029,-0.197680,-0.561700,-1.183495,100313.0000
1764075600185443072,2025-11-25 18:30:00.183,0.666799,2.442063,237.545036,0.042685,0.006571,0.976080,0.517092,-0.163762,9.899464,0.000453,0.000165,-0.002579,-0.195743,-0.560716,-1.182575,100310.0000
1764075600296552202,2025-11-25 18:30:00.293,0.674691,2.436515,237.551109,0.043030,0.007631,0.977806,0.448257,-0.026411,9.904876,0.007629,0.002449,0.003773,-0.196230,-0.562619,-1.182058,100310.0000
1764075600385543016,2025-11-25 18:30:00.383,0.692096,2.440484,237.545128,0.041162,0.007716,0.978840,0.495600,-0.113213,9.779306,0.006285,0.000283,0.003683,-0.193824,-0.562608,-1.182093,100310.0000
1764075600496475387,2025-11-25 18:30:00.493,0.708254,2.437268,237.534775,0.044256,0.010558,0.978182,0.208337,0.035430,9.790056,0.003446,0.000559,0.003767,-0.195286,-0.563133,-1.183990,100314.0000
1764075600585825664,2025-11-25 18:30:00.583,0.716165,2.406085,237.527878,0.042542,0.011372,0.978199,0.207428,0.185881,9.586020,-0.001179,0.009428,0.000042,-0.197686,-0.563601,-1.182984,100307.0000
1764075600696351238,2025-11-25 18:30:00.693,0.721072,2.387455,237.528748,0.039191,0.010745,0.975481,0.206238,0.031737,9.681195,0.001907,-0.004041,0.004671,-0.195756,-0.561692,-1.183524,100311.0000
1764075600785725275,2025-11-25 18:30:00.783,0.729747,2.393753,237.513298,0.038970,0.009161,0.976770,0.590525,0.198681,9.772168,0.005869,-0.006894,0.004610,-0.195749,-0.561204,-1.183049,100318.0000
1764075600897182146,2025-11-25 18:30:00.893,0.739561,2.427360,237.509956,0.042947,0.011964,0.977359,0.527699,-0.006102,9.801789,0.005582,0.000056,0.000671,-0.197186,-0.562135,-1.181569,100305.0000
1764075600985356072,2025-11-25 18:30:00.983,0.743210,2.458034,237.537315,0.042158,0.011537,0.977656,0.828728,-0.102179,9.853439,0.002338,-0.006409,-0.012549,-0.193826,-0.560727,-1.183567,100310.0000
1764075601095625497,2025-11-25 18:30:01.093,0.747464,2.509392,237.568474,0.041479,0.010954,0.978265,0.185276,0.244261,9.810558,-0.003228,-0.010872,-0.011216,-0.198147,-0.562607,-1.181067,100314.0000
1764075601185420331,2025-11-25 18:30:01.183,0.747418,2.554746,237.595581,0.047428,0.008997,0.978403,0.538350,-0.137156,9.640238,0.011563,-0.004411,0.000263,-0.195742,-0.563541,-1.180606,100321.0000
1764075601285306905,2025-11-25 18:30:01.282,0.749395,2.558316,237.617706,0.048219,0.011112,0.977692,0.515293,0.428604,9.907783,0.003227,0.003196,-0.003748,-0.197202,-0.562176,-1.183495,100316.0000
1764075601385983534,2025-11-25 18:30:01.383,0.741854,2.531001,237.664040,0.046997,0.010686,0.976940,0.596859,0.084827,9.697571,-0.001082,0.006865,0.000641,-0.197167,-0.562084,-1.179163,100310.0000
1764075601495952368,2025-11-25 18:30:01.493,0.729389,2.513709,237.704025,0.042163,0.009690,0.977091,0.215545,0.143209,9.620173,-0.001766,0.001348,-0.010881,-0.195275,-0.564047,-1.182050,100318.0000
1764075601586315664,2025-11-25 18:30:01.583,0.724987,2.507622,237.715637,0.045142,0.008651,0.978782,0.597119,0.210706,9.737123,0.002209,-0.000054,0.003399,-0.193351,-0.562626,-1.183063,100310.0000
1764075601686404830,2025-11-25 18:30:01.683,0.723282,2.506536,237.725777,0.046274,0.010605,0.976345,0.209093,0.528849,9.594508,-0.001599,-0.002359,0.002069,-0.194798,-0.562643,-1.183523,100308.0000
1764075601796279590,2025-11-25 18:30:01.793,0.719074,2.500390,237.736320,0.048236,0.009926,0.977252,0.628247,-0.094141,9.897265,-0.003857,0.001266,-0.007803,-0.193357,-0.563114,-1.183537,100314.0000
1764075601896491904,2025-11-25 18:30:01.893,0.710289,2.480764,237.735306,0.044480,0.010119,0.974380,0.383123,0.038328,9.955499,-0.001245,0.001738,0.006935,-0.194328,-0.564084,-1.183990,100313.0000
1764075601985666738,2025-11-25 18:30:01.983,0.697689,2.473134,237.742332,0.044839,0.010413,0.978498,0.570355,-0.047157,9.846528,-0.006027,0.002021,-0.004782,-0.193342,-0.563073,-1.181611,100308.0000
1764075602095537589,2025-11-25 18:30:02.092,0.683012,2.476695,237.751213,0.043783,0.009337,0.979586,0.388001,0.045982,9.886910,-0.006788,-0.003648,-0.000443,-0.196249,-0.562670,-1.184465,100307.0000
1764075602186191386,2025-11-25 18:30:02.183,0.681820,2.476217,237.753448,0.044094,0.006892,0.979355,0.446351,0.129273,9.774293,0.004915,0.001651,0.005874,-0.195284,-0.563600,-1.183501,100310.0000
1764075602296019460,2025-11-25 18:30:02.293,0.694869,2.447684,237.739914,0.047144,0.008830,0.978125,0.563605,0.319520,9.755816,-0.002589,0.006316,0.011178,-0.194307,-0.560730,-1.183559,100302.0000
1764075602386314997,2025-11-25 18:30:02.383,0.700475,2.401419,237.721100,0.046102,0.011876,0.976467,0.443516,0.308744,9.764753,-0.001120,0.010422,-0.003865,-0.193360,-0.562179,-1.184514,100309.0000
1764075602496628182,2025-11-25 18:30:02.493,0.692220,2.358093,237.711525,0.040407,0.009307,0.975492,0.302023,0.077216,9.714506,0.001848,0.004951,0.002210,-0.193348,-0.561203,-1.183566,100312.0000
1764075602586313145,2025-11-25 18:30:02.583,0.672404,2.354474,237.707100,0.038823,0.009976,0.976568,0.260723,0.081119,9.711046,-0.005820,-0.006174,0.003632,-0.193822,-0.560717,-1.183085,100314.0000
1764075602695941071,2025-11-25 18:30:02.693,0.660728,2.371109,237.675148,0.040822,0.008151,0.979141,0.499496,-0.003581,9.783433,-0.001214,-0.002574,0.000755,-0.197685,-0.560298,-1.184961,100306.0000
1764075602795901182,2025-11-25 18:30:02.793,0.667308,2.381452,237.625443,0.041709,0.006045,0.977307,0.532783,-0.206497,9.899035,0.000629,-0.003976,0.006991,-0.195243,-0.556892,-1.182641,100312.0000
1764075602886316330,2025-11-25 18:30:02.883,0.705538,2.392037,237.562683,0.043599,0.007088,0.977171,0.467116,0.026498,9.641793,0.013023,-0.004774,0.029095,-0.197205,-0.561241,-1.184472,100311.0000
1764075602997097978,2025-11-25 18:30:02.993,0.751105,2.392713,237.500504,0.045082,0.012701,0.978737,0.458389,0.391519,9.818932,0.007706,0.000291,0.010853,-0.196233,-0.560271,-1.184020,100312.0000
1764075603085353237,2025-11-25 18:30:03.082,0.773173,2.386213,237.450493,0.044362,0.013774,0.977720,0.450314,0.213536,9.727962,0.009357,0.004724,0.013352,-0.196708,-0.561198,-1.182554,100309.0000
1764075603196013311,2025-11-25 18:30:03.193,0.757003,2.394286,237.415627,0.044379,0.014567,0.978579,0.242850,-0.074926,9.667235,-0.005623,0.002125,-0.004088,-0.196716,-0.563576,-1.182036,100304.0000
1764075603285377792,2025-11-25 18:30:03.283,0.718087,2.399738,237.395370,0.045206,0.011526,0.977686,0.509277,0.124794,9.710800,-0.000922,-0.000170,0.012736,-0.197666,-0.561192,-1.182058,100316.0000
1764075603396554274,2025-11-25 18:30:03.393,0.687548,2.374344,237.362000,0.045865,0.007234,0.977210,0.388067,0.194792,9.783951,-0.000284,0.001026,0.004933,-0.199584,-0.558355,-1.183037,100301.0000
1764075603485687403,2025-11-25 18:30:03.483,0.682826,2.324434,237.310242,0.042076,0.005687,0.977019,0.412485,-0.127025,9.850904,0.009277,0.005651,0.011706,-0.199599,-0.559808,-1.183977,100316.0000
1764075603596331996,2025-11-25 18:30:03.593,0.711733,2.286251,237.253838,0.039089,0.007189,0.975687,0.795588,0.169012,9.987864,0.005802,0.001709,0.011938,-0.197675,-0.562158,-1.182525,100310.0000
1764075603686481737,2025-11-25 18:30:03.683,0.755192,2.284064,237.175728,0.036588,0.011300,0.976655,0.489993,0.277665,9.782334,0.012304,-0.004090,0.023859,-0.200075,-0.558855,-1.183985,100314.0000
1764075603796268811,2025-11-25 18:30:03.793,0.777996,2.330342,237.083656,0.038363,0.014994,0.978188,0.185915,-0.047119,9.686553,0.000820,-0.009308,0.006715,-0.199111,-0.558373,-1.184006,100311.0000
1764075603886474107,2025-11-25 18:30:03.883,0.764252,2.398877,236.993660,0.041752,0.015225,0.978651,0.568633,0.181117,9.774491,-0.000855,-0.011516,0.023217,-0.202445,-0.556884,-1.180609,100317.0000
1764075603997081014,2025-11-25 18:30:03.993,0.726274,2.464240,236.923729,0.044628,0.013720,0.977997,0.347887,0.266574,9.745057,-0.005338,-0.010289,0.004954,-0.202941,-0.558340,-1.181542,100305.0000
1764075604086497329,2025-11-25 18:30:04.083,0.684770,2.507865,236.859840,0.048222,0.010427,0.977353,0.619689,-0.226184,9.830654,-0.005467,-0.005233,0.014279,-0.204389,-0.555531,-1.183972,100308.0000
1764075604195977755,2025-11-25 18:30:04.193,0.651699,2.518248,236.784180,0.050466,0.008177,0.978424,0.929942,0.140354,9.972444,0.002388,0.007280,0.012688,-0.203414,-0.558321,-1.180573,100311.0000
1764075604297436718,2025-11-25 18:30:04.293,0.646148,2.483156,236.715042,0.046041,0.007545,0.977046,0.276886,-0.226180,9.629410,0.001029,0.008034,0.017450,-0.205340,-0.555505,-1.182514,100314.0000
1764075604386214810,2025-11-25 18:30:04.383,0.661269,2.423490,236.649025,0.044775,0.010521,0.977586,0.216014,0.151468,9.526958,0.006786,0.004382,0.015436,-0.204857,-0.553612,-1.183513,100318.0000
1764075604496044477,2025-11-25 18:30:04.493,0.679931,2.391762,236.578903,0.040985,0.010048,0.976394,0.501591,0.355348,9.789448,-0.002534,-0.006922,0.004674,-0.207282,-0.557444,-1.183419,100306.0000
1764075604596739218,2025-11-25 18:30:04.593,0.699212,2.408523,236.503868,0.042930,0.010718,0.977218,0.603010,0.282006,9.831208,0.008827,-0.003961,0.016121,-0.205343,-0.556928,-1.182011,100311.0000
1764075604686607884,2025-11-25 18:30:04.683,0.705491,2.440232,236.439926,0.043033,0.011999,0.976790,0.110442,0.439655,9.553375,0.002799,-0.002969,0.008767,-0.210619,-0.553608,-1.181983,100314.0000
1764075604786875884,2025-11-25 18:30:04.783,0.701996,2.477402,236.390663,0.045663,0.011577,0.979328,0.580055,0.128597,9.917722,-0.001242,-0.004036,-0.005401,-0.207744,-0.555983,-1.181989,100313.0000
1764075604886179532,2025-11-25 18:30:04.883,0.684805,2.509224,236.337418,0.047042,0.010148,0.978728,0.817477,0.112294,10.051662,-0.003956,0.005966,0.015997,-0.209173,-0.553123,-1.182012,100311.0000
1764075604996277588,2025-11-25 18:30:04.993,0.658446,2.517214,236.282188,0.046964,0.011678,0.977580,0.538224,0.124013,9.830349,-0.003253,-0.000025,0.008674,-0.211124,-0.554616,-1.184369,100311.0000
1764075605095757884,2025-11-25 18:30:05.093,0.638013,2.480994,236.220032,0.048884,0.009490,0.978380,0.378352,-0.026116,9.690867,-0.000031,0.014405,0.013610,-0.212073,-0.554112,-1.182918,100306.0000
1764075605186661551,2025-11-25 18:30:05.183,0.624575,2.409287,236.156815,0.043721,0.009557,0.976723,0.347940,0.013865,9.792361,0.005091,0.010607,-0.001416,-0.212546,-0.554094,-1.181948,100308.0000
1764075605286504643,2025-11-25 18:30:05.283,0.627469,2.358333,236.102211,0.039160,0.008406,0.974935,0.417842,0.096420,9.745388,-0.004625,0.005191,0.011898,-0.214948,-0.550324,-1.183896,100301.0000
1764075605396156587,2025-11-25 18:30:05.393,0.639763,2.358652,236.039932,0.038670,0.008220,0.977169,0.191851,0.374510,9.888759,0.004451,-0.011155,0.009416,-0.211597,-0.553653,-1.183895,100305.0000
1764075605496223587,2025-11-25 18:30:05.493,0.661575,2.377888,235.972656,0.042269,0.009984,0.979169,0.493007,-0.200317,9.756286,0.008028,-0.004151,0.016670,-0.213036,-0.555062,-1.182407,100311.0000
1764075605585349328,2025-11-25 18:30:05.582,0.679818,2.425924,235.920883,0.042878,0.014515,0.978275,0.335141,0.563811,9.699186,0.004033,-0.007559,0.005737,-0.213013,-0.551230,-1.181984,100305.0000
1764075605686103884,2025-11-25 18:30:05.683,0.681417,2.484884,235.877594,0.045718,0.010535,0.977861,0.591341,-0.253607,9.953986,0.000881,-0.011185,0.015415,-0.214961,-0.553658,-1.183363,100310.0000
1764075605786051847,2025-11-25 18:30:05.783,0.670381,2.507813,235.841270,0.048893,0.014159,0.976860,0.510769,0.416415,9.634949,-0.005530,-0.001787,0.003433,-0.213472,-0.550704,-1.179578,100314.0000
1764075605895823439,2025-11-25 18:30:05.892,0.648013,2.474023,235.790779,0.048887,0.010574,0.976509,0.413148,0.081740,9.739048,-0.005731,0.009712,0.005362,-0.216882,-0.551298,-1.184335,100313.0000
1764075605985411420,2025-11-25 18:30:05.983,0.628235,2.414732,235.748352,0.043093,0.010973,0.976571,0.532326,-0.036247,9.769942,-0.007348,0.007952,0.000132,-0.214455,-0.547934,-1.183940,100314.0000
1764075606095615939,2025-11-25 18:30:06.092,0.617787,2.378655,235.716194,0.040121,0.008741,0.978502,0.496174,0.334460,9.643033,-0.002268,0.003404,0.007723,-0.215416,-0.549818,-1.182452,100316.0000
1764075606196358309,2025-11-25 18:30:06.193,0.619898,2.400802,235.683495,0.039124,0.009212,0.979485,0.236061,0.142320,9.845776,0.002330,-0.008339,-0.001022,-0.214919,-0.549775,-1.180534,100313.0000
1764075606286190365,2025-11-25 18:30:06.283,0.633893,2.442401,235.647018,0.043062,0.007758,0.977995,0.463095,0.107479,9.757405,0.008123,-0.006195,0.009292,-0.214950,-0.552214,-1.182904,100308.0000
1764075606385720957,2025-11-25 18:30:06.383,0.637381,2.466036,235.611137,0.044882,0.009615,0.977023,0.321752,-0.279026,9.735361,0.000095,-0.000559,0.011414,-0.214951,-0.550802,-1.183889,100301.0000
1764075606496042642,2025-11-25 18:30:06.493,0.632799,2.464243,235.555534,0.046431,0.012539,0.977201,0.441540,0.244241,9.776329,0.006617,-0.000480,0.013422,-0.215908,-0.551263,-1.182904,100314.0000
1764075606586268716,2025-11-25 18:30:06.583,0.613057,2.459565,235.483070,0.044914,0.012810,0.976723,0.737330,0.143868,9.929971,-0.007675,-0.000073,0.014434,-0.216866,-0.548900,-1.183890,100310.0000
1764075606696690142,2025-11-25 18:30:06.693,0.585317,2.443112,235.426750,0.043412,0.011669,0.977602,0.466863,-0.036049,9.814494,-0.003371,0.003901,0.003511,-0.218782,-0.550300,-1.181914,100311.0000
1764075606786209698,2025-11-25 18:30:06.783,0.556070,2.442670,235.402473,0.043831,0.009640,0.977144,0.377438,0.029501,9.633090,-0.005414,0.003549,-0.000867,-0.217346,-0.550314,-1.182898,100312.0000
1764075606896149753,2025-11-25 18:30:06.893,0.548751,2.465246,235.377434,0.043181,0.007591,0.976778,0.593414,0.175769,9.736888,0.002492,-0.005539,0.002799,-0.218274,-0.546456,-1.181017,100308.0000
1764075606997151087,2025-11-25 18:30:06.993,0.566281,2.484461,235.335274,0.042948,0.005912,0.977345,0.434409,0.136716,9.813910,0.004191,-0.004402,0.010386,-0.218775,-0.547455,-1.182920,100310.0000
1764075607086101235,2025-11-25 18:30:07.083,0.591946,2.483371,235.278748,0.045342,0.009578,0.977879,0.596008,0.038724,9.753819,0.012504,-0.000685,0.009157,-0.217819,-0.549351,-1.182424,100306.0000
1764075607196290568,2025-11-25 18:30:07.193,0.603471,2.458759,235.229248,0.045681,0.012104,0.979466,0.603585,-0.082000,9.909244,-0.006924,0.008720,-0.000126,-0.219245,-0.549784,-1.179988,100312.0000
1764075607285524605,2025-11-25 18:30:07.283,0.596937,2.430631,235.175064,0.044312,0.011861,0.979360,0.787976,-0.227284,9.978296,0.002931,0.006407,0.017315,-0.220222,-0.548884,-1.182396,100318.0000
1764075607386064383,2025-11-25 18:30:07.383,0.578830,2.409303,235.123665,0.043403,0.012826,0.977257,0.389756,0.261475,9.737155,-0.002332,0.008461,0.013630,-0.220224,-0.548417,-1.182884,100309.0000
1764075607496030808,2025-11-25 18:30:07.493,0.555800,2.414979,235.087311,0.042926,0.009789,0.976402,0.314976,0.021055,9.559388,0.002333,0.001093,0.003117,-0.220694,-0.549333,-1.180937,100315.0000
1764075607586282827,2025-11-25 18:30:07.583,0.548596,2.425800,235.067261,0.041644,0.009464,0.975309,0.128862,0.253795,9.657892,0.003046,0.004312,0.002043,-0.221187,-0.547008,-1.183855,100310.0000
1764075607686509401,2025-11-25 18:30:07.683,0.553103,2.449699,235.062080,0.042554,0.009640,0.975301,0.348148,0.293130,9.677230,0.004556,-0.007602,0.000085,-0.222128,-0.547429,-1.180945,100309.0000
1764075607786104938,2025-11-25 18:30:07.783,0.558655,2.456558,235.074623,0.042811,0.009228,0.977724,0.297722,-0.170959,9.892936,-0.005009,-0.007631,-0.007346,-0.219245,-0.547426,-1.181469,100311.0000
1764075607896703938,2025-11-25 18:30:07.893,0.555864,2.461218,235.085785,0.044192,0.009716,0.980095,0.885890,0.288419,10.028505,0.004111,-0.001145,0.003034,-0.219257,-0.549815,-1.181432,100313.0000
1764075607985656197,2025-11-25 18:30:07.983,0.551867,2.468508,235.104240,0.044105,0.010170,0.978702,0.381672,-0.218270,9.819945,0.001573,-0.002363,-0.005735,-0.220222,-0.548884,-1.182396,100305.0000
1764075608095789808,2025-11-25 18:30:08.093,0.550375,2.474078,235.125725,0.045295,0.009475,0.978383,0.633814,-0.050335,9.802621,0.003384,0.001159,-0.000117,-0.220216,-0.548396,-1.181922,100308.0000
1764075608196703790,2025-11-25 18:30:08.193,0.544503,2.467939,235.167908,0.045962,0.009594,0.977294,0.374627,-0.040076,9.745905,-0.002829,0.002691,-0.018384,-0.217791,-0.545976,-1.181031,100316.0000
1764075608285969549,2025-11-25 18:30:08.283,0.538643,2.474721,235.202194,0.045511,0.007589,0.976440,0.583632,0.130681,9.775798,-0.002493,-0.004470,-0.003377,-0.218763,-0.548837,-1.180491,100313.0000
1764075608386004401,2025-11-25 18:30:08.383,0.535723,2.448822,235.220337,0.045728,0.007935,0.976562,0.341322,0.151454,9.725299,0.000139,0.003123,-0.005143,-0.219751,-0.550793,-1.182373,100312.0000
1764075608496616067,2025-11-25 18:30:08.493,0.534280,2.384231,235.213921,0.044173,0.007041,0.977238,0.290592,-0.141136,9.819970,0.004967,0.012053,0.011986,-0.219262,-0.549358,-1.182402,100310.0000
1764075608586301586,2025-11-25 18:30:08.583,0.529815,2.336862,235.199135,0.040577,0.010643,0.978325,0.683540,0.365878,9.960838,-0.000661,0.002867,0.006413,-0.215898,-0.546995,-1.184414,100310.0000
1764075608696094530,2025-11-25 18:30:08.693,0.518855,2.307258,235.184464,0.038509,0.009276,0.978079,0.339095,0.124195,9.722903,-0.002737,0.005033,0.008776,-0.216389,-0.547495,-1.185363,100312.0000
1764075608786449530,2025-11-25 18:30:08.783,0.519683,2.306129,235.160667,0.037900,0.008423,0.978720,0.121051,0.085831,9.624493,-0.001200,-0.002611,0.003399,-0.215399,-0.548832,-1.181023,100312.0000
1764075608886995863,2025-11-25 18:30:08.883,0.525532,2.325629,235.129646,0.040519,0.008802,0.978049,0.330904,-0.070180,9.818217,0.000272,-0.001027,0.011760,-0.218310,-0.547493,-1.184853,100317.0000
1764075608996046271,2025-11-25 18:30:08.993,0.537226,2.365722,235.103828,0.040896,0.009549,0.975730,0.447117,0.271719,9.688211,0.004000,-0.009750,0.010640,-0.219732,-0.547916,-1.181936,100307.0000
1764075609086392270,2025-11-25 18:30:09.083,0.552464,2.409612,235.084267,0.044494,0.010147,0.977594,0.510705,0.128359,9.889607,0.007178,-0.004579,-0.002269,-0.218280,-0.545999,-1.181987,100316.0000
1764075609197256141,2025-11-25 18:30:09.193,0.566054,2.451596,235.068970,0.044684,0.011812,0.976257,0.504630,0.268329,9.725282,0.000938,-0.006873,0.010628,-0.220699,-0.550289,-1.180923,100316.0000
1764075609286286881,2025-11-25 18:30:09.283,0.561821,2.473878,235.066101,0.046602,0.011119,0.977337,0.653648,-0.181609,9.685975,-0.007179,0.000612,-0.000566,-0.219248,-0.548849,-1.180966,100310.0000
1764075609396406178,2025-11-25 18:30:09.393,0.547600,2.478712,235.042084,0.046332,0.010029,0.978299,0.385970,0.167464,9.861093,0.003005,-0.000187,0.002170,-0.221648,-0.548372,-1.180456,100310.0000
1764075609486313622,2025-11-25 18:30:09.483,0.541380,2.445986,235.032959,0.045817,0.009111,0.977920,0.575713,-0.025080,9.845648,0.001916,0.009168,-0.011603,-0.220219,-0.549819,-1.181418,100310.0000
1764075609586014659,2025-11-25 18:30:09.583,0.545594,2.385911,235.025993,0.040585,0.010438,0.978989,0.388038,0.197386,9.912675,0.002148,0.004181,0.004736,-0.217342,-0.547946,-1.183897,100311.0000
1764075609695752085,2025-11-25 18:30:09.693,0.547815,2.356844,235.043358,0.040005,0.011976,0.977895,0.308463,0.035859,9.731119,0.001053,0.002637,-0.002860,-0.217817,-0.547460,-1.183416,100315.0000
1764075609786165215,2025-11-25 18:30:09.783,0.537218,2.382173,235.065514,0.038701,0.010985,0.977985,0.378076,0.146767,9.771529,-0.004777,-0.004203,0.003620,-0.218774,-0.549335,-1.181447,100308.0000
1764075609896210455,2025-11-25 18:30:09.893,0.524374,2.430570,235.091110,0.043279,0.009184,0.976429,0.463097,0.131046,9.666136,0.010263,-0.004533,-0.005053,-0.217337,-0.548404,-1.182927,100312.0000
1764075609998369363,2025-11-25 18:30:09.993,0.512136,2.467865,235.133553,0.044663,0.009086,0.974672,0.227347,0.435482,9.600071,-0.005472,-0.004217,-0.008839,-0.216839,-0.548828,-1.180520,100314.0000
1764075610095628066,2025-11-25 18:30:10.093,0.506794,2.485198,235.184494,0.044268,0.007490,0.976581,0.420107,0.028644,9.882756,0.002996,-0.003779,-0.009562,-0.219237,-0.547406,-1.180506,100311.0000
1764075610186318325,2025-11-25 18:30:10.183,0.506848,2.500239,235.236420,0.043264,0.007768,0.978088,0.140912,-0.186402,9.499229,0.000746,-0.010280,0.000016,-0.215886,-0.548377,-1.181986,100309.0000
1764075610296135492,2025-11-25 18:30:10.293,0.517453,2.501183,235.279747,0.045750,0.008305,0.980722,0.080185,0.066612,9.699937,0.007748,0.004387,0.000958,-0.217811,-0.549331,-1.181461,100317.0000
1764075610395876714,2025-11-25 18:30:10.393,0.524072,2.467294,235.326385,0.045898,0.009530,0.980654,0.538439,-0.045459,9.884726,-0.000955,0.008464,-0.012308,-0.216388,-0.551733,-1.182409,100312.0000
1764075610496066862,2025-11-25 18:30:10.493,0.527635,2.421564,235.373459,0.043897,0.008285,0.978219,0.630702,0.035890,9.908295,0.005842,0.008510,0.000520,-0.217809,-0.548853,-1.181468,100311.0000
1764075610585568177,2025-11-25 18:30:10.583,0.527485,2.394762,235.430992,0.042228,0.009197,0.975482,0.132692,-0.259699,9.662067,-0.001071,0.005275,-0.007645,-0.215418,-0.551708,-1.181460,100304.0000
1764075610685353695,2025-11-25 18:30:10.682,0.530173,2.385376,235.493439,0.042361,0.009915,0.975018,0.352978,0.097444,9.761991,-0.002530,-0.002472,-0.012301,-0.212523,-0.550262,-1.181525,100305.0000
1764075610785373732,2025-11-25 18:30:10.783,0.521480,2.357537,235.552856,0.042605,0.008208,0.975834,0.365909,-0.101365,9.686785,0.003374,0.007022,-0.002698,-0.214956,-0.552702,-1.183378,100314.0000
1764075610896896695,2025-11-25 18:30:10.892,0.513418,2.310141,235.598526,0.039349,0.007376,0.977825,0.469105,0.034565,9.917562,0.001228,0.000359,-0.016394,-0.211571,-0.550756,-1.182494,100310.0000
1764075610996684492,2025-11-25 18:30:10.992,0.509598,2.294874,235.649384,0.038320,0.008859,0.979025,0.217957,-0.041233,9.664352,0.000006,-0.002364,-0.004612,-0.209173,-0.552178,-1.182508,100309.0000
1764075611085750399,2025-11-25 18:30:11.082,0.503376,2.330413,235.712219,0.041185,0.009273,0.981193,0.435522,-0.221903,9.927666,-0.001139,-0.004704,-0.018343,-0.209659,-0.551723,-1.183471,100316.0000
1764075611196304343,2025-11-25 18:30:11.193,0.489892,2.385429,235.772476,0.043705,0.008538,0.977939,0.588942,-0.129146,9.766296,-0.003572,-0.004659,-0.014564,-0.209181,-0.553144,-1.182975,100316.0000
1764075611287820380,2025-11-25 18:30:11.283,0.480459,2.391778,235.832390,0.043614,0.006566,0.976440,0.115695,0.336319,9.839931,0.010026,-0.002828,-0.015683,-0.212073,-0.552700,-1.183902,100315.0000
1764075611396358639,2025-11-25 18:30:11.393,0.494543,2.361213,235.896133,0.046868,0.005178,0.975838,0.423689,-0.060482,9.547297,0.002357,0.007978,-0.005271,-0.207733,-0.552182,-1.183011,100302.0000
1764075611486624306,2025-11-25 18:30:11.483,0.514170,2.294919,235.947289,0.041087,0.008606,0.976709,0.369869,0.231584,9.765796,0.001630,0.006045,-0.017839,-0.208250,-0.553221,-1.186840,100312.0000
1764075611596872862,2025-11-25 18:30:11.593,0.526391,2.244181,235.996605,0.040572,0.008761,0.977101,0.698578,0.418026,9.732976,-0.002082,0.003037,0.003042,-0.207736,-0.551247,-1.183988,100314.0000
1764075611686314565,2025-11-25 18:30:11.683,0.540909,2.213274,236.046188,0.036730,0.007628,0.978166,0.303963,-0.051375,9.765862,0.004190,-0.001997,-0.012119,-0.204857,-0.553612,-1.183513,100312.0000
1764075611796107010,2025-11-25 18:30:11.793,0.556449,2.210586,236.096230,0.037362,0.010491,0.978388,0.584033,0.252295,9.702349,-0.000926,-0.004852,-0.009456,-0.206307,-0.554107,-1.183966,100313.0000
1764075611896401139,2025-11-25 18:30:11.893,0.560966,2.265554,236.151306,0.035706,0.008881,0.977310,0.344259,0.126554,9.684399,0.000475,-0.013337,-0.001224,-0.202945,-0.554579,-1.184489,100318.0000
1764075611996807676,2025-11-25 18:30:11.992,0.549640,2.356752,236.183029,0.041766,0.009395,0.978955,0.525219,0.223974,9.773129,-0.001196,-0.012968,-0.004367,-0.204381,-0.554565,-1.183505,100302.0000
1764075612095375658,2025-11-25 18:30:12.092,0.537499,2.407230,236.226700,0.045323,0.008017,0.976437,0.576511,0.102481,9.666800,-0.000777,-0.006518,-0.005875,-0.204854,-0.555960,-1.181550,100318.0000
1764075612186018806,2025-11-25 18:30:12.183,0.524760,2.413560,236.274811,0.047017,0.009757,0.976556,0.345370,-0.024646,9.702679,-0.001940,-0.005391,-0.011808,-0.206314,-0.555540,-1.183943,100310.0000
1764075612296242546,2025-11-25 18:30:12.293,0.516139,2.365831,236.343224,0.046314,0.007859,0.977879,0.497996,0.180973,9.733588,0.001426,0.006587,-0.005869,-0.202933,-0.555961,-1.182060,100308.0000
1764075612396304824,2025-11-25 18:30:12.393,0.523026,2.314837,236.413750,0.042438,0.006991,0.978609,0.259847,0.170761,9.708888,0.004655,0.004503,-0.007354,-0.205353,-0.556480,-1.183462,100315.0000
1764075612496968176,2025-11-25 18:30:12.493,0.543811,2.290323,236.483810,0.040268,0.007083,0.977532,0.584951,0.282541,9.775361,0.001875,-0.000088,-0.010231,-0.203900,-0.555508,-1.183016,100313.0000
1764075612596673491,2025-11-25 18:30:12.593,0.573739,2.293051,236.542336,0.040740,0.007771,0.978070,0.316227,-0.146064,9.705796,0.011583,0.007383,-0.007979,-0.201496,-0.556443,-1.182556,100314.0000
1764075612686352509,2025-11-25 18:30:12.683,0.591407,2.298439,236.581215,0.039448,0.010859,0.976912,0.528929,0.091940,9.844344,0.000734,-0.000240,-0.013310,-0.197640,-0.557350,-1.181154,100306.0000
1764075612796117342,2025-11-25 18:30:12.793,0.584297,2.320129,236.622452,0.038277,0.011620,0.976007,0.384641,-0.087706,9.807493,-0.001901,-0.006172,-0.011963,-0.200059,-0.559282,-1.181571,100314.0000
1764075612896556676,2025-11-25 18:30:12.893,0.564640,2.375963,236.659691,0.039020,0.009750,0.976885,0.589136,-0.083252,9.976426,-0.003799,-0.015979,-0.002116,-0.200552,-0.557902,-1.183992,100314.0000
1764075612985718861,2025-11-25 18:30:12.983,0.540616,2.421762,236.672028,0.044955,0.008883,0.978823,0.589083,0.020987,9.784228,0.001289,-0.009988,0.000382,-0.202460,-0.556925,-1.182534,100314.0000
1764075613096830083,2025-11-25 18:30:13.093,0.526280,2.420787,236.681015,0.046337,0.008513,0.978462,0.535740,0.050248,9.721821,-0.005104,-0.003659,-0.005241,-0.200565,-0.558878,-1.184940,100309.0000
1764075613196239157,2025-11-25 18:30:13.193,0.527627,2.373462,236.675903,0.046212,0.007383,0.977256,0.435142,0.254282,9.600918,0.001617,0.008966,0.017166,-0.200542,-0.557404,-1.183037,100315.0000
1764075613286191731,2025-11-25 18:30:13.283,0.553932,2.313785,236.670212,0.042853,0.007080,0.977948,0.563689,-0.055398,9.803681,0.004565,0.006152,-0.002939,-0.202497,-0.558907,-1.185875,100316.0000
1764075613396171712,2025-11-25 18:30:13.393,0.582406,2.298323,236.698090,0.039944,0.010387,0.976643,0.320649,0.115138,9.827628,0.009681,-0.002097,-0.006378,-0.198145,-0.559304,-1.183043,100308.0000
1764075613496485138,2025-11-25 18:30:13.493,0.595329,2.340393,236.735931,0.040429,0.011777,0.978010,0.642064,0.236671,9.753877,-0.004103,-0.013288,-0.005406,-0.197192,-0.560265,-1.183524,100313.0000
1764075613586922842,2025-11-25 18:30:13.583,0.594685,2.387477,236.750366,0.043924,0.009541,0.979147,0.180172,0.108657,9.766815,0.000334,-0.008870,0.000034,-0.201028,-0.560719,-1.181534,100314.0000
1764075613695853749,2025-11-25 18:30:13.693,0.579531,2.397349,236.742966,0.047656,0.010745,0.978327,0.674908,0.468394,9.819936,-0.009292,-0.004555,-0.000187,-0.199577,-0.556922,-1.183059,100313.0000
1764075613796806620,2025-11-25 18:30:13.793,0.557291,2.364746,236.751831,0.045958,0.009255,0.976307,0.248046,0.000862,9.722673,-0.003214,0.001848,0.008636,-0.198626,-0.556003,-1.185013,100313.0000
1764075613885842971,2025-11-25 18:30:13.883,0.551480,2.346162,236.767578,0.044365,0.008200,0.976091,0.502770,0.020924,9.671951,-0.005268,0.000675,-0.010685,-0.199098,-0.557397,-1.183058,100314.0000
1764075613986153582,2025-11-25 18:30:13.983,0.575404,2.326218,236.787254,0.042264,0.006192,0.977244,0.443696,0.257400,9.877851,0.006137,0.005135,-0.001737,-0.200073,-0.558378,-1.183992,100318.0000
1764075614095610971,2025-11-25 18:30:14.092,0.610430,2.308754,236.801445,0.039708,0.009402,0.977272,0.492560,0.359913,9.858022,-0.003371,-0.001749,-0.007952,-0.199583,-0.558823,-1.182548,100314.0000
1764075614198382193,2025-11-25 18:30:14.193,0.635946,2.321362,236.818810,0.040576,0.009990,0.978209,0.383405,0.116718,9.727401,0.006744,-0.003953,0.002811,-0.196686,-0.556899,-1.182620,100316.0000
1764075614286337323,2025-11-25 18:30:14.283,0.638349,2.328758,236.835190,0.044771,0.014070,0.980844,0.530653,0.185970,9.882429,-0.011552,0.005091,-0.015147,-0.198139,-0.558816,-1.182569,100315.0000
1764075614396376267,2025-11-25 18:30:14.393,0.618753,2.321011,236.865814,0.043198,0.011693,0.977467,0.287263,0.259757,9.693007,-0.000757,-0.001236,-0.006528,-0.196711,-0.558850,-1.184516,100312.0000
1764075614495771452,2025-11-25 18:30:14.493,0.588656,2.326238,236.906723,0.043862,0.008398,0.976945,0.634255,0.091157,9.789499,-0.002477,-0.003582,-0.009354,-0.198153,-0.556966,-1.185487,100317.0000
1764075614586428008,2025-11-25 18:30:14.583,0.581484,2.353121,236.945290,0.042668,0.005492,0.974401,0.414734,-0.376194,9.795223,0.005340,-0.009825,0.001822,-0.198166,-0.560300,-1.184954,100313.0000
1764075614696624600,2025-11-25 18:30:14.693,0.594115,2.368396,236.986282,0.044496,0.008390,0.975658,0.338939,0.138144,9.689349,-0.001720,-0.000053,-0.000353,-0.197178,-0.557399,-1.183568,100311.0000
1764075614796167915,2025-11-25 18:30:14.793,0.614387,2.366670,237.013290,0.041846,0.009955,0.978603,0.288309,0.154191,9.619211,0.000976,-0.006289,-0.005953,-0.198134,-0.560686,-1.180614,100317.0000
1764075614885813341,2025-11-25 18:30:14.883,0.618759,2.350253,237.026703,0.044396,0.009815,0.979175,0.612494,0.351526,9.752454,-0.000235,-0.000795,0.005589,-0.197178,-0.559757,-1.182087,100310.0000
1764075614997091804,2025-11-25 18:30:14.993,0.607653,2.344315,237.031311,0.041803,0.010533,0.978507,0.528593,0.165843,9.754328,-0.002400,-0.000207,0.000404,-0.199113,-0.558851,-1.183999,100316.0000
1764075615095874841,2025-11-25 18:30:15.092,0.595000,2.360389,237.020233,0.042833,0.008834,0.976600,0.483762,0.227494,9.797318,-0.004908,-0.006310,0.001403,-0.197179,-0.559289,-1.182576,100314.0000
1764075615197367971,2025-11-25 18:30:15.193,0.602306,2.382281,237.018318,0.044342,0.007974,0.977416,0.403796,-0.197536,9.551158,0.004980,-0.006263,0.004108,-0.198147,-0.561194,-1.182051,100310.0000
1764075615296119433,2025-11-25 18:30:15.293,0.621423,2.396267,237.041824,0.045978,0.009436,0.978403,0.336970,0.032903,9.806266,0.005439,0.000160,-0.005946,-0.199122,-0.559817,-1.184466,100308.0000
1764075615386328396,2025-11-25 18:30:15.383,0.636847,2.406242,237.060471,0.046860,0.010338,0.977502,0.606466,0.212629,9.665179,0.003098,0.004310,0.003965,-0.198139,-0.558816,-1.182569,100310.0000
1764075615496675248,2025-11-25 18:30:15.493,0.645519,2.370863,237.068382,0.046756,0.011164,0.978145,0.335032,0.154610,9.869852,0.003556,0.007852,0.001838,-0.197186,-0.558365,-1.184034,100312.0000
1764075615596310767,2025-11-25 18:30:15.593,0.633031,2.320591,237.082428,0.042225,0.011710,0.976191,0.416798,0.117700,9.706573,-0.001673,0.007994,0.005115,-0.196696,-0.561167,-1.181110,100315.0000
1764075615696387915,2025-11-25 18:30:15.693,0.619829,2.281703,237.109749,0.039835,0.010451,0.977672,0.043098,0.015750,9.612356,-0.001212,0.005410,-0.011804,-0.198138,-0.561641,-1.180599,100305.0000
1764075615796526026,2025-11-25 18:30:15.793,0.622281,2.279044,237.136208,0.039965,0.007626,0.977415,0.530643,-0.003758,9.765030,0.001864,-0.003491,0.000166,-0.196223,-0.559773,-1.183064,100318.0000
1764075615896230470,2025-11-25 18:30:15.893,0.635917,2.302950,237.170670,0.042366,0.007968,0.977289,0.256897,0.079120,9.628712,-0.000784,-0.006976,-0.004092,-0.194764,-0.559726,-1.181160,100312.0000
1764075615987842952,2025-11-25 18:30:15.984,0.642665,2.343807,237.196014,0.043832,0.010327,0.978497,0.527322,0.166033,9.842170,0.000334,-0.009208,-0.002795,-0.194307,-0.560730,-1.183559,100314.0000
1764075616095514044,2025-11-25 18:30:16.092,0.634066,2.367848,237.218987,0.045847,0.010792,0.977250,0.477213,-0.085868,9.838596,-0.006951,-0.003119,-0.002880,-0.197174,-0.559747,-1.181606,100315.0000
1764075616196089081,2025-11-25 18:30:16.193,0.614236,2.360663,237.235352,0.045319,0.009776,0.977138,0.463373,-0.107809,9.706367,-0.003947,-0.000397,0.001212,-0.197658,-0.558814,-1.182576,100309.0000
1764075616285974303,2025-11-25 18:30:16.283,0.600603,2.311594,237.224304,0.046087,0.007963,0.977314,0.671691,0.213855,9.802538,-0.003932,0.006308,-0.002074,-0.194305,-0.560252,-1.183567,100308.0000
1764075616395832248,2025-11-25 18:30:16.392,0.606941,2.260564,237.201653,0.041101,0.006398,0.977486,0.440868,0.079951,9.891719,0.009293,0.002161,0.005789,-0.195752,-0.560269,-1.184027,100317.0000
1764075616497050970,2025-11-25 18:30:16.493,0.619339,2.258871,237.188538,0.040435,0.009947,0.978315,0.342930,0.011965,9.812294,0.002292,-0.004447,-0.004102,-0.195740,-0.559293,-1.183079,100314.0000
1764075616586925192,2025-11-25 18:30:16.583,0.625746,2.284132,237.191193,0.040181,0.009890,0.978457,0.683407,-0.079561,9.930449,0.005857,-0.009337,0.003151,-0.195729,-0.557850,-1.182619,100314.0000
1764075616696905988,2025-11-25 18:30:16.693,0.626767,2.305810,237.193268,0.043889,0.010711,0.977848,0.461328,0.092725,9.822145,0.006667,-0.003705,0.003411,-0.196695,-0.560222,-1.181605,100312.0000
1764075616786451507,2025-11-25 18:30:16.783,0.634962,2.307750,237.178131,0.044959,0.010278,0.978323,0.650366,-0.154764,9.848051,0.006485,0.000966,-0.001559,-0.196202,-0.557832,-1.181649,100305.0000
1764075616886308895,2025-11-25 18:30:16.883,0.643210,2.284223,237.157219,0.044435,0.010611,0.976948,0.453310,0.304344,9.890217,0.001725,0.003443,0.001267,-0.197195,-0.557917,-1.185486,100313.0000
1764075616996196636,2025-11-25 18:30:16.993,0.650926,2.258267,237.123245,0.042517,0.008492,0.976642,0.529569,-0.301748,9.824498,0.001307,-0.000377,0.000594,-0.198140,-0.559761,-1.182073,100315.0000
1764075617095667599,2025-11-25 18:30:17.093,0.656733,2.255463,237.074898,0.042471,0.011072,0.976115,0.613080,0.045640,9.852282,0.008670,-0.005462,0.014374,-0.197161,-0.556413,-1.182139,100314.0000
1764075617185457599,2025-11-25 18:30:17.183,0.652679,2.257186,237.043312,0.042658,0.012494,0.976824,0.521911,0.078665,9.734989,-0.002087,-0.004285,0.004863,-0.200092,-0.559841,-1.185414,100316.0000
1764075617296152080,2025-11-25 18:30:17.293,0.652312,2.267580,237.014603,0.043793,0.010022,0.979455,0.039511,0.093653,9.659554,-0.002629,-0.004138,0.009182,-0.198144,-0.557413,-1.184035,100307.0000
1764075617386670636,2025-11-25 18:30:17.383,0.654833,2.278079,236.999397,0.042503,0.011884,0.977677,0.327284,0.256199,9.646359,0.002478,-0.000704,-0.006557,-0.199085,-0.556889,-1.181621,100309.0000
1764075617496824951,2025-11-25 18:30:17.493,0.657079,2.307447,237.014465,0.041145,0.012602,0.977216,0.415916,0.638613,9.778937,-0.006956,-0.004862,-0.008053,-0.199090,-0.558790,-1.181111,100308.0000
1764075617597556080,2025-11-25 18:30:17.593,0.659073,2.333063,237.054924,0.041362,0.007937,0.977038,0.320406,-0.316133,9.955795,-0.000662,-0.010138,-0.004738,-0.199107,-0.558363,-1.183525,100316.0000
1764075617696783617,2025-11-25 18:30:17.693,0.659282,2.336219,237.073898,0.045705,0.009090,0.978431,0.556539,0.238117,9.779322,-0.003980,-0.003386,0.005574,-0.197648,-0.558316,-1.181620,100318.0000
1764075617798153265,2025-11-25 18:30:17.793,0.659908,2.313560,237.084038,0.045297,0.009700,0.978454,0.606244,0.045405,9.878733,0.001333,0.006278,-0.012805,-0.198152,-0.559792,-1.183517,100312.0000
1764075617886543802,2025-11-25 18:30:17.883,0.652414,2.277829,237.090141,0.044878,0.010062,0.977480,0.793929,0.298607,9.975675,-0.000963,0.007490,0.001618,-0.197665,-0.560247,-1.182554,100316.0000
1764075617996805006,2025-11-25 18:30:17.993,0.645037,2.266435,237.085892,0.042335,0.009435,0.975539,0.251942,0.163158,9.643491,0.001320,0.002849,-0.000955,-0.198641,-0.558402,-1.185457,100310.0000
1764075618096230284,2025-11-25 18:30:18.092,0.641336,2.265400,237.065338,0.041967,0.009653,0.976666,0.448263,0.176853,9.820741,-0.002081,-0.004422,0.004976,-0.198634,-0.559326,-1.183999,100318.0000
1764075618186252950,2025-11-25 18:30:18.183,0.638532,2.278614,237.046104,0.041235,0.009727,0.977805,0.721587,-0.125904,10.015814,-0.000109,-0.002244,0.004979,-0.200551,-0.556957,-1.184488,100312.0000
1764075618296038561,2025-11-25 18:30:18.293,0.649469,2.303003,237.029762,0.039196,0.009620,0.977593,0.087896,0.144839,9.676419,0.008841,-0.010524,0.014610,-0.199089,-0.557845,-1.181606,100316.0000
1764075618385925320,2025-11-25 18:30:18.383,0.670651,2.348877,236.990433,0.042373,0.010516,0.977392,0.282345,0.164575,9.586559,0.003374,-0.016574,0.008813,-0.199134,-0.560792,-1.185414,100311.0000
1764075618496058783,2025-11-25 18:30:18.493,0.681519,2.381176,236.953201,0.048120,0.011301,0.978903,0.501370,0.076997,9.806968,0.001505,-0.007091,0.002057,-0.200045,-0.557361,-1.181118,100315.0000
1764075618596523765,2025-11-25 18:30:18.593,0.677634,2.378712,236.919991,0.047824,0.011456,0.977659,0.671671,0.173641,9.971036,-0.002091,-0.001630,0.003325,-0.200505,-0.556835,-1.178712,100312.0000
1764075618685949209,2025-11-25 18:30:18.683,0.667323,2.360875,236.889885,0.047955,0.010823,0.977760,0.349237,0.079837,9.643308,-0.001339,0.012038,0.010728,-0.200069,-0.558367,-1.183511,100307.0000
1764075618795975505,2025-11-25 18:30:18.793,0.646237,2.331993,236.875221,0.046947,0.009432,0.978392,0.614253,0.092518,9.863421,-0.005010,0.006418,-0.000482,-0.199598,-0.558863,-1.184473,100309.0000
1764075618896321265,2025-11-25 18:30:18.893,0.643549,2.313055,236.863625,0.044453,0.006935,0.977328,0.648412,-0.049991,9.920476,0.004496,0.002289,0.006921,-0.201037,-0.555557,-1.185947,100311.0000
1764075618996831987,2025-11-25 18:30:18.993,0.657399,2.323385,236.849068,0.040971,0.009833,0.976866,0.266071,0.154665,9.660344,0.010416,-0.005830,0.003518,-0.201000,-0.555932,-1.181126,100306.0000
1764075619085915598,2025-11-25 18:30:19.082,0.682129,2.318282,236.828163,0.044942,0.010621,0.977584,0.338938,0.265125,9.537436,-0.001324,-0.004804,0.009152,-0.200524,-0.556886,-1.181119,100312.0000
1764075619196092635,2025-11-25 18:30:19.193,0.689223,2.292950,236.800049,0.044600,0.013001,0.977419,0.517571,0.240459,9.784245,-0.002643,-0.004787,-0.002915,-0.202927,-0.556419,-1.181090,100315.0000
1764075619286381968,2025-11-25 18:30:19.283,0.675067,2.260848,236.756027,0.043788,0.010717,0.976865,0.579928,0.397982,9.829268,-0.001502,0.001148,0.008903,-0.202453,-0.555492,-1.182556,100316.0000
1764075619395965338,2025-11-25 18:30:19.393,0.653538,2.248474,236.708885,0.042229,0.010015,0.976733,0.246069,0.004864,9.750046,0.002470,0.002153,0.008021,-0.205336,-0.555495,-1.182032,100322.0000
1764075619496597820,2025-11-25 18:30:19.493,0.651331,2.266004,236.669144,0.040879,0.009925,0.977869,0.641143,0.373875,9.735554,-0.000524,0.002134,0.014467,-0.202435,-0.554973,-1.180638,100314.0000
1764075619586627746,2025-11-25 18:30:19.583,0.667689,2.283417,236.640099,0.040391,0.008892,0.978150,0.311046,0.006592,9.806195,0.003595,-0.009224,0.004125,-0.205330,-0.555007,-1.181558,100322.0000
1764075619696551986,2025-11-25 18:30:19.693,0.690757,2.286265,236.613983,0.043427,0.011183,0.978662,0.403415,0.177568,9.636466,0.005862,-0.003159,0.010694,-0.203426,-0.556939,-1.183002,100314.0000
1764075619785746616,2025-11-25 18:30:19.783,0.720553,2.290698,236.615257,0.043117,0.013577,0.979035,0.526561,0.076041,9.784313,0.001777,-0.010733,-0.010135,-0.203401,-0.554988,-1.181105,100316.0000
1764075619896162394,2025-11-25 18:30:19.893,0.730340,2.296986,236.627975,0.045079,0.011908,0.978658,0.690975,0.030895,9.966905,0.001980,-0.000851,0.004728,-0.205330,-0.555007,-1.181558,100313.0000
1764075619995550653,2025-11-25 18:30:19.992,0.724768,2.282523,236.626663,0.045957,0.012290,0.977397,0.593372,0.143459,9.715688,0.001024,0.008696,-0.000930,-0.205351,-0.556948,-1.182973,100311.0000
1764075620095491116,2025-11-25 18:30:20.092,0.713021,2.278126,236.641075,0.044395,0.012183,0.975883,0.166335,-0.097697,9.783532,-0.001783,0.009874,-0.005570,-0.204364,-0.554992,-1.181091,100313.0000
1764075620185455801,2025-11-25 18:30:20.183,0.708381,2.286258,236.670540,0.041390,0.011269,0.974865,0.646008,0.096305,9.925762,0.002372,0.000509,-0.004024,-0.202922,-0.554518,-1.181601,100316.0000
1764075620286205023,2025-11-25 18:30:20.283,0.704280,2.300679,236.705055,0.040340,0.010086,0.975789,0.173701,0.076913,9.669048,-0.002153,-0.011655,0.001470,-0.204861,-0.558338,-1.181033,100311.0000
1764075620396318060,2025-11-25 18:30:20.393,0.688867,2.307867,236.717239,0.043573,0.010129,0.978448,0.556749,0.079089,9.790864,-0.006381,-0.008711,0.001438,-0.202915,-0.555443,-1.180142,100308.0000
1764075620486383153,2025-11-25 18:30:20.483,0.669220,2.305485,236.709702,0.045404,0.011104,0.980182,0.619878,0.036090,9.805018,0.001893,0.000372,0.003894,-0.203877,-0.555447,-1.180128,100314.0000
1764075620595988801,2025-11-25 18:30:20.593,0.642120,2.310425,236.715096,0.044130,0.009792,0.979239,0.411625,0.092591,9.880617,-0.007429,0.003131,0.006469,-0.201958,-0.553569,-1.182112,100314.0000
1764075620686192819,2025-11-25 18:30:20.683,0.632675,2.323241,236.726410,0.046157,0.008129,0.978633,0.482917,0.206791,9.676527,-0.002421,0.002716,-0.002439,-0.203422,-0.555984,-1.183016,100310.0000
1764075620795794152,2025-11-25 18:30:20.793,0.645611,2.322305,236.754593,0.046423,0.008793,0.978650,0.391466,0.127070,9.769243,0.001289,0.007065,-0.005901,-0.202913,-0.553553,-1.181134,100312.0000
1764075620887050634,2025-11-25 18:30:20.883,0.676647,2.283852,236.782799,0.044134,0.008294,0.975572,0.354840,-0.120117,9.811908,0.003854,0.005712,0.004238,-0.203425,-0.557407,-1.182513,100311.0000
1764075620996059356,2025-11-25 18:30:20.993,0.707906,2.213992,236.811935,0.040239,0.011921,0.975194,0.261396,0.111196,9.670070,0.007212,0.005697,-0.006200,-0.200536,-0.556916,-1.182563,100312.0000
1764075621095605782,2025-11-25 18:30:21.093,0.710688,2.165458,236.848038,0.038786,0.012977,0.976086,0.535490,0.156835,9.729912,0.001107,-0.003362,-0.009598,-0.200540,-0.557872,-1.182548,100310.0000
1764075621186778819,2025-11-25 18:30:21.183,0.686809,2.181150,236.867783,0.038661,0.011461,0.978468,0.362014,0.208575,9.659704,-0.000926,-0.010738,0.005499,-0.200047,-0.556894,-1.181607,100314.0000
1764075621296180819,2025-11-25 18:30:21.293,0.651929,2.215349,236.870911,0.043882,0.010461,0.979691,0.506521,0.082146,9.886325,-0.004829,-0.001786,-0.006888,-0.201014,-0.554083,-1.184044,100314.0000
1764075621396085948,2025-11-25 18:30:21.392,0.623232,2.234301,236.885986,0.044085,0.009537,0.979067,0.410966,-0.244278,9.824397,-0.000198,0.004995,0.001462,-0.201001,-0.556877,-1.180630,100318.0000
1764075621496585300,2025-11-25 18:30:21.493,0.612275,2.219569,236.918282,0.043203,0.009291,0.977025,0.665014,0.386891,9.799590,-0.001408,0.011642,-0.000385,-0.199577,-0.556922,-1.183059,100316.0000
1764075621586123374,2025-11-25 18:30:21.583,0.623522,2.203349,236.960480,0.037777,0.006793,0.975584,0.096400,-0.449469,9.725442,0.004688,-0.003621,-0.007074,-0.198600,-0.557822,-1.180651,100315.0000
1764075621696110670,2025-11-25 18:30:21.693,0.651519,2.207964,237.002296,0.039637,0.009217,0.977142,0.241898,0.024831,9.702137,0.009894,-0.008416,-0.005777,-0.200043,-0.555471,-1.182111,100307.0000
1764075621786167170,2025-11-25 18:30:21.783,0.666656,2.230131,237.064423,0.043616,0.011640,0.979054,0.410710,-0.103894,9.658328,0.001182,-0.008008,-0.012840,-0.201970,-0.557370,-1.181090,100313.0000
1764075621896927615,2025-11-25 18:30:21.893,0.663016,2.243103,237.117805,0.045451,0.010396,0.978473,0.688943,0.352883,9.755044,-0.000730,-0.001104,-0.007705,-0.199572,-0.559737,-1.180608,100306.0000
1764075621985662781,2025-11-25 18:30:21.983,0.643458,2.241913,237.135567,0.043938,0.008365,0.977985,0.565577,0.042663,9.955560,-0.002738,0.004944,0.006746,-0.199584,-0.557410,-1.183532,100312.0000
1764075622095921226,2025-11-25 18:30:22.093,0.618259,2.237443,237.139732,0.044042,0.008335,0.976758,0.257758,0.444612,9.512023,0.003067,0.000631,0.009017,-0.199090,-0.556432,-1.182591,100311.0000
1764075622196529966,2025-11-25 18:30:22.193,0.594476,2.215702,237.129868,0.043594,0.008039,0.977994,0.345705,0.073378,9.726428,-0.007541,0.010049,-0.003916,-0.197643,-0.557360,-1.181635,100316.0000
1764075622295979540,2025-11-25 18:30:22.293,0.581341,2.182114,237.113243,0.040270,0.006704,0.978426,0.373988,-0.196996,9.956954,0.003000,0.001509,0.007798,-0.198615,-0.556918,-1.183073,100304.0000
1764075622386433614,2025-11-25 18:30:22.383,0.591835,2.157281,237.083954,0.040143,0.006504,0.977334,0.395947,-0.039489,9.753661,0.004616,-0.001591,0.010750,-0.199596,-0.556028,-1.185961,100316.0000
1764075622496393392,2025-11-25 18:30:22.493,0.631053,2.175893,237.069542,0.040202,0.010761,0.975775,0.502131,0.282896,9.722733,0.005553,-0.008109,-0.003829,-0.200055,-0.557859,-1.182074,100314.0000
1764075622586383577,2025-11-25 18:30:22.583,0.669668,2.217595,237.072273,0.041670,0.010383,0.977027,0.352747,-0.174844,9.834505,0.004253,-0.000352,0.005438,-0.197646,-0.556425,-1.182613,100312.0000
1764075622695922373,2025-11-25 18:30:22.693,0.693601,2.238113,237.074463,0.043183,0.012428,0.977515,0.394919,0.225546,9.628214,0.011922,-0.004855,0.003272,-0.201032,-0.558372,-1.183496,100310.0000
1764075622796643762,2025-11-25 18:30:22.793,0.694038,2.244424,237.078941,0.043859,0.012001,0.979249,0.375191,0.292568,9.723726,-0.000110,0.001830,-0.002063,-0.200038,-0.558286,-1.179660,100316.0000
1764075622896688688,2025-11-25 18:30:22.893,0.674099,2.238164,237.079926,0.042083,0.011156,0.978220,0.414363,-0.194827,9.807289,0.001450,-0.004997,0.004110,-0.199560,-0.557348,-1.180644,100309.0000
1764075622996864633,2025-11-25 18:30:22.993,0.647014,2.218432,237.096947,0.042202,0.009797,0.978012,0.374786,-0.037813,9.637450,-0.005410,0.003225,0.000639,-0.198614,-0.557385,-1.182584,100312.0000
1764075623096231984,2025-11-25 18:30:23.093,0.640464,2.188124,237.120972,0.040614,0.008823,0.978271,0.359991,0.257138,9.713290,0.000939,-0.000472,-0.010893,-0.198102,-0.555889,-1.179725,100312.0000
1764075623185978855,2025-11-25 18:30:23.183,0.648996,2.185814,237.137001,0.039383,0.008266,0.977594,0.590210,0.150729,9.809183,-0.000109,-0.001755,-0.000797,-0.197617,-0.554464,-1.180235,100314.0000
1764075623296576873,2025-11-25 18:30:23.293,0.662722,2.199659,237.149597,0.041205,0.008632,0.976347,0.207759,0.368353,9.617749,0.004199,-0.008436,0.001744,-0.198610,-0.555962,-1.183087,100314.0000
1764075623396124206,2025-11-25 18:30:23.393,0.666983,2.223111,237.135948,0.045164,0.009527,0.977979,0.516474,-0.359548,9.862364,0.005000,-0.000435,0.009162,-0.201000,-0.554987,-1.181622,100313.0000
1764075623486981892,2025-11-25 18:30:23.483,0.660757,2.243557,237.111412,0.045076,0.012425,0.977107,0.887457,0.389028,9.983357,-0.005962,0.000089,0.004380,-0.200546,-0.557414,-1.183518,100308.0000
1764075623585997317,2025-11-25 18:30:23.583,0.646016,2.253225,237.102043,0.042990,0.010606,0.976947,0.409538,-0.051832,9.818031,0.001944,0.004736,0.007536,-0.199558,-0.556871,-1.180652,100310.0000
1764075623696516706,2025-11-25 18:30:23.693,0.632270,2.251350,237.103203,0.042430,0.010853,0.978069,0.472631,0.304232,9.755194,-0.007757,0.000878,0.000720,-0.200033,-0.554973,-1.181155,100310.0000
1764075623796244021,2025-11-25 18:30:23.793,0.619657,2.245241,237.104210,0.042985,0.008818,0.978900,0.410752,-0.042436,9.925380,0.002064,-0.000110,0.002975,-0.200534,-0.557384,-1.182074,100313.0000
1764075623886092502,2025-11-25 18:30:23.883,0.616589,2.242350,237.107849,0.043827,0.008172,0.977448,0.314516,0.208088,9.611162,0.004788,-0.001275,0.004962,-0.201516,-0.558384,-1.183971,100310.0000
1764075623996175521,2025-11-25 18:30:23.992,0.619366,2.235276,237.125412,0.042572,0.009329,0.976187,0.675156,0.278709,9.829639,0.010295,-0.000410,-0.001682,-0.200061,-0.557402,-1.183044,100311.0000
1764075624096119095,2025-11-25 18:30:24.092,0.627999,2.247912,237.142899,0.041913,0.008733,0.976687,0.158333,0.021447,9.740739,0.000253,-0.004578,0.002866,-0.200053,-0.555969,-1.183066,100310.0000
1764075624196152873,2025-11-25 18:30:24.193,0.629994,2.251172,237.135674,0.046738,0.011017,0.977692,0.423170,-0.033334,9.611166,0.004458,0.002301,0.004142,-0.198583,-0.555891,-1.179718,100319.0000
1764075624296178335,2025-11-25 18:30:24.293,0.633500,2.236517,237.118149,0.044897,0.009903,0.979289,0.275046,0.202756,9.740013,-0.001161,0.005193,0.007650,-0.200518,-0.556398,-1.180645,100310.0000
1764075624385840798,2025-11-25 18:30:24.383,0.635424,2.236188,237.122314,0.042210,0.008308,0.977656,0.282728,0.192889,9.622488,0.003334,-0.002534,0.003030,-0.200051,-0.556904,-1.182089,100313.0000
1764075624485843632,2025-11-25 18:30:24.483,0.630679,2.260129,237.137192,0.042946,0.009354,0.978470,0.459055,0.451201,9.761381,-0.002492,-0.003782,-0.007508,-0.200046,-0.555948,-1.182103,100312.0000
1764075624596164483,2025-11-25 18:30:24.593,0.633631,2.271745,237.156754,0.044542,0.008893,0.977488,0.400043,0.050742,9.863582,0.002396,-0.001714,0.004188,-0.199102,-0.557407,-1.183539,100314.0000
1764075624696825317,2025-11-25 18:30:24.693,0.638229,2.253519,237.180573,0.044903,0.010759,0.976717,0.572434,0.115861,9.759817,-0.005282,0.007944,-0.009515,-0.199089,-0.555487,-1.183087,100314.0000
1764075624786596706,2025-11-25 18:30:24.783,0.642243,2.224103,237.215698,0.043822,0.009946,0.978090,0.447091,-0.002487,9.870454,0.001024,0.009618,-0.005488,-0.198625,-0.559774,-1.182547,100319.0000
1764075624896242594,2025-11-25 18:30:24.892,0.627640,2.216076,237.253006,0.040579,0.008589,0.977295,0.441661,0.375979,9.719875,-0.006388,0.002334,-0.003002,-0.195718,-0.554994,-1.183145,100309.0000
1764075624997827613,2025-11-25 18:30:24.993,0.621481,2.238724,237.278465,0.042115,0.007618,0.978907,0.345029,0.130143,9.755848,-0.000800,-0.000310,-0.006692,-0.201023,-0.557406,-1.183030,100311.0000
1764075625095997854,2025-11-25 18:30:25.093,0.625286,2.263856,237.317886,0.042801,0.010166,0.976685,0.357437,-0.020064,9.742738,0.002729,-0.009690,-0.011002,-0.198612,-0.560210,-1.180614,100311.0000
1764075625187263761,2025-11-25 18:30:25.183,0.621186,2.290540,237.365990,0.044222,0.008131,0.977211,0.155176,-0.022690,9.614408,-0.003948,-0.009538,-0.014466,-0.199574,-0.557857,-1.182081,100314.0000
1764075625296352853,2025-11-25 18:30:25.293,0.619105,2.305441,237.400360,0.046293,0.009243,0.978884,0.661216,0.058189,9.829094,0.002514,-0.007406,-0.004517,-0.198117,-0.557342,-1.180665,100308.0000
1764075625386057964,2025-11-25 18:30:25.383,0.623144,2.287155,237.421425,0.046502,0.007412,0.977736,0.506657,0.106061,9.891016,-0.004882,-0.002069,-0.003693,-0.196683,-0.557834,-1.181642,100310.0000
1764075625496768001,2025-11-25 18:30:25.493,0.633973,2.233922,237.425301,0.047660,0.008034,0.977219,0.485721,-0.014683,9.787939,0.005586,0.012206,0.006039,-0.197671,-0.559790,-1.183524,100310.0000
1764075625597062409,2025-11-25 18:30:25.593,0.642282,2.161509,237.419861,0.042848,0.008871,0.977213,0.627005,0.136687,9.850483,0.007797,0.012176,0.007169,-0.197174,-0.557389,-1.183087,100310.0000
1764075625696903298,2025-11-25 18:30:25.693,0.652945,2.121233,237.410248,0.036539,0.010283,0.975546,0.305297,0.069604,9.738967,0.009727,0.003428,0.004238,-0.195737,-0.558815,-1.183086,100312.0000
1764075625786308501,2025-11-25 18:30:25.783,0.669646,2.141302,237.412636,0.036976,0.011576,0.978395,0.474224,-0.090025,9.828561,-0.000765,-0.003444,-0.001671,-0.196693,-0.557386,-1.183094,100310.0000
1764075625896295112,2025-11-25 18:30:25.893,0.679206,2.193713,237.410080,0.040742,0.010413,0.979164,0.644162,0.160633,9.976470,-0.001692,-0.006385,-0.000882,-0.195245,-0.558783,-1.181649,100310.0000
1764075625986316760,2025-11-25 18:30:25.983,0.678465,2.235055,237.400955,0.042954,0.011105,0.978263,0.255376,0.149241,9.681647,-0.000377,-0.004979,0.007496,-0.199089,-0.559257,-1.180622,100317.0000
1764075626086671316,2025-11-25 18:30:26.083,0.670205,2.252582,237.386681,0.045446,0.011840,0.977637,0.502254,0.374175,9.751683,-0.003022,0.000152,0.006779,-0.195737,-0.558815,-1.183086,100314.0000
1764075626196889945,2025-11-25 18:30:26.193,0.657890,2.250826,237.368690,0.044317,0.009591,0.975508,0.341890,0.147277,9.662182,-0.005732,0.005781,0.005936,-0.199088,-0.558312,-1.181118,100307.0000
1764075626286702890,2025-11-25 18:30:26.283,0.651184,2.219522,237.347931,0.043463,0.010009,0.977550,0.147779,-0.177550,9.597152,0.001266,0.005850,-0.000868,-0.199573,-0.558325,-1.181592,100308.0000
1764075626386614242,2025-11-25 18:30:26.383,0.647039,2.187507,237.345619,0.041976,0.010917,0.977973,0.502045,0.180867,9.709294,0.004149,0.002220,0.003256,-0.198130,-0.559263,-1.181118,100306.0000
1764075626496649279,2025-11-25 18:30:26.493,0.654812,2.194272,237.357506,0.040901,0.009248,0.978013,0.130505,0.243808,9.681209,0.005473,-0.004772,-0.006847,-0.199587,-0.557420,-1.184014,100310.0000
1764075626597075945,2025-11-25 18:30:26.593,0.666930,2.221987,237.373177,0.042401,0.009450,0.978617,0.511916,-0.002861,9.786983,0.003907,-0.006821,-0.003670,-0.197158,-0.557348,-1.181161,100310.0000
1764075626696969334,2025-11-25 18:30:26.693,0.662168,2.239111,237.384003,0.044159,0.010013,0.978069,0.711471,0.060495,9.989684,-0.002818,-0.002396,0.003435,-0.197169,-0.558791,-1.181620,100318.0000
1764075626796980371,2025-11-25 18:30:26.793,0.651495,2.218183,237.380753,0.044287,0.010211,0.978415,0.401171,0.091403,9.684624,0.003652,0.004322,0.001438,-0.197168,-0.556901,-1.182613,100308.0000
1764075626896462223,2025-11-25 18:30:26.893,0.646951,2.191161,237.362709,0.043892,0.009684,0.977683,0.469767,0.130488,9.707751,-0.000728,0.007131,0.000740,-0.198126,-0.556895,-1.182117,100314.0000
1764075626996475593,2025-11-25 18:30:26.993,0.639425,2.182167,237.343323,0.040496,0.011102,0.976655,0.129133,0.275788,9.721301,0.001204,0.001851,0.008834,-0.197165,-0.557836,-1.181635,100311.0000
1764075627095656093,2025-11-25 18:30:27.093,0.630471,2.187661,237.328873,0.041908,0.009111,0.977165,0.482373,0.123002,9.797525,0.003450,-0.003136,0.004326,-0.195729,-0.557850,-1.182619,100310.0000
1764075627196905408,2025-11-25 18:30:27.193,0.629765,2.203211,237.326714,0.042412,0.009854,0.977424,0.344612,0.286359,9.776653,0.004607,-0.004128,0.007127,-0.198135,-0.557861,-1.182584,100312.0000
1764075627286689074,2025-11-25 18:30:27.283,0.633678,2.234093,237.331192,0.042201,0.008553,0.977603,0.462180,-0.135846,9.868040,-0.004669,-0.011186,-0.000735,-0.199092,-0.559267,-1.181103,100314.0000
1764075627396418315,2025-11-25 18:30:27.393,0.647184,2.155431,237.352119,0.048752,0.009274,0.982439,0.427287,-0.119664,9.764424,0.007637,0.042662,-0.011252,-0.197159,-0.554523,-1.183131,100309.0000
1764075627496717056,2025-11-25 18:30:27.493,0.641785,1.683027,237.512360,0.037683,0.011915,0.982975,0.222592,0.286133,9.805217,-0.006619,0.116775,-0.053342,-0.193324,-0.556426,-1.183640,100313.0000
1764075627586913056,2025-11-25 18:30:27.583,0.611687,0.935176,237.848785,0.007825,0.008897,0.981390,-0.325359,0.286654,9.707552,-0.006536,0.139240,-0.078785,-0.180394,-0.561714,-1.188084,100312.0000
1764075627686213408,2025-11-25 18:30:27.683,0.568362,0.135560,238.349358,-0.023735,0.003194,0.983822,-0.628976,-0.228250,9.808458,-0.004752,0.145460,-0.093306,-0.167950,-0.562777,-1.195956,100309.0000
1764075627796050056,2025-11-25 18:30:27.793,0.500928,-0.531007,239.014671,-0.054651,0.003929,0.980639,-0.735819,0.208924,9.805834,-0.008805,0.088702,-0.129072,-0.152115,-0.565175,-1.200005,100314.0000
1764075627897386167,2025-11-25 18:30:27.893,0.422456,-0.840099,239.760460,-0.066518,-0.004471,0.980389,-1.265398,-0.991884,9.863361,-0.005010,0.031273,-0.142493,-0.144460,-0.567611,-1.203933,100317.0000
1764075627996805074,2025-11-25 18:30:27.993,0.352386,-1.026050,240.603699,-0.062456,-0.006772,0.981144,-0.376725,-0.493886,10.053291,-0.010900,0.057819,-0.170854,-0.130086,-0.575250,-1.206918,100308.0000
1764075628095844352,2025-11-25 18:30:28.092,0.341482,-1.499367,241.751526,-0.090794,-0.014965,0.975737,-0.924208,0.503159,10.722825,-0.008074,0.098651,-0.269032,-0.112330,-0.582833,-1.208026,100310.0000
1764075628196582574,2025-11-25 18:30:28.193,0.478109,-2.159089,243.324196,-0.126092,-0.026330,0.971277,-1.867272,-1.318553,9.407166,0.054481,0.079352,-0.271439,-0.088788,-0.590359,-1.207776,100309.0000
1764075628296103518,2025-11-25 18:30:28.293,0.721673,-2.165371,244.921364,-0.140748,-0.003079,0.966948,-1.060255,-0.145953,9.744583,0.044760,-0.074164,-0.282678,-0.064283,-0.599295,-1.206556,100314.0000
1764075628396233907,2025-11-25 18:30:28.393,0.826241,-1.648798,246.437561,-0.111905,0.018992,0.973891,-1.605548,-0.754700,9.544169,0.020642,-0.114667,-0.251086,-0.053217,-0.606318,-1.202278,100316.0000
1764075628496207296,2025-11-25 18:30:28.493,0.667664,-0.906230,247.925629,-0.071450,0.027379,0.971293,-0.278210,0.646124,9.416372,-0.051811,-0.148702,-0.274752,-0.039756,-0.613829,-1.198990,100319.0000
1764075628586403351,2025-11-25 18:30:28.583,0.412161,-0.169330,249.469109,-0.052051,-0.005234,0.965259,-0.998170,-0.036920,9.634705,-0.026273,-0.134232,-0.284624,-0.028688,-0.616605,-1.197184,100310.0000
1764075628695846962,2025-11-25 18:30:28.693,0.321307,0.435168,251.027908,-0.018502,-0.020908,0.970263,0.361823,-0.214816,9.784976,0.004692,-0.084462,-0.257041,-0.016210,-0.621346,-1.198258,100317.0000
1764075628786309481,2025-11-25 18:30:28.783,0.448818,0.625300,252.640686,-0.006435,-0.020855,0.980095,-0.669252,-1.337075,9.083748,0.038554,0.005346,-0.286483,0.005448,-0.626889,-1.194158,100314.0000
1764075628897280759,2025-11-25 18:30:28.893,0.720316,0.387965,254.323029,-0.012369,-0.000349,0.987557,0.053301,1.167678,10.243597,0.040848,0.042381,-0.302943,0.027057,-0.635390,-1.194347,100314.0000
1764075628986564555,2025-11-25 18:30:28.983,0.982338,0.017536,256.096573,-0.023968,0.012536,0.988456,-0.363724,0.345608,9.599650,0.038915,0.040299,-0.327223,0.057377,-0.642307,-1.189389,100316.0000
1764075629095539166,2025-11-25 18:30:29.092,1.086928,-0.204423,258.004135,-0.032267,0.035638,0.987315,-0.136213,0.138486,9.631516,0.002168,0.006666,-0.346486,0.079491,-0.647441,-1.188673,100313.0000
1764075629186734907,2025-11-25 18:30:29.183,1.003086,-0.145358,260.111656,-0.028890,0.035817,0.981451,-0.006394,-0.097640,9.942350,-0.024722,-0.040429,-0.379741,0.107382,-0.647356,-1.191011,100319.0000
1764075629296355203,2025-11-25 18:30:29.293,0.802567,0.199363,262.395164,-0.013538,0.026355,0.974120,0.007438,0.192067,9.712481,-0.036945,-0.074804,-0.406021,0.129972,-0.650619,-1.192258,100311.0000
1764075629396845444,2025-11-25 18:30:29.393,0.628471,0.635261,264.771912,0.007368,0.009734,0.972329,-0.102281,-0.355050,9.629757,-0.018963,-0.074174,-0.410799,0.159314,-0.649095,-1.194639,100315.0000
1764075629486143610,2025-11-25 18:30:29.483,0.554992,0.926959,267.124962,0.030172,0.001429,0.974434,0.119318,0.190001,9.649346,-0.016598,-0.038854,-0.403032,0.186719,-0.650913,-1.196459,100310.0000
1764075629595862851,2025-11-25 18:30:29.593,0.548940,0.889426,269.410309,0.042734,0.002713,0.978803,0.319763,0.012663,9.771638,-0.003387,0.023357,-0.394451,0.215585,-0.649848,-1.197863,100316.0000
1764075629686535092,2025-11-25 18:30:29.683,0.536406,0.568310,271.667160,0.033173,0.005246,0.979747,0.100124,0.025615,9.773477,-0.006797,0.053106,-0.389314,0.250740,-0.645839,-1.196997,100313.0000
1764075629796209036,2025-11-25 18:30:29.793,0.484678,0.170944,273.924049,0.013064,0.005783,0.980455,0.341917,-0.158993,9.768642,-0.017993,0.058702,-0.388876,0.281093,-0.641352,-1.195104,100315.0000
1764075629886266091,2025-11-25 18:30:29.883,0.401703,-0.079206,276.148972,-0.006651,0.006684,0.980565,0.076840,0.100969,9.937742,-0.017636,0.024376,-0.386564,0.314777,-0.637420,-1.197586,100320.0000
1764075629995775573,2025-11-25 18:30:29.992,0.335992,-0.075795,278.385162,-0.015792,0.001471,0.978939,-0.242270,0.065921,9.657156,-0.006735,-0.017773,-0.394934,0.342250,-0.628688,-1.197642,100309.0000
1764075630085822758,2025-11-25 18:30:30.083,0.318553,0.134765,280.674545,-0.008826,0.003016,0.979549,-0.031185,-0.067948,9.727737,0.003322,-0.053094,-0.406076,0.368702,-0.626242,-1.200958,100310.0000
1764075630196093369,2025-11-25 18:30:30.193,0.369049,0.437212,283.019463,0.005003,0.003990,0.976676,0.173037,0.131927,9.797506,0.014644,-0.057016,-0.413195,0.399050,-0.617528,-1.202501,100309.0000
1764075630296253443,2025-11-25 18:30:30.293,0.477159,0.690691,285.363068,0.020900,0.003825,0.975970,0.265956,-0.079159,9.797196,0.014759,-0.037697,-0.404408,0.421732,-0.609235,-1.199590,100312.0000
1764075630386205017,2025-11-25 18:30:30.383,0.592108,0.773355,287.641617,0.030114,0.009680,0.976512,0.461523,0.056462,9.821337,0.015567,-0.003136,-0.393448,0.450643,-0.599094,-1.201133,100312.0000
1764075630495560906,2025-11-25 18:30:30.492,0.639710,0.686175,289.876457,0.028761,0.017592,0.978953,0.276827,0.450019,9.810575,-0.005571,0.025101,-0.389402,0.477190,-0.586972,-1.198819,100306.0000
1764075630596252850,2025-11-25 18:30:30.592,0.560609,0.494179,292.154465,0.021677,0.018576,0.980868,0.348091,-0.244832,9.869844,-0.022945,0.035662,-0.409657,0.507099,-0.573433,-1.198021,100315.0000
1764075630686002091,2025-11-25 18:30:30.683,0.407896,0.290540,294.531868,0.011662,0.015300,0.981634,-0.118266,0.123096,9.767960,-0.028542,0.029913,-0.420126,0.536030,-0.559471,-1.199623,100314.0000
1764075630796351443,2025-11-25 18:30:30.793,0.257648,0.164020,296.976841,0.002368,0.006472,0.980167,0.084917,-0.152199,9.863693,-0.024124,0.010954,-0.431758,0.563513,-0.545525,-1.201685,100308.0000
1764075630895817313,2025-11-25 18:30:30.893,0.198285,0.149141,299.389481,-0.003814,-0.000683,0.976121,-0.207548,0.181150,9.641549,-0.000727,-0.014231,-0.412021,0.593910,-0.526313,-1.203870,100315.0000
1764075630995866628,2025-11-25 18:30:30.993,0.243651,0.247209,301.725330,-0.001845,-0.001776,0.974413,-0.055898,-0.060991,9.734147,0.013968,-0.032080,-0.403057,0.618076,-0.507535,-1.202586,100318.0000
1764075631095943257,2025-11-25 18:30:31.092,0.342217,0.387352,303.997017,0.005746,0.004583,0.973765,0.003545,0.160641,9.759877,0.018235,-0.026886,-0.391537,0.640759,-0.493580,-1.203133,100312.0000
1764075631195981202,2025-11-25 18:30:31.193,0.400549,0.497643,306.276398,0.012939,0.013601,0.975473,0.269582,0.065392,9.907444,0.001369,-0.017727,-0.399140,0.661525,-0.475844,-1.205154,100312.0000
1764075631286148220,2025-11-25 18:30:31.283,0.361120,0.550730,308.582687,0.016570,0.015440,0.979620,0.108853,-0.049178,9.718245,-0.018692,-0.001310,-0.402494,0.683302,-0.456090,-1.202404,100315.0000
1764075631396032831,2025-11-25 18:30:31.393,0.252341,0.558717,310.886101,0.014798,0.012539,0.984593,-0.063345,0.028855,9.740464,-0.027374,-0.003977,-0.400502,0.706483,-0.435020,-1.205475,100311.0000
1764075631496465461,2025-11-25 18:30:31.493,0.136246,0.567214,313.145939,0.010966,0.005799,0.985115,-0.048568,0.224860,9.850697,-0.020190,-0.007047,-0.388530,0.726330,-0.410102,-1.206629,100314.0000
1764075631597328831,2025-11-25 18:30:31.593,0.071881,0.590922,315.330345,0.010582,-0.000090,0.981467,0.306916,-0.004365,9.714687,-0.006940,-0.009887,-0.373885,0.746152,-0.388081,-1.209183,100312.0000
1764075631696573794,2025-11-25 18:30:31.693,0.082758,0.611498,317.473522,0.013260,-0.000638,0.976479,0.049104,0.113286,9.709106,0.010020,-0.002461,-0.367573,0.764095,-0.368304,-1.204451,100323.0000
1764075631795940572,2025-11-25 18:30:31.793,0.134886,0.601686,319.621540,0.014865,0.001937,0.971401,-0.175220,0.101658,9.554264,0.004588,-0.001997,-0.374457,0.781509,-0.345826,-1.207458,100320.0000
1764075631896524516,2025-11-25 18:30:31.893,0.168822,0.541200,321.796703,0.016897,0.004575,0.975316,0.243246,0.135396,9.635396,-0.002810,0.009209,-0.379356,0.800402,-0.324663,-1.205169,100312.0000
1764075631997546035,2025-11-25 18:30:31.993,0.149041,0.453101,323.997696,0.012265,0.009203,0.980159,0.208438,-0.008547,9.767237,-0.001797,0.019213,-0.390963,0.815925,-0.300222,-1.205289,100306.0000
1764075632096114775,2025-11-25 18:30:32.092,0.078883,0.417034,326.201057,0.003541,0.010591,0.980508,-0.079598,0.000037,9.841165,-0.020750,0.003508,-0.382848,0.830474,-0.274870,-1.207335,100318.0000
1764075632197273627,2025-11-25 18:30:32.193,0.016008,0.457858,328.378843,0.000399,0.001715,0.980075,-0.241853,-0.209466,9.651940,-0.003634,-0.014634,-0.376412,0.840715,-0.249010,-1.206917,100312.0000
1764075632296855590,2025-11-25 18:30:32.293,0.019670,0.589666,330.512205,0.004640,-0.000940,0.979366,0.199951,0.048187,9.548792,0.003107,-0.027822,-0.363353,0.854290,-0.224639,-1.209896,100310.0000
1764075632396161960,2025-11-25 18:30:32.393,0.106276,0.748645,332.551868,0.012709,-0.000670,0.976129,0.340062,-0.109048,9.817321,0.017236,-0.024266,-0.347999,0.863558,-0.199281,-1.210419,100312.0000
1764075632496151312,2025-11-25 18:30:32.493,0.236926,0.848105,334.484085,0.019561,0.004525,0.976073,0.184505,0.207833,9.742796,0.019531,-0.009498,-0.323345,0.867995,-0.176354,-1.211798,100312.0000
1764075632586251516,2025-11-25 18:30:32.583,0.312338,0.846702,336.300602,0.021384,0.012159,0.978786,0.213368,-0.002049,9.835031,0.003420,0.006478,-0.307551,0.878690,-0.156691,-1.210811,100312.0000
1764075632695949016,2025-11-25 18:30:32.693,0.288454,0.835809,337.973749,0.016030,0.016631,0.978884,0.481630,0.076905,9.987363,-0.012667,-0.020322,-0.273116,0.887952,-0.134178,-1.210327,100314.0000
1764075632796110812,2025-11-25 18:30:32.793,0.191663,1.023700,339.494791,0.017743,0.011327,0.977996,0.422547,0.022271,9.907903,-0.019399,-0.053999,-0.243499,0.892340,-0.115621,-1.215009,100310.0000
1764075632896619367,2025-11-25 18:30:32.893,0.111812,1.609046,340.704947,0.030306,0.002444,0.969833,0.713677,0.423917,9.621767,-0.020842,-0.167512,-0.162789,0.889969,-0.097156,-1.222480,100318.0000
1764075632997694608,2025-11-25 18:30:32.993,0.110011,2.826769,341.331591,0.081748,-0.004347,0.970275,1.493931,-0.204667,9.594509,0.006530,-0.217607,-0.064477,0.881711,-0.088443,-1.237902,100308.0000
1764075633095531275,2025-11-25 18:30:33.092,0.156215,3.945864,341.658714,0.143886,0.002490,0.974525,1.248485,0.294268,9.722990,0.006981,-0.154928,-0.047768,0.871046,-0.086814,-1.248847,100310.0000
1764075633186262275,2025-11-25 18:30:33.183,0.181790,4.326282,341.927425,0.184818,0.008985,0.977902,2.212559,0.004339,9.848182,-0.000825,-0.000837,-0.046640,0.867640,-0.084573,-1.255092,100317.0000
1764075633297033034,2025-11-25 18:30:33.293,0.145387,4.054279,342.232441,0.176818,0.011318,0.973202,1.582767,-0.249653,9.695820,-0.018586,0.066037,-0.063348,0.873449,-0.082098,-1.252325,100304.0000
1764075633396616089,2025-11-25 18:30:33.393,0.046181,3.685595,342.636208,0.152593,0.007991,0.973885,1.640273,0.018858,9.991911,-0.022722,0.064378,-0.080100,0.876416,-0.075275,-1.246694,100308.0000
1764075633496601460,2025-11-25 18:30:33.493,-0.059486,3.441849,343.057592,0.131753,-0.002114,0.970809,1.209630,0.024136,9.555996,-0.019564,0.029014,-0.068609,0.879842,-0.065209,-1.245935,100308.0000
1764075633586329237,2025-11-25 18:30:33.583,-0.090072,3.369263,343.450714,0.123068,-0.007955,0.970024,1.092598,0.363465,9.661020,0.002396,0.004687,-0.060985,0.881783,-0.063269,-1.245029,100314.0000
1764075633696040848,2025-11-25 18:30:33.693,-0.024387,3.444862,343.837955,0.118503,-0.012716,0.964505,1.217386,0.166802,9.762808,0.011401,-0.024833,-0.065030,0.883251,-0.056127,-1.246605,100314.0000
1764075633795945700,2025-11-25 18:30:33.793,0.090301,3.663912,344.201028,0.120834,-0.005500,0.966493,1.116382,0.436043,9.727989,0.019771,-0.053123,-0.063419,0.881302,-0.055730,-1.249954,100316.0000
1764075633886716830,2025-11-25 18:30:33.883,0.184845,3.944063,344.467733,0.131040,0.001714,0.972242,1.718156,0.396138,9.883878,0.021901,-0.051307,-0.030975,0.880328,-0.053407,-1.252864,100314.0000
1764075633997163200,2025-11-25 18:30:33.993,0.219320,4.192565,344.555511,0.135259,0.009644,0.976287,1.667433,0.102668,9.871293,0.002578,-0.029646,0.006866,0.877916,-0.051548,-1.254784,100306.0000
1764075634095826163,2025-11-25 18:30:34.092,0.208390,4.389147,344.468786,0.131595,0.015635,0.976711,1.039600,-0.006343,9.488010,-0.001796,-0.016394,0.025968,0.874045,-0.053039,-1.256630,100316.0000
1764075634186527533,2025-11-25 18:30:34.183,0.202714,4.315360,344.322865,0.140586,0.012802,0.977635,1.768204,-0.085459,9.884410,0.006719,0.059625,0.014734,0.873586,-0.053925,-1.253239,100315.0000
1764075634296570792,2025-11-25 18:30:34.293,0.238623,3.843997,344.217291,0.121664,0.006943,0.969958,0.603256,0.385589,9.662811,0.009451,0.114305,0.013365,0.878410,-0.056698,-1.249896,100309.0000
1764075634396211367,2025-11-25 18:30:34.393,0.301265,3.133132,344.139834,0.087415,0.004734,0.969273,1.265627,-0.153807,9.830658,0.016180,0.122420,0.021903,0.888111,-0.056451,-1.240411,100306.0000
1764075634496163737,2025-11-25 18:30:34.493,0.338769,2.509173,343.935555,0.045127,0.012938,0.980007,0.348759,0.100159,10.298071,0.012284,0.093207,0.051744,0.893903,-0.061089,-1.235128,100310.0000
1764075634597003015,2025-11-25 18:30:34.593,0.293063,2.242341,343.533457,0.014865,0.026350,0.984851,0.248415,-0.184960,10.124755,-0.007706,0.022461,0.090621,0.892472,-0.064836,-1.231197,100310.0000
1764075634686265070,2025-11-25 18:30:34.683,0.186958,2.325242,342.998379,0.012237,0.026762,0.984312,-0.383990,0.219599,9.513180,-0.020006,-0.039170,0.092214,0.889568,-0.070550,-1.229622,100308.0000
1764075634796813959,2025-11-25 18:30:34.793,0.101845,2.564229,342.476051,0.039714,0.012325,0.980605,0.999050,0.471515,9.789259,-0.005394,-0.051586,0.083797,0.886602,-0.076428,-1.235750,100309.0000
1764075634886294866,2025-11-25 18:30:34.883,0.108103,2.739322,341.973480,0.064084,-0.001541,0.970740,0.986796,0.427723,9.705745,0.008946,-0.006101,0.088061,0.884661,-0.083551,-1.233204,100310.0000
1764075634995672848,2025-11-25 18:30:34.992,0.206815,2.721078,341.440786,0.067327,0.002580,0.964801,1.073026,-0.039805,9.866602,0.032117,0.031510,0.092453,0.884608,-0.090290,-1.235509,100304.0000
1764075635095636662,2025-11-25 18:30:35.092,0.339932,2.567042,340.818155,0.051066,0.023705,0.972271,1.034979,0.402920,9.784191,0.030809,0.012122,0.114561,0.883148,-0.099768,-1.231490,100310.0000
1764075635196159607,2025-11-25 18:30:35.193,0.391207,2.415524,340.107897,0.043442,0.042179,0.987778,1.027006,0.143272,9.990430,0.001279,0.014393,0.143214,0.882628,-0.107413,-1.231366,100310.0000
1764075635296093533,2025-11-25 18:30:35.293,0.337333,2.315101,339.348423,0.036024,0.041126,0.990430,-0.415432,0.341016,9.672699,-0.003077,0.013239,0.134745,0.882114,-0.116460,-1.229775,100306.0000
1764075635395918681,2025-11-25 18:30:35.393,0.254304,2.286155,338.546576,0.037232,0.026735,0.980897,0.375653,0.726196,9.836450,-0.012277,0.001917,0.147514,0.876749,-0.130814,-1.229477,100308.0000
1764075635496048570,2025-11-25 18:30:35.493,0.261552,2.308122,337.696863,0.040112,0.008294,0.971688,1.056860,-0.281889,9.903860,0.018029,0.007588,0.144027,0.874811,-0.136514,-1.227435,100309.0000
1764075635596278495,2025-11-25 18:30:35.593,0.347742,2.326592,336.823057,0.037159,0.010923,0.963583,0.507097,0.200343,9.311058,0.020285,-0.012280,0.161480,0.870425,-0.148466,-1.226707,100310.0000
1764075635696323347,2025-11-25 18:30:35.693,0.425380,2.307195,335.944084,0.049763,0.026965,0.971524,0.416431,0.290492,9.501406,0.015219,-0.001828,0.156247,0.866984,-0.162344,-1.226926,100307.0000
1764075635786211977,2025-11-25 18:30:35.783,0.411630,2.273684,335.013454,0.041662,0.041779,0.980882,0.428672,0.354056,9.606300,-0.012406,-0.007176,0.176260,0.863105,-0.169983,-1.225790,100309.0000
1764075635896245292,2025-11-25 18:30:35.893,0.303473,2.279852,334.043016,0.040332,0.047914,0.989361,0.929181,0.334895,9.904474,-0.012420,-0.008325,0.173450,0.861096,-0.182940,-1.227970,100313.0000
1764075635997357551,2025-11-25 18:30:35.993,0.173418,2.312176,333.082663,0.033118,0.034352,0.984317,-0.032977,0.282475,9.328921,-0.012563,-0.015682,0.173511,0.852878,-0.191565,-1.227236,100308.0000
1764075636095480828,2025-11-25 18:30:36.092,0.130342,2.399857,332.087946,0.033557,0.017063,0.976409,-0.075420,0.016956,9.583562,0.014017,-0.029297,0.178744,0.848968,-0.204469,-1.226500,100308.0000
1764075636186157736,2025-11-25 18:30:36.183,0.208333,2.546902,330.978930,0.034716,0.014094,0.970171,-0.587457,0.333182,9.340362,0.031274,-0.022696,0.208473,0.840217,-0.215587,-1.230536,100313.0000
1764075636295992569,2025-11-25 18:30:36.293,0.334984,2.711190,329.794512,0.039501,0.024004,0.967548,0.794087,0.102807,10.402887,0.036046,-0.022808,0.198777,0.832436,-0.233753,-1.229181,100316.0000
1764075636395914995,2025-11-25 18:30:36.393,0.442212,2.835111,328.619898,0.046081,0.031695,0.969432,0.364655,0.403071,9.691327,0.027845,-0.006252,0.203113,0.822742,-0.247181,-1.229315,100314.0000
1764075636496286180,2025-11-25 18:30:36.493,0.469794,2.925383,327.516487,0.049287,0.041403,0.976347,0.728394,0.431781,9.502552,0.009987,-0.013336,0.177991,0.814964,-0.260154,-1.230929,100309.0000
1764075636600014273,2025-11-25 18:30:36.593,0.403580,2.964314,326.528584,0.064801,0.044098,0.987307,0.991135,0.367860,9.638208,-0.004198,0.005715,0.156675,0.812028,-0.271611,-1.229748,100312.0000
1764075636696655661,2025-11-25 18:30:36.693,0.287277,2.953559,325.650410,0.064459,0.037324,0.988703,0.596568,0.344745,10.299242,-0.012453,0.006945,0.148383,0.802349,-0.279815,-1.231407,100308.0000
1764075636796333958,2025-11-25 18:30:36.793,0.181585,2.890213,324.830456,0.060498,0.027143,0.983104,0.551456,0.282103,9.715505,-0.016894,0.006094,0.143886,0.799410,-0.289392,-1.231699,100316.0000
1764075636895979643,2025-11-25 18:30:36.893,0.129699,2.779639,324.014912,0.060112,0.024331,0.974975,0.895390,0.495248,9.538089,0.005710,0.032988,0.140104,0.793590,-0.297081,-1.232459,100303.0000
1764075636996303532,2025-11-25 18:30:36.993,0.133467,2.672567,323.164822,0.042572,0.018246,0.969650,-0.795557,0.107149,9.982685,0.013705,0.024004,0.156162,0.788281,-0.306577,-1.228383,100312.0000
1764075637096261106,2025-11-25 18:30:37.093,0.175627,2.618552,322.256508,0.038249,0.023261,0.969031,-0.265726,0.516159,9.104591,0.010380,-0.007773,0.155860,0.785346,-0.318501,-1.226714,100311.0000
1764075637196986846,2025-11-25 18:30:37.193,0.210411,2.636563,321.305099,0.039208,0.025869,0.972662,0.824664,-0.196056,9.848576,0.004238,-0.023429,0.173324,0.775209,-0.326647,-1.225477,100321.0000
1764075637296530587,2025-11-25 18:30:37.293,0.231468,2.732392,320.364590,0.038094,0.026287,0.977088,0.697359,0.058280,9.672293,0.005491,-0.033419,0.174953,0.768419,-0.336718,-1.225705,100311.0000
1764075637396639791,2025-11-25 18:30:37.393,0.242682,2.894492,319.467522,0.042447,0.027489,0.981266,1.365071,0.130165,9.907645,0.008713,-0.032141,0.161775,0.760661,-0.346337,-1.226889,100310.0000
1764075637486132772,2025-11-25 18:30:37.483,0.257848,3.075112,318.589832,0.048953,0.026722,0.980398,1.169004,0.303781,9.919457,0.006655,-0.030513,0.150909,0.751915,-0.356499,-1.230939,100307.0000
1764075637596359013,2025-11-25 18:30:37.593,0.291664,3.229013,317.755211,0.059222,0.026630,0.980066,1.708378,0.431868,9.992249,0.012475,-0.019686,0.140817,0.741277,-0.365643,-1.231607,100308.0000
1764075637697600661,2025-11-25 18:30:37.693,0.329937,3.269643,316.980183,0.066296,0.026766,0.977999,1.375955,-0.166353,9.982488,0.015415,0.002716,0.125943,0.737405,-0.373262,-1.229507,100312.0000
1764075637786460976,2025-11-25 18:30:37.783,0.368976,3.211673,316.247639,0.069582,0.028748,0.977806,1.510879,-0.028395,9.603982,0.015396,0.034101,0.124878,0.729654,-0.382393,-1.230217,100312.0000
1764075637896161994,2025-11-25 18:30:37.893,0.376941,3.061659,315.541779,0.062817,0.028526,0.977095,0.839908,0.469425,9.484310,0.015836,0.036729,0.115841,0.728204,-0.390428,-1.225739,100312.0000
1764075637996354957,2025-11-25 18:30:37.993,0.356178,2.881021,314.880280,0.056541,0.027343,0.977920,1.061600,-0.132814,9.797515,0.003250,0.041622,0.109649,0.724319,-0.396198,-1.226556,100308.0000
1764075638095559568,2025-11-25 18:30:38.093,0.314156,2.746488,314.264397,0.043792,0.024315,0.973975,0.666604,-0.174805,9.556793,0.009091,0.020252,0.103478,0.718048,-0.400983,-1.225428,100313.0000
1764075638197339290,2025-11-25 18:30:38.194,0.278332,2.735545,313.681286,0.041968,0.020449,0.975308,0.915362,-0.318367,9.741985,0.003190,0.001683,0.105521,0.715128,-0.406738,-1.225779,100308.0000
1764075638286160957,2025-11-25 18:30:38.283,0.264711,2.835843,313.110233,0.039944,0.018336,0.975301,1.059963,-0.048061,10.073107,0.007859,-0.026260,0.094007,0.706435,-0.412519,-1.226044,100311.0000
1764075638395778142,2025-11-25 18:30:38.392,0.278911,2.964031,312.563808,0.048638,0.019684,0.977282,0.984529,0.266873,9.845399,0.006249,-0.030526,0.104045,0.701134,-0.414921,-1.225448,100314.0000
1764075638496612642,2025-11-25 18:30:38.493,0.299845,3.045558,312.048435,0.053987,0.020433,0.978543,-0.398155,0.393052,9.450391,0.015366,-0.011273,0.089099,0.698681,-0.420715,-1.227731,100304.0000
1764075638596237586,2025-11-25 18:30:38.593,0.304717,3.062320,311.543926,0.059884,0.023102,0.976839,0.984903,0.844500,10.011489,-0.007653,-0.001872,0.089669,0.690487,-0.427389,-1.225101,100310.0000
1764075638696816994,2025-11-25 18:30:38.693,0.293635,2.999485,311.050491,0.055904,0.019331,0.978047,0.958797,-0.364743,9.868104,-0.007505,0.029244,0.069150,0.688055,-0.430296,-1.226466,100312.0000
1764075638786717938,2025-11-25 18:30:38.783,0.267256,2.899138,310.592709,0.043334,0.017064,0.978620,-0.856785,0.002718,9.425370,0.011538,0.014875,0.099283,0.685172,-0.436427,-1.221995,100308.0000
1764075638896041845,2025-11-25 18:30:38.893,0.237579,2.836401,310.179008,0.044427,0.020148,0.976453,1.322410,0.211686,9.946239,-0.003027,0.000976,0.062384,0.683249,-0.436903,-1.221478,100314.0000
1764075638996837345,2025-11-25 18:30:38.992,0.224164,2.835268,309.785023,0.043758,0.013884,0.978056,0.557185,0.194241,9.721526,0.008012,-0.000674,0.070399,0.677435,-0.442692,-1.222749,100312.0000
1764075639095754419,2025-11-25 18:30:39.092,0.228203,2.894987,309.434399,0.044219,0.015671,0.976429,0.063754,0.115870,9.537653,0.008379,-0.010368,0.058629,0.672601,-0.444187,-1.224582,100310.0000
1764075639196779178,2025-11-25 18:30:39.193,0.245066,3.002130,309.126339,0.044247,0.016940,0.975073,0.345801,0.509234,9.548463,0.000197,-0.033210,0.058296,0.671150,-0.447984,-1.223058,100309.0000
1764075639297046290,2025-11-25 18:30:39.293,0.259139,3.078214,308.870686,0.058611,0.014873,0.978241,1.601641,0.301879,10.188497,0.006982,-0.001513,0.041698,0.664863,-0.452810,-1.223854,100315.0000
1764075639386493030,2025-11-25 18:30:39.383,0.264694,3.094923,308.631977,0.056037,0.013379,0.978615,0.481165,0.172196,9.765615,0.004287,0.022951,0.050817,0.666778,-0.453299,-1.224839,100306.0000
1764075639496144938,2025-11-25 18:30:39.493,0.267046,3.046950,308.387875,0.053491,0.013874,0.977881,0.304706,0.126428,9.854221,0.011361,0.028723,0.041055,0.660045,-0.454264,-1.223762,100309.0000
1764075639596207919,2025-11-25 18:30:39.593,0.271340,2.939800,308.171432,0.047193,0.015031,0.976070,0.200724,0.211459,9.539009,0.002845,0.005708,0.038684,0.659568,-0.455669,-1.222288,100308.0000
1764075639686400900,2025-11-25 18:30:39.683,0.268512,2.829445,308.006340,0.047887,0.014715,0.978956,0.803448,0.267656,10.078151,0.006935,0.015687,0.019314,0.662439,-0.458055,-1.222776,100308.0000
1764075639796380104,2025-11-25 18:30:39.793,0.267138,2.741123,307.882187,0.041529,0.010135,0.977556,0.359873,-0.195435,9.716044,0.000358,0.013565,0.029646,0.659565,-0.458504,-1.220800,100312.0000
1764075639896291493,2025-11-25 18:30:39.893,0.283340,2.728313,307.769474,0.038218,0.009414,0.977571,0.031344,-0.058668,9.756612,0.012553,-0.006422,0.016201,0.659563,-0.460395,-1.219808,100312.0000
1764075639996903604,2025-11-25 18:30:39.993,0.307245,2.772484,307.665401,0.041141,0.011779,0.976502,0.667111,0.075282,9.786146,0.009548,-0.015641,0.024212,0.656651,-0.462359,-1.221662,100312.0000
1764075640095958808,2025-11-25 18:30:40.093,0.308494,2.844650,307.595085,0.046887,0.014216,0.978058,0.523181,0.002050,9.834431,-0.003489,-0.016239,0.009241,0.658091,-0.463775,-1.221180,100311.0000
1764075640197043937,2025-11-25 18:30:40.193,0.285267,2.896121,307.548660,0.052082,0.011702,0.978361,0.576164,-0.354104,9.818233,-0.003763,0.001875,0.005221,0.654718,-0.463333,-1.222100,100316.0000
1764075640295958807,2025-11-25 18:30:40.293,0.247628,2.846631,307.520477,0.052401,0.010084,0.978017,0.652591,0.320759,9.772298,-0.003484,0.015203,-0.001261,0.656654,-0.461881,-1.221669,100310.0000
1764075640395972252,2025-11-25 18:30:40.393,0.213673,2.731382,307.512112,0.044151,0.006812,0.976874,0.356342,-0.077540,9.812681,-0.004746,0.019286,-0.003376,0.659072,-0.460895,-1.220757,100304.0000
1764075640496184196,2025-11-25 18:30:40.493,0.209051,2.632114,307.534248,0.038250,0.003363,0.976280,0.321094,-0.202187,9.687768,0.009005,0.011309,0.006424,0.657133,-0.461412,-1.222165,100312.0000
1764075640598229474,2025-11-25 18:30:40.593,0.235794,2.597408,307.570301,0.035897,0.005673,0.978713,0.649007,0.561064,9.850617,0.009317,0.002685,0.002316,0.658131,-0.460370,-1.218343,100309.0000
1764075640696339215,2025-11-25 18:30:40.693,0.281783,2.615823,307.635334,0.037708,0.007520,0.978373,0.349288,0.505643,9.774538,0.009445,-0.004985,-0.015210,0.657626,-0.461379,-1.220728,100310.0000
1764075640786726233,2025-11-25 18:30:40.783,0.326693,2.669531,307.713837,0.038798,0.009047,0.977670,0.343917,-0.350658,9.703110,0.003597,-0.007741,-0.020733,0.660537,-0.458947,-1.219363,100310.0000
1764075640895921400,2025-11-25 18:30:40.893,0.343610,2.720112,307.813423,0.042844,0.010859,0.975969,0.460902,0.211215,9.912351,-0.000572,-0.007998,-0.021823,0.660046,-0.458502,-1.220807,100320.0000
1764075640996441177,2025-11-25 18:30:40.993,0.331836,2.754255,307.948696,0.045209,0.009301,0.976977,0.885237,0.610354,9.897259,-0.008158,0.002158,-0.033295,0.657647,-0.458025,-1.220298,100310.0000
1764075641095866140,2025-11-25 18:30:41.092,0.318048,2.724403,308.101620,0.048003,0.005958,0.979374,0.282452,-0.189758,9.716374,0.000910,0.011877,-0.024415,0.660069,-0.459386,-1.217423,100310.0000
1764075641186378381,2025-11-25 18:30:41.183,0.311147,2.633063,308.274326,0.042346,0.006604,0.978098,0.299506,0.116621,9.836218,-0.003693,0.017650,-0.032678,0.664386,-0.456572,-1.220901,100310.0000
1764075641287398696,2025-11-25 18:30:41.283,0.308576,2.517511,308.477722,0.036474,0.004426,0.979798,0.258960,0.099631,9.777471,0.010411,0.014089,-0.045238,0.668238,-0.456077,-1.220965,100310.0000
1764075641396034381,2025-11-25 18:30:41.393,0.308511,2.440148,308.691708,0.031165,0.004537,0.977169,0.239381,0.200195,9.732046,-0.000011,0.002585,-0.022022,0.669243,-0.451245,-1.218645,100311.0000
1764075641496460214,2025-11-25 18:30:41.493,0.317302,2.434784,308.906181,0.033732,0.005220,0.977026,0.404721,0.229741,9.716407,0.002283,-0.003826,-0.050362,0.673129,-0.446888,-1.216843,100306.0000
1764075641596566455,2025-11-25 18:30:41.593,0.327359,2.474770,309.133411,0.030830,0.002933,0.975247,0.324116,-0.143554,9.700719,0.001521,-0.015087,-0.032962,0.674052,-0.447930,-1.221175,100310.0000
1764075641688282992,2025-11-25 18:30:41.683,0.334403,2.544655,309.373177,0.036032,0.006045,0.978330,0.609460,0.203397,9.843402,0.006898,-0.003598,-0.047368,0.676481,-0.445501,-1.219803,100310.0000
1764075641796671510,2025-11-25 18:30:41.793,0.338730,2.582649,309.618504,0.037730,0.004238,0.978307,0.382513,-0.126531,9.741814,0.002263,-0.004843,-0.045888,0.678919,-0.442105,-1.217964,100314.0000
1764075641896732621,2025-11-25 18:30:41.893,0.338384,2.569689,309.852585,0.042603,0.005418,0.980202,0.813148,0.105389,9.962581,-0.000778,0.004791,-0.035740,0.678403,-0.443144,-1.221794,100308.0000
1764075641996989769,2025-11-25 18:30:41.992,0.343078,2.500294,310.091843,0.037369,0.003962,0.978732,0.397034,-0.009980,9.776664,0.006172,0.008641,-0.045996,0.683727,-0.440681,-1.219501,100306.0000
1764075642095901510,2025-11-25 18:30:42.092,0.350241,2.437926,310.347996,0.037060,0.006248,0.977599,0.244948,0.115835,9.670873,-0.006988,0.005007,-0.046297,0.687135,-0.434904,-1.218195,100302.0000
1764075642197340936,2025-11-25 18:30:42.193,0.368732,2.410128,310.642429,0.034236,0.004488,0.976647,0.159595,-0.009531,9.712863,0.004860,0.002070,-0.051294,0.689069,-0.434397,-1.217268,100310.0000
1764075642296446343,2025-11-25 18:30:42.293,0.374587,2.421495,310.955067,0.033701,0.004824,0.976573,0.360783,0.288866,9.824029,-0.009974,-0.008108,-0.047040,0.692895,-0.435386,-1.219717,100312.0000
1764075642395965195,2025-11-25 18:30:42.393,0.369087,2.452071,311.262005,0.035725,0.004682,0.976557,0.402344,-0.073590,9.676658,-0.004540,-0.009161,-0.061106,0.693418,-0.427731,-1.219360,100320.0000
1764075642496712454,2025-11-25 18:30:42.493,0.348904,2.486085,311.564552,0.036205,0.003320,0.977658,0.267702,0.036448,9.696502,-0.007971,-0.005216,-0.053055,0.698229,-0.425351,-1.220912,100312.0000
1764075642596113491,2025-11-25 18:30:42.593,0.334888,2.492843,311.869385,0.037705,0.002100,0.979666,0.487775,0.214997,9.763363,-0.001802,0.002401,-0.052257,0.699667,-0.423475,-1.222888,100312.0000
1764075642688834510,2025-11-25 18:30:42.683,0.338585,2.462105,312.158310,0.036689,-0.000443,0.980483,0.308272,-0.105428,9.742057,-0.001261,0.005786,-0.054239,0.704032,-0.419593,-1.221085,100316.0000
1764075642795737862,2025-11-25 18:30:42.792,0.365781,2.420979,312.438217,0.038626,0.002296,0.979976,0.359105,-0.060622,9.868212,0.003133,0.010538,-0.041535,0.705487,-0.417199,-1.221143,100312.0000
1764075642887676732,2025-11-25 18:30:42.883,0.389605,2.394767,312.737610,0.036653,0.004182,0.976010,0.374351,0.070423,9.630524,0.000930,0.001969,-0.055515,0.709355,-0.415717,-1.219778,100317.0000
1764075642996652065,2025-11-25 18:30:42.993,0.410978,2.386397,313.053528,0.035425,0.006777,0.975517,0.440853,-0.020118,9.775878,0.001171,0.002126,-0.064013,0.713703,-0.413767,-1.218908,100312.0000
1764075643096107435,2025-11-25 18:30:43.092,0.411660,2.404480,313.382286,0.032176,0.007027,0.973342,0.151664,0.385899,9.833809,-0.010463,-0.007969,-0.050114,0.715153,-0.408557,-1.221417,100314.0000
1764075643196465713,2025-11-25 18:30:43.193,0.387916,2.437679,313.710461,0.032460,0.001428,0.977374,0.231797,-0.526352,9.461554,-0.003403,-0.014451,-0.053541,0.718526,-0.406174,-1.222466,100309.0000
1764075643296552435,2025-11-25 18:30:43.293,0.371886,2.478895,314.024464,0.035232,0.003788,0.981690,0.310203,0.094582,9.827338,0.002866,-0.015911,-0.048854,0.719993,-0.403748,-1.221080,100307.0000
1764075643386657213,2025-11-25 18:30:43.383,0.365923,2.514954,314.363281,0.039090,0.002405,0.981027,0.717509,-0.240048,9.805037,-0.001072,-0.004822,-0.062454,0.723858,-0.398975,-1.222173,100314.0000
1764075643498194824,2025-11-25 18:30:43.493,0.380880,2.537802,314.717430,0.043136,0.001393,0.981186,0.424474,0.142415,9.894591,-0.007193,-0.000499,-0.063560,0.723856,-0.395682,-1.224632,100306.0000
1764075643597473639,2025-11-25 18:30:43.593,0.419510,2.508974,315.048756,0.041445,-0.002917,0.976160,0.122536,-0.304524,9.608162,0.009828,0.007822,-0.053098,0.727770,-0.390308,-1.219955,100319.0000
1764075643696365713,2025-11-25 18:30:43.693,0.461126,2.428806,315.365047,0.039248,0.007229,0.975466,0.286120,0.449107,9.570726,0.003896,0.010758,-0.044813,0.734030,-0.388379,-1.220558,100312.0000
1764075643786415324,2025-11-25 18:30:43.783,0.485314,2.351609,315.699852,0.033424,0.009854,0.975055,0.345880,0.029610,9.880200,-0.000298,0.011126,-0.076706,0.733559,-0.386471,-1.220580,100310.0000
1764075643896456416,2025-11-25 18:30:43.893,0.485185,2.364875,316.055809,0.027948,0.002986,0.975383,0.708377,-0.200567,9.940847,0.001554,-0.012814,-0.048206,0.736946,-0.382634,-1.220689,100310.0000
1764075643996263324,2025-11-25 18:30:43.993,0.463829,2.450305,316.404331,0.029923,0.006897,0.979808,0.491115,0.133161,10.100375,0.001306,-0.022319,-0.065087,0.738414,-0.380676,-1.218814,100312.0000
1764075644095693583,2025-11-25 18:30:44.092,0.440136,2.555349,316.743015,0.037837,0.004812,0.979756,0.445113,-0.064428,9.936605,-0.009119,-0.014765,-0.055977,0.740326,-0.377873,-1.222256,100314.0000
1764075644197398675,2025-11-25 18:30:44.193,0.431926,2.639494,317.081844,0.045973,0.002192,0.980505,0.725061,-0.167121,9.775534,0.007763,-0.007173,-0.061453,0.742738,-0.373604,-1.224283,100310.0000
1764075644296157972,2025-11-25 18:30:44.293,0.431360,2.672676,317.440800,0.043452,0.002797,0.976814,0.392514,-0.239183,9.875573,-0.002312,-0.001056,-0.060754,0.750447,-0.370714,-1.224922,100310.0000
1764075644396588786,2025-11-25 18:30:44.393,0.440424,2.660310,317.790047,0.045743,0.004656,0.975937,0.319452,0.236769,9.833553,0.003865,0.009638,-0.056606,0.751461,-0.364916,-1.222136,100311.0000
1764075644496369509,2025-11-25 18:30:44.493,0.462432,2.619691,318.116764,0.044259,0.002911,0.977435,0.163514,-0.048942,9.709653,0.001747,0.013159,-0.057005,0.753400,-0.362041,-1.222208,100315.0000
1764075644597084286,2025-11-25 18:30:44.593,0.480086,2.552505,318.442059,0.039781,0.004789,0.977347,0.612821,0.023373,9.850389,0.000114,0.011905,-0.051511,0.756788,-0.358672,-1.221828,100312.0000
1764075644696959305,2025-11-25 18:30:44.693,0.474121,2.512980,318.761475,0.035135,0.008609,0.977206,0.167761,0.068315,9.698686,-0.002047,0.005919,-0.055900,0.759202,-0.356283,-1.222381,100308.0000
1764075644796642453,2025-11-25 18:30:44.793,0.465957,2.513272,319.065739,0.037386,0.002076,0.978227,0.219940,-0.045541,9.661228,0.000405,0.004023,-0.059620,0.763054,-0.353430,-1.223926,100309.0000
1764075644896856027,2025-11-25 18:30:44.893,0.475376,2.544447,319.352531,0.037647,0.003551,0.979165,0.458939,0.031715,9.847869,-0.003745,-0.014664,-0.045178,0.765520,-0.347606,-1.220198,100315.0000
1764075644996563638,2025-11-25 18:30:44.993,0.489118,2.581332,319.642330,0.040880,0.006163,0.979249,0.142446,-0.025970,9.730932,-0.005355,-0.008717,-0.054940,0.762131,-0.347204,-1.223044,100314.0000
1764075645095872805,2025-11-25 18:30:45.093,0.505500,2.600101,319.933208,0.041760,0.006207,0.976596,0.471552,0.226190,9.624763,-0.000556,-0.005814,-0.047639,0.766002,-0.340530,-1.224648,100310.0000
1764075645196596008,2025-11-25 18:30:45.193,0.512527,2.602057,320.231243,0.042914,0.006936,0.976294,0.689275,-0.124379,9.853435,0.004509,-0.001966,-0.049266,0.767922,-0.341477,-1.224661,100319.0000
1764075645296620712,2025-11-25 18:30:45.293,0.514085,2.597701,320.535732,0.041830,0.006607,0.977104,0.329762,0.165060,9.810694,-0.008337,-0.008804,-0.055612,0.770824,-0.335295,-1.226725,100308.0000
1764075645396109953,2025-11-25 18:30:45.393,0.503852,2.597641,320.836372,0.042549,0.006386,0.977476,0.545219,-0.004712,9.726408,-0.003378,-0.007684,-0.056588,0.771329,-0.334286,-1.224340,100311.0000
1764075645496396304,2025-11-25 18:30:45.493,0.479858,2.615436,321.130173,0.040004,0.005010,0.978316,0.440101,-0.116918,9.855712,-0.004090,-0.011972,-0.044035,0.776616,-0.332393,-1.226373,100315.0000
1764075645597338249,2025-11-25 18:30:45.593,0.456783,2.643236,321.415394,0.043916,0.006606,0.979284,0.724817,0.135177,9.772886,0.001591,-0.003517,-0.053744,0.776164,-0.328075,-1.225469,100309.0000
1764075645696522730,2025-11-25 18:30:45.693,0.444740,2.677677,321.691891,0.043583,0.002818,0.978498,0.182227,0.128895,9.602728,-0.003173,-0.008232,-0.042128,0.780037,-0.324694,-1.224615,100313.0000
1764075645796330119,2025-11-25 18:30:45.792,0.445673,2.710817,321.953468,0.044821,0.003705,0.976444,0.328050,0.014074,9.772602,-0.002716,-0.002263,-0.048734,0.780525,-0.321846,-1.225629,100308.0000
1764075645896452212,2025-11-25 18:30:45.893,0.454418,2.724646,322.204128,0.044241,0.005765,0.976235,0.502298,0.150742,9.745513,-0.004332,-0.003685,-0.038561,0.781973,-0.319472,-1.226649,100311.0000
1764075645997012045,2025-11-25 18:30:45.993,0.462317,2.734294,322.467945,0.045632,0.005885,0.976338,0.754675,0.020326,9.979694,0.001554,-0.005191,-0.045779,0.784393,-0.315182,-1.227713,100309.0000
1764075646096340582,2025-11-25 18:30:46.092,0.474145,2.757638,322.715908,0.045829,0.004940,0.976836,0.531211,0.106248,9.754854,0.007068,-0.009259,-0.034599,0.787320,-0.310819,-1.225415,100307.0000
1764075646196123674,2025-11-25 18:30:46.193,0.482143,2.761058,322.943821,0.045905,0.004167,0.977723,0.423957,-0.194669,9.755540,-0.000949,-0.001813,-0.038145,0.790194,-0.312727,-1.225910,100306.0000
1764075646296454026,2025-11-25 18:30:46.293,0.492320,2.756896,323.147160,0.046278,0.006195,0.978769,0.416775,0.090951,9.768483,0.003428,-0.004312,-0.032925,0.786840,-0.307518,-1.227385,100312.0000
1764075646395781100,2025-11-25 18:30:46.393,0.501931,2.767289,323.342937,0.045405,0.007239,0.979572,0.512531,0.015510,9.870308,-0.000204,-0.002721,-0.046615,0.791177,-0.307011,-1.226975,100310.0000
1764075646496713878,2025-11-25 18:30:46.493,0.502856,2.785670,323.531929,0.045449,0.006836,0.975876,0.212478,-0.004543,9.540110,0.000479,-0.001280,-0.023309,0.790714,-0.306494,-1.225049,100317.0000
1764075646597098526,2025-11-25 18:30:46.593,0.500905,2.770023,323.697659,0.047704,0.007414,0.977979,0.570983,0.071269,9.882144,-0.001423,0.007492,-0.039926,0.792627,-0.304159,-1.228003,100312.0000
1764075646696530248,2025-11-25 18:30:46.693,0.504025,2.725089,323.828697,0.043527,0.006414,0.977208,0.413582,0.137243,9.871777,-0.000261,0.007683,-0.021260,0.794591,-0.300745,-1.225194,100306.0000
1764075646786957896,2025-11-25 18:30:46.783,0.507441,2.712192,323.951900,0.040795,0.009045,0.976441,0.449058,-0.085626,9.823170,-0.001678,-0.005936,-0.023642,0.795561,-0.299308,-1.225230,100315.0000
1764075646896005600,2025-11-25 18:30:46.893,0.499823,2.748108,324.075432,0.042292,0.008550,0.977354,0.183327,-0.156118,9.635647,-0.009968,-0.014761,-0.017450,0.794590,-0.297920,-1.227164,100315.0000
1764075646997818229,2025-11-25 18:30:46.992,0.486338,2.782434,324.176670,0.047131,0.008086,0.978577,0.301474,0.242879,9.787062,-0.001312,-0.003869,-0.018008,0.793131,-0.297967,-1.229068,100308.0000
1764075647095750877,2025-11-25 18:30:47.093,0.476980,2.818005,324.252213,0.047033,0.006529,0.977461,0.496084,0.297299,9.766684,-0.001151,-0.010308,-0.008286,0.797950,-0.296513,-1.229161,100318.0000
1764075647196074896,2025-11-25 18:30:47.193,0.469224,2.838849,324.320724,0.050890,0.007544,0.978309,0.624062,-0.040498,9.970076,-0.002265,0.003128,-0.015845,0.798449,-0.294579,-1.228234,100307.0000
1764075647296572785,2025-11-25 18:30:47.293,0.465898,2.837435,324.366287,0.047378,0.006565,0.977263,0.539891,0.048104,9.791205,-0.006320,0.002965,-0.004771,0.797006,-0.295999,-1.227229,100315.0000
1764075647396109674,2025-11-25 18:30:47.393,0.466840,2.805584,324.391350,0.048028,0.007235,0.978122,0.398509,-0.068949,9.808484,0.004992,0.001697,0.002491,0.796506,-0.295106,-1.230124,100308.0000
1764075647496639729,2025-11-25 18:30:47.493,0.473742,2.763588,324.398212,0.046284,0.009900,0.978194,0.448302,0.101829,9.745784,0.006897,0.008308,-0.003675,0.797967,-0.294582,-1.228227,100304.0000
1764075647596652562,2025-11-25 18:30:47.593,0.490626,2.738994,324.408409,0.046091,0.010054,0.976232,0.521557,-0.038059,9.875235,0.004559,0.007767,-0.005248,0.798942,-0.293601,-1.227294,100313.0000
1764075647696288581,2025-11-25 18:30:47.693,0.511884,2.740181,324.434151,0.044419,0.010058,0.975070,0.171304,0.257908,9.673421,0.011078,-0.001824,0.000465,0.798475,-0.293095,-1.225850,100311.0000
1764075647795968099,2025-11-25 18:30:47.793,0.524542,2.763074,324.467133,0.045215,0.010583,0.977451,0.615264,0.093922,9.895493,0.005264,-0.009652,-0.004477,0.797967,-0.294582,-1.228227,100309.0000
1764075647896378025,2025-11-25 18:30:47.892,0.511428,2.794789,324.479439,0.045533,0.011580,0.977245,0.461403,0.374877,9.716273,0.000328,-0.010817,0.001123,0.799913,-0.292632,-1.226841,100304.0000
1764075647997368821,2025-11-25 18:30:47.993,0.482953,2.843104,324.467754,0.049245,0.010867,0.979919,0.628124,-0.016353,9.895345,-0.002535,-0.002250,0.003268,0.797482,-0.294594,-1.228702,100305.0000
1764075648095522877,2025-11-25 18:30:48.093,0.444797,2.861911,324.457222,0.048102,0.009611,0.977426,0.535992,-0.453207,9.637035,-0.004626,-0.000301,0.003694,0.796530,-0.294100,-1.227732,100311.0000
1764075648197664543,2025-11-25 18:30:48.194,0.417060,2.856493,324.423527,0.050164,0.008259,0.978061,0.448958,0.376627,9.745044,-0.004664,0.004068,0.000790,0.796996,-0.295551,-1.228680,100312.0000
1764075648296689358,2025-11-25 18:30:48.293,0.411843,2.843320,324.369373,0.047702,0.006263,0.976633,0.378318,0.385093,9.803326,0.008569,0.007671,0.013761,0.798429,-0.294630,-1.230641,100310.0000
1764075648396127506,2025-11-25 18:30:48.393,0.428593,2.820097,324.318550,0.048238,0.007385,0.976394,0.355568,0.151971,9.673626,0.010943,0.001687,0.010310,0.797480,-0.295071,-1.228694,100301.0000
1764075648486846858,2025-11-25 18:30:48.483,0.452591,2.800382,324.264107,0.045593,0.008736,0.975844,0.312428,-0.183270,9.684051,0.000129,0.002483,0.003903,0.798921,-0.295543,-1.228708,100312.0000
1764075648596651728,2025-11-25 18:30:48.593,0.474357,2.802225,324.199383,0.043831,0.011249,0.976771,0.722570,0.266047,9.963301,0.005061,-0.004114,0.010573,0.795075,-0.296495,-1.227674,100316.0000
1764075648697942710,2025-11-25 18:30:48.693,0.491424,2.802892,324.132168,0.045523,0.012015,0.978573,0.721561,0.258740,9.864031,-0.005021,-0.003877,0.008317,0.794111,-0.296032,-1.228148,100314.0000
1764075648786365951,2025-11-25 18:30:48.783,0.497260,2.808106,324.060257,0.045192,0.009653,0.978979,0.515158,0.432899,9.820089,0.005050,-0.000697,0.013919,0.795069,-0.296983,-1.228148,100308.0000
1764075648895699321,2025-11-25 18:30:48.893,0.503490,2.805931,323.970470,0.046533,0.009922,0.979335,0.462406,0.079656,9.686614,0.002405,0.003912,0.025494,0.795053,-0.297024,-1.230074,100317.0000
1764075648996450654,2025-11-25 18:30:48.992,0.508480,2.793534,323.858879,0.046244,0.012686,0.976876,0.523480,0.319620,9.830012,0.006201,-0.001924,0.021344,0.794092,-0.301266,-1.227105,100310.0000
1764075649095527598,2025-11-25 18:30:49.092,0.506311,2.792997,323.746620,0.044889,0.014369,0.975739,0.430051,0.042677,9.741958,-0.002895,-0.001322,0.023797,0.793572,-0.304673,-1.229935,100313.0000
1764075649196350006,2025-11-25 18:30:49.193,0.498172,2.730471,323.650223,0.049587,0.014065,0.980453,0.267940,-0.032370,9.710915,0.000924,0.033372,0.010839,0.793582,-0.303230,-1.229476,100306.0000
1764075649296189284,2025-11-25 18:30:49.293,0.464343,2.284245,323.692017,0.041815,0.012550,0.984976,0.556531,0.285318,9.986372,0.002387,0.117371,-0.021154,0.799422,-0.301618,-1.222362,100308.0000
1764075649395946395,2025-11-25 18:30:49.393,0.414050,1.470527,323.942574,0.013888,0.013136,0.983179,-0.094018,0.348315,9.745345,-0.015061,0.154084,-0.070404,0.804315,-0.298079,-1.214301,100308.0000
1764075649495973506,2025-11-25 18:30:49.493,0.365819,0.614638,324.358486,-0.025095,-0.001790,0.982025,-0.888391,-0.490155,9.707917,0.000355,0.146694,-0.080836,0.815466,-0.293567,-1.206829,100315.0000
1764075649596582969,2025-11-25 18:30:49.593,0.329487,-0.138316,324.959888,-0.054415,0.002564,0.981632,-0.663305,0.371452,9.652487,0.000456,0.102889,-0.117359,0.828587,-0.284209,-1.196569,100306.0000
1764075649696624098,2025-11-25 18:30:49.693,0.295148,-0.513305,325.675228,-0.071839,-0.003400,0.976668,-0.599670,-0.194992,9.768292,-0.005934,0.030588,-0.138215,0.836352,-0.276928,-1.192942,100310.0000
1764075649796899876,2025-11-25 18:30:49.793,0.266639,-0.582997,326.461655,-0.068598,-0.004815,0.980024,-0.730379,0.295888,10.606637,-0.003523,0.012714,-0.145858,0.845030,-0.271187,-1.194602,100310.0000
1764075649896761876,2025-11-25 18:30:49.893,0.229691,-0.778241,327.453003,-0.078362,-0.007749,0.978271,-1.335751,-0.597879,10.319425,0.014670,0.079566,-0.218530,0.851854,-0.259611,-1.191026,100315.0000
1764075649986320561,2025-11-25 18:30:49.983,0.244869,-1.403243,328.892145,-0.101837,-0.015085,0.973305,-1.641167,-0.356205,8.300516,0.013219,0.094180,-0.250032,0.865944,-0.244577,-1.183758,100314.0000
1764075650095386061,2025-11-25 18:30:50.092,0.343078,-1.757821,330.465538,-0.122922,-0.006748,0.974025,-0.145854,-0.451822,9.734486,0.012886,0.004984,-0.283912,0.877635,-0.223405,-1.179437,100313.0000
1764075650196239339,2025-11-25 18:30:50.193,0.456678,-1.527736,331.967194,-0.125456,-0.004816,0.973192,-2.417338,0.998981,9.457520,0.009437,-0.091974,-0.255100,0.884909,-0.208138,-1.182185,100316.0000
1764075650295531505,2025-11-25 18:30:50.292,0.518794,-0.884750,333.446867,-0.095397,0.003646,0.970500,0.447846,0.605183,9.944843,-0.000499,-0.131259,-0.242242,0.886401,-0.191505,-1.186795,100313.0000
1764075650395774801,2025-11-25 18:30:50.393,0.516650,-0.013627,334.979248,-0.071239,0.009738,0.965586,-0.646390,-0.560538,9.632382,-0.011518,-0.181530,-0.283807,0.885463,-0.169760,-1.197708,100305.0000
1764075650496375801,2025-11-25 18:30:50.493,0.473066,0.829226,336.558958,-0.028650,0.001467,0.965461,-0.082650,-0.246728,9.410395,-0.002002,-0.137434,-0.275575,0.885449,-0.152829,-1.210487,100312.0000
1764075650596411449,2025-11-25 18:30:50.593,0.489508,1.331560,338.177504,0.000951,-0.004172,0.977517,-0.178493,-0.646625,9.472771,0.011604,-0.023255,-0.308442,0.885991,-0.132866,-1.215616,100308.0000
1764075650696867079,2025-11-25 18:30:50.693,0.581312,1.221316,339.863321,0.006241,-0.004144,0.983970,0.304920,2.422430,10.155511,0.004288,0.050525,-0.298325,0.893805,-0.111316,-1.215096,100313.0000
1764075650795869135,2025-11-25 18:30:50.793,0.723611,0.732444,341.580652,-0.005229,0.000949,0.989232,0.333350,0.405672,9.979174,0.018302,0.105392,-0.306363,0.904054,-0.092976,-1.208785,100310.0000
1764075650896431968,2025-11-25 18:30:50.893,0.829547,0.210365,343.360846,-0.029674,0.016512,0.987493,-0.868554,-0.071311,9.646260,-0.003064,0.067894,-0.324781,0.914811,-0.069379,-1.202561,100313.0000
1764075650997071171,2025-11-25 18:30:50.992,0.848990,-0.088507,345.271819,-0.047964,0.025003,0.981461,-1.190859,0.475266,9.620830,-0.018647,0.013260,-0.353082,0.921239,-0.045324,-1.196280,100310.0000
1764075651095651282,2025-11-25 18:30:51.092,0.761708,-0.041858,347.382744,-0.045417,0.023056,0.979248,-0.584799,-0.035944,9.699789,-0.016243,-0.049929,-0.386161,0.926641,-0.018145,-1.200145,100310.0000
1764075651196147116,2025-11-25 18:30:51.193,0.632872,0.390292,349.626987,-0.028365,0.016758,0.972757,-0.049801,-0.104241,9.817652,-0.025111,-0.110497,-0.392666,0.924840,0.014227,-1.205428,100307.0000
1764075651296572042,2025-11-25 18:30:51.293,0.538733,0.950756,351.893253,0.008243,0.009047,0.973792,0.468313,-0.181175,9.868857,-0.013039,-0.098155,-0.389593,0.922531,0.043700,-1.212105,100315.0000
1764075651396398245,2025-11-25 18:30:51.393,0.513003,1.312869,354.104145,0.034707,0.004477,0.975457,0.278602,0.299354,9.699759,-0.011304,-0.038862,-0.376650,0.922608,0.071242,-1.220232,100312.0000
1764075651496074819,2025-11-25 18:30:51.493,0.532756,1.304191,356.268029,0.043625,0.003901,0.980811,0.404900,-0.243823,9.834481,-0.002883,0.026186,-0.378947,0.922273,0.098965,-1.219687,100314.0000
1764075651596266801,2025-11-25 18:30:51.592,0.562307,1.023584,358.439535,0.031806,0.007616,0.981674,0.462779,0.317218,10.031237,-0.004889,0.055319,-0.381418,0.923429,0.128708,-1.214378,100315.0000
1764075651696202375,2025-11-25 18:30:51.693,0.572950,0.671672,0.643686,0.013051,0.008275,0.981558,-0.103987,0.120834,9.745193,-0.003842,0.054083,-0.386955,0.924071,0.156944,-1.212410,100313.0000
1764075651795631060,2025-11-25 18:30:51.793,0.558737,0.399219,2.840833,-0.003503,0.009554,0.981216,-0.027065,0.096411,9.634900,-0.001120,0.031218,-0.377092,0.924251,0.186175,-1.208525,100310.0000
1764075651896324523,2025-11-25 18:30:51.893,0.503962,0.296326,5.009849,-0.013424,0.012378,0.977176,-0.143311,-0.043722,9.726808,-0.013593,-0.002274,-0.380001,0.923932,0.214884,-1.206550,100306.0000
1764075651997565800,2025-11-25 18:30:51.993,0.443118,0.406131,7.166199,-0.013395,0.006374,0.972579,0.009457,0.055107,9.856709,-0.007773,-0.043352,-0.373367,0.916364,0.241589,-1.207328,100314.0000
1764075652095560430,2025-11-25 18:30:52.093,0.427980,0.666444,9.324545,-0.003282,0.002627,0.974049,0.108506,-0.034021,9.663476,-0.001216,-0.055536,-0.377215,0.907817,0.268249,-1.210017,100310.0000
1764075652196105504,2025-11-25 18:30:52.193,0.460333,0.952855,11.447453,0.012277,0.005138,0.977180,0.285908,0.107836,9.638188,0.004542,-0.047645,-0.360967,0.896870,0.295854,-1.212685,100315.0000
1764075652296180337,2025-11-25 18:30:52.293,0.510486,1.125911,13.522167,0.026472,0.007919,0.980745,0.543970,-0.075389,9.986932,0.005737,-0.019919,-0.360754,0.888306,0.320582,-1.216307,100309.0000
1764075652396042041,2025-11-25 18:30:52.393,0.540009,1.120881,15.594572,0.031011,0.011375,0.981449,0.339704,-0.043951,9.840538,-0.010568,0.013267,-0.364414,0.880249,0.348210,-1.218537,100320.0000
1764075652496687337,2025-11-25 18:30:52.493,0.523986,0.943956,17.728146,0.026142,0.011651,0.982392,0.181427,-0.109246,9.745054,-0.009126,0.031737,-0.374740,0.872703,0.372619,-1.214945,100312.0000
1764075652596713319,2025-11-25 18:30:52.593,0.473484,0.717848,19.907759,0.014578,0.010742,0.980133,-0.017995,0.197004,9.705392,-0.014962,0.030294,-0.378719,0.862266,0.399829,-1.213762,100312.0000
1764075652696241874,2025-11-25 18:30:52.693,0.430982,0.556211,22.053547,0.002461,0.007025,0.977821,0.100522,-0.144000,9.742232,-0.004548,0.012239,-0.371855,0.851823,0.423727,-1.211083,100315.0000
1764075652796049596,2025-11-25 18:30:52.793,0.440120,0.525798,24.126329,-0.003759,0.005467,0.974787,-0.285967,-0.190388,9.841673,0.005225,-0.010301,-0.355233,0.838971,0.449961,-1.210331,100309.0000
1764075652896575133,2025-11-25 18:30:52.893,0.491197,0.618439,26.156954,-0.001207,0.008315,0.973369,0.056817,0.004449,9.811131,0.001455,-0.025479,-0.360910,0.828011,0.472820,-1.211482,100310.0000
1764075652997418726,2025-11-25 18:30:52.993,0.531100,0.759878,28.218294,0.004956,0.011086,0.975148,-0.026882,0.127564,9.680836,0.000477,-0.031690,-0.360722,0.811741,0.493723,-1.213488,100312.0000
1764075653095714448,2025-11-25 18:30:53.092,0.526687,0.900218,30.331638,0.015149,0.013675,0.977568,0.154840,0.574346,9.720662,-0.002591,-0.020256,-0.367687,0.794541,0.518007,-1.213605,100313.0000
1764075653197202300,2025-11-25 18:30:53.193,0.480304,0.985878,32.465576,0.020606,0.016417,0.982894,0.256154,0.302400,9.856901,-0.020733,-0.006735,-0.382254,0.776362,0.540355,-1.214642,100308.0000
1764075653297237522,2025-11-25 18:30:53.293,0.425788,0.991661,34.572670,0.021400,0.005812,0.984129,0.218785,-0.314147,9.759545,-0.013739,0.001115,-0.358064,0.760588,0.564127,-1.216699,100310.0000
1764075653396259800,2025-11-25 18:30:53.393,0.391174,0.931126,36.628281,0.018218,0.007713,0.981521,0.079592,0.327054,9.617448,-0.002521,0.011819,-0.357023,0.742922,0.586092,-1.213403,100312.0000
1764075653496586466,2025-11-25 18:30:53.493,0.391187,0.832642,38.665588,0.013919,0.004454,0.977602,-0.004771,-0.040430,9.635829,0.001389,0.020455,-0.353659,0.724732,0.603226,-1.212433,100310.0000
1764075653596133466,2025-11-25 18:30:53.593,0.429198,0.732818,40.713295,0.009731,0.006250,0.974379,0.122427,0.176171,9.801835,0.007282,0.004755,-0.347964,0.709436,0.621807,-1.211528,100303.0000
1764075653696673096,2025-11-25 18:30:53.693,0.474925,0.655664,42.794090,0.007841,0.010929,0.976175,-0.030475,-0.331152,9.919887,0.003674,0.009656,-0.377856,0.688365,0.641774,-1.211523,100309.0000
1764075653796107836,2025-11-25 18:30:53.793,0.492541,0.609183,44.877968,0.006075,0.011324,0.977497,-0.078942,-0.129961,9.719698,-0.005772,-0.000102,-0.355098,0.671158,0.660854,-1.209153,100304.0000
1764075653896626577,2025-11-25 18:30:53.893,0.456834,0.633704,46.955994,0.005270,0.015073,0.978585,-0.024801,0.100825,9.761790,-0.015122,-0.010817,-0.358697,0.650068,0.678413,-1.210074,100318.0000
1764075653996640207,2025-11-25 18:30:53.993,0.401891,0.729142,49.014160,0.005204,0.011301,0.979449,0.056901,-0.097459,9.923549,-0.006211,-0.025660,-0.356275,0.626569,0.694538,-1.210456,100313.0000
1764075654095489836,2025-11-25 18:30:54.092,0.361539,0.852577,51.040913,0.009925,0.006503,0.977920,-0.085057,-0.423450,9.454941,-0.004388,-0.021313,-0.350109,0.604526,0.711645,-1.209911,100311.0000
1764075654196064318,2025-11-25 18:30:54.193,0.358016,0.954949,53.055973,0.017168,0.007498,0.977867,0.188215,0.433562,9.654538,-0.001454,-0.012343,-0.347821,0.580513,0.722025,-1.210679,100304.0000
1764075654295783669,2025-11-25 18:30:54.293,0.386162,0.990211,55.105843,0.020320,0.008480,0.978279,0.086719,0.173147,9.881235,-0.003256,-0.011695,-0.367323,0.556999,0.739055,-1.213482,100313.0000
1764075654396068873,2025-11-25 18:30:54.393,0.419107,0.968917,57.188416,0.021163,0.006179,0.979615,0.472298,-0.107431,9.808429,0.003228,0.000806,-0.352407,0.535890,0.751379,-1.213360,100305.0000
1764075654496132799,2025-11-25 18:30:54.493,0.429502,0.899795,59.270668,0.017571,0.015597,0.980970,0.189793,0.654537,9.778580,-0.003597,0.008778,-0.362126,0.511913,0.764209,-1.211276,100312.0000
1764075654596572873,2025-11-25 18:30:54.593,0.399070,0.848134,61.330776,0.012836,0.014618,0.980339,-0.017090,0.163559,9.656179,-0.011379,0.004897,-0.362394,0.487448,0.777494,-1.210156,100313.0000
1764075654696171262,2025-11-25 18:30:54.693,0.360293,0.810260,63.371929,0.011773,0.010067,0.979629,0.075366,0.147349,9.778207,0.003400,0.010487,-0.357236,0.463924,0.789310,-1.210953,100310.0000
1764075654795987614,2025-11-25 18:30:54.793,0.339092,0.797402,65.414017,0.010487,0.009605,0.976858,0.204750,0.053618,9.822903,-0.010179,0.001606,-0.362391,0.437526,0.800676,-1.209775,100307.0000
1764075654895983947,2025-11-25 18:30:54.893,0.362494,0.805997,67.436592,0.011688,0.002770,0.975628,0.192073,-0.223288,9.851352,0.010300,-0.007037,-0.345238,0.413016,0.806297,-1.209500,100311.0000
1764075654996030225,2025-11-25 18:30:54.993,0.416157,0.833709,69.348640,0.013046,0.007420,0.975828,0.210556,0.452199,9.783162,0.000688,-0.012413,-0.318717,0.388026,0.811450,-1.208729,100306.0000
1764075655095478632,2025-11-25 18:30:55.092,0.479253,0.870280,71.136566,0.014121,0.010693,0.977205,0.157384,-0.021062,9.854715,0.007888,-0.012743,-0.303847,0.369276,0.817535,-1.210473,100313.0000
1764075655196090984,2025-11-25 18:30:55.193,0.507817,0.854180,72.801567,0.016833,0.013826,0.980497,-0.078328,-0.019072,9.762270,0.000892,0.003220,-0.273085,0.346212,0.823641,-1.210226,100313.0000
1764075655286422428,2025-11-25 18:30:55.283,0.492216,0.954808,74.305450,0.010914,0.015526,0.976140,0.008896,0.636540,9.784751,-0.005308,-0.039245,-0.249174,0.324094,0.827352,-1.210439,100308.0000
1764075655396408891,2025-11-25 18:30:55.393,0.446751,1.308630,75.676003,0.023443,0.014601,0.976548,0.690800,0.313495,9.789234,-0.014008,-0.092207,-0.225603,0.305333,0.829636,-1.211161,100320.0000
1764075655496576409,2025-11-25 18:30:55.493,0.396234,1.983278,76.823563,0.047409,0.005005,0.973008,0.787435,0.047786,9.512386,-0.010375,-0.159259,-0.162864,0.285615,0.835228,-1.213364,100309.0000
1764075655596574076,2025-11-25 18:30:55.593,0.389172,3.320911,77.374413,0.084709,-0.001920,0.962684,-0.545682,-0.241901,9.116662,0.002641,-0.300268,-0.048081,0.263474,0.835109,-1.214000,100314.0000
1764075655697928298,2025-11-25 18:30:55.694,0.391549,4.929791,77.508537,0.174024,0.008650,0.971002,2.659718,0.308324,9.575031,-0.007121,-0.241976,-0.021566,0.247557,0.832578,-1.217098,100313.0000
1764075655795885409,2025-11-25 18:30:55.793,0.348795,5.962089,77.804176,0.235161,0.009385,0.973700,2.683570,-0.547912,9.823651,-0.010563,-0.100332,-0.067342,0.230728,0.835358,-1.217374,100314.0000
1764075655896024743,2025-11-25 18:30:55.892,0.260789,6.116691,78.353134,0.260704,0.010582,0.971658,2.585829,0.410870,9.625250,-0.022760,0.060830,-0.119035,0.221611,0.835855,-1.214358,100308.0000
1764075655986264317,2025-11-25 18:30:55.983,0.166849,5.456387,79.021301,0.234093,-0.003757,0.968336,1.529835,0.170113,9.612359,-0.026852,0.171241,-0.111700,0.220708,0.839307,-1.209100,100312.0000
1764075656095863094,2025-11-25 18:30:56.092,0.113774,4.354011,79.700218,0.185164,-0.009846,0.963819,1.703290,0.125661,9.777004,-0.011095,0.195259,-0.122271,0.220734,0.841259,-1.207204,100315.0000
1764075656196099835,2025-11-25 18:30:56.193,0.135891,3.319003,80.314346,0.124243,-0.012202,0.964456,1.013329,0.444278,9.688423,-0.002563,0.148866,-0.109010,0.222648,0.843127,-1.209669,100310.0000
1764075656296557668,2025-11-25 18:30:56.293,0.207229,2.774162,80.892418,0.077257,-0.010170,0.965211,0.939586,0.255149,9.757687,0.011186,0.040609,-0.097155,0.223149,0.843180,-1.207269,100309.0000
1764075656395940631,2025-11-25 18:30:56.393,0.284770,2.929132,81.372688,0.064066,-0.004787,0.967409,0.582739,0.258633,9.364336,0.011626,-0.081086,-0.059292,0.213989,0.842620,-1.209051,100317.0000
1764075656495955131,2025-11-25 18:30:56.493,0.349350,3.565647,81.699089,0.094844,-0.000993,0.973248,0.967673,0.146152,9.146316,0.016824,-0.109622,-0.034721,0.205309,0.842531,-1.211331,100305.0000
1764075656596351538,2025-11-25 18:30:56.593,0.421556,4.286938,81.906479,0.129838,0.001991,0.972938,2.406414,0.344997,10.033770,0.012001,-0.106933,-0.037792,0.195694,0.842508,-1.210226,100311.0000
1764075656695823390,2025-11-25 18:30:56.693,0.516012,4.750501,82.033569,0.143940,0.007827,0.973638,1.478210,-0.119930,9.498260,0.016775,-0.049218,-0.016003,0.188905,0.838097,-1.213911,100313.0000
1764075656796165909,2025-11-25 18:30:56.793,0.573223,4.667767,82.087372,0.148187,0.022487,0.983520,1.584705,0.246828,9.775914,0.002445,0.058933,-0.009602,0.187950,0.839525,-1.213919,100315.0000
1764075656896657909,2025-11-25 18:30:56.893,0.530837,4.074191,82.095596,0.122468,0.024915,0.982438,1.159073,0.027746,9.979089,-0.012653,0.138759,-0.000271,0.194709,0.841030,-1.212115,100306.0000
1764075656997145483,2025-11-25 18:30:56.993,0.415043,3.212353,82.128220,0.085369,0.012486,0.973747,0.128927,0.279378,9.657431,-0.018581,0.160315,-0.010697,0.202916,0.842083,-1.209362,100311.0000
1764075657095933779,2025-11-25 18:30:57.092,0.338769,2.369291,82.214539,0.048162,-0.011229,0.967969,0.245587,-0.840714,9.832419,-0.004876,0.122175,-0.015559,0.209171,0.842111,-1.209455,100311.0000
1764075657196057112,2025-11-25 18:30:57.192,0.375597,1.891048,82.161568,0.001861,-0.010663,0.972121,-0.730357,-0.135932,9.824459,0.021565,0.034000,0.033155,0.215914,0.841217,-1.208095,100314.0000
1764075657296402223,2025-11-25 18:30:57.293,0.473581,2.014351,81.796219,-0.015977,0.017125,0.983987,0.049971,0.563880,9.819807,0.023928,-0.063667,0.093216,0.221172,0.841148,-1.212506,100317.0000
1764075657396118205,2025-11-25 18:30:57.393,0.509811,2.545247,81.242157,0.012177,0.039174,0.988863,0.410218,0.669182,9.847032,0.002919,-0.096310,0.099683,0.220689,0.839256,-1.211507,100315.0000
1764075657495735575,2025-11-25 18:30:57.493,0.445347,3.022108,80.806099,0.065130,0.028176,0.981352,0.934483,0.376393,9.628507,-0.003775,-0.049983,0.061083,0.221172,0.841148,-1.212506,100305.0000
1764075657595795927,2025-11-25 18:30:57.593,0.379411,3.067842,80.541847,0.092210,-0.001732,0.963517,0.902211,0.133817,9.593858,0.001987,0.026750,0.043892,0.222614,0.839265,-1.211535,100313.0000
1764075657695933223,2025-11-25 18:30:57.693,0.384517,2.753395,80.131325,0.060624,-0.002978,0.964859,-0.422421,-0.019975,9.293508,0.010354,0.052654,0.107173,0.233688,0.839335,-1.210736,100311.0000
1764075657796548038,2025-11-25 18:30:57.792,0.425773,2.451431,79.333778,0.032597,0.025132,0.986294,0.725563,0.464294,10.354146,0.016179,0.046388,0.161229,0.243774,0.838862,-1.212804,100305.0000
1764075657896851538,2025-11-25 18:30:57.893,0.450369,2.245118,78.402565,0.027187,0.043465,0.991153,0.086422,0.542813,9.875798,0.010669,0.047482,0.148363,0.260128,0.835622,-1.211550,100313.0000
1764075657996616593,2025-11-25 18:30:57.992,0.439624,2.095155,77.690933,0.031366,0.033513,0.981575,-0.162207,0.204842,9.530491,0.002709,0.032440,0.097838,0.271166,0.833710,-1.214091,100310.0000
1764075658095719501,2025-11-25 18:30:58.093,0.448935,1.982171,77.162407,0.035542,0.006626,0.969247,0.713208,-0.131494,9.778929,0.008062,0.017469,0.098676,0.280819,0.835248,-1.211368,100315.0000
1764075658196180260,2025-11-25 18:30:58.193,0.476459,2.040309,76.476562,0.011315,0.015991,0.967420,0.696222,0.553264,9.670215,-0.002202,-0.047353,0.155092,0.288005,0.832841,-1.213845,100315.0000
1764075658296305500,2025-11-25 18:30:58.293,0.443241,2.340102,75.475830,0.014498,0.037422,0.981746,0.040774,0.440476,9.651296,-0.006876,-0.055501,0.194210,0.296640,0.829983,-1.215373,100318.0000
1764075658396201815,2025-11-25 18:30:58.392,0.355595,2.612333,74.397591,0.038345,0.041913,0.984282,0.185473,0.282015,9.905873,-0.002522,-0.030423,0.172587,0.310122,0.829596,-1.214120,100311.0000
1764075658496763852,2025-11-25 18:30:58.493,0.301715,2.667838,73.488441,0.059080,0.023843,0.975831,0.184589,-0.032339,9.688570,-0.000060,0.009339,0.137217,0.320206,0.827233,-1.215196,100313.0000
1764075658596792667,2025-11-25 18:30:58.593,0.373265,2.513740,72.742821,0.058582,0.002234,0.966766,0.828478,0.413175,9.894638,0.022851,0.023957,0.127842,0.332224,0.823486,-1.214352,100318.0000
1764075658696096685,2025-11-25 18:30:58.693,0.494241,2.328624,71.931847,0.031679,0.016662,0.972137,1.110762,0.132889,10.081359,0.022660,0.016298,0.157544,0.341813,0.822025,-1.217843,100311.0000
1764075658796525241,2025-11-25 18:30:58.793,0.503936,2.322879,70.959816,0.013138,0.047310,0.987450,-0.360633,0.740971,9.511635,0.000356,-0.011162,0.186848,0.356217,0.814467,-1.216976,100315.0000
1764075658896546500,2025-11-25 18:30:58.893,0.386398,2.519413,69.929291,0.020987,0.053381,0.990029,0.141447,0.674411,9.813250,-0.007274,-0.035730,0.172092,0.365381,0.815982,-1.215207,100307.0000
1764075658996882667,2025-11-25 18:30:58.993,0.248429,2.752053,68.996193,0.040592,0.032880,0.979557,0.289772,0.288227,9.687548,-0.013314,-0.035529,0.149649,0.376896,0.812650,-1.217252,100310.0000
1764075659095641000,2025-11-25 18:30:59.092,0.240839,2.862564,68.177818,0.061265,0.001129,0.966887,0.826631,0.160183,9.629268,0.022279,-0.008932,0.138120,0.383116,0.807870,-1.218716,100309.0000
1764075659196656944,2025-11-25 18:30:59.193,0.381155,2.764027,67.374947,0.065788,-0.000402,0.963475,0.836898,0.239078,10.054547,0.033947,0.035707,0.139214,0.395108,0.805942,-1.222234,100309.0000
1764075659296288185,2025-11-25 18:30:59.293,0.516945,2.556507,66.526436,0.043799,0.028531,0.972809,0.142068,0.176062,9.640671,0.026108,0.046052,0.156809,0.409041,0.798881,-1.220405,100309.0000
1764075659396616852,2025-11-25 18:30:59.393,0.503052,2.433189,65.636749,0.019557,0.055925,0.986929,0.309433,0.570778,9.714396,-0.009156,-0.003808,0.148729,0.420090,0.794641,-1.220021,100309.0000
1764075659496788092,2025-11-25 18:30:59.493,0.335622,2.487718,64.765076,0.026402,0.051774,0.995503,0.788363,-0.087041,10.061536,-0.025288,-0.018438,0.151391,0.432614,0.794261,-1.218273,100317.0000
1764075659596156833,2025-11-25 18:30:59.593,0.156896,2.694764,63.959953,0.035817,0.032166,0.985243,0.757336,-0.058808,10.105484,-0.016197,-0.028527,0.124114,0.438384,0.790506,-1.216375,100317.0000
1764075659695862685,2025-11-25 18:30:59.693,0.123782,2.899083,63.203743,0.047810,-0.000966,0.967770,0.022418,-0.093652,9.467148,0.015706,-0.023585,0.135355,0.447017,0.788116,-1.218391,100311.0000
1764075659796550277,2025-11-25 18:30:59.793,0.294344,2.962240,62.442764,0.058674,-0.007055,0.956428,0.741401,0.144427,9.582327,0.049336,-0.010527,0.119280,0.454688,0.783363,-1.218913,100304.0000
1764075659895917055,2025-11-25 18:30:59.893,0.529254,2.828728,61.688446,0.066022,0.014160,0.969920,1.148568,0.074092,10.119735,0.045948,0.042695,0.132136,0.462800,0.775208,-1.222280,100317.0000
1764075659996187036,2025-11-25 18:30:59.992,0.622783,2.600277,60.947540,0.049519,0.047158,0.984480,0.783945,0.474385,10.249359,-0.003228,0.053612,0.121108,0.475284,0.772368,-1.223865,100312.0000
1764075660096062018,2025-11-25 18:31:00.092,0.491084,2.451014,60.266197,0.027578,0.058762,0.992508,-0.808104,0.477018,9.456382,-0.029309,0.010795,0.117968,0.485864,0.767689,-1.221541,100313.0000
1764075660197088647,2025-11-25 18:31:00.193,0.205005,2.459509,59.646587,0.032247,0.044211,0.992770,0.933808,0.102616,10.092351,-0.055538,-0.028676,0.105562,0.490702,0.766837,-1.217747,100316.0000
1764075660297052462,2025-11-25 18:31:00.293,-0.037515,2.585315,59.044464,0.036597,0.015715,0.981297,0.683267,-0.224717,9.917454,-0.019851,-0.024466,0.099153,0.499366,0.765941,-1.216897,100309.0000
1764075660395837870,2025-11-25 18:31:00.392,-0.047218,2.768554,58.423088,0.037057,-0.009607,0.965687,0.023617,0.249484,9.426589,0.034484,-0.011066,0.118681,0.501758,0.764031,-1.217385,100317.0000
1764075660496476795,2025-11-25 18:31:00.493,0.177491,2.911517,57.754597,0.041434,-0.007166,0.958346,-0.134968,0.109562,9.423476,0.058687,-0.019966,0.120166,0.510818,0.756785,-1.223187,100313.0000
1764075660595960832,2025-11-25 18:31:00.593,0.471159,2.899580,57.085873,0.054749,0.013326,0.964797,0.148708,0.204363,9.653461,0.052189,0.007676,0.106696,0.518942,0.751018,-1.226589,100313.0000
1764075660696180517,2025-11-25 18:31:00.693,0.647767,2.746223,56.507668,0.055401,0.035035,0.976924,0.479201,0.032585,9.796609,0.016886,0.036164,0.082145,0.525637,0.744341,-1.227549,100310.0000
1764075660796278203,2025-11-25 18:31:00.793,0.608334,2.560771,56.044773,0.045932,0.047689,0.990426,0.470298,0.389989,9.926284,-0.023083,0.032613,0.065157,0.531395,0.739610,-1.226598,100303.0000
1764075660896159814,2025-11-25 18:31:00.893,0.377340,2.471650,55.670044,0.036440,0.042535,0.994161,-0.006279,0.636012,9.681427,-0.053222,-0.008761,0.070078,0.537670,0.739221,-1.223795,100316.0000
1764075660995786147,2025-11-25 18:31:00.993,0.085821,2.498782,55.357639,0.042201,0.024171,0.991361,1.287965,0.105785,10.311306,-0.041728,-0.019401,0.056770,0.539647,0.743611,-1.220039,100315.0000
1764075661095486443,2025-11-25 18:31:01.092,-0.106652,2.569605,55.070217,0.040983,0.005434,0.976820,0.345595,-0.329016,9.635030,-0.012061,-0.002856,0.052796,0.543024,0.742234,-1.218141,100311.0000
1764075661195716184,2025-11-25 18:31:01.192,-0.109246,2.637004,54.742241,0.037795,-0.008851,0.965206,0.348145,-0.026623,9.561675,0.016154,-0.007563,0.065530,0.548293,0.739839,-1.219627,100315.0000
1764075661295854147,2025-11-25 18:31:01.292,0.073553,2.735241,54.330051,0.029052,-0.008654,0.959977,0.368185,0.210052,9.637808,0.043474,-0.020047,0.076770,0.550680,0.736028,-1.219604,100321.0000
1764075661395917702,2025-11-25 18:31:01.392,0.314069,2.823765,53.855202,0.038315,0.010274,0.968700,0.554045,0.909461,9.708459,0.037490,-0.013209,0.076497,0.556380,0.728319,-1.223904,100313.0000
1764075661496608443,2025-11-25 18:31:01.493,0.478434,2.866362,53.387730,0.042448,0.023963,0.978749,0.741518,-0.205108,9.905088,0.018676,-0.001178,0.071884,0.559230,0.723992,-1.225807,100310.0000
1764075661596815350,2025-11-25 18:31:01.593,0.504854,2.872131,52.999744,0.042052,0.029166,0.983909,0.345815,0.479364,9.883806,-0.000547,-0.004998,0.075818,0.564025,0.723028,-1.227307,100308.0000
1764075661696423535,2025-11-25 18:31:01.693,0.414308,2.856724,52.727303,0.049768,0.030364,0.986901,0.516148,0.017457,9.734502,-0.018239,-0.004474,0.031495,0.567884,0.722598,-1.225913,100317.0000
1764075661796623887,2025-11-25 18:31:01.793,0.276561,2.820553,52.550575,0.056210,0.020624,0.986793,0.691119,0.391770,9.887088,-0.027103,0.011825,0.017421,0.568855,0.723568,-1.225460,100306.0000
1764075661896023332,2025-11-25 18:31:01.893,0.148338,2.717786,52.459763,0.056319,0.014497,0.982221,0.429494,-0.143173,9.722674,-0.017523,0.028748,0.008240,0.572225,0.721703,-1.224037,100306.0000
1764075661997133128,2025-11-25 18:31:01.993,0.075144,2.581744,52.390865,0.044400,0.003397,0.977223,0.037215,-0.262106,9.786537,-0.001820,0.025128,0.020186,0.574162,0.720330,-1.221636,100302.0000
1764075662095489294,2025-11-25 18:31:02.092,0.067510,2.466099,52.288670,0.037803,0.006835,0.973408,0.660812,0.408934,9.652091,0.005128,0.017146,0.017810,0.577060,0.721786,-1.221219,100300.0000
1764075662196032035,2025-11-25 18:31:02.193,0.117988,2.405584,52.138729,0.028605,0.002896,0.969216,0.448517,0.356788,9.725306,0.010653,-0.005160,0.013800,0.578474,0.717473,-1.222138,100305.0000
1764075662296240757,2025-11-25 18:31:02.293,0.200972,2.458182,51.951176,0.023423,0.002542,0.970472,0.126047,0.097065,9.896114,0.024023,-0.020618,0.050862,0.578469,0.717930,-1.223108,100311.0000
1764075662396336628,2025-11-25 18:31:02.393,0.276410,2.631924,51.757751,0.025916,0.013037,0.975187,0.414039,0.189700,9.743886,0.012600,-0.034728,0.031853,0.577493,0.716005,-1.223546,100317.0000
1764075662496246368,2025-11-25 18:31:02.493,0.318467,2.860102,51.591892,0.034783,0.013919,0.978080,0.435288,-0.096515,9.715642,0.009596,-0.039187,0.027620,0.581319,0.713603,-1.225010,100313.0000
1764075662596718090,2025-11-25 18:31:02.593,0.334887,3.048387,51.482319,0.049649,0.013441,0.981174,0.370902,0.173908,9.678695,-0.002025,-0.025523,0.019431,0.578418,0.711669,-1.225419,100313.0000
1764075662696186776,2025-11-25 18:31:02.692,0.347534,3.132618,51.414631,0.056545,0.012894,0.980699,0.447551,0.318816,9.590693,0.010209,-0.011018,0.015089,0.577445,0.712580,-1.227345,100316.0000
1764075662796808442,2025-11-25 18:31:02.793,0.361202,3.088880,51.401524,0.064016,0.012144,0.981806,0.972492,0.157990,9.891219,0.001075,0.019738,0.002418,0.577928,0.712114,-1.226864,100314.0000
1764075662896516683,2025-11-25 18:31:02.893,0.379587,2.910701,51.432850,0.061792,0.012781,0.979341,0.488281,0.143603,9.813187,0.013274,0.045528,0.000167,0.581769,0.712111,-1.227884,100313.0000
1764075662997536553,2025-11-25 18:31:02.992,0.367714,2.651814,51.498554,0.051479,0.017858,0.979206,0.664209,0.538713,9.820817,-0.011060,0.045428,-0.020403,0.582746,0.710266,-1.224980,100310.0000
1764075663095825664,2025-11-25 18:31:03.093,0.310953,2.423172,51.572655,0.037820,0.014818,0.977324,0.242014,0.135626,9.699860,-0.012847,0.031171,-0.013533,0.585168,0.712208,-1.224082,100314.0000
1764075663196043960,2025-11-25 18:31:03.193,0.225541,2.305753,51.643478,0.025015,0.009753,0.977361,0.123181,0.044869,9.756227,-0.015026,0.009388,-0.010632,0.587146,0.716597,-1.220326,100314.0000
1764075663296205146,2025-11-25 18:31:03.293,0.156785,2.333864,51.713036,0.024206,0.004363,0.974378,0.250764,-0.039397,9.638781,-0.006835,-0.014917,-0.006321,0.583275,0.714639,-1.221683,100307.0000
1764075663396324220,2025-11-25 18:31:03.393,0.141068,2.475729,51.778900,0.026104,0.001237,0.972988,0.260279,-0.015977,9.763330,0.003911,-0.030770,-0.015609,0.580885,0.718439,-1.222188,100310.0000
1764075663496213442,2025-11-25 18:31:03.493,0.191535,2.701602,51.842506,0.030929,0.001040,0.975228,0.390717,0.074230,9.762087,0.010840,-0.041434,-0.009950,0.578957,0.717953,-1.222152,100313.0000
1764075663596010442,2025-11-25 18:31:03.593,0.274400,2.902512,51.928322,0.043108,0.004905,0.976574,0.514858,0.258659,9.806130,0.013009,-0.035396,-0.017648,0.574109,0.717362,-1.226406,100317.0000
1764075663697093793,2025-11-25 18:31:03.693,0.353829,3.017057,52.070881,0.053019,0.008910,0.978586,0.617810,0.395321,9.865272,0.007056,-0.014572,-0.031114,0.574101,0.717341,-1.227369,100311.0000
1764075663795789868,2025-11-25 18:31:03.793,0.393426,3.047282,52.255852,0.054083,0.010973,0.980443,0.318975,0.168807,9.890306,0.000002,0.003154,-0.034760,0.569786,0.718775,-1.226364,100318.0000
1764075663896270960,2025-11-25 18:31:03.892,0.377715,3.004042,52.466156,0.056406,0.012116,0.979233,0.798732,0.291235,9.770603,-0.008480,0.016547,-0.042756,0.570752,0.721148,-1.227378,100307.0000
1764075663996396182,2025-11-25 18:31:03.993,0.344083,2.843775,52.707821,0.053876,0.006764,0.977774,0.395273,0.232314,9.751817,-0.013571,0.034118,-0.042579,0.569799,0.720696,-1.225912,100311.0000
1764075664095352756,2025-11-25 18:31:04.092,0.307638,2.659794,52.948090,0.041948,0.007548,0.979783,0.129651,-0.241983,9.815328,-0.003768,0.033451,-0.035797,0.566459,0.721698,-1.222988,100313.0000
1764075664196195386,2025-11-25 18:31:04.193,0.258547,2.502285,53.170044,0.035644,0.004558,0.978576,0.515953,0.280175,9.907170,-0.013556,0.020150,-0.031702,0.565542,0.726999,-1.220648,100311.0000
1764075664296979756,2025-11-25 18:31:04.293,0.239127,2.415060,53.377895,0.032826,0.002715,0.978270,0.267185,-0.050384,9.744857,0.000518,0.008228,-0.029964,0.564104,0.728893,-1.221137,100316.0000
1764075664396025978,2025-11-25 18:31:04.393,0.226567,2.417744,53.575481,0.030806,0.005471,0.978456,0.456625,0.079271,9.856711,-0.004134,-0.006139,-0.025629,0.561726,0.731311,-1.219213,100313.0000
1764075664496680867,2025-11-25 18:31:04.493,0.220559,2.466010,53.764973,0.033114,0.002072,0.975671,0.214291,-0.123123,9.746158,0.002181,-0.011799,-0.028558,0.559300,0.730304,-1.221088,100315.0000
1764075664597119756,2025-11-25 18:31:04.593,0.236952,2.553465,53.952358,0.033501,0.005097,0.976258,0.360516,-0.035881,9.702332,0.006441,-0.022229,-0.032197,0.556401,0.729315,-1.221994,100318.0000
1764075664696267478,2025-11-25 18:31:04.693,0.259174,2.650959,54.152992,0.041177,0.003174,0.975197,0.618163,0.069801,9.794939,0.003684,-0.011294,-0.031446,0.553526,0.734049,-1.223468,100308.0000
1764075664796166848,2025-11-25 18:31:04.793,0.290210,2.694783,54.362900,0.042322,0.002927,0.975112,0.310505,0.421020,9.707344,0.013562,-0.002383,-0.036499,0.549211,0.734070,-1.221479,100315.0000
1764075664896673515,2025-11-25 18:31:04.893,0.322993,2.678397,54.577106,0.040626,0.008581,0.979040,0.095113,0.002849,9.788809,0.001808,0.003553,-0.043049,0.547281,0.735931,-1.223405,100309.0000
1764075664997182256,2025-11-25 18:31:04.992,0.352502,2.652532,54.811356,0.043565,0.002764,0.977412,0.433987,-0.074293,9.833736,0.011116,0.006509,-0.041003,0.544391,0.736853,-1.224340,100313.0000
1764075665095482626,2025-11-25 18:31:05.092,0.398083,2.585256,55.059082,0.039398,0.007995,0.981255,0.451271,0.455528,9.916549,0.005872,0.013186,-0.039631,0.542979,0.740231,-1.222444,100311.0000
1764075665195915885,2025-11-25 18:31:05.193,0.418737,2.548996,55.309204,0.035987,0.011035,0.982023,0.454576,0.379306,9.865937,0.001374,0.004664,-0.045453,0.541537,0.739757,-1.221934,100314.0000
1764075665296089885,2025-11-25 18:31:05.293,0.410388,2.530245,55.558777,0.038164,0.005515,0.976696,0.397387,-0.029649,9.774239,-0.005187,0.004312,-0.033784,0.539118,0.741596,-1.224816,100311.0000
1764075665396255904,2025-11-25 18:31:05.393,0.393830,2.528420,55.798908,0.035867,0.012644,0.979332,0.274584,0.260196,9.755180,-0.011832,-0.002436,-0.037469,0.533835,0.743483,-1.224767,100307.0000
1764075665496067589,2025-11-25 18:31:05.493,0.342030,2.537638,56.038692,0.042919,0.007085,0.975286,0.681460,-0.042431,9.818863,-0.018647,-0.002119,-0.042412,0.534350,0.744989,-1.221427,100306.0000
1764075665596881441,2025-11-25 18:31:05.593,0.316644,2.501812,56.251724,0.038993,0.000547,0.973654,0.247439,-0.457854,9.768009,0.002866,0.003753,-0.030224,0.531953,0.747357,-1.221909,100313.0000
1764075665696174292,2025-11-25 18:31:05.693,0.321797,2.494310,56.453053,0.032250,0.007163,0.978387,0.217148,0.145157,9.662621,-0.001603,-0.008708,-0.035375,0.529067,0.746877,-1.221378,100307.0000
1764075665796257681,2025-11-25 18:31:05.793,0.322021,2.541181,56.674988,0.037240,0.004210,0.976322,0.403300,-0.095551,9.738226,-0.003684,-0.007375,-0.041608,0.528152,0.750298,-1.217564,100313.0000
1764075665896505533,2025-11-25 18:31:05.892,0.363126,2.616436,56.850842,0.036551,0.001406,0.977883,0.420158,-0.161617,9.758126,0.013601,-0.015930,-0.020582,0.523792,0.751142,-1.221847,100315.0000
1764075666000625922,2025-11-25 18:31:05.992,0.406988,2.705032,57.024887,0.038866,0.010143,0.980190,0.624997,0.120434,9.887002,0.000446,-0.013007,-0.029745,0.521380,0.752056,-1.223270,100309.0000
1764075666095517088,2025-11-25 18:31:06.092,0.402400,2.765764,57.222229,0.045542,0.007461,0.976771,0.618681,0.170952,9.619197,0.001362,-0.007417,-0.026398,0.516077,0.750121,-1.223162,100313.0000
1764075666196022033,2025-11-25 18:31:06.193,0.426797,2.770637,57.416462,0.048065,0.006798,0.976939,0.594481,0.241874,9.753292,0.000313,0.004275,-0.039751,0.515128,0.752038,-1.222696,100315.0000
1764075666296672773,2025-11-25 18:31:06.293,0.433148,2.762883,57.617439,0.044279,0.010660,0.980685,0.387179,-0.030076,9.757000,-0.001010,0.003761,-0.035935,0.515129,0.752983,-1.223192,100317.0000
1764075666396837310,2025-11-25 18:31:06.393,0.398544,2.715165,57.812691,0.047707,0.009437,0.977113,0.408367,0.079087,9.720879,-0.004557,0.009341,-0.036151,0.512287,0.758743,-1.221312,100315.0000
1764075666495877699,2025-11-25 18:31:06.493,0.402165,2.643727,58.001202,0.040201,0.005620,0.977383,0.269367,-0.022096,9.691708,0.003807,0.009596,-0.030129,0.510386,0.759741,-1.218891,100313.0000
1764075666596108051,2025-11-25 18:31:06.593,0.396556,2.584239,58.198143,0.040778,0.009221,0.979782,0.358128,0.233260,9.699749,-0.003748,0.005801,-0.035444,0.507927,0.756762,-1.223626,100315.0000
1764075666696230477,2025-11-25 18:31:06.693,0.391039,2.555148,58.396751,0.037389,0.006557,0.974003,0.505938,0.144400,9.822010,-0.002100,0.000558,-0.035156,0.508444,0.757801,-1.219796,100318.0000
1764075666795854792,2025-11-25 18:31:06.793,0.394253,2.574943,58.600941,0.037488,0.008014,0.978983,0.113343,0.035950,9.730165,-0.002909,-0.006231,-0.027459,0.501236,0.759679,-1.219719,100308.0000
1764075666896647403,2025-11-25 18:31:06.893,0.384258,2.598850,58.799202,0.043639,0.007403,0.978491,0.675109,0.010306,9.822231,0.000210,0.001487,-0.032650,0.501266,0.763999,-1.218822,100308.0000
1764075666996768421,2025-11-25 18:31:06.992,0.369867,2.610241,58.968597,0.039416,0.005677,0.976171,0.374008,-0.059076,9.867639,0.000370,0.004628,-0.022973,0.499314,0.762506,-1.221178,100311.0000
1764075667095779829,2025-11-25 18:31:07.093,0.370272,2.619649,59.109215,0.040163,0.005367,0.977776,0.298923,0.185793,9.805924,-0.000433,-0.012289,-0.034795,0.495482,0.764420,-1.220188,100307.0000
1764075667196653477,2025-11-25 18:31:07.193,0.375203,2.641854,59.249138,0.040625,0.005255,0.976295,0.219079,0.080054,9.764085,0.000621,-0.005596,-0.018325,0.494043,0.764423,-1.219685,100306.0000
1764075667295980958,2025-11-25 18:31:07.293,0.390311,2.643611,59.373318,0.043644,0.006451,0.978387,0.601270,0.204609,9.800939,0.004494,-0.003948,-0.020023,0.491648,0.765856,-1.219190,100311.0000
1764075667396779402,2025-11-25 18:31:07.393,0.407019,2.622747,59.509747,0.041067,0.007362,0.978508,0.268683,0.054242,9.719601,-0.001522,-0.001369,-0.021180,0.492129,0.768216,-1.220678,100312.0000
1764075667496755365,2025-11-25 18:31:07.493,0.412024,2.611919,59.631554,0.042098,0.009799,0.978647,0.583685,0.159410,9.821179,-0.001963,-0.000993,-0.020255,0.490667,0.766746,-1.222079,100314.0000
1764075667596090291,2025-11-25 18:31:07.593,0.424658,2.600657,59.741726,0.042351,0.006810,0.978108,0.347702,-0.016785,9.693478,0.001283,-0.003054,-0.013139,0.489728,0.768215,-1.220161,100305.0000
1764075667695970421,2025-11-25 18:31:07.693,0.420524,2.599348,59.840099,0.043108,0.011301,0.977578,0.368269,0.021376,9.685105,-0.007593,-0.005614,-0.012978,0.487332,0.768703,-1.219170,100317.0000
1764075667796046921,2025-11-25 18:31:07.793,0.394742,2.602836,59.918793,0.044092,0.012570,0.977695,0.355603,0.164255,9.832363,-0.006624,-0.000046,-0.015966,0.486846,0.769157,-1.220133,100313.0000
1764075667886337865,2025-11-25 18:31:07.883,0.364146,2.591782,59.990261,0.042427,0.007265,0.976536,0.607819,0.159881,9.766935,-0.009048,-0.001011,-0.011458,0.484927,0.771050,-1.220616,100313.0000
1764075667996124717,2025-11-25 18:31:07.992,0.351336,2.565427,60.048634,0.038332,0.004463,0.978016,0.264505,-0.048873,9.710577,0.000830,-0.001804,-0.004603,0.485892,0.770119,-1.219652,100315.0000
1764075668095468365,2025-11-25 18:31:08.092,0.355029,2.575695,60.077286,0.037077,0.006875,0.977300,0.393094,-0.291492,9.935997,0.000678,-0.003598,-0.003896,0.485910,0.771583,-1.218230,100313.0000
1764075668196775180,2025-11-25 18:31:08.193,0.398613,2.604745,60.077770,0.038817,0.006757,0.978120,0.588049,0.259149,9.873930,0.000966,-0.003719,-0.006535,0.483958,0.770557,-1.221076,100313.0000
1764075668296043643,2025-11-25 18:31:08.293,0.444436,2.647944,60.080826,0.034827,0.008961,0.976739,0.449250,-0.171679,9.716949,0.008849,-0.011356,0.007688,0.487813,0.771063,-1.220658,100315.0000
1764075668395827402,2025-11-25 18:31:08.393,0.463065,2.709049,60.058270,0.043320,0.014029,0.977712,0.293992,0.137662,9.665032,0.007778,-0.006427,0.007901,0.485409,0.770584,-1.220134,100311.0000
1764075668496224476,2025-11-25 18:31:08.493,0.470712,2.747226,60.042740,0.043679,0.012158,0.975740,0.574870,-0.079576,9.772493,-0.003750,-0.000589,0.000752,0.485889,0.768696,-1.219149,100319.0000
1764075668596167716,2025-11-25 18:31:08.593,0.456849,2.760619,60.032486,0.044133,0.011839,0.977671,0.369814,0.195626,9.834996,-0.000363,-0.005878,0.005481,0.484922,0.770094,-1.220601,100318.0000
1764075668696163272,2025-11-25 18:31:08.693,0.428267,2.773638,60.025555,0.045375,0.009912,0.978653,0.326428,-0.105883,9.619308,-0.005453,-0.006102,0.003536,0.485402,0.769151,-1.220112,100307.0000
1764075668796042513,2025-11-25 18:31:08.793,0.421142,2.787730,60.007378,0.048690,0.009502,0.978012,0.514516,0.136980,9.866944,0.001214,0.003353,0.003371,0.486350,0.768647,-1.221563,100307.0000
1764075668896150309,2025-11-25 18:31:08.893,0.433645,2.766783,59.994545,0.045911,0.010102,0.979391,0.539580,0.045499,9.673007,0.003964,0.004622,0.005983,0.483954,0.770547,-1.221557,100313.0000
1764075668997791716,2025-11-25 18:31:08.993,0.438224,2.733582,59.972832,0.047348,0.010891,0.978839,0.551453,0.526516,9.883011,0.000733,0.005326,0.007891,0.484447,0.770580,-1.220120,100307.0000
1764075669095666142,2025-11-25 18:31:09.093,0.456377,2.680583,59.940765,0.043410,0.009821,0.977130,0.204309,0.119451,9.786046,0.009761,0.007999,0.016068,0.485862,0.769570,-1.223014,100311.0000
1764075669196287420,2025-11-25 18:31:09.193,0.464377,2.641824,59.896805,0.043549,0.014473,0.977429,0.457996,-0.073623,9.792648,-0.001809,0.011457,0.002860,0.486823,0.770042,-1.223518,100312.0000
1764075669296163753,2025-11-25 18:31:09.293,0.446817,2.618265,59.835327,0.040059,0.013768,0.976543,0.430394,0.083351,9.767922,-0.003553,-0.006991,0.009733,0.489239,0.768193,-1.221117,100315.0000
1764075669396653549,2025-11-25 18:31:09.393,0.427548,2.642390,59.773392,0.040345,0.007888,0.975913,0.519442,-0.247884,9.865673,0.000764,-0.003208,0.011229,0.489250,0.769636,-1.220657,100313.0000
1764075669496441105,2025-11-25 18:31:09.493,0.405174,2.687131,59.711681,0.040272,0.011121,0.977908,0.436764,-0.104834,9.859240,-0.004260,-0.009323,0.018614,0.488290,0.768697,-1.219666,100310.0000
1764075669596322383,2025-11-25 18:31:09.593,0.388613,2.719179,59.649517,0.045290,0.010497,0.977706,0.363225,0.033284,9.859206,0.005171,-0.007662,0.014414,0.489237,0.766302,-1.220125,100313.0000
1764075669697438827,2025-11-25 18:31:09.693,0.407103,2.708277,59.573963,0.045727,0.008313,0.977100,0.511647,-0.064854,9.799264,0.004046,-0.001334,0.005853,0.490190,0.765341,-1.220606,100309.0000
1764075669799299457,2025-11-25 18:31:09.793,0.453780,2.692365,59.503658,0.040706,0.010744,0.977982,0.454621,0.275795,9.776525,0.010244,-0.003158,0.010018,0.489711,0.767229,-1.221591,100313.0000
1764075669896005197,2025-11-25 18:31:09.892,0.485205,2.702399,59.457119,0.043865,0.013392,0.980099,0.653651,0.102495,9.855921,0.009959,0.001109,0.000694,0.491141,0.765315,-1.222064,100310.0000
1764075669996428179,2025-11-25 18:31:09.993,0.502671,2.734564,59.408550,0.043437,0.011378,0.975947,0.477124,-0.082734,9.912745,0.005419,-0.003267,0.014191,0.492096,0.765299,-1.223041,100311.0000
1764075670095756067,2025-11-25 18:31:10.092,0.495829,2.743867,59.341236,0.044363,0.015827,0.976770,0.247516,-0.058004,9.790007,0.001463,-0.004739,0.019358,0.491610,0.764341,-1.223019,100315.0000
1764075670196022234,2025-11-25 18:31:10.193,0.464904,2.740770,59.284840,0.046031,0.015138,0.977468,0.575976,0.068771,9.866243,-0.006654,-0.006088,0.001620,0.494504,0.765787,-1.223084,100308.0000
1764075670296168030,2025-11-25 18:31:10.293,0.452189,2.713559,59.242355,0.044853,0.008321,0.977155,0.497827,0.095540,9.849525,0.003371,0.002719,0.011207,0.495467,0.762021,-1.220633,100311.0000
1764075670395969104,2025-11-25 18:31:10.393,0.462484,2.684100,59.217476,0.044541,0.011155,0.979771,0.463993,0.022470,9.699727,0.000713,0.006393,0.004225,0.495492,0.766330,-1.220217,100309.0000
1764075670496294049,2025-11-25 18:31:10.493,0.464794,2.658546,59.182041,0.044838,0.012253,0.977612,0.487690,0.426383,9.768266,0.000888,0.010110,0.018020,0.495004,0.767253,-1.221669,100311.0000
1764075670596525456,2025-11-25 18:31:10.593,0.460059,2.634524,59.138149,0.043207,0.012234,0.976928,0.353871,-0.197507,9.914115,-0.000991,0.002822,0.008648,0.495941,0.762948,-1.222098,100312.0000
1764075670696236252,2025-11-25 18:31:10.693,0.444067,2.625291,59.105412,0.041913,0.011295,0.978189,0.141462,-0.348853,9.653632,-0.003082,0.005121,0.005702,0.496422,0.762950,-1.222106,100313.0000
1764075670796647530,2025-11-25 18:31:10.793,0.440397,2.626749,59.068768,0.041163,0.010872,0.976811,0.265930,0.367473,9.639252,-0.000366,-0.007322,-0.003611,0.496928,0.764903,-1.220217,100311.0000
1764075670896152900,2025-11-25 18:31:10.893,0.464246,2.642642,59.009357,0.039148,0.007644,0.976619,0.448982,-0.005283,9.772464,0.007505,-0.009245,0.018898,0.497873,0.762977,-1.221164,100312.0000
1764075670997039641,2025-11-25 18:31:10.993,0.480367,2.666166,58.928993,0.043512,0.011774,0.977942,0.474277,0.305191,9.767400,0.000079,-0.005127,0.015364,0.497384,0.764367,-1.223104,100311.0000
1764075671095728752,2025-11-25 18:31:11.092,0.480956,2.655558,58.839874,0.044902,0.014910,0.977312,0.518147,0.548224,9.638057,0.002382,-0.000017,0.013265,0.498826,0.761071,-1.221149,100313.0000
1764075671195908733,2025-11-25 18:31:11.193,0.471747,2.665221,58.766239,0.041701,0.013581,0.977843,0.415727,0.102083,9.686406,-0.006771,-0.010065,0.011869,0.499806,0.763951,-1.220726,100307.0000
1764075671296577363,2025-11-25 18:31:11.293,0.449772,2.680454,58.700375,0.044106,0.010541,0.979361,0.280237,0.034158,9.743990,-0.007128,-0.001974,0.019327,0.501199,0.761468,-1.225524,100307.0000
1764075671395885456,2025-11-25 18:31:11.393,0.439740,2.686454,58.621990,0.044586,0.009353,0.977695,0.610830,0.115464,9.882193,0.000614,0.000839,0.008716,0.502190,0.762488,-1.222665,100309.0000
1764075671497301030,2025-11-25 18:31:11.493,0.430525,2.678406,58.535534,0.043460,0.012419,0.976948,0.450077,0.052504,9.953724,0.003470,-0.003006,0.014195,0.503613,0.760086,-1.223613,100315.0000
1764075671597059215,2025-11-25 18:31:11.593,0.425295,2.655380,58.448757,0.044088,0.010366,0.977012,0.394451,-0.119840,9.682420,-0.000937,0.003337,0.010331,0.503624,0.759171,-1.221672,100309.0000
1764075671696190381,2025-11-25 18:31:11.693,0.436435,2.621609,58.360683,0.043613,0.010080,0.977446,0.592843,0.525280,9.934777,0.006975,0.004397,0.023676,0.504583,0.760111,-1.222664,100315.0000
1764075671796025344,2025-11-25 18:31:11.793,0.444317,2.589391,58.287788,0.039981,0.012222,0.977303,0.417869,0.298107,9.880599,0.002647,0.000584,0.009950,0.506505,0.758696,-1.222189,100310.0000
1764075671896056844,2025-11-25 18:31:11.893,0.448645,2.589861,58.205513,0.040759,0.010509,0.976969,0.229121,-0.222637,9.638913,0.001176,-0.008561,0.013390,0.507006,0.759695,-1.220286,100309.0000
1764075671997282344,2025-11-25 18:31:11.992,0.447398,2.599221,58.098698,0.042003,0.013027,0.979069,0.685374,0.329175,9.874352,-0.000781,-0.002361,0.010175,0.508909,0.759175,-1.222714,100310.0000
1764075672095497640,2025-11-25 18:31:12.092,0.436715,2.607233,57.988308,0.044022,0.010640,0.978114,0.654792,0.399194,9.933760,0.001975,-0.000838,0.025107,0.511808,0.759218,-1.221312,100309.0000
1764075672197631770,2025-11-25 18:31:12.194,0.424002,2.592064,57.872795,0.043278,0.010075,0.977624,0.512010,-0.199404,9.770958,0.006056,0.009537,0.018768,0.510349,0.759171,-1.223216,100302.0000
1764075672296578788,2025-11-25 18:31:12.293,0.429527,2.562128,57.744045,0.041750,0.010010,0.979032,0.591254,0.382359,9.816402,0.003497,0.011489,0.033745,0.514205,0.758263,-1.221814,100311.0000
1764075672396013362,2025-11-25 18:31:12.393,0.438127,2.513377,57.616615,0.039469,0.010856,0.975837,0.351889,-0.034130,9.766659,0.007061,0.009303,0.030468,0.514673,0.754932,-1.221289,100310.0000
1764075672496154585,2025-11-25 18:31:12.493,0.452768,2.465561,57.488850,0.039450,0.014095,0.977400,0.581071,0.214582,9.708874,0.002325,-0.002892,0.015348,0.517561,0.753532,-1.220347,100315.0000
1764075672596357677,2025-11-25 18:31:12.593,0.469422,2.447650,57.365509,0.035485,0.011869,0.977447,0.403939,0.373042,9.827816,0.003554,-0.000039,0.012702,0.518986,0.753020,-1.222286,100311.0000
1764075672696255807,2025-11-25 18:31:12.693,0.483322,2.479329,57.250343,0.036056,0.012083,0.976679,0.324276,-0.098768,9.720014,0.004636,-0.005170,0.018280,0.518491,0.752510,-1.223716,100313.0000
1764075672796270695,2025-11-25 18:31:12.793,0.488738,2.507367,57.160431,0.036980,0.015343,0.977359,0.390746,0.249537,9.754974,-0.011553,-0.005122,0.013365,0.519941,0.751592,-1.222278,100315.0000
1764075672896603288,2025-11-25 18:31:12.893,0.461181,2.542014,57.104393,0.039920,0.012646,0.979343,0.561288,0.041071,9.822248,-0.003407,-0.008187,0.006934,0.519943,0.753482,-1.223271,100314.0000
1764075672996188103,2025-11-25 18:31:12.993,0.432901,2.599311,57.046036,0.038846,0.009269,0.978093,0.317301,0.069956,9.806799,-0.006006,-0.015474,0.001325,0.520417,0.752051,-1.223256,100310.0000
1764075673095461677,2025-11-25 18:31:13.092,0.428991,2.648178,56.997494,0.043580,0.009295,0.980120,0.628036,0.399119,9.900800,-0.000578,-0.009753,0.006236,0.521400,0.753997,-1.221855,100314.0000
1764075673196033510,2025-11-25 18:31:13.193,0.450121,2.660950,56.969364,0.047769,0.006902,0.976982,0.603028,0.060855,9.842123,0.004966,0.002198,0.006206,0.519930,0.751561,-1.223723,100307.0000
1764075673296244510,2025-11-25 18:31:13.293,0.485718,2.632938,56.941734,0.047061,0.010500,0.976658,0.271844,0.104791,9.793853,0.003961,0.008182,0.003636,0.522343,0.751593,-1.222796,100310.0000
1764075673396257103,2025-11-25 18:31:13.393,0.507221,2.567096,56.922146,0.045979,0.012411,0.977330,0.571554,0.150935,9.776341,0.005167,0.022439,-0.000433,0.523288,0.749666,-1.223743,100307.0000
1764075673496416158,2025-11-25 18:31:13.493,0.513683,2.469231,56.930885,0.037935,0.012823,0.976695,0.293276,0.445804,9.773961,-0.004224,0.010827,0.000877,0.521846,0.750604,-1.224218,100311.0000
1764075673597459806,2025-11-25 18:31:13.592,0.504137,2.415779,56.946373,0.032971,0.011001,0.978049,0.116883,-0.015805,9.723498,0.003246,0.001099,-0.003173,0.522842,0.752113,-1.220884,100310.0000
1764075673695842917,2025-11-25 18:31:13.693,0.491697,2.425011,56.965542,0.034409,0.012194,0.978355,0.373331,0.019943,9.708036,-0.003528,-0.000015,-0.001707,0.522352,0.751145,-1.221344,100315.0000
1764075673796585639,2025-11-25 18:31:13.793,0.479331,2.436957,56.993523,0.034690,0.010547,0.979274,0.138464,0.144160,9.827610,0.004396,-0.007455,0.002190,0.520920,0.752582,-1.220863,100305.0000
1764075673896015399,2025-11-25 18:31:13.893,0.472910,2.466502,57.034172,0.037485,0.010260,0.978325,0.392785,0.217444,9.671070,0.001514,-0.013051,-0.006117,0.523321,0.751638,-1.220884,100307.0000
1764075673995846732,2025-11-25 18:31:13.992,0.475282,2.489487,57.087215,0.041128,0.008098,0.976987,0.466714,-0.239250,9.691428,-0.000197,-0.001175,-0.014133,0.519959,0.753523,-1.221345,100312.0000
1764075674095673287,2025-11-25 18:31:14.093,0.484873,2.520823,57.148239,0.039572,0.008609,0.975737,0.636214,0.192801,9.755221,0.003077,-0.003206,-0.002035,0.519953,0.753980,-1.222315,100315.0000
1764075674196022065,2025-11-25 18:31:14.193,0.491200,2.547220,57.207207,0.043946,0.010792,0.977484,0.479975,0.100072,9.622596,0.001621,0.003172,-0.008343,0.517066,0.755380,-1.223257,100313.0000
1764075674295767898,2025-11-25 18:31:14.293,0.497535,2.534891,57.240665,0.042755,0.008935,0.978157,0.185001,-0.048816,9.749140,0.005213,0.005556,0.000604,0.518982,0.754423,-1.223753,100304.0000
1764075674396106306,2025-11-25 18:31:14.393,0.491446,2.485789,57.277821,0.040080,0.010624,0.978448,0.218828,0.238443,9.773475,-0.001703,0.009384,-0.003447,0.517550,0.753034,-1.221302,100315.0000
1764075674496167343,2025-11-25 18:31:14.493,0.479297,2.433197,57.339294,0.040158,0.010806,0.978203,0.411172,0.262239,9.759094,-0.007823,0.004423,-0.022494,0.519949,0.753970,-1.222797,100311.0000
1764075674596392287,2025-11-25 18:31:14.593,0.481862,2.416128,57.400200,0.037141,0.007382,0.978255,0.258972,-0.049214,9.789631,0.000902,-0.001155,-0.002763,0.519000,0.753529,-1.220849,100307.0000
1764075674696345861,2025-11-25 18:31:14.693,0.502350,2.431555,57.446987,0.038925,0.006751,0.978626,0.350990,-0.017087,9.796667,0.011305,-0.009314,-0.008275,0.517576,0.757344,-1.220887,100312.0000
1764075674786695454,2025-11-25 18:31:14.783,0.528438,2.455895,57.499882,0.040579,0.011615,0.977539,0.505646,-0.199889,9.718030,0.001556,-0.003824,-0.004609,0.513712,0.754460,-1.220786,100308.0000
1764075674896727379,2025-11-25 18:31:14.893,0.527664,2.452340,57.548969,0.042774,0.012440,0.977667,0.328652,0.413381,9.681176,-0.001727,0.000204,-0.006638,0.515637,0.754469,-1.220814,100311.0000
1764075674997349639,2025-11-25 18:31:14.993,0.525385,2.441162,57.602798,0.040014,0.008794,0.975564,0.212068,0.170719,9.748800,-0.001433,-0.001660,-0.010181,0.514193,0.755875,-1.221778,100315.0000
1764075675095404361,2025-11-25 18:31:15.093,0.522645,2.432020,57.672321,0.041583,0.010442,0.977409,0.478519,-0.119322,9.802118,0.001075,0.007736,-0.016028,0.514669,0.756335,-1.222755,100313.0000
1764075675196082120,2025-11-25 18:31:15.193,0.521179,2.431156,57.761448,0.039293,0.012352,0.976562,0.086523,0.181317,9.742845,-0.006906,-0.002219,-0.011703,0.512300,0.758306,-1.219379,100311.0000
1764075675295987101,2025-11-25 18:31:15.292,0.521057,2.451390,57.862637,0.037968,0.010137,0.978310,0.617390,0.295809,9.879961,0.002004,-0.006461,-0.018319,0.512760,0.757312,-1.221297,100311.0000
1764075675396302157,2025-11-25 18:31:15.393,0.525902,2.478770,57.979988,0.038829,0.008337,0.978717,0.367804,-0.139844,9.796280,0.002475,-0.013187,-0.016915,0.508916,0.758250,-1.221255,100311.0000
1764075675496481657,2025-11-25 18:31:15.493,0.531029,2.522316,58.090847,0.040490,0.009717,0.979995,0.310561,0.033160,9.813469,0.004176,-0.004995,-0.016237,0.508904,0.758220,-1.222699,100313.0000
1764075675596716212,2025-11-25 18:31:15.593,0.531132,2.580568,58.195187,0.044142,0.008425,0.978553,0.423414,0.199294,9.707713,0.000595,-0.006700,-0.011335,0.506974,0.757723,-1.223144,100306.0000
1764075675695745416,2025-11-25 18:31:15.693,0.516963,2.606751,58.303261,0.047628,0.010254,0.977390,0.614656,0.277560,9.731654,-0.002206,0.002403,-0.020386,0.504587,0.761534,-1.223167,100311.0000
1764075675796391027,2025-11-25 18:31:15.793,0.488536,2.604542,58.411121,0.046456,0.009388,0.974497,0.461190,0.247146,9.629745,-0.004555,0.001780,-0.016338,0.503638,0.759679,-1.220236,100313.0000
1764075675896846564,2025-11-25 18:31:15.893,0.459562,2.593122,58.526539,0.046730,0.007084,0.975438,0.368508,0.139935,9.759638,-0.003100,0.004931,-0.031790,0.501735,0.763970,-1.220273,100312.0000
1764075675996741045,2025-11-25 18:31:15.993,0.454674,2.574388,58.618256,0.044725,0.003866,0.978044,0.572539,0.009797,9.922859,0.004251,0.005209,-0.015252,0.502688,0.762063,-1.220258,100311.0000
1764075676095625860,2025-11-25 18:31:16.092,0.472658,2.543736,58.690281,0.042478,0.004914,0.978723,0.521958,0.007826,9.923917,0.002358,0.004607,-0.017474,0.499805,0.764419,-1.221215,100311.0000
1764075676196755712,2025-11-25 18:31:16.193,0.501927,2.511022,58.740261,0.043067,0.007044,0.980933,0.718039,-0.056348,9.926482,0.009755,-0.000671,-0.005275,0.499787,0.761542,-1.221652,100305.0000
1764075676296739879,2025-11-25 18:31:16.293,0.531584,2.496900,58.778633,0.042336,0.009800,0.978110,0.378312,0.014579,9.772202,-0.003562,0.003554,-0.007816,0.497894,0.763973,-1.219253,100313.0000
1764075676396906323,2025-11-25 18:31:16.393,0.542859,2.483897,58.821186,0.039796,0.011401,0.976554,0.106610,0.051799,9.671938,0.001395,0.002702,-0.007487,0.498364,0.762532,-1.219720,100315.0000
1764075676496877804,2025-11-25 18:31:16.493,0.523226,2.478327,58.874870,0.043336,0.012269,0.975859,0.679923,-0.154306,9.906919,-0.008728,0.007668,-0.026008,0.497400,0.762995,-1.220194,100303.0000
1764075676597401601,2025-11-25 18:31:16.593,0.490680,2.476520,58.928352,0.037909,0.008698,0.975320,0.171395,0.082090,9.763381,-0.005889,-0.006368,-0.001816,0.498870,0.768256,-1.220296,100311.0000
1764075676696337267,2025-11-25 18:31:16.693,0.469638,2.501558,58.982727,0.039714,0.005673,0.977437,0.090948,-0.128228,9.621619,-0.002831,-0.010449,-0.010975,0.498852,0.766325,-1.221230,100311.0000
1764075676796621471,2025-11-25 18:31:16.793,0.481942,2.540053,59.002117,0.043913,0.006209,0.979132,0.522867,-0.161318,9.925990,0.006747,-0.003441,-0.000760,0.495007,0.766318,-1.220691,100315.0000
1764075676896974915,2025-11-25 18:31:16.893,0.499082,2.549136,59.015041,0.045212,0.008534,0.979855,0.626458,-0.236450,9.781315,0.006755,0.006475,-0.005195,0.495494,0.766808,-1.220225,100315.0000
1764075676995582711,2025-11-25 18:31:16.992,0.518700,2.522734,59.019440,0.043999,0.009002,0.978288,0.242487,0.103926,9.672317,0.005285,0.008577,0.004767,0.497880,0.764410,-1.221186,100311.0000
1764075677095700156,2025-11-25 18:31:17.093,0.533917,2.474057,59.048309,0.043730,0.010753,0.978237,0.433706,0.003637,9.845528,0.002973,0.012221,-0.008426,0.496425,0.765786,-1.223594,100305.0000
1764075677196962656,2025-11-25 18:31:17.193,0.531644,2.428056,59.071697,0.039756,0.010348,0.975919,0.387382,0.341491,9.660595,-0.003917,0.004718,-0.002920,0.495473,0.764867,-1.221640,100309.0000
1764075677299611526,2025-11-25 18:31:17.293,0.515405,2.418947,59.087898,0.037817,0.011024,0.975653,0.606877,0.595297,9.789193,-0.007419,-0.002540,-0.005860,0.495973,0.767745,-1.221209,100307.0000
1764075677396044026,2025-11-25 18:31:17.393,0.490395,2.432280,59.119057,0.037559,0.008568,0.976169,0.299977,0.077511,9.718469,-0.000947,-0.003627,0.001733,0.496440,0.765826,-1.221668,100307.0000
1764075677496000248,2025-11-25 18:31:17.493,0.472957,2.474656,59.155586,0.039228,0.008760,0.979415,0.272643,0.066878,9.770927,0.003062,-0.009010,-0.013354,0.495502,0.766828,-1.219262,100315.0000
1764075677596702544,2025-11-25 18:31:17.593,0.474004,2.513992,59.182320,0.043578,0.006331,0.980053,0.512001,0.006052,9.649311,0.002873,-0.006434,0.005364,0.495954,0.766281,-1.222631,100311.0000
1764075677696032526,2025-11-25 18:31:17.693,0.500666,2.538911,59.194736,0.044690,0.007026,0.979739,0.733178,0.138045,9.784264,0.007446,-0.002990,-0.004149,0.494527,0.768206,-1.221676,100311.0000
1764075677795907267,2025-11-25 18:31:17.793,0.534692,2.518991,59.209286,0.045094,0.007326,0.977058,0.322625,0.019656,9.816126,0.004965,0.008335,0.007883,0.496923,0.765361,-1.221187,100310.0000
1764075677896483452,2025-11-25 18:31:17.892,0.555148,2.476270,59.215553,0.042056,0.011519,0.975326,0.241826,0.189662,9.692998,0.006106,0.009502,-0.001036,0.493571,0.766332,-1.219707,100307.0000
1764075677996290989,2025-11-25 18:31:17.992,0.550448,2.436861,59.223835,0.040618,0.012259,0.975995,0.463456,-0.056092,9.782205,-0.003889,0.011860,-0.002494,0.494520,0.766773,-1.221654,100307.0000
1764075678095621044,2025-11-25 18:31:18.092,0.535417,2.414462,59.220554,0.035197,0.011174,0.976861,0.274104,0.070485,10.003254,-0.002979,-0.005639,0.000056,0.494047,0.766791,-1.220684,100307.0000
1764075678195718618,2025-11-25 18:31:18.193,0.527426,2.438463,59.216736,0.037498,0.009523,0.978896,0.391171,0.007167,9.744993,-0.002184,-0.005977,0.001591,0.491648,0.767268,-1.220175,100309.0000
1764075678296262100,2025-11-25 18:31:18.292,0.540250,2.485392,59.204865,0.037674,0.011737,0.978989,0.414673,0.566326,9.866362,0.001105,-0.014042,-0.011962,0.496454,0.767747,-1.221216,100305.0000
1764075678396544063,2025-11-25 18:31:18.393,0.550527,2.560203,59.202038,0.041380,0.010245,0.980171,0.572398,0.482869,9.831389,0.002127,-0.015876,0.005223,0.491625,0.764382,-1.221094,100309.0000
1764075678495731859,2025-11-25 18:31:18.493,0.559079,2.639074,59.201111,0.044345,0.010340,0.975446,0.467257,0.175874,9.740897,0.007188,-0.010536,0.004144,0.494536,0.766814,-1.219729,100319.0000
1764075678595854118,2025-11-25 18:31:18.592,0.555364,2.697612,59.195145,0.049172,0.012379,0.976354,0.557217,0.056145,9.764484,-0.004284,-0.000075,0.005703,0.492595,0.765819,-1.221130,100309.0000
1764075678695878433,2025-11-25 18:31:18.693,0.536481,2.728229,59.174709,0.049060,0.010941,0.976230,0.761969,0.020863,9.960171,-0.004504,-0.001642,-0.001764,0.493070,0.767691,-1.223092,100313.0000
1764075678796210470,2025-11-25 18:31:18.793,0.511111,2.719342,59.149208,0.050532,0.008121,0.978150,0.602801,-0.297744,9.851263,-0.002429,0.000376,0.006349,0.492092,0.765288,-1.223523,100311.0000
1764075678896587044,2025-11-25 18:31:18.893,0.503636,2.651134,59.109047,0.048364,0.009418,0.978967,0.668758,0.064119,9.888317,-0.001567,0.013807,0.006441,0.493102,0.768718,-1.219737,100317.0000
1764075678996861821,2025-11-25 18:31:18.992,0.525221,2.590232,59.088043,0.043418,0.008885,0.978231,0.272868,-0.169152,9.589347,0.006314,0.003120,0.009786,0.493075,0.767234,-1.222122,100309.0000
1764075679095651488,2025-11-25 18:31:19.093,0.566725,2.572686,59.063427,0.041864,0.011415,0.978405,0.315716,-0.007946,9.879023,0.006675,0.003928,0.000464,0.495019,0.767294,-1.219743,100307.0000
1764075679196640118,2025-11-25 18:31:19.193,0.601862,2.577209,59.032150,0.042608,0.012428,0.976618,0.421331,-0.006461,9.624024,0.010793,-0.003178,0.009819,0.494505,0.764374,-1.222099,100311.0000
1764075679295728432,2025-11-25 18:31:19.293,0.613410,2.580810,59.013260,0.044093,0.015675,0.976605,0.605173,0.082470,9.859411,-0.005919,-0.001914,0.002038,0.494496,0.763409,-1.222566,100313.0000
1764075679396143025,2025-11-25 18:31:19.393,0.594065,2.581903,59.017754,0.043309,0.014314,0.975527,0.555715,-0.111802,9.775084,-0.003612,-0.001501,0.003788,0.495962,0.767247,-1.222164,100309.0000
1764075679497035599,2025-11-25 18:31:19.493,0.557168,2.573893,59.031258,0.046954,0.013143,0.978799,0.906414,0.162662,9.881889,-0.004304,0.005803,-0.008908,0.494024,0.765317,-1.222588,100315.0000
1764075679597386228,2025-11-25 18:31:19.593,0.524702,2.557685,59.042778,0.044406,0.010142,0.978701,0.286174,0.359166,9.792456,-0.012599,-0.002780,-0.009648,0.495016,0.768229,-1.220721,100316.0000
1764075679695991210,2025-11-25 18:31:19.692,0.512754,2.536826,59.064880,0.044531,0.007462,0.978218,0.507584,-0.362923,9.776476,0.005343,0.005358,-0.010907,0.494525,0.765370,-1.220188,100317.0000
1764075679796214802,2025-11-25 18:31:19.793,0.523216,2.515133,59.084499,0.041413,0.007705,0.976262,0.528794,0.331938,9.913100,0.003119,-0.000190,0.008123,0.494047,0.769149,-1.222165,100309.0000
1764075679895772765,2025-11-25 18:31:19.893,0.536985,2.499294,59.111530,0.041063,0.010525,0.977093,0.410433,0.180276,9.874610,0.007762,0.001897,0.001350,0.495950,0.764858,-1.222128,100309.0000
1764075679996698969,2025-11-25 18:31:19.992,0.547848,2.491441,59.132698,0.041594,0.010536,0.977977,0.469354,0.164590,9.703593,-0.002693,0.001985,-0.004653,0.493081,0.765364,-1.220167,100313.0000
1764075680095644839,2025-11-25 18:31:20.092,0.558443,2.501955,59.142910,0.041698,0.010619,0.977612,0.447687,0.190487,9.710423,0.000093,-0.003892,0.001398,0.496932,0.764914,-1.219735,100311.0000
1764075680196798543,2025-11-25 18:31:20.193,0.552884,2.514642,59.141521,0.043481,0.010341,0.977615,0.336233,0.271559,9.690671,0.000934,0.000332,0.001359,0.494519,0.767241,-1.222143,100309.0000
1764075680296647061,2025-11-25 18:31:20.293,0.534348,2.525952,59.138599,0.043164,0.010480,0.976664,0.707706,-0.191691,9.918238,-0.005797,-0.001116,-0.004963,0.495496,0.766340,-1.219736,100311.0000
1764075680396327765,2025-11-25 18:31:20.393,0.521324,2.543291,59.141167,0.043524,0.009692,0.977568,0.735499,0.132887,9.832562,0.008777,0.001341,0.006289,0.494993,0.764397,-1.221144,100313.0000
1764075680496254543,2025-11-25 18:31:20.493,0.524089,2.568554,59.147396,0.043656,0.010132,0.977971,0.097861,0.192151,9.711699,-0.002618,-0.003373,0.001936,0.492120,0.768663,-1.222129,100311.0000
1764075680596466598,2025-11-25 18:31:20.593,0.531963,2.580370,59.140778,0.046106,0.009192,0.977806,0.307549,0.138543,9.759518,0.008677,-0.012250,0.008473,0.494986,0.766734,-1.223587,100308.0000
1764075680696505839,2025-11-25 18:31:20.693,0.538826,2.553161,59.110733,0.048222,0.010693,0.978529,0.786062,0.053946,9.877328,-0.001683,0.000619,-0.001328,0.494051,0.766801,-1.220203,100313.0000
1764075680796383506,2025-11-25 18:31:20.793,0.537908,2.501832,59.070999,0.042807,0.010537,0.977286,0.549630,0.129461,9.895921,-0.001091,0.010603,0.010972,0.493555,0.767704,-1.222618,100309.0000
1764075680897127802,2025-11-25 18:31:20.893,0.535642,2.451234,59.024822,0.040832,0.009760,0.978110,0.291990,0.083015,9.587651,0.004617,0.018492,0.013438,0.496447,0.766314,-1.221194,100313.0000
1764075680996138450,2025-11-25 18:31:20.993,0.535701,2.425639,58.972092,0.037308,0.009760,0.977523,0.439036,0.367506,9.839145,-0.002099,0.009237,0.015366,0.495504,0.767306,-1.219269,100306.0000
1764075681095574783,2025-11-25 18:31:21.092,0.548642,2.440439,58.933701,0.036065,0.010714,0.976192,0.091152,0.239736,9.600791,0.005979,-0.008182,0.011862,0.496928,0.766316,-1.221201,100311.0000
1764075681195995635,2025-11-25 18:31:21.193,0.558844,2.487837,58.896183,0.038446,0.012551,0.976065,0.084463,-0.067591,9.541339,-0.005228,-0.016184,0.007402,0.498353,0.765805,-1.223141,100316.0000
1764075681296018764,2025-11-25 18:31:21.293,0.561666,2.560029,58.861267,0.042521,0.012746,0.977529,0.525434,0.108550,9.821890,0.000640,-0.024874,-0.000549,0.497392,0.762975,-1.221157,100304.0000
1764075681396916338,2025-11-25 18:31:21.393,0.554171,2.630328,58.836678,0.048148,0.011153,0.978715,0.404439,0.353693,9.808736,-0.002572,-0.012301,0.008572,0.497859,0.763881,-1.223586,100308.0000
1764075681496282061,2025-11-25 18:31:21.493,0.529427,2.644312,58.813614,0.052741,0.010706,0.980958,0.791455,-0.382245,9.919532,-0.002468,0.003740,0.000633,0.498366,0.766780,-1.222192,100311.0000
1764075681596235894,2025-11-25 18:31:21.593,0.510525,2.584440,58.791668,0.048229,0.008459,0.977674,0.747740,0.165156,9.970358,0.003491,0.018117,0.010816,0.497895,0.767276,-1.221230,100308.0000
1764075681696348598,2025-11-25 18:31:21.693,0.514284,2.487079,58.780548,0.041635,0.008332,0.976599,0.151549,-0.124636,9.640415,0.006212,0.023732,0.006071,0.499346,0.765890,-1.219304,100310.0000
1764075681796293079,2025-11-25 18:31:21.793,0.527647,2.406566,58.763702,0.037243,0.009018,0.976490,0.153237,-0.102262,9.678011,0.007477,0.015036,0.005521,0.500302,0.765407,-1.219792,100313.0000
1764075681896579134,2025-11-25 18:31:21.893,0.547660,2.368078,58.744320,0.036388,0.010145,0.976596,0.247959,-0.048627,9.730843,0.001820,-0.000536,0.002019,0.497411,0.764438,-1.219735,100306.0000
1764075681996699023,2025-11-25 18:31:21.993,0.560711,2.401409,58.737228,0.036307,0.011805,0.976326,0.538757,0.338709,9.691209,0.004764,-0.014822,0.004592,0.499337,0.766337,-1.220755,100309.0000
1764075682095753153,2025-11-25 18:31:22.093,0.550233,2.476520,58.743397,0.042178,0.011192,0.978643,0.529462,0.148789,9.797867,0.004958,-0.013105,-0.004503,0.499311,0.764853,-1.223140,100309.0000
1764075682196063245,2025-11-25 18:31:22.193,0.529486,2.542820,58.745243,0.043410,0.009074,0.978334,0.168689,-0.057367,9.791502,-0.003939,-0.007543,0.006697,0.499330,0.764904,-1.220734,100311.0000
1764075682296754838,2025-11-25 18:31:22.293,0.517283,2.545414,58.744431,0.046774,0.009292,0.978345,0.433072,-0.189053,9.847729,0.003528,-0.001970,-0.000518,0.500783,0.765409,-1.219799,100305.0000
1764075682395816597,2025-11-25 18:31:22.393,0.521847,2.510938,58.739906,0.046072,0.009439,0.979486,0.633655,0.012293,9.922732,0.001909,0.009670,-0.004947,0.501228,0.763429,-1.223147,100313.0000
1764075682496509597,2025-11-25 18:31:22.493,0.534974,2.460296,58.736164,0.042315,0.009284,0.977808,0.265593,0.053965,9.766239,0.009798,0.009942,-0.000757,0.499820,0.765872,-1.220274,100315.0000
1764075682596760153,2025-11-25 18:31:22.593,0.541174,2.415024,58.729534,0.040723,0.010123,0.976393,0.391407,0.276134,9.644422,0.001463,0.010504,0.014190,0.503175,0.762554,-1.219791,100309.0000
1764075682696258023,2025-11-25 18:31:22.693,0.538435,2.382682,58.712948,0.038921,0.011389,0.977170,0.388090,0.343676,9.719998,0.000025,0.005420,0.003243,0.502236,0.766381,-1.219354,100309.0000
1764075682796110023,2025-11-25 18:31:22.793,0.530850,2.367083,58.673294,0.036309,0.010537,0.976738,0.348503,0.032205,9.774691,-0.003482,0.000635,0.012249,0.502206,0.761116,-1.219755,100317.0000
1764075682896725486,2025-11-25 18:31:22.893,0.532127,2.374672,58.629833,0.037742,0.010057,0.977811,0.293985,0.019184,9.629509,0.002654,-0.003654,0.006363,0.502212,0.763962,-1.220762,100308.0000
1764075682997333819,2025-11-25 18:31:22.993,0.534185,2.411342,58.577663,0.039164,0.011023,0.978360,0.479434,0.192033,9.789484,-0.002134,-0.013405,0.010923,0.502681,0.761576,-1.220732,100313.0000
1764075683095808319,2025-11-25 18:31:23.093,0.528519,2.458367,58.526005,0.040899,0.010883,0.977138,0.314117,0.135924,9.905897,-0.001756,-0.009871,0.009190,0.506522,0.762040,-1.222241,100304.0000
1764075683195377597,2025-11-25 18:31:23.192,0.522255,2.487879,58.457287,0.044948,0.010124,0.978526,0.596700,-0.133852,9.860245,-0.001826,-0.002783,0.009195,0.502205,0.762529,-1.220740,100310.0000
1764075683296052745,2025-11-25 18:31:23.293,0.517485,2.495863,58.376419,0.042058,0.011016,0.977620,0.487485,0.165886,9.941401,0.002104,0.005508,0.019669,0.508924,0.762986,-1.223253,100311.0000
1764075683396359634,2025-11-25 18:31:23.393,0.515186,2.485536,58.307148,0.042287,0.010939,0.977027,0.520478,0.190173,9.837021,0.005048,0.001654,0.019926,0.506044,0.762048,-1.221752,100312.0000
1764075683496072226,2025-11-25 18:31:23.493,0.516448,2.480222,58.265026,0.041626,0.012660,0.977408,0.443436,0.122495,9.783036,0.003576,-0.001102,0.008439,0.506042,0.761571,-1.221745,100309.0000
1764075683596632967,2025-11-25 18:31:23.593,0.509983,2.486630,58.219345,0.039552,0.011895,0.977512,0.540654,0.142186,9.844562,-0.001191,-0.003644,0.011471,0.507474,0.761547,-1.223210,100315.0000
1764075683695739596,2025-11-25 18:31:23.693,0.500856,2.499754,58.174484,0.041222,0.009936,0.978490,0.394950,0.014434,9.543900,0.002943,-0.000168,0.016071,0.508934,0.758769,-1.219336,100308.0000
1764075683795820856,2025-11-25 18:31:23.792,0.485771,2.516300,58.119438,0.041510,0.009268,0.977939,0.297516,0.291395,9.767843,0.002230,-0.002439,0.015288,0.506512,0.760130,-1.222211,100307.0000
1764075683895882744,2025-11-25 18:31:23.893,0.487147,2.532708,58.060268,0.040911,0.009022,0.976432,0.316827,-0.031190,9.699922,0.008028,-0.005935,0.008136,0.509891,0.760175,-1.220817,100303.0000
1764075683996373337,2025-11-25 18:31:23.992,0.506781,2.562788,58.011215,0.043904,0.009910,0.976954,0.445988,-0.032845,9.696881,0.005628,-0.006917,0.012693,0.509396,0.759665,-1.222246,100307.0000
1764075684095856226,2025-11-25 18:31:24.092,0.525891,2.585725,57.973335,0.047806,0.013392,0.978340,0.619824,0.247219,9.868373,0.001184,-0.001590,0.000419,0.511798,0.759666,-1.222764,100307.0000
1764075684196622874,2025-11-25 18:31:24.193,0.525038,2.580560,57.930599,0.046610,0.011206,0.979407,0.262677,0.152018,9.896470,0.001705,0.007251,0.009615,0.511795,0.758243,-1.222260,100313.0000
1764075684295821929,2025-11-25 18:31:24.293,0.512645,2.547030,57.877048,0.043031,0.012279,0.978050,0.328710,-0.155057,9.630884,0.002722,0.013338,0.013347,0.511804,0.757796,-1.220809,100309.0000
1764075684396386300,2025-11-25 18:31:24.393,0.495422,2.522934,57.834312,0.040212,0.011811,0.976770,0.548857,0.128078,9.842944,0.000312,-0.000542,0.017660,0.513729,0.757804,-1.220837,100315.0000
1764075684496421485,2025-11-25 18:31:24.493,0.484795,2.520843,57.804554,0.039620,0.010019,0.976729,0.240585,-0.176975,9.719721,0.001173,-0.007826,0.010126,0.515151,0.757282,-1.223258,100309.0000
1764075684595725948,2025-11-25 18:31:24.592,0.484913,2.548213,57.777683,0.042336,0.010251,0.976084,0.822750,0.170016,9.779449,0.006196,-0.010889,0.005542,0.518041,0.756360,-1.222323,100323.0000
1764075684696567522,2025-11-25 18:31:24.693,0.490668,2.566669,57.740719,0.043329,0.012090,0.977344,0.321125,0.356469,9.747105,0.000589,0.003682,0.006415,0.515643,0.757315,-1.221821,100310.0000
1764075684796060188,2025-11-25 18:31:24.793,0.495907,2.579169,57.720345,0.045249,0.011898,0.978095,0.728738,0.292719,9.859027,0.000129,0.000349,-0.001560,0.517560,0.757303,-1.222812,100307.0000
1764075684896126022,2025-11-25 18:31:24.893,0.503812,2.600596,57.725193,0.044058,0.009819,0.978130,0.439577,-0.252853,9.731806,0.002257,0.000303,0.000412,0.516111,0.756809,-1.223265,100310.0000
1764075684987225151,2025-11-25 18:31:24.984,0.506653,2.618673,57.752789,0.044589,0.011543,0.977610,0.128421,-0.114359,9.685072,0.002646,-0.005631,-0.002082,0.515149,0.755391,-1.222266,100309.0000
1764075685095763003,2025-11-25 18:31:25.092,0.509231,2.628206,57.803898,0.045118,0.012061,0.978621,0.360094,0.057533,9.758223,-0.004728,-0.004332,-0.007063,0.513697,0.756777,-1.224192,100307.0000
1764075685196393744,2025-11-25 18:31:25.193,0.505557,2.641087,57.854557,0.046254,0.009650,0.977256,0.336067,0.094557,9.720608,0.007174,-0.005643,-0.007111,0.513221,0.756318,-1.223215,100308.0000
1764075685296448558,2025-11-25 18:31:25.293,0.499528,2.631586,57.896988,0.047033,0.009731,0.977577,0.459981,0.246948,9.715766,-0.003521,-0.000549,-0.008549,0.513236,0.760129,-1.223755,100311.0000
1764075685396171058,2025-11-25 18:31:25.393,0.484393,2.601944,57.936440,0.045812,0.009063,0.978016,0.487343,0.080564,9.966377,0.002971,0.001947,-0.002371,0.512275,0.758713,-1.222756,100302.0000
1764075685496290892,2025-11-25 18:31:25.493,0.476768,2.573708,57.965588,0.044177,0.008231,0.976817,0.378395,-0.230978,9.720733,-0.002008,0.002903,-0.001247,0.511804,0.757796,-1.220809,100308.0000
1764075685597133040,2025-11-25 18:31:25.593,0.487677,2.571634,57.996407,0.041315,0.010241,0.977412,0.410970,0.069975,9.724897,0.001132,-0.001949,-0.009937,0.513242,0.758259,-1.221800,100313.0000
1764075685696255688,2025-11-25 18:31:25.693,0.506166,2.602139,58.030415,0.041720,0.009055,0.976033,0.109675,0.079120,9.560303,-0.000772,-0.013060,0.000154,0.512275,0.758713,-1.222756,100307.0000
1764075685796101595,2025-11-25 18:31:25.793,0.522258,2.627692,58.088821,0.044765,0.011883,0.978598,0.477372,0.459862,9.761617,0.002895,-0.007363,-0.015318,0.511786,0.756332,-1.222231,100303.0000
1764075685896858132,2025-11-25 18:31:25.892,0.524923,2.655090,58.176540,0.045458,0.010772,0.977343,0.400889,0.058470,9.725100,-0.002712,-0.010017,-0.016096,0.511784,0.759157,-1.224200,100313.0000
1764075685997066502,2025-11-25 18:31:25.992,0.520495,2.679798,58.260258,0.048422,0.011238,0.978674,0.221581,0.006587,9.631335,-0.007359,-0.006045,-0.025325,0.510333,0.759130,-1.225142,100311.0000
1764075686095750836,2025-11-25 18:31:26.093,0.507117,2.679344,58.337208,0.049219,0.009851,0.977994,0.344936,0.258050,9.655933,-0.003238,0.001364,-0.015316,0.509389,0.759645,-1.223209,100308.0000
1764075686196356558,2025-11-25 18:31:26.193,0.495240,2.663221,58.414948,0.047944,0.008549,0.977425,0.500859,0.354246,9.829632,0.001366,0.007233,-0.018711,0.507487,0.761110,-1.221277,100313.0000
1764075686296092558,2025-11-25 18:31:26.293,0.499163,2.621157,58.509483,0.045934,0.006271,0.977178,0.529480,-0.237703,9.811619,0.007319,0.008204,-0.014712,0.505084,0.762522,-1.221745,100315.0000
1764075686396185539,2025-11-25 18:31:26.393,0.522897,2.564609,58.609020,0.042549,0.008258,0.976460,0.519452,-0.105163,9.945031,0.005104,0.002266,-0.020685,0.505547,0.761060,-1.223174,100311.0000
1764075686495767835,2025-11-25 18:31:26.493,0.552692,2.553851,58.724873,0.040751,0.009812,0.976187,0.553195,0.342208,9.707563,0.011140,-0.004265,-0.011444,0.504585,0.762001,-1.223656,100313.0000
1764075686596063484,2025-11-25 18:31:26.593,0.559155,2.595867,58.839451,0.042798,0.012196,0.978970,0.316517,0.196300,9.661715,-0.006773,-0.003398,-0.023099,0.505550,0.762483,-1.223678,100312.0000
1764075686696652021,2025-11-25 18:31:26.693,0.541369,2.648757,58.943180,0.047751,0.010874,0.978994,0.391746,0.255509,9.681441,-0.002558,-0.006102,-0.012046,0.502660,0.759634,-1.222147,100309.0000
1764075686796414002,2025-11-25 18:31:26.793,0.515733,2.687156,59.040668,0.048303,0.009080,0.977111,0.463197,0.181400,9.737008,-0.008004,-0.004371,-0.022797,0.498362,0.765357,-1.221689,100311.0000
1764075686896922798,2025-11-25 18:31:26.893,0.493262,2.686628,59.138157,0.050067,0.006322,0.976800,0.374804,-0.293702,9.704484,-0.000618,-0.003611,-0.020518,0.499304,0.764366,-1.223614,100309.0000
1764075686996341706,2025-11-25 18:31:26.993,0.492958,2.657683,59.265854,0.045717,0.006305,0.976150,0.577052,-0.090554,9.889305,-0.001619,-0.003199,-0.013940,0.497882,0.766300,-1.222178,100302.0000
1764075687095512520,2025-11-25 18:31:27.092,0.508037,2.632301,59.397984,0.043575,0.007947,0.976448,0.260439,0.346603,9.711789,0.003118,-0.004310,-0.025187,0.498864,0.770126,-1.222251,100307.0000
1764075687196123779,2025-11-25 18:31:27.193,0.533270,2.652668,59.525768,0.045225,0.007452,0.978968,0.255794,0.033717,9.656922,-0.002178,-0.008483,-0.034357,0.494519,0.767241,-1.222143,100307.0000
1764075687296821872,2025-11-25 18:31:27.293,0.557356,2.692013,59.647579,0.047972,0.007527,0.979561,0.742740,-0.157768,9.878654,0.004113,-0.000158,-0.018963,0.491636,0.769596,-1.223100,100308.0000
1764075687396419983,2025-11-25 18:31:27.393,0.574826,2.726677,59.769875,0.046813,0.010639,0.977854,0.242323,0.298892,9.685610,0.001501,0.002176,-0.018623,0.489705,0.769099,-1.223546,100312.0000
1764075687496268113,2025-11-25 18:31:27.493,0.580472,2.744969,59.899982,0.049790,0.008777,0.976228,0.245309,0.089482,9.642585,0.004298,-0.003040,-0.028997,0.489722,0.770085,-1.222116,100311.0000
1764075687596092927,2025-11-25 18:31:27.593,0.578397,2.741550,60.044022,0.048288,0.009320,0.975679,0.353165,0.193457,9.742676,-0.000168,-0.009220,-0.034457,0.487300,0.770034,-1.224006,100312.0000
1764075687696304409,2025-11-25 18:31:27.693,0.570421,2.703557,60.192417,0.048563,0.009928,0.977195,0.294367,0.302928,9.562652,0.000447,-0.003071,-0.036316,0.484422,0.770986,-1.223497,100305.0000
1764075687796045131,2025-11-25 18:31:27.793,0.559081,2.677745,60.340603,0.048463,0.007048,0.977649,0.446221,0.086862,9.673687,0.002505,-0.002912,-0.030151,0.482052,0.773425,-1.220609,100306.0000
1764075687896831779,2025-11-25 18:31:27.893,0.554433,2.665679,60.473396,0.047250,0.006588,0.978457,0.400895,-0.112318,9.809886,0.000214,-0.005127,-0.020181,0.482033,0.773374,-1.223016,100311.0000
1764075687996826538,2025-11-25 18:31:27.993,0.555985,2.685598,60.599201,0.048955,0.008849,0.978227,0.506592,-0.037068,9.878186,-0.001090,0.006174,-0.027790,0.480140,0.774392,-1.219633,100315.0000
1764075688095564353,2025-11-25 18:31:28.093,0.545655,2.703545,60.733681,0.045838,0.006167,0.977091,0.323281,-0.101054,9.835016,-0.009028,-0.001157,-0.024886,0.480130,0.776252,-1.222069,100307.0000
1764075688196292483,2025-11-25 18:31:28.193,0.543214,2.726337,60.846275,0.045661,0.006969,0.976620,0.156749,0.252997,9.777315,0.000783,-0.006666,-0.029918,0.477728,0.776251,-1.221552,100311.0000
1764075688296967927,2025-11-25 18:31:28.293,0.548650,2.718457,60.954575,0.047795,0.008759,0.977226,0.192175,0.506438,9.774394,-0.002208,-0.002690,-0.023376,0.473385,0.775256,-1.222436,100306.0000
1764075688396340149,2025-11-25 18:31:28.393,0.560804,2.696944,61.063976,0.048851,0.008565,0.977351,0.428458,0.343311,9.757725,-0.002127,0.005392,-0.021142,0.475332,0.776738,-1.220561,100301.0000
1764075688496266112,2025-11-25 18:31:28.493,0.568892,2.686433,61.182343,0.047727,0.009006,0.977205,0.980994,0.198395,9.928660,0.004011,0.005455,-0.012013,0.471960,0.776713,-1.220993,100310.0000
1764075688597599556,2025-11-25 18:31:28.593,0.564497,2.701005,61.301304,0.047340,0.009176,0.978195,0.775770,0.060663,9.819391,-0.000272,0.002743,-0.019609,0.471992,0.781510,-1.220103,100308.0000
1764075688696797186,2025-11-25 18:31:28.693,0.549954,2.713582,61.399220,0.048479,0.007947,0.977459,0.430980,0.055109,9.737727,-0.003478,0.010854,-0.006545,0.470544,0.781493,-1.220563,100315.0000
1764075688796466630,2025-11-25 18:31:28.793,0.536221,2.708426,61.462379,0.048634,0.007431,0.977397,0.328781,0.333753,9.680263,-0.001595,0.011717,-0.009262,0.470526,0.780030,-1.221985,100300.0000
1764075688896515334,2025-11-25 18:31:28.893,0.529951,2.655802,61.530491,0.047372,0.008317,0.978174,0.400076,0.053369,9.806126,0.002098,0.013947,-0.002705,0.469103,0.781019,-1.220053,100309.0000
1764075688996941315,2025-11-25 18:31:28.993,0.525532,2.600868,61.628906,0.044286,0.009710,0.975689,1.016169,0.005790,9.960375,0.004201,0.007059,-0.015958,0.472452,0.779571,-1.221525,100310.0000
1764075689095875241,2025-11-25 18:31:29.093,0.524098,2.579184,61.735600,0.041570,0.005954,0.976068,0.464901,-0.149763,9.766440,-0.000064,0.000724,-0.006357,0.469090,0.781456,-1.221986,100313.0000
1764075689196578315,2025-11-25 18:31:29.193,0.525971,2.614387,61.819832,0.043275,0.008453,0.976820,0.375132,0.252193,9.703103,0.003171,-0.008195,-0.016283,0.466708,0.784810,-1.221039,100309.0000
1764075689296702056,2025-11-25 18:31:29.293,0.527170,2.679940,61.859287,0.046452,0.006663,0.978612,0.289027,0.234107,9.837634,-0.001224,-0.009857,-0.003666,0.467178,0.782424,-1.221009,100317.0000
1764075689396048408,2025-11-25 18:31:29.393,0.532236,2.722516,61.876556,0.047472,0.008803,0.979337,0.312213,0.115441,9.770180,-0.004572,-0.007654,-0.010932,0.464767,0.781458,-1.220959,100304.0000
1764075689497065167,2025-11-25 18:31:29.493,0.540308,2.715495,61.882858,0.050536,0.008776,0.979291,0.560718,-0.225235,9.930710,0.000257,0.005902,0.002021,0.463333,0.783361,-1.220967,100312.0000
1764075689595959982,2025-11-25 18:31:29.593,0.541251,2.665898,61.875778,0.048719,0.010503,0.977592,0.387973,-0.011084,9.867237,-0.004709,0.011564,0.001894,0.464782,0.782911,-1.220018,100315.0000
1764075689696196574,2025-11-25 18:31:29.693,0.536499,2.584304,61.867588,0.046192,0.008988,0.975707,0.354451,-0.054335,9.704620,0.002858,0.012071,0.008239,0.465258,0.781957,-1.220011,100303.0000
1764075689796162852,2025-11-25 18:31:29.793,0.535002,2.502626,61.835133,0.043322,0.008554,0.977250,0.511441,0.139586,9.882935,0.003763,0.013942,0.009497,0.467185,0.782444,-1.220047,100309.0000
1764075689897219241,2025-11-25 18:31:29.893,0.552292,2.476027,61.762070,0.036840,0.009159,0.975734,0.045633,0.151811,9.525267,0.009149,-0.002048,0.021883,0.467188,0.782922,-1.220054,100315.0000
1764075689995901222,2025-11-25 18:31:29.992,0.575308,2.515521,61.690243,0.038419,0.010782,0.977809,0.554339,-0.351488,9.923293,0.003857,-0.010325,0.013245,0.470536,0.780528,-1.221030,100305.0000
1764075690095864463,2025-11-25 18:31:30.092,0.586403,2.580371,61.631107,0.043212,0.014242,0.979362,0.380970,0.251639,9.830320,-0.001616,-0.012837,0.008892,0.470053,0.780993,-1.221511,100312.0000
1764075690196850333,2025-11-25 18:31:30.193,0.565519,2.624763,61.572300,0.048769,0.013202,0.979363,0.677010,-0.020728,10.013608,-0.008635,-0.004124,0.003339,0.470041,0.778605,-1.221475,100304.0000
1764075690296612148,2025-11-25 18:31:30.293,0.536909,2.644128,61.490158,0.048841,0.010376,0.976752,0.260365,-0.116947,9.741167,-0.003020,0.003383,0.024150,0.468632,0.781516,-1.219091,100310.0000
1764075690396656129,2025-11-25 18:31:30.393,0.511563,2.603166,61.404720,0.046057,0.008998,0.974650,-0.096441,0.153830,9.655915,-0.001099,0.005419,0.005142,0.473915,0.781986,-1.220620,100314.0000
1764075690497005778,2025-11-25 18:31:30.493,0.519904,2.536412,61.325886,0.044987,0.007697,0.976467,0.613116,0.645113,9.819309,0.009252,0.002942,0.013632,0.472001,0.778705,-1.217171,100314.0000
1764075690596134148,2025-11-25 18:31:30.592,0.562875,2.508892,61.243889,0.043538,0.008612,0.978106,0.494623,0.183751,9.828877,0.006096,0.003029,0.017453,0.475359,0.780580,-1.219656,100309.0000
1764075690696273759,2025-11-25 18:31:30.693,0.616452,2.515105,61.140720,0.041283,0.012680,0.978755,0.468541,0.298884,9.769313,0.015397,0.001150,0.019533,0.473406,0.777197,-1.221021,100317.0000
1764075690796813425,2025-11-25 18:31:30.793,0.635993,2.525249,61.039196,0.041904,0.016790,0.979548,0.499424,0.142577,9.863875,0.002586,0.007768,0.013696,0.475336,0.776748,-1.220080,100307.0000
1764075690896362833,2025-11-25 18:31:30.893,0.618358,2.541903,60.949863,0.042734,0.015881,0.977518,0.913809,-0.190246,10.009227,-0.007459,-0.003940,0.019668,0.476751,0.774793,-1.222479,100303.0000
1764075690996578925,2025-11-25 18:31:30.992,0.588142,2.559304,60.868298,0.043748,0.013197,0.977406,0.439229,-0.282577,9.680051,-0.005731,-0.000559,0.009848,0.476773,0.777680,-1.221560,100311.0000
1764075691096729296,2025-11-25 18:31:31.092,0.558057,2.553810,60.785461,0.044541,0.010804,0.976930,0.216393,-0.209608,9.670162,-0.007537,-0.003864,0.013700,0.479185,0.776766,-1.220137,100309.0000
1764075691196062629,2025-11-25 18:31:31.193,0.552211,2.530722,60.670563,0.046892,0.008270,0.977784,0.554719,-0.169862,9.766281,0.006722,0.001101,0.015803,0.480626,0.776294,-1.220150,100303.0000
1764075691296457925,2025-11-25 18:31:31.293,0.572086,2.476832,60.540108,0.043428,0.010824,0.975556,0.348732,0.282993,9.523289,0.005330,0.005649,0.021284,0.484489,0.778233,-1.219755,100319.0000
1764075691396293147,2025-11-25 18:31:31.393,0.596866,2.440490,60.407860,0.041881,0.013440,0.977341,0.449748,0.324140,9.707501,0.009923,0.011391,0.019539,0.483503,0.773452,-1.219668,100307.0000
1764075691496162444,2025-11-25 18:31:31.493,0.601428,2.437880,60.273010,0.038714,0.013750,0.977258,0.316158,0.113357,9.756995,0.001138,0.004782,0.026969,0.485432,0.776774,-1.221192,100303.0000
1764075691596295758,2025-11-25 18:31:31.593,0.581187,2.459197,60.167511,0.041853,0.015865,0.978419,0.522402,-0.040828,9.801230,-0.011116,-0.001682,0.007141,0.487352,0.775827,-1.221206,100311.0000
1764075691696297740,2025-11-25 18:31:31.693,0.552067,2.506549,60.070591,0.042129,0.013385,0.977946,0.510033,0.389872,9.797851,-0.004970,-0.010347,0.019983,0.488302,0.772498,-1.220687,100301.0000
1764075691795965203,2025-11-25 18:31:31.793,0.546187,2.595482,60.003593,0.042801,0.010355,0.976793,0.452994,0.488579,9.660707,-0.000068,-0.019452,0.007560,0.489251,0.772939,-1.222634,100311.0000
1764075691896573129,2025-11-25 18:31:31.893,0.558337,2.648257,59.937527,0.051912,0.008115,0.978567,0.619675,0.135722,9.749001,0.004721,-0.005331,0.020647,0.486368,0.771524,-1.221125,100312.0000
1764075691996778666,2025-11-25 18:31:31.993,0.571777,2.615670,59.856789,0.051507,0.009336,0.978565,0.532157,-0.035577,9.931824,0.005041,0.007588,0.018699,0.489740,0.772961,-1.221679,100317.0000
1764075692095520443,2025-11-25 18:31:32.093,0.585947,2.529334,59.758690,0.047167,0.012914,0.977900,0.476911,-0.079031,9.863306,0.001560,0.016421,0.021361,0.492130,0.774344,-1.224624,100306.0000
1764075692196747073,2025-11-25 18:31:32.193,0.590047,2.422996,59.678608,0.041420,0.014862,0.976419,0.417270,0.237480,9.669074,0.005457,0.017185,0.008884,0.495497,0.769643,-1.221713,100305.0000
1764075692295839610,2025-11-25 18:31:32.293,0.587295,2.357093,59.625088,0.036869,0.011529,0.975916,0.109778,0.066825,9.593369,0.003931,0.006315,0.019866,0.495998,0.770642,-1.219809,100305.0000
1764075692396224017,2025-11-25 18:31:32.393,0.582602,2.363178,59.556969,0.035845,0.009081,0.977436,0.196965,-0.384988,9.804783,0.002160,-0.006929,0.017646,0.498889,0.770665,-1.219370,100313.0000
1764075692496424276,2025-11-25 18:31:32.493,0.588839,2.405043,59.466026,0.034507,0.013527,0.976650,0.226701,0.416230,9.832677,0.000671,-0.007237,0.019165,0.496482,0.769709,-1.218839,100313.0000
1764075692596692554,2025-11-25 18:31:32.593,0.590700,2.447837,59.370052,0.038079,0.013236,0.978286,0.141356,-0.381607,9.774215,0.004859,-0.008350,0.013541,0.497430,0.770618,-1.221274,100307.0000
1764075692696363091,2025-11-25 18:31:32.693,0.587298,2.439551,59.282127,0.044064,0.013100,0.981223,0.623891,0.185874,9.806888,-0.004555,0.006988,0.018089,0.498871,0.767789,-1.219808,100314.0000
1764075692796434017,2025-11-25 18:31:32.793,0.591138,2.400270,59.203091,0.041999,0.011984,0.978257,0.600089,0.208675,9.812228,0.004939,0.009393,0.010818,0.500782,0.768234,-1.221769,100315.0000
1764075692896590961,2025-11-25 18:31:32.893,0.606531,2.360567,59.128899,0.037052,0.012726,0.975983,0.327048,0.004715,9.824856,-0.000431,0.001832,0.011951,0.501736,0.767273,-1.222250,100310.0000
1764075692997348387,2025-11-25 18:31:32.993,0.620771,2.356757,59.082706,0.037172,0.013503,0.976305,0.622820,0.108626,9.735433,0.004579,-0.004614,0.014452,0.503659,0.765391,-1.221286,100310.0000
1764075693095469572,2025-11-25 18:31:33.093,0.614668,2.403203,59.061676,0.035591,0.013846,0.977644,0.216756,0.415047,9.628925,-0.003823,-0.017482,-0.005852,0.502712,0.766840,-1.220331,100308.0000
1764075693195947813,2025-11-25 18:31:33.193,0.603517,2.479441,59.028599,0.041939,0.009118,0.978733,0.817384,-0.120329,9.913380,0.001579,-0.010638,0.018920,0.500790,0.768255,-1.220806,100310.0000
1764075693296018998,2025-11-25 18:31:33.293,0.590499,2.518062,58.980030,0.046172,0.014220,0.978126,0.156059,0.479412,9.635776,0.001720,-0.002130,0.006723,0.501735,0.767740,-1.222739,100315.0000
1764075693395663868,2025-11-25 18:31:33.393,0.578674,2.510827,58.927780,0.048582,0.010940,0.978236,0.477762,-0.156720,9.739943,-0.004050,0.003541,0.005110,0.501743,0.766348,-1.220791,100307.0000
1764075693496248202,2025-11-25 18:31:33.492,0.582758,2.461945,58.888847,0.048347,0.012315,0.977838,0.627002,0.324768,10.005699,0.000421,0.015447,-0.000363,0.504156,0.767792,-1.220849,100311.0000
1764075693595929979,2025-11-25 18:31:33.593,0.591701,2.391238,58.872166,0.041591,0.010556,0.976744,0.361544,0.288613,9.694793,-0.000076,0.013061,0.005225,0.503187,0.764942,-1.219828,100306.0000
1764075693696249220,2025-11-25 18:31:33.693,0.607396,2.355389,58.866512,0.039591,0.009954,0.977707,0.345637,0.049874,9.808637,0.008825,0.004250,0.005392,0.504629,0.765416,-1.220338,100311.0000
1764075693796194109,2025-11-25 18:31:33.793,0.630434,2.367624,58.849136,0.036172,0.012107,0.976456,0.139532,0.122683,9.721166,0.002540,-0.008418,-0.004804,0.506084,0.765453,-1.218915,100317.0000
1764075693896715016,2025-11-25 18:31:33.893,0.644828,2.406304,58.834965,0.038133,0.013570,0.977645,0.037380,0.230506,9.627234,0.003707,-0.012523,0.000755,0.504158,0.765912,-1.219375,100311.0000
1764075693997302146,2025-11-25 18:31:33.993,0.638726,2.472210,58.840729,0.042704,0.013149,0.977305,0.664059,-0.103447,9.871363,-0.001800,-0.008155,0.004138,0.506072,0.765422,-1.220359,100311.0000
1764075694095596720,2025-11-25 18:31:34.093,0.617032,2.534841,58.857372,0.043634,0.012292,0.976469,0.457462,0.020721,9.836044,-0.003960,-0.017935,0.001328,0.506067,0.765880,-1.221329,100311.0000
1764075694196370905,2025-11-25 18:31:34.193,0.594827,2.584795,58.893955,0.047769,0.011439,0.978370,0.162777,0.393096,9.774302,-0.003348,-0.000059,-0.014049,0.501731,0.767730,-1.223220,100315.0000
1764075694296019109,2025-11-25 18:31:34.293,0.575822,2.591017,58.946106,0.049485,0.009179,0.977072,0.438750,0.445116,9.817045,-0.002711,0.000363,-0.009881,0.498858,0.768226,-1.221740,100311.0000
1764075694396286127,2025-11-25 18:31:34.393,0.567770,2.582592,58.987419,0.049448,0.006350,0.977529,0.384124,0.131202,9.790892,-0.001420,0.009090,-0.007742,0.500322,0.770173,-1.220347,100310.0000
1764075694497034683,2025-11-25 18:31:34.493,0.567777,2.554198,58.995152,0.046950,0.007526,0.976405,0.400227,0.162797,9.779797,0.003285,0.010169,-0.001956,0.501761,0.769224,-1.220354,100310.0000
1764075694596400553,2025-11-25 18:31:34.593,0.567757,2.501070,58.984932,0.044838,0.008850,0.978685,0.707729,0.160645,9.906058,0.000938,0.012018,0.005312,0.502695,0.765855,-1.221761,100306.0000
1764075694696304108,2025-11-25 18:31:34.693,0.574938,2.456838,58.960777,0.040243,0.008063,0.977323,0.822091,0.050873,10.017188,0.002740,0.003977,0.014521,0.505116,0.769677,-1.222336,100312.0000
1764075694796163627,2025-11-25 18:31:34.793,0.583244,2.448872,58.928360,0.038375,0.010567,0.977196,0.585965,-0.246070,9.829533,0.004211,-0.008433,0.009922,0.503691,0.770189,-1.220397,100304.0000
1764075694896507442,2025-11-25 18:31:34.892,0.581829,2.485195,58.893620,0.041399,0.012942,0.977302,0.475337,0.314669,9.644806,-0.001190,-0.012771,0.006514,0.502692,0.768202,-1.223723,100311.0000
1764075694996659201,2025-11-25 18:31:34.993,0.571589,2.544844,58.872559,0.045420,0.011848,0.977588,0.500418,0.487586,9.585032,-0.005649,-0.006063,0.002242,0.504151,0.768249,-1.221819,100314.0000
1764075695095507478,2025-11-25 18:31:35.092,0.553423,2.580313,58.848660,0.046145,0.008428,0.977892,0.358309,0.027802,9.776285,-0.000172,-0.004780,0.003654,0.504650,0.768770,-1.219908,100311.0000
1764075695196265404,2025-11-25 18:31:35.193,0.551398,2.572776,58.805626,0.046773,0.008172,0.977922,0.142520,-0.037447,9.504948,0.000425,0.003544,0.005446,0.503173,0.766792,-1.222745,100315.0000
1764075695296360756,2025-11-25 18:31:35.293,0.570312,2.513544,58.765903,0.045151,0.009656,0.978548,0.697133,0.277304,9.933394,0.005844,0.012698,-0.000187,0.504632,0.766839,-1.220841,100317.0000
1764075695396162386,2025-11-25 18:31:35.393,0.584747,2.448204,58.725571,0.038871,0.010451,0.975870,0.360966,0.087673,9.734653,0.005794,0.004227,0.020213,0.504151,0.768249,-1.221819,100315.0000
1764075695496371441,2025-11-25 18:31:35.493,0.589664,2.426884,58.701138,0.038221,0.011654,0.977316,0.253975,0.598208,9.680470,0.000695,-0.005222,-0.000915,0.507047,0.766403,-1.219425,100309.0000
1764075695597049145,2025-11-25 18:31:35.593,0.591294,2.472181,58.678326,0.040991,0.008136,0.978719,0.505477,-0.087259,9.737003,0.008708,-0.010286,0.011640,0.507500,0.766801,-1.223291,100312.0000
1764075695696273793,2025-11-25 18:31:35.693,0.599444,2.563102,58.651878,0.045031,0.010550,0.977628,0.506761,-0.240692,10.028470,0.002895,-0.016978,0.012798,0.505119,0.768742,-1.221359,100310.0000
1764075695796066923,2025-11-25 18:31:35.793,0.615864,2.636699,58.629436,0.051512,0.013217,0.977748,0.542700,0.373497,9.787306,-0.000665,-0.006196,-0.003782,0.503654,0.764436,-1.221272,100311.0000
1764075695896876237,2025-11-25 18:31:35.893,0.631120,2.632670,58.602554,0.052398,0.009563,0.977372,0.916039,-0.066538,10.085507,0.005862,0.010957,0.016515,0.503638,0.765808,-1.224182,100304.0000
1764075695996749608,2025-11-25 18:31:35.993,0.636924,2.574594,58.575417,0.048295,0.012632,0.977203,0.599366,0.078291,9.732030,-0.004582,0.016964,-0.000578,0.505081,0.764869,-1.223707,100310.0000
1764075696095518608,2025-11-25 18:31:36.092,0.634765,2.499010,58.572002,0.042801,0.012954,0.976136,0.257045,-0.009054,9.788280,0.002205,0.000817,-0.002510,0.507505,0.766344,-1.222320,100309.0000
1764075696196869996,2025-11-25 18:31:36.193,0.622572,2.502083,58.591694,0.041329,0.010629,0.977633,0.291714,-0.059989,9.697868,0.000136,-0.009186,-0.009261,0.505142,0.767857,-1.217975,100305.0000
1764075696296597200,2025-11-25 18:31:36.293,0.598138,2.598641,58.627235,0.043305,0.010546,0.977089,0.403544,0.093017,9.649665,-0.004189,-0.024384,-0.013104,0.503681,0.768278,-1.220368,100306.0000
1764075696395805737,2025-11-25 18:31:36.393,0.577595,2.734523,58.674782,0.050398,0.007292,0.978242,0.631360,0.107999,9.849133,-0.006593,-0.022445,-0.013712,0.498856,0.766335,-1.220748,100307.0000
1764075696496343218,2025-11-25 18:31:36.493,0.579119,2.810114,58.736950,0.058438,0.006448,0.978739,0.686747,0.119208,9.834013,0.002679,-0.001179,-0.007659,0.499827,0.767305,-1.220296,100313.0000
1764075696596225996,2025-11-25 18:31:36.593,0.591939,2.803253,58.833660,0.057283,0.007741,0.976882,0.603532,0.143226,9.889464,0.001394,0.005479,-0.015089,0.499811,0.768677,-1.223206,100304.0000
1764075696696323940,2025-11-25 18:31:36.693,0.599120,2.761132,58.952278,0.052492,0.007910,0.975364,0.257349,0.044134,9.623377,0.001193,-0.000403,-0.029935,0.497881,0.769125,-1.224148,100312.0000
1764075696796384440,2025-11-25 18:31:36.793,0.581652,2.737961,59.097660,0.048279,0.009099,0.975444,0.011270,0.296428,9.535839,-0.000548,0.003564,-0.029252,0.497900,0.769176,-1.221741,100305.0000
1764075696896038940,2025-11-25 18:31:36.892,0.562476,2.765091,59.220478,0.048006,0.004813,0.975688,0.225673,0.057219,9.727478,0.008981,-0.010211,-0.008366,0.495964,0.769137,-1.223157,100308.0000
1764075696996825422,2025-11-25 18:31:36.993,0.593474,2.820220,59.278183,0.049355,0.005747,0.976911,0.391824,-0.160224,9.607535,0.006024,-0.008183,-0.011936,0.495022,0.770129,-1.221232,100311.0000
1764075697095489848,2025-11-25 18:31:37.092,0.621723,2.858847,59.346054,0.054041,0.010766,0.981108,0.509678,-0.037971,9.735334,0.014612,-0.002242,-0.014614,0.490210,0.773878,-1.223626,100310.0000
1764075697196348144,2025-11-25 18:31:37.193,0.629978,2.874470,59.452843,0.054354,0.012792,0.977483,0.285521,0.108040,9.706200,-0.013533,-0.003972,-0.026174,0.491160,0.772907,-1.224589,100309.0000
1764075697296734385,2025-11-25 18:31:37.293,0.618344,2.892797,59.572426,0.052797,0.008746,0.977775,0.063186,0.476256,9.651926,-0.002192,-0.008957,-0.016136,0.489257,0.773427,-1.222160,100305.0000
1764075697397440792,2025-11-25 18:31:37.393,0.597342,2.927248,59.657803,0.052522,0.006102,0.975493,0.212121,-0.198188,9.856228,-0.000186,-0.006584,-0.003738,0.487799,0.771967,-1.223079,100309.0000
1764075697496340940,2025-11-25 18:31:37.493,0.577298,2.943088,59.718655,0.054394,0.008442,0.975634,0.405848,-0.145246,9.634769,0.000272,-0.005961,-0.012401,0.487788,0.772882,-1.225020,100311.0000
1764075697597229829,2025-11-25 18:31:37.592,0.560591,2.914075,59.779751,0.057372,0.008253,0.978627,0.387454,0.559302,9.770144,-0.003407,-0.000152,-0.010739,0.488287,0.773402,-1.223109,100310.0000
1764075697696230014,2025-11-25 18:31:37.693,0.553755,2.851343,59.854568,0.056972,0.007055,0.977101,0.415845,0.254958,9.601298,0.000226,0.014476,-0.011024,0.489254,0.772004,-1.221657,100309.0000
1764075697796893514,2025-11-25 18:31:37.793,0.556637,2.792288,59.936352,0.052744,0.006106,0.978776,0.217531,0.192421,9.600273,-0.002373,0.018412,-0.016487,0.485891,0.775302,-1.223102,100309.0000
1764075697896306699,2025-11-25 18:31:37.893,0.576701,2.757211,60.000687,0.045980,0.005943,0.976686,0.351847,0.079644,9.794716,0.005452,0.006458,-0.007788,0.485902,0.774387,-1.221162,100312.0000
1764075697996227477,2025-11-25 18:31:37.993,0.600507,2.771765,60.047691,0.044395,0.009251,0.976460,0.205588,0.130470,9.758191,-0.000086,-0.005044,-0.013499,0.484447,0.776708,-1.224066,100311.0000
1764075698095948792,2025-11-25 18:31:38.092,0.615526,2.791884,60.079159,0.048823,0.008847,0.977710,0.345296,0.209153,9.746146,0.003496,-0.005012,0.000287,0.486401,0.775853,-1.219747,100308.0000
1764075698196626088,2025-11-25 18:31:38.193,0.618187,2.812673,60.099949,0.052143,0.010573,0.977038,0.362720,0.363165,9.783839,-0.005847,-0.001275,-0.010420,0.484470,0.778182,-1.222162,100310.0000
1764075698296909291,2025-11-25 18:31:38.293,0.605603,2.802008,60.120434,0.054129,0.010342,0.978509,0.509071,0.050929,9.813314,-0.001342,0.002778,-0.001605,0.482050,0.773892,-1.221098,100310.0000
1764075698395800014,2025-11-25 18:31:38.393,0.596506,2.769165,60.148983,0.052393,0.010593,0.978103,0.433673,0.081846,9.784619,0.000029,0.012670,-0.003405,0.482068,0.778181,-1.221645,100309.0000
1764075698496215384,2025-11-25 18:31:38.493,0.596916,2.729912,60.186577,0.048368,0.007587,0.977695,0.425561,-0.095776,9.898303,0.002589,0.006228,-0.011042,0.481594,0.777254,-1.220179,100305.0000
1764075698596222865,2025-11-25 18:31:38.593,0.603422,2.679620,60.207764,0.047260,0.007432,0.976434,0.428021,0.104369,9.713008,-0.001151,0.010428,0.010824,0.483038,0.778206,-1.220697,100311.0000
1764075698696554606,2025-11-25 18:31:38.693,0.606462,2.654932,60.222878,0.045177,0.009214,0.976081,0.012337,0.245379,9.644478,0.000008,0.000234,-0.008422,0.481114,0.776785,-1.219684,100313.0000
1764075698797072495,2025-11-25 18:31:38.793,0.610255,2.674417,60.234695,0.046619,0.009939,0.978041,0.270573,0.025740,9.661115,0.007672,-0.000878,-0.003473,0.480617,0.776742,-1.221602,100307.0000
1764075698896578921,2025-11-25 18:31:38.893,0.619150,2.692970,60.249340,0.046933,0.009702,0.977366,0.144058,-0.201986,9.595323,0.002481,-0.004660,-0.006547,0.483505,0.777700,-1.222141,100313.0000
1764075698996336550,2025-11-25 18:31:38.993,0.630435,2.699393,60.263641,0.047511,0.011851,0.977486,0.273576,0.048273,9.827975,0.001981,-0.001698,-0.000818,0.481109,0.775829,-1.219669,100308.0000
1764075699095634365,2025-11-25 18:31:39.092,0.635896,2.710503,60.286385,0.045384,0.010618,0.978192,0.395514,0.057255,9.837668,0.000568,-0.002414,-0.005122,0.479181,0.778168,-1.221602,100311.0000
1764075699196368939,2025-11-25 18:31:39.192,0.626373,2.727651,60.315460,0.044759,0.010230,0.976902,0.310788,-0.086503,9.734134,0.000249,-0.008005,-0.004513,0.480140,0.779108,-1.222594,100311.0000
1764075699296160735,2025-11-25 18:31:39.293,0.614066,2.741527,60.347534,0.048278,0.010142,0.976410,0.327303,0.154615,9.753093,-0.002728,-0.006319,-0.004966,0.483029,0.777241,-1.221164,100307.0000
1764075699396183439,2025-11-25 18:31:39.393,0.611036,2.749890,60.362011,0.050445,0.007077,0.976943,0.530139,-0.088049,9.812560,-0.001059,-0.004692,0.011230,0.481105,0.777232,-1.221135,100307.0000
1764075699496763902,2025-11-25 18:31:39.493,0.613709,2.744347,60.345562,0.050940,0.008830,0.978001,0.511786,0.070783,9.791331,0.002896,0.000900,0.009594,0.480141,0.777695,-1.221609,100309.0000
1764075699596138087,2025-11-25 18:31:39.593,0.622956,2.724206,60.303787,0.049956,0.008933,0.978480,0.497079,0.092999,9.824486,0.006355,0.009211,0.013768,0.481595,0.779145,-1.221172,100310.0000
1764075699696649865,2025-11-25 18:31:39.693,0.633507,2.686618,60.251736,0.046843,0.011361,0.977549,0.491632,0.279268,9.889877,0.000944,0.007077,0.003662,0.479673,0.777256,-1.219670,100309.0000
1764075699796132624,2025-11-25 18:31:39.793,0.630985,2.645588,60.186241,0.043473,0.010215,0.976113,0.443927,-0.168409,9.831882,-0.004818,0.006172,0.020601,0.483527,0.778228,-1.219741,100315.0000
1764075699896388290,2025-11-25 18:31:39.893,0.616613,2.619476,60.106827,0.045037,0.012366,0.978454,0.436773,-0.058348,9.961279,-0.001308,0.002573,0.015581,0.483524,0.779163,-1.220719,100309.0000
1764075699995942939,2025-11-25 18:31:39.992,0.595489,2.622427,60.036095,0.040018,0.012683,0.976014,0.148885,0.536731,9.671058,-0.001214,-0.005643,0.009456,0.483489,0.772944,-1.221105,100304.0000
1764075700095333846,2025-11-25 18:31:40.092,0.594719,2.684186,59.980583,0.043222,0.010577,0.977166,0.139033,0.104679,9.604537,-0.001663,-0.015097,0.008544,0.483982,0.775334,-1.221148,100315.0000
1764075700195817605,2025-11-25 18:31:40.193,0.592536,2.745529,59.947628,0.051853,0.009218,0.978482,0.606683,-0.015714,9.871745,0.009453,-0.007722,0.014566,0.482077,0.775376,-1.218713,100313.0000
1764075700299925086,2025-11-25 18:31:40.293,0.596743,2.762687,59.928715,0.051216,0.010229,0.978250,0.485193,-0.102576,9.874761,0.005881,0.000309,-0.001820,0.483977,0.775791,-1.222118,100311.0000
1764075700396089605,2025-11-25 18:31:40.393,0.607114,2.747298,59.910950,0.052678,0.009197,0.977137,0.447596,-0.217818,9.856287,0.002027,0.009060,0.011603,0.484940,0.775328,-1.221644,100313.0000
1764075700496994346,2025-11-25 18:31:40.493,0.627848,2.705253,59.881382,0.051028,0.008134,0.977444,0.536644,-0.139023,9.827452,0.011626,0.012920,0.013174,0.484947,0.775816,-1.221170,100313.0000
1764075700596127327,2025-11-25 18:31:40.593,0.642706,2.652879,59.838596,0.045353,0.011188,0.976233,0.094894,0.177917,9.619901,0.008644,0.008119,0.010159,0.487330,0.772940,-1.222124,100307.0000
1764075700696224642,2025-11-25 18:31:40.693,0.643587,2.617279,59.799297,0.043786,0.012697,0.977709,0.069857,0.024908,9.678035,0.001402,0.008412,0.005442,0.488305,0.773921,-1.221191,100311.0000
1764075700785951957,2025-11-25 18:31:40.783,0.630351,2.621576,59.762306,0.042114,0.012071,0.978407,0.591679,-0.398455,9.862062,-0.004135,-0.001877,0.013777,0.488295,0.774835,-1.223131,100313.0000
1764075700895868605,2025-11-25 18:31:40.893,0.621858,2.649718,59.749683,0.043151,0.011441,0.978327,0.520866,0.110805,9.888613,-0.004928,-0.013218,0.004858,0.488314,0.773473,-1.219739,100309.0000
1764075700995981419,2025-11-25 18:31:40.993,0.622139,2.696680,59.730263,0.046033,0.008719,0.977330,0.401996,-0.284632,9.949251,0.002541,-0.007726,0.003187,0.486378,0.774847,-1.222139,100312.0000
1764075701096634216,2025-11-25 18:31:41.093,0.630751,2.746009,59.695087,0.049386,0.009075,0.976729,0.527242,-0.126027,9.706686,0.000953,-0.008129,0.000489,0.488298,0.772488,-1.221168,100311.0000
1764075701199335845,2025-11-25 18:31:41.193,0.646928,2.745193,59.650822,0.051309,0.009602,0.977735,0.368859,-0.067856,9.822808,0.000015,-0.001534,0.011109,0.489744,0.771559,-1.220213,100311.0000
1764075701296200012,2025-11-25 18:31:41.293,0.659878,2.705597,59.598202,0.049142,0.013037,0.977302,0.235747,0.467349,9.857996,-0.003048,0.007662,-0.001078,0.487335,0.771538,-1.220658,100309.0000
1764075701396217141,2025-11-25 18:31:41.393,0.658857,2.666603,59.585163,0.047549,0.011317,0.977057,0.724514,-0.172747,9.951268,0.001967,0.004912,0.016891,0.492153,0.772047,-1.220255,100307.0000
1764075701496387327,2025-11-25 18:31:41.493,0.650061,2.681551,59.627533,0.044450,0.012926,0.974967,0.516014,0.301996,9.590565,-0.008402,-0.015638,-0.020179,0.489262,0.774382,-1.222175,100310.0000
1764075701596123438,2025-11-25 18:31:41.592,0.630729,2.773256,59.707310,0.047891,0.008982,0.976939,0.479633,-0.353376,9.393581,-0.000746,-0.020435,-0.004802,0.486848,0.773406,-1.222606,100315.0000
1764075701696534438,2025-11-25 18:31:41.692,0.613490,2.884974,59.771381,0.054074,0.007318,0.978687,0.285810,0.150852,9.856576,-0.013829,-0.022992,-0.007059,0.483968,0.772468,-1.221105,100311.0000
1764075701795828067,2025-11-25 18:31:41.793,0.602682,2.955002,59.791332,0.055576,0.006220,0.977368,0.523563,-0.232978,9.863297,0.001604,-0.010165,-0.001330,0.483010,0.775777,-1.222586,100311.0000
1764075701896040382,2025-11-25 18:31:41.892,0.599305,2.947047,59.798985,0.059951,0.009620,0.978825,1.049482,0.350533,10.063470,-0.002347,0.009890,-0.004750,0.484464,0.773923,-1.220171,100306.0000
1764075701996247160,2025-11-25 18:31:41.992,0.594156,2.882110,59.825073,0.055060,0.008659,0.977076,0.668040,-0.215714,9.918751,0.010338,0.019507,0.004752,0.485421,0.774385,-1.221155,100309.0000
1764075702096369308,2025-11-25 18:31:42.092,0.604106,2.810999,59.889748,0.048627,0.008097,0.975780,0.181281,0.103086,9.642598,0.002991,0.013426,-0.011828,0.484962,0.774912,-1.218748,100311.0000
1764075702196209789,2025-11-25 18:31:42.193,0.632318,2.767068,59.961048,0.046636,0.006892,0.976921,0.223050,0.285390,9.636520,0.009606,0.002512,-0.002511,0.483996,0.775842,-1.219712,100308.0000
1764075702296675400,2025-11-25 18:31:42.293,0.664418,2.763689,60.032623,0.048133,0.010165,0.979397,0.621213,-0.087874,9.996539,0.008245,-0.004481,-0.007910,0.483010,0.773419,-1.221105,100311.0000
1764075702395887937,2025-11-25 18:31:42.392,0.691137,2.759510,60.105350,0.047813,0.011561,0.975638,0.370290,-0.054631,9.707664,0.002633,-0.006247,-0.007710,0.483990,0.773942,-1.219201,100309.0000
1764075702496399419,2025-11-25 18:31:42.493,0.690862,2.752497,60.189453,0.046899,0.012356,0.975956,0.320559,0.406412,9.777946,-0.005759,0.001249,-0.022075,0.480118,0.773863,-1.222032,100310.0000
1764075702596323418,2025-11-25 18:31:42.592,0.657336,2.780251,60.274139,0.047516,0.011058,0.976725,0.588721,0.348091,9.805028,-0.002291,-0.003320,-0.016075,0.481091,0.775311,-1.221587,100307.0000
1764075702696698789,2025-11-25 18:31:42.693,0.619417,2.823499,60.315590,0.049880,0.008587,0.979498,0.318279,0.347068,9.756566,-0.009644,0.002539,-0.001561,0.479203,0.777284,-1.218218,100305.0000
1764075702796727104,2025-11-25 18:31:42.793,0.600746,2.831457,60.344666,0.048681,0.007312,0.977050,0.012105,0.172934,9.611461,0.004318,-0.001796,-0.018089,0.480662,0.781102,-1.218779,100304.0000
1764075702896574085,2025-11-25 18:31:42.893,0.599471,2.817860,60.357487,0.050603,0.005695,0.976801,0.448260,0.099814,9.823932,-0.004763,0.001987,0.001626,0.479192,0.775841,-1.218678,100311.0000
1764075702995845696,2025-11-25 18:31:42.992,0.615746,2.792587,60.379745,0.046874,0.010347,0.977767,0.448210,0.318133,9.770309,0.007999,-0.003162,-0.012944,0.478727,0.776825,-1.217241,100302.0000
1764075703095526251,2025-11-25 18:31:43.092,0.630013,2.793172,60.403904,0.048772,0.007795,0.978298,0.462621,-0.188317,9.922635,-0.003501,-0.001250,0.000594,0.480163,0.778224,-1.219210,100303.0000
1764075703195991455,2025-11-25 18:31:43.193,0.649002,2.790611,60.387035,0.049724,0.007952,0.978691,0.652293,-0.025466,9.912273,0.011959,0.006421,0.017237,0.478238,0.778215,-1.219182,100313.0000
1764075703296422900,2025-11-25 18:31:43.293,0.667609,2.770030,60.365234,0.048819,0.012677,0.977201,0.500670,0.243670,9.726983,-0.000500,0.007317,-0.002950,0.479656,0.776270,-1.221099,100310.0000
1764075703396141270,2025-11-25 18:31:43.393,0.664672,2.737502,60.341183,0.048021,0.012220,0.975108,0.251603,0.038753,9.685652,0.002613,0.006485,0.007501,0.480144,0.775347,-1.219647,100315.0000
1764075703496102881,2025-11-25 18:31:43.493,0.644738,2.713372,60.317696,0.047348,0.010704,0.976912,0.293403,-0.038704,9.756414,-0.008542,0.001985,0.009793,0.482090,0.777297,-1.218261,100310.0000
1764075703596563714,2025-11-25 18:31:43.593,0.617006,2.708241,60.281742,0.045214,0.009680,0.977231,0.293036,0.387321,9.576756,0.005659,-0.002296,0.015468,0.482557,0.774433,-1.218224,100312.0000
1764075703695905473,2025-11-25 18:31:43.693,0.598374,2.687518,60.226055,0.049637,0.009124,0.979607,0.190810,0.280947,9.735916,-0.002561,0.005015,0.010898,0.482082,0.776332,-1.218728,100308.0000
1764075703796205140,2025-11-25 18:31:43.793,0.606565,2.660094,60.169563,0.043806,0.008501,0.977042,0.085001,0.177877,9.691273,0.008362,0.001782,0.012193,0.483037,0.777261,-1.220201,100311.0000
1764075703896450640,2025-11-25 18:31:43.893,0.628371,2.671587,60.120399,0.040717,0.009122,0.976883,0.251210,0.014108,9.802226,0.011721,-0.005116,0.012548,0.483982,0.772976,-1.219668,100307.0000
1764075703997276862,2025-11-25 18:31:43.993,0.672787,2.716973,60.079006,0.047303,0.011630,0.979118,0.618178,0.105859,9.844591,0.003870,-0.011012,0.013123,0.484935,0.773428,-1.221134,100310.0000
1764075704095575473,2025-11-25 18:31:44.092,0.707044,2.721961,60.026047,0.049341,0.013517,0.976484,0.467306,0.119697,9.784692,0.005078,0.004468,0.018442,0.483993,0.774419,-1.219208,100308.0000
1764075704196326732,2025-11-25 18:31:44.193,0.699537,2.680863,59.956200,0.049867,0.014240,0.977442,0.376659,0.126413,9.681135,-0.005029,0.007087,0.017596,0.485884,0.773869,-1.223080,100309.0000
1764075704296295084,2025-11-25 18:31:44.293,0.668413,2.620479,59.851925,0.044160,0.013249,0.976663,0.433812,-0.016842,9.689824,0.001896,0.008482,0.029455,0.488780,0.771077,-1.220191,100308.0000
1764075704396066140,2025-11-25 18:31:44.393,0.640394,2.564963,59.755051,0.039445,0.011268,0.977061,0.133612,-0.189160,9.779846,-0.000637,0.003525,0.022737,0.489264,0.772502,-1.220701,100314.0000
1764075704496162121,2025-11-25 18:31:44.493,0.632968,2.565143,59.670563,0.041609,0.010129,0.979064,0.342207,0.162644,9.865963,0.000818,-0.004079,0.006628,0.491184,0.771555,-1.220715,100308.0000
1764075704596614917,2025-11-25 18:31:44.593,0.638392,2.593843,59.586269,0.042037,0.010115,0.977225,0.220268,0.557601,9.553551,0.004662,-0.005824,0.016592,0.491658,0.770124,-1.220700,100309.0000
1764075704696298028,2025-11-25 18:31:44.693,0.648406,2.637637,59.487446,0.042125,0.011847,0.977535,0.137189,0.332134,9.705374,0.004768,-0.009301,0.020393,0.492147,0.770147,-1.219745,100314.0000
1764075704796023565,2025-11-25 18:31:44.793,0.664597,2.680176,59.394035,0.044299,0.012052,0.976192,0.177026,0.135412,9.790436,0.010350,-0.007704,0.023609,0.495031,0.771095,-1.220765,100308.0000
1764075704896147676,2025-11-25 18:31:44.893,0.675536,2.697938,59.322823,0.049096,0.014794,0.977888,0.506094,-0.030118,9.974259,0.000801,0.001441,0.014777,0.494064,0.768722,-1.219751,100313.0000
1764075704996708658,2025-11-25 18:31:44.993,0.663283,2.672651,59.274193,0.046731,0.014268,0.977035,0.418617,0.417040,9.709834,0.002230,-0.005144,0.009499,0.495975,0.768223,-1.221217,100305.0000
1764075705095845047,2025-11-25 18:31:45.093,0.645892,2.663859,59.232841,0.043981,0.010657,0.976819,0.375835,0.282046,9.970572,-0.000069,-0.000158,0.011631,0.498361,0.768183,-1.223659,100312.0000
1764075705195778454,2025-11-25 18:31:45.193,0.654672,2.680036,59.159344,0.045346,0.010501,0.978910,0.312794,0.108569,9.834117,0.008330,0.000767,0.022161,0.499356,0.770159,-1.220814,100305.0000
1764075705296009491,2025-11-25 18:31:45.293,0.662011,2.679002,59.114025,0.044707,0.014979,0.977892,0.333800,0.495669,9.668047,0.003704,0.002328,0.001386,0.496450,0.767737,-1.221698,100307.0000
1764075705396141750,2025-11-25 18:31:45.393,0.667784,2.706095,59.088589,0.046774,0.010095,0.978016,0.529981,0.055336,9.968704,-0.003914,-0.007190,0.014603,0.499326,0.768665,-1.223680,100311.0000
1764075705496268065,2025-11-25 18:31:45.493,0.676385,2.734102,59.053188,0.047638,0.010643,0.976922,0.493234,-0.096702,9.876703,0.000800,-0.004157,0.007287,0.498863,0.767768,-1.220770,100304.0000
1764075705596853380,2025-11-25 18:31:45.593,0.680159,2.716808,59.019596,0.047446,0.012878,0.976545,0.425967,-0.167775,9.820374,0.005026,0.009107,0.008395,0.498851,0.766792,-1.221718,100311.0000
1764075705696410787,2025-11-25 18:31:45.693,0.678688,2.696784,58.980953,0.044141,0.012148,0.977619,0.527245,0.116097,9.895392,0.003983,0.003838,0.013551,0.500793,0.767320,-1.219828,100311.0000
1764075705796188935,2025-11-25 18:31:45.793,0.666183,2.686788,58.935020,0.044834,0.012790,0.977880,0.329056,0.151751,9.645423,-0.000174,-0.000478,0.016389,0.500767,0.765836,-1.222214,100306.0000
1764075705897040824,2025-11-25 18:31:45.893,0.647204,2.696163,58.905731,0.046528,0.013366,0.977445,0.260781,-0.089379,9.758503,0.000917,0.001000,0.002937,0.499334,0.767272,-1.221733,100302.0000
1764075705996912231,2025-11-25 18:31:45.993,0.631221,2.708646,58.889446,0.047156,0.009937,0.976932,0.191556,-0.260303,9.560385,-0.000314,0.007362,0.006541,0.500292,0.764909,-1.220748,100309.0000
1764075706095730509,2025-11-25 18:31:46.092,0.626070,2.698350,58.867920,0.042933,0.010252,0.976357,-0.012584,0.154177,9.630987,0.003106,0.005535,0.004787,0.503679,0.766387,-1.219375,100303.0000
1764075706196603046,2025-11-25 18:31:46.193,0.617244,2.709656,58.878357,0.044901,0.010990,0.976912,0.261663,0.064323,9.733631,-0.001251,-0.007554,-0.004373,0.499816,0.765862,-1.220755,100308.0000
1764075706296885935,2025-11-25 18:31:46.293,0.612140,2.756289,58.917999,0.048034,0.008233,0.977719,0.614125,-0.196416,9.873345,0.003899,-0.008867,-0.005705,0.499799,0.763931,-1.221689,100309.0000
1764075706396286583,2025-11-25 18:31:46.393,0.609548,2.794652,58.930523,0.048024,0.008689,0.977034,0.187535,0.158531,9.616282,0.001951,-0.008007,0.002958,0.497892,0.766798,-1.221223,100307.0000
1764075706496312231,2025-11-25 18:31:46.493,0.610354,2.815670,58.903625,0.052122,0.007393,0.978176,0.758925,-0.190678,9.965622,0.000836,-0.002661,0.000574,0.498372,0.767268,-1.221718,100306.0000
1764075706595989861,2025-11-25 18:31:46.592,0.626236,2.790998,58.854450,0.049534,0.008386,0.977506,0.359854,0.039056,9.896527,0.010376,0.000536,0.012040,0.500302,0.764462,-1.219296,100312.0000
1764075706696693360,2025-11-25 18:31:46.693,0.652350,2.743796,58.797379,0.048446,0.010690,0.978436,0.743369,0.301899,9.973546,0.000461,0.005623,0.006194,0.502193,0.763911,-1.223168,100303.0000
1764075706796691601,2025-11-25 18:31:46.793,0.669167,2.709198,58.730347,0.044252,0.012359,0.976567,0.346325,0.283829,9.716026,0.001123,-0.004808,0.015432,0.503166,0.765359,-1.222723,100304.0000
1764075706897015360,2025-11-25 18:31:46.893,0.660579,2.725847,58.659279,0.044584,0.013797,0.976895,0.576713,0.159199,9.715621,-0.006272,-0.005186,0.009015,0.502671,0.762490,-1.222672,100313.0000
1764075706995986323,2025-11-25 18:31:46.992,0.637418,2.761257,58.593994,0.047783,0.014152,0.976880,0.639976,-0.007835,9.684645,0.002046,-0.004722,0.010638,0.506532,0.762538,-1.221285,100307.0000
1764075707095672101,2025-11-25 18:31:47.093,0.596168,2.789780,58.544987,0.048587,0.011642,0.976558,0.746953,-0.325219,9.854455,-0.008995,-0.007982,0.006766,0.504117,0.762975,-1.222701,100309.0000
1764075707196074027,2025-11-25 18:31:47.193,0.567165,2.812061,58.474037,0.048612,0.007071,0.976442,0.505214,0.137310,9.775155,0.001990,0.001877,0.019375,0.504135,0.762080,-1.219798,100307.0000
1764075707296169953,2025-11-25 18:31:47.293,0.567430,2.805615,58.372524,0.048337,0.007441,0.978335,0.270772,0.295239,9.673343,0.000187,0.004402,0.009847,0.503638,0.759679,-1.220236,100304.0000
1764075707396626693,2025-11-25 18:31:47.393,0.578855,2.795769,58.259075,0.049554,0.009864,0.979610,0.241733,0.299477,9.678678,0.007397,0.004139,0.024063,0.506046,0.760168,-1.220279,100305.0000
1764075707497178249,2025-11-25 18:31:47.492,0.588374,2.774174,58.132294,0.049071,0.009719,0.979200,0.234673,0.165248,9.757080,0.004079,0.009373,0.019697,0.506998,0.758729,-1.220752,100305.0000
1764075707596165619,2025-11-25 18:31:47.593,0.600213,2.731735,58.011066,0.049376,0.012140,0.977873,0.235063,0.482439,9.670389,0.009585,0.013246,0.022061,0.512294,0.760176,-1.221334,100314.0000
1764075707696816527,2025-11-25 18:31:47.693,0.611447,2.685909,57.919395,0.046025,0.010850,0.974934,0.737797,0.066356,9.847627,0.006403,0.012555,0.007285,0.509910,0.756923,-1.216433,100311.0000
1764075707796379749,2025-11-25 18:31:47.792,0.633255,2.667451,57.837673,0.044026,0.008380,0.974525,0.724167,-0.279801,9.850715,0.003501,-0.001574,0.028755,0.513238,0.757304,-1.221786,100314.0000
1764075707896567119,2025-11-25 18:31:47.893,0.662694,2.705745,57.768108,0.043595,0.013073,0.976844,0.367432,-0.185733,9.595418,0.003667,-0.006715,-0.000712,0.513245,0.757324,-1.220823,100311.0000
1764075707995940323,2025-11-25 18:31:47.992,0.675466,2.793266,57.744286,0.044650,0.013835,0.977167,0.403847,0.326118,9.669382,-0.002389,-0.016374,0.006721,0.512752,0.756346,-1.221764,100308.0000
1764075708095514415,2025-11-25 18:31:48.093,0.662031,2.904225,57.758888,0.049080,0.012249,0.976889,0.271494,-0.127608,9.519938,0.003471,-0.027033,0.001147,0.513213,0.755352,-1.223682,100309.0000
1764075708195782211,2025-11-25 18:31:48.193,0.632586,3.020352,57.793892,0.055749,0.011892,0.978504,0.271114,-0.206994,9.754995,-0.006090,-0.018300,-0.009094,0.512753,0.755879,-1.221275,100307.0000
1764075708296453989,2025-11-25 18:31:48.293,0.611453,3.038028,57.843140,0.062536,0.007764,0.979429,0.922078,0.268152,10.050637,0.001972,0.006379,-0.009380,0.510366,0.757332,-1.219817,100303.0000
1764075708395555693,2025-11-25 18:31:48.392,0.617037,2.939747,57.883278,0.056457,0.005139,0.977536,0.591590,0.243363,9.736901,0.000120,0.015710,0.008675,0.509870,0.755876,-1.220751,100307.0000
1764075708496202026,2025-11-25 18:31:48.493,0.626786,2.840922,57.937450,0.049271,0.008604,0.976207,0.568429,0.040475,9.836246,0.004335,0.010863,0.002525,0.512286,0.757798,-1.220816,100307.0000
1764075708595868267,2025-11-25 18:31:48.593,0.629738,2.805992,58.020390,0.043721,0.011164,0.976165,0.439526,0.190961,9.818255,0.000258,-0.006866,-0.010276,0.509899,0.757838,-1.218373,100313.0000
1764075708695484248,2025-11-25 18:31:48.693,0.612881,2.786359,58.151249,0.044895,0.009912,0.980279,0.153433,-0.147479,9.722094,-0.008426,0.017460,-0.032105,0.509399,0.757785,-1.220773,100312.0000
1764075708795949655,2025-11-25 18:31:48.793,0.585770,2.476140,58.418205,0.045565,0.007002,0.983406,0.551350,-0.085013,9.896250,-0.001433,0.083098,-0.063895,0.508964,0.760263,-1.216470,100306.0000
1764075708896647100,2025-11-25 18:31:48.893,0.543068,1.806823,58.888294,0.028144,0.002295,0.984030,0.047012,0.060716,9.749130,-0.008727,0.138709,-0.089502,0.511881,0.763183,-1.214631,100311.0000
1764075708997299655,2025-11-25 18:31:48.993,0.500419,1.044170,59.502903,-0.009623,-0.000451,0.980256,-0.265766,0.119833,9.943368,-0.004941,0.120001,-0.119160,0.512923,0.766226,-1.206506,100307.0000
1764075709095918637,2025-11-25 18:31:49.092,0.465766,0.364387,60.276073,-0.034068,-0.003414,0.981834,-0.835561,-0.273275,9.724252,0.000177,0.088599,-0.144154,0.509115,0.775275,-1.207070,100303.0000
1764075709196425100,2025-11-25 18:31:49.192,0.421056,-0.070819,61.181339,-0.046410,-0.004937,0.980688,-0.353264,-0.153595,9.936828,-0.008840,0.050071,-0.171977,0.502439,0.778700,-1.201726,100309.0000
1764075709296612822,2025-11-25 18:31:49.293,0.360458,-0.415036,62.125904,-0.046639,-0.010542,0.982467,-0.650938,-0.029874,9.921127,0.000345,0.065598,-0.158150,0.493324,0.782501,-1.200687,100306.0000
1764075709395905414,2025-11-25 18:31:49.392,0.300855,-0.957971,63.176991,-0.065241,-0.016723,0.978317,-0.952663,-1.913035,9.293343,-0.009586,0.113673,-0.181456,0.485190,0.787769,-1.198240,100309.0000
1764075709496833748,2025-11-25 18:31:49.493,0.312755,-1.646378,64.486076,-0.111676,-0.014686,0.974224,-2.471795,-0.954042,9.207767,0.025916,0.120577,-0.251195,0.478506,0.792120,-1.194355,100307.0000
1764075709596100711,2025-11-25 18:31:49.592,0.422920,-2.173734,66.054916,-0.131290,-0.011240,0.977539,-1.156173,0.963161,10.084702,0.057158,0.070723,-0.291414,0.463657,0.803070,-1.192858,100303.0000
1764075709696333766,2025-11-25 18:31:49.693,0.568483,-2.022269,67.649368,-0.138034,-0.010823,0.966855,-1.662241,-1.052657,9.408002,0.027993,-0.087805,-0.255988,0.441508,0.806700,-1.196922,100309.0000
1764075709796311173,2025-11-25 18:31:49.793,0.680806,-1.379531,69.276367,-0.107653,0.006341,0.971250,-1.489318,-0.423633,9.404330,0.007987,-0.146368,-0.291393,0.415026,0.811246,-1.201899,100313.0000
1764075709896429673,2025-11-25 18:31:49.893,0.660137,-0.456737,70.968826,-0.068512,0.014640,0.965526,-1.356906,-0.473433,9.498221,-0.009717,-0.182095,-0.301741,0.386657,0.821068,-1.205485,100301.0000
1764075709996324229,2025-11-25 18:31:49.993,0.533889,0.557561,72.724945,-0.027244,0.007780,0.964886,0.638197,-0.127189,9.940567,-0.026784,-0.186788,-0.308624,0.351063,0.826122,-1.206964,100305.0000
1764075710096080192,2025-11-25 18:31:50.092,0.443494,1.499020,74.432899,0.011735,-0.014224,0.969165,0.380752,-0.014230,9.807632,-0.004214,-0.148701,-0.286975,0.321722,0.831671,-1.209025,100310.0000
1764075710195993025,2025-11-25 18:31:50.193,0.475431,2.093428,76.087029,0.044375,-0.019790,0.977731,0.894992,-0.650350,9.886456,0.002003,-0.060574,-0.287590,0.290923,0.834348,-1.211021,100311.0000
1764075710296844932,2025-11-25 18:31:50.293,0.625863,2.177883,77.707298,0.058026,-0.013372,0.987893,0.427108,-0.140286,9.723645,0.017766,0.035880,-0.283529,0.270731,0.839959,-1.212254,100307.0000
1764075710395818562,2025-11-25 18:31:50.393,0.784070,1.840574,79.331360,0.047532,0.001285,0.988108,0.087980,0.369015,9.857264,0.012079,0.080399,-0.277116,0.255337,0.838954,-1.211049,100307.0000
1764075710495948803,2025-11-25 18:31:50.493,0.853134,1.250885,80.969109,0.031693,0.008647,0.990295,-0.223102,0.024819,9.826691,-0.004765,0.105521,-0.291765,0.238030,0.841743,-1.210837,100309.0000
1764075710596330543,2025-11-25 18:31:50.593,0.798118,0.620069,82.692825,0.009398,0.014703,0.988535,0.535117,0.736730,9.947069,-0.019829,0.090959,-0.310660,0.222663,0.844580,-1.208728,100312.0000
1764075710696481803,2025-11-25 18:31:50.693,0.623595,0.132797,84.516121,-0.013693,0.008699,0.979099,-0.345875,0.057117,9.629132,-0.032564,0.053417,-0.327695,0.204408,0.847872,-1.207065,100304.0000
1764075710795523099,2025-11-25 18:31:50.792,0.423857,-0.059501,86.412621,-0.022501,-0.004109,0.975424,0.088089,-0.503532,9.884139,-0.023306,0.003297,-0.335612,0.180846,0.846862,-1.204294,100301.0000
1764075710896578173,2025-11-25 18:31:50.892,0.282601,0.050822,88.361458,-0.022146,-0.011114,0.969323,-0.059476,-0.486234,9.733688,-0.018408,-0.038529,-0.350857,0.156347,0.848744,-1.200110,100315.0000
1764075710997117617,2025-11-25 18:31:50.992,0.251222,0.377303,90.312241,-0.010361,-0.016144,0.969010,-0.033639,-0.409843,9.619126,0.007601,-0.061051,-0.332241,0.122636,0.847099,-1.202478,100313.0000
1764075711095698450,2025-11-25 18:31:51.092,0.326549,0.734289,92.253723,0.006142,-0.011227,0.973863,0.225456,-0.777281,9.894352,0.018686,-0.053382,-0.340949,0.096167,0.846492,-1.202561,100309.0000
1764075711197212858,2025-11-25 18:31:51.193,0.463883,0.958186,94.155823,0.020681,-0.008437,0.976887,0.247818,-0.408510,9.738972,0.022599,-0.024329,-0.322606,0.070148,0.842035,-1.204037,100315.0000
1764075711296024654,2025-11-25 18:31:51.293,0.610368,0.987421,95.972977,0.025175,-0.000134,0.982600,0.053463,0.097408,9.774779,0.019600,0.003153,-0.311935,0.045087,0.835215,-1.204527,100310.0000
1764075711396000061,2025-11-25 18:31:51.393,0.733205,0.845674,97.661461,0.019958,-0.000232,0.983936,0.056448,0.070044,9.825400,0.017728,0.028646,-0.279441,0.025315,0.829353,-1.206073,100311.0000
1764075711496530432,2025-11-25 18:31:51.493,0.814198,0.644960,99.238083,0.007499,0.006920,0.983285,0.342705,-0.106381,9.936096,0.011170,0.025536,-0.268527,0.007479,0.824944,-1.207188,100305.0000
1764075711596238191,2025-11-25 18:31:51.592,0.832821,0.506325,100.736526,-0.002772,0.010770,0.982020,-0.043474,-0.004175,9.873158,-0.010447,0.019719,-0.252780,-0.011778,0.821056,-1.205882,100308.0000
1764075711697003246,2025-11-25 18:31:51.693,0.776857,0.418889,102.146027,-0.007498,0.012725,0.980617,-0.285293,-0.056052,9.685595,-0.019120,0.004821,-0.234796,-0.030096,0.815699,-1.206494,100310.0000
1764075711796640172,2025-11-25 18:31:51.793,0.676821,0.516075,103.439026,-0.009864,0.006633,0.973857,-0.128324,0.199424,9.648618,-0.013735,-0.053096,-0.208232,-0.046451,0.811865,-1.203305,100312.0000
1764075711896872931,2025-11-25 18:31:51.893,0.582876,0.897184,104.572517,0.006553,0.006344,0.971852,0.355538,0.043493,9.823852,-0.018144,-0.086170,-0.185126,-0.062348,0.807973,-1.203012,100306.0000
1764075711997172617,2025-11-25 18:31:51.992,0.533522,1.470882,105.548599,0.028295,0.001647,0.968415,0.377311,0.081575,9.711637,-0.013340,-0.124495,-0.160210,-0.082528,0.803715,-1.196389,100309.0000
1764075712095674265,2025-11-25 18:31:52.092,0.526012,2.204775,106.371964,0.063552,-0.002796,0.970412,1.166599,-0.582789,9.872652,-0.002652,-0.129124,-0.129558,-0.097451,0.801270,-1.195651,100309.0000
1764075712196815339,2025-11-25 18:31:52.193,0.541343,2.781174,107.043327,0.097623,-0.000755,0.977714,0.935047,-0.129869,9.651197,0.011067,-0.072317,-0.097375,-0.111897,0.795992,-1.193431,100313.0000
1764075712295919542,2025-11-25 18:31:52.293,0.554461,3.183685,107.735535,0.112360,0.010214,0.975573,1.356437,-0.070153,9.853710,-0.006308,-0.067201,-0.134570,-0.124880,0.792183,-1.189811,100304.0000
1764075712395920116,2025-11-25 18:31:52.393,0.552372,3.608940,108.594902,0.124719,0.006813,0.977806,1.476826,-0.167161,9.823767,-0.015500,-0.078831,-0.155512,-0.139789,0.788833,-1.186651,100303.0000
1764075712496576005,2025-11-25 18:31:52.493,0.545910,3.913848,109.470772,0.141273,0.000579,0.979575,1.487905,-0.423089,9.500264,-0.003892,-0.040394,-0.132289,-0.152322,0.784945,-1.186889,100301.0000
1764075712596356172,2025-11-25 18:31:52.592,0.520474,4.055000,110.263145,0.145327,0.005829,0.975093,1.735545,0.259074,9.658881,-0.018216,-0.014065,-0.132492,-0.162899,0.781148,-1.183304,100303.0000
1764075712696083616,2025-11-25 18:31:52.693,0.496622,4.062767,110.955971,0.143962,-0.001706,0.970426,1.268467,0.046765,9.721854,-0.009925,0.006971,-0.109595,-0.171083,0.780156,-1.183169,100304.0000
1764075712796093042,2025-11-25 18:31:52.793,0.489507,3.957031,111.571617,0.134708,-0.005997,0.966864,1.297595,-0.233889,9.859061,-0.006552,0.015786,-0.098447,-0.179301,0.772476,-1.182930,100318.0000
1764075712896075968,2025-11-25 18:31:52.893,0.493440,3.821321,112.119217,0.127937,-0.001993,0.965868,1.312443,-0.059175,9.666520,-0.000869,0.019775,-0.095018,-0.184626,0.769068,-1.184727,100307.0000
1764075712996249412,2025-11-25 18:31:52.993,0.498576,3.771546,112.599091,0.114540,0.000006,0.969129,1.317927,-0.415710,9.993087,-0.011028,-0.012911,-0.091134,-0.187014,0.768163,-1.181788,100301.0000
1764075713095777449,2025-11-25 18:31:53.092,0.510818,3.841758,113.030258,0.116733,0.001660,0.973387,1.066876,-0.448905,9.983952,-0.001616,-0.004437,-0.060268,-0.195688,0.766203,-1.182112,100305.0000
1764075713196669134,2025-11-25 18:31:53.193,0.517497,3.778538,113.448250,0.110795,0.007072,0.977873,0.573532,0.016881,9.454454,-0.008936,0.030457,-0.084136,-0.197168,0.759499,-1.182470,100308.0000
1764075713296550394,2025-11-25 18:31:53.293,0.525549,3.454598,113.857368,0.099559,0.005714,0.979593,0.674850,0.088253,9.811401,-0.008825,0.075993,-0.077437,-0.201037,0.757073,-1.183339,100310.0000
1764075713396441782,2025-11-25 18:31:53.393,0.520161,2.939133,114.246071,0.077121,0.005251,0.980456,0.539119,0.338519,9.843153,-0.004924,0.093129,-0.070795,-0.202029,0.758877,-1.188168,100313.0000
1764075713496033801,2025-11-25 18:31:53.493,0.509437,2.414021,114.621231,0.051341,0.002319,0.980390,0.534444,-0.017819,9.796116,0.000897,0.081825,-0.064762,-0.199644,0.755534,-1.188634,100305.0000
1764075713595709838,2025-11-25 18:31:53.592,0.487617,2.038069,114.966576,0.027741,0.003424,0.977340,-0.081212,-0.764617,9.444599,-0.003066,0.045594,-0.058720,-0.199665,0.755005,-1.191033,100308.0000
1764075713696573893,2025-11-25 18:31:53.693,0.461502,1.901693,115.292625,0.021134,0.004442,0.978066,0.452938,0.142838,9.848208,-0.006084,-0.001144,-0.054346,-0.202585,0.750663,-1.192368,100317.0000
1764075713796406190,2025-11-25 18:31:53.793,0.431895,1.964409,115.602959,0.025494,0.002939,0.975492,0.310841,0.424923,9.767644,-0.003625,-0.029256,-0.047860,-0.206922,0.750155,-1.192778,100309.0000
1764075713896151856,2025-11-25 18:31:53.892,0.413891,2.123175,115.935425,0.035491,0.001350,0.976829,0.407880,-0.637687,9.726857,-0.002237,-0.029795,-0.062596,-0.208844,0.748267,-1.191277,100307.0000
1764075713997136245,2025-11-25 18:31:53.993,0.410687,2.300764,116.302017,0.045840,0.004729,0.977493,0.839786,-0.347068,10.028743,0.001861,-0.022953,-0.066852,-0.217004,0.746868,-1.187764,100303.0000
1764075714095841449,2025-11-25 18:31:54.092,0.404337,2.393747,116.715584,0.051723,0.005040,0.977997,0.596780,-0.727483,9.781836,-0.012003,-0.001607,-0.080319,-0.223758,0.742549,-1.187117,100305.0000
1764075714196508263,2025-11-25 18:31:54.193,0.407249,2.363377,117.177979,0.051499,-0.000773,0.976693,0.302997,0.737752,9.627093,0.004793,0.008338,-0.080733,-0.227643,0.737724,-1.188432,100309.0000
1764075714296511708,2025-11-25 18:31:54.293,0.411747,2.239458,117.690804,0.048149,0.005678,0.980589,0.243104,1.023523,9.723793,-0.015153,0.022453,-0.103644,-0.231513,0.735766,-1.189789,100302.0000
1764075714396399356,2025-11-25 18:31:54.393,0.415774,2.099510,118.241051,0.040289,-0.006663,0.979406,0.562314,-0.431654,9.877815,0.009797,0.017399,-0.084240,-0.235874,0.731895,-1.191111,100303.0000
1764075714496714504,2025-11-25 18:31:54.493,0.415430,2.014287,118.803711,0.036310,-0.000442,0.979057,0.310522,0.344348,9.899283,0.002081,0.009738,-0.087702,-0.243584,0.730417,-1.191456,100307.0000
1764075714596613800,2025-11-25 18:31:54.593,0.406365,1.977359,119.395340,0.033299,0.003690,0.977170,0.351541,-0.484425,9.848195,-0.004272,-0.002245,-0.121330,-0.247943,0.724665,-1.191304,100313.0000
1764075714696688893,2025-11-25 18:31:54.693,0.392061,2.009195,120.004089,0.032012,-0.006472,0.976055,0.379126,-0.475605,9.836824,0.000182,-0.011861,-0.095314,-0.254697,0.721759,-1.191642,100313.0000
1764075714796190819,2025-11-25 18:31:54.793,0.383974,2.079206,120.605980,0.035949,-0.001616,0.976525,0.608036,0.667996,9.878107,0.003990,-0.014424,-0.105773,-0.260960,0.715582,-1.188566,100305.0000
1764075714895800689,2025-11-25 18:31:54.893,0.372000,2.155611,121.214142,0.038646,0.000817,0.976628,0.336041,0.034101,9.634287,-0.012930,-0.007588,-0.116815,-0.269654,0.708855,-1.188336,100313.0000
1764075714995937022,2025-11-25 18:31:54.992,0.356661,2.210050,121.863632,0.038977,-0.002448,0.977699,0.375048,-0.917460,9.713878,-0.004407,-0.005073,-0.120739,-0.275896,0.706033,-1.184830,100312.0000
1764075715095473337,2025-11-25 18:31:55.093,0.355265,2.233860,122.551994,0.038058,-0.004587,0.976969,0.297481,-0.456860,9.603467,-0.002927,-0.006241,-0.116931,-0.284117,0.700701,-1.186554,100303.0000
1764075715195578985,2025-11-25 18:31:55.192,0.385588,2.255677,123.244507,0.039809,-0.005511,0.977229,0.395356,0.497580,9.831868,0.010452,-0.001092,-0.116530,-0.289452,0.694436,-1.187824,100307.0000
1764075715296032966,2025-11-25 18:31:55.293,0.430711,2.276036,123.914413,0.038812,-0.000503,0.977078,0.040678,0.742642,9.852412,-0.004282,-0.002766,-0.119226,-0.301482,0.691079,-1.185670,100307.0000
1764075715396449855,2025-11-25 18:31:55.393,0.462529,2.326156,124.580429,0.036507,-0.002516,0.977552,0.066117,-0.810770,9.671757,0.008384,-0.014528,-0.118400,-0.307784,0.682443,-1.185927,100307.0000
1764075715499157392,2025-11-25 18:31:55.493,0.455195,2.395398,125.256058,0.041411,0.001899,0.979342,0.393280,0.182102,9.756994,0.004586,-0.009902,-0.103803,-0.312150,0.677616,-1.187234,100311.0000
1764075715596312559,2025-11-25 18:31:55.593,0.405211,2.461450,125.926521,0.044010,0.004892,0.978706,0.381973,0.170396,9.837531,-0.023150,-0.006375,-0.118264,-0.321296,0.673794,-1.185115,100309.0000
1764075715695982874,2025-11-25 18:31:55.693,0.355892,2.497179,126.564857,0.046967,-0.009821,0.978069,0.431086,-0.901093,9.698906,-0.004759,0.001988,-0.097564,-0.327094,0.668046,-1.184460,100305.0000
1764075715795940281,2025-11-25 18:31:55.793,0.332244,2.483797,127.182854,0.046177,-0.002081,0.977396,0.601554,0.321584,9.963910,-0.007538,0.009865,-0.111093,-0.332871,0.662827,-1.181406,100307.0000
1764075715896754281,2025-11-25 18:31:55.893,0.339020,2.457654,127.804550,0.042950,-0.003929,0.976978,0.604445,-1.027394,9.855762,-0.003855,0.006292,-0.116052,-0.338183,0.658982,-1.181269,100307.0000
1764075715996527873,2025-11-25 18:31:55.992,0.372451,2.437626,128.398315,0.040425,-0.007511,0.977068,0.451036,-0.432003,9.769730,0.011893,0.002783,-0.091258,-0.345006,0.650709,-1.186821,100309.0000
1764075716095495188,2025-11-25 18:31:56.093,0.403668,2.440595,128.960251,0.043007,0.006447,0.979519,0.621631,0.165517,10.052704,-0.004560,0.000378,-0.109705,-0.350298,0.645502,-1.183293,100301.0000
1764075716196701688,2025-11-25 18:31:56.193,0.417482,2.452791,129.524460,0.044346,-0.000923,0.978171,0.934345,-0.735677,9.947938,0.003649,-0.002299,-0.099052,-0.354655,0.641641,-1.184133,100315.0000
1764075716295987262,2025-11-25 18:31:56.293,0.410885,2.480450,130.083740,0.043536,0.005430,0.978409,0.730127,0.227156,10.146918,-0.014799,-0.008695,-0.106919,-0.361410,0.636377,-1.182990,100309.0000
1764075716395935003,2025-11-25 18:31:56.393,0.402716,2.503482,130.636108,0.044387,-0.003519,0.975994,0.325940,-0.847898,9.554516,-0.001653,-0.007818,-0.093095,-0.365277,0.631125,-1.181890,100305.0000
1764075716496354447,2025-11-25 18:31:56.493,0.409820,2.496097,131.167984,0.046296,0.003143,0.978014,0.344127,0.857935,9.769626,-0.002484,-0.001813,-0.096237,-0.367217,0.627305,-1.181322,100311.0000
1764075716595881318,2025-11-25 18:31:56.593,0.416503,2.464967,131.707123,0.046406,0.001900,0.977717,0.661104,0.370817,9.787389,-0.001974,0.007699,-0.093844,-0.375916,0.621981,-1.182557,100308.0000
1764075716696001947,2025-11-25 18:31:56.693,0.412481,2.432233,132.255737,0.041571,0.002605,0.978494,0.188347,-0.024411,9.926011,-0.003256,-0.002554,-0.089769,-0.379303,0.618145,-1.182449,100304.0000
1764075716796414780,2025-11-25 18:31:56.793,0.396869,2.424076,132.782944,0.044395,0.001432,0.978801,0.690118,0.066322,9.921253,-0.005641,0.006202,-0.087874,-0.384141,0.612869,-1.182297,100307.0000
1764075716896339817,2025-11-25 18:31:56.893,0.369863,2.415431,133.277405,0.044903,0.003147,0.977889,0.653265,0.314826,9.846920,-0.009241,0.005316,-0.091717,-0.387519,0.608585,-1.180737,100311.0000
1764075716997310465,2025-11-25 18:31:56.993,0.350069,2.376971,127.719879,0.042501,-0.002481,0.976426,0.226373,-0.168364,9.724547,-0.001616,0.007636,-0.062921,-0.389468,0.605212,-1.181620,100307.0000
1764075717095841651,2025-11-25 18:31:57.092,0.351347,2.322571,113.100578,0.038665,-0.000299,0.977379,0.377023,0.203189,9.651328,-0.000799,0.012958,-0.069944,-0.394781,0.601835,-1.181972,100305.0000
1764075717196315854,2025-11-25 18:31:57.193,0.363683,2.270372,108.935631,0.034948,0.003119,0.976778,0.651071,0.029013,9.797053,0.003446,0.004804,-0.057579,-0.397699,0.597970,-1.183315,100307.0000
1764075717296677669,2025-11-25 18:31:57.293,0.380706,2.238272,109.246941,0.032223,0.003367,0.978414,0.174760,0.109491,9.759966,0.007524,0.000274,-0.047803,-0.397228,0.592758,-1.181316,100307.0000
1764075717396634743,2025-11-25 18:31:57.393,0.399252,2.260455,109.530510,0.035231,0.006228,0.980315,0.127811,0.119640,9.921328,0.004122,-0.010586,-0.064460,-0.404456,0.587512,-1.179203,100311.0000
1764075717496082298,2025-11-25 18:31:57.493,0.409251,2.309692,109.791794,0.037541,0.007147,0.978874,0.403005,0.008529,9.763551,0.004888,-0.011674,-0.052354,-0.405445,0.586023,-1.181574,100315.0000
1764075717596159002,2025-11-25 18:31:57.593,0.397598,2.343026,110.045479,0.042701,0.008325,0.977533,0.611271,-0.085218,9.859483,-0.009272,-0.005154,-0.049238,-0.410751,0.581721,-1.180467,100309.0000
1764075717696125021,2025-11-25 18:31:57.693,0.369379,2.325506,110.275345,0.044027,0.005553,0.976234,0.734724,0.039751,9.895246,-0.002976,0.011950,-0.041192,-0.411715,0.580772,-1.179957,100307.0000
1764075717796444539,2025-11-25 18:31:57.792,0.339742,2.248646,110.453186,0.038916,0.006298,0.976531,0.522014,0.139795,9.780651,-0.008250,0.017307,-0.035332,-0.410794,0.575481,-1.181816,100307.0000
1764075717896252632,2025-11-25 18:31:57.892,0.315542,2.153305,110.597748,0.032501,0.005527,0.976794,0.305280,0.060476,9.802264,-0.001894,0.021083,-0.031243,-0.412698,0.578826,-1.181357,100309.0000
1764075717996370280,2025-11-25 18:31:57.992,0.313152,2.085677,110.715103,0.029429,0.005685,0.979149,0.216966,0.042825,9.937625,0.004660,0.003982,-0.021788,-0.413710,0.573506,-1.184151,100307.0000
1764075718095567039,2025-11-25 18:31:58.093,0.318446,2.073118,110.816559,0.028807,0.006077,0.980285,0.315870,0.138489,9.926063,-0.001597,-0.008539,-0.022069,-0.416111,0.574451,-1.184130,100307.0000
1764075718195906483,2025-11-25 18:31:58.193,0.320313,2.102746,110.904289,0.032512,0.009761,0.980012,0.222399,0.177130,9.849385,-0.002248,-0.007185,-0.020114,-0.417070,0.573511,-1.183138,100304.0000
1764075718296387891,2025-11-25 18:31:58.293,0.317313,2.126908,110.979332,0.037189,0.009707,0.977703,0.518484,0.009080,9.791409,0.002445,0.000880,-0.013466,-0.417087,0.570168,-1.183087,100301.0000
1764075718396176279,2025-11-25 18:31:58.393,0.299345,2.137211,111.033722,0.037022,0.008077,0.975752,0.488380,0.162939,9.697729,-0.002032,-0.000310,-0.011525,-0.418501,0.572123,-1.180688,100312.0000
1764075718496589316,2025-11-25 18:31:58.492,0.278489,2.116087,111.057724,0.037755,0.006770,0.976462,0.175066,-0.061275,9.789175,-0.002446,0.006943,-0.000100,-0.416574,0.571196,-1.179740,100311.0000
1764075718596577057,2025-11-25 18:31:58.593,0.268782,2.044883,111.050423,0.036401,0.010538,0.977225,0.499081,0.337344,9.654890,0.005849,0.018929,-0.014848,-0.419016,0.570149,-1.183540,100309.0000
1764075718695987501,2025-11-25 18:31:58.692,0.284779,1.979156,111.036499,0.028801,0.005416,0.977765,0.221620,-0.329883,9.841734,0.005110,0.005582,-0.003626,-0.416607,0.570637,-1.183583,100313.0000
1764075718797770816,2025-11-25 18:31:58.793,0.311201,1.962344,111.022018,0.027428,0.012810,0.979705,0.170930,0.369548,9.697474,0.011561,-0.011213,-0.001724,-0.419019,0.570139,-1.184022,100307.0000
1764075718896395798,2025-11-25 18:31:58.892,0.321556,1.984576,110.979050,0.030219,0.012027,0.979033,0.318674,-0.091835,9.906268,-0.003021,-0.009295,0.006369,-0.416617,0.568727,-1.183554,100303.0000
1764075718996941298,2025-11-25 18:31:58.992,0.310233,2.021039,110.915649,0.033441,0.012127,0.978960,0.136361,0.144342,9.831892,0.007575,-0.006672,0.014368,-0.418052,0.568740,-1.182570,100310.0000
1764075719095645520,2025-11-25 18:31:59.092,0.294582,2.045996,110.837715,0.036354,0.011798,0.975654,0.802124,0.629177,9.728080,-0.000806,-0.001989,0.006047,-0.416612,0.569682,-1.183568,100307.0000
1764075719196595723,2025-11-25 18:31:59.193,0.294356,2.041152,110.738243,0.033560,0.010919,0.976759,0.483801,0.241159,9.722004,-0.001879,0.004903,0.010375,-0.415169,0.571101,-1.184574,100307.0000
1764075719296564112,2025-11-25 18:31:59.293,0.297564,2.013064,110.624535,0.032119,0.011576,0.978574,0.142547,-0.139219,9.822360,0.001239,0.011208,0.011420,-0.415148,0.573042,-1.183159,100307.0000
1764075719396921242,2025-11-25 18:31:59.393,0.302696,1.986885,110.484299,0.030351,0.011088,0.979204,0.069040,-0.290451,9.883665,0.006787,0.001936,0.024261,-0.414686,0.570636,-1.184093,100313.0000
1764075719497207631,2025-11-25 18:31:59.493,0.303572,1.982688,110.329803,0.029172,0.013087,0.979413,0.426395,0.044992,9.941796,0.008184,-0.006015,0.023396,-0.410320,0.576408,-1.183282,100310.0000
1764075719595969168,2025-11-25 18:31:59.593,0.297436,1.983611,110.141800,0.031646,0.013893,0.978821,0.306438,-0.088725,9.759443,0.005285,0.000638,0.030299,-0.411287,0.577806,-1.184734,100312.0000
1764075719696924927,2025-11-25 18:31:59.693,0.281973,1.989425,109.920853,0.029921,0.012969,0.977871,0.397290,0.015344,9.829762,0.001494,-0.003737,0.040288,-0.410308,0.578796,-1.183318,100312.0000
1764075719796106816,2025-11-25 18:31:59.793,0.276666,1.999208,109.690834,0.031933,0.013401,0.976974,0.264921,-0.061647,9.861654,0.001423,-0.002307,0.036440,-0.409356,0.579715,-1.185273,100311.0000
1764075719887018241,2025-11-25 18:31:59.884,0.285502,2.006952,109.478462,0.033379,0.014750,0.976379,0.299343,0.454829,9.785345,0.010640,-0.007342,0.028639,-0.406922,0.583100,-1.183916,100310.0000
1764075719996857778,2025-11-25 18:31:59.993,0.297902,2.030365,109.273026,0.033770,0.013854,0.977252,0.744191,0.285860,9.789117,0.004783,-0.006513,0.028753,-0.405956,0.583115,-1.183449,100307.0000
1764075720095742575,2025-11-25 18:32:00.093,0.308253,2.084798,109.032448,0.033671,0.014755,0.977871,0.348666,0.658178,9.747256,0.005124,-0.012764,0.037580,-0.404503,0.585032,-1.183499,100307.0000
1764075720197031760,2025-11-25 18:32:00.193,0.307411,2.103122,108.756081,0.037348,0.015076,0.979254,0.292975,0.335301,9.844470,0.001978,-0.001913,0.045586,-0.402090,0.586476,-1.183557,100303.0000
1764075720296253315,2025-11-25 18:32:00.293,0.294616,2.077954,108.473770,0.037441,0.016610,0.977261,0.119989,0.392800,9.720633,0.000629,0.000122,0.045816,-0.400631,0.591238,-1.184614,100311.0000
1764075720396204167,2025-11-25 18:32:00.393,0.271690,2.031296,108.206924,0.037710,0.015849,0.978297,0.312415,-0.031226,9.696200,0.004546,0.011224,0.040419,-0.397273,0.590755,-1.185619,100305.0000
1764075720496059704,2025-11-25 18:32:00.493,0.243102,1.985530,107.938622,0.033576,0.012170,0.977992,0.270672,0.089880,9.809295,0.000952,0.005881,0.056368,-0.396280,0.596025,-1.185233,100311.0000
1764075720596370093,2025-11-25 18:32:00.592,0.229964,1.958414,107.651306,0.033520,0.013696,0.978603,0.309088,-0.279931,9.932231,0.005745,0.000590,0.050435,-0.391955,0.596501,-1.186267,100307.0000
1764075720696622852,2025-11-25 18:32:00.693,0.237171,1.941818,107.351700,0.032206,0.015156,0.977619,0.135783,-0.168806,9.844595,0.005431,-0.004153,0.044544,-0.392890,0.601284,-1.185844,100309.0000
1764075720795817871,2025-11-25 18:32:00.792,0.240317,1.921996,107.078682,0.033582,0.015917,0.978034,0.311640,-0.253740,9.899604,-0.003535,-0.003581,0.039721,-0.389525,0.602234,-1.186872,100309.0000
1764075720896374852,2025-11-25 18:32:00.893,0.238212,1.915340,106.838371,0.034819,0.017883,0.977862,0.433857,-0.094930,9.905714,0.001219,-0.001857,0.031142,-0.383721,0.605167,-1.185076,100301.0000
1764075720995374870,2025-11-25 18:32:00.992,0.226084,1.935326,106.606934,0.032640,0.013152,0.977100,0.369671,-0.296217,9.924440,-0.002615,-0.008699,0.035767,-0.383717,0.607535,-1.186075,100313.0000
1764075721095355796,2025-11-25 18:32:01.092,0.223594,1.970540,106.383636,0.034599,0.014481,0.977720,0.218516,-0.146208,9.755772,0.000278,-0.002195,0.021882,-0.384667,0.608506,-1.185112,100307.0000
1764075721196184907,2025-11-25 18:32:01.192,0.215801,2.017366,106.182350,0.036750,0.014540,0.977772,0.232428,-0.235245,9.677254,-0.001759,-0.009578,0.024914,-0.381289,0.610432,-1.185192,100307.0000
1764075721296165037,2025-11-25 18:32:01.293,0.192582,2.063622,105.979675,0.039259,0.012604,0.977048,0.112163,0.009722,9.672031,-0.007434,-0.004074,0.025058,-0.382254,0.612308,-1.186651,100307.0000
1764075721396002037,2025-11-25 18:32:01.393,0.173048,2.098371,105.757729,0.040284,0.011441,0.978269,0.400572,0.181171,9.739037,-0.002713,-0.002995,0.029488,-0.378880,0.611866,-1.185730,100304.0000
1764075721496637444,2025-11-25 18:32:01.493,0.171669,2.112953,105.513092,0.041110,0.010453,0.978438,0.811770,0.695823,9.785196,-0.000474,0.001864,0.033306,-0.381274,0.611885,-1.184251,100307.0000
1764075721596819037,2025-11-25 18:32:01.593,0.178820,2.067042,105.260902,0.040624,0.008757,0.978475,0.455517,0.297125,9.681696,0.008662,0.004599,0.042230,-0.377889,0.616189,-1.184848,100310.0000
1764075721696385129,2025-11-25 18:32:01.693,0.192348,1.986294,104.995468,0.037006,0.011036,0.979332,0.276934,0.238636,9.885077,0.008471,0.009665,0.045163,-0.374509,0.620006,-1.185919,100308.0000
1764075721796994814,2025-11-25 18:32:01.793,0.210324,1.934161,104.707314,0.032099,0.012628,0.977492,0.160582,-0.071101,9.893982,0.002327,0.002364,0.054781,-0.371124,0.623365,-1.186020,100307.0000
1764075721896574814,2025-11-25 18:32:01.893,0.218066,1.932477,104.407051,0.031156,0.015359,0.976782,-0.040510,-0.119513,9.677739,0.008490,-0.007874,0.051024,-0.369176,0.625792,-1.184641,100312.0000
1764075721997015685,2025-11-25 18:32:01.992,0.214782,1.961496,104.101936,0.033653,0.014525,0.977527,0.550963,-0.165555,9.977011,0.000395,-0.012053,0.050970,-0.367244,0.628179,-1.185187,100309.0000
1764075722095488425,2025-11-25 18:32:02.092,0.207232,2.008163,103.797157,0.034679,0.013342,0.977843,0.392297,0.207674,9.776018,0.009033,-0.008062,0.053118,-0.364835,0.631025,-1.186711,100309.0000
1764075722196697259,2025-11-25 18:32:02.193,0.203576,2.064568,103.504059,0.038161,0.015961,0.977297,0.292276,0.322333,9.514375,0.008569,-0.010539,0.040447,-0.361443,0.632047,-1.184369,100311.0000
1764075722295867907,2025-11-25 18:32:02.293,0.207871,2.117978,103.229874,0.041135,0.014308,0.977392,0.502572,-0.075871,9.779679,-0.000737,-0.008174,0.031264,-0.360940,0.634935,-1.183457,100305.0000
1764075722396087129,2025-11-25 18:32:02.392,0.217898,2.152635,102.980034,0.042015,0.011162,0.978644,0.289298,0.010398,10.023332,0.009145,-0.005511,0.045535,-0.359019,0.634934,-1.183967,100309.0000
1764075722495988110,2025-11-25 18:32:02.493,0.220062,2.159655,102.766724,0.044853,0.018663,0.977976,0.629469,0.703538,9.739484,-0.004339,0.004410,0.024240,-0.354198,0.638279,-1.185052,100301.0000
1764075722596554721,2025-11-25 18:32:02.593,0.216071,2.140734,102.578606,0.042036,0.010305,0.977304,0.102273,-0.388443,9.814085,0.010968,0.006174,0.040432,-0.356610,0.637780,-1.185490,100304.0000
1764075722696362629,2025-11-25 18:32:02.692,0.209459,2.133343,102.395813,0.040806,0.016191,0.977673,0.581101,0.569820,9.782689,0.000719,-0.001787,0.023907,-0.353207,0.642602,-1.184169,100311.0000
1764075722796241869,2025-11-25 18:32:02.793,0.202534,2.136199,102.233749,0.040565,0.008667,0.976405,0.180657,-0.451873,9.617125,0.000472,-0.004973,0.026382,-0.350813,0.640225,-1.184168,100311.0000
1764075722895808203,2025-11-25 18:32:02.893,0.193039,2.174693,102.088684,0.042858,0.016096,0.977784,0.588500,0.370280,9.828521,0.000759,-0.009926,0.009981,-0.350830,0.640652,-1.186582,100307.0000
1764075722996123554,2025-11-25 18:32:02.992,0.185257,2.235100,101.947235,0.043914,0.009083,0.978378,0.370866,0.190510,9.790575,0.005826,-0.008671,0.027802,-0.348869,0.644055,-1.184255,100307.0000
1764075723095512814,2025-11-25 18:32:03.092,0.180074,2.266457,101.809914,0.043589,0.013626,0.978192,0.557685,0.039147,9.780970,-0.007774,-0.010588,0.016069,-0.348861,0.642663,-1.182307,100311.0000
1764075723196548684,2025-11-25 18:32:03.193,0.179505,2.279197,101.686554,0.044733,0.010208,0.978594,0.299014,0.193306,9.618017,0.003166,-0.006650,0.019789,-0.348856,0.645976,-1.183803,100310.0000
1764075723296683943,2025-11-25 18:32:03.293,0.175859,2.285115,101.573143,0.045030,0.011334,0.978189,0.555967,0.497923,9.840871,-0.001746,-0.007428,0.020389,-0.350780,0.645967,-1.183775,100309.0000
1764075723395999462,2025-11-25 18:32:03.393,0.182822,2.286296,101.465408,0.045564,0.010435,0.976640,0.377300,-0.018742,9.654317,0.005794,-0.002414,0.014710,-0.350296,0.647392,-1.184285,100317.0000
1764075723496743332,2025-11-25 18:32:03.493,0.195072,2.283361,101.367584,0.046206,0.011637,0.975592,0.846368,0.349588,9.774828,-0.002857,0.002971,0.009314,-0.346940,0.646432,-1.185283,100305.0000
1764075723596247369,2025-11-25 18:32:03.593,0.207809,2.297212,101.279320,0.041603,0.008191,0.975151,0.262273,0.123957,9.724282,0.005511,-0.007702,0.015819,-0.347894,0.647393,-1.184802,100310.0000
1764075723696265795,2025-11-25 18:32:03.693,0.220533,2.349975,101.183350,0.047324,0.012756,0.979177,0.553237,0.001768,9.887858,0.007897,-0.004244,0.008996,-0.345961,0.646010,-1.182883,100303.0000
1764075723796642054,2025-11-25 18:32:03.793,0.223719,2.404908,101.115883,0.046763,0.015075,0.978275,0.428588,0.406186,9.749414,-0.002976,-0.011744,0.001146,-0.346437,0.647908,-1.183386,100304.0000
1764075723896089146,2025-11-25 18:32:03.893,0.215325,2.470762,101.101715,0.048847,0.012510,0.979406,0.441584,0.124657,9.755538,0.001767,-0.008816,-0.004748,-0.347865,0.649355,-1.182424,100308.0000
1764075723996327461,2025-11-25 18:32:03.993,0.189929,2.539314,101.112053,0.052218,0.012074,0.978864,0.440007,0.155046,9.761085,-0.004996,-0.010466,-0.010075,-0.347368,0.650343,-1.181002,100311.0000
1764075724096348961,2025-11-25 18:32:04.092,0.156126,2.572961,101.127274,0.055363,0.009613,0.976335,0.748715,0.535427,9.864941,-0.006688,-0.000709,-0.007872,-0.351211,0.648456,-1.178990,100306.0000
1764075724196998980,2025-11-25 18:32:04.193,0.135473,2.555896,101.146172,0.053160,0.004865,0.974163,0.361304,0.040689,9.725897,0.005535,0.006973,0.005828,-0.350758,0.647441,-1.181871,100305.0000
1764075724296543313,2025-11-25 18:32:04.293,0.139218,2.531457,101.155296,0.051863,0.007297,0.976197,0.461913,0.099269,9.755708,0.003920,0.001227,-0.008637,-0.350270,0.646519,-1.180420,100307.0000
1764075724396071183,2025-11-25 18:32:04.393,0.161720,2.524537,101.162315,0.050299,0.007508,0.976992,0.362412,0.302024,9.592728,0.010856,0.004961,-0.003685,-0.348346,0.645582,-1.179952,100309.0000
1764075724496223054,2025-11-25 18:32:04.493,0.183822,2.539964,101.187714,0.047555,0.009669,0.979553,0.679983,0.108438,9.824196,-0.000284,-0.003231,-0.019276,-0.349308,0.647935,-1.181418,100310.0000
1764075724597016979,2025-11-25 18:32:04.593,0.184419,2.571297,101.236542,0.049127,0.010322,0.977847,0.419795,-0.096839,9.665828,-0.000305,-0.011136,0.000363,-0.352673,0.645573,-1.179406,100304.0000
1764075724696036646,2025-11-25 18:32:04.693,0.166071,2.599803,101.296921,0.051837,0.010767,0.979089,0.347123,0.124698,9.795985,0.001533,-0.002604,-0.028758,-0.355101,0.642676,-1.180290,100305.0000
1764075724796156220,2025-11-25 18:32:04.793,0.139128,2.621025,101.363838,0.052066,0.007721,0.977548,0.554612,-0.289569,9.755803,-0.007905,-0.004171,-0.014249,-0.353171,0.643640,-1.180333,100313.0000
1764075724896415461,2025-11-25 18:32:04.893,0.120115,2.653718,101.426743,0.052377,0.005140,0.976782,0.559266,0.037981,9.841901,0.001779,-0.009986,-0.014480,-0.355098,0.643153,-1.180297,100305.0000
1764075724997548572,2025-11-25 18:32:04.993,0.125302,2.673046,101.493820,0.054657,0.005360,0.975245,0.248424,-0.296776,9.601189,0.001845,-0.004540,-0.014444,-0.354611,0.643643,-1.179830,100307.0000
1764075725095524275,2025-11-25 18:32:05.092,0.152588,2.672481,101.579887,0.053088,0.007634,0.976512,0.576999,0.060132,9.823581,0.006887,0.004111,-0.031054,-0.357020,0.643622,-1.180276,100305.0000
1764075725196472220,2025-11-25 18:32:05.193,0.178584,2.655273,101.675629,0.052693,0.008569,0.977442,0.656937,0.115344,9.906000,0.002050,0.001537,-0.012594,-0.357527,0.639311,-1.180684,100310.0000
1764075725296024609,2025-11-25 18:32:05.293,0.184448,2.626151,101.766541,0.049088,0.008134,0.976542,0.293079,-0.045514,9.738078,-0.007674,0.001141,-0.021477,-0.357520,0.638386,-1.179225,100315.0000
1764075725396333442,2025-11-25 18:32:05.393,0.173134,2.630783,101.862869,0.049431,0.008533,0.978760,0.453950,-0.117056,9.747614,0.002761,-0.007238,-0.014861,-0.359454,0.638825,-1.180648,100311.0000
1764075725496089609,2025-11-25 18:32:05.493,0.151363,2.669423,101.987663,0.050391,0.008370,0.979139,0.591300,0.044650,9.915332,-0.006872,-0.010217,-0.029626,-0.362352,0.637368,-1.181065,100307.0000
1764075725596098090,2025-11-25 18:32:05.593,0.154257,2.729990,102.139259,0.051793,0.005591,0.976854,0.675935,0.405317,9.773117,-0.004540,-0.015934,-0.040044,-0.364750,0.635020,-1.178586,100307.0000
1764075725696005368,2025-11-25 18:32:05.693,0.175103,2.781567,102.298203,0.053194,0.004913,0.974992,0.414884,-0.111084,9.762486,0.009240,-0.010329,-0.036267,-0.366197,0.633591,-1.178061,100309.0000
1764075725796050608,2025-11-25 18:32:05.793,0.206214,2.815342,102.443604,0.056726,0.005761,0.975265,0.310319,0.028379,9.720576,0.007556,-0.006701,-0.030224,-0.365725,0.631682,-1.178039,100312.0000
1764075725895996312,2025-11-25 18:32:05.892,0.232229,2.832923,102.569633,0.055775,0.010271,0.976502,0.457326,0.107248,9.456528,-0.001052,-0.007395,-0.035183,-0.368132,0.630726,-1.177508,100307.0000
1764075725997287664,2025-11-25 18:32:05.993,0.235490,2.828917,102.703674,0.057198,0.010330,0.979320,0.378939,0.326812,9.702482,-0.004443,0.001791,-0.020020,-0.371046,0.629229,-1.179850,100308.0000
1764075726095672516,2025-11-25 18:32:06.092,0.208217,2.827521,102.858002,0.056533,0.010224,0.978888,0.555481,0.134172,9.778757,-0.003682,0.004335,-0.027137,-0.373464,0.625885,-1.179282,100310.0000
1764075726196448497,2025-11-25 18:32:06.193,0.163425,2.811449,103.009880,0.053768,0.005633,0.977168,0.621681,-0.059776,9.922520,-0.010521,0.005359,-0.040213,-0.373940,0.625425,-1.178304,100312.0000
1764075726296281015,2025-11-25 18:32:06.293,0.133714,2.780854,103.155426,0.054380,0.004899,0.976930,0.544411,-0.058438,9.656732,-0.003883,0.006284,-0.031637,-0.372496,0.624019,-1.177341,100307.0000
1764075726396471071,2025-11-25 18:32:06.393,0.126815,2.745058,103.290596,0.051481,0.004470,0.975906,0.588935,0.144243,9.793592,0.000445,0.007051,-0.032824,-0.373945,0.624470,-1.178290,100307.0000
1764075726496908182,2025-11-25 18:32:06.493,0.136930,2.720926,103.439659,0.048242,0.004251,0.977799,0.445481,-0.000060,9.678959,-0.002733,0.001609,-0.033239,-0.378291,0.622052,-1.178671,100309.0000
1764075726596871163,2025-11-25 18:32:06.593,0.159246,2.734117,103.566338,0.050429,0.004622,0.978215,0.427388,0.011320,9.622930,0.008995,-0.001142,-0.024194,-0.380234,0.619167,-1.179079,100311.0000
1764075726697706145,2025-11-25 18:32:06.693,0.180536,2.766581,103.680748,0.052073,0.007534,0.978591,0.560836,-0.318890,9.761488,0.007029,0.007004,-0.020226,-0.382628,0.619187,-1.177600,100308.0000
1764075726795625571,2025-11-25 18:32:06.793,0.189129,2.799302,103.804962,0.051715,0.011189,0.976481,0.593765,-0.104157,9.611872,-0.006871,-0.004703,-0.022824,-0.381186,0.617303,-1.176629,100314.0000
1764075726896091515,2025-11-25 18:32:06.893,0.171371,2.824497,103.958153,0.052408,0.009346,0.977649,0.516431,-0.122894,9.860342,-0.013303,-0.009400,-0.025393,-0.383593,0.616347,-1.176098,100307.0000
1764075726996557459,2025-11-25 18:32:06.993,0.150888,2.789824,104.085297,0.055172,0.005836,0.976829,0.350225,0.081048,9.683679,-0.008473,0.011935,-0.024160,-0.385535,0.615820,-1.177987,100303.0000
1764075727095498811,2025-11-25 18:32:07.092,0.147756,2.716738,104.185722,0.050713,0.004250,0.976612,0.326440,-0.026896,9.619606,0.008069,0.010329,-0.024833,-0.385560,0.612456,-1.178899,100311.0000
1764075727195736570,2025-11-25 18:32:07.193,0.163090,2.657323,104.289688,0.048700,0.008569,0.977808,0.801202,0.310362,9.933726,-0.000211,0.012396,-0.040600,-0.386992,0.613892,-1.178418,100310.0000
1764075727296218033,2025-11-25 18:32:07.293,0.195573,2.634782,104.416725,0.045315,0.006981,0.977378,0.517975,0.240282,9.739689,0.008562,0.005294,-0.026349,-0.387023,0.611453,-1.180788,100306.0000
1764075727395851793,2025-11-25 18:32:07.392,0.233515,2.645446,104.560387,0.044387,0.007930,0.977828,0.377970,0.179740,9.953313,0.004657,-0.007074,-0.031369,-0.389411,0.611961,-1.178834,100309.0000
1764075727496559144,2025-11-25 18:32:07.493,0.258972,2.675152,104.690971,0.048503,0.009919,0.978284,0.198255,0.216812,9.538980,0.005089,-0.003075,-0.019946,-0.390892,0.605257,-1.179192,100305.0000
1764075727595923755,2025-11-25 18:32:07.592,0.257595,2.692067,104.816338,0.049312,0.010170,0.977748,0.394932,0.101748,9.682411,-0.000492,0.004962,-0.029501,-0.392310,0.607202,-1.177274,100307.0000
1764075727696059626,2025-11-25 18:32:07.693,0.227639,2.692533,104.914406,0.047908,0.009735,0.976617,0.432213,-0.029988,9.839386,-0.007847,0.000079,-0.002728,-0.394730,0.605270,-1.177691,100311.0000
1764075727796527329,2025-11-25 18:32:07.793,0.186477,2.697304,104.994308,0.050217,0.009196,0.976878,0.423573,-0.080250,9.797824,0.003455,-0.002805,-0.021833,-0.393276,0.605775,-1.176757,100312.0000
1764075727896289385,2025-11-25 18:32:07.893,0.156100,2.690999,105.077980,0.048845,0.007747,0.976765,0.537927,0.048507,9.982254,-0.010666,-0.007348,-0.010579,-0.392339,0.603827,-1.178667,100315.0000
1764075727996428218,2025-11-25 18:32:07.993,0.149796,2.724280,105.160698,0.046754,0.006742,0.976836,0.660543,0.152429,10.058597,0.010510,-0.012180,-0.019350,-0.393800,0.600945,-1.179084,100305.0000
1764075728095604681,2025-11-25 18:32:08.093,0.151872,2.783354,105.242821,0.051569,0.006082,0.977843,0.367179,-0.210611,9.762084,0.002685,-0.006674,-0.011527,-0.396655,0.604316,-1.177167,100311.0000
1764075728195992477,2025-11-25 18:32:08.193,0.160226,2.820591,105.310875,0.055914,0.006755,0.977903,0.689738,0.259844,9.848361,0.004012,0.000231,-0.011371,-0.400532,0.599512,-1.177518,100313.0000
1764075728296350385,2025-11-25 18:32:08.293,0.175604,2.798589,105.350616,0.055070,0.006951,0.978142,0.541141,-0.151375,9.865726,0.001603,0.005688,-0.002404,-0.397645,0.598112,-1.176576,100312.0000
1764075728396389533,2025-11-25 18:32:08.393,0.191835,2.711088,105.374397,0.050708,0.008199,0.977059,0.129165,-0.053673,9.627103,0.002542,0.025451,-0.004592,-0.400560,0.597083,-1.179407,100317.0000
1764075728496095459,2025-11-25 18:32:08.493,0.199256,2.603532,105.379173,0.042316,0.011875,0.976783,0.166623,0.073329,9.629830,0.006801,0.014003,-0.008435,-0.397648,0.599047,-1.177553,100305.0000
1764075728595624625,2025-11-25 18:32:08.593,0.182674,2.571915,105.388481,0.038940,0.012308,0.977523,-0.024262,0.169810,9.676703,-0.002708,-0.005914,-0.015943,-0.397672,0.598041,-1.179945,100303.0000
1764075728696330477,2025-11-25 18:32:08.693,0.160157,2.599086,105.385323,0.042706,0.008455,0.978456,0.393542,-0.012455,9.832072,0.000685,-0.006792,-0.002404,-0.394775,0.599964,-1.180018,100313.0000
1764075728796048384,2025-11-25 18:32:08.793,0.158617,2.629777,105.350853,0.045917,0.005429,0.977988,0.140152,-0.015462,9.642237,0.006848,-0.004146,0.006672,-0.398615,0.598088,-1.177524,100313.0000
1764075728896174218,2025-11-25 18:32:08.893,0.182395,2.618064,105.284264,0.048343,0.008227,0.977775,0.226955,0.048787,9.756489,0.011211,0.003048,0.015233,-0.394294,0.598554,-1.179040,100312.0000
1764075728996527292,2025-11-25 18:32:08.992,0.217935,2.550052,105.210800,0.049343,0.012417,0.977956,0.692431,0.468355,9.880177,0.005495,0.007586,0.008396,-0.396238,0.599907,-1.182403,100309.0000
1764075729096019069,2025-11-25 18:32:09.092,0.246446,2.467814,105.143410,0.046430,0.013437,0.977153,0.460036,0.078305,9.779671,0.010406,0.013680,0.012919,-0.393811,0.601859,-1.181024,100307.0000
1764075729196363217,2025-11-25 18:32:09.193,0.232969,2.392358,105.084419,0.041061,0.015753,0.976755,0.547766,0.096730,9.803867,-0.007930,0.009932,0.009715,-0.394289,0.599510,-1.179055,100306.0000
1764075729296876365,2025-11-25 18:32:09.293,0.200651,2.368182,105.028069,0.035677,0.011679,0.977043,0.739980,0.157758,9.823276,-0.005809,-0.004133,0.010286,-0.392374,0.601378,-1.181519,100303.0000
1764075729395957328,2025-11-25 18:32:09.393,0.181302,2.426208,104.952049,0.033131,0.009899,0.976904,0.081414,0.312650,9.575760,-0.002281,-0.015394,0.009764,-0.394766,0.601875,-1.180047,100302.0000
1764075729495952125,2025-11-25 18:32:09.493,0.178462,2.509768,104.847206,0.043667,0.008769,0.979866,0.298316,-0.138215,9.716389,0.000404,-0.012777,0.017689,-0.394258,0.603361,-1.177669,100308.0000
1764075729596258273,2025-11-25 18:32:09.593,0.198026,2.536067,104.713829,0.048258,0.008621,0.978106,0.314714,-0.114883,9.910901,0.003915,-0.005167,0.022485,-0.391408,0.601392,-1.181052,100310.0000
1764075729695874458,2025-11-25 18:32:09.693,0.227477,2.506588,104.563545,0.048067,0.012411,0.977292,0.402567,-0.006501,9.858638,0.008051,0.011572,0.022103,-0.391395,0.602368,-1.180104,100308.0000
1764075729797265587,2025-11-25 18:32:09.793,0.240483,2.414361,104.439552,0.041860,0.015959,0.977091,0.145883,0.116624,9.602315,0.007582,0.008821,0.012986,-0.389963,0.604702,-1.183050,100309.0000
1764075729896644754,2025-11-25 18:32:09.893,0.234637,2.345283,104.314789,0.036434,0.013987,0.976974,0.261374,0.112423,9.789588,-0.001975,-0.001644,0.020313,-0.387052,0.608079,-1.182181,100309.0000
1764075729996909384,2025-11-25 18:32:09.992,0.227106,2.344476,104.173660,0.036022,0.012867,0.978411,0.274153,0.034296,9.821791,0.000180,-0.006852,0.021782,-0.388526,0.606578,-1.185026,100309.0000
1764075730095382643,2025-11-25 18:32:10.092,0.206480,2.381890,104.039757,0.039161,0.014498,0.979565,0.544472,-0.030515,9.682937,-0.003113,-0.005787,0.016282,-0.385592,0.610484,-1.181758,100307.0000
1764075730196380198,2025-11-25 18:32:10.193,0.187702,2.406482,103.913544,0.044018,0.011748,0.979316,0.213812,0.267012,9.609838,-0.001151,0.001133,0.019697,-0.386565,0.607624,-1.181218,100305.0000
1764075730296070809,2025-11-25 18:32:10.293,0.183651,2.403066,103.767761,0.044706,0.008882,0.977489,0.205369,-0.084200,9.710793,0.008790,0.001149,0.029874,-0.386535,0.612889,-1.180817,100307.0000
1764075730396474939,2025-11-25 18:32:10.393,0.202986,2.353146,103.618713,0.043642,0.012668,0.974951,0.337972,-0.158695,9.779727,-0.002007,0.013948,0.019333,-0.382228,0.612846,-1.183770,100305.0000
1764075730496493031,2025-11-25 18:32:10.492,0.222595,2.275796,103.494614,0.037247,0.014003,0.974584,0.472094,0.449851,9.636592,-0.000994,0.007517,0.013249,-0.379335,0.613347,-1.183338,100309.0000
1764075730596314531,2025-11-25 18:32:10.593,0.241630,2.262966,103.375069,0.031965,0.010631,0.976383,0.296095,0.323199,9.803475,0.004348,-0.004958,0.027535,-0.379321,0.617626,-1.184367,100303.0000
1764075730695739883,2025-11-25 18:32:10.693,0.252621,2.332016,103.216721,0.033468,0.012520,0.978175,0.376592,-0.024843,9.904854,0.006233,-0.013221,0.030170,-0.377878,0.616687,-1.183892,100305.0000
1764075730796162216,2025-11-25 18:32:10.792,0.248988,2.403347,103.026390,0.040856,0.017922,0.981389,0.759432,0.636067,9.877075,-0.005051,-0.013161,0.026063,-0.377386,0.616720,-1.182455,100299.0000
1764075730897027957,2025-11-25 18:32:10.892,0.221182,2.431841,102.848602,0.044081,0.014444,0.980093,0.452687,0.158914,9.879288,-0.004036,0.003445,0.028416,-0.375440,0.618670,-1.181069,100309.0000
1764075730996776550,2025-11-25 18:32:10.992,0.193911,2.414398,102.709679,0.046169,0.012998,0.978339,0.355137,0.156585,9.772436,-0.001695,0.005789,0.017438,-0.375913,0.618689,-1.180099,100311.0000
1764075731095520031,2025-11-25 18:32:11.092,0.185569,2.378652,102.593552,0.042697,0.010901,0.976451,0.215113,0.290480,9.581450,0.001892,0.014255,0.018893,-0.374471,0.621520,-1.182090,100313.0000
1764075731195985068,2025-11-25 18:32:11.192,0.189004,2.363764,102.477417,0.037816,0.011002,0.975007,0.317099,-0.092588,9.788075,0.006736,-0.001164,0.022239,-0.372549,0.621051,-1.182111,100318.0000
1764075731296405290,2025-11-25 18:32:11.293,0.198375,2.343651,102.362274,0.039980,0.011635,0.978296,0.337835,0.159704,9.812840,-0.001815,-0.000681,0.016610,-0.372540,0.622017,-1.181644,100307.0000
1764075731396606383,2025-11-25 18:32:11.393,0.215881,2.318825,102.246017,0.041058,0.012178,0.978319,0.448898,0.502289,9.870293,0.009219,0.003154,0.020705,-0.372548,0.624354,-1.184088,100307.0000
1764075731496559457,2025-11-25 18:32:11.493,0.229061,2.317087,102.134499,0.038422,0.013391,0.977242,0.759572,-0.033815,9.939285,0.011576,0.001436,0.026813,-0.369660,0.622955,-1.183146,100311.0000
1764075731596470160,2025-11-25 18:32:11.592,0.232969,2.358245,102.030624,0.040443,0.015547,0.978679,0.696737,0.116514,9.899273,-0.006546,-0.010149,0.012734,-0.370608,0.625816,-1.183176,100306.0000
1764075731696681827,2025-11-25 18:32:11.693,0.220896,2.420890,101.940338,0.040187,0.012519,0.977018,0.267235,-0.003355,9.638283,-0.004633,-0.011748,0.009462,-0.369664,0.622944,-1.183627,100307.0000
1764075731796045808,2025-11-25 18:32:11.793,0.213540,2.470316,101.856361,0.043512,0.011256,0.978293,0.297637,0.227270,9.695550,-0.002159,-0.006277,0.007003,-0.370594,0.626325,-1.181739,100311.0000
1764075731896913512,2025-11-25 18:32:11.893,0.205976,2.487826,101.778687,0.045651,0.012732,0.977342,0.289978,0.042605,9.655212,0.001732,-0.001908,0.014452,-0.370092,0.628268,-1.180331,100306.0000
1764075731996308790,2025-11-25 18:32:11.993,0.199835,2.466750,101.705704,0.047409,0.012134,0.979021,0.642847,0.112101,9.766610,-0.005993,0.002077,0.005245,-0.368689,0.626282,-1.184174,100309.0000
1764075732095359068,2025-11-25 18:32:12.092,0.204686,2.425769,101.629204,0.043431,0.008897,0.977558,0.239411,0.134002,9.673952,-0.000153,0.005546,0.010944,-0.366746,0.626809,-1.182284,100300.0000
1764075732196453697,2025-11-25 18:32:12.193,0.216906,2.397133,101.552055,0.040652,0.010704,0.977122,0.565034,0.107476,9.880299,0.004473,0.002822,0.010729,-0.366266,0.628224,-1.183276,100304.0000
1764075732296837882,2025-11-25 18:32:12.293,0.221448,2.400797,101.488297,0.041149,0.014569,0.976931,0.271823,0.166643,9.572796,-0.001341,-0.001508,0.009331,-0.366243,0.629698,-1.181373,100307.0000
1764075732396915475,2025-11-25 18:32:12.393,0.209097,2.412594,101.446014,0.043109,0.012653,0.978384,0.491776,-0.355471,10.028047,-0.001643,-0.000036,0.002508,-0.364335,0.628721,-1.182830,100309.0000
1764075732497085975,2025-11-25 18:32:12.493,0.196779,2.428837,101.412636,0.041223,0.010077,0.976563,0.563743,0.274380,9.781281,0.003527,0.005113,0.009812,-0.366271,0.628681,-1.184246,100306.0000
1764075732597574364,2025-11-25 18:32:12.593,0.190191,2.440857,101.386375,0.040998,0.010468,0.978502,0.343895,-0.210108,9.722906,-0.001250,-0.005279,0.001800,-0.363851,0.626843,-1.181364,100305.0000
1764075732695965271,2025-11-25 18:32:12.692,0.194378,2.463249,101.374695,0.041532,0.010819,0.978571,0.325022,0.126901,9.723455,0.001703,-0.000787,0.000437,-0.365292,0.629672,-1.182831,100319.0000
1764075732796413493,2025-11-25 18:32:12.793,0.198852,2.497421,101.369667,0.044871,0.009356,0.978231,0.301090,-0.289576,9.678517,0.003169,-0.002847,-0.007680,-0.364310,0.632085,-1.181919,100305.0000
1764075732896615808,2025-11-25 18:32:12.893,0.199607,2.497464,101.363510,0.047374,0.009861,0.976047,0.757502,0.329413,9.663600,-0.001373,-0.002424,-0.001857,-0.366240,0.628763,-1.180395,100307.0000
1764075732996981752,2025-11-25 18:32:12.993,0.198921,2.449452,101.364250,0.044209,0.009135,0.975978,0.458510,0.253896,9.973054,0.000607,0.009016,-0.003363,-0.366246,0.630633,-1.182350,100310.0000
1764075733095757234,2025-11-25 18:32:13.092,0.196813,2.399951,101.369385,0.042091,0.008955,0.977447,0.327936,0.251284,9.579282,0.007549,0.002848,-0.002558,-0.366731,0.628263,-1.181343,100318.0000
1764075733196164641,2025-11-25 18:32:13.193,0.202254,2.392859,101.349388,0.039435,0.008429,0.979542,0.284983,-0.151463,9.729411,0.005521,0.002648,0.003014,-0.365303,0.628228,-1.183291,100313.0000
1764075733296652919,2025-11-25 18:32:13.293,0.198598,2.421215,101.311394,0.039231,0.012078,0.979967,0.206257,0.119006,9.848798,0.001609,-0.006672,0.003998,-0.365784,0.629172,-1.183779,100306.0000
1764075733396023585,2025-11-25 18:32:13.393,0.184285,2.454540,101.288048,0.041728,0.009990,0.979379,0.793375,0.058435,10.019980,0.000053,-0.009303,0.005581,-0.366733,0.630143,-1.182817,100301.0000
1764075733496783270,2025-11-25 18:32:13.493,0.168883,2.468186,101.277084,0.043920,0.010046,0.976594,0.425842,0.174946,9.626321,-0.005603,-0.002724,-0.000573,-0.364820,0.626351,-1.181824,100307.0000
1764075733596899530,2025-11-25 18:32:13.593,0.169269,2.446889,101.253006,0.045790,0.006897,0.976618,0.356396,-0.045488,9.778496,0.002109,0.002989,-0.004667,-0.364324,0.631577,-1.183356,100300.0000
1764075733686628493,2025-11-25 18:32:13.684,0.184009,2.403538,101.209717,0.042425,0.010241,0.976003,0.571585,0.161789,9.777520,-0.002737,0.008357,0.000896,-0.365773,0.628257,-1.181839,100307.0000
1764075733796234659,2025-11-25 18:32:13.793,0.212174,2.372332,101.175728,0.041003,0.010994,0.978450,0.530662,0.300207,9.778334,0.008167,0.008857,0.007610,-0.364340,0.627766,-1.182816,100308.0000
1764075733896258900,2025-11-25 18:32:13.893,0.247933,2.353861,101.184143,0.037527,0.011515,0.976566,0.134770,0.419454,9.620884,0.007195,0.000227,-0.003277,-0.365300,0.629651,-1.183794,100303.0000
1764075733996597696,2025-11-25 18:32:13.993,0.269947,2.394567,101.209229,0.039681,0.010520,0.978149,0.588117,-0.114834,9.927018,0.009588,-0.008122,-0.003696,-0.364844,0.627702,-1.185697,100316.0000
1764075734095553622,2025-11-25 18:32:14.092,0.274733,2.461954,101.207573,0.038276,0.011789,0.977003,0.176586,0.380294,9.661063,0.002050,-0.016245,0.008601,-0.365809,0.624862,-1.184195,100309.0000
1764075734196950344,2025-11-25 18:32:14.193,0.272418,2.529234,101.172089,0.043152,0.010360,0.977220,0.768005,-0.362578,9.882122,-0.000938,-0.017221,0.006474,-0.367222,0.628708,-1.182788,100301.0000
1764075734296041918,2025-11-25 18:32:14.293,0.261825,2.558353,101.112152,0.049779,0.013873,0.980154,0.533009,0.447569,9.738967,0.008725,-0.004921,0.007745,-0.367217,0.627305,-1.181322,100310.0000
1764075734395747844,2025-11-25 18:32:14.392,0.243352,2.546692,101.067520,0.050897,0.011535,0.978765,0.485207,0.019460,9.661022,-0.005430,0.011640,0.002331,-0.362879,0.627345,-1.180423,100314.0000
1764075734496353733,2025-11-25 18:32:14.492,0.235852,2.492316,101.019188,0.047479,0.010690,0.977192,0.550336,0.427628,9.734232,-0.000329,0.009417,0.003626,-0.364797,0.630182,-1.181401,100315.0000
1764075734596690233,2025-11-25 18:32:14.593,0.241933,2.433272,100.958504,0.042614,0.009523,0.976060,0.636662,0.007914,9.883747,0.004803,0.013601,0.014538,-0.363853,0.627310,-1.181853,100312.0000
1764075734695876825,2025-11-25 18:32:14.693,0.251177,2.398242,100.890343,0.039053,0.012945,0.976038,-0.096966,0.404958,9.622789,0.007555,0.004057,0.007305,-0.361919,0.633000,-1.184376,100307.0000
1764075734795903344,2025-11-25 18:32:14.792,0.251108,2.388940,100.824532,0.038825,0.012102,0.978884,0.490007,-0.245064,9.908989,0.000149,-0.001414,0.012674,-0.360956,0.630179,-1.182421,100311.0000
1764075734896385881,2025-11-25 18:32:14.893,0.237474,2.430734,100.764023,0.039738,0.013753,0.978031,0.226656,0.162228,9.830522,-0.001404,-0.018362,0.012063,-0.364335,0.630133,-1.183815,100311.0000
1764075734996306529,2025-11-25 18:32:14.993,0.217636,2.500557,100.704353,0.044636,0.011746,0.978530,0.658698,0.196533,9.920156,-0.001103,-0.007492,0.009133,-0.361905,0.633508,-1.182939,100305.0000
1764075735095732010,2025-11-25 18:32:15.092,0.207342,2.565178,100.649918,0.046835,0.010872,0.977571,0.791279,-0.202766,9.988688,-0.006393,-0.008811,0.020186,-0.362871,0.633494,-1.183406,100308.0000
1764075735196782806,2025-11-25 18:32:15.193,0.204844,2.600554,100.601891,0.049733,0.011189,0.976936,0.393174,0.294507,9.702694,-0.006345,-0.002542,-0.000975,-0.360462,0.632569,-1.182465,100311.0000
1764075735295988288,2025-11-25 18:32:15.293,0.216393,2.597282,100.551369,0.048678,0.008556,0.977134,0.399014,0.138720,9.642405,0.005639,0.005478,0.009038,-0.362846,0.635445,-1.181510,100303.0000
1764075735396499695,2025-11-25 18:32:15.393,0.231330,2.565499,100.501900,0.047306,0.011238,0.978110,0.303996,-0.130161,9.758914,0.007457,0.003337,0.002085,-0.362400,0.631585,-1.183384,100306.0000
1764075735498146566,2025-11-25 18:32:15.493,0.241707,2.507485,100.478340,0.044735,0.013974,0.977869,0.626982,0.390616,9.817895,-0.003672,0.002623,-0.000407,-0.359980,0.632104,-1.181983,100310.0000
1764075735596678102,2025-11-25 18:32:15.593,0.237937,2.475611,100.464485,0.041054,0.011319,0.976837,0.502710,0.248098,9.764438,0.007532,-0.010636,0.000956,-0.359023,0.632566,-1.182967,100303.0000
1764075735696383288,2025-11-25 18:32:15.693,0.227479,2.477872,100.449944,0.042857,0.009238,0.978842,0.461300,-0.104800,9.902320,-0.007512,-0.003213,0.011061,-0.359969,0.633547,-1.181524,100301.0000
1764075735796255899,2025-11-25 18:32:15.793,0.214835,2.492993,100.440674,0.042470,0.011165,0.977263,0.357368,0.089673,9.728448,-0.002607,-0.008029,-0.006005,-0.361413,0.633541,-1.181502,100301.0000
1764075735895668399,2025-11-25 18:32:15.893,0.197460,2.512938,100.434677,0.045159,0.009423,0.977385,0.300370,0.014848,9.720059,-0.000022,0.006491,0.003739,-0.360452,0.634013,-1.182005,100310.0000
1764075735997121973,2025-11-25 18:32:15.992,0.185838,2.520281,100.428864,0.044102,0.009104,0.976950,0.462086,0.271039,9.835227,-0.007585,0.002397,-0.006701,-0.359989,0.632551,-1.183434,100311.0000
1764075736095621398,2025-11-25 18:32:16.092,0.186111,2.527349,100.434494,0.042304,0.007123,0.977159,0.674403,-0.009320,9.851460,0.012535,-0.002574,0.004068,-0.359972,0.634482,-1.182501,100308.0000
1764075736196348602,2025-11-25 18:32:16.193,0.192376,2.545153,100.443001,0.040703,0.008228,0.976545,0.472903,-0.360974,9.704571,-0.002558,-0.008464,-0.006417,-0.360470,0.633494,-1.183923,100312.0000
1764075736297041009,2025-11-25 18:32:16.293,0.208420,2.566438,100.423256,0.046151,0.008636,0.978930,0.704879,0.409782,9.709821,0.004857,-0.001025,0.006046,-0.363349,0.633502,-1.182918,100306.0000
1764075736396348065,2025-11-25 18:32:16.393,0.215895,2.581314,100.387360,0.044965,0.009382,0.979002,0.136676,-0.383562,9.580852,0.002388,-0.004041,-0.006682,-0.361422,0.633988,-1.182954,100310.0000
1764075736496524065,2025-11-25 18:32:16.492,0.219658,2.602057,100.370926,0.048147,0.011660,0.979018,0.414676,0.329077,9.690392,-0.004051,-0.003994,-0.006961,-0.362376,0.634004,-1.181976,100313.0000
1764075736596535824,2025-11-25 18:32:16.592,0.221948,2.621548,100.380508,0.048149,0.009387,0.976771,0.611277,0.040879,9.906319,0.003627,-0.006956,-0.006980,-0.362381,0.633049,-1.181962,100308.0000
1764075736696109361,2025-11-25 18:32:16.693,0.236034,2.600399,100.388046,0.049286,0.008074,0.976688,0.473803,0.333617,9.747853,0.007856,0.004655,0.002241,-0.362370,0.634492,-1.181503,100302.0000
1764075736796342083,2025-11-25 18:32:16.793,0.254012,2.548739,100.388809,0.046336,0.010681,0.976882,0.346314,-0.285912,9.834821,0.005231,0.011473,-0.010980,-0.362395,0.632541,-1.183399,100311.0000
1764075736895874287,2025-11-25 18:32:16.893,0.264813,2.517844,100.391930,0.041294,0.012001,0.976770,0.405749,0.350208,9.804483,0.006161,0.005417,-0.001407,-0.361430,0.633022,-1.183421,100309.0000
1764075736995994713,2025-11-25 18:32:16.993,0.260064,2.537976,100.404465,0.039632,0.011460,0.978003,0.380118,-0.298600,9.821815,0.003351,-0.015022,-0.004282,-0.364793,0.632550,-1.182401,100305.0000
1764075737096000231,2025-11-25 18:32:17.093,0.241109,2.587472,100.412964,0.044036,0.011180,0.979186,0.376836,0.358604,9.689235,-0.004733,-0.011486,-0.003284,-0.362388,0.631616,-1.181940,100305.0000
1764075737196540231,2025-11-25 18:32:17.193,0.217986,2.656196,100.411217,0.046756,0.009224,0.977551,0.308258,-0.032442,9.723413,0.003237,-0.008498,-0.005204,-0.364308,0.632562,-1.181926,100311.0000
1764075737295954861,2025-11-25 18:32:17.293,0.188585,2.708980,100.390816,0.049573,0.009766,0.975939,0.818339,0.395090,9.758427,-0.007412,-0.008305,0.000160,-0.361894,0.631181,-1.180014,100309.0000
1764075737396055638,2025-11-25 18:32:17.392,0.180939,2.701039,100.370705,0.052781,0.006213,0.977204,0.542265,-0.004458,9.893337,0.006564,0.004915,0.000322,-0.364307,0.633508,-1.182422,100309.0000
1764075737496609990,2025-11-25 18:32:17.493,0.208870,2.650455,100.360916,0.051599,0.006980,0.976918,0.272678,0.157087,9.613615,0.005390,0.007970,-0.002629,-0.363823,0.632575,-1.181452,100305.0000
1764075737595889675,2025-11-25 18:32:17.592,0.245452,2.577901,100.349197,0.046245,0.011105,0.977761,0.708525,0.113037,9.749624,0.010731,0.013252,0.000017,-0.362865,0.630211,-1.180467,100312.0000
1764075737695983694,2025-11-25 18:32:17.693,0.261768,2.554901,100.354607,0.041047,0.012644,0.978240,0.212385,-0.055011,9.814267,-0.005187,0.003498,-0.001064,-0.364299,0.633528,-1.181459,100305.0000
1764075737796072972,2025-11-25 18:32:17.793,0.250302,2.599119,100.380013,0.042198,0.011590,0.978236,0.263218,0.210912,9.654092,-0.000625,-0.012370,-0.003473,-0.362394,0.631128,-1.182414,100309.0000
1764075737896868453,2025-11-25 18:32:17.893,0.225151,2.686666,100.401894,0.045951,0.011669,0.978840,0.543296,0.482240,9.822691,-0.007821,-0.014050,-0.011598,-0.367173,0.631666,-1.178499,100309.0000
1764075737996752249,2025-11-25 18:32:17.993,0.206445,2.757255,100.404930,0.049929,0.007368,0.976653,0.370299,0.210263,9.586354,0.009203,-0.004838,-0.001548,-0.363337,0.631175,-1.179993,100309.0000
1764075738095592694,2025-11-25 18:32:18.092,0.197307,2.772866,100.416550,0.052051,0.009911,0.975088,0.413143,0.658137,9.738321,-0.001843,-0.001841,-0.015909,-0.365259,0.630231,-1.178987,100310.0000
1764075738196340508,2025-11-25 18:32:18.193,0.210892,2.731498,100.459999,0.053546,0.005679,0.977728,0.664279,-0.350643,9.815732,0.006169,0.008720,-0.007848,-0.366223,0.630694,-1.179462,100311.0000
1764075738296310564,2025-11-25 18:32:18.293,0.247495,2.665801,100.513451,0.048584,0.007978,0.978329,0.651108,0.323518,9.835994,0.007507,0.014942,-0.000700,-0.364772,0.629776,-1.178024,100300.0000
1764075738396453379,2025-11-25 18:32:18.393,0.295785,2.605180,100.548897,0.042120,0.010516,0.978131,0.409081,-0.287839,9.822408,0.011845,0.006405,-0.003192,-0.364320,0.627817,-1.180409,100307.0000
1764075738496664693,2025-11-25 18:32:18.493,0.318920,2.563368,100.592056,0.041884,0.015601,0.978701,0.270619,0.208267,9.758755,0.003512,0.009971,-0.007215,-0.363858,0.628713,-1.183319,100303.0000
1764075738596535953,2025-11-25 18:32:18.593,0.307141,2.573855,100.661743,0.041344,0.014241,0.978169,0.336359,0.111553,9.743237,-0.003401,-0.005032,-0.021335,-0.363369,0.628735,-1.182363,100311.0000
1764075738696454175,2025-11-25 18:32:18.693,0.278617,2.616455,100.760605,0.044057,0.011797,0.976862,0.696589,0.147147,9.961600,-0.014593,-0.012542,-0.027055,-0.367710,0.627273,-1.182759,100310.0000
1764075738796893915,2025-11-25 18:32:18.793,0.258050,2.663582,100.859383,0.047167,0.006506,0.975861,0.348783,0.067644,9.635411,-0.007306,-0.007920,-0.019412,-0.370113,0.623969,-1.180265,100303.0000
1764075738896731582,2025-11-25 18:32:18.893,0.257435,2.675125,100.938736,0.049071,0.006145,0.977841,0.512757,0.157910,9.807309,0.000357,0.001846,-0.007794,-0.370569,0.625918,-1.178362,100305.0000
1764075738996835563,2025-11-25 18:32:18.992,0.265457,2.658200,100.988785,0.048038,0.006439,0.977380,0.349829,-0.229340,9.781972,0.004122,0.000405,-0.015505,-0.368204,0.621579,-1.180738,100307.0000
1764075739095685397,2025-11-25 18:32:19.092,0.289620,2.635065,101.020615,0.047101,0.010086,0.978308,0.510055,0.282511,9.756460,0.009227,0.005580,-0.011554,-0.370592,0.625857,-1.181250,100309.0000
1764075739196328971,2025-11-25 18:32:19.193,0.302969,2.604923,101.074974,0.046313,0.012028,0.978542,0.378474,-0.152336,9.812933,-0.003795,0.006638,-0.018787,-0.371558,0.624430,-1.180733,100307.0000
1764075739296343952,2025-11-25 18:32:19.293,0.299608,2.563899,101.145981,0.044555,0.012480,0.977898,0.305198,0.392428,9.833253,-0.000580,0.011243,-0.015621,-0.371562,0.622062,-1.179733,100314.0000
1764075739396281767,2025-11-25 18:32:19.392,0.296523,2.529271,101.232613,0.039533,0.011259,0.975552,0.258721,-0.153630,9.610886,-0.001550,-0.003769,-0.023115,-0.373984,0.623423,-1.182607,100304.0000
1764075739496653174,2025-11-25 18:32:19.493,0.294829,2.536835,101.332855,0.041316,0.009714,0.977042,0.396180,0.122133,9.833543,0.002387,-0.011786,-0.024020,-0.373976,0.622031,-1.180660,100309.0000
1764075739595975267,2025-11-25 18:32:19.593,0.304466,2.570577,101.437523,0.045025,0.008401,0.979285,0.261216,0.035522,9.634333,0.002566,-0.009910,-0.026271,-0.371094,0.621088,-1.180689,100305.0000
1764075739695962211,2025-11-25 18:32:19.693,0.314563,2.595613,101.549911,0.048081,0.010357,0.978334,0.636070,0.511028,9.841057,-0.003205,-0.005806,-0.028185,-0.376405,0.619601,-1.182032,100307.0000
1764075739796296433,2025-11-25 18:32:19.793,0.320561,2.596495,101.670067,0.049094,0.008267,0.978154,0.735029,-0.018149,9.885283,0.001882,0.011673,-0.012480,-0.379288,0.618185,-1.180523,100304.0000
1764075739896884693,2025-11-25 18:32:19.893,0.318951,2.530594,101.774017,0.046573,0.009253,0.976846,0.426277,0.250422,9.606796,-0.004128,0.020913,-0.020460,-0.376401,0.618198,-1.180566,100310.0000
1764075739996211600,2025-11-25 18:32:19.992,0.307319,2.431922,101.876900,0.043849,0.008586,0.977763,0.312429,-0.172657,9.694745,-0.002629,0.023942,-0.010793,-0.378340,0.615324,-1.180494,100309.0000
1764075740095512748,2025-11-25 18:32:20.093,0.293878,2.363176,101.988235,0.035886,0.008645,0.976635,0.182140,0.172199,9.754376,-0.004571,0.012247,-0.025990,-0.378359,0.615273,-1.182901,100309.0000
1764075740196191303,2025-11-25 18:32:20.193,0.292414,2.342682,102.098534,0.033918,0.005890,0.977346,0.319783,-0.336495,9.723454,0.006095,-0.007499,-0.012243,-0.376905,0.614365,-1.180982,100309.0000
1764075740296040174,2025-11-25 18:32:20.293,0.309758,2.387031,102.211731,0.035638,0.009623,0.978245,0.542602,0.273398,9.851112,0.004311,-0.016641,-0.024498,-0.381255,0.614294,-1.183324,100305.0000
1764075740396981118,2025-11-25 18:32:20.393,0.332410,2.451970,102.337029,0.042707,0.007458,0.977533,0.268776,-0.013657,9.568006,0.006044,-0.016177,-0.016014,-0.380780,0.611451,-1.182325,100309.0000
1764075740496079525,2025-11-25 18:32:20.492,0.351732,2.511034,102.453552,0.046037,0.008546,0.978679,0.604942,-0.115629,9.821360,0.000263,-0.006830,-0.023869,-0.381735,0.610521,-1.180852,100304.0000
1764075740596320340,2025-11-25 18:32:20.593,0.355008,2.536136,102.552078,0.048832,0.010102,0.978194,0.660435,0.423691,9.600687,-0.001621,0.005659,-0.010505,-0.384150,0.609545,-1.181283,100307.0000
1764075740696085581,2025-11-25 18:32:20.693,0.344323,2.507711,102.633827,0.043799,0.009678,0.977159,0.307452,0.275313,9.733996,-0.007809,0.009279,-0.010106,-0.386067,0.610969,-1.181277,100306.0000
1764075740795863636,2025-11-25 18:32:20.792,0.321812,2.469904,102.715317,0.042129,0.009666,0.976828,0.319684,0.187593,9.704641,-0.000167,0.003176,-0.017117,-0.386564,0.608569,-1.181714,100307.0000
1764075740896517581,2025-11-25 18:32:20.892,0.298061,2.451661,102.813301,0.039742,0.008162,0.977026,0.083533,0.144242,9.557386,-0.002424,-0.005626,-0.024463,-0.385127,0.605730,-1.180729,100313.0000
1764075740996777303,2025-11-25 18:32:20.993,0.286039,2.459274,102.908798,0.040653,0.005156,0.977441,0.197211,0.074025,9.633189,0.007564,-0.005201,-0.006360,-0.386101,0.605695,-1.182159,100312.0000
1764075741095679284,2025-11-25 18:32:21.092,0.300348,2.526554,102.963074,0.041927,0.005272,0.977483,0.187172,0.075641,9.766240,0.011304,-0.017225,-0.003070,-0.389480,0.602824,-1.181584,100307.0000
1764075741196733525,2025-11-25 18:32:21.193,0.318294,2.607493,102.976097,0.049897,0.008831,0.979384,0.756744,-0.038695,9.961713,0.005652,-0.014155,0.004608,-0.390905,0.604281,-1.180140,100311.0000
1764075741296152229,2025-11-25 18:32:21.293,0.322874,2.636507,102.977692,0.051266,0.012175,0.978394,0.571833,-0.031482,9.911457,-0.008095,-0.000395,-0.016121,-0.390424,0.605696,-1.181132,100307.0000
1764075741396940692,2025-11-25 18:32:21.393,0.307427,2.594216,102.978218,0.050892,0.011232,0.977928,0.449756,0.161569,9.888940,0.006653,0.019162,0.006609,-0.387528,0.606674,-1.180708,100307.0000
1764075741496452747,2025-11-25 18:32:21.493,0.282666,2.517694,102.979584,0.043075,0.009844,0.976523,0.662843,-0.007577,9.863207,-0.004422,0.015164,0.001566,-0.389955,0.604722,-1.182087,100307.0000
1764075741596948654,2025-11-25 18:32:21.593,0.265587,2.460237,102.968056,0.039263,0.008408,0.975870,0.274844,-0.015577,9.628609,-0.005128,0.001233,-0.001678,-0.388014,0.606662,-1.181182,100307.0000
1764075741697464617,2025-11-25 18:32:21.693,0.267471,2.440101,102.956635,0.038851,0.006532,0.977548,0.236020,-0.171617,9.773864,0.006056,0.001584,-0.003642,-0.387072,0.604725,-1.182611,100307.0000
1764075741795846358,2025-11-25 18:32:21.793,0.297236,2.450254,102.955681,0.039835,0.007713,0.977860,0.313567,-0.263497,9.643126,0.005342,-0.004724,-0.000815,-0.387563,0.602812,-1.182575,100306.0000
1764075741896107617,2025-11-25 18:32:21.893,0.331197,2.483712,102.953079,0.041367,0.010774,0.978130,0.571062,0.291307,9.780088,0.008457,-0.010753,-0.005988,-0.388516,0.604719,-1.182590,100311.0000
1764075741996893025,2025-11-25 18:32:21.993,0.349135,2.517621,102.936760,0.042781,0.011951,0.977540,0.500827,0.349833,9.742817,-0.004244,-0.006706,0.007601,-0.387532,0.604306,-1.179709,100305.0000
1764075742095975765,2025-11-25 18:32:22.093,0.336123,2.542732,102.890327,0.043819,0.011404,0.978466,0.470406,-0.261054,9.956669,-0.001718,-0.003483,0.014259,-0.389946,0.605688,-1.181621,100307.0000
1764075742196697450,2025-11-25 18:32:22.193,0.300759,2.547434,102.827148,0.045504,0.012716,0.977045,0.307385,0.405410,9.622379,-0.005254,-0.000425,0.008557,-0.386104,0.605217,-1.182151,100303.0000
1764075742295801506,2025-11-25 18:32:22.293,0.263254,2.521499,102.770699,0.045720,0.008940,0.978917,0.358738,-0.121456,9.717005,0.000585,0.005645,0.012672,-0.387533,0.605719,-1.180694,100310.0000
1764075742395807506,2025-11-25 18:32:22.392,0.246291,2.477022,102.719299,0.044960,0.006918,0.978142,0.336101,0.248653,9.802321,-0.001589,0.007019,0.002451,-0.384149,0.608133,-1.180298,100299.0000
1764075742496944117,2025-11-25 18:32:22.493,0.261608,2.433019,102.645317,0.041696,0.005830,0.977653,0.527238,0.202628,9.842800,0.008006,0.010074,0.017915,-0.385123,0.606685,-1.180743,100303.0000
1764075742596714672,2025-11-25 18:32:22.593,0.294716,2.412040,102.527039,0.037617,0.009900,0.976404,0.296363,-0.020822,9.674631,0.010944,-0.000410,0.025123,-0.383681,0.608572,-1.182238,100308.0000
1764075742696747598,2025-11-25 18:32:22.693,0.333664,2.404768,102.377007,0.039949,0.014034,0.977878,0.550863,0.371982,9.831409,0.010452,0.005409,0.024838,-0.385119,0.608108,-1.181247,100303.0000
1764075742796341469,2025-11-25 18:32:22.793,0.360477,2.396112,102.234764,0.040857,0.014413,0.978218,0.316794,0.215323,9.720964,0.005111,0.006748,0.011224,-0.380301,0.610975,-1.182325,100305.0000
1764075742895805394,2025-11-25 18:32:22.893,0.366832,2.403532,102.131165,0.039064,0.013572,0.977685,0.264700,0.149827,9.676370,0.005107,-0.003191,0.020711,-0.382227,0.610021,-1.181800,100304.0000
1764075742996403672,2025-11-25 18:32:22.992,0.361977,2.424371,102.043617,0.040287,0.014575,0.976090,0.325801,0.561434,9.622021,0.003388,-0.003262,0.015037,-0.379804,0.613376,-1.181887,100305.0000
1764075743095640246,2025-11-25 18:32:23.092,0.351202,2.449433,101.938805,0.042014,0.012818,0.978047,0.348945,-0.241052,9.800938,0.004207,0.000141,0.018780,-0.379334,0.614293,-1.183834,100305.0000
1764075743197000579,2025-11-25 18:32:23.193,0.339989,2.455679,101.823196,0.041378,0.014785,0.977841,0.334595,0.497286,9.715564,-0.003292,-0.003566,0.012317,-0.379797,0.616222,-1.182894,100302.0000
1764075743296176079,2025-11-25 18:32:23.293,0.342033,2.453294,101.718842,0.041598,0.010081,0.977680,0.716687,-0.291114,9.928375,0.007405,-0.001926,0.024402,-0.377385,0.613895,-1.180486,100303.0000
1764075743396235431,2025-11-25 18:32:23.393,0.356182,2.465300,101.625191,0.042286,0.011915,0.978396,0.209871,0.427823,9.766889,0.007979,-0.004133,0.011722,-0.376906,0.614832,-1.181470,100311.0000
1764075743496288468,2025-11-25 18:32:23.493,0.378471,2.473444,101.531960,0.045132,0.011938,0.978837,0.394998,0.090076,9.659832,0.011766,-0.001284,0.017258,-0.377376,0.616273,-1.181004,100311.0000
1764075743596701561,2025-11-25 18:32:23.593,0.393259,2.482502,101.434731,0.043558,0.015413,0.977069,0.674958,0.141015,9.871025,0.002008,-0.006145,0.009140,-0.376433,0.616226,-1.183425,100305.0000
1764075743695911857,2025-11-25 18:32:23.693,0.384421,2.495822,101.329849,0.043105,0.014522,0.976514,0.265155,-0.019601,9.832097,-0.001468,0.003730,0.027562,-0.375453,0.619107,-1.183002,100306.0000
1764075743796698320,2025-11-25 18:32:23.793,0.355833,2.494292,101.232018,0.043209,0.014757,0.976795,0.332029,0.174029,9.554219,-0.003380,0.000881,0.020160,-0.374480,0.620555,-1.182556,100309.0000
1764075743897074523,2025-11-25 18:32:23.893,0.328449,2.492713,101.160423,0.042976,0.013927,0.978085,0.328739,0.375085,9.620973,-0.008207,0.001997,0.006555,-0.373517,0.620559,-1.182571,100307.0000
1764075743996551486,2025-11-25 18:32:23.993,0.320215,2.505670,101.113739,0.041598,0.008618,0.977610,0.478303,-0.210354,9.921296,0.002447,-0.015560,0.014939,-0.373514,0.619624,-1.181593,100303.0000
1764075744095700764,2025-11-25 18:32:24.092,0.330993,2.532393,101.079224,0.044405,0.013533,0.977566,0.536230,0.311812,9.727979,0.002167,-0.004759,0.005872,-0.371102,0.622481,-1.182636,100310.0000
1764075744196925097,2025-11-25 18:32:24.193,0.333870,2.558154,101.063293,0.045073,0.012516,0.977802,0.376096,0.187439,9.675905,-0.003585,-0.007737,-0.004218,-0.373953,0.623504,-1.178756,100307.0000
1764075744296236690,2025-11-25 18:32:24.293,0.329466,2.585803,101.059982,0.046603,0.012065,0.978108,0.325595,0.200698,9.636803,-0.005549,-0.006580,-0.009653,-0.373988,0.621055,-1.181608,100308.0000
1764075744396553912,2025-11-25 18:32:24.393,0.330283,2.599083,101.064438,0.049093,0.007891,0.977032,0.717580,0.107470,9.896035,0.001984,0.000419,-0.006979,-0.372553,0.618683,-1.181112,100312.0000
1764075744496354764,2025-11-25 18:32:24.493,0.335371,2.591291,101.077126,0.047741,0.008106,0.976696,0.539285,0.035478,9.812027,0.005451,0.011443,0.004894,-0.371093,0.618263,-1.178719,100302.0000
1764075744596518653,2025-11-25 18:32:24.593,0.338804,2.563890,101.099396,0.043127,0.012099,0.977641,0.097649,0.026128,9.799584,0.008654,-0.001133,-0.009201,-0.373994,0.619154,-1.181098,100309.0000
1764075744696607042,2025-11-25 18:32:24.693,0.335422,2.552647,101.114159,0.043614,0.011116,0.978546,0.045508,-0.076063,9.652908,-0.002720,-0.007847,0.000673,-0.374482,0.620077,-1.182549,100303.0000
1764075744796330708,2025-11-25 18:32:24.792,0.328049,2.576091,101.099747,0.045769,0.011085,0.978286,0.400497,0.232758,9.766944,-0.003723,-0.009120,-0.006895,-0.372542,0.620126,-1.180652,100307.0000
1764075744896642412,2025-11-25 18:32:24.892,0.313199,2.567587,101.078926,0.047484,0.010118,0.976487,0.462918,0.253450,9.688072,-0.001747,0.005244,0.008754,-0.373034,0.618681,-1.181105,100304.0000
1764075744996085615,2025-11-25 18:32:24.993,0.292406,2.530502,101.070114,0.045545,0.009755,0.977302,0.531330,-0.237940,9.932760,0.000109,0.012097,-0.001296,-0.372572,0.617220,-1.182534,100305.0000
1764075745095741263,2025-11-25 18:32:25.092,0.277371,2.507756,101.056496,0.041416,0.008686,0.977390,0.463098,-0.047882,9.854790,-0.005914,-0.003286,0.007552,-0.372561,0.620076,-1.183059,100307.0000
1764075745196029152,2025-11-25 18:32:25.193,0.278009,2.535295,101.022461,0.043064,0.009413,0.978555,0.386402,0.080963,9.886430,-0.002927,-0.004582,-0.006923,-0.373971,0.622986,-1.180675,100309.0000
1764075745296916374,2025-11-25 18:32:25.293,0.287824,2.556102,100.994286,0.044266,0.008240,0.977602,0.420047,0.388696,9.764987,0.007224,0.003367,0.008016,-0.372558,0.621498,-1.183562,100307.0000
1764075745396292504,2025-11-25 18:32:25.393,0.298076,2.588413,100.966064,0.044202,0.008548,0.976095,0.456798,0.222366,9.801328,0.003857,-0.002808,0.009460,-0.373019,0.620135,-1.180164,100307.0000
1764075745496184171,2025-11-25 18:32:25.493,0.310538,2.631050,100.913666,0.047055,0.010694,0.976044,0.328147,0.174886,9.710854,0.008371,-0.000938,0.014225,-0.374465,0.618238,-1.179150,100303.0000
1764075745596345837,2025-11-25 18:32:25.593,0.308993,2.629067,100.854553,0.049929,0.012284,0.979017,0.882896,-0.015292,9.972860,-0.001392,0.007256,0.011477,-0.372060,0.621074,-1.181155,100299.0000
1764075745696055448,2025-11-25 18:32:25.693,0.288871,2.580266,100.784973,0.046423,0.012147,0.977769,0.537912,-0.139314,9.737232,-0.005528,0.002902,0.014698,-0.371092,0.622979,-1.181680,100308.0000
1764075745795948856,2025-11-25 18:32:25.792,0.264381,2.516312,100.716133,0.042678,0.010424,0.978163,0.203655,0.069035,9.689891,0.002607,0.011939,0.006050,-0.370608,0.623458,-1.181695,100305.0000
1764075745897154707,2025-11-25 18:32:25.892,0.265744,2.488081,100.646774,0.041605,0.006941,0.978445,0.517752,0.146679,9.773864,0.004877,0.003041,0.013031,-0.368686,0.622989,-1.181716,100304.0000
1764075745996686837,2025-11-25 18:32:25.993,0.290034,2.483614,100.575867,0.041416,0.007733,0.977017,0.287250,-0.165850,9.676952,0.005933,-0.000517,0.006093,-0.370140,0.622485,-1.182650,100303.0000
1764075746096061800,2025-11-25 18:32:26.093,0.320153,2.490808,100.494049,0.040387,0.011386,0.977172,0.178155,0.354967,9.635027,0.007638,-0.000823,0.008858,-0.368206,0.623459,-1.182212,100307.0000
1764075746196183392,2025-11-25 18:32:26.193,0.329085,2.507527,100.401215,0.040557,0.013389,0.976115,0.569442,0.496481,9.613987,0.000528,-0.013281,0.013425,-0.368183,0.627291,-1.181789,100307.0000
1764075746296724559,2025-11-25 18:32:26.293,0.320964,2.523086,100.319870,0.042962,0.013003,0.977886,0.472880,0.280650,9.837777,-0.007018,-0.003750,0.018418,-0.367248,0.625811,-1.184188,100303.0000
1764075746396572485,2025-11-25 18:32:26.393,0.300917,2.531885,100.262589,0.043890,0.011395,0.977684,0.212238,0.299331,9.753593,0.003374,-0.000177,0.003920,-0.367723,0.625352,-1.183211,100301.0000
1764075746496115337,2025-11-25 18:32:26.493,0.286477,2.552829,100.195351,0.042737,0.008075,0.978418,0.316254,0.089988,9.665973,-0.002555,-0.002297,0.018761,-0.366249,0.627798,-1.180862,100302.0000
1764075746596162763,2025-11-25 18:32:26.593,0.287351,2.587296,100.118912,0.044241,0.010103,0.978917,0.660979,-0.402569,9.925293,0.007528,-0.000975,0.016891,-0.363387,0.623501,-1.181320,100303.0000
1764075746696410114,2025-11-25 18:32:26.693,0.300585,2.609518,100.039711,0.045483,0.012350,0.977257,0.332431,0.629565,9.648824,0.004529,0.000872,0.009431,-0.364798,0.629237,-1.180905,100305.0000
1764075746795800892,2025-11-25 18:32:26.793,0.326674,2.635311,99.975403,0.044118,0.009352,0.977911,0.406344,-0.261279,9.870813,0.005073,-0.004235,0.012564,-0.366235,0.629718,-1.180410,100302.0000
1764075746896804318,2025-11-25 18:32:26.893,0.349758,2.642287,99.931450,0.049628,0.013073,0.977653,0.570043,0.405198,9.798850,0.009614,-0.002301,0.004935,-0.365312,0.627263,-1.183757,100307.0000
1764075746997034633,2025-11-25 18:32:26.993,0.354807,2.622663,99.896446,0.048029,0.012374,0.977458,0.437687,-0.007225,9.769106,0.003996,0.004606,0.004159,-0.364340,0.627766,-1.182816,100304.0000
1764075747095853336,2025-11-25 18:32:27.092,0.335902,2.592016,99.864929,0.046758,0.014215,0.977925,0.315427,-0.018326,9.625258,0.005423,0.003476,0.005463,-0.365782,0.628704,-1.183291,100303.0000
1764075747196501096,2025-11-25 18:32:27.193,0.306007,2.556200,99.837517,0.043875,0.012489,0.977506,0.575169,0.146073,9.784178,-0.006804,0.009071,-0.001951,-0.362408,0.630620,-1.183851,100311.0000
1764075747296244781,2025-11-25 18:32:27.293,0.273671,2.541578,99.806656,0.040510,0.008556,0.977042,0.427207,0.202615,9.784779,-0.006606,-0.001546,0.009136,-0.364801,0.630172,-1.181883,100313.0000
1764075747395817021,2025-11-25 18:32:27.393,0.254146,2.565008,99.779953,0.042630,0.007191,0.977066,0.741728,0.153177,9.935209,0.002302,-0.002235,0.008939,-0.364328,0.630154,-1.182852,100311.0000
1764075747495795873,2025-11-25 18:32:27.493,0.265597,2.607960,99.746765,0.042928,0.007304,0.976785,0.118791,0.291532,9.794870,0.006224,-0.014792,0.002644,-0.362870,0.630669,-1.181437,100306.0000
1764075747596314447,2025-11-25 18:32:27.593,0.288880,2.659183,99.709770,0.045882,0.009399,0.977301,0.511807,0.197996,9.694687,0.004366,-0.008926,0.012773,-0.361917,0.629707,-1.181918,100311.0000
1764075747696318336,2025-11-25 18:32:27.693,0.301039,2.725649,99.689857,0.047456,0.012345,0.978549,0.424431,-0.268138,9.965827,0.000024,-0.014721,0.009145,-0.365267,0.630211,-1.179950,100307.0000
1764075747795961725,2025-11-25 18:32:27.793,0.291586,2.747245,99.667442,0.052775,0.012925,0.978391,0.589134,0.312978,9.869332,-0.003577,-0.002482,-0.000250,-0.365757,0.630656,-1.181394,100299.0000
1764075747895558595,2025-11-25 18:32:27.893,0.274242,2.724244,99.651840,0.051779,0.010576,0.977734,0.472239,0.160616,9.863889,-0.005372,0.013662,0.004172,-0.363814,0.632128,-1.180001,100311.0000
1764075747996963040,2025-11-25 18:32:27.993,0.259888,2.687649,99.630150,0.049364,0.008505,0.976673,0.957254,0.206106,9.947125,0.002495,0.012022,0.014829,-0.365725,0.634040,-1.179520,100301.0000
1764075748095660614,2025-11-25 18:32:28.092,0.257280,2.636997,99.590446,0.046198,0.007996,0.976258,0.637745,-0.141892,9.773499,0.001682,0.008856,0.005079,-0.361896,0.630703,-1.180007,100307.0000
1764075748196251076,2025-11-25 18:32:28.193,0.266311,2.596954,99.532242,0.043191,0.010120,0.977173,0.214418,0.270762,9.788359,0.003648,0.006620,0.002433,-0.360461,0.632102,-1.181976,100302.0000
1764075748295582058,2025-11-25 18:32:28.292,0.278071,2.579080,99.487755,0.041624,0.010441,0.978274,0.683889,0.175106,9.820380,0.001914,-0.001289,0.006534,-0.361422,0.633043,-1.182458,100306.0000
1764075748396952762,2025-11-25 18:32:28.393,0.284393,2.572551,99.467659,0.043626,0.011840,0.979387,0.656317,0.007947,9.794209,-0.002108,0.004311,-0.005763,-0.361429,0.630197,-1.181451,100303.0000
1764075748496393984,2025-11-25 18:32:28.493,0.286818,2.569711,99.452171,0.042880,0.010121,0.977799,0.564484,0.179446,9.816936,-0.003889,-0.003605,0.004554,-0.359485,0.634027,-1.181538,100309.0000
1764075748596644335,2025-11-25 18:32:28.592,0.280685,2.561707,99.427261,0.044127,0.010384,0.977071,0.376262,0.278828,9.684031,-0.003883,0.000378,0.005503,-0.358040,0.632154,-1.180086,100307.0000
1764075748696293539,2025-11-25 18:32:28.693,0.280241,2.552540,99.408401,0.041926,0.010476,0.977325,0.152733,-0.076723,9.670775,0.006911,-0.001558,-0.000227,-0.360943,0.633513,-1.182953,100311.0000
1764075748796217224,2025-11-25 18:32:28.793,0.283892,2.539827,99.409561,0.043764,0.010070,0.976980,0.717877,0.264602,9.795992,0.000440,0.007200,0.006239,-0.360466,0.631146,-1.181961,100307.0000
1764075748896329335,2025-11-25 18:32:28.893,0.288327,2.513216,99.416740,0.041740,0.011007,0.976598,0.087847,0.388297,9.693243,-0.000869,0.005717,-0.003865,-0.360931,0.634488,-1.182005,100311.0000
1764075748995598076,2025-11-25 18:32:28.992,0.278925,2.506369,99.424095,0.041252,0.009408,0.977569,0.407369,-0.234670,9.760715,-0.003041,-0.003440,-0.002408,-0.359018,0.632108,-1.181997,100308.0000
1764075749095853372,2025-11-25 18:32:29.092,0.269267,2.521417,99.419876,0.040755,0.010930,0.979496,0.672885,0.171298,10.009139,-0.003292,-0.001734,-0.006473,-0.359031,0.633958,-1.184915,100304.0000
1764075749196111946,2025-11-25 18:32:29.193,0.257673,2.539956,99.421165,0.042510,0.009171,0.979814,0.489793,0.008606,9.880998,-0.003494,-0.002393,-0.000518,-0.360459,0.632580,-1.181983,100311.0000
1764075749296033076,2025-11-25 18:32:29.293,0.251136,2.533321,99.427887,0.044006,0.009071,0.977178,0.348846,0.143313,9.630200,0.001721,0.003225,0.002608,-0.359983,0.633039,-1.182961,100307.0000
1764075749396302631,2025-11-25 18:32:29.393,0.254690,2.509543,99.437042,0.043300,0.009156,0.976774,0.509107,0.396033,9.705205,0.005445,0.010578,0.004866,-0.359971,0.634015,-1.182012,100303.0000
1764075749496194779,2025-11-25 18:32:29.493,0.262263,2.492396,99.456955,0.041843,0.008695,0.975865,0.261624,-0.054605,9.762306,0.005573,-0.000755,-0.007261,-0.361442,0.629222,-1.182399,100309.0000
1764075749596518131,2025-11-25 18:32:29.593,0.278551,2.489480,99.470055,0.039353,0.007756,0.977441,0.178738,-0.272322,9.757020,0.002380,-0.006536,0.001181,-0.362883,0.631105,-1.183370,100311.0000
1764075749696336335,2025-11-25 18:32:29.693,0.285564,2.498119,99.479599,0.040950,0.011481,0.979641,0.529114,0.356671,9.798256,-0.004033,-0.004075,-0.009347,-0.361434,0.633012,-1.183902,100312.0000
1764075749796619650,2025-11-25 18:32:29.793,0.283539,2.506733,99.484970,0.041222,0.010109,0.978770,0.372180,0.285810,9.756795,0.003410,-0.001185,-0.002273,-0.360493,0.631075,-1.185331,100311.0000
1764075749896003853,2025-11-25 18:32:29.893,0.282229,2.512941,99.493179,0.043335,0.009175,0.977773,0.419740,-0.256706,9.831919,-0.000549,0.006173,-0.005512,-0.362862,0.631634,-1.180970,100305.0000
1764075749996735853,2025-11-25 18:32:29.993,0.281333,2.497607,99.519432,0.041631,0.010001,0.976911,0.684477,0.099486,9.822659,0.001176,0.003449,-0.002792,-0.361914,0.630185,-1.181925,100305.0000
1764075750095343186,2025-11-25 18:32:30.092,0.273230,2.474513,99.567444,0.040182,0.010527,0.975937,0.414273,0.071644,9.763224,0.008241,0.000416,-0.012753,-0.362379,0.631169,-1.180488,100311.0000
1764075750196475427,2025-11-25 18:32:30.193,0.264696,2.483171,99.611931,0.040476,0.008239,0.977421,0.226848,-0.112272,9.708932,-0.003756,-0.003079,-0.005525,-0.362365,0.631677,-1.179052,100313.0000
1764075750296490779,2025-11-25 18:32:30.293,0.266010,2.522131,99.644798,0.039922,0.009562,0.977604,0.507995,0.185258,9.761131,0.002678,-0.009163,-0.010460,-0.360945,0.631622,-1.181961,100305.0000
1764075750396346112,2025-11-25 18:32:30.393,0.278720,2.570936,99.673470,0.043128,0.007514,0.978269,0.513436,0.166329,9.827869,0.000280,-0.000039,0.005004,-0.365281,0.631115,-1.182371,100311.0000
1764075750495942020,2025-11-25 18:32:30.493,0.299717,2.609335,99.704231,0.044131,0.009040,0.976093,0.300150,0.347673,9.674175,0.007282,-0.008345,-0.008673,-0.362895,0.628717,-1.183333,100304.0000
1764075750596400186,2025-11-25 18:32:30.593,0.315934,2.615184,99.740898,0.045481,0.007823,0.978299,0.344697,-0.444661,9.834661,0.000442,0.004478,-0.005858,-0.364811,0.628261,-1.181853,100299.0000
1764075750696744445,2025-11-25 18:32:30.693,0.316442,2.616322,99.761749,0.043873,0.011881,0.977674,0.563704,0.177508,9.755386,0.004355,0.000919,-0.002948,-0.363840,0.630644,-1.182385,100307.0000
1764075750795703316,2025-11-25 18:32:30.793,0.301944,2.629596,99.752274,0.046391,0.010374,0.979273,0.785487,-0.173708,9.909544,0.001994,-0.001674,0.015352,-0.364807,0.628271,-1.181372,100303.0000
1764075750896390704,2025-11-25 18:32:30.893,0.281637,2.627795,99.728127,0.045347,0.011238,0.978082,0.207745,0.247386,9.705093,-0.005279,0.002463,-0.001250,-0.364312,0.630194,-1.180927,100309.0000
1764075750996454982,2025-11-25 18:32:30.992,0.268577,2.620281,99.698898,0.045698,0.007366,0.977202,0.155676,0.041707,9.632112,0.000774,0.001080,0.007147,-0.365301,0.628706,-1.183298,100310.0000
1764075751095642649,2025-11-25 18:32:31.093,0.265863,2.593091,99.666771,0.047516,0.008387,0.976946,0.721617,0.242377,9.868925,0.001620,0.007427,-0.003182,-0.364799,0.630650,-1.181890,100304.0000
1764075751196344186,2025-11-25 18:32:31.193,0.274585,2.551989,99.614952,0.040996,0.009262,0.975419,0.390160,0.234005,9.727662,0.003822,0.004811,0.014539,-0.363858,0.630125,-1.184304,100302.0000
1764075751296401871,2025-11-25 18:32:31.293,0.283272,2.512674,99.566765,0.040292,0.012252,0.978137,0.321615,0.627262,9.632442,-0.000813,-0.002546,0.005619,-0.361921,0.628752,-1.181903,100301.0000
1764075751396654963,2025-11-25 18:32:31.393,0.276227,2.506584,99.534546,0.039100,0.011632,0.979842,0.310251,-0.153850,9.895960,-0.001521,-0.002913,0.005519,-0.362414,0.631077,-1.184821,100306.0000
1764075751495632667,2025-11-25 18:32:31.493,0.261214,2.537334,99.507408,0.040922,0.009529,0.978235,0.860523,0.003965,9.956123,0.004218,-0.009391,0.009995,-0.360001,0.628750,-1.182413,100305.0000
1764075751596584723,2025-11-25 18:32:31.593,0.259810,2.573445,99.462151,0.043496,0.007946,0.977123,0.535917,0.198597,9.781331,-0.001956,-0.001656,0.011693,-0.362398,0.631118,-1.182895,100300.0000
1764075751695826297,2025-11-25 18:32:31.693,0.267163,2.591934,99.393990,0.045511,0.009420,0.977381,0.455699,0.094536,9.681397,0.001964,0.000834,0.007910,-0.361908,0.630673,-1.181451,100307.0000
1764075751796480408,2025-11-25 18:32:31.793,0.271819,2.572079,99.313583,0.045602,0.011227,0.977443,0.468819,0.205421,9.681418,-0.001427,0.013503,0.011279,-0.362389,0.633029,-1.182925,100309.0000
1764075751898975519,2025-11-25 18:32:31.893,0.274246,2.524247,99.233826,0.042966,0.011164,0.977803,0.339893,0.166650,9.879230,-0.000951,0.016620,0.013487,-0.358528,0.630719,-1.180057,100309.0000
1764075751996292889,2025-11-25 18:32:31.992,0.267680,2.481369,99.175751,0.040035,0.011906,0.977186,0.096125,0.212270,9.605273,0.004681,0.004660,0.017994,-0.359997,0.632531,-1.184397,100303.0000
1764075752095462796,2025-11-25 18:32:32.092,0.274277,2.475414,99.109703,0.040189,0.007777,0.977489,0.257929,-0.289903,9.869569,0.003447,-0.004028,0.008082,-0.359027,0.632555,-1.183449,100307.0000
1764075752196067574,2025-11-25 18:32:32.193,0.291761,2.500916,99.014732,0.040665,0.009484,0.977163,0.819964,0.061806,9.886967,0.005585,-0.010995,0.022901,-0.357553,0.636414,-1.182084,100301.0000
1764075752296158759,2025-11-25 18:32:32.293,0.314516,2.540637,98.905266,0.042426,0.012717,0.977624,0.561011,0.184020,9.831472,0.005110,-0.007455,0.019229,-0.355641,0.635447,-1.183061,100311.0000
1764075752396165555,2025-11-25 18:32:32.393,0.326993,2.566579,98.790398,0.043100,0.013083,0.977728,0.265497,-0.123242,9.741793,0.003104,-0.004682,0.016911,-0.356115,0.635933,-1.182580,100306.0000
1764075752496709166,2025-11-25 18:32:32.493,0.325187,2.566845,98.669083,0.043296,0.014813,0.977941,0.444736,0.172636,9.747794,-0.003283,0.004033,0.013875,-0.354177,0.636450,-1.181172,100303.0000
1764075752596161074,2025-11-25 18:32:32.593,0.312108,2.549913,98.559082,0.043121,0.014234,0.976991,0.403989,0.375052,9.842323,0.004441,0.009686,0.013089,-0.354171,0.639295,-1.182178,100309.0000
1764075752696630203,2025-11-25 18:32:32.693,0.309811,2.511349,98.469513,0.039899,0.011411,0.977791,0.491286,-0.338284,9.790346,-0.000922,0.009134,0.012354,-0.353705,0.639257,-1.184111,100302.0000
1764075752796072426,2025-11-25 18:32:32.793,0.325755,2.480610,98.402748,0.038659,0.011152,0.978329,0.639132,0.103429,9.938539,0.012590,0.000444,0.017988,-0.351305,0.641137,-1.186101,100304.0000
1764075752896261388,2025-11-25 18:32:32.893,0.349700,2.497966,98.343796,0.038856,0.013029,0.978659,0.261012,0.203440,9.846530,0.005699,-0.001847,0.015292,-0.350331,0.641172,-1.184671,100301.0000
1764075752995816888,2025-11-25 18:32:32.992,0.356452,2.541390,98.279831,0.042197,0.013864,0.979129,0.424545,0.218393,9.715988,0.004554,-0.005768,0.010616,-0.351280,0.640731,-1.182724,100308.0000
1764075753095402277,2025-11-25 18:32:33.093,0.330358,2.356602,98.274254,0.048580,0.014523,0.982619,0.303859,-0.111222,9.791683,-0.002198,0.073013,-0.009643,-0.349357,0.641207,-1.183241,100307.0000
1764075753195767981,2025-11-25 18:32:33.192,0.277199,1.719158,98.377495,0.031838,0.012034,0.984105,0.002543,0.441405,9.799644,-0.013562,0.150505,-0.026647,-0.342681,0.639194,-1.189570,100301.0000
1764075753296416629,2025-11-25 18:32:33.293,0.220737,0.733191,98.529358,-0.005324,0.007055,0.982307,-0.545158,-0.139999,9.718522,-0.006674,0.182495,-0.025319,-0.336960,0.638610,-1.195906,100311.0000
1764075753396464462,2025-11-25 18:32:33.392,0.198418,-0.250249,98.701401,-0.050666,0.004465,0.982207,-0.973177,0.554061,9.686464,0.001523,0.155166,-0.026532,-0.328880,0.635557,-1.206573,100305.0000
1764075753495757740,2025-11-25 18:32:33.493,0.212823,-0.898266,98.866669,-0.082020,0.001994,0.981658,-0.714927,-0.162264,9.941138,0.016041,0.081882,-0.021556,-0.325559,0.635917,-1.212888,100299.0000
1764075753596428962,2025-11-25 18:32:33.593,0.273859,-1.157014,98.956886,-0.091862,0.003475,0.976585,-1.041174,0.128405,9.673240,0.014583,0.015506,-0.013238,-0.321253,0.637288,-1.216825,100307.0000
1764075753696723999,2025-11-25 18:32:33.693,0.340426,-1.212596,99.042603,-0.081675,0.011485,0.973135,-0.822806,0.280193,9.650318,0.014117,-0.005480,-0.017093,-0.322222,0.635850,-1.216789,100308.0000
1764075753796405795,2025-11-25 18:32:33.793,0.361134,-1.138141,99.127258,-0.070989,0.011966,0.971331,-0.735306,-0.072731,9.810985,-0.000205,-0.013656,-0.009719,-0.322259,0.631511,-1.218649,100313.0000
1764075753896374925,2025-11-25 18:32:33.893,0.369433,-1.115634,99.224426,-0.064938,0.011554,0.977083,-1.363275,0.262263,9.781183,0.007725,0.024128,-0.030203,-0.323698,0.630102,-1.217161,100309.0000
1764075753996325832,2025-11-25 18:32:33.992,0.308658,-1.245233,99.260033,-0.094094,0.018740,0.969727,0.199420,2.042833,9.668798,-0.024630,0.005208,0.017596,-0.324193,0.629591,-1.218591,100303.0000
1764075754095575832,2025-11-25 18:32:34.093,0.232904,-1.272191,99.331856,-0.112569,0.007356,0.972088,-1.862228,-0.802734,9.544145,-0.013848,-0.018129,-0.031358,-0.326103,0.631036,-1.217621,100305.0000
1764075754196693647,2025-11-25 18:32:34.193,0.169886,-0.919890,99.390327,-0.111439,0.002292,0.967784,-0.906167,-0.538692,9.690063,0.010609,-0.110657,-0.006825,-0.327042,0.631093,-1.214719,100305.0000
1764075754296791388,2025-11-25 18:32:34.293,0.199025,-0.197903,99.381927,-0.084512,-0.001000,0.972347,-0.214380,-0.223998,9.798339,0.004904,-0.154997,0.027627,-0.336114,0.631235,-1.205919,100304.0000
1764075754396469258,2025-11-25 18:32:34.393,0.257373,0.682556,99.346252,-0.045792,0.013030,0.974078,-0.429329,0.715516,9.470218,0.007306,-0.150638,-0.008897,-0.343751,0.633721,-1.199584,100307.0000
1764075754496677628,2025-11-25 18:32:34.493,0.309747,1.429485,99.357033,-0.003692,0.011037,0.978213,-0.027052,0.439918,9.541658,0.006639,-0.105718,0.003871,-0.349487,0.630495,-1.192708,100309.0000
1764075754595952554,2025-11-25 18:32:34.593,0.318961,1.827690,99.377235,0.023231,0.014986,0.983640,0.457306,0.731413,9.909435,-0.005563,-0.034844,-0.020901,-0.352820,0.630571,-1.188326,100310.0000
1764075754695668258,2025-11-25 18:32:34.692,0.276992,1.792346,99.361977,0.039286,0.010847,0.985757,0.247474,-0.076299,9.775498,-0.005260,0.049614,0.012384,-0.354271,0.630544,-1.189267,100305.0000
1764075754795912721,2025-11-25 18:32:34.792,0.219051,1.369216,99.340614,0.034152,0.011978,0.987640,0.035030,0.489996,9.688744,-0.011859,0.096916,-0.007398,-0.352840,0.634291,-1.193198,100305.0000
1764075754896367184,2025-11-25 18:32:34.892,0.187283,0.747280,99.338631,0.011431,0.004928,0.984048,0.017394,0.445933,9.908278,-0.001938,0.105447,-0.002989,-0.343248,0.635665,-1.198176,100303.0000
1764075754996400332,2025-11-25 18:32:34.992,0.190457,0.178264,99.332809,-0.010703,0.005611,0.980639,-0.399320,0.302750,9.807784,0.004897,0.074118,0.005474,-0.337037,0.634636,-1.203068,100304.0000
1764075755095485035,2025-11-25 18:32:35.092,0.224259,-0.150615,99.299789,-0.030820,0.003930,0.978378,-0.373912,-0.143468,9.766758,0.003397,0.023990,0.014328,-0.334664,0.634087,-1.206947,100302.0000
1764075755196410554,2025-11-25 18:32:35.193,0.268028,-0.124745,99.245850,-0.038845,0.010312,0.972579,-0.368772,0.000960,9.705464,0.009111,-0.034130,0.014446,-0.331819,0.631163,-1.210315,100310.0000
1764075755296044739,2025-11-25 18:32:35.293,0.279126,0.198598,99.186501,-0.028078,0.011412,0.971909,-0.301826,-0.006072,9.636629,-0.002382,-0.070860,0.014618,-0.337534,0.633647,-1.204490,100304.0000
1764075755395871405,2025-11-25 18:32:35.393,0.254138,0.654595,99.116959,-0.007743,0.010944,0.972394,-0.017357,0.033976,9.697893,-0.003646,-0.077776,0.008097,-0.339906,0.632783,-1.199626,100305.0000
1764075755495916720,2025-11-25 18:32:35.493,0.208291,1.049388,99.054085,0.013048,0.009623,0.975244,0.267741,0.096844,9.765034,-0.009265,-0.058242,0.012551,-0.344190,0.636657,-1.196251,100305.0000
1764075755596214072,2025-11-25 18:32:35.593,0.188183,1.259379,99.007744,0.024608,0.005835,0.979219,0.250108,0.081962,9.724029,-0.003205,-0.022290,0.006085,-0.347072,0.636187,-1.195238,100307.0000
1764075755696147220,2025-11-25 18:32:35.693,0.208636,1.313054,98.981506,0.028185,0.005813,0.980464,0.347697,0.058697,9.830333,0.005956,0.000143,0.007445,-0.345143,0.634793,-1.193800,100307.0000
1764075755796448627,2025-11-25 18:32:35.793,0.255020,1.233248,98.972168,0.029934,0.007558,0.983956,0.222152,0.148110,9.799124,0.009268,0.021271,-0.002356,-0.342259,0.635741,-1.194821,100305.0000
1764075755896103201,2025-11-25 18:32:35.893,0.309481,1.047161,98.956963,0.026356,0.009716,0.983122,0.236134,0.141421,9.811013,0.010373,0.042762,0.004382,-0.344686,0.633788,-1.196200,100307.0000
1764075755997037313,2025-11-25 18:32:35.993,0.331872,0.816015,98.932610,0.017177,0.012625,0.980831,0.093725,0.163019,9.821094,0.002984,0.039505,0.003853,-0.341804,0.636616,-1.198694,100301.0000
1764075756095530405,2025-11-25 18:32:36.092,0.305096,0.623539,98.936424,0.006786,0.014822,0.979760,0.017414,0.051656,9.771877,-0.005451,0.029019,-0.006110,-0.340367,0.636135,-1.199189,100302.0000
1764075756196825498,2025-11-25 18:32:36.193,0.239846,0.534228,98.983757,-0.001794,0.012610,0.976692,-0.091025,0.184863,9.765071,-0.009042,0.004573,-0.012718,-0.336996,0.636628,-1.199246,100297.0000
1764075756295656479,2025-11-25 18:32:36.292,0.179216,0.573554,99.046608,-0.001819,0.007202,0.976102,-0.075144,-0.054829,9.670527,-0.006333,-0.020451,-0.006995,-0.340346,0.637131,-1.197278,100309.0000
1764075756396200960,2025-11-25 18:32:36.393,0.176005,0.727307,99.085007,0.004918,0.004599,0.975254,0.110123,0.028784,9.761575,0.007404,-0.034564,-0.004816,-0.340844,0.633785,-1.197219,100298.0000
1764075756497095923,2025-11-25 18:32:36.493,0.239348,0.913399,99.102608,0.014040,0.003668,0.976192,0.189120,0.060513,9.736786,0.010296,-0.031757,0.000378,-0.344194,0.635234,-1.195748,100307.0000
1764075756596766368,2025-11-25 18:32:36.593,0.333819,1.049892,99.134430,0.022262,0.008478,0.977715,0.302566,0.148687,9.821085,0.020813,-0.018372,-0.010470,-0.344689,0.634724,-1.197177,100304.0000
1764075756696210608,2025-11-25 18:32:36.693,0.391706,1.095253,99.188156,0.025948,0.014552,0.978951,0.286953,0.177073,9.776519,0.006713,-0.000204,-0.007393,-0.346133,0.631414,-1.195179,100312.0000
1764075756796280664,2025-11-25 18:32:36.793,0.382627,1.046476,99.262016,0.024553,0.017118,0.981046,0.246257,0.161187,9.826600,-0.003445,0.016493,-0.016239,-0.347096,0.632822,-1.196150,100301.0000
1764075756896049423,2025-11-25 18:32:36.893,0.316617,0.928828,99.336479,0.020339,0.015326,0.980698,0.121486,0.143589,9.774323,-0.013887,0.018750,-0.010724,-0.347106,0.630911,-1.196120,100311.0000
1764075756996207127,2025-11-25 18:32:36.993,0.237354,0.794506,99.410065,0.015278,0.010144,0.980644,0.114821,0.037728,9.806138,-0.013348,0.022059,-0.018629,-0.346132,0.630947,-1.194690,100309.0000
1764075757095573071,2025-11-25 18:32:37.092,0.205921,0.686326,99.499451,0.009935,0.005528,0.978619,0.032708,0.074000,9.748301,0.005135,0.010058,-0.013421,-0.346177,0.630357,-1.199978,100308.0000
1764075757195506145,2025-11-25 18:32:37.192,0.243944,0.637514,99.603081,0.006834,0.004578,0.977451,0.103578,0.019885,9.805820,0.013021,-0.000689,-0.023529,-0.343757,0.630876,-1.198577,100300.0000
1764075757296412867,2025-11-25 18:32:37.293,0.313602,0.658381,99.705147,0.005693,0.008333,0.977203,0.089889,0.077667,9.810254,0.016102,-0.010858,-0.014309,-0.345675,0.629942,-1.197090,100307.0000
1764075757396622682,2025-11-25 18:32:37.393,0.358170,0.747360,99.800171,0.007287,0.013566,0.976989,0.127471,0.086740,9.785857,0.010565,-0.019775,-0.016844,-0.348574,0.628954,-1.197996,100304.0000
1764075757496047052,2025-11-25 18:32:37.493,0.344893,0.855225,99.896118,0.013175,0.015214,0.978142,0.163345,0.201806,9.750145,-0.006487,-0.019038,-0.015871,-0.349068,0.624205,-1.196471,100306.0000
1764075757596369200,2025-11-25 18:32:37.593,0.296443,0.922214,100.007553,0.018395,0.012813,0.978571,0.204884,0.030911,9.785694,-0.003810,-0.007931,-0.022503,-0.352422,0.626111,-1.195969,100303.0000
1764075757696510145,2025-11-25 18:32:37.693,0.257994,0.919373,100.127090,0.021115,0.008077,0.978998,0.198203,0.122260,9.797708,-0.009081,0.008094,-0.020304,-0.350002,0.627575,-1.195064,100305.0000
1764075757796636867,2025-11-25 18:32:37.793,0.261376,0.834199,100.232468,0.019546,0.005016,0.979747,0.213582,-0.020378,9.810476,0.004417,0.015450,-0.014728,-0.353879,0.624184,-1.196400,100305.0000
1764075757896348348,2025-11-25 18:32:37.893,0.306446,0.713091,100.305107,0.014088,0.007349,0.979555,0.108555,0.215523,9.796319,0.010364,0.017211,-0.008875,-0.351019,0.622713,-1.198827,100305.0000
1764075757997070330,2025-11-25 18:32:37.992,0.353099,0.617004,100.367203,0.008064,0.011540,0.979591,0.105113,0.034858,9.827077,0.006638,0.009849,-0.010608,-0.354873,0.623153,-1.199740,100309.0000
1764075758095680237,2025-11-25 18:32:38.092,0.365415,0.587525,100.437477,0.003880,0.014028,0.978054,-0.026646,0.219069,9.756564,-0.002817,-0.001451,-0.012149,-0.352942,0.622236,-1.198310,100305.0000
1764075758197046015,2025-11-25 18:32:38.193,0.332886,0.627451,100.516342,0.004507,0.012752,0.976931,0.092194,0.046729,9.774254,-0.009312,-0.013717,-0.012256,-0.351985,0.622698,-1.199294,100305.0000
1764075758296027589,2025-11-25 18:32:38.293,0.281099,0.698067,100.581459,0.008483,0.010166,0.977244,0.065639,0.202383,9.747565,-0.006643,-0.015493,-0.005152,-0.353910,0.622689,-1.199266,100310.0000
1764075758396627644,2025-11-25 18:32:38.393,0.257710,0.738259,100.607864,0.012182,0.006974,0.978433,0.223458,0.050969,9.807881,-0.003720,-0.002953,-0.000609,-0.354839,0.622299,-1.194912,100303.0000
1764075758496360330,2025-11-25 18:32:38.493,0.267113,0.741288,100.596008,0.012333,0.006773,0.979394,0.127180,0.136968,9.791198,0.002457,0.001402,0.005977,-0.356768,0.622280,-1.195365,100308.0000
1764075758596736181,2025-11-25 18:32:38.593,0.303857,0.723375,100.572464,0.011692,0.008963,0.979665,0.094793,0.056091,9.789609,0.003789,0.000945,0.002299,-0.354866,0.620815,-1.197297,100308.0000
1764075758695583181,2025-11-25 18:32:38.693,0.346630,0.692757,100.548531,0.011880,0.011119,0.979312,0.166434,0.376484,9.768603,0.004313,0.004008,0.005243,-0.354402,0.621244,-1.199718,100305.0000
1764075758796574348,2025-11-25 18:32:38.793,0.366839,0.666466,100.511368,0.010486,0.012238,0.978778,0.075466,0.005945,9.726395,0.001168,-0.000095,0.007420,-0.353923,0.623127,-1.201199,100307.0000
1764075758896528348,2025-11-25 18:32:38.893,0.348253,0.652043,100.463356,0.008956,0.012388,0.977705,0.114388,0.266123,9.816612,-0.006710,0.001821,0.011869,-0.353912,0.619854,-1.197778,100309.0000
1764075758996811774,2025-11-25 18:32:38.993,0.302291,0.664039,100.412743,0.007844,0.011861,0.977338,0.137815,0.120613,9.744560,-0.003688,-0.002388,0.010306,-0.354385,0.623175,-1.198785,100305.0000
1764075759095833644,2025-11-25 18:32:39.093,0.258440,0.715253,100.355118,0.008755,0.008596,0.977525,0.066782,0.072677,9.764150,-0.003649,-0.014408,0.013610,-0.351979,0.624599,-1.199805,100309.0000
1764075759197055737,2025-11-25 18:32:39.193,0.252715,0.774005,100.271812,0.012700,0.005777,0.978345,0.145431,-0.025771,9.743512,0.005567,-0.012648,0.020186,-0.354366,0.624639,-1.197363,100305.0000
1764075759295952125,2025-11-25 18:32:39.293,0.282400,0.809611,100.173363,0.016302,0.006564,0.979109,0.139928,0.154010,9.774279,0.008951,-0.005736,0.015425,-0.354359,0.626072,-1.197385,100301.0000
1764075759396079718,2025-11-25 18:32:39.392,0.329829,0.816040,100.091820,0.018388,0.009265,0.978817,0.184909,0.041362,9.786810,0.012525,0.000665,0.014644,-0.352917,0.626546,-1.197895,100307.0000
1764075759495818903,2025-11-25 18:32:39.493,0.355979,0.790553,100.035271,0.017995,0.013219,0.979562,0.183170,0.199046,9.829541,0.006871,0.002989,0.006389,-0.350047,0.624628,-1.198871,100301.0000
1764075759596618977,2025-11-25 18:32:39.593,0.341157,0.749740,100.001213,0.015965,0.013173,0.979099,0.144216,0.067788,9.766282,-0.008488,0.006970,0.008550,-0.350029,0.627504,-1.198433,100301.0000
1764075759696973384,2025-11-25 18:32:39.693,0.297280,0.723366,99.958847,0.012919,0.011265,0.978680,0.122755,0.136729,9.803591,-0.006419,0.004320,0.009458,-0.350501,0.627055,-1.196975,100309.0000
1764075759796502792,2025-11-25 18:32:39.793,0.256565,0.724202,99.897568,0.012383,0.007415,0.978424,0.130305,-0.005645,9.768304,-0.008660,0.000271,0.012193,-0.350486,0.629921,-1.197019,100309.0000
1764075759896631847,2025-11-25 18:32:39.893,0.247424,0.742270,99.826286,0.013481,0.006566,0.977988,0.142083,0.123301,9.805037,-0.001052,-0.007241,0.008976,-0.347610,0.627078,-1.196536,100305.0000
1764075759996325143,2025-11-25 18:32:39.993,0.275027,0.755050,99.761665,0.015598,0.006909,0.978090,0.150236,0.039295,9.749187,0.003759,-0.000106,0.016009,-0.349510,0.630433,-1.195596,100304.0000
1764075760095612921,2025-11-25 18:32:40.092,0.323592,0.753957,99.712769,0.016722,0.009676,0.978510,0.169794,0.161959,9.807063,0.011443,0.000009,0.005517,-0.349046,0.630862,-1.198018,100309.0000
1764075760196586792,2025-11-25 18:32:40.193,0.352064,0.729094,99.676506,0.016691,0.011898,0.978537,0.149185,0.088597,9.763107,0.003174,0.003121,0.010183,-0.346651,0.629430,-1.198512,100308.0000
1764075760296071921,2025-11-25 18:32:40.293,0.348554,0.699091,99.645821,0.014361,0.013003,0.978335,0.158195,0.153054,9.810732,-0.000598,0.002897,0.002436,-0.344724,0.628504,-1.197563,100304.0000
1764075760396676236,2025-11-25 18:32:40.393,0.313668,0.683683,99.612259,0.012660,0.011130,0.977641,0.123227,0.065237,9.749562,-0.005868,-0.000280,0.011744,-0.348092,0.628488,-1.197514,100309.0000
1764075760496316477,2025-11-25 18:32:40.493,0.281572,0.693518,99.581520,0.012512,0.008826,0.978201,0.148854,0.112531,9.823050,-0.004704,-0.004790,-0.000594,-0.346155,0.630885,-1.197579,100304.0000
1764075760596645717,2025-11-25 18:32:40.593,0.266859,0.721235,99.543159,0.013449,0.006677,0.978843,0.118307,0.028742,9.765924,0.002409,-0.008925,0.014132,-0.347600,0.631346,-1.198046,100300.0000
1764075760696635273,2025-11-25 18:32:40.692,0.285993,0.747070,99.499001,0.014897,0.007392,0.979609,0.172030,0.101856,9.829286,0.004978,-0.003633,0.003854,-0.344688,0.633311,-1.196193,100306.0000
1764075760796543495,2025-11-25 18:32:40.793,0.319039,0.741946,99.463501,0.016392,0.009665,0.979694,-0.000875,0.181094,9.733352,0.010212,0.003118,0.013969,-0.345685,0.631802,-1.199526,100307.0000
1764075760896301606,2025-11-25 18:32:40.893,0.343201,0.715565,99.447693,0.016466,0.011630,0.978756,0.176283,0.181236,9.811986,-0.000236,0.004973,0.000228,-0.346642,0.631340,-1.198542,100309.0000
1764075760997409810,2025-11-25 18:32:40.993,0.339453,0.672927,99.450577,0.014174,0.012225,0.977386,0.119000,0.089233,9.741007,0.003995,0.003993,0.004506,-0.346148,0.632318,-1.197601,100303.0000
1764075761095648606,2025-11-25 18:32:41.093,0.317187,0.642587,99.460953,0.012098,0.010037,0.977414,0.185644,0.023610,9.823501,-0.007442,-0.001023,-0.002767,-0.346658,0.630355,-1.199971,100298.0000
1764075761196713124,2025-11-25 18:32:41.193,0.295546,0.642820,99.454124,0.011175,0.008920,0.977614,0.121306,0.118919,9.760056,-0.000256,-0.003993,0.009772,-0.345191,0.632780,-1.198585,100301.0000
1764075761295691180,2025-11-25 18:32:41.293,0.286030,0.665557,99.435600,0.011620,0.008234,0.978331,0.114628,0.085328,9.794940,-0.000769,-0.004562,-0.000078,-0.344235,0.629939,-1.197593,100301.0000
1764075761395832235,2025-11-25 18:32:41.393,0.294210,0.698474,99.414574,0.013435,0.008416,0.978494,0.108464,0.132481,9.739880,0.006521,-0.004720,0.006674,-0.342791,0.632303,-1.199095,100299.0000
1764075761496370531,2025-11-25 18:32:41.493,0.307120,0.721715,99.404991,0.015687,0.009815,0.978830,0.189009,0.099648,9.803733,0.002398,-0.002552,-0.004558,-0.346129,0.634727,-1.196675,100301.0000
1764075761596715031,2025-11-25 18:32:41.593,0.328278,0.728463,99.407410,0.016527,0.010608,0.978790,0.124261,0.190007,9.771771,0.004789,-0.000678,-0.000786,-0.345672,0.631365,-1.197593,100309.0000
1764075761696003068,2025-11-25 18:32:41.692,0.342588,0.717539,99.422462,0.016304,0.010388,0.978754,0.171742,0.163826,9.813459,-0.000918,0.003183,-0.005779,-0.345196,0.629467,-1.197090,100309.0000
1764075761796226716,2025-11-25 18:32:41.793,0.337014,0.693498,99.436081,0.014863,0.010653,0.978713,0.129327,0.167215,9.755095,-0.004923,0.001085,0.004676,-0.342785,0.632791,-1.198621,100309.0000
1764075761897320865,2025-11-25 18:32:41.892,0.313669,0.672367,99.443825,0.013328,0.010549,0.978832,0.161716,0.063318,9.816822,-0.006583,0.006214,-0.004718,-0.344231,0.630894,-1.197607,100305.0000
1764075761996105272,2025-11-25 18:32:41.993,0.294828,0.661771,99.439613,0.012387,0.009257,0.978936,0.086081,0.132256,9.763452,0.003091,-0.001098,0.005166,-0.347596,0.631357,-1.197565,100314.0000
1764075762095524957,2025-11-25 18:32:42.092,0.291088,0.665669,99.429031,0.012249,0.008566,0.978022,0.144330,0.018431,9.796700,0.000404,-0.000699,-0.002542,-0.346142,0.632806,-1.197127,100304.0000
1764075762196491013,2025-11-25 18:32:42.193,0.308039,0.679686,99.420151,0.013282,0.008285,0.977933,0.084019,0.070466,9.751078,0.005299,-0.004924,0.007332,-0.342775,0.633289,-1.197665,100311.0000
1764075762296612624,2025-11-25 18:32:42.293,0.328710,0.696200,99.430626,0.014536,0.009292,0.978285,0.190423,-0.020526,9.795827,0.006778,-0.001792,-0.006301,-0.345195,0.632770,-1.199067,100304.0000
1764075762396540790,2025-11-25 18:32:42.392,0.345720,0.708694,99.458794,0.015012,0.011180,0.978140,0.121839,0.162434,9.766927,0.005701,-0.001510,-0.005458,-0.346635,0.632773,-1.198564,100308.0000
1764075762496359531,2025-11-25 18:32:42.492,0.350171,0.707281,99.491310,0.015517,0.011835,0.979116,0.193569,-0.025465,9.813156,0.001538,0.000893,-0.004524,-0.347578,0.631875,-1.195647,100303.0000
1764075762596454975,2025-11-25 18:32:42.593,0.336559,0.696858,99.511726,0.015084,0.011373,0.979150,0.125474,0.181893,9.798664,-0.006615,-0.000086,-0.001371,-0.346181,0.627989,-1.198979,100307.0000
1764075762696477846,2025-11-25 18:32:42.693,0.312787,0.683707,99.526939,0.014822,0.009696,0.978993,0.168273,0.000370,9.804838,-0.001364,0.002923,-0.002146,-0.345188,0.631845,-1.197608,100304.0000
1764075762796040123,2025-11-25 18:32:42.793,0.297619,0.670998,99.541542,0.013848,0.008661,0.978350,0.111506,0.158019,9.779716,-0.004709,0.004092,-0.003233,-0.345189,0.630900,-1.197111,100303.0000
1764075762896627938,2025-11-25 18:32:42.893,0.305907,0.663899,99.563423,0.013645,0.008013,0.977895,0.184477,0.023371,9.781295,0.005777,-0.002486,-0.005986,-0.348077,0.631354,-1.197558,100310.0000
1764075762996414012,2025-11-25 18:32:42.992,0.332139,0.666098,99.595375,0.013013,0.008687,0.977892,0.121792,0.197889,9.773139,-0.002079,-0.001409,-0.007454,-0.346624,0.631859,-1.196624,100307.0000
1764075763095452679,2025-11-25 18:32:43.092,0.362796,0.674366,99.642410,0.013553,0.010643,0.978350,0.164326,0.061835,9.778640,0.008244,-0.002980,-0.006994,-0.348564,0.629452,-1.197040,100297.0000
1764075763196315790,2025-11-25 18:32:43.193,0.373322,0.683113,99.697174,0.013618,0.012711,0.978501,0.128045,0.249544,9.788835,0.003051,-0.001779,-0.008001,-0.349065,0.627041,-1.197959,100307.0000
1764075763296158938,2025-11-25 18:32:43.293,0.357220,0.702395,99.750359,0.014347,0.011685,0.978674,0.184325,0.026041,9.792285,-0.007596,-0.003529,-0.008145,-0.348549,0.629492,-1.195114,100299.0000
1764075763396311956,2025-11-25 18:32:43.393,0.325211,0.711730,99.794037,0.015038,0.010703,0.978340,0.145730,0.184177,9.790848,-0.002688,-0.003710,-0.007217,-0.347600,0.627576,-1.195581,100303.0000
1764075763496742660,2025-11-25 18:32:43.493,0.303489,0.709258,99.829155,0.016095,0.008264,0.978525,0.163090,-0.023779,9.784135,-0.001104,0.003056,-0.005810,-0.350035,0.627016,-1.198908,100309.0000
1764075763595894215,2025-11-25 18:32:43.593,0.306135,0.697198,99.873299,0.015780,0.007471,0.978830,0.140073,0.158961,9.801821,0.007097,-0.000887,-0.006720,-0.349057,0.629419,-1.198477,100307.0000
1764075763696196030,2025-11-25 18:32:43.693,0.337653,0.671015,99.932014,0.015162,0.008293,0.979447,0.171990,0.013443,9.797302,0.009296,0.003959,-0.012756,-0.349033,0.630425,-1.196085,100302.0000
1764075763796340345,2025-11-25 18:32:43.793,0.371007,0.643823,100.008110,0.013289,0.011400,0.979101,0.100933,0.225581,9.782703,0.002656,0.002886,-0.015543,-0.348581,0.628466,-1.198469,100309.0000
1764075763898070271,2025-11-25 18:32:43.893,0.385741,0.630193,100.093552,0.012029,0.012300,0.978328,0.151476,0.034198,9.791890,0.005306,-0.000813,-0.014018,-0.351461,0.627528,-1.196968,100310.0000
1764075763996190326,2025-11-25 18:32:43.993,0.374344,0.644054,100.167618,0.011918,0.012855,0.977289,0.113541,0.211361,9.770744,-0.006679,-0.006053,-0.012812,-0.351478,0.625597,-1.197901,100311.0000
1764075764096044882,2025-11-25 18:32:44.092,0.348799,0.677823,100.225266,0.013068,0.010330,0.977371,0.169426,0.008537,9.770931,-0.001117,-0.007744,-0.005463,-0.350979,0.626118,-1.195990,100304.0000
1764075764196213048,2025-11-25 18:32:44.193,0.322524,0.713492,100.280396,0.014774,0.009117,0.977943,0.127896,0.165722,9.770365,-0.006836,-0.003083,-0.011514,-0.352903,0.627054,-1.196458,100301.0000
1764075764295807030,2025-11-25 18:32:44.293,0.319274,0.726710,100.339584,0.016646,0.007114,0.978984,0.178141,-0.006885,9.785238,0.008853,-0.004214,-0.007376,-0.352430,0.624678,-1.195947,100309.0000
1764075764396379085,2025-11-25 18:32:44.393,0.340305,0.712446,100.410805,0.016620,0.008097,0.979579,0.141877,0.155805,9.815907,0.004850,0.000426,-0.012849,-0.352440,0.621822,-1.195422,100306.0000
1764075764496479159,2025-11-25 18:32:44.493,0.380177,0.676771,100.492004,0.016241,0.009388,0.979018,0.155112,0.023785,9.787019,0.007830,0.008097,-0.011827,-0.356761,0.623713,-1.195387,100301.0000
1764075764596136456,2025-11-25 18:32:44.593,0.407457,0.642018,100.576836,0.014516,0.011951,0.978293,0.154695,0.204772,9.792006,0.005330,0.003799,-0.013899,-0.354369,0.620858,-1.195379,100314.0000
1764075764696388326,2025-11-25 18:32:44.692,0.410261,0.622856,100.659363,0.012534,0.012622,0.978145,0.122016,0.041222,9.779599,-0.001019,0.003326,-0.011420,-0.355359,0.620782,-1.198734,100303.0000
1764075764795988696,2025-11-25 18:32:44.793,0.385232,0.631493,100.733795,0.011745,0.012295,0.978177,0.120981,0.184112,9.804795,-0.001367,-0.007485,-0.013502,-0.356789,0.620339,-1.196780,100301.0000
1764075764897176881,2025-11-25 18:32:44.892,0.349986,0.650326,100.796349,0.012826,0.009615,0.978691,0.129437,0.007951,9.756941,-0.006864,-0.001774,-0.008300,-0.357760,0.619369,-1.197232,100307.0000
1764075764996538955,2025-11-25 18:32:44.993,0.332713,0.670423,100.857094,0.014394,0.007913,0.978852,0.141871,0.138768,9.801237,0.001156,-0.000314,-0.010610,-0.355827,0.620343,-1.196794,100307.0000
1764075765095673400,2025-11-25 18:32:45.092,0.344541,0.675849,100.934280,0.015632,0.006760,0.978196,0.153535,-0.003615,9.753356,0.003703,-0.001058,-0.012480,-0.359691,0.618873,-1.197678,100303.0000
1764075765196359585,2025-11-25 18:32:45.193,0.379943,0.664926,101.014763,0.015021,0.008772,0.978182,0.076059,0.046608,9.818772,0.012840,0.002736,-0.014878,-0.359219,0.617909,-1.198152,100301.0000
1764075765296307529,2025-11-25 18:32:45.293,0.414706,0.638064,101.091911,0.014119,0.011187,0.978652,0.135681,0.029876,9.780334,-0.000492,0.002112,-0.010978,-0.357301,0.616485,-1.198158,100306.0000
1764075765395802418,2025-11-25 18:32:45.393,0.428493,0.624892,101.155334,0.011964,0.013812,0.978814,0.125876,0.208940,9.822453,0.002879,-0.003207,-0.010635,-0.358749,0.615523,-1.198122,100305.0000
1764075765496601807,2025-11-25 18:32:45.493,0.408040,0.624540,101.211021,0.012126,0.012534,0.979114,0.123182,0.087124,9.741091,-0.006377,-0.000405,-0.002205,-0.361622,0.616018,-1.196643,100307.0000
1764075765596083436,2025-11-25 18:32:45.593,0.372136,0.631564,101.260109,0.013528,0.010730,0.978755,0.149747,0.119896,9.813159,-0.004569,-0.002129,-0.009825,-0.364521,0.615975,-1.198044,100305.0000
1764075765699911936,2025-11-25 18:32:45.693,0.349600,0.630090,101.311577,0.014615,0.007848,0.977840,0.103570,0.115153,9.737154,0.001792,0.001597,-0.005899,-0.361146,0.616478,-1.197620,100311.0000
1764075765796885436,2025-11-25 18:32:45.793,0.362104,0.611976,101.364845,0.013839,0.006691,0.977480,0.113071,0.114039,9.791352,0.004553,0.002861,-0.015062,-0.364522,0.615030,-1.197548,100312.0000
1764075765896385288,2025-11-25 18:32:45.893,0.396036,0.588824,101.408516,0.011710,0.007751,0.977620,0.060267,0.011111,9.758944,0.005089,0.008901,-0.000701,-0.360192,0.616462,-1.198597,100300.0000
1764075765996045473,2025-11-25 18:32:45.993,0.430696,0.583682,101.441551,0.010179,0.011684,0.978787,0.104065,0.205976,9.836699,0.009299,-0.001274,-0.008144,-0.360654,0.615565,-1.195687,100307.0000
1764075766095839251,2025-11-25 18:32:46.092,0.448344,0.604988,101.464226,0.010083,0.012727,0.979313,0.099234,0.110367,9.770338,-0.001846,-0.003659,0.003122,-0.362131,0.613587,-1.198525,100307.0000
1764075766196664399,2025-11-25 18:32:46.193,0.438191,0.636302,101.481636,0.011858,0.012555,0.979367,0.136779,0.134946,9.820014,0.000121,-0.006941,-0.005621,-0.364056,0.611221,-1.197015,100307.0000
1764075766296704732,2025-11-25 18:32:46.293,0.408105,0.650177,101.492157,0.014806,0.010004,0.979047,0.138380,0.008834,9.765655,-0.002961,0.001909,0.004746,-0.364532,0.610761,-1.196038,100303.0000
1764075766396002769,2025-11-25 18:32:46.393,0.389135,0.612068,101.484268,0.015367,0.009276,0.978597,0.138804,0.079755,9.774865,-0.000144,0.007744,0.000690,-0.362628,0.613544,-1.200443,100305.0000
1764075766496298362,2025-11-25 18:32:46.493,0.396133,0.546671,101.460571,0.012036,0.008326,0.978364,0.113201,0.158497,9.797887,0.000141,0.006748,0.008596,-0.363083,0.616439,-1.199036,100300.0000
1764075766596861491,2025-11-25 18:32:46.592,0.410434,0.497849,101.424553,0.007524,0.009698,0.977805,0.068780,0.188079,9.782807,0.006075,-0.002939,0.003281,-0.360183,0.615069,-1.196650,100307.0000
1764075766696286769,2025-11-25 18:32:46.693,0.426947,0.500114,101.377296,0.005892,0.009454,0.977171,0.030118,0.048461,9.703621,0.001782,-0.003929,0.015544,-0.360193,0.615516,-1.198101,100304.0000
1764075766796295954,2025-11-25 18:32:46.793,0.436023,0.545150,101.323593,0.007729,0.010339,0.977573,0.112798,0.024209,9.816247,0.002965,-0.011386,0.009293,-0.362110,0.616941,-1.198094,100302.0000
1764075766896528454,2025-11-25 18:32:46.892,0.441999,0.608012,101.258469,0.010689,0.009928,0.977890,0.106522,0.141582,9.746746,0.001025,-0.012865,0.014643,-0.362132,0.614054,-1.199013,100308.0000
1764075766996991528,2025-11-25 18:32:46.992,0.440619,0.678225,101.199364,0.014019,0.011033,0.978579,0.196513,0.046799,9.836325,0.001294,-0.014123,0.009151,-0.360650,0.618879,-1.197182,100311.0000
1764075767095515676,2025-11-25 18:32:47.092,0.428817,0.740080,101.150040,0.017343,0.011253,0.980184,0.188426,0.130473,9.774994,-0.004277,-0.009983,0.008341,-0.361128,0.617941,-1.196198,100305.0000
1764075767195984750,2025-11-25 18:32:47.193,0.412987,0.769712,101.101799,0.019662,0.010705,0.980467,0.204118,0.061263,9.826210,0.001428,-0.007005,0.004943,-0.359679,0.617491,-1.195249,100307.0000
1764075767296645695,2025-11-25 18:32:47.293,0.407204,0.742348,101.047447,0.020595,0.009119,0.979214,0.149304,0.131360,9.758307,-0.003523,0.007713,0.011678,-0.358711,0.617038,-1.194293,100308.0000
1764075767396600324,2025-11-25 18:32:47.393,0.413885,0.669589,101.001129,0.018590,0.008782,0.977708,0.190584,0.055985,9.799866,0.007807,0.011575,0.006348,-0.357776,0.616971,-1.197677,100305.0000
1764075767496044121,2025-11-25 18:32:47.493,0.429376,0.588578,100.965218,0.014209,0.009001,0.976455,0.081938,0.140737,9.736920,0.000814,0.010932,0.006627,-0.357278,0.620316,-1.197736,100299.0000
1764075767596359861,2025-11-25 18:32:47.593,0.441486,0.539088,100.946350,0.010436,0.010860,0.977385,0.113482,0.086615,9.816970,0.005699,0.003430,0.002466,-0.356810,0.618398,-1.198195,100300.0000
1764075767696221398,2025-11-25 18:32:47.692,0.436169,0.542815,100.927711,0.008748,0.011887,0.978969,0.066983,0.176374,9.772696,-0.002805,-0.007125,0.004794,-0.357766,0.617469,-1.196721,100305.0000
1764075767796815954,2025-11-25 18:32:47.793,0.415482,0.589059,100.906296,0.010497,0.011073,0.979953,0.146677,0.019609,9.825724,0.003137,-0.007704,0.005249,-0.357280,0.618426,-1.196743,100305.0000
1764075767896587546,2025-11-25 18:32:47.892,0.397227,0.651711,100.877075,0.014165,0.008889,0.978696,0.117642,0.128651,9.751426,0.000868,-0.009043,0.009536,-0.358714,0.617972,-1.195271,100305.0000
1764075767996510250,2025-11-25 18:32:47.992,0.401002,0.689044,100.852661,0.016869,0.007124,0.977653,0.197934,0.015028,9.789515,0.010332,-0.003947,0.002765,-0.358713,0.618918,-1.195767,100309.0000
1764075768096161342,2025-11-25 18:32:48.092,0.433329,0.698807,100.832809,0.017773,0.008722,0.977075,0.151823,0.181858,9.746903,0.006592,0.001651,0.007045,-0.358725,0.618887,-1.197211,100301.0000
1764075768196844583,2025-11-25 18:32:48.193,0.466604,0.682082,100.825394,0.016918,0.011784,0.978451,0.194542,0.071311,9.813769,0.003643,0.002929,-0.001982,-0.356792,0.619861,-1.196772,100308.0000
1764075768297062731,2025-11-25 18:32:48.292,0.467627,0.653668,100.817619,0.015468,0.014107,0.979741,0.109410,0.227607,9.787017,-0.001639,0.002274,0.005101,-0.357761,0.620782,-1.198217,100305.0000
1764075768396579972,2025-11-25 18:32:48.393,0.431721,0.624817,100.813637,0.014551,0.012986,0.980298,0.191694,0.037574,9.806141,-0.006550,0.004365,-0.000630,-0.358240,0.620312,-1.197721,100311.0000
1764075768497376305,2025-11-25 18:32:48.493,0.394389,0.599909,100.814896,0.013965,0.009092,0.979285,0.109204,0.139065,9.770411,-0.005518,0.005933,0.001391,-0.357280,0.619839,-1.197728,100305.0000
1764075768596328324,2025-11-25 18:32:48.593,0.386264,0.582747,100.815079,0.013053,0.005288,0.977650,0.155084,-0.039567,9.769033,0.005730,-0.001063,-0.003700,-0.353894,0.621318,-1.196356,100307.0000
1764075768695720175,2025-11-25 18:32:48.692,0.412561,0.581572,100.813568,0.012035,0.006146,0.976298,0.088729,0.177064,9.765428,0.002763,-0.002430,0.001414,-0.355353,0.618913,-1.196779,100307.0000
1764075768796496768,2025-11-25 18:32:48.793,0.462438,0.607503,100.807343,0.011423,0.009469,0.977120,0.152541,0.012776,9.785520,0.010927,-0.006431,0.000591,-0.357795,0.617865,-1.200580,100301.0000
1764075768896082768,2025-11-25 18:32:48.893,0.493655,0.647627,100.801521,0.012634,0.014252,0.978814,0.111495,0.236231,9.806026,0.000757,-0.010378,0.002273,-0.357775,0.617916,-1.198173,100308.0000
1764075768997119842,2025-11-25 18:32:48.993,0.485036,0.690058,100.803223,0.015871,0.014387,0.980178,0.184401,0.054857,9.801173,-0.000837,-0.004868,-0.002043,-0.356812,0.618865,-1.198684,100305.0000
1764075769095686749,2025-11-25 18:32:49.093,0.441954,0.700036,100.813942,0.017831,0.011735,0.980230,0.171239,0.156432,9.817887,-0.007351,0.000804,-0.001916,-0.358242,0.618422,-1.196729,100308.0000
1764075769196915638,2025-11-25 18:32:49.193,0.404988,0.678173,100.822990,0.018113,0.008019,0.979049,0.183100,-0.038244,9.780817,-0.003806,0.005142,0.003363,-0.358732,0.621225,-1.199654,100298.0000
1764075769295845842,2025-11-25 18:32:49.292,0.397745,0.633257,100.826653,0.015868,0.007235,0.978294,0.129845,0.144631,9.792780,0.005934,0.004249,-0.000698,-0.356310,0.619864,-1.196779,100303.0000
1764075769396577971,2025-11-25 18:32:49.393,0.418995,0.590761,100.827576,0.013462,0.007448,0.977532,0.116336,0.024789,9.752789,0.004337,0.004127,-0.000073,-0.356804,0.618886,-1.197721,100305.0000
1764075769496173267,2025-11-25 18:32:49.492,0.451008,0.572823,100.828651,0.010961,0.010339,0.977530,0.110746,0.186417,9.800988,0.011097,0.001304,-0.000814,-0.356788,0.619872,-1.196291,100303.0000
1764075769596109119,2025-11-25 18:32:49.593,0.476099,0.586293,100.838867,0.010962,0.010562,0.977971,0.131996,0.066767,9.772162,0.002067,-0.005028,0.001105,-0.359230,0.617878,-1.199596,100315.0000
1764075769696649897,2025-11-25 18:32:49.693,0.490504,0.624732,100.849472,0.011572,0.011903,0.978507,0.120894,0.181583,9.807673,0.004512,-0.009932,-0.001512,-0.359210,0.620288,-1.198670,100303.0000
1764075769796377249,2025-11-25 18:32:49.793,0.485664,0.675256,100.861443,0.013832,0.011022,0.979474,0.162854,0.044631,9.769235,-0.006714,-0.006882,-0.000619,-0.357765,0.618414,-1.197218,100305.0000
1764075769895983952,2025-11-25 18:32:49.892,0.467601,0.709541,100.872963,0.016398,0.011272,0.979665,0.164947,0.160509,9.814398,-0.004857,-0.005675,-0.005453,-0.358711,0.620808,-1.196759,100312.0000
1764075769996628026,2025-11-25 18:32:49.993,0.447642,0.707900,100.881256,0.018523,0.010073,0.979117,0.178318,0.042304,9.756448,-0.001783,0.007856,0.000736,-0.359696,0.619330,-1.198648,100299.0000
1764075770095483323,2025-11-25 18:32:50.092,0.439079,0.671559,100.889252,0.017882,0.009223,0.978276,0.181647,0.119835,9.796192,-0.000060,0.006979,-0.000929,-0.357771,0.617926,-1.197692,100306.0000
1764075770195678100,2025-11-25 18:32:50.193,0.449689,0.616014,100.903145,0.015096,0.008162,0.977453,0.115939,0.062149,9.744617,0.001575,0.010728,0.001279,-0.359205,0.619830,-1.197700,100300.0000
1764075770296347489,2025-11-25 18:32:50.293,0.461254,0.579043,100.925453,0.011461,0.009399,0.977734,0.109841,0.116061,9.814807,0.003617,0.003347,-0.004773,-0.360650,0.618879,-1.197182,100307.0000
1764075770396798785,2025-11-25 18:32:50.393,0.468531,0.587389,100.946701,0.009229,0.011133,0.978335,0.063518,0.102326,9.753519,0.001582,-0.005382,0.001921,-0.357777,0.618383,-1.198662,100309.0000
1764075770496327415,2025-11-25 18:32:50.493,0.463203,0.628280,100.964638,0.010977,0.011684,0.979635,0.147984,0.135136,9.829464,-0.002823,-0.010026,-0.005498,-0.356790,0.619394,-1.196284,100305.0000
1764075770597059415,2025-11-25 18:32:50.593,0.449847,0.680397,100.975998,0.014917,0.010087,0.979213,0.149943,0.083830,9.762318,0.000005,-0.007431,-0.000367,-0.359213,0.617452,-1.197182,100307.0000
1764075770696106285,2025-11-25 18:32:50.693,0.444759,0.702427,100.990883,0.017562,0.008646,0.978645,0.227072,0.061698,9.815564,-0.001144,-0.000617,-0.004090,-0.359194,0.619861,-1.196256,100307.0000
1764075770796585767,2025-11-25 18:32:50.793,0.457265,0.689895,101.006516,0.016774,0.008165,0.977369,0.123802,0.093891,9.730984,0.006863,0.003872,0.002347,-0.360179,0.618382,-1.198145,100307.0000
1764075770896137452,2025-11-25 18:32:50.893,0.481858,0.664141,101.027840,0.014695,0.010105,0.977946,0.175514,0.110657,9.813836,0.001322,0.002969,-0.003216,-0.360198,0.615974,-1.199071,100302.0000
1764075770995950878,2025-11-25 18:32:50.993,0.499696,0.650750,101.046394,0.012957,0.011695,0.978527,0.100838,0.151420,9.746796,0.000320,0.000046,-0.000753,-0.359709,0.615996,-1.198115,100306.0000
1764075771095590729,2025-11-25 18:32:51.093,0.491799,0.654119,101.067108,0.013758,0.012257,0.979364,0.167257,0.075139,9.818210,-0.004439,-0.000177,-0.005608,-0.358744,0.617424,-1.198633,100304.0000
1764075771195973137,2025-11-25 18:32:51.193,0.472917,0.655678,101.088982,0.014922,0.010473,0.979114,0.137233,0.132624,9.761742,-0.002441,0.001537,0.000093,-0.359224,0.616009,-1.197641,100304.0000
1764075771296283766,2025-11-25 18:32:51.293,0.456668,0.641980,101.115639,0.015439,0.008520,0.978329,0.178878,0.041916,9.797409,0.001351,0.002063,-0.008510,-0.360658,0.617913,-1.197649,100305.0000
1764075771396695026,2025-11-25 18:32:51.393,0.464047,0.628031,101.141022,0.013338,0.008194,0.977573,0.066891,0.141272,9.744227,-0.000541,0.006095,0.000601,-0.360674,0.615514,-1.198094,100309.0000
1764075771496161285,2025-11-25 18:32:51.493,0.479825,0.633386,101.160828,0.011312,0.009560,0.977958,0.130352,0.064274,9.805707,0.005857,-0.003528,-0.004405,-0.359228,0.615998,-1.198123,100308.0000
1764075771596319081,2025-11-25 18:32:51.593,0.494791,0.665084,101.174011,0.011650,0.010632,0.978071,0.121557,0.175627,9.767091,0.004761,-0.006497,-0.000809,-0.361141,0.616021,-1.196650,100305.0000
1764075771697542803,2025-11-25 18:32:51.693,0.505067,0.707313,101.185844,0.014673,0.010579,0.978637,0.220742,0.051759,9.805348,0.006732,-0.008561,-0.003412,-0.361149,0.618358,-1.199094,100307.0000
1764075771795995507,2025-11-25 18:32:51.793,0.512648,0.728159,101.208961,0.017371,0.009432,0.978475,0.159591,0.156580,9.769361,-0.000059,-0.002205,-0.003507,-0.362104,0.613658,-1.195155,100301.0000
1764075771895930729,2025-11-25 18:32:51.893,0.519684,0.708871,101.240013,0.018111,0.009588,0.979080,0.188030,0.022861,9.812207,-0.000206,0.008100,-0.007160,-0.363564,0.616436,-1.199028,100303.0000
1764075771995977618,2025-11-25 18:32:51.993,0.521972,0.664797,101.269608,0.015596,0.011407,0.979254,0.096069,0.178795,9.789474,-0.001030,0.011136,-0.001341,-0.361158,0.616447,-1.199064,100313.0000
1764075772096123136,2025-11-25 18:32:52.092,0.509881,0.625564,101.293709,0.013189,0.012371,0.979616,0.143821,0.015317,9.808895,-0.003047,0.005853,-0.006914,-0.361650,0.615002,-1.199516,100305.0000
1764075772196224951,2025-11-25 18:32:52.193,0.488381,0.613608,101.311142,0.011380,0.011120,0.978734,0.084193,0.180654,9.766205,-0.002435,-0.000374,-0.000281,-0.364052,0.615001,-1.199000,100304.0000
1764075772296819118,2025-11-25 18:32:52.293,0.469132,0.624096,101.335770,0.011764,0.007716,0.977241,0.161520,-0.017158,9.766189,-0.004425,-0.003593,-0.006476,-0.360196,0.614094,-1.197598,100310.0000
1764075772396221951,2025-11-25 18:32:52.393,0.479977,0.646588,101.363243,0.013087,0.005913,0.976479,0.112938,0.128960,9.766026,0.008042,-0.004906,-0.002120,-0.365009,0.614540,-1.198015,100314.0000
1764075772497400692,2025-11-25 18:32:52.492,0.523049,0.677990,101.389786,0.013292,0.007026,0.977192,0.162410,-0.004849,9.799232,0.009409,-0.004237,-0.001909,-0.362605,0.612660,-1.197059,100307.0000
1764075772596244099,2025-11-25 18:32:52.593,0.562280,0.706756,101.412712,0.014425,0.011876,0.979108,0.151381,0.212401,9.798332,0.006669,-0.006512,-0.001337,-0.359233,0.612685,-1.196627,100301.0000
1764075772695850210,2025-11-25 18:32:52.693,0.571293,0.726683,101.433929,0.016127,0.014185,0.980461,0.188434,0.067560,9.800200,-0.005043,0.003882,-0.002825,-0.364053,0.614056,-1.198503,100311.0000
1764075772796189580,2025-11-25 18:32:52.793,0.545432,0.718780,101.458939,0.017129,0.014000,0.980333,0.154390,0.204662,9.806054,-0.004744,0.001994,-0.004377,-0.364056,0.611221,-1.197015,100304.0000
1764075772895724543,2025-11-25 18:32:52.893,0.508023,0.684544,101.484520,0.016661,0.010220,0.978905,0.150454,0.008606,9.755657,-0.007932,0.008650,-0.004417,-0.364065,0.613080,-1.199451,100303.0000
1764075772997269265,2025-11-25 18:32:52.993,0.493095,0.639392,101.512962,0.014187,0.007579,0.977094,0.121368,0.139454,9.773972,-0.001127,0.007119,-0.004594,-0.364998,0.613625,-1.196075,100306.0000
1764075773095667747,2025-11-25 18:32:53.092,0.499820,0.614581,101.540291,0.011130,0.006925,0.977010,0.116447,0.000516,9.753443,-0.001035,0.001457,-0.004004,-0.363568,0.611711,-1.196548,100311.0000
1764075773196108821,2025-11-25 18:32:53.193,0.519596,0.631305,101.563652,0.010222,0.009081,0.977922,0.111308,0.150474,9.803658,0.004332,-0.008421,-0.004696,-0.363568,0.612656,-1.197044,100303.0000
1764075773296337784,2025-11-25 18:32:53.293,0.534995,0.670720,101.584366,0.012482,0.010354,0.979193,0.137983,0.038476,9.783745,-0.000397,-0.007596,-0.002175,-0.363569,0.610766,-1.196052,100310.0000
1764075773396521728,2025-11-25 18:32:53.392,0.550395,0.704666,101.606506,0.015297,0.010570,0.979357,0.177299,0.150855,9.818881,0.002409,-0.006299,-0.004879,-0.364524,0.610781,-1.195075,100305.0000
1764075773496147950,2025-11-25 18:32:53.493,0.559740,0.711838,101.637405,0.016818,0.009412,0.978490,0.182387,0.013937,9.765933,0.005581,0.002066,0.000051,-0.362611,0.613117,-1.198029,100312.0000
1764075773596241839,2025-11-25 18:32:53.593,0.570050,0.704226,101.667557,0.015470,0.010633,0.978191,0.130809,0.190999,9.786386,0.003889,0.001621,-0.006018,-0.365521,0.610685,-1.199394,100301.0000
1764075773696661617,2025-11-25 18:32:53.693,0.570264,0.687435,101.694000,0.013523,0.011337,0.978096,0.119036,0.066397,9.747852,-0.001665,-0.000386,-0.000244,-0.364551,0.610710,-1.198445,100304.0000
1764075773796333987,2025-11-25 18:32:53.793,0.564455,0.688078,101.712639,0.013064,0.012264,0.979060,0.143007,0.160139,9.820186,0.001270,-0.003274,-0.005259,-0.364055,0.612166,-1.197511,100306.0000
1764075773895866765,2025-11-25 18:32:53.892,0.546530,0.697131,101.732132,0.014433,0.010207,0.979075,0.153607,0.042084,9.753055,-0.009346,0.001902,-0.000609,-0.369344,0.613565,-1.197936,100309.0000
1764075773996260802,2025-11-25 18:32:53.992,0.532194,0.691419,101.763031,0.015414,0.008649,0.978756,0.179807,0.122355,9.803443,0.000794,0.001301,-0.006869,-0.365500,0.612627,-1.197979,100309.0000
1764075774095476117,2025-11-25 18:32:54.092,0.537329,0.671382,101.795219,0.015366,0.007183,0.977986,0.136702,0.028338,9.727360,-0.000781,0.003261,-0.003279,-0.370320,0.609282,-1.196893,100311.0000
1764075774195908728,2025-11-25 18:32:54.192,0.561172,0.650031,101.824966,0.012995,0.008839,0.977839,0.152818,0.125602,9.800653,0.006673,0.002622,-0.004978,-0.365509,0.610716,-1.197949,100307.0000
1764075774296078524,2025-11-25 18:32:54.293,0.585101,0.650858,101.848328,0.010925,0.009562,0.977897,0.086748,0.070414,9.756497,-0.000493,-0.003189,0.002453,-0.366018,0.608285,-1.199831,100314.0000
1764075774396438116,2025-11-25 18:32:54.393,0.597270,0.680982,101.867477,0.011506,0.011440,0.978336,0.153171,0.134230,9.803246,0.002789,-0.005345,-0.007791,-0.364546,0.609308,-1.196979,100304.0000
1764075774496423839,2025-11-25 18:32:54.493,0.608974,0.722926,101.884697,0.013292,0.011164,0.978939,0.139637,0.092195,9.753369,0.005079,-0.006989,0.000018,-0.366473,0.608822,-1.196943,100307.0000
1764075774596153431,2025-11-25 18:32:54.593,0.614296,0.753120,101.906120,0.016095,0.010921,0.979355,0.202390,0.118704,9.824708,-0.000688,-0.003520,-0.005531,-0.367441,0.607862,-1.196914,100310.0000
1764075774696980098,2025-11-25 18:32:54.693,0.611640,0.751399,101.933502,0.018113,0.011098,0.979045,0.157480,0.099176,9.756119,0.004963,0.005953,-0.000503,-0.368870,0.609776,-1.196441,100304.0000
1764075774796154320,2025-11-25 18:32:54.793,0.594851,0.717477,101.962975,0.017404,0.011416,0.978906,0.204988,0.105914,9.807016,0.000770,0.006519,-0.005007,-0.369833,0.609772,-1.196427,100303.0000
1764075774896201912,2025-11-25 18:32:54.893,0.571459,0.666752,101.992790,0.015292,0.009762,0.978154,0.110293,0.084220,9.738700,-0.000733,0.012278,0.000323,-0.367923,0.608327,-1.197396,100311.0000
1764075774996007986,2025-11-25 18:32:54.992,0.562808,0.624177,102.022301,0.012127,0.007822,0.977542,0.126291,0.064131,9.798231,-0.004961,0.003581,-0.006442,-0.369820,0.610747,-1.195478,100305.0000
1764075775095404894,2025-11-25 18:32:55.092,0.575073,0.612920,102.052132,0.009613,0.006643,0.977330,0.067837,0.096111,9.747948,0.003810,-0.000985,-0.003952,-0.369366,0.609266,-1.197870,100301.0000
1764075775196292301,2025-11-25 18:32:55.193,0.611364,0.648156,102.075371,0.009059,0.008128,0.977947,0.144653,0.083405,9.818049,0.007831,-0.010818,-0.008396,-0.367947,0.605908,-1.198803,100307.0000
1764075775296317579,2025-11-25 18:32:55.293,0.651776,0.708399,102.097748,0.011797,0.011956,0.978919,0.114149,0.191006,9.761002,-0.000827,-0.011875,-0.000512,-0.369374,0.608300,-1.198337,100306.0000
1764075775396317653,2025-11-25 18:32:55.393,0.665042,0.762251,102.122116,0.016089,0.013721,0.979799,0.232270,0.096793,9.827739,0.002345,-0.006128,-0.007620,-0.370332,0.606893,-1.196857,100306.0000
1764075775496299338,2025-11-25 18:32:55.493,0.646918,0.781827,102.149498,0.019224,0.013346,0.979440,0.149197,0.162692,9.751786,-0.008045,0.000981,-0.003903,-0.368883,0.605030,-1.194924,100314.0000
1764075775596181782,2025-11-25 18:32:55.593,0.610096,0.747379,102.183990,0.018745,0.010116,0.978753,0.193251,0.018286,9.815080,-0.002996,0.006795,-0.008197,-0.369846,0.607851,-1.196879,100306.0000
1764075775696436042,2025-11-25 18:32:55.693,0.584496,0.685083,102.218872,0.015165,0.008359,0.977664,-0.007745,0.301249,9.763638,-0.006405,0.012582,-0.007381,-0.371783,0.605454,-1.196814,100314.0000
1764075775796606097,2025-11-25 18:32:55.793,0.584913,0.627508,102.247177,0.011845,0.006462,0.977668,0.123556,-0.034839,9.797198,0.005060,0.008371,-0.006337,-0.369356,0.607406,-1.195434,100318.0000
1764075775896551041,2025-11-25 18:32:55.893,0.611496,0.603593,102.267853,0.009360,0.007901,0.977798,0.041131,0.167432,9.760897,0.003492,0.000369,-0.005075,-0.367930,0.605481,-1.196389,100305.0000
1764075775996438227,2025-11-25 18:32:55.993,0.646719,0.620870,102.293304,0.010738,0.009757,0.978558,0.164950,0.045158,9.804772,0.008314,-0.006457,-0.005155,-0.371801,0.604935,-1.198732,100308.0000
1764075776095521004,2025-11-25 18:32:56.092,0.675909,0.660661,102.324615,0.012042,0.011419,0.978896,0.111424,0.211183,9.782570,0.001237,-0.002698,-0.004172,-0.371311,0.603545,-1.196791,100306.0000
1764075776196170023,2025-11-25 18:32:56.193,0.688682,0.701298,102.355530,0.013928,0.012040,0.979008,0.181433,0.072344,9.787155,0.007984,-0.005533,-0.003533,-0.370353,0.604952,-1.198272,100306.0000
1764075776296417634,2025-11-25 18:32:56.293,0.673342,0.729169,102.382172,0.015412,0.012438,0.978413,0.173511,0.167636,9.765139,-0.007803,-0.005405,-0.003704,-0.374195,0.604955,-1.197252,100309.0000
1764075776397484986,2025-11-25 18:32:56.393,0.648703,0.735778,102.404243,0.016341,0.010215,0.977985,0.187283,-0.002636,9.789016,-0.002493,-0.002217,0.001282,-0.371306,0.604501,-1.196806,100305.0000
1764075776496989023,2025-11-25 18:32:56.492,0.629001,0.720310,102.429276,0.016817,0.008707,0.977962,0.111559,0.180547,9.786472,-0.004247,0.003021,-0.002728,-0.372260,0.603104,-1.194845,100307.0000
1764075776595674634,2025-11-25 18:32:56.593,0.636590,0.687212,102.459244,0.016114,0.007150,0.978167,0.168975,0.005940,9.773058,0.003666,0.007536,-0.004166,-0.374681,0.603998,-1.197230,100306.0000
1764075776696283059,2025-11-25 18:32:56.693,0.661707,0.650527,102.495529,0.013746,0.008151,0.978805,0.087845,0.145429,9.800808,0.005682,0.006564,-0.009659,-0.372756,0.604006,-1.197259,100306.0000
1764075776796444133,2025-11-25 18:32:56.793,0.692658,0.629241,102.528587,0.011731,0.009957,0.979798,0.070894,0.019363,9.778039,0.004888,0.005729,-0.002650,-0.373227,0.604502,-1.196296,100301.0000
1764075776896676263,2025-11-25 18:32:56.893,0.704637,0.624405,102.552101,0.011612,0.012618,0.979549,0.117459,0.157361,9.819942,0.003922,0.000236,-0.003555,-0.371325,0.603037,-1.198228,100307.0000
1764075776997033096,2025-11-25 18:32:56.993,0.695172,0.636968,102.571106,0.011454,0.012223,0.978479,0.114221,0.020607,9.755526,-0.005687,-0.001414,-0.001535,-0.374205,0.602099,-1.196727,100310.0000
1764075777095739467,2025-11-25 18:32:57.093,0.672717,0.659898,102.589081,0.012269,0.010611,0.977152,0.116402,0.175321,9.793865,-0.001331,-0.007826,-0.005973,-0.373734,0.603961,-1.199170,100309.0000
1764075777196152893,2025-11-25 18:32:57.192,0.658698,0.687685,102.611900,0.012869,0.008183,0.976630,0.137433,0.024988,9.739722,-0.003261,-0.008761,-0.000859,-0.376125,0.603046,-1.196713,100307.0000
1764075777296070967,2025-11-25 18:32:57.293,0.668195,0.712657,102.641922,0.014099,0.007812,0.977564,0.192359,0.135129,9.813195,0.005012,-0.005263,-0.005681,-0.373727,0.603036,-1.197711,100306.0000
1764075777396069818,2025-11-25 18:32:57.393,0.694860,0.728219,102.662605,0.014655,0.008776,0.979159,0.154063,0.054253,9.780036,0.003085,-0.002675,0.000698,-0.373248,0.602561,-1.197711,100307.0000
1764075777496672022,2025-11-25 18:32:57.492,0.719765,0.728863,102.675423,0.015202,0.011208,0.980191,0.183374,0.166645,9.820891,0.001403,0.001380,-0.004684,-0.374234,0.602495,-1.200585,100311.0000
1764075777596623392,2025-11-25 18:32:57.593,0.726138,0.710194,102.680244,0.015768,0.011884,0.980231,0.121868,0.053439,9.739964,-0.001563,0.007753,0.007718,-0.373719,0.601644,-1.195764,100307.0000
1764075777696778466,2025-11-25 18:32:57.693,0.713910,0.678908,102.689293,0.014913,0.011726,0.979052,0.155534,0.177809,9.812485,-0.001546,0.004093,-0.004470,-0.375642,0.602581,-1.196231,100301.0000
1764075777796054096,2025-11-25 18:32:57.793,0.695438,0.646691,102.702072,0.012548,0.009630,0.977728,0.075318,0.079465,9.735965,0.002601,0.003765,0.001111,-0.371819,0.602059,-1.199169,100308.0000
1764075777897396762,2025-11-25 18:32:57.893,0.690170,0.638238,102.720116,0.010848,0.008850,0.976903,0.092925,0.132784,9.782988,-0.005341,-0.005727,-0.005048,-0.374683,0.603520,-1.197223,100311.0000
1764075777996331040,2025-11-25 18:32:57.993,0.694900,0.658954,102.736763,0.010569,0.008720,0.976851,0.074386,-0.029017,9.738366,0.004431,-0.006271,0.002370,-0.375667,0.601574,-1.198624,100309.0000
1764075778095510410,2025-11-25 18:32:58.093,0.710824,0.691762,102.742485,0.012328,0.009060,0.978276,0.182648,0.051651,9.833090,0.003860,-0.007421,0.000521,-0.376150,0.601094,-1.198609,100305.0000
1764075778196016466,2025-11-25 18:32:58.192,0.732843,0.722736,102.741783,0.014533,0.009781,0.979230,0.156503,0.084495,9.771051,0.004677,-0.006674,0.006014,-0.377579,0.602541,-1.197647,100309.0000
1764075778296528540,2025-11-25 18:32:58.293,0.746483,0.740557,102.750900,0.016122,0.010311,0.979917,0.175953,0.114631,9.819291,0.004064,-0.004929,-0.004509,-0.374704,0.599221,-1.197157,100311.0000
1764075778396221466,2025-11-25 18:32:58.393,0.748364,0.737292,102.759026,0.016430,0.011060,0.979796,0.119035,0.142813,9.763168,-0.003734,0.003579,0.000388,-0.375648,0.600680,-1.195721,100305.0000
1764075778496596818,2025-11-25 18:32:58.493,0.739589,0.718652,102.774841,0.015291,0.010579,0.978780,0.168577,0.042973,9.813067,0.004078,0.002098,-0.004004,-0.371324,0.602569,-1.197740,100303.0000
1764075778596754818,2025-11-25 18:32:58.592,0.729382,0.696398,102.792084,0.014009,0.010356,0.977964,0.107003,0.169975,9.739263,0.000333,0.000422,0.000088,-0.374214,0.602546,-1.198178,100309.0000
1764075778696338355,2025-11-25 18:32:58.693,0.727279,0.681172,102.812988,0.012580,0.009856,0.977134,0.140810,0.035302,9.807380,0.003357,0.003405,-0.005303,-0.375175,0.600662,-1.196690,100306.0000
1764075778795505799,2025-11-25 18:32:58.793,0.731101,0.679147,102.829483,0.011905,0.009421,0.977413,0.085535,0.139259,9.755949,-0.002279,-0.001320,-0.002266,-0.373720,0.600699,-1.195268,100309.0000
1764075778895389317,2025-11-25 18:32:58.892,0.745248,0.680809,102.836197,0.012674,0.009350,0.978501,0.146889,0.047550,9.812195,0.004807,0.001879,-0.003953,-0.375183,0.598284,-1.196172,100307.0000
1764075778996482966,2025-11-25 18:32:58.993,0.757666,0.694864,102.843994,0.013195,0.010349,0.978743,0.105643,0.156671,9.767497,0.002558,-0.002128,0.002871,-0.373732,0.599723,-1.196216,100301.0000
1764075779096010595,2025-11-25 18:32:59.092,0.762017,0.712787,102.853386,0.013893,0.010181,0.979333,0.144947,0.049836,9.796406,-0.005367,-0.002486,-0.007133,-0.375666,0.600162,-1.197639,100307.0000
1764075779195815947,2025-11-25 18:32:59.193,0.760651,0.727467,102.869278,0.014820,0.010176,0.979005,0.149261,0.190169,9.778785,0.001340,-0.001145,0.000180,-0.376144,0.599225,-1.196655,100305.0000
1764075779296481373,2025-11-25 18:32:59.293,0.758963,0.730810,102.893097,0.014980,0.009594,0.979042,0.167725,0.011184,9.806496,0.000221,-0.000223,-0.004771,-0.376644,0.599172,-1.199054,100307.0000
1764075779396308206,2025-11-25 18:32:59.393,0.767741,0.721880,102.910431,0.014574,0.009837,0.978765,0.114444,0.179092,9.777717,0.006788,0.001295,0.002468,-0.377582,0.601118,-1.197144,100314.0000
1764075779496474984,2025-11-25 18:32:59.493,0.783449,0.699984,102.919540,0.014271,0.009801,0.978339,0.169538,0.054032,9.797195,0.004605,0.002862,-0.002450,-0.373727,0.600679,-1.196231,100310.0000
1764075779596353965,2025-11-25 18:32:59.593,0.795331,0.679105,102.923523,0.012845,0.011242,0.977401,0.078350,0.196760,9.753450,0.003249,0.001410,0.003036,-0.377619,0.596779,-1.199003,100305.0000
1764075779696245095,2025-11-25 18:32:59.693,0.797024,0.668795,102.932388,0.012198,0.010794,0.977633,0.173620,-0.003062,9.808761,0.001487,0.001166,-0.003950,-0.376628,0.600157,-1.197625,100308.0000
1764075779795888095,2025-11-25 18:32:59.793,0.790958,0.672077,102.945366,0.011561,0.010274,0.978012,0.062843,0.145340,9.783869,0.000026,0.001716,-0.002774,-0.376163,0.597761,-1.198077,100301.0000
1764075779897149539,2025-11-25 18:32:59.893,0.784007,0.689585,102.961761,0.011519,0.009374,0.978742,0.147562,0.021204,9.792439,-0.005650,0.000308,-0.002904,-0.375179,0.599706,-1.196676,100304.0000
1764075779996302354,2025-11-25 18:32:59.993,0.776094,0.710769,102.977859,0.012807,0.009032,0.978793,0.045184,0.194829,9.744404,0.001785,-0.002264,0.002211,-0.377612,0.598212,-1.199025,100311.0000
1764075780095674502,2025-11-25 18:33:00.093,0.778598,0.726487,102.985817,0.014172,0.009060,0.979084,0.145233,-0.007169,9.790050,-0.000866,-0.000669,-0.000062,-0.376138,0.599712,-1.196180,100304.0000
1764075780196272446,2025-11-25 18:33:00.193,0.795470,0.729263,102.986298,0.015090,0.010128,0.979128,0.142979,0.169652,9.790205,0.004863,-0.004037,0.001880,-0.377115,0.598255,-1.197107,100311.0000
1764075780295964187,2025-11-25 18:33:00.293,0.819219,0.721313,102.985931,0.014626,0.009876,0.979801,0.183522,0.012739,9.812640,0.003940,0.003271,-0.001285,-0.373757,0.596359,-1.197128,100308.0000
1764075780396295094,2025-11-25 18:33:00.393,0.838529,0.691666,102.978043,0.013516,0.009801,0.979736,0.030145,0.158548,9.798936,0.006597,0.006148,0.004460,-0.375673,0.597316,-1.196632,100307.0000
1764075780495917279,2025-11-25 18:33:00.493,0.850697,0.647757,102.968002,0.010991,0.010119,0.978400,0.154251,0.014260,9.785726,0.000287,0.005483,0.003400,-0.373737,0.601126,-1.197682,100303.0000
1764075780598714372,2025-11-25 18:33:00.593,0.845977,0.622084,102.954674,0.009496,0.011626,0.976968,0.027936,0.244916,9.769081,-0.004141,0.003769,0.001049,-0.375677,0.600131,-1.199083,100305.0000
1764075780697039631,2025-11-25 18:33:00.693,0.835028,0.622966,102.933380,0.008681,0.010756,0.976567,0.060650,0.033410,9.741013,-0.003680,0.000416,0.004620,-0.375196,0.601078,-1.199586,100301.0000
1764075780800218316,2025-11-25 18:33:00.793,0.818422,0.647520,102.893951,0.009290,0.010205,0.977551,0.086770,0.175667,9.788541,-0.002092,-0.007046,0.007957,-0.375661,0.601117,-1.197653,100316.0000
1764075780896204594,2025-11-25 18:33:00.893,0.810833,0.678251,102.846725,0.010593,0.008413,0.978976,0.120470,-0.035214,9.763421,0.002356,-0.005493,0.009163,-0.375214,0.598202,-1.200024,100309.0000
1764075780996320316,2025-11-25 18:33:00.992,0.820989,0.725969,102.791489,0.012380,0.009043,0.980082,0.099140,0.124192,9.823504,0.001482,-0.011409,0.006693,-0.373262,0.602053,-1.199148,100307.0000
1764075781095639372,2025-11-25 18:33:01.092,0.835143,0.782396,102.743286,0.014928,0.009126,0.979566,0.165166,-0.013631,9.793300,-0.001994,-0.008940,0.009523,-0.376138,0.602070,-1.197661,100307.0000
1764075781195743112,2025-11-25 18:33:01.193,0.839463,0.821361,102.704971,0.017612,0.010999,0.978526,0.166576,0.223318,9.779384,0.001795,-0.004226,0.007156,-0.374676,0.602595,-1.195764,100313.0000
1764075781295944594,2025-11-25 18:33:01.293,0.835071,0.824566,102.676613,0.018532,0.010202,0.978068,0.234253,0.007388,9.793203,-0.001451,0.001115,0.002730,-0.375636,0.601656,-1.194773,100310.0000
1764075781396011057,2025-11-25 18:33:01.392,0.837747,0.791705,102.649361,0.017530,0.009527,0.978149,0.149412,0.190379,9.788465,0.002984,0.004273,0.007713,-0.374208,0.601622,-1.196720,100303.0000
1764075781496129445,2025-11-25 18:33:01.493,0.849312,0.745599,102.622238,0.015357,0.009074,0.978999,0.169337,0.022557,9.782370,0.004681,0.008109,0.003837,-0.372763,0.602573,-1.197237,100305.0000
1764075781596198353,2025-11-25 18:33:01.593,0.863716,0.701945,102.597878,0.012832,0.010948,0.979137,0.081151,0.191781,9.780155,0.003237,0.003397,0.004395,-0.373237,0.604004,-1.197252,100303.0000
1764075781697007686,2025-11-25 18:33:01.693,0.867637,0.680561,102.581123,0.011582,0.011371,0.978912,0.119920,0.037760,9.775387,-0.000521,0.001883,0.004127,-0.372305,0.601102,-1.199147,100303.0000
1764075781796357427,2025-11-25 18:33:01.793,0.859958,0.688694,102.566238,0.011153,0.011747,0.978049,0.100468,0.209416,9.773160,0.001173,-0.004755,0.001175,-0.373248,0.602561,-1.197711,100303.0000
1764075781896711260,2025-11-25 18:33:01.893,0.846454,0.716156,102.551651,0.012400,0.009839,0.977927,0.166950,0.002761,9.795896,-0.006443,-0.006161,0.002689,-0.371782,0.604041,-1.195829,100311.0000
1764075781997516779,2025-11-25 18:33:01.993,0.834636,0.748342,102.546555,0.013988,0.008884,0.977960,0.133623,0.167675,9.777203,0.000823,-0.005877,0.000611,-0.371323,0.603515,-1.198236,100306.0000
1764075782095656464,2025-11-25 18:33:02.092,0.835193,0.770318,102.542877,0.015018,0.007818,0.978010,0.173431,-0.008423,9.775647,0.002855,-0.003425,0.003440,-0.376611,0.605859,-1.199157,100305.0000
1764075782196905297,2025-11-25 18:33:02.193,0.848819,0.779705,102.539940,0.015030,0.008885,0.978307,0.127385,0.185164,9.792797,0.006438,-0.001381,0.001429,-0.372752,0.602604,-1.195793,100304.0000
1764075782296413130,2025-11-25 18:33:02.293,0.873937,0.781390,102.538040,0.015059,0.009783,0.978979,0.154603,0.011026,9.773600,0.007349,0.004340,0.003091,-0.374681,0.605410,-1.198215,100311.0000
1764075782396327371,2025-11-25 18:33:02.393,0.896096,0.777804,102.535332,0.015166,0.011470,0.979209,0.143434,0.194977,9.814611,0.001969,0.001515,0.001358,-0.371788,0.603553,-1.196303,100307.0000
1764075782496071315,2025-11-25 18:33:02.493,0.900498,0.769427,102.535522,0.015278,0.011771,0.979673,0.159191,0.040492,9.792782,0.003654,0.004408,0.004373,-0.370853,0.602074,-1.198702,100314.0000
1764075782596827963,2025-11-25 18:33:02.593,0.889879,0.747816,102.538437,0.015012,0.011882,0.979120,0.156820,0.167809,9.802509,-0.000303,0.006412,-0.003582,-0.372756,0.602594,-1.196274,100304.0000
1764075782695816445,2025-11-25 18:33:02.693,0.870576,0.723206,102.544884,0.014406,0.009879,0.978509,0.165328,0.019839,9.770999,-0.000166,0.006826,0.003936,-0.371798,0.601643,-1.196274,100308.0000
1764075782795966815,2025-11-25 18:33:02.792,0.858737,0.706476,102.562790,0.013577,0.009665,0.977823,0.110795,0.169470,9.787653,-0.002085,0.001868,-0.006404,-0.372762,0.602106,-1.196748,100303.0000
